dataset,video_id,source_file,start_frame,end_frame,label,y_true,y_pred,fall_probability
ur-blazepose,ur-blazepose::adl-06-cam0-rgb,data/keypoints_ur_blazepose/adl/adl-06-cam0-rgb.npz,1,30,0,0,0,0.004985121
ur-blazepose,ur-blazepose::adl-06-cam0-rgb,data/keypoints_ur_blazepose/adl/adl-06-cam0-rgb.npz,7,36,0,0,0,0.0058244057
ur-blazepose,ur-blazepose::adl-06-cam0-rgb,data/keypoints_ur_blazepose/adl/adl-06-cam0-rgb.npz,13,42,0,0,0,0.007630704
ur-blazepose,ur-blazepose::adl-06-cam0-rgb,data/keypoints_ur_blazepose/adl/adl-06-cam0-rgb.npz,19,48,0,0,0,0.008996497
ur-blazepose,ur-blazepose::adl-06-cam0-rgb,data/keypoints_ur_blazepose/adl/adl-06-cam0-rgb.npz,25,54,0,0,0,0.010921271
ur-blazepose,ur-blazepose::adl-06-cam0-rgb,data/keypoints_ur_blazepose/adl/adl-06-cam0-rgb.npz,31,60,0,0,0,0.010750248
ur-blazepose,ur-blazepose::adl-06-cam0-rgb,data/keypoints_ur_blazepose/adl/adl-06-cam0-rgb.npz,37,66,0,0,0,0.010105268
ur-blazepose,ur-blazepose::adl-06-cam0-rgb,data/keypoints_ur_blazepose/adl/adl-06-cam0-rgb.npz,43,72,0,0,0,0.010681018
ur-blazepose,ur-blazepose::adl-06-cam0-rgb,data/keypoints_ur_blazepose/adl/adl-06-cam0-rgb.npz,49,78,0,0,0,0.013699848
ur-blazepose,ur-blazepose::adl-06-cam0-rgb,data/keypoints_ur_blazepose/adl/adl-06-cam0-rgb.npz,55,84,0,0,0,0.017004643
ur-blazepose,ur-blazepose::adl-06-cam0-rgb,data/keypoints_ur_blazepose/adl/adl-06-cam0-rgb.npz,61,90,0,0,0,0.019740516
ur-blazepose,ur-blazepose::adl-06-cam0-rgb,data/keypoints_ur_blazepose/adl/adl-06-cam0-rgb.npz,67,96,0,0,0,0.02413354
ur-blazepose,ur-blazepose::adl-06-cam0-rgb,data/keypoints_ur_blazepose/adl/adl-06-cam0-rgb.npz,73,102,0,0,0,0.02702487
ur-blazepose,ur-blazepose::adl-06-cam0-rgb,data/keypoints_ur_blazepose/adl/adl-06-cam0-rgb.npz,79,108,0,0,0,0.027175106
ur-blazepose,ur-blazepose::adl-06-cam0-rgb,data/keypoints_ur_blazepose/adl/adl-06-cam0-rgb.npz,85,114,0,0,0,0.03858932
ur-blazepose,ur-blazepose::adl-06-cam0-rgb,data/keypoints_ur_blazepose/adl/adl-06-cam0-rgb.npz,91,120,0,0,0,0.08262832
ur-blazepose,ur-blazepose::adl-06-cam0-rgb,data/keypoints_ur_blazepose/adl/adl-06-cam0-rgb.npz,97,126,0,0,0,0.09048371
ur-blazepose,ur-blazepose::adl-06-cam0-rgb,data/keypoints_ur_blazepose/adl/adl-06-cam0-rgb.npz,103,132,0,0,0,0.056751993
ur-blazepose,ur-blazepose::adl-06-cam0-rgb,data/keypoints_ur_blazepose/adl/adl-06-cam0-rgb.npz,109,138,0,0,0,0.06364147
ur-blazepose,ur-blazepose::adl-06-cam0-rgb,data/keypoints_ur_blazepose/adl/adl-06-cam0-rgb.npz,115,144,0,0,0,0.06787784
ur-blazepose,ur-blazepose::adl-06-cam0-rgb,data/keypoints_ur_blazepose/adl/adl-06-cam0-rgb.npz,121,150,0,0,0,0.05402703
ur-blazepose,ur-blazepose::adl-06-cam0-rgb,data/keypoints_ur_blazepose/adl/adl-06-cam0-rgb.npz,127,156,0,0,0,0.045288946
ur-blazepose,ur-blazepose::adl-06-cam0-rgb,data/keypoints_ur_blazepose/adl/adl-06-cam0-rgb.npz,133,162,0,0,0,0.060286876
ur-blazepose,ur-blazepose::adl-06-cam0-rgb,data/keypoints_ur_blazepose/adl/adl-06-cam0-rgb.npz,139,168,0,0,0,0.09638825
ur-blazepose,ur-blazepose::adl-06-cam0-rgb,data/keypoints_ur_blazepose/adl/adl-06-cam0-rgb.npz,145,174,0,0,0,0.16175601
ur-blazepose,ur-blazepose::adl-06-cam0-rgb,data/keypoints_ur_blazepose/adl/adl-06-cam0-rgb.npz,151,180,0,0,0,0.028750045
ur-blazepose,ur-blazepose::adl-06-cam0-rgb,data/keypoints_ur_blazepose/adl/adl-06-cam0-rgb.npz,157,186,0,0,0,0.009150813
ur-blazepose,ur-blazepose::adl-06-cam0-rgb,data/keypoints_ur_blazepose/adl/adl-06-cam0-rgb.npz,163,192,0,0,0,0.007824061
ur-blazepose,ur-blazepose::adl-06-cam0-rgb,data/keypoints_ur_blazepose/adl/adl-06-cam0-rgb.npz,169,198,0,0,0,0.004097148
ur-blazepose,ur-blazepose::adl-06-cam0-rgb,data/keypoints_ur_blazepose/adl/adl-06-cam0-rgb.npz,175,204,0,0,0,0.0071244296
ur-blazepose,ur-blazepose::adl-06-cam0-rgb,data/keypoints_ur_blazepose/adl/adl-06-cam0-rgb.npz,181,210,0,0,0,0.0058215484
ur-blazepose,ur-blazepose::adl-06-cam0-rgb,data/keypoints_ur_blazepose/adl/adl-06-cam0-rgb.npz,187,216,0,0,0,0.0057646553
ur-blazepose,ur-blazepose::adl-06-cam0-rgb,data/keypoints_ur_blazepose/adl/adl-06-cam0-rgb.npz,193,222,0,0,0,0.016181784
ur-blazepose,ur-blazepose::adl-06-cam0-rgb,data/keypoints_ur_blazepose/adl/adl-06-cam0-rgb.npz,199,228,0,0,0,0.006845913
ur-blazepose,ur-blazepose::adl-08-cam0-rgb,data/keypoints_ur_blazepose/adl/adl-08-cam0-rgb.npz,1,30,0,0,0,0.005597612
ur-blazepose,ur-blazepose::adl-08-cam0-rgb,data/keypoints_ur_blazepose/adl/adl-08-cam0-rgb.npz,7,36,0,0,0,0.0062623397
ur-blazepose,ur-blazepose::adl-08-cam0-rgb,data/keypoints_ur_blazepose/adl/adl-08-cam0-rgb.npz,13,42,0,0,0,0.007888423
ur-blazepose,ur-blazepose::adl-08-cam0-rgb,data/keypoints_ur_blazepose/adl/adl-08-cam0-rgb.npz,19,48,0,0,0,0.009638207
ur-blazepose,ur-blazepose::adl-08-cam0-rgb,data/keypoints_ur_blazepose/adl/adl-08-cam0-rgb.npz,25,54,0,0,0,0.01106011
ur-blazepose,ur-blazepose::adl-08-cam0-rgb,data/keypoints_ur_blazepose/adl/adl-08-cam0-rgb.npz,31,60,0,0,0,0.01327618
ur-blazepose,ur-blazepose::adl-08-cam0-rgb,data/keypoints_ur_blazepose/adl/adl-08-cam0-rgb.npz,37,66,0,0,0,0.015355959
ur-blazepose,ur-blazepose::adl-08-cam0-rgb,data/keypoints_ur_blazepose/adl/adl-08-cam0-rgb.npz,43,72,0,0,0,0.017942633
ur-blazepose,ur-blazepose::adl-08-cam0-rgb,data/keypoints_ur_blazepose/adl/adl-08-cam0-rgb.npz,49,78,0,0,0,0.02704952
ur-blazepose,ur-blazepose::adl-08-cam0-rgb,data/keypoints_ur_blazepose/adl/adl-08-cam0-rgb.npz,55,84,0,0,0,0.038851753
ur-blazepose,ur-blazepose::adl-08-cam0-rgb,data/keypoints_ur_blazepose/adl/adl-08-cam0-rgb.npz,61,90,0,0,0,0.036158733
ur-blazepose,ur-blazepose::adl-08-cam0-rgb,data/keypoints_ur_blazepose/adl/adl-08-cam0-rgb.npz,67,96,0,0,0,0.03631946
ur-blazepose,ur-blazepose::adl-08-cam0-rgb,data/keypoints_ur_blazepose/adl/adl-08-cam0-rgb.npz,73,102,0,0,0,0.026738534
ur-blazepose,ur-blazepose::adl-08-cam0-rgb,data/keypoints_ur_blazepose/adl/adl-08-cam0-rgb.npz,79,108,0,0,0,0.027778463
ur-blazepose,ur-blazepose::adl-08-cam0-rgb,data/keypoints_ur_blazepose/adl/adl-08-cam0-rgb.npz,85,114,0,0,0,0.045026295
ur-blazepose,ur-blazepose::adl-08-cam0-rgb,data/keypoints_ur_blazepose/adl/adl-08-cam0-rgb.npz,91,120,0,0,0,0.069593064
ur-blazepose,ur-blazepose::adl-08-cam0-rgb,data/keypoints_ur_blazepose/adl/adl-08-cam0-rgb.npz,97,126,0,0,0,0.10326002
ur-blazepose,ur-blazepose::adl-08-cam0-rgb,data/keypoints_ur_blazepose/adl/adl-08-cam0-rgb.npz,103,132,0,0,0,0.15428738
ur-blazepose,ur-blazepose::adl-08-cam0-rgb,data/keypoints_ur_blazepose/adl/adl-08-cam0-rgb.npz,109,138,0,0,0,0.2001159
ur-blazepose,ur-blazepose::adl-08-cam0-rgb,data/keypoints_ur_blazepose/adl/adl-08-cam0-rgb.npz,115,144,0,0,0,0.2222658
ur-blazepose,ur-blazepose::adl-08-cam0-rgb,data/keypoints_ur_blazepose/adl/adl-08-cam0-rgb.npz,121,150,0,0,0,0.21935734
ur-blazepose,ur-blazepose::adl-08-cam0-rgb,data/keypoints_ur_blazepose/adl/adl-08-cam0-rgb.npz,127,156,0,0,0,0.23427103
ur-blazepose,ur-blazepose::adl-08-cam0-rgb,data/keypoints_ur_blazepose/adl/adl-08-cam0-rgb.npz,133,162,0,0,0,0.24057709
ur-blazepose,ur-blazepose::adl-08-cam0-rgb,data/keypoints_ur_blazepose/adl/adl-08-cam0-rgb.npz,139,168,0,0,0,0.22673973
ur-blazepose,ur-blazepose::adl-08-cam0-rgb,data/keypoints_ur_blazepose/adl/adl-08-cam0-rgb.npz,145,174,0,0,0,0.21978863
ur-blazepose,ur-blazepose::adl-08-cam0-rgb,data/keypoints_ur_blazepose/adl/adl-08-cam0-rgb.npz,151,180,0,0,0,0.21683505
ur-blazepose,ur-blazepose::adl-13-cam0-rgb,data/keypoints_ur_blazepose/adl/adl-13-cam0-rgb.npz,49,78,0,0,0,0.0068389564
ur-blazepose,ur-blazepose::adl-13-cam0-rgb,data/keypoints_ur_blazepose/adl/adl-13-cam0-rgb.npz,55,84,0,0,0,0.006283387
ur-blazepose,ur-blazepose::adl-13-cam0-rgb,data/keypoints_ur_blazepose/adl/adl-13-cam0-rgb.npz,61,90,0,0,0,0.0067360126
ur-blazepose,ur-blazepose::adl-13-cam0-rgb,data/keypoints_ur_blazepose/adl/adl-13-cam0-rgb.npz,67,96,0,0,0,0.013920341
ur-blazepose,ur-blazepose::adl-13-cam0-rgb,data/keypoints_ur_blazepose/adl/adl-13-cam0-rgb.npz,73,102,0,0,0,0.006486798
ur-blazepose,ur-blazepose::adl-13-cam0-rgb,data/keypoints_ur_blazepose/adl/adl-13-cam0-rgb.npz,79,108,0,0,0,0.0067637353
ur-blazepose,ur-blazepose::adl-13-cam0-rgb,data/keypoints_ur_blazepose/adl/adl-13-cam0-rgb.npz,85,114,0,0,0,0.0070892386
ur-blazepose,ur-blazepose::adl-13-cam0-rgb,data/keypoints_ur_blazepose/adl/adl-13-cam0-rgb.npz,91,120,0,0,0,0.0067148907
ur-blazepose,ur-blazepose::adl-13-cam0-rgb,data/keypoints_ur_blazepose/adl/adl-13-cam0-rgb.npz,97,126,0,0,0,0.005927581
ur-blazepose,ur-blazepose::adl-13-cam0-rgb,data/keypoints_ur_blazepose/adl/adl-13-cam0-rgb.npz,103,132,0,0,0,0.00564338
ur-blazepose,ur-blazepose::adl-13-cam0-rgb,data/keypoints_ur_blazepose/adl/adl-13-cam0-rgb.npz,109,138,0,0,0,0.0057298443
ur-blazepose,ur-blazepose::adl-13-cam0-rgb,data/keypoints_ur_blazepose/adl/adl-13-cam0-rgb.npz,115,144,0,0,0,0.0059762783
ur-blazepose,ur-blazepose::adl-13-cam0-rgb,data/keypoints_ur_blazepose/adl/adl-13-cam0-rgb.npz,121,150,0,0,0,0.006191294
ur-blazepose,ur-blazepose::adl-13-cam0-rgb,data/keypoints_ur_blazepose/adl/adl-13-cam0-rgb.npz,127,156,0,0,0,0.006792325
ur-blazepose,ur-blazepose::adl-13-cam0-rgb,data/keypoints_ur_blazepose/adl/adl-13-cam0-rgb.npz,133,162,0,0,0,0.0070830756
ur-blazepose,ur-blazepose::adl-13-cam0-rgb,data/keypoints_ur_blazepose/adl/adl-13-cam0-rgb.npz,139,168,0,0,0,0.007861213
ur-blazepose,ur-blazepose::adl-13-cam0-rgb,data/keypoints_ur_blazepose/adl/adl-13-cam0-rgb.npz,145,174,0,0,0,0.011561902
ur-blazepose,ur-blazepose::adl-13-cam0-rgb,data/keypoints_ur_blazepose/adl/adl-13-cam0-rgb.npz,151,180,0,0,0,0.027783152
ur-blazepose,ur-blazepose::adl-13-cam0-rgb,data/keypoints_ur_blazepose/adl/adl-13-cam0-rgb.npz,157,186,0,0,0,0.085034475
ur-blazepose,ur-blazepose::adl-13-cam0-rgb,data/keypoints_ur_blazepose/adl/adl-13-cam0-rgb.npz,163,192,0,0,0,0.14799762
ur-blazepose,ur-blazepose::adl-13-cam0-rgb,data/keypoints_ur_blazepose/adl/adl-13-cam0-rgb.npz,169,198,0,0,0,0.21087281
ur-blazepose,ur-blazepose::adl-13-cam0-rgb,data/keypoints_ur_blazepose/adl/adl-13-cam0-rgb.npz,175,204,0,0,0,0.16904314
ur-blazepose,ur-blazepose::adl-13-cam0-rgb,data/keypoints_ur_blazepose/adl/adl-13-cam0-rgb.npz,181,210,0,0,0,0.15852423
ur-blazepose,ur-blazepose::adl-13-cam0-rgb,data/keypoints_ur_blazepose/adl/adl-13-cam0-rgb.npz,211,240,0,0,0,0.020922864
ur-blazepose,ur-blazepose::adl-13-cam0-rgb,data/keypoints_ur_blazepose/adl/adl-13-cam0-rgb.npz,217,246,0,0,0,0.016098123
ur-blazepose,ur-blazepose::adl-13-cam0-rgb,data/keypoints_ur_blazepose/adl/adl-13-cam0-rgb.npz,223,252,0,0,0,0.009972619
ur-blazepose,ur-blazepose::adl-13-cam0-rgb,data/keypoints_ur_blazepose/adl/adl-13-cam0-rgb.npz,229,258,0,0,0,0.010159209
ur-blazepose,ur-blazepose::adl-13-cam0-rgb,data/keypoints_ur_blazepose/adl/adl-13-cam0-rgb.npz,235,264,0,0,0,0.0055803726
ur-blazepose,ur-blazepose::adl-17-cam0-rgb,data/keypoints_ur_blazepose/adl/adl-17-cam0-rgb.npz,43,72,0,0,0,0.01999722
ur-blazepose,ur-blazepose::adl-17-cam0-rgb,data/keypoints_ur_blazepose/adl/adl-17-cam0-rgb.npz,49,78,0,0,0,0.01626737
ur-blazepose,ur-blazepose::adl-17-cam0-rgb,data/keypoints_ur_blazepose/adl/adl-17-cam0-rgb.npz,55,84,0,0,0,0.015106488
ur-blazepose,ur-blazepose::adl-17-cam0-rgb,data/keypoints_ur_blazepose/adl/adl-17-cam0-rgb.npz,61,90,0,0,0,0.016706154
ur-blazepose,ur-blazepose::adl-17-cam0-rgb,data/keypoints_ur_blazepose/adl/adl-17-cam0-rgb.npz,67,96,0,0,0,0.0069148643
ur-blazepose,ur-blazepose::adl-17-cam0-rgb,data/keypoints_ur_blazepose/adl/adl-17-cam0-rgb.npz,73,102,0,0,0,0.006801112
ur-blazepose,ur-blazepose::adl-17-cam0-rgb,data/keypoints_ur_blazepose/adl/adl-17-cam0-rgb.npz,79,108,0,0,0,0.0072793984
ur-blazepose,ur-blazepose::adl-17-cam0-rgb,data/keypoints_ur_blazepose/adl/adl-17-cam0-rgb.npz,85,114,0,0,0,0.007288705
ur-blazepose,ur-blazepose::adl-17-cam0-rgb,data/keypoints_ur_blazepose/adl/adl-17-cam0-rgb.npz,91,120,0,0,0,0.0061775516
ur-blazepose,ur-blazepose::adl-17-cam0-rgb,data/keypoints_ur_blazepose/adl/adl-17-cam0-rgb.npz,97,126,0,0,0,0.0054251445
ur-blazepose,ur-blazepose::adl-17-cam0-rgb,data/keypoints_ur_blazepose/adl/adl-17-cam0-rgb.npz,103,132,0,0,0,0.0053667417
ur-blazepose,ur-blazepose::adl-17-cam0-rgb,data/keypoints_ur_blazepose/adl/adl-17-cam0-rgb.npz,109,138,0,0,0,0.0062401765
ur-blazepose,ur-blazepose::adl-17-cam0-rgb,data/keypoints_ur_blazepose/adl/adl-17-cam0-rgb.npz,115,144,0,0,0,0.0076831933
ur-blazepose,ur-blazepose::adl-17-cam0-rgb,data/keypoints_ur_blazepose/adl/adl-17-cam0-rgb.npz,121,150,0,0,0,0.010863743
ur-blazepose,ur-blazepose::adl-17-cam0-rgb,data/keypoints_ur_blazepose/adl/adl-17-cam0-rgb.npz,127,156,0,0,0,0.020141343
ur-blazepose,ur-blazepose::adl-17-cam0-rgb,data/keypoints_ur_blazepose/adl/adl-17-cam0-rgb.npz,133,162,0,0,0,0.04377851
ur-blazepose,ur-blazepose::adl-17-cam0-rgb,data/keypoints_ur_blazepose/adl/adl-17-cam0-rgb.npz,139,168,0,0,0,0.06993495
ur-blazepose,ur-blazepose::adl-17-cam0-rgb,data/keypoints_ur_blazepose/adl/adl-17-cam0-rgb.npz,145,174,0,0,0,0.12964953
ur-blazepose,ur-blazepose::adl-17-cam0-rgb,data/keypoints_ur_blazepose/adl/adl-17-cam0-rgb.npz,151,180,0,0,0,0.37191018
ur-blazepose,ur-blazepose::adl-17-cam0-rgb,data/keypoints_ur_blazepose/adl/adl-17-cam0-rgb.npz,157,186,0,0,0,0.14907412
ur-blazepose,ur-blazepose::adl-17-cam0-rgb,data/keypoints_ur_blazepose/adl/adl-17-cam0-rgb.npz,163,192,0,0,0,0.08448501
ur-blazepose,ur-blazepose::adl-17-cam0-rgb,data/keypoints_ur_blazepose/adl/adl-17-cam0-rgb.npz,169,198,0,0,0,0.06793956
ur-blazepose,ur-blazepose::adl-17-cam0-rgb,data/keypoints_ur_blazepose/adl/adl-17-cam0-rgb.npz,175,204,0,0,0,0.061969854
ur-blazepose,ur-blazepose::adl-17-cam0-rgb,data/keypoints_ur_blazepose/adl/adl-17-cam0-rgb.npz,181,210,0,0,0,0.033415128
ur-blazepose,ur-blazepose::adl-17-cam0-rgb,data/keypoints_ur_blazepose/adl/adl-17-cam0-rgb.npz,187,216,0,0,0,0.017548984
ur-blazepose,ur-blazepose::adl-17-cam0-rgb,data/keypoints_ur_blazepose/adl/adl-17-cam0-rgb.npz,193,222,0,0,0,0.005960298
ur-blazepose,ur-blazepose::adl-17-cam0-rgb,data/keypoints_ur_blazepose/adl/adl-17-cam0-rgb.npz,199,228,0,0,0,0.0051768073
ur-blazepose,ur-blazepose::adl-20-cam0-rgb,data/keypoints_ur_blazepose/adl/adl-20-cam0-rgb.npz,49,78,0,0,0,0.0030033079
ur-blazepose,ur-blazepose::adl-20-cam0-rgb,data/keypoints_ur_blazepose/adl/adl-20-cam0-rgb.npz,55,84,0,0,0,0.0038042758
ur-blazepose,ur-blazepose::adl-20-cam0-rgb,data/keypoints_ur_blazepose/adl/adl-20-cam0-rgb.npz,61,90,0,0,0,0.0062542977
ur-blazepose,ur-blazepose::adl-20-cam0-rgb,data/keypoints_ur_blazepose/adl/adl-20-cam0-rgb.npz,67,96,0,0,0,0.0052196058
ur-blazepose,ur-blazepose::adl-20-cam0-rgb,data/keypoints_ur_blazepose/adl/adl-20-cam0-rgb.npz,73,102,0,0,0,0.005567942
ur-blazepose,ur-blazepose::adl-20-cam0-rgb,data/keypoints_ur_blazepose/adl/adl-20-cam0-rgb.npz,79,108,0,0,0,0.0058942055
ur-blazepose,ur-blazepose::adl-20-cam0-rgb,data/keypoints_ur_blazepose/adl/adl-20-cam0-rgb.npz,85,114,0,0,0,0.006430028
ur-blazepose,ur-blazepose::adl-20-cam0-rgb,data/keypoints_ur_blazepose/adl/adl-20-cam0-rgb.npz,91,120,0,0,0,0.0061383424
ur-blazepose,ur-blazepose::adl-20-cam0-rgb,data/keypoints_ur_blazepose/adl/adl-20-cam0-rgb.npz,97,126,0,0,0,0.0062128343
ur-blazepose,ur-blazepose::adl-20-cam0-rgb,data/keypoints_ur_blazepose/adl/adl-20-cam0-rgb.npz,103,132,0,0,0,0.00667045
ur-blazepose,ur-blazepose::adl-20-cam0-rgb,data/keypoints_ur_blazepose/adl/adl-20-cam0-rgb.npz,109,138,0,0,0,0.006436032
ur-blazepose,ur-blazepose::adl-20-cam0-rgb,data/keypoints_ur_blazepose/adl/adl-20-cam0-rgb.npz,115,144,0,0,0,0.006286687
ur-blazepose,ur-blazepose::adl-20-cam0-rgb,data/keypoints_ur_blazepose/adl/adl-20-cam0-rgb.npz,121,150,0,0,0,0.0070500863
ur-blazepose,ur-blazepose::adl-20-cam0-rgb,data/keypoints_ur_blazepose/adl/adl-20-cam0-rgb.npz,127,156,0,0,0,0.009800549
ur-blazepose,ur-blazepose::adl-20-cam0-rgb,data/keypoints_ur_blazepose/adl/adl-20-cam0-rgb.npz,133,162,0,0,0,0.012596971
ur-blazepose,ur-blazepose::adl-20-cam0-rgb,data/keypoints_ur_blazepose/adl/adl-20-cam0-rgb.npz,139,168,0,0,0,0.013513861
ur-blazepose,ur-blazepose::adl-20-cam0-rgb,data/keypoints_ur_blazepose/adl/adl-20-cam0-rgb.npz,145,174,0,0,0,0.0136972135
ur-blazepose,ur-blazepose::adl-20-cam0-rgb,data/keypoints_ur_blazepose/adl/adl-20-cam0-rgb.npz,151,180,0,0,0,0.015906898
ur-blazepose,ur-blazepose::adl-20-cam0-rgb,data/keypoints_ur_blazepose/adl/adl-20-cam0-rgb.npz,157,186,0,0,0,0.018777672
ur-blazepose,ur-blazepose::adl-20-cam0-rgb,data/keypoints_ur_blazepose/adl/adl-20-cam0-rgb.npz,163,192,0,0,0,0.0117551265
ur-blazepose,ur-blazepose::adl-20-cam0-rgb,data/keypoints_ur_blazepose/adl/adl-20-cam0-rgb.npz,169,198,0,0,0,0.007618942
ur-blazepose,ur-blazepose::adl-20-cam0-rgb,data/keypoints_ur_blazepose/adl/adl-20-cam0-rgb.npz,175,204,0,0,0,0.012407801
ur-blazepose,ur-blazepose::adl-20-cam0-rgb,data/keypoints_ur_blazepose/adl/adl-20-cam0-rgb.npz,181,210,0,0,0,0.022533724
ur-blazepose,ur-blazepose::adl-20-cam0-rgb,data/keypoints_ur_blazepose/adl/adl-20-cam0-rgb.npz,187,216,0,0,0,0.05573006
ur-blazepose,ur-blazepose::adl-20-cam0-rgb,data/keypoints_ur_blazepose/adl/adl-20-cam0-rgb.npz,193,222,0,0,0,0.06223454
ur-blazepose,ur-blazepose::adl-20-cam0-rgb,data/keypoints_ur_blazepose/adl/adl-20-cam0-rgb.npz,199,228,0,0,0,0.03267782
ur-blazepose,ur-blazepose::adl-20-cam0-rgb,data/keypoints_ur_blazepose/adl/adl-20-cam0-rgb.npz,205,234,0,0,0,0.055745725
ur-blazepose,ur-blazepose::adl-20-cam0-rgb,data/keypoints_ur_blazepose/adl/adl-20-cam0-rgb.npz,211,240,0,0,0,0.059126504
ur-blazepose,ur-blazepose::adl-20-cam0-rgb,data/keypoints_ur_blazepose/adl/adl-20-cam0-rgb.npz,217,246,0,0,0,0.061405625
ur-blazepose,ur-blazepose::adl-20-cam0-rgb,data/keypoints_ur_blazepose/adl/adl-20-cam0-rgb.npz,223,252,0,0,0,0.06285039
ur-blazepose,ur-blazepose::adl-20-cam0-rgb,data/keypoints_ur_blazepose/adl/adl-20-cam0-rgb.npz,229,258,0,0,0,0.0019452818
ur-blazepose,ur-blazepose::adl-23-cam0-rgb,data/keypoints_ur_blazepose/adl/adl-23-cam0-rgb.npz,13,42,0,0,0,0.0066821445
ur-blazepose,ur-blazepose::adl-23-cam0-rgb,data/keypoints_ur_blazepose/adl/adl-23-cam0-rgb.npz,19,48,0,0,0,0.006780761
ur-blazepose,ur-blazepose::adl-23-cam0-rgb,data/keypoints_ur_blazepose/adl/adl-23-cam0-rgb.npz,25,54,0,0,0,0.0062173554
ur-blazepose,ur-blazepose::adl-23-cam0-rgb,data/keypoints_ur_blazepose/adl/adl-23-cam0-rgb.npz,31,60,0,0,0,0.0063666166
ur-blazepose,ur-blazepose::adl-23-cam0-rgb,data/keypoints_ur_blazepose/adl/adl-23-cam0-rgb.npz,37,66,0,0,0,0.006022018
ur-blazepose,ur-blazepose::adl-23-cam0-rgb,data/keypoints_ur_blazepose/adl/adl-23-cam0-rgb.npz,43,72,0,0,0,0.006165826
ur-blazepose,ur-blazepose::adl-23-cam0-rgb,data/keypoints_ur_blazepose/adl/adl-23-cam0-rgb.npz,49,78,0,0,0,0.006763329
ur-blazepose,ur-blazepose::adl-23-cam0-rgb,data/keypoints_ur_blazepose/adl/adl-23-cam0-rgb.npz,55,84,0,0,0,0.0070198947
ur-blazepose,ur-blazepose::adl-23-cam0-rgb,data/keypoints_ur_blazepose/adl/adl-23-cam0-rgb.npz,61,90,0,0,0,0.006638112
ur-blazepose,ur-blazepose::adl-23-cam0-rgb,data/keypoints_ur_blazepose/adl/adl-23-cam0-rgb.npz,67,96,0,0,0,0.0076320944
ur-blazepose,ur-blazepose::adl-23-cam0-rgb,data/keypoints_ur_blazepose/adl/adl-23-cam0-rgb.npz,73,102,0,0,0,0.01778129
ur-blazepose,ur-blazepose::adl-23-cam0-rgb,data/keypoints_ur_blazepose/adl/adl-23-cam0-rgb.npz,79,108,0,0,0,0.085864626
ur-blazepose,ur-blazepose::adl-23-cam0-rgb,data/keypoints_ur_blazepose/adl/adl-23-cam0-rgb.npz,85,114,0,0,0,0.24429758
ur-blazepose,ur-blazepose::adl-23-cam0-rgb,data/keypoints_ur_blazepose/adl/adl-23-cam0-rgb.npz,91,120,0,0,1,0.5281645
ur-blazepose,ur-blazepose::adl-23-cam0-rgb,data/keypoints_ur_blazepose/adl/adl-23-cam0-rgb.npz,97,126,0,0,1,0.41053513
ur-blazepose,ur-blazepose::adl-23-cam0-rgb,data/keypoints_ur_blazepose/adl/adl-23-cam0-rgb.npz,103,132,0,0,0,0.21725115
ur-blazepose,ur-blazepose::adl-23-cam0-rgb,data/keypoints_ur_blazepose/adl/adl-23-cam0-rgb.npz,109,138,0,0,0,0.09114189
ur-blazepose,ur-blazepose::adl-23-cam0-rgb,data/keypoints_ur_blazepose/adl/adl-23-cam0-rgb.npz,115,144,0,0,0,0.09574396
ur-blazepose,ur-blazepose::adl-23-cam0-rgb,data/keypoints_ur_blazepose/adl/adl-23-cam0-rgb.npz,121,150,0,0,0,0.1896338
ur-blazepose,ur-blazepose::adl-23-cam0-rgb,data/keypoints_ur_blazepose/adl/adl-23-cam0-rgb.npz,127,156,0,0,0,0.3094178
ur-blazepose,ur-blazepose::adl-23-cam0-rgb,data/keypoints_ur_blazepose/adl/adl-23-cam0-rgb.npz,133,162,0,0,0,0.3575791
ur-blazepose,ur-blazepose::adl-25-cam0-rgb,data/keypoints_ur_blazepose/adl/adl-25-cam0-rgb.npz,1,30,0,0,0,0.1528655
ur-blazepose,ur-blazepose::adl-25-cam0-rgb,data/keypoints_ur_blazepose/adl/adl-25-cam0-rgb.npz,7,36,0,0,0,0.1664968
ur-blazepose,ur-blazepose::adl-25-cam0-rgb,data/keypoints_ur_blazepose/adl/adl-25-cam0-rgb.npz,13,42,0,0,0,0.2043104
ur-blazepose,ur-blazepose::adl-25-cam0-rgb,data/keypoints_ur_blazepose/adl/adl-25-cam0-rgb.npz,19,48,0,0,0,0.31795946
ur-blazepose,ur-blazepose::adl-25-cam0-rgb,data/keypoints_ur_blazepose/adl/adl-25-cam0-rgb.npz,25,54,0,0,0,0.37691325
ur-blazepose,ur-blazepose::adl-25-cam0-rgb,data/keypoints_ur_blazepose/adl/adl-25-cam0-rgb.npz,31,60,0,0,0,0.3549297
ur-blazepose,ur-blazepose::adl-25-cam0-rgb,data/keypoints_ur_blazepose/adl/adl-25-cam0-rgb.npz,37,66,0,0,0,0.32997903
ur-blazepose,ur-blazepose::adl-25-cam0-rgb,data/keypoints_ur_blazepose/adl/adl-25-cam0-rgb.npz,43,72,0,0,0,0.3275926
ur-blazepose,ur-blazepose::adl-25-cam0-rgb,data/keypoints_ur_blazepose/adl/adl-25-cam0-rgb.npz,49,78,0,0,0,0.34684566
ur-blazepose,ur-blazepose::adl-25-cam0-rgb,data/keypoints_ur_blazepose/adl/adl-25-cam0-rgb.npz,55,84,0,0,0,0.36105776
ur-blazepose,ur-blazepose::adl-25-cam0-rgb,data/keypoints_ur_blazepose/adl/adl-25-cam0-rgb.npz,61,90,0,0,0,0.37013444
ur-blazepose,ur-blazepose::adl-25-cam0-rgb,data/keypoints_ur_blazepose/adl/adl-25-cam0-rgb.npz,67,96,0,0,0,0.3733167
ur-blazepose,ur-blazepose::adl-25-cam0-rgb,data/keypoints_ur_blazepose/adl/adl-25-cam0-rgb.npz,73,102,0,0,0,0.36940652
ur-blazepose,ur-blazepose::adl-25-cam0-rgb,data/keypoints_ur_blazepose/adl/adl-25-cam0-rgb.npz,79,108,0,0,0,0.36793718
ur-blazepose,ur-blazepose::adl-27-cam0-rgb,data/keypoints_ur_blazepose/adl/adl-27-cam0-rgb.npz,1,30,0,0,0,0.15470923
ur-blazepose,ur-blazepose::adl-27-cam0-rgb,data/keypoints_ur_blazepose/adl/adl-27-cam0-rgb.npz,7,36,0,0,0,0.12216713
ur-blazepose,ur-blazepose::adl-27-cam0-rgb,data/keypoints_ur_blazepose/adl/adl-27-cam0-rgb.npz,13,42,0,0,0,0.10033362
ur-blazepose,ur-blazepose::adl-27-cam0-rgb,data/keypoints_ur_blazepose/adl/adl-27-cam0-rgb.npz,19,48,0,0,0,0.121211864
ur-blazepose,ur-blazepose::adl-27-cam0-rgb,data/keypoints_ur_blazepose/adl/adl-27-cam0-rgb.npz,25,54,0,0,0,0.2591782
ur-blazepose,ur-blazepose::adl-27-cam0-rgb,data/keypoints_ur_blazepose/adl/adl-27-cam0-rgb.npz,31,60,0,0,1,0.4430708
ur-blazepose,ur-blazepose::adl-27-cam0-rgb,data/keypoints_ur_blazepose/adl/adl-27-cam0-rgb.npz,37,66,0,0,1,0.44379854
ur-blazepose,ur-blazepose::adl-27-cam0-rgb,data/keypoints_ur_blazepose/adl/adl-27-cam0-rgb.npz,43,72,0,0,0,0.32502767
ur-blazepose,ur-blazepose::adl-27-cam0-rgb,data/keypoints_ur_blazepose/adl/adl-27-cam0-rgb.npz,49,78,0,0,0,0.2983086
ur-blazepose,ur-blazepose::adl-27-cam0-rgb,data/keypoints_ur_blazepose/adl/adl-27-cam0-rgb.npz,55,84,0,0,0,0.3060799
ur-blazepose,ur-blazepose::adl-27-cam0-rgb,data/keypoints_ur_blazepose/adl/adl-27-cam0-rgb.npz,61,90,0,0,0,0.31958446
ur-blazepose,ur-blazepose::adl-27-cam0-rgb,data/keypoints_ur_blazepose/adl/adl-27-cam0-rgb.npz,67,96,0,0,0,0.3298451
ur-blazepose,ur-blazepose::adl-30-cam0-rgb,data/keypoints_ur_blazepose/adl/adl-30-cam0-rgb.npz,25,54,0,0,0,0.0023992646
ur-blazepose,ur-blazepose::adl-30-cam0-rgb,data/keypoints_ur_blazepose/adl/adl-30-cam0-rgb.npz,31,60,0,0,0,0.0032314663
ur-blazepose,ur-blazepose::adl-30-cam0-rgb,data/keypoints_ur_blazepose/adl/adl-30-cam0-rgb.npz,37,66,0,0,0,0.0033791233
ur-blazepose,ur-blazepose::adl-30-cam0-rgb,data/keypoints_ur_blazepose/adl/adl-30-cam0-rgb.npz,43,72,0,0,0,0.0035687177
ur-blazepose,ur-blazepose::adl-30-cam0-rgb,data/keypoints_ur_blazepose/adl/adl-30-cam0-rgb.npz,49,78,0,0,0,0.0044585955
ur-blazepose,ur-blazepose::adl-30-cam0-rgb,data/keypoints_ur_blazepose/adl/adl-30-cam0-rgb.npz,55,84,0,0,0,0.0047422056
ur-blazepose,ur-blazepose::adl-30-cam0-rgb,data/keypoints_ur_blazepose/adl/adl-30-cam0-rgb.npz,61,90,0,0,0,0.005161775
ur-blazepose,ur-blazepose::adl-30-cam0-rgb,data/keypoints_ur_blazepose/adl/adl-30-cam0-rgb.npz,67,96,0,0,0,0.00811462
ur-blazepose,ur-blazepose::adl-30-cam0-rgb,data/keypoints_ur_blazepose/adl/adl-30-cam0-rgb.npz,73,102,0,0,0,0.008551172
ur-blazepose,ur-blazepose::adl-30-cam0-rgb,data/keypoints_ur_blazepose/adl/adl-30-cam0-rgb.npz,79,108,0,0,0,0.008703125
ur-blazepose,ur-blazepose::adl-30-cam0-rgb,data/keypoints_ur_blazepose/adl/adl-30-cam0-rgb.npz,85,114,0,0,0,0.009035044
ur-blazepose,ur-blazepose::adl-30-cam0-rgb,data/keypoints_ur_blazepose/adl/adl-30-cam0-rgb.npz,91,120,0,0,0,0.008870014
ur-blazepose,ur-blazepose::adl-30-cam0-rgb,data/keypoints_ur_blazepose/adl/adl-30-cam0-rgb.npz,97,126,0,0,0,0.0081824595
ur-blazepose,ur-blazepose::adl-30-cam0-rgb,data/keypoints_ur_blazepose/adl/adl-30-cam0-rgb.npz,103,132,0,0,0,0.008788998
ur-blazepose,ur-blazepose::adl-30-cam0-rgb,data/keypoints_ur_blazepose/adl/adl-30-cam0-rgb.npz,109,138,0,0,0,0.010552251
ur-blazepose,ur-blazepose::adl-30-cam0-rgb,data/keypoints_ur_blazepose/adl/adl-30-cam0-rgb.npz,115,144,0,0,0,0.01174465
ur-blazepose,ur-blazepose::adl-30-cam0-rgb,data/keypoints_ur_blazepose/adl/adl-30-cam0-rgb.npz,121,150,0,0,0,0.012981869
ur-blazepose,ur-blazepose::adl-30-cam0-rgb,data/keypoints_ur_blazepose/adl/adl-30-cam0-rgb.npz,127,156,0,0,0,0.016545191
ur-blazepose,ur-blazepose::adl-30-cam0-rgb,data/keypoints_ur_blazepose/adl/adl-30-cam0-rgb.npz,133,162,0,0,0,0.022300322
ur-blazepose,ur-blazepose::adl-30-cam0-rgb,data/keypoints_ur_blazepose/adl/adl-30-cam0-rgb.npz,139,168,0,0,0,0.02340132
ur-blazepose,ur-blazepose::adl-30-cam0-rgb,data/keypoints_ur_blazepose/adl/adl-30-cam0-rgb.npz,145,174,0,0,0,0.017138585
ur-blazepose,ur-blazepose::adl-30-cam0-rgb,data/keypoints_ur_blazepose/adl/adl-30-cam0-rgb.npz,151,180,0,0,0,0.016263388
ur-blazepose,ur-blazepose::adl-30-cam0-rgb,data/keypoints_ur_blazepose/adl/adl-30-cam0-rgb.npz,157,186,0,0,0,0.017111348
ur-blazepose,ur-blazepose::adl-30-cam0-rgb,data/keypoints_ur_blazepose/adl/adl-30-cam0-rgb.npz,163,192,0,0,0,0.018832698
ur-blazepose,ur-blazepose::adl-30-cam0-rgb,data/keypoints_ur_blazepose/adl/adl-30-cam0-rgb.npz,169,198,0,0,0,0.029613202
ur-blazepose,ur-blazepose::adl-30-cam0-rgb,data/keypoints_ur_blazepose/adl/adl-30-cam0-rgb.npz,175,204,0,0,0,0.018522779
ur-blazepose,ur-blazepose::adl-30-cam0-rgb,data/keypoints_ur_blazepose/adl/adl-30-cam0-rgb.npz,181,210,0,0,0,0.022735042
ur-blazepose,ur-blazepose::adl-30-cam0-rgb,data/keypoints_ur_blazepose/adl/adl-30-cam0-rgb.npz,187,216,0,0,0,0.024563786
ur-blazepose,ur-blazepose::adl-30-cam0-rgb,data/keypoints_ur_blazepose/adl/adl-30-cam0-rgb.npz,193,222,0,0,0,0.02802262
ur-blazepose,ur-blazepose::adl-30-cam0-rgb,data/keypoints_ur_blazepose/adl/adl-30-cam0-rgb.npz,199,228,0,0,0,0.032837227
ur-blazepose,ur-blazepose::adl-30-cam0-rgb,data/keypoints_ur_blazepose/adl/adl-30-cam0-rgb.npz,205,234,0,0,0,0.036543045
ur-blazepose,ur-blazepose::adl-30-cam0-rgb,data/keypoints_ur_blazepose/adl/adl-30-cam0-rgb.npz,211,240,0,0,0,0.038573034
ur-blazepose,ur-blazepose::adl-30-cam0-rgb,data/keypoints_ur_blazepose/adl/adl-30-cam0-rgb.npz,217,246,0,0,0,0.04153949
ur-blazepose,ur-blazepose::adl-30-cam0-rgb,data/keypoints_ur_blazepose/adl/adl-30-cam0-rgb.npz,223,252,0,0,0,0.044352267
ur-blazepose,ur-blazepose::adl-30-cam0-rgb,data/keypoints_ur_blazepose/adl/adl-30-cam0-rgb.npz,229,258,0,0,0,0.044282645
ur-blazepose,ur-blazepose::adl-30-cam0-rgb,data/keypoints_ur_blazepose/adl/adl-30-cam0-rgb.npz,235,264,0,0,0,0.044360235
ur-blazepose,ur-blazepose::adl-30-cam0-rgb,data/keypoints_ur_blazepose/adl/adl-30-cam0-rgb.npz,241,270,0,0,0,0.06903827
ur-blazepose,ur-blazepose::adl-30-cam0-rgb,data/keypoints_ur_blazepose/adl/adl-30-cam0-rgb.npz,247,276,0,0,0,0.30737707
ur-blazepose,ur-blazepose::adl-30-cam0-rgb,data/keypoints_ur_blazepose/adl/adl-30-cam0-rgb.npz,253,282,0,0,0,0.29101592
ur-blazepose,ur-blazepose::adl-30-cam0-rgb,data/keypoints_ur_blazepose/adl/adl-30-cam0-rgb.npz,259,288,0,0,0,0.030483443
ur-blazepose,ur-blazepose::adl-30-cam0-rgb,data/keypoints_ur_blazepose/adl/adl-30-cam0-rgb.npz,265,294,0,0,0,0.031991
ur-blazepose,ur-blazepose::adl-30-cam0-rgb,data/keypoints_ur_blazepose/adl/adl-30-cam0-rgb.npz,271,300,0,0,0,0.03157846
ur-blazepose,ur-blazepose::adl-30-cam0-rgb,data/keypoints_ur_blazepose/adl/adl-30-cam0-rgb.npz,277,306,0,0,0,0.036934312
ur-blazepose,ur-blazepose::adl-30-cam0-rgb,data/keypoints_ur_blazepose/adl/adl-30-cam0-rgb.npz,283,312,0,0,0,0.036934312
ur-blazepose,ur-blazepose::adl-30-cam0-rgb,data/keypoints_ur_blazepose/adl/adl-30-cam0-rgb.npz,289,318,0,0,0,0.038266923
ur-blazepose,ur-blazepose::adl-30-cam0-rgb,data/keypoints_ur_blazepose/adl/adl-30-cam0-rgb.npz,295,324,0,0,0,0.038266923
ur-blazepose,ur-blazepose::adl-30-cam0-rgb,data/keypoints_ur_blazepose/adl/adl-30-cam0-rgb.npz,301,330,0,0,0,0.0249881
ur-blazepose,ur-blazepose::adl-30-cam0-rgb,data/keypoints_ur_blazepose/adl/adl-30-cam0-rgb.npz,307,336,0,0,0,0.025079878
ur-blazepose,ur-blazepose::adl-30-cam0-rgb,data/keypoints_ur_blazepose/adl/adl-30-cam0-rgb.npz,313,342,0,0,0,0.025264988
ur-blazepose,ur-blazepose::adl-30-cam0-rgb,data/keypoints_ur_blazepose/adl/adl-30-cam0-rgb.npz,319,348,0,0,0,0.025381655
ur-blazepose,ur-blazepose::adl-30-cam0-rgb,data/keypoints_ur_blazepose/adl/adl-30-cam0-rgb.npz,325,354,0,0,0,0.025266724
ur-blazepose,ur-blazepose::adl-30-cam0-rgb,data/keypoints_ur_blazepose/adl/adl-30-cam0-rgb.npz,331,360,0,0,0,0.024906708
ur-blazepose,ur-blazepose::adl-30-cam0-rgb,data/keypoints_ur_blazepose/adl/adl-30-cam0-rgb.npz,337,366,0,0,0,0.024906708
ur-blazepose,ur-blazepose::adl-30-cam0-rgb,data/keypoints_ur_blazepose/adl/adl-30-cam0-rgb.npz,343,372,0,0,0,0.024906708
ur-blazepose,ur-blazepose::adl-30-cam0-rgb,data/keypoints_ur_blazepose/adl/adl-30-cam0-rgb.npz,349,378,0,0,0,0.021853555
ur-blazepose,ur-blazepose::adl-30-cam0-rgb,data/keypoints_ur_blazepose/adl/adl-30-cam0-rgb.npz,355,384,0,0,0,0.021853555
ur-blazepose,ur-blazepose::adl-30-cam0-rgb,data/keypoints_ur_blazepose/adl/adl-30-cam0-rgb.npz,361,390,0,0,0,0.021853555
ur-blazepose,ur-blazepose::adl-30-cam0-rgb,data/keypoints_ur_blazepose/adl/adl-30-cam0-rgb.npz,367,396,0,0,0,0.021853555
ur-blazepose,ur-blazepose::adl-33-cam0-rgb,data/keypoints_ur_blazepose/adl/adl-33-cam0-rgb.npz,1,30,0,0,0,0.0013088381
ur-blazepose,ur-blazepose::adl-33-cam0-rgb,data/keypoints_ur_blazepose/adl/adl-33-cam0-rgb.npz,7,36,0,0,0,0.0012906736
ur-blazepose,ur-blazepose::adl-33-cam0-rgb,data/keypoints_ur_blazepose/adl/adl-33-cam0-rgb.npz,13,42,0,0,0,0.0012945358
ur-blazepose,ur-blazepose::adl-33-cam0-rgb,data/keypoints_ur_blazepose/adl/adl-33-cam0-rgb.npz,19,48,0,0,0,0.001406217
ur-blazepose,ur-blazepose::adl-33-cam0-rgb,data/keypoints_ur_blazepose/adl/adl-33-cam0-rgb.npz,25,54,0,0,0,0.0017960484
ur-blazepose,ur-blazepose::adl-33-cam0-rgb,data/keypoints_ur_blazepose/adl/adl-33-cam0-rgb.npz,31,60,0,0,0,0.002542298
ur-blazepose,ur-blazepose::adl-33-cam0-rgb,data/keypoints_ur_blazepose/adl/adl-33-cam0-rgb.npz,37,66,0,0,0,0.0030719303
ur-blazepose,ur-blazepose::adl-33-cam0-rgb,data/keypoints_ur_blazepose/adl/adl-33-cam0-rgb.npz,43,72,0,0,0,0.0032555955
ur-blazepose,ur-blazepose::adl-33-cam0-rgb,data/keypoints_ur_blazepose/adl/adl-33-cam0-rgb.npz,49,78,0,0,0,0.003086366
ur-blazepose,ur-blazepose::adl-33-cam0-rgb,data/keypoints_ur_blazepose/adl/adl-33-cam0-rgb.npz,55,84,0,0,0,0.003439571
ur-blazepose,ur-blazepose::adl-33-cam0-rgb,data/keypoints_ur_blazepose/adl/adl-33-cam0-rgb.npz,61,90,0,0,0,0.0039049662
ur-blazepose,ur-blazepose::adl-33-cam0-rgb,data/keypoints_ur_blazepose/adl/adl-33-cam0-rgb.npz,67,96,0,0,0,0.0042557465
ur-blazepose,ur-blazepose::adl-33-cam0-rgb,data/keypoints_ur_blazepose/adl/adl-33-cam0-rgb.npz,73,102,0,0,0,0.004845911
ur-blazepose,ur-blazepose::adl-33-cam0-rgb,data/keypoints_ur_blazepose/adl/adl-33-cam0-rgb.npz,79,108,0,0,0,0.0053126914
ur-blazepose,ur-blazepose::adl-33-cam0-rgb,data/keypoints_ur_blazepose/adl/adl-33-cam0-rgb.npz,85,114,0,0,0,0.0061680917
ur-blazepose,ur-blazepose::adl-33-cam0-rgb,data/keypoints_ur_blazepose/adl/adl-33-cam0-rgb.npz,91,120,0,0,0,0.005326023
ur-blazepose,ur-blazepose::adl-33-cam0-rgb,data/keypoints_ur_blazepose/adl/adl-33-cam0-rgb.npz,97,126,0,0,0,0.0070757554
ur-blazepose,ur-blazepose::adl-33-cam0-rgb,data/keypoints_ur_blazepose/adl/adl-33-cam0-rgb.npz,103,132,0,0,0,0.008220922
ur-blazepose,ur-blazepose::adl-33-cam0-rgb,data/keypoints_ur_blazepose/adl/adl-33-cam0-rgb.npz,109,138,0,0,0,0.0085105235
ur-blazepose,ur-blazepose::adl-33-cam0-rgb,data/keypoints_ur_blazepose/adl/adl-33-cam0-rgb.npz,115,144,0,0,0,0.008424872
ur-blazepose,ur-blazepose::adl-33-cam0-rgb,data/keypoints_ur_blazepose/adl/adl-33-cam0-rgb.npz,121,150,0,0,0,0.009387942
ur-blazepose,ur-blazepose::adl-33-cam0-rgb,data/keypoints_ur_blazepose/adl/adl-33-cam0-rgb.npz,127,156,0,0,0,0.008095802
ur-blazepose,ur-blazepose::adl-33-cam0-rgb,data/keypoints_ur_blazepose/adl/adl-33-cam0-rgb.npz,133,162,0,0,0,0.006801608
ur-blazepose,ur-blazepose::adl-33-cam0-rgb,data/keypoints_ur_blazepose/adl/adl-33-cam0-rgb.npz,139,168,0,0,0,0.0072716116
ur-blazepose,ur-blazepose::adl-33-cam0-rgb,data/keypoints_ur_blazepose/adl/adl-33-cam0-rgb.npz,145,174,0,0,0,0.007366801
ur-blazepose,ur-blazepose::adl-33-cam0-rgb,data/keypoints_ur_blazepose/adl/adl-33-cam0-rgb.npz,151,180,0,0,0,0.0065033794
ur-blazepose,ur-blazepose::adl-33-cam0-rgb,data/keypoints_ur_blazepose/adl/adl-33-cam0-rgb.npz,157,186,0,0,0,0.005783297
ur-blazepose,ur-blazepose::adl-33-cam0-rgb,data/keypoints_ur_blazepose/adl/adl-33-cam0-rgb.npz,163,192,0,0,0,0.0062621147
ur-blazepose,ur-blazepose::adl-33-cam0-rgb,data/keypoints_ur_blazepose/adl/adl-33-cam0-rgb.npz,169,198,0,0,0,0.0066904547
ur-blazepose,ur-blazepose::adl-35-cam0-rgb,data/keypoints_ur_blazepose/adl/adl-35-cam0-rgb.npz,1,30,0,0,0,0.0057440232
ur-blazepose,ur-blazepose::adl-35-cam0-rgb,data/keypoints_ur_blazepose/adl/adl-35-cam0-rgb.npz,7,36,0,0,0,0.006340111
ur-blazepose,ur-blazepose::adl-35-cam0-rgb,data/keypoints_ur_blazepose/adl/adl-35-cam0-rgb.npz,13,42,0,0,0,0.0063853194
ur-blazepose,ur-blazepose::adl-35-cam0-rgb,data/keypoints_ur_blazepose/adl/adl-35-cam0-rgb.npz,19,48,0,0,0,0.0064710695
ur-blazepose,ur-blazepose::adl-35-cam0-rgb,data/keypoints_ur_blazepose/adl/adl-35-cam0-rgb.npz,25,54,0,0,0,0.007018172
ur-blazepose,ur-blazepose::adl-35-cam0-rgb,data/keypoints_ur_blazepose/adl/adl-35-cam0-rgb.npz,31,60,0,0,0,0.0016961336
ur-blazepose,ur-blazepose::adl-35-cam0-rgb,data/keypoints_ur_blazepose/adl/adl-35-cam0-rgb.npz,37,66,0,0,0,0.0077472227
ur-blazepose,ur-blazepose::adl-35-cam0-rgb,data/keypoints_ur_blazepose/adl/adl-35-cam0-rgb.npz,43,72,0,0,0,0.010820015
ur-blazepose,ur-blazepose::adl-35-cam0-rgb,data/keypoints_ur_blazepose/adl/adl-35-cam0-rgb.npz,49,78,0,0,0,0.014192079
ur-blazepose,ur-blazepose::adl-35-cam0-rgb,data/keypoints_ur_blazepose/adl/adl-35-cam0-rgb.npz,55,84,0,0,0,0.016808752
ur-blazepose,ur-blazepose::adl-35-cam0-rgb,data/keypoints_ur_blazepose/adl/adl-35-cam0-rgb.npz,61,90,0,0,0,0.017838025
ur-blazepose,ur-blazepose::adl-35-cam0-rgb,data/keypoints_ur_blazepose/adl/adl-35-cam0-rgb.npz,67,96,0,0,0,0.017731275
ur-blazepose,ur-blazepose::adl-35-cam0-rgb,data/keypoints_ur_blazepose/adl/adl-35-cam0-rgb.npz,73,102,0,0,0,0.017023154
ur-blazepose,ur-blazepose::adl-35-cam0-rgb,data/keypoints_ur_blazepose/adl/adl-35-cam0-rgb.npz,79,108,0,0,0,0.016228745
ur-blazepose,ur-blazepose::adl-35-cam0-rgb,data/keypoints_ur_blazepose/adl/adl-35-cam0-rgb.npz,85,114,0,0,0,0.016715335
ur-blazepose,ur-blazepose::adl-35-cam0-rgb,data/keypoints_ur_blazepose/adl/adl-35-cam0-rgb.npz,91,120,0,0,0,0.017464139
ur-blazepose,ur-blazepose::adl-35-cam0-rgb,data/keypoints_ur_blazepose/adl/adl-35-cam0-rgb.npz,97,126,0,0,0,0.017585043
ur-blazepose,ur-blazepose::adl-35-cam0-rgb,data/keypoints_ur_blazepose/adl/adl-35-cam0-rgb.npz,103,132,0,0,0,0.017992409
ur-blazepose,ur-blazepose::adl-35-cam0-rgb,data/keypoints_ur_blazepose/adl/adl-35-cam0-rgb.npz,109,138,0,0,0,0.06886286
ur-blazepose,ur-blazepose::adl-35-cam0-rgb,data/keypoints_ur_blazepose/adl/adl-35-cam0-rgb.npz,115,144,0,0,0,0.06362258
ur-blazepose,ur-blazepose::adl-35-cam0-rgb,data/keypoints_ur_blazepose/adl/adl-35-cam0-rgb.npz,121,150,0,0,0,0.068261415
ur-blazepose,ur-blazepose::adl-35-cam0-rgb,data/keypoints_ur_blazepose/adl/adl-35-cam0-rgb.npz,127,156,0,0,0,0.018396977
ur-blazepose,ur-blazepose::adl-35-cam0-rgb,data/keypoints_ur_blazepose/adl/adl-35-cam0-rgb.npz,133,162,0,0,0,0.04190577
ur-blazepose,ur-blazepose::adl-35-cam0-rgb,data/keypoints_ur_blazepose/adl/adl-35-cam0-rgb.npz,139,168,0,0,0,0.04006504
ur-blazepose,ur-blazepose::adl-35-cam0-rgb,data/keypoints_ur_blazepose/adl/adl-35-cam0-rgb.npz,145,174,0,0,0,0.040550403
ur-blazepose,ur-blazepose::adl-35-cam0-rgb,data/keypoints_ur_blazepose/adl/adl-35-cam0-rgb.npz,151,180,0,0,0,0.016718995
ur-blazepose,ur-blazepose::adl-35-cam0-rgb,data/keypoints_ur_blazepose/adl/adl-35-cam0-rgb.npz,157,186,0,0,0,0.007936733
ur-blazepose,ur-blazepose::adl-35-cam0-rgb,data/keypoints_ur_blazepose/adl/adl-35-cam0-rgb.npz,163,192,0,0,0,0.006634086
ur-blazepose,ur-blazepose::adl-35-cam0-rgb,data/keypoints_ur_blazepose/adl/adl-35-cam0-rgb.npz,169,198,0,0,0,0.010094593
ur-blazepose,ur-blazepose::adl-35-cam0-rgb,data/keypoints_ur_blazepose/adl/adl-35-cam0-rgb.npz,175,204,0,0,0,0.012659746
ur-blazepose,ur-blazepose::adl-35-cam0-rgb,data/keypoints_ur_blazepose/adl/adl-35-cam0-rgb.npz,181,210,0,0,0,0.01629063
ur-blazepose,ur-blazepose::adl-35-cam0-rgb,data/keypoints_ur_blazepose/adl/adl-35-cam0-rgb.npz,187,216,0,0,0,0.017486472
ur-blazepose,ur-blazepose::adl-35-cam0-rgb,data/keypoints_ur_blazepose/adl/adl-35-cam0-rgb.npz,193,222,0,0,0,0.009181726
ur-blazepose,ur-blazepose::adl-35-cam0-rgb,data/keypoints_ur_blazepose/adl/adl-35-cam0-rgb.npz,199,228,0,0,0,0.005941193
ur-blazepose,ur-blazepose::adl-35-cam0-rgb,data/keypoints_ur_blazepose/adl/adl-35-cam0-rgb.npz,205,234,0,0,0,0.004604165
ur-blazepose,ur-blazepose::adl-35-cam0-rgb,data/keypoints_ur_blazepose/adl/adl-35-cam0-rgb.npz,211,240,0,0,0,0.003514902
ur-blazepose,ur-blazepose::adl-35-cam0-rgb,data/keypoints_ur_blazepose/adl/adl-35-cam0-rgb.npz,217,246,0,0,0,0.0027639975
ur-blazepose,ur-blazepose::adl-35-cam0-rgb,data/keypoints_ur_blazepose/adl/adl-35-cam0-rgb.npz,223,252,0,0,0,0.00310229
ur-blazepose,ur-blazepose::adl-35-cam0-rgb,data/keypoints_ur_blazepose/adl/adl-35-cam0-rgb.npz,229,258,0,0,0,0.003650903
ur-blazepose,ur-blazepose::adl-35-cam0-rgb,data/keypoints_ur_blazepose/adl/adl-35-cam0-rgb.npz,235,264,0,0,0,0.0036730971
ur-blazepose,ur-blazepose::adl-35-cam0-rgb,data/keypoints_ur_blazepose/adl/adl-35-cam0-rgb.npz,241,270,0,0,0,0.0030423398
ur-blazepose,ur-blazepose::adl-35-cam0-rgb,data/keypoints_ur_blazepose/adl/adl-35-cam0-rgb.npz,247,276,0,0,0,0.0020533039
ur-blazepose,ur-blazepose::fall-08-cam0-rgb,data/keypoints_ur_blazepose/fall/fall-08-cam0-rgb.npz,1,30,0,0,0,0.04155223
ur-blazepose,ur-blazepose::fall-08-cam0-rgb,data/keypoints_ur_blazepose/fall/fall-08-cam0-rgb.npz,7,36,0,0,0,0.12728232
ur-blazepose,ur-blazepose::fall-08-cam0-rgb,data/keypoints_ur_blazepose/fall/fall-08-cam0-rgb.npz,13,42,1,1,1,0.43548027
ur-blazepose,ur-blazepose::fall-08-cam0-rgb,data/keypoints_ur_blazepose/fall/fall-08-cam0-rgb.npz,19,48,1,1,1,0.88113976
ur-blazepose,ur-blazepose::fall-08-cam0-rgb,data/keypoints_ur_blazepose/fall/fall-08-cam0-rgb.npz,25,54,1,1,1,0.9840636
ur-blazepose,ur-blazepose::fall-08-cam0-rgb,data/keypoints_ur_blazepose/fall/fall-08-cam0-rgb.npz,31,60,1,1,1,0.99263096
ur-blazepose,ur-blazepose::fall-08-cam0-rgb,data/keypoints_ur_blazepose/fall/fall-08-cam0-rgb.npz,37,66,1,1,1,0.9970061
ur-blazepose,ur-blazepose::fall-08-cam0-rgb,data/keypoints_ur_blazepose/fall/fall-08-cam0-rgb.npz,43,72,1,1,1,0.9983651
ur-blazepose,ur-blazepose::fall-08-cam0-rgb,data/keypoints_ur_blazepose/fall/fall-08-cam0-rgb.npz,49,78,1,1,1,0.9838704
ur-blazepose,ur-blazepose::fall-08-cam0-rgb,data/keypoints_ur_blazepose/fall/fall-08-cam0-rgb.npz,55,84,0,0,1,0.4721365
ur-blazepose,ur-blazepose::fall-08-cam0-rgb,data/keypoints_ur_blazepose/fall/fall-08-cam0-rgb.npz,61,90,0,0,0,0.14888354
ur-blazepose,ur-blazepose::fall-11-cam0-rgb,data/keypoints_ur_blazepose/fall/fall-11-cam0-rgb.npz,1,30,0,0,0,0.02000546
ur-blazepose,ur-blazepose::fall-11-cam0-rgb,data/keypoints_ur_blazepose/fall/fall-11-cam0-rgb.npz,7,36,0,0,0,0.03206804
ur-blazepose,ur-blazepose::fall-11-cam0-rgb,data/keypoints_ur_blazepose/fall/fall-11-cam0-rgb.npz,13,42,0,0,0,0.057761826
ur-blazepose,ur-blazepose::fall-11-cam0-rgb,data/keypoints_ur_blazepose/fall/fall-11-cam0-rgb.npz,19,48,0,0,0,0.12233497
ur-blazepose,ur-blazepose::fall-11-cam0-rgb,data/keypoints_ur_blazepose/fall/fall-11-cam0-rgb.npz,25,54,0,0,1,0.56497616
ur-blazepose,ur-blazepose::fall-11-cam0-rgb,data/keypoints_ur_blazepose/fall/fall-11-cam0-rgb.npz,31,60,1,1,1,0.99315107
ur-blazepose,ur-blazepose::fall-11-cam0-rgb,data/keypoints_ur_blazepose/fall/fall-11-cam0-rgb.npz,37,66,1,1,1,0.99984634
ur-blazepose,ur-blazepose::fall-11-cam0-rgb,data/keypoints_ur_blazepose/fall/fall-11-cam0-rgb.npz,43,72,1,1,1,0.9999379
ur-blazepose,ur-blazepose::fall-11-cam0-rgb,data/keypoints_ur_blazepose/fall/fall-11-cam0-rgb.npz,49,78,1,1,1,0.99988866
ur-blazepose,ur-blazepose::fall-11-cam0-rgb,data/keypoints_ur_blazepose/fall/fall-11-cam0-rgb.npz,55,84,1,1,1,0.99975735
ur-blazepose,ur-blazepose::fall-11-cam0-rgb,data/keypoints_ur_blazepose/fall/fall-11-cam0-rgb.npz,61,90,1,1,1,0.9992073
ur-blazepose,ur-blazepose::fall-11-cam0-rgb,data/keypoints_ur_blazepose/fall/fall-11-cam0-rgb.npz,67,96,1,1,1,0.99642783
ur-blazepose,ur-blazepose::fall-11-cam0-rgb,data/keypoints_ur_blazepose/fall/fall-11-cam0-rgb.npz,73,102,0,0,1,0.993192
ur-blazepose,ur-blazepose::fall-11-cam0-rgb,data/keypoints_ur_blazepose/fall/fall-11-cam0-rgb.npz,79,108,0,0,1,0.98672897
ur-blazepose,ur-blazepose::fall-11-cam0-rgb,data/keypoints_ur_blazepose/fall/fall-11-cam0-rgb.npz,85,114,0,0,0,0.27359912
ur-blazepose,ur-blazepose::fall-11-cam0-rgb,data/keypoints_ur_blazepose/fall/fall-11-cam0-rgb.npz,91,120,0,0,0,0.353477
ur-blazepose,ur-blazepose::fall-11-cam0-rgb,data/keypoints_ur_blazepose/fall/fall-11-cam0-rgb.npz,97,126,0,0,1,0.9883201
ur-blazepose,ur-blazepose::fall-15-cam0-rgb,data/keypoints_ur_blazepose/fall/fall-15-cam0-rgb.npz,1,30,0,0,0,0.22141266
ur-blazepose,ur-blazepose::fall-15-cam0-rgb,data/keypoints_ur_blazepose/fall/fall-15-cam0-rgb.npz,7,36,1,1,1,0.4480679
ur-blazepose,ur-blazepose::fall-15-cam0-rgb,data/keypoints_ur_blazepose/fall/fall-15-cam0-rgb.npz,13,42,1,1,1,0.83960813
ur-blazepose,ur-blazepose::fall-15-cam0-rgb,data/keypoints_ur_blazepose/fall/fall-15-cam0-rgb.npz,19,48,1,1,1,0.975138
ur-blazepose,ur-blazepose::fall-15-cam0-rgb,data/keypoints_ur_blazepose/fall/fall-15-cam0-rgb.npz,25,54,1,1,1,0.9954756
ur-blazepose,ur-blazepose::fall-15-cam0-rgb,data/keypoints_ur_blazepose/fall/fall-15-cam0-rgb.npz,31,60,1,1,1,0.997449
ur-blazepose,ur-blazepose::fall-15-cam0-rgb,data/keypoints_ur_blazepose/fall/fall-15-cam0-rgb.npz,37,66,1,1,1,0.9967024
ur-blazepose,ur-blazepose::fall-20-cam0-rgb,data/keypoints_ur_blazepose/fall/fall-20-cam0-rgb.npz,1,30,1,1,0,0.011564068
ur-blazepose,ur-blazepose::fall-20-cam0-rgb,data/keypoints_ur_blazepose/fall/fall-20-cam0-rgb.npz,7,36,1,1,0,0.013647346
ur-blazepose,ur-blazepose::fall-20-cam0-rgb,data/keypoints_ur_blazepose/fall/fall-20-cam0-rgb.npz,13,42,1,1,0,0.044444352
ur-blazepose,ur-blazepose::fall-20-cam0-rgb,data/keypoints_ur_blazepose/fall/fall-20-cam0-rgb.npz,19,48,1,1,0,0.19377969
ur-blazepose,ur-blazepose::fall-20-cam0-rgb,data/keypoints_ur_blazepose/fall/fall-20-cam0-rgb.npz,25,54,1,1,0,0.32901952
ur-blazepose,ur-blazepose::fall-20-cam0-rgb,data/keypoints_ur_blazepose/fall/fall-20-cam0-rgb.npz,31,60,1,1,1,0.43503878
ur-blazepose,ur-blazepose::fall-20-cam0-rgb,data/keypoints_ur_blazepose/fall/fall-20-cam0-rgb.npz,37,66,1,1,1,0.4757311
ur-blazepose,ur-blazepose::fall-20-cam0-rgb,data/keypoints_ur_blazepose/fall/fall-20-cam0-rgb.npz,43,72,0,0,1,0.46292734
ur-blazepose,ur-blazepose::fall-20-cam0-rgb,data/keypoints_ur_blazepose/fall/fall-20-cam0-rgb.npz,49,78,0,0,1,0.40983245
ur-blazepose,ur-blazepose::fall-20-cam0-rgb,data/keypoints_ur_blazepose/fall/fall-20-cam0-rgb.npz,55,84,0,0,0,0.37026778
ur-blazepose,ur-blazepose::fall-20-cam0-rgb,data/keypoints_ur_blazepose/fall/fall-20-cam0-rgb.npz,61,90,0,0,0,0.31723234
ur-blazepose,ur-blazepose::fall-20-cam0-rgb,data/keypoints_ur_blazepose/fall/fall-20-cam0-rgb.npz,67,96,0,0,0,0.31292856
ur-blazepose,ur-blazepose::fall-20-cam0-rgb,data/keypoints_ur_blazepose/fall/fall-20-cam0-rgb.npz,73,102,0,0,0,0.2942997
ur-blazepose,ur-blazepose::fall-20-cam0-rgb,data/keypoints_ur_blazepose/fall/fall-20-cam0-rgb.npz,79,108,0,0,0,0.2691012
ur-blazepose,ur-blazepose::fall-21-cam0-rgb,data/keypoints_ur_blazepose/fall/fall-21-cam0-rgb.npz,1,30,1,1,0,0.36805442
ur-blazepose,ur-blazepose::fall-21-cam0-rgb,data/keypoints_ur_blazepose/fall/fall-21-cam0-rgb.npz,7,36,1,1,1,0.66740936
ur-blazepose,ur-blazepose::fall-21-cam0-rgb,data/keypoints_ur_blazepose/fall/fall-21-cam0-rgb.npz,13,42,1,1,1,0.86619693
ur-blazepose,ur-blazepose::fall-21-cam0-rgb,data/keypoints_ur_blazepose/fall/fall-21-cam0-rgb.npz,19,48,1,1,1,0.9460183
ur-blazepose,ur-blazepose::fall-21-cam0-rgb,data/keypoints_ur_blazepose/fall/fall-21-cam0-rgb.npz,25,54,1,1,1,0.92571425
ur-blazepose,ur-blazepose::fall-30-cam0-rgb,data/keypoints_ur_blazepose/fall/fall-30-cam0-rgb.npz,1,30,0,0,0,0.03554435
ur-blazepose,ur-blazepose::fall-30-cam0-rgb,data/keypoints_ur_blazepose/fall/fall-30-cam0-rgb.npz,7,36,1,1,0,0.11968327
ur-blazepose,ur-blazepose::fall-30-cam0-rgb,data/keypoints_ur_blazepose/fall/fall-30-cam0-rgb.npz,13,42,1,1,1,0.44144854
ur-blazepose,ur-blazepose::fall-30-cam0-rgb,data/keypoints_ur_blazepose/fall/fall-30-cam0-rgb.npz,19,48,1,1,1,0.8783773
ur-blazepose,ur-blazepose::fall-30-cam0-rgb,data/keypoints_ur_blazepose/fall/fall-30-cam0-rgb.npz,25,54,1,1,1,0.98968154
ur-blazepose,ur-blazepose::fall-30-cam0-rgb,data/keypoints_ur_blazepose/fall/fall-30-cam0-rgb.npz,31,60,1,1,1,0.9976739
ur-blazepose,ur-blazepose::fall-30-cam0-rgb,data/keypoints_ur_blazepose/fall/fall-30-cam0-rgb.npz,37,66,1,1,1,0.99900657
le2i-blazepose,le2i-blazepose::Coffee_room_01_video_1,data/keypoints_le2i_blazepose/Coffee_room_01_video_1.npz,1,25,0,0,0,0.0023347293
le2i-blazepose,le2i-blazepose::Coffee_room_01_video_1,data/keypoints_le2i_blazepose/Coffee_room_01_video_1.npz,6,30,0,0,0,0.004579425
le2i-blazepose,le2i-blazepose::Coffee_room_01_video_1,data/keypoints_le2i_blazepose/Coffee_room_01_video_1.npz,11,35,0,0,0,0.011147982
le2i-blazepose,le2i-blazepose::Coffee_room_01_video_1,data/keypoints_le2i_blazepose/Coffee_room_01_video_1.npz,16,40,0,0,0,0.025706928
le2i-blazepose,le2i-blazepose::Coffee_room_01_video_1,data/keypoints_le2i_blazepose/Coffee_room_01_video_1.npz,21,45,0,0,0,0.14480615
le2i-blazepose,le2i-blazepose::Coffee_room_01_video_1,data/keypoints_le2i_blazepose/Coffee_room_01_video_1.npz,26,50,0,0,1,0.64770937
le2i-blazepose,le2i-blazepose::Coffee_room_01_video_1,data/keypoints_le2i_blazepose/Coffee_room_01_video_1.npz,31,55,1,1,1,0.9624737
le2i-blazepose,le2i-blazepose::Coffee_room_01_video_1,data/keypoints_le2i_blazepose/Coffee_room_01_video_1.npz,36,60,1,1,1,0.99313354
le2i-blazepose,le2i-blazepose::Coffee_room_01_video_1,data/keypoints_le2i_blazepose/Coffee_room_01_video_1.npz,41,65,1,1,1,0.99683654
le2i-blazepose,le2i-blazepose::Coffee_room_01_video_1,data/keypoints_le2i_blazepose/Coffee_room_01_video_1.npz,46,70,1,1,1,0.9969427
le2i-blazepose,le2i-blazepose::Coffee_room_01_video_1,data/keypoints_le2i_blazepose/Coffee_room_01_video_1.npz,51,75,1,1,1,0.9916065
le2i-blazepose,le2i-blazepose::Coffee_room_01_video_1,data/keypoints_le2i_blazepose/Coffee_room_01_video_1.npz,56,80,1,1,1,0.9758981
le2i-blazepose,le2i-blazepose::Coffee_room_01_video_1,data/keypoints_le2i_blazepose/Coffee_room_01_video_1.npz,61,85,1,1,0,0.28073815
le2i-blazepose,le2i-blazepose::Coffee_room_01_video_1,data/keypoints_le2i_blazepose/Coffee_room_01_video_1.npz,66,90,1,1,0,0.10409525
le2i-blazepose,le2i-blazepose::Coffee_room_01_video_1,data/keypoints_le2i_blazepose/Coffee_room_01_video_1.npz,71,95,1,1,0,0.11892794
le2i-blazepose,le2i-blazepose::Coffee_room_01_video_1,data/keypoints_le2i_blazepose/Coffee_room_01_video_1.npz,76,100,0,0,0,0.032971792
le2i-blazepose,le2i-blazepose::Coffee_room_01_video_1,data/keypoints_le2i_blazepose/Coffee_room_01_video_1.npz,81,105,0,0,0,0.032884583
le2i-blazepose,le2i-blazepose::Coffee_room_01_video_1,data/keypoints_le2i_blazepose/Coffee_room_01_video_1.npz,86,110,0,0,0,0.03292627
le2i-blazepose,le2i-blazepose::Coffee_room_01_video_1,data/keypoints_le2i_blazepose/Coffee_room_01_video_1.npz,91,115,0,0,0,0.0328123
le2i-blazepose,le2i-blazepose::Coffee_room_01_video_1,data/keypoints_le2i_blazepose/Coffee_room_01_video_1.npz,96,120,0,0,0,0.022229724
le2i-blazepose,le2i-blazepose::Coffee_room_01_video_1,data/keypoints_le2i_blazepose/Coffee_room_01_video_1.npz,101,125,0,0,0,0.022208156
le2i-blazepose,le2i-blazepose::Coffee_room_01_video_1,data/keypoints_le2i_blazepose/Coffee_room_01_video_1.npz,106,130,0,0,0,0.022282103
le2i-blazepose,le2i-blazepose::Coffee_room_01_video_1,data/keypoints_le2i_blazepose/Coffee_room_01_video_1.npz,111,135,0,0,0,0.022416735
le2i-blazepose,le2i-blazepose::Coffee_room_01_video_1,data/keypoints_le2i_blazepose/Coffee_room_01_video_1.npz,116,140,0,0,0,0.022227112
le2i-blazepose,le2i-blazepose::Coffee_room_01_video_1,data/keypoints_le2i_blazepose/Coffee_room_01_video_1.npz,121,145,0,0,0,0.022304066
le2i-blazepose,le2i-blazepose::Coffee_room_01_video_1,data/keypoints_le2i_blazepose/Coffee_room_01_video_1.npz,126,150,0,0,0,0.022278553
le2i-blazepose,le2i-blazepose::Coffee_room_01_video_1,data/keypoints_le2i_blazepose/Coffee_room_01_video_1.npz,131,155,0,0,0,0.022370698
le2i-blazepose,le2i-blazepose::Coffee_room_01_video_13,data/keypoints_le2i_blazepose/Coffee_room_01_video_13.npz,1,25,0,0,0,0.05729614
le2i-blazepose,le2i-blazepose::Coffee_room_01_video_13,data/keypoints_le2i_blazepose/Coffee_room_01_video_13.npz,6,30,0,0,0,0.059662905
le2i-blazepose,le2i-blazepose::Coffee_room_01_video_13,data/keypoints_le2i_blazepose/Coffee_room_01_video_13.npz,11,35,0,0,0,0.043935254
le2i-blazepose,le2i-blazepose::Coffee_room_01_video_13,data/keypoints_le2i_blazepose/Coffee_room_01_video_13.npz,16,40,0,0,0,0.02932127
le2i-blazepose,le2i-blazepose::Coffee_room_01_video_13,data/keypoints_le2i_blazepose/Coffee_room_01_video_13.npz,21,45,0,0,0,0.02024102
le2i-blazepose,le2i-blazepose::Coffee_room_01_video_13,data/keypoints_le2i_blazepose/Coffee_room_01_video_13.npz,26,50,0,0,0,0.016948026
le2i-blazepose,le2i-blazepose::Coffee_room_01_video_13,data/keypoints_le2i_blazepose/Coffee_room_01_video_13.npz,31,55,0,0,0,0.016563596
le2i-blazepose,le2i-blazepose::Coffee_room_01_video_13,data/keypoints_le2i_blazepose/Coffee_room_01_video_13.npz,36,60,0,0,0,0.015545983
le2i-blazepose,le2i-blazepose::Coffee_room_01_video_13,data/keypoints_le2i_blazepose/Coffee_room_01_video_13.npz,41,65,0,0,0,0.01559676
le2i-blazepose,le2i-blazepose::Coffee_room_01_video_13,data/keypoints_le2i_blazepose/Coffee_room_01_video_13.npz,46,70,0,0,0,0.014782907
le2i-blazepose,le2i-blazepose::Coffee_room_01_video_13,data/keypoints_le2i_blazepose/Coffee_room_01_video_13.npz,51,75,0,0,0,0.014250205
le2i-blazepose,le2i-blazepose::Coffee_room_01_video_13,data/keypoints_le2i_blazepose/Coffee_room_01_video_13.npz,56,80,0,0,0,0.013893734
le2i-blazepose,le2i-blazepose::Coffee_room_01_video_13,data/keypoints_le2i_blazepose/Coffee_room_01_video_13.npz,61,85,0,0,0,0.014639292
le2i-blazepose,le2i-blazepose::Coffee_room_01_video_13,data/keypoints_le2i_blazepose/Coffee_room_01_video_13.npz,66,90,0,0,0,0.019804014
le2i-blazepose,le2i-blazepose::Coffee_room_01_video_13,data/keypoints_le2i_blazepose/Coffee_room_01_video_13.npz,71,95,0,0,0,0.042438053
le2i-blazepose,le2i-blazepose::Coffee_room_01_video_13,data/keypoints_le2i_blazepose/Coffee_room_01_video_13.npz,76,100,0,0,0,0.2441778
le2i-blazepose,le2i-blazepose::Coffee_room_01_video_13,data/keypoints_le2i_blazepose/Coffee_room_01_video_13.npz,81,105,1,1,1,0.87844825
le2i-blazepose,le2i-blazepose::Coffee_room_01_video_13,data/keypoints_le2i_blazepose/Coffee_room_01_video_13.npz,86,110,1,1,1,0.91261613
le2i-blazepose,le2i-blazepose::Coffee_room_01_video_13,data/keypoints_le2i_blazepose/Coffee_room_01_video_13.npz,91,115,1,1,1,0.7850421
le2i-blazepose,le2i-blazepose::Coffee_room_01_video_13,data/keypoints_le2i_blazepose/Coffee_room_01_video_13.npz,96,120,1,1,1,0.5416635
le2i-blazepose,le2i-blazepose::Coffee_room_01_video_13,data/keypoints_le2i_blazepose/Coffee_room_01_video_13.npz,101,125,1,1,0,0.21202914
le2i-blazepose,le2i-blazepose::Coffee_room_01_video_13,data/keypoints_le2i_blazepose/Coffee_room_01_video_13.npz,106,130,1,1,0,0.026446616
le2i-blazepose,le2i-blazepose::Coffee_room_01_video_13,data/keypoints_le2i_blazepose/Coffee_room_01_video_13.npz,111,135,0,0,0,0.009788255
le2i-blazepose,le2i-blazepose::Coffee_room_01_video_13,data/keypoints_le2i_blazepose/Coffee_room_01_video_13.npz,116,140,0,0,0,0.010091201
le2i-blazepose,le2i-blazepose::Coffee_room_01_video_13,data/keypoints_le2i_blazepose/Coffee_room_01_video_13.npz,121,145,0,0,0,0.010130919
le2i-blazepose,le2i-blazepose::Coffee_room_01_video_13,data/keypoints_le2i_blazepose/Coffee_room_01_video_13.npz,126,150,0,0,0,0.01009446
le2i-blazepose,le2i-blazepose::Coffee_room_01_video_13,data/keypoints_le2i_blazepose/Coffee_room_01_video_13.npz,131,155,0,0,0,0.010075447
le2i-blazepose,le2i-blazepose::Coffee_room_01_video_13,data/keypoints_le2i_blazepose/Coffee_room_01_video_13.npz,136,160,0,0,0,0.005301653
le2i-blazepose,le2i-blazepose::Coffee_room_01_video_13,data/keypoints_le2i_blazepose/Coffee_room_01_video_13.npz,141,165,0,0,0,0.0053169085
le2i-blazepose,le2i-blazepose::Coffee_room_01_video_13,data/keypoints_le2i_blazepose/Coffee_room_01_video_13.npz,146,170,0,0,0,0.005257734
le2i-blazepose,le2i-blazepose::Coffee_room_01_video_13,data/keypoints_le2i_blazepose/Coffee_room_01_video_13.npz,151,175,0,0,0,0.00526648
le2i-blazepose,le2i-blazepose::Coffee_room_01_video_13,data/keypoints_le2i_blazepose/Coffee_room_01_video_13.npz,156,180,0,0,0,0.005290407
le2i-blazepose,le2i-blazepose::Coffee_room_01_video_13,data/keypoints_le2i_blazepose/Coffee_room_01_video_13.npz,161,185,0,0,0,0.0060397224
le2i-blazepose,le2i-blazepose::Coffee_room_01_video_13,data/keypoints_le2i_blazepose/Coffee_room_01_video_13.npz,166,190,0,0,0,0.006028498
le2i-blazepose,le2i-blazepose::Coffee_room_01_video_13,data/keypoints_le2i_blazepose/Coffee_room_01_video_13.npz,171,195,0,0,0,0.006055148
le2i-blazepose,le2i-blazepose::Coffee_room_01_video_13,data/keypoints_le2i_blazepose/Coffee_room_01_video_13.npz,176,200,0,0,0,0.0060802735
le2i-blazepose,le2i-blazepose::Coffee_room_01_video_13,data/keypoints_le2i_blazepose/Coffee_room_01_video_13.npz,181,205,0,0,0,0.006038543
le2i-blazepose,le2i-blazepose::Coffee_room_01_video_13,data/keypoints_le2i_blazepose/Coffee_room_01_video_13.npz,186,210,0,0,0,0.005280522
le2i-blazepose,le2i-blazepose::Coffee_room_01_video_13,data/keypoints_le2i_blazepose/Coffee_room_01_video_13.npz,191,215,0,0,0,0.005238149
le2i-blazepose,le2i-blazepose::Coffee_room_01_video_13,data/keypoints_le2i_blazepose/Coffee_room_01_video_13.npz,196,220,0,0,0,0.0052284226
le2i-blazepose,le2i-blazepose::Coffee_room_01_video_13,data/keypoints_le2i_blazepose/Coffee_room_01_video_13.npz,201,225,0,0,0,0.0052378187
le2i-blazepose,le2i-blazepose::Coffee_room_01_video_13,data/keypoints_le2i_blazepose/Coffee_room_01_video_13.npz,206,230,0,0,0,0.005238984
le2i-blazepose,le2i-blazepose::Coffee_room_01_video_13,data/keypoints_le2i_blazepose/Coffee_room_01_video_13.npz,211,235,0,0,0,0.0053192317
le2i-blazepose,le2i-blazepose::Coffee_room_01_video_13,data/keypoints_le2i_blazepose/Coffee_room_01_video_13.npz,216,240,0,0,0,0.005298265
le2i-blazepose,le2i-blazepose::Coffee_room_01_video_18,data/keypoints_le2i_blazepose/Coffee_room_01_video_18.npz,1,25,0,0,0,0.0012807046
le2i-blazepose,le2i-blazepose::Coffee_room_01_video_18,data/keypoints_le2i_blazepose/Coffee_room_01_video_18.npz,6,30,0,0,0,0.0014259544
le2i-blazepose,le2i-blazepose::Coffee_room_01_video_18,data/keypoints_le2i_blazepose/Coffee_room_01_video_18.npz,11,35,0,0,0,0.0015437831
le2i-blazepose,le2i-blazepose::Coffee_room_01_video_18,data/keypoints_le2i_blazepose/Coffee_room_01_video_18.npz,16,40,0,0,0,0.0015487686
le2i-blazepose,le2i-blazepose::Coffee_room_01_video_18,data/keypoints_le2i_blazepose/Coffee_room_01_video_18.npz,21,45,0,0,0,0.0016942596
le2i-blazepose,le2i-blazepose::Coffee_room_01_video_18,data/keypoints_le2i_blazepose/Coffee_room_01_video_18.npz,26,50,0,0,0,0.0018616181
le2i-blazepose,le2i-blazepose::Coffee_room_01_video_18,data/keypoints_le2i_blazepose/Coffee_room_01_video_18.npz,31,55,0,0,0,0.001996116
le2i-blazepose,le2i-blazepose::Coffee_room_01_video_18,data/keypoints_le2i_blazepose/Coffee_room_01_video_18.npz,36,60,0,0,0,0.0021849026
le2i-blazepose,le2i-blazepose::Coffee_room_01_video_18,data/keypoints_le2i_blazepose/Coffee_room_01_video_18.npz,41,65,0,0,0,0.0023425305
le2i-blazepose,le2i-blazepose::Coffee_room_01_video_18,data/keypoints_le2i_blazepose/Coffee_room_01_video_18.npz,46,70,0,0,0,0.0024118554
le2i-blazepose,le2i-blazepose::Coffee_room_01_video_18,data/keypoints_le2i_blazepose/Coffee_room_01_video_18.npz,51,75,0,0,0,0.002508548
le2i-blazepose,le2i-blazepose::Coffee_room_01_video_18,data/keypoints_le2i_blazepose/Coffee_room_01_video_18.npz,56,80,0,0,0,0.0029907452
le2i-blazepose,le2i-blazepose::Coffee_room_01_video_18,data/keypoints_le2i_blazepose/Coffee_room_01_video_18.npz,61,85,0,0,0,0.0036038854
le2i-blazepose,le2i-blazepose::Coffee_room_01_video_18,data/keypoints_le2i_blazepose/Coffee_room_01_video_18.npz,66,90,0,0,0,0.0037481776
le2i-blazepose,le2i-blazepose::Coffee_room_01_video_18,data/keypoints_le2i_blazepose/Coffee_room_01_video_18.npz,71,95,0,0,0,0.0034688439
le2i-blazepose,le2i-blazepose::Coffee_room_01_video_18,data/keypoints_le2i_blazepose/Coffee_room_01_video_18.npz,76,100,0,0,0,0.0029333169
le2i-blazepose,le2i-blazepose::Coffee_room_01_video_18,data/keypoints_le2i_blazepose/Coffee_room_01_video_18.npz,81,105,0,0,0,0.001972531
le2i-blazepose,le2i-blazepose::Coffee_room_01_video_18,data/keypoints_le2i_blazepose/Coffee_room_01_video_18.npz,86,110,0,0,0,0.0017774641
le2i-blazepose,le2i-blazepose::Coffee_room_01_video_18,data/keypoints_le2i_blazepose/Coffee_room_01_video_18.npz,91,115,0,0,0,0.0019810295
le2i-blazepose,le2i-blazepose::Coffee_room_01_video_18,data/keypoints_le2i_blazepose/Coffee_room_01_video_18.npz,96,120,0,0,0,0.0022676704
le2i-blazepose,le2i-blazepose::Coffee_room_01_video_18,data/keypoints_le2i_blazepose/Coffee_room_01_video_18.npz,101,125,0,0,0,0.00381718
le2i-blazepose,le2i-blazepose::Coffee_room_01_video_18,data/keypoints_le2i_blazepose/Coffee_room_01_video_18.npz,106,130,0,0,0,0.0042422684
le2i-blazepose,le2i-blazepose::Coffee_room_01_video_18,data/keypoints_le2i_blazepose/Coffee_room_01_video_18.npz,111,135,0,0,0,0.0038702588
le2i-blazepose,le2i-blazepose::Coffee_room_01_video_18,data/keypoints_le2i_blazepose/Coffee_room_01_video_18.npz,116,140,0,0,0,0.004056992
le2i-blazepose,le2i-blazepose::Coffee_room_01_video_18,data/keypoints_le2i_blazepose/Coffee_room_01_video_18.npz,121,145,0,0,0,0.0038057687
le2i-blazepose,le2i-blazepose::Coffee_room_01_video_18,data/keypoints_le2i_blazepose/Coffee_room_01_video_18.npz,126,150,0,0,0,0.00580612
le2i-blazepose,le2i-blazepose::Coffee_room_01_video_18,data/keypoints_le2i_blazepose/Coffee_room_01_video_18.npz,131,155,0,0,0,0.01598344
le2i-blazepose,le2i-blazepose::Coffee_room_01_video_18,data/keypoints_le2i_blazepose/Coffee_room_01_video_18.npz,136,160,0,0,0,0.11593215
le2i-blazepose,le2i-blazepose::Coffee_room_01_video_18,data/keypoints_le2i_blazepose/Coffee_room_01_video_18.npz,141,165,1,1,1,0.87247664
le2i-blazepose,le2i-blazepose::Coffee_room_01_video_18,data/keypoints_le2i_blazepose/Coffee_room_01_video_18.npz,146,170,1,1,1,0.9883994
le2i-blazepose,le2i-blazepose::Coffee_room_01_video_18,data/keypoints_le2i_blazepose/Coffee_room_01_video_18.npz,151,175,1,1,1,0.9967192
le2i-blazepose,le2i-blazepose::Coffee_room_01_video_18,data/keypoints_le2i_blazepose/Coffee_room_01_video_18.npz,156,180,1,1,1,0.99838257
le2i-blazepose,le2i-blazepose::Coffee_room_01_video_18,data/keypoints_le2i_blazepose/Coffee_room_01_video_18.npz,161,185,1,1,1,0.99900085
le2i-blazepose,le2i-blazepose::Coffee_room_01_video_18,data/keypoints_le2i_blazepose/Coffee_room_01_video_18.npz,166,190,1,1,1,0.99300635
le2i-blazepose,le2i-blazepose::Coffee_room_01_video_18,data/keypoints_le2i_blazepose/Coffee_room_01_video_18.npz,171,195,1,1,0,0.20886485
le2i-blazepose,le2i-blazepose::Coffee_room_01_video_18,data/keypoints_le2i_blazepose/Coffee_room_01_video_18.npz,176,200,1,1,0,0.18676472
le2i-blazepose,le2i-blazepose::Coffee_room_01_video_18,data/keypoints_le2i_blazepose/Coffee_room_01_video_18.npz,181,205,0,0,0,0.20266393
le2i-blazepose,le2i-blazepose::Coffee_room_01_video_18,data/keypoints_le2i_blazepose/Coffee_room_01_video_18.npz,186,210,0,0,0,0.23565957
le2i-blazepose,le2i-blazepose::Coffee_room_01_video_18,data/keypoints_le2i_blazepose/Coffee_room_01_video_18.npz,191,215,0,0,0,0.22322585
le2i-blazepose,le2i-blazepose::Coffee_room_01_video_18,data/keypoints_le2i_blazepose/Coffee_room_01_video_18.npz,196,220,0,0,0,0.22325261
le2i-blazepose,le2i-blazepose::Coffee_room_01_video_18,data/keypoints_le2i_blazepose/Coffee_room_01_video_18.npz,201,225,0,0,0,0.22710247
le2i-blazepose,le2i-blazepose::Coffee_room_01_video_18,data/keypoints_le2i_blazepose/Coffee_room_01_video_18.npz,206,230,0,0,0,0.22943088
le2i-blazepose,le2i-blazepose::Coffee_room_01_video_18,data/keypoints_le2i_blazepose/Coffee_room_01_video_18.npz,211,235,0,0,0,0.18100215
le2i-blazepose,le2i-blazepose::Coffee_room_01_video_18,data/keypoints_le2i_blazepose/Coffee_room_01_video_18.npz,216,240,0,0,0,0.18131976
le2i-blazepose,le2i-blazepose::Coffee_room_01_video_18,data/keypoints_le2i_blazepose/Coffee_room_01_video_18.npz,221,245,0,0,0,0.22373573
le2i-blazepose,le2i-blazepose::Coffee_room_01_video_18,data/keypoints_le2i_blazepose/Coffee_room_01_video_18.npz,226,250,0,0,0,0.22458439
le2i-blazepose,le2i-blazepose::Coffee_room_01_video_18,data/keypoints_le2i_blazepose/Coffee_room_01_video_18.npz,231,255,0,0,0,0.22618793
le2i-blazepose,le2i-blazepose::Coffee_room_01_video_18,data/keypoints_le2i_blazepose/Coffee_room_01_video_18.npz,236,260,0,0,0,0.22846991
le2i-blazepose,le2i-blazepose::Coffee_room_01_video_18,data/keypoints_le2i_blazepose/Coffee_room_01_video_18.npz,241,265,0,0,0,0.2266776
le2i-blazepose,le2i-blazepose::Coffee_room_01_video_2,data/keypoints_le2i_blazepose/Coffee_room_01_video_2.npz,1,25,0,0,0,0.1619381
le2i-blazepose,le2i-blazepose::Coffee_room_01_video_2,data/keypoints_le2i_blazepose/Coffee_room_01_video_2.npz,6,30,0,0,0,0.010716426
le2i-blazepose,le2i-blazepose::Coffee_room_01_video_2,data/keypoints_le2i_blazepose/Coffee_room_01_video_2.npz,11,35,0,0,0,0.009561301
le2i-blazepose,le2i-blazepose::Coffee_room_01_video_2,data/keypoints_le2i_blazepose/Coffee_room_01_video_2.npz,16,40,0,0,0,0.05311721
le2i-blazepose,le2i-blazepose::Coffee_room_01_video_2,data/keypoints_le2i_blazepose/Coffee_room_01_video_2.npz,21,45,0,0,0,0.06343236
le2i-blazepose,le2i-blazepose::Coffee_room_01_video_2,data/keypoints_le2i_blazepose/Coffee_room_01_video_2.npz,26,50,0,0,0,0.06888895
le2i-blazepose,le2i-blazepose::Coffee_room_01_video_2,data/keypoints_le2i_blazepose/Coffee_room_01_video_2.npz,31,55,0,0,0,0.04569193
le2i-blazepose,le2i-blazepose::Coffee_room_01_video_2,data/keypoints_le2i_blazepose/Coffee_room_01_video_2.npz,36,60,0,0,0,0.038341276
le2i-blazepose,le2i-blazepose::Coffee_room_01_video_2,data/keypoints_le2i_blazepose/Coffee_room_01_video_2.npz,41,65,0,0,0,0.032599494
le2i-blazepose,le2i-blazepose::Coffee_room_01_video_2,data/keypoints_le2i_blazepose/Coffee_room_01_video_2.npz,46,70,0,0,0,0.023555722
le2i-blazepose,le2i-blazepose::Coffee_room_01_video_2,data/keypoints_le2i_blazepose/Coffee_room_01_video_2.npz,51,75,0,0,0,0.018402005
le2i-blazepose,le2i-blazepose::Coffee_room_01_video_2,data/keypoints_le2i_blazepose/Coffee_room_01_video_2.npz,56,80,0,0,0,0.016735213
le2i-blazepose,le2i-blazepose::Coffee_room_01_video_2,data/keypoints_le2i_blazepose/Coffee_room_01_video_2.npz,61,85,0,0,0,0.013838818
le2i-blazepose,le2i-blazepose::Coffee_room_01_video_2,data/keypoints_le2i_blazepose/Coffee_room_01_video_2.npz,66,90,0,0,0,0.012242071
le2i-blazepose,le2i-blazepose::Coffee_room_01_video_2,data/keypoints_le2i_blazepose/Coffee_room_01_video_2.npz,71,95,0,0,0,0.012275068
le2i-blazepose,le2i-blazepose::Coffee_room_01_video_2,data/keypoints_le2i_blazepose/Coffee_room_01_video_2.npz,76,100,0,0,0,0.011724295
le2i-blazepose,le2i-blazepose::Coffee_room_01_video_2,data/keypoints_le2i_blazepose/Coffee_room_01_video_2.npz,81,105,0,0,0,0.011109864
le2i-blazepose,le2i-blazepose::Coffee_room_01_video_2,data/keypoints_le2i_blazepose/Coffee_room_01_video_2.npz,86,110,0,0,0,0.010761552
le2i-blazepose,le2i-blazepose::Coffee_room_01_video_2,data/keypoints_le2i_blazepose/Coffee_room_01_video_2.npz,91,115,0,0,0,0.010437717
le2i-blazepose,le2i-blazepose::Coffee_room_01_video_2,data/keypoints_le2i_blazepose/Coffee_room_01_video_2.npz,96,120,0,0,0,0.009778657
le2i-blazepose,le2i-blazepose::Coffee_room_01_video_2,data/keypoints_le2i_blazepose/Coffee_room_01_video_2.npz,101,125,0,0,0,0.013826293
le2i-blazepose,le2i-blazepose::Coffee_room_01_video_2,data/keypoints_le2i_blazepose/Coffee_room_01_video_2.npz,106,130,0,0,0,0.0726122
le2i-blazepose,le2i-blazepose::Coffee_room_01_video_2,data/keypoints_le2i_blazepose/Coffee_room_01_video_2.npz,111,135,0,0,0,0.0075636273
le2i-blazepose,le2i-blazepose::Coffee_room_01_video_2,data/keypoints_le2i_blazepose/Coffee_room_01_video_2.npz,116,140,0,0,0,0.007351131
le2i-blazepose,le2i-blazepose::Coffee_room_01_video_2,data/keypoints_le2i_blazepose/Coffee_room_01_video_2.npz,121,145,0,0,0,0.0072857835
le2i-blazepose,le2i-blazepose::Coffee_room_01_video_2,data/keypoints_le2i_blazepose/Coffee_room_01_video_2.npz,126,150,0,0,0,0.00786375
le2i-blazepose,le2i-blazepose::Coffee_room_01_video_2,data/keypoints_le2i_blazepose/Coffee_room_01_video_2.npz,131,155,0,0,0,0.008444524
le2i-blazepose,le2i-blazepose::Coffee_room_01_video_2,data/keypoints_le2i_blazepose/Coffee_room_01_video_2.npz,136,160,0,0,0,0.00858168
le2i-blazepose,le2i-blazepose::Coffee_room_01_video_2,data/keypoints_le2i_blazepose/Coffee_room_01_video_2.npz,141,165,0,0,0,0.008665259
le2i-blazepose,le2i-blazepose::Coffee_room_01_video_2,data/keypoints_le2i_blazepose/Coffee_room_01_video_2.npz,146,170,0,0,0,0.009531209
le2i-blazepose,le2i-blazepose::Coffee_room_01_video_2,data/keypoints_le2i_blazepose/Coffee_room_01_video_2.npz,151,175,0,0,0,0.013313366
le2i-blazepose,le2i-blazepose::Coffee_room_01_video_2,data/keypoints_le2i_blazepose/Coffee_room_01_video_2.npz,156,180,0,0,0,0.017505677
le2i-blazepose,le2i-blazepose::Coffee_room_01_video_2,data/keypoints_le2i_blazepose/Coffee_room_01_video_2.npz,161,185,0,0,0,0.02718869
le2i-blazepose,le2i-blazepose::Coffee_room_01_video_2,data/keypoints_le2i_blazepose/Coffee_room_01_video_2.npz,166,190,0,0,0,0.07658592
le2i-blazepose,le2i-blazepose::Coffee_room_01_video_2,data/keypoints_le2i_blazepose/Coffee_room_01_video_2.npz,171,195,0,0,0,0.2774081
le2i-blazepose,le2i-blazepose::Coffee_room_01_video_2,data/keypoints_le2i_blazepose/Coffee_room_01_video_2.npz,176,200,1,1,1,0.76163304
le2i-blazepose,le2i-blazepose::Coffee_room_01_video_2,data/keypoints_le2i_blazepose/Coffee_room_01_video_2.npz,181,205,1,1,1,0.88659215
le2i-blazepose,le2i-blazepose::Coffee_room_01_video_2,data/keypoints_le2i_blazepose/Coffee_room_01_video_2.npz,186,210,1,1,1,0.91549206
le2i-blazepose,le2i-blazepose::Coffee_room_01_video_2,data/keypoints_le2i_blazepose/Coffee_room_01_video_2.npz,191,215,1,1,1,0.9124038
le2i-blazepose,le2i-blazepose::Coffee_room_01_video_2,data/keypoints_le2i_blazepose/Coffee_room_01_video_2.npz,196,220,1,1,1,0.89521563
le2i-blazepose,le2i-blazepose::Coffee_room_01_video_2,data/keypoints_le2i_blazepose/Coffee_room_01_video_2.npz,201,225,1,1,1,0.8911889
le2i-blazepose,le2i-blazepose::Coffee_room_01_video_2,data/keypoints_le2i_blazepose/Coffee_room_01_video_2.npz,206,230,1,1,1,0.8932228
le2i-blazepose,le2i-blazepose::Coffee_room_01_video_2,data/keypoints_le2i_blazepose/Coffee_room_01_video_2.npz,211,235,1,1,1,0.89017636
le2i-blazepose,le2i-blazepose::Coffee_room_01_video_2,data/keypoints_le2i_blazepose/Coffee_room_01_video_2.npz,216,240,0,0,1,0.88661534
le2i-blazepose,le2i-blazepose::Coffee_room_01_video_2,data/keypoints_le2i_blazepose/Coffee_room_01_video_2.npz,221,245,0,0,1,0.88725525
le2i-blazepose,le2i-blazepose::Coffee_room_01_video_2,data/keypoints_le2i_blazepose/Coffee_room_01_video_2.npz,226,250,0,0,1,0.88893455
le2i-blazepose,le2i-blazepose::Coffee_room_01_video_2,data/keypoints_le2i_blazepose/Coffee_room_01_video_2.npz,231,255,0,0,1,0.8887886
le2i-blazepose,le2i-blazepose::Coffee_room_01_video_2,data/keypoints_le2i_blazepose/Coffee_room_01_video_2.npz,236,260,0,0,1,0.885531
le2i-blazepose,le2i-blazepose::Coffee_room_01_video_2,data/keypoints_le2i_blazepose/Coffee_room_01_video_2.npz,241,265,0,0,1,0.8862164
le2i-blazepose,le2i-blazepose::Coffee_room_01_video_2,data/keypoints_le2i_blazepose/Coffee_room_01_video_2.npz,246,270,0,0,1,0.8842067
le2i-blazepose,le2i-blazepose::Coffee_room_01_video_2,data/keypoints_le2i_blazepose/Coffee_room_01_video_2.npz,251,275,0,0,1,0.88696444
le2i-blazepose,le2i-blazepose::Coffee_room_01_video_2,data/keypoints_le2i_blazepose/Coffee_room_01_video_2.npz,256,280,0,0,1,0.8886335
le2i-blazepose,le2i-blazepose::Coffee_room_01_video_2,data/keypoints_le2i_blazepose/Coffee_room_01_video_2.npz,261,285,0,0,1,0.88920254
le2i-blazepose,le2i-blazepose::Coffee_room_01_video_2,data/keypoints_le2i_blazepose/Coffee_room_01_video_2.npz,266,290,0,0,1,0.88903123
le2i-blazepose,le2i-blazepose::Coffee_room_01_video_2,data/keypoints_le2i_blazepose/Coffee_room_01_video_2.npz,271,295,0,0,1,0.8880813
le2i-blazepose,le2i-blazepose::Coffee_room_01_video_2,data/keypoints_le2i_blazepose/Coffee_room_01_video_2.npz,276,300,0,0,1,0.8904392
le2i-blazepose,le2i-blazepose::Coffee_room_01_video_2,data/keypoints_le2i_blazepose/Coffee_room_01_video_2.npz,281,305,0,0,1,0.8889913
le2i-blazepose,le2i-blazepose::Coffee_room_01_video_21,data/keypoints_le2i_blazepose/Coffee_room_01_video_21.npz,1,25,0,0,0,0.0043451698
le2i-blazepose,le2i-blazepose::Coffee_room_01_video_21,data/keypoints_le2i_blazepose/Coffee_room_01_video_21.npz,6,30,0,0,0,0.0045598694
le2i-blazepose,le2i-blazepose::Coffee_room_01_video_21,data/keypoints_le2i_blazepose/Coffee_room_01_video_21.npz,11,35,0,0,0,0.004533439
le2i-blazepose,le2i-blazepose::Coffee_room_01_video_21,data/keypoints_le2i_blazepose/Coffee_room_01_video_21.npz,16,40,0,0,0,0.004476039
le2i-blazepose,le2i-blazepose::Coffee_room_01_video_21,data/keypoints_le2i_blazepose/Coffee_room_01_video_21.npz,21,45,0,0,0,0.0077713467
le2i-blazepose,le2i-blazepose::Coffee_room_01_video_21,data/keypoints_le2i_blazepose/Coffee_room_01_video_21.npz,26,50,0,0,0,0.0050813216
le2i-blazepose,le2i-blazepose::Coffee_room_01_video_21,data/keypoints_le2i_blazepose/Coffee_room_01_video_21.npz,31,55,0,0,0,0.0051903334
le2i-blazepose,le2i-blazepose::Coffee_room_01_video_21,data/keypoints_le2i_blazepose/Coffee_room_01_video_21.npz,36,60,0,0,0,0.0053117876
le2i-blazepose,le2i-blazepose::Coffee_room_01_video_21,data/keypoints_le2i_blazepose/Coffee_room_01_video_21.npz,41,65,0,0,0,0.005478921
le2i-blazepose,le2i-blazepose::Coffee_room_01_video_21,data/keypoints_le2i_blazepose/Coffee_room_01_video_21.npz,46,70,0,0,0,0.015164789
le2i-blazepose,le2i-blazepose::Coffee_room_01_video_21,data/keypoints_le2i_blazepose/Coffee_room_01_video_21.npz,51,75,0,0,0,0.034799546
le2i-blazepose,le2i-blazepose::Coffee_room_01_video_21,data/keypoints_le2i_blazepose/Coffee_room_01_video_21.npz,56,80,0,0,0,0.059658352
le2i-blazepose,le2i-blazepose::Coffee_room_01_video_21,data/keypoints_le2i_blazepose/Coffee_room_01_video_21.npz,61,85,0,0,0,0.16676003
le2i-blazepose,le2i-blazepose::Coffee_room_01_video_21,data/keypoints_le2i_blazepose/Coffee_room_01_video_21.npz,66,90,0,0,0,0.05592008
le2i-blazepose,le2i-blazepose::Coffee_room_01_video_21,data/keypoints_le2i_blazepose/Coffee_room_01_video_21.npz,71,95,1,1,1,0.6078245
le2i-blazepose,le2i-blazepose::Coffee_room_01_video_21,data/keypoints_le2i_blazepose/Coffee_room_01_video_21.npz,76,100,1,1,1,0.8994157
le2i-blazepose,le2i-blazepose::Coffee_room_01_video_21,data/keypoints_le2i_blazepose/Coffee_room_01_video_21.npz,81,105,1,1,1,0.9368491
le2i-blazepose,le2i-blazepose::Coffee_room_01_video_21,data/keypoints_le2i_blazepose/Coffee_room_01_video_21.npz,86,110,1,1,1,0.92880857
le2i-blazepose,le2i-blazepose::Coffee_room_01_video_21,data/keypoints_le2i_blazepose/Coffee_room_01_video_21.npz,91,115,1,1,1,0.9083043
le2i-blazepose,le2i-blazepose::Coffee_room_01_video_21,data/keypoints_le2i_blazepose/Coffee_room_01_video_21.npz,96,120,0,0,1,0.7349702
le2i-blazepose,le2i-blazepose::Coffee_room_01_video_21,data/keypoints_le2i_blazepose/Coffee_room_01_video_21.npz,101,125,0,0,0,0.09750473
le2i-blazepose,le2i-blazepose::Coffee_room_01_video_21,data/keypoints_le2i_blazepose/Coffee_room_01_video_21.npz,106,130,0,0,0,0.09782729
le2i-blazepose,le2i-blazepose::Coffee_room_01_video_21,data/keypoints_le2i_blazepose/Coffee_room_01_video_21.npz,111,135,0,0,0,0.049468685
le2i-blazepose,le2i-blazepose::Coffee_room_01_video_21,data/keypoints_le2i_blazepose/Coffee_room_01_video_21.npz,116,140,0,0,0,0.11844431
le2i-blazepose,le2i-blazepose::Coffee_room_01_video_21,data/keypoints_le2i_blazepose/Coffee_room_01_video_21.npz,121,145,0,0,0,0.11000648
le2i-blazepose,le2i-blazepose::Coffee_room_01_video_21,data/keypoints_le2i_blazepose/Coffee_room_01_video_21.npz,126,150,0,0,0,0.10986755
le2i-blazepose,le2i-blazepose::Coffee_room_01_video_21,data/keypoints_le2i_blazepose/Coffee_room_01_video_21.npz,131,155,0,0,0,0.118834786
le2i-blazepose,le2i-blazepose::Coffee_room_01_video_21,data/keypoints_le2i_blazepose/Coffee_room_01_video_21.npz,136,160,0,0,0,0.118610375
le2i-blazepose,le2i-blazepose::Coffee_room_01_video_21,data/keypoints_le2i_blazepose/Coffee_room_01_video_21.npz,141,165,0,0,0,0.119123414
le2i-blazepose,le2i-blazepose::Coffee_room_01_video_21,data/keypoints_le2i_blazepose/Coffee_room_01_video_21.npz,146,170,0,0,0,0.049893245
le2i-blazepose,le2i-blazepose::Coffee_room_01_video_21,data/keypoints_le2i_blazepose/Coffee_room_01_video_21.npz,151,175,0,0,0,0.049639188
le2i-blazepose,le2i-blazepose::Coffee_room_01_video_21,data/keypoints_le2i_blazepose/Coffee_room_01_video_21.npz,156,180,0,0,0,0.049520127
le2i-blazepose,le2i-blazepose::Coffee_room_01_video_36,data/keypoints_le2i_blazepose/Coffee_room_01_video_36.npz,1,25,0,0,0,0.032668944
le2i-blazepose,le2i-blazepose::Coffee_room_01_video_36,data/keypoints_le2i_blazepose/Coffee_room_01_video_36.npz,6,30,0,0,0,0.02434151
le2i-blazepose,le2i-blazepose::Coffee_room_01_video_36,data/keypoints_le2i_blazepose/Coffee_room_01_video_36.npz,11,35,0,0,0,0.024501564
le2i-blazepose,le2i-blazepose::Coffee_room_01_video_36,data/keypoints_le2i_blazepose/Coffee_room_01_video_36.npz,16,40,0,0,0,0.02551318
le2i-blazepose,le2i-blazepose::Coffee_room_01_video_36,data/keypoints_le2i_blazepose/Coffee_room_01_video_36.npz,21,45,0,0,0,0.016293474
le2i-blazepose,le2i-blazepose::Coffee_room_01_video_36,data/keypoints_le2i_blazepose/Coffee_room_01_video_36.npz,26,50,0,0,0,0.010402797
le2i-blazepose,le2i-blazepose::Coffee_room_01_video_36,data/keypoints_le2i_blazepose/Coffee_room_01_video_36.npz,31,55,0,0,0,0.0066589466
le2i-blazepose,le2i-blazepose::Coffee_room_01_video_36,data/keypoints_le2i_blazepose/Coffee_room_01_video_36.npz,36,60,0,0,0,0.005566764
le2i-blazepose,le2i-blazepose::Coffee_room_01_video_36,data/keypoints_le2i_blazepose/Coffee_room_01_video_36.npz,41,65,0,0,0,0.004810193
le2i-blazepose,le2i-blazepose::Coffee_room_01_video_36,data/keypoints_le2i_blazepose/Coffee_room_01_video_36.npz,46,70,0,0,0,0.0037091589
le2i-blazepose,le2i-blazepose::Coffee_room_01_video_36,data/keypoints_le2i_blazepose/Coffee_room_01_video_36.npz,51,75,0,0,0,0.0036455037
le2i-blazepose,le2i-blazepose::Coffee_room_01_video_36,data/keypoints_le2i_blazepose/Coffee_room_01_video_36.npz,56,80,0,0,0,0.0035164254
le2i-blazepose,le2i-blazepose::Coffee_room_01_video_36,data/keypoints_le2i_blazepose/Coffee_room_01_video_36.npz,61,85,0,0,0,0.0034348853
le2i-blazepose,le2i-blazepose::Coffee_room_01_video_36,data/keypoints_le2i_blazepose/Coffee_room_01_video_36.npz,66,90,0,0,0,0.0034089163
le2i-blazepose,le2i-blazepose::Coffee_room_01_video_36,data/keypoints_le2i_blazepose/Coffee_room_01_video_36.npz,71,95,0,0,0,0.0033490015
le2i-blazepose,le2i-blazepose::Coffee_room_01_video_36,data/keypoints_le2i_blazepose/Coffee_room_01_video_36.npz,76,100,0,0,0,0.0032722624
le2i-blazepose,le2i-blazepose::Coffee_room_01_video_36,data/keypoints_le2i_blazepose/Coffee_room_01_video_36.npz,81,105,0,0,0,0.0031758451
le2i-blazepose,le2i-blazepose::Coffee_room_01_video_36,data/keypoints_le2i_blazepose/Coffee_room_01_video_36.npz,86,110,0,0,0,0.0031196007
le2i-blazepose,le2i-blazepose::Coffee_room_01_video_36,data/keypoints_le2i_blazepose/Coffee_room_01_video_36.npz,91,115,0,0,0,0.0030232323
le2i-blazepose,le2i-blazepose::Coffee_room_01_video_36,data/keypoints_le2i_blazepose/Coffee_room_01_video_36.npz,96,120,0,0,0,0.0037100401
le2i-blazepose,le2i-blazepose::Coffee_room_01_video_36,data/keypoints_le2i_blazepose/Coffee_room_01_video_36.npz,101,125,0,0,0,0.004292522
le2i-blazepose,le2i-blazepose::Coffee_room_01_video_36,data/keypoints_le2i_blazepose/Coffee_room_01_video_36.npz,106,130,0,0,0,0.004218524
le2i-blazepose,le2i-blazepose::Coffee_room_01_video_36,data/keypoints_le2i_blazepose/Coffee_room_01_video_36.npz,111,135,0,0,0,0.0040416652
le2i-blazepose,le2i-blazepose::Coffee_room_01_video_36,data/keypoints_le2i_blazepose/Coffee_room_01_video_36.npz,116,140,0,0,0,0.0023326268
le2i-blazepose,le2i-blazepose::Coffee_room_01_video_36,data/keypoints_le2i_blazepose/Coffee_room_01_video_36.npz,121,145,0,0,0,0.0020533644
le2i-blazepose,le2i-blazepose::Coffee_room_01_video_36,data/keypoints_le2i_blazepose/Coffee_room_01_video_36.npz,126,150,0,0,0,0.0019422375
le2i-blazepose,le2i-blazepose::Coffee_room_01_video_36,data/keypoints_le2i_blazepose/Coffee_room_01_video_36.npz,131,155,0,0,0,0.0019061555
le2i-blazepose,le2i-blazepose::Coffee_room_01_video_36,data/keypoints_le2i_blazepose/Coffee_room_01_video_36.npz,136,160,0,0,0,0.0019409041
le2i-blazepose,le2i-blazepose::Coffee_room_01_video_36,data/keypoints_le2i_blazepose/Coffee_room_01_video_36.npz,141,165,0,0,0,0.002020444
le2i-blazepose,le2i-blazepose::Coffee_room_01_video_36,data/keypoints_le2i_blazepose/Coffee_room_01_video_36.npz,146,170,0,0,0,0.00215982
le2i-blazepose,le2i-blazepose::Coffee_room_01_video_36,data/keypoints_le2i_blazepose/Coffee_room_01_video_36.npz,151,175,0,0,0,0.0024107539
le2i-blazepose,le2i-blazepose::Coffee_room_01_video_36,data/keypoints_le2i_blazepose/Coffee_room_01_video_36.npz,156,180,0,0,0,0.0026074937
le2i-blazepose,le2i-blazepose::Coffee_room_01_video_36,data/keypoints_le2i_blazepose/Coffee_room_01_video_36.npz,161,185,0,0,0,0.0026571508
le2i-blazepose,le2i-blazepose::Coffee_room_01_video_36,data/keypoints_le2i_blazepose/Coffee_room_01_video_36.npz,166,190,0,0,0,0.0025389318
le2i-blazepose,le2i-blazepose::Coffee_room_01_video_36,data/keypoints_le2i_blazepose/Coffee_room_01_video_36.npz,171,195,0,0,0,0.0023514538
le2i-blazepose,le2i-blazepose::Coffee_room_01_video_36,data/keypoints_le2i_blazepose/Coffee_room_01_video_36.npz,176,200,0,0,0,0.0021934062
le2i-blazepose,le2i-blazepose::Coffee_room_01_video_36,data/keypoints_le2i_blazepose/Coffee_room_01_video_36.npz,181,205,0,0,0,0.002126351
le2i-blazepose,le2i-blazepose::Coffee_room_01_video_36,data/keypoints_le2i_blazepose/Coffee_room_01_video_36.npz,186,210,0,0,0,0.0020849996
le2i-blazepose,le2i-blazepose::Coffee_room_01_video_36,data/keypoints_le2i_blazepose/Coffee_room_01_video_36.npz,191,215,0,0,0,0.0020206517
le2i-blazepose,le2i-blazepose::Coffee_room_01_video_36,data/keypoints_le2i_blazepose/Coffee_room_01_video_36.npz,196,220,0,0,0,0.0019990383
le2i-blazepose,le2i-blazepose::Coffee_room_01_video_36,data/keypoints_le2i_blazepose/Coffee_room_01_video_36.npz,201,225,0,0,0,0.001950525
le2i-blazepose,le2i-blazepose::Coffee_room_01_video_36,data/keypoints_le2i_blazepose/Coffee_room_01_video_36.npz,206,230,0,0,0,0.0021325478
le2i-blazepose,le2i-blazepose::Coffee_room_01_video_36,data/keypoints_le2i_blazepose/Coffee_room_01_video_36.npz,211,235,0,0,0,0.0022666145
le2i-blazepose,le2i-blazepose::Coffee_room_01_video_36,data/keypoints_le2i_blazepose/Coffee_room_01_video_36.npz,216,240,0,0,0,0.002367234
le2i-blazepose,le2i-blazepose::Coffee_room_01_video_36,data/keypoints_le2i_blazepose/Coffee_room_01_video_36.npz,221,245,0,0,0,0.0024605035
le2i-blazepose,le2i-blazepose::Coffee_room_01_video_36,data/keypoints_le2i_blazepose/Coffee_room_01_video_36.npz,226,250,0,0,0,0.0023919633
le2i-blazepose,le2i-blazepose::Coffee_room_01_video_36,data/keypoints_le2i_blazepose/Coffee_room_01_video_36.npz,231,255,0,0,0,0.0024007463
le2i-blazepose,le2i-blazepose::Coffee_room_01_video_36,data/keypoints_le2i_blazepose/Coffee_room_01_video_36.npz,236,260,0,0,0,0.0024430975
le2i-blazepose,le2i-blazepose::Coffee_room_01_video_36,data/keypoints_le2i_blazepose/Coffee_room_01_video_36.npz,241,265,0,0,0,0.0023662522
le2i-blazepose,le2i-blazepose::Coffee_room_01_video_36,data/keypoints_le2i_blazepose/Coffee_room_01_video_36.npz,246,270,0,0,0,0.0023390003
le2i-blazepose,le2i-blazepose::Coffee_room_01_video_36,data/keypoints_le2i_blazepose/Coffee_room_01_video_36.npz,251,275,0,0,0,0.0024050542
le2i-blazepose,le2i-blazepose::Coffee_room_01_video_36,data/keypoints_le2i_blazepose/Coffee_room_01_video_36.npz,256,280,0,0,0,0.0024299787
le2i-blazepose,le2i-blazepose::Coffee_room_01_video_36,data/keypoints_le2i_blazepose/Coffee_room_01_video_36.npz,261,285,0,0,0,0.0023773229
le2i-blazepose,le2i-blazepose::Coffee_room_01_video_36,data/keypoints_le2i_blazepose/Coffee_room_01_video_36.npz,266,290,0,0,0,0.002332972
le2i-blazepose,le2i-blazepose::Coffee_room_01_video_36,data/keypoints_le2i_blazepose/Coffee_room_01_video_36.npz,271,295,0,0,0,0.0023148772
le2i-blazepose,le2i-blazepose::Coffee_room_01_video_36,data/keypoints_le2i_blazepose/Coffee_room_01_video_36.npz,276,300,0,0,0,0.0022899257
le2i-blazepose,le2i-blazepose::Coffee_room_01_video_36,data/keypoints_le2i_blazepose/Coffee_room_01_video_36.npz,281,305,0,0,0,0.0023212137
le2i-blazepose,le2i-blazepose::Coffee_room_01_video_36,data/keypoints_le2i_blazepose/Coffee_room_01_video_36.npz,286,310,0,0,0,0.002385451
le2i-blazepose,le2i-blazepose::Coffee_room_01_video_36,data/keypoints_le2i_blazepose/Coffee_room_01_video_36.npz,291,315,0,0,0,0.002550255
le2i-blazepose,le2i-blazepose::Coffee_room_01_video_36,data/keypoints_le2i_blazepose/Coffee_room_01_video_36.npz,296,320,0,0,0,0.0026393826
le2i-blazepose,le2i-blazepose::Coffee_room_01_video_36,data/keypoints_le2i_blazepose/Coffee_room_01_video_36.npz,301,325,0,0,0,0.002667429
le2i-blazepose,le2i-blazepose::Coffee_room_01_video_36,data/keypoints_le2i_blazepose/Coffee_room_01_video_36.npz,306,330,0,0,0,0.002599485
le2i-blazepose,le2i-blazepose::Coffee_room_01_video_36,data/keypoints_le2i_blazepose/Coffee_room_01_video_36.npz,311,335,0,0,0,0.0027031528
le2i-blazepose,le2i-blazepose::Coffee_room_01_video_36,data/keypoints_le2i_blazepose/Coffee_room_01_video_36.npz,316,340,0,0,0,0.002944271
le2i-blazepose,le2i-blazepose::Coffee_room_01_video_36,data/keypoints_le2i_blazepose/Coffee_room_01_video_36.npz,321,345,0,0,0,0.0027397757
le2i-blazepose,le2i-blazepose::Coffee_room_01_video_36,data/keypoints_le2i_blazepose/Coffee_room_01_video_36.npz,326,350,0,0,0,0.002393747
le2i-blazepose,le2i-blazepose::Coffee_room_01_video_36,data/keypoints_le2i_blazepose/Coffee_room_01_video_36.npz,331,355,0,0,0,0.0021942807
le2i-blazepose,le2i-blazepose::Coffee_room_01_video_36,data/keypoints_le2i_blazepose/Coffee_room_01_video_36.npz,336,360,0,0,0,0.0022446164
le2i-blazepose,le2i-blazepose::Coffee_room_01_video_36,data/keypoints_le2i_blazepose/Coffee_room_01_video_36.npz,341,365,0,0,0,0.002358729
le2i-blazepose,le2i-blazepose::Coffee_room_01_video_36,data/keypoints_le2i_blazepose/Coffee_room_01_video_36.npz,346,370,0,0,0,0.0023836847
le2i-blazepose,le2i-blazepose::Coffee_room_01_video_36,data/keypoints_le2i_blazepose/Coffee_room_01_video_36.npz,351,375,0,0,0,0.0022382212
le2i-blazepose,le2i-blazepose::Coffee_room_01_video_36,data/keypoints_le2i_blazepose/Coffee_room_01_video_36.npz,356,380,0,0,0,0.0018765008
le2i-blazepose,le2i-blazepose::Coffee_room_01_video_36,data/keypoints_le2i_blazepose/Coffee_room_01_video_36.npz,361,385,0,0,0,0.0013377533
le2i-blazepose,le2i-blazepose::Coffee_room_01_video_36,data/keypoints_le2i_blazepose/Coffee_room_01_video_36.npz,366,390,0,0,0,0.001121269
le2i-blazepose,le2i-blazepose::Coffee_room_01_video_36,data/keypoints_le2i_blazepose/Coffee_room_01_video_36.npz,371,395,0,0,0,0.0011475774
le2i-blazepose,le2i-blazepose::Coffee_room_01_video_36,data/keypoints_le2i_blazepose/Coffee_room_01_video_36.npz,376,400,0,0,0,0.0011054091
le2i-blazepose,le2i-blazepose::Coffee_room_01_video_36,data/keypoints_le2i_blazepose/Coffee_room_01_video_36.npz,381,405,0,0,0,0.0009006123
le2i-blazepose,le2i-blazepose::Coffee_room_01_video_36,data/keypoints_le2i_blazepose/Coffee_room_01_video_36.npz,386,410,0,0,0,0.0008385429
le2i-blazepose,le2i-blazepose::Coffee_room_01_video_36,data/keypoints_le2i_blazepose/Coffee_room_01_video_36.npz,391,415,0,0,0,0.00080122275
le2i-blazepose,le2i-blazepose::Coffee_room_01_video_36,data/keypoints_le2i_blazepose/Coffee_room_01_video_36.npz,396,420,0,0,0,0.001038268
le2i-blazepose,le2i-blazepose::Coffee_room_01_video_36,data/keypoints_le2i_blazepose/Coffee_room_01_video_36.npz,401,425,0,0,0,0.0010149945
le2i-blazepose,le2i-blazepose::Coffee_room_01_video_36,data/keypoints_le2i_blazepose/Coffee_room_01_video_36.npz,406,430,0,0,0,0.0016642658
le2i-blazepose,le2i-blazepose::Coffee_room_01_video_36,data/keypoints_le2i_blazepose/Coffee_room_01_video_36.npz,436,460,0,0,0,0.0020124922
le2i-blazepose,le2i-blazepose::Coffee_room_01_video_36,data/keypoints_le2i_blazepose/Coffee_room_01_video_36.npz,441,465,0,0,0,0.0019167829
le2i-blazepose,le2i-blazepose::Coffee_room_01_video_36,data/keypoints_le2i_blazepose/Coffee_room_01_video_36.npz,446,470,0,0,0,0.000695197
le2i-blazepose,le2i-blazepose::Coffee_room_01_video_36,data/keypoints_le2i_blazepose/Coffee_room_01_video_36.npz,451,475,0,0,0,0.0007291423
le2i-blazepose,le2i-blazepose::Coffee_room_01_video_36,data/keypoints_le2i_blazepose/Coffee_room_01_video_36.npz,456,480,0,0,0,0.00080785307
le2i-blazepose,le2i-blazepose::Coffee_room_01_video_36,data/keypoints_le2i_blazepose/Coffee_room_01_video_36.npz,461,485,0,0,0,0.0008686735
le2i-blazepose,le2i-blazepose::Coffee_room_01_video_36,data/keypoints_le2i_blazepose/Coffee_room_01_video_36.npz,466,490,0,0,0,0.0009245979
le2i-blazepose,le2i-blazepose::Coffee_room_01_video_36,data/keypoints_le2i_blazepose/Coffee_room_01_video_36.npz,471,495,0,0,0,0.0009896343
le2i-blazepose,le2i-blazepose::Coffee_room_01_video_36,data/keypoints_le2i_blazepose/Coffee_room_01_video_36.npz,476,500,0,0,0,0.0010256759
le2i-blazepose,le2i-blazepose::Coffee_room_01_video_36,data/keypoints_le2i_blazepose/Coffee_room_01_video_36.npz,481,505,0,0,0,0.0012018066
le2i-blazepose,le2i-blazepose::Coffee_room_01_video_36,data/keypoints_le2i_blazepose/Coffee_room_01_video_36.npz,486,510,0,0,0,0.001688888
le2i-blazepose,le2i-blazepose::Coffee_room_01_video_36,data/keypoints_le2i_blazepose/Coffee_room_01_video_36.npz,491,515,0,0,0,0.0026300726
le2i-blazepose,le2i-blazepose::Coffee_room_01_video_36,data/keypoints_le2i_blazepose/Coffee_room_01_video_36.npz,496,520,0,0,0,0.0044537443
le2i-blazepose,le2i-blazepose::Coffee_room_01_video_36,data/keypoints_le2i_blazepose/Coffee_room_01_video_36.npz,501,525,0,0,0,0.008126115
le2i-blazepose,le2i-blazepose::Coffee_room_01_video_36,data/keypoints_le2i_blazepose/Coffee_room_01_video_36.npz,506,530,0,0,0,0.013975016
le2i-blazepose,le2i-blazepose::Coffee_room_01_video_36,data/keypoints_le2i_blazepose/Coffee_room_01_video_36.npz,511,535,0,0,0,0.03064883
le2i-blazepose,le2i-blazepose::Coffee_room_01_video_36,data/keypoints_le2i_blazepose/Coffee_room_01_video_36.npz,516,540,0,0,0,0.07507849
le2i-blazepose,le2i-blazepose::Coffee_room_01_video_36,data/keypoints_le2i_blazepose/Coffee_room_01_video_36.npz,521,545,0,0,0,0.06564484
le2i-blazepose,le2i-blazepose::Coffee_room_01_video_36,data/keypoints_le2i_blazepose/Coffee_room_01_video_36.npz,526,550,0,0,0,0.03971584
le2i-blazepose,le2i-blazepose::Coffee_room_01_video_36,data/keypoints_le2i_blazepose/Coffee_room_01_video_36.npz,531,555,0,0,0,0.03493385
le2i-blazepose,le2i-blazepose::Coffee_room_01_video_36,data/keypoints_le2i_blazepose/Coffee_room_01_video_36.npz,536,560,0,0,0,0.056907497
le2i-blazepose,le2i-blazepose::Coffee_room_01_video_36,data/keypoints_le2i_blazepose/Coffee_room_01_video_36.npz,541,565,0,0,0,0.0766216
le2i-blazepose,le2i-blazepose::Coffee_room_01_video_36,data/keypoints_le2i_blazepose/Coffee_room_01_video_36.npz,546,570,0,0,0,0.059529204
le2i-blazepose,le2i-blazepose::Coffee_room_01_video_36,data/keypoints_le2i_blazepose/Coffee_room_01_video_36.npz,551,575,0,0,0,0.044897698
le2i-blazepose,le2i-blazepose::Coffee_room_01_video_36,data/keypoints_le2i_blazepose/Coffee_room_01_video_36.npz,556,580,0,0,0,0.049493846
le2i-blazepose,le2i-blazepose::Coffee_room_01_video_36,data/keypoints_le2i_blazepose/Coffee_room_01_video_36.npz,561,585,0,0,0,0.057190884
le2i-blazepose,le2i-blazepose::Coffee_room_01_video_36,data/keypoints_le2i_blazepose/Coffee_room_01_video_36.npz,566,590,0,0,0,0.054506406
le2i-blazepose,le2i-blazepose::Coffee_room_01_video_36,data/keypoints_le2i_blazepose/Coffee_room_01_video_36.npz,571,595,0,0,0,0.044830266
le2i-blazepose,le2i-blazepose::Coffee_room_01_video_36,data/keypoints_le2i_blazepose/Coffee_room_01_video_36.npz,576,600,0,0,0,0.037423786
le2i-blazepose,le2i-blazepose::Coffee_room_01_video_36,data/keypoints_le2i_blazepose/Coffee_room_01_video_36.npz,581,605,0,0,0,0.029542942
le2i-blazepose,le2i-blazepose::Coffee_room_01_video_36,data/keypoints_le2i_blazepose/Coffee_room_01_video_36.npz,586,610,0,0,0,0.021367393
le2i-blazepose,le2i-blazepose::Coffee_room_01_video_36,data/keypoints_le2i_blazepose/Coffee_room_01_video_36.npz,591,615,0,0,0,0.015815986
le2i-blazepose,le2i-blazepose::Coffee_room_01_video_36,data/keypoints_le2i_blazepose/Coffee_room_01_video_36.npz,596,620,0,0,0,0.0142797595
le2i-blazepose,le2i-blazepose::Coffee_room_01_video_36,data/keypoints_le2i_blazepose/Coffee_room_01_video_36.npz,601,625,0,0,0,0.013226512
le2i-blazepose,le2i-blazepose::Coffee_room_01_video_36,data/keypoints_le2i_blazepose/Coffee_room_01_video_36.npz,606,630,0,0,0,0.011613449
le2i-blazepose,le2i-blazepose::Coffee_room_01_video_36,data/keypoints_le2i_blazepose/Coffee_room_01_video_36.npz,611,635,0,0,0,0.011321299
le2i-blazepose,le2i-blazepose::Coffee_room_01_video_36,data/keypoints_le2i_blazepose/Coffee_room_01_video_36.npz,616,640,0,0,0,0.015232362
le2i-blazepose,le2i-blazepose::Coffee_room_01_video_36,data/keypoints_le2i_blazepose/Coffee_room_01_video_36.npz,621,645,0,0,0,0.022163684
le2i-blazepose,le2i-blazepose::Coffee_room_01_video_36,data/keypoints_le2i_blazepose/Coffee_room_01_video_36.npz,626,650,0,0,0,0.019984394
le2i-blazepose,le2i-blazepose::Coffee_room_01_video_36,data/keypoints_le2i_blazepose/Coffee_room_01_video_36.npz,631,655,0,0,0,0.020988066
le2i-blazepose,le2i-blazepose::Coffee_room_01_video_36,data/keypoints_le2i_blazepose/Coffee_room_01_video_36.npz,636,660,0,0,0,0.022515269
le2i-blazepose,le2i-blazepose::Coffee_room_01_video_36,data/keypoints_le2i_blazepose/Coffee_room_01_video_36.npz,641,665,0,0,0,0.02409718
le2i-blazepose,le2i-blazepose::Coffee_room_01_video_36,data/keypoints_le2i_blazepose/Coffee_room_01_video_36.npz,646,670,0,0,0,0.018923372
le2i-blazepose,le2i-blazepose::Coffee_room_01_video_36,data/keypoints_le2i_blazepose/Coffee_room_01_video_36.npz,651,675,0,0,0,0.016184876
le2i-blazepose,le2i-blazepose::Coffee_room_01_video_36,data/keypoints_le2i_blazepose/Coffee_room_01_video_36.npz,656,680,0,0,0,0.013690753
le2i-blazepose,le2i-blazepose::Coffee_room_01_video_36,data/keypoints_le2i_blazepose/Coffee_room_01_video_36.npz,661,685,0,0,0,0.01057637
le2i-blazepose,le2i-blazepose::Coffee_room_01_video_36,data/keypoints_le2i_blazepose/Coffee_room_01_video_36.npz,666,690,0,0,0,0.008860545
le2i-blazepose,le2i-blazepose::Coffee_room_01_video_36,data/keypoints_le2i_blazepose/Coffee_room_01_video_36.npz,671,695,0,0,0,0.008428131
le2i-blazepose,le2i-blazepose::Coffee_room_01_video_36,data/keypoints_le2i_blazepose/Coffee_room_01_video_36.npz,676,700,0,0,0,0.00881655
le2i-blazepose,le2i-blazepose::Coffee_room_01_video_36,data/keypoints_le2i_blazepose/Coffee_room_01_video_36.npz,681,705,0,0,0,0.013191985
le2i-blazepose,le2i-blazepose::Coffee_room_01_video_36,data/keypoints_le2i_blazepose/Coffee_room_01_video_36.npz,686,710,0,0,0,0.009373664
le2i-blazepose,le2i-blazepose::Coffee_room_01_video_36,data/keypoints_le2i_blazepose/Coffee_room_01_video_36.npz,691,715,0,0,0,0.009871188
le2i-blazepose,le2i-blazepose::Coffee_room_01_video_36,data/keypoints_le2i_blazepose/Coffee_room_01_video_36.npz,696,720,0,0,0,0.010414004
le2i-blazepose,le2i-blazepose::Coffee_room_01_video_36,data/keypoints_le2i_blazepose/Coffee_room_01_video_36.npz,701,725,0,0,0,0.010846606
le2i-blazepose,le2i-blazepose::Coffee_room_01_video_36,data/keypoints_le2i_blazepose/Coffee_room_01_video_36.npz,706,730,0,0,0,0.01131306
le2i-blazepose,le2i-blazepose::Coffee_room_01_video_36,data/keypoints_le2i_blazepose/Coffee_room_01_video_36.npz,711,735,0,0,0,0.01187913
le2i-blazepose,le2i-blazepose::Coffee_room_01_video_36,data/keypoints_le2i_blazepose/Coffee_room_01_video_36.npz,716,740,0,0,0,0.0126433
le2i-blazepose,le2i-blazepose::Coffee_room_01_video_36,data/keypoints_le2i_blazepose/Coffee_room_01_video_36.npz,721,745,0,0,0,0.0125750685
le2i-blazepose,le2i-blazepose::Coffee_room_01_video_36,data/keypoints_le2i_blazepose/Coffee_room_01_video_36.npz,726,750,0,0,0,0.012799506
le2i-blazepose,le2i-blazepose::Coffee_room_01_video_36,data/keypoints_le2i_blazepose/Coffee_room_01_video_36.npz,731,755,0,0,0,0.012631322
le2i-blazepose,le2i-blazepose::Coffee_room_01_video_36,data/keypoints_le2i_blazepose/Coffee_room_01_video_36.npz,736,760,0,0,0,0.013320598
le2i-blazepose,le2i-blazepose::Coffee_room_01_video_36,data/keypoints_le2i_blazepose/Coffee_room_01_video_36.npz,741,765,0,0,0,0.013447681
le2i-blazepose,le2i-blazepose::Coffee_room_01_video_36,data/keypoints_le2i_blazepose/Coffee_room_01_video_36.npz,746,770,0,0,0,0.013398818
le2i-blazepose,le2i-blazepose::Coffee_room_01_video_36,data/keypoints_le2i_blazepose/Coffee_room_01_video_36.npz,751,775,0,0,0,0.014321904
le2i-blazepose,le2i-blazepose::Coffee_room_01_video_36,data/keypoints_le2i_blazepose/Coffee_room_01_video_36.npz,756,780,0,0,0,0.0146840215
le2i-blazepose,le2i-blazepose::Coffee_room_01_video_36,data/keypoints_le2i_blazepose/Coffee_room_01_video_36.npz,761,785,0,0,0,0.0207631
le2i-blazepose,le2i-blazepose::Coffee_room_01_video_36,data/keypoints_le2i_blazepose/Coffee_room_01_video_36.npz,766,790,0,0,0,0.01546753
le2i-blazepose,le2i-blazepose::Coffee_room_01_video_36,data/keypoints_le2i_blazepose/Coffee_room_01_video_36.npz,771,795,0,0,0,0.01799093
le2i-blazepose,le2i-blazepose::Coffee_room_01_video_36,data/keypoints_le2i_blazepose/Coffee_room_01_video_36.npz,776,800,0,0,0,0.01308791
le2i-blazepose,le2i-blazepose::Coffee_room_01_video_36,data/keypoints_le2i_blazepose/Coffee_room_01_video_36.npz,781,805,0,0,0,0.008880651
le2i-blazepose,le2i-blazepose::Coffee_room_01_video_36,data/keypoints_le2i_blazepose/Coffee_room_01_video_36.npz,786,810,0,0,0,0.0076096067
le2i-blazepose,le2i-blazepose::Coffee_room_01_video_36,data/keypoints_le2i_blazepose/Coffee_room_01_video_36.npz,791,815,0,0,0,0.006445433
le2i-blazepose,le2i-blazepose::Coffee_room_01_video_36,data/keypoints_le2i_blazepose/Coffee_room_01_video_36.npz,796,820,0,0,0,0.006054368
le2i-blazepose,le2i-blazepose::Coffee_room_01_video_36,data/keypoints_le2i_blazepose/Coffee_room_01_video_36.npz,801,825,0,0,0,0.0037661474
le2i-blazepose,le2i-blazepose::Coffee_room_01_video_36,data/keypoints_le2i_blazepose/Coffee_room_01_video_36.npz,806,830,0,0,0,0.0038998888
le2i-blazepose,le2i-blazepose::Coffee_room_01_video_36,data/keypoints_le2i_blazepose/Coffee_room_01_video_36.npz,811,835,0,0,0,0.003812447
le2i-blazepose,le2i-blazepose::Coffee_room_01_video_36,data/keypoints_le2i_blazepose/Coffee_room_01_video_36.npz,816,840,0,0,0,0.0031412544
le2i-blazepose,le2i-blazepose::Coffee_room_01_video_36,data/keypoints_le2i_blazepose/Coffee_room_01_video_36.npz,821,845,0,0,0,0.0026012054
le2i-blazepose,le2i-blazepose::Coffee_room_01_video_36,data/keypoints_le2i_blazepose/Coffee_room_01_video_36.npz,826,850,0,0,0,0.0024173527
le2i-blazepose,le2i-blazepose::Coffee_room_01_video_36,data/keypoints_le2i_blazepose/Coffee_room_01_video_36.npz,831,855,0,0,0,0.0025453232
le2i-blazepose,le2i-blazepose::Coffee_room_01_video_36,data/keypoints_le2i_blazepose/Coffee_room_01_video_36.npz,836,860,0,0,0,0.0033139074
le2i-blazepose,le2i-blazepose::Coffee_room_01_video_36,data/keypoints_le2i_blazepose/Coffee_room_01_video_36.npz,841,865,0,0,0,0.0051361113
le2i-blazepose,le2i-blazepose::Coffee_room_01_video_36,data/keypoints_le2i_blazepose/Coffee_room_01_video_36.npz,846,870,0,0,0,0.007181504
le2i-blazepose,le2i-blazepose::Coffee_room_01_video_36,data/keypoints_le2i_blazepose/Coffee_room_01_video_36.npz,851,875,0,0,0,0.010710994
le2i-blazepose,le2i-blazepose::Coffee_room_01_video_36,data/keypoints_le2i_blazepose/Coffee_room_01_video_36.npz,856,880,0,0,0,0.013554115
le2i-blazepose,le2i-blazepose::Coffee_room_01_video_36,data/keypoints_le2i_blazepose/Coffee_room_01_video_36.npz,861,885,0,0,0,0.013056449
le2i-blazepose,le2i-blazepose::Coffee_room_01_video_36,data/keypoints_le2i_blazepose/Coffee_room_01_video_36.npz,866,890,0,0,0,0.011913204
le2i-blazepose,le2i-blazepose::Coffee_room_01_video_36,data/keypoints_le2i_blazepose/Coffee_room_01_video_36.npz,871,895,0,0,0,0.010398844
le2i-blazepose,le2i-blazepose::Coffee_room_01_video_36,data/keypoints_le2i_blazepose/Coffee_room_01_video_36.npz,876,900,0,0,0,0.008157278
le2i-blazepose,le2i-blazepose::Coffee_room_01_video_36,data/keypoints_le2i_blazepose/Coffee_room_01_video_36.npz,881,905,0,0,0,0.0056956774
le2i-blazepose,le2i-blazepose::Coffee_room_01_video_36,data/keypoints_le2i_blazepose/Coffee_room_01_video_36.npz,886,910,0,0,0,0.0047125504
le2i-blazepose,le2i-blazepose::Coffee_room_01_video_36,data/keypoints_le2i_blazepose/Coffee_room_01_video_36.npz,891,915,0,0,0,0.0040996037
le2i-blazepose,le2i-blazepose::Coffee_room_01_video_36,data/keypoints_le2i_blazepose/Coffee_room_01_video_36.npz,896,920,0,0,0,0.0036819114
le2i-blazepose,le2i-blazepose::Coffee_room_01_video_36,data/keypoints_le2i_blazepose/Coffee_room_01_video_36.npz,901,925,0,0,0,0.0032515626
le2i-blazepose,le2i-blazepose::Coffee_room_01_video_36,data/keypoints_le2i_blazepose/Coffee_room_01_video_36.npz,906,930,0,0,0,0.002785328
le2i-blazepose,le2i-blazepose::Coffee_room_01_video_36,data/keypoints_le2i_blazepose/Coffee_room_01_video_36.npz,911,935,0,0,0,0.0025892179
le2i-blazepose,le2i-blazepose::Coffee_room_01_video_36,data/keypoints_le2i_blazepose/Coffee_room_01_video_36.npz,916,940,0,0,0,0.0026039295
le2i-blazepose,le2i-blazepose::Coffee_room_01_video_36,data/keypoints_le2i_blazepose/Coffee_room_01_video_36.npz,921,945,0,0,0,0.0027890985
le2i-blazepose,le2i-blazepose::Coffee_room_01_video_36,data/keypoints_le2i_blazepose/Coffee_room_01_video_36.npz,926,950,0,0,0,0.0029597934
le2i-blazepose,le2i-blazepose::Coffee_room_01_video_36,data/keypoints_le2i_blazepose/Coffee_room_01_video_36.npz,931,955,0,0,0,0.0032307352
le2i-blazepose,le2i-blazepose::Coffee_room_01_video_36,data/keypoints_le2i_blazepose/Coffee_room_01_video_36.npz,936,960,0,0,0,0.0037168954
le2i-blazepose,le2i-blazepose::Coffee_room_01_video_36,data/keypoints_le2i_blazepose/Coffee_room_01_video_36.npz,941,965,0,0,0,0.004079457
le2i-blazepose,le2i-blazepose::Coffee_room_01_video_36,data/keypoints_le2i_blazepose/Coffee_room_01_video_36.npz,946,970,0,0,0,0.004189061
le2i-blazepose,le2i-blazepose::Coffee_room_01_video_36,data/keypoints_le2i_blazepose/Coffee_room_01_video_36.npz,951,975,0,0,0,0.0039541223
le2i-blazepose,le2i-blazepose::Coffee_room_01_video_36,data/keypoints_le2i_blazepose/Coffee_room_01_video_36.npz,956,980,0,0,0,0.0035739527
le2i-blazepose,le2i-blazepose::Coffee_room_01_video_36,data/keypoints_le2i_blazepose/Coffee_room_01_video_36.npz,961,985,0,0,0,0.0032371262
le2i-blazepose,le2i-blazepose::Coffee_room_01_video_36,data/keypoints_le2i_blazepose/Coffee_room_01_video_36.npz,966,990,0,0,0,0.0027289777
le2i-blazepose,le2i-blazepose::Coffee_room_01_video_36,data/keypoints_le2i_blazepose/Coffee_room_01_video_36.npz,971,995,0,0,0,0.002330659
le2i-blazepose,le2i-blazepose::Coffee_room_01_video_36,data/keypoints_le2i_blazepose/Coffee_room_01_video_36.npz,976,1000,0,0,0,0.0023151704
le2i-blazepose,le2i-blazepose::Coffee_room_01_video_36,data/keypoints_le2i_blazepose/Coffee_room_01_video_36.npz,981,1005,0,0,0,0.00252539
le2i-blazepose,le2i-blazepose::Coffee_room_01_video_36,data/keypoints_le2i_blazepose/Coffee_room_01_video_36.npz,986,1010,0,0,0,0.002688204
le2i-blazepose,le2i-blazepose::Coffee_room_01_video_36,data/keypoints_le2i_blazepose/Coffee_room_01_video_36.npz,991,1015,0,0,0,0.0028530427
le2i-blazepose,le2i-blazepose::Coffee_room_01_video_36,data/keypoints_le2i_blazepose/Coffee_room_01_video_36.npz,996,1020,0,0,0,0.0030311777
le2i-blazepose,le2i-blazepose::Coffee_room_01_video_36,data/keypoints_le2i_blazepose/Coffee_room_01_video_36.npz,1001,1025,0,0,0,0.0029835226
le2i-blazepose,le2i-blazepose::Coffee_room_01_video_36,data/keypoints_le2i_blazepose/Coffee_room_01_video_36.npz,1006,1030,0,0,0,0.002920681
le2i-blazepose,le2i-blazepose::Coffee_room_01_video_36,data/keypoints_le2i_blazepose/Coffee_room_01_video_36.npz,1011,1035,0,0,0,0.002597981
le2i-blazepose,le2i-blazepose::Coffee_room_01_video_36,data/keypoints_le2i_blazepose/Coffee_room_01_video_36.npz,1016,1040,0,0,0,0.0021336013
le2i-blazepose,le2i-blazepose::Coffee_room_01_video_36,data/keypoints_le2i_blazepose/Coffee_room_01_video_36.npz,1021,1045,0,0,0,0.0019284696
le2i-blazepose,le2i-blazepose::Coffee_room_01_video_36,data/keypoints_le2i_blazepose/Coffee_room_01_video_36.npz,1026,1050,0,0,0,0.0020559416
le2i-blazepose,le2i-blazepose::Coffee_room_01_video_36,data/keypoints_le2i_blazepose/Coffee_room_01_video_36.npz,1031,1055,0,0,0,0.0025761852
le2i-blazepose,le2i-blazepose::Coffee_room_01_video_36,data/keypoints_le2i_blazepose/Coffee_room_01_video_36.npz,1036,1060,0,0,0,0.0041385167
le2i-blazepose,le2i-blazepose::Coffee_room_01_video_36,data/keypoints_le2i_blazepose/Coffee_room_01_video_36.npz,1041,1065,0,0,0,0.00700683
le2i-blazepose,le2i-blazepose::Coffee_room_01_video_36,data/keypoints_le2i_blazepose/Coffee_room_01_video_36.npz,1046,1070,0,0,0,0.009326119
le2i-blazepose,le2i-blazepose::Coffee_room_01_video_36,data/keypoints_le2i_blazepose/Coffee_room_01_video_36.npz,1051,1075,0,0,0,0.03284774
le2i-blazepose,le2i-blazepose::Coffee_room_01_video_36,data/keypoints_le2i_blazepose/Coffee_room_01_video_36.npz,1056,1080,0,0,0,0.05917038
le2i-blazepose,le2i-blazepose::Coffee_room_01_video_36,data/keypoints_le2i_blazepose/Coffee_room_01_video_36.npz,1061,1085,0,0,0,0.08646586
le2i-blazepose,le2i-blazepose::Coffee_room_01_video_36,data/keypoints_le2i_blazepose/Coffee_room_01_video_36.npz,1066,1090,0,0,0,0.07917831
le2i-blazepose,le2i-blazepose::Coffee_room_01_video_36,data/keypoints_le2i_blazepose/Coffee_room_01_video_36.npz,1071,1095,1,1,0,0.18905397
le2i-blazepose,le2i-blazepose::Coffee_room_01_video_36,data/keypoints_le2i_blazepose/Coffee_room_01_video_36.npz,1076,1100,1,1,0,0.40081424
le2i-blazepose,le2i-blazepose::Coffee_room_01_video_36,data/keypoints_le2i_blazepose/Coffee_room_01_video_36.npz,1081,1105,1,1,1,0.4385247
le2i-blazepose,le2i-blazepose::Coffee_room_01_video_36,data/keypoints_le2i_blazepose/Coffee_room_01_video_36.npz,1086,1110,1,1,0,0.38282147
le2i-blazepose,le2i-blazepose::Coffee_room_01_video_36,data/keypoints_le2i_blazepose/Coffee_room_01_video_36.npz,1091,1115,1,1,0,0.13818753
le2i-blazepose,le2i-blazepose::Coffee_room_01_video_36,data/keypoints_le2i_blazepose/Coffee_room_01_video_36.npz,1096,1120,1,1,0,0.027421014
le2i-blazepose,le2i-blazepose::Coffee_room_01_video_36,data/keypoints_le2i_blazepose/Coffee_room_01_video_36.npz,1101,1125,1,1,0,0.02138966
le2i-blazepose,le2i-blazepose::Coffee_room_01_video_36,data/keypoints_le2i_blazepose/Coffee_room_01_video_36.npz,1106,1130,1,1,0,0.018618654
le2i-blazepose,le2i-blazepose::Coffee_room_01_video_36,data/keypoints_le2i_blazepose/Coffee_room_01_video_36.npz,1111,1135,0,0,0,0.017292282
le2i-blazepose,le2i-blazepose::Coffee_room_01_video_36,data/keypoints_le2i_blazepose/Coffee_room_01_video_36.npz,1116,1140,0,0,0,0.04103526
le2i-blazepose,le2i-blazepose::Coffee_room_01_video_36,data/keypoints_le2i_blazepose/Coffee_room_01_video_36.npz,1121,1145,0,0,0,0.041999348
le2i-blazepose,le2i-blazepose::Coffee_room_01_video_36,data/keypoints_le2i_blazepose/Coffee_room_01_video_36.npz,1126,1150,0,0,0,0.042137064
le2i-blazepose,le2i-blazepose::Coffee_room_01_video_36,data/keypoints_le2i_blazepose/Coffee_room_01_video_36.npz,1131,1155,0,0,0,0.042072333
le2i-blazepose,le2i-blazepose::Coffee_room_01_video_36,data/keypoints_le2i_blazepose/Coffee_room_01_video_36.npz,1136,1160,0,0,0,0.041872937
le2i-blazepose,le2i-blazepose::Coffee_room_01_video_36,data/keypoints_le2i_blazepose/Coffee_room_01_video_36.npz,1141,1165,0,0,0,0.04028644
le2i-blazepose,le2i-blazepose::Coffee_room_01_video_36,data/keypoints_le2i_blazepose/Coffee_room_01_video_36.npz,1146,1170,0,0,0,0.040077195
le2i-blazepose,le2i-blazepose::Coffee_room_01_video_36,data/keypoints_le2i_blazepose/Coffee_room_01_video_36.npz,1151,1175,0,0,0,0.03999067
le2i-blazepose,le2i-blazepose::Coffee_room_01_video_36,data/keypoints_le2i_blazepose/Coffee_room_01_video_36.npz,1156,1180,0,0,0,0.03996045
le2i-blazepose,le2i-blazepose::Coffee_room_01_video_36,data/keypoints_le2i_blazepose/Coffee_room_01_video_36.npz,1161,1185,0,0,0,0.0401082
le2i-blazepose,le2i-blazepose::Coffee_room_01_video_36,data/keypoints_le2i_blazepose/Coffee_room_01_video_36.npz,1166,1190,0,0,0,0.041721404
le2i-blazepose,le2i-blazepose::Coffee_room_01_video_36,data/keypoints_le2i_blazepose/Coffee_room_01_video_36.npz,1171,1195,0,0,0,0.042039175
le2i-blazepose,le2i-blazepose::Coffee_room_01_video_36,data/keypoints_le2i_blazepose/Coffee_room_01_video_36.npz,1176,1200,0,0,0,0.042059187
le2i-blazepose,le2i-blazepose::Coffee_room_01_video_44,data/keypoints_le2i_blazepose/Coffee_room_01_video_44.npz,1,25,0,0,0,0.071193345
le2i-blazepose,le2i-blazepose::Coffee_room_01_video_44,data/keypoints_le2i_blazepose/Coffee_room_01_video_44.npz,6,30,0,0,0,0.40010282
le2i-blazepose,le2i-blazepose::Coffee_room_01_video_44,data/keypoints_le2i_blazepose/Coffee_room_01_video_44.npz,11,35,0,0,0,0.3342356
le2i-blazepose,le2i-blazepose::Coffee_room_01_video_44,data/keypoints_le2i_blazepose/Coffee_room_01_video_44.npz,16,40,0,0,0,0.28781942
le2i-blazepose,le2i-blazepose::Coffee_room_01_video_44,data/keypoints_le2i_blazepose/Coffee_room_01_video_44.npz,21,45,0,0,0,0.28554907
le2i-blazepose,le2i-blazepose::Coffee_room_01_video_44,data/keypoints_le2i_blazepose/Coffee_room_01_video_44.npz,26,50,0,0,0,0.36898458
le2i-blazepose,le2i-blazepose::Coffee_room_01_video_44,data/keypoints_le2i_blazepose/Coffee_room_01_video_44.npz,31,55,0,0,1,0.6443544
le2i-blazepose,le2i-blazepose::Coffee_room_01_video_44,data/keypoints_le2i_blazepose/Coffee_room_01_video_44.npz,36,60,0,0,1,0.8185343
le2i-blazepose,le2i-blazepose::Coffee_room_01_video_44,data/keypoints_le2i_blazepose/Coffee_room_01_video_44.npz,41,65,1,1,1,0.7604111
le2i-blazepose,le2i-blazepose::Coffee_room_01_video_44,data/keypoints_le2i_blazepose/Coffee_room_01_video_44.npz,46,70,1,1,1,0.60102683
le2i-blazepose,le2i-blazepose::Coffee_room_01_video_44,data/keypoints_le2i_blazepose/Coffee_room_01_video_44.npz,51,75,1,1,0,0.27731878
le2i-blazepose,le2i-blazepose::Coffee_room_01_video_44,data/keypoints_le2i_blazepose/Coffee_room_01_video_44.npz,56,80,1,1,0,0.0988241
le2i-blazepose,le2i-blazepose::Coffee_room_01_video_44,data/keypoints_le2i_blazepose/Coffee_room_01_video_44.npz,61,85,1,1,0,0.022212796
le2i-blazepose,le2i-blazepose::Coffee_room_01_video_44,data/keypoints_le2i_blazepose/Coffee_room_01_video_44.npz,66,90,1,1,0,0.009480543
le2i-blazepose,le2i-blazepose::Coffee_room_01_video_44,data/keypoints_le2i_blazepose/Coffee_room_01_video_44.npz,71,95,1,1,1,0.65720326
le2i-blazepose,le2i-blazepose::Coffee_room_01_video_44,data/keypoints_le2i_blazepose/Coffee_room_01_video_44.npz,76,100,1,1,1,0.6643966
le2i-blazepose,le2i-blazepose::Coffee_room_01_video_44,data/keypoints_le2i_blazepose/Coffee_room_01_video_44.npz,81,105,0,0,1,0.45978752
le2i-blazepose,le2i-blazepose::Coffee_room_01_video_44,data/keypoints_le2i_blazepose/Coffee_room_01_video_44.npz,86,110,0,0,1,0.4514325
le2i-blazepose,le2i-blazepose::Coffee_room_01_video_44,data/keypoints_le2i_blazepose/Coffee_room_01_video_44.npz,91,115,0,0,0,0.35723415
le2i-blazepose,le2i-blazepose::Coffee_room_01_video_44,data/keypoints_le2i_blazepose/Coffee_room_01_video_44.npz,96,120,0,0,0,0.3584452
le2i-blazepose,le2i-blazepose::Coffee_room_01_video_44,data/keypoints_le2i_blazepose/Coffee_room_01_video_44.npz,101,125,0,0,0,0.35974008
le2i-blazepose,le2i-blazepose::Coffee_room_01_video_44,data/keypoints_le2i_blazepose/Coffee_room_01_video_44.npz,106,130,0,0,0,0.36081716
le2i-blazepose,le2i-blazepose::Coffee_room_01_video_7,data/keypoints_le2i_blazepose/Coffee_room_01_video_7.npz,1,25,0,0,0,0.012811876
le2i-blazepose,le2i-blazepose::Coffee_room_01_video_7,data/keypoints_le2i_blazepose/Coffee_room_01_video_7.npz,6,30,0,0,0,0.015839977
le2i-blazepose,le2i-blazepose::Coffee_room_01_video_7,data/keypoints_le2i_blazepose/Coffee_room_01_video_7.npz,11,35,0,0,0,0.021516087
le2i-blazepose,le2i-blazepose::Coffee_room_01_video_7,data/keypoints_le2i_blazepose/Coffee_room_01_video_7.npz,16,40,0,0,0,0.031013308
le2i-blazepose,le2i-blazepose::Coffee_room_01_video_7,data/keypoints_le2i_blazepose/Coffee_room_01_video_7.npz,21,45,0,0,0,0.036011133
le2i-blazepose,le2i-blazepose::Coffee_room_01_video_7,data/keypoints_le2i_blazepose/Coffee_room_01_video_7.npz,26,50,0,0,0,0.03258453
le2i-blazepose,le2i-blazepose::Coffee_room_01_video_7,data/keypoints_le2i_blazepose/Coffee_room_01_video_7.npz,31,55,0,0,0,0.029321935
le2i-blazepose,le2i-blazepose::Coffee_room_01_video_7,data/keypoints_le2i_blazepose/Coffee_room_01_video_7.npz,36,60,0,0,0,0.024464957
le2i-blazepose,le2i-blazepose::Coffee_room_01_video_7,data/keypoints_le2i_blazepose/Coffee_room_01_video_7.npz,41,65,0,0,0,0.018509159
le2i-blazepose,le2i-blazepose::Coffee_room_01_video_7,data/keypoints_le2i_blazepose/Coffee_room_01_video_7.npz,46,70,0,0,0,0.018837476
le2i-blazepose,le2i-blazepose::Coffee_room_01_video_7,data/keypoints_le2i_blazepose/Coffee_room_01_video_7.npz,51,75,0,0,0,0.021704515
le2i-blazepose,le2i-blazepose::Coffee_room_01_video_7,data/keypoints_le2i_blazepose/Coffee_room_01_video_7.npz,56,80,0,0,0,0.026751634
le2i-blazepose,le2i-blazepose::Coffee_room_01_video_7,data/keypoints_le2i_blazepose/Coffee_room_01_video_7.npz,61,85,0,0,0,0.04130413
le2i-blazepose,le2i-blazepose::Coffee_room_01_video_7,data/keypoints_le2i_blazepose/Coffee_room_01_video_7.npz,66,90,0,0,0,0.07235164
le2i-blazepose,le2i-blazepose::Coffee_room_01_video_7,data/keypoints_le2i_blazepose/Coffee_room_01_video_7.npz,71,95,0,0,0,0.07344919
le2i-blazepose,le2i-blazepose::Coffee_room_01_video_7,data/keypoints_le2i_blazepose/Coffee_room_01_video_7.npz,76,100,0,0,0,0.22081964
le2i-blazepose,le2i-blazepose::Coffee_room_01_video_7,data/keypoints_le2i_blazepose/Coffee_room_01_video_7.npz,81,105,1,1,1,0.44597527
le2i-blazepose,le2i-blazepose::Coffee_room_01_video_7,data/keypoints_le2i_blazepose/Coffee_room_01_video_7.npz,86,110,1,1,1,0.72831357
le2i-blazepose,le2i-blazepose::Coffee_room_01_video_7,data/keypoints_le2i_blazepose/Coffee_room_01_video_7.npz,91,115,1,1,1,0.7419961
le2i-blazepose,le2i-blazepose::Coffee_room_01_video_7,data/keypoints_le2i_blazepose/Coffee_room_01_video_7.npz,96,120,1,1,1,0.55045724
le2i-blazepose,le2i-blazepose::Coffee_room_01_video_7,data/keypoints_le2i_blazepose/Coffee_room_01_video_7.npz,101,125,1,1,0,0.18164782
le2i-blazepose,le2i-blazepose::Coffee_room_01_video_7,data/keypoints_le2i_blazepose/Coffee_room_01_video_7.npz,106,130,1,1,0,0.079509795
le2i-blazepose,le2i-blazepose::Coffee_room_01_video_7,data/keypoints_le2i_blazepose/Coffee_room_01_video_7.npz,111,135,1,1,0,0.05063894
le2i-blazepose,le2i-blazepose::Coffee_room_01_video_7,data/keypoints_le2i_blazepose/Coffee_room_01_video_7.npz,116,140,1,1,0,0.095427275
le2i-blazepose,le2i-blazepose::Coffee_room_01_video_7,data/keypoints_le2i_blazepose/Coffee_room_01_video_7.npz,121,145,0,0,0,0.080448955
le2i-blazepose,le2i-blazepose::Coffee_room_01_video_7,data/keypoints_le2i_blazepose/Coffee_room_01_video_7.npz,126,150,0,0,0,0.1154827
le2i-blazepose,le2i-blazepose::Coffee_room_01_video_7,data/keypoints_le2i_blazepose/Coffee_room_01_video_7.npz,131,155,0,0,0,0.115532026
le2i-blazepose,le2i-blazepose::Coffee_room_01_video_7,data/keypoints_le2i_blazepose/Coffee_room_01_video_7.npz,136,160,0,0,1,0.5989427
le2i-blazepose,le2i-blazepose::Coffee_room_01_video_7,data/keypoints_le2i_blazepose/Coffee_room_01_video_7.npz,141,165,0,0,0,0.33018723
le2i-blazepose,le2i-blazepose::Coffee_room_01_video_7,data/keypoints_le2i_blazepose/Coffee_room_01_video_7.npz,146,170,0,0,0,0.36062574
le2i-blazepose,le2i-blazepose::Coffee_room_01_video_8,data/keypoints_le2i_blazepose/Coffee_room_01_video_8.npz,1,25,0,0,0,0.004421444
le2i-blazepose,le2i-blazepose::Coffee_room_01_video_8,data/keypoints_le2i_blazepose/Coffee_room_01_video_8.npz,6,30,0,0,0,0.0052897576
le2i-blazepose,le2i-blazepose::Coffee_room_01_video_8,data/keypoints_le2i_blazepose/Coffee_room_01_video_8.npz,11,35,0,0,0,0.006261473
le2i-blazepose,le2i-blazepose::Coffee_room_01_video_8,data/keypoints_le2i_blazepose/Coffee_room_01_video_8.npz,16,40,0,0,0,0.008177261
le2i-blazepose,le2i-blazepose::Coffee_room_01_video_8,data/keypoints_le2i_blazepose/Coffee_room_01_video_8.npz,21,45,0,0,0,0.01121398
le2i-blazepose,le2i-blazepose::Coffee_room_01_video_8,data/keypoints_le2i_blazepose/Coffee_room_01_video_8.npz,26,50,0,0,0,0.013329953
le2i-blazepose,le2i-blazepose::Coffee_room_01_video_8,data/keypoints_le2i_blazepose/Coffee_room_01_video_8.npz,31,55,0,0,0,0.014233193
le2i-blazepose,le2i-blazepose::Coffee_room_01_video_8,data/keypoints_le2i_blazepose/Coffee_room_01_video_8.npz,36,60,0,0,0,0.015912537
le2i-blazepose,le2i-blazepose::Coffee_room_01_video_8,data/keypoints_le2i_blazepose/Coffee_room_01_video_8.npz,41,65,0,0,0,0.017699594
le2i-blazepose,le2i-blazepose::Coffee_room_01_video_8,data/keypoints_le2i_blazepose/Coffee_room_01_video_8.npz,46,70,0,0,0,0.018401066
le2i-blazepose,le2i-blazepose::Coffee_room_01_video_8,data/keypoints_le2i_blazepose/Coffee_room_01_video_8.npz,51,75,0,0,0,0.021220583
le2i-blazepose,le2i-blazepose::Coffee_room_01_video_8,data/keypoints_le2i_blazepose/Coffee_room_01_video_8.npz,56,80,0,0,0,0.030879335
le2i-blazepose,le2i-blazepose::Coffee_room_01_video_8,data/keypoints_le2i_blazepose/Coffee_room_01_video_8.npz,61,85,0,0,0,0.032021645
le2i-blazepose,le2i-blazepose::Coffee_room_01_video_8,data/keypoints_le2i_blazepose/Coffee_room_01_video_8.npz,66,90,0,0,0,0.016749594
le2i-blazepose,le2i-blazepose::Coffee_room_01_video_8,data/keypoints_le2i_blazepose/Coffee_room_01_video_8.npz,71,95,0,0,0,0.017627362
le2i-blazepose,le2i-blazepose::Coffee_room_01_video_8,data/keypoints_le2i_blazepose/Coffee_room_01_video_8.npz,76,100,0,0,0,0.025623653
le2i-blazepose,le2i-blazepose::Coffee_room_01_video_8,data/keypoints_le2i_blazepose/Coffee_room_01_video_8.npz,81,105,0,0,0,0.024749573
le2i-blazepose,le2i-blazepose::Coffee_room_01_video_8,data/keypoints_le2i_blazepose/Coffee_room_01_video_8.npz,86,110,0,0,0,0.023782143
le2i-blazepose,le2i-blazepose::Coffee_room_01_video_8,data/keypoints_le2i_blazepose/Coffee_room_01_video_8.npz,91,115,0,0,0,0.023668803
le2i-blazepose,le2i-blazepose::Coffee_room_01_video_8,data/keypoints_le2i_blazepose/Coffee_room_01_video_8.npz,96,120,0,0,0,0.024557361
le2i-blazepose,le2i-blazepose::Coffee_room_01_video_8,data/keypoints_le2i_blazepose/Coffee_room_01_video_8.npz,101,125,0,0,0,0.023745911
le2i-blazepose,le2i-blazepose::Coffee_room_01_video_8,data/keypoints_le2i_blazepose/Coffee_room_01_video_8.npz,106,130,0,0,0,0.023427341
le2i-blazepose,le2i-blazepose::Coffee_room_01_video_8,data/keypoints_le2i_blazepose/Coffee_room_01_video_8.npz,111,135,0,0,0,0.022635657
le2i-blazepose,le2i-blazepose::Coffee_room_01_video_8,data/keypoints_le2i_blazepose/Coffee_room_01_video_8.npz,116,140,0,0,0,0.020476252
le2i-blazepose,le2i-blazepose::Coffee_room_01_video_8,data/keypoints_le2i_blazepose/Coffee_room_01_video_8.npz,121,145,0,0,0,0.01496675
le2i-blazepose,le2i-blazepose::Coffee_room_01_video_8,data/keypoints_le2i_blazepose/Coffee_room_01_video_8.npz,126,150,0,0,0,0.013679334
le2i-blazepose,le2i-blazepose::Coffee_room_01_video_8,data/keypoints_le2i_blazepose/Coffee_room_01_video_8.npz,131,155,0,0,0,0.051458884
le2i-blazepose,le2i-blazepose::Coffee_room_01_video_8,data/keypoints_le2i_blazepose/Coffee_room_01_video_8.npz,136,160,0,0,0,0.15667164
le2i-blazepose,le2i-blazepose::Coffee_room_01_video_8,data/keypoints_le2i_blazepose/Coffee_room_01_video_8.npz,141,165,1,1,1,0.6630705
le2i-blazepose,le2i-blazepose::Coffee_room_01_video_8,data/keypoints_le2i_blazepose/Coffee_room_01_video_8.npz,146,170,1,1,1,0.9463727
le2i-blazepose,le2i-blazepose::Coffee_room_01_video_8,data/keypoints_le2i_blazepose/Coffee_room_01_video_8.npz,151,175,1,1,1,0.9710939
le2i-blazepose,le2i-blazepose::Coffee_room_01_video_8,data/keypoints_le2i_blazepose/Coffee_room_01_video_8.npz,156,180,1,1,1,0.9867568
le2i-blazepose,le2i-blazepose::Coffee_room_01_video_8,data/keypoints_le2i_blazepose/Coffee_room_01_video_8.npz,161,185,1,1,1,0.50074506
le2i-blazepose,le2i-blazepose::Coffee_room_01_video_8,data/keypoints_le2i_blazepose/Coffee_room_01_video_8.npz,166,190,1,1,1,0.46430933
le2i-blazepose,le2i-blazepose::Coffee_room_01_video_8,data/keypoints_le2i_blazepose/Coffee_room_01_video_8.npz,171,195,1,1,0,0.28815982
le2i-blazepose,le2i-blazepose::Coffee_room_01_video_8,data/keypoints_le2i_blazepose/Coffee_room_01_video_8.npz,176,200,0,0,0,0.28942078
le2i-blazepose,le2i-blazepose::Coffee_room_01_video_8,data/keypoints_le2i_blazepose/Coffee_room_01_video_8.npz,181,205,0,0,0,0.2849125
le2i-blazepose,le2i-blazepose::Coffee_room_01_video_8,data/keypoints_le2i_blazepose/Coffee_room_01_video_8.npz,186,210,0,0,0,0.28099912
le2i-blazepose,le2i-blazepose::Coffee_room_01_video_8,data/keypoints_le2i_blazepose/Coffee_room_01_video_8.npz,191,215,0,0,0,0.2514115
le2i-blazepose,le2i-blazepose::Coffee_room_01_video_8,data/keypoints_le2i_blazepose/Coffee_room_01_video_8.npz,196,220,0,0,0,0.2034521
le2i-blazepose,le2i-blazepose::Coffee_room_01_video_8,data/keypoints_le2i_blazepose/Coffee_room_01_video_8.npz,201,225,0,0,0,0.28033897
le2i-blazepose,le2i-blazepose::Coffee_room_01_video_8,data/keypoints_le2i_blazepose/Coffee_room_01_video_8.npz,206,230,0,0,0,0.29707998
le2i-blazepose,le2i-blazepose::Coffee_room_01_video_8,data/keypoints_le2i_blazepose/Coffee_room_01_video_8.npz,211,235,0,0,0,0.30701253
le2i-blazepose,le2i-blazepose::Coffee_room_01_video_8,data/keypoints_le2i_blazepose/Coffee_room_01_video_8.npz,216,240,0,0,1,0.8651711
le2i-blazepose,le2i-blazepose::Coffee_room_01_video_8,data/keypoints_le2i_blazepose/Coffee_room_01_video_8.npz,221,245,0,0,1,0.84492004
le2i-blazepose,le2i-blazepose::Coffee_room_01_video_8,data/keypoints_le2i_blazepose/Coffee_room_01_video_8.npz,226,250,0,0,1,0.756865
le2i-blazepose,le2i-blazepose::Coffee_room_01_video_8,data/keypoints_le2i_blazepose/Coffee_room_01_video_8.npz,231,255,0,0,1,0.7517416
le2i-blazepose,le2i-blazepose::Home_01_video_10,data/keypoints_le2i_blazepose/Home_01_video_10.npz,86,110,0,0,0,0.00845482
le2i-blazepose,le2i-blazepose::Home_01_video_10,data/keypoints_le2i_blazepose/Home_01_video_10.npz,91,115,0,0,0,0.010024762
le2i-blazepose,le2i-blazepose::Home_01_video_10,data/keypoints_le2i_blazepose/Home_01_video_10.npz,96,120,0,0,0,0.012722307
le2i-blazepose,le2i-blazepose::Home_01_video_10,data/keypoints_le2i_blazepose/Home_01_video_10.npz,101,125,0,0,0,0.019383613
le2i-blazepose,le2i-blazepose::Home_01_video_10,data/keypoints_le2i_blazepose/Home_01_video_10.npz,106,130,0,0,0,0.15369095
le2i-blazepose,le2i-blazepose::Home_01_video_10,data/keypoints_le2i_blazepose/Home_01_video_10.npz,111,135,0,0,1,0.75916034
le2i-blazepose,le2i-blazepose::Home_01_video_10,data/keypoints_le2i_blazepose/Home_01_video_10.npz,116,140,0,0,1,0.9247765
le2i-blazepose,le2i-blazepose::Home_01_video_10,data/keypoints_le2i_blazepose/Home_01_video_10.npz,121,145,1,1,1,0.9681405
le2i-blazepose,le2i-blazepose::Home_01_video_10,data/keypoints_le2i_blazepose/Home_01_video_10.npz,126,150,1,1,1,0.9757194
le2i-blazepose,le2i-blazepose::Home_01_video_10,data/keypoints_le2i_blazepose/Home_01_video_10.npz,131,155,1,1,1,0.9579247
le2i-blazepose,le2i-blazepose::Home_01_video_10,data/keypoints_le2i_blazepose/Home_01_video_10.npz,136,160,1,1,1,0.70778155
le2i-blazepose,le2i-blazepose::Home_01_video_10,data/keypoints_le2i_blazepose/Home_01_video_10.npz,141,165,1,1,1,0.69950485
le2i-blazepose,le2i-blazepose::Home_01_video_10,data/keypoints_le2i_blazepose/Home_01_video_10.npz,146,170,0,0,1,0.6537245
le2i-blazepose,le2i-blazepose::Home_01_video_10,data/keypoints_le2i_blazepose/Home_01_video_10.npz,151,175,0,0,1,0.6063279
le2i-blazepose,le2i-blazepose::Home_01_video_10,data/keypoints_le2i_blazepose/Home_01_video_10.npz,156,180,0,0,0,0.04200328
le2i-blazepose,le2i-blazepose::Home_01_video_10,data/keypoints_le2i_blazepose/Home_01_video_10.npz,161,185,0,0,1,0.45151263
le2i-blazepose,le2i-blazepose::Home_01_video_10,data/keypoints_le2i_blazepose/Home_01_video_10.npz,166,190,0,0,0,0.4068437
le2i-blazepose,le2i-blazepose::Home_01_video_10,data/keypoints_le2i_blazepose/Home_01_video_10.npz,171,195,0,0,0,0.39486358
le2i-blazepose,le2i-blazepose::Home_01_video_10,data/keypoints_le2i_blazepose/Home_01_video_10.npz,176,200,0,0,0,0.23674847
le2i-blazepose,le2i-blazepose::Home_01_video_10,data/keypoints_le2i_blazepose/Home_01_video_10.npz,181,205,0,0,1,0.42494142
le2i-blazepose,le2i-blazepose::Home_01_video_10,data/keypoints_le2i_blazepose/Home_01_video_10.npz,186,210,0,0,1,0.4757664
le2i-blazepose,le2i-blazepose::Home_01_video_10,data/keypoints_le2i_blazepose/Home_01_video_10.npz,191,215,0,0,1,0.5258216
le2i-blazepose,le2i-blazepose::Home_01_video_10,data/keypoints_le2i_blazepose/Home_01_video_10.npz,196,220,0,0,1,0.5548468
le2i-blazepose,le2i-blazepose::Home_01_video_10,data/keypoints_le2i_blazepose/Home_01_video_10.npz,201,225,0,0,1,0.4514007
le2i-blazepose,le2i-blazepose::Home_01_video_10,data/keypoints_le2i_blazepose/Home_01_video_10.npz,206,230,0,0,0,0.18287347
le2i-blazepose,le2i-blazepose::Home_01_video_10,data/keypoints_le2i_blazepose/Home_01_video_10.npz,211,235,0,0,0,0.072680324
le2i-blazepose,le2i-blazepose::Home_01_video_10,data/keypoints_le2i_blazepose/Home_01_video_10.npz,216,240,0,0,0,0.036299434
le2i-blazepose,le2i-blazepose::Home_01_video_10,data/keypoints_le2i_blazepose/Home_01_video_10.npz,221,245,0,0,0,0.025829943
le2i-blazepose,le2i-blazepose::Home_01_video_10,data/keypoints_le2i_blazepose/Home_01_video_10.npz,226,250,0,0,0,0.020129047
le2i-blazepose,le2i-blazepose::Home_01_video_10,data/keypoints_le2i_blazepose/Home_01_video_10.npz,231,255,0,0,0,0.00900317
le2i-blazepose,le2i-blazepose::Home_01_video_10,data/keypoints_le2i_blazepose/Home_01_video_10.npz,236,260,0,0,0,0.005643492
le2i-blazepose,le2i-blazepose::Home_01_video_10,data/keypoints_le2i_blazepose/Home_01_video_10.npz,241,265,0,0,0,0.004221846
le2i-blazepose,le2i-blazepose::Home_01_video_10,data/keypoints_le2i_blazepose/Home_01_video_10.npz,246,270,0,0,0,0.0032873952
le2i-blazepose,le2i-blazepose::Home_01_video_10,data/keypoints_le2i_blazepose/Home_01_video_10.npz,251,275,0,0,0,0.0026386809
le2i-blazepose,le2i-blazepose::Home_01_video_10,data/keypoints_le2i_blazepose/Home_01_video_10.npz,256,280,0,0,0,0.0019892778
le2i-blazepose,le2i-blazepose::Home_01_video_10,data/keypoints_le2i_blazepose/Home_01_video_10.npz,261,285,0,0,0,0.0011140847
le2i-blazepose,le2i-blazepose::Home_01_video_10,data/keypoints_le2i_blazepose/Home_01_video_10.npz,266,290,0,0,0,0.0011459674
le2i-blazepose,le2i-blazepose::Home_01_video_10,data/keypoints_le2i_blazepose/Home_01_video_10.npz,271,295,0,0,0,0.0014321767
le2i-blazepose,le2i-blazepose::Home_01_video_10,data/keypoints_le2i_blazepose/Home_01_video_10.npz,276,300,0,0,0,0.0013011005
le2i-blazepose,le2i-blazepose::Home_01_video_10,data/keypoints_le2i_blazepose/Home_01_video_10.npz,281,305,0,0,0,0.0011335377
le2i-blazepose,le2i-blazepose::Home_01_video_10,data/keypoints_le2i_blazepose/Home_01_video_10.npz,286,310,0,0,0,0.005823194
le2i-blazepose,le2i-blazepose::Home_01_video_12,data/keypoints_le2i_blazepose/Home_01_video_12.npz,71,95,0,0,0,0.0015589776
le2i-blazepose,le2i-blazepose::Home_01_video_12,data/keypoints_le2i_blazepose/Home_01_video_12.npz,76,100,0,0,0,0.0042304187
le2i-blazepose,le2i-blazepose::Home_01_video_12,data/keypoints_le2i_blazepose/Home_01_video_12.npz,81,105,0,0,0,0.004219882
le2i-blazepose,le2i-blazepose::Home_01_video_12,data/keypoints_le2i_blazepose/Home_01_video_12.npz,86,110,0,0,0,0.0046200994
le2i-blazepose,le2i-blazepose::Home_01_video_12,data/keypoints_le2i_blazepose/Home_01_video_12.npz,91,115,0,0,0,0.0059233042
le2i-blazepose,le2i-blazepose::Home_01_video_12,data/keypoints_le2i_blazepose/Home_01_video_12.npz,96,120,0,0,0,0.0065614954
le2i-blazepose,le2i-blazepose::Home_01_video_12,data/keypoints_le2i_blazepose/Home_01_video_12.npz,101,125,0,0,0,0.007269547
le2i-blazepose,le2i-blazepose::Home_01_video_12,data/keypoints_le2i_blazepose/Home_01_video_12.npz,106,130,0,0,0,0.008129745
le2i-blazepose,le2i-blazepose::Home_01_video_12,data/keypoints_le2i_blazepose/Home_01_video_12.npz,111,135,0,0,0,0.009874185
le2i-blazepose,le2i-blazepose::Home_01_video_12,data/keypoints_le2i_blazepose/Home_01_video_12.npz,116,140,0,0,0,0.015053295
le2i-blazepose,le2i-blazepose::Home_01_video_12,data/keypoints_le2i_blazepose/Home_01_video_12.npz,121,145,0,0,0,0.016127061
le2i-blazepose,le2i-blazepose::Home_01_video_12,data/keypoints_le2i_blazepose/Home_01_video_12.npz,126,150,0,0,0,0.016631301
le2i-blazepose,le2i-blazepose::Home_01_video_12,data/keypoints_le2i_blazepose/Home_01_video_12.npz,131,155,0,0,0,0.035602488
le2i-blazepose,le2i-blazepose::Home_01_video_12,data/keypoints_le2i_blazepose/Home_01_video_12.npz,136,160,0,0,0,0.277164
le2i-blazepose,le2i-blazepose::Home_01_video_12,data/keypoints_le2i_blazepose/Home_01_video_12.npz,141,165,0,0,1,0.86815155
le2i-blazepose,le2i-blazepose::Home_01_video_12,data/keypoints_le2i_blazepose/Home_01_video_12.npz,146,170,1,1,1,0.9566363
le2i-blazepose,le2i-blazepose::Home_01_video_12,data/keypoints_le2i_blazepose/Home_01_video_12.npz,151,175,1,1,1,0.9638932
le2i-blazepose,le2i-blazepose::Home_01_video_12,data/keypoints_le2i_blazepose/Home_01_video_12.npz,156,180,1,1,1,0.9592669
le2i-blazepose,le2i-blazepose::Home_01_video_12,data/keypoints_le2i_blazepose/Home_01_video_12.npz,161,185,1,1,1,0.87787163
le2i-blazepose,le2i-blazepose::Home_01_video_12,data/keypoints_le2i_blazepose/Home_01_video_12.npz,166,190,1,1,0,0.14488025
le2i-blazepose,le2i-blazepose::Home_01_video_12,data/keypoints_le2i_blazepose/Home_01_video_12.npz,171,195,0,0,0,0.034834813
le2i-blazepose,le2i-blazepose::Home_01_video_12,data/keypoints_le2i_blazepose/Home_01_video_12.npz,176,200,0,0,0,0.041055497
le2i-blazepose,le2i-blazepose::Home_01_video_12,data/keypoints_le2i_blazepose/Home_01_video_12.npz,181,205,0,0,0,0.041252445
le2i-blazepose,le2i-blazepose::Home_01_video_12,data/keypoints_le2i_blazepose/Home_01_video_12.npz,186,210,0,0,0,0.03372918
le2i-blazepose,le2i-blazepose::Home_01_video_12,data/keypoints_le2i_blazepose/Home_01_video_12.npz,191,215,0,0,0,0.027788447
le2i-blazepose,le2i-blazepose::Home_01_video_14,data/keypoints_le2i_blazepose/Home_01_video_14.npz,96,120,0,0,0,0.0061552497
le2i-blazepose,le2i-blazepose::Home_01_video_14,data/keypoints_le2i_blazepose/Home_01_video_14.npz,101,125,0,0,0,0.0029243631
le2i-blazepose,le2i-blazepose::Home_01_video_14,data/keypoints_le2i_blazepose/Home_01_video_14.npz,106,130,0,0,0,0.0036829296
le2i-blazepose,le2i-blazepose::Home_01_video_14,data/keypoints_le2i_blazepose/Home_01_video_14.npz,111,135,0,0,0,0.004691953
le2i-blazepose,le2i-blazepose::Home_01_video_14,data/keypoints_le2i_blazepose/Home_01_video_14.npz,116,140,0,0,0,0.00655051
le2i-blazepose,le2i-blazepose::Home_01_video_14,data/keypoints_le2i_blazepose/Home_01_video_14.npz,121,145,0,0,0,0.00661283
le2i-blazepose,le2i-blazepose::Home_01_video_14,data/keypoints_le2i_blazepose/Home_01_video_14.npz,126,150,0,0,0,0.0072823837
le2i-blazepose,le2i-blazepose::Home_01_video_14,data/keypoints_le2i_blazepose/Home_01_video_14.npz,131,155,0,0,0,0.009792611
le2i-blazepose,le2i-blazepose::Home_01_video_14,data/keypoints_le2i_blazepose/Home_01_video_14.npz,136,160,0,0,0,0.011431874
le2i-blazepose,le2i-blazepose::Home_01_video_14,data/keypoints_le2i_blazepose/Home_01_video_14.npz,141,165,0,0,0,0.013123884
le2i-blazepose,le2i-blazepose::Home_01_video_14,data/keypoints_le2i_blazepose/Home_01_video_14.npz,146,170,0,0,0,0.016098704
le2i-blazepose,le2i-blazepose::Home_01_video_14,data/keypoints_le2i_blazepose/Home_01_video_14.npz,151,175,0,0,0,0.023533799
le2i-blazepose,le2i-blazepose::Home_01_video_14,data/keypoints_le2i_blazepose/Home_01_video_14.npz,156,180,0,0,0,0.061102543
le2i-blazepose,le2i-blazepose::Home_01_video_14,data/keypoints_le2i_blazepose/Home_01_video_14.npz,161,185,0,0,1,0.44532272
le2i-blazepose,le2i-blazepose::Home_01_video_14,data/keypoints_le2i_blazepose/Home_01_video_14.npz,166,190,0,0,1,0.88918406
le2i-blazepose,le2i-blazepose::Home_01_video_14,data/keypoints_le2i_blazepose/Home_01_video_14.npz,171,195,1,1,1,0.9702641
le2i-blazepose,le2i-blazepose::Home_01_video_14,data/keypoints_le2i_blazepose/Home_01_video_14.npz,176,200,1,1,1,0.98205686
le2i-blazepose,le2i-blazepose::Home_01_video_14,data/keypoints_le2i_blazepose/Home_01_video_14.npz,181,205,1,1,1,0.93344665
le2i-blazepose,le2i-blazepose::Home_01_video_14,data/keypoints_le2i_blazepose/Home_01_video_14.npz,186,210,1,1,1,0.9163905
le2i-blazepose,le2i-blazepose::Home_01_video_14,data/keypoints_le2i_blazepose/Home_01_video_14.npz,191,215,1,1,1,0.72534764
le2i-blazepose,le2i-blazepose::Home_01_video_14,data/keypoints_le2i_blazepose/Home_01_video_14.npz,196,220,0,0,1,0.61475736
le2i-blazepose,le2i-blazepose::Home_01_video_14,data/keypoints_le2i_blazepose/Home_01_video_14.npz,201,225,0,0,1,0.6263565
le2i-blazepose,le2i-blazepose::Home_01_video_14,data/keypoints_le2i_blazepose/Home_01_video_14.npz,206,230,0,0,1,0.87382734
le2i-blazepose,le2i-blazepose::Home_01_video_14,data/keypoints_le2i_blazepose/Home_01_video_14.npz,211,235,0,0,1,0.9324967
le2i-blazepose,le2i-blazepose::Home_01_video_14,data/keypoints_le2i_blazepose/Home_01_video_14.npz,216,240,0,0,1,0.9330483
le2i-blazepose,le2i-blazepose::Home_01_video_14,data/keypoints_le2i_blazepose/Home_01_video_14.npz,221,245,0,0,1,0.93379134
le2i-blazepose,le2i-blazepose::Home_01_video_14,data/keypoints_le2i_blazepose/Home_01_video_14.npz,226,250,0,0,1,0.9335523
le2i-blazepose,le2i-blazepose::Home_01_video_14,data/keypoints_le2i_blazepose/Home_01_video_14.npz,231,255,0,0,1,0.93402165
le2i-blazepose,le2i-blazepose::Home_01_video_14,data/keypoints_le2i_blazepose/Home_01_video_14.npz,236,260,0,0,1,0.93469936
le2i-blazepose,le2i-blazepose::Home_01_video_14,data/keypoints_le2i_blazepose/Home_01_video_14.npz,241,265,0,0,1,0.93406355
le2i-blazepose,le2i-blazepose::Home_01_video_14,data/keypoints_le2i_blazepose/Home_01_video_14.npz,246,270,0,0,1,0.93345344
le2i-blazepose,le2i-blazepose::Home_01_video_14,data/keypoints_le2i_blazepose/Home_01_video_14.npz,251,275,0,0,1,0.9327753
le2i-blazepose,le2i-blazepose::Home_01_video_14,data/keypoints_le2i_blazepose/Home_01_video_14.npz,256,280,0,0,1,0.93272513
le2i-blazepose,le2i-blazepose::Home_01_video_14,data/keypoints_le2i_blazepose/Home_01_video_14.npz,261,285,0,0,1,0.88024056
le2i-blazepose,le2i-blazepose::Home_01_video_18,data/keypoints_le2i_blazepose/Home_01_video_18.npz,1,25,0,0,0,0.006003773
le2i-blazepose,le2i-blazepose::Home_01_video_18,data/keypoints_le2i_blazepose/Home_01_video_18.npz,6,30,0,0,0,0.0064558513
le2i-blazepose,le2i-blazepose::Home_01_video_18,data/keypoints_le2i_blazepose/Home_01_video_18.npz,11,35,0,0,0,0.005962459
le2i-blazepose,le2i-blazepose::Home_01_video_18,data/keypoints_le2i_blazepose/Home_01_video_18.npz,16,40,0,0,0,0.003406272
le2i-blazepose,le2i-blazepose::Home_01_video_18,data/keypoints_le2i_blazepose/Home_01_video_18.npz,21,45,0,0,0,0.0040336885
le2i-blazepose,le2i-blazepose::Home_01_video_18,data/keypoints_le2i_blazepose/Home_01_video_18.npz,26,50,0,0,0,0.004027655
le2i-blazepose,le2i-blazepose::Home_01_video_18,data/keypoints_le2i_blazepose/Home_01_video_18.npz,31,55,0,0,0,0.0023878135
le2i-blazepose,le2i-blazepose::Home_01_video_18,data/keypoints_le2i_blazepose/Home_01_video_18.npz,36,60,0,0,0,0.0030622752
le2i-blazepose,le2i-blazepose::Home_01_video_18,data/keypoints_le2i_blazepose/Home_01_video_18.npz,41,65,0,0,0,0.006555685
le2i-blazepose,le2i-blazepose::Home_01_video_18,data/keypoints_le2i_blazepose/Home_01_video_18.npz,46,70,0,0,0,0.0072454703
le2i-blazepose,le2i-blazepose::Home_01_video_18,data/keypoints_le2i_blazepose/Home_01_video_18.npz,51,75,0,0,0,0.007928481
le2i-blazepose,le2i-blazepose::Home_01_video_18,data/keypoints_le2i_blazepose/Home_01_video_18.npz,56,80,0,0,0,0.0077460166
le2i-blazepose,le2i-blazepose::Home_01_video_18,data/keypoints_le2i_blazepose/Home_01_video_18.npz,61,85,0,0,0,0.008594837
le2i-blazepose,le2i-blazepose::Home_01_video_18,data/keypoints_le2i_blazepose/Home_01_video_18.npz,66,90,0,0,0,0.008283963
le2i-blazepose,le2i-blazepose::Home_01_video_18,data/keypoints_le2i_blazepose/Home_01_video_18.npz,71,95,0,0,0,0.008056738
le2i-blazepose,le2i-blazepose::Home_01_video_18,data/keypoints_le2i_blazepose/Home_01_video_18.npz,76,100,0,0,0,0.006438603
le2i-blazepose,le2i-blazepose::Home_01_video_18,data/keypoints_le2i_blazepose/Home_01_video_18.npz,81,105,0,0,0,0.0071144262
le2i-blazepose,le2i-blazepose::Home_01_video_18,data/keypoints_le2i_blazepose/Home_01_video_18.npz,86,110,0,0,0,0.0075577376
le2i-blazepose,le2i-blazepose::Home_01_video_18,data/keypoints_le2i_blazepose/Home_01_video_18.npz,91,115,0,0,0,0.008155185
le2i-blazepose,le2i-blazepose::Home_01_video_18,data/keypoints_le2i_blazepose/Home_01_video_18.npz,96,120,0,0,0,0.009298257
le2i-blazepose,le2i-blazepose::Home_01_video_18,data/keypoints_le2i_blazepose/Home_01_video_18.npz,101,125,0,0,0,0.04761857
le2i-blazepose,le2i-blazepose::Home_01_video_18,data/keypoints_le2i_blazepose/Home_01_video_18.npz,106,130,0,0,0,0.21795113
le2i-blazepose,le2i-blazepose::Home_01_video_18,data/keypoints_le2i_blazepose/Home_01_video_18.npz,111,135,0,0,1,0.8052886
le2i-blazepose,le2i-blazepose::Home_01_video_18,data/keypoints_le2i_blazepose/Home_01_video_18.npz,116,140,0,0,1,0.95795774
le2i-blazepose,le2i-blazepose::Home_01_video_18,data/keypoints_le2i_blazepose/Home_01_video_18.npz,121,145,1,1,1,0.9896415
le2i-blazepose,le2i-blazepose::Home_01_video_18,data/keypoints_le2i_blazepose/Home_01_video_18.npz,126,150,1,1,1,0.995915
le2i-blazepose,le2i-blazepose::Home_01_video_18,data/keypoints_le2i_blazepose/Home_01_video_18.npz,131,155,1,1,1,0.9970186
le2i-blazepose,le2i-blazepose::Home_01_video_18,data/keypoints_le2i_blazepose/Home_01_video_18.npz,136,160,1,1,1,0.98711014
le2i-blazepose,le2i-blazepose::Home_01_video_18,data/keypoints_le2i_blazepose/Home_01_video_18.npz,141,165,1,1,0,0.13667113
le2i-blazepose,le2i-blazepose::Home_01_video_18,data/keypoints_le2i_blazepose/Home_01_video_18.npz,146,170,0,0,0,0.11868705
le2i-blazepose,le2i-blazepose::Home_01_video_18,data/keypoints_le2i_blazepose/Home_01_video_18.npz,151,175,0,0,0,0.1341484
le2i-blazepose,le2i-blazepose::Home_01_video_18,data/keypoints_le2i_blazepose/Home_01_video_18.npz,156,180,0,0,0,0.089996375
le2i-blazepose,le2i-blazepose::Home_01_video_18,data/keypoints_le2i_blazepose/Home_01_video_18.npz,161,185,0,0,0,0.09084229
le2i-blazepose,le2i-blazepose::Home_01_video_18,data/keypoints_le2i_blazepose/Home_01_video_18.npz,166,190,0,0,0,0.09193974
le2i-blazepose,le2i-blazepose::Home_01_video_18,data/keypoints_le2i_blazepose/Home_01_video_18.npz,171,195,0,0,0,0.09151072
le2i-blazepose,le2i-blazepose::Home_01_video_18,data/keypoints_le2i_blazepose/Home_01_video_18.npz,176,200,0,0,0,0.35626015
le2i-blazepose,le2i-blazepose::Home_01_video_18,data/keypoints_le2i_blazepose/Home_01_video_18.npz,181,205,0,0,0,0.35555285
le2i-blazepose,le2i-blazepose::Home_01_video_18,data/keypoints_le2i_blazepose/Home_01_video_18.npz,186,210,0,0,0,0.35365176
le2i-blazepose,le2i-blazepose::Home_01_video_18,data/keypoints_le2i_blazepose/Home_01_video_18.npz,191,215,0,0,0,0.34966838
le2i-blazepose,le2i-blazepose::Home_01_video_25,data/keypoints_le2i_blazepose/Home_01_video_25.npz,1,25,0,0,0,0.0036320693
le2i-blazepose,le2i-blazepose::Home_01_video_25,data/keypoints_le2i_blazepose/Home_01_video_25.npz,6,30,0,0,0,0.00379113
le2i-blazepose,le2i-blazepose::Home_01_video_25,data/keypoints_le2i_blazepose/Home_01_video_25.npz,11,35,0,0,0,0.0031677808
le2i-blazepose,le2i-blazepose::Home_01_video_25,data/keypoints_le2i_blazepose/Home_01_video_25.npz,16,40,0,0,0,0.0017550805
le2i-blazepose,le2i-blazepose::Home_01_video_25,data/keypoints_le2i_blazepose/Home_01_video_25.npz,21,45,0,0,0,0.0017390274
le2i-blazepose,le2i-blazepose::Home_01_video_25,data/keypoints_le2i_blazepose/Home_01_video_25.npz,26,50,0,0,0,0.0017521273
le2i-blazepose,le2i-blazepose::Home_01_video_25,data/keypoints_le2i_blazepose/Home_01_video_25.npz,31,55,0,0,0,0.001685018
le2i-blazepose,le2i-blazepose::Home_01_video_25,data/keypoints_le2i_blazepose/Home_01_video_25.npz,36,60,0,0,0,0.0012866724
le2i-blazepose,le2i-blazepose::Home_01_video_25,data/keypoints_le2i_blazepose/Home_01_video_25.npz,41,65,0,0,0,0.0014062343
le2i-blazepose,le2i-blazepose::Home_01_video_25,data/keypoints_le2i_blazepose/Home_01_video_25.npz,46,70,0,0,0,0.004486902
le2i-blazepose,le2i-blazepose::Home_01_video_25,data/keypoints_le2i_blazepose/Home_01_video_25.npz,51,75,0,0,0,0.004302419
le2i-blazepose,le2i-blazepose::Home_01_video_25,data/keypoints_le2i_blazepose/Home_01_video_25.npz,56,80,0,0,0,0.0027851122
le2i-blazepose,le2i-blazepose::Home_01_video_25,data/keypoints_le2i_blazepose/Home_01_video_25.npz,61,85,0,0,0,0.0035099352
le2i-blazepose,le2i-blazepose::Home_01_video_25,data/keypoints_le2i_blazepose/Home_01_video_25.npz,66,90,0,0,0,0.0034322056
le2i-blazepose,le2i-blazepose::Home_01_video_25,data/keypoints_le2i_blazepose/Home_01_video_25.npz,71,95,0,0,0,0.003395604
le2i-blazepose,le2i-blazepose::Home_01_video_25,data/keypoints_le2i_blazepose/Home_01_video_25.npz,76,100,0,0,0,0.0033805892
le2i-blazepose,le2i-blazepose::Home_01_video_25,data/keypoints_le2i_blazepose/Home_01_video_25.npz,81,105,0,0,0,0.0033763524
le2i-blazepose,le2i-blazepose::Home_01_video_25,data/keypoints_le2i_blazepose/Home_01_video_25.npz,86,110,0,0,0,0.0025878514
le2i-blazepose,le2i-blazepose::Home_01_video_25,data/keypoints_le2i_blazepose/Home_01_video_25.npz,91,115,0,0,0,0.0029132448
le2i-blazepose,le2i-blazepose::Home_01_video_25,data/keypoints_le2i_blazepose/Home_01_video_25.npz,96,120,0,0,0,0.0036695406
le2i-blazepose,le2i-blazepose::Home_01_video_25,data/keypoints_le2i_blazepose/Home_01_video_25.npz,101,125,0,0,0,0.0033147235
le2i-blazepose,le2i-blazepose::Home_01_video_25,data/keypoints_le2i_blazepose/Home_01_video_25.npz,106,130,0,0,0,0.005557159
le2i-blazepose,le2i-blazepose::Home_01_video_25,data/keypoints_le2i_blazepose/Home_01_video_25.npz,111,135,0,0,0,0.012755116
le2i-blazepose,le2i-blazepose::Home_01_video_25,data/keypoints_le2i_blazepose/Home_01_video_25.npz,116,140,0,0,0,0.017633127
le2i-blazepose,le2i-blazepose::Home_01_video_25,data/keypoints_le2i_blazepose/Home_01_video_25.npz,121,145,0,0,0,0.032738246
le2i-blazepose,le2i-blazepose::Home_01_video_25,data/keypoints_le2i_blazepose/Home_01_video_25.npz,126,150,0,0,0,0.04416561
le2i-blazepose,le2i-blazepose::Home_01_video_25,data/keypoints_le2i_blazepose/Home_01_video_25.npz,131,155,0,0,0,0.06878797
le2i-blazepose,le2i-blazepose::Home_01_video_25,data/keypoints_le2i_blazepose/Home_01_video_25.npz,136,160,0,0,0,0.12611163
le2i-blazepose,le2i-blazepose::Home_01_video_25,data/keypoints_le2i_blazepose/Home_01_video_25.npz,141,165,0,0,1,0.47738382
le2i-blazepose,le2i-blazepose::Home_01_video_25,data/keypoints_le2i_blazepose/Home_01_video_25.npz,146,170,0,0,1,0.888612
le2i-blazepose,le2i-blazepose::Home_01_video_25,data/keypoints_le2i_blazepose/Home_01_video_25.npz,151,175,0,0,1,0.9865709
le2i-blazepose,le2i-blazepose::Home_01_video_25,data/keypoints_le2i_blazepose/Home_01_video_25.npz,156,180,1,1,1,0.99824345
le2i-blazepose,le2i-blazepose::Home_01_video_25,data/keypoints_le2i_blazepose/Home_01_video_25.npz,161,185,1,1,1,0.9995301
le2i-blazepose,le2i-blazepose::Home_01_video_25,data/keypoints_le2i_blazepose/Home_01_video_25.npz,166,190,1,1,1,0.99950933
le2i-blazepose,le2i-blazepose::Home_01_video_25,data/keypoints_le2i_blazepose/Home_01_video_25.npz,171,195,1,1,1,0.9970143
le2i-blazepose,le2i-blazepose::Home_01_video_25,data/keypoints_le2i_blazepose/Home_01_video_25.npz,176,200,0,0,0,0.08823219
le2i-blazepose,le2i-blazepose::Home_01_video_25,data/keypoints_le2i_blazepose/Home_01_video_25.npz,181,205,0,0,0,0.02234589
le2i-blazepose,le2i-blazepose::Home_01_video_25,data/keypoints_le2i_blazepose/Home_01_video_25.npz,186,210,0,0,0,0.022240557
le2i-blazepose,le2i-blazepose::Home_01_video_7,data/keypoints_le2i_blazepose/Home_01_video_7.npz,1,25,0,0,0,0.005659726
le2i-blazepose,le2i-blazepose::Home_01_video_7,data/keypoints_le2i_blazepose/Home_01_video_7.npz,6,30,0,0,0,0.0058124354
le2i-blazepose,le2i-blazepose::Home_01_video_7,data/keypoints_le2i_blazepose/Home_01_video_7.npz,11,35,0,0,0,0.003150403
le2i-blazepose,le2i-blazepose::Home_01_video_7,data/keypoints_le2i_blazepose/Home_01_video_7.npz,16,40,0,0,0,0.0037033206
le2i-blazepose,le2i-blazepose::Home_01_video_7,data/keypoints_le2i_blazepose/Home_01_video_7.npz,21,45,0,0,0,0.0039045694
le2i-blazepose,le2i-blazepose::Home_01_video_7,data/keypoints_le2i_blazepose/Home_01_video_7.npz,26,50,0,0,0,0.0015987922
le2i-blazepose,le2i-blazepose::Home_01_video_7,data/keypoints_le2i_blazepose/Home_01_video_7.npz,31,55,0,0,0,0.0028193372
le2i-blazepose,le2i-blazepose::Home_01_video_7,data/keypoints_le2i_blazepose/Home_01_video_7.npz,36,60,0,0,0,0.0036793514
le2i-blazepose,le2i-blazepose::Home_01_video_7,data/keypoints_le2i_blazepose/Home_01_video_7.npz,41,65,0,0,0,0.0013029651
le2i-blazepose,le2i-blazepose::Home_01_video_7,data/keypoints_le2i_blazepose/Home_01_video_7.npz,46,70,0,0,0,0.00085338595
le2i-blazepose,le2i-blazepose::Home_01_video_7,data/keypoints_le2i_blazepose/Home_01_video_7.npz,61,85,0,0,0,0.11738719
le2i-blazepose,le2i-blazepose::Home_01_video_7,data/keypoints_le2i_blazepose/Home_01_video_7.npz,66,90,0,0,0,0.041708574
le2i-blazepose,le2i-blazepose::Home_01_video_7,data/keypoints_le2i_blazepose/Home_01_video_7.npz,71,95,0,0,0,0.041879598
le2i-blazepose,le2i-blazepose::Home_01_video_7,data/keypoints_le2i_blazepose/Home_01_video_7.npz,76,100,0,0,0,0.04450828
le2i-blazepose,le2i-blazepose::Home_01_video_7,data/keypoints_le2i_blazepose/Home_01_video_7.npz,81,105,0,0,0,0.010084987
le2i-blazepose,le2i-blazepose::Home_01_video_7,data/keypoints_le2i_blazepose/Home_01_video_7.npz,86,110,0,0,0,0.010297876
le2i-blazepose,le2i-blazepose::Home_01_video_7,data/keypoints_le2i_blazepose/Home_01_video_7.npz,91,115,0,0,0,0.010314953
le2i-blazepose,le2i-blazepose::Home_01_video_7,data/keypoints_le2i_blazepose/Home_01_video_7.npz,96,120,0,0,0,0.010313282
le2i-blazepose,le2i-blazepose::Home_01_video_7,data/keypoints_le2i_blazepose/Home_01_video_7.npz,101,125,0,0,0,0.019897467
le2i-blazepose,le2i-blazepose::Home_01_video_7,data/keypoints_le2i_blazepose/Home_01_video_7.npz,106,130,0,0,0,0.005970383
le2i-blazepose,le2i-blazepose::Home_01_video_7,data/keypoints_le2i_blazepose/Home_01_video_7.npz,111,135,0,0,0,0.015292023
le2i-blazepose,le2i-blazepose::Home_01_video_7,data/keypoints_le2i_blazepose/Home_01_video_7.npz,116,140,0,0,0,0.022191739
le2i-blazepose,le2i-blazepose::Home_01_video_7,data/keypoints_le2i_blazepose/Home_01_video_7.npz,121,145,0,0,0,0.10158189
le2i-blazepose,le2i-blazepose::Home_01_video_7,data/keypoints_le2i_blazepose/Home_01_video_7.npz,126,150,1,1,1,0.43247682
le2i-blazepose,le2i-blazepose::Home_01_video_7,data/keypoints_le2i_blazepose/Home_01_video_7.npz,131,155,1,1,1,0.58863485
le2i-blazepose,le2i-blazepose::Home_01_video_7,data/keypoints_le2i_blazepose/Home_01_video_7.npz,136,160,1,1,1,0.61091554
le2i-blazepose,le2i-blazepose::Home_01_video_7,data/keypoints_le2i_blazepose/Home_01_video_7.npz,141,165,1,1,1,0.48720384
le2i-blazepose,le2i-blazepose::Home_01_video_7,data/keypoints_le2i_blazepose/Home_01_video_7.npz,146,170,1,1,0,0.40329504
le2i-blazepose,le2i-blazepose::Home_01_video_7,data/keypoints_le2i_blazepose/Home_01_video_7.npz,151,175,0,0,0,0.36833304
le2i-blazepose,le2i-blazepose::Home_01_video_7,data/keypoints_le2i_blazepose/Home_01_video_7.npz,156,180,0,0,0,0.39287692
le2i-blazepose,le2i-blazepose::Home_01_video_7,data/keypoints_le2i_blazepose/Home_01_video_7.npz,161,185,0,0,0,0.04366388
le2i-blazepose,le2i-blazepose::Home_01_video_7,data/keypoints_le2i_blazepose/Home_01_video_7.npz,166,190,0,0,0,0.06521921
le2i-blazepose,le2i-blazepose::Home_01_video_7,data/keypoints_le2i_blazepose/Home_01_video_7.npz,171,195,0,0,0,0.08022208
le2i-blazepose,le2i-blazepose::Home_01_video_7,data/keypoints_le2i_blazepose/Home_01_video_7.npz,176,200,0,0,0,0.07934802
le2i-blazepose,le2i-blazepose::Home_01_video_7,data/keypoints_le2i_blazepose/Home_01_video_7.npz,181,205,0,0,0,0.08016668
le2i-blazepose,le2i-blazepose::Home_01_video_7,data/keypoints_le2i_blazepose/Home_01_video_7.npz,186,210,0,0,0,0.08039571
le2i-blazepose,le2i-blazepose::Home_01_video_7,data/keypoints_le2i_blazepose/Home_01_video_7.npz,191,215,0,0,0,0.08018311
le2i-blazepose,le2i-blazepose::Home_02_video_31,data/keypoints_le2i_blazepose/Home_02_video_31.npz,1,25,0,0,0,0.0028118237
le2i-blazepose,le2i-blazepose::Home_02_video_31,data/keypoints_le2i_blazepose/Home_02_video_31.npz,6,30,0,0,0,0.0027504405
le2i-blazepose,le2i-blazepose::Home_02_video_31,data/keypoints_le2i_blazepose/Home_02_video_31.npz,11,35,0,0,0,0.0027590413
le2i-blazepose,le2i-blazepose::Home_02_video_31,data/keypoints_le2i_blazepose/Home_02_video_31.npz,16,40,0,0,0,0.0027192752
le2i-blazepose,le2i-blazepose::Home_02_video_31,data/keypoints_le2i_blazepose/Home_02_video_31.npz,21,45,0,0,0,0.0068746395
le2i-blazepose,le2i-blazepose::Home_02_video_31,data/keypoints_le2i_blazepose/Home_02_video_31.npz,26,50,0,0,0,0.007531004
le2i-blazepose,le2i-blazepose::Home_02_video_31,data/keypoints_le2i_blazepose/Home_02_video_31.npz,31,55,0,0,0,0.007993098
le2i-blazepose,le2i-blazepose::Home_02_video_31,data/keypoints_le2i_blazepose/Home_02_video_31.npz,36,60,0,0,0,0.008672353
le2i-blazepose,le2i-blazepose::Home_02_video_31,data/keypoints_le2i_blazepose/Home_02_video_31.npz,41,65,0,0,0,0.009641963
le2i-blazepose,le2i-blazepose::Home_02_video_31,data/keypoints_le2i_blazepose/Home_02_video_31.npz,46,70,0,0,0,0.0107451845
le2i-blazepose,le2i-blazepose::Home_02_video_31,data/keypoints_le2i_blazepose/Home_02_video_31.npz,51,75,0,0,0,0.011112845
le2i-blazepose,le2i-blazepose::Home_02_video_31,data/keypoints_le2i_blazepose/Home_02_video_31.npz,56,80,0,0,0,0.002961356
le2i-blazepose,le2i-blazepose::Home_02_video_31,data/keypoints_le2i_blazepose/Home_02_video_31.npz,61,85,0,0,0,0.002957825
le2i-blazepose,le2i-blazepose::Home_02_video_31,data/keypoints_le2i_blazepose/Home_02_video_31.npz,66,90,0,0,0,0.0029560092
le2i-blazepose,le2i-blazepose::Home_02_video_31,data/keypoints_le2i_blazepose/Home_02_video_31.npz,71,95,0,0,0,0.0029568372
le2i-blazepose,le2i-blazepose::Home_02_video_31,data/keypoints_le2i_blazepose/Home_02_video_31.npz,76,100,0,0,0,0.0020006467
le2i-blazepose,le2i-blazepose::Home_02_video_31,data/keypoints_le2i_blazepose/Home_02_video_31.npz,81,105,0,0,0,0.005578171
le2i-blazepose,le2i-blazepose::Home_02_video_31,data/keypoints_le2i_blazepose/Home_02_video_31.npz,86,110,0,0,0,0.0055697374
le2i-blazepose,le2i-blazepose::Home_02_video_31,data/keypoints_le2i_blazepose/Home_02_video_31.npz,91,115,0,0,0,0.013034457
le2i-blazepose,le2i-blazepose::Home_02_video_31,data/keypoints_le2i_blazepose/Home_02_video_31.npz,96,120,0,0,0,0.010008495
le2i-blazepose,le2i-blazepose::Home_02_video_31,data/keypoints_le2i_blazepose/Home_02_video_31.npz,101,125,0,0,0,0.007408163
le2i-blazepose,le2i-blazepose::Home_02_video_31,data/keypoints_le2i_blazepose/Home_02_video_31.npz,106,130,0,0,0,0.0078585055
le2i-blazepose,le2i-blazepose::Home_02_video_31,data/keypoints_le2i_blazepose/Home_02_video_31.npz,111,135,0,0,0,0.0064564236
le2i-blazepose,le2i-blazepose::Home_02_video_31,data/keypoints_le2i_blazepose/Home_02_video_31.npz,116,140,0,0,0,0.008235093
le2i-blazepose,le2i-blazepose::Home_02_video_31,data/keypoints_le2i_blazepose/Home_02_video_31.npz,121,145,0,0,0,0.011953899
le2i-blazepose,le2i-blazepose::Home_02_video_31,data/keypoints_le2i_blazepose/Home_02_video_31.npz,126,150,0,0,0,0.018564975
le2i-blazepose,le2i-blazepose::Home_02_video_31,data/keypoints_le2i_blazepose/Home_02_video_31.npz,131,155,0,0,0,0.005148579
le2i-blazepose,le2i-blazepose::Home_02_video_31,data/keypoints_le2i_blazepose/Home_02_video_31.npz,136,160,0,0,0,0.04450571
le2i-blazepose,le2i-blazepose::Home_02_video_31,data/keypoints_le2i_blazepose/Home_02_video_31.npz,141,165,0,0,0,0.039130077
le2i-blazepose,le2i-blazepose::Home_02_video_31,data/keypoints_le2i_blazepose/Home_02_video_31.npz,146,170,0,0,0,0.045007892
le2i-blazepose,le2i-blazepose::Home_02_video_31,data/keypoints_le2i_blazepose/Home_02_video_31.npz,151,175,0,0,0,0.06318593
le2i-blazepose,le2i-blazepose::Home_02_video_31,data/keypoints_le2i_blazepose/Home_02_video_31.npz,156,180,0,0,0,0.1793115
le2i-blazepose,le2i-blazepose::Home_02_video_31,data/keypoints_le2i_blazepose/Home_02_video_31.npz,161,185,0,0,0,0.23079173
le2i-blazepose,le2i-blazepose::Home_02_video_31,data/keypoints_le2i_blazepose/Home_02_video_31.npz,166,190,0,0,0,0.18118224
le2i-blazepose,le2i-blazepose::Home_02_video_31,data/keypoints_le2i_blazepose/Home_02_video_31.npz,171,195,0,0,0,0.14198007
le2i-blazepose,le2i-blazepose::Home_02_video_31,data/keypoints_le2i_blazepose/Home_02_video_31.npz,176,200,0,0,0,0.1468953
le2i-blazepose,le2i-blazepose::Home_02_video_31,data/keypoints_le2i_blazepose/Home_02_video_31.npz,181,205,0,0,1,0.7453122
le2i-blazepose,le2i-blazepose::Home_02_video_31,data/keypoints_le2i_blazepose/Home_02_video_31.npz,186,210,1,1,1,0.8110349
le2i-blazepose,le2i-blazepose::Home_02_video_31,data/keypoints_le2i_blazepose/Home_02_video_31.npz,191,215,1,1,1,0.8090564
le2i-blazepose,le2i-blazepose::Home_02_video_31,data/keypoints_le2i_blazepose/Home_02_video_31.npz,196,220,1,1,1,0.8171756
le2i-blazepose,le2i-blazepose::Home_02_video_31,data/keypoints_le2i_blazepose/Home_02_video_31.npz,201,225,1,1,1,0.808418
le2i-blazepose,le2i-blazepose::Home_02_video_31,data/keypoints_le2i_blazepose/Home_02_video_31.npz,206,230,1,1,1,0.7780337
le2i-blazepose,le2i-blazepose::Home_02_video_31,data/keypoints_le2i_blazepose/Home_02_video_31.npz,211,235,0,0,1,0.75264287
le2i-blazepose,le2i-blazepose::Home_02_video_50,data/keypoints_le2i_blazepose/Home_02_video_50.npz,151,175,0,0,0,0.013891042
le2i-blazepose,le2i-blazepose::Home_02_video_50,data/keypoints_le2i_blazepose/Home_02_video_50.npz,156,180,0,0,0,0.014254565
le2i-blazepose,le2i-blazepose::Home_02_video_50,data/keypoints_le2i_blazepose/Home_02_video_50.npz,161,185,0,0,0,0.0127842
le2i-blazepose,le2i-blazepose::Home_02_video_50,data/keypoints_le2i_blazepose/Home_02_video_50.npz,166,190,0,0,0,0.006852738
le2i-blazepose,le2i-blazepose::Home_02_video_50,data/keypoints_le2i_blazepose/Home_02_video_50.npz,171,195,0,0,0,0.0072661615
le2i-blazepose,le2i-blazepose::Home_02_video_50,data/keypoints_le2i_blazepose/Home_02_video_50.npz,176,200,0,0,0,0.008506942
le2i-blazepose,le2i-blazepose::Home_02_video_50,data/keypoints_le2i_blazepose/Home_02_video_50.npz,181,205,0,0,0,0.010642726
le2i-blazepose,le2i-blazepose::Home_02_video_50,data/keypoints_le2i_blazepose/Home_02_video_50.npz,186,210,0,0,0,0.012614385
le2i-blazepose,le2i-blazepose::Home_02_video_50,data/keypoints_le2i_blazepose/Home_02_video_50.npz,191,215,0,0,0,0.009765318
le2i-blazepose,le2i-blazepose::Home_02_video_50,data/keypoints_le2i_blazepose/Home_02_video_50.npz,196,220,0,0,0,0.00824372
le2i-blazepose,le2i-blazepose::Home_02_video_50,data/keypoints_le2i_blazepose/Home_02_video_50.npz,201,225,0,0,0,0.008746099
le2i-blazepose,le2i-blazepose::Home_02_video_50,data/keypoints_le2i_blazepose/Home_02_video_50.npz,206,230,0,0,0,0.010111648
le2i-blazepose,le2i-blazepose::Home_02_video_50,data/keypoints_le2i_blazepose/Home_02_video_50.npz,211,235,0,0,0,0.010334558
le2i-blazepose,le2i-blazepose::Home_02_video_50,data/keypoints_le2i_blazepose/Home_02_video_50.npz,216,240,0,0,0,0.009530804
le2i-blazepose,le2i-blazepose::Home_02_video_50,data/keypoints_le2i_blazepose/Home_02_video_50.npz,221,245,0,0,0,0.008396081
le2i-blazepose,le2i-blazepose::Home_02_video_50,data/keypoints_le2i_blazepose/Home_02_video_50.npz,226,250,0,0,0,0.0063000587
le2i-blazepose,le2i-blazepose::Home_02_video_50,data/keypoints_le2i_blazepose/Home_02_video_50.npz,231,255,0,0,0,0.0055103134
le2i-blazepose,le2i-blazepose::Home_02_video_50,data/keypoints_le2i_blazepose/Home_02_video_50.npz,236,260,0,0,0,0.005285008
le2i-blazepose,le2i-blazepose::Home_02_video_50,data/keypoints_le2i_blazepose/Home_02_video_50.npz,241,265,0,0,0,0.0052047833
le2i-blazepose,le2i-blazepose::Home_02_video_50,data/keypoints_le2i_blazepose/Home_02_video_50.npz,246,270,0,0,0,0.0016717775
le2i-blazepose,le2i-blazepose::Home_02_video_50,data/keypoints_le2i_blazepose/Home_02_video_50.npz,276,300,0,0,0,0.0024253596
le2i-blazepose,le2i-blazepose::Home_02_video_50,data/keypoints_le2i_blazepose/Home_02_video_50.npz,281,305,0,0,0,0.0023701391
le2i-blazepose,le2i-blazepose::Home_02_video_50,data/keypoints_le2i_blazepose/Home_02_video_50.npz,286,310,0,0,0,0.002341519
le2i-blazepose,le2i-blazepose::Home_02_video_55,data/keypoints_le2i_blazepose/Home_02_video_55.npz,1,25,0,0,0,0.0071678297
le2i-blazepose,le2i-blazepose::Home_02_video_55,data/keypoints_le2i_blazepose/Home_02_video_55.npz,6,30,0,0,0,0.00691379
le2i-blazepose,le2i-blazepose::Home_02_video_55,data/keypoints_le2i_blazepose/Home_02_video_55.npz,11,35,0,0,0,0.00691379
le2i-blazepose,le2i-blazepose::Home_02_video_55,data/keypoints_le2i_blazepose/Home_02_video_55.npz,21,45,0,0,0,0.0027512673
le2i-blazepose,le2i-blazepose::Home_02_video_55,data/keypoints_le2i_blazepose/Home_02_video_55.npz,26,50,0,0,0,0.0058701755
le2i-blazepose,le2i-blazepose::Home_02_video_55,data/keypoints_le2i_blazepose/Home_02_video_55.npz,31,55,0,0,0,0.006021215
le2i-blazepose,le2i-blazepose::Home_02_video_55,data/keypoints_le2i_blazepose/Home_02_video_55.npz,36,60,0,0,0,0.0053167627
le2i-blazepose,le2i-blazepose::Home_02_video_55,data/keypoints_le2i_blazepose/Home_02_video_55.npz,41,65,0,0,0,0.004791671
le2i-blazepose,le2i-blazepose::Home_02_video_55,data/keypoints_le2i_blazepose/Home_02_video_55.npz,46,70,0,0,0,0.0043871994
le2i-blazepose,le2i-blazepose::Home_02_video_55,data/keypoints_le2i_blazepose/Home_02_video_55.npz,51,75,0,0,0,0.0044157677
le2i-blazepose,le2i-blazepose::Home_02_video_55,data/keypoints_le2i_blazepose/Home_02_video_55.npz,61,85,0,0,0,0.010878916
le2i-blazepose,le2i-blazepose::Home_02_video_55,data/keypoints_le2i_blazepose/Home_02_video_55.npz,66,90,0,0,0,0.011630482
le2i-blazepose,le2i-blazepose::Home_02_video_55,data/keypoints_le2i_blazepose/Home_02_video_55.npz,71,95,0,0,0,0.010358253
le2i-blazepose,le2i-blazepose::Home_02_video_55,data/keypoints_le2i_blazepose/Home_02_video_55.npz,76,100,0,0,0,0.012637354
le2i-blazepose,le2i-blazepose::Home_02_video_55,data/keypoints_le2i_blazepose/Home_02_video_55.npz,81,105,0,0,0,0.016065858
le2i-blazepose,le2i-blazepose::Home_02_video_55,data/keypoints_le2i_blazepose/Home_02_video_55.npz,86,110,0,0,0,0.02013107
le2i-blazepose,le2i-blazepose::Home_02_video_55,data/keypoints_le2i_blazepose/Home_02_video_55.npz,91,115,0,0,0,0.030956492
le2i-blazepose,le2i-blazepose::Home_02_video_55,data/keypoints_le2i_blazepose/Home_02_video_55.npz,96,120,0,0,0,0.027634168
le2i-blazepose,le2i-blazepose::Home_02_video_55,data/keypoints_le2i_blazepose/Home_02_video_55.npz,101,125,0,0,0,0.019716205
le2i-blazepose,le2i-blazepose::Home_02_video_55,data/keypoints_le2i_blazepose/Home_02_video_55.npz,106,130,0,0,0,0.018112283
le2i-blazepose,le2i-blazepose::Home_02_video_55,data/keypoints_le2i_blazepose/Home_02_video_55.npz,111,135,0,0,0,0.016907064
le2i-blazepose,le2i-blazepose::Home_02_video_55,data/keypoints_le2i_blazepose/Home_02_video_55.npz,116,140,0,0,0,0.015856802
le2i-blazepose,le2i-blazepose::Home_02_video_55,data/keypoints_le2i_blazepose/Home_02_video_55.npz,121,145,0,0,0,0.008404132
le2i-blazepose,le2i-blazepose::Home_02_video_55,data/keypoints_le2i_blazepose/Home_02_video_55.npz,126,150,0,0,0,0.0071025863
le2i-blazepose,le2i-blazepose::Home_02_video_55,data/keypoints_le2i_blazepose/Home_02_video_55.npz,131,155,0,0,0,0.00561308
le2i-blazepose,le2i-blazepose::Home_02_video_55,data/keypoints_le2i_blazepose/Home_02_video_55.npz,136,160,0,0,0,0.002901691
le2i-blazepose,le2i-blazepose::Home_02_video_55,data/keypoints_le2i_blazepose/Home_02_video_55.npz,141,165,0,0,0,0.002581739
le2i-blazepose,le2i-blazepose::Home_02_video_55,data/keypoints_le2i_blazepose/Home_02_video_55.npz,146,170,0,0,0,0.0023573942
le2i-blazepose,le2i-blazepose::Home_02_video_55,data/keypoints_le2i_blazepose/Home_02_video_55.npz,151,175,0,0,0,0.0016949857
le2i-blazepose,le2i-blazepose::Home_02_video_55,data/keypoints_le2i_blazepose/Home_02_video_55.npz,156,180,0,0,0,0.0036526169
le2i-blazepose,le2i-blazepose::Home_02_video_55,data/keypoints_le2i_blazepose/Home_02_video_55.npz,161,185,0,0,0,0.0040146303
le2i-blazepose,le2i-blazepose::Home_02_video_55,data/keypoints_le2i_blazepose/Home_02_video_55.npz,166,190,0,0,0,0.003994778
le2i-blazepose,le2i-blazepose::Home_02_video_55,data/keypoints_le2i_blazepose/Home_02_video_55.npz,171,195,0,0,0,0.003991994
le2i-blazepose,le2i-blazepose::Home_02_video_55,data/keypoints_le2i_blazepose/Home_02_video_55.npz,176,200,0,0,0,0.0039384533
le2i-blazepose,le2i-blazepose::Home_02_video_55,data/keypoints_le2i_blazepose/Home_02_video_55.npz,181,205,0,0,0,0.0016496109
le2i-blazepose,le2i-blazepose::Home_02_video_55,data/keypoints_le2i_blazepose/Home_02_video_55.npz,186,210,0,0,0,0.0016508704
le2i-blazepose,le2i-blazepose::Home_02_video_55,data/keypoints_le2i_blazepose/Home_02_video_55.npz,191,215,0,0,0,0.0021020141
ur-blazepose,ur-blazepose::adl-02-cam0-rgb,data/keypoints_ur_blazepose/adl/adl-02-cam0-rgb.npz,13,42,0,0,0,0.0013153033
ur-blazepose,ur-blazepose::adl-02-cam0-rgb,data/keypoints_ur_blazepose/adl/adl-02-cam0-rgb.npz,19,48,0,0,0,0.00036195669
ur-blazepose,ur-blazepose::adl-02-cam0-rgb,data/keypoints_ur_blazepose/adl/adl-02-cam0-rgb.npz,25,54,0,0,0,0.0030221576
ur-blazepose,ur-blazepose::adl-02-cam0-rgb,data/keypoints_ur_blazepose/adl/adl-02-cam0-rgb.npz,31,60,0,0,0,0.0029419633
ur-blazepose,ur-blazepose::adl-02-cam0-rgb,data/keypoints_ur_blazepose/adl/adl-02-cam0-rgb.npz,37,66,0,0,0,0.0026327653
ur-blazepose,ur-blazepose::adl-02-cam0-rgb,data/keypoints_ur_blazepose/adl/adl-02-cam0-rgb.npz,43,72,0,0,0,0.0027020227
ur-blazepose,ur-blazepose::adl-02-cam0-rgb,data/keypoints_ur_blazepose/adl/adl-02-cam0-rgb.npz,49,78,0,0,0,0.002936102
ur-blazepose,ur-blazepose::adl-02-cam0-rgb,data/keypoints_ur_blazepose/adl/adl-02-cam0-rgb.npz,55,84,0,0,0,0.0029508937
ur-blazepose,ur-blazepose::adl-02-cam0-rgb,data/keypoints_ur_blazepose/adl/adl-02-cam0-rgb.npz,61,90,0,0,0,0.003304799
ur-blazepose,ur-blazepose::adl-02-cam0-rgb,data/keypoints_ur_blazepose/adl/adl-02-cam0-rgb.npz,67,96,0,0,0,0.003742111
ur-blazepose,ur-blazepose::adl-02-cam0-rgb,data/keypoints_ur_blazepose/adl/adl-02-cam0-rgb.npz,73,102,0,0,0,0.0035730498
ur-blazepose,ur-blazepose::adl-02-cam0-rgb,data/keypoints_ur_blazepose/adl/adl-02-cam0-rgb.npz,79,108,0,0,0,0.004154004
ur-blazepose,ur-blazepose::adl-02-cam0-rgb,data/keypoints_ur_blazepose/adl/adl-02-cam0-rgb.npz,85,114,0,0,0,0.0064832857
ur-blazepose,ur-blazepose::adl-02-cam0-rgb,data/keypoints_ur_blazepose/adl/adl-02-cam0-rgb.npz,91,120,0,0,0,0.01656418
ur-blazepose,ur-blazepose::adl-02-cam0-rgb,data/keypoints_ur_blazepose/adl/adl-02-cam0-rgb.npz,97,126,0,0,0,0.1306075
ur-blazepose,ur-blazepose::adl-02-cam0-rgb,data/keypoints_ur_blazepose/adl/adl-02-cam0-rgb.npz,103,132,0,0,0,0.4695257
ur-blazepose,ur-blazepose::adl-02-cam0-rgb,data/keypoints_ur_blazepose/adl/adl-02-cam0-rgb.npz,109,138,0,0,0,0.47593522
ur-blazepose,ur-blazepose::adl-02-cam0-rgb,data/keypoints_ur_blazepose/adl/adl-02-cam0-rgb.npz,115,144,0,0,0,0.751029
ur-blazepose,ur-blazepose::adl-02-cam0-rgb,data/keypoints_ur_blazepose/adl/adl-02-cam0-rgb.npz,121,150,0,0,1,0.92736316
ur-blazepose,ur-blazepose::adl-02-cam0-rgb,data/keypoints_ur_blazepose/adl/adl-02-cam0-rgb.npz,127,156,0,0,1,0.9302321
ur-blazepose,ur-blazepose::adl-02-cam0-rgb,data/keypoints_ur_blazepose/adl/adl-02-cam0-rgb.npz,133,162,0,0,1,0.8581327
ur-blazepose,ur-blazepose::adl-02-cam0-rgb,data/keypoints_ur_blazepose/adl/adl-02-cam0-rgb.npz,139,168,0,0,1,0.8074938
ur-blazepose,ur-blazepose::adl-02-cam0-rgb,data/keypoints_ur_blazepose/adl/adl-02-cam0-rgb.npz,145,174,0,0,0,0.6300677
ur-blazepose,ur-blazepose::adl-02-cam0-rgb,data/keypoints_ur_blazepose/adl/adl-02-cam0-rgb.npz,151,180,0,0,0,0.41920432
ur-blazepose,ur-blazepose::adl-11-cam0-rgb,data/keypoints_ur_blazepose/adl/adl-11-cam0-rgb.npz,1,30,0,0,0,0.0030700646
ur-blazepose,ur-blazepose::adl-11-cam0-rgb,data/keypoints_ur_blazepose/adl/adl-11-cam0-rgb.npz,7,36,0,0,0,0.0032149176
ur-blazepose,ur-blazepose::adl-11-cam0-rgb,data/keypoints_ur_blazepose/adl/adl-11-cam0-rgb.npz,13,42,0,0,0,0.0032853275
ur-blazepose,ur-blazepose::adl-11-cam0-rgb,data/keypoints_ur_blazepose/adl/adl-11-cam0-rgb.npz,19,48,0,0,0,0.0030645356
ur-blazepose,ur-blazepose::adl-11-cam0-rgb,data/keypoints_ur_blazepose/adl/adl-11-cam0-rgb.npz,25,54,0,0,0,0.0027012443
ur-blazepose,ur-blazepose::adl-11-cam0-rgb,data/keypoints_ur_blazepose/adl/adl-11-cam0-rgb.npz,31,60,0,0,0,0.0026732679
ur-blazepose,ur-blazepose::adl-11-cam0-rgb,data/keypoints_ur_blazepose/adl/adl-11-cam0-rgb.npz,37,66,0,0,0,0.0029495638
ur-blazepose,ur-blazepose::adl-11-cam0-rgb,data/keypoints_ur_blazepose/adl/adl-11-cam0-rgb.npz,43,72,0,0,0,0.0029439293
ur-blazepose,ur-blazepose::adl-11-cam0-rgb,data/keypoints_ur_blazepose/adl/adl-11-cam0-rgb.npz,49,78,0,0,0,0.0029041215
ur-blazepose,ur-blazepose::adl-11-cam0-rgb,data/keypoints_ur_blazepose/adl/adl-11-cam0-rgb.npz,55,84,0,0,0,0.0027826577
ur-blazepose,ur-blazepose::adl-11-cam0-rgb,data/keypoints_ur_blazepose/adl/adl-11-cam0-rgb.npz,61,90,0,0,0,0.0021779183
ur-blazepose,ur-blazepose::adl-11-cam0-rgb,data/keypoints_ur_blazepose/adl/adl-11-cam0-rgb.npz,67,96,0,0,0,0.0018342074
ur-blazepose,ur-blazepose::adl-11-cam0-rgb,data/keypoints_ur_blazepose/adl/adl-11-cam0-rgb.npz,73,102,0,0,0,0.0017351295
ur-blazepose,ur-blazepose::adl-11-cam0-rgb,data/keypoints_ur_blazepose/adl/adl-11-cam0-rgb.npz,79,108,0,0,0,0.0016758634
ur-blazepose,ur-blazepose::adl-11-cam0-rgb,data/keypoints_ur_blazepose/adl/adl-11-cam0-rgb.npz,85,114,0,0,0,0.0016134991
ur-blazepose,ur-blazepose::adl-11-cam0-rgb,data/keypoints_ur_blazepose/adl/adl-11-cam0-rgb.npz,91,120,0,0,0,0.0017544308
ur-blazepose,ur-blazepose::adl-11-cam0-rgb,data/keypoints_ur_blazepose/adl/adl-11-cam0-rgb.npz,97,126,0,0,0,0.0021549906
ur-blazepose,ur-blazepose::adl-11-cam0-rgb,data/keypoints_ur_blazepose/adl/adl-11-cam0-rgb.npz,103,132,0,0,0,0.002713289
ur-blazepose,ur-blazepose::adl-11-cam0-rgb,data/keypoints_ur_blazepose/adl/adl-11-cam0-rgb.npz,109,138,0,0,0,0.0052723587
ur-blazepose,ur-blazepose::adl-11-cam0-rgb,data/keypoints_ur_blazepose/adl/adl-11-cam0-rgb.npz,115,144,0,0,0,0.015802743
ur-blazepose,ur-blazepose::adl-11-cam0-rgb,data/keypoints_ur_blazepose/adl/adl-11-cam0-rgb.npz,121,150,0,0,0,0.041213028
ur-blazepose,ur-blazepose::adl-11-cam0-rgb,data/keypoints_ur_blazepose/adl/adl-11-cam0-rgb.npz,127,156,0,0,0,0.037287883
ur-blazepose,ur-blazepose::adl-11-cam0-rgb,data/keypoints_ur_blazepose/adl/adl-11-cam0-rgb.npz,133,162,0,0,0,0.0077696
ur-blazepose,ur-blazepose::adl-11-cam0-rgb,data/keypoints_ur_blazepose/adl/adl-11-cam0-rgb.npz,139,168,0,0,0,0.0030486188
ur-blazepose,ur-blazepose::adl-11-cam0-rgb,data/keypoints_ur_blazepose/adl/adl-11-cam0-rgb.npz,145,174,0,0,0,0.0018159826
ur-blazepose,ur-blazepose::adl-11-cam0-rgb,data/keypoints_ur_blazepose/adl/adl-11-cam0-rgb.npz,151,180,0,0,0,0.0015590667
ur-blazepose,ur-blazepose::adl-11-cam0-rgb,data/keypoints_ur_blazepose/adl/adl-11-cam0-rgb.npz,157,186,0,0,0,0.0017350221
ur-blazepose,ur-blazepose::adl-11-cam0-rgb,data/keypoints_ur_blazepose/adl/adl-11-cam0-rgb.npz,163,192,0,0,0,0.0026383973
ur-blazepose,ur-blazepose::adl-11-cam0-rgb,data/keypoints_ur_blazepose/adl/adl-11-cam0-rgb.npz,169,198,0,0,0,0.0032861503
ur-blazepose,ur-blazepose::adl-11-cam0-rgb,data/keypoints_ur_blazepose/adl/adl-11-cam0-rgb.npz,175,204,0,0,0,0.00767444
ur-blazepose,ur-blazepose::adl-11-cam0-rgb,data/keypoints_ur_blazepose/adl/adl-11-cam0-rgb.npz,181,210,0,0,0,0.008534947
ur-blazepose,ur-blazepose::adl-11-cam0-rgb,data/keypoints_ur_blazepose/adl/adl-11-cam0-rgb.npz,187,216,0,0,0,0.008861475
ur-blazepose,ur-blazepose::adl-11-cam0-rgb,data/keypoints_ur_blazepose/adl/adl-11-cam0-rgb.npz,193,222,0,0,0,0.014303377
ur-blazepose,ur-blazepose::adl-11-cam0-rgb,data/keypoints_ur_blazepose/adl/adl-11-cam0-rgb.npz,199,228,0,0,0,0.014306564
ur-blazepose,ur-blazepose::adl-11-cam0-rgb,data/keypoints_ur_blazepose/adl/adl-11-cam0-rgb.npz,205,234,0,0,0,0.020852385
ur-blazepose,ur-blazepose::adl-11-cam0-rgb,data/keypoints_ur_blazepose/adl/adl-11-cam0-rgb.npz,211,240,0,0,0,0.030932957
ur-blazepose,ur-blazepose::adl-11-cam0-rgb,data/keypoints_ur_blazepose/adl/adl-11-cam0-rgb.npz,217,246,0,0,0,0.00737313
ur-blazepose,ur-blazepose::adl-11-cam0-rgb,data/keypoints_ur_blazepose/adl/adl-11-cam0-rgb.npz,223,252,0,0,0,0.01279229
ur-blazepose,ur-blazepose::adl-11-cam0-rgb,data/keypoints_ur_blazepose/adl/adl-11-cam0-rgb.npz,229,258,0,0,0,0.017577847
ur-blazepose,ur-blazepose::adl-11-cam0-rgb,data/keypoints_ur_blazepose/adl/adl-11-cam0-rgb.npz,235,264,0,0,0,0.018269693
ur-blazepose,ur-blazepose::adl-11-cam0-rgb,data/keypoints_ur_blazepose/adl/adl-11-cam0-rgb.npz,241,270,0,0,0,0.014250995
ur-blazepose,ur-blazepose::adl-11-cam0-rgb,data/keypoints_ur_blazepose/adl/adl-11-cam0-rgb.npz,247,276,0,0,0,0.019789973
ur-blazepose,ur-blazepose::adl-11-cam0-rgb,data/keypoints_ur_blazepose/adl/adl-11-cam0-rgb.npz,253,282,0,0,0,0.020506373
ur-blazepose,ur-blazepose::adl-11-cam0-rgb,data/keypoints_ur_blazepose/adl/adl-11-cam0-rgb.npz,259,288,0,0,0,0.019722199
ur-blazepose,ur-blazepose::adl-11-cam0-rgb,data/keypoints_ur_blazepose/adl/adl-11-cam0-rgb.npz,265,294,0,0,0,0.021471258
ur-blazepose,ur-blazepose::adl-11-cam0-rgb,data/keypoints_ur_blazepose/adl/adl-11-cam0-rgb.npz,271,300,0,0,0,0.020035839
ur-blazepose,ur-blazepose::adl-19-cam0-rgb,data/keypoints_ur_blazepose/adl/adl-19-cam0-rgb.npz,55,84,0,0,0,0.001914162
ur-blazepose,ur-blazepose::adl-19-cam0-rgb,data/keypoints_ur_blazepose/adl/adl-19-cam0-rgb.npz,61,90,0,0,0,0.0017801108
ur-blazepose,ur-blazepose::adl-19-cam0-rgb,data/keypoints_ur_blazepose/adl/adl-19-cam0-rgb.npz,67,96,0,0,0,0.0017225384
ur-blazepose,ur-blazepose::adl-19-cam0-rgb,data/keypoints_ur_blazepose/adl/adl-19-cam0-rgb.npz,73,102,0,0,0,0.0016721777
ur-blazepose,ur-blazepose::adl-19-cam0-rgb,data/keypoints_ur_blazepose/adl/adl-19-cam0-rgb.npz,79,108,0,0,0,0.0017818018
ur-blazepose,ur-blazepose::adl-19-cam0-rgb,data/keypoints_ur_blazepose/adl/adl-19-cam0-rgb.npz,85,114,0,0,0,0.0017638005
ur-blazepose,ur-blazepose::adl-19-cam0-rgb,data/keypoints_ur_blazepose/adl/adl-19-cam0-rgb.npz,91,120,0,0,0,0.0017290423
ur-blazepose,ur-blazepose::adl-19-cam0-rgb,data/keypoints_ur_blazepose/adl/adl-19-cam0-rgb.npz,97,126,0,0,0,0.0016990361
ur-blazepose,ur-blazepose::adl-19-cam0-rgb,data/keypoints_ur_blazepose/adl/adl-19-cam0-rgb.npz,103,132,0,0,0,0.0016610862
ur-blazepose,ur-blazepose::adl-19-cam0-rgb,data/keypoints_ur_blazepose/adl/adl-19-cam0-rgb.npz,109,138,0,0,0,0.0017236556
ur-blazepose,ur-blazepose::adl-19-cam0-rgb,data/keypoints_ur_blazepose/adl/adl-19-cam0-rgb.npz,115,144,0,0,0,0.0018179285
ur-blazepose,ur-blazepose::adl-19-cam0-rgb,data/keypoints_ur_blazepose/adl/adl-19-cam0-rgb.npz,121,150,0,0,0,0.0018157191
ur-blazepose,ur-blazepose::adl-19-cam0-rgb,data/keypoints_ur_blazepose/adl/adl-19-cam0-rgb.npz,127,156,0,0,0,0.0018551312
ur-blazepose,ur-blazepose::adl-19-cam0-rgb,data/keypoints_ur_blazepose/adl/adl-19-cam0-rgb.npz,133,162,0,0,0,0.0019400682
ur-blazepose,ur-blazepose::adl-19-cam0-rgb,data/keypoints_ur_blazepose/adl/adl-19-cam0-rgb.npz,139,168,0,0,0,0.0021388992
ur-blazepose,ur-blazepose::adl-19-cam0-rgb,data/keypoints_ur_blazepose/adl/adl-19-cam0-rgb.npz,145,174,0,0,0,0.0023619055
ur-blazepose,ur-blazepose::adl-19-cam0-rgb,data/keypoints_ur_blazepose/adl/adl-19-cam0-rgb.npz,151,180,0,0,0,0.002560653
ur-blazepose,ur-blazepose::adl-19-cam0-rgb,data/keypoints_ur_blazepose/adl/adl-19-cam0-rgb.npz,157,186,0,0,0,0.0026387598
ur-blazepose,ur-blazepose::adl-19-cam0-rgb,data/keypoints_ur_blazepose/adl/adl-19-cam0-rgb.npz,163,192,0,0,0,0.0025702042
ur-blazepose,ur-blazepose::adl-19-cam0-rgb,data/keypoints_ur_blazepose/adl/adl-19-cam0-rgb.npz,169,198,0,0,0,0.0026110962
ur-blazepose,ur-blazepose::adl-19-cam0-rgb,data/keypoints_ur_blazepose/adl/adl-19-cam0-rgb.npz,175,204,0,0,0,0.0026485512
ur-blazepose,ur-blazepose::adl-19-cam0-rgb,data/keypoints_ur_blazepose/adl/adl-19-cam0-rgb.npz,181,210,0,0,0,0.0026632284
ur-blazepose,ur-blazepose::adl-19-cam0-rgb,data/keypoints_ur_blazepose/adl/adl-19-cam0-rgb.npz,187,216,0,0,0,0.0021109371
ur-blazepose,ur-blazepose::adl-21-cam0-rgb,data/keypoints_ur_blazepose/adl/adl-21-cam0-rgb.npz,49,78,0,0,0,0.0015002484
ur-blazepose,ur-blazepose::adl-21-cam0-rgb,data/keypoints_ur_blazepose/adl/adl-21-cam0-rgb.npz,55,84,0,0,0,0.0018114686
ur-blazepose,ur-blazepose::adl-21-cam0-rgb,data/keypoints_ur_blazepose/adl/adl-21-cam0-rgb.npz,61,90,0,0,0,0.0017268617
ur-blazepose,ur-blazepose::adl-21-cam0-rgb,data/keypoints_ur_blazepose/adl/adl-21-cam0-rgb.npz,67,96,0,0,0,0.0017537486
ur-blazepose,ur-blazepose::adl-21-cam0-rgb,data/keypoints_ur_blazepose/adl/adl-21-cam0-rgb.npz,73,102,0,0,0,0.0014432947
ur-blazepose,ur-blazepose::adl-21-cam0-rgb,data/keypoints_ur_blazepose/adl/adl-21-cam0-rgb.npz,79,108,0,0,0,0.0016639964
ur-blazepose,ur-blazepose::adl-21-cam0-rgb,data/keypoints_ur_blazepose/adl/adl-21-cam0-rgb.npz,85,114,0,0,0,0.00168441
ur-blazepose,ur-blazepose::adl-21-cam0-rgb,data/keypoints_ur_blazepose/adl/adl-21-cam0-rgb.npz,91,120,0,0,0,0.0018066327
ur-blazepose,ur-blazepose::adl-21-cam0-rgb,data/keypoints_ur_blazepose/adl/adl-21-cam0-rgb.npz,97,126,0,0,0,0.002317019
ur-blazepose,ur-blazepose::adl-21-cam0-rgb,data/keypoints_ur_blazepose/adl/adl-21-cam0-rgb.npz,103,132,0,0,0,0.004604311
ur-blazepose,ur-blazepose::adl-21-cam0-rgb,data/keypoints_ur_blazepose/adl/adl-21-cam0-rgb.npz,109,138,0,0,0,0.012286618
ur-blazepose,ur-blazepose::adl-21-cam0-rgb,data/keypoints_ur_blazepose/adl/adl-21-cam0-rgb.npz,115,144,0,0,0,0.015964836
ur-blazepose,ur-blazepose::adl-21-cam0-rgb,data/keypoints_ur_blazepose/adl/adl-21-cam0-rgb.npz,121,150,0,0,0,0.019814996
ur-blazepose,ur-blazepose::adl-21-cam0-rgb,data/keypoints_ur_blazepose/adl/adl-21-cam0-rgb.npz,127,156,0,0,0,0.024457552
ur-blazepose,ur-blazepose::adl-21-cam0-rgb,data/keypoints_ur_blazepose/adl/adl-21-cam0-rgb.npz,133,162,0,0,0,0.041007783
ur-blazepose,ur-blazepose::adl-21-cam0-rgb,data/keypoints_ur_blazepose/adl/adl-21-cam0-rgb.npz,139,168,0,0,0,0.075807616
ur-blazepose,ur-blazepose::adl-21-cam0-rgb,data/keypoints_ur_blazepose/adl/adl-21-cam0-rgb.npz,145,174,0,0,0,0.130969
ur-blazepose,ur-blazepose::adl-21-cam0-rgb,data/keypoints_ur_blazepose/adl/adl-21-cam0-rgb.npz,151,180,0,0,0,0.22547346
ur-blazepose,ur-blazepose::adl-21-cam0-rgb,data/keypoints_ur_blazepose/adl/adl-21-cam0-rgb.npz,157,186,0,0,0,0.37695158
ur-blazepose,ur-blazepose::adl-21-cam0-rgb,data/keypoints_ur_blazepose/adl/adl-21-cam0-rgb.npz,163,192,0,0,0,0.5082962
ur-blazepose,ur-blazepose::adl-21-cam0-rgb,data/keypoints_ur_blazepose/adl/adl-21-cam0-rgb.npz,169,198,0,0,0,0.60711837
ur-blazepose,ur-blazepose::adl-21-cam0-rgb,data/keypoints_ur_blazepose/adl/adl-21-cam0-rgb.npz,175,204,0,0,0,0.78493243
ur-blazepose,ur-blazepose::adl-21-cam0-rgb,data/keypoints_ur_blazepose/adl/adl-21-cam0-rgb.npz,181,210,0,0,1,0.90430784
ur-blazepose,ur-blazepose::adl-21-cam0-rgb,data/keypoints_ur_blazepose/adl/adl-21-cam0-rgb.npz,187,216,0,0,1,0.9303266
ur-blazepose,ur-blazepose::adl-21-cam0-rgb,data/keypoints_ur_blazepose/adl/adl-21-cam0-rgb.npz,193,222,0,0,1,0.89173913
ur-blazepose,ur-blazepose::adl-21-cam0-rgb,data/keypoints_ur_blazepose/adl/adl-21-cam0-rgb.npz,199,228,0,0,0,0.77385485
ur-blazepose,ur-blazepose::adl-21-cam0-rgb,data/keypoints_ur_blazepose/adl/adl-21-cam0-rgb.npz,205,234,0,0,0,0.642876
ur-blazepose,ur-blazepose::adl-21-cam0-rgb,data/keypoints_ur_blazepose/adl/adl-21-cam0-rgb.npz,211,240,0,0,0,0.3943102
ur-blazepose,ur-blazepose::adl-21-cam0-rgb,data/keypoints_ur_blazepose/adl/adl-21-cam0-rgb.npz,217,246,0,0,0,0.49597886
ur-blazepose,ur-blazepose::adl-21-cam0-rgb,data/keypoints_ur_blazepose/adl/adl-21-cam0-rgb.npz,223,252,0,0,0,0.035057116
ur-blazepose,ur-blazepose::adl-24-cam0-rgb,data/keypoints_ur_blazepose/adl/adl-24-cam0-rgb.npz,1,30,0,0,0,0.7731162
ur-blazepose,ur-blazepose::adl-24-cam0-rgb,data/keypoints_ur_blazepose/adl/adl-24-cam0-rgb.npz,7,36,0,0,0,0.50135195
ur-blazepose,ur-blazepose::adl-24-cam0-rgb,data/keypoints_ur_blazepose/adl/adl-24-cam0-rgb.npz,13,42,0,0,0,0.3904958
ur-blazepose,ur-blazepose::adl-24-cam0-rgb,data/keypoints_ur_blazepose/adl/adl-24-cam0-rgb.npz,19,48,0,0,0,0.20180884
ur-blazepose,ur-blazepose::adl-24-cam0-rgb,data/keypoints_ur_blazepose/adl/adl-24-cam0-rgb.npz,25,54,0,0,0,0.01239222
ur-blazepose,ur-blazepose::adl-24-cam0-rgb,data/keypoints_ur_blazepose/adl/adl-24-cam0-rgb.npz,31,60,0,0,0,0.03918324
ur-blazepose,ur-blazepose::adl-24-cam0-rgb,data/keypoints_ur_blazepose/adl/adl-24-cam0-rgb.npz,37,66,0,0,0,0.046784338
ur-blazepose,ur-blazepose::adl-32-cam0-rgb,data/keypoints_ur_blazepose/adl/adl-32-cam0-rgb.npz,1,30,0,0,0,0.005384545
ur-blazepose,ur-blazepose::adl-32-cam0-rgb,data/keypoints_ur_blazepose/adl/adl-32-cam0-rgb.npz,7,36,0,0,0,0.005326015
ur-blazepose,ur-blazepose::adl-32-cam0-rgb,data/keypoints_ur_blazepose/adl/adl-32-cam0-rgb.npz,13,42,0,0,0,0.0065982114
ur-blazepose,ur-blazepose::adl-32-cam0-rgb,data/keypoints_ur_blazepose/adl/adl-32-cam0-rgb.npz,19,48,0,0,0,0.008143189
ur-blazepose,ur-blazepose::adl-32-cam0-rgb,data/keypoints_ur_blazepose/adl/adl-32-cam0-rgb.npz,25,54,0,0,0,0.009763833
ur-blazepose,ur-blazepose::adl-32-cam0-rgb,data/keypoints_ur_blazepose/adl/adl-32-cam0-rgb.npz,31,60,0,0,0,0.012028879
ur-blazepose,ur-blazepose::adl-32-cam0-rgb,data/keypoints_ur_blazepose/adl/adl-32-cam0-rgb.npz,37,66,0,0,0,0.012197465
ur-blazepose,ur-blazepose::adl-32-cam0-rgb,data/keypoints_ur_blazepose/adl/adl-32-cam0-rgb.npz,43,72,0,0,0,0.010014834
ur-blazepose,ur-blazepose::adl-32-cam0-rgb,data/keypoints_ur_blazepose/adl/adl-32-cam0-rgb.npz,49,78,0,0,0,0.006771794
ur-blazepose,ur-blazepose::adl-32-cam0-rgb,data/keypoints_ur_blazepose/adl/adl-32-cam0-rgb.npz,55,84,0,0,0,0.0076345033
ur-blazepose,ur-blazepose::adl-32-cam0-rgb,data/keypoints_ur_blazepose/adl/adl-32-cam0-rgb.npz,61,90,0,0,0,0.008671836
ur-blazepose,ur-blazepose::adl-32-cam0-rgb,data/keypoints_ur_blazepose/adl/adl-32-cam0-rgb.npz,67,96,0,0,0,0.011318566
ur-blazepose,ur-blazepose::adl-32-cam0-rgb,data/keypoints_ur_blazepose/adl/adl-32-cam0-rgb.npz,73,102,0,0,0,0.012549836
ur-blazepose,ur-blazepose::adl-32-cam0-rgb,data/keypoints_ur_blazepose/adl/adl-32-cam0-rgb.npz,79,108,0,0,0,0.01438575
ur-blazepose,ur-blazepose::adl-32-cam0-rgb,data/keypoints_ur_blazepose/adl/adl-32-cam0-rgb.npz,85,114,0,0,0,0.019101497
ur-blazepose,ur-blazepose::adl-32-cam0-rgb,data/keypoints_ur_blazepose/adl/adl-32-cam0-rgb.npz,91,120,0,0,0,0.024560085
ur-blazepose,ur-blazepose::adl-32-cam0-rgb,data/keypoints_ur_blazepose/adl/adl-32-cam0-rgb.npz,97,126,0,0,0,0.0018305506
ur-blazepose,ur-blazepose::adl-32-cam0-rgb,data/keypoints_ur_blazepose/adl/adl-32-cam0-rgb.npz,103,132,0,0,0,0.0016120219
ur-blazepose,ur-blazepose::adl-32-cam0-rgb,data/keypoints_ur_blazepose/adl/adl-32-cam0-rgb.npz,109,138,0,0,0,0.0010923616
ur-blazepose,ur-blazepose::adl-32-cam0-rgb,data/keypoints_ur_blazepose/adl/adl-32-cam0-rgb.npz,115,144,0,0,0,0.026610555
ur-blazepose,ur-blazepose::adl-32-cam0-rgb,data/keypoints_ur_blazepose/adl/adl-32-cam0-rgb.npz,121,150,0,0,0,0.03264061
ur-blazepose,ur-blazepose::adl-32-cam0-rgb,data/keypoints_ur_blazepose/adl/adl-32-cam0-rgb.npz,127,156,0,0,0,0.026956264
ur-blazepose,ur-blazepose::adl-32-cam0-rgb,data/keypoints_ur_blazepose/adl/adl-32-cam0-rgb.npz,133,162,0,0,0,0.027386185
ur-blazepose,ur-blazepose::adl-32-cam0-rgb,data/keypoints_ur_blazepose/adl/adl-32-cam0-rgb.npz,139,168,0,0,0,0.024771951
ur-blazepose,ur-blazepose::adl-32-cam0-rgb,data/keypoints_ur_blazepose/adl/adl-32-cam0-rgb.npz,145,174,0,0,0,0.025858646
ur-blazepose,ur-blazepose::adl-32-cam0-rgb,data/keypoints_ur_blazepose/adl/adl-32-cam0-rgb.npz,151,180,0,0,0,0.027134104
ur-blazepose,ur-blazepose::adl-32-cam0-rgb,data/keypoints_ur_blazepose/adl/adl-32-cam0-rgb.npz,157,186,0,0,0,0.027007692
ur-blazepose,ur-blazepose::adl-32-cam0-rgb,data/keypoints_ur_blazepose/adl/adl-32-cam0-rgb.npz,163,192,0,0,0,0.020111686
ur-blazepose,ur-blazepose::adl-32-cam0-rgb,data/keypoints_ur_blazepose/adl/adl-32-cam0-rgb.npz,169,198,0,0,0,0.0145339
ur-blazepose,ur-blazepose::adl-39-cam0-rgb,data/keypoints_ur_blazepose/adl/adl-39-cam0-rgb.npz,13,42,0,0,0,0.0028052176
ur-blazepose,ur-blazepose::adl-39-cam0-rgb,data/keypoints_ur_blazepose/adl/adl-39-cam0-rgb.npz,19,48,0,0,0,0.0029703195
ur-blazepose,ur-blazepose::adl-39-cam0-rgb,data/keypoints_ur_blazepose/adl/adl-39-cam0-rgb.npz,25,54,0,0,0,0.0033640007
ur-blazepose,ur-blazepose::adl-39-cam0-rgb,data/keypoints_ur_blazepose/adl/adl-39-cam0-rgb.npz,31,60,0,0,0,0.004522541
ur-blazepose,ur-blazepose::adl-39-cam0-rgb,data/keypoints_ur_blazepose/adl/adl-39-cam0-rgb.npz,37,66,0,0,0,0.005689704
ur-blazepose,ur-blazepose::adl-39-cam0-rgb,data/keypoints_ur_blazepose/adl/adl-39-cam0-rgb.npz,43,72,0,0,0,0.0019371777
ur-blazepose,ur-blazepose::adl-39-cam0-rgb,data/keypoints_ur_blazepose/adl/adl-39-cam0-rgb.npz,49,78,0,0,0,0.0016307288
ur-blazepose,ur-blazepose::adl-39-cam0-rgb,data/keypoints_ur_blazepose/adl/adl-39-cam0-rgb.npz,55,84,0,0,0,0.0022313432
ur-blazepose,ur-blazepose::adl-39-cam0-rgb,data/keypoints_ur_blazepose/adl/adl-39-cam0-rgb.npz,61,90,0,0,0,0.0022503468
ur-blazepose,ur-blazepose::adl-39-cam0-rgb,data/keypoints_ur_blazepose/adl/adl-39-cam0-rgb.npz,67,96,0,0,0,0.0022269674
ur-blazepose,ur-blazepose::adl-39-cam0-rgb,data/keypoints_ur_blazepose/adl/adl-39-cam0-rgb.npz,73,102,0,0,0,0.002159661
ur-blazepose,ur-blazepose::adl-39-cam0-rgb,data/keypoints_ur_blazepose/adl/adl-39-cam0-rgb.npz,79,108,0,0,0,0.0020704023
ur-blazepose,ur-blazepose::adl-39-cam0-rgb,data/keypoints_ur_blazepose/adl/adl-39-cam0-rgb.npz,85,114,0,0,0,0.0020984975
ur-blazepose,ur-blazepose::adl-39-cam0-rgb,data/keypoints_ur_blazepose/adl/adl-39-cam0-rgb.npz,91,120,0,0,0,0.0022738273
ur-blazepose,ur-blazepose::adl-39-cam0-rgb,data/keypoints_ur_blazepose/adl/adl-39-cam0-rgb.npz,97,126,0,0,0,0.0022589401
ur-blazepose,ur-blazepose::adl-39-cam0-rgb,data/keypoints_ur_blazepose/adl/adl-39-cam0-rgb.npz,103,132,0,0,0,0.0022388147
ur-blazepose,ur-blazepose::adl-39-cam0-rgb,data/keypoints_ur_blazepose/adl/adl-39-cam0-rgb.npz,109,138,0,0,0,0.0022598063
ur-blazepose,ur-blazepose::adl-39-cam0-rgb,data/keypoints_ur_blazepose/adl/adl-39-cam0-rgb.npz,115,144,0,0,0,0.0022885487
ur-blazepose,ur-blazepose::adl-39-cam0-rgb,data/keypoints_ur_blazepose/adl/adl-39-cam0-rgb.npz,121,150,0,0,0,0.002211537
ur-blazepose,ur-blazepose::adl-39-cam0-rgb,data/keypoints_ur_blazepose/adl/adl-39-cam0-rgb.npz,127,156,0,0,0,0.0019885579
ur-blazepose,ur-blazepose::adl-39-cam0-rgb,data/keypoints_ur_blazepose/adl/adl-39-cam0-rgb.npz,133,162,0,0,0,0.0018436989
ur-blazepose,ur-blazepose::adl-39-cam0-rgb,data/keypoints_ur_blazepose/adl/adl-39-cam0-rgb.npz,139,168,0,0,0,0.0034303928
ur-blazepose,ur-blazepose::adl-39-cam0-rgb,data/keypoints_ur_blazepose/adl/adl-39-cam0-rgb.npz,145,174,0,0,0,0.002502782
ur-blazepose,ur-blazepose::adl-39-cam0-rgb,data/keypoints_ur_blazepose/adl/adl-39-cam0-rgb.npz,151,180,0,0,0,0.002331576
ur-blazepose,ur-blazepose::adl-39-cam0-rgb,data/keypoints_ur_blazepose/adl/adl-39-cam0-rgb.npz,157,186,0,0,0,0.002176434
ur-blazepose,ur-blazepose::adl-39-cam0-rgb,data/keypoints_ur_blazepose/adl/adl-39-cam0-rgb.npz,163,192,0,0,0,0.009036389
ur-blazepose,ur-blazepose::adl-39-cam0-rgb,data/keypoints_ur_blazepose/adl/adl-39-cam0-rgb.npz,169,198,0,0,0,0.012265596
ur-blazepose,ur-blazepose::adl-39-cam0-rgb,data/keypoints_ur_blazepose/adl/adl-39-cam0-rgb.npz,175,204,0,0,0,0.015957473
ur-blazepose,ur-blazepose::adl-39-cam0-rgb,data/keypoints_ur_blazepose/adl/adl-39-cam0-rgb.npz,181,210,0,0,0,0.019257823
ur-blazepose,ur-blazepose::adl-39-cam0-rgb,data/keypoints_ur_blazepose/adl/adl-39-cam0-rgb.npz,187,216,0,0,0,0.021560434
ur-blazepose,ur-blazepose::adl-39-cam0-rgb,data/keypoints_ur_blazepose/adl/adl-39-cam0-rgb.npz,193,222,0,0,0,0.0042522
ur-blazepose,ur-blazepose::adl-39-cam0-rgb,data/keypoints_ur_blazepose/adl/adl-39-cam0-rgb.npz,199,228,0,0,0,0.0037670273
ur-blazepose,ur-blazepose::adl-39-cam0-rgb,data/keypoints_ur_blazepose/adl/adl-39-cam0-rgb.npz,205,234,0,0,0,0.026184795
ur-blazepose,ur-blazepose::adl-39-cam0-rgb,data/keypoints_ur_blazepose/adl/adl-39-cam0-rgb.npz,211,240,0,0,0,0.026184795
ur-blazepose,ur-blazepose::adl-39-cam0-rgb,data/keypoints_ur_blazepose/adl/adl-39-cam0-rgb.npz,217,246,0,0,0,0.026184795
ur-blazepose,ur-blazepose::fall-02-cam0-rgb,data/keypoints_ur_blazepose/fall/fall-02-cam0-rgb.npz,1,30,0,0,0,0.05035042
ur-blazepose,ur-blazepose::fall-02-cam0-rgb,data/keypoints_ur_blazepose/fall/fall-02-cam0-rgb.npz,7,36,0,0,0,0.08641404
ur-blazepose,ur-blazepose::fall-02-cam0-rgb,data/keypoints_ur_blazepose/fall/fall-02-cam0-rgb.npz,13,42,0,0,0,0.18981573
ur-blazepose,ur-blazepose::fall-02-cam0-rgb,data/keypoints_ur_blazepose/fall/fall-02-cam0-rgb.npz,19,48,1,1,0,0.4839812
ur-blazepose,ur-blazepose::fall-02-cam0-rgb,data/keypoints_ur_blazepose/fall/fall-02-cam0-rgb.npz,25,54,1,1,1,0.8504554
ur-blazepose,ur-blazepose::fall-02-cam0-rgb,data/keypoints_ur_blazepose/fall/fall-02-cam0-rgb.npz,31,60,1,1,1,0.9757941
ur-blazepose,ur-blazepose::fall-02-cam0-rgb,data/keypoints_ur_blazepose/fall/fall-02-cam0-rgb.npz,37,66,1,1,1,0.99945265
ur-blazepose,ur-blazepose::fall-02-cam0-rgb,data/keypoints_ur_blazepose/fall/fall-02-cam0-rgb.npz,43,72,1,1,1,0.9995652
ur-blazepose,ur-blazepose::fall-02-cam0-rgb,data/keypoints_ur_blazepose/fall/fall-02-cam0-rgb.npz,49,78,1,1,1,0.9993261
ur-blazepose,ur-blazepose::fall-02-cam0-rgb,data/keypoints_ur_blazepose/fall/fall-02-cam0-rgb.npz,55,84,1,1,1,0.99866045
ur-blazepose,ur-blazepose::fall-02-cam0-rgb,data/keypoints_ur_blazepose/fall/fall-02-cam0-rgb.npz,61,90,1,1,1,0.9926502
ur-blazepose,ur-blazepose::fall-02-cam0-rgb,data/keypoints_ur_blazepose/fall/fall-02-cam0-rgb.npz,67,96,0,0,0,0.34989005
ur-blazepose,ur-blazepose::fall-02-cam0-rgb,data/keypoints_ur_blazepose/fall/fall-02-cam0-rgb.npz,73,102,0,0,0,0.4119875
ur-blazepose,ur-blazepose::fall-02-cam0-rgb,data/keypoints_ur_blazepose/fall/fall-02-cam0-rgb.npz,79,108,0,0,0,0.047494184
ur-blazepose,ur-blazepose::fall-03-cam0-rgb,data/keypoints_ur_blazepose/fall/fall-03-cam0-rgb.npz,1,30,0,0,0,0.0026275183
ur-blazepose,ur-blazepose::fall-03-cam0-rgb,data/keypoints_ur_blazepose/fall/fall-03-cam0-rgb.npz,7,36,0,0,0,0.0029601255
ur-blazepose,ur-blazepose::fall-03-cam0-rgb,data/keypoints_ur_blazepose/fall/fall-03-cam0-rgb.npz,13,42,0,0,0,0.0033972533
ur-blazepose,ur-blazepose::fall-03-cam0-rgb,data/keypoints_ur_blazepose/fall/fall-03-cam0-rgb.npz,19,48,0,0,0,0.0033996804
ur-blazepose,ur-blazepose::fall-03-cam0-rgb,data/keypoints_ur_blazepose/fall/fall-03-cam0-rgb.npz,25,54,0,0,0,0.003249852
ur-blazepose,ur-blazepose::fall-03-cam0-rgb,data/keypoints_ur_blazepose/fall/fall-03-cam0-rgb.npz,31,60,0,0,0,0.0026364368
ur-blazepose,ur-blazepose::fall-03-cam0-rgb,data/keypoints_ur_blazepose/fall/fall-03-cam0-rgb.npz,37,66,0,0,0,0.0023120004
ur-blazepose,ur-blazepose::fall-03-cam0-rgb,data/keypoints_ur_blazepose/fall/fall-03-cam0-rgb.npz,43,72,0,0,0,0.0024738796
ur-blazepose,ur-blazepose::fall-03-cam0-rgb,data/keypoints_ur_blazepose/fall/fall-03-cam0-rgb.npz,49,78,0,0,0,0.0028118265
ur-blazepose,ur-blazepose::fall-03-cam0-rgb,data/keypoints_ur_blazepose/fall/fall-03-cam0-rgb.npz,55,84,0,0,0,0.0030764989
ur-blazepose,ur-blazepose::fall-03-cam0-rgb,data/keypoints_ur_blazepose/fall/fall-03-cam0-rgb.npz,61,90,0,0,0,0.0028388144
ur-blazepose,ur-blazepose::fall-03-cam0-rgb,data/keypoints_ur_blazepose/fall/fall-03-cam0-rgb.npz,67,96,0,0,0,0.002431926
ur-blazepose,ur-blazepose::fall-03-cam0-rgb,data/keypoints_ur_blazepose/fall/fall-03-cam0-rgb.npz,73,102,0,0,0,0.0015229791
ur-blazepose,ur-blazepose::fall-03-cam0-rgb,data/keypoints_ur_blazepose/fall/fall-03-cam0-rgb.npz,79,108,0,0,0,0.0010632819
ur-blazepose,ur-blazepose::fall-03-cam0-rgb,data/keypoints_ur_blazepose/fall/fall-03-cam0-rgb.npz,85,114,0,0,0,0.000905651
ur-blazepose,ur-blazepose::fall-03-cam0-rgb,data/keypoints_ur_blazepose/fall/fall-03-cam0-rgb.npz,91,120,0,0,0,0.0008946864
ur-blazepose,ur-blazepose::fall-03-cam0-rgb,data/keypoints_ur_blazepose/fall/fall-03-cam0-rgb.npz,97,126,0,0,0,0.0010331096
ur-blazepose,ur-blazepose::fall-03-cam0-rgb,data/keypoints_ur_blazepose/fall/fall-03-cam0-rgb.npz,103,132,0,0,0,0.00094581995
ur-blazepose,ur-blazepose::fall-03-cam0-rgb,data/keypoints_ur_blazepose/fall/fall-03-cam0-rgb.npz,109,138,0,0,0,0.00092406856
ur-blazepose,ur-blazepose::fall-03-cam0-rgb,data/keypoints_ur_blazepose/fall/fall-03-cam0-rgb.npz,115,144,0,0,0,0.00092046923
ur-blazepose,ur-blazepose::fall-03-cam0-rgb,data/keypoints_ur_blazepose/fall/fall-03-cam0-rgb.npz,121,150,0,0,0,0.0009958636
ur-blazepose,ur-blazepose::fall-03-cam0-rgb,data/keypoints_ur_blazepose/fall/fall-03-cam0-rgb.npz,127,156,1,1,0,0.0025166578
ur-blazepose,ur-blazepose::fall-03-cam0-rgb,data/keypoints_ur_blazepose/fall/fall-03-cam0-rgb.npz,133,162,1,1,0,0.05658194
ur-blazepose,ur-blazepose::fall-03-cam0-rgb,data/keypoints_ur_blazepose/fall/fall-03-cam0-rgb.npz,139,168,1,1,0,0.377259
ur-blazepose,ur-blazepose::fall-03-cam0-rgb,data/keypoints_ur_blazepose/fall/fall-03-cam0-rgb.npz,145,174,1,1,0,0.46122667
ur-blazepose,ur-blazepose::fall-03-cam0-rgb,data/keypoints_ur_blazepose/fall/fall-03-cam0-rgb.npz,151,180,1,1,0,0.7678908
ur-blazepose,ur-blazepose::fall-03-cam0-rgb,data/keypoints_ur_blazepose/fall/fall-03-cam0-rgb.npz,157,186,1,1,1,0.9792503
ur-blazepose,ur-blazepose::fall-03-cam0-rgb,data/keypoints_ur_blazepose/fall/fall-03-cam0-rgb.npz,163,192,1,1,1,0.99455595
ur-blazepose,ur-blazepose::fall-03-cam0-rgb,data/keypoints_ur_blazepose/fall/fall-03-cam0-rgb.npz,169,198,1,1,1,0.99289906
ur-blazepose,ur-blazepose::fall-03-cam0-rgb,data/keypoints_ur_blazepose/fall/fall-03-cam0-rgb.npz,175,204,0,0,0,0.15227269
ur-blazepose,ur-blazepose::fall-03-cam0-rgb,data/keypoints_ur_blazepose/fall/fall-03-cam0-rgb.npz,181,210,0,0,0,0.09420599
ur-blazepose,ur-blazepose::fall-09-cam0-rgb,data/keypoints_ur_blazepose/fall/fall-09-cam0-rgb.npz,1,30,0,0,0,0.009077686
ur-blazepose,ur-blazepose::fall-09-cam0-rgb,data/keypoints_ur_blazepose/fall/fall-09-cam0-rgb.npz,7,36,0,0,0,0.011253483
ur-blazepose,ur-blazepose::fall-09-cam0-rgb,data/keypoints_ur_blazepose/fall/fall-09-cam0-rgb.npz,13,42,0,0,0,0.013189285
ur-blazepose,ur-blazepose::fall-09-cam0-rgb,data/keypoints_ur_blazepose/fall/fall-09-cam0-rgb.npz,19,48,0,0,0,0.01471714
ur-blazepose,ur-blazepose::fall-09-cam0-rgb,data/keypoints_ur_blazepose/fall/fall-09-cam0-rgb.npz,25,54,0,0,0,0.016924787
ur-blazepose,ur-blazepose::fall-09-cam0-rgb,data/keypoints_ur_blazepose/fall/fall-09-cam0-rgb.npz,31,60,0,0,0,0.019164223
ur-blazepose,ur-blazepose::fall-09-cam0-rgb,data/keypoints_ur_blazepose/fall/fall-09-cam0-rgb.npz,37,66,0,0,0,0.024778888
ur-blazepose,ur-blazepose::fall-09-cam0-rgb,data/keypoints_ur_blazepose/fall/fall-09-cam0-rgb.npz,43,72,0,0,0,0.020956587
ur-blazepose,ur-blazepose::fall-09-cam0-rgb,data/keypoints_ur_blazepose/fall/fall-09-cam0-rgb.npz,49,78,0,0,0,0.018855397
ur-blazepose,ur-blazepose::fall-09-cam0-rgb,data/keypoints_ur_blazepose/fall/fall-09-cam0-rgb.npz,55,84,0,0,0,0.013673828
ur-blazepose,ur-blazepose::fall-09-cam0-rgb,data/keypoints_ur_blazepose/fall/fall-09-cam0-rgb.npz,61,90,0,0,0,0.006688294
ur-blazepose,ur-blazepose::fall-09-cam0-rgb,data/keypoints_ur_blazepose/fall/fall-09-cam0-rgb.npz,67,96,0,0,0,0.004020702
ur-blazepose,ur-blazepose::fall-09-cam0-rgb,data/keypoints_ur_blazepose/fall/fall-09-cam0-rgb.npz,73,102,0,0,0,0.0043430086
ur-blazepose,ur-blazepose::fall-09-cam0-rgb,data/keypoints_ur_blazepose/fall/fall-09-cam0-rgb.npz,79,108,0,0,0,0.005085834
ur-blazepose,ur-blazepose::fall-09-cam0-rgb,data/keypoints_ur_blazepose/fall/fall-09-cam0-rgb.npz,85,114,0,0,0,0.005662361
ur-blazepose,ur-blazepose::fall-09-cam0-rgb,data/keypoints_ur_blazepose/fall/fall-09-cam0-rgb.npz,91,120,0,0,0,0.0059061004
ur-blazepose,ur-blazepose::fall-09-cam0-rgb,data/keypoints_ur_blazepose/fall/fall-09-cam0-rgb.npz,97,126,0,0,0,0.011430192
ur-blazepose,ur-blazepose::fall-09-cam0-rgb,data/keypoints_ur_blazepose/fall/fall-09-cam0-rgb.npz,103,132,1,1,0,0.0793898
ur-blazepose,ur-blazepose::fall-09-cam0-rgb,data/keypoints_ur_blazepose/fall/fall-09-cam0-rgb.npz,109,138,1,1,1,0.9723343
ur-blazepose,ur-blazepose::fall-09-cam0-rgb,data/keypoints_ur_blazepose/fall/fall-09-cam0-rgb.npz,115,144,1,1,1,0.989032
ur-blazepose,ur-blazepose::fall-09-cam0-rgb,data/keypoints_ur_blazepose/fall/fall-09-cam0-rgb.npz,121,150,1,1,1,0.9968862
ur-blazepose,ur-blazepose::fall-09-cam0-rgb,data/keypoints_ur_blazepose/fall/fall-09-cam0-rgb.npz,127,156,1,1,1,0.99818665
ur-blazepose,ur-blazepose::fall-09-cam0-rgb,data/keypoints_ur_blazepose/fall/fall-09-cam0-rgb.npz,133,162,1,1,1,0.99837637
ur-blazepose,ur-blazepose::fall-09-cam0-rgb,data/keypoints_ur_blazepose/fall/fall-09-cam0-rgb.npz,139,168,1,1,0,0.5699493
ur-blazepose,ur-blazepose::fall-09-cam0-rgb,data/keypoints_ur_blazepose/fall/fall-09-cam0-rgb.npz,145,174,0,0,0,0.014986967
ur-blazepose,ur-blazepose::fall-09-cam0-rgb,data/keypoints_ur_blazepose/fall/fall-09-cam0-rgb.npz,151,180,0,0,0,0.019294048
ur-blazepose,ur-blazepose::fall-16-cam0-rgb,data/keypoints_ur_blazepose/fall/fall-16-cam0-rgb.npz,1,30,1,1,1,0.9540063
ur-blazepose,ur-blazepose::fall-16-cam0-rgb,data/keypoints_ur_blazepose/fall/fall-16-cam0-rgb.npz,7,36,1,1,1,0.99918157
ur-blazepose,ur-blazepose::fall-16-cam0-rgb,data/keypoints_ur_blazepose/fall/fall-16-cam0-rgb.npz,13,42,1,1,1,0.9981141
ur-blazepose,ur-blazepose::fall-16-cam0-rgb,data/keypoints_ur_blazepose/fall/fall-16-cam0-rgb.npz,19,48,1,1,1,0.99756527
ur-blazepose,ur-blazepose::fall-16-cam0-rgb,data/keypoints_ur_blazepose/fall/fall-16-cam0-rgb.npz,25,54,1,1,1,0.9974969
ur-blazepose,ur-blazepose::fall-17-cam0-rgb,data/keypoints_ur_blazepose/fall/fall-17-cam0-rgb.npz,1,30,0,0,0,0.2465709
ur-blazepose,ur-blazepose::fall-17-cam0-rgb,data/keypoints_ur_blazepose/fall/fall-17-cam0-rgb.npz,7,36,0,0,0,0.2923645
ur-blazepose,ur-blazepose::fall-17-cam0-rgb,data/keypoints_ur_blazepose/fall/fall-17-cam0-rgb.npz,13,42,0,0,0,0.31468967
ur-blazepose,ur-blazepose::fall-17-cam0-rgb,data/keypoints_ur_blazepose/fall/fall-17-cam0-rgb.npz,19,48,0,0,0,0.36554134
ur-blazepose,ur-blazepose::fall-17-cam0-rgb,data/keypoints_ur_blazepose/fall/fall-17-cam0-rgb.npz,25,54,0,0,0,0.42597058
ur-blazepose,ur-blazepose::fall-17-cam0-rgb,data/keypoints_ur_blazepose/fall/fall-17-cam0-rgb.npz,31,60,0,0,0,0.599078
ur-blazepose,ur-blazepose::fall-17-cam0-rgb,data/keypoints_ur_blazepose/fall/fall-17-cam0-rgb.npz,37,66,0,0,1,0.79969466
ur-blazepose,ur-blazepose::fall-17-cam0-rgb,data/keypoints_ur_blazepose/fall/fall-17-cam0-rgb.npz,43,72,1,1,1,0.9140902
ur-blazepose,ur-blazepose::fall-17-cam0-rgb,data/keypoints_ur_blazepose/fall/fall-17-cam0-rgb.npz,49,78,1,1,1,0.9738709
ur-blazepose,ur-blazepose::fall-17-cam0-rgb,data/keypoints_ur_blazepose/fall/fall-17-cam0-rgb.npz,55,84,1,1,1,0.9937575
ur-blazepose,ur-blazepose::fall-17-cam0-rgb,data/keypoints_ur_blazepose/fall/fall-17-cam0-rgb.npz,61,90,1,1,1,0.9982582
ur-blazepose,ur-blazepose::fall-23-cam0-rgb,data/keypoints_ur_blazepose/fall/fall-23-cam0-rgb.npz,1,30,0,0,0,0.55769414
ur-blazepose,ur-blazepose::fall-23-cam0-rgb,data/keypoints_ur_blazepose/fall/fall-23-cam0-rgb.npz,7,36,1,1,0,0.7315164
ur-blazepose,ur-blazepose::fall-23-cam0-rgb,data/keypoints_ur_blazepose/fall/fall-23-cam0-rgb.npz,13,42,1,1,1,0.8817281
ur-blazepose,ur-blazepose::fall-23-cam0-rgb,data/keypoints_ur_blazepose/fall/fall-23-cam0-rgb.npz,19,48,1,1,1,0.9764782
ur-blazepose,ur-blazepose::fall-23-cam0-rgb,data/keypoints_ur_blazepose/fall/fall-23-cam0-rgb.npz,25,54,1,1,1,0.9943961
ur-blazepose,ur-blazepose::fall-23-cam0-rgb,data/keypoints_ur_blazepose/fall/fall-23-cam0-rgb.npz,31,60,1,1,1,0.99687815
ur-blazepose,ur-blazepose::fall-23-cam0-rgb,data/keypoints_ur_blazepose/fall/fall-23-cam0-rgb.npz,37,66,1,1,1,0.9983815
ur-blazepose,ur-blazepose::fall-23-cam0-rgb,data/keypoints_ur_blazepose/fall/fall-23-cam0-rgb.npz,43,72,1,1,1,0.9893556
ur-blazepose,ur-blazepose::fall-26-cam0-rgb,data/keypoints_ur_blazepose/fall/fall-26-cam0-rgb.npz,1,30,1,1,1,0.9953607
ur-blazepose,ur-blazepose::fall-26-cam0-rgb,data/keypoints_ur_blazepose/fall/fall-26-cam0-rgb.npz,7,36,1,1,1,0.99229723
ur-blazepose,ur-blazepose::fall-26-cam0-rgb,data/keypoints_ur_blazepose/fall/fall-26-cam0-rgb.npz,13,42,1,1,1,0.9922227
ur-blazepose,ur-blazepose::fall-26-cam0-rgb,data/keypoints_ur_blazepose/fall/fall-26-cam0-rgb.npz,19,48,1,1,1,0.9942579
ur-blazepose,ur-blazepose::fall-26-cam0-rgb,data/keypoints_ur_blazepose/fall/fall-26-cam0-rgb.npz,25,54,1,1,1,0.990811
ur-blazepose,ur-blazepose::fall-26-cam0-rgb,data/keypoints_ur_blazepose/fall/fall-26-cam0-rgb.npz,31,60,1,1,1,0.97981846
le2i-blazepose,le2i-blazepose::Coffee_room_01_video_10,data/keypoints_le2i_blazepose/Coffee_room_01_video_10.npz,1,25,0,0,0,0.0008457828
le2i-blazepose,le2i-blazepose::Coffee_room_01_video_10,data/keypoints_le2i_blazepose/Coffee_room_01_video_10.npz,6,30,0,0,0,0.00091557193
le2i-blazepose,le2i-blazepose::Coffee_room_01_video_10,data/keypoints_le2i_blazepose/Coffee_room_01_video_10.npz,11,35,0,0,0,0.00096507906
le2i-blazepose,le2i-blazepose::Coffee_room_01_video_10,data/keypoints_le2i_blazepose/Coffee_room_01_video_10.npz,16,40,0,0,0,0.0008412969
le2i-blazepose,le2i-blazepose::Coffee_room_01_video_10,data/keypoints_le2i_blazepose/Coffee_room_01_video_10.npz,21,45,0,0,0,0.0010779897
le2i-blazepose,le2i-blazepose::Coffee_room_01_video_10,data/keypoints_le2i_blazepose/Coffee_room_01_video_10.npz,26,50,0,0,0,0.0011416422
le2i-blazepose,le2i-blazepose::Coffee_room_01_video_10,data/keypoints_le2i_blazepose/Coffee_room_01_video_10.npz,31,55,0,0,0,0.0017755689
le2i-blazepose,le2i-blazepose::Coffee_room_01_video_10,data/keypoints_le2i_blazepose/Coffee_room_01_video_10.npz,36,60,0,0,0,0.0018018896
le2i-blazepose,le2i-blazepose::Coffee_room_01_video_10,data/keypoints_le2i_blazepose/Coffee_room_01_video_10.npz,41,65,0,0,0,0.0018650787
le2i-blazepose,le2i-blazepose::Coffee_room_01_video_10,data/keypoints_le2i_blazepose/Coffee_room_01_video_10.npz,46,70,0,0,0,0.0018688571
le2i-blazepose,le2i-blazepose::Coffee_room_01_video_10,data/keypoints_le2i_blazepose/Coffee_room_01_video_10.npz,51,75,0,0,0,0.0019088637
le2i-blazepose,le2i-blazepose::Coffee_room_01_video_10,data/keypoints_le2i_blazepose/Coffee_room_01_video_10.npz,56,80,0,0,0,0.0051214644
le2i-blazepose,le2i-blazepose::Coffee_room_01_video_10,data/keypoints_le2i_blazepose/Coffee_room_01_video_10.npz,61,85,0,0,0,0.004757489
le2i-blazepose,le2i-blazepose::Coffee_room_01_video_10,data/keypoints_le2i_blazepose/Coffee_room_01_video_10.npz,66,90,0,0,0,0.0069301105
le2i-blazepose,le2i-blazepose::Coffee_room_01_video_10,data/keypoints_le2i_blazepose/Coffee_room_01_video_10.npz,71,95,0,0,0,0.0034304028
le2i-blazepose,le2i-blazepose::Coffee_room_01_video_10,data/keypoints_le2i_blazepose/Coffee_room_01_video_10.npz,76,100,0,0,0,0.012162011
le2i-blazepose,le2i-blazepose::Coffee_room_01_video_10,data/keypoints_le2i_blazepose/Coffee_room_01_video_10.npz,81,105,0,0,0,0.01970439
le2i-blazepose,le2i-blazepose::Coffee_room_01_video_10,data/keypoints_le2i_blazepose/Coffee_room_01_video_10.npz,86,110,0,0,0,0.014819058
le2i-blazepose,le2i-blazepose::Coffee_room_01_video_10,data/keypoints_le2i_blazepose/Coffee_room_01_video_10.npz,91,115,0,0,0,0.012813739
le2i-blazepose,le2i-blazepose::Coffee_room_01_video_10,data/keypoints_le2i_blazepose/Coffee_room_01_video_10.npz,96,120,0,0,0,0.008004546
le2i-blazepose,le2i-blazepose::Coffee_room_01_video_10,data/keypoints_le2i_blazepose/Coffee_room_01_video_10.npz,101,125,0,0,0,0.0155613
le2i-blazepose,le2i-blazepose::Coffee_room_01_video_10,data/keypoints_le2i_blazepose/Coffee_room_01_video_10.npz,106,130,0,0,0,0.011369322
le2i-blazepose,le2i-blazepose::Coffee_room_01_video_10,data/keypoints_le2i_blazepose/Coffee_room_01_video_10.npz,111,135,0,0,0,0.0025476702
le2i-blazepose,le2i-blazepose::Coffee_room_01_video_10,data/keypoints_le2i_blazepose/Coffee_room_01_video_10.npz,116,140,0,0,0,0.008774479
le2i-blazepose,le2i-blazepose::Coffee_room_01_video_10,data/keypoints_le2i_blazepose/Coffee_room_01_video_10.npz,121,145,0,0,0,0.00857164
le2i-blazepose,le2i-blazepose::Coffee_room_01_video_10,data/keypoints_le2i_blazepose/Coffee_room_01_video_10.npz,126,150,0,0,0,0.005741249
le2i-blazepose,le2i-blazepose::Coffee_room_01_video_10,data/keypoints_le2i_blazepose/Coffee_room_01_video_10.npz,131,155,0,0,0,0.0038011959
le2i-blazepose,le2i-blazepose::Coffee_room_01_video_10,data/keypoints_le2i_blazepose/Coffee_room_01_video_10.npz,136,160,0,0,0,0.0028047548
le2i-blazepose,le2i-blazepose::Coffee_room_01_video_10,data/keypoints_le2i_blazepose/Coffee_room_01_video_10.npz,141,165,0,0,0,0.0022058203
le2i-blazepose,le2i-blazepose::Coffee_room_01_video_10,data/keypoints_le2i_blazepose/Coffee_room_01_video_10.npz,146,170,0,0,0,0.0020387084
le2i-blazepose,le2i-blazepose::Coffee_room_01_video_10,data/keypoints_le2i_blazepose/Coffee_room_01_video_10.npz,151,175,0,0,0,0.002104895
le2i-blazepose,le2i-blazepose::Coffee_room_01_video_10,data/keypoints_le2i_blazepose/Coffee_room_01_video_10.npz,156,180,0,0,0,0.0022105859
le2i-blazepose,le2i-blazepose::Coffee_room_01_video_10,data/keypoints_le2i_blazepose/Coffee_room_01_video_10.npz,161,185,0,0,0,0.0021483114
le2i-blazepose,le2i-blazepose::Coffee_room_01_video_10,data/keypoints_le2i_blazepose/Coffee_room_01_video_10.npz,166,190,0,0,0,0.0020962947
le2i-blazepose,le2i-blazepose::Coffee_room_01_video_10,data/keypoints_le2i_blazepose/Coffee_room_01_video_10.npz,171,195,0,0,0,0.001865386
le2i-blazepose,le2i-blazepose::Coffee_room_01_video_10,data/keypoints_le2i_blazepose/Coffee_room_01_video_10.npz,176,200,0,0,0,0.0019275208
le2i-blazepose,le2i-blazepose::Coffee_room_01_video_10,data/keypoints_le2i_blazepose/Coffee_room_01_video_10.npz,181,205,0,0,0,0.0023933242
le2i-blazepose,le2i-blazepose::Coffee_room_01_video_10,data/keypoints_le2i_blazepose/Coffee_room_01_video_10.npz,186,210,0,0,0,0.0085371435
le2i-blazepose,le2i-blazepose::Coffee_room_01_video_10,data/keypoints_le2i_blazepose/Coffee_room_01_video_10.npz,191,215,0,0,0,0.50411135
le2i-blazepose,le2i-blazepose::Coffee_room_01_video_10,data/keypoints_le2i_blazepose/Coffee_room_01_video_10.npz,196,220,1,1,1,0.9799487
le2i-blazepose,le2i-blazepose::Coffee_room_01_video_10,data/keypoints_le2i_blazepose/Coffee_room_01_video_10.npz,201,225,1,1,1,0.99737024
le2i-blazepose,le2i-blazepose::Coffee_room_01_video_10,data/keypoints_le2i_blazepose/Coffee_room_01_video_10.npz,206,230,1,1,1,0.99909055
le2i-blazepose,le2i-blazepose::Coffee_room_01_video_10,data/keypoints_le2i_blazepose/Coffee_room_01_video_10.npz,211,235,1,1,1,0.9994311
le2i-blazepose,le2i-blazepose::Coffee_room_01_video_10,data/keypoints_le2i_blazepose/Coffee_room_01_video_10.npz,216,240,1,1,1,0.99746644
le2i-blazepose,le2i-blazepose::Coffee_room_01_video_10,data/keypoints_le2i_blazepose/Coffee_room_01_video_10.npz,221,245,1,1,0,0.46408755
le2i-blazepose,le2i-blazepose::Coffee_room_01_video_10,data/keypoints_le2i_blazepose/Coffee_room_01_video_10.npz,226,250,1,1,0,0.3760475
le2i-blazepose,le2i-blazepose::Coffee_room_01_video_10,data/keypoints_le2i_blazepose/Coffee_room_01_video_10.npz,231,255,1,1,0,0.20939554
le2i-blazepose,le2i-blazepose::Coffee_room_01_video_10,data/keypoints_le2i_blazepose/Coffee_room_01_video_10.npz,236,260,0,0,0,0.14670752
le2i-blazepose,le2i-blazepose::Coffee_room_01_video_10,data/keypoints_le2i_blazepose/Coffee_room_01_video_10.npz,241,265,0,0,0,0.151136
le2i-blazepose,le2i-blazepose::Coffee_room_01_video_10,data/keypoints_le2i_blazepose/Coffee_room_01_video_10.npz,246,270,0,0,0,0.1454363
le2i-blazepose,le2i-blazepose::Coffee_room_01_video_10,data/keypoints_le2i_blazepose/Coffee_room_01_video_10.npz,251,275,0,0,0,0.1454941
le2i-blazepose,le2i-blazepose::Coffee_room_01_video_10,data/keypoints_le2i_blazepose/Coffee_room_01_video_10.npz,256,280,0,0,0,0.14689165
le2i-blazepose,le2i-blazepose::Coffee_room_01_video_10,data/keypoints_le2i_blazepose/Coffee_room_01_video_10.npz,261,285,0,0,0,0.14530213
le2i-blazepose,le2i-blazepose::Coffee_room_01_video_10,data/keypoints_le2i_blazepose/Coffee_room_01_video_10.npz,266,290,0,0,0,0.1475033
le2i-blazepose,le2i-blazepose::Coffee_room_01_video_10,data/keypoints_le2i_blazepose/Coffee_room_01_video_10.npz,271,295,0,0,0,0.14706635
le2i-blazepose,le2i-blazepose::Coffee_room_01_video_10,data/keypoints_le2i_blazepose/Coffee_room_01_video_10.npz,276,300,0,0,0,0.14911512
le2i-blazepose,le2i-blazepose::Coffee_room_01_video_10,data/keypoints_le2i_blazepose/Coffee_room_01_video_10.npz,281,305,0,0,0,0.15177616
le2i-blazepose,le2i-blazepose::Coffee_room_01_video_10,data/keypoints_le2i_blazepose/Coffee_room_01_video_10.npz,286,310,0,0,0,0.15176676
le2i-blazepose,le2i-blazepose::Coffee_room_01_video_10,data/keypoints_le2i_blazepose/Coffee_room_01_video_10.npz,291,315,0,0,0,0.14798193
le2i-blazepose,le2i-blazepose::Coffee_room_01_video_10,data/keypoints_le2i_blazepose/Coffee_room_01_video_10.npz,296,320,0,0,0,0.14652586
le2i-blazepose,le2i-blazepose::Coffee_room_01_video_10,data/keypoints_le2i_blazepose/Coffee_room_01_video_10.npz,301,325,0,0,0,0.14746977
le2i-blazepose,le2i-blazepose::Coffee_room_01_video_10,data/keypoints_le2i_blazepose/Coffee_room_01_video_10.npz,306,330,0,0,0,0.14923328
le2i-blazepose,le2i-blazepose::Coffee_room_01_video_10,data/keypoints_le2i_blazepose/Coffee_room_01_video_10.npz,311,335,0,0,0,0.14899659
le2i-blazepose,le2i-blazepose::Coffee_room_01_video_10,data/keypoints_le2i_blazepose/Coffee_room_01_video_10.npz,316,340,0,0,0,0.14856233
le2i-blazepose,le2i-blazepose::Coffee_room_01_video_10,data/keypoints_le2i_blazepose/Coffee_room_01_video_10.npz,321,345,0,0,0,0.15081564
le2i-blazepose,le2i-blazepose::Coffee_room_01_video_10,data/keypoints_le2i_blazepose/Coffee_room_01_video_10.npz,326,350,0,0,0,0.14968206
le2i-blazepose,le2i-blazepose::Coffee_room_01_video_10,data/keypoints_le2i_blazepose/Coffee_room_01_video_10.npz,331,355,0,0,0,0.15209311
le2i-blazepose,le2i-blazepose::Coffee_room_01_video_10,data/keypoints_le2i_blazepose/Coffee_room_01_video_10.npz,336,360,0,0,0,0.15077482
le2i-blazepose,le2i-blazepose::Coffee_room_01_video_14,data/keypoints_le2i_blazepose/Coffee_room_01_video_14.npz,1,25,0,0,1,0.86217505
le2i-blazepose,le2i-blazepose::Coffee_room_01_video_14,data/keypoints_le2i_blazepose/Coffee_room_01_video_14.npz,6,30,0,0,1,0.88781905
le2i-blazepose,le2i-blazepose::Coffee_room_01_video_14,data/keypoints_le2i_blazepose/Coffee_room_01_video_14.npz,11,35,0,0,1,0.8213298
le2i-blazepose,le2i-blazepose::Coffee_room_01_video_14,data/keypoints_le2i_blazepose/Coffee_room_01_video_14.npz,16,40,0,0,1,0.8669984
le2i-blazepose,le2i-blazepose::Coffee_room_01_video_14,data/keypoints_le2i_blazepose/Coffee_room_01_video_14.npz,21,45,0,0,1,0.98161846
le2i-blazepose,le2i-blazepose::Coffee_room_01_video_14,data/keypoints_le2i_blazepose/Coffee_room_01_video_14.npz,26,50,0,0,1,0.9940393
le2i-blazepose,le2i-blazepose::Coffee_room_01_video_14,data/keypoints_le2i_blazepose/Coffee_room_01_video_14.npz,31,55,0,0,1,0.9976726
le2i-blazepose,le2i-blazepose::Coffee_room_01_video_14,data/keypoints_le2i_blazepose/Coffee_room_01_video_14.npz,36,60,1,1,1,0.99505496
le2i-blazepose,le2i-blazepose::Coffee_room_01_video_14,data/keypoints_le2i_blazepose/Coffee_room_01_video_14.npz,41,65,1,1,0,0.5763352
le2i-blazepose,le2i-blazepose::Coffee_room_01_video_14,data/keypoints_le2i_blazepose/Coffee_room_01_video_14.npz,46,70,1,1,1,0.85595936
le2i-blazepose,le2i-blazepose::Coffee_room_01_video_14,data/keypoints_le2i_blazepose/Coffee_room_01_video_14.npz,51,75,1,1,1,0.89722925
le2i-blazepose,le2i-blazepose::Coffee_room_01_video_14,data/keypoints_le2i_blazepose/Coffee_room_01_video_14.npz,56,80,1,1,1,0.89400774
le2i-blazepose,le2i-blazepose::Coffee_room_01_video_14,data/keypoints_le2i_blazepose/Coffee_room_01_video_14.npz,61,85,1,1,0,0.7428337
le2i-blazepose,le2i-blazepose::Coffee_room_01_video_14,data/keypoints_le2i_blazepose/Coffee_room_01_video_14.npz,66,90,1,1,0,0.65691954
le2i-blazepose,le2i-blazepose::Coffee_room_01_video_14,data/keypoints_le2i_blazepose/Coffee_room_01_video_14.npz,71,95,0,0,0,0.5818892
le2i-blazepose,le2i-blazepose::Coffee_room_01_video_14,data/keypoints_le2i_blazepose/Coffee_room_01_video_14.npz,76,100,0,0,0,0.54795676
le2i-blazepose,le2i-blazepose::Coffee_room_01_video_16,data/keypoints_le2i_blazepose/Coffee_room_01_video_16.npz,1,25,0,0,0,0.0015165025
le2i-blazepose,le2i-blazepose::Coffee_room_01_video_16,data/keypoints_le2i_blazepose/Coffee_room_01_video_16.npz,6,30,0,0,0,0.0018429243
le2i-blazepose,le2i-blazepose::Coffee_room_01_video_16,data/keypoints_le2i_blazepose/Coffee_room_01_video_16.npz,11,35,0,0,0,0.0026982094
le2i-blazepose,le2i-blazepose::Coffee_room_01_video_16,data/keypoints_le2i_blazepose/Coffee_room_01_video_16.npz,16,40,0,0,0,0.004589923
le2i-blazepose,le2i-blazepose::Coffee_room_01_video_16,data/keypoints_le2i_blazepose/Coffee_room_01_video_16.npz,21,45,0,0,0,0.018940086
le2i-blazepose,le2i-blazepose::Coffee_room_01_video_16,data/keypoints_le2i_blazepose/Coffee_room_01_video_16.npz,26,50,0,0,0,0.70994765
le2i-blazepose,le2i-blazepose::Coffee_room_01_video_16,data/keypoints_le2i_blazepose/Coffee_room_01_video_16.npz,31,55,1,1,1,0.9196114
le2i-blazepose,le2i-blazepose::Coffee_room_01_video_16,data/keypoints_le2i_blazepose/Coffee_room_01_video_16.npz,36,60,1,1,1,0.9890855
le2i-blazepose,le2i-blazepose::Coffee_room_01_video_16,data/keypoints_le2i_blazepose/Coffee_room_01_video_16.npz,41,65,1,1,1,0.9773512
le2i-blazepose,le2i-blazepose::Coffee_room_01_video_16,data/keypoints_le2i_blazepose/Coffee_room_01_video_16.npz,46,70,1,1,1,0.9514828
le2i-blazepose,le2i-blazepose::Coffee_room_01_video_16,data/keypoints_le2i_blazepose/Coffee_room_01_video_16.npz,51,75,1,1,1,0.8743642
le2i-blazepose,le2i-blazepose::Coffee_room_01_video_16,data/keypoints_le2i_blazepose/Coffee_room_01_video_16.npz,56,80,1,1,0,0.7747596
le2i-blazepose,le2i-blazepose::Coffee_room_01_video_16,data/keypoints_le2i_blazepose/Coffee_room_01_video_16.npz,61,85,0,0,0,0.68739015
le2i-blazepose,le2i-blazepose::Coffee_room_01_video_16,data/keypoints_le2i_blazepose/Coffee_room_01_video_16.npz,66,90,0,0,1,0.80531013
le2i-blazepose,le2i-blazepose::Coffee_room_01_video_16,data/keypoints_le2i_blazepose/Coffee_room_01_video_16.npz,71,95,0,0,1,0.8054197
le2i-blazepose,le2i-blazepose::Coffee_room_01_video_16,data/keypoints_le2i_blazepose/Coffee_room_01_video_16.npz,96,120,0,0,0,0.33838627
le2i-blazepose,le2i-blazepose::Coffee_room_01_video_16,data/keypoints_le2i_blazepose/Coffee_room_01_video_16.npz,101,125,0,0,0,0.33838627
le2i-blazepose,le2i-blazepose::Coffee_room_01_video_16,data/keypoints_le2i_blazepose/Coffee_room_01_video_16.npz,106,130,0,0,0,0.33838627
le2i-blazepose,le2i-blazepose::Coffee_room_01_video_16,data/keypoints_le2i_blazepose/Coffee_room_01_video_16.npz,111,135,0,0,0,0.33838627
le2i-blazepose,le2i-blazepose::Coffee_room_01_video_16,data/keypoints_le2i_blazepose/Coffee_room_01_video_16.npz,116,140,0,0,0,0.33838627
le2i-blazepose,le2i-blazepose::Coffee_room_01_video_16,data/keypoints_le2i_blazepose/Coffee_room_01_video_16.npz,136,160,0,0,1,0.8083168
le2i-blazepose,le2i-blazepose::Coffee_room_01_video_16,data/keypoints_le2i_blazepose/Coffee_room_01_video_16.npz,141,165,0,0,1,0.80849767
le2i-blazepose,le2i-blazepose::Coffee_room_01_video_16,data/keypoints_le2i_blazepose/Coffee_room_01_video_16.npz,146,170,0,0,1,0.80866337
le2i-blazepose,le2i-blazepose::Coffee_room_01_video_16,data/keypoints_le2i_blazepose/Coffee_room_01_video_16.npz,151,175,0,0,1,0.80882436
le2i-blazepose,le2i-blazepose::Coffee_room_01_video_19,data/keypoints_le2i_blazepose/Coffee_room_01_video_19.npz,1,25,0,0,0,0.0023145338
le2i-blazepose,le2i-blazepose::Coffee_room_01_video_19,data/keypoints_le2i_blazepose/Coffee_room_01_video_19.npz,6,30,0,0,0,0.0027314061
le2i-blazepose,le2i-blazepose::Coffee_room_01_video_19,data/keypoints_le2i_blazepose/Coffee_room_01_video_19.npz,11,35,0,0,0,0.003672544
le2i-blazepose,le2i-blazepose::Coffee_room_01_video_19,data/keypoints_le2i_blazepose/Coffee_room_01_video_19.npz,16,40,0,0,0,0.005034255
le2i-blazepose,le2i-blazepose::Coffee_room_01_video_19,data/keypoints_le2i_blazepose/Coffee_room_01_video_19.npz,21,45,0,0,0,0.0057970984
le2i-blazepose,le2i-blazepose::Coffee_room_01_video_19,data/keypoints_le2i_blazepose/Coffee_room_01_video_19.npz,26,50,0,0,0,0.006438152
le2i-blazepose,le2i-blazepose::Coffee_room_01_video_19,data/keypoints_le2i_blazepose/Coffee_room_01_video_19.npz,31,55,0,0,0,0.007434039
le2i-blazepose,le2i-blazepose::Coffee_room_01_video_19,data/keypoints_le2i_blazepose/Coffee_room_01_video_19.npz,36,60,0,0,0,0.0069787595
le2i-blazepose,le2i-blazepose::Coffee_room_01_video_19,data/keypoints_le2i_blazepose/Coffee_room_01_video_19.npz,41,65,0,0,0,0.006072418
le2i-blazepose,le2i-blazepose::Coffee_room_01_video_19,data/keypoints_le2i_blazepose/Coffee_room_01_video_19.npz,46,70,0,0,0,0.007254638
le2i-blazepose,le2i-blazepose::Coffee_room_01_video_19,data/keypoints_le2i_blazepose/Coffee_room_01_video_19.npz,51,75,0,0,0,0.0110722445
le2i-blazepose,le2i-blazepose::Coffee_room_01_video_19,data/keypoints_le2i_blazepose/Coffee_room_01_video_19.npz,56,80,0,0,0,0.017294103
le2i-blazepose,le2i-blazepose::Coffee_room_01_video_19,data/keypoints_le2i_blazepose/Coffee_room_01_video_19.npz,61,85,0,0,0,0.034364164
le2i-blazepose,le2i-blazepose::Coffee_room_01_video_19,data/keypoints_le2i_blazepose/Coffee_room_01_video_19.npz,66,90,0,0,0,0.18869945
le2i-blazepose,le2i-blazepose::Coffee_room_01_video_19,data/keypoints_le2i_blazepose/Coffee_room_01_video_19.npz,71,95,0,0,0,0.33415964
le2i-blazepose,le2i-blazepose::Coffee_room_01_video_19,data/keypoints_le2i_blazepose/Coffee_room_01_video_19.npz,76,100,1,1,0,0.45692137
le2i-blazepose,le2i-blazepose::Coffee_room_01_video_19,data/keypoints_le2i_blazepose/Coffee_room_01_video_19.npz,81,105,1,1,1,0.85862947
le2i-blazepose,le2i-blazepose::Coffee_room_01_video_19,data/keypoints_le2i_blazepose/Coffee_room_01_video_19.npz,86,110,1,1,1,0.9934336
le2i-blazepose,le2i-blazepose::Coffee_room_01_video_19,data/keypoints_le2i_blazepose/Coffee_room_01_video_19.npz,91,115,1,1,1,0.99686426
le2i-blazepose,le2i-blazepose::Coffee_room_01_video_19,data/keypoints_le2i_blazepose/Coffee_room_01_video_19.npz,96,120,1,1,1,0.9959345
le2i-blazepose,le2i-blazepose::Coffee_room_01_video_19,data/keypoints_le2i_blazepose/Coffee_room_01_video_19.npz,101,125,1,1,1,0.9961718
le2i-blazepose,le2i-blazepose::Coffee_room_01_video_19,data/keypoints_le2i_blazepose/Coffee_room_01_video_19.npz,106,130,1,1,1,0.98969996
le2i-blazepose,le2i-blazepose::Coffee_room_01_video_19,data/keypoints_le2i_blazepose/Coffee_room_01_video_19.npz,111,135,1,1,1,0.97732747
le2i-blazepose,le2i-blazepose::Coffee_room_01_video_19,data/keypoints_le2i_blazepose/Coffee_room_01_video_19.npz,116,140,1,1,1,0.9578314
le2i-blazepose,le2i-blazepose::Coffee_room_01_video_19,data/keypoints_le2i_blazepose/Coffee_room_01_video_19.npz,121,145,1,1,0,0.1242837
le2i-blazepose,le2i-blazepose::Coffee_room_01_video_19,data/keypoints_le2i_blazepose/Coffee_room_01_video_19.npz,126,150,0,0,0,0.048975013
le2i-blazepose,le2i-blazepose::Coffee_room_01_video_19,data/keypoints_le2i_blazepose/Coffee_room_01_video_19.npz,131,155,0,0,0,0.047925685
le2i-blazepose,le2i-blazepose::Coffee_room_01_video_19,data/keypoints_le2i_blazepose/Coffee_room_01_video_19.npz,136,160,0,0,0,0.011045825
le2i-blazepose,le2i-blazepose::Coffee_room_01_video_19,data/keypoints_le2i_blazepose/Coffee_room_01_video_19.npz,141,165,0,0,0,0.011047586
le2i-blazepose,le2i-blazepose::Coffee_room_01_video_19,data/keypoints_le2i_blazepose/Coffee_room_01_video_19.npz,146,170,0,0,0,0.0109691955
le2i-blazepose,le2i-blazepose::Coffee_room_01_video_19,data/keypoints_le2i_blazepose/Coffee_room_01_video_19.npz,151,175,0,0,0,0.010952177
le2i-blazepose,le2i-blazepose::Coffee_room_01_video_19,data/keypoints_le2i_blazepose/Coffee_room_01_video_19.npz,156,180,0,0,0,0.010950008
le2i-blazepose,le2i-blazepose::Coffee_room_01_video_19,data/keypoints_le2i_blazepose/Coffee_room_01_video_19.npz,161,185,0,0,0,0.010901274
le2i-blazepose,le2i-blazepose::Coffee_room_01_video_19,data/keypoints_le2i_blazepose/Coffee_room_01_video_19.npz,166,190,0,0,0,0.010957929
le2i-blazepose,le2i-blazepose::Coffee_room_01_video_19,data/keypoints_le2i_blazepose/Coffee_room_01_video_19.npz,171,195,0,0,0,0.011054318
le2i-blazepose,le2i-blazepose::Coffee_room_01_video_19,data/keypoints_le2i_blazepose/Coffee_room_01_video_19.npz,176,200,0,0,0,0.011069937
le2i-blazepose,le2i-blazepose::Coffee_room_01_video_19,data/keypoints_le2i_blazepose/Coffee_room_01_video_19.npz,181,205,0,0,0,0.010988
le2i-blazepose,le2i-blazepose::Coffee_room_01_video_19,data/keypoints_le2i_blazepose/Coffee_room_01_video_19.npz,186,210,0,0,0,0.010976938
le2i-blazepose,le2i-blazepose::Coffee_room_01_video_23,data/keypoints_le2i_blazepose/Coffee_room_01_video_23.npz,1,25,0,0,0,0.15545367
le2i-blazepose,le2i-blazepose::Coffee_room_01_video_23,data/keypoints_le2i_blazepose/Coffee_room_01_video_23.npz,6,30,0,0,0,0.15472782
le2i-blazepose,le2i-blazepose::Coffee_room_01_video_23,data/keypoints_le2i_blazepose/Coffee_room_01_video_23.npz,11,35,0,0,0,0.045473527
le2i-blazepose,le2i-blazepose::Coffee_room_01_video_23,data/keypoints_le2i_blazepose/Coffee_room_01_video_23.npz,16,40,0,0,0,0.021423222
le2i-blazepose,le2i-blazepose::Coffee_room_01_video_23,data/keypoints_le2i_blazepose/Coffee_room_01_video_23.npz,21,45,0,0,0,0.07294368
le2i-blazepose,le2i-blazepose::Coffee_room_01_video_23,data/keypoints_le2i_blazepose/Coffee_room_01_video_23.npz,26,50,0,0,0,0.07084721
le2i-blazepose,le2i-blazepose::Coffee_room_01_video_23,data/keypoints_le2i_blazepose/Coffee_room_01_video_23.npz,31,55,0,0,0,0.08213111
le2i-blazepose,le2i-blazepose::Coffee_room_01_video_23,data/keypoints_le2i_blazepose/Coffee_room_01_video_23.npz,36,60,0,0,0,0.029822322
le2i-blazepose,le2i-blazepose::Coffee_room_01_video_23,data/keypoints_le2i_blazepose/Coffee_room_01_video_23.npz,41,65,0,0,0,0.026544064
le2i-blazepose,le2i-blazepose::Coffee_room_01_video_23,data/keypoints_le2i_blazepose/Coffee_room_01_video_23.npz,46,70,0,0,0,0.05220834
le2i-blazepose,le2i-blazepose::Coffee_room_01_video_23,data/keypoints_le2i_blazepose/Coffee_room_01_video_23.npz,51,75,0,0,0,0.037842356
le2i-blazepose,le2i-blazepose::Coffee_room_01_video_23,data/keypoints_le2i_blazepose/Coffee_room_01_video_23.npz,56,80,0,0,0,0.037056018
le2i-blazepose,le2i-blazepose::Coffee_room_01_video_23,data/keypoints_le2i_blazepose/Coffee_room_01_video_23.npz,61,85,0,0,0,0.03630159
le2i-blazepose,le2i-blazepose::Coffee_room_01_video_23,data/keypoints_le2i_blazepose/Coffee_room_01_video_23.npz,66,90,0,0,0,0.03478459
le2i-blazepose,le2i-blazepose::Coffee_room_01_video_23,data/keypoints_le2i_blazepose/Coffee_room_01_video_23.npz,71,95,0,0,0,0.033129882
le2i-blazepose,le2i-blazepose::Coffee_room_01_video_23,data/keypoints_le2i_blazepose/Coffee_room_01_video_23.npz,76,100,0,0,0,0.033223327
le2i-blazepose,le2i-blazepose::Coffee_room_01_video_23,data/keypoints_le2i_blazepose/Coffee_room_01_video_23.npz,81,105,0,0,0,0.03090213
le2i-blazepose,le2i-blazepose::Coffee_room_01_video_23,data/keypoints_le2i_blazepose/Coffee_room_01_video_23.npz,86,110,0,0,0,0.023437712
le2i-blazepose,le2i-blazepose::Coffee_room_01_video_23,data/keypoints_le2i_blazepose/Coffee_room_01_video_23.npz,91,115,0,0,0,0.01871543
le2i-blazepose,le2i-blazepose::Coffee_room_01_video_23,data/keypoints_le2i_blazepose/Coffee_room_01_video_23.npz,96,120,0,0,0,0.012898319
le2i-blazepose,le2i-blazepose::Coffee_room_01_video_23,data/keypoints_le2i_blazepose/Coffee_room_01_video_23.npz,101,125,0,0,0,0.010574959
le2i-blazepose,le2i-blazepose::Coffee_room_01_video_23,data/keypoints_le2i_blazepose/Coffee_room_01_video_23.npz,106,130,0,0,0,0.009060075
le2i-blazepose,le2i-blazepose::Coffee_room_01_video_23,data/keypoints_le2i_blazepose/Coffee_room_01_video_23.npz,111,135,0,0,0,0.007080283
le2i-blazepose,le2i-blazepose::Coffee_room_01_video_23,data/keypoints_le2i_blazepose/Coffee_room_01_video_23.npz,116,140,0,0,0,0.00528052
le2i-blazepose,le2i-blazepose::Coffee_room_01_video_23,data/keypoints_le2i_blazepose/Coffee_room_01_video_23.npz,121,145,0,0,0,0.00381482
le2i-blazepose,le2i-blazepose::Coffee_room_01_video_23,data/keypoints_le2i_blazepose/Coffee_room_01_video_23.npz,126,150,0,0,0,0.0031608788
le2i-blazepose,le2i-blazepose::Coffee_room_01_video_23,data/keypoints_le2i_blazepose/Coffee_room_01_video_23.npz,131,155,0,0,0,0.0026768197
le2i-blazepose,le2i-blazepose::Coffee_room_01_video_23,data/keypoints_le2i_blazepose/Coffee_room_01_video_23.npz,136,160,0,0,0,0.0025891413
le2i-blazepose,le2i-blazepose::Coffee_room_01_video_23,data/keypoints_le2i_blazepose/Coffee_room_01_video_23.npz,141,165,0,0,0,0.0027252017
le2i-blazepose,le2i-blazepose::Coffee_room_01_video_23,data/keypoints_le2i_blazepose/Coffee_room_01_video_23.npz,146,170,0,0,0,0.0029150278
le2i-blazepose,le2i-blazepose::Coffee_room_01_video_23,data/keypoints_le2i_blazepose/Coffee_room_01_video_23.npz,151,175,0,0,0,0.003049251
le2i-blazepose,le2i-blazepose::Coffee_room_01_video_23,data/keypoints_le2i_blazepose/Coffee_room_01_video_23.npz,156,180,0,0,0,0.0031829237
le2i-blazepose,le2i-blazepose::Coffee_room_01_video_23,data/keypoints_le2i_blazepose/Coffee_room_01_video_23.npz,161,185,0,0,0,0.0031900865
le2i-blazepose,le2i-blazepose::Coffee_room_01_video_23,data/keypoints_le2i_blazepose/Coffee_room_01_video_23.npz,166,190,0,0,0,0.0030309835
le2i-blazepose,le2i-blazepose::Coffee_room_01_video_23,data/keypoints_le2i_blazepose/Coffee_room_01_video_23.npz,171,195,0,0,0,0.0030502453
le2i-blazepose,le2i-blazepose::Coffee_room_01_video_23,data/keypoints_le2i_blazepose/Coffee_room_01_video_23.npz,176,200,0,0,0,0.0032689734
le2i-blazepose,le2i-blazepose::Coffee_room_01_video_23,data/keypoints_le2i_blazepose/Coffee_room_01_video_23.npz,181,205,0,0,0,0.0050150626
le2i-blazepose,le2i-blazepose::Coffee_room_01_video_23,data/keypoints_le2i_blazepose/Coffee_room_01_video_23.npz,186,210,0,0,0,0.034530945
le2i-blazepose,le2i-blazepose::Coffee_room_01_video_23,data/keypoints_le2i_blazepose/Coffee_room_01_video_23.npz,191,215,0,0,1,0.9129162
le2i-blazepose,le2i-blazepose::Coffee_room_01_video_23,data/keypoints_le2i_blazepose/Coffee_room_01_video_23.npz,196,220,1,1,1,0.990072
le2i-blazepose,le2i-blazepose::Coffee_room_01_video_23,data/keypoints_le2i_blazepose/Coffee_room_01_video_23.npz,201,225,1,1,1,0.99534214
le2i-blazepose,le2i-blazepose::Coffee_room_01_video_23,data/keypoints_le2i_blazepose/Coffee_room_01_video_23.npz,206,230,1,1,1,0.9972626
le2i-blazepose,le2i-blazepose::Coffee_room_01_video_23,data/keypoints_le2i_blazepose/Coffee_room_01_video_23.npz,211,235,1,1,1,0.99616784
le2i-blazepose,le2i-blazepose::Coffee_room_01_video_23,data/keypoints_le2i_blazepose/Coffee_room_01_video_23.npz,216,240,1,1,0,0.45172232
le2i-blazepose,le2i-blazepose::Coffee_room_01_video_23,data/keypoints_le2i_blazepose/Coffee_room_01_video_23.npz,221,245,1,1,0,0.44450042
le2i-blazepose,le2i-blazepose::Coffee_room_01_video_23,data/keypoints_le2i_blazepose/Coffee_room_01_video_23.npz,226,250,1,1,0,0.43414214
le2i-blazepose,le2i-blazepose::Coffee_room_01_video_23,data/keypoints_le2i_blazepose/Coffee_room_01_video_23.npz,231,255,1,1,0,0.43847048
le2i-blazepose,le2i-blazepose::Coffee_room_01_video_23,data/keypoints_le2i_blazepose/Coffee_room_01_video_23.npz,236,260,1,1,0,0.42145818
le2i-blazepose,le2i-blazepose::Coffee_room_01_video_23,data/keypoints_le2i_blazepose/Coffee_room_01_video_23.npz,241,265,0,0,0,0.5225276
le2i-blazepose,le2i-blazepose::Coffee_room_01_video_23,data/keypoints_le2i_blazepose/Coffee_room_01_video_23.npz,246,270,0,0,0,0.5150436
le2i-blazepose,le2i-blazepose::Coffee_room_01_video_23,data/keypoints_le2i_blazepose/Coffee_room_01_video_23.npz,251,275,0,0,0,0.51067275
le2i-blazepose,le2i-blazepose::Coffee_room_01_video_23,data/keypoints_le2i_blazepose/Coffee_room_01_video_23.npz,256,280,0,0,0,0.5138997
le2i-blazepose,le2i-blazepose::Coffee_room_01_video_23,data/keypoints_le2i_blazepose/Coffee_room_01_video_23.npz,261,285,0,0,0,0.5243053
le2i-blazepose,le2i-blazepose::Coffee_room_01_video_23,data/keypoints_le2i_blazepose/Coffee_room_01_video_23.npz,266,290,0,0,0,0.52635497
le2i-blazepose,le2i-blazepose::Coffee_room_01_video_23,data/keypoints_le2i_blazepose/Coffee_room_01_video_23.npz,271,295,0,0,0,0.529846
le2i-blazepose,le2i-blazepose::Coffee_room_01_video_23,data/keypoints_le2i_blazepose/Coffee_room_01_video_23.npz,276,300,0,0,0,0.5281795
le2i-blazepose,le2i-blazepose::Coffee_room_01_video_23,data/keypoints_le2i_blazepose/Coffee_room_01_video_23.npz,281,305,0,0,0,0.18899569
le2i-blazepose,le2i-blazepose::Coffee_room_01_video_23,data/keypoints_le2i_blazepose/Coffee_room_01_video_23.npz,286,310,0,0,0,0.107128896
le2i-blazepose,le2i-blazepose::Coffee_room_01_video_32,data/keypoints_le2i_blazepose/Coffee_room_01_video_32.npz,1,25,0,0,0,0.0029327131
le2i-blazepose,le2i-blazepose::Coffee_room_01_video_32,data/keypoints_le2i_blazepose/Coffee_room_01_video_32.npz,6,30,0,0,0,0.0036361888
le2i-blazepose,le2i-blazepose::Coffee_room_01_video_32,data/keypoints_le2i_blazepose/Coffee_room_01_video_32.npz,11,35,0,0,0,0.005471028
le2i-blazepose,le2i-blazepose::Coffee_room_01_video_32,data/keypoints_le2i_blazepose/Coffee_room_01_video_32.npz,16,40,0,0,0,0.00873189
le2i-blazepose,le2i-blazepose::Coffee_room_01_video_32,data/keypoints_le2i_blazepose/Coffee_room_01_video_32.npz,21,45,0,0,0,0.004002139
le2i-blazepose,le2i-blazepose::Coffee_room_01_video_32,data/keypoints_le2i_blazepose/Coffee_room_01_video_32.npz,26,50,0,0,0,0.002105554
le2i-blazepose,le2i-blazepose::Coffee_room_01_video_32,data/keypoints_le2i_blazepose/Coffee_room_01_video_32.npz,31,55,0,0,0,0.0014202677
le2i-blazepose,le2i-blazepose::Coffee_room_01_video_32,data/keypoints_le2i_blazepose/Coffee_room_01_video_32.npz,36,60,0,0,0,0.0012060635
le2i-blazepose,le2i-blazepose::Coffee_room_01_video_32,data/keypoints_le2i_blazepose/Coffee_room_01_video_32.npz,41,65,0,0,0,0.0011666084
le2i-blazepose,le2i-blazepose::Coffee_room_01_video_32,data/keypoints_le2i_blazepose/Coffee_room_01_video_32.npz,46,70,0,0,0,0.0011678293
le2i-blazepose,le2i-blazepose::Coffee_room_01_video_32,data/keypoints_le2i_blazepose/Coffee_room_01_video_32.npz,51,75,0,0,0,0.0011863692
le2i-blazepose,le2i-blazepose::Coffee_room_01_video_32,data/keypoints_le2i_blazepose/Coffee_room_01_video_32.npz,56,80,0,0,0,0.0012964433
le2i-blazepose,le2i-blazepose::Coffee_room_01_video_32,data/keypoints_le2i_blazepose/Coffee_room_01_video_32.npz,61,85,0,0,0,0.0013803013
le2i-blazepose,le2i-blazepose::Coffee_room_01_video_32,data/keypoints_le2i_blazepose/Coffee_room_01_video_32.npz,66,90,0,0,0,0.0013579988
le2i-blazepose,le2i-blazepose::Coffee_room_01_video_32,data/keypoints_le2i_blazepose/Coffee_room_01_video_32.npz,71,95,0,0,0,0.0013193811
le2i-blazepose,le2i-blazepose::Coffee_room_01_video_32,data/keypoints_le2i_blazepose/Coffee_room_01_video_32.npz,76,100,0,0,0,0.0013181688
le2i-blazepose,le2i-blazepose::Coffee_room_01_video_32,data/keypoints_le2i_blazepose/Coffee_room_01_video_32.npz,81,105,0,0,0,0.0012258242
le2i-blazepose,le2i-blazepose::Coffee_room_01_video_32,data/keypoints_le2i_blazepose/Coffee_room_01_video_32.npz,86,110,0,0,0,0.001276164
le2i-blazepose,le2i-blazepose::Coffee_room_01_video_32,data/keypoints_le2i_blazepose/Coffee_room_01_video_32.npz,91,115,0,0,0,0.0015329564
le2i-blazepose,le2i-blazepose::Coffee_room_01_video_32,data/keypoints_le2i_blazepose/Coffee_room_01_video_32.npz,96,120,0,0,0,0.0014561991
le2i-blazepose,le2i-blazepose::Coffee_room_01_video_32,data/keypoints_le2i_blazepose/Coffee_room_01_video_32.npz,101,125,0,0,0,0.0011564598
le2i-blazepose,le2i-blazepose::Coffee_room_01_video_32,data/keypoints_le2i_blazepose/Coffee_room_01_video_32.npz,106,130,0,0,0,0.0009729689
le2i-blazepose,le2i-blazepose::Coffee_room_01_video_32,data/keypoints_le2i_blazepose/Coffee_room_01_video_32.npz,111,135,0,0,0,0.00082016224
le2i-blazepose,le2i-blazepose::Coffee_room_01_video_32,data/keypoints_le2i_blazepose/Coffee_room_01_video_32.npz,116,140,0,0,0,0.0007985858
le2i-blazepose,le2i-blazepose::Coffee_room_01_video_32,data/keypoints_le2i_blazepose/Coffee_room_01_video_32.npz,121,145,0,0,0,0.0009712222
le2i-blazepose,le2i-blazepose::Coffee_room_01_video_32,data/keypoints_le2i_blazepose/Coffee_room_01_video_32.npz,126,150,0,0,0,0.0009823187
le2i-blazepose,le2i-blazepose::Coffee_room_01_video_32,data/keypoints_le2i_blazepose/Coffee_room_01_video_32.npz,131,155,0,0,0,0.0009890047
le2i-blazepose,le2i-blazepose::Coffee_room_01_video_32,data/keypoints_le2i_blazepose/Coffee_room_01_video_32.npz,146,170,0,0,0,0.00083551207
le2i-blazepose,le2i-blazepose::Coffee_room_01_video_32,data/keypoints_le2i_blazepose/Coffee_room_01_video_32.npz,151,175,0,0,0,0.0009274734
le2i-blazepose,le2i-blazepose::Coffee_room_01_video_32,data/keypoints_le2i_blazepose/Coffee_room_01_video_32.npz,156,180,0,0,0,0.0010997197
le2i-blazepose,le2i-blazepose::Coffee_room_01_video_32,data/keypoints_le2i_blazepose/Coffee_room_01_video_32.npz,161,185,0,0,0,0.0012621911
le2i-blazepose,le2i-blazepose::Coffee_room_01_video_32,data/keypoints_le2i_blazepose/Coffee_room_01_video_32.npz,166,190,0,0,0,0.0016297416
le2i-blazepose,le2i-blazepose::Coffee_room_01_video_32,data/keypoints_le2i_blazepose/Coffee_room_01_video_32.npz,171,195,0,0,0,0.0019324262
le2i-blazepose,le2i-blazepose::Coffee_room_01_video_32,data/keypoints_le2i_blazepose/Coffee_room_01_video_32.npz,176,200,0,0,0,0.0040829033
le2i-blazepose,le2i-blazepose::Coffee_room_01_video_32,data/keypoints_le2i_blazepose/Coffee_room_01_video_32.npz,181,205,0,0,0,0.02205018
le2i-blazepose,le2i-blazepose::Coffee_room_01_video_32,data/keypoints_le2i_blazepose/Coffee_room_01_video_32.npz,186,210,0,0,0,0.5692932
le2i-blazepose,le2i-blazepose::Coffee_room_01_video_32,data/keypoints_le2i_blazepose/Coffee_room_01_video_32.npz,191,215,1,1,1,0.9925937
le2i-blazepose,le2i-blazepose::Coffee_room_01_video_32,data/keypoints_le2i_blazepose/Coffee_room_01_video_32.npz,196,220,1,1,1,0.9973573
le2i-blazepose,le2i-blazepose::Coffee_room_01_video_32,data/keypoints_le2i_blazepose/Coffee_room_01_video_32.npz,201,225,1,1,1,0.9981504
le2i-blazepose,le2i-blazepose::Coffee_room_01_video_32,data/keypoints_le2i_blazepose/Coffee_room_01_video_32.npz,206,230,1,1,1,0.9985611
le2i-blazepose,le2i-blazepose::Coffee_room_01_video_32,data/keypoints_le2i_blazepose/Coffee_room_01_video_32.npz,211,235,1,1,1,0.99811256
le2i-blazepose,le2i-blazepose::Coffee_room_01_video_32,data/keypoints_le2i_blazepose/Coffee_room_01_video_32.npz,216,240,1,1,1,0.98404366
le2i-blazepose,le2i-blazepose::Coffee_room_01_video_32,data/keypoints_le2i_blazepose/Coffee_room_01_video_32.npz,221,245,1,1,0,0.5562964
le2i-blazepose,le2i-blazepose::Coffee_room_01_video_32,data/keypoints_le2i_blazepose/Coffee_room_01_video_32.npz,226,250,0,0,0,0.5486171
le2i-blazepose,le2i-blazepose::Coffee_room_01_video_32,data/keypoints_le2i_blazepose/Coffee_room_01_video_32.npz,231,255,0,0,0,0.547149
le2i-blazepose,le2i-blazepose::Coffee_room_01_video_32,data/keypoints_le2i_blazepose/Coffee_room_01_video_32.npz,236,260,0,0,0,0.54883945
le2i-blazepose,le2i-blazepose::Coffee_room_01_video_32,data/keypoints_le2i_blazepose/Coffee_room_01_video_32.npz,241,265,0,0,0,0.54661804
le2i-blazepose,le2i-blazepose::Coffee_room_01_video_32,data/keypoints_le2i_blazepose/Coffee_room_01_video_32.npz,246,270,0,0,0,0.5449431
le2i-blazepose,le2i-blazepose::Coffee_room_01_video_32,data/keypoints_le2i_blazepose/Coffee_room_01_video_32.npz,251,275,0,0,0,0.54796547
le2i-blazepose,le2i-blazepose::Coffee_room_01_video_32,data/keypoints_le2i_blazepose/Coffee_room_01_video_32.npz,256,280,0,0,0,0.54937106
le2i-blazepose,le2i-blazepose::Coffee_room_01_video_32,data/keypoints_le2i_blazepose/Coffee_room_01_video_32.npz,261,285,0,0,0,0.5500009
le2i-blazepose,le2i-blazepose::Coffee_room_01_video_32,data/keypoints_le2i_blazepose/Coffee_room_01_video_32.npz,266,290,0,0,0,0.54958665
le2i-blazepose,le2i-blazepose::Coffee_room_01_video_32,data/keypoints_le2i_blazepose/Coffee_room_01_video_32.npz,271,295,0,0,0,0.54952365
le2i-blazepose,le2i-blazepose::Coffee_room_01_video_32,data/keypoints_le2i_blazepose/Coffee_room_01_video_32.npz,276,300,0,0,0,0.549476
le2i-blazepose,le2i-blazepose::Coffee_room_01_video_32,data/keypoints_le2i_blazepose/Coffee_room_01_video_32.npz,281,305,0,0,0,0.55090445
le2i-blazepose,le2i-blazepose::Coffee_room_01_video_33,data/keypoints_le2i_blazepose/Coffee_room_01_video_33.npz,1,25,0,0,0,0.00043455136
le2i-blazepose,le2i-blazepose::Coffee_room_01_video_33,data/keypoints_le2i_blazepose/Coffee_room_01_video_33.npz,6,30,0,0,0,0.00038796864
le2i-blazepose,le2i-blazepose::Coffee_room_01_video_33,data/keypoints_le2i_blazepose/Coffee_room_01_video_33.npz,11,35,0,0,0,0.00044393388
le2i-blazepose,le2i-blazepose::Coffee_room_01_video_33,data/keypoints_le2i_blazepose/Coffee_room_01_video_33.npz,16,40,0,0,0,0.0004612076
le2i-blazepose,le2i-blazepose::Coffee_room_01_video_33,data/keypoints_le2i_blazepose/Coffee_room_01_video_33.npz,21,45,0,0,0,0.0030759647
le2i-blazepose,le2i-blazepose::Coffee_room_01_video_33,data/keypoints_le2i_blazepose/Coffee_room_01_video_33.npz,26,50,0,0,0,0.033974115
le2i-blazepose,le2i-blazepose::Coffee_room_01_video_33,data/keypoints_le2i_blazepose/Coffee_room_01_video_33.npz,31,55,0,0,1,0.8197127
le2i-blazepose,le2i-blazepose::Coffee_room_01_video_33,data/keypoints_le2i_blazepose/Coffee_room_01_video_33.npz,36,60,0,0,0,0.5759892
le2i-blazepose,le2i-blazepose::Coffee_room_01_video_33,data/keypoints_le2i_blazepose/Coffee_room_01_video_33.npz,41,65,0,0,0,0.03027306
le2i-blazepose,le2i-blazepose::Coffee_room_01_video_33,data/keypoints_le2i_blazepose/Coffee_room_01_video_33.npz,46,70,0,0,0,0.020161083
le2i-blazepose,le2i-blazepose::Coffee_room_01_video_33,data/keypoints_le2i_blazepose/Coffee_room_01_video_33.npz,51,75,0,0,0,0.016092127
le2i-blazepose,le2i-blazepose::Coffee_room_01_video_33,data/keypoints_le2i_blazepose/Coffee_room_01_video_33.npz,56,80,0,0,0,0.01418531
le2i-blazepose,le2i-blazepose::Coffee_room_01_video_33,data/keypoints_le2i_blazepose/Coffee_room_01_video_33.npz,61,85,0,0,0,0.023427865
le2i-blazepose,le2i-blazepose::Coffee_room_01_video_33,data/keypoints_le2i_blazepose/Coffee_room_01_video_33.npz,66,90,0,0,0,0.19498233
le2i-blazepose,le2i-blazepose::Coffee_room_01_video_33,data/keypoints_le2i_blazepose/Coffee_room_01_video_33.npz,71,95,1,1,1,0.8378922
le2i-blazepose,le2i-blazepose::Coffee_room_01_video_33,data/keypoints_le2i_blazepose/Coffee_room_01_video_33.npz,76,100,1,1,1,0.9147178
le2i-blazepose,le2i-blazepose::Coffee_room_01_video_33,data/keypoints_le2i_blazepose/Coffee_room_01_video_33.npz,81,105,1,1,1,0.9897301
le2i-blazepose,le2i-blazepose::Coffee_room_01_video_33,data/keypoints_le2i_blazepose/Coffee_room_01_video_33.npz,86,110,1,1,1,0.995978
le2i-blazepose,le2i-blazepose::Coffee_room_01_video_33,data/keypoints_le2i_blazepose/Coffee_room_01_video_33.npz,91,115,1,1,1,0.9970619
le2i-blazepose,le2i-blazepose::Coffee_room_01_video_33,data/keypoints_le2i_blazepose/Coffee_room_01_video_33.npz,96,120,1,1,1,0.9854752
le2i-blazepose,le2i-blazepose::Coffee_room_01_video_33,data/keypoints_le2i_blazepose/Coffee_room_01_video_33.npz,101,125,1,1,0,0.7325885
le2i-blazepose,le2i-blazepose::Coffee_room_01_video_33,data/keypoints_le2i_blazepose/Coffee_room_01_video_33.npz,106,130,1,1,0,0.6166743
le2i-blazepose,le2i-blazepose::Coffee_room_01_video_33,data/keypoints_le2i_blazepose/Coffee_room_01_video_33.npz,111,135,0,0,0,0.08634572
le2i-blazepose,le2i-blazepose::Coffee_room_01_video_33,data/keypoints_le2i_blazepose/Coffee_room_01_video_33.npz,116,140,0,0,0,0.08635187
le2i-blazepose,le2i-blazepose::Coffee_room_01_video_33,data/keypoints_le2i_blazepose/Coffee_room_01_video_33.npz,121,145,0,0,0,0.08635703
le2i-blazepose,le2i-blazepose::Coffee_room_01_video_33,data/keypoints_le2i_blazepose/Coffee_room_01_video_33.npz,126,150,0,0,0,0.08634176
le2i-blazepose,le2i-blazepose::Coffee_room_01_video_33,data/keypoints_le2i_blazepose/Coffee_room_01_video_33.npz,131,155,0,0,0,0.08613586
le2i-blazepose,le2i-blazepose::Coffee_room_01_video_33,data/keypoints_le2i_blazepose/Coffee_room_01_video_33.npz,136,160,0,0,0,0.08567653
le2i-blazepose,le2i-blazepose::Coffee_room_01_video_33,data/keypoints_le2i_blazepose/Coffee_room_01_video_33.npz,141,165,0,0,0,0.08536014
le2i-blazepose,le2i-blazepose::Coffee_room_01_video_33,data/keypoints_le2i_blazepose/Coffee_room_01_video_33.npz,146,170,0,0,0,0.08542272
le2i-blazepose,le2i-blazepose::Coffee_room_01_video_33,data/keypoints_le2i_blazepose/Coffee_room_01_video_33.npz,151,175,0,0,0,0.08565454
le2i-blazepose,le2i-blazepose::Coffee_room_01_video_33,data/keypoints_le2i_blazepose/Coffee_room_01_video_33.npz,156,180,0,0,0,0.08564556
le2i-blazepose,le2i-blazepose::Coffee_room_01_video_33,data/keypoints_le2i_blazepose/Coffee_room_01_video_33.npz,161,185,0,0,0,0.08564878
le2i-blazepose,le2i-blazepose::Coffee_room_01_video_33,data/keypoints_le2i_blazepose/Coffee_room_01_video_33.npz,166,190,0,0,0,0.085707255
le2i-blazepose,le2i-blazepose::Coffee_room_01_video_33,data/keypoints_le2i_blazepose/Coffee_room_01_video_33.npz,171,195,0,0,0,0.08612368
le2i-blazepose,le2i-blazepose::Coffee_room_01_video_33,data/keypoints_le2i_blazepose/Coffee_room_01_video_33.npz,176,200,0,0,0,0.08619158
le2i-blazepose,le2i-blazepose::Coffee_room_01_video_33,data/keypoints_le2i_blazepose/Coffee_room_01_video_33.npz,181,205,0,0,0,0.08606969
le2i-blazepose,le2i-blazepose::Coffee_room_01_video_33,data/keypoints_le2i_blazepose/Coffee_room_01_video_33.npz,186,210,0,0,0,0.085947216
le2i-blazepose,le2i-blazepose::Coffee_room_01_video_33,data/keypoints_le2i_blazepose/Coffee_room_01_video_33.npz,191,215,0,0,0,0.085881956
le2i-blazepose,le2i-blazepose::Coffee_room_01_video_33,data/keypoints_le2i_blazepose/Coffee_room_01_video_33.npz,196,220,0,0,0,0.08567545
le2i-blazepose,le2i-blazepose::Coffee_room_01_video_33,data/keypoints_le2i_blazepose/Coffee_room_01_video_33.npz,201,225,0,0,0,0.0858736
le2i-blazepose,le2i-blazepose::Coffee_room_01_video_39,data/keypoints_le2i_blazepose/Coffee_room_01_video_39.npz,1,25,0,0,0,0.0010102899
le2i-blazepose,le2i-blazepose::Coffee_room_01_video_39,data/keypoints_le2i_blazepose/Coffee_room_01_video_39.npz,6,30,0,0,0,0.0010799463
le2i-blazepose,le2i-blazepose::Coffee_room_01_video_39,data/keypoints_le2i_blazepose/Coffee_room_01_video_39.npz,11,35,0,0,0,0.001103807
le2i-blazepose,le2i-blazepose::Coffee_room_01_video_39,data/keypoints_le2i_blazepose/Coffee_room_01_video_39.npz,16,40,0,0,0,0.0011983704
le2i-blazepose,le2i-blazepose::Coffee_room_01_video_39,data/keypoints_le2i_blazepose/Coffee_room_01_video_39.npz,21,45,0,0,0,0.00078321603
le2i-blazepose,le2i-blazepose::Coffee_room_01_video_39,data/keypoints_le2i_blazepose/Coffee_room_01_video_39.npz,26,50,0,0,0,0.0010729801
le2i-blazepose,le2i-blazepose::Coffee_room_01_video_39,data/keypoints_le2i_blazepose/Coffee_room_01_video_39.npz,31,55,0,0,0,0.021701377
le2i-blazepose,le2i-blazepose::Coffee_room_01_video_39,data/keypoints_le2i_blazepose/Coffee_room_01_video_39.npz,36,60,1,1,0,0.397549
le2i-blazepose,le2i-blazepose::Coffee_room_01_video_39,data/keypoints_le2i_blazepose/Coffee_room_01_video_39.npz,41,65,1,1,1,0.93770975
le2i-blazepose,le2i-blazepose::Coffee_room_01_video_39,data/keypoints_le2i_blazepose/Coffee_room_01_video_39.npz,46,70,1,1,1,0.99670935
le2i-blazepose,le2i-blazepose::Coffee_room_01_video_39,data/keypoints_le2i_blazepose/Coffee_room_01_video_39.npz,51,75,1,1,1,0.99884725
le2i-blazepose,le2i-blazepose::Coffee_room_01_video_39,data/keypoints_le2i_blazepose/Coffee_room_01_video_39.npz,56,80,1,1,1,0.9968086
le2i-blazepose,le2i-blazepose::Coffee_room_01_video_39,data/keypoints_le2i_blazepose/Coffee_room_01_video_39.npz,61,85,1,1,1,0.992262
le2i-blazepose,le2i-blazepose::Coffee_room_01_video_39,data/keypoints_le2i_blazepose/Coffee_room_01_video_39.npz,66,90,1,1,0,0.7429292
le2i-blazepose,le2i-blazepose::Coffee_room_01_video_39,data/keypoints_le2i_blazepose/Coffee_room_01_video_39.npz,71,95,0,0,0,0.5668914
le2i-blazepose,le2i-blazepose::Coffee_room_01_video_39,data/keypoints_le2i_blazepose/Coffee_room_01_video_39.npz,76,100,0,0,0,0.56047946
le2i-blazepose,le2i-blazepose::Coffee_room_01_video_39,data/keypoints_le2i_blazepose/Coffee_room_01_video_39.npz,81,105,0,0,0,0.56048685
le2i-blazepose,le2i-blazepose::Coffee_room_01_video_39,data/keypoints_le2i_blazepose/Coffee_room_01_video_39.npz,86,110,0,0,0,0.561688
le2i-blazepose,le2i-blazepose::Coffee_room_01_video_39,data/keypoints_le2i_blazepose/Coffee_room_01_video_39.npz,91,115,0,0,0,0.5610542
le2i-blazepose,le2i-blazepose::Coffee_room_01_video_39,data/keypoints_le2i_blazepose/Coffee_room_01_video_39.npz,96,120,0,0,0,0.56406254
le2i-blazepose,le2i-blazepose::Coffee_room_01_video_39,data/keypoints_le2i_blazepose/Coffee_room_01_video_39.npz,101,125,0,0,0,0.56646556
le2i-blazepose,le2i-blazepose::Coffee_room_01_video_39,data/keypoints_le2i_blazepose/Coffee_room_01_video_39.npz,106,130,0,0,0,0.5655067
le2i-blazepose,le2i-blazepose::Coffee_room_01_video_39,data/keypoints_le2i_blazepose/Coffee_room_01_video_39.npz,111,135,0,0,0,0.5655412
le2i-blazepose,le2i-blazepose::Coffee_room_01_video_39,data/keypoints_le2i_blazepose/Coffee_room_01_video_39.npz,116,140,0,0,0,0.565233
le2i-blazepose,le2i-blazepose::Coffee_room_01_video_39,data/keypoints_le2i_blazepose/Coffee_room_01_video_39.npz,121,145,0,0,0,0.567176
le2i-blazepose,le2i-blazepose::Coffee_room_01_video_39,data/keypoints_le2i_blazepose/Coffee_room_01_video_39.npz,126,150,0,0,0,0.56553066
le2i-blazepose,le2i-blazepose::Coffee_room_01_video_39,data/keypoints_le2i_blazepose/Coffee_room_01_video_39.npz,131,155,0,0,0,0.56441814
le2i-blazepose,le2i-blazepose::Coffee_room_01_video_45,data/keypoints_le2i_blazepose/Coffee_room_01_video_45.npz,1,25,0,0,0,0.0057479455
le2i-blazepose,le2i-blazepose::Coffee_room_01_video_45,data/keypoints_le2i_blazepose/Coffee_room_01_video_45.npz,6,30,0,0,0,0.0046997126
le2i-blazepose,le2i-blazepose::Coffee_room_01_video_45,data/keypoints_le2i_blazepose/Coffee_room_01_video_45.npz,11,35,0,0,0,0.0038582522
le2i-blazepose,le2i-blazepose::Coffee_room_01_video_45,data/keypoints_le2i_blazepose/Coffee_room_01_video_45.npz,16,40,0,0,0,0.0039012698
le2i-blazepose,le2i-blazepose::Coffee_room_01_video_45,data/keypoints_le2i_blazepose/Coffee_room_01_video_45.npz,21,45,0,0,0,0.0042699594
le2i-blazepose,le2i-blazepose::Coffee_room_01_video_45,data/keypoints_le2i_blazepose/Coffee_room_01_video_45.npz,26,50,0,0,0,0.0051213335
le2i-blazepose,le2i-blazepose::Coffee_room_01_video_45,data/keypoints_le2i_blazepose/Coffee_room_01_video_45.npz,31,55,0,0,0,0.005908234
le2i-blazepose,le2i-blazepose::Coffee_room_01_video_45,data/keypoints_le2i_blazepose/Coffee_room_01_video_45.npz,36,60,0,0,0,0.006021752
le2i-blazepose,le2i-blazepose::Coffee_room_01_video_45,data/keypoints_le2i_blazepose/Coffee_room_01_video_45.npz,41,65,0,0,0,0.0059343
le2i-blazepose,le2i-blazepose::Coffee_room_01_video_45,data/keypoints_le2i_blazepose/Coffee_room_01_video_45.npz,46,70,0,0,0,0.0064263274
le2i-blazepose,le2i-blazepose::Coffee_room_01_video_45,data/keypoints_le2i_blazepose/Coffee_room_01_video_45.npz,51,75,0,0,0,0.006915975
le2i-blazepose,le2i-blazepose::Coffee_room_01_video_45,data/keypoints_le2i_blazepose/Coffee_room_01_video_45.npz,56,80,0,0,0,0.0074874777
le2i-blazepose,le2i-blazepose::Coffee_room_01_video_45,data/keypoints_le2i_blazepose/Coffee_room_01_video_45.npz,61,85,0,0,0,0.010217466
le2i-blazepose,le2i-blazepose::Coffee_room_01_video_45,data/keypoints_le2i_blazepose/Coffee_room_01_video_45.npz,66,90,0,0,0,0.016277906
le2i-blazepose,le2i-blazepose::Coffee_room_01_video_45,data/keypoints_le2i_blazepose/Coffee_room_01_video_45.npz,71,95,0,0,0,0.028770875
le2i-blazepose,le2i-blazepose::Coffee_room_01_video_45,data/keypoints_le2i_blazepose/Coffee_room_01_video_45.npz,76,100,0,0,0,0.11130628
le2i-blazepose,le2i-blazepose::Coffee_room_01_video_45,data/keypoints_le2i_blazepose/Coffee_room_01_video_45.npz,81,105,0,0,0,0.5871738
le2i-blazepose,le2i-blazepose::Coffee_room_01_video_45,data/keypoints_le2i_blazepose/Coffee_room_01_video_45.npz,86,110,1,1,1,0.88570035
le2i-blazepose,le2i-blazepose::Coffee_room_01_video_45,data/keypoints_le2i_blazepose/Coffee_room_01_video_45.npz,91,115,1,1,1,0.97622323
le2i-blazepose,le2i-blazepose::Coffee_room_01_video_45,data/keypoints_le2i_blazepose/Coffee_room_01_video_45.npz,96,120,1,1,1,0.98763883
le2i-blazepose,le2i-blazepose::Coffee_room_01_video_45,data/keypoints_le2i_blazepose/Coffee_room_01_video_45.npz,101,125,1,1,1,0.97222984
le2i-blazepose,le2i-blazepose::Coffee_room_01_video_45,data/keypoints_le2i_blazepose/Coffee_room_01_video_45.npz,106,130,1,1,1,0.9521568
le2i-blazepose,le2i-blazepose::Coffee_room_01_video_45,data/keypoints_le2i_blazepose/Coffee_room_01_video_45.npz,111,135,1,1,1,0.9486892
le2i-blazepose,le2i-blazepose::Coffee_room_01_video_45,data/keypoints_le2i_blazepose/Coffee_room_01_video_45.npz,116,140,1,1,1,0.9579965
le2i-blazepose,le2i-blazepose::Coffee_room_01_video_45,data/keypoints_le2i_blazepose/Coffee_room_01_video_45.npz,121,145,1,1,1,0.9568345
le2i-blazepose,le2i-blazepose::Coffee_room_01_video_45,data/keypoints_le2i_blazepose/Coffee_room_01_video_45.npz,126,150,0,0,1,0.9537729
le2i-blazepose,le2i-blazepose::Coffee_room_01_video_45,data/keypoints_le2i_blazepose/Coffee_room_01_video_45.npz,131,155,0,0,1,0.9972773
le2i-blazepose,le2i-blazepose::Coffee_room_01_video_45,data/keypoints_le2i_blazepose/Coffee_room_01_video_45.npz,136,160,0,0,1,0.96578795
le2i-blazepose,le2i-blazepose::Coffee_room_01_video_45,data/keypoints_le2i_blazepose/Coffee_room_01_video_45.npz,141,165,0,0,1,0.9656881
le2i-blazepose,le2i-blazepose::Coffee_room_01_video_45,data/keypoints_le2i_blazepose/Coffee_room_01_video_45.npz,146,170,0,0,1,0.9656934
le2i-blazepose,le2i-blazepose::Coffee_room_01_video_45,data/keypoints_le2i_blazepose/Coffee_room_01_video_45.npz,151,175,0,0,1,0.9657588
le2i-blazepose,le2i-blazepose::Coffee_room_01_video_45,data/keypoints_le2i_blazepose/Coffee_room_01_video_45.npz,156,180,0,0,1,0.96581984
le2i-blazepose,le2i-blazepose::Coffee_room_01_video_45,data/keypoints_le2i_blazepose/Coffee_room_01_video_45.npz,161,185,0,0,1,0.979354
le2i-blazepose,le2i-blazepose::Coffee_room_01_video_45,data/keypoints_le2i_blazepose/Coffee_room_01_video_45.npz,166,190,0,0,1,0.97933644
le2i-blazepose,le2i-blazepose::Coffee_room_01_video_45,data/keypoints_le2i_blazepose/Coffee_room_01_video_45.npz,171,195,0,0,1,0.9658214
le2i-blazepose,le2i-blazepose::Coffee_room_01_video_45,data/keypoints_le2i_blazepose/Coffee_room_01_video_45.npz,176,200,0,0,1,0.96589524
le2i-blazepose,le2i-blazepose::Coffee_room_01_video_45,data/keypoints_le2i_blazepose/Coffee_room_01_video_45.npz,181,205,0,0,1,0.9658731
le2i-blazepose,le2i-blazepose::Coffee_room_01_video_45,data/keypoints_le2i_blazepose/Coffee_room_01_video_45.npz,186,210,0,0,1,0.9657787
le2i-blazepose,le2i-blazepose::Coffee_room_01_video_45,data/keypoints_le2i_blazepose/Coffee_room_01_video_45.npz,191,215,0,0,1,0.96578074
le2i-blazepose,le2i-blazepose::Coffee_room_01_video_48,data/keypoints_le2i_blazepose/Coffee_room_01_video_48.npz,1,25,0,0,0,0.0032949473
le2i-blazepose,le2i-blazepose::Coffee_room_01_video_48,data/keypoints_le2i_blazepose/Coffee_room_01_video_48.npz,6,30,0,0,0,0.0032532334
le2i-blazepose,le2i-blazepose::Coffee_room_01_video_48,data/keypoints_le2i_blazepose/Coffee_room_01_video_48.npz,11,35,0,0,0,0.0029041672
le2i-blazepose,le2i-blazepose::Coffee_room_01_video_48,data/keypoints_le2i_blazepose/Coffee_room_01_video_48.npz,16,40,0,0,0,0.0022759768
le2i-blazepose,le2i-blazepose::Coffee_room_01_video_48,data/keypoints_le2i_blazepose/Coffee_room_01_video_48.npz,21,45,0,0,0,0.0024040479
le2i-blazepose,le2i-blazepose::Coffee_room_01_video_48,data/keypoints_le2i_blazepose/Coffee_room_01_video_48.npz,26,50,0,0,0,0.0027292036
le2i-blazepose,le2i-blazepose::Coffee_room_01_video_48,data/keypoints_le2i_blazepose/Coffee_room_01_video_48.npz,31,55,0,0,0,0.010993437
le2i-blazepose,le2i-blazepose::Coffee_room_01_video_48,data/keypoints_le2i_blazepose/Coffee_room_01_video_48.npz,36,60,0,0,0,0.010643128
le2i-blazepose,le2i-blazepose::Coffee_room_01_video_48,data/keypoints_le2i_blazepose/Coffee_room_01_video_48.npz,41,65,0,0,0,0.0076930444
le2i-blazepose,le2i-blazepose::Coffee_room_01_video_48,data/keypoints_le2i_blazepose/Coffee_room_01_video_48.npz,46,70,0,0,0,0.0052415486
le2i-blazepose,le2i-blazepose::Coffee_room_01_video_48,data/keypoints_le2i_blazepose/Coffee_room_01_video_48.npz,51,75,0,0,0,0.0048896777
le2i-blazepose,le2i-blazepose::Coffee_room_01_video_48,data/keypoints_le2i_blazepose/Coffee_room_01_video_48.npz,56,80,0,0,0,0.003932408
le2i-blazepose,le2i-blazepose::Coffee_room_01_video_48,data/keypoints_le2i_blazepose/Coffee_room_01_video_48.npz,61,85,0,0,0,0.0035918101
le2i-blazepose,le2i-blazepose::Coffee_room_01_video_48,data/keypoints_le2i_blazepose/Coffee_room_01_video_48.npz,66,90,0,0,0,0.0037004254
le2i-blazepose,le2i-blazepose::Coffee_room_01_video_48,data/keypoints_le2i_blazepose/Coffee_room_01_video_48.npz,71,95,0,0,0,0.0035878837
le2i-blazepose,le2i-blazepose::Coffee_room_01_video_48,data/keypoints_le2i_blazepose/Coffee_room_01_video_48.npz,76,100,0,0,0,0.0030436898
le2i-blazepose,le2i-blazepose::Coffee_room_01_video_48,data/keypoints_le2i_blazepose/Coffee_room_01_video_48.npz,81,105,0,0,0,0.0025054691
le2i-blazepose,le2i-blazepose::Coffee_room_01_video_48,data/keypoints_le2i_blazepose/Coffee_room_01_video_48.npz,86,110,0,0,0,0.002101252
le2i-blazepose,le2i-blazepose::Coffee_room_01_video_48,data/keypoints_le2i_blazepose/Coffee_room_01_video_48.npz,91,115,0,0,0,0.0010418141
le2i-blazepose,le2i-blazepose::Coffee_room_01_video_48,data/keypoints_le2i_blazepose/Coffee_room_01_video_48.npz,96,120,0,0,0,0.0009385612
le2i-blazepose,le2i-blazepose::Coffee_room_01_video_48,data/keypoints_le2i_blazepose/Coffee_room_01_video_48.npz,101,125,0,0,0,0.00089953386
le2i-blazepose,le2i-blazepose::Coffee_room_01_video_48,data/keypoints_le2i_blazepose/Coffee_room_01_video_48.npz,106,130,0,0,0,0.00089007325
le2i-blazepose,le2i-blazepose::Coffee_room_01_video_48,data/keypoints_le2i_blazepose/Coffee_room_01_video_48.npz,111,135,0,0,0,0.00088388263
le2i-blazepose,le2i-blazepose::Coffee_room_01_video_48,data/keypoints_le2i_blazepose/Coffee_room_01_video_48.npz,116,140,0,0,0,0.00088896754
le2i-blazepose,le2i-blazepose::Coffee_room_01_video_48,data/keypoints_le2i_blazepose/Coffee_room_01_video_48.npz,121,145,0,0,0,0.0009026076
le2i-blazepose,le2i-blazepose::Coffee_room_01_video_48,data/keypoints_le2i_blazepose/Coffee_room_01_video_48.npz,126,150,0,0,0,0.0009034124
le2i-blazepose,le2i-blazepose::Coffee_room_01_video_48,data/keypoints_le2i_blazepose/Coffee_room_01_video_48.npz,131,155,0,0,0,0.00090870826
le2i-blazepose,le2i-blazepose::Coffee_room_01_video_48,data/keypoints_le2i_blazepose/Coffee_room_01_video_48.npz,136,160,0,0,0,0.0009158852
le2i-blazepose,le2i-blazepose::Coffee_room_01_video_48,data/keypoints_le2i_blazepose/Coffee_room_01_video_48.npz,141,165,0,0,0,0.00092150614
le2i-blazepose,le2i-blazepose::Coffee_room_01_video_48,data/keypoints_le2i_blazepose/Coffee_room_01_video_48.npz,146,170,0,0,0,0.0009199801
le2i-blazepose,le2i-blazepose::Coffee_room_01_video_48,data/keypoints_le2i_blazepose/Coffee_room_01_video_48.npz,151,175,0,0,0,0.00092477497
le2i-blazepose,le2i-blazepose::Coffee_room_01_video_48,data/keypoints_le2i_blazepose/Coffee_room_01_video_48.npz,156,180,0,0,0,0.00091724837
le2i-blazepose,le2i-blazepose::Coffee_room_01_video_48,data/keypoints_le2i_blazepose/Coffee_room_01_video_48.npz,161,185,0,0,0,0.0009132596
le2i-blazepose,le2i-blazepose::Coffee_room_01_video_48,data/keypoints_le2i_blazepose/Coffee_room_01_video_48.npz,166,190,0,0,0,0.0009183153
le2i-blazepose,le2i-blazepose::Coffee_room_01_video_48,data/keypoints_le2i_blazepose/Coffee_room_01_video_48.npz,171,195,0,0,0,0.000914822
le2i-blazepose,le2i-blazepose::Coffee_room_01_video_48,data/keypoints_le2i_blazepose/Coffee_room_01_video_48.npz,176,200,0,0,0,0.0008988981
le2i-blazepose,le2i-blazepose::Coffee_room_01_video_48,data/keypoints_le2i_blazepose/Coffee_room_01_video_48.npz,181,205,0,0,0,0.00090049516
le2i-blazepose,le2i-blazepose::Coffee_room_01_video_48,data/keypoints_le2i_blazepose/Coffee_room_01_video_48.npz,186,210,0,0,0,0.000946801
le2i-blazepose,le2i-blazepose::Coffee_room_01_video_48,data/keypoints_le2i_blazepose/Coffee_room_01_video_48.npz,191,215,0,0,0,0.0010375325
le2i-blazepose,le2i-blazepose::Coffee_room_01_video_48,data/keypoints_le2i_blazepose/Coffee_room_01_video_48.npz,196,220,0,0,0,0.0012646219
le2i-blazepose,le2i-blazepose::Coffee_room_01_video_48,data/keypoints_le2i_blazepose/Coffee_room_01_video_48.npz,201,225,0,0,0,0.0019403335
le2i-blazepose,le2i-blazepose::Coffee_room_01_video_48,data/keypoints_le2i_blazepose/Coffee_room_01_video_48.npz,206,230,0,0,0,0.0033240574
le2i-blazepose,le2i-blazepose::Coffee_room_01_video_48,data/keypoints_le2i_blazepose/Coffee_room_01_video_48.npz,211,235,0,0,0,0.005379251
le2i-blazepose,le2i-blazepose::Coffee_room_01_video_48,data/keypoints_le2i_blazepose/Coffee_room_01_video_48.npz,216,240,0,0,0,0.0049030464
le2i-blazepose,le2i-blazepose::Coffee_room_01_video_48,data/keypoints_le2i_blazepose/Coffee_room_01_video_48.npz,221,245,0,0,0,0.0041761757
le2i-blazepose,le2i-blazepose::Coffee_room_01_video_48,data/keypoints_le2i_blazepose/Coffee_room_01_video_48.npz,226,250,0,0,0,0.003621565
le2i-blazepose,le2i-blazepose::Coffee_room_01_video_48,data/keypoints_le2i_blazepose/Coffee_room_01_video_48.npz,231,255,0,0,0,0.0034094185
le2i-blazepose,le2i-blazepose::Coffee_room_01_video_48,data/keypoints_le2i_blazepose/Coffee_room_01_video_48.npz,236,260,0,0,0,0.003351355
le2i-blazepose,le2i-blazepose::Coffee_room_01_video_48,data/keypoints_le2i_blazepose/Coffee_room_01_video_48.npz,241,265,0,0,0,0.0033672317
le2i-blazepose,le2i-blazepose::Coffee_room_01_video_48,data/keypoints_le2i_blazepose/Coffee_room_01_video_48.npz,246,270,0,0,0,0.003466308
le2i-blazepose,le2i-blazepose::Coffee_room_01_video_48,data/keypoints_le2i_blazepose/Coffee_room_01_video_48.npz,251,275,0,0,0,0.0034699698
le2i-blazepose,le2i-blazepose::Coffee_room_01_video_48,data/keypoints_le2i_blazepose/Coffee_room_01_video_48.npz,256,280,0,0,0,0.0034552435
le2i-blazepose,le2i-blazepose::Coffee_room_01_video_48,data/keypoints_le2i_blazepose/Coffee_room_01_video_48.npz,261,285,0,0,0,0.0035065543
le2i-blazepose,le2i-blazepose::Coffee_room_01_video_48,data/keypoints_le2i_blazepose/Coffee_room_01_video_48.npz,266,290,0,0,0,0.0035133995
le2i-blazepose,le2i-blazepose::Coffee_room_01_video_48,data/keypoints_le2i_blazepose/Coffee_room_01_video_48.npz,271,295,0,0,0,0.0035004234
le2i-blazepose,le2i-blazepose::Coffee_room_01_video_48,data/keypoints_le2i_blazepose/Coffee_room_01_video_48.npz,276,300,0,0,0,0.0035121373
le2i-blazepose,le2i-blazepose::Coffee_room_01_video_48,data/keypoints_le2i_blazepose/Coffee_room_01_video_48.npz,281,305,0,0,0,0.0035309822
le2i-blazepose,le2i-blazepose::Coffee_room_01_video_48,data/keypoints_le2i_blazepose/Coffee_room_01_video_48.npz,286,310,0,0,0,0.0035508517
le2i-blazepose,le2i-blazepose::Coffee_room_01_video_48,data/keypoints_le2i_blazepose/Coffee_room_01_video_48.npz,291,315,0,0,0,0.003572944
le2i-blazepose,le2i-blazepose::Coffee_room_01_video_48,data/keypoints_le2i_blazepose/Coffee_room_01_video_48.npz,296,320,0,0,0,0.0035560792
le2i-blazepose,le2i-blazepose::Coffee_room_01_video_48,data/keypoints_le2i_blazepose/Coffee_room_01_video_48.npz,301,325,0,0,0,0.0035358712
le2i-blazepose,le2i-blazepose::Coffee_room_01_video_48,data/keypoints_le2i_blazepose/Coffee_room_01_video_48.npz,306,330,0,0,0,0.0035446046
le2i-blazepose,le2i-blazepose::Coffee_room_01_video_48,data/keypoints_le2i_blazepose/Coffee_room_01_video_48.npz,311,335,0,0,0,0.0035568194
le2i-blazepose,le2i-blazepose::Coffee_room_01_video_48,data/keypoints_le2i_blazepose/Coffee_room_01_video_48.npz,316,340,0,0,0,0.0035579603
le2i-blazepose,le2i-blazepose::Coffee_room_01_video_48,data/keypoints_le2i_blazepose/Coffee_room_01_video_48.npz,321,345,0,0,0,0.0035191267
le2i-blazepose,le2i-blazepose::Coffee_room_01_video_48,data/keypoints_le2i_blazepose/Coffee_room_01_video_48.npz,326,350,0,0,0,0.003524609
le2i-blazepose,le2i-blazepose::Coffee_room_01_video_48,data/keypoints_le2i_blazepose/Coffee_room_01_video_48.npz,331,355,0,0,0,0.0035846482
le2i-blazepose,le2i-blazepose::Coffee_room_01_video_48,data/keypoints_le2i_blazepose/Coffee_room_01_video_48.npz,336,360,0,0,0,0.0036732664
le2i-blazepose,le2i-blazepose::Coffee_room_01_video_48,data/keypoints_le2i_blazepose/Coffee_room_01_video_48.npz,341,365,0,0,0,0.003828784
le2i-blazepose,le2i-blazepose::Coffee_room_01_video_48,data/keypoints_le2i_blazepose/Coffee_room_01_video_48.npz,346,370,0,0,0,0.005184271
le2i-blazepose,le2i-blazepose::Coffee_room_01_video_48,data/keypoints_le2i_blazepose/Coffee_room_01_video_48.npz,351,375,0,0,0,0.006767418
le2i-blazepose,le2i-blazepose::Coffee_room_01_video_48,data/keypoints_le2i_blazepose/Coffee_room_01_video_48.npz,356,380,0,0,0,0.0054780385
le2i-blazepose,le2i-blazepose::Coffee_room_01_video_48,data/keypoints_le2i_blazepose/Coffee_room_01_video_48.npz,361,385,0,0,0,0.0030615039
le2i-blazepose,le2i-blazepose::Coffee_room_01_video_48,data/keypoints_le2i_blazepose/Coffee_room_01_video_48.npz,366,390,0,0,0,0.0015047659
le2i-blazepose,le2i-blazepose::Coffee_room_01_video_48,data/keypoints_le2i_blazepose/Coffee_room_01_video_48.npz,371,395,0,0,0,0.0009806467
le2i-blazepose,le2i-blazepose::Coffee_room_01_video_48,data/keypoints_le2i_blazepose/Coffee_room_01_video_48.npz,376,400,0,0,0,0.00090976997
le2i-blazepose,le2i-blazepose::Coffee_room_01_video_48,data/keypoints_le2i_blazepose/Coffee_room_01_video_48.npz,381,405,0,0,0,0.00092774024
le2i-blazepose,le2i-blazepose::Coffee_room_01_video_48,data/keypoints_le2i_blazepose/Coffee_room_01_video_48.npz,386,410,0,0,0,0.0009142678
le2i-blazepose,le2i-blazepose::Coffee_room_01_video_48,data/keypoints_le2i_blazepose/Coffee_room_01_video_48.npz,391,415,0,0,0,0.00091435714
le2i-blazepose,le2i-blazepose::Coffee_room_01_video_48,data/keypoints_le2i_blazepose/Coffee_room_01_video_48.npz,396,420,0,0,0,0.00096961844
le2i-blazepose,le2i-blazepose::Coffee_room_01_video_48,data/keypoints_le2i_blazepose/Coffee_room_01_video_48.npz,401,425,0,0,0,0.0010774061
le2i-blazepose,le2i-blazepose::Coffee_room_01_video_48,data/keypoints_le2i_blazepose/Coffee_room_01_video_48.npz,406,430,0,0,0,0.0012090311
le2i-blazepose,le2i-blazepose::Coffee_room_01_video_48,data/keypoints_le2i_blazepose/Coffee_room_01_video_48.npz,411,435,0,0,0,0.0013149838
le2i-blazepose,le2i-blazepose::Coffee_room_01_video_48,data/keypoints_le2i_blazepose/Coffee_room_01_video_48.npz,416,440,0,0,0,0.001437552
le2i-blazepose,le2i-blazepose::Coffee_room_01_video_48,data/keypoints_le2i_blazepose/Coffee_room_01_video_48.npz,421,445,0,0,0,0.0015996143
le2i-blazepose,le2i-blazepose::Coffee_room_01_video_48,data/keypoints_le2i_blazepose/Coffee_room_01_video_48.npz,426,450,0,0,0,0.001867783
le2i-blazepose,le2i-blazepose::Coffee_room_01_video_48,data/keypoints_le2i_blazepose/Coffee_room_01_video_48.npz,431,455,0,0,0,0.0021502995
le2i-blazepose,le2i-blazepose::Coffee_room_01_video_48,data/keypoints_le2i_blazepose/Coffee_room_01_video_48.npz,436,460,0,0,0,0.0024437937
le2i-blazepose,le2i-blazepose::Coffee_room_01_video_48,data/keypoints_le2i_blazepose/Coffee_room_01_video_48.npz,441,465,0,0,0,0.002918535
le2i-blazepose,le2i-blazepose::Coffee_room_01_video_48,data/keypoints_le2i_blazepose/Coffee_room_01_video_48.npz,446,470,0,0,0,0.0031472177
le2i-blazepose,le2i-blazepose::Coffee_room_01_video_48,data/keypoints_le2i_blazepose/Coffee_room_01_video_48.npz,451,475,0,0,0,0.0030139047
le2i-blazepose,le2i-blazepose::Coffee_room_01_video_48,data/keypoints_le2i_blazepose/Coffee_room_01_video_48.npz,456,480,0,0,0,0.0038165855
le2i-blazepose,le2i-blazepose::Coffee_room_01_video_48,data/keypoints_le2i_blazepose/Coffee_room_01_video_48.npz,461,485,0,0,0,0.00455893
le2i-blazepose,le2i-blazepose::Coffee_room_01_video_48,data/keypoints_le2i_blazepose/Coffee_room_01_video_48.npz,466,490,0,0,0,0.0057877675
le2i-blazepose,le2i-blazepose::Coffee_room_01_video_48,data/keypoints_le2i_blazepose/Coffee_room_01_video_48.npz,471,495,0,0,0,0.007290976
le2i-blazepose,le2i-blazepose::Coffee_room_01_video_48,data/keypoints_le2i_blazepose/Coffee_room_01_video_48.npz,476,500,0,0,0,0.009135102
le2i-blazepose,le2i-blazepose::Coffee_room_01_video_48,data/keypoints_le2i_blazepose/Coffee_room_01_video_48.npz,481,505,0,0,0,0.012065983
le2i-blazepose,le2i-blazepose::Coffee_room_01_video_48,data/keypoints_le2i_blazepose/Coffee_room_01_video_48.npz,486,510,0,0,0,0.014363605
le2i-blazepose,le2i-blazepose::Coffee_room_01_video_48,data/keypoints_le2i_blazepose/Coffee_room_01_video_48.npz,491,515,0,0,0,0.014422257
le2i-blazepose,le2i-blazepose::Coffee_room_01_video_48,data/keypoints_le2i_blazepose/Coffee_room_01_video_48.npz,496,520,0,0,0,0.009695301
le2i-blazepose,le2i-blazepose::Coffee_room_01_video_48,data/keypoints_le2i_blazepose/Coffee_room_01_video_48.npz,501,525,0,0,0,0.008887326
le2i-blazepose,le2i-blazepose::Coffee_room_01_video_48,data/keypoints_le2i_blazepose/Coffee_room_01_video_48.npz,506,530,0,0,0,0.009018251
le2i-blazepose,le2i-blazepose::Coffee_room_01_video_48,data/keypoints_le2i_blazepose/Coffee_room_01_video_48.npz,511,535,0,0,0,0.009343462
le2i-blazepose,le2i-blazepose::Coffee_room_01_video_48,data/keypoints_le2i_blazepose/Coffee_room_01_video_48.npz,516,540,0,0,0,0.0059411037
le2i-blazepose,le2i-blazepose::Coffee_room_01_video_48,data/keypoints_le2i_blazepose/Coffee_room_01_video_48.npz,521,545,0,0,0,0.0060169697
le2i-blazepose,le2i-blazepose::Coffee_room_01_video_48,data/keypoints_le2i_blazepose/Coffee_room_01_video_48.npz,526,550,0,0,0,0.004875487
le2i-blazepose,le2i-blazepose::Coffee_room_01_video_48,data/keypoints_le2i_blazepose/Coffee_room_01_video_48.npz,531,555,0,0,0,0.0029172804
le2i-blazepose,le2i-blazepose::Coffee_room_01_video_48,data/keypoints_le2i_blazepose/Coffee_room_01_video_48.npz,536,560,0,0,0,0.00247478
le2i-blazepose,le2i-blazepose::Coffee_room_01_video_48,data/keypoints_le2i_blazepose/Coffee_room_01_video_48.npz,541,565,0,0,0,0.002479678
le2i-blazepose,le2i-blazepose::Coffee_room_01_video_48,data/keypoints_le2i_blazepose/Coffee_room_01_video_48.npz,546,570,0,0,0,0.0025479961
le2i-blazepose,le2i-blazepose::Coffee_room_01_video_48,data/keypoints_le2i_blazepose/Coffee_room_01_video_48.npz,551,575,0,0,0,0.0025716103
le2i-blazepose,le2i-blazepose::Coffee_room_01_video_48,data/keypoints_le2i_blazepose/Coffee_room_01_video_48.npz,556,580,0,0,0,0.002571641
le2i-blazepose,le2i-blazepose::Coffee_room_01_video_48,data/keypoints_le2i_blazepose/Coffee_room_01_video_48.npz,561,585,0,0,0,0.0026981966
le2i-blazepose,le2i-blazepose::Coffee_room_01_video_48,data/keypoints_le2i_blazepose/Coffee_room_01_video_48.npz,566,590,0,0,0,0.003653516
le2i-blazepose,le2i-blazepose::Coffee_room_01_video_48,data/keypoints_le2i_blazepose/Coffee_room_01_video_48.npz,571,595,0,0,0,0.0069930353
le2i-blazepose,le2i-blazepose::Coffee_room_01_video_48,data/keypoints_le2i_blazepose/Coffee_room_01_video_48.npz,576,600,0,0,0,0.0079743685
le2i-blazepose,le2i-blazepose::Coffee_room_01_video_48,data/keypoints_le2i_blazepose/Coffee_room_01_video_48.npz,581,605,0,0,0,0.0071924943
le2i-blazepose,le2i-blazepose::Coffee_room_01_video_48,data/keypoints_le2i_blazepose/Coffee_room_01_video_48.npz,586,610,0,0,0,0.005849744
le2i-blazepose,le2i-blazepose::Coffee_room_01_video_48,data/keypoints_le2i_blazepose/Coffee_room_01_video_48.npz,591,615,0,0,0,0.005676345
le2i-blazepose,le2i-blazepose::Coffee_room_01_video_48,data/keypoints_le2i_blazepose/Coffee_room_01_video_48.npz,596,620,0,0,0,0.010595404
le2i-blazepose,le2i-blazepose::Coffee_room_01_video_48,data/keypoints_le2i_blazepose/Coffee_room_01_video_48.npz,601,625,0,0,0,0.012088701
le2i-blazepose,le2i-blazepose::Coffee_room_01_video_48,data/keypoints_le2i_blazepose/Coffee_room_01_video_48.npz,606,630,0,0,0,0.012727021
le2i-blazepose,le2i-blazepose::Coffee_room_01_video_48,data/keypoints_le2i_blazepose/Coffee_room_01_video_48.npz,611,635,0,0,0,0.013008149
le2i-blazepose,le2i-blazepose::Coffee_room_01_video_48,data/keypoints_le2i_blazepose/Coffee_room_01_video_48.npz,616,640,0,0,0,0.013026461
le2i-blazepose,le2i-blazepose::Coffee_room_01_video_48,data/keypoints_le2i_blazepose/Coffee_room_01_video_48.npz,621,645,0,0,0,0.014671221
le2i-blazepose,le2i-blazepose::Coffee_room_01_video_48,data/keypoints_le2i_blazepose/Coffee_room_01_video_48.npz,626,650,0,0,0,0.021703886
le2i-blazepose,le2i-blazepose::Coffee_room_01_video_48,data/keypoints_le2i_blazepose/Coffee_room_01_video_48.npz,631,655,0,0,0,0.085268885
le2i-blazepose,le2i-blazepose::Coffee_room_01_video_48,data/keypoints_le2i_blazepose/Coffee_room_01_video_48.npz,636,660,0,0,0,0.588132
le2i-blazepose,le2i-blazepose::Coffee_room_01_video_48,data/keypoints_le2i_blazepose/Coffee_room_01_video_48.npz,641,665,1,1,1,0.9191574
le2i-blazepose,le2i-blazepose::Coffee_room_01_video_48,data/keypoints_le2i_blazepose/Coffee_room_01_video_48.npz,646,670,1,1,1,0.984829
le2i-blazepose,le2i-blazepose::Coffee_room_01_video_48,data/keypoints_le2i_blazepose/Coffee_room_01_video_48.npz,651,675,1,1,1,0.99597496
le2i-blazepose,le2i-blazepose::Coffee_room_01_video_48,data/keypoints_le2i_blazepose/Coffee_room_01_video_48.npz,656,680,1,1,1,0.9963277
le2i-blazepose,le2i-blazepose::Coffee_room_01_video_48,data/keypoints_le2i_blazepose/Coffee_room_01_video_48.npz,661,685,1,1,1,0.9880206
le2i-blazepose,le2i-blazepose::Coffee_room_01_video_48,data/keypoints_le2i_blazepose/Coffee_room_01_video_48.npz,666,690,1,1,0,0.5926789
le2i-blazepose,le2i-blazepose::Coffee_room_01_video_48,data/keypoints_le2i_blazepose/Coffee_room_01_video_48.npz,671,695,1,1,1,0.9824933
le2i-blazepose,le2i-blazepose::Coffee_room_01_video_48,data/keypoints_le2i_blazepose/Coffee_room_01_video_48.npz,676,700,1,1,1,0.9830998
le2i-blazepose,le2i-blazepose::Coffee_room_01_video_48,data/keypoints_le2i_blazepose/Coffee_room_01_video_48.npz,681,705,0,0,1,0.98039675
le2i-blazepose,le2i-blazepose::Coffee_room_01_video_48,data/keypoints_le2i_blazepose/Coffee_room_01_video_48.npz,686,710,0,0,1,0.9768585
le2i-blazepose,le2i-blazepose::Coffee_room_01_video_48,data/keypoints_le2i_blazepose/Coffee_room_01_video_48.npz,691,715,0,0,1,0.9765173
le2i-blazepose,le2i-blazepose::Coffee_room_01_video_48,data/keypoints_le2i_blazepose/Coffee_room_01_video_48.npz,696,720,0,0,1,0.9764972
le2i-blazepose,le2i-blazepose::Coffee_room_01_video_48,data/keypoints_le2i_blazepose/Coffee_room_01_video_48.npz,701,725,0,0,1,0.97656167
le2i-blazepose,le2i-blazepose::Coffee_room_01_video_48,data/keypoints_le2i_blazepose/Coffee_room_01_video_48.npz,706,730,0,0,1,0.97655255
le2i-blazepose,le2i-blazepose::Coffee_room_01_video_48,data/keypoints_le2i_blazepose/Coffee_room_01_video_48.npz,711,735,0,0,1,0.9765464
le2i-blazepose,le2i-blazepose::Coffee_room_01_video_48,data/keypoints_le2i_blazepose/Coffee_room_01_video_48.npz,716,740,0,0,1,0.9764531
le2i-blazepose,le2i-blazepose::Coffee_room_01_video_48,data/keypoints_le2i_blazepose/Coffee_room_01_video_48.npz,721,745,0,0,1,0.9764573
le2i-blazepose,le2i-blazepose::Coffee_room_01_video_48,data/keypoints_le2i_blazepose/Coffee_room_01_video_48.npz,726,750,0,0,1,0.9763347
le2i-blazepose,le2i-blazepose::Coffee_room_01_video_48,data/keypoints_le2i_blazepose/Coffee_room_01_video_48.npz,731,755,0,0,1,0.9763581
le2i-blazepose,le2i-blazepose::Coffee_room_01_video_48,data/keypoints_le2i_blazepose/Coffee_room_01_video_48.npz,736,760,0,0,1,0.976266
le2i-blazepose,le2i-blazepose::Coffee_room_01_video_48,data/keypoints_le2i_blazepose/Coffee_room_01_video_48.npz,741,765,0,0,1,0.9763614
le2i-blazepose,le2i-blazepose::Coffee_room_01_video_48,data/keypoints_le2i_blazepose/Coffee_room_01_video_48.npz,746,770,0,0,1,0.97642505
le2i-blazepose,le2i-blazepose::Coffee_room_01_video_48,data/keypoints_le2i_blazepose/Coffee_room_01_video_48.npz,751,775,0,0,1,0.9763184
le2i-blazepose,le2i-blazepose::Coffee_room_01_video_9,data/keypoints_le2i_blazepose/Coffee_room_01_video_9.npz,1,25,0,0,0,0.0032702114
le2i-blazepose,le2i-blazepose::Coffee_room_01_video_9,data/keypoints_le2i_blazepose/Coffee_room_01_video_9.npz,6,30,0,0,0,0.003370456
le2i-blazepose,le2i-blazepose::Coffee_room_01_video_9,data/keypoints_le2i_blazepose/Coffee_room_01_video_9.npz,11,35,0,0,0,0.0031820238
le2i-blazepose,le2i-blazepose::Coffee_room_01_video_9,data/keypoints_le2i_blazepose/Coffee_room_01_video_9.npz,16,40,0,0,0,0.002722848
le2i-blazepose,le2i-blazepose::Coffee_room_01_video_9,data/keypoints_le2i_blazepose/Coffee_room_01_video_9.npz,21,45,0,0,0,0.0025767058
le2i-blazepose,le2i-blazepose::Coffee_room_01_video_9,data/keypoints_le2i_blazepose/Coffee_room_01_video_9.npz,26,50,0,0,0,0.007904792
le2i-blazepose,le2i-blazepose::Coffee_room_01_video_9,data/keypoints_le2i_blazepose/Coffee_room_01_video_9.npz,31,55,0,0,0,0.008887823
le2i-blazepose,le2i-blazepose::Coffee_room_01_video_9,data/keypoints_le2i_blazepose/Coffee_room_01_video_9.npz,36,60,0,0,0,0.008749154
le2i-blazepose,le2i-blazepose::Coffee_room_01_video_9,data/keypoints_le2i_blazepose/Coffee_room_01_video_9.npz,41,65,0,0,0,0.009596628
le2i-blazepose,le2i-blazepose::Coffee_room_01_video_9,data/keypoints_le2i_blazepose/Coffee_room_01_video_9.npz,46,70,0,0,0,0.0065596392
le2i-blazepose,le2i-blazepose::Coffee_room_01_video_9,data/keypoints_le2i_blazepose/Coffee_room_01_video_9.npz,51,75,0,0,0,0.009624593
le2i-blazepose,le2i-blazepose::Coffee_room_01_video_9,data/keypoints_le2i_blazepose/Coffee_room_01_video_9.npz,56,80,0,0,0,0.012679334
le2i-blazepose,le2i-blazepose::Coffee_room_01_video_9,data/keypoints_le2i_blazepose/Coffee_room_01_video_9.npz,61,85,0,0,0,0.014375167
le2i-blazepose,le2i-blazepose::Coffee_room_01_video_9,data/keypoints_le2i_blazepose/Coffee_room_01_video_9.npz,66,90,0,0,0,0.030751275
le2i-blazepose,le2i-blazepose::Coffee_room_01_video_9,data/keypoints_le2i_blazepose/Coffee_room_01_video_9.npz,71,95,0,0,0,0.5908532
le2i-blazepose,le2i-blazepose::Coffee_room_01_video_9,data/keypoints_le2i_blazepose/Coffee_room_01_video_9.npz,76,100,1,1,1,0.95004493
le2i-blazepose,le2i-blazepose::Coffee_room_01_video_9,data/keypoints_le2i_blazepose/Coffee_room_01_video_9.npz,81,105,1,1,1,0.99781704
le2i-blazepose,le2i-blazepose::Coffee_room_01_video_9,data/keypoints_le2i_blazepose/Coffee_room_01_video_9.npz,86,110,1,1,1,0.9987534
le2i-blazepose,le2i-blazepose::Coffee_room_01_video_9,data/keypoints_le2i_blazepose/Coffee_room_01_video_9.npz,91,115,1,1,1,0.99870217
le2i-blazepose,le2i-blazepose::Coffee_room_01_video_9,data/keypoints_le2i_blazepose/Coffee_room_01_video_9.npz,96,120,1,1,1,0.99618226
le2i-blazepose,le2i-blazepose::Coffee_room_01_video_9,data/keypoints_le2i_blazepose/Coffee_room_01_video_9.npz,101,125,1,1,1,0.9860199
le2i-blazepose,le2i-blazepose::Coffee_room_01_video_9,data/keypoints_le2i_blazepose/Coffee_room_01_video_9.npz,106,130,1,1,1,0.98521626
le2i-blazepose,le2i-blazepose::Coffee_room_01_video_9,data/keypoints_le2i_blazepose/Coffee_room_01_video_9.npz,111,135,1,1,1,0.9848141
le2i-blazepose,le2i-blazepose::Coffee_room_01_video_9,data/keypoints_le2i_blazepose/Coffee_room_01_video_9.npz,116,140,1,1,0,0.22985166
le2i-blazepose,le2i-blazepose::Coffee_room_01_video_9,data/keypoints_le2i_blazepose/Coffee_room_01_video_9.npz,121,145,0,0,0,0.007269543
le2i-blazepose,le2i-blazepose::Coffee_room_01_video_9,data/keypoints_le2i_blazepose/Coffee_room_01_video_9.npz,126,150,0,0,0,0.0072366
le2i-blazepose,le2i-blazepose::Coffee_room_01_video_9,data/keypoints_le2i_blazepose/Coffee_room_01_video_9.npz,131,155,0,0,0,0.0073135262
le2i-blazepose,le2i-blazepose::Coffee_room_01_video_9,data/keypoints_le2i_blazepose/Coffee_room_01_video_9.npz,136,160,0,0,0,0.007318229
le2i-blazepose,le2i-blazepose::Coffee_room_01_video_9,data/keypoints_le2i_blazepose/Coffee_room_01_video_9.npz,141,165,0,0,0,0.007327671
le2i-blazepose,le2i-blazepose::Coffee_room_01_video_9,data/keypoints_le2i_blazepose/Coffee_room_01_video_9.npz,146,170,0,0,0,0.007316013
le2i-blazepose,le2i-blazepose::Coffee_room_01_video_9,data/keypoints_le2i_blazepose/Coffee_room_01_video_9.npz,151,175,0,0,0,0.0072976016
le2i-blazepose,le2i-blazepose::Coffee_room_01_video_9,data/keypoints_le2i_blazepose/Coffee_room_01_video_9.npz,156,180,0,0,0,0.007330675
le2i-blazepose,le2i-blazepose::Coffee_room_01_video_9,data/keypoints_le2i_blazepose/Coffee_room_01_video_9.npz,161,185,0,0,0,0.007327674
le2i-blazepose,le2i-blazepose::Coffee_room_01_video_9,data/keypoints_le2i_blazepose/Coffee_room_01_video_9.npz,166,190,0,0,0,0.0073434557
le2i-blazepose,le2i-blazepose::Coffee_room_01_video_9,data/keypoints_le2i_blazepose/Coffee_room_01_video_9.npz,171,195,0,0,0,0.0073526236
le2i-blazepose,le2i-blazepose::Coffee_room_01_video_9,data/keypoints_le2i_blazepose/Coffee_room_01_video_9.npz,176,200,0,0,0,0.0073558716
le2i-blazepose,le2i-blazepose::Coffee_room_01_video_9,data/keypoints_le2i_blazepose/Coffee_room_01_video_9.npz,181,205,0,0,0,0.0073281354
le2i-blazepose,le2i-blazepose::Home_01_video_16,data/keypoints_le2i_blazepose/Home_01_video_16.npz,1,25,0,0,0,0.06490801
le2i-blazepose,le2i-blazepose::Home_01_video_16,data/keypoints_le2i_blazepose/Home_01_video_16.npz,6,30,0,0,0,0.06474274
le2i-blazepose,le2i-blazepose::Home_01_video_16,data/keypoints_le2i_blazepose/Home_01_video_16.npz,11,35,0,0,0,0.06552769
le2i-blazepose,le2i-blazepose::Home_01_video_16,data/keypoints_le2i_blazepose/Home_01_video_16.npz,16,40,0,0,0,0.06524432
le2i-blazepose,le2i-blazepose::Home_01_video_16,data/keypoints_le2i_blazepose/Home_01_video_16.npz,21,45,0,0,0,0.06516257
le2i-blazepose,le2i-blazepose::Home_01_video_16,data/keypoints_le2i_blazepose/Home_01_video_16.npz,26,50,0,0,0,0.06538683
le2i-blazepose,le2i-blazepose::Home_01_video_16,data/keypoints_le2i_blazepose/Home_01_video_16.npz,31,55,0,0,0,0.7086459
le2i-blazepose,le2i-blazepose::Home_01_video_16,data/keypoints_le2i_blazepose/Home_01_video_16.npz,36,60,0,0,0,0.71005076
le2i-blazepose,le2i-blazepose::Home_01_video_16,data/keypoints_le2i_blazepose/Home_01_video_16.npz,41,65,0,0,0,0.7139252
le2i-blazepose,le2i-blazepose::Home_01_video_16,data/keypoints_le2i_blazepose/Home_01_video_16.npz,46,70,0,0,0,0.7176127
le2i-blazepose,le2i-blazepose::Home_01_video_16,data/keypoints_le2i_blazepose/Home_01_video_16.npz,51,75,0,0,0,0.01805233
le2i-blazepose,le2i-blazepose::Home_01_video_16,data/keypoints_le2i_blazepose/Home_01_video_16.npz,56,80,0,0,0,0.0030836149
le2i-blazepose,le2i-blazepose::Home_01_video_16,data/keypoints_le2i_blazepose/Home_01_video_16.npz,61,85,0,0,0,0.0022195484
le2i-blazepose,le2i-blazepose::Home_01_video_16,data/keypoints_le2i_blazepose/Home_01_video_16.npz,66,90,0,0,0,0.0023073526
le2i-blazepose,le2i-blazepose::Home_01_video_16,data/keypoints_le2i_blazepose/Home_01_video_16.npz,71,95,0,0,0,0.0024130875
le2i-blazepose,le2i-blazepose::Home_01_video_16,data/keypoints_le2i_blazepose/Home_01_video_16.npz,76,100,0,0,0,0.0025547273
le2i-blazepose,le2i-blazepose::Home_01_video_16,data/keypoints_le2i_blazepose/Home_01_video_16.npz,81,105,0,0,0,0.0026053507
le2i-blazepose,le2i-blazepose::Home_01_video_16,data/keypoints_le2i_blazepose/Home_01_video_16.npz,86,110,0,0,0,0.002573775
le2i-blazepose,le2i-blazepose::Home_01_video_16,data/keypoints_le2i_blazepose/Home_01_video_16.npz,91,115,0,0,0,0.04337046
le2i-blazepose,le2i-blazepose::Home_01_video_16,data/keypoints_le2i_blazepose/Home_01_video_16.npz,96,120,0,0,0,0.02497042
le2i-blazepose,le2i-blazepose::Home_01_video_16,data/keypoints_le2i_blazepose/Home_01_video_16.npz,101,125,0,0,0,0.76647717
le2i-blazepose,le2i-blazepose::Home_01_video_16,data/keypoints_le2i_blazepose/Home_01_video_16.npz,106,130,0,0,1,0.83454794
le2i-blazepose,le2i-blazepose::Home_01_video_16,data/keypoints_le2i_blazepose/Home_01_video_16.npz,111,135,0,0,1,0.86863166
le2i-blazepose,le2i-blazepose::Home_01_video_16,data/keypoints_le2i_blazepose/Home_01_video_16.npz,116,140,0,0,1,0.88969874
le2i-blazepose,le2i-blazepose::Home_01_video_16,data/keypoints_le2i_blazepose/Home_01_video_16.npz,121,145,0,0,0,0.3702038
le2i-blazepose,le2i-blazepose::Home_01_video_16,data/keypoints_le2i_blazepose/Home_01_video_16.npz,126,150,0,0,1,0.8877967
le2i-blazepose,le2i-blazepose::Home_01_video_16,data/keypoints_le2i_blazepose/Home_01_video_16.npz,131,155,0,0,1,0.8801734
le2i-blazepose,le2i-blazepose::Home_01_video_16,data/keypoints_le2i_blazepose/Home_01_video_16.npz,136,160,0,0,1,0.86855334
le2i-blazepose,le2i-blazepose::Home_01_video_16,data/keypoints_le2i_blazepose/Home_01_video_16.npz,141,165,0,0,1,0.8511015
le2i-blazepose,le2i-blazepose::Home_01_video_16,data/keypoints_le2i_blazepose/Home_01_video_16.npz,146,170,0,0,1,0.8282393
le2i-blazepose,le2i-blazepose::Home_01_video_16,data/keypoints_le2i_blazepose/Home_01_video_16.npz,151,175,0,0,0,0.6257566
le2i-blazepose,le2i-blazepose::Home_01_video_16,data/keypoints_le2i_blazepose/Home_01_video_16.npz,156,180,0,0,0,0.0017680033
le2i-blazepose,le2i-blazepose::Home_01_video_16,data/keypoints_le2i_blazepose/Home_01_video_16.npz,161,185,0,0,0,0.5094781
le2i-blazepose,le2i-blazepose::Home_01_video_16,data/keypoints_le2i_blazepose/Home_01_video_16.npz,166,190,0,0,0,0.5181105
le2i-blazepose,le2i-blazepose::Home_01_video_16,data/keypoints_le2i_blazepose/Home_01_video_16.npz,171,195,1,1,0,0.4633714
le2i-blazepose,le2i-blazepose::Home_01_video_16,data/keypoints_le2i_blazepose/Home_01_video_16.npz,176,200,1,1,0,0.6043347
le2i-blazepose,le2i-blazepose::Home_01_video_16,data/keypoints_le2i_blazepose/Home_01_video_16.npz,181,205,1,1,0,0.31653142
le2i-blazepose,le2i-blazepose::Home_01_video_16,data/keypoints_le2i_blazepose/Home_01_video_16.npz,186,210,1,1,0,0.35942256
le2i-blazepose,le2i-blazepose::Home_01_video_16,data/keypoints_le2i_blazepose/Home_01_video_16.npz,191,215,1,1,0,0.36279002
le2i-blazepose,le2i-blazepose::Home_01_video_16,data/keypoints_le2i_blazepose/Home_01_video_16.npz,196,220,0,0,0,0.30825397
le2i-blazepose,le2i-blazepose::Home_01_video_16,data/keypoints_le2i_blazepose/Home_01_video_16.npz,201,225,0,0,0,0.23485373
le2i-blazepose,le2i-blazepose::Home_01_video_16,data/keypoints_le2i_blazepose/Home_01_video_16.npz,206,230,0,0,0,0.26109105
le2i-blazepose,le2i-blazepose::Home_01_video_16,data/keypoints_le2i_blazepose/Home_01_video_16.npz,211,235,0,0,0,0.25925028
le2i-blazepose,le2i-blazepose::Home_01_video_16,data/keypoints_le2i_blazepose/Home_01_video_16.npz,216,240,0,0,0,0.27235425
le2i-blazepose,le2i-blazepose::Home_01_video_16,data/keypoints_le2i_blazepose/Home_01_video_16.npz,221,245,0,0,0,0.22362444
le2i-blazepose,le2i-blazepose::Home_01_video_16,data/keypoints_le2i_blazepose/Home_01_video_16.npz,226,250,0,0,0,0.22209854
le2i-blazepose,le2i-blazepose::Home_01_video_16,data/keypoints_le2i_blazepose/Home_01_video_16.npz,231,255,0,0,0,0.27744517
le2i-blazepose,le2i-blazepose::Home_01_video_16,data/keypoints_le2i_blazepose/Home_01_video_16.npz,236,260,0,0,0,0.25785115
le2i-blazepose,le2i-blazepose::Home_01_video_17,data/keypoints_le2i_blazepose/Home_01_video_17.npz,1,25,0,0,0,0.080849186
le2i-blazepose,le2i-blazepose::Home_01_video_17,data/keypoints_le2i_blazepose/Home_01_video_17.npz,6,30,0,0,0,0.095413275
le2i-blazepose,le2i-blazepose::Home_01_video_17,data/keypoints_le2i_blazepose/Home_01_video_17.npz,11,35,0,0,0,0.50513333
le2i-blazepose,le2i-blazepose::Home_01_video_17,data/keypoints_le2i_blazepose/Home_01_video_17.npz,16,40,0,0,0,0.4777892
le2i-blazepose,le2i-blazepose::Home_01_video_17,data/keypoints_le2i_blazepose/Home_01_video_17.npz,21,45,0,0,0,0.4633291
le2i-blazepose,le2i-blazepose::Home_01_video_17,data/keypoints_le2i_blazepose/Home_01_video_17.npz,26,50,0,0,0,0.418379
le2i-blazepose,le2i-blazepose::Home_01_video_17,data/keypoints_le2i_blazepose/Home_01_video_17.npz,31,55,0,0,0,0.3734661
le2i-blazepose,le2i-blazepose::Home_01_video_17,data/keypoints_le2i_blazepose/Home_01_video_17.npz,36,60,0,0,0,0.48016942
le2i-blazepose,le2i-blazepose::Home_01_video_17,data/keypoints_le2i_blazepose/Home_01_video_17.npz,41,65,0,0,0,0.514112
le2i-blazepose,le2i-blazepose::Home_01_video_17,data/keypoints_le2i_blazepose/Home_01_video_17.npz,46,70,0,0,0,0.4617897
le2i-blazepose,le2i-blazepose::Home_01_video_17,data/keypoints_le2i_blazepose/Home_01_video_17.npz,51,75,0,0,0,0.37886086
le2i-blazepose,le2i-blazepose::Home_01_video_17,data/keypoints_le2i_blazepose/Home_01_video_17.npz,56,80,0,0,0,0.2335488
le2i-blazepose,le2i-blazepose::Home_01_video_17,data/keypoints_le2i_blazepose/Home_01_video_17.npz,61,85,0,0,0,0.25547242
le2i-blazepose,le2i-blazepose::Home_01_video_17,data/keypoints_le2i_blazepose/Home_01_video_17.npz,66,90,0,0,0,0.26895145
le2i-blazepose,le2i-blazepose::Home_01_video_17,data/keypoints_le2i_blazepose/Home_01_video_17.npz,71,95,0,0,0,0.28513193
le2i-blazepose,le2i-blazepose::Home_01_video_17,data/keypoints_le2i_blazepose/Home_01_video_17.npz,76,100,0,0,0,0.28624213
le2i-blazepose,le2i-blazepose::Home_01_video_17,data/keypoints_le2i_blazepose/Home_01_video_17.npz,81,105,0,0,0,0.23414056
le2i-blazepose,le2i-blazepose::Home_01_video_17,data/keypoints_le2i_blazepose/Home_01_video_17.npz,86,110,0,0,0,0.21151689
le2i-blazepose,le2i-blazepose::Home_01_video_17,data/keypoints_le2i_blazepose/Home_01_video_17.npz,91,115,0,0,0,0.18485814
le2i-blazepose,le2i-blazepose::Home_01_video_17,data/keypoints_le2i_blazepose/Home_01_video_17.npz,96,120,0,0,0,0.13785964
le2i-blazepose,le2i-blazepose::Home_01_video_17,data/keypoints_le2i_blazepose/Home_01_video_17.npz,101,125,0,0,0,0.10938301
le2i-blazepose,le2i-blazepose::Home_01_video_17,data/keypoints_le2i_blazepose/Home_01_video_17.npz,106,130,0,0,0,0.099976785
le2i-blazepose,le2i-blazepose::Home_01_video_17,data/keypoints_le2i_blazepose/Home_01_video_17.npz,111,135,0,0,0,0.01951389
le2i-blazepose,le2i-blazepose::Home_01_video_17,data/keypoints_le2i_blazepose/Home_01_video_17.npz,116,140,0,0,0,0.013143271
le2i-blazepose,le2i-blazepose::Home_01_video_17,data/keypoints_le2i_blazepose/Home_01_video_17.npz,121,145,0,0,0,0.016431443
le2i-blazepose,le2i-blazepose::Home_01_video_17,data/keypoints_le2i_blazepose/Home_01_video_17.npz,126,150,0,0,0,0.4747958
le2i-blazepose,le2i-blazepose::Home_01_video_17,data/keypoints_le2i_blazepose/Home_01_video_17.npz,131,155,0,0,0,0.38777453
le2i-blazepose,le2i-blazepose::Home_01_video_17,data/keypoints_le2i_blazepose/Home_01_video_17.npz,136,160,0,0,0,0.1488544
le2i-blazepose,le2i-blazepose::Home_01_video_17,data/keypoints_le2i_blazepose/Home_01_video_17.npz,141,165,1,1,0,0.6241313
le2i-blazepose,le2i-blazepose::Home_01_video_17,data/keypoints_le2i_blazepose/Home_01_video_17.npz,146,170,1,1,0,0.43117034
le2i-blazepose,le2i-blazepose::Home_01_video_17,data/keypoints_le2i_blazepose/Home_01_video_17.npz,151,175,1,1,0,0.22910737
le2i-blazepose,le2i-blazepose::Home_01_video_17,data/keypoints_le2i_blazepose/Home_01_video_17.npz,156,180,1,1,0,0.28681886
le2i-blazepose,le2i-blazepose::Home_01_video_17,data/keypoints_le2i_blazepose/Home_01_video_17.npz,161,185,1,1,0,0.5142111
le2i-blazepose,le2i-blazepose::Home_01_video_17,data/keypoints_le2i_blazepose/Home_01_video_17.npz,166,190,0,0,0,0.523261
le2i-blazepose,le2i-blazepose::Home_01_video_17,data/keypoints_le2i_blazepose/Home_01_video_17.npz,171,195,0,0,0,0.4404392
le2i-blazepose,le2i-blazepose::Home_01_video_17,data/keypoints_le2i_blazepose/Home_01_video_17.npz,176,200,0,0,0,0.4437384
le2i-blazepose,le2i-blazepose::Home_01_video_17,data/keypoints_le2i_blazepose/Home_01_video_17.npz,181,205,0,0,0,0.17226918
le2i-blazepose,le2i-blazepose::Home_01_video_17,data/keypoints_le2i_blazepose/Home_01_video_17.npz,186,210,0,0,0,0.26091892
le2i-blazepose,le2i-blazepose::Home_01_video_17,data/keypoints_le2i_blazepose/Home_01_video_17.npz,191,215,0,0,0,0.25432917
le2i-blazepose,le2i-blazepose::Home_01_video_17,data/keypoints_le2i_blazepose/Home_01_video_17.npz,196,220,0,0,0,0.2971996
le2i-blazepose,le2i-blazepose::Home_01_video_17,data/keypoints_le2i_blazepose/Home_01_video_17.npz,201,225,0,0,0,0.26297477
le2i-blazepose,le2i-blazepose::Home_01_video_17,data/keypoints_le2i_blazepose/Home_01_video_17.npz,206,230,0,0,0,0.24329437
le2i-blazepose,le2i-blazepose::Home_01_video_17,data/keypoints_le2i_blazepose/Home_01_video_17.npz,211,235,0,0,0,0.18340127
le2i-blazepose,le2i-blazepose::Home_01_video_17,data/keypoints_le2i_blazepose/Home_01_video_17.npz,216,240,0,0,0,0.17816378
le2i-blazepose,le2i-blazepose::Home_01_video_19,data/keypoints_le2i_blazepose/Home_01_video_19.npz,1,25,0,0,0,0.0030607502
le2i-blazepose,le2i-blazepose::Home_01_video_19,data/keypoints_le2i_blazepose/Home_01_video_19.npz,6,30,0,0,0,0.0031719212
le2i-blazepose,le2i-blazepose::Home_01_video_19,data/keypoints_le2i_blazepose/Home_01_video_19.npz,11,35,0,0,0,0.0032552273
le2i-blazepose,le2i-blazepose::Home_01_video_19,data/keypoints_le2i_blazepose/Home_01_video_19.npz,16,40,0,0,0,0.0030529497
le2i-blazepose,le2i-blazepose::Home_01_video_19,data/keypoints_le2i_blazepose/Home_01_video_19.npz,21,45,0,0,0,0.0030981635
le2i-blazepose,le2i-blazepose::Home_01_video_19,data/keypoints_le2i_blazepose/Home_01_video_19.npz,26,50,0,0,0,0.0015404733
le2i-blazepose,le2i-blazepose::Home_01_video_19,data/keypoints_le2i_blazepose/Home_01_video_19.npz,31,55,0,0,0,0.0014399114
le2i-blazepose,le2i-blazepose::Home_01_video_19,data/keypoints_le2i_blazepose/Home_01_video_19.npz,36,60,0,0,0,0.0017333003
le2i-blazepose,le2i-blazepose::Home_01_video_19,data/keypoints_le2i_blazepose/Home_01_video_19.npz,41,65,0,0,0,0.0019462615
le2i-blazepose,le2i-blazepose::Home_01_video_19,data/keypoints_le2i_blazepose/Home_01_video_19.npz,46,70,0,0,0,0.0026467182
le2i-blazepose,le2i-blazepose::Home_01_video_19,data/keypoints_le2i_blazepose/Home_01_video_19.npz,51,75,0,0,0,0.0028050297
le2i-blazepose,le2i-blazepose::Home_01_video_19,data/keypoints_le2i_blazepose/Home_01_video_19.npz,56,80,0,0,0,0.0028157684
le2i-blazepose,le2i-blazepose::Home_01_video_19,data/keypoints_le2i_blazepose/Home_01_video_19.npz,61,85,0,0,0,0.0028211675
le2i-blazepose,le2i-blazepose::Home_01_video_19,data/keypoints_le2i_blazepose/Home_01_video_19.npz,66,90,0,0,0,0.0044219284
le2i-blazepose,le2i-blazepose::Home_01_video_19,data/keypoints_le2i_blazepose/Home_01_video_19.npz,71,95,0,0,0,0.007386019
le2i-blazepose,le2i-blazepose::Home_01_video_19,data/keypoints_le2i_blazepose/Home_01_video_19.npz,76,100,0,0,0,0.0073823063
le2i-blazepose,le2i-blazepose::Home_01_video_19,data/keypoints_le2i_blazepose/Home_01_video_19.npz,81,105,0,0,0,0.008378029
le2i-blazepose,le2i-blazepose::Home_01_video_19,data/keypoints_le2i_blazepose/Home_01_video_19.npz,86,110,0,0,0,0.008376827
le2i-blazepose,le2i-blazepose::Home_01_video_19,data/keypoints_le2i_blazepose/Home_01_video_19.npz,91,115,0,0,0,0.007907105
le2i-blazepose,le2i-blazepose::Home_01_video_19,data/keypoints_le2i_blazepose/Home_01_video_19.npz,96,120,0,0,0,0.0074131605
le2i-blazepose,le2i-blazepose::Home_01_video_19,data/keypoints_le2i_blazepose/Home_01_video_19.npz,101,125,0,0,0,0.6995987
le2i-blazepose,le2i-blazepose::Home_01_video_19,data/keypoints_le2i_blazepose/Home_01_video_19.npz,106,130,0,0,0,0.15305352
le2i-blazepose,le2i-blazepose::Home_01_video_19,data/keypoints_le2i_blazepose/Home_01_video_19.npz,111,135,0,0,0,0.5486489
le2i-blazepose,le2i-blazepose::Home_01_video_19,data/keypoints_le2i_blazepose/Home_01_video_19.npz,116,140,1,1,1,0.8554141
le2i-blazepose,le2i-blazepose::Home_01_video_19,data/keypoints_le2i_blazepose/Home_01_video_19.npz,121,145,1,1,1,0.9856128
le2i-blazepose,le2i-blazepose::Home_01_video_19,data/keypoints_le2i_blazepose/Home_01_video_19.npz,126,150,1,1,1,0.99746776
le2i-blazepose,le2i-blazepose::Home_01_video_19,data/keypoints_le2i_blazepose/Home_01_video_19.npz,131,155,1,1,1,0.99881774
le2i-blazepose,le2i-blazepose::Home_01_video_19,data/keypoints_le2i_blazepose/Home_01_video_19.npz,136,160,0,0,0,0.14166887
le2i-blazepose,le2i-blazepose::Home_01_video_19,data/keypoints_le2i_blazepose/Home_01_video_19.npz,141,165,0,0,0,0.017886812
le2i-blazepose,le2i-blazepose::Home_01_video_19,data/keypoints_le2i_blazepose/Home_01_video_19.npz,146,170,0,0,0,0.017070157
le2i-blazepose,le2i-blazepose::Home_01_video_19,data/keypoints_le2i_blazepose/Home_01_video_19.npz,151,175,0,0,0,0.033568915
le2i-blazepose,le2i-blazepose::Home_01_video_19,data/keypoints_le2i_blazepose/Home_01_video_19.npz,156,180,0,0,0,0.018364806
le2i-blazepose,le2i-blazepose::Home_01_video_19,data/keypoints_le2i_blazepose/Home_01_video_19.npz,161,185,0,0,0,0.017892828
le2i-blazepose,le2i-blazepose::Home_01_video_19,data/keypoints_le2i_blazepose/Home_01_video_19.npz,166,190,0,0,0,0.017500045
le2i-blazepose,le2i-blazepose::Home_01_video_4,data/keypoints_le2i_blazepose/Home_01_video_4.npz,1,25,0,0,0,0.0024339652
le2i-blazepose,le2i-blazepose::Home_01_video_4,data/keypoints_le2i_blazepose/Home_01_video_4.npz,6,30,0,0,0,0.0024396959
le2i-blazepose,le2i-blazepose::Home_01_video_4,data/keypoints_le2i_blazepose/Home_01_video_4.npz,11,35,0,0,0,0.002443626
le2i-blazepose,le2i-blazepose::Home_01_video_4,data/keypoints_le2i_blazepose/Home_01_video_4.npz,16,40,0,0,0,0.0024726538
le2i-blazepose,le2i-blazepose::Home_01_video_4,data/keypoints_le2i_blazepose/Home_01_video_4.npz,21,45,0,0,0,0.0026839988
le2i-blazepose,le2i-blazepose::Home_01_video_4,data/keypoints_le2i_blazepose/Home_01_video_4.npz,26,50,0,0,0,0.0044882265
le2i-blazepose,le2i-blazepose::Home_01_video_4,data/keypoints_le2i_blazepose/Home_01_video_4.npz,31,55,0,0,0,0.004573009
le2i-blazepose,le2i-blazepose::Home_01_video_4,data/keypoints_le2i_blazepose/Home_01_video_4.npz,36,60,0,0,0,0.0045675337
le2i-blazepose,le2i-blazepose::Home_01_video_4,data/keypoints_le2i_blazepose/Home_01_video_4.npz,41,65,0,0,0,0.004511908
le2i-blazepose,le2i-blazepose::Home_01_video_4,data/keypoints_le2i_blazepose/Home_01_video_4.npz,46,70,0,0,0,0.004475197
le2i-blazepose,le2i-blazepose::Home_01_video_4,data/keypoints_le2i_blazepose/Home_01_video_4.npz,51,75,0,0,0,0.0023729117
le2i-blazepose,le2i-blazepose::Home_01_video_4,data/keypoints_le2i_blazepose/Home_01_video_4.npz,56,80,0,0,0,0.0020466605
le2i-blazepose,le2i-blazepose::Home_01_video_4,data/keypoints_le2i_blazepose/Home_01_video_4.npz,61,85,0,0,0,0.0017120697
le2i-blazepose,le2i-blazepose::Home_01_video_4,data/keypoints_le2i_blazepose/Home_01_video_4.npz,66,90,0,0,0,0.0016811257
le2i-blazepose,le2i-blazepose::Home_01_video_4,data/keypoints_le2i_blazepose/Home_01_video_4.npz,71,95,0,0,0,0.0020069615
le2i-blazepose,le2i-blazepose::Home_01_video_4,data/keypoints_le2i_blazepose/Home_01_video_4.npz,76,100,0,0,0,0.0023137766
le2i-blazepose,le2i-blazepose::Home_01_video_4,data/keypoints_le2i_blazepose/Home_01_video_4.npz,81,105,0,0,0,0.0010902627
le2i-blazepose,le2i-blazepose::Home_01_video_4,data/keypoints_le2i_blazepose/Home_01_video_4.npz,86,110,0,0,0,0.0011878783
le2i-blazepose,le2i-blazepose::Home_01_video_4,data/keypoints_le2i_blazepose/Home_01_video_4.npz,91,115,0,0,0,0.0008007922
le2i-blazepose,le2i-blazepose::Home_01_video_4,data/keypoints_le2i_blazepose/Home_01_video_4.npz,96,120,0,0,0,0.00080412306
le2i-blazepose,le2i-blazepose::Home_01_video_4,data/keypoints_le2i_blazepose/Home_01_video_4.npz,101,125,0,0,0,0.0008517262
le2i-blazepose,le2i-blazepose::Home_01_video_4,data/keypoints_le2i_blazepose/Home_01_video_4.npz,106,130,0,0,0,0.0036219675
le2i-blazepose,le2i-blazepose::Home_01_video_4,data/keypoints_le2i_blazepose/Home_01_video_4.npz,111,135,0,0,0,0.003780282
le2i-blazepose,le2i-blazepose::Home_01_video_4,data/keypoints_le2i_blazepose/Home_01_video_4.npz,116,140,0,0,0,0.010420334
le2i-blazepose,le2i-blazepose::Home_01_video_4,data/keypoints_le2i_blazepose/Home_01_video_4.npz,121,145,0,0,0,0.02110041
le2i-blazepose,le2i-blazepose::Home_01_video_4,data/keypoints_le2i_blazepose/Home_01_video_4.npz,126,150,0,0,0,0.38529563
le2i-blazepose,le2i-blazepose::Home_01_video_4,data/keypoints_le2i_blazepose/Home_01_video_4.npz,131,155,0,0,1,0.88716817
le2i-blazepose,le2i-blazepose::Home_01_video_4,data/keypoints_le2i_blazepose/Home_01_video_4.npz,136,160,1,1,1,0.95081496
le2i-blazepose,le2i-blazepose::Home_01_video_4,data/keypoints_le2i_blazepose/Home_01_video_4.npz,141,165,1,1,1,0.992293
le2i-blazepose,le2i-blazepose::Home_01_video_4,data/keypoints_le2i_blazepose/Home_01_video_4.npz,146,170,1,1,1,0.9950989
le2i-blazepose,le2i-blazepose::Home_01_video_4,data/keypoints_le2i_blazepose/Home_01_video_4.npz,151,175,1,1,1,0.99433255
le2i-blazepose,le2i-blazepose::Home_01_video_4,data/keypoints_le2i_blazepose/Home_01_video_4.npz,156,180,1,1,0,0.026930593
le2i-blazepose,le2i-blazepose::Home_01_video_4,data/keypoints_le2i_blazepose/Home_01_video_4.npz,161,185,0,0,0,0.020980394
le2i-blazepose,le2i-blazepose::Home_01_video_4,data/keypoints_le2i_blazepose/Home_01_video_4.npz,166,190,0,0,0,0.018271904
le2i-blazepose,le2i-blazepose::Home_01_video_4,data/keypoints_le2i_blazepose/Home_01_video_4.npz,171,195,0,0,0,0.01769889
le2i-blazepose,le2i-blazepose::Home_01_video_4,data/keypoints_le2i_blazepose/Home_01_video_4.npz,176,200,0,0,0,0.0077254903
le2i-blazepose,le2i-blazepose::Home_01_video_4,data/keypoints_le2i_blazepose/Home_01_video_4.npz,181,205,0,0,0,0.007718223
le2i-blazepose,le2i-blazepose::Home_01_video_4,data/keypoints_le2i_blazepose/Home_01_video_4.npz,186,210,0,0,0,0.01827156
le2i-blazepose,le2i-blazepose::Home_01_video_4,data/keypoints_le2i_blazepose/Home_01_video_4.npz,191,215,0,0,0,0.018174246
le2i-blazepose,le2i-blazepose::Home_01_video_4,data/keypoints_le2i_blazepose/Home_01_video_4.npz,196,220,0,0,0,0.018399192
le2i-blazepose,le2i-blazepose::Home_01_video_4,data/keypoints_le2i_blazepose/Home_01_video_4.npz,201,225,0,0,0,0.018395046
le2i-blazepose,le2i-blazepose::Home_01_video_4,data/keypoints_le2i_blazepose/Home_01_video_4.npz,206,230,0,0,0,0.018550497
le2i-blazepose,le2i-blazepose::Home_01_video_4,data/keypoints_le2i_blazepose/Home_01_video_4.npz,211,235,0,0,0,0.018468654
le2i-blazepose,le2i-blazepose::Home_01_video_4,data/keypoints_le2i_blazepose/Home_01_video_4.npz,216,240,0,0,0,0.018306876
le2i-blazepose,le2i-blazepose::Home_02_video_34,data/keypoints_le2i_blazepose/Home_02_video_34.npz,1,25,0,0,0,0.0008914533
le2i-blazepose,le2i-blazepose::Home_02_video_34,data/keypoints_le2i_blazepose/Home_02_video_34.npz,6,30,0,0,0,0.00088184857
le2i-blazepose,le2i-blazepose::Home_02_video_34,data/keypoints_le2i_blazepose/Home_02_video_34.npz,11,35,0,0,0,0.0008661221
le2i-blazepose,le2i-blazepose::Home_02_video_34,data/keypoints_le2i_blazepose/Home_02_video_34.npz,16,40,0,0,0,0.00088177464
le2i-blazepose,le2i-blazepose::Home_02_video_34,data/keypoints_le2i_blazepose/Home_02_video_34.npz,21,45,0,0,0,0.0008794407
le2i-blazepose,le2i-blazepose::Home_02_video_34,data/keypoints_le2i_blazepose/Home_02_video_34.npz,26,50,0,0,0,0.00088133314
le2i-blazepose,le2i-blazepose::Home_02_video_34,data/keypoints_le2i_blazepose/Home_02_video_34.npz,31,55,0,0,0,0.00088618946
le2i-blazepose,le2i-blazepose::Home_02_video_34,data/keypoints_le2i_blazepose/Home_02_video_34.npz,36,60,0,0,0,0.0009572852
le2i-blazepose,le2i-blazepose::Home_02_video_34,data/keypoints_le2i_blazepose/Home_02_video_34.npz,41,65,0,0,0,0.00103558
le2i-blazepose,le2i-blazepose::Home_02_video_34,data/keypoints_le2i_blazepose/Home_02_video_34.npz,46,70,0,0,0,0.0011056034
le2i-blazepose,le2i-blazepose::Home_02_video_34,data/keypoints_le2i_blazepose/Home_02_video_34.npz,51,75,0,0,0,0.0010133346
le2i-blazepose,le2i-blazepose::Home_02_video_34,data/keypoints_le2i_blazepose/Home_02_video_34.npz,56,80,0,0,0,0.0009238802
le2i-blazepose,le2i-blazepose::Home_02_video_34,data/keypoints_le2i_blazepose/Home_02_video_34.npz,61,85,0,0,0,0.0010000041
le2i-blazepose,le2i-blazepose::Home_02_video_34,data/keypoints_le2i_blazepose/Home_02_video_34.npz,66,90,0,0,0,0.0009957546
le2i-blazepose,le2i-blazepose::Home_02_video_34,data/keypoints_le2i_blazepose/Home_02_video_34.npz,71,95,0,0,0,0.0009940857
le2i-blazepose,le2i-blazepose::Home_02_video_34,data/keypoints_le2i_blazepose/Home_02_video_34.npz,76,100,0,0,0,0.0007985622
le2i-blazepose,le2i-blazepose::Home_02_video_34,data/keypoints_le2i_blazepose/Home_02_video_34.npz,81,105,0,0,0,0.0008212512
le2i-blazepose,le2i-blazepose::Home_02_video_34,data/keypoints_le2i_blazepose/Home_02_video_34.npz,86,110,0,0,0,0.0008807896
le2i-blazepose,le2i-blazepose::Home_02_video_34,data/keypoints_le2i_blazepose/Home_02_video_34.npz,91,115,0,0,0,0.0009438062
le2i-blazepose,le2i-blazepose::Home_02_video_34,data/keypoints_le2i_blazepose/Home_02_video_34.npz,96,120,0,0,0,0.0009800238
le2i-blazepose,le2i-blazepose::Home_02_video_34,data/keypoints_le2i_blazepose/Home_02_video_34.npz,101,125,0,0,0,0.0010136594
le2i-blazepose,le2i-blazepose::Home_02_video_34,data/keypoints_le2i_blazepose/Home_02_video_34.npz,106,130,0,0,0,0.0010450926
le2i-blazepose,le2i-blazepose::Home_02_video_34,data/keypoints_le2i_blazepose/Home_02_video_34.npz,111,135,0,0,0,0.0010284254
le2i-blazepose,le2i-blazepose::Home_02_video_34,data/keypoints_le2i_blazepose/Home_02_video_34.npz,116,140,0,0,0,0.00104869
le2i-blazepose,le2i-blazepose::Home_02_video_34,data/keypoints_le2i_blazepose/Home_02_video_34.npz,121,145,0,0,0,0.0011317392
le2i-blazepose,le2i-blazepose::Home_02_video_34,data/keypoints_le2i_blazepose/Home_02_video_34.npz,126,150,0,0,0,0.0015608298
le2i-blazepose,le2i-blazepose::Home_02_video_34,data/keypoints_le2i_blazepose/Home_02_video_34.npz,131,155,0,0,0,0.013906642
le2i-blazepose,le2i-blazepose::Home_02_video_34,data/keypoints_le2i_blazepose/Home_02_video_34.npz,136,160,0,0,1,0.920416
le2i-blazepose,le2i-blazepose::Home_02_video_34,data/keypoints_le2i_blazepose/Home_02_video_34.npz,141,165,1,1,1,0.9549917
le2i-blazepose,le2i-blazepose::Home_02_video_34,data/keypoints_le2i_blazepose/Home_02_video_34.npz,146,170,1,1,1,0.92777956
le2i-blazepose,le2i-blazepose::Home_02_video_34,data/keypoints_le2i_blazepose/Home_02_video_34.npz,151,175,1,1,1,0.8803612
le2i-blazepose,le2i-blazepose::Home_02_video_34,data/keypoints_le2i_blazepose/Home_02_video_34.npz,156,180,1,1,1,0.8251258
le2i-blazepose,le2i-blazepose::Home_02_video_40,data/keypoints_le2i_blazepose/Home_02_video_40.npz,81,105,0,0,0,0.0022705272
le2i-blazepose,le2i-blazepose::Home_02_video_40,data/keypoints_le2i_blazepose/Home_02_video_40.npz,86,110,0,0,0,0.0009886571
le2i-blazepose,le2i-blazepose::Home_02_video_40,data/keypoints_le2i_blazepose/Home_02_video_40.npz,91,115,0,0,0,0.0013205361
le2i-blazepose,le2i-blazepose::Home_02_video_40,data/keypoints_le2i_blazepose/Home_02_video_40.npz,96,120,0,0,0,0.0013274963
le2i-blazepose,le2i-blazepose::Home_02_video_40,data/keypoints_le2i_blazepose/Home_02_video_40.npz,101,125,0,0,0,0.0051738094
le2i-blazepose,le2i-blazepose::Home_02_video_40,data/keypoints_le2i_blazepose/Home_02_video_40.npz,106,130,0,0,0,0.005259889
le2i-blazepose,le2i-blazepose::Home_02_video_40,data/keypoints_le2i_blazepose/Home_02_video_40.npz,111,135,0,0,0,0.005601175
le2i-blazepose,le2i-blazepose::Home_02_video_40,data/keypoints_le2i_blazepose/Home_02_video_40.npz,116,140,0,0,0,0.0043157926
le2i-blazepose,le2i-blazepose::Home_02_video_40,data/keypoints_le2i_blazepose/Home_02_video_40.npz,121,145,0,0,0,0.0037461342
le2i-blazepose,le2i-blazepose::Home_02_video_40,data/keypoints_le2i_blazepose/Home_02_video_40.npz,126,150,0,0,0,0.0036985837
le2i-blazepose,le2i-blazepose::Home_02_video_40,data/keypoints_le2i_blazepose/Home_02_video_40.npz,131,155,0,0,0,0.0032859675
le2i-blazepose,le2i-blazepose::Home_02_video_40,data/keypoints_le2i_blazepose/Home_02_video_40.npz,136,160,0,0,0,0.0030091442
le2i-blazepose,le2i-blazepose::Home_02_video_40,data/keypoints_le2i_blazepose/Home_02_video_40.npz,141,165,0,0,0,0.0029944843
le2i-blazepose,le2i-blazepose::Home_02_video_40,data/keypoints_le2i_blazepose/Home_02_video_40.npz,146,170,0,0,0,0.002961526
le2i-blazepose,le2i-blazepose::Home_02_video_40,data/keypoints_le2i_blazepose/Home_02_video_40.npz,151,175,0,0,0,0.0029418867
le2i-blazepose,le2i-blazepose::Home_02_video_40,data/keypoints_le2i_blazepose/Home_02_video_40.npz,156,180,0,0,0,0.0029363479
le2i-blazepose,le2i-blazepose::Home_02_video_40,data/keypoints_le2i_blazepose/Home_02_video_40.npz,161,185,0,0,0,0.0029340757
le2i-blazepose,le2i-blazepose::Home_02_video_42,data/keypoints_le2i_blazepose/Home_02_video_42.npz,41,65,0,0,0,0.0010692778
le2i-blazepose,le2i-blazepose::Home_02_video_42,data/keypoints_le2i_blazepose/Home_02_video_42.npz,46,70,0,0,0,0.0011992252
le2i-blazepose,le2i-blazepose::Home_02_video_42,data/keypoints_le2i_blazepose/Home_02_video_42.npz,51,75,0,0,0,0.0013616398
le2i-blazepose,le2i-blazepose::Home_02_video_42,data/keypoints_le2i_blazepose/Home_02_video_42.npz,56,80,0,0,0,0.0014016926
le2i-blazepose,le2i-blazepose::Home_02_video_42,data/keypoints_le2i_blazepose/Home_02_video_42.npz,61,85,0,0,0,0.0015422564
le2i-blazepose,le2i-blazepose::Home_02_video_42,data/keypoints_le2i_blazepose/Home_02_video_42.npz,66,90,0,0,0,0.002201397
le2i-blazepose,le2i-blazepose::Home_02_video_42,data/keypoints_le2i_blazepose/Home_02_video_42.npz,71,95,0,0,0,0.003308282
le2i-blazepose,le2i-blazepose::Home_02_video_42,data/keypoints_le2i_blazepose/Home_02_video_42.npz,76,100,0,0,0,0.0043322956
le2i-blazepose,le2i-blazepose::Home_02_video_42,data/keypoints_le2i_blazepose/Home_02_video_42.npz,81,105,0,0,0,0.0046504196
le2i-blazepose,le2i-blazepose::Home_02_video_42,data/keypoints_le2i_blazepose/Home_02_video_42.npz,86,110,0,0,0,0.0042932704
le2i-blazepose,le2i-blazepose::Home_02_video_42,data/keypoints_le2i_blazepose/Home_02_video_42.npz,91,115,0,0,0,0.003932093
le2i-blazepose,le2i-blazepose::Home_02_video_42,data/keypoints_le2i_blazepose/Home_02_video_42.npz,96,120,0,0,0,0.0036288921
le2i-blazepose,le2i-blazepose::Home_02_video_42,data/keypoints_le2i_blazepose/Home_02_video_42.npz,101,125,0,0,0,0.0036461514
le2i-blazepose,le2i-blazepose::Home_02_video_42,data/keypoints_le2i_blazepose/Home_02_video_42.npz,106,130,0,0,0,0.0021443467
le2i-blazepose,le2i-blazepose::Home_02_video_42,data/keypoints_le2i_blazepose/Home_02_video_42.npz,111,135,0,0,0,0.0021811603
le2i-blazepose,le2i-blazepose::Home_02_video_42,data/keypoints_le2i_blazepose/Home_02_video_42.npz,116,140,0,0,0,0.0022192567
le2i-blazepose,le2i-blazepose::Home_02_video_42,data/keypoints_le2i_blazepose/Home_02_video_42.npz,121,145,0,0,0,0.002233
le2i-blazepose,le2i-blazepose::Home_02_video_42,data/keypoints_le2i_blazepose/Home_02_video_42.npz,126,150,0,0,0,0.0022265087
le2i-blazepose,le2i-blazepose::Home_02_video_42,data/keypoints_le2i_blazepose/Home_02_video_42.npz,131,155,0,0,0,0.0022288847
le2i-blazepose,le2i-blazepose::Home_02_video_42,data/keypoints_le2i_blazepose/Home_02_video_42.npz,136,160,0,0,0,0.0022209277
le2i-blazepose,le2i-blazepose::Home_02_video_42,data/keypoints_le2i_blazepose/Home_02_video_42.npz,141,165,0,0,0,0.002210264
le2i-blazepose,le2i-blazepose::Home_02_video_44,data/keypoints_le2i_blazepose/Home_02_video_44.npz,1,25,0,0,0,0.0027837695
le2i-blazepose,le2i-blazepose::Home_02_video_44,data/keypoints_le2i_blazepose/Home_02_video_44.npz,6,30,0,0,0,0.0022276603
le2i-blazepose,le2i-blazepose::Home_02_video_44,data/keypoints_le2i_blazepose/Home_02_video_44.npz,11,35,0,0,0,0.0028206543
le2i-blazepose,le2i-blazepose::Home_02_video_44,data/keypoints_le2i_blazepose/Home_02_video_44.npz,16,40,0,0,0,0.0025466501
le2i-blazepose,le2i-blazepose::Home_02_video_44,data/keypoints_le2i_blazepose/Home_02_video_44.npz,21,45,0,0,0,0.0025249717
le2i-blazepose,le2i-blazepose::Home_02_video_44,data/keypoints_le2i_blazepose/Home_02_video_44.npz,26,50,0,0,0,0.0023009356
le2i-blazepose,le2i-blazepose::Home_02_video_44,data/keypoints_le2i_blazepose/Home_02_video_44.npz,31,55,0,0,0,0.0033647926
le2i-blazepose,le2i-blazepose::Home_02_video_44,data/keypoints_le2i_blazepose/Home_02_video_44.npz,36,60,0,0,0,0.0031047682
le2i-blazepose,le2i-blazepose::Home_02_video_44,data/keypoints_le2i_blazepose/Home_02_video_44.npz,41,65,0,0,0,0.0030724416
le2i-blazepose,le2i-blazepose::Home_02_video_44,data/keypoints_le2i_blazepose/Home_02_video_44.npz,46,70,0,0,0,0.003097552
le2i-blazepose,le2i-blazepose::Home_02_video_44,data/keypoints_le2i_blazepose/Home_02_video_44.npz,51,75,0,0,0,0.003116472
le2i-blazepose,le2i-blazepose::Home_02_video_44,data/keypoints_le2i_blazepose/Home_02_video_44.npz,56,80,0,0,0,0.001102266
le2i-blazepose,le2i-blazepose::Home_02_video_44,data/keypoints_le2i_blazepose/Home_02_video_44.npz,61,85,0,0,0,0.0008621825
le2i-blazepose,le2i-blazepose::Home_02_video_44,data/keypoints_le2i_blazepose/Home_02_video_44.npz,66,90,0,0,0,0.0007185651
le2i-blazepose,le2i-blazepose::Home_02_video_44,data/keypoints_le2i_blazepose/Home_02_video_44.npz,71,95,0,0,0,0.00074258173
le2i-blazepose,le2i-blazepose::Home_02_video_44,data/keypoints_le2i_blazepose/Home_02_video_44.npz,76,100,0,0,0,0.001349512
le2i-blazepose,le2i-blazepose::Home_02_video_44,data/keypoints_le2i_blazepose/Home_02_video_44.npz,81,105,0,0,0,0.0016359619
le2i-blazepose,le2i-blazepose::Home_02_video_44,data/keypoints_le2i_blazepose/Home_02_video_44.npz,86,110,0,0,0,0.0023848282
le2i-blazepose,le2i-blazepose::Home_02_video_44,data/keypoints_le2i_blazepose/Home_02_video_44.npz,91,115,0,0,0,0.0038357056
le2i-blazepose,le2i-blazepose::Home_02_video_44,data/keypoints_le2i_blazepose/Home_02_video_44.npz,96,120,0,0,0,0.004567334
le2i-blazepose,le2i-blazepose::Home_02_video_44,data/keypoints_le2i_blazepose/Home_02_video_44.npz,101,125,0,0,0,0.00471112
le2i-blazepose,le2i-blazepose::Home_02_video_44,data/keypoints_le2i_blazepose/Home_02_video_44.npz,106,130,0,0,0,0.0047324556
le2i-blazepose,le2i-blazepose::Home_02_video_44,data/keypoints_le2i_blazepose/Home_02_video_44.npz,111,135,0,0,0,0.004866914
le2i-blazepose,le2i-blazepose::Home_02_video_44,data/keypoints_le2i_blazepose/Home_02_video_44.npz,116,140,0,0,0,0.0048218626
le2i-blazepose,le2i-blazepose::Home_02_video_44,data/keypoints_le2i_blazepose/Home_02_video_44.npz,121,145,0,0,0,0.0044760522
le2i-blazepose,le2i-blazepose::Home_02_video_44,data/keypoints_le2i_blazepose/Home_02_video_44.npz,126,150,0,0,0,0.004588228
le2i-blazepose,le2i-blazepose::Home_02_video_44,data/keypoints_le2i_blazepose/Home_02_video_44.npz,131,155,0,0,0,0.0071127317
le2i-blazepose,le2i-blazepose::Home_02_video_44,data/keypoints_le2i_blazepose/Home_02_video_44.npz,136,160,0,0,0,0.008704238
le2i-blazepose,le2i-blazepose::Home_02_video_44,data/keypoints_le2i_blazepose/Home_02_video_44.npz,141,165,0,0,0,0.008811566
le2i-blazepose,le2i-blazepose::Home_02_video_44,data/keypoints_le2i_blazepose/Home_02_video_44.npz,146,170,0,0,0,0.008041022
le2i-blazepose,le2i-blazepose::Home_02_video_44,data/keypoints_le2i_blazepose/Home_02_video_44.npz,151,175,0,0,0,0.007476935
le2i-blazepose,le2i-blazepose::Home_02_video_44,data/keypoints_le2i_blazepose/Home_02_video_44.npz,156,180,0,0,0,0.007369494
le2i-blazepose,le2i-blazepose::Home_02_video_44,data/keypoints_le2i_blazepose/Home_02_video_44.npz,161,185,0,0,0,0.0061635394
le2i-blazepose,le2i-blazepose::Home_02_video_44,data/keypoints_le2i_blazepose/Home_02_video_44.npz,166,190,0,0,0,0.005128841
le2i-blazepose,le2i-blazepose::Home_02_video_44,data/keypoints_le2i_blazepose/Home_02_video_44.npz,171,195,0,0,0,0.004244815
le2i-blazepose,le2i-blazepose::Home_02_video_44,data/keypoints_le2i_blazepose/Home_02_video_44.npz,176,200,0,0,0,0.004244815
le2i-blazepose,le2i-blazepose::Home_02_video_44,data/keypoints_le2i_blazepose/Home_02_video_44.npz,201,225,0,0,0,0.0023075345
le2i-blazepose,le2i-blazepose::Home_02_video_44,data/keypoints_le2i_blazepose/Home_02_video_44.npz,206,230,0,0,0,0.0023782596
le2i-blazepose,le2i-blazepose::Home_02_video_44,data/keypoints_le2i_blazepose/Home_02_video_44.npz,211,235,0,0,0,0.0024243835
le2i-blazepose,le2i-blazepose::Home_02_video_44,data/keypoints_le2i_blazepose/Home_02_video_44.npz,216,240,0,0,0,0.002691343
le2i-blazepose,le2i-blazepose::Home_02_video_44,data/keypoints_le2i_blazepose/Home_02_video_44.npz,221,245,0,0,0,0.0030043945
le2i-blazepose,le2i-blazepose::Home_02_video_44,data/keypoints_le2i_blazepose/Home_02_video_44.npz,226,250,0,0,0,0.0032427239
le2i-blazepose,le2i-blazepose::Home_02_video_44,data/keypoints_le2i_blazepose/Home_02_video_44.npz,231,255,0,0,0,0.0034312876
le2i-blazepose,le2i-blazepose::Home_02_video_44,data/keypoints_le2i_blazepose/Home_02_video_44.npz,236,260,0,0,0,0.0037523236
le2i-blazepose,le2i-blazepose::Home_02_video_44,data/keypoints_le2i_blazepose/Home_02_video_44.npz,241,265,0,0,0,0.0038378083
le2i-blazepose,le2i-blazepose::Home_02_video_44,data/keypoints_le2i_blazepose/Home_02_video_44.npz,246,270,0,0,0,0.003826304
le2i-blazepose,le2i-blazepose::Home_02_video_44,data/keypoints_le2i_blazepose/Home_02_video_44.npz,251,275,0,0,0,0.0033150369
le2i-blazepose,le2i-blazepose::Home_02_video_44,data/keypoints_le2i_blazepose/Home_02_video_44.npz,256,280,0,0,0,0.0034183476
le2i-blazepose,le2i-blazepose::Home_02_video_47,data/keypoints_le2i_blazepose/Home_02_video_47.npz,46,70,0,0,0,0.0042847437
le2i-blazepose,le2i-blazepose::Home_02_video_47,data/keypoints_le2i_blazepose/Home_02_video_47.npz,51,75,0,0,0,0.0042847437
le2i-blazepose,le2i-blazepose::Home_02_video_47,data/keypoints_le2i_blazepose/Home_02_video_47.npz,56,80,0,0,0,0.0042847437
le2i-blazepose,le2i-blazepose::Home_02_video_47,data/keypoints_le2i_blazepose/Home_02_video_47.npz,61,85,0,0,0,0.0042847437
le2i-blazepose,le2i-blazepose::Home_02_video_47,data/keypoints_le2i_blazepose/Home_02_video_47.npz,66,90,0,0,0,0.0042847437
le2i-blazepose,le2i-blazepose::Home_02_video_47,data/keypoints_le2i_blazepose/Home_02_video_47.npz,91,115,0,0,0,0.002901042
le2i-blazepose,le2i-blazepose::Home_02_video_47,data/keypoints_le2i_blazepose/Home_02_video_47.npz,96,120,0,0,0,0.0026405854
le2i-blazepose,le2i-blazepose::Home_02_video_47,data/keypoints_le2i_blazepose/Home_02_video_47.npz,101,125,0,0,0,0.0019890524
le2i-blazepose,le2i-blazepose::Home_02_video_47,data/keypoints_le2i_blazepose/Home_02_video_47.npz,106,130,0,0,0,0.00203811
le2i-blazepose,le2i-blazepose::Home_02_video_47,data/keypoints_le2i_blazepose/Home_02_video_47.npz,111,135,0,0,0,0.0023514973
le2i-blazepose,le2i-blazepose::Home_02_video_47,data/keypoints_le2i_blazepose/Home_02_video_47.npz,116,140,0,0,0,0.0021356186
le2i-blazepose,le2i-blazepose::Home_02_video_47,data/keypoints_le2i_blazepose/Home_02_video_47.npz,121,145,0,0,0,0.002177127
le2i-blazepose,le2i-blazepose::Home_02_video_47,data/keypoints_le2i_blazepose/Home_02_video_47.npz,126,150,0,0,0,0.0023366862
le2i-blazepose,le2i-blazepose::Home_02_video_47,data/keypoints_le2i_blazepose/Home_02_video_47.npz,131,155,0,0,0,0.002358083
le2i-blazepose,le2i-blazepose::Home_02_video_47,data/keypoints_le2i_blazepose/Home_02_video_47.npz,136,160,0,0,0,0.0022757137
le2i-blazepose,le2i-blazepose::Home_02_video_47,data/keypoints_le2i_blazepose/Home_02_video_47.npz,141,165,0,0,0,0.0023891204
le2i-blazepose,le2i-blazepose::Home_02_video_47,data/keypoints_le2i_blazepose/Home_02_video_47.npz,146,170,0,0,0,0.0019522264
le2i-blazepose,le2i-blazepose::Home_02_video_47,data/keypoints_le2i_blazepose/Home_02_video_47.npz,151,175,0,0,0,0.0018074163
le2i-blazepose,le2i-blazepose::Home_02_video_47,data/keypoints_le2i_blazepose/Home_02_video_47.npz,156,180,0,0,0,0.0017325074
le2i-blazepose,le2i-blazepose::Home_02_video_47,data/keypoints_le2i_blazepose/Home_02_video_47.npz,161,185,0,0,0,0.0017685419
le2i-blazepose,le2i-blazepose::Home_02_video_47,data/keypoints_le2i_blazepose/Home_02_video_47.npz,166,190,0,0,0,0.001807611
le2i-blazepose,le2i-blazepose::Home_02_video_47,data/keypoints_le2i_blazepose/Home_02_video_47.npz,171,195,0,0,0,0.0018206285
le2i-blazepose,le2i-blazepose::Home_02_video_47,data/keypoints_le2i_blazepose/Home_02_video_47.npz,176,200,0,0,0,0.0018298948
le2i-blazepose,le2i-blazepose::Home_02_video_47,data/keypoints_le2i_blazepose/Home_02_video_47.npz,181,205,0,0,0,0.0017757111
le2i-blazepose,le2i-blazepose::Home_02_video_47,data/keypoints_le2i_blazepose/Home_02_video_47.npz,186,210,0,0,0,0.0017857951
le2i-blazepose,le2i-blazepose::Home_02_video_47,data/keypoints_le2i_blazepose/Home_02_video_47.npz,191,215,0,0,0,0.0018399155
le2i-blazepose,le2i-blazepose::Home_02_video_47,data/keypoints_le2i_blazepose/Home_02_video_47.npz,196,220,0,0,0,0.001811421
le2i-blazepose,le2i-blazepose::Home_02_video_47,data/keypoints_le2i_blazepose/Home_02_video_47.npz,201,225,0,0,0,0.0017794677
le2i-blazepose,le2i-blazepose::Home_02_video_47,data/keypoints_le2i_blazepose/Home_02_video_47.npz,206,230,0,0,0,0.001806608
le2i-blazepose,le2i-blazepose::Home_02_video_47,data/keypoints_le2i_blazepose/Home_02_video_47.npz,211,235,0,0,0,0.00211774
le2i-blazepose,le2i-blazepose::Home_02_video_47,data/keypoints_le2i_blazepose/Home_02_video_47.npz,216,240,0,0,0,0.0026406504
le2i-blazepose,le2i-blazepose::Home_02_video_47,data/keypoints_le2i_blazepose/Home_02_video_47.npz,221,245,0,0,0,0.002635424
le2i-blazepose,le2i-blazepose::Home_02_video_47,data/keypoints_le2i_blazepose/Home_02_video_47.npz,226,250,0,0,0,0.0026254884
le2i-blazepose,le2i-blazepose::Home_02_video_47,data/keypoints_le2i_blazepose/Home_02_video_47.npz,231,255,0,0,0,0.0026209399
le2i-blazepose,le2i-blazepose::Home_02_video_47,data/keypoints_le2i_blazepose/Home_02_video_47.npz,236,260,0,0,0,0.0017900561
le2i-blazepose,le2i-blazepose::Home_02_video_47,data/keypoints_le2i_blazepose/Home_02_video_47.npz,241,265,0,0,0,0.0027104535
le2i-blazepose,le2i-blazepose::Home_02_video_47,data/keypoints_le2i_blazepose/Home_02_video_47.npz,246,270,0,0,0,0.0026325427
le2i-blazepose,le2i-blazepose::Home_02_video_47,data/keypoints_le2i_blazepose/Home_02_video_47.npz,251,275,0,0,0,0.0025794806
le2i-blazepose,le2i-blazepose::Home_02_video_47,data/keypoints_le2i_blazepose/Home_02_video_47.npz,256,280,0,0,0,0.0025882206
le2i-blazepose,le2i-blazepose::Home_02_video_47,data/keypoints_le2i_blazepose/Home_02_video_47.npz,261,285,0,0,0,0.0025713549
le2i-blazepose,le2i-blazepose::Home_02_video_52,data/keypoints_le2i_blazepose/Home_02_video_52.npz,1,25,0,0,0,0.0028855037
le2i-blazepose,le2i-blazepose::Home_02_video_52,data/keypoints_le2i_blazepose/Home_02_video_52.npz,6,30,0,0,0,0.0028915189
le2i-blazepose,le2i-blazepose::Home_02_video_52,data/keypoints_le2i_blazepose/Home_02_video_52.npz,11,35,0,0,0,0.002902269
le2i-blazepose,le2i-blazepose::Home_02_video_52,data/keypoints_le2i_blazepose/Home_02_video_52.npz,16,40,0,0,0,0.0028929957
le2i-blazepose,le2i-blazepose::Home_02_video_52,data/keypoints_le2i_blazepose/Home_02_video_52.npz,21,45,0,0,0,0.0028890537
le2i-blazepose,le2i-blazepose::Home_02_video_52,data/keypoints_le2i_blazepose/Home_02_video_52.npz,26,50,0,0,0,0.0029367106
le2i-blazepose,le2i-blazepose::Home_02_video_52,data/keypoints_le2i_blazepose/Home_02_video_52.npz,31,55,0,0,0,0.0030485727
le2i-blazepose,le2i-blazepose::Home_02_video_52,data/keypoints_le2i_blazepose/Home_02_video_52.npz,36,60,0,0,0,0.0033179447
le2i-blazepose,le2i-blazepose::Home_02_video_52,data/keypoints_le2i_blazepose/Home_02_video_52.npz,41,65,0,0,0,0.0033604377
le2i-blazepose,le2i-blazepose::Home_02_video_52,data/keypoints_le2i_blazepose/Home_02_video_52.npz,46,70,0,0,0,0.0022358405
le2i-blazepose,le2i-blazepose::Home_02_video_52,data/keypoints_le2i_blazepose/Home_02_video_52.npz,51,75,0,0,0,0.0015303429
le2i-blazepose,le2i-blazepose::Home_02_video_52,data/keypoints_le2i_blazepose/Home_02_video_52.npz,56,80,0,0,0,0.0014068326
le2i-blazepose,le2i-blazepose::Home_02_video_52,data/keypoints_le2i_blazepose/Home_02_video_52.npz,61,85,0,0,0,0.000528753
le2i-blazepose,le2i-blazepose::Home_02_video_52,data/keypoints_le2i_blazepose/Home_02_video_52.npz,66,90,0,0,0,0.0047552497
le2i-blazepose,le2i-blazepose::Home_02_video_52,data/keypoints_le2i_blazepose/Home_02_video_52.npz,71,95,0,0,0,0.0065349666
le2i-blazepose,le2i-blazepose::Home_02_video_52,data/keypoints_le2i_blazepose/Home_02_video_52.npz,76,100,0,0,0,0.0047079544
le2i-blazepose,le2i-blazepose::Home_02_video_52,data/keypoints_le2i_blazepose/Home_02_video_52.npz,81,105,0,0,0,0.0054649455
le2i-blazepose,le2i-blazepose::Home_02_video_52,data/keypoints_le2i_blazepose/Home_02_video_52.npz,86,110,0,0,0,0.0053429315
le2i-blazepose,le2i-blazepose::Home_02_video_52,data/keypoints_le2i_blazepose/Home_02_video_52.npz,91,115,0,0,0,0.005738076
le2i-blazepose,le2i-blazepose::Home_02_video_52,data/keypoints_le2i_blazepose/Home_02_video_52.npz,96,120,0,0,0,0.0067371004
le2i-blazepose,le2i-blazepose::Home_02_video_52,data/keypoints_le2i_blazepose/Home_02_video_52.npz,101,125,0,0,0,0.0073586884
le2i-blazepose,le2i-blazepose::Home_02_video_52,data/keypoints_le2i_blazepose/Home_02_video_52.npz,106,130,0,0,0,0.0986703
le2i-blazepose,le2i-blazepose::Home_02_video_52,data/keypoints_le2i_blazepose/Home_02_video_52.npz,111,135,0,0,0,0.04941623
le2i-blazepose,le2i-blazepose::Home_02_video_52,data/keypoints_le2i_blazepose/Home_02_video_52.npz,116,140,0,0,0,0.015364188
le2i-blazepose,le2i-blazepose::Home_02_video_52,data/keypoints_le2i_blazepose/Home_02_video_52.npz,121,145,0,0,0,0.0036092284
le2i-blazepose,le2i-blazepose::Home_02_video_52,data/keypoints_le2i_blazepose/Home_02_video_52.npz,126,150,0,0,0,0.0033255522
le2i-blazepose,le2i-blazepose::Home_02_video_52,data/keypoints_le2i_blazepose/Home_02_video_52.npz,131,155,0,0,0,0.0031597777
le2i-blazepose,le2i-blazepose::Home_02_video_52,data/keypoints_le2i_blazepose/Home_02_video_52.npz,136,160,0,0,0,0.0034001768
le2i-blazepose,le2i-blazepose::Home_02_video_52,data/keypoints_le2i_blazepose/Home_02_video_52.npz,141,165,0,0,0,0.0032994756
le2i-blazepose,le2i-blazepose::Home_02_video_52,data/keypoints_le2i_blazepose/Home_02_video_52.npz,146,170,0,0,0,0.0032605787
le2i-blazepose,le2i-blazepose::Home_02_video_52,data/keypoints_le2i_blazepose/Home_02_video_52.npz,151,175,0,0,0,0.0032502133
le2i-blazepose,le2i-blazepose::Home_02_video_52,data/keypoints_le2i_blazepose/Home_02_video_52.npz,156,180,0,0,0,0.0043713427
le2i-blazepose,le2i-blazepose::Home_02_video_53,data/keypoints_le2i_blazepose/Home_02_video_53.npz,1,25,0,0,0,0.002126189
le2i-blazepose,le2i-blazepose::Home_02_video_53,data/keypoints_le2i_blazepose/Home_02_video_53.npz,6,30,0,0,0,0.0025174937
le2i-blazepose,le2i-blazepose::Home_02_video_53,data/keypoints_le2i_blazepose/Home_02_video_53.npz,11,35,0,0,0,0.00273699
le2i-blazepose,le2i-blazepose::Home_02_video_53,data/keypoints_le2i_blazepose/Home_02_video_53.npz,16,40,0,0,0,0.0024518368
le2i-blazepose,le2i-blazepose::Home_02_video_53,data/keypoints_le2i_blazepose/Home_02_video_53.npz,21,45,0,0,0,0.0010770515
le2i-blazepose,le2i-blazepose::Home_02_video_53,data/keypoints_le2i_blazepose/Home_02_video_53.npz,26,50,0,0,0,0.0008337676
le2i-blazepose,le2i-blazepose::Home_02_video_53,data/keypoints_le2i_blazepose/Home_02_video_53.npz,31,55,0,0,0,0.0024121788
le2i-blazepose,le2i-blazepose::Home_02_video_53,data/keypoints_le2i_blazepose/Home_02_video_53.npz,36,60,0,0,0,0.0023759527
le2i-blazepose,le2i-blazepose::Home_02_video_53,data/keypoints_le2i_blazepose/Home_02_video_53.npz,41,65,0,0,0,0.0027072781
le2i-blazepose,le2i-blazepose::Home_02_video_53,data/keypoints_le2i_blazepose/Home_02_video_53.npz,46,70,0,0,0,0.003733366
le2i-blazepose,le2i-blazepose::Home_02_video_53,data/keypoints_le2i_blazepose/Home_02_video_53.npz,51,75,0,0,0,0.004669759
le2i-blazepose,le2i-blazepose::Home_02_video_53,data/keypoints_le2i_blazepose/Home_02_video_53.npz,56,80,0,0,0,0.005523017
le2i-blazepose,le2i-blazepose::Home_02_video_53,data/keypoints_le2i_blazepose/Home_02_video_53.npz,61,85,0,0,0,0.005428796
le2i-blazepose,le2i-blazepose::Home_02_video_53,data/keypoints_le2i_blazepose/Home_02_video_53.npz,66,90,0,0,0,0.00606868
le2i-blazepose,le2i-blazepose::Home_02_video_53,data/keypoints_le2i_blazepose/Home_02_video_53.npz,71,95,0,0,0,0.007334826
le2i-blazepose,le2i-blazepose::Home_02_video_53,data/keypoints_le2i_blazepose/Home_02_video_53.npz,76,100,0,0,0,0.0075966287
le2i-blazepose,le2i-blazepose::Home_02_video_53,data/keypoints_le2i_blazepose/Home_02_video_53.npz,81,105,0,0,0,0.0627007
le2i-blazepose,le2i-blazepose::Home_02_video_53,data/keypoints_le2i_blazepose/Home_02_video_53.npz,86,110,0,0,0,0.023139143
le2i-blazepose,le2i-blazepose::Home_02_video_53,data/keypoints_le2i_blazepose/Home_02_video_53.npz,91,115,0,0,0,0.005281943
le2i-blazepose,le2i-blazepose::Home_02_video_53,data/keypoints_le2i_blazepose/Home_02_video_53.npz,96,120,0,0,0,0.002462269
le2i-blazepose,le2i-blazepose::Home_02_video_53,data/keypoints_le2i_blazepose/Home_02_video_53.npz,101,125,0,0,0,0.002563041
le2i-blazepose,le2i-blazepose::Home_02_video_53,data/keypoints_le2i_blazepose/Home_02_video_53.npz,106,130,0,0,0,0.0029116203
le2i-blazepose,le2i-blazepose::Home_02_video_53,data/keypoints_le2i_blazepose/Home_02_video_53.npz,111,135,0,0,0,0.0030396716
le2i-blazepose,le2i-blazepose::Home_02_video_53,data/keypoints_le2i_blazepose/Home_02_video_53.npz,116,140,0,0,0,0.0032960796
le2i-blazepose,le2i-blazepose::Home_02_video_53,data/keypoints_le2i_blazepose/Home_02_video_53.npz,121,145,0,0,0,0.0032804469
le2i-blazepose,le2i-blazepose::Home_02_video_53,data/keypoints_le2i_blazepose/Home_02_video_53.npz,126,150,0,0,0,0.0031967335
le2i-blazepose,le2i-blazepose::Home_02_video_53,data/keypoints_le2i_blazepose/Home_02_video_53.npz,131,155,0,0,0,0.0031369422
ur-blazepose,ur-blazepose::adl-04-cam0-rgb,data/keypoints_ur_blazepose/adl/adl-04-cam0-rgb.npz,1,30,0,0,0,0.0022125535
ur-blazepose,ur-blazepose::adl-04-cam0-rgb,data/keypoints_ur_blazepose/adl/adl-04-cam0-rgb.npz,7,36,0,0,0,0.0019440369
ur-blazepose,ur-blazepose::adl-04-cam0-rgb,data/keypoints_ur_blazepose/adl/adl-04-cam0-rgb.npz,13,42,0,0,0,0.0021620183
ur-blazepose,ur-blazepose::adl-04-cam0-rgb,data/keypoints_ur_blazepose/adl/adl-04-cam0-rgb.npz,19,48,0,0,0,0.0022910326
ur-blazepose,ur-blazepose::adl-04-cam0-rgb,data/keypoints_ur_blazepose/adl/adl-04-cam0-rgb.npz,25,54,0,0,0,0.00497145
ur-blazepose,ur-blazepose::adl-04-cam0-rgb,data/keypoints_ur_blazepose/adl/adl-04-cam0-rgb.npz,31,60,0,0,0,0.024131967
ur-blazepose,ur-blazepose::adl-04-cam0-rgb,data/keypoints_ur_blazepose/adl/adl-04-cam0-rgb.npz,37,66,0,0,0,0.009637455
ur-blazepose,ur-blazepose::adl-04-cam0-rgb,data/keypoints_ur_blazepose/adl/adl-04-cam0-rgb.npz,43,72,0,0,0,0.06473589
ur-blazepose,ur-blazepose::adl-04-cam0-rgb,data/keypoints_ur_blazepose/adl/adl-04-cam0-rgb.npz,49,78,0,0,0,0.18949242
ur-blazepose,ur-blazepose::adl-04-cam0-rgb,data/keypoints_ur_blazepose/adl/adl-04-cam0-rgb.npz,55,84,0,0,0,0.28373107
ur-blazepose,ur-blazepose::adl-04-cam0-rgb,data/keypoints_ur_blazepose/adl/adl-04-cam0-rgb.npz,61,90,0,0,0,0.10192439
ur-blazepose,ur-blazepose::adl-04-cam0-rgb,data/keypoints_ur_blazepose/adl/adl-04-cam0-rgb.npz,67,96,0,0,0,0.0698956
ur-blazepose,ur-blazepose::adl-04-cam0-rgb,data/keypoints_ur_blazepose/adl/adl-04-cam0-rgb.npz,73,102,0,0,0,0.0690329
ur-blazepose,ur-blazepose::adl-04-cam0-rgb,data/keypoints_ur_blazepose/adl/adl-04-cam0-rgb.npz,79,108,0,0,0,0.06534999
ur-blazepose,ur-blazepose::adl-04-cam0-rgb,data/keypoints_ur_blazepose/adl/adl-04-cam0-rgb.npz,85,114,0,0,0,0.034903284
ur-blazepose,ur-blazepose::adl-04-cam0-rgb,data/keypoints_ur_blazepose/adl/adl-04-cam0-rgb.npz,91,120,0,0,0,0.006160716
ur-blazepose,ur-blazepose::adl-04-cam0-rgb,data/keypoints_ur_blazepose/adl/adl-04-cam0-rgb.npz,97,126,0,0,0,0.0022030408
ur-blazepose,ur-blazepose::adl-04-cam0-rgb,data/keypoints_ur_blazepose/adl/adl-04-cam0-rgb.npz,103,132,0,0,0,0.00365726
ur-blazepose,ur-blazepose::adl-04-cam0-rgb,data/keypoints_ur_blazepose/adl/adl-04-cam0-rgb.npz,109,138,0,0,0,0.002782367
ur-blazepose,ur-blazepose::adl-04-cam0-rgb,data/keypoints_ur_blazepose/adl/adl-04-cam0-rgb.npz,115,144,0,0,0,0.0019421423
ur-blazepose,ur-blazepose::adl-04-cam0-rgb,data/keypoints_ur_blazepose/adl/adl-04-cam0-rgb.npz,121,150,0,0,0,0.0009170566
ur-blazepose,ur-blazepose::adl-05-cam0-rgb,data/keypoints_ur_blazepose/adl/adl-05-cam0-rgb.npz,1,30,0,0,0,0.0024895298
ur-blazepose,ur-blazepose::adl-05-cam0-rgb,data/keypoints_ur_blazepose/adl/adl-05-cam0-rgb.npz,7,36,0,0,0,0.0029624247
ur-blazepose,ur-blazepose::adl-05-cam0-rgb,data/keypoints_ur_blazepose/adl/adl-05-cam0-rgb.npz,13,42,0,0,0,0.0025428496
ur-blazepose,ur-blazepose::adl-05-cam0-rgb,data/keypoints_ur_blazepose/adl/adl-05-cam0-rgb.npz,19,48,0,0,0,0.0028736372
ur-blazepose,ur-blazepose::adl-05-cam0-rgb,data/keypoints_ur_blazepose/adl/adl-05-cam0-rgb.npz,25,54,0,0,0,0.005281173
ur-blazepose,ur-blazepose::adl-05-cam0-rgb,data/keypoints_ur_blazepose/adl/adl-05-cam0-rgb.npz,31,60,0,0,0,0.007737266
ur-blazepose,ur-blazepose::adl-05-cam0-rgb,data/keypoints_ur_blazepose/adl/adl-05-cam0-rgb.npz,37,66,0,0,0,0.0070007285
ur-blazepose,ur-blazepose::adl-05-cam0-rgb,data/keypoints_ur_blazepose/adl/adl-05-cam0-rgb.npz,43,72,0,0,0,0.008926675
ur-blazepose,ur-blazepose::adl-05-cam0-rgb,data/keypoints_ur_blazepose/adl/adl-05-cam0-rgb.npz,49,78,0,0,0,0.010055909
ur-blazepose,ur-blazepose::adl-05-cam0-rgb,data/keypoints_ur_blazepose/adl/adl-05-cam0-rgb.npz,55,84,0,0,0,0.008209756
ur-blazepose,ur-blazepose::adl-05-cam0-rgb,data/keypoints_ur_blazepose/adl/adl-05-cam0-rgb.npz,61,90,0,0,0,0.0044209636
ur-blazepose,ur-blazepose::adl-05-cam0-rgb,data/keypoints_ur_blazepose/adl/adl-05-cam0-rgb.npz,67,96,0,0,0,0.0047259843
ur-blazepose,ur-blazepose::adl-05-cam0-rgb,data/keypoints_ur_blazepose/adl/adl-05-cam0-rgb.npz,73,102,0,0,0,0.033091106
ur-blazepose,ur-blazepose::adl-05-cam0-rgb,data/keypoints_ur_blazepose/adl/adl-05-cam0-rgb.npz,79,108,0,0,0,0.1585731
ur-blazepose,ur-blazepose::adl-05-cam0-rgb,data/keypoints_ur_blazepose/adl/adl-05-cam0-rgb.npz,85,114,0,0,0,0.27076
ur-blazepose,ur-blazepose::adl-05-cam0-rgb,data/keypoints_ur_blazepose/adl/adl-05-cam0-rgb.npz,91,120,0,0,0,0.4412051
ur-blazepose,ur-blazepose::adl-05-cam0-rgb,data/keypoints_ur_blazepose/adl/adl-05-cam0-rgb.npz,97,126,0,0,0,0.4045341
ur-blazepose,ur-blazepose::adl-05-cam0-rgb,data/keypoints_ur_blazepose/adl/adl-05-cam0-rgb.npz,103,132,0,0,0,0.22670655
ur-blazepose,ur-blazepose::adl-05-cam0-rgb,data/keypoints_ur_blazepose/adl/adl-05-cam0-rgb.npz,109,138,0,0,0,0.04740905
ur-blazepose,ur-blazepose::adl-05-cam0-rgb,data/keypoints_ur_blazepose/adl/adl-05-cam0-rgb.npz,115,144,0,0,0,0.0026283346
ur-blazepose,ur-blazepose::adl-05-cam0-rgb,data/keypoints_ur_blazepose/adl/adl-05-cam0-rgb.npz,121,150,0,0,0,0.00067817135
ur-blazepose,ur-blazepose::adl-05-cam0-rgb,data/keypoints_ur_blazepose/adl/adl-05-cam0-rgb.npz,127,156,0,0,0,0.0004417283
ur-blazepose,ur-blazepose::adl-05-cam0-rgb,data/keypoints_ur_blazepose/adl/adl-05-cam0-rgb.npz,133,162,0,0,0,0.0005108156
ur-blazepose,ur-blazepose::adl-05-cam0-rgb,data/keypoints_ur_blazepose/adl/adl-05-cam0-rgb.npz,139,168,0,0,0,0.0008623859
ur-blazepose,ur-blazepose::adl-05-cam0-rgb,data/keypoints_ur_blazepose/adl/adl-05-cam0-rgb.npz,145,174,0,0,0,0.0010612939
ur-blazepose,ur-blazepose::adl-05-cam0-rgb,data/keypoints_ur_blazepose/adl/adl-05-cam0-rgb.npz,151,180,0,0,0,0.0014713394
ur-blazepose,ur-blazepose::adl-18-cam0-rgb,data/keypoints_ur_blazepose/adl/adl-18-cam0-rgb.npz,67,96,0,0,0,0.0026753729
ur-blazepose,ur-blazepose::adl-18-cam0-rgb,data/keypoints_ur_blazepose/adl/adl-18-cam0-rgb.npz,73,102,0,0,0,0.0010694859
ur-blazepose,ur-blazepose::adl-18-cam0-rgb,data/keypoints_ur_blazepose/adl/adl-18-cam0-rgb.npz,79,108,0,0,0,0.0009031723
ur-blazepose,ur-blazepose::adl-18-cam0-rgb,data/keypoints_ur_blazepose/adl/adl-18-cam0-rgb.npz,85,114,0,0,0,0.00085318106
ur-blazepose,ur-blazepose::adl-18-cam0-rgb,data/keypoints_ur_blazepose/adl/adl-18-cam0-rgb.npz,91,120,0,0,0,0.0009232501
ur-blazepose,ur-blazepose::adl-18-cam0-rgb,data/keypoints_ur_blazepose/adl/adl-18-cam0-rgb.npz,97,126,0,0,0,0.0008974728
ur-blazepose,ur-blazepose::adl-18-cam0-rgb,data/keypoints_ur_blazepose/adl/adl-18-cam0-rgb.npz,103,132,0,0,0,0.00076655875
ur-blazepose,ur-blazepose::adl-18-cam0-rgb,data/keypoints_ur_blazepose/adl/adl-18-cam0-rgb.npz,109,138,0,0,0,0.00064478285
ur-blazepose,ur-blazepose::adl-18-cam0-rgb,data/keypoints_ur_blazepose/adl/adl-18-cam0-rgb.npz,115,144,0,0,0,0.00062767096
ur-blazepose,ur-blazepose::adl-18-cam0-rgb,data/keypoints_ur_blazepose/adl/adl-18-cam0-rgb.npz,121,150,0,0,0,0.0007894867
ur-blazepose,ur-blazepose::adl-18-cam0-rgb,data/keypoints_ur_blazepose/adl/adl-18-cam0-rgb.npz,127,156,0,0,0,0.0009768246
ur-blazepose,ur-blazepose::adl-18-cam0-rgb,data/keypoints_ur_blazepose/adl/adl-18-cam0-rgb.npz,133,162,0,0,0,0.0009088213
ur-blazepose,ur-blazepose::adl-18-cam0-rgb,data/keypoints_ur_blazepose/adl/adl-18-cam0-rgb.npz,139,168,0,0,0,0.0014594134
ur-blazepose,ur-blazepose::adl-18-cam0-rgb,data/keypoints_ur_blazepose/adl/adl-18-cam0-rgb.npz,145,174,0,0,0,0.0018934242
ur-blazepose,ur-blazepose::adl-18-cam0-rgb,data/keypoints_ur_blazepose/adl/adl-18-cam0-rgb.npz,151,180,0,0,0,0.001167256
ur-blazepose,ur-blazepose::adl-18-cam0-rgb,data/keypoints_ur_blazepose/adl/adl-18-cam0-rgb.npz,157,186,0,0,0,0.002469129
ur-blazepose,ur-blazepose::adl-18-cam0-rgb,data/keypoints_ur_blazepose/adl/adl-18-cam0-rgb.npz,163,192,0,0,0,0.005009203
ur-blazepose,ur-blazepose::adl-18-cam0-rgb,data/keypoints_ur_blazepose/adl/adl-18-cam0-rgb.npz,169,198,0,0,0,0.021813061
ur-blazepose,ur-blazepose::adl-18-cam0-rgb,data/keypoints_ur_blazepose/adl/adl-18-cam0-rgb.npz,175,204,0,0,0,0.08982485
ur-blazepose,ur-blazepose::adl-18-cam0-rgb,data/keypoints_ur_blazepose/adl/adl-18-cam0-rgb.npz,181,210,0,0,0,0.04749675
ur-blazepose,ur-blazepose::adl-18-cam0-rgb,data/keypoints_ur_blazepose/adl/adl-18-cam0-rgb.npz,187,216,0,0,0,0.0859665
ur-blazepose,ur-blazepose::adl-18-cam0-rgb,data/keypoints_ur_blazepose/adl/adl-18-cam0-rgb.npz,193,222,0,0,0,0.18215409
ur-blazepose,ur-blazepose::adl-18-cam0-rgb,data/keypoints_ur_blazepose/adl/adl-18-cam0-rgb.npz,199,228,0,0,0,0.120375015
ur-blazepose,ur-blazepose::adl-18-cam0-rgb,data/keypoints_ur_blazepose/adl/adl-18-cam0-rgb.npz,205,234,0,0,0,0.096899115
ur-blazepose,ur-blazepose::adl-18-cam0-rgb,data/keypoints_ur_blazepose/adl/adl-18-cam0-rgb.npz,211,240,0,0,0,0.21197715
ur-blazepose,ur-blazepose::adl-18-cam0-rgb,data/keypoints_ur_blazepose/adl/adl-18-cam0-rgb.npz,217,246,0,0,0,0.39325342
ur-blazepose,ur-blazepose::adl-18-cam0-rgb,data/keypoints_ur_blazepose/adl/adl-18-cam0-rgb.npz,223,252,0,0,0,0.4338104
ur-blazepose,ur-blazepose::adl-18-cam0-rgb,data/keypoints_ur_blazepose/adl/adl-18-cam0-rgb.npz,229,258,0,0,0,0.43652087
ur-blazepose,ur-blazepose::adl-26-cam0-rgb,data/keypoints_ur_blazepose/adl/adl-26-cam0-rgb.npz,1,30,0,0,0,0.21404304
ur-blazepose,ur-blazepose::adl-26-cam0-rgb,data/keypoints_ur_blazepose/adl/adl-26-cam0-rgb.npz,7,36,0,0,1,0.936848
ur-blazepose,ur-blazepose::adl-26-cam0-rgb,data/keypoints_ur_blazepose/adl/adl-26-cam0-rgb.npz,13,42,0,0,1,0.98358256
ur-blazepose,ur-blazepose::adl-26-cam0-rgb,data/keypoints_ur_blazepose/adl/adl-26-cam0-rgb.npz,19,48,0,0,1,0.99368274
ur-blazepose,ur-blazepose::adl-26-cam0-rgb,data/keypoints_ur_blazepose/adl/adl-26-cam0-rgb.npz,25,54,0,0,1,0.996197
ur-blazepose,ur-blazepose::adl-26-cam0-rgb,data/keypoints_ur_blazepose/adl/adl-26-cam0-rgb.npz,31,60,0,0,1,0.99630225
ur-blazepose,ur-blazepose::adl-26-cam0-rgb,data/keypoints_ur_blazepose/adl/adl-26-cam0-rgb.npz,37,66,0,0,1,0.8437828
ur-blazepose,ur-blazepose::adl-26-cam0-rgb,data/keypoints_ur_blazepose/adl/adl-26-cam0-rgb.npz,43,72,0,0,0,0.008789397
ur-blazepose,ur-blazepose::adl-26-cam0-rgb,data/keypoints_ur_blazepose/adl/adl-26-cam0-rgb.npz,49,78,0,0,0,0.00045839374
ur-blazepose,ur-blazepose::adl-26-cam0-rgb,data/keypoints_ur_blazepose/adl/adl-26-cam0-rgb.npz,55,84,0,0,0,0.0062025944
ur-blazepose,ur-blazepose::adl-26-cam0-rgb,data/keypoints_ur_blazepose/adl/adl-26-cam0-rgb.npz,61,90,0,0,0,0.035673756
ur-blazepose,ur-blazepose::adl-29-cam0-rgb,data/keypoints_ur_blazepose/adl/adl-29-cam0-rgb.npz,1,30,0,0,0,0.22938405
ur-blazepose,ur-blazepose::adl-29-cam0-rgb,data/keypoints_ur_blazepose/adl/adl-29-cam0-rgb.npz,7,36,0,0,0,0.4415774
ur-blazepose,ur-blazepose::adl-29-cam0-rgb,data/keypoints_ur_blazepose/adl/adl-29-cam0-rgb.npz,13,42,0,0,0,0.47411808
ur-blazepose,ur-blazepose::adl-29-cam0-rgb,data/keypoints_ur_blazepose/adl/adl-29-cam0-rgb.npz,19,48,0,0,1,0.70601875
ur-blazepose,ur-blazepose::adl-29-cam0-rgb,data/keypoints_ur_blazepose/adl/adl-29-cam0-rgb.npz,25,54,0,0,0,0.5878885
ur-blazepose,ur-blazepose::adl-29-cam0-rgb,data/keypoints_ur_blazepose/adl/adl-29-cam0-rgb.npz,31,60,0,0,0,0.15354879
ur-blazepose,ur-blazepose::adl-29-cam0-rgb,data/keypoints_ur_blazepose/adl/adl-29-cam0-rgb.npz,37,66,0,0,0,0.080084674
ur-blazepose,ur-blazepose::adl-29-cam0-rgb,data/keypoints_ur_blazepose/adl/adl-29-cam0-rgb.npz,43,72,0,0,0,0.074455
ur-blazepose,ur-blazepose::adl-29-cam0-rgb,data/keypoints_ur_blazepose/adl/adl-29-cam0-rgb.npz,49,78,0,0,0,0.048331026
ur-blazepose,ur-blazepose::adl-29-cam0-rgb,data/keypoints_ur_blazepose/adl/adl-29-cam0-rgb.npz,55,84,0,0,0,0.04769737
ur-blazepose,ur-blazepose::adl-29-cam0-rgb,data/keypoints_ur_blazepose/adl/adl-29-cam0-rgb.npz,61,90,0,0,0,0.045615617
ur-blazepose,ur-blazepose::adl-29-cam0-rgb,data/keypoints_ur_blazepose/adl/adl-29-cam0-rgb.npz,67,96,0,0,0,0.04453137
ur-blazepose,ur-blazepose::adl-29-cam0-rgb,data/keypoints_ur_blazepose/adl/adl-29-cam0-rgb.npz,73,102,0,0,0,0.044188976
ur-blazepose,ur-blazepose::adl-29-cam0-rgb,data/keypoints_ur_blazepose/adl/adl-29-cam0-rgb.npz,79,108,0,0,0,0.048405003
ur-blazepose,ur-blazepose::adl-29-cam0-rgb,data/keypoints_ur_blazepose/adl/adl-29-cam0-rgb.npz,85,114,0,0,0,0.048793253
ur-blazepose,ur-blazepose::adl-29-cam0-rgb,data/keypoints_ur_blazepose/adl/adl-29-cam0-rgb.npz,91,120,0,0,0,0.04933891
ur-blazepose,ur-blazepose::adl-31-cam0-rgb,data/keypoints_ur_blazepose/adl/adl-31-cam0-rgb.npz,1,30,0,0,0,0.0009304074
ur-blazepose,ur-blazepose::adl-31-cam0-rgb,data/keypoints_ur_blazepose/adl/adl-31-cam0-rgb.npz,7,36,0,0,0,0.0010902376
ur-blazepose,ur-blazepose::adl-31-cam0-rgb,data/keypoints_ur_blazepose/adl/adl-31-cam0-rgb.npz,13,42,0,0,0,0.0013030967
ur-blazepose,ur-blazepose::adl-31-cam0-rgb,data/keypoints_ur_blazepose/adl/adl-31-cam0-rgb.npz,19,48,0,0,0,0.0015205498
ur-blazepose,ur-blazepose::adl-31-cam0-rgb,data/keypoints_ur_blazepose/adl/adl-31-cam0-rgb.npz,25,54,0,0,0,0.002619062
ur-blazepose,ur-blazepose::adl-31-cam0-rgb,data/keypoints_ur_blazepose/adl/adl-31-cam0-rgb.npz,31,60,0,0,0,0.0072750896
ur-blazepose,ur-blazepose::adl-31-cam0-rgb,data/keypoints_ur_blazepose/adl/adl-31-cam0-rgb.npz,37,66,0,0,0,0.01634696
ur-blazepose,ur-blazepose::adl-31-cam0-rgb,data/keypoints_ur_blazepose/adl/adl-31-cam0-rgb.npz,43,72,0,0,0,0.032015726
ur-blazepose,ur-blazepose::adl-31-cam0-rgb,data/keypoints_ur_blazepose/adl/adl-31-cam0-rgb.npz,49,78,0,0,0,0.0362248
ur-blazepose,ur-blazepose::adl-31-cam0-rgb,data/keypoints_ur_blazepose/adl/adl-31-cam0-rgb.npz,55,84,0,0,0,0.05955538
ur-blazepose,ur-blazepose::adl-31-cam0-rgb,data/keypoints_ur_blazepose/adl/adl-31-cam0-rgb.npz,61,90,0,0,0,0.064202614
ur-blazepose,ur-blazepose::adl-31-cam0-rgb,data/keypoints_ur_blazepose/adl/adl-31-cam0-rgb.npz,67,96,0,0,0,0.06697969
ur-blazepose,ur-blazepose::adl-31-cam0-rgb,data/keypoints_ur_blazepose/adl/adl-31-cam0-rgb.npz,73,102,0,0,0,0.06488588
ur-blazepose,ur-blazepose::adl-31-cam0-rgb,data/keypoints_ur_blazepose/adl/adl-31-cam0-rgb.npz,79,108,0,0,0,0.008492106
ur-blazepose,ur-blazepose::adl-31-cam0-rgb,data/keypoints_ur_blazepose/adl/adl-31-cam0-rgb.npz,85,114,0,0,0,0.0031520447
ur-blazepose,ur-blazepose::adl-31-cam0-rgb,data/keypoints_ur_blazepose/adl/adl-31-cam0-rgb.npz,91,120,0,0,0,0.0020756926
ur-blazepose,ur-blazepose::adl-31-cam0-rgb,data/keypoints_ur_blazepose/adl/adl-31-cam0-rgb.npz,97,126,0,0,0,0.0066003744
ur-blazepose,ur-blazepose::adl-31-cam0-rgb,data/keypoints_ur_blazepose/adl/adl-31-cam0-rgb.npz,103,132,0,0,0,0.00902717
ur-blazepose,ur-blazepose::adl-31-cam0-rgb,data/keypoints_ur_blazepose/adl/adl-31-cam0-rgb.npz,109,138,0,0,0,0.011728678
ur-blazepose,ur-blazepose::adl-31-cam0-rgb,data/keypoints_ur_blazepose/adl/adl-31-cam0-rgb.npz,115,144,0,0,0,0.024421625
ur-blazepose,ur-blazepose::adl-31-cam0-rgb,data/keypoints_ur_blazepose/adl/adl-31-cam0-rgb.npz,121,150,0,0,0,0.06055818
ur-blazepose,ur-blazepose::adl-31-cam0-rgb,data/keypoints_ur_blazepose/adl/adl-31-cam0-rgb.npz,127,156,0,0,0,0.0010862951
ur-blazepose,ur-blazepose::adl-31-cam0-rgb,data/keypoints_ur_blazepose/adl/adl-31-cam0-rgb.npz,133,162,0,0,0,0.0015052754
ur-blazepose,ur-blazepose::adl-31-cam0-rgb,data/keypoints_ur_blazepose/adl/adl-31-cam0-rgb.npz,139,168,0,0,0,0.001200974
ur-blazepose,ur-blazepose::adl-31-cam0-rgb,data/keypoints_ur_blazepose/adl/adl-31-cam0-rgb.npz,145,174,0,0,0,0.0008014995
ur-blazepose,ur-blazepose::adl-31-cam0-rgb,data/keypoints_ur_blazepose/adl/adl-31-cam0-rgb.npz,151,180,0,0,0,0.00086851715
ur-blazepose,ur-blazepose::adl-31-cam0-rgb,data/keypoints_ur_blazepose/adl/adl-31-cam0-rgb.npz,157,186,0,0,0,0.0014025378
ur-blazepose,ur-blazepose::adl-31-cam0-rgb,data/keypoints_ur_blazepose/adl/adl-31-cam0-rgb.npz,163,192,0,0,0,0.11381216
ur-blazepose,ur-blazepose::adl-31-cam0-rgb,data/keypoints_ur_blazepose/adl/adl-31-cam0-rgb.npz,169,198,0,0,0,0.013830214
ur-blazepose,ur-blazepose::adl-31-cam0-rgb,data/keypoints_ur_blazepose/adl/adl-31-cam0-rgb.npz,175,204,0,0,0,0.067527644
ur-blazepose,ur-blazepose::adl-31-cam0-rgb,data/keypoints_ur_blazepose/adl/adl-31-cam0-rgb.npz,181,210,0,0,0,0.0060943984
ur-blazepose,ur-blazepose::adl-31-cam0-rgb,data/keypoints_ur_blazepose/adl/adl-31-cam0-rgb.npz,187,216,0,0,0,0.02417022
ur-blazepose,ur-blazepose::adl-31-cam0-rgb,data/keypoints_ur_blazepose/adl/adl-31-cam0-rgb.npz,193,222,0,0,0,0.006545829
ur-blazepose,ur-blazepose::adl-31-cam0-rgb,data/keypoints_ur_blazepose/adl/adl-31-cam0-rgb.npz,199,228,0,0,0,0.0013071421
ur-blazepose,ur-blazepose::adl-31-cam0-rgb,data/keypoints_ur_blazepose/adl/adl-31-cam0-rgb.npz,205,234,0,0,0,1.639871e-05
ur-blazepose,ur-blazepose::adl-31-cam0-rgb,data/keypoints_ur_blazepose/adl/adl-31-cam0-rgb.npz,211,240,0,0,0,1.8464043e-05
ur-blazepose,ur-blazepose::adl-31-cam0-rgb,data/keypoints_ur_blazepose/adl/adl-31-cam0-rgb.npz,217,246,0,0,0,6.6146386e-05
ur-blazepose,ur-blazepose::adl-37-cam0-rgb,data/keypoints_ur_blazepose/adl/adl-37-cam0-rgb.npz,7,36,0,0,0,0.0013032209
ur-blazepose,ur-blazepose::adl-37-cam0-rgb,data/keypoints_ur_blazepose/adl/adl-37-cam0-rgb.npz,13,42,0,0,0,0.0012691087
ur-blazepose,ur-blazepose::adl-37-cam0-rgb,data/keypoints_ur_blazepose/adl/adl-37-cam0-rgb.npz,19,48,0,0,0,0.00071697263
ur-blazepose,ur-blazepose::adl-37-cam0-rgb,data/keypoints_ur_blazepose/adl/adl-37-cam0-rgb.npz,25,54,0,0,0,0.00073894986
ur-blazepose,ur-blazepose::adl-37-cam0-rgb,data/keypoints_ur_blazepose/adl/adl-37-cam0-rgb.npz,31,60,0,0,0,0.0009579942
ur-blazepose,ur-blazepose::adl-37-cam0-rgb,data/keypoints_ur_blazepose/adl/adl-37-cam0-rgb.npz,37,66,0,0,0,0.0012283565
ur-blazepose,ur-blazepose::adl-37-cam0-rgb,data/keypoints_ur_blazepose/adl/adl-37-cam0-rgb.npz,43,72,0,0,0,0.0012420701
ur-blazepose,ur-blazepose::adl-37-cam0-rgb,data/keypoints_ur_blazepose/adl/adl-37-cam0-rgb.npz,49,78,0,0,0,0.0010699579
ur-blazepose,ur-blazepose::adl-37-cam0-rgb,data/keypoints_ur_blazepose/adl/adl-37-cam0-rgb.npz,55,84,0,0,0,0.000983254
ur-blazepose,ur-blazepose::adl-37-cam0-rgb,data/keypoints_ur_blazepose/adl/adl-37-cam0-rgb.npz,61,90,0,0,0,0.0010369336
ur-blazepose,ur-blazepose::adl-37-cam0-rgb,data/keypoints_ur_blazepose/adl/adl-37-cam0-rgb.npz,67,96,0,0,0,0.0011886866
ur-blazepose,ur-blazepose::adl-37-cam0-rgb,data/keypoints_ur_blazepose/adl/adl-37-cam0-rgb.npz,73,102,0,0,0,0.0012157096
ur-blazepose,ur-blazepose::adl-37-cam0-rgb,data/keypoints_ur_blazepose/adl/adl-37-cam0-rgb.npz,79,108,0,0,0,0.0011521962
ur-blazepose,ur-blazepose::adl-37-cam0-rgb,data/keypoints_ur_blazepose/adl/adl-37-cam0-rgb.npz,85,114,0,0,0,0.00092886714
ur-blazepose,ur-blazepose::adl-37-cam0-rgb,data/keypoints_ur_blazepose/adl/adl-37-cam0-rgb.npz,91,120,0,0,0,0.00088039186
ur-blazepose,ur-blazepose::adl-37-cam0-rgb,data/keypoints_ur_blazepose/adl/adl-37-cam0-rgb.npz,97,126,0,0,0,0.001182374
ur-blazepose,ur-blazepose::adl-37-cam0-rgb,data/keypoints_ur_blazepose/adl/adl-37-cam0-rgb.npz,103,132,0,0,0,0.0012755855
ur-blazepose,ur-blazepose::adl-37-cam0-rgb,data/keypoints_ur_blazepose/adl/adl-37-cam0-rgb.npz,109,138,0,0,0,0.0013752518
ur-blazepose,ur-blazepose::adl-37-cam0-rgb,data/keypoints_ur_blazepose/adl/adl-37-cam0-rgb.npz,115,144,0,0,0,0.0016573311
ur-blazepose,ur-blazepose::adl-37-cam0-rgb,data/keypoints_ur_blazepose/adl/adl-37-cam0-rgb.npz,121,150,0,0,0,0.0016837271
ur-blazepose,ur-blazepose::adl-37-cam0-rgb,data/keypoints_ur_blazepose/adl/adl-37-cam0-rgb.npz,127,156,0,0,0,0.0053824154
ur-blazepose,ur-blazepose::adl-37-cam0-rgb,data/keypoints_ur_blazepose/adl/adl-37-cam0-rgb.npz,133,162,0,0,0,0.030057684
ur-blazepose,ur-blazepose::adl-37-cam0-rgb,data/keypoints_ur_blazepose/adl/adl-37-cam0-rgb.npz,139,168,0,0,0,0.133123
ur-blazepose,ur-blazepose::adl-37-cam0-rgb,data/keypoints_ur_blazepose/adl/adl-37-cam0-rgb.npz,145,174,0,0,1,0.7763927
ur-blazepose,ur-blazepose::adl-37-cam0-rgb,data/keypoints_ur_blazepose/adl/adl-37-cam0-rgb.npz,151,180,0,0,0,0.5745409
ur-blazepose,ur-blazepose::adl-37-cam0-rgb,data/keypoints_ur_blazepose/adl/adl-37-cam0-rgb.npz,157,186,0,0,0,0.48736212
ur-blazepose,ur-blazepose::adl-37-cam0-rgb,data/keypoints_ur_blazepose/adl/adl-37-cam0-rgb.npz,163,192,0,0,0,0.34033766
ur-blazepose,ur-blazepose::adl-37-cam0-rgb,data/keypoints_ur_blazepose/adl/adl-37-cam0-rgb.npz,169,198,0,0,0,0.3924183
ur-blazepose,ur-blazepose::adl-37-cam0-rgb,data/keypoints_ur_blazepose/adl/adl-37-cam0-rgb.npz,175,204,0,0,0,0.56436
ur-blazepose,ur-blazepose::adl-37-cam0-rgb,data/keypoints_ur_blazepose/adl/adl-37-cam0-rgb.npz,181,210,0,0,1,0.7164774
ur-blazepose,ur-blazepose::adl-37-cam0-rgb,data/keypoints_ur_blazepose/adl/adl-37-cam0-rgb.npz,187,216,0,0,1,0.9433485
ur-blazepose,ur-blazepose::adl-37-cam0-rgb,data/keypoints_ur_blazepose/adl/adl-37-cam0-rgb.npz,193,222,0,0,0,0.0034480186
ur-blazepose,ur-blazepose::adl-37-cam0-rgb,data/keypoints_ur_blazepose/adl/adl-37-cam0-rgb.npz,199,228,0,0,0,0.0031693168
ur-blazepose,ur-blazepose::adl-37-cam0-rgb,data/keypoints_ur_blazepose/adl/adl-37-cam0-rgb.npz,205,234,0,0,0,0.0019489449
ur-blazepose,ur-blazepose::adl-37-cam0-rgb,data/keypoints_ur_blazepose/adl/adl-37-cam0-rgb.npz,211,240,0,0,0,0.0017534539
ur-blazepose,ur-blazepose::adl-37-cam0-rgb,data/keypoints_ur_blazepose/adl/adl-37-cam0-rgb.npz,217,246,0,0,0,0.0015851883
ur-blazepose,ur-blazepose::adl-37-cam0-rgb,data/keypoints_ur_blazepose/adl/adl-37-cam0-rgb.npz,223,252,0,0,0,0.012376924
ur-blazepose,ur-blazepose::adl-37-cam0-rgb,data/keypoints_ur_blazepose/adl/adl-37-cam0-rgb.npz,229,258,0,0,1,0.7891947
ur-blazepose,ur-blazepose::adl-37-cam0-rgb,data/keypoints_ur_blazepose/adl/adl-37-cam0-rgb.npz,235,264,0,0,0,0.5552493
ur-blazepose,ur-blazepose::adl-37-cam0-rgb,data/keypoints_ur_blazepose/adl/adl-37-cam0-rgb.npz,241,270,0,0,0,0.66196555
ur-blazepose,ur-blazepose::adl-37-cam0-rgb,data/keypoints_ur_blazepose/adl/adl-37-cam0-rgb.npz,247,276,0,0,0,0.21252885
ur-blazepose,ur-blazepose::adl-37-cam0-rgb,data/keypoints_ur_blazepose/adl/adl-37-cam0-rgb.npz,253,282,0,0,0,0.14421684
ur-blazepose,ur-blazepose::adl-37-cam0-rgb,data/keypoints_ur_blazepose/adl/adl-37-cam0-rgb.npz,259,288,0,0,0,0.10666037
ur-blazepose,ur-blazepose::adl-37-cam0-rgb,data/keypoints_ur_blazepose/adl/adl-37-cam0-rgb.npz,265,294,0,0,0,0.5958581
ur-blazepose,ur-blazepose::adl-37-cam0-rgb,data/keypoints_ur_blazepose/adl/adl-37-cam0-rgb.npz,271,300,0,0,0,0.3703229
ur-blazepose,ur-blazepose::adl-37-cam0-rgb,data/keypoints_ur_blazepose/adl/adl-37-cam0-rgb.npz,277,306,0,0,1,0.79204065
ur-blazepose,ur-blazepose::adl-37-cam0-rgb,data/keypoints_ur_blazepose/adl/adl-37-cam0-rgb.npz,283,312,0,0,1,0.7523192
ur-blazepose,ur-blazepose::adl-37-cam0-rgb,data/keypoints_ur_blazepose/adl/adl-37-cam0-rgb.npz,289,318,0,0,1,0.7623721
ur-blazepose,ur-blazepose::adl-37-cam0-rgb,data/keypoints_ur_blazepose/adl/adl-37-cam0-rgb.npz,295,324,0,0,1,0.7995697
ur-blazepose,ur-blazepose::adl-37-cam0-rgb,data/keypoints_ur_blazepose/adl/adl-37-cam0-rgb.npz,301,330,0,0,1,0.74837554
ur-blazepose,ur-blazepose::adl-37-cam0-rgb,data/keypoints_ur_blazepose/adl/adl-37-cam0-rgb.npz,307,336,0,0,1,0.7497645
ur-blazepose,ur-blazepose::adl-37-cam0-rgb,data/keypoints_ur_blazepose/adl/adl-37-cam0-rgb.npz,313,342,0,0,1,0.7847341
ur-blazepose,ur-blazepose::adl-37-cam0-rgb,data/keypoints_ur_blazepose/adl/adl-37-cam0-rgb.npz,319,348,0,0,1,0.72881246
ur-blazepose,ur-blazepose::adl-38-cam0-rgb,data/keypoints_ur_blazepose/adl/adl-38-cam0-rgb.npz,7,36,0,0,0,0.0004173301
ur-blazepose,ur-blazepose::adl-38-cam0-rgb,data/keypoints_ur_blazepose/adl/adl-38-cam0-rgb.npz,13,42,0,0,0,0.00041920284
ur-blazepose,ur-blazepose::adl-38-cam0-rgb,data/keypoints_ur_blazepose/adl/adl-38-cam0-rgb.npz,19,48,0,0,0,0.0004082406
ur-blazepose,ur-blazepose::adl-38-cam0-rgb,data/keypoints_ur_blazepose/adl/adl-38-cam0-rgb.npz,25,54,0,0,0,0.00063488894
ur-blazepose,ur-blazepose::adl-38-cam0-rgb,data/keypoints_ur_blazepose/adl/adl-38-cam0-rgb.npz,31,60,0,0,0,0.0007473332
ur-blazepose,ur-blazepose::adl-38-cam0-rgb,data/keypoints_ur_blazepose/adl/adl-38-cam0-rgb.npz,37,66,0,0,0,0.00089116633
ur-blazepose,ur-blazepose::adl-38-cam0-rgb,data/keypoints_ur_blazepose/adl/adl-38-cam0-rgb.npz,43,72,0,0,0,0.00089210423
ur-blazepose,ur-blazepose::adl-38-cam0-rgb,data/keypoints_ur_blazepose/adl/adl-38-cam0-rgb.npz,49,78,0,0,0,0.001020273
ur-blazepose,ur-blazepose::adl-38-cam0-rgb,data/keypoints_ur_blazepose/adl/adl-38-cam0-rgb.npz,55,84,0,0,0,0.001289725
ur-blazepose,ur-blazepose::adl-38-cam0-rgb,data/keypoints_ur_blazepose/adl/adl-38-cam0-rgb.npz,61,90,0,0,0,0.0014056548
ur-blazepose,ur-blazepose::adl-38-cam0-rgb,data/keypoints_ur_blazepose/adl/adl-38-cam0-rgb.npz,67,96,0,0,0,0.001452662
ur-blazepose,ur-blazepose::adl-38-cam0-rgb,data/keypoints_ur_blazepose/adl/adl-38-cam0-rgb.npz,73,102,0,0,0,0.001299011
ur-blazepose,ur-blazepose::adl-38-cam0-rgb,data/keypoints_ur_blazepose/adl/adl-38-cam0-rgb.npz,79,108,0,0,0,0.0011398372
ur-blazepose,ur-blazepose::adl-38-cam0-rgb,data/keypoints_ur_blazepose/adl/adl-38-cam0-rgb.npz,85,114,0,0,0,0.0012716425
ur-blazepose,ur-blazepose::adl-38-cam0-rgb,data/keypoints_ur_blazepose/adl/adl-38-cam0-rgb.npz,91,120,0,0,0,0.0017131559
ur-blazepose,ur-blazepose::adl-38-cam0-rgb,data/keypoints_ur_blazepose/adl/adl-38-cam0-rgb.npz,97,126,0,0,0,0.0023420514
ur-blazepose,ur-blazepose::adl-38-cam0-rgb,data/keypoints_ur_blazepose/adl/adl-38-cam0-rgb.npz,103,132,0,0,0,0.0032531284
ur-blazepose,ur-blazepose::adl-38-cam0-rgb,data/keypoints_ur_blazepose/adl/adl-38-cam0-rgb.npz,109,138,0,0,0,0.0029148378
ur-blazepose,ur-blazepose::adl-38-cam0-rgb,data/keypoints_ur_blazepose/adl/adl-38-cam0-rgb.npz,115,144,0,0,0,0.0031801097
ur-blazepose,ur-blazepose::adl-38-cam0-rgb,data/keypoints_ur_blazepose/adl/adl-38-cam0-rgb.npz,121,150,0,0,0,0.0065933154
ur-blazepose,ur-blazepose::adl-38-cam0-rgb,data/keypoints_ur_blazepose/adl/adl-38-cam0-rgb.npz,127,156,0,0,0,0.0017384677
ur-blazepose,ur-blazepose::adl-38-cam0-rgb,data/keypoints_ur_blazepose/adl/adl-38-cam0-rgb.npz,133,162,0,0,0,0.0010498847
ur-blazepose,ur-blazepose::adl-38-cam0-rgb,data/keypoints_ur_blazepose/adl/adl-38-cam0-rgb.npz,139,168,0,0,0,0.0006838978
ur-blazepose,ur-blazepose::adl-38-cam0-rgb,data/keypoints_ur_blazepose/adl/adl-38-cam0-rgb.npz,145,174,0,0,0,0.00087358657
ur-blazepose,ur-blazepose::adl-38-cam0-rgb,data/keypoints_ur_blazepose/adl/adl-38-cam0-rgb.npz,151,180,0,0,0,0.00078759657
ur-blazepose,ur-blazepose::adl-38-cam0-rgb,data/keypoints_ur_blazepose/adl/adl-38-cam0-rgb.npz,157,186,0,0,0,0.0013655415
ur-blazepose,ur-blazepose::adl-38-cam0-rgb,data/keypoints_ur_blazepose/adl/adl-38-cam0-rgb.npz,163,192,0,0,0,0.0042245793
ur-blazepose,ur-blazepose::adl-38-cam0-rgb,data/keypoints_ur_blazepose/adl/adl-38-cam0-rgb.npz,169,198,0,0,0,0.0061565563
ur-blazepose,ur-blazepose::adl-38-cam0-rgb,data/keypoints_ur_blazepose/adl/adl-38-cam0-rgb.npz,175,204,0,0,0,0.032094292
ur-blazepose,ur-blazepose::adl-38-cam0-rgb,data/keypoints_ur_blazepose/adl/adl-38-cam0-rgb.npz,181,210,0,0,0,0.053322777
ur-blazepose,ur-blazepose::adl-38-cam0-rgb,data/keypoints_ur_blazepose/adl/adl-38-cam0-rgb.npz,187,216,0,0,0,0.08965456
ur-blazepose,ur-blazepose::adl-38-cam0-rgb,data/keypoints_ur_blazepose/adl/adl-38-cam0-rgb.npz,193,222,0,0,0,0.07887696
ur-blazepose,ur-blazepose::adl-38-cam0-rgb,data/keypoints_ur_blazepose/adl/adl-38-cam0-rgb.npz,199,228,0,0,0,0.02592954
ur-blazepose,ur-blazepose::adl-38-cam0-rgb,data/keypoints_ur_blazepose/adl/adl-38-cam0-rgb.npz,205,234,0,0,0,0.014685096
ur-blazepose,ur-blazepose::adl-40-cam0-rgb,data/keypoints_ur_blazepose/adl/adl-40-cam0-rgb.npz,37,66,0,0,0,0.001789109
ur-blazepose,ur-blazepose::adl-40-cam0-rgb,data/keypoints_ur_blazepose/adl/adl-40-cam0-rgb.npz,43,72,0,0,0,0.001789109
ur-blazepose,ur-blazepose::adl-40-cam0-rgb,data/keypoints_ur_blazepose/adl/adl-40-cam0-rgb.npz,49,78,0,0,0,0.0014877815
ur-blazepose,ur-blazepose::adl-40-cam0-rgb,data/keypoints_ur_blazepose/adl/adl-40-cam0-rgb.npz,55,84,0,0,0,0.0027464018
ur-blazepose,ur-blazepose::adl-40-cam0-rgb,data/keypoints_ur_blazepose/adl/adl-40-cam0-rgb.npz,61,90,0,0,0,0.0028568464
ur-blazepose,ur-blazepose::adl-40-cam0-rgb,data/keypoints_ur_blazepose/adl/adl-40-cam0-rgb.npz,67,96,0,0,0,0.00072832
ur-blazepose,ur-blazepose::adl-40-cam0-rgb,data/keypoints_ur_blazepose/adl/adl-40-cam0-rgb.npz,73,102,0,0,0,0.00076002436
ur-blazepose,ur-blazepose::adl-40-cam0-rgb,data/keypoints_ur_blazepose/adl/adl-40-cam0-rgb.npz,79,108,0,0,0,0.0008377921
ur-blazepose,ur-blazepose::adl-40-cam0-rgb,data/keypoints_ur_blazepose/adl/adl-40-cam0-rgb.npz,85,114,0,0,0,0.011947851
ur-blazepose,ur-blazepose::adl-40-cam0-rgb,data/keypoints_ur_blazepose/adl/adl-40-cam0-rgb.npz,91,120,0,0,0,0.0011353316
ur-blazepose,ur-blazepose::adl-40-cam0-rgb,data/keypoints_ur_blazepose/adl/adl-40-cam0-rgb.npz,97,126,0,0,0,0.0011163002
ur-blazepose,ur-blazepose::adl-40-cam0-rgb,data/keypoints_ur_blazepose/adl/adl-40-cam0-rgb.npz,103,132,0,0,0,0.0009494206
ur-blazepose,ur-blazepose::adl-40-cam0-rgb,data/keypoints_ur_blazepose/adl/adl-40-cam0-rgb.npz,109,138,0,0,0,0.0010288253
ur-blazepose,ur-blazepose::adl-40-cam0-rgb,data/keypoints_ur_blazepose/adl/adl-40-cam0-rgb.npz,115,144,0,0,0,0.001185888
ur-blazepose,ur-blazepose::adl-40-cam0-rgb,data/keypoints_ur_blazepose/adl/adl-40-cam0-rgb.npz,121,150,0,0,0,0.0012676959
ur-blazepose,ur-blazepose::adl-40-cam0-rgb,data/keypoints_ur_blazepose/adl/adl-40-cam0-rgb.npz,127,156,0,0,0,0.0013673133
ur-blazepose,ur-blazepose::adl-40-cam0-rgb,data/keypoints_ur_blazepose/adl/adl-40-cam0-rgb.npz,133,162,0,0,0,0.0013236627
ur-blazepose,ur-blazepose::adl-40-cam0-rgb,data/keypoints_ur_blazepose/adl/adl-40-cam0-rgb.npz,139,168,0,0,0,0.0013610226
ur-blazepose,ur-blazepose::adl-40-cam0-rgb,data/keypoints_ur_blazepose/adl/adl-40-cam0-rgb.npz,145,174,0,0,0,0.0015418056
ur-blazepose,ur-blazepose::adl-40-cam0-rgb,data/keypoints_ur_blazepose/adl/adl-40-cam0-rgb.npz,151,180,0,0,0,0.0019020658
ur-blazepose,ur-blazepose::adl-40-cam0-rgb,data/keypoints_ur_blazepose/adl/adl-40-cam0-rgb.npz,157,186,0,0,0,0.0031366304
ur-blazepose,ur-blazepose::adl-40-cam0-rgb,data/keypoints_ur_blazepose/adl/adl-40-cam0-rgb.npz,163,192,0,0,0,0.0049859094
ur-blazepose,ur-blazepose::adl-40-cam0-rgb,data/keypoints_ur_blazepose/adl/adl-40-cam0-rgb.npz,169,198,0,0,0,0.0054855873
ur-blazepose,ur-blazepose::adl-40-cam0-rgb,data/keypoints_ur_blazepose/adl/adl-40-cam0-rgb.npz,175,204,0,0,0,0.010474645
ur-blazepose,ur-blazepose::adl-40-cam0-rgb,data/keypoints_ur_blazepose/adl/adl-40-cam0-rgb.npz,181,210,0,0,0,0.018138064
ur-blazepose,ur-blazepose::adl-40-cam0-rgb,data/keypoints_ur_blazepose/adl/adl-40-cam0-rgb.npz,187,216,0,0,0,0.010221371
ur-blazepose,ur-blazepose::adl-40-cam0-rgb,data/keypoints_ur_blazepose/adl/adl-40-cam0-rgb.npz,193,222,0,0,0,0.026034374
ur-blazepose,ur-blazepose::adl-40-cam0-rgb,data/keypoints_ur_blazepose/adl/adl-40-cam0-rgb.npz,199,228,0,0,0,0.038769912
ur-blazepose,ur-blazepose::adl-40-cam0-rgb,data/keypoints_ur_blazepose/adl/adl-40-cam0-rgb.npz,205,234,0,0,0,0.0425624
ur-blazepose,ur-blazepose::adl-40-cam0-rgb,data/keypoints_ur_blazepose/adl/adl-40-cam0-rgb.npz,211,240,0,0,0,0.008948579
ur-blazepose,ur-blazepose::adl-40-cam0-rgb,data/keypoints_ur_blazepose/adl/adl-40-cam0-rgb.npz,217,246,0,0,0,0.015442014
ur-blazepose,ur-blazepose::adl-40-cam0-rgb,data/keypoints_ur_blazepose/adl/adl-40-cam0-rgb.npz,223,252,0,0,1,0.8284567
ur-blazepose,ur-blazepose::adl-40-cam0-rgb,data/keypoints_ur_blazepose/adl/adl-40-cam0-rgb.npz,229,258,0,0,1,0.97194266
ur-blazepose,ur-blazepose::adl-40-cam0-rgb,data/keypoints_ur_blazepose/adl/adl-40-cam0-rgb.npz,235,264,0,0,0,0.64678836
ur-blazepose,ur-blazepose::adl-40-cam0-rgb,data/keypoints_ur_blazepose/adl/adl-40-cam0-rgb.npz,241,270,0,0,0,0.016592314
ur-blazepose,ur-blazepose::adl-40-cam0-rgb,data/keypoints_ur_blazepose/adl/adl-40-cam0-rgb.npz,247,276,0,0,0,0.0063341623
ur-blazepose,ur-blazepose::adl-40-cam0-rgb,data/keypoints_ur_blazepose/adl/adl-40-cam0-rgb.npz,253,282,0,0,0,0.0010121005
ur-blazepose,ur-blazepose::adl-40-cam0-rgb,data/keypoints_ur_blazepose/adl/adl-40-cam0-rgb.npz,259,288,0,0,0,0.0027140367
ur-blazepose,ur-blazepose::adl-40-cam0-rgb,data/keypoints_ur_blazepose/adl/adl-40-cam0-rgb.npz,265,294,0,0,0,0.0013446606
ur-blazepose,ur-blazepose::adl-40-cam0-rgb,data/keypoints_ur_blazepose/adl/adl-40-cam0-rgb.npz,271,300,0,0,0,0.0004522706
ur-blazepose,ur-blazepose::adl-40-cam0-rgb,data/keypoints_ur_blazepose/adl/adl-40-cam0-rgb.npz,277,306,0,0,0,0.00052156125
ur-blazepose,ur-blazepose::adl-40-cam0-rgb,data/keypoints_ur_blazepose/adl/adl-40-cam0-rgb.npz,283,312,0,0,0,0.0012202233
ur-blazepose,ur-blazepose::adl-40-cam0-rgb,data/keypoints_ur_blazepose/adl/adl-40-cam0-rgb.npz,289,318,0,0,0,0.015839377
ur-blazepose,ur-blazepose::adl-40-cam0-rgb,data/keypoints_ur_blazepose/adl/adl-40-cam0-rgb.npz,295,324,0,0,0,0.016555585
ur-blazepose,ur-blazepose::adl-40-cam0-rgb,data/keypoints_ur_blazepose/adl/adl-40-cam0-rgb.npz,301,330,0,0,0,0.016113365
ur-blazepose,ur-blazepose::fall-05-cam0-rgb,data/keypoints_ur_blazepose/fall/fall-05-cam0-rgb.npz,1,30,0,0,0,0.0029220462
ur-blazepose,ur-blazepose::fall-05-cam0-rgb,data/keypoints_ur_blazepose/fall/fall-05-cam0-rgb.npz,7,36,0,0,0,0.0032165807
ur-blazepose,ur-blazepose::fall-05-cam0-rgb,data/keypoints_ur_blazepose/fall/fall-05-cam0-rgb.npz,13,42,0,0,0,0.006485934
ur-blazepose,ur-blazepose::fall-05-cam0-rgb,data/keypoints_ur_blazepose/fall/fall-05-cam0-rgb.npz,19,48,0,0,0,0.012270842
ur-blazepose,ur-blazepose::fall-05-cam0-rgb,data/keypoints_ur_blazepose/fall/fall-05-cam0-rgb.npz,25,54,0,0,0,0.014570299
ur-blazepose,ur-blazepose::fall-05-cam0-rgb,data/keypoints_ur_blazepose/fall/fall-05-cam0-rgb.npz,31,60,0,0,0,0.011950486
ur-blazepose,ur-blazepose::fall-05-cam0-rgb,data/keypoints_ur_blazepose/fall/fall-05-cam0-rgb.npz,37,66,0,0,0,0.0030712022
ur-blazepose,ur-blazepose::fall-05-cam0-rgb,data/keypoints_ur_blazepose/fall/fall-05-cam0-rgb.npz,43,72,0,0,0,0.0011483523
ur-blazepose,ur-blazepose::fall-05-cam0-rgb,data/keypoints_ur_blazepose/fall/fall-05-cam0-rgb.npz,49,78,0,0,0,0.0011284486
ur-blazepose,ur-blazepose::fall-05-cam0-rgb,data/keypoints_ur_blazepose/fall/fall-05-cam0-rgb.npz,55,84,0,0,0,0.0014471159
ur-blazepose,ur-blazepose::fall-05-cam0-rgb,data/keypoints_ur_blazepose/fall/fall-05-cam0-rgb.npz,61,90,1,1,0,0.003912643
ur-blazepose,ur-blazepose::fall-05-cam0-rgb,data/keypoints_ur_blazepose/fall/fall-05-cam0-rgb.npz,67,96,1,1,0,0.28314543
ur-blazepose,ur-blazepose::fall-05-cam0-rgb,data/keypoints_ur_blazepose/fall/fall-05-cam0-rgb.npz,73,102,1,1,1,0.98563945
ur-blazepose,ur-blazepose::fall-05-cam0-rgb,data/keypoints_ur_blazepose/fall/fall-05-cam0-rgb.npz,79,108,1,1,1,0.99961853
ur-blazepose,ur-blazepose::fall-05-cam0-rgb,data/keypoints_ur_blazepose/fall/fall-05-cam0-rgb.npz,85,114,1,1,1,0.9999471
ur-blazepose,ur-blazepose::fall-05-cam0-rgb,data/keypoints_ur_blazepose/fall/fall-05-cam0-rgb.npz,91,120,1,1,1,0.9999794
ur-blazepose,ur-blazepose::fall-05-cam0-rgb,data/keypoints_ur_blazepose/fall/fall-05-cam0-rgb.npz,97,126,1,1,1,0.9999752
ur-blazepose,ur-blazepose::fall-05-cam0-rgb,data/keypoints_ur_blazepose/fall/fall-05-cam0-rgb.npz,103,132,0,0,1,0.9682578
ur-blazepose,ur-blazepose::fall-05-cam0-rgb,data/keypoints_ur_blazepose/fall/fall-05-cam0-rgb.npz,109,138,0,0,0,0.052254684
ur-blazepose,ur-blazepose::fall-05-cam0-rgb,data/keypoints_ur_blazepose/fall/fall-05-cam0-rgb.npz,115,144,0,0,0,0.0801048
ur-blazepose,ur-blazepose::fall-05-cam0-rgb,data/keypoints_ur_blazepose/fall/fall-05-cam0-rgb.npz,121,150,0,0,1,0.94272006
ur-blazepose,ur-blazepose::fall-06-cam0-rgb,data/keypoints_ur_blazepose/fall/fall-06-cam0-rgb.npz,1,30,1,1,1,0.91345143
ur-blazepose,ur-blazepose::fall-06-cam0-rgb,data/keypoints_ur_blazepose/fall/fall-06-cam0-rgb.npz,7,36,1,1,1,0.9954312
ur-blazepose,ur-blazepose::fall-06-cam0-rgb,data/keypoints_ur_blazepose/fall/fall-06-cam0-rgb.npz,13,42,1,1,1,0.99952817
ur-blazepose,ur-blazepose::fall-06-cam0-rgb,data/keypoints_ur_blazepose/fall/fall-06-cam0-rgb.npz,19,48,1,1,1,0.99975675
ur-blazepose,ur-blazepose::fall-06-cam0-rgb,data/keypoints_ur_blazepose/fall/fall-06-cam0-rgb.npz,25,54,1,1,1,0.99943084
ur-blazepose,ur-blazepose::fall-06-cam0-rgb,data/keypoints_ur_blazepose/fall/fall-06-cam0-rgb.npz,31,60,1,1,1,0.99893755
ur-blazepose,ur-blazepose::fall-06-cam0-rgb,data/keypoints_ur_blazepose/fall/fall-06-cam0-rgb.npz,37,66,0,0,1,0.99168915
ur-blazepose,ur-blazepose::fall-06-cam0-rgb,data/keypoints_ur_blazepose/fall/fall-06-cam0-rgb.npz,43,72,0,0,0,0.08295279
ur-blazepose,ur-blazepose::fall-06-cam0-rgb,data/keypoints_ur_blazepose/fall/fall-06-cam0-rgb.npz,49,78,0,0,0,0.16766356
ur-blazepose,ur-blazepose::fall-06-cam0-rgb,data/keypoints_ur_blazepose/fall/fall-06-cam0-rgb.npz,55,84,0,0,0,0.21073498
ur-blazepose,ur-blazepose::fall-06-cam0-rgb,data/keypoints_ur_blazepose/fall/fall-06-cam0-rgb.npz,61,90,0,0,0,0.035559125
ur-blazepose,ur-blazepose::fall-06-cam0-rgb,data/keypoints_ur_blazepose/fall/fall-06-cam0-rgb.npz,67,96,0,0,0,0.024907958
ur-blazepose,ur-blazepose::fall-07-cam0-rgb,data/keypoints_ur_blazepose/fall/fall-07-cam0-rgb.npz,1,30,0,0,0,0.01488385
ur-blazepose,ur-blazepose::fall-07-cam0-rgb,data/keypoints_ur_blazepose/fall/fall-07-cam0-rgb.npz,7,36,0,0,0,0.014383451
ur-blazepose,ur-blazepose::fall-07-cam0-rgb,data/keypoints_ur_blazepose/fall/fall-07-cam0-rgb.npz,13,42,0,0,0,0.021389155
ur-blazepose,ur-blazepose::fall-07-cam0-rgb,data/keypoints_ur_blazepose/fall/fall-07-cam0-rgb.npz,19,48,0,0,0,0.027511844
ur-blazepose,ur-blazepose::fall-07-cam0-rgb,data/keypoints_ur_blazepose/fall/fall-07-cam0-rgb.npz,25,54,0,0,0,0.027225371
ur-blazepose,ur-blazepose::fall-07-cam0-rgb,data/keypoints_ur_blazepose/fall/fall-07-cam0-rgb.npz,31,60,0,0,0,0.02398203
ur-blazepose,ur-blazepose::fall-07-cam0-rgb,data/keypoints_ur_blazepose/fall/fall-07-cam0-rgb.npz,37,66,0,0,0,0.019244574
ur-blazepose,ur-blazepose::fall-07-cam0-rgb,data/keypoints_ur_blazepose/fall/fall-07-cam0-rgb.npz,43,72,0,0,0,0.020996528
ur-blazepose,ur-blazepose::fall-07-cam0-rgb,data/keypoints_ur_blazepose/fall/fall-07-cam0-rgb.npz,49,78,0,0,0,0.029113108
ur-blazepose,ur-blazepose::fall-07-cam0-rgb,data/keypoints_ur_blazepose/fall/fall-07-cam0-rgb.npz,55,84,0,0,0,0.023335163
ur-blazepose,ur-blazepose::fall-07-cam0-rgb,data/keypoints_ur_blazepose/fall/fall-07-cam0-rgb.npz,61,90,0,0,0,0.0071335896
ur-blazepose,ur-blazepose::fall-07-cam0-rgb,data/keypoints_ur_blazepose/fall/fall-07-cam0-rgb.npz,67,96,1,1,0,0.026545085
ur-blazepose,ur-blazepose::fall-07-cam0-rgb,data/keypoints_ur_blazepose/fall/fall-07-cam0-rgb.npz,73,102,1,1,1,0.7854756
ur-blazepose,ur-blazepose::fall-07-cam0-rgb,data/keypoints_ur_blazepose/fall/fall-07-cam0-rgb.npz,79,108,1,1,1,0.98873025
ur-blazepose,ur-blazepose::fall-07-cam0-rgb,data/keypoints_ur_blazepose/fall/fall-07-cam0-rgb.npz,85,114,1,1,1,0.99872965
ur-blazepose,ur-blazepose::fall-07-cam0-rgb,data/keypoints_ur_blazepose/fall/fall-07-cam0-rgb.npz,91,120,1,1,1,0.9997116
ur-blazepose,ur-blazepose::fall-07-cam0-rgb,data/keypoints_ur_blazepose/fall/fall-07-cam0-rgb.npz,97,126,1,1,1,0.99967957
ur-blazepose,ur-blazepose::fall-07-cam0-rgb,data/keypoints_ur_blazepose/fall/fall-07-cam0-rgb.npz,103,132,1,1,1,0.99944264
ur-blazepose,ur-blazepose::fall-07-cam0-rgb,data/keypoints_ur_blazepose/fall/fall-07-cam0-rgb.npz,109,138,0,0,1,0.9477627
ur-blazepose,ur-blazepose::fall-07-cam0-rgb,data/keypoints_ur_blazepose/fall/fall-07-cam0-rgb.npz,115,144,0,0,0,0.4515264
ur-blazepose,ur-blazepose::fall-07-cam0-rgb,data/keypoints_ur_blazepose/fall/fall-07-cam0-rgb.npz,121,150,0,0,0,0.28845468
ur-blazepose,ur-blazepose::fall-07-cam0-rgb,data/keypoints_ur_blazepose/fall/fall-07-cam0-rgb.npz,127,156,0,0,0,2.3415023e-05
ur-blazepose,ur-blazepose::fall-13-cam0-rgb,data/keypoints_ur_blazepose/fall/fall-13-cam0-rgb.npz,1,30,0,0,0,0.022256183
ur-blazepose,ur-blazepose::fall-13-cam0-rgb,data/keypoints_ur_blazepose/fall/fall-13-cam0-rgb.npz,7,36,0,0,0,0.018337792
ur-blazepose,ur-blazepose::fall-13-cam0-rgb,data/keypoints_ur_blazepose/fall/fall-13-cam0-rgb.npz,13,42,0,0,0,0.0690668
ur-blazepose,ur-blazepose::fall-13-cam0-rgb,data/keypoints_ur_blazepose/fall/fall-13-cam0-rgb.npz,19,48,0,0,0,0.5379914
ur-blazepose,ur-blazepose::fall-13-cam0-rgb,data/keypoints_ur_blazepose/fall/fall-13-cam0-rgb.npz,25,54,1,1,1,0.8606108
ur-blazepose,ur-blazepose::fall-13-cam0-rgb,data/keypoints_ur_blazepose/fall/fall-13-cam0-rgb.npz,31,60,1,1,1,0.97510374
ur-blazepose,ur-blazepose::fall-13-cam0-rgb,data/keypoints_ur_blazepose/fall/fall-13-cam0-rgb.npz,37,66,1,1,1,0.91081136
ur-blazepose,ur-blazepose::fall-13-cam0-rgb,data/keypoints_ur_blazepose/fall/fall-13-cam0-rgb.npz,43,72,1,1,0,0.024096899
ur-blazepose,ur-blazepose::fall-13-cam0-rgb,data/keypoints_ur_blazepose/fall/fall-13-cam0-rgb.npz,49,78,1,1,0,0.034702428
ur-blazepose,ur-blazepose::fall-13-cam0-rgb,data/keypoints_ur_blazepose/fall/fall-13-cam0-rgb.npz,55,84,1,1,0,0.030520335
ur-blazepose,ur-blazepose::fall-22-cam0-rgb,data/keypoints_ur_blazepose/fall/fall-22-cam0-rgb.npz,1,30,1,1,1,0.99970263
ur-blazepose,ur-blazepose::fall-22-cam0-rgb,data/keypoints_ur_blazepose/fall/fall-22-cam0-rgb.npz,7,36,1,1,1,0.99982303
ur-blazepose,ur-blazepose::fall-22-cam0-rgb,data/keypoints_ur_blazepose/fall/fall-22-cam0-rgb.npz,13,42,1,1,1,0.99972683
ur-blazepose,ur-blazepose::fall-22-cam0-rgb,data/keypoints_ur_blazepose/fall/fall-22-cam0-rgb.npz,19,48,1,1,1,0.9994247
ur-blazepose,ur-blazepose::fall-22-cam0-rgb,data/keypoints_ur_blazepose/fall/fall-22-cam0-rgb.npz,25,54,1,1,1,0.71614444
ur-blazepose,ur-blazepose::fall-24-cam0-rgb,data/keypoints_ur_blazepose/fall/fall-24-cam0-rgb.npz,1,30,1,1,1,0.9991246
ur-blazepose,ur-blazepose::fall-24-cam0-rgb,data/keypoints_ur_blazepose/fall/fall-24-cam0-rgb.npz,7,36,1,1,1,0.9997614
ur-blazepose,ur-blazepose::fall-24-cam0-rgb,data/keypoints_ur_blazepose/fall/fall-24-cam0-rgb.npz,13,42,1,1,1,0.99970967
ur-blazepose,ur-blazepose::fall-24-cam0-rgb,data/keypoints_ur_blazepose/fall/fall-24-cam0-rgb.npz,19,48,1,1,1,0.9953703
ur-blazepose,ur-blazepose::fall-24-cam0-rgb,data/keypoints_ur_blazepose/fall/fall-24-cam0-rgb.npz,25,54,1,1,1,0.96699274
ur-blazepose,ur-blazepose::fall-24-cam0-rgb,data/keypoints_ur_blazepose/fall/fall-24-cam0-rgb.npz,31,60,1,1,0,0.4109968
ur-blazepose,ur-blazepose::fall-28-cam0-rgb,data/keypoints_ur_blazepose/fall/fall-28-cam0-rgb.npz,1,30,0,0,0,0.46290588
ur-blazepose,ur-blazepose::fall-28-cam0-rgb,data/keypoints_ur_blazepose/fall/fall-28-cam0-rgb.npz,7,36,1,1,1,0.9565314
ur-blazepose,ur-blazepose::fall-28-cam0-rgb,data/keypoints_ur_blazepose/fall/fall-28-cam0-rgb.npz,13,42,1,1,1,0.9952708
ur-blazepose,ur-blazepose::fall-28-cam0-rgb,data/keypoints_ur_blazepose/fall/fall-28-cam0-rgb.npz,19,48,1,1,1,0.9993019
ur-blazepose,ur-blazepose::fall-28-cam0-rgb,data/keypoints_ur_blazepose/fall/fall-28-cam0-rgb.npz,25,54,1,1,1,0.99971384
ur-blazepose,ur-blazepose::fall-28-cam0-rgb,data/keypoints_ur_blazepose/fall/fall-28-cam0-rgb.npz,31,60,1,1,1,0.9997718
ur-blazepose,ur-blazepose::fall-28-cam0-rgb,data/keypoints_ur_blazepose/fall/fall-28-cam0-rgb.npz,37,66,1,1,1,0.99934906
le2i-blazepose,le2i-blazepose::Coffee_room_01_video_12,data/keypoints_le2i_blazepose/Coffee_room_01_video_12.npz,1,25,0,0,0,0.00573466
le2i-blazepose,le2i-blazepose::Coffee_room_01_video_12,data/keypoints_le2i_blazepose/Coffee_room_01_video_12.npz,6,30,0,0,0,0.0065707825
le2i-blazepose,le2i-blazepose::Coffee_room_01_video_12,data/keypoints_le2i_blazepose/Coffee_room_01_video_12.npz,11,35,0,0,0,0.008617874
le2i-blazepose,le2i-blazepose::Coffee_room_01_video_12,data/keypoints_le2i_blazepose/Coffee_room_01_video_12.npz,16,40,0,0,0,0.0072635543
le2i-blazepose,le2i-blazepose::Coffee_room_01_video_12,data/keypoints_le2i_blazepose/Coffee_room_01_video_12.npz,21,45,0,0,0,0.0052549713
le2i-blazepose,le2i-blazepose::Coffee_room_01_video_12,data/keypoints_le2i_blazepose/Coffee_room_01_video_12.npz,26,50,0,0,0,0.0036597175
le2i-blazepose,le2i-blazepose::Coffee_room_01_video_12,data/keypoints_le2i_blazepose/Coffee_room_01_video_12.npz,31,55,0,0,0,0.0024515106
le2i-blazepose,le2i-blazepose::Coffee_room_01_video_12,data/keypoints_le2i_blazepose/Coffee_room_01_video_12.npz,36,60,1,1,0,0.006810969
le2i-blazepose,le2i-blazepose::Coffee_room_01_video_12,data/keypoints_le2i_blazepose/Coffee_room_01_video_12.npz,41,65,1,1,0,0.10461642
le2i-blazepose,le2i-blazepose::Coffee_room_01_video_12,data/keypoints_le2i_blazepose/Coffee_room_01_video_12.npz,46,70,1,1,1,0.8369189
le2i-blazepose,le2i-blazepose::Coffee_room_01_video_12,data/keypoints_le2i_blazepose/Coffee_room_01_video_12.npz,51,75,1,1,1,0.9930456
le2i-blazepose,le2i-blazepose::Coffee_room_01_video_12,data/keypoints_le2i_blazepose/Coffee_room_01_video_12.npz,56,80,1,1,1,0.99230427
le2i-blazepose,le2i-blazepose::Coffee_room_01_video_12,data/keypoints_le2i_blazepose/Coffee_room_01_video_12.npz,61,85,1,1,1,0.9852684
le2i-blazepose,le2i-blazepose::Coffee_room_01_video_12,data/keypoints_le2i_blazepose/Coffee_room_01_video_12.npz,66,90,1,1,1,0.92861867
le2i-blazepose,le2i-blazepose::Coffee_room_01_video_12,data/keypoints_le2i_blazepose/Coffee_room_01_video_12.npz,71,95,0,0,0,0.3160867
le2i-blazepose,le2i-blazepose::Coffee_room_01_video_12,data/keypoints_le2i_blazepose/Coffee_room_01_video_12.npz,76,100,0,0,0,0.32890305
le2i-blazepose,le2i-blazepose::Coffee_room_01_video_12,data/keypoints_le2i_blazepose/Coffee_room_01_video_12.npz,81,105,0,0,0,0.32271335
le2i-blazepose,le2i-blazepose::Coffee_room_01_video_12,data/keypoints_le2i_blazepose/Coffee_room_01_video_12.npz,86,110,0,0,0,0.6539314
le2i-blazepose,le2i-blazepose::Coffee_room_01_video_12,data/keypoints_le2i_blazepose/Coffee_room_01_video_12.npz,91,115,0,0,0,0.6596722
le2i-blazepose,le2i-blazepose::Coffee_room_01_video_12,data/keypoints_le2i_blazepose/Coffee_room_01_video_12.npz,96,120,0,0,0,0.63507676
le2i-blazepose,le2i-blazepose::Coffee_room_01_video_12,data/keypoints_le2i_blazepose/Coffee_room_01_video_12.npz,101,125,0,0,0,0.62661606
le2i-blazepose,le2i-blazepose::Coffee_room_01_video_12,data/keypoints_le2i_blazepose/Coffee_room_01_video_12.npz,106,130,0,0,0,0.6232016
le2i-blazepose,le2i-blazepose::Coffee_room_01_video_12,data/keypoints_le2i_blazepose/Coffee_room_01_video_12.npz,111,135,0,0,0,0.625847
le2i-blazepose,le2i-blazepose::Coffee_room_01_video_12,data/keypoints_le2i_blazepose/Coffee_room_01_video_12.npz,116,140,0,0,0,0.61745995
le2i-blazepose,le2i-blazepose::Coffee_room_01_video_12,data/keypoints_le2i_blazepose/Coffee_room_01_video_12.npz,121,145,0,0,0,0.623262
le2i-blazepose,le2i-blazepose::Coffee_room_01_video_12,data/keypoints_le2i_blazepose/Coffee_room_01_video_12.npz,126,150,0,0,0,0.6316511
le2i-blazepose,le2i-blazepose::Coffee_room_01_video_12,data/keypoints_le2i_blazepose/Coffee_room_01_video_12.npz,131,155,0,0,0,0.6342757
le2i-blazepose,le2i-blazepose::Coffee_room_01_video_12,data/keypoints_le2i_blazepose/Coffee_room_01_video_12.npz,136,160,0,0,0,0.6309877
le2i-blazepose,le2i-blazepose::Coffee_room_01_video_12,data/keypoints_le2i_blazepose/Coffee_room_01_video_12.npz,141,165,0,0,0,0.6292238
le2i-blazepose,le2i-blazepose::Coffee_room_01_video_12,data/keypoints_le2i_blazepose/Coffee_room_01_video_12.npz,146,170,0,0,0,0.62986875
le2i-blazepose,le2i-blazepose::Coffee_room_01_video_12,data/keypoints_le2i_blazepose/Coffee_room_01_video_12.npz,151,175,0,0,0,0.62691694
le2i-blazepose,le2i-blazepose::Coffee_room_01_video_12,data/keypoints_le2i_blazepose/Coffee_room_01_video_12.npz,156,180,0,0,0,0.62768704
le2i-blazepose,le2i-blazepose::Coffee_room_01_video_17,data/keypoints_le2i_blazepose/Coffee_room_01_video_17.npz,1,25,0,0,0,0.12155034
le2i-blazepose,le2i-blazepose::Coffee_room_01_video_17,data/keypoints_le2i_blazepose/Coffee_room_01_video_17.npz,6,30,1,1,1,0.776592
le2i-blazepose,le2i-blazepose::Coffee_room_01_video_17,data/keypoints_le2i_blazepose/Coffee_room_01_video_17.npz,11,35,1,1,1,0.99788684
le2i-blazepose,le2i-blazepose::Coffee_room_01_video_17,data/keypoints_le2i_blazepose/Coffee_room_01_video_17.npz,16,40,1,1,1,0.9996879
le2i-blazepose,le2i-blazepose::Coffee_room_01_video_17,data/keypoints_le2i_blazepose/Coffee_room_01_video_17.npz,21,45,1,1,1,0.99974316
le2i-blazepose,le2i-blazepose::Coffee_room_01_video_17,data/keypoints_le2i_blazepose/Coffee_room_01_video_17.npz,26,50,1,1,1,0.9997445
le2i-blazepose,le2i-blazepose::Coffee_room_01_video_17,data/keypoints_le2i_blazepose/Coffee_room_01_video_17.npz,31,55,1,1,1,0.99715626
le2i-blazepose,le2i-blazepose::Coffee_room_01_video_17,data/keypoints_le2i_blazepose/Coffee_room_01_video_17.npz,36,60,1,1,1,0.99571383
le2i-blazepose,le2i-blazepose::Coffee_room_01_video_17,data/keypoints_le2i_blazepose/Coffee_room_01_video_17.npz,41,65,1,1,1,0.99327517
le2i-blazepose,le2i-blazepose::Coffee_room_01_video_17,data/keypoints_le2i_blazepose/Coffee_room_01_video_17.npz,46,70,1,1,1,0.9631334
le2i-blazepose,le2i-blazepose::Coffee_room_01_video_17,data/keypoints_le2i_blazepose/Coffee_room_01_video_17.npz,51,75,0,0,0,0.67777663
le2i-blazepose,le2i-blazepose::Coffee_room_01_video_17,data/keypoints_le2i_blazepose/Coffee_room_01_video_17.npz,56,80,0,0,0,0.43976548
le2i-blazepose,le2i-blazepose::Coffee_room_01_video_17,data/keypoints_le2i_blazepose/Coffee_room_01_video_17.npz,61,85,0,0,0,0.4745681
le2i-blazepose,le2i-blazepose::Coffee_room_01_video_17,data/keypoints_le2i_blazepose/Coffee_room_01_video_17.npz,66,90,0,0,0,0.34268647
le2i-blazepose,le2i-blazepose::Coffee_room_01_video_17,data/keypoints_le2i_blazepose/Coffee_room_01_video_17.npz,71,95,0,0,0,0.3469787
le2i-blazepose,le2i-blazepose::Coffee_room_01_video_17,data/keypoints_le2i_blazepose/Coffee_room_01_video_17.npz,76,100,0,0,0,0.3451009
le2i-blazepose,le2i-blazepose::Coffee_room_01_video_17,data/keypoints_le2i_blazepose/Coffee_room_01_video_17.npz,81,105,0,0,0,0.34683377
le2i-blazepose,le2i-blazepose::Coffee_room_01_video_17,data/keypoints_le2i_blazepose/Coffee_room_01_video_17.npz,86,110,0,0,0,0.34586516
le2i-blazepose,le2i-blazepose::Coffee_room_01_video_17,data/keypoints_le2i_blazepose/Coffee_room_01_video_17.npz,91,115,0,0,0,0.34232745
le2i-blazepose,le2i-blazepose::Coffee_room_01_video_17,data/keypoints_le2i_blazepose/Coffee_room_01_video_17.npz,96,120,0,0,0,0.34199727
le2i-blazepose,le2i-blazepose::Coffee_room_01_video_17,data/keypoints_le2i_blazepose/Coffee_room_01_video_17.npz,101,125,0,0,0,0.34923574
le2i-blazepose,le2i-blazepose::Coffee_room_01_video_17,data/keypoints_le2i_blazepose/Coffee_room_01_video_17.npz,106,130,0,0,0,0.34537762
le2i-blazepose,le2i-blazepose::Coffee_room_01_video_17,data/keypoints_le2i_blazepose/Coffee_room_01_video_17.npz,111,135,0,0,0,0.34005466
le2i-blazepose,le2i-blazepose::Coffee_room_01_video_17,data/keypoints_le2i_blazepose/Coffee_room_01_video_17.npz,116,140,0,0,0,0.34163606
le2i-blazepose,le2i-blazepose::Coffee_room_01_video_17,data/keypoints_le2i_blazepose/Coffee_room_01_video_17.npz,121,145,0,0,0,0.33784056
le2i-blazepose,le2i-blazepose::Coffee_room_01_video_17,data/keypoints_le2i_blazepose/Coffee_room_01_video_17.npz,126,150,0,0,0,0.34023124
le2i-blazepose,le2i-blazepose::Coffee_room_01_video_17,data/keypoints_le2i_blazepose/Coffee_room_01_video_17.npz,131,155,0,0,0,0.33866394
le2i-blazepose,le2i-blazepose::Coffee_room_01_video_24,data/keypoints_le2i_blazepose/Coffee_room_01_video_24.npz,1,25,0,0,0,0.0015606411
le2i-blazepose,le2i-blazepose::Coffee_room_01_video_24,data/keypoints_le2i_blazepose/Coffee_room_01_video_24.npz,6,30,0,0,0,0.00092077325
le2i-blazepose,le2i-blazepose::Coffee_room_01_video_24,data/keypoints_le2i_blazepose/Coffee_room_01_video_24.npz,11,35,0,0,0,0.0008733652
le2i-blazepose,le2i-blazepose::Coffee_room_01_video_24,data/keypoints_le2i_blazepose/Coffee_room_01_video_24.npz,16,40,0,0,0,0.0012269744
le2i-blazepose,le2i-blazepose::Coffee_room_01_video_24,data/keypoints_le2i_blazepose/Coffee_room_01_video_24.npz,21,45,0,0,0,0.001234327
le2i-blazepose,le2i-blazepose::Coffee_room_01_video_24,data/keypoints_le2i_blazepose/Coffee_room_01_video_24.npz,26,50,0,0,0,0.0013099181
le2i-blazepose,le2i-blazepose::Coffee_room_01_video_24,data/keypoints_le2i_blazepose/Coffee_room_01_video_24.npz,31,55,0,0,0,0.0013351681
le2i-blazepose,le2i-blazepose::Coffee_room_01_video_24,data/keypoints_le2i_blazepose/Coffee_room_01_video_24.npz,36,60,0,0,0,0.0014362043
le2i-blazepose,le2i-blazepose::Coffee_room_01_video_24,data/keypoints_le2i_blazepose/Coffee_room_01_video_24.npz,41,65,0,0,0,0.0014352684
le2i-blazepose,le2i-blazepose::Coffee_room_01_video_24,data/keypoints_le2i_blazepose/Coffee_room_01_video_24.npz,46,70,0,0,0,0.0014674126
le2i-blazepose,le2i-blazepose::Coffee_room_01_video_24,data/keypoints_le2i_blazepose/Coffee_room_01_video_24.npz,51,75,0,0,0,0.0016716343
le2i-blazepose,le2i-blazepose::Coffee_room_01_video_24,data/keypoints_le2i_blazepose/Coffee_room_01_video_24.npz,56,80,0,0,0,0.0016711599
le2i-blazepose,le2i-blazepose::Coffee_room_01_video_24,data/keypoints_le2i_blazepose/Coffee_room_01_video_24.npz,61,85,0,0,0,0.0017295049
le2i-blazepose,le2i-blazepose::Coffee_room_01_video_24,data/keypoints_le2i_blazepose/Coffee_room_01_video_24.npz,66,90,0,0,0,0.0016204055
le2i-blazepose,le2i-blazepose::Coffee_room_01_video_24,data/keypoints_le2i_blazepose/Coffee_room_01_video_24.npz,71,95,0,0,0,0.0016215878
le2i-blazepose,le2i-blazepose::Coffee_room_01_video_24,data/keypoints_le2i_blazepose/Coffee_room_01_video_24.npz,76,100,0,0,0,0.001545504
le2i-blazepose,le2i-blazepose::Coffee_room_01_video_24,data/keypoints_le2i_blazepose/Coffee_room_01_video_24.npz,81,105,0,0,0,0.001470263
le2i-blazepose,le2i-blazepose::Coffee_room_01_video_24,data/keypoints_le2i_blazepose/Coffee_room_01_video_24.npz,86,110,0,0,0,0.0014580409
le2i-blazepose,le2i-blazepose::Coffee_room_01_video_24,data/keypoints_le2i_blazepose/Coffee_room_01_video_24.npz,91,115,0,0,0,0.0016068553
le2i-blazepose,le2i-blazepose::Coffee_room_01_video_24,data/keypoints_le2i_blazepose/Coffee_room_01_video_24.npz,96,120,0,0,0,0.0019065611
le2i-blazepose,le2i-blazepose::Coffee_room_01_video_24,data/keypoints_le2i_blazepose/Coffee_room_01_video_24.npz,101,125,0,0,0,0.0018631394
le2i-blazepose,le2i-blazepose::Coffee_room_01_video_24,data/keypoints_le2i_blazepose/Coffee_room_01_video_24.npz,106,130,0,0,0,0.0012503678
le2i-blazepose,le2i-blazepose::Coffee_room_01_video_24,data/keypoints_le2i_blazepose/Coffee_room_01_video_24.npz,111,135,0,0,0,0.0006165921
le2i-blazepose,le2i-blazepose::Coffee_room_01_video_24,data/keypoints_le2i_blazepose/Coffee_room_01_video_24.npz,116,140,0,0,0,0.00041519565
le2i-blazepose,le2i-blazepose::Coffee_room_01_video_24,data/keypoints_le2i_blazepose/Coffee_room_01_video_24.npz,121,145,0,0,0,0.0004440672
le2i-blazepose,le2i-blazepose::Coffee_room_01_video_24,data/keypoints_le2i_blazepose/Coffee_room_01_video_24.npz,126,150,0,0,0,0.0005358111
le2i-blazepose,le2i-blazepose::Coffee_room_01_video_24,data/keypoints_le2i_blazepose/Coffee_room_01_video_24.npz,131,155,0,0,0,0.0006276467
le2i-blazepose,le2i-blazepose::Coffee_room_01_video_24,data/keypoints_le2i_blazepose/Coffee_room_01_video_24.npz,136,160,0,0,0,0.00065406674
le2i-blazepose,le2i-blazepose::Coffee_room_01_video_24,data/keypoints_le2i_blazepose/Coffee_room_01_video_24.npz,141,165,0,0,0,0.00061490666
le2i-blazepose,le2i-blazepose::Coffee_room_01_video_24,data/keypoints_le2i_blazepose/Coffee_room_01_video_24.npz,146,170,0,0,0,0.0005677909
le2i-blazepose,le2i-blazepose::Coffee_room_01_video_24,data/keypoints_le2i_blazepose/Coffee_room_01_video_24.npz,151,175,0,0,0,0.0005005066
le2i-blazepose,le2i-blazepose::Coffee_room_01_video_24,data/keypoints_le2i_blazepose/Coffee_room_01_video_24.npz,156,180,0,0,0,0.00043382953
le2i-blazepose,le2i-blazepose::Coffee_room_01_video_24,data/keypoints_le2i_blazepose/Coffee_room_01_video_24.npz,161,185,0,0,0,0.00043205073
le2i-blazepose,le2i-blazepose::Coffee_room_01_video_24,data/keypoints_le2i_blazepose/Coffee_room_01_video_24.npz,166,190,0,0,0,0.0005238074
le2i-blazepose,le2i-blazepose::Coffee_room_01_video_24,data/keypoints_le2i_blazepose/Coffee_room_01_video_24.npz,171,195,0,0,0,0.0005343494
le2i-blazepose,le2i-blazepose::Coffee_room_01_video_24,data/keypoints_le2i_blazepose/Coffee_room_01_video_24.npz,176,200,0,0,0,0.00045760095
le2i-blazepose,le2i-blazepose::Coffee_room_01_video_24,data/keypoints_le2i_blazepose/Coffee_room_01_video_24.npz,181,205,0,0,0,0.00043466114
le2i-blazepose,le2i-blazepose::Coffee_room_01_video_24,data/keypoints_le2i_blazepose/Coffee_room_01_video_24.npz,186,210,0,0,0,0.0007242693
le2i-blazepose,le2i-blazepose::Coffee_room_01_video_24,data/keypoints_le2i_blazepose/Coffee_room_01_video_24.npz,191,215,0,0,0,0.2275394
le2i-blazepose,le2i-blazepose::Coffee_room_01_video_24,data/keypoints_le2i_blazepose/Coffee_room_01_video_24.npz,196,220,1,1,1,0.99792707
le2i-blazepose,le2i-blazepose::Coffee_room_01_video_24,data/keypoints_le2i_blazepose/Coffee_room_01_video_24.npz,201,225,1,1,1,0.9997992
le2i-blazepose,le2i-blazepose::Coffee_room_01_video_24,data/keypoints_le2i_blazepose/Coffee_room_01_video_24.npz,206,230,1,1,1,0.99931705
le2i-blazepose,le2i-blazepose::Coffee_room_01_video_24,data/keypoints_le2i_blazepose/Coffee_room_01_video_24.npz,211,235,1,1,1,0.9991314
le2i-blazepose,le2i-blazepose::Coffee_room_01_video_24,data/keypoints_le2i_blazepose/Coffee_room_01_video_24.npz,216,240,1,1,1,0.9425041
le2i-blazepose,le2i-blazepose::Coffee_room_01_video_24,data/keypoints_le2i_blazepose/Coffee_room_01_video_24.npz,221,245,1,1,1,0.8483796
le2i-blazepose,le2i-blazepose::Coffee_room_01_video_24,data/keypoints_le2i_blazepose/Coffee_room_01_video_24.npz,226,250,1,1,0,0.040604852
le2i-blazepose,le2i-blazepose::Coffee_room_01_video_24,data/keypoints_le2i_blazepose/Coffee_room_01_video_24.npz,231,255,0,0,0,5.7609006e-05
le2i-blazepose,le2i-blazepose::Coffee_room_01_video_24,data/keypoints_le2i_blazepose/Coffee_room_01_video_24.npz,236,260,0,0,0,5.92565e-05
le2i-blazepose,le2i-blazepose::Coffee_room_01_video_24,data/keypoints_le2i_blazepose/Coffee_room_01_video_24.npz,241,265,0,0,0,6.9547576e-05
le2i-blazepose,le2i-blazepose::Coffee_room_01_video_4,data/keypoints_le2i_blazepose/Coffee_room_01_video_4.npz,1,25,0,0,0,0.000990473
le2i-blazepose,le2i-blazepose::Coffee_room_01_video_4,data/keypoints_le2i_blazepose/Coffee_room_01_video_4.npz,6,30,0,0,0,7.957791e-06
le2i-blazepose,le2i-blazepose::Coffee_room_01_video_4,data/keypoints_le2i_blazepose/Coffee_room_01_video_4.npz,11,35,0,0,0,2.5096111e-05
le2i-blazepose,le2i-blazepose::Coffee_room_01_video_4,data/keypoints_le2i_blazepose/Coffee_room_01_video_4.npz,16,40,0,0,0,0.000109215754
le2i-blazepose,le2i-blazepose::Coffee_room_01_video_4,data/keypoints_le2i_blazepose/Coffee_room_01_video_4.npz,21,45,0,0,0,0.0006144857
le2i-blazepose,le2i-blazepose::Coffee_room_01_video_4,data/keypoints_le2i_blazepose/Coffee_room_01_video_4.npz,26,50,0,0,0,0.00064666406
le2i-blazepose,le2i-blazepose::Coffee_room_01_video_4,data/keypoints_le2i_blazepose/Coffee_room_01_video_4.npz,31,55,0,0,0,0.00043013698
le2i-blazepose,le2i-blazepose::Coffee_room_01_video_4,data/keypoints_le2i_blazepose/Coffee_room_01_video_4.npz,36,60,0,0,0,0.00046359966
le2i-blazepose,le2i-blazepose::Coffee_room_01_video_4,data/keypoints_le2i_blazepose/Coffee_room_01_video_4.npz,41,65,0,0,0,0.0003108324
le2i-blazepose,le2i-blazepose::Coffee_room_01_video_4,data/keypoints_le2i_blazepose/Coffee_room_01_video_4.npz,46,70,0,0,0,0.0005363957
le2i-blazepose,le2i-blazepose::Coffee_room_01_video_4,data/keypoints_le2i_blazepose/Coffee_room_01_video_4.npz,51,75,0,0,0,0.0008116826
le2i-blazepose,le2i-blazepose::Coffee_room_01_video_4,data/keypoints_le2i_blazepose/Coffee_room_01_video_4.npz,56,80,0,0,0,0.00094481127
le2i-blazepose,le2i-blazepose::Coffee_room_01_video_4,data/keypoints_le2i_blazepose/Coffee_room_01_video_4.npz,61,85,0,0,0,0.0016257804
le2i-blazepose,le2i-blazepose::Coffee_room_01_video_4,data/keypoints_le2i_blazepose/Coffee_room_01_video_4.npz,66,90,0,0,0,0.0022277199
le2i-blazepose,le2i-blazepose::Coffee_room_01_video_4,data/keypoints_le2i_blazepose/Coffee_room_01_video_4.npz,71,95,0,0,0,0.0044285753
le2i-blazepose,le2i-blazepose::Coffee_room_01_video_4,data/keypoints_le2i_blazepose/Coffee_room_01_video_4.npz,76,100,0,0,0,0.022928383
le2i-blazepose,le2i-blazepose::Coffee_room_01_video_4,data/keypoints_le2i_blazepose/Coffee_room_01_video_4.npz,81,105,0,0,0,0.07993085
le2i-blazepose,le2i-blazepose::Coffee_room_01_video_4,data/keypoints_le2i_blazepose/Coffee_room_01_video_4.npz,86,110,0,0,0,0.010636767
le2i-blazepose,le2i-blazepose::Coffee_room_01_video_4,data/keypoints_le2i_blazepose/Coffee_room_01_video_4.npz,91,115,0,0,0,0.045270532
le2i-blazepose,le2i-blazepose::Coffee_room_01_video_4,data/keypoints_le2i_blazepose/Coffee_room_01_video_4.npz,96,120,0,0,0,0.05700297
le2i-blazepose,le2i-blazepose::Coffee_room_01_video_4,data/keypoints_le2i_blazepose/Coffee_room_01_video_4.npz,101,125,0,0,0,0.32070896
le2i-blazepose,le2i-blazepose::Coffee_room_01_video_4,data/keypoints_le2i_blazepose/Coffee_room_01_video_4.npz,106,130,1,1,0,0.606905
le2i-blazepose,le2i-blazepose::Coffee_room_01_video_4,data/keypoints_le2i_blazepose/Coffee_room_01_video_4.npz,111,135,1,1,1,0.9721267
le2i-blazepose,le2i-blazepose::Coffee_room_01_video_4,data/keypoints_le2i_blazepose/Coffee_room_01_video_4.npz,116,140,1,1,1,0.9964257
le2i-blazepose,le2i-blazepose::Coffee_room_01_video_4,data/keypoints_le2i_blazepose/Coffee_room_01_video_4.npz,121,145,1,1,1,0.9983621
le2i-blazepose,le2i-blazepose::Coffee_room_01_video_4,data/keypoints_le2i_blazepose/Coffee_room_01_video_4.npz,126,150,1,1,1,0.98900783
le2i-blazepose,le2i-blazepose::Coffee_room_01_video_4,data/keypoints_le2i_blazepose/Coffee_room_01_video_4.npz,131,155,1,1,0,0.101476416
le2i-blazepose,le2i-blazepose::Coffee_room_01_video_4,data/keypoints_le2i_blazepose/Coffee_room_01_video_4.npz,136,160,1,1,0,0.0037374774
le2i-blazepose,le2i-blazepose::Coffee_room_01_video_4,data/keypoints_le2i_blazepose/Coffee_room_01_video_4.npz,141,165,1,1,0,0.67410725
le2i-blazepose,le2i-blazepose::Coffee_room_01_video_4,data/keypoints_le2i_blazepose/Coffee_room_01_video_4.npz,146,170,1,1,0,0.671641
le2i-blazepose,le2i-blazepose::Coffee_room_01_video_4,data/keypoints_le2i_blazepose/Coffee_room_01_video_4.npz,151,175,0,0,0,0.67218804
le2i-blazepose,le2i-blazepose::Coffee_room_01_video_4,data/keypoints_le2i_blazepose/Coffee_room_01_video_4.npz,156,180,0,0,0,0.6481279
le2i-blazepose,le2i-blazepose::Coffee_room_01_video_4,data/keypoints_le2i_blazepose/Coffee_room_01_video_4.npz,161,185,0,0,0,0.0026372669
le2i-blazepose,le2i-blazepose::Coffee_room_01_video_4,data/keypoints_le2i_blazepose/Coffee_room_01_video_4.npz,166,190,0,0,0,0.0027506365
le2i-blazepose,le2i-blazepose::Coffee_room_01_video_4,data/keypoints_le2i_blazepose/Coffee_room_01_video_4.npz,171,195,0,0,0,0.002888022
le2i-blazepose,le2i-blazepose::Coffee_room_01_video_4,data/keypoints_le2i_blazepose/Coffee_room_01_video_4.npz,176,200,0,0,0,0.002780663
le2i-blazepose,le2i-blazepose::Coffee_room_01_video_4,data/keypoints_le2i_blazepose/Coffee_room_01_video_4.npz,181,205,0,0,0,0.0025809482
le2i-blazepose,le2i-blazepose::Coffee_room_01_video_40,data/keypoints_le2i_blazepose/Coffee_room_01_video_40.npz,1,25,0,0,0,0.001130149
le2i-blazepose,le2i-blazepose::Coffee_room_01_video_40,data/keypoints_le2i_blazepose/Coffee_room_01_video_40.npz,6,30,0,0,0,0.000604837
le2i-blazepose,le2i-blazepose::Coffee_room_01_video_40,data/keypoints_le2i_blazepose/Coffee_room_01_video_40.npz,11,35,0,0,0,0.0003581897
le2i-blazepose,le2i-blazepose::Coffee_room_01_video_40,data/keypoints_le2i_blazepose/Coffee_room_01_video_40.npz,16,40,0,0,0,0.00030013185
le2i-blazepose,le2i-blazepose::Coffee_room_01_video_40,data/keypoints_le2i_blazepose/Coffee_room_01_video_40.npz,21,45,0,0,0,0.00044889314
le2i-blazepose,le2i-blazepose::Coffee_room_01_video_40,data/keypoints_le2i_blazepose/Coffee_room_01_video_40.npz,26,50,0,0,0,0.0005665768
le2i-blazepose,le2i-blazepose::Coffee_room_01_video_40,data/keypoints_le2i_blazepose/Coffee_room_01_video_40.npz,31,55,0,0,0,0.0007765982
le2i-blazepose,le2i-blazepose::Coffee_room_01_video_40,data/keypoints_le2i_blazepose/Coffee_room_01_video_40.npz,36,60,0,0,0,0.0011894543
le2i-blazepose,le2i-blazepose::Coffee_room_01_video_40,data/keypoints_le2i_blazepose/Coffee_room_01_video_40.npz,41,65,0,0,0,0.002212899
le2i-blazepose,le2i-blazepose::Coffee_room_01_video_40,data/keypoints_le2i_blazepose/Coffee_room_01_video_40.npz,46,70,0,0,0,0.0023407682
le2i-blazepose,le2i-blazepose::Coffee_room_01_video_40,data/keypoints_le2i_blazepose/Coffee_room_01_video_40.npz,51,75,0,0,0,0.0011817586
le2i-blazepose,le2i-blazepose::Coffee_room_01_video_40,data/keypoints_le2i_blazepose/Coffee_room_01_video_40.npz,56,80,0,0,0,0.00091152353
le2i-blazepose,le2i-blazepose::Coffee_room_01_video_40,data/keypoints_le2i_blazepose/Coffee_room_01_video_40.npz,61,85,0,0,0,0.00093555165
le2i-blazepose,le2i-blazepose::Coffee_room_01_video_40,data/keypoints_le2i_blazepose/Coffee_room_01_video_40.npz,66,90,0,0,0,0.0012155443
le2i-blazepose,le2i-blazepose::Coffee_room_01_video_40,data/keypoints_le2i_blazepose/Coffee_room_01_video_40.npz,71,95,0,0,0,0.0012358835
le2i-blazepose,le2i-blazepose::Coffee_room_01_video_40,data/keypoints_le2i_blazepose/Coffee_room_01_video_40.npz,76,100,0,0,0,0.0016160021
le2i-blazepose,le2i-blazepose::Coffee_room_01_video_40,data/keypoints_le2i_blazepose/Coffee_room_01_video_40.npz,81,105,0,0,0,0.0022902458
le2i-blazepose,le2i-blazepose::Coffee_room_01_video_40,data/keypoints_le2i_blazepose/Coffee_room_01_video_40.npz,86,110,0,0,0,0.0024660386
le2i-blazepose,le2i-blazepose::Coffee_room_01_video_40,data/keypoints_le2i_blazepose/Coffee_room_01_video_40.npz,91,115,0,0,0,0.0021516648
le2i-blazepose,le2i-blazepose::Coffee_room_01_video_40,data/keypoints_le2i_blazepose/Coffee_room_01_video_40.npz,96,120,0,0,0,0.0013323324
le2i-blazepose,le2i-blazepose::Coffee_room_01_video_40,data/keypoints_le2i_blazepose/Coffee_room_01_video_40.npz,101,125,0,0,0,0.0012986901
le2i-blazepose,le2i-blazepose::Coffee_room_01_video_40,data/keypoints_le2i_blazepose/Coffee_room_01_video_40.npz,106,130,0,0,0,0.0012187039
le2i-blazepose,le2i-blazepose::Coffee_room_01_video_40,data/keypoints_le2i_blazepose/Coffee_room_01_video_40.npz,111,135,0,0,0,0.00081066537
le2i-blazepose,le2i-blazepose::Coffee_room_01_video_40,data/keypoints_le2i_blazepose/Coffee_room_01_video_40.npz,116,140,0,0,0,0.0008556593
le2i-blazepose,le2i-blazepose::Coffee_room_01_video_40,data/keypoints_le2i_blazepose/Coffee_room_01_video_40.npz,121,145,0,0,0,0.00068467396
le2i-blazepose,le2i-blazepose::Coffee_room_01_video_40,data/keypoints_le2i_blazepose/Coffee_room_01_video_40.npz,126,150,0,0,0,0.0008362473
le2i-blazepose,le2i-blazepose::Coffee_room_01_video_40,data/keypoints_le2i_blazepose/Coffee_room_01_video_40.npz,131,155,0,0,0,0.0012760827
le2i-blazepose,le2i-blazepose::Coffee_room_01_video_40,data/keypoints_le2i_blazepose/Coffee_room_01_video_40.npz,136,160,0,0,0,0.0012062519
le2i-blazepose,le2i-blazepose::Coffee_room_01_video_40,data/keypoints_le2i_blazepose/Coffee_room_01_video_40.npz,141,165,0,0,0,0.0016511423
le2i-blazepose,le2i-blazepose::Coffee_room_01_video_40,data/keypoints_le2i_blazepose/Coffee_room_01_video_40.npz,146,170,0,0,0,0.0021730058
le2i-blazepose,le2i-blazepose::Coffee_room_01_video_40,data/keypoints_le2i_blazepose/Coffee_room_01_video_40.npz,151,175,0,0,0,0.0020651743
le2i-blazepose,le2i-blazepose::Coffee_room_01_video_40,data/keypoints_le2i_blazepose/Coffee_room_01_video_40.npz,156,180,0,0,0,0.0012557686
le2i-blazepose,le2i-blazepose::Coffee_room_01_video_40,data/keypoints_le2i_blazepose/Coffee_room_01_video_40.npz,161,185,0,0,0,0.0045129256
le2i-blazepose,le2i-blazepose::Coffee_room_01_video_40,data/keypoints_le2i_blazepose/Coffee_room_01_video_40.npz,166,190,0,0,0,0.0011422351
le2i-blazepose,le2i-blazepose::Coffee_room_01_video_40,data/keypoints_le2i_blazepose/Coffee_room_01_video_40.npz,171,195,0,0,0,0.0007454843
le2i-blazepose,le2i-blazepose::Coffee_room_01_video_40,data/keypoints_le2i_blazepose/Coffee_room_01_video_40.npz,176,200,0,0,0,0.00051750947
le2i-blazepose,le2i-blazepose::Coffee_room_01_video_40,data/keypoints_le2i_blazepose/Coffee_room_01_video_40.npz,181,205,0,0,0,0.0004455426
le2i-blazepose,le2i-blazepose::Coffee_room_01_video_40,data/keypoints_le2i_blazepose/Coffee_room_01_video_40.npz,186,210,0,0,0,0.00042302374
le2i-blazepose,le2i-blazepose::Coffee_room_01_video_40,data/keypoints_le2i_blazepose/Coffee_room_01_video_40.npz,191,215,0,0,0,0.00042064115
le2i-blazepose,le2i-blazepose::Coffee_room_01_video_40,data/keypoints_le2i_blazepose/Coffee_room_01_video_40.npz,196,220,0,0,0,0.0010897145
le2i-blazepose,le2i-blazepose::Coffee_room_01_video_40,data/keypoints_le2i_blazepose/Coffee_room_01_video_40.npz,201,225,0,0,0,0.0010762039
le2i-blazepose,le2i-blazepose::Coffee_room_01_video_40,data/keypoints_le2i_blazepose/Coffee_room_01_video_40.npz,206,230,0,0,0,0.0011855271
le2i-blazepose,le2i-blazepose::Coffee_room_01_video_40,data/keypoints_le2i_blazepose/Coffee_room_01_video_40.npz,211,235,0,0,0,0.0012680425
le2i-blazepose,le2i-blazepose::Coffee_room_01_video_40,data/keypoints_le2i_blazepose/Coffee_room_01_video_40.npz,216,240,0,0,0,0.0012512149
le2i-blazepose,le2i-blazepose::Coffee_room_01_video_40,data/keypoints_le2i_blazepose/Coffee_room_01_video_40.npz,221,245,0,0,0,0.0013916338
le2i-blazepose,le2i-blazepose::Coffee_room_01_video_40,data/keypoints_le2i_blazepose/Coffee_room_01_video_40.npz,226,250,0,0,0,0.0017505568
le2i-blazepose,le2i-blazepose::Coffee_room_01_video_40,data/keypoints_le2i_blazepose/Coffee_room_01_video_40.npz,231,255,0,0,0,0.0014351255
le2i-blazepose,le2i-blazepose::Coffee_room_01_video_40,data/keypoints_le2i_blazepose/Coffee_room_01_video_40.npz,236,260,0,0,0,0.0013733911
le2i-blazepose,le2i-blazepose::Coffee_room_01_video_40,data/keypoints_le2i_blazepose/Coffee_room_01_video_40.npz,241,265,0,0,0,0.22662094
le2i-blazepose,le2i-blazepose::Coffee_room_01_video_40,data/keypoints_le2i_blazepose/Coffee_room_01_video_40.npz,246,270,1,1,1,0.9941817
le2i-blazepose,le2i-blazepose::Coffee_room_01_video_40,data/keypoints_le2i_blazepose/Coffee_room_01_video_40.npz,251,275,1,1,1,0.99928814
le2i-blazepose,le2i-blazepose::Coffee_room_01_video_40,data/keypoints_le2i_blazepose/Coffee_room_01_video_40.npz,256,280,1,1,1,0.9993963
le2i-blazepose,le2i-blazepose::Coffee_room_01_video_40,data/keypoints_le2i_blazepose/Coffee_room_01_video_40.npz,261,285,1,1,1,0.99940515
le2i-blazepose,le2i-blazepose::Coffee_room_01_video_40,data/keypoints_le2i_blazepose/Coffee_room_01_video_40.npz,266,290,1,1,1,0.99132186
le2i-blazepose,le2i-blazepose::Coffee_room_01_video_40,data/keypoints_le2i_blazepose/Coffee_room_01_video_40.npz,271,295,1,1,1,0.72301555
le2i-blazepose,le2i-blazepose::Coffee_room_01_video_40,data/keypoints_le2i_blazepose/Coffee_room_01_video_40.npz,276,300,1,1,0,0.18667631
le2i-blazepose,le2i-blazepose::Coffee_room_01_video_40,data/keypoints_le2i_blazepose/Coffee_room_01_video_40.npz,281,305,1,1,1,0.83250636
le2i-blazepose,le2i-blazepose::Coffee_room_01_video_40,data/keypoints_le2i_blazepose/Coffee_room_01_video_40.npz,286,310,0,0,1,0.82015926
le2i-blazepose,le2i-blazepose::Coffee_room_01_video_40,data/keypoints_le2i_blazepose/Coffee_room_01_video_40.npz,291,315,0,0,1,0.82915014
le2i-blazepose,le2i-blazepose::Coffee_room_01_video_40,data/keypoints_le2i_blazepose/Coffee_room_01_video_40.npz,296,320,0,0,1,0.8251023
le2i-blazepose,le2i-blazepose::Coffee_room_01_video_40,data/keypoints_le2i_blazepose/Coffee_room_01_video_40.npz,301,325,0,0,1,0.8243314
le2i-blazepose,le2i-blazepose::Coffee_room_01_video_40,data/keypoints_le2i_blazepose/Coffee_room_01_video_40.npz,306,330,0,0,1,0.82123625
le2i-blazepose,le2i-blazepose::Coffee_room_01_video_40,data/keypoints_le2i_blazepose/Coffee_room_01_video_40.npz,311,335,0,0,1,0.81965214
le2i-blazepose,le2i-blazepose::Coffee_room_01_video_40,data/keypoints_le2i_blazepose/Coffee_room_01_video_40.npz,316,340,0,0,1,0.82374614
le2i-blazepose,le2i-blazepose::Coffee_room_01_video_40,data/keypoints_le2i_blazepose/Coffee_room_01_video_40.npz,321,345,0,0,1,0.8235943
le2i-blazepose,le2i-blazepose::Coffee_room_01_video_40,data/keypoints_le2i_blazepose/Coffee_room_01_video_40.npz,326,350,0,0,1,0.8264531
le2i-blazepose,le2i-blazepose::Coffee_room_01_video_41,data/keypoints_le2i_blazepose/Coffee_room_01_video_41.npz,1,25,0,0,0,0.0006517438
le2i-blazepose,le2i-blazepose::Coffee_room_01_video_41,data/keypoints_le2i_blazepose/Coffee_room_01_video_41.npz,6,30,0,0,0,0.00054434966
le2i-blazepose,le2i-blazepose::Coffee_room_01_video_41,data/keypoints_le2i_blazepose/Coffee_room_01_video_41.npz,11,35,0,0,0,0.00055245624
le2i-blazepose,le2i-blazepose::Coffee_room_01_video_41,data/keypoints_le2i_blazepose/Coffee_room_01_video_41.npz,16,40,0,0,0,0.00072166044
le2i-blazepose,le2i-blazepose::Coffee_room_01_video_41,data/keypoints_le2i_blazepose/Coffee_room_01_video_41.npz,21,45,0,0,0,0.00078815926
le2i-blazepose,le2i-blazepose::Coffee_room_01_video_41,data/keypoints_le2i_blazepose/Coffee_room_01_video_41.npz,26,50,0,0,0,0.00065833185
le2i-blazepose,le2i-blazepose::Coffee_room_01_video_41,data/keypoints_le2i_blazepose/Coffee_room_01_video_41.npz,31,55,0,0,0,0.0004584899
le2i-blazepose,le2i-blazepose::Coffee_room_01_video_41,data/keypoints_le2i_blazepose/Coffee_room_01_video_41.npz,36,60,0,0,0,0.0003216168
le2i-blazepose,le2i-blazepose::Coffee_room_01_video_41,data/keypoints_le2i_blazepose/Coffee_room_01_video_41.npz,41,65,0,0,0,0.00052748626
le2i-blazepose,le2i-blazepose::Coffee_room_01_video_41,data/keypoints_le2i_blazepose/Coffee_room_01_video_41.npz,46,70,0,0,0,0.00021742644
le2i-blazepose,le2i-blazepose::Coffee_room_01_video_41,data/keypoints_le2i_blazepose/Coffee_room_01_video_41.npz,51,75,0,0,0,0.00020300188
le2i-blazepose,le2i-blazepose::Coffee_room_01_video_41,data/keypoints_le2i_blazepose/Coffee_room_01_video_41.npz,56,80,0,0,0,0.00021370551
le2i-blazepose,le2i-blazepose::Coffee_room_01_video_41,data/keypoints_le2i_blazepose/Coffee_room_01_video_41.npz,61,85,0,0,0,0.00024462503
le2i-blazepose,le2i-blazepose::Coffee_room_01_video_41,data/keypoints_le2i_blazepose/Coffee_room_01_video_41.npz,66,90,0,0,0,0.00027814123
le2i-blazepose,le2i-blazepose::Coffee_room_01_video_41,data/keypoints_le2i_blazepose/Coffee_room_01_video_41.npz,71,95,0,0,0,0.00029366248
le2i-blazepose,le2i-blazepose::Coffee_room_01_video_41,data/keypoints_le2i_blazepose/Coffee_room_01_video_41.npz,76,100,0,0,0,0.00031091686
le2i-blazepose,le2i-blazepose::Coffee_room_01_video_41,data/keypoints_le2i_blazepose/Coffee_room_01_video_41.npz,81,105,0,0,0,0.00036461995
le2i-blazepose,le2i-blazepose::Coffee_room_01_video_41,data/keypoints_le2i_blazepose/Coffee_room_01_video_41.npz,86,110,0,0,0,0.00046356526
le2i-blazepose,le2i-blazepose::Coffee_room_01_video_41,data/keypoints_le2i_blazepose/Coffee_room_01_video_41.npz,91,115,0,0,0,0.0005155039
le2i-blazepose,le2i-blazepose::Coffee_room_01_video_41,data/keypoints_le2i_blazepose/Coffee_room_01_video_41.npz,96,120,0,0,0,0.00063683727
le2i-blazepose,le2i-blazepose::Coffee_room_01_video_41,data/keypoints_le2i_blazepose/Coffee_room_01_video_41.npz,101,125,0,0,0,0.0008674878
le2i-blazepose,le2i-blazepose::Coffee_room_01_video_41,data/keypoints_le2i_blazepose/Coffee_room_01_video_41.npz,106,130,0,0,0,0.001185194
le2i-blazepose,le2i-blazepose::Coffee_room_01_video_41,data/keypoints_le2i_blazepose/Coffee_room_01_video_41.npz,111,135,0,0,0,0.0014906767
le2i-blazepose,le2i-blazepose::Coffee_room_01_video_41,data/keypoints_le2i_blazepose/Coffee_room_01_video_41.npz,116,140,0,0,0,0.0015606508
le2i-blazepose,le2i-blazepose::Coffee_room_01_video_41,data/keypoints_le2i_blazepose/Coffee_room_01_video_41.npz,121,145,0,0,0,0.0018654206
le2i-blazepose,le2i-blazepose::Coffee_room_01_video_41,data/keypoints_le2i_blazepose/Coffee_room_01_video_41.npz,126,150,0,0,0,0.0025262355
le2i-blazepose,le2i-blazepose::Coffee_room_01_video_41,data/keypoints_le2i_blazepose/Coffee_room_01_video_41.npz,131,155,0,0,0,0.0039608176
le2i-blazepose,le2i-blazepose::Coffee_room_01_video_41,data/keypoints_le2i_blazepose/Coffee_room_01_video_41.npz,136,160,0,0,0,0.0050405264
le2i-blazepose,le2i-blazepose::Coffee_room_01_video_41,data/keypoints_le2i_blazepose/Coffee_room_01_video_41.npz,141,165,0,0,0,0.008284288
le2i-blazepose,le2i-blazepose::Coffee_room_01_video_41,data/keypoints_le2i_blazepose/Coffee_room_01_video_41.npz,146,170,0,0,0,0.010470291
le2i-blazepose,le2i-blazepose::Coffee_room_01_video_41,data/keypoints_le2i_blazepose/Coffee_room_01_video_41.npz,151,175,0,0,0,0.0065019503
le2i-blazepose,le2i-blazepose::Coffee_room_01_video_41,data/keypoints_le2i_blazepose/Coffee_room_01_video_41.npz,156,180,0,0,0,0.008038413
le2i-blazepose,le2i-blazepose::Coffee_room_01_video_41,data/keypoints_le2i_blazepose/Coffee_room_01_video_41.npz,161,185,0,0,0,0.0072978055
le2i-blazepose,le2i-blazepose::Coffee_room_01_video_41,data/keypoints_le2i_blazepose/Coffee_room_01_video_41.npz,166,190,0,0,0,0.012569203
le2i-blazepose,le2i-blazepose::Coffee_room_01_video_41,data/keypoints_le2i_blazepose/Coffee_room_01_video_41.npz,171,195,0,0,0,0.012691243
le2i-blazepose,le2i-blazepose::Coffee_room_01_video_41,data/keypoints_le2i_blazepose/Coffee_room_01_video_41.npz,176,200,0,0,0,0.007174456
le2i-blazepose,le2i-blazepose::Coffee_room_01_video_41,data/keypoints_le2i_blazepose/Coffee_room_01_video_41.npz,181,205,0,0,0,0.0033459999
le2i-blazepose,le2i-blazepose::Coffee_room_01_video_41,data/keypoints_le2i_blazepose/Coffee_room_01_video_41.npz,186,210,0,0,0,0.0020643272
le2i-blazepose,le2i-blazepose::Coffee_room_01_video_41,data/keypoints_le2i_blazepose/Coffee_room_01_video_41.npz,191,215,0,0,0,0.001444293
le2i-blazepose,le2i-blazepose::Coffee_room_01_video_41,data/keypoints_le2i_blazepose/Coffee_room_01_video_41.npz,196,220,0,0,0,0.001410599
le2i-blazepose,le2i-blazepose::Coffee_room_01_video_41,data/keypoints_le2i_blazepose/Coffee_room_01_video_41.npz,201,225,0,0,0,0.0023183145
le2i-blazepose,le2i-blazepose::Coffee_room_01_video_41,data/keypoints_le2i_blazepose/Coffee_room_01_video_41.npz,206,230,0,0,0,0.0014394597
le2i-blazepose,le2i-blazepose::Coffee_room_01_video_41,data/keypoints_le2i_blazepose/Coffee_room_01_video_41.npz,211,235,0,0,0,0.0010794263
le2i-blazepose,le2i-blazepose::Coffee_room_01_video_41,data/keypoints_le2i_blazepose/Coffee_room_01_video_41.npz,216,240,0,0,0,0.00084169535
le2i-blazepose,le2i-blazepose::Coffee_room_01_video_41,data/keypoints_le2i_blazepose/Coffee_room_01_video_41.npz,221,245,0,0,0,0.0018379663
le2i-blazepose,le2i-blazepose::Coffee_room_01_video_41,data/keypoints_le2i_blazepose/Coffee_room_01_video_41.npz,226,250,0,0,0,0.0014415941
le2i-blazepose,le2i-blazepose::Coffee_room_01_video_41,data/keypoints_le2i_blazepose/Coffee_room_01_video_41.npz,231,255,0,0,0,0.001270501
le2i-blazepose,le2i-blazepose::Coffee_room_01_video_41,data/keypoints_le2i_blazepose/Coffee_room_01_video_41.npz,236,260,0,0,0,0.0013156509
le2i-blazepose,le2i-blazepose::Coffee_room_01_video_41,data/keypoints_le2i_blazepose/Coffee_room_01_video_41.npz,241,265,0,0,0,0.0018214762
le2i-blazepose,le2i-blazepose::Coffee_room_01_video_41,data/keypoints_le2i_blazepose/Coffee_room_01_video_41.npz,246,270,0,0,0,0.09579855
le2i-blazepose,le2i-blazepose::Coffee_room_01_video_41,data/keypoints_le2i_blazepose/Coffee_room_01_video_41.npz,251,275,1,1,1,0.96504974
le2i-blazepose,le2i-blazepose::Coffee_room_01_video_41,data/keypoints_le2i_blazepose/Coffee_room_01_video_41.npz,256,280,1,1,1,0.9994599
le2i-blazepose,le2i-blazepose::Coffee_room_01_video_41,data/keypoints_le2i_blazepose/Coffee_room_01_video_41.npz,261,285,1,1,1,0.99984217
le2i-blazepose,le2i-blazepose::Coffee_room_01_video_41,data/keypoints_le2i_blazepose/Coffee_room_01_video_41.npz,266,290,1,1,1,0.9999069
le2i-blazepose,le2i-blazepose::Coffee_room_01_video_41,data/keypoints_le2i_blazepose/Coffee_room_01_video_41.npz,271,295,1,1,1,0.99958557
le2i-blazepose,le2i-blazepose::Coffee_room_01_video_41,data/keypoints_le2i_blazepose/Coffee_room_01_video_41.npz,276,300,1,1,1,0.98013043
le2i-blazepose,le2i-blazepose::Coffee_room_01_video_41,data/keypoints_le2i_blazepose/Coffee_room_01_video_41.npz,281,305,1,1,1,0.74371785
le2i-blazepose,le2i-blazepose::Coffee_room_01_video_41,data/keypoints_le2i_blazepose/Coffee_room_01_video_41.npz,286,310,0,0,0,0.012667174
le2i-blazepose,le2i-blazepose::Coffee_room_01_video_41,data/keypoints_le2i_blazepose/Coffee_room_01_video_41.npz,291,315,0,0,0,0.012955835
le2i-blazepose,le2i-blazepose::Coffee_room_01_video_41,data/keypoints_le2i_blazepose/Coffee_room_01_video_41.npz,296,320,0,0,0,0.013916283
le2i-blazepose,le2i-blazepose::Coffee_room_01_video_41,data/keypoints_le2i_blazepose/Coffee_room_01_video_41.npz,301,325,0,0,0,0.013403817
le2i-blazepose,le2i-blazepose::Coffee_room_01_video_41,data/keypoints_le2i_blazepose/Coffee_room_01_video_41.npz,306,330,0,0,0,0.012839767
le2i-blazepose,le2i-blazepose::Coffee_room_01_video_41,data/keypoints_le2i_blazepose/Coffee_room_01_video_41.npz,311,335,0,0,0,0.01259668
le2i-blazepose,le2i-blazepose::Coffee_room_01_video_41,data/keypoints_le2i_blazepose/Coffee_room_01_video_41.npz,316,340,0,0,0,0.012031637
le2i-blazepose,le2i-blazepose::Coffee_room_01_video_41,data/keypoints_le2i_blazepose/Coffee_room_01_video_41.npz,321,345,0,0,0,0.011757071
le2i-blazepose,le2i-blazepose::Coffee_room_01_video_41,data/keypoints_le2i_blazepose/Coffee_room_01_video_41.npz,326,350,0,0,0,0.012526765
le2i-blazepose,le2i-blazepose::Coffee_room_01_video_41,data/keypoints_le2i_blazepose/Coffee_room_01_video_41.npz,331,355,0,0,0,0.0126151685
le2i-blazepose,le2i-blazepose::Coffee_room_01_video_41,data/keypoints_le2i_blazepose/Coffee_room_01_video_41.npz,336,360,0,0,0,0.012468558
le2i-blazepose,le2i-blazepose::Coffee_room_01_video_41,data/keypoints_le2i_blazepose/Coffee_room_01_video_41.npz,341,365,0,0,0,0.01274981
le2i-blazepose,le2i-blazepose::Coffee_room_01_video_41,data/keypoints_le2i_blazepose/Coffee_room_01_video_41.npz,346,370,0,0,0,0.026773008
le2i-blazepose,le2i-blazepose::Coffee_room_01_video_41,data/keypoints_le2i_blazepose/Coffee_room_01_video_41.npz,351,375,0,0,0,0.02793233
le2i-blazepose,le2i-blazepose::Coffee_room_01_video_41,data/keypoints_le2i_blazepose/Coffee_room_01_video_41.npz,356,380,0,0,0,0.02878564
le2i-blazepose,le2i-blazepose::Coffee_room_01_video_43,data/keypoints_le2i_blazepose/Coffee_room_01_video_43.npz,1,25,0,0,0,0.0005567826
le2i-blazepose,le2i-blazepose::Coffee_room_01_video_43,data/keypoints_le2i_blazepose/Coffee_room_01_video_43.npz,6,30,0,0,0,0.00047156843
le2i-blazepose,le2i-blazepose::Coffee_room_01_video_43,data/keypoints_le2i_blazepose/Coffee_room_01_video_43.npz,11,35,0,0,0,0.000500531
le2i-blazepose,le2i-blazepose::Coffee_room_01_video_43,data/keypoints_le2i_blazepose/Coffee_room_01_video_43.npz,16,40,0,0,0,0.0006539234
le2i-blazepose,le2i-blazepose::Coffee_room_01_video_43,data/keypoints_le2i_blazepose/Coffee_room_01_video_43.npz,21,45,0,0,0,0.0007628735
le2i-blazepose,le2i-blazepose::Coffee_room_01_video_43,data/keypoints_le2i_blazepose/Coffee_room_01_video_43.npz,26,50,0,0,0,0.0008200192
le2i-blazepose,le2i-blazepose::Coffee_room_01_video_43,data/keypoints_le2i_blazepose/Coffee_room_01_video_43.npz,31,55,0,0,0,0.00072641106
le2i-blazepose,le2i-blazepose::Coffee_room_01_video_43,data/keypoints_le2i_blazepose/Coffee_room_01_video_43.npz,36,60,0,0,0,0.0007037692
le2i-blazepose,le2i-blazepose::Coffee_room_01_video_43,data/keypoints_le2i_blazepose/Coffee_room_01_video_43.npz,41,65,0,0,0,0.00059034966
le2i-blazepose,le2i-blazepose::Coffee_room_01_video_43,data/keypoints_le2i_blazepose/Coffee_room_01_video_43.npz,46,70,0,0,0,0.0004705137
le2i-blazepose,le2i-blazepose::Coffee_room_01_video_43,data/keypoints_le2i_blazepose/Coffee_room_01_video_43.npz,51,75,0,0,0,0.0004487391
le2i-blazepose,le2i-blazepose::Coffee_room_01_video_43,data/keypoints_le2i_blazepose/Coffee_room_01_video_43.npz,56,80,0,0,0,0.00039415868
le2i-blazepose,le2i-blazepose::Coffee_room_01_video_43,data/keypoints_le2i_blazepose/Coffee_room_01_video_43.npz,61,85,0,0,0,0.0004996848
le2i-blazepose,le2i-blazepose::Coffee_room_01_video_43,data/keypoints_le2i_blazepose/Coffee_room_01_video_43.npz,66,90,0,0,0,0.0005918164
le2i-blazepose,le2i-blazepose::Coffee_room_01_video_43,data/keypoints_le2i_blazepose/Coffee_room_01_video_43.npz,71,95,0,0,0,0.00061325275
le2i-blazepose,le2i-blazepose::Coffee_room_01_video_43,data/keypoints_le2i_blazepose/Coffee_room_01_video_43.npz,76,100,0,0,0,0.0006147391
le2i-blazepose,le2i-blazepose::Coffee_room_01_video_43,data/keypoints_le2i_blazepose/Coffee_room_01_video_43.npz,81,105,0,0,0,0.0004136706
le2i-blazepose,le2i-blazepose::Coffee_room_01_video_43,data/keypoints_le2i_blazepose/Coffee_room_01_video_43.npz,86,110,0,0,0,0.00071061996
le2i-blazepose,le2i-blazepose::Coffee_room_01_video_43,data/keypoints_le2i_blazepose/Coffee_room_01_video_43.npz,91,115,0,0,0,0.0013709266
le2i-blazepose,le2i-blazepose::Coffee_room_01_video_43,data/keypoints_le2i_blazepose/Coffee_room_01_video_43.npz,96,120,0,0,0,0.0006263037
le2i-blazepose,le2i-blazepose::Coffee_room_01_video_43,data/keypoints_le2i_blazepose/Coffee_room_01_video_43.npz,101,125,0,0,0,0.0006174102
le2i-blazepose,le2i-blazepose::Coffee_room_01_video_43,data/keypoints_le2i_blazepose/Coffee_room_01_video_43.npz,106,130,0,0,0,0.00060781604
le2i-blazepose,le2i-blazepose::Coffee_room_01_video_43,data/keypoints_le2i_blazepose/Coffee_room_01_video_43.npz,111,135,0,0,0,0.00080921553
le2i-blazepose,le2i-blazepose::Coffee_room_01_video_43,data/keypoints_le2i_blazepose/Coffee_room_01_video_43.npz,116,140,0,0,0,0.0013097255
le2i-blazepose,le2i-blazepose::Coffee_room_01_video_43,data/keypoints_le2i_blazepose/Coffee_room_01_video_43.npz,121,145,0,0,0,0.0015476128
le2i-blazepose,le2i-blazepose::Coffee_room_01_video_43,data/keypoints_le2i_blazepose/Coffee_room_01_video_43.npz,126,150,0,0,0,0.0013627282
le2i-blazepose,le2i-blazepose::Coffee_room_01_video_43,data/keypoints_le2i_blazepose/Coffee_room_01_video_43.npz,131,155,0,0,0,0.0017347991
le2i-blazepose,le2i-blazepose::Coffee_room_01_video_43,data/keypoints_le2i_blazepose/Coffee_room_01_video_43.npz,136,160,0,0,0,0.0011902738
le2i-blazepose,le2i-blazepose::Coffee_room_01_video_43,data/keypoints_le2i_blazepose/Coffee_room_01_video_43.npz,141,165,0,0,0,0.0010770375
le2i-blazepose,le2i-blazepose::Coffee_room_01_video_43,data/keypoints_le2i_blazepose/Coffee_room_01_video_43.npz,146,170,0,0,0,0.0008612485
le2i-blazepose,le2i-blazepose::Coffee_room_01_video_43,data/keypoints_le2i_blazepose/Coffee_room_01_video_43.npz,151,175,0,0,0,0.00087690994
le2i-blazepose,le2i-blazepose::Coffee_room_01_video_43,data/keypoints_le2i_blazepose/Coffee_room_01_video_43.npz,156,180,0,0,0,0.0012817016
le2i-blazepose,le2i-blazepose::Coffee_room_01_video_43,data/keypoints_le2i_blazepose/Coffee_room_01_video_43.npz,161,185,0,0,0,0.0017355691
le2i-blazepose,le2i-blazepose::Coffee_room_01_video_43,data/keypoints_le2i_blazepose/Coffee_room_01_video_43.npz,166,190,0,0,0,0.0016233001
le2i-blazepose,le2i-blazepose::Coffee_room_01_video_43,data/keypoints_le2i_blazepose/Coffee_room_01_video_43.npz,171,195,0,0,0,0.0013797067
le2i-blazepose,le2i-blazepose::Coffee_room_01_video_43,data/keypoints_le2i_blazepose/Coffee_room_01_video_43.npz,176,200,0,0,0,0.0013724628
le2i-blazepose,le2i-blazepose::Coffee_room_01_video_43,data/keypoints_le2i_blazepose/Coffee_room_01_video_43.npz,181,205,0,0,0,0.00064159214
le2i-blazepose,le2i-blazepose::Coffee_room_01_video_43,data/keypoints_le2i_blazepose/Coffee_room_01_video_43.npz,186,210,0,0,0,0.00052831974
le2i-blazepose,le2i-blazepose::Coffee_room_01_video_43,data/keypoints_le2i_blazepose/Coffee_room_01_video_43.npz,191,215,0,0,0,0.0004945893
le2i-blazepose,le2i-blazepose::Coffee_room_01_video_43,data/keypoints_le2i_blazepose/Coffee_room_01_video_43.npz,196,220,0,0,0,0.00052416505
le2i-blazepose,le2i-blazepose::Coffee_room_01_video_43,data/keypoints_le2i_blazepose/Coffee_room_01_video_43.npz,201,225,0,0,0,0.0005932376
le2i-blazepose,le2i-blazepose::Coffee_room_01_video_43,data/keypoints_le2i_blazepose/Coffee_room_01_video_43.npz,206,230,0,0,0,0.0006548176
le2i-blazepose,le2i-blazepose::Coffee_room_01_video_43,data/keypoints_le2i_blazepose/Coffee_room_01_video_43.npz,211,235,0,0,0,0.00068270485
le2i-blazepose,le2i-blazepose::Coffee_room_01_video_43,data/keypoints_le2i_blazepose/Coffee_room_01_video_43.npz,216,240,0,0,0,0.0006683746
le2i-blazepose,le2i-blazepose::Coffee_room_01_video_43,data/keypoints_le2i_blazepose/Coffee_room_01_video_43.npz,221,245,0,0,0,0.0006470876
le2i-blazepose,le2i-blazepose::Coffee_room_01_video_43,data/keypoints_le2i_blazepose/Coffee_room_01_video_43.npz,226,250,0,0,0,0.0006519396
le2i-blazepose,le2i-blazepose::Coffee_room_01_video_43,data/keypoints_le2i_blazepose/Coffee_room_01_video_43.npz,231,255,0,0,0,0.0006473609
le2i-blazepose,le2i-blazepose::Coffee_room_01_video_43,data/keypoints_le2i_blazepose/Coffee_room_01_video_43.npz,236,260,0,0,0,0.0005691786
le2i-blazepose,le2i-blazepose::Coffee_room_01_video_43,data/keypoints_le2i_blazepose/Coffee_room_01_video_43.npz,241,265,0,0,0,0.00054133724
le2i-blazepose,le2i-blazepose::Coffee_room_01_video_43,data/keypoints_le2i_blazepose/Coffee_room_01_video_43.npz,246,270,0,0,0,0.0005795303
le2i-blazepose,le2i-blazepose::Coffee_room_01_video_43,data/keypoints_le2i_blazepose/Coffee_room_01_video_43.npz,251,275,0,0,0,0.00065612793
le2i-blazepose,le2i-blazepose::Coffee_room_01_video_43,data/keypoints_le2i_blazepose/Coffee_room_01_video_43.npz,256,280,0,0,0,0.000816456
le2i-blazepose,le2i-blazepose::Coffee_room_01_video_43,data/keypoints_le2i_blazepose/Coffee_room_01_video_43.npz,261,285,0,0,0,0.0010508777
le2i-blazepose,le2i-blazepose::Coffee_room_01_video_43,data/keypoints_le2i_blazepose/Coffee_room_01_video_43.npz,266,290,0,0,0,0.0014704689
le2i-blazepose,le2i-blazepose::Coffee_room_01_video_43,data/keypoints_le2i_blazepose/Coffee_room_01_video_43.npz,271,295,0,0,0,0.0018178956
le2i-blazepose,le2i-blazepose::Coffee_room_01_video_43,data/keypoints_le2i_blazepose/Coffee_room_01_video_43.npz,276,300,0,0,0,0.0017600366
le2i-blazepose,le2i-blazepose::Coffee_room_01_video_43,data/keypoints_le2i_blazepose/Coffee_room_01_video_43.npz,281,305,0,0,0,0.0006317171
le2i-blazepose,le2i-blazepose::Coffee_room_01_video_43,data/keypoints_le2i_blazepose/Coffee_room_01_video_43.npz,286,310,0,0,0,0.00046803287
le2i-blazepose,le2i-blazepose::Coffee_room_01_video_43,data/keypoints_le2i_blazepose/Coffee_room_01_video_43.npz,291,315,0,0,0,0.0012812159
le2i-blazepose,le2i-blazepose::Coffee_room_01_video_43,data/keypoints_le2i_blazepose/Coffee_room_01_video_43.npz,296,320,0,0,0,0.0013994945
le2i-blazepose,le2i-blazepose::Coffee_room_01_video_43,data/keypoints_le2i_blazepose/Coffee_room_01_video_43.npz,301,325,0,0,0,0.001485851
le2i-blazepose,le2i-blazepose::Coffee_room_01_video_43,data/keypoints_le2i_blazepose/Coffee_room_01_video_43.npz,306,330,0,0,0,0.0015522491
le2i-blazepose,le2i-blazepose::Coffee_room_01_video_43,data/keypoints_le2i_blazepose/Coffee_room_01_video_43.npz,311,335,0,0,0,0.0018196843
le2i-blazepose,le2i-blazepose::Coffee_room_01_video_43,data/keypoints_le2i_blazepose/Coffee_room_01_video_43.npz,316,340,0,0,0,0.0019436032
le2i-blazepose,le2i-blazepose::Coffee_room_01_video_43,data/keypoints_le2i_blazepose/Coffee_room_01_video_43.npz,321,345,0,0,0,0.0017062544
le2i-blazepose,le2i-blazepose::Coffee_room_01_video_43,data/keypoints_le2i_blazepose/Coffee_room_01_video_43.npz,326,350,0,0,0,0.0014058362
le2i-blazepose,le2i-blazepose::Coffee_room_01_video_43,data/keypoints_le2i_blazepose/Coffee_room_01_video_43.npz,331,355,0,0,0,0.0011589918
le2i-blazepose,le2i-blazepose::Coffee_room_01_video_43,data/keypoints_le2i_blazepose/Coffee_room_01_video_43.npz,336,360,0,0,0,0.0009185244
le2i-blazepose,le2i-blazepose::Coffee_room_01_video_43,data/keypoints_le2i_blazepose/Coffee_room_01_video_43.npz,341,365,0,0,0,0.0010045316
le2i-blazepose,le2i-blazepose::Coffee_room_01_video_43,data/keypoints_le2i_blazepose/Coffee_room_01_video_43.npz,346,370,0,0,0,0.0010382443
le2i-blazepose,le2i-blazepose::Coffee_room_01_video_43,data/keypoints_le2i_blazepose/Coffee_room_01_video_43.npz,351,375,0,0,0,0.0009841078
le2i-blazepose,le2i-blazepose::Coffee_room_01_video_43,data/keypoints_le2i_blazepose/Coffee_room_01_video_43.npz,356,380,0,0,0,0.0012432046
le2i-blazepose,le2i-blazepose::Coffee_room_01_video_43,data/keypoints_le2i_blazepose/Coffee_room_01_video_43.npz,361,385,0,0,0,0.001150678
le2i-blazepose,le2i-blazepose::Coffee_room_01_video_43,data/keypoints_le2i_blazepose/Coffee_room_01_video_43.npz,366,390,0,0,0,0.0010613357
le2i-blazepose,le2i-blazepose::Coffee_room_01_video_43,data/keypoints_le2i_blazepose/Coffee_room_01_video_43.npz,371,395,0,0,0,0.0008873754
le2i-blazepose,le2i-blazepose::Coffee_room_01_video_43,data/keypoints_le2i_blazepose/Coffee_room_01_video_43.npz,376,400,0,0,0,0.0006577581
le2i-blazepose,le2i-blazepose::Coffee_room_01_video_43,data/keypoints_le2i_blazepose/Coffee_room_01_video_43.npz,381,405,0,0,0,0.0005981965
le2i-blazepose,le2i-blazepose::Coffee_room_01_video_43,data/keypoints_le2i_blazepose/Coffee_room_01_video_43.npz,386,410,0,0,0,0.0006415753
le2i-blazepose,le2i-blazepose::Coffee_room_01_video_43,data/keypoints_le2i_blazepose/Coffee_room_01_video_43.npz,391,415,0,0,0,0.0006620144
le2i-blazepose,le2i-blazepose::Coffee_room_01_video_43,data/keypoints_le2i_blazepose/Coffee_room_01_video_43.npz,396,420,0,0,0,0.0006535975
le2i-blazepose,le2i-blazepose::Coffee_room_01_video_43,data/keypoints_le2i_blazepose/Coffee_room_01_video_43.npz,401,425,0,0,0,0.00065189356
le2i-blazepose,le2i-blazepose::Coffee_room_01_video_43,data/keypoints_le2i_blazepose/Coffee_room_01_video_43.npz,406,430,0,0,0,0.00066760264
le2i-blazepose,le2i-blazepose::Coffee_room_01_video_43,data/keypoints_le2i_blazepose/Coffee_room_01_video_43.npz,411,435,0,0,0,0.00065948104
le2i-blazepose,le2i-blazepose::Coffee_room_01_video_43,data/keypoints_le2i_blazepose/Coffee_room_01_video_43.npz,416,440,0,0,0,0.0006708637
le2i-blazepose,le2i-blazepose::Coffee_room_01_video_43,data/keypoints_le2i_blazepose/Coffee_room_01_video_43.npz,421,445,0,0,0,0.0006858325
le2i-blazepose,le2i-blazepose::Coffee_room_01_video_43,data/keypoints_le2i_blazepose/Coffee_room_01_video_43.npz,426,450,0,0,0,0.0006981991
le2i-blazepose,le2i-blazepose::Coffee_room_01_video_43,data/keypoints_le2i_blazepose/Coffee_room_01_video_43.npz,431,455,0,0,0,0.0007067379
le2i-blazepose,le2i-blazepose::Coffee_room_01_video_43,data/keypoints_le2i_blazepose/Coffee_room_01_video_43.npz,436,460,0,0,0,0.0007070727
le2i-blazepose,le2i-blazepose::Coffee_room_01_video_43,data/keypoints_le2i_blazepose/Coffee_room_01_video_43.npz,441,465,0,0,0,0.0007068659
le2i-blazepose,le2i-blazepose::Coffee_room_01_video_43,data/keypoints_le2i_blazepose/Coffee_room_01_video_43.npz,446,470,0,0,0,0.0007095081
le2i-blazepose,le2i-blazepose::Coffee_room_01_video_43,data/keypoints_le2i_blazepose/Coffee_room_01_video_43.npz,451,475,0,0,0,0.00072982523
le2i-blazepose,le2i-blazepose::Coffee_room_01_video_43,data/keypoints_le2i_blazepose/Coffee_room_01_video_43.npz,456,480,0,0,0,0.0007314726
le2i-blazepose,le2i-blazepose::Coffee_room_01_video_43,data/keypoints_le2i_blazepose/Coffee_room_01_video_43.npz,461,485,0,0,0,0.0007327404
le2i-blazepose,le2i-blazepose::Coffee_room_01_video_43,data/keypoints_le2i_blazepose/Coffee_room_01_video_43.npz,466,490,0,0,0,0.0007298649
le2i-blazepose,le2i-blazepose::Coffee_room_01_video_43,data/keypoints_le2i_blazepose/Coffee_room_01_video_43.npz,471,495,0,0,0,0.00073812256
le2i-blazepose,le2i-blazepose::Coffee_room_01_video_43,data/keypoints_le2i_blazepose/Coffee_room_01_video_43.npz,476,500,0,0,0,0.0007408021
le2i-blazepose,le2i-blazepose::Coffee_room_01_video_43,data/keypoints_le2i_blazepose/Coffee_room_01_video_43.npz,481,505,0,0,0,0.00075817865
le2i-blazepose,le2i-blazepose::Coffee_room_01_video_43,data/keypoints_le2i_blazepose/Coffee_room_01_video_43.npz,486,510,0,0,0,0.0007433284
le2i-blazepose,le2i-blazepose::Coffee_room_01_video_43,data/keypoints_le2i_blazepose/Coffee_room_01_video_43.npz,491,515,0,0,0,0.000723317
le2i-blazepose,le2i-blazepose::Coffee_room_01_video_43,data/keypoints_le2i_blazepose/Coffee_room_01_video_43.npz,496,520,0,0,0,0.0006813879
le2i-blazepose,le2i-blazepose::Coffee_room_01_video_43,data/keypoints_le2i_blazepose/Coffee_room_01_video_43.npz,501,525,0,0,0,0.0006632926
le2i-blazepose,le2i-blazepose::Coffee_room_01_video_43,data/keypoints_le2i_blazepose/Coffee_room_01_video_43.npz,506,530,0,0,0,0.00063907786
le2i-blazepose,le2i-blazepose::Coffee_room_01_video_43,data/keypoints_le2i_blazepose/Coffee_room_01_video_43.npz,511,535,0,0,0,0.0006299183
le2i-blazepose,le2i-blazepose::Coffee_room_01_video_43,data/keypoints_le2i_blazepose/Coffee_room_01_video_43.npz,516,540,0,0,0,0.0006429848
le2i-blazepose,le2i-blazepose::Coffee_room_01_video_43,data/keypoints_le2i_blazepose/Coffee_room_01_video_43.npz,521,545,0,0,0,0.0006805598
le2i-blazepose,le2i-blazepose::Coffee_room_01_video_43,data/keypoints_le2i_blazepose/Coffee_room_01_video_43.npz,526,550,0,0,0,0.0007940941
le2i-blazepose,le2i-blazepose::Coffee_room_01_video_43,data/keypoints_le2i_blazepose/Coffee_room_01_video_43.npz,531,555,0,0,0,0.0008682776
le2i-blazepose,le2i-blazepose::Coffee_room_01_video_43,data/keypoints_le2i_blazepose/Coffee_room_01_video_43.npz,536,560,0,0,0,0.00091426435
le2i-blazepose,le2i-blazepose::Coffee_room_01_video_43,data/keypoints_le2i_blazepose/Coffee_room_01_video_43.npz,541,565,0,0,0,0.0009260195
le2i-blazepose,le2i-blazepose::Coffee_room_01_video_43,data/keypoints_le2i_blazepose/Coffee_room_01_video_43.npz,546,570,0,0,0,0.00092247996
le2i-blazepose,le2i-blazepose::Coffee_room_01_video_43,data/keypoints_le2i_blazepose/Coffee_room_01_video_43.npz,551,575,0,0,0,0.00096150977
le2i-blazepose,le2i-blazepose::Coffee_room_01_video_43,data/keypoints_le2i_blazepose/Coffee_room_01_video_43.npz,556,580,0,0,0,0.0009489422
le2i-blazepose,le2i-blazepose::Coffee_room_01_video_43,data/keypoints_le2i_blazepose/Coffee_room_01_video_43.npz,561,585,0,0,0,0.0009404241
le2i-blazepose,le2i-blazepose::Coffee_room_01_video_43,data/keypoints_le2i_blazepose/Coffee_room_01_video_43.npz,566,590,0,0,0,0.0009298212
le2i-blazepose,le2i-blazepose::Coffee_room_01_video_43,data/keypoints_le2i_blazepose/Coffee_room_01_video_43.npz,571,595,0,0,0,0.00094770436
le2i-blazepose,le2i-blazepose::Coffee_room_01_video_43,data/keypoints_le2i_blazepose/Coffee_room_01_video_43.npz,576,600,0,0,0,0.0010070456
le2i-blazepose,le2i-blazepose::Coffee_room_01_video_43,data/keypoints_le2i_blazepose/Coffee_room_01_video_43.npz,581,605,0,0,0,0.0012152039
le2i-blazepose,le2i-blazepose::Coffee_room_01_video_43,data/keypoints_le2i_blazepose/Coffee_room_01_video_43.npz,586,610,0,0,0,0.0016263284
le2i-blazepose,le2i-blazepose::Coffee_room_01_video_43,data/keypoints_le2i_blazepose/Coffee_room_01_video_43.npz,591,615,0,0,0,0.002135389
le2i-blazepose,le2i-blazepose::Coffee_room_01_video_43,data/keypoints_le2i_blazepose/Coffee_room_01_video_43.npz,596,620,0,0,0,0.003468447
le2i-blazepose,le2i-blazepose::Coffee_room_01_video_43,data/keypoints_le2i_blazepose/Coffee_room_01_video_43.npz,601,625,0,0,0,0.0073306477
le2i-blazepose,le2i-blazepose::Coffee_room_01_video_43,data/keypoints_le2i_blazepose/Coffee_room_01_video_43.npz,606,630,0,0,0,0.055427924
le2i-blazepose,le2i-blazepose::Coffee_room_01_video_43,data/keypoints_le2i_blazepose/Coffee_room_01_video_43.npz,611,635,0,0,1,0.9813923
le2i-blazepose,le2i-blazepose::Coffee_room_01_video_43,data/keypoints_le2i_blazepose/Coffee_room_01_video_43.npz,616,640,1,1,1,0.9968215
le2i-blazepose,le2i-blazepose::Coffee_room_01_video_43,data/keypoints_le2i_blazepose/Coffee_room_01_video_43.npz,621,645,1,1,1,0.9992842
le2i-blazepose,le2i-blazepose::Coffee_room_01_video_43,data/keypoints_le2i_blazepose/Coffee_room_01_video_43.npz,626,650,1,1,1,0.9998691
le2i-blazepose,le2i-blazepose::Coffee_room_01_video_43,data/keypoints_le2i_blazepose/Coffee_room_01_video_43.npz,631,655,1,1,1,0.9998729
le2i-blazepose,le2i-blazepose::Coffee_room_01_video_43,data/keypoints_le2i_blazepose/Coffee_room_01_video_43.npz,636,660,1,1,1,0.99939334
le2i-blazepose,le2i-blazepose::Coffee_room_01_video_43,data/keypoints_le2i_blazepose/Coffee_room_01_video_43.npz,641,665,1,1,1,0.8237088
le2i-blazepose,le2i-blazepose::Coffee_room_01_video_43,data/keypoints_le2i_blazepose/Coffee_room_01_video_43.npz,646,670,1,1,0,0.016171
le2i-blazepose,le2i-blazepose::Coffee_room_01_video_43,data/keypoints_le2i_blazepose/Coffee_room_01_video_43.npz,651,675,1,1,0,0.23795658
le2i-blazepose,le2i-blazepose::Coffee_room_01_video_43,data/keypoints_le2i_blazepose/Coffee_room_01_video_43.npz,656,680,0,0,0,0.58752966
le2i-blazepose,le2i-blazepose::Coffee_room_01_video_43,data/keypoints_le2i_blazepose/Coffee_room_01_video_43.npz,661,685,0,0,0,0.10189768
le2i-blazepose,le2i-blazepose::Coffee_room_01_video_43,data/keypoints_le2i_blazepose/Coffee_room_01_video_43.npz,666,690,0,0,0,0.034584258
le2i-blazepose,le2i-blazepose::Coffee_room_01_video_43,data/keypoints_le2i_blazepose/Coffee_room_01_video_43.npz,671,695,0,0,0,0.034845125
le2i-blazepose,le2i-blazepose::Coffee_room_01_video_43,data/keypoints_le2i_blazepose/Coffee_room_01_video_43.npz,676,700,0,0,0,0.035732646
le2i-blazepose,le2i-blazepose::Coffee_room_01_video_43,data/keypoints_le2i_blazepose/Coffee_room_01_video_43.npz,681,705,0,0,0,0.035941135
le2i-blazepose,le2i-blazepose::Coffee_room_01_video_43,data/keypoints_le2i_blazepose/Coffee_room_01_video_43.npz,686,710,0,0,0,0.036144793
le2i-blazepose,le2i-blazepose::Coffee_room_01_video_43,data/keypoints_le2i_blazepose/Coffee_room_01_video_43.npz,691,715,0,0,0,0.035476718
le2i-blazepose,le2i-blazepose::Coffee_room_01_video_46,data/keypoints_le2i_blazepose/Coffee_room_01_video_46.npz,1,25,0,0,0,0.0004797884
le2i-blazepose,le2i-blazepose::Coffee_room_01_video_46,data/keypoints_le2i_blazepose/Coffee_room_01_video_46.npz,6,30,0,0,0,0.00063209527
le2i-blazepose,le2i-blazepose::Coffee_room_01_video_46,data/keypoints_le2i_blazepose/Coffee_room_01_video_46.npz,11,35,0,0,0,0.00061904575
le2i-blazepose,le2i-blazepose::Coffee_room_01_video_46,data/keypoints_le2i_blazepose/Coffee_room_01_video_46.npz,16,40,0,0,0,0.0006237791
le2i-blazepose,le2i-blazepose::Coffee_room_01_video_46,data/keypoints_le2i_blazepose/Coffee_room_01_video_46.npz,21,45,0,0,0,0.00065371464
le2i-blazepose,le2i-blazepose::Coffee_room_01_video_46,data/keypoints_le2i_blazepose/Coffee_room_01_video_46.npz,26,50,0,0,0,0.00051652995
le2i-blazepose,le2i-blazepose::Coffee_room_01_video_46,data/keypoints_le2i_blazepose/Coffee_room_01_video_46.npz,31,55,0,0,0,0.00051623315
le2i-blazepose,le2i-blazepose::Coffee_room_01_video_46,data/keypoints_le2i_blazepose/Coffee_room_01_video_46.npz,36,60,0,0,0,0.0005218708
le2i-blazepose,le2i-blazepose::Coffee_room_01_video_46,data/keypoints_le2i_blazepose/Coffee_room_01_video_46.npz,41,65,0,0,0,0.00052740297
le2i-blazepose,le2i-blazepose::Coffee_room_01_video_46,data/keypoints_le2i_blazepose/Coffee_room_01_video_46.npz,46,70,0,0,0,0.00051831384
le2i-blazepose,le2i-blazepose::Coffee_room_01_video_46,data/keypoints_le2i_blazepose/Coffee_room_01_video_46.npz,51,75,0,0,0,0.0005375458
le2i-blazepose,le2i-blazepose::Coffee_room_01_video_46,data/keypoints_le2i_blazepose/Coffee_room_01_video_46.npz,56,80,0,0,0,0.0005679479
le2i-blazepose,le2i-blazepose::Coffee_room_01_video_46,data/keypoints_le2i_blazepose/Coffee_room_01_video_46.npz,61,85,0,0,0,0.0005966836
le2i-blazepose,le2i-blazepose::Coffee_room_01_video_46,data/keypoints_le2i_blazepose/Coffee_room_01_video_46.npz,66,90,0,0,0,0.0006120125
le2i-blazepose,le2i-blazepose::Coffee_room_01_video_46,data/keypoints_le2i_blazepose/Coffee_room_01_video_46.npz,71,95,0,0,0,0.00066452776
le2i-blazepose,le2i-blazepose::Coffee_room_01_video_46,data/keypoints_le2i_blazepose/Coffee_room_01_video_46.npz,76,100,0,0,0,0.0007937927
le2i-blazepose,le2i-blazepose::Coffee_room_01_video_46,data/keypoints_le2i_blazepose/Coffee_room_01_video_46.npz,81,105,0,0,0,0.00095852604
le2i-blazepose,le2i-blazepose::Coffee_room_01_video_46,data/keypoints_le2i_blazepose/Coffee_room_01_video_46.npz,86,110,0,0,0,0.0009814656
le2i-blazepose,le2i-blazepose::Coffee_room_01_video_46,data/keypoints_le2i_blazepose/Coffee_room_01_video_46.npz,91,115,0,0,0,0.0008673948
le2i-blazepose,le2i-blazepose::Coffee_room_01_video_46,data/keypoints_le2i_blazepose/Coffee_room_01_video_46.npz,96,120,0,0,0,0.00075350184
le2i-blazepose,le2i-blazepose::Coffee_room_01_video_46,data/keypoints_le2i_blazepose/Coffee_room_01_video_46.npz,101,125,0,0,0,0.000730091
le2i-blazepose,le2i-blazepose::Coffee_room_01_video_46,data/keypoints_le2i_blazepose/Coffee_room_01_video_46.npz,106,130,0,0,0,0.000812369
le2i-blazepose,le2i-blazepose::Coffee_room_01_video_46,data/keypoints_le2i_blazepose/Coffee_room_01_video_46.npz,111,135,0,0,0,0.0009716516
le2i-blazepose,le2i-blazepose::Coffee_room_01_video_46,data/keypoints_le2i_blazepose/Coffee_room_01_video_46.npz,116,140,0,0,0,0.0009786903
le2i-blazepose,le2i-blazepose::Coffee_room_01_video_46,data/keypoints_le2i_blazepose/Coffee_room_01_video_46.npz,121,145,0,0,0,0.00087251054
le2i-blazepose,le2i-blazepose::Coffee_room_01_video_46,data/keypoints_le2i_blazepose/Coffee_room_01_video_46.npz,126,150,0,0,0,0.00077171705
le2i-blazepose,le2i-blazepose::Coffee_room_01_video_46,data/keypoints_le2i_blazepose/Coffee_room_01_video_46.npz,131,155,0,0,0,0.0007942683
le2i-blazepose,le2i-blazepose::Coffee_room_01_video_46,data/keypoints_le2i_blazepose/Coffee_room_01_video_46.npz,136,160,0,0,0,0.00089403754
le2i-blazepose,le2i-blazepose::Coffee_room_01_video_46,data/keypoints_le2i_blazepose/Coffee_room_01_video_46.npz,141,165,0,0,0,0.002038432
le2i-blazepose,le2i-blazepose::Coffee_room_01_video_46,data/keypoints_le2i_blazepose/Coffee_room_01_video_46.npz,146,170,0,0,0,0.060063925
le2i-blazepose,le2i-blazepose::Coffee_room_01_video_46,data/keypoints_le2i_blazepose/Coffee_room_01_video_46.npz,151,175,1,1,0,0.68136185
le2i-blazepose,le2i-blazepose::Coffee_room_01_video_46,data/keypoints_le2i_blazepose/Coffee_room_01_video_46.npz,156,180,1,1,1,0.996842
le2i-blazepose,le2i-blazepose::Coffee_room_01_video_46,data/keypoints_le2i_blazepose/Coffee_room_01_video_46.npz,161,185,1,1,1,0.9997032
le2i-blazepose,le2i-blazepose::Coffee_room_01_video_46,data/keypoints_le2i_blazepose/Coffee_room_01_video_46.npz,166,190,1,1,1,0.99977213
le2i-blazepose,le2i-blazepose::Coffee_room_01_video_46,data/keypoints_le2i_blazepose/Coffee_room_01_video_46.npz,171,195,1,1,1,0.9997601
le2i-blazepose,le2i-blazepose::Coffee_room_01_video_46,data/keypoints_le2i_blazepose/Coffee_room_01_video_46.npz,176,200,1,1,1,0.9950612
le2i-blazepose,le2i-blazepose::Coffee_room_01_video_46,data/keypoints_le2i_blazepose/Coffee_room_01_video_46.npz,181,205,0,0,0,0.24872683
le2i-blazepose,le2i-blazepose::Coffee_room_01_video_46,data/keypoints_le2i_blazepose/Coffee_room_01_video_46.npz,186,210,0,0,0,0.6471433
le2i-blazepose,le2i-blazepose::Coffee_room_01_video_46,data/keypoints_le2i_blazepose/Coffee_room_01_video_46.npz,191,215,0,0,0,0.64520013
le2i-blazepose,le2i-blazepose::Coffee_room_01_video_46,data/keypoints_le2i_blazepose/Coffee_room_01_video_46.npz,196,220,0,0,0,0.6476817
le2i-blazepose,le2i-blazepose::Coffee_room_01_video_46,data/keypoints_le2i_blazepose/Coffee_room_01_video_46.npz,241,265,0,0,0,0.18440516
le2i-blazepose,le2i-blazepose::Coffee_room_01_video_46,data/keypoints_le2i_blazepose/Coffee_room_01_video_46.npz,246,270,0,0,0,0.18440516
le2i-blazepose,le2i-blazepose::Coffee_room_01_video_46,data/keypoints_le2i_blazepose/Coffee_room_01_video_46.npz,251,275,0,0,0,0.18440516
le2i-blazepose,le2i-blazepose::Coffee_room_01_video_46,data/keypoints_le2i_blazepose/Coffee_room_01_video_46.npz,256,280,0,0,0,0.18440516
le2i-blazepose,le2i-blazepose::Coffee_room_01_video_46,data/keypoints_le2i_blazepose/Coffee_room_01_video_46.npz,261,285,0,0,0,0.18440516
le2i-blazepose,le2i-blazepose::Home_01_video_1,data/keypoints_le2i_blazepose/Home_01_video_1.npz,1,25,0,0,0,0.00020313993
le2i-blazepose,le2i-blazepose::Home_01_video_1,data/keypoints_le2i_blazepose/Home_01_video_1.npz,6,30,0,0,0,0.0002017136
le2i-blazepose,le2i-blazepose::Home_01_video_1,data/keypoints_le2i_blazepose/Home_01_video_1.npz,11,35,0,0,0,0.00020090184
le2i-blazepose,le2i-blazepose::Home_01_video_1,data/keypoints_le2i_blazepose/Home_01_video_1.npz,16,40,0,0,0,0.00020188425
le2i-blazepose,le2i-blazepose::Home_01_video_1,data/keypoints_le2i_blazepose/Home_01_video_1.npz,21,45,0,0,0,0.00020507512
le2i-blazepose,le2i-blazepose::Home_01_video_1,data/keypoints_le2i_blazepose/Home_01_video_1.npz,26,50,0,0,0,0.00021297505
le2i-blazepose,le2i-blazepose::Home_01_video_1,data/keypoints_le2i_blazepose/Home_01_video_1.npz,31,55,0,0,0,0.0018688063
le2i-blazepose,le2i-blazepose::Home_01_video_1,data/keypoints_le2i_blazepose/Home_01_video_1.npz,36,60,0,0,0,0.0023606287
le2i-blazepose,le2i-blazepose::Home_01_video_1,data/keypoints_le2i_blazepose/Home_01_video_1.npz,41,65,0,0,0,0.0011217635
le2i-blazepose,le2i-blazepose::Home_01_video_1,data/keypoints_le2i_blazepose/Home_01_video_1.npz,46,70,0,0,0,0.00088059116
le2i-blazepose,le2i-blazepose::Home_01_video_1,data/keypoints_le2i_blazepose/Home_01_video_1.npz,51,75,0,0,0,0.00068693666
le2i-blazepose,le2i-blazepose::Home_01_video_1,data/keypoints_le2i_blazepose/Home_01_video_1.npz,56,80,0,0,0,0.00056430517
le2i-blazepose,le2i-blazepose::Home_01_video_1,data/keypoints_le2i_blazepose/Home_01_video_1.npz,61,85,0,0,0,0.00027838902
le2i-blazepose,le2i-blazepose::Home_01_video_1,data/keypoints_le2i_blazepose/Home_01_video_1.npz,66,90,0,0,0,0.00021722689
le2i-blazepose,le2i-blazepose::Home_01_video_1,data/keypoints_le2i_blazepose/Home_01_video_1.npz,71,95,0,0,0,0.00016382297
le2i-blazepose,le2i-blazepose::Home_01_video_1,data/keypoints_le2i_blazepose/Home_01_video_1.npz,76,100,0,0,0,0.00017626784
le2i-blazepose,le2i-blazepose::Home_01_video_1,data/keypoints_le2i_blazepose/Home_01_video_1.npz,81,105,0,0,0,0.0007931681
le2i-blazepose,le2i-blazepose::Home_01_video_1,data/keypoints_le2i_blazepose/Home_01_video_1.npz,86,110,0,0,0,0.0007530227
le2i-blazepose,le2i-blazepose::Home_01_video_1,data/keypoints_le2i_blazepose/Home_01_video_1.npz,91,115,0,0,0,0.0006695537
le2i-blazepose,le2i-blazepose::Home_01_video_1,data/keypoints_le2i_blazepose/Home_01_video_1.npz,96,120,0,0,0,0.00028553946
le2i-blazepose,le2i-blazepose::Home_01_video_1,data/keypoints_le2i_blazepose/Home_01_video_1.npz,101,125,0,0,0,0.00028767763
le2i-blazepose,le2i-blazepose::Home_01_video_1,data/keypoints_le2i_blazepose/Home_01_video_1.npz,106,130,0,0,0,0.0027070567
le2i-blazepose,le2i-blazepose::Home_01_video_1,data/keypoints_le2i_blazepose/Home_01_video_1.npz,111,135,0,0,0,0.013759795
le2i-blazepose,le2i-blazepose::Home_01_video_1,data/keypoints_le2i_blazepose/Home_01_video_1.npz,116,140,0,0,0,0.08828657
le2i-blazepose,le2i-blazepose::Home_01_video_1,data/keypoints_le2i_blazepose/Home_01_video_1.npz,121,145,0,0,0,0.6332743
le2i-blazepose,le2i-blazepose::Home_01_video_1,data/keypoints_le2i_blazepose/Home_01_video_1.npz,126,150,0,0,1,0.88068855
le2i-blazepose,le2i-blazepose::Home_01_video_1,data/keypoints_le2i_blazepose/Home_01_video_1.npz,131,155,1,1,0,0.54724765
le2i-blazepose,le2i-blazepose::Home_01_video_1,data/keypoints_le2i_blazepose/Home_01_video_1.npz,136,160,1,1,1,0.9923487
le2i-blazepose,le2i-blazepose::Home_01_video_1,data/keypoints_le2i_blazepose/Home_01_video_1.npz,141,165,1,1,1,0.9961545
le2i-blazepose,le2i-blazepose::Home_01_video_1,data/keypoints_le2i_blazepose/Home_01_video_1.npz,146,170,1,1,1,0.99675554
le2i-blazepose,le2i-blazepose::Home_01_video_1,data/keypoints_le2i_blazepose/Home_01_video_1.npz,151,175,1,1,1,0.9912615
le2i-blazepose,le2i-blazepose::Home_01_video_1,data/keypoints_le2i_blazepose/Home_01_video_1.npz,156,180,1,1,1,0.9549117
le2i-blazepose,le2i-blazepose::Home_01_video_1,data/keypoints_le2i_blazepose/Home_01_video_1.npz,161,185,0,0,1,0.9044913
le2i-blazepose,le2i-blazepose::Home_01_video_1,data/keypoints_le2i_blazepose/Home_01_video_1.npz,166,190,0,0,1,0.97163737
le2i-blazepose,le2i-blazepose::Home_01_video_1,data/keypoints_le2i_blazepose/Home_01_video_1.npz,171,195,0,0,1,0.9799944
le2i-blazepose,le2i-blazepose::Home_01_video_1,data/keypoints_le2i_blazepose/Home_01_video_1.npz,176,200,0,0,1,0.9734384
le2i-blazepose,le2i-blazepose::Home_01_video_1,data/keypoints_le2i_blazepose/Home_01_video_1.npz,181,205,0,0,1,0.9327664
le2i-blazepose,le2i-blazepose::Home_01_video_1,data/keypoints_le2i_blazepose/Home_01_video_1.npz,186,210,0,0,1,0.9389385
le2i-blazepose,le2i-blazepose::Home_01_video_1,data/keypoints_le2i_blazepose/Home_01_video_1.npz,191,215,0,0,1,0.9752853
le2i-blazepose,le2i-blazepose::Home_01_video_1,data/keypoints_le2i_blazepose/Home_01_video_1.npz,196,220,0,0,1,0.9707536
le2i-blazepose,le2i-blazepose::Home_01_video_1,data/keypoints_le2i_blazepose/Home_01_video_1.npz,201,225,0,0,1,0.97255594
le2i-blazepose,le2i-blazepose::Home_01_video_1,data/keypoints_le2i_blazepose/Home_01_video_1.npz,206,230,0,0,1,0.9772174
le2i-blazepose,le2i-blazepose::Home_01_video_1,data/keypoints_le2i_blazepose/Home_01_video_1.npz,211,235,0,0,1,0.9617422
le2i-blazepose,le2i-blazepose::Home_01_video_1,data/keypoints_le2i_blazepose/Home_01_video_1.npz,216,240,0,0,1,0.97622126
le2i-blazepose,le2i-blazepose::Home_01_video_1,data/keypoints_le2i_blazepose/Home_01_video_1.npz,221,245,0,0,1,0.9824485
le2i-blazepose,le2i-blazepose::Home_01_video_1,data/keypoints_le2i_blazepose/Home_01_video_1.npz,226,250,0,0,1,0.98313206
le2i-blazepose,le2i-blazepose::Home_01_video_1,data/keypoints_le2i_blazepose/Home_01_video_1.npz,231,255,0,0,1,0.9813758
le2i-blazepose,le2i-blazepose::Home_01_video_1,data/keypoints_le2i_blazepose/Home_01_video_1.npz,236,260,0,0,1,0.9588418
le2i-blazepose,le2i-blazepose::Home_01_video_20,data/keypoints_le2i_blazepose/Home_01_video_20.npz,1,25,0,0,0,0.0027890324
le2i-blazepose,le2i-blazepose::Home_01_video_20,data/keypoints_le2i_blazepose/Home_01_video_20.npz,6,30,0,0,0,0.0020253556
le2i-blazepose,le2i-blazepose::Home_01_video_20,data/keypoints_le2i_blazepose/Home_01_video_20.npz,11,35,0,0,0,0.00018586335
le2i-blazepose,le2i-blazepose::Home_01_video_20,data/keypoints_le2i_blazepose/Home_01_video_20.npz,16,40,0,0,0,0.0004940625
le2i-blazepose,le2i-blazepose::Home_01_video_20,data/keypoints_le2i_blazepose/Home_01_video_20.npz,21,45,0,0,0,0.0007456139
le2i-blazepose,le2i-blazepose::Home_01_video_20,data/keypoints_le2i_blazepose/Home_01_video_20.npz,26,50,0,0,0,0.00021812806
le2i-blazepose,le2i-blazepose::Home_01_video_20,data/keypoints_le2i_blazepose/Home_01_video_20.npz,31,55,0,0,0,0.0002227026
le2i-blazepose,le2i-blazepose::Home_01_video_20,data/keypoints_le2i_blazepose/Home_01_video_20.npz,36,60,0,0,0,0.0007915316
le2i-blazepose,le2i-blazepose::Home_01_video_20,data/keypoints_le2i_blazepose/Home_01_video_20.npz,41,65,0,0,0,0.0006240178
le2i-blazepose,le2i-blazepose::Home_01_video_20,data/keypoints_le2i_blazepose/Home_01_video_20.npz,46,70,0,0,0,0.00082699093
le2i-blazepose,le2i-blazepose::Home_01_video_20,data/keypoints_le2i_blazepose/Home_01_video_20.npz,51,75,0,0,0,0.0010042728
le2i-blazepose,le2i-blazepose::Home_01_video_20,data/keypoints_le2i_blazepose/Home_01_video_20.npz,56,80,0,0,0,0.0022602149
le2i-blazepose,le2i-blazepose::Home_01_video_20,data/keypoints_le2i_blazepose/Home_01_video_20.npz,61,85,0,0,0,0.0023737699
le2i-blazepose,le2i-blazepose::Home_01_video_20,data/keypoints_le2i_blazepose/Home_01_video_20.npz,66,90,0,0,0,0.0020319577
le2i-blazepose,le2i-blazepose::Home_01_video_20,data/keypoints_le2i_blazepose/Home_01_video_20.npz,71,95,0,0,0,0.0023502335
le2i-blazepose,le2i-blazepose::Home_01_video_20,data/keypoints_le2i_blazepose/Home_01_video_20.npz,76,100,0,0,0,0.0022735212
le2i-blazepose,le2i-blazepose::Home_01_video_20,data/keypoints_le2i_blazepose/Home_01_video_20.npz,81,105,0,0,0,5.2872656e-05
le2i-blazepose,le2i-blazepose::Home_01_video_20,data/keypoints_le2i_blazepose/Home_01_video_20.npz,86,110,0,0,0,3.596356e-05
le2i-blazepose,le2i-blazepose::Home_01_video_20,data/keypoints_le2i_blazepose/Home_01_video_20.npz,91,115,0,0,0,4.37448e-05
le2i-blazepose,le2i-blazepose::Home_01_video_20,data/keypoints_le2i_blazepose/Home_01_video_20.npz,96,120,0,0,0,3.957196e-05
le2i-blazepose,le2i-blazepose::Home_01_video_20,data/keypoints_le2i_blazepose/Home_01_video_20.npz,101,125,0,0,0,6.3000065e-05
le2i-blazepose,le2i-blazepose::Home_01_video_20,data/keypoints_le2i_blazepose/Home_01_video_20.npz,106,130,0,0,0,0.00031389823
le2i-blazepose,le2i-blazepose::Home_01_video_20,data/keypoints_le2i_blazepose/Home_01_video_20.npz,111,135,0,0,0,0.005168589
le2i-blazepose,le2i-blazepose::Home_01_video_20,data/keypoints_le2i_blazepose/Home_01_video_20.npz,116,140,0,0,0,0.016375622
le2i-blazepose,le2i-blazepose::Home_01_video_20,data/keypoints_le2i_blazepose/Home_01_video_20.npz,121,145,0,0,0,0.032044597
le2i-blazepose,le2i-blazepose::Home_01_video_20,data/keypoints_le2i_blazepose/Home_01_video_20.npz,126,150,0,0,0,0.1605801
le2i-blazepose,le2i-blazepose::Home_01_video_20,data/keypoints_le2i_blazepose/Home_01_video_20.npz,131,155,1,1,1,0.98699135
le2i-blazepose,le2i-blazepose::Home_01_video_20,data/keypoints_le2i_blazepose/Home_01_video_20.npz,136,160,1,1,1,0.999648
le2i-blazepose,le2i-blazepose::Home_01_video_20,data/keypoints_le2i_blazepose/Home_01_video_20.npz,141,165,1,1,1,0.9996345
le2i-blazepose,le2i-blazepose::Home_01_video_20,data/keypoints_le2i_blazepose/Home_01_video_20.npz,146,170,1,1,1,0.9993942
le2i-blazepose,le2i-blazepose::Home_01_video_20,data/keypoints_le2i_blazepose/Home_01_video_20.npz,151,175,1,1,1,0.96863973
le2i-blazepose,le2i-blazepose::Home_01_video_20,data/keypoints_le2i_blazepose/Home_01_video_20.npz,156,180,0,0,0,0.005848809
le2i-blazepose,le2i-blazepose::Home_01_video_20,data/keypoints_le2i_blazepose/Home_01_video_20.npz,161,185,0,0,0,0.0018921844
le2i-blazepose,le2i-blazepose::Home_01_video_20,data/keypoints_le2i_blazepose/Home_01_video_20.npz,166,190,0,0,0,0.009004386
le2i-blazepose,le2i-blazepose::Home_01_video_20,data/keypoints_le2i_blazepose/Home_01_video_20.npz,171,195,0,0,0,0.010224707
le2i-blazepose,le2i-blazepose::Home_01_video_20,data/keypoints_le2i_blazepose/Home_01_video_20.npz,176,200,0,0,0,0.009900854
le2i-blazepose,le2i-blazepose::Home_01_video_20,data/keypoints_le2i_blazepose/Home_01_video_20.npz,181,205,0,0,0,0.008174839
le2i-blazepose,le2i-blazepose::Home_01_video_20,data/keypoints_le2i_blazepose/Home_01_video_20.npz,186,210,0,0,0,0.0075530326
le2i-blazepose,le2i-blazepose::Home_01_video_20,data/keypoints_le2i_blazepose/Home_01_video_20.npz,191,215,0,0,0,0.007979361
le2i-blazepose,le2i-blazepose::Home_01_video_23,data/keypoints_le2i_blazepose/Home_01_video_23.npz,1,25,0,0,0,0.0009326227
le2i-blazepose,le2i-blazepose::Home_01_video_23,data/keypoints_le2i_blazepose/Home_01_video_23.npz,6,30,0,0,0,0.00084133854
le2i-blazepose,le2i-blazepose::Home_01_video_23,data/keypoints_le2i_blazepose/Home_01_video_23.npz,11,35,0,0,0,0.0005107713
le2i-blazepose,le2i-blazepose::Home_01_video_23,data/keypoints_le2i_blazepose/Home_01_video_23.npz,16,40,0,0,0,0.00048248054
le2i-blazepose,le2i-blazepose::Home_01_video_23,data/keypoints_le2i_blazepose/Home_01_video_23.npz,21,45,0,0,0,0.0004837174
le2i-blazepose,le2i-blazepose::Home_01_video_23,data/keypoints_le2i_blazepose/Home_01_video_23.npz,26,50,0,0,0,0.0004869911
le2i-blazepose,le2i-blazepose::Home_01_video_23,data/keypoints_le2i_blazepose/Home_01_video_23.npz,31,55,0,0,0,0.0004869911
le2i-blazepose,le2i-blazepose::Home_01_video_23,data/keypoints_le2i_blazepose/Home_01_video_23.npz,46,70,0,0,0,0.0050862012
le2i-blazepose,le2i-blazepose::Home_01_video_23,data/keypoints_le2i_blazepose/Home_01_video_23.npz,51,75,0,0,0,0.006468394
le2i-blazepose,le2i-blazepose::Home_01_video_23,data/keypoints_le2i_blazepose/Home_01_video_23.npz,56,80,0,0,0,0.013835955
le2i-blazepose,le2i-blazepose::Home_01_video_23,data/keypoints_le2i_blazepose/Home_01_video_23.npz,61,85,0,0,0,0.0023891644
le2i-blazepose,le2i-blazepose::Home_01_video_23,data/keypoints_le2i_blazepose/Home_01_video_23.npz,66,90,0,0,0,0.0029716017
le2i-blazepose,le2i-blazepose::Home_01_video_23,data/keypoints_le2i_blazepose/Home_01_video_23.npz,71,95,0,0,0,0.00193905
le2i-blazepose,le2i-blazepose::Home_01_video_23,data/keypoints_le2i_blazepose/Home_01_video_23.npz,76,100,0,0,0,0.0015956608
le2i-blazepose,le2i-blazepose::Home_01_video_23,data/keypoints_le2i_blazepose/Home_01_video_23.npz,81,105,0,0,0,0.010490359
le2i-blazepose,le2i-blazepose::Home_01_video_23,data/keypoints_le2i_blazepose/Home_01_video_23.npz,86,110,0,0,0,0.0058752117
le2i-blazepose,le2i-blazepose::Home_01_video_23,data/keypoints_le2i_blazepose/Home_01_video_23.npz,91,115,0,0,0,0.002635034
le2i-blazepose,le2i-blazepose::Home_01_video_23,data/keypoints_le2i_blazepose/Home_01_video_23.npz,96,120,0,0,0,0.0019724465
le2i-blazepose,le2i-blazepose::Home_01_video_23,data/keypoints_le2i_blazepose/Home_01_video_23.npz,101,125,0,0,0,0.0021277529
le2i-blazepose,le2i-blazepose::Home_01_video_23,data/keypoints_le2i_blazepose/Home_01_video_23.npz,106,130,0,0,0,0.00047157338
le2i-blazepose,le2i-blazepose::Home_01_video_23,data/keypoints_le2i_blazepose/Home_01_video_23.npz,111,135,0,0,0,0.00039118092
le2i-blazepose,le2i-blazepose::Home_01_video_23,data/keypoints_le2i_blazepose/Home_01_video_23.npz,116,140,0,0,0,0.00044161882
le2i-blazepose,le2i-blazepose::Home_01_video_23,data/keypoints_le2i_blazepose/Home_01_video_23.npz,121,145,0,0,0,0.00042534067
le2i-blazepose,le2i-blazepose::Home_01_video_23,data/keypoints_le2i_blazepose/Home_01_video_23.npz,126,150,0,0,0,0.00037168225
le2i-blazepose,le2i-blazepose::Home_01_video_23,data/keypoints_le2i_blazepose/Home_01_video_23.npz,131,155,0,0,0,1.6448264e-05
le2i-blazepose,le2i-blazepose::Home_01_video_23,data/keypoints_le2i_blazepose/Home_01_video_23.npz,136,160,0,0,0,0.034982692
le2i-blazepose,le2i-blazepose::Home_01_video_23,data/keypoints_le2i_blazepose/Home_01_video_23.npz,141,165,0,0,1,0.76012224
le2i-blazepose,le2i-blazepose::Home_01_video_23,data/keypoints_le2i_blazepose/Home_01_video_23.npz,146,170,0,0,1,0.98816746
le2i-blazepose,le2i-blazepose::Home_01_video_23,data/keypoints_le2i_blazepose/Home_01_video_23.npz,151,175,1,1,1,0.9993881
le2i-blazepose,le2i-blazepose::Home_01_video_23,data/keypoints_le2i_blazepose/Home_01_video_23.npz,156,180,1,1,1,0.99986327
le2i-blazepose,le2i-blazepose::Home_01_video_23,data/keypoints_le2i_blazepose/Home_01_video_23.npz,161,185,1,1,1,0.99989474
le2i-blazepose,le2i-blazepose::Home_01_video_23,data/keypoints_le2i_blazepose/Home_01_video_23.npz,166,190,1,1,1,0.9987047
le2i-blazepose,le2i-blazepose::Home_01_video_23,data/keypoints_le2i_blazepose/Home_01_video_23.npz,171,195,0,0,1,0.9530197
le2i-blazepose,le2i-blazepose::Home_01_video_23,data/keypoints_le2i_blazepose/Home_01_video_23.npz,176,200,0,0,0,0.021900846
le2i-blazepose,le2i-blazepose::Home_01_video_23,data/keypoints_le2i_blazepose/Home_01_video_23.npz,181,205,0,0,0,0.0007658909
le2i-blazepose,le2i-blazepose::Home_01_video_23,data/keypoints_le2i_blazepose/Home_01_video_23.npz,186,210,0,0,0,0.00040606648
le2i-blazepose,le2i-blazepose::Home_01_video_23,data/keypoints_le2i_blazepose/Home_01_video_23.npz,191,215,0,0,0,0.00041970788
le2i-blazepose,le2i-blazepose::Home_01_video_23,data/keypoints_le2i_blazepose/Home_01_video_23.npz,196,220,0,0,0,0.0010656213
le2i-blazepose,le2i-blazepose::Home_01_video_23,data/keypoints_le2i_blazepose/Home_01_video_23.npz,201,225,0,0,0,0.0014536082
le2i-blazepose,le2i-blazepose::Home_01_video_23,data/keypoints_le2i_blazepose/Home_01_video_23.npz,206,230,0,0,0,0.0014723997
le2i-blazepose,le2i-blazepose::Home_01_video_23,data/keypoints_le2i_blazepose/Home_01_video_23.npz,211,235,0,0,0,0.0014606814
le2i-blazepose,le2i-blazepose::Home_01_video_23,data/keypoints_le2i_blazepose/Home_01_video_23.npz,216,240,0,0,0,0.0012254287
le2i-blazepose,le2i-blazepose::Home_01_video_24,data/keypoints_le2i_blazepose/Home_01_video_24.npz,1,25,0,0,0,0.003823532
le2i-blazepose,le2i-blazepose::Home_01_video_24,data/keypoints_le2i_blazepose/Home_01_video_24.npz,6,30,0,0,0,0.0037218712
le2i-blazepose,le2i-blazepose::Home_01_video_24,data/keypoints_le2i_blazepose/Home_01_video_24.npz,11,35,0,0,0,0.0007363699
le2i-blazepose,le2i-blazepose::Home_01_video_24,data/keypoints_le2i_blazepose/Home_01_video_24.npz,16,40,0,0,0,0.0007260466
le2i-blazepose,le2i-blazepose::Home_01_video_24,data/keypoints_le2i_blazepose/Home_01_video_24.npz,21,45,0,0,0,0.0007704775
le2i-blazepose,le2i-blazepose::Home_01_video_24,data/keypoints_le2i_blazepose/Home_01_video_24.npz,26,50,0,0,0,0.0006127339
le2i-blazepose,le2i-blazepose::Home_01_video_24,data/keypoints_le2i_blazepose/Home_01_video_24.npz,31,55,0,0,0,0.0005654201
le2i-blazepose,le2i-blazepose::Home_01_video_24,data/keypoints_le2i_blazepose/Home_01_video_24.npz,36,60,0,0,0,0.0005548595
le2i-blazepose,le2i-blazepose::Home_01_video_24,data/keypoints_le2i_blazepose/Home_01_video_24.npz,41,65,0,0,0,0.00018850964
le2i-blazepose,le2i-blazepose::Home_01_video_24,data/keypoints_le2i_blazepose/Home_01_video_24.npz,46,70,0,0,0,0.004410336
le2i-blazepose,le2i-blazepose::Home_01_video_24,data/keypoints_le2i_blazepose/Home_01_video_24.npz,51,75,0,0,0,0.0044820034
le2i-blazepose,le2i-blazepose::Home_01_video_24,data/keypoints_le2i_blazepose/Home_01_video_24.npz,56,80,0,0,0,0.004486634
le2i-blazepose,le2i-blazepose::Home_01_video_24,data/keypoints_le2i_blazepose/Home_01_video_24.npz,61,85,0,0,0,0.0044742087
le2i-blazepose,le2i-blazepose::Home_01_video_24,data/keypoints_le2i_blazepose/Home_01_video_24.npz,66,90,0,0,0,0.0044659884
le2i-blazepose,le2i-blazepose::Home_01_video_24,data/keypoints_le2i_blazepose/Home_01_video_24.npz,86,110,0,0,0,0.0002455792
le2i-blazepose,le2i-blazepose::Home_01_video_24,data/keypoints_le2i_blazepose/Home_01_video_24.npz,91,115,0,0,0,0.00029268645
le2i-blazepose,le2i-blazepose::Home_01_video_24,data/keypoints_le2i_blazepose/Home_01_video_24.npz,96,120,0,0,0,0.0006225853
le2i-blazepose,le2i-blazepose::Home_01_video_24,data/keypoints_le2i_blazepose/Home_01_video_24.npz,101,125,0,0,0,0.0024087895
le2i-blazepose,le2i-blazepose::Home_01_video_24,data/keypoints_le2i_blazepose/Home_01_video_24.npz,106,130,0,0,0,0.07901932
le2i-blazepose,le2i-blazepose::Home_01_video_24,data/keypoints_le2i_blazepose/Home_01_video_24.npz,111,135,0,0,0,0.5813562
le2i-blazepose,le2i-blazepose::Home_01_video_24,data/keypoints_le2i_blazepose/Home_01_video_24.npz,116,140,1,1,1,0.98652667
le2i-blazepose,le2i-blazepose::Home_01_video_24,data/keypoints_le2i_blazepose/Home_01_video_24.npz,121,145,1,1,1,0.999534
le2i-blazepose,le2i-blazepose::Home_01_video_24,data/keypoints_le2i_blazepose/Home_01_video_24.npz,126,150,1,1,1,0.9996996
le2i-blazepose,le2i-blazepose::Home_01_video_24,data/keypoints_le2i_blazepose/Home_01_video_24.npz,131,155,1,1,1,0.9994628
le2i-blazepose,le2i-blazepose::Home_01_video_24,data/keypoints_le2i_blazepose/Home_01_video_24.npz,136,160,0,0,0,0.5004241
le2i-blazepose,le2i-blazepose::Home_01_video_24,data/keypoints_le2i_blazepose/Home_01_video_24.npz,141,165,0,0,0,0.008217878
le2i-blazepose,le2i-blazepose::Home_01_video_24,data/keypoints_le2i_blazepose/Home_01_video_24.npz,146,170,0,0,0,0.007353184
le2i-blazepose,le2i-blazepose::Home_01_video_24,data/keypoints_le2i_blazepose/Home_01_video_24.npz,151,175,0,0,0,0.044913467
le2i-blazepose,le2i-blazepose::Home_01_video_24,data/keypoints_le2i_blazepose/Home_01_video_24.npz,156,180,0,0,0,0.050605375
le2i-blazepose,le2i-blazepose::Home_01_video_24,data/keypoints_le2i_blazepose/Home_01_video_24.npz,161,185,0,0,0,0.024589373
le2i-blazepose,le2i-blazepose::Home_01_video_24,data/keypoints_le2i_blazepose/Home_01_video_24.npz,166,190,0,0,0,0.023845216
le2i-blazepose,le2i-blazepose::Home_01_video_26,data/keypoints_le2i_blazepose/Home_01_video_26.npz,1,25,0,0,0,0.003973295
le2i-blazepose,le2i-blazepose::Home_01_video_26,data/keypoints_le2i_blazepose/Home_01_video_26.npz,6,30,0,0,0,0.0033686338
le2i-blazepose,le2i-blazepose::Home_01_video_26,data/keypoints_le2i_blazepose/Home_01_video_26.npz,11,35,0,0,0,0.0035946732
le2i-blazepose,le2i-blazepose::Home_01_video_26,data/keypoints_le2i_blazepose/Home_01_video_26.npz,16,40,0,0,0,0.004571164
le2i-blazepose,le2i-blazepose::Home_01_video_26,data/keypoints_le2i_blazepose/Home_01_video_26.npz,21,45,0,0,0,0.005605923
le2i-blazepose,le2i-blazepose::Home_01_video_26,data/keypoints_le2i_blazepose/Home_01_video_26.npz,26,50,0,0,0,0.004344188
le2i-blazepose,le2i-blazepose::Home_01_video_26,data/keypoints_le2i_blazepose/Home_01_video_26.npz,31,55,0,0,0,0.0040108645
le2i-blazepose,le2i-blazepose::Home_01_video_26,data/keypoints_le2i_blazepose/Home_01_video_26.npz,36,60,0,0,0,0.0023696385
le2i-blazepose,le2i-blazepose::Home_01_video_26,data/keypoints_le2i_blazepose/Home_01_video_26.npz,41,65,0,0,0,0.0015358086
le2i-blazepose,le2i-blazepose::Home_01_video_26,data/keypoints_le2i_blazepose/Home_01_video_26.npz,46,70,0,0,0,0.0020242967
le2i-blazepose,le2i-blazepose::Home_01_video_26,data/keypoints_le2i_blazepose/Home_01_video_26.npz,51,75,0,0,0,0.0010126416
le2i-blazepose,le2i-blazepose::Home_01_video_26,data/keypoints_le2i_blazepose/Home_01_video_26.npz,56,80,0,0,0,0.00098057
le2i-blazepose,le2i-blazepose::Home_01_video_26,data/keypoints_le2i_blazepose/Home_01_video_26.npz,61,85,0,0,0,0.0009293824
le2i-blazepose,le2i-blazepose::Home_01_video_26,data/keypoints_le2i_blazepose/Home_01_video_26.npz,66,90,0,0,0,0.00058246293
le2i-blazepose,le2i-blazepose::Home_01_video_26,data/keypoints_le2i_blazepose/Home_01_video_26.npz,71,95,0,0,0,0.00037797322
le2i-blazepose,le2i-blazepose::Home_01_video_26,data/keypoints_le2i_blazepose/Home_01_video_26.npz,76,100,0,0,0,0.0006403942
le2i-blazepose,le2i-blazepose::Home_01_video_26,data/keypoints_le2i_blazepose/Home_01_video_26.npz,81,105,0,0,0,0.00074064283
le2i-blazepose,le2i-blazepose::Home_01_video_26,data/keypoints_le2i_blazepose/Home_01_video_26.npz,86,110,0,0,0,0.0010269867
le2i-blazepose,le2i-blazepose::Home_01_video_26,data/keypoints_le2i_blazepose/Home_01_video_26.npz,91,115,0,0,0,0.0036754014
le2i-blazepose,le2i-blazepose::Home_01_video_26,data/keypoints_le2i_blazepose/Home_01_video_26.npz,96,120,0,0,0,0.008515787
le2i-blazepose,le2i-blazepose::Home_01_video_26,data/keypoints_le2i_blazepose/Home_01_video_26.npz,101,125,0,0,0,0.034486003
le2i-blazepose,le2i-blazepose::Home_01_video_26,data/keypoints_le2i_blazepose/Home_01_video_26.npz,106,130,0,0,1,0.87722665
le2i-blazepose,le2i-blazepose::Home_01_video_26,data/keypoints_le2i_blazepose/Home_01_video_26.npz,111,135,0,0,1,0.998642
le2i-blazepose,le2i-blazepose::Home_01_video_26,data/keypoints_le2i_blazepose/Home_01_video_26.npz,116,140,1,1,1,0.9997739
le2i-blazepose,le2i-blazepose::Home_01_video_26,data/keypoints_le2i_blazepose/Home_01_video_26.npz,121,145,1,1,1,0.9997162
le2i-blazepose,le2i-blazepose::Home_01_video_26,data/keypoints_le2i_blazepose/Home_01_video_26.npz,126,150,1,1,1,0.99931824
le2i-blazepose,le2i-blazepose::Home_01_video_26,data/keypoints_le2i_blazepose/Home_01_video_26.npz,131,155,1,1,1,0.99732554
le2i-blazepose,le2i-blazepose::Home_01_video_26,data/keypoints_le2i_blazepose/Home_01_video_26.npz,136,160,0,0,0,0.57497793
le2i-blazepose,le2i-blazepose::Home_01_video_26,data/keypoints_le2i_blazepose/Home_01_video_26.npz,141,165,0,0,0,0.06440573
le2i-blazepose,le2i-blazepose::Home_01_video_26,data/keypoints_le2i_blazepose/Home_01_video_26.npz,146,170,0,0,0,0.037716903
le2i-blazepose,le2i-blazepose::Home_01_video_26,data/keypoints_le2i_blazepose/Home_01_video_26.npz,151,175,0,0,0,0.0023473776
le2i-blazepose,le2i-blazepose::Home_01_video_26,data/keypoints_le2i_blazepose/Home_01_video_26.npz,156,180,0,0,0,0.0023373254
le2i-blazepose,le2i-blazepose::Home_01_video_26,data/keypoints_le2i_blazepose/Home_01_video_26.npz,161,185,0,0,0,0.0023465534
le2i-blazepose,le2i-blazepose::Home_01_video_26,data/keypoints_le2i_blazepose/Home_01_video_26.npz,166,190,0,0,0,0.0023246661
le2i-blazepose,le2i-blazepose::Home_01_video_26,data/keypoints_le2i_blazepose/Home_01_video_26.npz,171,195,0,0,0,0.07212751
le2i-blazepose,le2i-blazepose::Home_01_video_26,data/keypoints_le2i_blazepose/Home_01_video_26.npz,176,200,0,0,0,0.07133304
le2i-blazepose,le2i-blazepose::Home_01_video_26,data/keypoints_le2i_blazepose/Home_01_video_26.npz,181,205,0,0,0,0.0704176
le2i-blazepose,le2i-blazepose::Home_01_video_26,data/keypoints_le2i_blazepose/Home_01_video_26.npz,186,210,0,0,0,0.069639675
le2i-blazepose,le2i-blazepose::Home_01_video_26,data/keypoints_le2i_blazepose/Home_01_video_26.npz,191,215,0,0,0,0.069493115
le2i-blazepose,le2i-blazepose::Home_01_video_28,data/keypoints_le2i_blazepose/Home_01_video_28.npz,1,25,0,0,0,0.00080321985
le2i-blazepose,le2i-blazepose::Home_01_video_28,data/keypoints_le2i_blazepose/Home_01_video_28.npz,6,30,0,0,0,0.00064761174
le2i-blazepose,le2i-blazepose::Home_01_video_28,data/keypoints_le2i_blazepose/Home_01_video_28.npz,11,35,0,0,0,0.00064714317
le2i-blazepose,le2i-blazepose::Home_01_video_28,data/keypoints_le2i_blazepose/Home_01_video_28.npz,16,40,0,0,0,0.0006688916
le2i-blazepose,le2i-blazepose::Home_01_video_28,data/keypoints_le2i_blazepose/Home_01_video_28.npz,21,45,0,0,0,0.0006450892
le2i-blazepose,le2i-blazepose::Home_01_video_28,data/keypoints_le2i_blazepose/Home_01_video_28.npz,26,50,0,0,0,0.0006422051
le2i-blazepose,le2i-blazepose::Home_01_video_28,data/keypoints_le2i_blazepose/Home_01_video_28.npz,31,55,0,0,0,0.00063878554
le2i-blazepose,le2i-blazepose::Home_01_video_28,data/keypoints_le2i_blazepose/Home_01_video_28.npz,36,60,0,0,0,0.0006667719
le2i-blazepose,le2i-blazepose::Home_01_video_28,data/keypoints_le2i_blazepose/Home_01_video_28.npz,41,65,0,0,0,0.0008628815
le2i-blazepose,le2i-blazepose::Home_01_video_28,data/keypoints_le2i_blazepose/Home_01_video_28.npz,46,70,0,0,0,0.0010791493
le2i-blazepose,le2i-blazepose::Home_01_video_28,data/keypoints_le2i_blazepose/Home_01_video_28.npz,51,75,0,0,0,0.001962191
le2i-blazepose,le2i-blazepose::Home_01_video_28,data/keypoints_le2i_blazepose/Home_01_video_28.npz,56,80,0,0,0,0.0021569591
le2i-blazepose,le2i-blazepose::Home_01_video_28,data/keypoints_le2i_blazepose/Home_01_video_28.npz,61,85,0,0,0,0.0014937444
le2i-blazepose,le2i-blazepose::Home_01_video_28,data/keypoints_le2i_blazepose/Home_01_video_28.npz,66,90,0,0,0,0.0014235786
le2i-blazepose,le2i-blazepose::Home_01_video_28,data/keypoints_le2i_blazepose/Home_01_video_28.npz,71,95,0,0,0,0.0013896333
le2i-blazepose,le2i-blazepose::Home_01_video_28,data/keypoints_le2i_blazepose/Home_01_video_28.npz,76,100,0,0,0,0.0006863412
le2i-blazepose,le2i-blazepose::Home_01_video_28,data/keypoints_le2i_blazepose/Home_01_video_28.npz,81,105,0,0,0,0.00057263667
le2i-blazepose,le2i-blazepose::Home_01_video_28,data/keypoints_le2i_blazepose/Home_01_video_28.npz,86,110,0,0,0,0.0005713756
le2i-blazepose,le2i-blazepose::Home_01_video_28,data/keypoints_le2i_blazepose/Home_01_video_28.npz,91,115,0,0,0,0.0003204901
le2i-blazepose,le2i-blazepose::Home_01_video_28,data/keypoints_le2i_blazepose/Home_01_video_28.npz,96,120,0,0,0,0.0011877188
le2i-blazepose,le2i-blazepose::Home_01_video_28,data/keypoints_le2i_blazepose/Home_01_video_28.npz,101,125,0,0,0,0.0025072955
le2i-blazepose,le2i-blazepose::Home_01_video_28,data/keypoints_le2i_blazepose/Home_01_video_28.npz,106,130,0,0,0,0.0025579394
le2i-blazepose,le2i-blazepose::Home_01_video_28,data/keypoints_le2i_blazepose/Home_01_video_28.npz,111,135,0,0,0,0.0027195262
le2i-blazepose,le2i-blazepose::Home_01_video_28,data/keypoints_le2i_blazepose/Home_01_video_28.npz,116,140,0,0,0,0.0015803411
le2i-blazepose,le2i-blazepose::Home_01_video_28,data/keypoints_le2i_blazepose/Home_01_video_28.npz,121,145,0,0,0,0.00080783345
le2i-blazepose,le2i-blazepose::Home_01_video_28,data/keypoints_le2i_blazepose/Home_01_video_28.npz,126,150,0,0,0,0.00084085163
le2i-blazepose,le2i-blazepose::Home_01_video_28,data/keypoints_le2i_blazepose/Home_01_video_28.npz,131,155,0,0,0,0.0014005557
le2i-blazepose,le2i-blazepose::Home_01_video_28,data/keypoints_le2i_blazepose/Home_01_video_28.npz,136,160,0,0,0,0.001549698
le2i-blazepose,le2i-blazepose::Home_01_video_28,data/keypoints_le2i_blazepose/Home_01_video_28.npz,141,165,0,0,0,0.0023813683
le2i-blazepose,le2i-blazepose::Home_01_video_28,data/keypoints_le2i_blazepose/Home_01_video_28.npz,146,170,0,0,0,0.0055168997
le2i-blazepose,le2i-blazepose::Home_01_video_28,data/keypoints_le2i_blazepose/Home_01_video_28.npz,151,175,0,0,0,0.05972268
le2i-blazepose,le2i-blazepose::Home_01_video_28,data/keypoints_le2i_blazepose/Home_01_video_28.npz,156,180,1,1,0,0.38140854
le2i-blazepose,le2i-blazepose::Home_01_video_28,data/keypoints_le2i_blazepose/Home_01_video_28.npz,161,185,1,1,1,0.7303081
le2i-blazepose,le2i-blazepose::Home_01_video_28,data/keypoints_le2i_blazepose/Home_01_video_28.npz,166,190,1,1,1,0.88706124
le2i-blazepose,le2i-blazepose::Home_01_video_28,data/keypoints_le2i_blazepose/Home_01_video_28.npz,171,195,1,1,1,0.9235167
le2i-blazepose,le2i-blazepose::Home_01_video_30,data/keypoints_le2i_blazepose/Home_01_video_30.npz,1,25,0,0,0,0.006346609
le2i-blazepose,le2i-blazepose::Home_01_video_30,data/keypoints_le2i_blazepose/Home_01_video_30.npz,6,30,0,0,0,0.0022347895
le2i-blazepose,le2i-blazepose::Home_01_video_30,data/keypoints_le2i_blazepose/Home_01_video_30.npz,11,35,0,0,0,0.0029789133
le2i-blazepose,le2i-blazepose::Home_01_video_30,data/keypoints_le2i_blazepose/Home_01_video_30.npz,16,40,0,0,0,0.0036935757
le2i-blazepose,le2i-blazepose::Home_01_video_30,data/keypoints_le2i_blazepose/Home_01_video_30.npz,21,45,0,0,0,0.022808418
le2i-blazepose,le2i-blazepose::Home_01_video_30,data/keypoints_le2i_blazepose/Home_01_video_30.npz,26,50,0,0,0,0.03457544
le2i-blazepose,le2i-blazepose::Home_01_video_30,data/keypoints_le2i_blazepose/Home_01_video_30.npz,31,55,0,0,0,5.7045756e-05
le2i-blazepose,le2i-blazepose::Home_01_video_30,data/keypoints_le2i_blazepose/Home_01_video_30.npz,36,60,0,0,0,4.857736e-05
le2i-blazepose,le2i-blazepose::Home_01_video_30,data/keypoints_le2i_blazepose/Home_01_video_30.npz,41,65,0,0,0,0.0021682542
le2i-blazepose,le2i-blazepose::Home_01_video_30,data/keypoints_le2i_blazepose/Home_01_video_30.npz,46,70,0,0,0,0.0018199587
le2i-blazepose,le2i-blazepose::Home_01_video_30,data/keypoints_le2i_blazepose/Home_01_video_30.npz,51,75,0,0,0,0.0029012165
le2i-blazepose,le2i-blazepose::Home_01_video_30,data/keypoints_le2i_blazepose/Home_01_video_30.npz,56,80,0,0,0,0.012361258
le2i-blazepose,le2i-blazepose::Home_01_video_30,data/keypoints_le2i_blazepose/Home_01_video_30.npz,61,85,0,0,0,0.014165705
le2i-blazepose,le2i-blazepose::Home_01_video_30,data/keypoints_le2i_blazepose/Home_01_video_30.npz,66,90,0,0,0,0.040977996
le2i-blazepose,le2i-blazepose::Home_01_video_30,data/keypoints_le2i_blazepose/Home_01_video_30.npz,71,95,0,0,0,0.09333895
le2i-blazepose,le2i-blazepose::Home_01_video_30,data/keypoints_le2i_blazepose/Home_01_video_30.npz,76,100,0,0,0,0.14594035
le2i-blazepose,le2i-blazepose::Home_01_video_30,data/keypoints_le2i_blazepose/Home_01_video_30.npz,81,105,0,0,0,0.31652814
le2i-blazepose,le2i-blazepose::Home_01_video_30,data/keypoints_le2i_blazepose/Home_01_video_30.npz,86,110,0,0,0,0.43268833
le2i-blazepose,le2i-blazepose::Home_01_video_30,data/keypoints_le2i_blazepose/Home_01_video_30.npz,91,115,0,0,0,0.64640963
le2i-blazepose,le2i-blazepose::Home_01_video_30,data/keypoints_le2i_blazepose/Home_01_video_30.npz,96,120,0,0,0,0.5663945
le2i-blazepose,le2i-blazepose::Home_01_video_30,data/keypoints_le2i_blazepose/Home_01_video_30.npz,101,125,0,0,1,0.86353314
le2i-blazepose,le2i-blazepose::Home_01_video_30,data/keypoints_le2i_blazepose/Home_01_video_30.npz,106,130,1,1,1,0.98385805
le2i-blazepose,le2i-blazepose::Home_01_video_30,data/keypoints_le2i_blazepose/Home_01_video_30.npz,111,135,1,1,1,0.98390204
le2i-blazepose,le2i-blazepose::Home_01_video_30,data/keypoints_le2i_blazepose/Home_01_video_30.npz,116,140,1,1,1,0.9848946
le2i-blazepose,le2i-blazepose::Home_01_video_30,data/keypoints_le2i_blazepose/Home_01_video_30.npz,121,145,1,1,0,0.21071689
le2i-blazepose,le2i-blazepose::Home_01_video_30,data/keypoints_le2i_blazepose/Home_01_video_30.npz,126,150,1,1,0,0.009308816
le2i-blazepose,le2i-blazepose::Home_01_video_30,data/keypoints_le2i_blazepose/Home_01_video_30.npz,131,155,1,1,0,0.015684865
le2i-blazepose,le2i-blazepose::Home_01_video_30,data/keypoints_le2i_blazepose/Home_01_video_30.npz,136,160,0,0,0,0.0028849712
le2i-blazepose,le2i-blazepose::Home_02_video_37,data/keypoints_le2i_blazepose/Home_02_video_37.npz,1,25,0,0,0,9.011576e-05
le2i-blazepose,le2i-blazepose::Home_02_video_37,data/keypoints_le2i_blazepose/Home_02_video_37.npz,6,30,0,0,0,0.0010256612
le2i-blazepose,le2i-blazepose::Home_02_video_37,data/keypoints_le2i_blazepose/Home_02_video_37.npz,11,35,0,0,0,0.0012011818
le2i-blazepose,le2i-blazepose::Home_02_video_37,data/keypoints_le2i_blazepose/Home_02_video_37.npz,16,40,0,0,0,0.0012464653
le2i-blazepose,le2i-blazepose::Home_02_video_37,data/keypoints_le2i_blazepose/Home_02_video_37.npz,21,45,0,0,0,0.0010890015
le2i-blazepose,le2i-blazepose::Home_02_video_37,data/keypoints_le2i_blazepose/Home_02_video_37.npz,26,50,0,0,0,0.0014494618
le2i-blazepose,le2i-blazepose::Home_02_video_37,data/keypoints_le2i_blazepose/Home_02_video_37.npz,31,55,0,0,0,0.0009761811
le2i-blazepose,le2i-blazepose::Home_02_video_37,data/keypoints_le2i_blazepose/Home_02_video_37.npz,36,60,0,0,0,0.00026413912
le2i-blazepose,le2i-blazepose::Home_02_video_37,data/keypoints_le2i_blazepose/Home_02_video_37.npz,41,65,0,0,0,0.00025973588
le2i-blazepose,le2i-blazepose::Home_02_video_37,data/keypoints_le2i_blazepose/Home_02_video_37.npz,46,70,0,0,0,0.00024948074
le2i-blazepose,le2i-blazepose::Home_02_video_37,data/keypoints_le2i_blazepose/Home_02_video_37.npz,51,75,0,0,0,0.00037395547
le2i-blazepose,le2i-blazepose::Home_02_video_37,data/keypoints_le2i_blazepose/Home_02_video_37.npz,56,80,0,0,0,0.0004511904
le2i-blazepose,le2i-blazepose::Home_02_video_37,data/keypoints_le2i_blazepose/Home_02_video_37.npz,61,85,0,0,0,0.0009289166
le2i-blazepose,le2i-blazepose::Home_02_video_37,data/keypoints_le2i_blazepose/Home_02_video_37.npz,66,90,0,0,0,0.00066827796
le2i-blazepose,le2i-blazepose::Home_02_video_37,data/keypoints_le2i_blazepose/Home_02_video_37.npz,71,95,0,0,0,0.0009792332
le2i-blazepose,le2i-blazepose::Home_02_video_37,data/keypoints_le2i_blazepose/Home_02_video_37.npz,76,100,0,0,0,0.0011060507
le2i-blazepose,le2i-blazepose::Home_02_video_37,data/keypoints_le2i_blazepose/Home_02_video_37.npz,81,105,0,0,0,0.005286429
le2i-blazepose,le2i-blazepose::Home_02_video_37,data/keypoints_le2i_blazepose/Home_02_video_37.npz,86,110,0,0,0,0.011624241
le2i-blazepose,le2i-blazepose::Home_02_video_37,data/keypoints_le2i_blazepose/Home_02_video_37.npz,91,115,0,0,0,0.013289223
le2i-blazepose,le2i-blazepose::Home_02_video_37,data/keypoints_le2i_blazepose/Home_02_video_37.npz,96,120,0,0,0,0.051360212
le2i-blazepose,le2i-blazepose::Home_02_video_37,data/keypoints_le2i_blazepose/Home_02_video_37.npz,101,125,0,0,0,0.4154955
le2i-blazepose,le2i-blazepose::Home_02_video_37,data/keypoints_le2i_blazepose/Home_02_video_37.npz,106,130,0,0,1,0.98541415
le2i-blazepose,le2i-blazepose::Home_02_video_37,data/keypoints_le2i_blazepose/Home_02_video_37.npz,111,135,0,0,1,0.9967694
le2i-blazepose,le2i-blazepose::Home_02_video_37,data/keypoints_le2i_blazepose/Home_02_video_37.npz,116,140,1,1,1,0.99789584
le2i-blazepose,le2i-blazepose::Home_02_video_37,data/keypoints_le2i_blazepose/Home_02_video_37.npz,121,145,1,1,1,0.9893589
le2i-blazepose,le2i-blazepose::Home_02_video_37,data/keypoints_le2i_blazepose/Home_02_video_37.npz,126,150,1,1,1,0.99726725
le2i-blazepose,le2i-blazepose::Home_02_video_37,data/keypoints_le2i_blazepose/Home_02_video_37.npz,131,155,1,1,1,0.9237379
le2i-blazepose,le2i-blazepose::Home_02_video_37,data/keypoints_le2i_blazepose/Home_02_video_37.npz,136,160,1,1,1,0.73380756
le2i-blazepose,le2i-blazepose::Home_02_video_37,data/keypoints_le2i_blazepose/Home_02_video_37.npz,141,165,0,0,0,0.65202576
le2i-blazepose,le2i-blazepose::Home_02_video_37,data/keypoints_le2i_blazepose/Home_02_video_37.npz,146,170,0,0,0,0.45479107
le2i-blazepose,le2i-blazepose::Home_02_video_37,data/keypoints_le2i_blazepose/Home_02_video_37.npz,151,175,0,0,0,0.42537597
le2i-blazepose,le2i-blazepose::Home_02_video_37,data/keypoints_le2i_blazepose/Home_02_video_37.npz,156,180,0,0,0,0.32982177
le2i-blazepose,le2i-blazepose::Home_02_video_37,data/keypoints_le2i_blazepose/Home_02_video_37.npz,161,185,0,0,0,0.34697622
le2i-blazepose,le2i-blazepose::Home_02_video_37,data/keypoints_le2i_blazepose/Home_02_video_37.npz,166,190,0,0,0,0.32352766
le2i-blazepose,le2i-blazepose::Home_02_video_37,data/keypoints_le2i_blazepose/Home_02_video_37.npz,171,195,0,0,0,0.39211458
le2i-blazepose,le2i-blazepose::Home_02_video_37,data/keypoints_le2i_blazepose/Home_02_video_37.npz,176,200,0,0,0,0.43113375
le2i-blazepose,le2i-blazepose::Home_02_video_37,data/keypoints_le2i_blazepose/Home_02_video_37.npz,181,205,0,0,0,0.3974982
le2i-blazepose,le2i-blazepose::Home_02_video_37,data/keypoints_le2i_blazepose/Home_02_video_37.npz,186,210,0,0,0,0.3156888
le2i-blazepose,le2i-blazepose::Home_02_video_37,data/keypoints_le2i_blazepose/Home_02_video_37.npz,191,215,0,0,0,0.36130637
le2i-blazepose,le2i-blazepose::Home_02_video_37,data/keypoints_le2i_blazepose/Home_02_video_37.npz,196,220,0,0,0,0.32918674
le2i-blazepose,le2i-blazepose::Home_02_video_37,data/keypoints_le2i_blazepose/Home_02_video_37.npz,201,225,0,0,0,0.34091726
le2i-blazepose,le2i-blazepose::Home_02_video_37,data/keypoints_le2i_blazepose/Home_02_video_37.npz,206,230,0,0,0,0.34125027
le2i-blazepose,le2i-blazepose::Home_02_video_37,data/keypoints_le2i_blazepose/Home_02_video_37.npz,211,235,0,0,0,0.31447864
le2i-blazepose,le2i-blazepose::Home_02_video_37,data/keypoints_le2i_blazepose/Home_02_video_37.npz,216,240,0,0,0,0.32640496
le2i-blazepose,le2i-blazepose::Home_02_video_39,data/keypoints_le2i_blazepose/Home_02_video_39.npz,1,25,0,0,0,0.0022430792
le2i-blazepose,le2i-blazepose::Home_02_video_39,data/keypoints_le2i_blazepose/Home_02_video_39.npz,6,30,0,0,0,0.00077422813
le2i-blazepose,le2i-blazepose::Home_02_video_39,data/keypoints_le2i_blazepose/Home_02_video_39.npz,11,35,0,0,0,0.00092465425
le2i-blazepose,le2i-blazepose::Home_02_video_39,data/keypoints_le2i_blazepose/Home_02_video_39.npz,16,40,0,0,0,0.0010471905
le2i-blazepose,le2i-blazepose::Home_02_video_39,data/keypoints_le2i_blazepose/Home_02_video_39.npz,21,45,0,0,0,0.0020876783
le2i-blazepose,le2i-blazepose::Home_02_video_39,data/keypoints_le2i_blazepose/Home_02_video_39.npz,26,50,0,0,0,0.0035404707
le2i-blazepose,le2i-blazepose::Home_02_video_39,data/keypoints_le2i_blazepose/Home_02_video_39.npz,31,55,0,0,0,0.008016448
le2i-blazepose,le2i-blazepose::Home_02_video_39,data/keypoints_le2i_blazepose/Home_02_video_39.npz,36,60,0,0,0,0.005093809
le2i-blazepose,le2i-blazepose::Home_02_video_39,data/keypoints_le2i_blazepose/Home_02_video_39.npz,41,65,0,0,0,0.001547223
le2i-blazepose,le2i-blazepose::Home_02_video_39,data/keypoints_le2i_blazepose/Home_02_video_39.npz,46,70,0,0,0,0.0014407048
le2i-blazepose,le2i-blazepose::Home_02_video_39,data/keypoints_le2i_blazepose/Home_02_video_39.npz,51,75,0,0,0,0.00095991103
le2i-blazepose,le2i-blazepose::Home_02_video_39,data/keypoints_le2i_blazepose/Home_02_video_39.npz,56,80,0,0,0,0.0010159158
le2i-blazepose,le2i-blazepose::Home_02_video_39,data/keypoints_le2i_blazepose/Home_02_video_39.npz,61,85,0,0,0,0.001249544
le2i-blazepose,le2i-blazepose::Home_02_video_39,data/keypoints_le2i_blazepose/Home_02_video_39.npz,66,90,0,0,0,0.0019953505
le2i-blazepose,le2i-blazepose::Home_02_video_39,data/keypoints_le2i_blazepose/Home_02_video_39.npz,71,95,0,0,0,0.0017956636
le2i-blazepose,le2i-blazepose::Home_02_video_39,data/keypoints_le2i_blazepose/Home_02_video_39.npz,76,100,0,0,0,0.0017789825
le2i-blazepose,le2i-blazepose::Home_02_video_39,data/keypoints_le2i_blazepose/Home_02_video_39.npz,81,105,0,0,0,0.0018068848
le2i-blazepose,le2i-blazepose::Home_02_video_39,data/keypoints_le2i_blazepose/Home_02_video_39.npz,86,110,0,0,0,0.0018575222
le2i-blazepose,le2i-blazepose::Home_02_video_39,data/keypoints_le2i_blazepose/Home_02_video_39.npz,136,160,0,0,0,0.0010651614
le2i-blazepose,le2i-blazepose::Home_02_video_39,data/keypoints_le2i_blazepose/Home_02_video_39.npz,141,165,0,0,0,0.0010181124
le2i-blazepose,le2i-blazepose::Home_02_video_39,data/keypoints_le2i_blazepose/Home_02_video_39.npz,146,170,0,0,0,0.001011495
le2i-blazepose,le2i-blazepose::Home_02_video_39,data/keypoints_le2i_blazepose/Home_02_video_39.npz,151,175,0,0,0,0.0024340847
le2i-blazepose,le2i-blazepose::Home_02_video_39,data/keypoints_le2i_blazepose/Home_02_video_39.npz,156,180,0,0,0,0.0027466216
le2i-blazepose,le2i-blazepose::Home_02_video_39,data/keypoints_le2i_blazepose/Home_02_video_39.npz,161,185,0,0,0,0.0029807806
le2i-blazepose,le2i-blazepose::Home_02_video_39,data/keypoints_le2i_blazepose/Home_02_video_39.npz,166,190,0,0,0,0.0030630908
le2i-blazepose,le2i-blazepose::Home_02_video_46,data/keypoints_le2i_blazepose/Home_02_video_46.npz,1,25,0,0,0,0.00086914963
le2i-blazepose,le2i-blazepose::Home_02_video_46,data/keypoints_le2i_blazepose/Home_02_video_46.npz,6,30,0,0,0,0.0008846194
le2i-blazepose,le2i-blazepose::Home_02_video_46,data/keypoints_le2i_blazepose/Home_02_video_46.npz,11,35,0,0,0,0.00086005364
le2i-blazepose,le2i-blazepose::Home_02_video_46,data/keypoints_le2i_blazepose/Home_02_video_46.npz,16,40,0,0,0,0.0008256005
le2i-blazepose,le2i-blazepose::Home_02_video_46,data/keypoints_le2i_blazepose/Home_02_video_46.npz,21,45,0,0,0,0.00081819633
le2i-blazepose,le2i-blazepose::Home_02_video_46,data/keypoints_le2i_blazepose/Home_02_video_46.npz,26,50,0,0,0,0.0008180779
le2i-blazepose,le2i-blazepose::Home_02_video_46,data/keypoints_le2i_blazepose/Home_02_video_46.npz,31,55,0,0,0,0.0015606233
le2i-blazepose,le2i-blazepose::Home_02_video_46,data/keypoints_le2i_blazepose/Home_02_video_46.npz,36,60,0,0,0,0.001082774
le2i-blazepose,le2i-blazepose::Home_02_video_46,data/keypoints_le2i_blazepose/Home_02_video_46.npz,41,65,0,0,0,0.000738405
le2i-blazepose,le2i-blazepose::Home_02_video_46,data/keypoints_le2i_blazepose/Home_02_video_46.npz,46,70,0,0,0,0.00054477534
le2i-blazepose,le2i-blazepose::Home_02_video_46,data/keypoints_le2i_blazepose/Home_02_video_46.npz,51,75,0,0,0,0.000550118
le2i-blazepose,le2i-blazepose::Home_02_video_46,data/keypoints_le2i_blazepose/Home_02_video_46.npz,56,80,0,0,0,0.0003082937
le2i-blazepose,le2i-blazepose::Home_02_video_46,data/keypoints_le2i_blazepose/Home_02_video_46.npz,61,85,0,0,0,0.000103888575
le2i-blazepose,le2i-blazepose::Home_02_video_46,data/keypoints_le2i_blazepose/Home_02_video_46.npz,66,90,0,0,0,8.86457e-05
le2i-blazepose,le2i-blazepose::Home_02_video_46,data/keypoints_le2i_blazepose/Home_02_video_46.npz,71,95,0,0,0,0.0005599973
le2i-blazepose,le2i-blazepose::Home_02_video_46,data/keypoints_le2i_blazepose/Home_02_video_46.npz,76,100,0,0,0,0.0020107487
le2i-blazepose,le2i-blazepose::Home_02_video_46,data/keypoints_le2i_blazepose/Home_02_video_46.npz,81,105,0,0,0,0.0023728714
le2i-blazepose,le2i-blazepose::Home_02_video_46,data/keypoints_le2i_blazepose/Home_02_video_46.npz,86,110,0,0,0,0.0017545894
le2i-blazepose,le2i-blazepose::Home_02_video_46,data/keypoints_le2i_blazepose/Home_02_video_46.npz,91,115,0,0,0,0.0015192097
le2i-blazepose,le2i-blazepose::Home_02_video_46,data/keypoints_le2i_blazepose/Home_02_video_46.npz,96,120,0,0,0,0.0015876332
le2i-blazepose,le2i-blazepose::Home_02_video_46,data/keypoints_le2i_blazepose/Home_02_video_46.npz,101,125,0,0,0,0.0017666133
le2i-blazepose,le2i-blazepose::Home_02_video_46,data/keypoints_le2i_blazepose/Home_02_video_46.npz,106,130,0,0,0,0.0016336893
le2i-blazepose,le2i-blazepose::Home_02_video_46,data/keypoints_le2i_blazepose/Home_02_video_46.npz,111,135,0,0,0,0.0017339372
le2i-blazepose,le2i-blazepose::Home_02_video_46,data/keypoints_le2i_blazepose/Home_02_video_46.npz,116,140,0,0,0,0.001939447
le2i-blazepose,le2i-blazepose::Home_02_video_46,data/keypoints_le2i_blazepose/Home_02_video_46.npz,121,145,0,0,0,0.0016178094
le2i-blazepose,le2i-blazepose::Home_02_video_46,data/keypoints_le2i_blazepose/Home_02_video_46.npz,126,150,0,0,0,0.0008706594
le2i-blazepose,le2i-blazepose::Home_02_video_46,data/keypoints_le2i_blazepose/Home_02_video_46.npz,131,155,0,0,0,0.0007971503
le2i-blazepose,le2i-blazepose::Home_02_video_46,data/keypoints_le2i_blazepose/Home_02_video_46.npz,136,160,0,0,0,0.0007931723
le2i-blazepose,le2i-blazepose::Home_02_video_46,data/keypoints_le2i_blazepose/Home_02_video_46.npz,141,165,0,0,0,0.000815225
le2i-blazepose,le2i-blazepose::Home_02_video_46,data/keypoints_le2i_blazepose/Home_02_video_46.npz,146,170,0,0,0,0.0008296145
le2i-blazepose,le2i-blazepose::Home_02_video_49,data/keypoints_le2i_blazepose/Home_02_video_49.npz,151,175,0,0,0,0.000716328
le2i-blazepose,le2i-blazepose::Home_02_video_49,data/keypoints_le2i_blazepose/Home_02_video_49.npz,156,180,0,0,0,0.00059725484
le2i-blazepose,le2i-blazepose::Home_02_video_49,data/keypoints_le2i_blazepose/Home_02_video_49.npz,161,185,0,0,0,0.00045614524
le2i-blazepose,le2i-blazepose::Home_02_video_49,data/keypoints_le2i_blazepose/Home_02_video_49.npz,166,190,0,0,0,0.00046131224
le2i-blazepose,le2i-blazepose::Home_02_video_49,data/keypoints_le2i_blazepose/Home_02_video_49.npz,171,195,0,0,0,0.000521001
le2i-blazepose,le2i-blazepose::Home_02_video_49,data/keypoints_le2i_blazepose/Home_02_video_49.npz,176,200,0,0,0,0.00048081487
le2i-blazepose,le2i-blazepose::Home_02_video_49,data/keypoints_le2i_blazepose/Home_02_video_49.npz,181,205,0,0,0,0.00042023874
le2i-blazepose,le2i-blazepose::Home_02_video_49,data/keypoints_le2i_blazepose/Home_02_video_49.npz,186,210,0,0,0,0.00038224398
le2i-blazepose,le2i-blazepose::Home_02_video_49,data/keypoints_le2i_blazepose/Home_02_video_49.npz,191,215,0,0,0,0.00026856555
le2i-blazepose,le2i-blazepose::Home_02_video_49,data/keypoints_le2i_blazepose/Home_02_video_49.npz,196,220,0,0,0,0.00033794268
le2i-blazepose,le2i-blazepose::Home_02_video_49,data/keypoints_le2i_blazepose/Home_02_video_49.npz,201,225,0,0,0,0.0006017723
le2i-blazepose,le2i-blazepose::Home_02_video_49,data/keypoints_le2i_blazepose/Home_02_video_49.npz,206,230,0,0,0,0.00091623643
le2i-blazepose,le2i-blazepose::Home_02_video_49,data/keypoints_le2i_blazepose/Home_02_video_49.npz,211,235,0,0,0,0.0010430401
le2i-blazepose,le2i-blazepose::Home_02_video_49,data/keypoints_le2i_blazepose/Home_02_video_49.npz,216,240,0,0,0,0.0010253619
le2i-blazepose,le2i-blazepose::Home_02_video_49,data/keypoints_le2i_blazepose/Home_02_video_49.npz,221,245,0,0,0,0.0012573969
le2i-blazepose,le2i-blazepose::Home_02_video_49,data/keypoints_le2i_blazepose/Home_02_video_49.npz,226,250,0,0,0,0.0017782459
le2i-blazepose,le2i-blazepose::Home_02_video_49,data/keypoints_le2i_blazepose/Home_02_video_49.npz,231,255,0,0,0,0.001855421
le2i-blazepose,le2i-blazepose::Home_02_video_49,data/keypoints_le2i_blazepose/Home_02_video_49.npz,236,260,0,0,0,0.0018731065
le2i-blazepose,le2i-blazepose::Home_02_video_49,data/keypoints_le2i_blazepose/Home_02_video_49.npz,241,265,0,0,0,0.0018623637
le2i-blazepose,le2i-blazepose::Home_02_video_49,data/keypoints_le2i_blazepose/Home_02_video_49.npz,246,270,0,0,0,0.0008573589
le2i-blazepose,le2i-blazepose::Home_02_video_49,data/keypoints_le2i_blazepose/Home_02_video_49.npz,276,300,0,0,0,0.00083818025
le2i-blazepose,le2i-blazepose::Home_02_video_49,data/keypoints_le2i_blazepose/Home_02_video_49.npz,281,305,0,0,0,0.0008296604
le2i-blazepose,le2i-blazepose::Home_02_video_49,data/keypoints_le2i_blazepose/Home_02_video_49.npz,286,310,0,0,0,0.00082082883
le2i-blazepose,le2i-blazepose::Home_02_video_54,data/keypoints_le2i_blazepose/Home_02_video_54.npz,1,25,0,0,0,0.00019895632
le2i-blazepose,le2i-blazepose::Home_02_video_54,data/keypoints_le2i_blazepose/Home_02_video_54.npz,6,30,0,0,0,0.000197768
le2i-blazepose,le2i-blazepose::Home_02_video_54,data/keypoints_le2i_blazepose/Home_02_video_54.npz,11,35,0,0,0,0.00019911533
le2i-blazepose,le2i-blazepose::Home_02_video_54,data/keypoints_le2i_blazepose/Home_02_video_54.npz,16,40,0,0,0,0.0002011917
le2i-blazepose,le2i-blazepose::Home_02_video_54,data/keypoints_le2i_blazepose/Home_02_video_54.npz,21,45,0,0,0,6.221106e-05
le2i-blazepose,le2i-blazepose::Home_02_video_54,data/keypoints_le2i_blazepose/Home_02_video_54.npz,26,50,0,0,0,5.9522747e-05
le2i-blazepose,le2i-blazepose::Home_02_video_54,data/keypoints_le2i_blazepose/Home_02_video_54.npz,31,55,0,0,0,5.5494216e-05
le2i-blazepose,le2i-blazepose::Home_02_video_54,data/keypoints_le2i_blazepose/Home_02_video_54.npz,36,60,0,0,0,0.0003720541
le2i-blazepose,le2i-blazepose::Home_02_video_54,data/keypoints_le2i_blazepose/Home_02_video_54.npz,41,65,0,0,0,0.00037767107
le2i-blazepose,le2i-blazepose::Home_02_video_54,data/keypoints_le2i_blazepose/Home_02_video_54.npz,46,70,0,0,0,0.0002712293
le2i-blazepose,le2i-blazepose::Home_02_video_54,data/keypoints_le2i_blazepose/Home_02_video_54.npz,51,75,0,0,0,0.00041590593
le2i-blazepose,le2i-blazepose::Home_02_video_54,data/keypoints_le2i_blazepose/Home_02_video_54.npz,56,80,0,0,0,0.0003619118
le2i-blazepose,le2i-blazepose::Home_02_video_54,data/keypoints_le2i_blazepose/Home_02_video_54.npz,61,85,0,0,0,0.0021821223
le2i-blazepose,le2i-blazepose::Home_02_video_54,data/keypoints_le2i_blazepose/Home_02_video_54.npz,66,90,0,0,0,0.013342293
le2i-blazepose,le2i-blazepose::Home_02_video_54,data/keypoints_le2i_blazepose/Home_02_video_54.npz,71,95,0,0,0,0.0137064215
le2i-blazepose,le2i-blazepose::Home_02_video_54,data/keypoints_le2i_blazepose/Home_02_video_54.npz,76,100,0,0,0,0.0068452554
le2i-blazepose,le2i-blazepose::Home_02_video_54,data/keypoints_le2i_blazepose/Home_02_video_54.npz,81,105,0,0,0,0.0031140894
le2i-blazepose,le2i-blazepose::Home_02_video_54,data/keypoints_le2i_blazepose/Home_02_video_54.npz,86,110,0,0,0,0.0021311815
le2i-blazepose,le2i-blazepose::Home_02_video_54,data/keypoints_le2i_blazepose/Home_02_video_54.npz,91,115,0,0,0,0.0026209
le2i-blazepose,le2i-blazepose::Home_02_video_54,data/keypoints_le2i_blazepose/Home_02_video_54.npz,96,120,0,0,0,0.0024303787
le2i-blazepose,le2i-blazepose::Home_02_video_54,data/keypoints_le2i_blazepose/Home_02_video_54.npz,101,125,0,0,0,0.0020344248
le2i-blazepose,le2i-blazepose::Home_02_video_54,data/keypoints_le2i_blazepose/Home_02_video_54.npz,106,130,0,0,0,0.0015892833
le2i-blazepose,le2i-blazepose::Home_02_video_54,data/keypoints_le2i_blazepose/Home_02_video_54.npz,111,135,0,0,0,0.0014202569
le2i-blazepose,le2i-blazepose::Home_02_video_54,data/keypoints_le2i_blazepose/Home_02_video_54.npz,116,140,0,0,0,0.0014188266
le2i-blazepose,le2i-blazepose::Home_02_video_54,data/keypoints_le2i_blazepose/Home_02_video_54.npz,121,145,0,0,0,0.0014829647
le2i-blazepose,le2i-blazepose::Home_02_video_54,data/keypoints_le2i_blazepose/Home_02_video_54.npz,126,150,0,0,0,0.001518438
le2i-blazepose,le2i-blazepose::Home_02_video_54,data/keypoints_le2i_blazepose/Home_02_video_54.npz,136,160,0,0,0,0.0017919682
le2i-blazepose,le2i-blazepose::Home_02_video_54,data/keypoints_le2i_blazepose/Home_02_video_54.npz,141,165,0,0,0,0.00087794
le2i-blazepose,le2i-blazepose::Home_02_video_54,data/keypoints_le2i_blazepose/Home_02_video_54.npz,146,170,0,0,0,0.00080416416
le2i-blazepose,le2i-blazepose::Home_02_video_54,data/keypoints_le2i_blazepose/Home_02_video_54.npz,151,175,0,0,0,0.0010289615
le2i-blazepose,le2i-blazepose::Home_02_video_54,data/keypoints_le2i_blazepose/Home_02_video_54.npz,156,180,0,0,0,0.0022166248
le2i-blazepose,le2i-blazepose::Home_02_video_54,data/keypoints_le2i_blazepose/Home_02_video_54.npz,161,185,0,0,0,0.0030537464
le2i-blazepose,le2i-blazepose::Home_02_video_54,data/keypoints_le2i_blazepose/Home_02_video_54.npz,166,190,0,0,0,0.0031230103
ur-blazepose,ur-blazepose::adl-01-cam0-rgb,data/keypoints_ur_blazepose/adl/adl-01-cam0-rgb.npz,1,30,0,0,0,0.0037922035
ur-blazepose,ur-blazepose::adl-01-cam0-rgb,data/keypoints_ur_blazepose/adl/adl-01-cam0-rgb.npz,7,36,0,0,0,0.0041528526
ur-blazepose,ur-blazepose::adl-01-cam0-rgb,data/keypoints_ur_blazepose/adl/adl-01-cam0-rgb.npz,13,42,0,0,0,0.0036748825
ur-blazepose,ur-blazepose::adl-01-cam0-rgb,data/keypoints_ur_blazepose/adl/adl-01-cam0-rgb.npz,19,48,0,0,0,0.0026983425
ur-blazepose,ur-blazepose::adl-01-cam0-rgb,data/keypoints_ur_blazepose/adl/adl-01-cam0-rgb.npz,25,54,0,0,0,0.0020489409
ur-blazepose,ur-blazepose::adl-01-cam0-rgb,data/keypoints_ur_blazepose/adl/adl-01-cam0-rgb.npz,31,60,0,0,0,0.0020883218
ur-blazepose,ur-blazepose::adl-01-cam0-rgb,data/keypoints_ur_blazepose/adl/adl-01-cam0-rgb.npz,37,66,0,0,0,0.0046812985
ur-blazepose,ur-blazepose::adl-01-cam0-rgb,data/keypoints_ur_blazepose/adl/adl-01-cam0-rgb.npz,43,72,0,0,0,0.008534307
ur-blazepose,ur-blazepose::adl-01-cam0-rgb,data/keypoints_ur_blazepose/adl/adl-01-cam0-rgb.npz,49,78,0,0,0,0.013159249
ur-blazepose,ur-blazepose::adl-01-cam0-rgb,data/keypoints_ur_blazepose/adl/adl-01-cam0-rgb.npz,55,84,0,0,0,0.03193314
ur-blazepose,ur-blazepose::adl-01-cam0-rgb,data/keypoints_ur_blazepose/adl/adl-01-cam0-rgb.npz,61,90,0,0,0,0.023721121
ur-blazepose,ur-blazepose::adl-01-cam0-rgb,data/keypoints_ur_blazepose/adl/adl-01-cam0-rgb.npz,67,96,0,0,0,0.08651947
ur-blazepose,ur-blazepose::adl-01-cam0-rgb,data/keypoints_ur_blazepose/adl/adl-01-cam0-rgb.npz,73,102,0,0,0,0.2021383
ur-blazepose,ur-blazepose::adl-01-cam0-rgb,data/keypoints_ur_blazepose/adl/adl-01-cam0-rgb.npz,79,108,0,0,0,0.36733645
ur-blazepose,ur-blazepose::adl-01-cam0-rgb,data/keypoints_ur_blazepose/adl/adl-01-cam0-rgb.npz,85,114,0,0,0,0.024768693
ur-blazepose,ur-blazepose::adl-01-cam0-rgb,data/keypoints_ur_blazepose/adl/adl-01-cam0-rgb.npz,91,120,0,0,0,0.4087898
ur-blazepose,ur-blazepose::adl-01-cam0-rgb,data/keypoints_ur_blazepose/adl/adl-01-cam0-rgb.npz,97,126,0,0,1,0.75513995
ur-blazepose,ur-blazepose::adl-01-cam0-rgb,data/keypoints_ur_blazepose/adl/adl-01-cam0-rgb.npz,103,132,0,0,1,0.8765261
ur-blazepose,ur-blazepose::adl-01-cam0-rgb,data/keypoints_ur_blazepose/adl/adl-01-cam0-rgb.npz,109,138,0,0,1,0.90014684
ur-blazepose,ur-blazepose::adl-01-cam0-rgb,data/keypoints_ur_blazepose/adl/adl-01-cam0-rgb.npz,115,144,0,0,1,0.8638431
ur-blazepose,ur-blazepose::adl-01-cam0-rgb,data/keypoints_ur_blazepose/adl/adl-01-cam0-rgb.npz,121,150,0,0,0,0.0066724597
ur-blazepose,ur-blazepose::adl-03-cam0-rgb,data/keypoints_ur_blazepose/adl/adl-03-cam0-rgb.npz,1,30,0,0,0,0.004181585
ur-blazepose,ur-blazepose::adl-03-cam0-rgb,data/keypoints_ur_blazepose/adl/adl-03-cam0-rgb.npz,7,36,0,0,0,0.0033871394
ur-blazepose,ur-blazepose::adl-03-cam0-rgb,data/keypoints_ur_blazepose/adl/adl-03-cam0-rgb.npz,13,42,0,0,0,0.0016308407
ur-blazepose,ur-blazepose::adl-03-cam0-rgb,data/keypoints_ur_blazepose/adl/adl-03-cam0-rgb.npz,19,48,0,0,0,0.004244728
ur-blazepose,ur-blazepose::adl-03-cam0-rgb,data/keypoints_ur_blazepose/adl/adl-03-cam0-rgb.npz,25,54,0,0,0,0.010895229
ur-blazepose,ur-blazepose::adl-03-cam0-rgb,data/keypoints_ur_blazepose/adl/adl-03-cam0-rgb.npz,31,60,0,0,0,0.021530591
ur-blazepose,ur-blazepose::adl-03-cam0-rgb,data/keypoints_ur_blazepose/adl/adl-03-cam0-rgb.npz,37,66,0,0,0,0.044856075
ur-blazepose,ur-blazepose::adl-03-cam0-rgb,data/keypoints_ur_blazepose/adl/adl-03-cam0-rgb.npz,43,72,0,0,0,0.07845349
ur-blazepose,ur-blazepose::adl-03-cam0-rgb,data/keypoints_ur_blazepose/adl/adl-03-cam0-rgb.npz,49,78,0,0,0,0.06457048
ur-blazepose,ur-blazepose::adl-03-cam0-rgb,data/keypoints_ur_blazepose/adl/adl-03-cam0-rgb.npz,55,84,0,0,0,0.058367338
ur-blazepose,ur-blazepose::adl-03-cam0-rgb,data/keypoints_ur_blazepose/adl/adl-03-cam0-rgb.npz,61,90,0,0,0,0.062282063
ur-blazepose,ur-blazepose::adl-03-cam0-rgb,data/keypoints_ur_blazepose/adl/adl-03-cam0-rgb.npz,67,96,0,0,0,0.060219042
ur-blazepose,ur-blazepose::adl-03-cam0-rgb,data/keypoints_ur_blazepose/adl/adl-03-cam0-rgb.npz,73,102,0,0,0,0.0023084548
ur-blazepose,ur-blazepose::adl-03-cam0-rgb,data/keypoints_ur_blazepose/adl/adl-03-cam0-rgb.npz,79,108,0,0,0,0.002151538
ur-blazepose,ur-blazepose::adl-03-cam0-rgb,data/keypoints_ur_blazepose/adl/adl-03-cam0-rgb.npz,85,114,0,0,0,0.0022400399
ur-blazepose,ur-blazepose::adl-03-cam0-rgb,data/keypoints_ur_blazepose/adl/adl-03-cam0-rgb.npz,91,120,0,0,0,0.0022624356
ur-blazepose,ur-blazepose::adl-03-cam0-rgb,data/keypoints_ur_blazepose/adl/adl-03-cam0-rgb.npz,97,126,0,0,0,0.0020978625
ur-blazepose,ur-blazepose::adl-03-cam0-rgb,data/keypoints_ur_blazepose/adl/adl-03-cam0-rgb.npz,103,132,0,0,0,0.0019356183
ur-blazepose,ur-blazepose::adl-03-cam0-rgb,data/keypoints_ur_blazepose/adl/adl-03-cam0-rgb.npz,109,138,0,0,0,0.0012124302
ur-blazepose,ur-blazepose::adl-03-cam0-rgb,data/keypoints_ur_blazepose/adl/adl-03-cam0-rgb.npz,115,144,0,0,0,0.001261655
ur-blazepose,ur-blazepose::adl-03-cam0-rgb,data/keypoints_ur_blazepose/adl/adl-03-cam0-rgb.npz,121,150,0,0,0,0.0014725568
ur-blazepose,ur-blazepose::adl-03-cam0-rgb,data/keypoints_ur_blazepose/adl/adl-03-cam0-rgb.npz,127,156,0,0,0,0.0013286581
ur-blazepose,ur-blazepose::adl-03-cam0-rgb,data/keypoints_ur_blazepose/adl/adl-03-cam0-rgb.npz,133,162,0,0,0,0.0014597205
ur-blazepose,ur-blazepose::adl-03-cam0-rgb,data/keypoints_ur_blazepose/adl/adl-03-cam0-rgb.npz,139,168,0,0,0,0.0013861001
ur-blazepose,ur-blazepose::adl-03-cam0-rgb,data/keypoints_ur_blazepose/adl/adl-03-cam0-rgb.npz,145,174,0,0,0,0.001002661
ur-blazepose,ur-blazepose::adl-03-cam0-rgb,data/keypoints_ur_blazepose/adl/adl-03-cam0-rgb.npz,151,180,0,0,0,0.00069915596
ur-blazepose,ur-blazepose::adl-10-cam0-rgb,data/keypoints_ur_blazepose/adl/adl-10-cam0-rgb.npz,1,30,0,0,0,0.004359887
ur-blazepose,ur-blazepose::adl-10-cam0-rgb,data/keypoints_ur_blazepose/adl/adl-10-cam0-rgb.npz,7,36,0,0,0,0.0041288813
ur-blazepose,ur-blazepose::adl-10-cam0-rgb,data/keypoints_ur_blazepose/adl/adl-10-cam0-rgb.npz,13,42,0,0,0,0.0026324263
ur-blazepose,ur-blazepose::adl-10-cam0-rgb,data/keypoints_ur_blazepose/adl/adl-10-cam0-rgb.npz,19,48,0,0,0,0.0016853501
ur-blazepose,ur-blazepose::adl-10-cam0-rgb,data/keypoints_ur_blazepose/adl/adl-10-cam0-rgb.npz,25,54,0,0,0,0.0025095185
ur-blazepose,ur-blazepose::adl-10-cam0-rgb,data/keypoints_ur_blazepose/adl/adl-10-cam0-rgb.npz,31,60,0,0,0,0.0039501768
ur-blazepose,ur-blazepose::adl-10-cam0-rgb,data/keypoints_ur_blazepose/adl/adl-10-cam0-rgb.npz,37,66,0,0,0,0.0049227634
ur-blazepose,ur-blazepose::adl-10-cam0-rgb,data/keypoints_ur_blazepose/adl/adl-10-cam0-rgb.npz,43,72,0,0,0,0.0037201704
ur-blazepose,ur-blazepose::adl-10-cam0-rgb,data/keypoints_ur_blazepose/adl/adl-10-cam0-rgb.npz,49,78,0,0,0,0.0030575509
ur-blazepose,ur-blazepose::adl-10-cam0-rgb,data/keypoints_ur_blazepose/adl/adl-10-cam0-rgb.npz,55,84,0,0,0,0.0037375696
ur-blazepose,ur-blazepose::adl-10-cam0-rgb,data/keypoints_ur_blazepose/adl/adl-10-cam0-rgb.npz,61,90,0,0,0,0.0035871952
ur-blazepose,ur-blazepose::adl-10-cam0-rgb,data/keypoints_ur_blazepose/adl/adl-10-cam0-rgb.npz,67,96,0,0,0,0.0032778473
ur-blazepose,ur-blazepose::adl-10-cam0-rgb,data/keypoints_ur_blazepose/adl/adl-10-cam0-rgb.npz,73,102,0,0,0,0.0030787531
ur-blazepose,ur-blazepose::adl-10-cam0-rgb,data/keypoints_ur_blazepose/adl/adl-10-cam0-rgb.npz,79,108,0,0,0,0.0023972634
ur-blazepose,ur-blazepose::adl-10-cam0-rgb,data/keypoints_ur_blazepose/adl/adl-10-cam0-rgb.npz,85,114,0,0,0,0.0023850072
ur-blazepose,ur-blazepose::adl-10-cam0-rgb,data/keypoints_ur_blazepose/adl/adl-10-cam0-rgb.npz,91,120,0,0,0,0.0028074367
ur-blazepose,ur-blazepose::adl-10-cam0-rgb,data/keypoints_ur_blazepose/adl/adl-10-cam0-rgb.npz,97,126,0,0,0,0.0038349002
ur-blazepose,ur-blazepose::adl-10-cam0-rgb,data/keypoints_ur_blazepose/adl/adl-10-cam0-rgb.npz,103,132,0,0,0,0.0074292095
ur-blazepose,ur-blazepose::adl-10-cam0-rgb,data/keypoints_ur_blazepose/adl/adl-10-cam0-rgb.npz,109,138,0,0,0,0.0318007
ur-blazepose,ur-blazepose::adl-10-cam0-rgb,data/keypoints_ur_blazepose/adl/adl-10-cam0-rgb.npz,115,144,0,0,0,0.13464391
ur-blazepose,ur-blazepose::adl-10-cam0-rgb,data/keypoints_ur_blazepose/adl/adl-10-cam0-rgb.npz,121,150,0,0,0,0.08581954
ur-blazepose,ur-blazepose::adl-10-cam0-rgb,data/keypoints_ur_blazepose/adl/adl-10-cam0-rgb.npz,127,156,0,0,0,0.07299604
ur-blazepose,ur-blazepose::adl-10-cam0-rgb,data/keypoints_ur_blazepose/adl/adl-10-cam0-rgb.npz,133,162,0,0,0,0.044631597
ur-blazepose,ur-blazepose::adl-10-cam0-rgb,data/keypoints_ur_blazepose/adl/adl-10-cam0-rgb.npz,139,168,0,0,0,0.0027169613
ur-blazepose,ur-blazepose::adl-10-cam0-rgb,data/keypoints_ur_blazepose/adl/adl-10-cam0-rgb.npz,145,174,0,0,0,0.004042476
ur-blazepose,ur-blazepose::adl-10-cam0-rgb,data/keypoints_ur_blazepose/adl/adl-10-cam0-rgb.npz,151,180,0,0,0,0.0045783045
ur-blazepose,ur-blazepose::adl-10-cam0-rgb,data/keypoints_ur_blazepose/adl/adl-10-cam0-rgb.npz,157,186,0,0,0,0.008325028
ur-blazepose,ur-blazepose::adl-10-cam0-rgb,data/keypoints_ur_blazepose/adl/adl-10-cam0-rgb.npz,163,192,0,0,0,0.023588745
ur-blazepose,ur-blazepose::adl-10-cam0-rgb,data/keypoints_ur_blazepose/adl/adl-10-cam0-rgb.npz,169,198,0,0,0,0.07385045
ur-blazepose,ur-blazepose::adl-10-cam0-rgb,data/keypoints_ur_blazepose/adl/adl-10-cam0-rgb.npz,175,204,0,0,0,0.14100282
ur-blazepose,ur-blazepose::adl-10-cam0-rgb,data/keypoints_ur_blazepose/adl/adl-10-cam0-rgb.npz,181,210,0,0,0,0.20652619
ur-blazepose,ur-blazepose::adl-10-cam0-rgb,data/keypoints_ur_blazepose/adl/adl-10-cam0-rgb.npz,187,216,0,0,0,0.19554082
ur-blazepose,ur-blazepose::adl-10-cam0-rgb,data/keypoints_ur_blazepose/adl/adl-10-cam0-rgb.npz,193,222,0,0,0,0.14514145
ur-blazepose,ur-blazepose::adl-10-cam0-rgb,data/keypoints_ur_blazepose/adl/adl-10-cam0-rgb.npz,199,228,0,0,0,0.09844683
ur-blazepose,ur-blazepose::adl-10-cam0-rgb,data/keypoints_ur_blazepose/adl/adl-10-cam0-rgb.npz,205,234,0,0,0,0.005077189
ur-blazepose,ur-blazepose::adl-10-cam0-rgb,data/keypoints_ur_blazepose/adl/adl-10-cam0-rgb.npz,211,240,0,0,0,0.0052609523
ur-blazepose,ur-blazepose::adl-10-cam0-rgb,data/keypoints_ur_blazepose/adl/adl-10-cam0-rgb.npz,217,246,0,0,0,0.030480715
ur-blazepose,ur-blazepose::adl-10-cam0-rgb,data/keypoints_ur_blazepose/adl/adl-10-cam0-rgb.npz,223,252,0,0,0,0.0028648505
ur-blazepose,ur-blazepose::adl-10-cam0-rgb,data/keypoints_ur_blazepose/adl/adl-10-cam0-rgb.npz,229,258,0,0,0,0.003779605
ur-blazepose,ur-blazepose::adl-10-cam0-rgb,data/keypoints_ur_blazepose/adl/adl-10-cam0-rgb.npz,235,264,0,0,0,0.0064748293
ur-blazepose,ur-blazepose::adl-10-cam0-rgb,data/keypoints_ur_blazepose/adl/adl-10-cam0-rgb.npz,241,270,0,0,0,0.008364365
ur-blazepose,ur-blazepose::adl-10-cam0-rgb,data/keypoints_ur_blazepose/adl/adl-10-cam0-rgb.npz,247,276,0,0,0,0.008437773
ur-blazepose,ur-blazepose::adl-10-cam0-rgb,data/keypoints_ur_blazepose/adl/adl-10-cam0-rgb.npz,253,282,0,0,0,0.00848753
ur-blazepose,ur-blazepose::adl-10-cam0-rgb,data/keypoints_ur_blazepose/adl/adl-10-cam0-rgb.npz,259,288,0,0,0,0.008478081
ur-blazepose,ur-blazepose::adl-10-cam0-rgb,data/keypoints_ur_blazepose/adl/adl-10-cam0-rgb.npz,265,294,0,0,0,0.0084308805
ur-blazepose,ur-blazepose::adl-10-cam0-rgb,data/keypoints_ur_blazepose/adl/adl-10-cam0-rgb.npz,271,300,0,0,0,0.008445224
ur-blazepose,ur-blazepose::adl-12-cam0-rgb,data/keypoints_ur_blazepose/adl/adl-12-cam0-rgb.npz,37,66,0,0,0,0.0010703136
ur-blazepose,ur-blazepose::adl-12-cam0-rgb,data/keypoints_ur_blazepose/adl/adl-12-cam0-rgb.npz,43,72,0,0,0,0.0006492664
ur-blazepose,ur-blazepose::adl-12-cam0-rgb,data/keypoints_ur_blazepose/adl/adl-12-cam0-rgb.npz,49,78,0,0,0,0.0006516889
ur-blazepose,ur-blazepose::adl-12-cam0-rgb,data/keypoints_ur_blazepose/adl/adl-12-cam0-rgb.npz,55,84,0,0,0,0.0009784498
ur-blazepose,ur-blazepose::adl-12-cam0-rgb,data/keypoints_ur_blazepose/adl/adl-12-cam0-rgb.npz,61,90,0,0,0,0.0009152213
ur-blazepose,ur-blazepose::adl-12-cam0-rgb,data/keypoints_ur_blazepose/adl/adl-12-cam0-rgb.npz,67,96,0,0,0,0.0008690304
ur-blazepose,ur-blazepose::adl-12-cam0-rgb,data/keypoints_ur_blazepose/adl/adl-12-cam0-rgb.npz,73,102,0,0,0,0.00086623925
ur-blazepose,ur-blazepose::adl-12-cam0-rgb,data/keypoints_ur_blazepose/adl/adl-12-cam0-rgb.npz,79,108,0,0,0,0.00083634286
ur-blazepose,ur-blazepose::adl-12-cam0-rgb,data/keypoints_ur_blazepose/adl/adl-12-cam0-rgb.npz,85,114,0,0,0,0.00069092296
ur-blazepose,ur-blazepose::adl-12-cam0-rgb,data/keypoints_ur_blazepose/adl/adl-12-cam0-rgb.npz,91,120,0,0,0,0.0006036193
ur-blazepose,ur-blazepose::adl-12-cam0-rgb,data/keypoints_ur_blazepose/adl/adl-12-cam0-rgb.npz,97,126,0,0,0,0.00056244154
ur-blazepose,ur-blazepose::adl-12-cam0-rgb,data/keypoints_ur_blazepose/adl/adl-12-cam0-rgb.npz,103,132,0,0,0,0.00071788713
ur-blazepose,ur-blazepose::adl-12-cam0-rgb,data/keypoints_ur_blazepose/adl/adl-12-cam0-rgb.npz,109,138,0,0,0,0.0014997593
ur-blazepose,ur-blazepose::adl-12-cam0-rgb,data/keypoints_ur_blazepose/adl/adl-12-cam0-rgb.npz,115,144,0,0,0,0.006929031
ur-blazepose,ur-blazepose::adl-12-cam0-rgb,data/keypoints_ur_blazepose/adl/adl-12-cam0-rgb.npz,121,150,0,0,0,0.0061687264
ur-blazepose,ur-blazepose::adl-12-cam0-rgb,data/keypoints_ur_blazepose/adl/adl-12-cam0-rgb.npz,127,156,0,0,0,0.00916828
ur-blazepose,ur-blazepose::adl-12-cam0-rgb,data/keypoints_ur_blazepose/adl/adl-12-cam0-rgb.npz,133,162,0,0,0,0.04513508
ur-blazepose,ur-blazepose::adl-12-cam0-rgb,data/keypoints_ur_blazepose/adl/adl-12-cam0-rgb.npz,139,168,0,0,0,0.2399317
ur-blazepose,ur-blazepose::adl-12-cam0-rgb,data/keypoints_ur_blazepose/adl/adl-12-cam0-rgb.npz,145,174,0,0,1,0.7163985
ur-blazepose,ur-blazepose::adl-12-cam0-rgb,data/keypoints_ur_blazepose/adl/adl-12-cam0-rgb.npz,151,180,0,0,1,0.90686
ur-blazepose,ur-blazepose::adl-12-cam0-rgb,data/keypoints_ur_blazepose/adl/adl-12-cam0-rgb.npz,157,186,0,0,1,0.9246806
ur-blazepose,ur-blazepose::adl-12-cam0-rgb,data/keypoints_ur_blazepose/adl/adl-12-cam0-rgb.npz,163,192,0,0,1,0.8694456
ur-blazepose,ur-blazepose::adl-12-cam0-rgb,data/keypoints_ur_blazepose/adl/adl-12-cam0-rgb.npz,169,198,0,0,1,0.7656891
ur-blazepose,ur-blazepose::adl-12-cam0-rgb,data/keypoints_ur_blazepose/adl/adl-12-cam0-rgb.npz,175,204,0,0,0,0.5435529
ur-blazepose,ur-blazepose::adl-12-cam0-rgb,data/keypoints_ur_blazepose/adl/adl-12-cam0-rgb.npz,181,210,0,0,0,0.12107975
ur-blazepose,ur-blazepose::adl-12-cam0-rgb,data/keypoints_ur_blazepose/adl/adl-12-cam0-rgb.npz,187,216,0,0,0,0.0152711915
ur-blazepose,ur-blazepose::adl-12-cam0-rgb,data/keypoints_ur_blazepose/adl/adl-12-cam0-rgb.npz,193,222,0,0,0,0.0050965846
ur-blazepose,ur-blazepose::adl-12-cam0-rgb,data/keypoints_ur_blazepose/adl/adl-12-cam0-rgb.npz,199,228,0,0,0,0.0044603483
ur-blazepose,ur-blazepose::adl-12-cam0-rgb,data/keypoints_ur_blazepose/adl/adl-12-cam0-rgb.npz,205,234,0,0,0,0.011572414
ur-blazepose,ur-blazepose::adl-12-cam0-rgb,data/keypoints_ur_blazepose/adl/adl-12-cam0-rgb.npz,211,240,0,0,0,0.015828378
ur-blazepose,ur-blazepose::adl-12-cam0-rgb,data/keypoints_ur_blazepose/adl/adl-12-cam0-rgb.npz,217,246,0,0,0,0.016171154
ur-blazepose,ur-blazepose::adl-16-cam0-rgb,data/keypoints_ur_blazepose/adl/adl-16-cam0-rgb.npz,49,78,0,0,0,0.0007525897
ur-blazepose,ur-blazepose::adl-16-cam0-rgb,data/keypoints_ur_blazepose/adl/adl-16-cam0-rgb.npz,55,84,0,0,0,0.00068318064
ur-blazepose,ur-blazepose::adl-16-cam0-rgb,data/keypoints_ur_blazepose/adl/adl-16-cam0-rgb.npz,61,90,0,0,0,0.0005757216
ur-blazepose,ur-blazepose::adl-16-cam0-rgb,data/keypoints_ur_blazepose/adl/adl-16-cam0-rgb.npz,67,96,0,0,0,0.00095981546
ur-blazepose,ur-blazepose::adl-16-cam0-rgb,data/keypoints_ur_blazepose/adl/adl-16-cam0-rgb.npz,73,102,0,0,0,0.00072694116
ur-blazepose,ur-blazepose::adl-16-cam0-rgb,data/keypoints_ur_blazepose/adl/adl-16-cam0-rgb.npz,79,108,0,0,0,0.0007118224
ur-blazepose,ur-blazepose::adl-16-cam0-rgb,data/keypoints_ur_blazepose/adl/adl-16-cam0-rgb.npz,85,114,0,0,0,0.0007060718
ur-blazepose,ur-blazepose::adl-16-cam0-rgb,data/keypoints_ur_blazepose/adl/adl-16-cam0-rgb.npz,91,120,0,0,0,0.00062094553
ur-blazepose,ur-blazepose::adl-16-cam0-rgb,data/keypoints_ur_blazepose/adl/adl-16-cam0-rgb.npz,97,126,0,0,0,0.000601391
ur-blazepose,ur-blazepose::adl-16-cam0-rgb,data/keypoints_ur_blazepose/adl/adl-16-cam0-rgb.npz,103,132,0,0,0,0.0007951846
ur-blazepose,ur-blazepose::adl-16-cam0-rgb,data/keypoints_ur_blazepose/adl/adl-16-cam0-rgb.npz,109,138,0,0,0,0.010928888
ur-blazepose,ur-blazepose::adl-16-cam0-rgb,data/keypoints_ur_blazepose/adl/adl-16-cam0-rgb.npz,115,144,0,0,0,0.015595635
ur-blazepose,ur-blazepose::adl-16-cam0-rgb,data/keypoints_ur_blazepose/adl/adl-16-cam0-rgb.npz,121,150,0,0,0,0.01201747
ur-blazepose,ur-blazepose::adl-16-cam0-rgb,data/keypoints_ur_blazepose/adl/adl-16-cam0-rgb.npz,127,156,0,0,0,0.008750616
ur-blazepose,ur-blazepose::adl-16-cam0-rgb,data/keypoints_ur_blazepose/adl/adl-16-cam0-rgb.npz,133,162,0,0,0,0.031743135
ur-blazepose,ur-blazepose::adl-16-cam0-rgb,data/keypoints_ur_blazepose/adl/adl-16-cam0-rgb.npz,139,168,0,0,0,0.61143863
ur-blazepose,ur-blazepose::adl-16-cam0-rgb,data/keypoints_ur_blazepose/adl/adl-16-cam0-rgb.npz,145,174,0,0,0,0.57709724
ur-blazepose,ur-blazepose::adl-16-cam0-rgb,data/keypoints_ur_blazepose/adl/adl-16-cam0-rgb.npz,151,180,0,0,0,0.011802555
ur-blazepose,ur-blazepose::adl-16-cam0-rgb,data/keypoints_ur_blazepose/adl/adl-16-cam0-rgb.npz,157,186,0,0,0,0.001728834
ur-blazepose,ur-blazepose::adl-16-cam0-rgb,data/keypoints_ur_blazepose/adl/adl-16-cam0-rgb.npz,163,192,0,0,0,0.0022931332
ur-blazepose,ur-blazepose::adl-16-cam0-rgb,data/keypoints_ur_blazepose/adl/adl-16-cam0-rgb.npz,169,198,0,0,0,0.0031742456
ur-blazepose,ur-blazepose::adl-16-cam0-rgb,data/keypoints_ur_blazepose/adl/adl-16-cam0-rgb.npz,175,204,0,0,0,0.0034047572
ur-blazepose,ur-blazepose::adl-16-cam0-rgb,data/keypoints_ur_blazepose/adl/adl-16-cam0-rgb.npz,181,210,0,0,0,0.0027778256
ur-blazepose,ur-blazepose::adl-16-cam0-rgb,data/keypoints_ur_blazepose/adl/adl-16-cam0-rgb.npz,187,216,0,0,0,0.0020418959
ur-blazepose,ur-blazepose::adl-16-cam0-rgb,data/keypoints_ur_blazepose/adl/adl-16-cam0-rgb.npz,193,222,0,0,0,0.00082414364
ur-blazepose,ur-blazepose::adl-16-cam0-rgb,data/keypoints_ur_blazepose/adl/adl-16-cam0-rgb.npz,199,228,0,0,0,0.00038993516
ur-blazepose,ur-blazepose::adl-16-cam0-rgb,data/keypoints_ur_blazepose/adl/adl-16-cam0-rgb.npz,205,234,0,0,0,0.001329572
ur-blazepose,ur-blazepose::adl-16-cam0-rgb,data/keypoints_ur_blazepose/adl/adl-16-cam0-rgb.npz,211,240,0,0,0,0.0036213738
ur-blazepose,ur-blazepose::adl-28-cam0-rgb,data/keypoints_ur_blazepose/adl/adl-28-cam0-rgb.npz,1,30,0,0,0,0.3232794
ur-blazepose,ur-blazepose::adl-28-cam0-rgb,data/keypoints_ur_blazepose/adl/adl-28-cam0-rgb.npz,7,36,0,0,0,0.39283922
ur-blazepose,ur-blazepose::adl-28-cam0-rgb,data/keypoints_ur_blazepose/adl/adl-28-cam0-rgb.npz,13,42,0,0,0,0.57953197
ur-blazepose,ur-blazepose::adl-28-cam0-rgb,data/keypoints_ur_blazepose/adl/adl-28-cam0-rgb.npz,19,48,0,0,1,0.8491517
ur-blazepose,ur-blazepose::adl-28-cam0-rgb,data/keypoints_ur_blazepose/adl/adl-28-cam0-rgb.npz,25,54,0,0,1,0.8048316
ur-blazepose,ur-blazepose::adl-28-cam0-rgb,data/keypoints_ur_blazepose/adl/adl-28-cam0-rgb.npz,31,60,0,0,0,0.48868948
ur-blazepose,ur-blazepose::adl-28-cam0-rgb,data/keypoints_ur_blazepose/adl/adl-28-cam0-rgb.npz,37,66,0,0,0,0.4402423
ur-blazepose,ur-blazepose::adl-28-cam0-rgb,data/keypoints_ur_blazepose/adl/adl-28-cam0-rgb.npz,43,72,0,0,0,0.34585503
ur-blazepose,ur-blazepose::adl-28-cam0-rgb,data/keypoints_ur_blazepose/adl/adl-28-cam0-rgb.npz,49,78,0,0,0,0.27337468
ur-blazepose,ur-blazepose::adl-28-cam0-rgb,data/keypoints_ur_blazepose/adl/adl-28-cam0-rgb.npz,55,84,0,0,0,0.04629936
ur-blazepose,ur-blazepose::adl-36-cam0-rgb,data/keypoints_ur_blazepose/adl/adl-36-cam0-rgb.npz,7,36,0,0,0,0.0022323309
ur-blazepose,ur-blazepose::adl-36-cam0-rgb,data/keypoints_ur_blazepose/adl/adl-36-cam0-rgb.npz,13,42,0,0,0,0.0022323309
ur-blazepose,ur-blazepose::adl-36-cam0-rgb,data/keypoints_ur_blazepose/adl/adl-36-cam0-rgb.npz,19,48,0,0,0,0.0018884859
ur-blazepose,ur-blazepose::adl-36-cam0-rgb,data/keypoints_ur_blazepose/adl/adl-36-cam0-rgb.npz,25,54,0,0,0,0.001949274
ur-blazepose,ur-blazepose::adl-36-cam0-rgb,data/keypoints_ur_blazepose/adl/adl-36-cam0-rgb.npz,31,60,0,0,0,0.0007619598
ur-blazepose,ur-blazepose::adl-36-cam0-rgb,data/keypoints_ur_blazepose/adl/adl-36-cam0-rgb.npz,37,66,0,0,0,0.0012064334
ur-blazepose,ur-blazepose::adl-36-cam0-rgb,data/keypoints_ur_blazepose/adl/adl-36-cam0-rgb.npz,43,72,0,0,0,0.0026653705
ur-blazepose,ur-blazepose::adl-36-cam0-rgb,data/keypoints_ur_blazepose/adl/adl-36-cam0-rgb.npz,49,78,0,0,0,0.0034403543
ur-blazepose,ur-blazepose::adl-36-cam0-rgb,data/keypoints_ur_blazepose/adl/adl-36-cam0-rgb.npz,55,84,0,0,0,0.0045536836
ur-blazepose,ur-blazepose::adl-36-cam0-rgb,data/keypoints_ur_blazepose/adl/adl-36-cam0-rgb.npz,61,90,0,0,0,0.005283474
ur-blazepose,ur-blazepose::adl-36-cam0-rgb,data/keypoints_ur_blazepose/adl/adl-36-cam0-rgb.npz,67,96,0,0,0,0.0041020405
ur-blazepose,ur-blazepose::adl-36-cam0-rgb,data/keypoints_ur_blazepose/adl/adl-36-cam0-rgb.npz,73,102,0,0,0,0.0024131464
ur-blazepose,ur-blazepose::adl-36-cam0-rgb,data/keypoints_ur_blazepose/adl/adl-36-cam0-rgb.npz,79,108,0,0,0,0.0016215335
ur-blazepose,ur-blazepose::adl-36-cam0-rgb,data/keypoints_ur_blazepose/adl/adl-36-cam0-rgb.npz,85,114,0,0,0,0.0012054214
ur-blazepose,ur-blazepose::adl-36-cam0-rgb,data/keypoints_ur_blazepose/adl/adl-36-cam0-rgb.npz,91,120,0,0,0,0.0012677138
ur-blazepose,ur-blazepose::adl-36-cam0-rgb,data/keypoints_ur_blazepose/adl/adl-36-cam0-rgb.npz,97,126,0,0,0,0.0021436694
ur-blazepose,ur-blazepose::adl-36-cam0-rgb,data/keypoints_ur_blazepose/adl/adl-36-cam0-rgb.npz,103,132,0,0,0,0.0038277826
ur-blazepose,ur-blazepose::adl-36-cam0-rgb,data/keypoints_ur_blazepose/adl/adl-36-cam0-rgb.npz,109,138,0,0,0,0.0053459434
ur-blazepose,ur-blazepose::adl-36-cam0-rgb,data/keypoints_ur_blazepose/adl/adl-36-cam0-rgb.npz,115,144,0,0,0,0.0103395
ur-blazepose,ur-blazepose::adl-36-cam0-rgb,data/keypoints_ur_blazepose/adl/adl-36-cam0-rgb.npz,121,150,0,0,0,0.0090096
ur-blazepose,ur-blazepose::adl-36-cam0-rgb,data/keypoints_ur_blazepose/adl/adl-36-cam0-rgb.npz,127,156,0,0,0,0.011571896
ur-blazepose,ur-blazepose::adl-36-cam0-rgb,data/keypoints_ur_blazepose/adl/adl-36-cam0-rgb.npz,133,162,0,0,0,0.040004965
ur-blazepose,ur-blazepose::adl-36-cam0-rgb,data/keypoints_ur_blazepose/adl/adl-36-cam0-rgb.npz,139,168,0,0,0,0.1356102
ur-blazepose,ur-blazepose::adl-36-cam0-rgb,data/keypoints_ur_blazepose/adl/adl-36-cam0-rgb.npz,145,174,0,0,0,0.21170686
ur-blazepose,ur-blazepose::adl-36-cam0-rgb,data/keypoints_ur_blazepose/adl/adl-36-cam0-rgb.npz,151,180,0,0,0,0.2591298
ur-blazepose,ur-blazepose::adl-36-cam0-rgb,data/keypoints_ur_blazepose/adl/adl-36-cam0-rgb.npz,157,186,0,0,0,0.29233274
ur-blazepose,ur-blazepose::adl-36-cam0-rgb,data/keypoints_ur_blazepose/adl/adl-36-cam0-rgb.npz,163,192,0,0,0,0.3638499
ur-blazepose,ur-blazepose::adl-36-cam0-rgb,data/keypoints_ur_blazepose/adl/adl-36-cam0-rgb.npz,169,198,0,0,0,0.41171846
ur-blazepose,ur-blazepose::adl-36-cam0-rgb,data/keypoints_ur_blazepose/adl/adl-36-cam0-rgb.npz,175,204,0,0,0,0.4591976
ur-blazepose,ur-blazepose::adl-36-cam0-rgb,data/keypoints_ur_blazepose/adl/adl-36-cam0-rgb.npz,181,210,0,0,0,0.4886224
ur-blazepose,ur-blazepose::adl-36-cam0-rgb,data/keypoints_ur_blazepose/adl/adl-36-cam0-rgb.npz,187,216,0,0,0,0.13249552
ur-blazepose,ur-blazepose::adl-36-cam0-rgb,data/keypoints_ur_blazepose/adl/adl-36-cam0-rgb.npz,193,222,0,0,0,0.030614765
ur-blazepose,ur-blazepose::adl-36-cam0-rgb,data/keypoints_ur_blazepose/adl/adl-36-cam0-rgb.npz,199,228,0,0,0,0.021424524
ur-blazepose,ur-blazepose::adl-36-cam0-rgb,data/keypoints_ur_blazepose/adl/adl-36-cam0-rgb.npz,205,234,0,0,0,0.21622887
ur-blazepose,ur-blazepose::adl-36-cam0-rgb,data/keypoints_ur_blazepose/adl/adl-36-cam0-rgb.npz,211,240,0,0,0,0.3131787
ur-blazepose,ur-blazepose::adl-36-cam0-rgb,data/keypoints_ur_blazepose/adl/adl-36-cam0-rgb.npz,217,246,0,0,0,0.44584087
ur-blazepose,ur-blazepose::adl-36-cam0-rgb,data/keypoints_ur_blazepose/adl/adl-36-cam0-rgb.npz,223,252,0,0,0,0.37168288
ur-blazepose,ur-blazepose::adl-36-cam0-rgb,data/keypoints_ur_blazepose/adl/adl-36-cam0-rgb.npz,229,258,0,0,0,0.16963278
ur-blazepose,ur-blazepose::adl-36-cam0-rgb,data/keypoints_ur_blazepose/adl/adl-36-cam0-rgb.npz,235,264,0,0,0,0.14901368
ur-blazepose,ur-blazepose::adl-36-cam0-rgb,data/keypoints_ur_blazepose/adl/adl-36-cam0-rgb.npz,241,270,0,0,0,0.1685248
ur-blazepose,ur-blazepose::adl-36-cam0-rgb,data/keypoints_ur_blazepose/adl/adl-36-cam0-rgb.npz,247,276,0,0,0,0.024420422
ur-blazepose,ur-blazepose::adl-36-cam0-rgb,data/keypoints_ur_blazepose/adl/adl-36-cam0-rgb.npz,253,282,0,0,1,0.75062084
ur-blazepose,ur-blazepose::adl-36-cam0-rgb,data/keypoints_ur_blazepose/adl/adl-36-cam0-rgb.npz,259,288,0,0,1,0.79145306
ur-blazepose,ur-blazepose::adl-36-cam0-rgb,data/keypoints_ur_blazepose/adl/adl-36-cam0-rgb.npz,265,294,0,0,0,0.68114275
ur-blazepose,ur-blazepose::adl-36-cam0-rgb,data/keypoints_ur_blazepose/adl/adl-36-cam0-rgb.npz,271,300,0,0,0,0.43081972
ur-blazepose,ur-blazepose::adl-36-cam0-rgb,data/keypoints_ur_blazepose/adl/adl-36-cam0-rgb.npz,277,306,0,0,0,0.33476853
ur-blazepose,ur-blazepose::adl-36-cam0-rgb,data/keypoints_ur_blazepose/adl/adl-36-cam0-rgb.npz,283,312,0,0,0,0.3954974
ur-blazepose,ur-blazepose::adl-36-cam0-rgb,data/keypoints_ur_blazepose/adl/adl-36-cam0-rgb.npz,289,318,0,0,1,0.70204544
ur-blazepose,ur-blazepose::adl-36-cam0-rgb,data/keypoints_ur_blazepose/adl/adl-36-cam0-rgb.npz,295,324,0,0,1,0.7110472
ur-blazepose,ur-blazepose::adl-36-cam0-rgb,data/keypoints_ur_blazepose/adl/adl-36-cam0-rgb.npz,301,330,0,0,1,0.7533771
ur-blazepose,ur-blazepose::adl-36-cam0-rgb,data/keypoints_ur_blazepose/adl/adl-36-cam0-rgb.npz,307,336,0,0,1,0.7847306
ur-blazepose,ur-blazepose::fall-04-cam0-rgb,data/keypoints_ur_blazepose/fall/fall-04-cam0-rgb.npz,1,30,1,1,1,0.99744874
ur-blazepose,ur-blazepose::fall-04-cam0-rgb,data/keypoints_ur_blazepose/fall/fall-04-cam0-rgb.npz,7,36,1,1,1,0.9985875
ur-blazepose,ur-blazepose::fall-04-cam0-rgb,data/keypoints_ur_blazepose/fall/fall-04-cam0-rgb.npz,13,42,1,1,1,0.9991227
ur-blazepose,ur-blazepose::fall-04-cam0-rgb,data/keypoints_ur_blazepose/fall/fall-04-cam0-rgb.npz,19,48,1,1,1,0.9996617
ur-blazepose,ur-blazepose::fall-04-cam0-rgb,data/keypoints_ur_blazepose/fall/fall-04-cam0-rgb.npz,25,54,1,1,1,0.9996165
ur-blazepose,ur-blazepose::fall-04-cam0-rgb,data/keypoints_ur_blazepose/fall/fall-04-cam0-rgb.npz,31,60,1,1,1,0.9972103
ur-blazepose,ur-blazepose::fall-04-cam0-rgb,data/keypoints_ur_blazepose/fall/fall-04-cam0-rgb.npz,37,66,0,0,1,0.89525366
ur-blazepose,ur-blazepose::fall-04-cam0-rgb,data/keypoints_ur_blazepose/fall/fall-04-cam0-rgb.npz,43,72,0,0,0,0.5194992
ur-blazepose,ur-blazepose::fall-04-cam0-rgb,data/keypoints_ur_blazepose/fall/fall-04-cam0-rgb.npz,49,78,0,0,0,0.0018861891
ur-blazepose,ur-blazepose::fall-04-cam0-rgb,data/keypoints_ur_blazepose/fall/fall-04-cam0-rgb.npz,55,84,0,0,1,0.9725133
ur-blazepose,ur-blazepose::fall-04-cam0-rgb,data/keypoints_ur_blazepose/fall/fall-04-cam0-rgb.npz,61,90,0,0,0,0.029467707
ur-blazepose,ur-blazepose::fall-04-cam0-rgb,data/keypoints_ur_blazepose/fall/fall-04-cam0-rgb.npz,67,96,0,0,0,0.032284435
ur-blazepose,ur-blazepose::fall-10-cam0-rgb,data/keypoints_ur_blazepose/fall/fall-10-cam0-rgb.npz,1,30,0,0,0,0.005676592
ur-blazepose,ur-blazepose::fall-10-cam0-rgb,data/keypoints_ur_blazepose/fall/fall-10-cam0-rgb.npz,7,36,0,0,0,0.014817504
ur-blazepose,ur-blazepose::fall-10-cam0-rgb,data/keypoints_ur_blazepose/fall/fall-10-cam0-rgb.npz,13,42,0,0,0,0.19062135
ur-blazepose,ur-blazepose::fall-10-cam0-rgb,data/keypoints_ur_blazepose/fall/fall-10-cam0-rgb.npz,19,48,1,1,1,0.7246737
ur-blazepose,ur-blazepose::fall-10-cam0-rgb,data/keypoints_ur_blazepose/fall/fall-10-cam0-rgb.npz,25,54,1,1,1,0.98206145
ur-blazepose,ur-blazepose::fall-10-cam0-rgb,data/keypoints_ur_blazepose/fall/fall-10-cam0-rgb.npz,31,60,1,1,1,0.997323
ur-blazepose,ur-blazepose::fall-10-cam0-rgb,data/keypoints_ur_blazepose/fall/fall-10-cam0-rgb.npz,37,66,1,1,1,0.999529
ur-blazepose,ur-blazepose::fall-10-cam0-rgb,data/keypoints_ur_blazepose/fall/fall-10-cam0-rgb.npz,43,72,1,1,1,0.9995449
ur-blazepose,ur-blazepose::fall-10-cam0-rgb,data/keypoints_ur_blazepose/fall/fall-10-cam0-rgb.npz,49,78,1,1,1,0.9995715
ur-blazepose,ur-blazepose::fall-10-cam0-rgb,data/keypoints_ur_blazepose/fall/fall-10-cam0-rgb.npz,55,84,1,1,1,0.999071
ur-blazepose,ur-blazepose::fall-10-cam0-rgb,data/keypoints_ur_blazepose/fall/fall-10-cam0-rgb.npz,61,90,1,1,1,0.9287706
ur-blazepose,ur-blazepose::fall-10-cam0-rgb,data/keypoints_ur_blazepose/fall/fall-10-cam0-rgb.npz,67,96,0,0,0,0.6854381
ur-blazepose,ur-blazepose::fall-10-cam0-rgb,data/keypoints_ur_blazepose/fall/fall-10-cam0-rgb.npz,73,102,0,0,0,0.5974303
ur-blazepose,ur-blazepose::fall-10-cam0-rgb,data/keypoints_ur_blazepose/fall/fall-10-cam0-rgb.npz,79,108,0,0,0,0.19443135
ur-blazepose,ur-blazepose::fall-10-cam0-rgb,data/keypoints_ur_blazepose/fall/fall-10-cam0-rgb.npz,85,114,0,0,0,0.19609857
ur-blazepose,ur-blazepose::fall-10-cam0-rgb,data/keypoints_ur_blazepose/fall/fall-10-cam0-rgb.npz,91,120,0,0,0,0.18294044
ur-blazepose,ur-blazepose::fall-10-cam0-rgb,data/keypoints_ur_blazepose/fall/fall-10-cam0-rgb.npz,97,126,0,0,0,0.17884588
ur-blazepose,ur-blazepose::fall-18-cam0-rgb,data/keypoints_ur_blazepose/fall/fall-18-cam0-rgb.npz,1,30,1,1,1,0.9925403
ur-blazepose,ur-blazepose::fall-18-cam0-rgb,data/keypoints_ur_blazepose/fall/fall-18-cam0-rgb.npz,7,36,1,1,1,0.9982603
ur-blazepose,ur-blazepose::fall-18-cam0-rgb,data/keypoints_ur_blazepose/fall/fall-18-cam0-rgb.npz,13,42,1,1,1,0.9993389
ur-blazepose,ur-blazepose::fall-18-cam0-rgb,data/keypoints_ur_blazepose/fall/fall-18-cam0-rgb.npz,19,48,1,1,1,0.9994098
ur-blazepose,ur-blazepose::fall-18-cam0-rgb,data/keypoints_ur_blazepose/fall/fall-18-cam0-rgb.npz,25,54,1,1,1,0.9833476
ur-blazepose,ur-blazepose::fall-18-cam0-rgb,data/keypoints_ur_blazepose/fall/fall-18-cam0-rgb.npz,31,60,1,1,1,0.8860034
ur-blazepose,ur-blazepose::fall-19-cam0-rgb,data/keypoints_ur_blazepose/fall/fall-19-cam0-rgb.npz,1,30,0,0,0,0.22697508
ur-blazepose,ur-blazepose::fall-19-cam0-rgb,data/keypoints_ur_blazepose/fall/fall-19-cam0-rgb.npz,7,36,1,1,0,0.30384514
ur-blazepose,ur-blazepose::fall-19-cam0-rgb,data/keypoints_ur_blazepose/fall/fall-19-cam0-rgb.npz,13,42,1,1,1,0.79443794
ur-blazepose,ur-blazepose::fall-19-cam0-rgb,data/keypoints_ur_blazepose/fall/fall-19-cam0-rgb.npz,19,48,1,1,1,0.9842225
ur-blazepose,ur-blazepose::fall-19-cam0-rgb,data/keypoints_ur_blazepose/fall/fall-19-cam0-rgb.npz,25,54,1,1,1,0.9983633
ur-blazepose,ur-blazepose::fall-19-cam0-rgb,data/keypoints_ur_blazepose/fall/fall-19-cam0-rgb.npz,31,60,1,1,1,0.99912053
ur-blazepose,ur-blazepose::fall-19-cam0-rgb,data/keypoints_ur_blazepose/fall/fall-19-cam0-rgb.npz,37,66,1,1,1,0.9979704
ur-blazepose,ur-blazepose::fall-19-cam0-rgb,data/keypoints_ur_blazepose/fall/fall-19-cam0-rgb.npz,43,72,1,1,0,0.23705615
ur-blazepose,ur-blazepose::fall-19-cam0-rgb,data/keypoints_ur_blazepose/fall/fall-19-cam0-rgb.npz,49,78,0,0,0,0.32089972
ur-blazepose,ur-blazepose::fall-29-cam0-rgb,data/keypoints_ur_blazepose/fall/fall-29-cam0-rgb.npz,1,30,0,0,0,0.22791877
ur-blazepose,ur-blazepose::fall-29-cam0-rgb,data/keypoints_ur_blazepose/fall/fall-29-cam0-rgb.npz,7,36,0,0,0,0.22724482
ur-blazepose,ur-blazepose::fall-29-cam0-rgb,data/keypoints_ur_blazepose/fall/fall-29-cam0-rgb.npz,13,42,0,0,0,0.22100644
ur-blazepose,ur-blazepose::fall-29-cam0-rgb,data/keypoints_ur_blazepose/fall/fall-29-cam0-rgb.npz,19,48,0,0,0,0.28254217
ur-blazepose,ur-blazepose::fall-29-cam0-rgb,data/keypoints_ur_blazepose/fall/fall-29-cam0-rgb.npz,25,54,0,0,0,0.5657399
ur-blazepose,ur-blazepose::fall-29-cam0-rgb,data/keypoints_ur_blazepose/fall/fall-29-cam0-rgb.npz,31,60,1,1,1,0.8879276
ur-blazepose,ur-blazepose::fall-29-cam0-rgb,data/keypoints_ur_blazepose/fall/fall-29-cam0-rgb.npz,37,66,1,1,1,0.97442394
ur-blazepose,ur-blazepose::fall-29-cam0-rgb,data/keypoints_ur_blazepose/fall/fall-29-cam0-rgb.npz,43,72,1,1,1,0.9932603
ur-blazepose,ur-blazepose::fall-29-cam0-rgb,data/keypoints_ur_blazepose/fall/fall-29-cam0-rgb.npz,49,78,1,1,1,0.99770975
ur-blazepose,ur-blazepose::fall-29-cam0-rgb,data/keypoints_ur_blazepose/fall/fall-29-cam0-rgb.npz,55,84,1,1,1,0.98998696
ur-blazepose,ur-blazepose::fall-29-cam0-rgb,data/keypoints_ur_blazepose/fall/fall-29-cam0-rgb.npz,61,90,1,1,0,0.22044736
ur-blazepose,ur-blazepose::fall-29-cam0-rgb,data/keypoints_ur_blazepose/fall/fall-29-cam0-rgb.npz,67,96,1,1,0,0.000644105
le2i-blazepose,le2i-blazepose::Coffee_room_01_video_15,data/keypoints_le2i_blazepose/Coffee_room_01_video_15.npz,1,25,0,0,0,0.0007947342
le2i-blazepose,le2i-blazepose::Coffee_room_01_video_15,data/keypoints_le2i_blazepose/Coffee_room_01_video_15.npz,6,30,0,0,0,0.002398396
le2i-blazepose,le2i-blazepose::Coffee_room_01_video_15,data/keypoints_le2i_blazepose/Coffee_room_01_video_15.npz,11,35,0,0,0,0.012201602
le2i-blazepose,le2i-blazepose::Coffee_room_01_video_15,data/keypoints_le2i_blazepose/Coffee_room_01_video_15.npz,16,40,0,0,0,0.0014070797
le2i-blazepose,le2i-blazepose::Coffee_room_01_video_15,data/keypoints_le2i_blazepose/Coffee_room_01_video_15.npz,21,45,0,0,0,0.0017258755
le2i-blazepose,le2i-blazepose::Coffee_room_01_video_15,data/keypoints_le2i_blazepose/Coffee_room_01_video_15.npz,26,50,0,0,0,0.0922712
le2i-blazepose,le2i-blazepose::Coffee_room_01_video_15,data/keypoints_le2i_blazepose/Coffee_room_01_video_15.npz,31,55,1,1,1,0.95900506
le2i-blazepose,le2i-blazepose::Coffee_room_01_video_15,data/keypoints_le2i_blazepose/Coffee_room_01_video_15.npz,36,60,1,1,1,0.9881175
le2i-blazepose,le2i-blazepose::Coffee_room_01_video_15,data/keypoints_le2i_blazepose/Coffee_room_01_video_15.npz,41,65,1,1,1,0.98031116
le2i-blazepose,le2i-blazepose::Coffee_room_01_video_15,data/keypoints_le2i_blazepose/Coffee_room_01_video_15.npz,46,70,1,1,1,0.9870991
le2i-blazepose,le2i-blazepose::Coffee_room_01_video_15,data/keypoints_le2i_blazepose/Coffee_room_01_video_15.npz,51,75,1,1,1,0.9600489
le2i-blazepose,le2i-blazepose::Coffee_room_01_video_15,data/keypoints_le2i_blazepose/Coffee_room_01_video_15.npz,56,80,1,1,1,0.7505798
le2i-blazepose,le2i-blazepose::Coffee_room_01_video_15,data/keypoints_le2i_blazepose/Coffee_room_01_video_15.npz,61,85,1,1,0,0.16344118
le2i-blazepose,le2i-blazepose::Coffee_room_01_video_15,data/keypoints_le2i_blazepose/Coffee_room_01_video_15.npz,66,90,1,1,0,0.33698723
le2i-blazepose,le2i-blazepose::Coffee_room_01_video_15,data/keypoints_le2i_blazepose/Coffee_room_01_video_15.npz,71,95,0,0,0,0.3150973
le2i-blazepose,le2i-blazepose::Coffee_room_01_video_15,data/keypoints_le2i_blazepose/Coffee_room_01_video_15.npz,76,100,0,0,0,0.22744572
le2i-blazepose,le2i-blazepose::Coffee_room_01_video_15,data/keypoints_le2i_blazepose/Coffee_room_01_video_15.npz,81,105,0,0,0,0.25824735
le2i-blazepose,le2i-blazepose::Coffee_room_01_video_15,data/keypoints_le2i_blazepose/Coffee_room_01_video_15.npz,86,110,0,0,0,0.30199358
le2i-blazepose,le2i-blazepose::Coffee_room_01_video_15,data/keypoints_le2i_blazepose/Coffee_room_01_video_15.npz,91,115,0,0,0,0.26917127
le2i-blazepose,le2i-blazepose::Coffee_room_01_video_15,data/keypoints_le2i_blazepose/Coffee_room_01_video_15.npz,96,120,0,0,0,0.2524261
le2i-blazepose,le2i-blazepose::Coffee_room_01_video_15,data/keypoints_le2i_blazepose/Coffee_room_01_video_15.npz,101,125,0,0,0,0.29567686
le2i-blazepose,le2i-blazepose::Coffee_room_01_video_15,data/keypoints_le2i_blazepose/Coffee_room_01_video_15.npz,106,130,0,0,0,0.2981054
le2i-blazepose,le2i-blazepose::Coffee_room_01_video_15,data/keypoints_le2i_blazepose/Coffee_room_01_video_15.npz,111,135,0,0,0,0.24585523
le2i-blazepose,le2i-blazepose::Coffee_room_01_video_15,data/keypoints_le2i_blazepose/Coffee_room_01_video_15.npz,116,140,0,0,0,0.31034964
le2i-blazepose,le2i-blazepose::Coffee_room_01_video_25,data/keypoints_le2i_blazepose/Coffee_room_01_video_25.npz,1,25,0,0,0,0.0013319942
le2i-blazepose,le2i-blazepose::Coffee_room_01_video_25,data/keypoints_le2i_blazepose/Coffee_room_01_video_25.npz,6,30,0,0,0,0.0019550717
le2i-blazepose,le2i-blazepose::Coffee_room_01_video_25,data/keypoints_le2i_blazepose/Coffee_room_01_video_25.npz,11,35,0,0,0,0.017966226
le2i-blazepose,le2i-blazepose::Coffee_room_01_video_25,data/keypoints_le2i_blazepose/Coffee_room_01_video_25.npz,16,40,0,0,0,0.016963813
le2i-blazepose,le2i-blazepose::Coffee_room_01_video_25,data/keypoints_le2i_blazepose/Coffee_room_01_video_25.npz,21,45,0,0,0,0.018879717
le2i-blazepose,le2i-blazepose::Coffee_room_01_video_25,data/keypoints_le2i_blazepose/Coffee_room_01_video_25.npz,26,50,0,0,0,0.022653459
le2i-blazepose,le2i-blazepose::Coffee_room_01_video_25,data/keypoints_le2i_blazepose/Coffee_room_01_video_25.npz,31,55,0,0,0,0.014736118
le2i-blazepose,le2i-blazepose::Coffee_room_01_video_25,data/keypoints_le2i_blazepose/Coffee_room_01_video_25.npz,36,60,0,0,0,0.000691827
le2i-blazepose,le2i-blazepose::Coffee_room_01_video_25,data/keypoints_le2i_blazepose/Coffee_room_01_video_25.npz,41,65,0,0,0,0.0005110726
le2i-blazepose,le2i-blazepose::Coffee_room_01_video_25,data/keypoints_le2i_blazepose/Coffee_room_01_video_25.npz,46,70,0,0,0,0.000673436
le2i-blazepose,le2i-blazepose::Coffee_room_01_video_25,data/keypoints_le2i_blazepose/Coffee_room_01_video_25.npz,51,75,0,0,0,0.001219813
le2i-blazepose,le2i-blazepose::Coffee_room_01_video_25,data/keypoints_le2i_blazepose/Coffee_room_01_video_25.npz,56,80,0,0,0,0.0018877079
le2i-blazepose,le2i-blazepose::Coffee_room_01_video_25,data/keypoints_le2i_blazepose/Coffee_room_01_video_25.npz,61,85,0,0,0,0.002366698
le2i-blazepose,le2i-blazepose::Coffee_room_01_video_25,data/keypoints_le2i_blazepose/Coffee_room_01_video_25.npz,66,90,0,0,0,0.0017974422
le2i-blazepose,le2i-blazepose::Coffee_room_01_video_25,data/keypoints_le2i_blazepose/Coffee_room_01_video_25.npz,71,95,0,0,0,0.0037105936
le2i-blazepose,le2i-blazepose::Coffee_room_01_video_25,data/keypoints_le2i_blazepose/Coffee_room_01_video_25.npz,76,100,0,0,0,0.004607372
le2i-blazepose,le2i-blazepose::Coffee_room_01_video_25,data/keypoints_le2i_blazepose/Coffee_room_01_video_25.npz,81,105,0,0,0,0.003914537
le2i-blazepose,le2i-blazepose::Coffee_room_01_video_25,data/keypoints_le2i_blazepose/Coffee_room_01_video_25.npz,86,110,0,0,0,0.004463386
le2i-blazepose,le2i-blazepose::Coffee_room_01_video_25,data/keypoints_le2i_blazepose/Coffee_room_01_video_25.npz,91,115,0,0,0,0.004432429
le2i-blazepose,le2i-blazepose::Coffee_room_01_video_25,data/keypoints_le2i_blazepose/Coffee_room_01_video_25.npz,96,120,0,0,0,0.004213235
le2i-blazepose,le2i-blazepose::Coffee_room_01_video_25,data/keypoints_le2i_blazepose/Coffee_room_01_video_25.npz,101,125,0,0,0,0.003815405
le2i-blazepose,le2i-blazepose::Coffee_room_01_video_25,data/keypoints_le2i_blazepose/Coffee_room_01_video_25.npz,106,130,0,0,0,0.0034630946
le2i-blazepose,le2i-blazepose::Coffee_room_01_video_25,data/keypoints_le2i_blazepose/Coffee_room_01_video_25.npz,111,135,0,0,0,0.005194811
le2i-blazepose,le2i-blazepose::Coffee_room_01_video_25,data/keypoints_le2i_blazepose/Coffee_room_01_video_25.npz,116,140,0,0,0,0.025550274
le2i-blazepose,le2i-blazepose::Coffee_room_01_video_25,data/keypoints_le2i_blazepose/Coffee_room_01_video_25.npz,121,145,1,1,1,0.95264816
le2i-blazepose,le2i-blazepose::Coffee_room_01_video_25,data/keypoints_le2i_blazepose/Coffee_room_01_video_25.npz,126,150,1,1,1,0.9950664
le2i-blazepose,le2i-blazepose::Coffee_room_01_video_25,data/keypoints_le2i_blazepose/Coffee_room_01_video_25.npz,131,155,1,1,1,0.99748766
le2i-blazepose,le2i-blazepose::Coffee_room_01_video_25,data/keypoints_le2i_blazepose/Coffee_room_01_video_25.npz,136,160,1,1,1,0.99748224
le2i-blazepose,le2i-blazepose::Coffee_room_01_video_25,data/keypoints_le2i_blazepose/Coffee_room_01_video_25.npz,141,165,1,1,1,0.9959902
le2i-blazepose,le2i-blazepose::Coffee_room_01_video_25,data/keypoints_le2i_blazepose/Coffee_room_01_video_25.npz,146,170,1,1,1,0.9952242
le2i-blazepose,le2i-blazepose::Coffee_room_01_video_25,data/keypoints_le2i_blazepose/Coffee_room_01_video_25.npz,151,175,1,1,1,0.99467117
le2i-blazepose,le2i-blazepose::Coffee_room_01_video_25,data/keypoints_le2i_blazepose/Coffee_room_01_video_25.npz,156,180,1,1,1,0.9958318
le2i-blazepose,le2i-blazepose::Coffee_room_01_video_25,data/keypoints_le2i_blazepose/Coffee_room_01_video_25.npz,161,185,1,1,1,0.99527824
le2i-blazepose,le2i-blazepose::Coffee_room_01_video_25,data/keypoints_le2i_blazepose/Coffee_room_01_video_25.npz,166,190,1,1,1,0.9934407
le2i-blazepose,le2i-blazepose::Coffee_room_01_video_25,data/keypoints_le2i_blazepose/Coffee_room_01_video_25.npz,171,195,1,1,1,0.85783076
le2i-blazepose,le2i-blazepose::Coffee_room_01_video_25,data/keypoints_le2i_blazepose/Coffee_room_01_video_25.npz,176,200,0,0,1,0.71973395
le2i-blazepose,le2i-blazepose::Coffee_room_01_video_25,data/keypoints_le2i_blazepose/Coffee_room_01_video_25.npz,181,205,0,0,1,0.70318633
le2i-blazepose,le2i-blazepose::Coffee_room_01_video_25,data/keypoints_le2i_blazepose/Coffee_room_01_video_25.npz,186,210,0,0,1,0.6997745
le2i-blazepose,le2i-blazepose::Coffee_room_01_video_25,data/keypoints_le2i_blazepose/Coffee_room_01_video_25.npz,191,215,0,0,1,0.69907725
le2i-blazepose,le2i-blazepose::Coffee_room_01_video_25,data/keypoints_le2i_blazepose/Coffee_room_01_video_25.npz,196,220,0,0,1,0.6988084
le2i-blazepose,le2i-blazepose::Coffee_room_01_video_25,data/keypoints_le2i_blazepose/Coffee_room_01_video_25.npz,201,225,0,0,1,0.69818616
le2i-blazepose,le2i-blazepose::Coffee_room_01_video_25,data/keypoints_le2i_blazepose/Coffee_room_01_video_25.npz,206,230,0,0,1,0.69808245
le2i-blazepose,le2i-blazepose::Coffee_room_01_video_25,data/keypoints_le2i_blazepose/Coffee_room_01_video_25.npz,211,235,0,0,1,0.69826716
le2i-blazepose,le2i-blazepose::Coffee_room_01_video_25,data/keypoints_le2i_blazepose/Coffee_room_01_video_25.npz,216,240,0,0,1,0.6992811
le2i-blazepose,le2i-blazepose::Coffee_room_01_video_25,data/keypoints_le2i_blazepose/Coffee_room_01_video_25.npz,221,245,0,0,1,0.69886565
le2i-blazepose,le2i-blazepose::Coffee_room_01_video_25,data/keypoints_le2i_blazepose/Coffee_room_01_video_25.npz,226,250,0,0,1,0.6985604
le2i-blazepose,le2i-blazepose::Coffee_room_01_video_25,data/keypoints_le2i_blazepose/Coffee_room_01_video_25.npz,231,255,0,0,1,0.6976913
le2i-blazepose,le2i-blazepose::Coffee_room_01_video_25,data/keypoints_le2i_blazepose/Coffee_room_01_video_25.npz,236,260,0,0,1,0.6964542
le2i-blazepose,le2i-blazepose::Coffee_room_01_video_29,data/keypoints_le2i_blazepose/Coffee_room_01_video_29.npz,1,25,0,0,1,0.84524715
le2i-blazepose,le2i-blazepose::Coffee_room_01_video_29,data/keypoints_le2i_blazepose/Coffee_room_01_video_29.npz,6,30,0,0,0,0.41143036
le2i-blazepose,le2i-blazepose::Coffee_room_01_video_29,data/keypoints_le2i_blazepose/Coffee_room_01_video_29.npz,11,35,0,0,0,0.6220829
le2i-blazepose,le2i-blazepose::Coffee_room_01_video_29,data/keypoints_le2i_blazepose/Coffee_room_01_video_29.npz,16,40,0,0,1,0.80443037
le2i-blazepose,le2i-blazepose::Coffee_room_01_video_29,data/keypoints_le2i_blazepose/Coffee_room_01_video_29.npz,21,45,0,0,0,0.019096194
le2i-blazepose,le2i-blazepose::Coffee_room_01_video_29,data/keypoints_le2i_blazepose/Coffee_room_01_video_29.npz,26,50,0,0,0,0.11391541
le2i-blazepose,le2i-blazepose::Coffee_room_01_video_29,data/keypoints_le2i_blazepose/Coffee_room_01_video_29.npz,31,55,0,0,0,0.041543152
le2i-blazepose,le2i-blazepose::Coffee_room_01_video_29,data/keypoints_le2i_blazepose/Coffee_room_01_video_29.npz,36,60,0,0,0,0.03078994
le2i-blazepose,le2i-blazepose::Coffee_room_01_video_29,data/keypoints_le2i_blazepose/Coffee_room_01_video_29.npz,41,65,0,0,0,0.022340871
le2i-blazepose,le2i-blazepose::Coffee_room_01_video_29,data/keypoints_le2i_blazepose/Coffee_room_01_video_29.npz,46,70,0,0,0,0.01226343
le2i-blazepose,le2i-blazepose::Coffee_room_01_video_29,data/keypoints_le2i_blazepose/Coffee_room_01_video_29.npz,51,75,0,0,0,0.0066420627
le2i-blazepose,le2i-blazepose::Coffee_room_01_video_29,data/keypoints_le2i_blazepose/Coffee_room_01_video_29.npz,56,80,0,0,0,0.005593759
le2i-blazepose,le2i-blazepose::Coffee_room_01_video_29,data/keypoints_le2i_blazepose/Coffee_room_01_video_29.npz,61,85,0,0,0,0.004927126
le2i-blazepose,le2i-blazepose::Coffee_room_01_video_29,data/keypoints_le2i_blazepose/Coffee_room_01_video_29.npz,66,90,0,0,0,0.0041250987
le2i-blazepose,le2i-blazepose::Coffee_room_01_video_29,data/keypoints_le2i_blazepose/Coffee_room_01_video_29.npz,71,95,0,0,0,0.0034849474
le2i-blazepose,le2i-blazepose::Coffee_room_01_video_29,data/keypoints_le2i_blazepose/Coffee_room_01_video_29.npz,76,100,0,0,0,0.002984978
le2i-blazepose,le2i-blazepose::Coffee_room_01_video_29,data/keypoints_le2i_blazepose/Coffee_room_01_video_29.npz,81,105,0,0,0,0.0027666534
le2i-blazepose,le2i-blazepose::Coffee_room_01_video_29,data/keypoints_le2i_blazepose/Coffee_room_01_video_29.npz,86,110,0,0,0,0.0024642774
le2i-blazepose,le2i-blazepose::Coffee_room_01_video_29,data/keypoints_le2i_blazepose/Coffee_room_01_video_29.npz,91,115,0,0,0,0.0022199366
le2i-blazepose,le2i-blazepose::Coffee_room_01_video_29,data/keypoints_le2i_blazepose/Coffee_room_01_video_29.npz,96,120,0,0,0,0.0013912753
le2i-blazepose,le2i-blazepose::Coffee_room_01_video_29,data/keypoints_le2i_blazepose/Coffee_room_01_video_29.npz,101,125,0,0,0,0.00051561254
le2i-blazepose,le2i-blazepose::Coffee_room_01_video_29,data/keypoints_le2i_blazepose/Coffee_room_01_video_29.npz,106,130,0,0,0,0.0005417854
le2i-blazepose,le2i-blazepose::Coffee_room_01_video_29,data/keypoints_le2i_blazepose/Coffee_room_01_video_29.npz,111,135,0,0,0,0.0009187844
le2i-blazepose,le2i-blazepose::Coffee_room_01_video_29,data/keypoints_le2i_blazepose/Coffee_room_01_video_29.npz,116,140,0,0,0,0.0009902432
le2i-blazepose,le2i-blazepose::Coffee_room_01_video_29,data/keypoints_le2i_blazepose/Coffee_room_01_video_29.npz,121,145,0,0,0,0.00092981895
le2i-blazepose,le2i-blazepose::Coffee_room_01_video_29,data/keypoints_le2i_blazepose/Coffee_room_01_video_29.npz,126,150,0,0,0,0.00078878936
le2i-blazepose,le2i-blazepose::Coffee_room_01_video_29,data/keypoints_le2i_blazepose/Coffee_room_01_video_29.npz,131,155,0,0,0,0.0007419968
le2i-blazepose,le2i-blazepose::Coffee_room_01_video_29,data/keypoints_le2i_blazepose/Coffee_room_01_video_29.npz,136,160,0,0,0,0.0007446411
le2i-blazepose,le2i-blazepose::Coffee_room_01_video_29,data/keypoints_le2i_blazepose/Coffee_room_01_video_29.npz,141,165,0,0,0,0.000746869
le2i-blazepose,le2i-blazepose::Coffee_room_01_video_29,data/keypoints_le2i_blazepose/Coffee_room_01_video_29.npz,146,170,0,0,0,0.00094314746
le2i-blazepose,le2i-blazepose::Coffee_room_01_video_29,data/keypoints_le2i_blazepose/Coffee_room_01_video_29.npz,151,175,0,0,0,0.0012198386
le2i-blazepose,le2i-blazepose::Coffee_room_01_video_29,data/keypoints_le2i_blazepose/Coffee_room_01_video_29.npz,156,180,0,0,0,0.0012293871
le2i-blazepose,le2i-blazepose::Coffee_room_01_video_29,data/keypoints_le2i_blazepose/Coffee_room_01_video_29.npz,161,185,0,0,0,0.0012433253
le2i-blazepose,le2i-blazepose::Coffee_room_01_video_29,data/keypoints_le2i_blazepose/Coffee_room_01_video_29.npz,166,190,0,0,0,0.0013169139
le2i-blazepose,le2i-blazepose::Coffee_room_01_video_29,data/keypoints_le2i_blazepose/Coffee_room_01_video_29.npz,171,195,0,0,0,0.0006279073
le2i-blazepose,le2i-blazepose::Coffee_room_01_video_29,data/keypoints_le2i_blazepose/Coffee_room_01_video_29.npz,176,200,0,0,0,0.0006222139
le2i-blazepose,le2i-blazepose::Coffee_room_01_video_29,data/keypoints_le2i_blazepose/Coffee_room_01_video_29.npz,181,205,0,0,0,0.00054081745
le2i-blazepose,le2i-blazepose::Coffee_room_01_video_29,data/keypoints_le2i_blazepose/Coffee_room_01_video_29.npz,186,210,0,0,0,0.0004963552
le2i-blazepose,le2i-blazepose::Coffee_room_01_video_29,data/keypoints_le2i_blazepose/Coffee_room_01_video_29.npz,191,215,0,0,0,0.00043844388
le2i-blazepose,le2i-blazepose::Coffee_room_01_video_29,data/keypoints_le2i_blazepose/Coffee_room_01_video_29.npz,196,220,0,0,0,0.0007608149
le2i-blazepose,le2i-blazepose::Coffee_room_01_video_29,data/keypoints_le2i_blazepose/Coffee_room_01_video_29.npz,201,225,0,0,0,0.00058563316
le2i-blazepose,le2i-blazepose::Coffee_room_01_video_29,data/keypoints_le2i_blazepose/Coffee_room_01_video_29.npz,206,230,0,0,0,0.0005346603
le2i-blazepose,le2i-blazepose::Coffee_room_01_video_29,data/keypoints_le2i_blazepose/Coffee_room_01_video_29.npz,211,235,0,0,0,0.00056513137
le2i-blazepose,le2i-blazepose::Coffee_room_01_video_29,data/keypoints_le2i_blazepose/Coffee_room_01_video_29.npz,216,240,0,0,0,0.00059239543
le2i-blazepose,le2i-blazepose::Coffee_room_01_video_29,data/keypoints_le2i_blazepose/Coffee_room_01_video_29.npz,221,245,0,0,0,0.00060977327
le2i-blazepose,le2i-blazepose::Coffee_room_01_video_29,data/keypoints_le2i_blazepose/Coffee_room_01_video_29.npz,226,250,0,0,0,0.0009492425
le2i-blazepose,le2i-blazepose::Coffee_room_01_video_29,data/keypoints_le2i_blazepose/Coffee_room_01_video_29.npz,231,255,0,0,0,0.0010686008
le2i-blazepose,le2i-blazepose::Coffee_room_01_video_29,data/keypoints_le2i_blazepose/Coffee_room_01_video_29.npz,236,260,0,0,0,0.0008399136
le2i-blazepose,le2i-blazepose::Coffee_room_01_video_29,data/keypoints_le2i_blazepose/Coffee_room_01_video_29.npz,241,265,0,0,0,0.000912532
le2i-blazepose,le2i-blazepose::Coffee_room_01_video_29,data/keypoints_le2i_blazepose/Coffee_room_01_video_29.npz,246,270,0,0,0,0.0009846851
le2i-blazepose,le2i-blazepose::Coffee_room_01_video_29,data/keypoints_le2i_blazepose/Coffee_room_01_video_29.npz,251,275,0,0,0,0.0010775704
le2i-blazepose,le2i-blazepose::Coffee_room_01_video_29,data/keypoints_le2i_blazepose/Coffee_room_01_video_29.npz,256,280,0,0,0,0.0012524418
le2i-blazepose,le2i-blazepose::Coffee_room_01_video_29,data/keypoints_le2i_blazepose/Coffee_room_01_video_29.npz,261,285,0,0,0,0.001363689
le2i-blazepose,le2i-blazepose::Coffee_room_01_video_29,data/keypoints_le2i_blazepose/Coffee_room_01_video_29.npz,266,290,0,0,0,0.0015070338
le2i-blazepose,le2i-blazepose::Coffee_room_01_video_29,data/keypoints_le2i_blazepose/Coffee_room_01_video_29.npz,271,295,0,0,0,0.0021505635
le2i-blazepose,le2i-blazepose::Coffee_room_01_video_29,data/keypoints_le2i_blazepose/Coffee_room_01_video_29.npz,276,300,0,0,0,0.007142542
le2i-blazepose,le2i-blazepose::Coffee_room_01_video_29,data/keypoints_le2i_blazepose/Coffee_room_01_video_29.npz,281,305,1,1,0,0.6701369
le2i-blazepose,le2i-blazepose::Coffee_room_01_video_29,data/keypoints_le2i_blazepose/Coffee_room_01_video_29.npz,286,310,1,1,1,0.9923132
le2i-blazepose,le2i-blazepose::Coffee_room_01_video_29,data/keypoints_le2i_blazepose/Coffee_room_01_video_29.npz,291,315,1,1,1,0.99710923
le2i-blazepose,le2i-blazepose::Coffee_room_01_video_29,data/keypoints_le2i_blazepose/Coffee_room_01_video_29.npz,296,320,1,1,1,0.99631065
le2i-blazepose,le2i-blazepose::Coffee_room_01_video_29,data/keypoints_le2i_blazepose/Coffee_room_01_video_29.npz,301,325,1,1,1,0.99637514
le2i-blazepose,le2i-blazepose::Coffee_room_01_video_34,data/keypoints_le2i_blazepose/Coffee_room_01_video_34.npz,1,25,0,0,0,0.0010983126
le2i-blazepose,le2i-blazepose::Coffee_room_01_video_34,data/keypoints_le2i_blazepose/Coffee_room_01_video_34.npz,6,30,0,0,0,0.00066739524
le2i-blazepose,le2i-blazepose::Coffee_room_01_video_34,data/keypoints_le2i_blazepose/Coffee_room_01_video_34.npz,11,35,0,0,0,0.00094923837
le2i-blazepose,le2i-blazepose::Coffee_room_01_video_34,data/keypoints_le2i_blazepose/Coffee_room_01_video_34.npz,16,40,0,0,0,0.0015903604
le2i-blazepose,le2i-blazepose::Coffee_room_01_video_34,data/keypoints_le2i_blazepose/Coffee_room_01_video_34.npz,21,45,0,0,0,0.0032728377
le2i-blazepose,le2i-blazepose::Coffee_room_01_video_34,data/keypoints_le2i_blazepose/Coffee_room_01_video_34.npz,26,50,0,0,0,0.0061814375
le2i-blazepose,le2i-blazepose::Coffee_room_01_video_34,data/keypoints_le2i_blazepose/Coffee_room_01_video_34.npz,31,55,0,0,0,0.018883822
le2i-blazepose,le2i-blazepose::Coffee_room_01_video_34,data/keypoints_le2i_blazepose/Coffee_room_01_video_34.npz,36,60,0,0,0,0.030861236
le2i-blazepose,le2i-blazepose::Coffee_room_01_video_34,data/keypoints_le2i_blazepose/Coffee_room_01_video_34.npz,41,65,0,0,0,0.020452786
le2i-blazepose,le2i-blazepose::Coffee_room_01_video_34,data/keypoints_le2i_blazepose/Coffee_room_01_video_34.npz,46,70,0,0,0,0.01164134
le2i-blazepose,le2i-blazepose::Coffee_room_01_video_34,data/keypoints_le2i_blazepose/Coffee_room_01_video_34.npz,51,75,0,0,0,0.008843372
le2i-blazepose,le2i-blazepose::Coffee_room_01_video_34,data/keypoints_le2i_blazepose/Coffee_room_01_video_34.npz,56,80,0,0,0,0.0025023476
le2i-blazepose,le2i-blazepose::Coffee_room_01_video_34,data/keypoints_le2i_blazepose/Coffee_room_01_video_34.npz,61,85,0,0,0,0.0018746261
le2i-blazepose,le2i-blazepose::Coffee_room_01_video_34,data/keypoints_le2i_blazepose/Coffee_room_01_video_34.npz,66,90,0,0,0,0.0017566085
le2i-blazepose,le2i-blazepose::Coffee_room_01_video_34,data/keypoints_le2i_blazepose/Coffee_room_01_video_34.npz,71,95,0,0,0,0.0017328612
le2i-blazepose,le2i-blazepose::Coffee_room_01_video_34,data/keypoints_le2i_blazepose/Coffee_room_01_video_34.npz,76,100,0,0,0,0.00159249
le2i-blazepose,le2i-blazepose::Coffee_room_01_video_34,data/keypoints_le2i_blazepose/Coffee_room_01_video_34.npz,81,105,0,0,0,0.0051820357
le2i-blazepose,le2i-blazepose::Coffee_room_01_video_34,data/keypoints_le2i_blazepose/Coffee_room_01_video_34.npz,86,110,0,0,0,0.0025464976
le2i-blazepose,le2i-blazepose::Coffee_room_01_video_34,data/keypoints_le2i_blazepose/Coffee_room_01_video_34.npz,91,115,0,0,0,0.002927705
le2i-blazepose,le2i-blazepose::Coffee_room_01_video_34,data/keypoints_le2i_blazepose/Coffee_room_01_video_34.npz,96,120,0,0,0,0.0033508532
le2i-blazepose,le2i-blazepose::Coffee_room_01_video_34,data/keypoints_le2i_blazepose/Coffee_room_01_video_34.npz,101,125,0,0,0,0.0033604219
le2i-blazepose,le2i-blazepose::Coffee_room_01_video_34,data/keypoints_le2i_blazepose/Coffee_room_01_video_34.npz,106,130,0,0,0,0.0032881577
le2i-blazepose,le2i-blazepose::Coffee_room_01_video_34,data/keypoints_le2i_blazepose/Coffee_room_01_video_34.npz,111,135,0,0,0,0.0033269138
le2i-blazepose,le2i-blazepose::Coffee_room_01_video_34,data/keypoints_le2i_blazepose/Coffee_room_01_video_34.npz,116,140,0,0,0,0.003225379
le2i-blazepose,le2i-blazepose::Coffee_room_01_video_34,data/keypoints_le2i_blazepose/Coffee_room_01_video_34.npz,121,145,0,0,0,0.010787203
le2i-blazepose,le2i-blazepose::Coffee_room_01_video_34,data/keypoints_le2i_blazepose/Coffee_room_01_video_34.npz,126,150,0,0,0,0.008353867
le2i-blazepose,le2i-blazepose::Coffee_room_01_video_34,data/keypoints_le2i_blazepose/Coffee_room_01_video_34.npz,131,155,0,0,0,0.0016503761
le2i-blazepose,le2i-blazepose::Coffee_room_01_video_34,data/keypoints_le2i_blazepose/Coffee_room_01_video_34.npz,136,160,0,0,0,0.001027182
le2i-blazepose,le2i-blazepose::Coffee_room_01_video_34,data/keypoints_le2i_blazepose/Coffee_room_01_video_34.npz,141,165,0,0,0,0.0007348578
le2i-blazepose,le2i-blazepose::Coffee_room_01_video_34,data/keypoints_le2i_blazepose/Coffee_room_01_video_34.npz,146,170,0,0,0,0.00056798937
le2i-blazepose,le2i-blazepose::Coffee_room_01_video_34,data/keypoints_le2i_blazepose/Coffee_room_01_video_34.npz,151,175,0,0,0,0.0005174323
le2i-blazepose,le2i-blazepose::Coffee_room_01_video_34,data/keypoints_le2i_blazepose/Coffee_room_01_video_34.npz,156,180,0,0,0,0.0004856898
le2i-blazepose,le2i-blazepose::Coffee_room_01_video_34,data/keypoints_le2i_blazepose/Coffee_room_01_video_34.npz,161,185,0,0,0,0.00046153946
le2i-blazepose,le2i-blazepose::Coffee_room_01_video_34,data/keypoints_le2i_blazepose/Coffee_room_01_video_34.npz,166,190,0,0,0,0.00048694882
le2i-blazepose,le2i-blazepose::Coffee_room_01_video_34,data/keypoints_le2i_blazepose/Coffee_room_01_video_34.npz,171,195,0,0,0,0.0005380677
le2i-blazepose,le2i-blazepose::Coffee_room_01_video_34,data/keypoints_le2i_blazepose/Coffee_room_01_video_34.npz,176,200,0,0,0,0.0006224049
le2i-blazepose,le2i-blazepose::Coffee_room_01_video_34,data/keypoints_le2i_blazepose/Coffee_room_01_video_34.npz,181,205,0,0,0,0.0008121597
le2i-blazepose,le2i-blazepose::Coffee_room_01_video_34,data/keypoints_le2i_blazepose/Coffee_room_01_video_34.npz,186,210,0,0,0,0.0010186576
le2i-blazepose,le2i-blazepose::Coffee_room_01_video_34,data/keypoints_le2i_blazepose/Coffee_room_01_video_34.npz,191,215,0,0,0,0.001037555
le2i-blazepose,le2i-blazepose::Coffee_room_01_video_34,data/keypoints_le2i_blazepose/Coffee_room_01_video_34.npz,196,220,0,0,0,0.0011177165
le2i-blazepose,le2i-blazepose::Coffee_room_01_video_34,data/keypoints_le2i_blazepose/Coffee_room_01_video_34.npz,201,225,0,0,0,0.00115663
le2i-blazepose,le2i-blazepose::Coffee_room_01_video_34,data/keypoints_le2i_blazepose/Coffee_room_01_video_34.npz,206,230,0,0,0,0.0011025517
le2i-blazepose,le2i-blazepose::Coffee_room_01_video_34,data/keypoints_le2i_blazepose/Coffee_room_01_video_34.npz,211,235,0,0,0,0.0009188303
le2i-blazepose,le2i-blazepose::Coffee_room_01_video_34,data/keypoints_le2i_blazepose/Coffee_room_01_video_34.npz,216,240,0,0,0,0.0007545977
le2i-blazepose,le2i-blazepose::Coffee_room_01_video_34,data/keypoints_le2i_blazepose/Coffee_room_01_video_34.npz,221,245,0,0,0,0.00067886844
le2i-blazepose,le2i-blazepose::Coffee_room_01_video_34,data/keypoints_le2i_blazepose/Coffee_room_01_video_34.npz,226,250,0,0,0,0.0007074259
le2i-blazepose,le2i-blazepose::Coffee_room_01_video_34,data/keypoints_le2i_blazepose/Coffee_room_01_video_34.npz,231,255,0,0,0,0.0008841016
le2i-blazepose,le2i-blazepose::Coffee_room_01_video_34,data/keypoints_le2i_blazepose/Coffee_room_01_video_34.npz,236,260,0,0,0,0.0010768664
le2i-blazepose,le2i-blazepose::Coffee_room_01_video_34,data/keypoints_le2i_blazepose/Coffee_room_01_video_34.npz,241,265,0,0,0,0.0010446431
le2i-blazepose,le2i-blazepose::Coffee_room_01_video_34,data/keypoints_le2i_blazepose/Coffee_room_01_video_34.npz,246,270,0,0,0,0.0008105634
le2i-blazepose,le2i-blazepose::Coffee_room_01_video_34,data/keypoints_le2i_blazepose/Coffee_room_01_video_34.npz,251,275,0,0,0,0.00056826574
le2i-blazepose,le2i-blazepose::Coffee_room_01_video_34,data/keypoints_le2i_blazepose/Coffee_room_01_video_34.npz,256,280,0,0,0,0.0004317144
le2i-blazepose,le2i-blazepose::Coffee_room_01_video_34,data/keypoints_le2i_blazepose/Coffee_room_01_video_34.npz,261,285,0,0,0,0.000625142
le2i-blazepose,le2i-blazepose::Coffee_room_01_video_34,data/keypoints_le2i_blazepose/Coffee_room_01_video_34.npz,266,290,0,0,0,0.0012136082
le2i-blazepose,le2i-blazepose::Coffee_room_01_video_34,data/keypoints_le2i_blazepose/Coffee_room_01_video_34.npz,271,295,0,0,0,0.00118191
le2i-blazepose,le2i-blazepose::Coffee_room_01_video_34,data/keypoints_le2i_blazepose/Coffee_room_01_video_34.npz,276,300,0,0,0,0.0011732912
le2i-blazepose,le2i-blazepose::Coffee_room_01_video_34,data/keypoints_le2i_blazepose/Coffee_room_01_video_34.npz,281,305,0,0,0,0.0015445242
le2i-blazepose,le2i-blazepose::Coffee_room_01_video_34,data/keypoints_le2i_blazepose/Coffee_room_01_video_34.npz,286,310,0,0,0,0.002212249
le2i-blazepose,le2i-blazepose::Coffee_room_01_video_34,data/keypoints_le2i_blazepose/Coffee_room_01_video_34.npz,291,315,0,0,0,0.0036854886
le2i-blazepose,le2i-blazepose::Coffee_room_01_video_34,data/keypoints_le2i_blazepose/Coffee_room_01_video_34.npz,296,320,0,0,0,0.005634979
le2i-blazepose,le2i-blazepose::Coffee_room_01_video_34,data/keypoints_le2i_blazepose/Coffee_room_01_video_34.npz,301,325,0,0,0,0.014994951
le2i-blazepose,le2i-blazepose::Coffee_room_01_video_34,data/keypoints_le2i_blazepose/Coffee_room_01_video_34.npz,306,330,0,0,0,0.08917347
le2i-blazepose,le2i-blazepose::Coffee_room_01_video_34,data/keypoints_le2i_blazepose/Coffee_room_01_video_34.npz,311,335,0,0,1,0.75733596
le2i-blazepose,le2i-blazepose::Coffee_room_01_video_34,data/keypoints_le2i_blazepose/Coffee_room_01_video_34.npz,316,340,1,1,1,0.992046
le2i-blazepose,le2i-blazepose::Coffee_room_01_video_34,data/keypoints_le2i_blazepose/Coffee_room_01_video_34.npz,321,345,1,1,1,0.99831367
le2i-blazepose,le2i-blazepose::Coffee_room_01_video_34,data/keypoints_le2i_blazepose/Coffee_room_01_video_34.npz,326,350,1,1,1,0.99884194
le2i-blazepose,le2i-blazepose::Coffee_room_01_video_34,data/keypoints_le2i_blazepose/Coffee_room_01_video_34.npz,331,355,1,1,1,0.99874985
le2i-blazepose,le2i-blazepose::Coffee_room_01_video_34,data/keypoints_le2i_blazepose/Coffee_room_01_video_34.npz,336,360,1,1,1,0.99721634
le2i-blazepose,le2i-blazepose::Coffee_room_01_video_34,data/keypoints_le2i_blazepose/Coffee_room_01_video_34.npz,341,365,1,1,1,0.98050594
le2i-blazepose,le2i-blazepose::Coffee_room_01_video_34,data/keypoints_le2i_blazepose/Coffee_room_01_video_34.npz,346,370,1,1,0,0.34133467
le2i-blazepose,le2i-blazepose::Coffee_room_01_video_34,data/keypoints_le2i_blazepose/Coffee_room_01_video_34.npz,351,375,0,0,0,0.33342293
le2i-blazepose,le2i-blazepose::Coffee_room_01_video_34,data/keypoints_le2i_blazepose/Coffee_room_01_video_34.npz,356,380,0,0,0,0.33609003
le2i-blazepose,le2i-blazepose::Coffee_room_01_video_34,data/keypoints_le2i_blazepose/Coffee_room_01_video_34.npz,361,385,0,0,0,0.3370616
le2i-blazepose,le2i-blazepose::Coffee_room_01_video_34,data/keypoints_le2i_blazepose/Coffee_room_01_video_34.npz,366,390,0,0,0,0.3363487
le2i-blazepose,le2i-blazepose::Coffee_room_01_video_34,data/keypoints_le2i_blazepose/Coffee_room_01_video_34.npz,371,395,0,0,0,0.33306822
le2i-blazepose,le2i-blazepose::Coffee_room_01_video_34,data/keypoints_le2i_blazepose/Coffee_room_01_video_34.npz,376,400,0,0,0,0.3325886
le2i-blazepose,le2i-blazepose::Coffee_room_01_video_34,data/keypoints_le2i_blazepose/Coffee_room_01_video_34.npz,381,405,0,0,0,0.3328079
le2i-blazepose,le2i-blazepose::Coffee_room_01_video_34,data/keypoints_le2i_blazepose/Coffee_room_01_video_34.npz,386,410,0,0,0,0.3331407
le2i-blazepose,le2i-blazepose::Coffee_room_01_video_34,data/keypoints_le2i_blazepose/Coffee_room_01_video_34.npz,391,415,0,0,0,0.33401892
le2i-blazepose,le2i-blazepose::Coffee_room_01_video_35,data/keypoints_le2i_blazepose/Coffee_room_01_video_35.npz,1,25,0,0,0,0.054294296
le2i-blazepose,le2i-blazepose::Coffee_room_01_video_35,data/keypoints_le2i_blazepose/Coffee_room_01_video_35.npz,6,30,0,0,0,0.051134378
le2i-blazepose,le2i-blazepose::Coffee_room_01_video_35,data/keypoints_le2i_blazepose/Coffee_room_01_video_35.npz,11,35,0,0,0,0.045011003
le2i-blazepose,le2i-blazepose::Coffee_room_01_video_35,data/keypoints_le2i_blazepose/Coffee_room_01_video_35.npz,16,40,0,0,0,0.04970823
le2i-blazepose,le2i-blazepose::Coffee_room_01_video_35,data/keypoints_le2i_blazepose/Coffee_room_01_video_35.npz,21,45,0,0,0,0.039507918
le2i-blazepose,le2i-blazepose::Coffee_room_01_video_35,data/keypoints_le2i_blazepose/Coffee_room_01_video_35.npz,26,50,0,0,0,0.13464916
le2i-blazepose,le2i-blazepose::Coffee_room_01_video_35,data/keypoints_le2i_blazepose/Coffee_room_01_video_35.npz,31,55,0,0,0,0.0213424
le2i-blazepose,le2i-blazepose::Coffee_room_01_video_35,data/keypoints_le2i_blazepose/Coffee_room_01_video_35.npz,36,60,0,0,0,0.028121015
le2i-blazepose,le2i-blazepose::Coffee_room_01_video_35,data/keypoints_le2i_blazepose/Coffee_room_01_video_35.npz,41,65,0,0,0,0.05243537
le2i-blazepose,le2i-blazepose::Coffee_room_01_video_35,data/keypoints_le2i_blazepose/Coffee_room_01_video_35.npz,46,70,0,0,0,0.08898293
le2i-blazepose,le2i-blazepose::Coffee_room_01_video_35,data/keypoints_le2i_blazepose/Coffee_room_01_video_35.npz,51,75,0,0,0,0.17078091
le2i-blazepose,le2i-blazepose::Coffee_room_01_video_35,data/keypoints_le2i_blazepose/Coffee_room_01_video_35.npz,56,80,0,0,0,0.18944871
le2i-blazepose,le2i-blazepose::Coffee_room_01_video_35,data/keypoints_le2i_blazepose/Coffee_room_01_video_35.npz,61,85,1,1,0,0.072659135
le2i-blazepose,le2i-blazepose::Coffee_room_01_video_35,data/keypoints_le2i_blazepose/Coffee_room_01_video_35.npz,66,90,1,1,0,0.080970064
le2i-blazepose,le2i-blazepose::Coffee_room_01_video_35,data/keypoints_le2i_blazepose/Coffee_room_01_video_35.npz,71,95,1,1,0,0.20118277
le2i-blazepose,le2i-blazepose::Coffee_room_01_video_35,data/keypoints_le2i_blazepose/Coffee_room_01_video_35.npz,76,100,1,1,1,0.73576653
le2i-blazepose,le2i-blazepose::Coffee_room_01_video_35,data/keypoints_le2i_blazepose/Coffee_room_01_video_35.npz,81,105,1,1,1,0.8780139
le2i-blazepose,le2i-blazepose::Coffee_room_01_video_35,data/keypoints_le2i_blazepose/Coffee_room_01_video_35.npz,86,110,1,1,1,0.96450704
le2i-blazepose,le2i-blazepose::Coffee_room_01_video_35,data/keypoints_le2i_blazepose/Coffee_room_01_video_35.npz,91,115,1,1,1,0.96376294
le2i-blazepose,le2i-blazepose::Coffee_room_01_video_35,data/keypoints_le2i_blazepose/Coffee_room_01_video_35.npz,96,120,1,1,1,0.7598207
le2i-blazepose,le2i-blazepose::Coffee_room_01_video_35,data/keypoints_le2i_blazepose/Coffee_room_01_video_35.npz,101,125,0,0,0,0.4646145
le2i-blazepose,le2i-blazepose::Coffee_room_01_video_35,data/keypoints_le2i_blazepose/Coffee_room_01_video_35.npz,106,130,0,0,0,0.40176636
le2i-blazepose,le2i-blazepose::Coffee_room_01_video_35,data/keypoints_le2i_blazepose/Coffee_room_01_video_35.npz,111,135,0,0,0,0.3812125
le2i-blazepose,le2i-blazepose::Coffee_room_01_video_35,data/keypoints_le2i_blazepose/Coffee_room_01_video_35.npz,116,140,0,0,0,0.38279554
le2i-blazepose,le2i-blazepose::Coffee_room_01_video_35,data/keypoints_le2i_blazepose/Coffee_room_01_video_35.npz,121,145,0,0,0,0.3860127
le2i-blazepose,le2i-blazepose::Coffee_room_01_video_35,data/keypoints_le2i_blazepose/Coffee_room_01_video_35.npz,126,150,0,0,0,0.3823239
le2i-blazepose,le2i-blazepose::Coffee_room_01_video_35,data/keypoints_le2i_blazepose/Coffee_room_01_video_35.npz,131,155,0,0,0,0.38469478
le2i-blazepose,le2i-blazepose::Coffee_room_01_video_35,data/keypoints_le2i_blazepose/Coffee_room_01_video_35.npz,136,160,0,0,0,0.38579148
le2i-blazepose,le2i-blazepose::Coffee_room_01_video_35,data/keypoints_le2i_blazepose/Coffee_room_01_video_35.npz,141,165,0,0,0,0.3825907
le2i-blazepose,le2i-blazepose::Coffee_room_01_video_35,data/keypoints_le2i_blazepose/Coffee_room_01_video_35.npz,146,170,0,0,0,0.3831786
le2i-blazepose,le2i-blazepose::Coffee_room_01_video_35,data/keypoints_le2i_blazepose/Coffee_room_01_video_35.npz,151,175,0,0,0,0.38108268
le2i-blazepose,le2i-blazepose::Coffee_room_01_video_35,data/keypoints_le2i_blazepose/Coffee_room_01_video_35.npz,156,180,0,0,0,0.38269144
le2i-blazepose,le2i-blazepose::Coffee_room_01_video_35,data/keypoints_le2i_blazepose/Coffee_room_01_video_35.npz,161,185,0,0,0,0.38150114
le2i-blazepose,le2i-blazepose::Coffee_room_01_video_35,data/keypoints_le2i_blazepose/Coffee_room_01_video_35.npz,166,190,0,0,0,0.3816581
le2i-blazepose,le2i-blazepose::Coffee_room_01_video_35,data/keypoints_le2i_blazepose/Coffee_room_01_video_35.npz,171,195,0,0,0,0.38325924
le2i-blazepose,le2i-blazepose::Coffee_room_01_video_35,data/keypoints_le2i_blazepose/Coffee_room_01_video_35.npz,176,200,0,0,0,0.38153726
le2i-blazepose,le2i-blazepose::Coffee_room_01_video_35,data/keypoints_le2i_blazepose/Coffee_room_01_video_35.npz,181,205,0,0,0,0.37944445
le2i-blazepose,le2i-blazepose::Coffee_room_01_video_35,data/keypoints_le2i_blazepose/Coffee_room_01_video_35.npz,186,210,0,0,0,0.38309744
le2i-blazepose,le2i-blazepose::Coffee_room_01_video_35,data/keypoints_le2i_blazepose/Coffee_room_01_video_35.npz,191,215,0,0,0,0.38621196
le2i-blazepose,le2i-blazepose::Coffee_room_01_video_35,data/keypoints_le2i_blazepose/Coffee_room_01_video_35.npz,196,220,0,0,0,0.39274025
le2i-blazepose,le2i-blazepose::Coffee_room_01_video_35,data/keypoints_le2i_blazepose/Coffee_room_01_video_35.npz,201,225,0,0,0,0.3899704
le2i-blazepose,le2i-blazepose::Coffee_room_01_video_35,data/keypoints_le2i_blazepose/Coffee_room_01_video_35.npz,206,230,0,0,0,0.37607348
le2i-blazepose,le2i-blazepose::Coffee_room_01_video_42,data/keypoints_le2i_blazepose/Coffee_room_01_video_42.npz,1,25,0,0,0,0.0006653661
le2i-blazepose,le2i-blazepose::Coffee_room_01_video_42,data/keypoints_le2i_blazepose/Coffee_room_01_video_42.npz,6,30,0,0,0,0.0009804104
le2i-blazepose,le2i-blazepose::Coffee_room_01_video_42,data/keypoints_le2i_blazepose/Coffee_room_01_video_42.npz,11,35,0,0,0,0.0012542737
le2i-blazepose,le2i-blazepose::Coffee_room_01_video_42,data/keypoints_le2i_blazepose/Coffee_room_01_video_42.npz,16,40,0,0,0,0.0012666972
le2i-blazepose,le2i-blazepose::Coffee_room_01_video_42,data/keypoints_le2i_blazepose/Coffee_room_01_video_42.npz,21,45,0,0,0,0.0010614379
le2i-blazepose,le2i-blazepose::Coffee_room_01_video_42,data/keypoints_le2i_blazepose/Coffee_room_01_video_42.npz,26,50,0,0,0,0.00078735605
le2i-blazepose,le2i-blazepose::Coffee_room_01_video_42,data/keypoints_le2i_blazepose/Coffee_room_01_video_42.npz,31,55,0,0,0,0.0006123848
le2i-blazepose,le2i-blazepose::Coffee_room_01_video_42,data/keypoints_le2i_blazepose/Coffee_room_01_video_42.npz,36,60,0,0,0,0.00047528016
le2i-blazepose,le2i-blazepose::Coffee_room_01_video_42,data/keypoints_le2i_blazepose/Coffee_room_01_video_42.npz,41,65,0,0,0,0.00048465637
le2i-blazepose,le2i-blazepose::Coffee_room_01_video_42,data/keypoints_le2i_blazepose/Coffee_room_01_video_42.npz,46,70,0,0,0,0.0012968755
le2i-blazepose,le2i-blazepose::Coffee_room_01_video_42,data/keypoints_le2i_blazepose/Coffee_room_01_video_42.npz,51,75,0,0,0,0.0018313323
le2i-blazepose,le2i-blazepose::Coffee_room_01_video_42,data/keypoints_le2i_blazepose/Coffee_room_01_video_42.npz,56,80,0,0,0,0.0018976787
le2i-blazepose,le2i-blazepose::Coffee_room_01_video_42,data/keypoints_le2i_blazepose/Coffee_room_01_video_42.npz,61,85,0,0,0,0.002027748
le2i-blazepose,le2i-blazepose::Coffee_room_01_video_42,data/keypoints_le2i_blazepose/Coffee_room_01_video_42.npz,66,90,0,0,0,0.002308257
le2i-blazepose,le2i-blazepose::Coffee_room_01_video_42,data/keypoints_le2i_blazepose/Coffee_room_01_video_42.npz,71,95,0,0,0,0.0025926498
le2i-blazepose,le2i-blazepose::Coffee_room_01_video_42,data/keypoints_le2i_blazepose/Coffee_room_01_video_42.npz,76,100,0,0,0,0.0028331145
le2i-blazepose,le2i-blazepose::Coffee_room_01_video_42,data/keypoints_le2i_blazepose/Coffee_room_01_video_42.npz,81,105,0,0,0,0.0031827348
le2i-blazepose,le2i-blazepose::Coffee_room_01_video_42,data/keypoints_le2i_blazepose/Coffee_room_01_video_42.npz,86,110,0,0,0,0.004704836
le2i-blazepose,le2i-blazepose::Coffee_room_01_video_42,data/keypoints_le2i_blazepose/Coffee_room_01_video_42.npz,91,115,0,0,0,0.020175658
le2i-blazepose,le2i-blazepose::Coffee_room_01_video_42,data/keypoints_le2i_blazepose/Coffee_room_01_video_42.npz,96,120,1,1,1,0.7896598
le2i-blazepose,le2i-blazepose::Coffee_room_01_video_42,data/keypoints_le2i_blazepose/Coffee_room_01_video_42.npz,101,125,1,1,1,0.9953121
le2i-blazepose,le2i-blazepose::Coffee_room_01_video_42,data/keypoints_le2i_blazepose/Coffee_room_01_video_42.npz,106,130,1,1,1,0.9985551
le2i-blazepose,le2i-blazepose::Coffee_room_01_video_42,data/keypoints_le2i_blazepose/Coffee_room_01_video_42.npz,111,135,1,1,1,0.9989656
le2i-blazepose,le2i-blazepose::Coffee_room_01_video_42,data/keypoints_le2i_blazepose/Coffee_room_01_video_42.npz,116,140,1,1,1,0.9989717
le2i-blazepose,le2i-blazepose::Coffee_room_01_video_42,data/keypoints_le2i_blazepose/Coffee_room_01_video_42.npz,121,145,1,1,1,0.9991837
le2i-blazepose,le2i-blazepose::Coffee_room_01_video_42,data/keypoints_le2i_blazepose/Coffee_room_01_video_42.npz,126,150,0,0,0,0.0044532306
le2i-blazepose,le2i-blazepose::Coffee_room_01_video_42,data/keypoints_le2i_blazepose/Coffee_room_01_video_42.npz,131,155,0,0,0,0.0007115752
le2i-blazepose,le2i-blazepose::Coffee_room_01_video_47,data/keypoints_le2i_blazepose/Coffee_room_01_video_47.npz,1,25,0,0,0,0.0008545333
le2i-blazepose,le2i-blazepose::Coffee_room_01_video_47,data/keypoints_le2i_blazepose/Coffee_room_01_video_47.npz,6,30,0,0,0,0.0003480822
le2i-blazepose,le2i-blazepose::Coffee_room_01_video_47,data/keypoints_le2i_blazepose/Coffee_room_01_video_47.npz,11,35,0,0,0,0.0005554879
le2i-blazepose,le2i-blazepose::Coffee_room_01_video_47,data/keypoints_le2i_blazepose/Coffee_room_01_video_47.npz,16,40,0,0,0,0.0010575067
le2i-blazepose,le2i-blazepose::Coffee_room_01_video_47,data/keypoints_le2i_blazepose/Coffee_room_01_video_47.npz,21,45,0,0,0,0.0017974243
le2i-blazepose,le2i-blazepose::Coffee_room_01_video_47,data/keypoints_le2i_blazepose/Coffee_room_01_video_47.npz,26,50,0,0,0,0.002071172
le2i-blazepose,le2i-blazepose::Coffee_room_01_video_47,data/keypoints_le2i_blazepose/Coffee_room_01_video_47.npz,31,55,0,0,0,0.0021990102
le2i-blazepose,le2i-blazepose::Coffee_room_01_video_47,data/keypoints_le2i_blazepose/Coffee_room_01_video_47.npz,36,60,0,0,0,0.0022812441
le2i-blazepose,le2i-blazepose::Coffee_room_01_video_47,data/keypoints_le2i_blazepose/Coffee_room_01_video_47.npz,41,65,0,0,0,0.0018517632
le2i-blazepose,le2i-blazepose::Coffee_room_01_video_47,data/keypoints_le2i_blazepose/Coffee_room_01_video_47.npz,46,70,0,0,0,0.0024645
le2i-blazepose,le2i-blazepose::Coffee_room_01_video_47,data/keypoints_le2i_blazepose/Coffee_room_01_video_47.npz,51,75,0,0,0,0.0035198927
le2i-blazepose,le2i-blazepose::Coffee_room_01_video_47,data/keypoints_le2i_blazepose/Coffee_room_01_video_47.npz,56,80,0,0,0,0.0048348443
le2i-blazepose,le2i-blazepose::Coffee_room_01_video_47,data/keypoints_le2i_blazepose/Coffee_room_01_video_47.npz,61,85,0,0,0,0.0065161157
le2i-blazepose,le2i-blazepose::Coffee_room_01_video_47,data/keypoints_le2i_blazepose/Coffee_room_01_video_47.npz,66,90,0,0,0,0.006628554
le2i-blazepose,le2i-blazepose::Coffee_room_01_video_47,data/keypoints_le2i_blazepose/Coffee_room_01_video_47.npz,71,95,0,0,0,0.0047761514
le2i-blazepose,le2i-blazepose::Coffee_room_01_video_47,data/keypoints_le2i_blazepose/Coffee_room_01_video_47.npz,76,100,0,0,0,0.0034206652
le2i-blazepose,le2i-blazepose::Coffee_room_01_video_47,data/keypoints_le2i_blazepose/Coffee_room_01_video_47.npz,81,105,0,0,0,0.002571717
le2i-blazepose,le2i-blazepose::Coffee_room_01_video_47,data/keypoints_le2i_blazepose/Coffee_room_01_video_47.npz,86,110,0,0,0,0.0021822948
le2i-blazepose,le2i-blazepose::Coffee_room_01_video_47,data/keypoints_le2i_blazepose/Coffee_room_01_video_47.npz,91,115,0,0,0,0.0019155571
le2i-blazepose,le2i-blazepose::Coffee_room_01_video_47,data/keypoints_le2i_blazepose/Coffee_room_01_video_47.npz,96,120,0,0,0,0.0018307808
le2i-blazepose,le2i-blazepose::Coffee_room_01_video_47,data/keypoints_le2i_blazepose/Coffee_room_01_video_47.npz,101,125,0,0,0,0.0019298494
le2i-blazepose,le2i-blazepose::Coffee_room_01_video_47,data/keypoints_le2i_blazepose/Coffee_room_01_video_47.npz,106,130,0,0,0,0.0020471576
le2i-blazepose,le2i-blazepose::Coffee_room_01_video_47,data/keypoints_le2i_blazepose/Coffee_room_01_video_47.npz,111,135,0,0,0,0.0020566147
le2i-blazepose,le2i-blazepose::Coffee_room_01_video_47,data/keypoints_le2i_blazepose/Coffee_room_01_video_47.npz,116,140,0,0,0,0.0019456234
le2i-blazepose,le2i-blazepose::Coffee_room_01_video_47,data/keypoints_le2i_blazepose/Coffee_room_01_video_47.npz,121,145,0,0,0,0.0018484305
le2i-blazepose,le2i-blazepose::Coffee_room_01_video_47,data/keypoints_le2i_blazepose/Coffee_room_01_video_47.npz,126,150,0,0,0,0.000940485
le2i-blazepose,le2i-blazepose::Coffee_room_01_video_47,data/keypoints_le2i_blazepose/Coffee_room_01_video_47.npz,131,155,0,0,0,0.0009082894
le2i-blazepose,le2i-blazepose::Coffee_room_01_video_47,data/keypoints_le2i_blazepose/Coffee_room_01_video_47.npz,136,160,0,0,0,0.000889784
le2i-blazepose,le2i-blazepose::Coffee_room_01_video_47,data/keypoints_le2i_blazepose/Coffee_room_01_video_47.npz,141,165,0,0,0,0.00087992847
le2i-blazepose,le2i-blazepose::Coffee_room_01_video_47,data/keypoints_le2i_blazepose/Coffee_room_01_video_47.npz,146,170,0,0,0,0.0008614862
le2i-blazepose,le2i-blazepose::Coffee_room_01_video_47,data/keypoints_le2i_blazepose/Coffee_room_01_video_47.npz,151,175,0,0,0,0.00084577716
le2i-blazepose,le2i-blazepose::Coffee_room_01_video_47,data/keypoints_le2i_blazepose/Coffee_room_01_video_47.npz,156,180,0,0,0,0.000937424
le2i-blazepose,le2i-blazepose::Coffee_room_01_video_47,data/keypoints_le2i_blazepose/Coffee_room_01_video_47.npz,161,185,0,0,0,0.0008161694
le2i-blazepose,le2i-blazepose::Coffee_room_01_video_47,data/keypoints_le2i_blazepose/Coffee_room_01_video_47.npz,166,190,0,0,0,0.0006840934
le2i-blazepose,le2i-blazepose::Coffee_room_01_video_47,data/keypoints_le2i_blazepose/Coffee_room_01_video_47.npz,171,195,0,0,0,0.0006774382
le2i-blazepose,le2i-blazepose::Coffee_room_01_video_47,data/keypoints_le2i_blazepose/Coffee_room_01_video_47.npz,176,200,0,0,0,0.00067605125
le2i-blazepose,le2i-blazepose::Coffee_room_01_video_47,data/keypoints_le2i_blazepose/Coffee_room_01_video_47.npz,181,205,0,0,0,0.00067758287
le2i-blazepose,le2i-blazepose::Coffee_room_01_video_47,data/keypoints_le2i_blazepose/Coffee_room_01_video_47.npz,186,210,0,0,0,0.0006575631
le2i-blazepose,le2i-blazepose::Coffee_room_01_video_47,data/keypoints_le2i_blazepose/Coffee_room_01_video_47.npz,191,215,0,0,0,0.00065482047
le2i-blazepose,le2i-blazepose::Coffee_room_01_video_47,data/keypoints_le2i_blazepose/Coffee_room_01_video_47.npz,196,220,0,0,0,0.00065006764
le2i-blazepose,le2i-blazepose::Coffee_room_01_video_47,data/keypoints_le2i_blazepose/Coffee_room_01_video_47.npz,201,225,0,0,0,0.00065277674
le2i-blazepose,le2i-blazepose::Coffee_room_01_video_47,data/keypoints_le2i_blazepose/Coffee_room_01_video_47.npz,206,230,0,0,0,0.00064506615
le2i-blazepose,le2i-blazepose::Coffee_room_01_video_47,data/keypoints_le2i_blazepose/Coffee_room_01_video_47.npz,211,235,0,0,0,0.00063064153
le2i-blazepose,le2i-blazepose::Coffee_room_01_video_47,data/keypoints_le2i_blazepose/Coffee_room_01_video_47.npz,216,240,0,0,0,0.0005810662
le2i-blazepose,le2i-blazepose::Coffee_room_01_video_47,data/keypoints_le2i_blazepose/Coffee_room_01_video_47.npz,221,245,0,0,0,0.0005953486
le2i-blazepose,le2i-blazepose::Coffee_room_01_video_47,data/keypoints_le2i_blazepose/Coffee_room_01_video_47.npz,226,250,0,0,0,0.0006067823
le2i-blazepose,le2i-blazepose::Coffee_room_01_video_47,data/keypoints_le2i_blazepose/Coffee_room_01_video_47.npz,231,255,0,0,0,0.000611278
le2i-blazepose,le2i-blazepose::Coffee_room_01_video_47,data/keypoints_le2i_blazepose/Coffee_room_01_video_47.npz,236,260,0,0,0,0.00060734584
le2i-blazepose,le2i-blazepose::Coffee_room_01_video_47,data/keypoints_le2i_blazepose/Coffee_room_01_video_47.npz,241,265,0,0,0,0.00059984653
le2i-blazepose,le2i-blazepose::Coffee_room_01_video_47,data/keypoints_le2i_blazepose/Coffee_room_01_video_47.npz,246,270,0,0,0,0.00058972655
le2i-blazepose,le2i-blazepose::Coffee_room_01_video_47,data/keypoints_le2i_blazepose/Coffee_room_01_video_47.npz,251,275,0,0,0,0.0005955058
le2i-blazepose,le2i-blazepose::Coffee_room_01_video_47,data/keypoints_le2i_blazepose/Coffee_room_01_video_47.npz,256,280,0,0,0,0.00061447313
le2i-blazepose,le2i-blazepose::Coffee_room_01_video_47,data/keypoints_le2i_blazepose/Coffee_room_01_video_47.npz,261,285,0,0,0,0.0006376611
le2i-blazepose,le2i-blazepose::Coffee_room_01_video_47,data/keypoints_le2i_blazepose/Coffee_room_01_video_47.npz,266,290,0,0,0,0.00066631456
le2i-blazepose,le2i-blazepose::Coffee_room_01_video_47,data/keypoints_le2i_blazepose/Coffee_room_01_video_47.npz,271,295,0,0,0,0.0006767335
le2i-blazepose,le2i-blazepose::Coffee_room_01_video_47,data/keypoints_le2i_blazepose/Coffee_room_01_video_47.npz,276,300,0,0,0,0.000669921
le2i-blazepose,le2i-blazepose::Coffee_room_01_video_47,data/keypoints_le2i_blazepose/Coffee_room_01_video_47.npz,281,305,0,0,0,0.00066134793
le2i-blazepose,le2i-blazepose::Coffee_room_01_video_47,data/keypoints_le2i_blazepose/Coffee_room_01_video_47.npz,286,310,0,0,0,0.0006634399
le2i-blazepose,le2i-blazepose::Coffee_room_01_video_47,data/keypoints_le2i_blazepose/Coffee_room_01_video_47.npz,291,315,0,0,0,0.000689928
le2i-blazepose,le2i-blazepose::Coffee_room_01_video_47,data/keypoints_le2i_blazepose/Coffee_room_01_video_47.npz,296,320,0,0,0,0.0009638246
le2i-blazepose,le2i-blazepose::Coffee_room_01_video_47,data/keypoints_le2i_blazepose/Coffee_room_01_video_47.npz,301,325,0,0,0,0.00092308025
le2i-blazepose,le2i-blazepose::Coffee_room_01_video_47,data/keypoints_le2i_blazepose/Coffee_room_01_video_47.npz,306,330,0,0,0,0.0012239937
le2i-blazepose,le2i-blazepose::Coffee_room_01_video_47,data/keypoints_le2i_blazepose/Coffee_room_01_video_47.npz,311,335,0,0,0,0.0013090328
le2i-blazepose,le2i-blazepose::Coffee_room_01_video_47,data/keypoints_le2i_blazepose/Coffee_room_01_video_47.npz,316,340,0,0,0,0.0014012948
le2i-blazepose,le2i-blazepose::Coffee_room_01_video_47,data/keypoints_le2i_blazepose/Coffee_room_01_video_47.npz,321,345,0,0,0,0.0014061428
le2i-blazepose,le2i-blazepose::Coffee_room_01_video_47,data/keypoints_le2i_blazepose/Coffee_room_01_video_47.npz,326,350,0,0,0,0.0023365573
le2i-blazepose,le2i-blazepose::Coffee_room_01_video_47,data/keypoints_le2i_blazepose/Coffee_room_01_video_47.npz,331,355,0,0,0,0.0021868
le2i-blazepose,le2i-blazepose::Coffee_room_01_video_47,data/keypoints_le2i_blazepose/Coffee_room_01_video_47.npz,336,360,0,0,0,0.0018775684
le2i-blazepose,le2i-blazepose::Coffee_room_01_video_47,data/keypoints_le2i_blazepose/Coffee_room_01_video_47.npz,341,365,0,0,0,0.0012892804
le2i-blazepose,le2i-blazepose::Coffee_room_01_video_47,data/keypoints_le2i_blazepose/Coffee_room_01_video_47.npz,346,370,0,0,0,0.0018325862
le2i-blazepose,le2i-blazepose::Coffee_room_01_video_47,data/keypoints_le2i_blazepose/Coffee_room_01_video_47.npz,351,375,0,0,0,0.001738794
le2i-blazepose,le2i-blazepose::Coffee_room_01_video_47,data/keypoints_le2i_blazepose/Coffee_room_01_video_47.npz,356,380,0,0,0,0.0017147714
le2i-blazepose,le2i-blazepose::Coffee_room_01_video_47,data/keypoints_le2i_blazepose/Coffee_room_01_video_47.npz,361,385,0,0,0,0.001799806
le2i-blazepose,le2i-blazepose::Coffee_room_01_video_47,data/keypoints_le2i_blazepose/Coffee_room_01_video_47.npz,366,390,0,0,0,0.0018471737
le2i-blazepose,le2i-blazepose::Coffee_room_01_video_47,data/keypoints_le2i_blazepose/Coffee_room_01_video_47.npz,371,395,0,0,0,0.0017602846
le2i-blazepose,le2i-blazepose::Coffee_room_01_video_47,data/keypoints_le2i_blazepose/Coffee_room_01_video_47.npz,376,400,0,0,0,0.00053229573
le2i-blazepose,le2i-blazepose::Coffee_room_01_video_47,data/keypoints_le2i_blazepose/Coffee_room_01_video_47.npz,381,405,0,0,0,0.0004096424
le2i-blazepose,le2i-blazepose::Coffee_room_01_video_47,data/keypoints_le2i_blazepose/Coffee_room_01_video_47.npz,386,410,0,0,0,0.0003969903
le2i-blazepose,le2i-blazepose::Coffee_room_01_video_47,data/keypoints_le2i_blazepose/Coffee_room_01_video_47.npz,391,415,0,0,0,0.00041598556
le2i-blazepose,le2i-blazepose::Coffee_room_01_video_47,data/keypoints_le2i_blazepose/Coffee_room_01_video_47.npz,396,420,0,0,0,0.00045019368
le2i-blazepose,le2i-blazepose::Coffee_room_01_video_47,data/keypoints_le2i_blazepose/Coffee_room_01_video_47.npz,401,425,0,0,0,0.0005677078
le2i-blazepose,le2i-blazepose::Coffee_room_01_video_47,data/keypoints_le2i_blazepose/Coffee_room_01_video_47.npz,406,430,0,0,0,0.0006365035
le2i-blazepose,le2i-blazepose::Coffee_room_01_video_47,data/keypoints_le2i_blazepose/Coffee_room_01_video_47.npz,411,435,0,0,0,0.00071406644
le2i-blazepose,le2i-blazepose::Coffee_room_01_video_47,data/keypoints_le2i_blazepose/Coffee_room_01_video_47.npz,416,440,0,0,0,0.00080498756
le2i-blazepose,le2i-blazepose::Coffee_room_01_video_47,data/keypoints_le2i_blazepose/Coffee_room_01_video_47.npz,421,445,0,0,0,0.0009006432
le2i-blazepose,le2i-blazepose::Coffee_room_01_video_47,data/keypoints_le2i_blazepose/Coffee_room_01_video_47.npz,426,450,0,0,0,0.0009952514
le2i-blazepose,le2i-blazepose::Coffee_room_01_video_47,data/keypoints_le2i_blazepose/Coffee_room_01_video_47.npz,431,455,0,0,0,0.0010359847
le2i-blazepose,le2i-blazepose::Coffee_room_01_video_47,data/keypoints_le2i_blazepose/Coffee_room_01_video_47.npz,436,460,0,0,0,0.0010589473
le2i-blazepose,le2i-blazepose::Coffee_room_01_video_47,data/keypoints_le2i_blazepose/Coffee_room_01_video_47.npz,441,465,0,0,0,0.0010459352
le2i-blazepose,le2i-blazepose::Coffee_room_01_video_47,data/keypoints_le2i_blazepose/Coffee_room_01_video_47.npz,446,470,0,0,0,0.0010424049
le2i-blazepose,le2i-blazepose::Coffee_room_01_video_47,data/keypoints_le2i_blazepose/Coffee_room_01_video_47.npz,451,475,0,0,0,0.0011386973
le2i-blazepose,le2i-blazepose::Coffee_room_01_video_47,data/keypoints_le2i_blazepose/Coffee_room_01_video_47.npz,456,480,0,0,0,0.0014027101
le2i-blazepose,le2i-blazepose::Coffee_room_01_video_47,data/keypoints_le2i_blazepose/Coffee_room_01_video_47.npz,461,485,0,0,0,0.0018142539
le2i-blazepose,le2i-blazepose::Coffee_room_01_video_47,data/keypoints_le2i_blazepose/Coffee_room_01_video_47.npz,466,490,0,0,0,0.002298896
le2i-blazepose,le2i-blazepose::Coffee_room_01_video_47,data/keypoints_le2i_blazepose/Coffee_room_01_video_47.npz,471,495,0,0,0,0.0030441063
le2i-blazepose,le2i-blazepose::Coffee_room_01_video_47,data/keypoints_le2i_blazepose/Coffee_room_01_video_47.npz,476,500,0,0,0,0.0038102765
le2i-blazepose,le2i-blazepose::Coffee_room_01_video_47,data/keypoints_le2i_blazepose/Coffee_room_01_video_47.npz,481,505,0,0,0,0.004586944
le2i-blazepose,le2i-blazepose::Coffee_room_01_video_47,data/keypoints_le2i_blazepose/Coffee_room_01_video_47.npz,486,510,0,0,0,0.005015131
le2i-blazepose,le2i-blazepose::Coffee_room_01_video_47,data/keypoints_le2i_blazepose/Coffee_room_01_video_47.npz,491,515,0,0,0,0.0052647213
le2i-blazepose,le2i-blazepose::Coffee_room_01_video_47,data/keypoints_le2i_blazepose/Coffee_room_01_video_47.npz,496,520,0,0,0,0.0055061975
le2i-blazepose,le2i-blazepose::Coffee_room_01_video_47,data/keypoints_le2i_blazepose/Coffee_room_01_video_47.npz,501,525,0,0,0,0.006399205
le2i-blazepose,le2i-blazepose::Coffee_room_01_video_47,data/keypoints_le2i_blazepose/Coffee_room_01_video_47.npz,506,530,0,0,0,0.006794506
le2i-blazepose,le2i-blazepose::Coffee_room_01_video_47,data/keypoints_le2i_blazepose/Coffee_room_01_video_47.npz,511,535,0,0,0,0.0066916207
le2i-blazepose,le2i-blazepose::Coffee_room_01_video_47,data/keypoints_le2i_blazepose/Coffee_room_01_video_47.npz,516,540,0,0,0,0.0063062673
le2i-blazepose,le2i-blazepose::Coffee_room_01_video_47,data/keypoints_le2i_blazepose/Coffee_room_01_video_47.npz,521,545,0,0,0,0.005971872
le2i-blazepose,le2i-blazepose::Coffee_room_01_video_47,data/keypoints_le2i_blazepose/Coffee_room_01_video_47.npz,526,550,0,0,0,0.005455941
le2i-blazepose,le2i-blazepose::Coffee_room_01_video_47,data/keypoints_le2i_blazepose/Coffee_room_01_video_47.npz,531,555,0,0,0,0.0046215137
le2i-blazepose,le2i-blazepose::Coffee_room_01_video_47,data/keypoints_le2i_blazepose/Coffee_room_01_video_47.npz,536,560,0,0,0,0.0036126734
le2i-blazepose,le2i-blazepose::Coffee_room_01_video_47,data/keypoints_le2i_blazepose/Coffee_room_01_video_47.npz,541,565,0,0,0,0.0031573363
le2i-blazepose,le2i-blazepose::Coffee_room_01_video_47,data/keypoints_le2i_blazepose/Coffee_room_01_video_47.npz,546,570,0,0,0,0.0030724034
le2i-blazepose,le2i-blazepose::Coffee_room_01_video_47,data/keypoints_le2i_blazepose/Coffee_room_01_video_47.npz,551,575,0,0,0,0.0028290057
le2i-blazepose,le2i-blazepose::Coffee_room_01_video_47,data/keypoints_le2i_blazepose/Coffee_room_01_video_47.npz,556,580,0,0,0,0.002537804
le2i-blazepose,le2i-blazepose::Coffee_room_01_video_47,data/keypoints_le2i_blazepose/Coffee_room_01_video_47.npz,561,585,0,0,0,0.0024459602
le2i-blazepose,le2i-blazepose::Coffee_room_01_video_47,data/keypoints_le2i_blazepose/Coffee_room_01_video_47.npz,566,590,0,0,0,0.002466733
le2i-blazepose,le2i-blazepose::Coffee_room_01_video_47,data/keypoints_le2i_blazepose/Coffee_room_01_video_47.npz,571,595,0,0,0,0.0024223502
le2i-blazepose,le2i-blazepose::Coffee_room_01_video_47,data/keypoints_le2i_blazepose/Coffee_room_01_video_47.npz,576,600,0,0,0,0.0028581806
le2i-blazepose,le2i-blazepose::Coffee_room_01_video_47,data/keypoints_le2i_blazepose/Coffee_room_01_video_47.npz,581,605,0,0,0,0.004222975
le2i-blazepose,le2i-blazepose::Coffee_room_01_video_47,data/keypoints_le2i_blazepose/Coffee_room_01_video_47.npz,586,610,0,0,0,0.006199661
le2i-blazepose,le2i-blazepose::Coffee_room_01_video_47,data/keypoints_le2i_blazepose/Coffee_room_01_video_47.npz,591,615,0,0,0,0.006813905
le2i-blazepose,le2i-blazepose::Coffee_room_01_video_47,data/keypoints_le2i_blazepose/Coffee_room_01_video_47.npz,596,620,0,0,0,0.013407285
le2i-blazepose,le2i-blazepose::Coffee_room_01_video_47,data/keypoints_le2i_blazepose/Coffee_room_01_video_47.npz,601,625,0,0,0,0.052109335
le2i-blazepose,le2i-blazepose::Coffee_room_01_video_47,data/keypoints_le2i_blazepose/Coffee_room_01_video_47.npz,606,630,0,0,1,0.8199842
le2i-blazepose,le2i-blazepose::Coffee_room_01_video_47,data/keypoints_le2i_blazepose/Coffee_room_01_video_47.npz,611,635,1,1,1,0.9805392
le2i-blazepose,le2i-blazepose::Coffee_room_01_video_47,data/keypoints_le2i_blazepose/Coffee_room_01_video_47.npz,616,640,1,1,1,0.9879331
le2i-blazepose,le2i-blazepose::Coffee_room_01_video_47,data/keypoints_le2i_blazepose/Coffee_room_01_video_47.npz,621,645,1,1,1,0.99583507
le2i-blazepose,le2i-blazepose::Coffee_room_01_video_47,data/keypoints_le2i_blazepose/Coffee_room_01_video_47.npz,626,650,1,1,1,0.9959552
le2i-blazepose,le2i-blazepose::Coffee_room_01_video_47,data/keypoints_le2i_blazepose/Coffee_room_01_video_47.npz,631,655,1,1,1,0.9691123
le2i-blazepose,le2i-blazepose::Coffee_room_01_video_47,data/keypoints_le2i_blazepose/Coffee_room_01_video_47.npz,636,660,1,1,0,0.4735201
le2i-blazepose,le2i-blazepose::Coffee_room_01_video_47,data/keypoints_le2i_blazepose/Coffee_room_01_video_47.npz,641,665,1,1,1,0.9840057
le2i-blazepose,le2i-blazepose::Coffee_room_01_video_47,data/keypoints_le2i_blazepose/Coffee_room_01_video_47.npz,646,670,1,1,1,0.9817477
le2i-blazepose,le2i-blazepose::Coffee_room_01_video_47,data/keypoints_le2i_blazepose/Coffee_room_01_video_47.npz,651,675,1,1,1,0.94974035
le2i-blazepose,le2i-blazepose::Coffee_room_01_video_47,data/keypoints_le2i_blazepose/Coffee_room_01_video_47.npz,656,680,0,0,1,0.9513114
le2i-blazepose,le2i-blazepose::Coffee_room_01_video_47,data/keypoints_le2i_blazepose/Coffee_room_01_video_47.npz,661,685,0,0,1,0.95239764
le2i-blazepose,le2i-blazepose::Coffee_room_01_video_47,data/keypoints_le2i_blazepose/Coffee_room_01_video_47.npz,666,690,0,0,1,0.9522959
le2i-blazepose,le2i-blazepose::Coffee_room_01_video_47,data/keypoints_le2i_blazepose/Coffee_room_01_video_47.npz,671,695,0,0,1,0.9522074
le2i-blazepose,le2i-blazepose::Coffee_room_01_video_47,data/keypoints_le2i_blazepose/Coffee_room_01_video_47.npz,676,700,0,0,1,0.95212656
le2i-blazepose,le2i-blazepose::Coffee_room_01_video_47,data/keypoints_le2i_blazepose/Coffee_room_01_video_47.npz,701,725,0,0,0,0.04274988
le2i-blazepose,le2i-blazepose::Home_01_video_11,data/keypoints_le2i_blazepose/Home_01_video_11.npz,96,120,0,0,0,0.007209553
le2i-blazepose,le2i-blazepose::Home_01_video_11,data/keypoints_le2i_blazepose/Home_01_video_11.npz,101,125,0,0,0,0.019010318
le2i-blazepose,le2i-blazepose::Home_01_video_11,data/keypoints_le2i_blazepose/Home_01_video_11.npz,106,130,0,0,0,0.24890496
le2i-blazepose,le2i-blazepose::Home_01_video_11,data/keypoints_le2i_blazepose/Home_01_video_11.npz,111,135,0,0,1,0.9394244
le2i-blazepose,le2i-blazepose::Home_01_video_11,data/keypoints_le2i_blazepose/Home_01_video_11.npz,116,140,0,0,1,0.964513
le2i-blazepose,le2i-blazepose::Home_01_video_11,data/keypoints_le2i_blazepose/Home_01_video_11.npz,121,145,1,1,1,0.912
le2i-blazepose,le2i-blazepose::Home_01_video_11,data/keypoints_le2i_blazepose/Home_01_video_11.npz,126,150,1,1,1,0.7763622
le2i-blazepose,le2i-blazepose::Home_01_video_11,data/keypoints_le2i_blazepose/Home_01_video_11.npz,131,155,1,1,1,0.99652666
le2i-blazepose,le2i-blazepose::Home_01_video_11,data/keypoints_le2i_blazepose/Home_01_video_11.npz,136,160,1,1,0,0.0014386169
le2i-blazepose,le2i-blazepose::Home_01_video_11,data/keypoints_le2i_blazepose/Home_01_video_11.npz,141,165,1,1,0,0.0013702635
le2i-blazepose,le2i-blazepose::Home_01_video_11,data/keypoints_le2i_blazepose/Home_01_video_11.npz,146,170,1,1,0,0.0009549728
le2i-blazepose,le2i-blazepose::Home_01_video_11,data/keypoints_le2i_blazepose/Home_01_video_11.npz,151,175,1,1,0,0.0009032665
le2i-blazepose,le2i-blazepose::Home_01_video_11,data/keypoints_le2i_blazepose/Home_01_video_11.npz,156,180,1,1,0,0.002653216
le2i-blazepose,le2i-blazepose::Home_01_video_11,data/keypoints_le2i_blazepose/Home_01_video_11.npz,161,185,1,1,0,0.49144244
le2i-blazepose,le2i-blazepose::Home_01_video_11,data/keypoints_le2i_blazepose/Home_01_video_11.npz,166,190,0,0,0,0.37306207
le2i-blazepose,le2i-blazepose::Home_01_video_11,data/keypoints_le2i_blazepose/Home_01_video_11.npz,171,195,0,0,0,0.30359173
le2i-blazepose,le2i-blazepose::Home_01_video_11,data/keypoints_le2i_blazepose/Home_01_video_11.npz,176,200,0,0,0,0.25790644
le2i-blazepose,le2i-blazepose::Home_01_video_11,data/keypoints_le2i_blazepose/Home_01_video_11.npz,181,205,0,0,0,0.23839186
le2i-blazepose,le2i-blazepose::Home_01_video_11,data/keypoints_le2i_blazepose/Home_01_video_11.npz,186,210,0,0,0,0.001006208
le2i-blazepose,le2i-blazepose::Home_01_video_11,data/keypoints_le2i_blazepose/Home_01_video_11.npz,191,215,0,0,0,0.001007439
le2i-blazepose,le2i-blazepose::Home_01_video_11,data/keypoints_le2i_blazepose/Home_01_video_11.npz,206,230,0,0,1,0.9879809
le2i-blazepose,le2i-blazepose::Home_01_video_11,data/keypoints_le2i_blazepose/Home_01_video_11.npz,211,235,0,0,0,0.019163094
le2i-blazepose,le2i-blazepose::Home_01_video_11,data/keypoints_le2i_blazepose/Home_01_video_11.npz,216,240,0,0,0,0.008685658
le2i-blazepose,le2i-blazepose::Home_01_video_11,data/keypoints_le2i_blazepose/Home_01_video_11.npz,221,245,0,0,0,0.021125514
le2i-blazepose,le2i-blazepose::Home_01_video_11,data/keypoints_le2i_blazepose/Home_01_video_11.npz,226,250,0,0,0,0.02355232
le2i-blazepose,le2i-blazepose::Home_01_video_11,data/keypoints_le2i_blazepose/Home_01_video_11.npz,231,255,0,0,0,0.03848852
le2i-blazepose,le2i-blazepose::Home_01_video_11,data/keypoints_le2i_blazepose/Home_01_video_11.npz,236,260,0,0,0,0.04272527
le2i-blazepose,le2i-blazepose::Home_01_video_11,data/keypoints_le2i_blazepose/Home_01_video_11.npz,241,265,0,0,0,0.04096519
le2i-blazepose,le2i-blazepose::Home_01_video_11,data/keypoints_le2i_blazepose/Home_01_video_11.npz,246,270,0,0,0,0.058622397
le2i-blazepose,le2i-blazepose::Home_01_video_11,data/keypoints_le2i_blazepose/Home_01_video_11.npz,251,275,0,0,0,0.039878905
le2i-blazepose,le2i-blazepose::Home_01_video_11,data/keypoints_le2i_blazepose/Home_01_video_11.npz,256,280,0,0,0,0.03452308
le2i-blazepose,le2i-blazepose::Home_01_video_11,data/keypoints_le2i_blazepose/Home_01_video_11.npz,261,285,0,0,0,0.027805867
le2i-blazepose,le2i-blazepose::Home_01_video_11,data/keypoints_le2i_blazepose/Home_01_video_11.npz,266,290,0,0,0,0.017192582
le2i-blazepose,le2i-blazepose::Home_01_video_11,data/keypoints_le2i_blazepose/Home_01_video_11.npz,271,295,0,0,0,0.011546231
le2i-blazepose,le2i-blazepose::Home_01_video_11,data/keypoints_le2i_blazepose/Home_01_video_11.npz,276,300,0,0,0,0.01771858
le2i-blazepose,le2i-blazepose::Home_01_video_11,data/keypoints_le2i_blazepose/Home_01_video_11.npz,281,305,0,0,0,0.009760823
le2i-blazepose,le2i-blazepose::Home_01_video_11,data/keypoints_le2i_blazepose/Home_01_video_11.npz,286,310,0,0,0,0.0042179353
le2i-blazepose,le2i-blazepose::Home_01_video_13,data/keypoints_le2i_blazepose/Home_01_video_13.npz,51,75,0,0,0,0.0012686808
le2i-blazepose,le2i-blazepose::Home_01_video_13,data/keypoints_le2i_blazepose/Home_01_video_13.npz,56,80,0,0,0,0.0013198867
le2i-blazepose,le2i-blazepose::Home_01_video_13,data/keypoints_le2i_blazepose/Home_01_video_13.npz,61,85,0,0,0,0.0012636592
le2i-blazepose,le2i-blazepose::Home_01_video_13,data/keypoints_le2i_blazepose/Home_01_video_13.npz,66,90,0,0,0,0.0012348961
le2i-blazepose,le2i-blazepose::Home_01_video_13,data/keypoints_le2i_blazepose/Home_01_video_13.npz,71,95,0,0,0,0.0018643831
le2i-blazepose,le2i-blazepose::Home_01_video_13,data/keypoints_le2i_blazepose/Home_01_video_13.npz,76,100,0,0,0,0.0022319516
le2i-blazepose,le2i-blazepose::Home_01_video_13,data/keypoints_le2i_blazepose/Home_01_video_13.npz,81,105,0,0,0,0.0023726793
le2i-blazepose,le2i-blazepose::Home_01_video_13,data/keypoints_le2i_blazepose/Home_01_video_13.npz,86,110,0,0,0,0.0027936047
le2i-blazepose,le2i-blazepose::Home_01_video_13,data/keypoints_le2i_blazepose/Home_01_video_13.npz,91,115,0,0,0,0.0032260825
le2i-blazepose,le2i-blazepose::Home_01_video_13,data/keypoints_le2i_blazepose/Home_01_video_13.npz,96,120,0,0,0,0.0042413254
le2i-blazepose,le2i-blazepose::Home_01_video_13,data/keypoints_le2i_blazepose/Home_01_video_13.npz,101,125,0,0,0,0.0053494684
le2i-blazepose,le2i-blazepose::Home_01_video_13,data/keypoints_le2i_blazepose/Home_01_video_13.npz,106,130,0,0,0,0.006264922
le2i-blazepose,le2i-blazepose::Home_01_video_13,data/keypoints_le2i_blazepose/Home_01_video_13.npz,111,135,0,0,0,0.0071053603
le2i-blazepose,le2i-blazepose::Home_01_video_13,data/keypoints_le2i_blazepose/Home_01_video_13.npz,116,140,0,0,0,0.00899915
le2i-blazepose,le2i-blazepose::Home_01_video_13,data/keypoints_le2i_blazepose/Home_01_video_13.npz,121,145,0,0,0,0.01427046
le2i-blazepose,le2i-blazepose::Home_01_video_13,data/keypoints_le2i_blazepose/Home_01_video_13.npz,126,150,0,0,0,0.037989985
le2i-blazepose,le2i-blazepose::Home_01_video_13,data/keypoints_le2i_blazepose/Home_01_video_13.npz,131,155,0,0,1,0.7907222
le2i-blazepose,le2i-blazepose::Home_01_video_13,data/keypoints_le2i_blazepose/Home_01_video_13.npz,136,160,0,0,1,0.9947984
le2i-blazepose,le2i-blazepose::Home_01_video_13,data/keypoints_le2i_blazepose/Home_01_video_13.npz,141,165,1,1,1,0.99902964
le2i-blazepose,le2i-blazepose::Home_01_video_13,data/keypoints_le2i_blazepose/Home_01_video_13.npz,146,170,1,1,1,0.9995315
le2i-blazepose,le2i-blazepose::Home_01_video_13,data/keypoints_le2i_blazepose/Home_01_video_13.npz,151,175,1,1,1,0.9991799
le2i-blazepose,le2i-blazepose::Home_01_video_13,data/keypoints_le2i_blazepose/Home_01_video_13.npz,156,180,1,1,0,0.59729815
le2i-blazepose,le2i-blazepose::Home_01_video_13,data/keypoints_le2i_blazepose/Home_01_video_13.npz,161,185,0,0,0,0.54155535
le2i-blazepose,le2i-blazepose::Home_01_video_13,data/keypoints_le2i_blazepose/Home_01_video_13.npz,166,190,0,0,0,0.59696543
le2i-blazepose,le2i-blazepose::Home_01_video_13,data/keypoints_le2i_blazepose/Home_01_video_13.npz,171,195,0,0,0,0.43725488
le2i-blazepose,le2i-blazepose::Home_01_video_13,data/keypoints_le2i_blazepose/Home_01_video_13.npz,176,200,0,0,0,0.4636636
le2i-blazepose,le2i-blazepose::Home_01_video_13,data/keypoints_le2i_blazepose/Home_01_video_13.npz,181,205,0,0,0,0.5323449
le2i-blazepose,le2i-blazepose::Home_01_video_13,data/keypoints_le2i_blazepose/Home_01_video_13.npz,186,210,0,0,0,0.5451481
le2i-blazepose,le2i-blazepose::Home_01_video_13,data/keypoints_le2i_blazepose/Home_01_video_13.npz,191,215,0,0,0,0.5361503
le2i-blazepose,le2i-blazepose::Home_01_video_13,data/keypoints_le2i_blazepose/Home_01_video_13.npz,196,220,0,0,1,0.77548987
le2i-blazepose,le2i-blazepose::Home_01_video_13,data/keypoints_le2i_blazepose/Home_01_video_13.npz,201,225,0,0,1,0.7138407
le2i-blazepose,le2i-blazepose::Home_01_video_13,data/keypoints_le2i_blazepose/Home_01_video_13.npz,206,230,0,0,1,0.7369497
le2i-blazepose,le2i-blazepose::Home_01_video_13,data/keypoints_le2i_blazepose/Home_01_video_13.npz,211,235,0,0,0,0.049370747
le2i-blazepose,le2i-blazepose::Home_01_video_13,data/keypoints_le2i_blazepose/Home_01_video_13.npz,216,240,0,0,0,0.0013429564
le2i-blazepose,le2i-blazepose::Home_01_video_2,data/keypoints_le2i_blazepose/Home_01_video_2.npz,1,25,0,0,0,0.0034700062
le2i-blazepose,le2i-blazepose::Home_01_video_2,data/keypoints_le2i_blazepose/Home_01_video_2.npz,6,30,0,0,0,0.003459114
le2i-blazepose,le2i-blazepose::Home_01_video_2,data/keypoints_le2i_blazepose/Home_01_video_2.npz,11,35,0,0,0,0.0034590121
le2i-blazepose,le2i-blazepose::Home_01_video_2,data/keypoints_le2i_blazepose/Home_01_video_2.npz,16,40,0,0,0,0.0034605726
le2i-blazepose,le2i-blazepose::Home_01_video_2,data/keypoints_le2i_blazepose/Home_01_video_2.npz,21,45,0,0,0,0.003461867
le2i-blazepose,le2i-blazepose::Home_01_video_2,data/keypoints_le2i_blazepose/Home_01_video_2.npz,51,75,0,0,0,0.0016324067
le2i-blazepose,le2i-blazepose::Home_01_video_2,data/keypoints_le2i_blazepose/Home_01_video_2.npz,56,80,0,0,0,0.0017387866
le2i-blazepose,le2i-blazepose::Home_01_video_2,data/keypoints_le2i_blazepose/Home_01_video_2.npz,61,85,0,0,0,0.0018742112
le2i-blazepose,le2i-blazepose::Home_01_video_2,data/keypoints_le2i_blazepose/Home_01_video_2.npz,66,90,0,0,0,0.0017363937
le2i-blazepose,le2i-blazepose::Home_01_video_2,data/keypoints_le2i_blazepose/Home_01_video_2.npz,71,95,0,0,0,0.0016101473
le2i-blazepose,le2i-blazepose::Home_01_video_2,data/keypoints_le2i_blazepose/Home_01_video_2.npz,76,100,0,0,0,0.0017390837
le2i-blazepose,le2i-blazepose::Home_01_video_2,data/keypoints_le2i_blazepose/Home_01_video_2.npz,81,105,0,0,0,0.0022438627
le2i-blazepose,le2i-blazepose::Home_01_video_2,data/keypoints_le2i_blazepose/Home_01_video_2.npz,86,110,0,0,0,0.0020960874
le2i-blazepose,le2i-blazepose::Home_01_video_2,data/keypoints_le2i_blazepose/Home_01_video_2.npz,91,115,0,0,0,0.00026932452
le2i-blazepose,le2i-blazepose::Home_01_video_2,data/keypoints_le2i_blazepose/Home_01_video_2.npz,96,120,0,0,0,0.0026123691
le2i-blazepose,le2i-blazepose::Home_01_video_2,data/keypoints_le2i_blazepose/Home_01_video_2.npz,101,125,0,0,0,0.08570035
le2i-blazepose,le2i-blazepose::Home_01_video_2,data/keypoints_le2i_blazepose/Home_01_video_2.npz,106,130,1,1,1,0.9952924
le2i-blazepose,le2i-blazepose::Home_01_video_2,data/keypoints_le2i_blazepose/Home_01_video_2.npz,111,135,1,1,1,0.9990025
le2i-blazepose,le2i-blazepose::Home_01_video_2,data/keypoints_le2i_blazepose/Home_01_video_2.npz,116,140,1,1,1,0.9989691
le2i-blazepose,le2i-blazepose::Home_01_video_2,data/keypoints_le2i_blazepose/Home_01_video_2.npz,121,145,1,1,1,0.9983852
le2i-blazepose,le2i-blazepose::Home_01_video_2,data/keypoints_le2i_blazepose/Home_01_video_2.npz,126,150,1,1,1,0.98051053
le2i-blazepose,le2i-blazepose::Home_01_video_2,data/keypoints_le2i_blazepose/Home_01_video_2.npz,131,155,0,0,1,0.9056171
le2i-blazepose,le2i-blazepose::Home_01_video_2,data/keypoints_le2i_blazepose/Home_01_video_2.npz,136,160,0,0,1,0.9069636
le2i-blazepose,le2i-blazepose::Home_01_video_2,data/keypoints_le2i_blazepose/Home_01_video_2.npz,141,165,0,0,1,0.87406534
le2i-blazepose,le2i-blazepose::Home_01_video_2,data/keypoints_le2i_blazepose/Home_01_video_2.npz,146,170,0,0,0,0.61996365
le2i-blazepose,le2i-blazepose::Home_01_video_2,data/keypoints_le2i_blazepose/Home_01_video_2.npz,151,175,0,0,0,0.28904903
le2i-blazepose,le2i-blazepose::Home_01_video_2,data/keypoints_le2i_blazepose/Home_01_video_2.npz,156,180,0,0,0,0.2891289
le2i-blazepose,le2i-blazepose::Home_01_video_2,data/keypoints_le2i_blazepose/Home_01_video_2.npz,161,185,0,0,0,0.289501
le2i-blazepose,le2i-blazepose::Home_01_video_2,data/keypoints_le2i_blazepose/Home_01_video_2.npz,166,190,0,0,0,0.28973168
le2i-blazepose,le2i-blazepose::Home_01_video_2,data/keypoints_le2i_blazepose/Home_01_video_2.npz,171,195,0,0,0,0.28654176
le2i-blazepose,le2i-blazepose::Home_01_video_2,data/keypoints_le2i_blazepose/Home_01_video_2.npz,176,200,0,0,0,0.28914142
le2i-blazepose,le2i-blazepose::Home_01_video_2,data/keypoints_le2i_blazepose/Home_01_video_2.npz,181,205,0,0,0,0.6073514
le2i-blazepose,le2i-blazepose::Home_01_video_2,data/keypoints_le2i_blazepose/Home_01_video_2.npz,186,210,0,0,0,0.6096092
le2i-blazepose,le2i-blazepose::Home_01_video_2,data/keypoints_le2i_blazepose/Home_01_video_2.npz,191,215,0,0,0,0.60813457
le2i-blazepose,le2i-blazepose::Home_01_video_2,data/keypoints_le2i_blazepose/Home_01_video_2.npz,196,220,0,0,0,0.6087725
le2i-blazepose,le2i-blazepose::Home_01_video_2,data/keypoints_le2i_blazepose/Home_01_video_2.npz,201,225,0,0,0,0.60653114
le2i-blazepose,le2i-blazepose::Home_01_video_2,data/keypoints_le2i_blazepose/Home_01_video_2.npz,206,230,0,0,0,0.28728554
le2i-blazepose,le2i-blazepose::Home_01_video_2,data/keypoints_le2i_blazepose/Home_01_video_2.npz,211,235,0,0,0,0.28776476
le2i-blazepose,le2i-blazepose::Home_01_video_2,data/keypoints_le2i_blazepose/Home_01_video_2.npz,216,240,0,0,1,0.85798234
le2i-blazepose,le2i-blazepose::Home_01_video_21,data/keypoints_le2i_blazepose/Home_01_video_21.npz,1,25,0,0,0,0.0006149324
le2i-blazepose,le2i-blazepose::Home_01_video_21,data/keypoints_le2i_blazepose/Home_01_video_21.npz,6,30,0,0,0,0.0005709273
le2i-blazepose,le2i-blazepose::Home_01_video_21,data/keypoints_le2i_blazepose/Home_01_video_21.npz,11,35,0,0,0,0.0020956695
le2i-blazepose,le2i-blazepose::Home_01_video_21,data/keypoints_le2i_blazepose/Home_01_video_21.npz,16,40,0,0,0,0.002800811
le2i-blazepose,le2i-blazepose::Home_01_video_21,data/keypoints_le2i_blazepose/Home_01_video_21.npz,21,45,0,0,0,0.0040657623
le2i-blazepose,le2i-blazepose::Home_01_video_21,data/keypoints_le2i_blazepose/Home_01_video_21.npz,26,50,0,0,0,0.0026940592
le2i-blazepose,le2i-blazepose::Home_01_video_21,data/keypoints_le2i_blazepose/Home_01_video_21.npz,31,55,0,0,0,0.0026407987
le2i-blazepose,le2i-blazepose::Home_01_video_21,data/keypoints_le2i_blazepose/Home_01_video_21.npz,36,60,0,0,0,0.0016924404
le2i-blazepose,le2i-blazepose::Home_01_video_21,data/keypoints_le2i_blazepose/Home_01_video_21.npz,41,65,0,0,0,0.00087526796
le2i-blazepose,le2i-blazepose::Home_01_video_21,data/keypoints_le2i_blazepose/Home_01_video_21.npz,46,70,0,0,0,0.0010232213
le2i-blazepose,le2i-blazepose::Home_01_video_21,data/keypoints_le2i_blazepose/Home_01_video_21.npz,51,75,0,0,0,0.0011517681
le2i-blazepose,le2i-blazepose::Home_01_video_21,data/keypoints_le2i_blazepose/Home_01_video_21.npz,56,80,0,0,0,0.004350981
le2i-blazepose,le2i-blazepose::Home_01_video_21,data/keypoints_le2i_blazepose/Home_01_video_21.npz,61,85,0,0,0,0.004994591
le2i-blazepose,le2i-blazepose::Home_01_video_21,data/keypoints_le2i_blazepose/Home_01_video_21.npz,66,90,0,0,0,0.0077350074
le2i-blazepose,le2i-blazepose::Home_01_video_21,data/keypoints_le2i_blazepose/Home_01_video_21.npz,71,95,0,0,0,0.014340994
le2i-blazepose,le2i-blazepose::Home_01_video_21,data/keypoints_le2i_blazepose/Home_01_video_21.npz,76,100,0,0,0,0.024100197
le2i-blazepose,le2i-blazepose::Home_01_video_21,data/keypoints_le2i_blazepose/Home_01_video_21.npz,81,105,0,0,0,0.0020187418
le2i-blazepose,le2i-blazepose::Home_01_video_21,data/keypoints_le2i_blazepose/Home_01_video_21.npz,86,110,0,0,0,0.001877471
le2i-blazepose,le2i-blazepose::Home_01_video_21,data/keypoints_le2i_blazepose/Home_01_video_21.npz,91,115,0,0,0,0.0017646605
le2i-blazepose,le2i-blazepose::Home_01_video_21,data/keypoints_le2i_blazepose/Home_01_video_21.npz,96,120,0,0,0,0.0017467563
le2i-blazepose,le2i-blazepose::Home_01_video_21,data/keypoints_le2i_blazepose/Home_01_video_21.npz,101,125,0,0,0,0.001757366
le2i-blazepose,le2i-blazepose::Home_01_video_21,data/keypoints_le2i_blazepose/Home_01_video_21.npz,106,130,0,0,0,0.0031996868
le2i-blazepose,le2i-blazepose::Home_01_video_21,data/keypoints_le2i_blazepose/Home_01_video_21.npz,111,135,0,0,0,0.0019238556
le2i-blazepose,le2i-blazepose::Home_01_video_21,data/keypoints_le2i_blazepose/Home_01_video_21.npz,116,140,0,0,0,0.01899714
le2i-blazepose,le2i-blazepose::Home_01_video_21,data/keypoints_le2i_blazepose/Home_01_video_21.npz,121,145,0,0,0,0.02873774
le2i-blazepose,le2i-blazepose::Home_01_video_21,data/keypoints_le2i_blazepose/Home_01_video_21.npz,126,150,0,0,0,0.094569735
le2i-blazepose,le2i-blazepose::Home_01_video_21,data/keypoints_le2i_blazepose/Home_01_video_21.npz,131,155,1,1,1,0.9668533
le2i-blazepose,le2i-blazepose::Home_01_video_21,data/keypoints_le2i_blazepose/Home_01_video_21.npz,136,160,1,1,1,0.9982673
le2i-blazepose,le2i-blazepose::Home_01_video_21,data/keypoints_le2i_blazepose/Home_01_video_21.npz,141,165,1,1,1,0.99939024
le2i-blazepose,le2i-blazepose::Home_01_video_21,data/keypoints_le2i_blazepose/Home_01_video_21.npz,146,170,1,1,1,0.99923694
le2i-blazepose,le2i-blazepose::Home_01_video_21,data/keypoints_le2i_blazepose/Home_01_video_21.npz,151,175,0,0,0,0.6177126
le2i-blazepose,le2i-blazepose::Home_01_video_21,data/keypoints_le2i_blazepose/Home_01_video_21.npz,156,180,0,0,0,0.20624627
le2i-blazepose,le2i-blazepose::Home_01_video_21,data/keypoints_le2i_blazepose/Home_01_video_21.npz,161,185,0,0,0,0.20066574
le2i-blazepose,le2i-blazepose::Home_01_video_21,data/keypoints_le2i_blazepose/Home_01_video_21.npz,166,190,0,0,0,0.13781759
le2i-blazepose,le2i-blazepose::Home_01_video_21,data/keypoints_le2i_blazepose/Home_01_video_21.npz,171,195,0,0,0,0.13733672
le2i-blazepose,le2i-blazepose::Home_01_video_21,data/keypoints_le2i_blazepose/Home_01_video_21.npz,176,200,0,0,0,0.13875726
le2i-blazepose,le2i-blazepose::Home_01_video_21,data/keypoints_le2i_blazepose/Home_01_video_21.npz,181,205,0,0,0,0.13850878
le2i-blazepose,le2i-blazepose::Home_01_video_21,data/keypoints_le2i_blazepose/Home_01_video_21.npz,186,210,0,0,0,0.13869385
le2i-blazepose,le2i-blazepose::Home_01_video_21,data/keypoints_le2i_blazepose/Home_01_video_21.npz,191,215,0,0,0,0.13943256
le2i-blazepose,le2i-blazepose::Home_01_video_22,data/keypoints_le2i_blazepose/Home_01_video_22.npz,1,25,0,0,0,0.0031892601
le2i-blazepose,le2i-blazepose::Home_01_video_22,data/keypoints_le2i_blazepose/Home_01_video_22.npz,6,30,0,0,0,0.0029767754
le2i-blazepose,le2i-blazepose::Home_01_video_22,data/keypoints_le2i_blazepose/Home_01_video_22.npz,11,35,0,0,0,0.0025080636
le2i-blazepose,le2i-blazepose::Home_01_video_22,data/keypoints_le2i_blazepose/Home_01_video_22.npz,16,40,0,0,0,0.0038660069
le2i-blazepose,le2i-blazepose::Home_01_video_22,data/keypoints_le2i_blazepose/Home_01_video_22.npz,21,45,0,0,0,0.0039026116
le2i-blazepose,le2i-blazepose::Home_01_video_22,data/keypoints_le2i_blazepose/Home_01_video_22.npz,26,50,0,0,0,0.0007780608
le2i-blazepose,le2i-blazepose::Home_01_video_22,data/keypoints_le2i_blazepose/Home_01_video_22.npz,31,55,0,0,0,0.00071273395
le2i-blazepose,le2i-blazepose::Home_01_video_22,data/keypoints_le2i_blazepose/Home_01_video_22.npz,36,60,0,0,0,0.00068102696
le2i-blazepose,le2i-blazepose::Home_01_video_22,data/keypoints_le2i_blazepose/Home_01_video_22.npz,41,65,0,0,0,0.0006915758
le2i-blazepose,le2i-blazepose::Home_01_video_22,data/keypoints_le2i_blazepose/Home_01_video_22.npz,46,70,0,0,0,0.0007921744
le2i-blazepose,le2i-blazepose::Home_01_video_22,data/keypoints_le2i_blazepose/Home_01_video_22.npz,51,75,0,0,0,0.0010355263
le2i-blazepose,le2i-blazepose::Home_01_video_22,data/keypoints_le2i_blazepose/Home_01_video_22.npz,56,80,0,0,0,0.0007643477
le2i-blazepose,le2i-blazepose::Home_01_video_22,data/keypoints_le2i_blazepose/Home_01_video_22.npz,61,85,0,0,0,0.00092151616
le2i-blazepose,le2i-blazepose::Home_01_video_22,data/keypoints_le2i_blazepose/Home_01_video_22.npz,66,90,0,0,0,0.0009410775
le2i-blazepose,le2i-blazepose::Home_01_video_22,data/keypoints_le2i_blazepose/Home_01_video_22.npz,71,95,0,0,0,0.002792015
le2i-blazepose,le2i-blazepose::Home_01_video_22,data/keypoints_le2i_blazepose/Home_01_video_22.npz,76,100,0,0,0,0.0031477832
le2i-blazepose,le2i-blazepose::Home_01_video_22,data/keypoints_le2i_blazepose/Home_01_video_22.npz,81,105,0,0,0,0.008173536
le2i-blazepose,le2i-blazepose::Home_01_video_22,data/keypoints_le2i_blazepose/Home_01_video_22.npz,86,110,0,0,0,0.013963035
le2i-blazepose,le2i-blazepose::Home_01_video_22,data/keypoints_le2i_blazepose/Home_01_video_22.npz,91,115,0,0,0,0.012616077
le2i-blazepose,le2i-blazepose::Home_01_video_22,data/keypoints_le2i_blazepose/Home_01_video_22.npz,96,120,0,0,0,0.0032093162
le2i-blazepose,le2i-blazepose::Home_01_video_22,data/keypoints_le2i_blazepose/Home_01_video_22.npz,101,125,0,0,0,0.0032437458
le2i-blazepose,le2i-blazepose::Home_01_video_22,data/keypoints_le2i_blazepose/Home_01_video_22.npz,106,130,0,0,0,0.0033768115
le2i-blazepose,le2i-blazepose::Home_01_video_22,data/keypoints_le2i_blazepose/Home_01_video_22.npz,111,135,0,0,0,0.0033722138
le2i-blazepose,le2i-blazepose::Home_01_video_22,data/keypoints_le2i_blazepose/Home_01_video_22.npz,116,140,0,0,0,0.00313665
le2i-blazepose,le2i-blazepose::Home_01_video_22,data/keypoints_le2i_blazepose/Home_01_video_22.npz,121,145,0,0,0,0.0023469308
le2i-blazepose,le2i-blazepose::Home_01_video_22,data/keypoints_le2i_blazepose/Home_01_video_22.npz,126,150,0,0,0,0.286687
le2i-blazepose,le2i-blazepose::Home_01_video_22,data/keypoints_le2i_blazepose/Home_01_video_22.npz,131,155,0,0,1,0.8300104
le2i-blazepose,le2i-blazepose::Home_01_video_22,data/keypoints_le2i_blazepose/Home_01_video_22.npz,136,160,1,1,1,0.9929582
le2i-blazepose,le2i-blazepose::Home_01_video_22,data/keypoints_le2i_blazepose/Home_01_video_22.npz,141,165,1,1,1,0.9983311
le2i-blazepose,le2i-blazepose::Home_01_video_22,data/keypoints_le2i_blazepose/Home_01_video_22.npz,146,170,1,1,1,0.9966678
le2i-blazepose,le2i-blazepose::Home_01_video_22,data/keypoints_le2i_blazepose/Home_01_video_22.npz,151,175,1,1,0,0.5514992
le2i-blazepose,le2i-blazepose::Home_01_video_22,data/keypoints_le2i_blazepose/Home_01_video_22.npz,156,180,0,0,0,0.16226391
le2i-blazepose,le2i-blazepose::Home_01_video_22,data/keypoints_le2i_blazepose/Home_01_video_22.npz,161,185,0,0,0,0.20335647
le2i-blazepose,le2i-blazepose::Home_01_video_22,data/keypoints_le2i_blazepose/Home_01_video_22.npz,166,190,0,0,0,0.35137245
le2i-blazepose,le2i-blazepose::Home_01_video_22,data/keypoints_le2i_blazepose/Home_01_video_22.npz,171,195,0,0,0,0.44425213
le2i-blazepose,le2i-blazepose::Home_01_video_22,data/keypoints_le2i_blazepose/Home_01_video_22.npz,176,200,0,0,0,0.49742305
le2i-blazepose,le2i-blazepose::Home_01_video_22,data/keypoints_le2i_blazepose/Home_01_video_22.npz,181,205,0,0,0,0.14844
le2i-blazepose,le2i-blazepose::Home_01_video_22,data/keypoints_le2i_blazepose/Home_01_video_22.npz,186,210,0,0,0,0.046861917
le2i-blazepose,le2i-blazepose::Home_01_video_22,data/keypoints_le2i_blazepose/Home_01_video_22.npz,191,215,0,0,0,0.01693735
le2i-blazepose,le2i-blazepose::Home_01_video_22,data/keypoints_le2i_blazepose/Home_01_video_22.npz,196,220,0,0,0,0.016908564
le2i-blazepose,le2i-blazepose::Home_01_video_22,data/keypoints_le2i_blazepose/Home_01_video_22.npz,201,225,0,0,0,0.016693259
le2i-blazepose,le2i-blazepose::Home_01_video_22,data/keypoints_le2i_blazepose/Home_01_video_22.npz,206,230,0,0,0,0.016661687
le2i-blazepose,le2i-blazepose::Home_01_video_22,data/keypoints_le2i_blazepose/Home_01_video_22.npz,211,235,0,0,0,0.016589412
le2i-blazepose,le2i-blazepose::Home_01_video_22,data/keypoints_le2i_blazepose/Home_01_video_22.npz,216,240,0,0,0,0.016598914
le2i-blazepose,le2i-blazepose::Home_01_video_27,data/keypoints_le2i_blazepose/Home_01_video_27.npz,1,25,0,0,0,0.00091936404
le2i-blazepose,le2i-blazepose::Home_01_video_27,data/keypoints_le2i_blazepose/Home_01_video_27.npz,6,30,0,0,0,0.00082281075
le2i-blazepose,le2i-blazepose::Home_01_video_27,data/keypoints_le2i_blazepose/Home_01_video_27.npz,11,35,0,0,0,0.0008185773
le2i-blazepose,le2i-blazepose::Home_01_video_27,data/keypoints_le2i_blazepose/Home_01_video_27.npz,16,40,0,0,0,0.0008351451
le2i-blazepose,le2i-blazepose::Home_01_video_27,data/keypoints_le2i_blazepose/Home_01_video_27.npz,21,45,0,0,0,0.000818566
le2i-blazepose,le2i-blazepose::Home_01_video_27,data/keypoints_le2i_blazepose/Home_01_video_27.npz,26,50,0,0,0,0.0009648234
le2i-blazepose,le2i-blazepose::Home_01_video_27,data/keypoints_le2i_blazepose/Home_01_video_27.npz,31,55,0,0,0,0.00093069684
le2i-blazepose,le2i-blazepose::Home_01_video_27,data/keypoints_le2i_blazepose/Home_01_video_27.npz,36,60,0,0,0,0.0010623717
le2i-blazepose,le2i-blazepose::Home_01_video_27,data/keypoints_le2i_blazepose/Home_01_video_27.npz,41,65,0,0,0,0.0014404838
le2i-blazepose,le2i-blazepose::Home_01_video_27,data/keypoints_le2i_blazepose/Home_01_video_27.npz,46,70,0,0,0,0.0010835975
le2i-blazepose,le2i-blazepose::Home_01_video_27,data/keypoints_le2i_blazepose/Home_01_video_27.npz,51,75,0,0,0,0.0007168716
le2i-blazepose,le2i-blazepose::Home_01_video_27,data/keypoints_le2i_blazepose/Home_01_video_27.npz,56,80,0,0,0,0.0017677577
le2i-blazepose,le2i-blazepose::Home_01_video_27,data/keypoints_le2i_blazepose/Home_01_video_27.npz,61,85,0,0,0,0.0023008839
le2i-blazepose,le2i-blazepose::Home_01_video_27,data/keypoints_le2i_blazepose/Home_01_video_27.npz,66,90,0,0,0,0.002877675
le2i-blazepose,le2i-blazepose::Home_01_video_27,data/keypoints_le2i_blazepose/Home_01_video_27.npz,71,95,0,0,0,0.0037850996
le2i-blazepose,le2i-blazepose::Home_01_video_27,data/keypoints_le2i_blazepose/Home_01_video_27.npz,76,100,0,0,0,0.0033403533
le2i-blazepose,le2i-blazepose::Home_01_video_27,data/keypoints_le2i_blazepose/Home_01_video_27.npz,81,105,0,0,0,0.0023716863
le2i-blazepose,le2i-blazepose::Home_01_video_27,data/keypoints_le2i_blazepose/Home_01_video_27.npz,86,110,0,0,0,0.0008140978
le2i-blazepose,le2i-blazepose::Home_01_video_27,data/keypoints_le2i_blazepose/Home_01_video_27.npz,91,115,0,0,0,0.0008241872
le2i-blazepose,le2i-blazepose::Home_01_video_27,data/keypoints_le2i_blazepose/Home_01_video_27.npz,96,120,0,0,0,0.00091962295
le2i-blazepose,le2i-blazepose::Home_01_video_27,data/keypoints_le2i_blazepose/Home_01_video_27.npz,101,125,0,0,0,0.00103215
le2i-blazepose,le2i-blazepose::Home_01_video_27,data/keypoints_le2i_blazepose/Home_01_video_27.npz,106,130,0,0,0,0.0013969704
le2i-blazepose,le2i-blazepose::Home_01_video_27,data/keypoints_le2i_blazepose/Home_01_video_27.npz,111,135,0,0,0,0.0020381042
le2i-blazepose,le2i-blazepose::Home_01_video_27,data/keypoints_le2i_blazepose/Home_01_video_27.npz,116,140,0,0,0,0.0018490392
le2i-blazepose,le2i-blazepose::Home_01_video_27,data/keypoints_le2i_blazepose/Home_01_video_27.npz,121,145,0,0,0,0.0017159985
le2i-blazepose,le2i-blazepose::Home_01_video_27,data/keypoints_le2i_blazepose/Home_01_video_27.npz,126,150,0,0,0,0.027767861
le2i-blazepose,le2i-blazepose::Home_01_video_27,data/keypoints_le2i_blazepose/Home_01_video_27.npz,131,155,0,0,0,0.036404792
le2i-blazepose,le2i-blazepose::Home_01_video_27,data/keypoints_le2i_blazepose/Home_01_video_27.npz,136,160,0,0,0,0.07799316
le2i-blazepose,le2i-blazepose::Home_01_video_27,data/keypoints_le2i_blazepose/Home_01_video_27.npz,141,165,0,0,0,0.4680473
le2i-blazepose,le2i-blazepose::Home_01_video_27,data/keypoints_le2i_blazepose/Home_01_video_27.npz,146,170,0,0,1,0.9822551
le2i-blazepose,le2i-blazepose::Home_01_video_27,data/keypoints_le2i_blazepose/Home_01_video_27.npz,151,175,1,1,1,0.9979091
le2i-blazepose,le2i-blazepose::Home_01_video_27,data/keypoints_le2i_blazepose/Home_01_video_27.npz,156,180,1,1,1,0.99944395
le2i-blazepose,le2i-blazepose::Home_01_video_27,data/keypoints_le2i_blazepose/Home_01_video_27.npz,161,185,1,1,1,0.9994758
le2i-blazepose,le2i-blazepose::Home_01_video_27,data/keypoints_le2i_blazepose/Home_01_video_27.npz,166,190,1,1,1,0.995786
le2i-blazepose,le2i-blazepose::Home_01_video_27,data/keypoints_le2i_blazepose/Home_01_video_27.npz,171,195,0,0,0,0.20776847
le2i-blazepose,le2i-blazepose::Home_01_video_27,data/keypoints_le2i_blazepose/Home_01_video_27.npz,176,200,0,0,0,0.1962627
le2i-blazepose,le2i-blazepose::Home_01_video_27,data/keypoints_le2i_blazepose/Home_01_video_27.npz,181,205,0,0,0,0.19958164
le2i-blazepose,le2i-blazepose::Home_01_video_27,data/keypoints_le2i_blazepose/Home_01_video_27.npz,186,210,0,0,0,0.19992694
le2i-blazepose,le2i-blazepose::Home_01_video_27,data/keypoints_le2i_blazepose/Home_01_video_27.npz,191,215,0,0,0,0.037299167
le2i-blazepose,le2i-blazepose::Home_01_video_27,data/keypoints_le2i_blazepose/Home_01_video_27.npz,196,220,0,0,0,0.03747762
le2i-blazepose,le2i-blazepose::Home_01_video_27,data/keypoints_le2i_blazepose/Home_01_video_27.npz,201,225,0,0,0,0.037263796
le2i-blazepose,le2i-blazepose::Home_01_video_27,data/keypoints_le2i_blazepose/Home_01_video_27.npz,206,230,0,0,0,0.037086237
le2i-blazepose,le2i-blazepose::Home_01_video_27,data/keypoints_le2i_blazepose/Home_01_video_27.npz,211,235,0,0,0,0.03706317
le2i-blazepose,le2i-blazepose::Home_01_video_27,data/keypoints_le2i_blazepose/Home_01_video_27.npz,216,240,0,0,0,0.036779854
le2i-blazepose,le2i-blazepose::Home_01_video_29,data/keypoints_le2i_blazepose/Home_01_video_29.npz,1,25,0,0,0,0.00079559005
le2i-blazepose,le2i-blazepose::Home_01_video_29,data/keypoints_le2i_blazepose/Home_01_video_29.npz,6,30,0,0,0,0.0013029583
le2i-blazepose,le2i-blazepose::Home_01_video_29,data/keypoints_le2i_blazepose/Home_01_video_29.npz,11,35,0,0,0,0.001436798
le2i-blazepose,le2i-blazepose::Home_01_video_29,data/keypoints_le2i_blazepose/Home_01_video_29.npz,16,40,0,0,0,0.0005939861
le2i-blazepose,le2i-blazepose::Home_01_video_29,data/keypoints_le2i_blazepose/Home_01_video_29.npz,21,45,0,0,0,0.0020501062
le2i-blazepose,le2i-blazepose::Home_01_video_29,data/keypoints_le2i_blazepose/Home_01_video_29.npz,26,50,0,0,0,0.0019422328
le2i-blazepose,le2i-blazepose::Home_01_video_29,data/keypoints_le2i_blazepose/Home_01_video_29.npz,31,55,0,0,0,0.0018046056
le2i-blazepose,le2i-blazepose::Home_01_video_29,data/keypoints_le2i_blazepose/Home_01_video_29.npz,36,60,0,0,0,0.0007212723
le2i-blazepose,le2i-blazepose::Home_01_video_29,data/keypoints_le2i_blazepose/Home_01_video_29.npz,41,65,0,0,0,0.0007099194
le2i-blazepose,le2i-blazepose::Home_01_video_29,data/keypoints_le2i_blazepose/Home_01_video_29.npz,46,70,0,0,0,0.0007789696
le2i-blazepose,le2i-blazepose::Home_01_video_29,data/keypoints_le2i_blazepose/Home_01_video_29.npz,51,75,0,0,0,0.0009258858
le2i-blazepose,le2i-blazepose::Home_01_video_29,data/keypoints_le2i_blazepose/Home_01_video_29.npz,56,80,0,0,0,0.0010149911
le2i-blazepose,le2i-blazepose::Home_01_video_29,data/keypoints_le2i_blazepose/Home_01_video_29.npz,61,85,0,0,0,0.0009877741
le2i-blazepose,le2i-blazepose::Home_01_video_29,data/keypoints_le2i_blazepose/Home_01_video_29.npz,66,90,0,0,0,0.0014425587
le2i-blazepose,le2i-blazepose::Home_01_video_29,data/keypoints_le2i_blazepose/Home_01_video_29.npz,71,95,0,0,0,0.0037962873
le2i-blazepose,le2i-blazepose::Home_01_video_29,data/keypoints_le2i_blazepose/Home_01_video_29.npz,76,100,0,0,0,0.0021630628
le2i-blazepose,le2i-blazepose::Home_01_video_29,data/keypoints_le2i_blazepose/Home_01_video_29.npz,81,105,0,0,0,0.00214256
le2i-blazepose,le2i-blazepose::Home_01_video_29,data/keypoints_le2i_blazepose/Home_01_video_29.npz,86,110,0,0,0,0.002227764
le2i-blazepose,le2i-blazepose::Home_01_video_29,data/keypoints_le2i_blazepose/Home_01_video_29.npz,91,115,0,0,0,0.0023910236
le2i-blazepose,le2i-blazepose::Home_01_video_29,data/keypoints_le2i_blazepose/Home_01_video_29.npz,96,120,0,0,0,0.009235626
le2i-blazepose,le2i-blazepose::Home_01_video_29,data/keypoints_le2i_blazepose/Home_01_video_29.npz,101,125,0,0,0,0.01019002
le2i-blazepose,le2i-blazepose::Home_01_video_29,data/keypoints_le2i_blazepose/Home_01_video_29.npz,106,130,0,0,0,0.009875537
le2i-blazepose,le2i-blazepose::Home_01_video_29,data/keypoints_le2i_blazepose/Home_01_video_29.npz,111,135,0,0,0,0.01314228
le2i-blazepose,le2i-blazepose::Home_01_video_29,data/keypoints_le2i_blazepose/Home_01_video_29.npz,116,140,0,0,0,0.0045838226
le2i-blazepose,le2i-blazepose::Home_01_video_29,data/keypoints_le2i_blazepose/Home_01_video_29.npz,121,145,0,0,0,0.0071746227
le2i-blazepose,le2i-blazepose::Home_01_video_29,data/keypoints_le2i_blazepose/Home_01_video_29.npz,126,150,0,0,0,0.10910543
le2i-blazepose,le2i-blazepose::Home_01_video_29,data/keypoints_le2i_blazepose/Home_01_video_29.npz,131,155,0,0,0,0.46551138
le2i-blazepose,le2i-blazepose::Home_01_video_29,data/keypoints_le2i_blazepose/Home_01_video_29.npz,136,160,0,0,1,0.946724
le2i-blazepose,le2i-blazepose::Home_01_video_29,data/keypoints_le2i_blazepose/Home_01_video_29.npz,141,165,0,0,1,0.99474746
le2i-blazepose,le2i-blazepose::Home_01_video_29,data/keypoints_le2i_blazepose/Home_01_video_29.npz,146,170,1,1,1,0.9982565
le2i-blazepose,le2i-blazepose::Home_01_video_29,data/keypoints_le2i_blazepose/Home_01_video_29.npz,151,175,1,1,1,0.99631506
le2i-blazepose,le2i-blazepose::Home_01_video_29,data/keypoints_le2i_blazepose/Home_01_video_29.npz,156,180,1,1,1,0.99078405
le2i-blazepose,le2i-blazepose::Home_01_video_29,data/keypoints_le2i_blazepose/Home_01_video_29.npz,161,185,1,1,0,0.49319828
le2i-blazepose,le2i-blazepose::Home_01_video_29,data/keypoints_le2i_blazepose/Home_01_video_29.npz,166,190,0,0,0,0.08998786
le2i-blazepose,le2i-blazepose::Home_01_video_29,data/keypoints_le2i_blazepose/Home_01_video_29.npz,171,195,0,0,0,0.045726247
le2i-blazepose,le2i-blazepose::Home_01_video_29,data/keypoints_le2i_blazepose/Home_01_video_29.npz,176,200,0,0,0,0.035089612
le2i-blazepose,le2i-blazepose::Home_01_video_29,data/keypoints_le2i_blazepose/Home_01_video_29.npz,181,205,0,0,0,0.035233144
le2i-blazepose,le2i-blazepose::Home_01_video_29,data/keypoints_le2i_blazepose/Home_01_video_29.npz,186,210,0,0,0,0.037732482
le2i-blazepose,le2i-blazepose::Home_01_video_29,data/keypoints_le2i_blazepose/Home_01_video_29.npz,191,215,0,0,0,0.039134715
le2i-blazepose,le2i-blazepose::Home_01_video_29,data/keypoints_le2i_blazepose/Home_01_video_29.npz,196,220,0,0,0,0.03789921
le2i-blazepose,le2i-blazepose::Home_01_video_29,data/keypoints_le2i_blazepose/Home_01_video_29.npz,201,225,0,0,0,0.036374558
le2i-blazepose,le2i-blazepose::Home_01_video_29,data/keypoints_le2i_blazepose/Home_01_video_29.npz,206,230,0,0,0,0.036717553
le2i-blazepose,le2i-blazepose::Home_01_video_29,data/keypoints_le2i_blazepose/Home_01_video_29.npz,211,235,0,0,0,0.02566317
le2i-blazepose,le2i-blazepose::Home_01_video_29,data/keypoints_le2i_blazepose/Home_01_video_29.npz,216,240,0,0,0,0.025899058
le2i-blazepose,le2i-blazepose::Home_01_video_29,data/keypoints_le2i_blazepose/Home_01_video_29.npz,221,245,0,0,0,0.026002793
le2i-blazepose,le2i-blazepose::Home_01_video_29,data/keypoints_le2i_blazepose/Home_01_video_29.npz,226,250,0,0,0,0.026082551
le2i-blazepose,le2i-blazepose::Home_01_video_29,data/keypoints_le2i_blazepose/Home_01_video_29.npz,231,255,0,0,0,0.044227317
le2i-blazepose,le2i-blazepose::Home_01_video_29,data/keypoints_le2i_blazepose/Home_01_video_29.npz,236,260,0,0,0,0.040925805
le2i-blazepose,le2i-blazepose::Home_01_video_29,data/keypoints_le2i_blazepose/Home_01_video_29.npz,241,265,0,0,0,0.037598506
le2i-blazepose,le2i-blazepose::Home_01_video_29,data/keypoints_le2i_blazepose/Home_01_video_29.npz,246,270,0,0,0,0.034219123
le2i-blazepose,le2i-blazepose::Home_01_video_6,data/keypoints_le2i_blazepose/Home_01_video_6.npz,1,25,0,0,0,0.00080236606
le2i-blazepose,le2i-blazepose::Home_01_video_6,data/keypoints_le2i_blazepose/Home_01_video_6.npz,6,30,0,0,0,0.0011519782
le2i-blazepose,le2i-blazepose::Home_01_video_6,data/keypoints_le2i_blazepose/Home_01_video_6.npz,11,35,0,0,0,0.0012392681
le2i-blazepose,le2i-blazepose::Home_01_video_6,data/keypoints_le2i_blazepose/Home_01_video_6.npz,16,40,0,0,0,0.0014110142
le2i-blazepose,le2i-blazepose::Home_01_video_6,data/keypoints_le2i_blazepose/Home_01_video_6.npz,21,45,0,0,0,0.0012057337
le2i-blazepose,le2i-blazepose::Home_01_video_6,data/keypoints_le2i_blazepose/Home_01_video_6.npz,26,50,0,0,0,0.0011449585
le2i-blazepose,le2i-blazepose::Home_01_video_6,data/keypoints_le2i_blazepose/Home_01_video_6.npz,31,55,0,0,0,0.0005223874
le2i-blazepose,le2i-blazepose::Home_01_video_6,data/keypoints_le2i_blazepose/Home_01_video_6.npz,36,60,0,0,0,0.0008808979
le2i-blazepose,le2i-blazepose::Home_01_video_6,data/keypoints_le2i_blazepose/Home_01_video_6.npz,41,65,0,0,0,0.0008419416
le2i-blazepose,le2i-blazepose::Home_01_video_6,data/keypoints_le2i_blazepose/Home_01_video_6.npz,46,70,0,0,0,0.0008195315
le2i-blazepose,le2i-blazepose::Home_01_video_6,data/keypoints_le2i_blazepose/Home_01_video_6.npz,51,75,0,0,0,0.0007373024
le2i-blazepose,le2i-blazepose::Home_01_video_6,data/keypoints_le2i_blazepose/Home_01_video_6.npz,56,80,0,0,0,0.0007668348
le2i-blazepose,le2i-blazepose::Home_01_video_6,data/keypoints_le2i_blazepose/Home_01_video_6.npz,61,85,0,0,0,0.0002950491
le2i-blazepose,le2i-blazepose::Home_01_video_6,data/keypoints_le2i_blazepose/Home_01_video_6.npz,66,90,0,0,0,0.0003009843
le2i-blazepose,le2i-blazepose::Home_01_video_6,data/keypoints_le2i_blazepose/Home_01_video_6.npz,71,95,0,0,0,0.00030582733
le2i-blazepose,le2i-blazepose::Home_01_video_6,data/keypoints_le2i_blazepose/Home_01_video_6.npz,86,110,0,0,0,0.0015033982
le2i-blazepose,le2i-blazepose::Home_01_video_6,data/keypoints_le2i_blazepose/Home_01_video_6.npz,91,115,0,0,0,0.0020396682
le2i-blazepose,le2i-blazepose::Home_01_video_6,data/keypoints_le2i_blazepose/Home_01_video_6.npz,96,120,0,0,0,0.00717801
le2i-blazepose,le2i-blazepose::Home_01_video_6,data/keypoints_le2i_blazepose/Home_01_video_6.npz,101,125,1,1,0,0.03218949
le2i-blazepose,le2i-blazepose::Home_01_video_6,data/keypoints_le2i_blazepose/Home_01_video_6.npz,106,130,1,1,0,0.3404073
le2i-blazepose,le2i-blazepose::Home_01_video_6,data/keypoints_le2i_blazepose/Home_01_video_6.npz,111,135,1,1,1,0.96919686
le2i-blazepose,le2i-blazepose::Home_01_video_6,data/keypoints_le2i_blazepose/Home_01_video_6.npz,116,140,1,1,1,0.9927291
le2i-blazepose,le2i-blazepose::Home_01_video_6,data/keypoints_le2i_blazepose/Home_01_video_6.npz,121,145,1,1,1,0.99224734
le2i-blazepose,le2i-blazepose::Home_01_video_6,data/keypoints_le2i_blazepose/Home_01_video_6.npz,126,150,1,1,1,0.9828592
le2i-blazepose,le2i-blazepose::Home_01_video_6,data/keypoints_le2i_blazepose/Home_01_video_6.npz,131,155,1,1,1,0.95822114
le2i-blazepose,le2i-blazepose::Home_01_video_6,data/keypoints_le2i_blazepose/Home_01_video_6.npz,136,160,0,0,1,0.8661835
le2i-blazepose,le2i-blazepose::Home_01_video_6,data/keypoints_le2i_blazepose/Home_01_video_6.npz,141,165,0,0,1,0.8465093
le2i-blazepose,le2i-blazepose::Home_01_video_6,data/keypoints_le2i_blazepose/Home_01_video_6.npz,146,170,0,0,1,0.8837186
le2i-blazepose,le2i-blazepose::Home_01_video_6,data/keypoints_le2i_blazepose/Home_01_video_6.npz,151,175,0,0,1,0.90384626
le2i-blazepose,le2i-blazepose::Home_01_video_6,data/keypoints_le2i_blazepose/Home_01_video_6.npz,156,180,0,0,1,0.8995388
le2i-blazepose,le2i-blazepose::Home_01_video_6,data/keypoints_le2i_blazepose/Home_01_video_6.npz,161,185,0,0,1,0.8884836
le2i-blazepose,le2i-blazepose::Home_01_video_6,data/keypoints_le2i_blazepose/Home_01_video_6.npz,166,190,0,0,1,0.88022727
le2i-blazepose,le2i-blazepose::Home_02_video_32,data/keypoints_le2i_blazepose/Home_02_video_32.npz,1,25,0,0,0,0.0011600313
le2i-blazepose,le2i-blazepose::Home_02_video_32,data/keypoints_le2i_blazepose/Home_02_video_32.npz,6,30,0,0,0,0.0012641004
le2i-blazepose,le2i-blazepose::Home_02_video_32,data/keypoints_le2i_blazepose/Home_02_video_32.npz,11,35,0,0,0,0.0026869285
le2i-blazepose,le2i-blazepose::Home_02_video_32,data/keypoints_le2i_blazepose/Home_02_video_32.npz,16,40,0,0,0,0.0012467206
le2i-blazepose,le2i-blazepose::Home_02_video_32,data/keypoints_le2i_blazepose/Home_02_video_32.npz,36,60,0,0,0,0.007407802
le2i-blazepose,le2i-blazepose::Home_02_video_32,data/keypoints_le2i_blazepose/Home_02_video_32.npz,41,65,0,0,0,0.00201367
le2i-blazepose,le2i-blazepose::Home_02_video_32,data/keypoints_le2i_blazepose/Home_02_video_32.npz,46,70,0,0,0,0.0017072407
le2i-blazepose,le2i-blazepose::Home_02_video_32,data/keypoints_le2i_blazepose/Home_02_video_32.npz,51,75,0,0,0,0.0024582692
le2i-blazepose,le2i-blazepose::Home_02_video_32,data/keypoints_le2i_blazepose/Home_02_video_32.npz,56,80,0,0,0,0.0042569875
le2i-blazepose,le2i-blazepose::Home_02_video_32,data/keypoints_le2i_blazepose/Home_02_video_32.npz,61,85,0,0,0,0.002383805
le2i-blazepose,le2i-blazepose::Home_02_video_32,data/keypoints_le2i_blazepose/Home_02_video_32.npz,66,90,0,0,0,0.1053977
le2i-blazepose,le2i-blazepose::Home_02_video_32,data/keypoints_le2i_blazepose/Home_02_video_32.npz,71,95,1,1,1,0.8259402
le2i-blazepose,le2i-blazepose::Home_02_video_32,data/keypoints_le2i_blazepose/Home_02_video_32.npz,76,100,1,1,1,0.99436355
le2i-blazepose,le2i-blazepose::Home_02_video_32,data/keypoints_le2i_blazepose/Home_02_video_32.npz,81,105,1,1,1,0.9991841
le2i-blazepose,le2i-blazepose::Home_02_video_32,data/keypoints_le2i_blazepose/Home_02_video_32.npz,86,110,1,1,1,0.9982755
le2i-blazepose,le2i-blazepose::Home_02_video_32,data/keypoints_le2i_blazepose/Home_02_video_32.npz,91,115,1,1,0,0.52569467
le2i-blazepose,le2i-blazepose::Home_02_video_32,data/keypoints_le2i_blazepose/Home_02_video_32.npz,96,120,0,0,0,0.2512352
le2i-blazepose,le2i-blazepose::Home_02_video_32,data/keypoints_le2i_blazepose/Home_02_video_32.npz,101,125,0,0,0,0.25410295
le2i-blazepose,le2i-blazepose::Home_02_video_32,data/keypoints_le2i_blazepose/Home_02_video_32.npz,106,130,0,0,0,0.25585365
le2i-blazepose,le2i-blazepose::Home_02_video_32,data/keypoints_le2i_blazepose/Home_02_video_32.npz,111,135,0,0,0,0.25458387
le2i-blazepose,le2i-blazepose::Home_02_video_32,data/keypoints_le2i_blazepose/Home_02_video_32.npz,116,140,0,0,0,0.2540733
le2i-blazepose,le2i-blazepose::Home_02_video_32,data/keypoints_le2i_blazepose/Home_02_video_32.npz,121,145,0,0,0,0.25439638
le2i-blazepose,le2i-blazepose::Home_02_video_32,data/keypoints_le2i_blazepose/Home_02_video_32.npz,126,150,0,0,0,0.25526553
le2i-blazepose,le2i-blazepose::Home_02_video_32,data/keypoints_le2i_blazepose/Home_02_video_32.npz,131,155,0,0,0,0.25493428
le2i-blazepose,le2i-blazepose::Home_02_video_32,data/keypoints_le2i_blazepose/Home_02_video_32.npz,136,160,0,0,0,0.25543427
le2i-blazepose,le2i-blazepose::Home_02_video_32,data/keypoints_le2i_blazepose/Home_02_video_32.npz,141,165,0,0,0,0.25521383
le2i-blazepose,le2i-blazepose::Home_02_video_32,data/keypoints_le2i_blazepose/Home_02_video_32.npz,146,170,0,0,0,0.25571844
le2i-blazepose,le2i-blazepose::Home_02_video_32,data/keypoints_le2i_blazepose/Home_02_video_32.npz,151,175,0,0,0,0.25493318
le2i-blazepose,le2i-blazepose::Home_02_video_32,data/keypoints_le2i_blazepose/Home_02_video_32.npz,156,180,0,0,0,0.25538287
le2i-blazepose,le2i-blazepose::Home_02_video_32,data/keypoints_le2i_blazepose/Home_02_video_32.npz,161,185,0,0,0,0.25581947
le2i-blazepose,le2i-blazepose::Home_02_video_32,data/keypoints_le2i_blazepose/Home_02_video_32.npz,166,190,0,0,0,0.2548995
le2i-blazepose,le2i-blazepose::Home_02_video_35,data/keypoints_le2i_blazepose/Home_02_video_35.npz,1,25,0,0,0,0.0006253658
le2i-blazepose,le2i-blazepose::Home_02_video_35,data/keypoints_le2i_blazepose/Home_02_video_35.npz,6,30,0,0,0,0.00065347756
le2i-blazepose,le2i-blazepose::Home_02_video_35,data/keypoints_le2i_blazepose/Home_02_video_35.npz,11,35,0,0,0,0.0006866258
le2i-blazepose,le2i-blazepose::Home_02_video_35,data/keypoints_le2i_blazepose/Home_02_video_35.npz,16,40,0,0,0,0.00073606824
le2i-blazepose,le2i-blazepose::Home_02_video_35,data/keypoints_le2i_blazepose/Home_02_video_35.npz,21,45,0,0,0,0.00076932815
le2i-blazepose,le2i-blazepose::Home_02_video_35,data/keypoints_le2i_blazepose/Home_02_video_35.npz,26,50,0,0,0,0.0007402365
le2i-blazepose,le2i-blazepose::Home_02_video_35,data/keypoints_le2i_blazepose/Home_02_video_35.npz,31,55,0,0,0,0.0006592995
le2i-blazepose,le2i-blazepose::Home_02_video_35,data/keypoints_le2i_blazepose/Home_02_video_35.npz,36,60,0,0,0,0.0005305482
le2i-blazepose,le2i-blazepose::Home_02_video_35,data/keypoints_le2i_blazepose/Home_02_video_35.npz,41,65,0,0,0,0.00044783534
le2i-blazepose,le2i-blazepose::Home_02_video_35,data/keypoints_le2i_blazepose/Home_02_video_35.npz,46,70,0,0,0,0.00044041776
le2i-blazepose,le2i-blazepose::Home_02_video_35,data/keypoints_le2i_blazepose/Home_02_video_35.npz,51,75,0,0,0,0.00047821837
le2i-blazepose,le2i-blazepose::Home_02_video_35,data/keypoints_le2i_blazepose/Home_02_video_35.npz,56,80,0,0,0,0.0005347372
le2i-blazepose,le2i-blazepose::Home_02_video_35,data/keypoints_le2i_blazepose/Home_02_video_35.npz,61,85,0,0,0,0.0005637414
le2i-blazepose,le2i-blazepose::Home_02_video_35,data/keypoints_le2i_blazepose/Home_02_video_35.npz,66,90,0,0,0,0.00060431624
le2i-blazepose,le2i-blazepose::Home_02_video_35,data/keypoints_le2i_blazepose/Home_02_video_35.npz,71,95,0,0,0,0.00067424215
le2i-blazepose,le2i-blazepose::Home_02_video_35,data/keypoints_le2i_blazepose/Home_02_video_35.npz,76,100,0,0,0,0.0007020276
le2i-blazepose,le2i-blazepose::Home_02_video_35,data/keypoints_le2i_blazepose/Home_02_video_35.npz,81,105,0,0,0,0.00072529283
le2i-blazepose,le2i-blazepose::Home_02_video_35,data/keypoints_le2i_blazepose/Home_02_video_35.npz,86,110,0,0,0,0.0008416297
le2i-blazepose,le2i-blazepose::Home_02_video_35,data/keypoints_le2i_blazepose/Home_02_video_35.npz,91,115,0,0,0,0.0011824736
le2i-blazepose,le2i-blazepose::Home_02_video_35,data/keypoints_le2i_blazepose/Home_02_video_35.npz,96,120,0,0,0,0.0016751639
le2i-blazepose,le2i-blazepose::Home_02_video_35,data/keypoints_le2i_blazepose/Home_02_video_35.npz,101,125,0,0,0,0.014450868
le2i-blazepose,le2i-blazepose::Home_02_video_35,data/keypoints_le2i_blazepose/Home_02_video_35.npz,106,130,0,0,0,0.3884089
le2i-blazepose,le2i-blazepose::Home_02_video_35,data/keypoints_le2i_blazepose/Home_02_video_35.npz,111,135,0,0,1,0.9617646
le2i-blazepose,le2i-blazepose::Home_02_video_35,data/keypoints_le2i_blazepose/Home_02_video_35.npz,116,140,0,0,1,0.9970483
le2i-blazepose,le2i-blazepose::Home_02_video_35,data/keypoints_le2i_blazepose/Home_02_video_35.npz,121,145,1,1,1,0.997919
le2i-blazepose,le2i-blazepose::Home_02_video_35,data/keypoints_le2i_blazepose/Home_02_video_35.npz,126,150,1,1,1,0.9953082
le2i-blazepose,le2i-blazepose::Home_02_video_35,data/keypoints_le2i_blazepose/Home_02_video_35.npz,131,155,1,1,1,0.9986394
le2i-blazepose,le2i-blazepose::Home_02_video_35,data/keypoints_le2i_blazepose/Home_02_video_35.npz,136,160,1,1,0,0.024362028
le2i-blazepose,le2i-blazepose::Home_02_video_38,data/keypoints_le2i_blazepose/Home_02_video_38.npz,1,25,0,0,0,0.001147513
le2i-blazepose,le2i-blazepose::Home_02_video_38,data/keypoints_le2i_blazepose/Home_02_video_38.npz,6,30,0,0,0,0.0010958832
le2i-blazepose,le2i-blazepose::Home_02_video_38,data/keypoints_le2i_blazepose/Home_02_video_38.npz,11,35,0,0,0,0.0010415869
le2i-blazepose,le2i-blazepose::Home_02_video_38,data/keypoints_le2i_blazepose/Home_02_video_38.npz,16,40,0,0,0,0.00092849194
le2i-blazepose,le2i-blazepose::Home_02_video_38,data/keypoints_le2i_blazepose/Home_02_video_38.npz,21,45,0,0,0,0.0008965186
le2i-blazepose,le2i-blazepose::Home_02_video_38,data/keypoints_le2i_blazepose/Home_02_video_38.npz,26,50,0,0,0,0.0009160353
le2i-blazepose,le2i-blazepose::Home_02_video_38,data/keypoints_le2i_blazepose/Home_02_video_38.npz,31,55,0,0,0,0.00090195885
le2i-blazepose,le2i-blazepose::Home_02_video_38,data/keypoints_le2i_blazepose/Home_02_video_38.npz,36,60,0,0,0,0.0007675082
le2i-blazepose,le2i-blazepose::Home_02_video_38,data/keypoints_le2i_blazepose/Home_02_video_38.npz,41,65,0,0,0,0.0012136718
le2i-blazepose,le2i-blazepose::Home_02_video_38,data/keypoints_le2i_blazepose/Home_02_video_38.npz,46,70,0,0,0,0.0012340323
le2i-blazepose,le2i-blazepose::Home_02_video_38,data/keypoints_le2i_blazepose/Home_02_video_38.npz,51,75,0,0,0,0.0012553524
le2i-blazepose,le2i-blazepose::Home_02_video_38,data/keypoints_le2i_blazepose/Home_02_video_38.npz,56,80,0,0,0,0.001301944
le2i-blazepose,le2i-blazepose::Home_02_video_38,data/keypoints_le2i_blazepose/Home_02_video_38.npz,61,85,0,0,0,0.0012531483
le2i-blazepose,le2i-blazepose::Home_02_video_38,data/keypoints_le2i_blazepose/Home_02_video_38.npz,66,90,0,0,0,0.0013835299
le2i-blazepose,le2i-blazepose::Home_02_video_38,data/keypoints_le2i_blazepose/Home_02_video_38.npz,71,95,0,0,0,0.0014153691
le2i-blazepose,le2i-blazepose::Home_02_video_38,data/keypoints_le2i_blazepose/Home_02_video_38.npz,76,100,0,0,0,0.0014832132
le2i-blazepose,le2i-blazepose::Home_02_video_38,data/keypoints_le2i_blazepose/Home_02_video_38.npz,81,105,0,0,0,0.0015041283
le2i-blazepose,le2i-blazepose::Home_02_video_38,data/keypoints_le2i_blazepose/Home_02_video_38.npz,86,110,0,0,0,0.0015096961
le2i-blazepose,le2i-blazepose::Home_02_video_38,data/keypoints_le2i_blazepose/Home_02_video_38.npz,91,115,0,0,0,0.0015110984
le2i-blazepose,le2i-blazepose::Home_02_video_38,data/keypoints_le2i_blazepose/Home_02_video_38.npz,96,120,0,0,0,0.0017168319
le2i-blazepose,le2i-blazepose::Home_02_video_38,data/keypoints_le2i_blazepose/Home_02_video_38.npz,101,125,0,0,0,0.0015878078
le2i-blazepose,le2i-blazepose::Home_02_video_38,data/keypoints_le2i_blazepose/Home_02_video_38.npz,106,130,0,0,0,0.0013129102
le2i-blazepose,le2i-blazepose::Home_02_video_38,data/keypoints_le2i_blazepose/Home_02_video_38.npz,111,135,0,0,0,0.0011383725
le2i-blazepose,le2i-blazepose::Home_02_video_38,data/keypoints_le2i_blazepose/Home_02_video_38.npz,116,140,0,0,0,0.0009744513
le2i-blazepose,le2i-blazepose::Home_02_video_38,data/keypoints_le2i_blazepose/Home_02_video_38.npz,121,145,0,0,0,0.0009883373
le2i-blazepose,le2i-blazepose::Home_02_video_38,data/keypoints_le2i_blazepose/Home_02_video_38.npz,126,150,0,0,0,0.0010565931
le2i-blazepose,le2i-blazepose::Home_02_video_38,data/keypoints_le2i_blazepose/Home_02_video_38.npz,131,155,0,0,0,0.00040591805
le2i-blazepose,le2i-blazepose::Home_02_video_38,data/keypoints_le2i_blazepose/Home_02_video_38.npz,136,160,0,0,0,0.00042145955
le2i-blazepose,le2i-blazepose::Home_02_video_38,data/keypoints_le2i_blazepose/Home_02_video_38.npz,141,165,0,0,0,0.00042601087
le2i-blazepose,le2i-blazepose::Home_02_video_38,data/keypoints_le2i_blazepose/Home_02_video_38.npz,146,170,0,0,0,0.00043206
le2i-blazepose,le2i-blazepose::Home_02_video_38,data/keypoints_le2i_blazepose/Home_02_video_38.npz,151,175,0,0,0,0.00042436447
le2i-blazepose,le2i-blazepose::Home_02_video_38,data/keypoints_le2i_blazepose/Home_02_video_38.npz,156,180,0,0,0,0.0006139539
le2i-blazepose,le2i-blazepose::Home_02_video_38,data/keypoints_le2i_blazepose/Home_02_video_38.npz,161,185,0,0,0,0.0006862358
le2i-blazepose,le2i-blazepose::Home_02_video_38,data/keypoints_le2i_blazepose/Home_02_video_38.npz,166,190,0,0,0,0.0006853659
le2i-blazepose,le2i-blazepose::Home_02_video_41,data/keypoints_le2i_blazepose/Home_02_video_41.npz,41,65,0,0,0,0.0010641584
le2i-blazepose,le2i-blazepose::Home_02_video_41,data/keypoints_le2i_blazepose/Home_02_video_41.npz,46,70,0,0,0,0.000987741
le2i-blazepose,le2i-blazepose::Home_02_video_41,data/keypoints_le2i_blazepose/Home_02_video_41.npz,51,75,0,0,0,0.00082825514
le2i-blazepose,le2i-blazepose::Home_02_video_41,data/keypoints_le2i_blazepose/Home_02_video_41.npz,56,80,0,0,0,0.0008188278
le2i-blazepose,le2i-blazepose::Home_02_video_41,data/keypoints_le2i_blazepose/Home_02_video_41.npz,61,85,0,0,0,0.00082436897
le2i-blazepose,le2i-blazepose::Home_02_video_41,data/keypoints_le2i_blazepose/Home_02_video_41.npz,66,90,0,0,0,0.00082879915
le2i-blazepose,le2i-blazepose::Home_02_video_41,data/keypoints_le2i_blazepose/Home_02_video_41.npz,71,95,0,0,0,0.00023300808
le2i-blazepose,le2i-blazepose::Home_02_video_41,data/keypoints_le2i_blazepose/Home_02_video_41.npz,81,105,0,0,0,0.0018929006
le2i-blazepose,le2i-blazepose::Home_02_video_41,data/keypoints_le2i_blazepose/Home_02_video_41.npz,86,110,0,0,0,0.0020199518
le2i-blazepose,le2i-blazepose::Home_02_video_41,data/keypoints_le2i_blazepose/Home_02_video_41.npz,91,115,0,0,0,0.0030538407
le2i-blazepose,le2i-blazepose::Home_02_video_41,data/keypoints_le2i_blazepose/Home_02_video_41.npz,96,120,0,0,0,0.003100792
le2i-blazepose,le2i-blazepose::Home_02_video_41,data/keypoints_le2i_blazepose/Home_02_video_41.npz,101,125,0,0,0,0.0031009982
le2i-blazepose,le2i-blazepose::Home_02_video_41,data/keypoints_le2i_blazepose/Home_02_video_41.npz,106,130,0,0,0,0.0031057573
le2i-blazepose,le2i-blazepose::Home_02_video_41,data/keypoints_le2i_blazepose/Home_02_video_41.npz,111,135,0,0,0,0.002737192
le2i-blazepose,le2i-blazepose::Home_02_video_41,data/keypoints_le2i_blazepose/Home_02_video_41.npz,116,140,0,0,0,0.003506503
le2i-blazepose,le2i-blazepose::Home_02_video_41,data/keypoints_le2i_blazepose/Home_02_video_41.npz,121,145,0,0,0,0.0044772318
le2i-blazepose,le2i-blazepose::Home_02_video_41,data/keypoints_le2i_blazepose/Home_02_video_41.npz,126,150,0,0,0,0.005290234
le2i-blazepose,le2i-blazepose::Home_02_video_41,data/keypoints_le2i_blazepose/Home_02_video_41.npz,131,155,0,0,0,0.0059209843
le2i-blazepose,le2i-blazepose::Home_02_video_41,data/keypoints_le2i_blazepose/Home_02_video_41.npz,136,160,0,0,0,0.0068720877
le2i-blazepose,le2i-blazepose::Home_02_video_41,data/keypoints_le2i_blazepose/Home_02_video_41.npz,141,165,0,0,0,0.00798959
le2i-blazepose,le2i-blazepose::Home_02_video_41,data/keypoints_le2i_blazepose/Home_02_video_41.npz,146,170,0,0,0,0.012816399
le2i-blazepose,le2i-blazepose::Home_02_video_41,data/keypoints_le2i_blazepose/Home_02_video_41.npz,151,175,0,0,0,0.0132743
le2i-blazepose,le2i-blazepose::Home_02_video_41,data/keypoints_le2i_blazepose/Home_02_video_41.npz,156,180,0,0,0,0.0067083007
le2i-blazepose,le2i-blazepose::Home_02_video_41,data/keypoints_le2i_blazepose/Home_02_video_41.npz,161,185,0,0,0,0.005420739
le2i-blazepose,le2i-blazepose::Home_02_video_41,data/keypoints_le2i_blazepose/Home_02_video_41.npz,166,190,0,0,0,0.003650098
le2i-blazepose,le2i-blazepose::Home_02_video_41,data/keypoints_le2i_blazepose/Home_02_video_41.npz,171,195,0,0,0,0.07377289
le2i-blazepose,le2i-blazepose::Home_02_video_41,data/keypoints_le2i_blazepose/Home_02_video_41.npz,176,200,0,0,0,0.0033058834
le2i-blazepose,le2i-blazepose::Home_02_video_41,data/keypoints_le2i_blazepose/Home_02_video_41.npz,181,205,0,0,0,0.003279446
le2i-blazepose,le2i-blazepose::Home_02_video_41,data/keypoints_le2i_blazepose/Home_02_video_41.npz,186,210,0,0,0,0.0032662118
le2i-blazepose,le2i-blazepose::Home_02_video_41,data/keypoints_le2i_blazepose/Home_02_video_41.npz,191,215,0,0,0,0.0032570702
le2i-blazepose,le2i-blazepose::Home_02_video_41,data/keypoints_le2i_blazepose/Home_02_video_41.npz,196,220,0,0,0,0.0032565363
le2i-blazepose,le2i-blazepose::Home_02_video_43,data/keypoints_le2i_blazepose/Home_02_video_43.npz,36,60,0,0,0,0.00082044833
le2i-blazepose,le2i-blazepose::Home_02_video_43,data/keypoints_le2i_blazepose/Home_02_video_43.npz,41,65,0,0,0,0.00082044833
le2i-blazepose,le2i-blazepose::Home_02_video_43,data/keypoints_le2i_blazepose/Home_02_video_43.npz,46,70,0,0,0,0.0009216514
le2i-blazepose,le2i-blazepose::Home_02_video_43,data/keypoints_le2i_blazepose/Home_02_video_43.npz,51,75,0,0,0,0.0009870628
le2i-blazepose,le2i-blazepose::Home_02_video_43,data/keypoints_le2i_blazepose/Home_02_video_43.npz,56,80,0,0,0,0.0010638492
le2i-blazepose,le2i-blazepose::Home_02_video_43,data/keypoints_le2i_blazepose/Home_02_video_43.npz,61,85,0,0,0,0.0011311
le2i-blazepose,le2i-blazepose::Home_02_video_43,data/keypoints_le2i_blazepose/Home_02_video_43.npz,66,90,0,0,0,0.001483567
le2i-blazepose,le2i-blazepose::Home_02_video_43,data/keypoints_le2i_blazepose/Home_02_video_43.npz,71,95,0,0,0,0.0025512157
le2i-blazepose,le2i-blazepose::Home_02_video_43,data/keypoints_le2i_blazepose/Home_02_video_43.npz,76,100,0,0,0,0.004007841
le2i-blazepose,le2i-blazepose::Home_02_video_43,data/keypoints_le2i_blazepose/Home_02_video_43.npz,81,105,0,0,0,0.0045196638
le2i-blazepose,le2i-blazepose::Home_02_video_43,data/keypoints_le2i_blazepose/Home_02_video_43.npz,86,110,0,0,0,0.004150483
le2i-blazepose,le2i-blazepose::Home_02_video_43,data/keypoints_le2i_blazepose/Home_02_video_43.npz,91,115,0,0,0,0.0036103444
le2i-blazepose,le2i-blazepose::Home_02_video_43,data/keypoints_le2i_blazepose/Home_02_video_43.npz,96,120,0,0,0,0.0028058486
le2i-blazepose,le2i-blazepose::Home_02_video_43,data/keypoints_le2i_blazepose/Home_02_video_43.npz,101,125,0,0,0,0.0028014574
le2i-blazepose,le2i-blazepose::Home_02_video_43,data/keypoints_le2i_blazepose/Home_02_video_43.npz,106,130,0,0,0,0.0030026108
le2i-blazepose,le2i-blazepose::Home_02_video_43,data/keypoints_le2i_blazepose/Home_02_video_43.npz,111,135,0,0,0,0.0030921518
le2i-blazepose,le2i-blazepose::Home_02_video_43,data/keypoints_le2i_blazepose/Home_02_video_43.npz,116,140,0,0,0,0.003066799
le2i-blazepose,le2i-blazepose::Home_02_video_43,data/keypoints_le2i_blazepose/Home_02_video_43.npz,121,145,0,0,0,0.003058173
le2i-blazepose,le2i-blazepose::Home_02_video_43,data/keypoints_le2i_blazepose/Home_02_video_43.npz,126,150,0,0,0,0.0030099784
le2i-blazepose,le2i-blazepose::Home_02_video_43,data/keypoints_le2i_blazepose/Home_02_video_43.npz,131,155,0,0,0,0.0030119852
le2i-blazepose,le2i-blazepose::Home_02_video_43,data/keypoints_le2i_blazepose/Home_02_video_43.npz,136,160,0,0,0,0.00302938
le2i-blazepose,le2i-blazepose::Home_02_video_43,data/keypoints_le2i_blazepose/Home_02_video_43.npz,141,165,0,0,0,0.0030485955
le2i-blazepose,le2i-blazepose::Home_02_video_45,data/keypoints_le2i_blazepose/Home_02_video_45.npz,1,25,0,0,0,0.002270566
le2i-blazepose,le2i-blazepose::Home_02_video_45,data/keypoints_le2i_blazepose/Home_02_video_45.npz,6,30,0,0,0,0.0015066874
le2i-blazepose,le2i-blazepose::Home_02_video_45,data/keypoints_le2i_blazepose/Home_02_video_45.npz,11,35,0,0,0,0.0011027391
le2i-blazepose,le2i-blazepose::Home_02_video_45,data/keypoints_le2i_blazepose/Home_02_video_45.npz,16,40,0,0,0,0.0008913174
le2i-blazepose,le2i-blazepose::Home_02_video_45,data/keypoints_le2i_blazepose/Home_02_video_45.npz,21,45,0,0,0,0.00094849296
le2i-blazepose,le2i-blazepose::Home_02_video_45,data/keypoints_le2i_blazepose/Home_02_video_45.npz,26,50,0,0,0,5.172679e-05
le2i-blazepose,le2i-blazepose::Home_02_video_45,data/keypoints_le2i_blazepose/Home_02_video_45.npz,31,55,0,0,0,0.00045626372
le2i-blazepose,le2i-blazepose::Home_02_video_45,data/keypoints_le2i_blazepose/Home_02_video_45.npz,36,60,0,0,0,0.0076544313
le2i-blazepose,le2i-blazepose::Home_02_video_45,data/keypoints_le2i_blazepose/Home_02_video_45.npz,41,65,0,0,0,0.012922942
le2i-blazepose,le2i-blazepose::Home_02_video_45,data/keypoints_le2i_blazepose/Home_02_video_45.npz,46,70,0,0,0,0.0105578685
le2i-blazepose,le2i-blazepose::Home_02_video_45,data/keypoints_le2i_blazepose/Home_02_video_45.npz,51,75,0,0,0,0.040474202
le2i-blazepose,le2i-blazepose::Home_02_video_45,data/keypoints_le2i_blazepose/Home_02_video_45.npz,56,80,0,0,0,0.030916885
le2i-blazepose,le2i-blazepose::Home_02_video_45,data/keypoints_le2i_blazepose/Home_02_video_45.npz,61,85,0,0,0,0.020528948
le2i-blazepose,le2i-blazepose::Home_02_video_45,data/keypoints_le2i_blazepose/Home_02_video_45.npz,66,90,0,0,0,0.014721329
le2i-blazepose,le2i-blazepose::Home_02_video_45,data/keypoints_le2i_blazepose/Home_02_video_45.npz,71,95,0,0,0,0.011445608
le2i-blazepose,le2i-blazepose::Home_02_video_45,data/keypoints_le2i_blazepose/Home_02_video_45.npz,76,100,0,0,0,0.009257258
le2i-blazepose,le2i-blazepose::Home_02_video_45,data/keypoints_le2i_blazepose/Home_02_video_45.npz,81,105,0,0,0,0.0024118184
le2i-blazepose,le2i-blazepose::Home_02_video_45,data/keypoints_le2i_blazepose/Home_02_video_45.npz,86,110,0,0,0,0.002252816
le2i-blazepose,le2i-blazepose::Home_02_video_45,data/keypoints_le2i_blazepose/Home_02_video_45.npz,91,115,0,0,0,0.0022043672
le2i-blazepose,le2i-blazepose::Home_02_video_45,data/keypoints_le2i_blazepose/Home_02_video_45.npz,96,120,0,0,0,0.0025906344
le2i-blazepose,le2i-blazepose::Home_02_video_45,data/keypoints_le2i_blazepose/Home_02_video_45.npz,101,125,0,0,0,0.0022577515
le2i-blazepose,le2i-blazepose::Home_02_video_45,data/keypoints_le2i_blazepose/Home_02_video_45.npz,106,130,0,0,0,0.0017889863
le2i-blazepose,le2i-blazepose::Home_02_video_45,data/keypoints_le2i_blazepose/Home_02_video_45.npz,111,135,0,0,0,0.001386561
le2i-blazepose,le2i-blazepose::Home_02_video_45,data/keypoints_le2i_blazepose/Home_02_video_45.npz,116,140,0,0,0,0.0015454775
le2i-blazepose,le2i-blazepose::Home_02_video_45,data/keypoints_le2i_blazepose/Home_02_video_45.npz,121,145,0,0,0,0.0024386563
le2i-blazepose,le2i-blazepose::Home_02_video_45,data/keypoints_le2i_blazepose/Home_02_video_45.npz,126,150,0,0,0,0.0028999269
le2i-blazepose,le2i-blazepose::Home_02_video_45,data/keypoints_le2i_blazepose/Home_02_video_45.npz,131,155,0,0,0,0.0027599472
le2i-blazepose,le2i-blazepose::Home_02_video_45,data/keypoints_le2i_blazepose/Home_02_video_45.npz,136,160,0,0,0,0.0022359511
le2i-blazepose,le2i-blazepose::Home_02_video_45,data/keypoints_le2i_blazepose/Home_02_video_45.npz,141,165,0,0,0,0.0018990645
le2i-blazepose,le2i-blazepose::Home_02_video_45,data/keypoints_le2i_blazepose/Home_02_video_45.npz,146,170,0,0,0,0.0016312281
le2i-blazepose,le2i-blazepose::Home_02_video_45,data/keypoints_le2i_blazepose/Home_02_video_45.npz,151,175,0,0,0,0.0015097241
le2i-blazepose,le2i-blazepose::Home_02_video_45,data/keypoints_le2i_blazepose/Home_02_video_45.npz,156,180,0,0,0,0.0014754442
le2i-blazepose,le2i-blazepose::Home_02_video_45,data/keypoints_le2i_blazepose/Home_02_video_45.npz,161,185,0,0,0,0.0014943826
le2i-blazepose,le2i-blazepose::Home_02_video_45,data/keypoints_le2i_blazepose/Home_02_video_45.npz,166,190,0,0,0,0.0014915642
le2i-blazepose,le2i-blazepose::Home_02_video_45,data/keypoints_le2i_blazepose/Home_02_video_45.npz,171,195,0,0,0,0.0014600778
le2i-blazepose,le2i-blazepose::Home_02_video_45,data/keypoints_le2i_blazepose/Home_02_video_45.npz,176,200,0,0,0,0.0014499768
le2i-blazepose,le2i-blazepose::Home_02_video_45,data/keypoints_le2i_blazepose/Home_02_video_45.npz,181,205,0,0,0,0.0014304441
le2i-blazepose,le2i-blazepose::Home_02_video_45,data/keypoints_le2i_blazepose/Home_02_video_45.npz,186,210,0,0,0,0.0014260393
le2i-blazepose,le2i-blazepose::Home_02_video_45,data/keypoints_le2i_blazepose/Home_02_video_45.npz,191,215,0,0,0,0.0014334832
le2i-blazepose,le2i-blazepose::Home_02_video_57,data/keypoints_le2i_blazepose/Home_02_video_57.npz,46,70,0,0,0,0.0020647205
le2i-blazepose,le2i-blazepose::Home_02_video_57,data/keypoints_le2i_blazepose/Home_02_video_57.npz,51,75,0,0,0,0.0018283398
le2i-blazepose,le2i-blazepose::Home_02_video_57,data/keypoints_le2i_blazepose/Home_02_video_57.npz,56,80,0,0,0,0.001629298
le2i-blazepose,le2i-blazepose::Home_02_video_57,data/keypoints_le2i_blazepose/Home_02_video_57.npz,61,85,0,0,0,0.00034275634
le2i-blazepose,le2i-blazepose::Home_02_video_57,data/keypoints_le2i_blazepose/Home_02_video_57.npz,66,90,0,0,0,0.009622085
le2i-blazepose,le2i-blazepose::Home_02_video_57,data/keypoints_le2i_blazepose/Home_02_video_57.npz,71,95,0,0,0,0.015227342
le2i-blazepose,le2i-blazepose::Home_02_video_57,data/keypoints_le2i_blazepose/Home_02_video_57.npz,76,100,0,0,0,0.0070372294
le2i-blazepose,le2i-blazepose::Home_02_video_57,data/keypoints_le2i_blazepose/Home_02_video_57.npz,81,105,0,0,0,0.025876379
le2i-blazepose,le2i-blazepose::Home_02_video_57,data/keypoints_le2i_blazepose/Home_02_video_57.npz,86,110,0,0,0,0.07663722
le2i-blazepose,le2i-blazepose::Home_02_video_57,data/keypoints_le2i_blazepose/Home_02_video_57.npz,91,115,0,0,0,0.044404462
le2i-blazepose,le2i-blazepose::Home_02_video_57,data/keypoints_le2i_blazepose/Home_02_video_57.npz,96,120,0,0,0,0.029950581
le2i-blazepose,le2i-blazepose::Home_02_video_57,data/keypoints_le2i_blazepose/Home_02_video_57.npz,101,125,0,0,0,0.018035917
le2i-blazepose,le2i-blazepose::Home_02_video_57,data/keypoints_le2i_blazepose/Home_02_video_57.npz,106,130,0,0,0,0.012201086
le2i-blazepose,le2i-blazepose::Home_02_video_57,data/keypoints_le2i_blazepose/Home_02_video_57.npz,111,135,0,0,0,0.007642293
le2i-blazepose,le2i-blazepose::Home_02_video_57,data/keypoints_le2i_blazepose/Home_02_video_57.npz,116,140,0,0,0,0.0054111327
le2i-blazepose,le2i-blazepose::Home_02_video_57,data/keypoints_le2i_blazepose/Home_02_video_57.npz,121,145,0,0,0,0.004822567
le2i-blazepose,le2i-blazepose::Home_02_video_57,data/keypoints_le2i_blazepose/Home_02_video_57.npz,126,150,0,0,0,0.00416968
le2i-blazepose,le2i-blazepose::Home_02_video_57,data/keypoints_le2i_blazepose/Home_02_video_57.npz,131,155,0,0,0,0.0039417334
le2i-blazepose,le2i-blazepose::Home_02_video_57,data/keypoints_le2i_blazepose/Home_02_video_57.npz,136,160,0,0,0,0.005755082
le2i-blazepose,le2i-blazepose::Home_02_video_57,data/keypoints_le2i_blazepose/Home_02_video_57.npz,141,165,0,0,0,0.0027152293
le2i-blazepose,le2i-blazepose::Home_02_video_57,data/keypoints_le2i_blazepose/Home_02_video_57.npz,146,170,0,0,0,0.0014441092
le2i-blazepose,le2i-blazepose::Home_02_video_57,data/keypoints_le2i_blazepose/Home_02_video_57.npz,151,175,0,0,0,0.0014023609
le2i-blazepose,le2i-blazepose::Home_02_video_57,data/keypoints_le2i_blazepose/Home_02_video_57.npz,156,180,0,0,0,0.0012803571
le2i-blazepose,le2i-blazepose::Home_02_video_57,data/keypoints_le2i_blazepose/Home_02_video_57.npz,161,185,0,0,0,0.0011859044
le2i-blazepose,le2i-blazepose::Home_02_video_57,data/keypoints_le2i_blazepose/Home_02_video_57.npz,166,190,0,0,0,0.0011460639
le2i-blazepose,le2i-blazepose::Home_02_video_57,data/keypoints_le2i_blazepose/Home_02_video_57.npz,171,195,0,0,0,0.0015105144
le2i-blazepose,le2i-blazepose::Home_02_video_59,data/keypoints_le2i_blazepose/Home_02_video_59.npz,71,95,0,0,0,0.0039651357
le2i-blazepose,le2i-blazepose::Home_02_video_59,data/keypoints_le2i_blazepose/Home_02_video_59.npz,76,100,0,0,0,0.0055869254
le2i-blazepose,le2i-blazepose::Home_02_video_59,data/keypoints_le2i_blazepose/Home_02_video_59.npz,81,105,0,0,0,0.0074182926
le2i-blazepose,le2i-blazepose::Home_02_video_59,data/keypoints_le2i_blazepose/Home_02_video_59.npz,86,110,0,0,0,0.011820003
le2i-blazepose,le2i-blazepose::Home_02_video_59,data/keypoints_le2i_blazepose/Home_02_video_59.npz,91,115,0,0,0,0.0112432465
le2i-blazepose,le2i-blazepose::Home_02_video_59,data/keypoints_le2i_blazepose/Home_02_video_59.npz,96,120,0,0,0,0.014642766
le2i-blazepose,le2i-blazepose::Home_02_video_59,data/keypoints_le2i_blazepose/Home_02_video_59.npz,101,125,0,0,0,0.018087137
le2i-blazepose,le2i-blazepose::Home_02_video_59,data/keypoints_le2i_blazepose/Home_02_video_59.npz,106,130,0,0,0,0.017622955
le2i-blazepose,le2i-blazepose::Home_02_video_59,data/keypoints_le2i_blazepose/Home_02_video_59.npz,111,135,0,0,0,0.011238482
le2i-blazepose,le2i-blazepose::Home_02_video_59,data/keypoints_le2i_blazepose/Home_02_video_59.npz,116,140,0,0,0,0.012644271
le2i-blazepose,le2i-blazepose::Home_02_video_59,data/keypoints_le2i_blazepose/Home_02_video_59.npz,121,145,0,0,0,0.013613636
le2i-blazepose,le2i-blazepose::Home_02_video_59,data/keypoints_le2i_blazepose/Home_02_video_59.npz,126,150,0,0,0,0.016062228
le2i-blazepose,le2i-blazepose::Home_02_video_59,data/keypoints_le2i_blazepose/Home_02_video_59.npz,131,155,0,0,0,0.061837446
le2i-blazepose,le2i-blazepose::Home_02_video_59,data/keypoints_le2i_blazepose/Home_02_video_59.npz,136,160,0,0,0,0.028369844
le2i-blazepose,le2i-blazepose::Home_02_video_59,data/keypoints_le2i_blazepose/Home_02_video_59.npz,141,165,0,0,0,0.008887776
le2i-blazepose,le2i-blazepose::Home_02_video_59,data/keypoints_le2i_blazepose/Home_02_video_59.npz,146,170,0,0,0,0.004266253
le2i-blazepose,le2i-blazepose::Home_02_video_59,data/keypoints_le2i_blazepose/Home_02_video_59.npz,151,175,0,0,0,0.00082799897
ur-blazepose,ur-blazepose::adl-07-cam0-rgb,data/keypoints_ur_blazepose/adl/adl-07-cam0-rgb.npz,1,30,0,0,0,0.0045279525
ur-blazepose,ur-blazepose::adl-07-cam0-rgb,data/keypoints_ur_blazepose/adl/adl-07-cam0-rgb.npz,7,36,0,0,0,0.003969839
ur-blazepose,ur-blazepose::adl-07-cam0-rgb,data/keypoints_ur_blazepose/adl/adl-07-cam0-rgb.npz,13,42,0,0,0,0.0035631403
ur-blazepose,ur-blazepose::adl-07-cam0-rgb,data/keypoints_ur_blazepose/adl/adl-07-cam0-rgb.npz,19,48,0,0,0,0.0038133382
ur-blazepose,ur-blazepose::adl-07-cam0-rgb,data/keypoints_ur_blazepose/adl/adl-07-cam0-rgb.npz,25,54,0,0,0,0.004274507
ur-blazepose,ur-blazepose::adl-07-cam0-rgb,data/keypoints_ur_blazepose/adl/adl-07-cam0-rgb.npz,31,60,0,0,0,0.0042857574
ur-blazepose,ur-blazepose::adl-07-cam0-rgb,data/keypoints_ur_blazepose/adl/adl-07-cam0-rgb.npz,37,66,0,0,0,0.005263773
ur-blazepose,ur-blazepose::adl-07-cam0-rgb,data/keypoints_ur_blazepose/adl/adl-07-cam0-rgb.npz,43,72,0,0,0,0.008904922
ur-blazepose,ur-blazepose::adl-07-cam0-rgb,data/keypoints_ur_blazepose/adl/adl-07-cam0-rgb.npz,49,78,0,0,0,0.032846984
ur-blazepose,ur-blazepose::adl-07-cam0-rgb,data/keypoints_ur_blazepose/adl/adl-07-cam0-rgb.npz,55,84,0,0,0,0.04552625
ur-blazepose,ur-blazepose::adl-07-cam0-rgb,data/keypoints_ur_blazepose/adl/adl-07-cam0-rgb.npz,61,90,0,0,0,0.053663343
ur-blazepose,ur-blazepose::adl-07-cam0-rgb,data/keypoints_ur_blazepose/adl/adl-07-cam0-rgb.npz,67,96,0,0,0,0.054855943
ur-blazepose,ur-blazepose::adl-07-cam0-rgb,data/keypoints_ur_blazepose/adl/adl-07-cam0-rgb.npz,73,102,0,0,0,0.03509894
ur-blazepose,ur-blazepose::adl-07-cam0-rgb,data/keypoints_ur_blazepose/adl/adl-07-cam0-rgb.npz,79,108,0,0,0,0.025589505
ur-blazepose,ur-blazepose::adl-07-cam0-rgb,data/keypoints_ur_blazepose/adl/adl-07-cam0-rgb.npz,85,114,0,0,0,0.028241241
ur-blazepose,ur-blazepose::adl-07-cam0-rgb,data/keypoints_ur_blazepose/adl/adl-07-cam0-rgb.npz,91,120,0,0,0,0.033890672
ur-blazepose,ur-blazepose::adl-07-cam0-rgb,data/keypoints_ur_blazepose/adl/adl-07-cam0-rgb.npz,97,126,0,0,0,0.041033335
ur-blazepose,ur-blazepose::adl-07-cam0-rgb,data/keypoints_ur_blazepose/adl/adl-07-cam0-rgb.npz,103,132,0,0,0,0.050959613
ur-blazepose,ur-blazepose::adl-07-cam0-rgb,data/keypoints_ur_blazepose/adl/adl-07-cam0-rgb.npz,109,138,0,0,0,0.05785591
ur-blazepose,ur-blazepose::adl-07-cam0-rgb,data/keypoints_ur_blazepose/adl/adl-07-cam0-rgb.npz,115,144,0,0,0,0.05860589
ur-blazepose,ur-blazepose::adl-07-cam0-rgb,data/keypoints_ur_blazepose/adl/adl-07-cam0-rgb.npz,121,150,0,0,0,0.053071685
ur-blazepose,ur-blazepose::adl-07-cam0-rgb,data/keypoints_ur_blazepose/adl/adl-07-cam0-rgb.npz,127,156,0,0,0,0.05669871
ur-blazepose,ur-blazepose::adl-07-cam0-rgb,data/keypoints_ur_blazepose/adl/adl-07-cam0-rgb.npz,133,162,0,0,0,0.055827487
ur-blazepose,ur-blazepose::adl-07-cam0-rgb,data/keypoints_ur_blazepose/adl/adl-07-cam0-rgb.npz,139,168,0,0,0,0.053046267
ur-blazepose,ur-blazepose::adl-07-cam0-rgb,data/keypoints_ur_blazepose/adl/adl-07-cam0-rgb.npz,145,174,0,0,0,0.053711183
ur-blazepose,ur-blazepose::adl-07-cam0-rgb,data/keypoints_ur_blazepose/adl/adl-07-cam0-rgb.npz,151,180,0,0,0,0.052499007
ur-blazepose,ur-blazepose::adl-09-cam0-rgb,data/keypoints_ur_blazepose/adl/adl-09-cam0-rgb.npz,1,30,0,0,0,0.0041328026
ur-blazepose,ur-blazepose::adl-09-cam0-rgb,data/keypoints_ur_blazepose/adl/adl-09-cam0-rgb.npz,7,36,0,0,0,0.004195413
ur-blazepose,ur-blazepose::adl-09-cam0-rgb,data/keypoints_ur_blazepose/adl/adl-09-cam0-rgb.npz,13,42,0,0,0,0.0038310473
ur-blazepose,ur-blazepose::adl-09-cam0-rgb,data/keypoints_ur_blazepose/adl/adl-09-cam0-rgb.npz,19,48,0,0,0,0.0041002273
ur-blazepose,ur-blazepose::adl-09-cam0-rgb,data/keypoints_ur_blazepose/adl/adl-09-cam0-rgb.npz,25,54,0,0,0,0.0040274975
ur-blazepose,ur-blazepose::adl-09-cam0-rgb,data/keypoints_ur_blazepose/adl/adl-09-cam0-rgb.npz,31,60,0,0,0,0.003114172
ur-blazepose,ur-blazepose::adl-09-cam0-rgb,data/keypoints_ur_blazepose/adl/adl-09-cam0-rgb.npz,37,66,0,0,0,0.0028492066
ur-blazepose,ur-blazepose::adl-09-cam0-rgb,data/keypoints_ur_blazepose/adl/adl-09-cam0-rgb.npz,43,72,0,0,0,0.0029525778
ur-blazepose,ur-blazepose::adl-09-cam0-rgb,data/keypoints_ur_blazepose/adl/adl-09-cam0-rgb.npz,49,78,0,0,0,0.0024894136
ur-blazepose,ur-blazepose::adl-09-cam0-rgb,data/keypoints_ur_blazepose/adl/adl-09-cam0-rgb.npz,55,84,0,0,0,0.001920778
ur-blazepose,ur-blazepose::adl-09-cam0-rgb,data/keypoints_ur_blazepose/adl/adl-09-cam0-rgb.npz,61,90,0,0,0,0.0017311093
ur-blazepose,ur-blazepose::adl-09-cam0-rgb,data/keypoints_ur_blazepose/adl/adl-09-cam0-rgb.npz,67,96,0,0,0,0.0018144292
ur-blazepose,ur-blazepose::adl-09-cam0-rgb,data/keypoints_ur_blazepose/adl/adl-09-cam0-rgb.npz,73,102,0,0,0,0.002409807
ur-blazepose,ur-blazepose::adl-09-cam0-rgb,data/keypoints_ur_blazepose/adl/adl-09-cam0-rgb.npz,79,108,0,0,0,0.004123271
ur-blazepose,ur-blazepose::adl-09-cam0-rgb,data/keypoints_ur_blazepose/adl/adl-09-cam0-rgb.npz,85,114,0,0,0,0.007415512
ur-blazepose,ur-blazepose::adl-09-cam0-rgb,data/keypoints_ur_blazepose/adl/adl-09-cam0-rgb.npz,91,120,0,0,0,0.015946567
ur-blazepose,ur-blazepose::adl-09-cam0-rgb,data/keypoints_ur_blazepose/adl/adl-09-cam0-rgb.npz,97,126,0,0,0,0.03210044
ur-blazepose,ur-blazepose::adl-09-cam0-rgb,data/keypoints_ur_blazepose/adl/adl-09-cam0-rgb.npz,103,132,0,0,0,0.0059617236
ur-blazepose,ur-blazepose::adl-09-cam0-rgb,data/keypoints_ur_blazepose/adl/adl-09-cam0-rgb.npz,109,138,0,0,0,0.009804789
ur-blazepose,ur-blazepose::adl-09-cam0-rgb,data/keypoints_ur_blazepose/adl/adl-09-cam0-rgb.npz,115,144,0,0,0,0.0025039562
ur-blazepose,ur-blazepose::adl-09-cam0-rgb,data/keypoints_ur_blazepose/adl/adl-09-cam0-rgb.npz,121,150,0,0,0,0.0022461528
ur-blazepose,ur-blazepose::adl-14-cam0-rgb,data/keypoints_ur_blazepose/adl/adl-14-cam0-rgb.npz,37,66,0,0,0,0.0062800506
ur-blazepose,ur-blazepose::adl-14-cam0-rgb,data/keypoints_ur_blazepose/adl/adl-14-cam0-rgb.npz,43,72,0,0,0,0.0063185664
ur-blazepose,ur-blazepose::adl-14-cam0-rgb,data/keypoints_ur_blazepose/adl/adl-14-cam0-rgb.npz,49,78,0,0,0,0.006537796
ur-blazepose,ur-blazepose::adl-14-cam0-rgb,data/keypoints_ur_blazepose/adl/adl-14-cam0-rgb.npz,55,84,0,0,0,0.00642332
ur-blazepose,ur-blazepose::adl-14-cam0-rgb,data/keypoints_ur_blazepose/adl/adl-14-cam0-rgb.npz,61,90,0,0,0,0.006630385
ur-blazepose,ur-blazepose::adl-14-cam0-rgb,data/keypoints_ur_blazepose/adl/adl-14-cam0-rgb.npz,67,96,0,0,0,0.006560696
ur-blazepose,ur-blazepose::adl-14-cam0-rgb,data/keypoints_ur_blazepose/adl/adl-14-cam0-rgb.npz,73,102,0,0,0,0.010057124
ur-blazepose,ur-blazepose::adl-14-cam0-rgb,data/keypoints_ur_blazepose/adl/adl-14-cam0-rgb.npz,79,108,0,0,0,0.010215755
ur-blazepose,ur-blazepose::adl-14-cam0-rgb,data/keypoints_ur_blazepose/adl/adl-14-cam0-rgb.npz,85,114,0,0,0,0.009598675
ur-blazepose,ur-blazepose::adl-14-cam0-rgb,data/keypoints_ur_blazepose/adl/adl-14-cam0-rgb.npz,91,120,0,0,0,0.007379023
ur-blazepose,ur-blazepose::adl-14-cam0-rgb,data/keypoints_ur_blazepose/adl/adl-14-cam0-rgb.npz,97,126,0,0,0,0.0071338196
ur-blazepose,ur-blazepose::adl-14-cam0-rgb,data/keypoints_ur_blazepose/adl/adl-14-cam0-rgb.npz,103,132,0,0,0,0.0071881847
ur-blazepose,ur-blazepose::adl-14-cam0-rgb,data/keypoints_ur_blazepose/adl/adl-14-cam0-rgb.npz,109,138,0,0,0,0.0075946157
ur-blazepose,ur-blazepose::adl-14-cam0-rgb,data/keypoints_ur_blazepose/adl/adl-14-cam0-rgb.npz,115,144,0,0,0,0.007153936
ur-blazepose,ur-blazepose::adl-14-cam0-rgb,data/keypoints_ur_blazepose/adl/adl-14-cam0-rgb.npz,121,150,0,0,0,0.005893297
ur-blazepose,ur-blazepose::adl-14-cam0-rgb,data/keypoints_ur_blazepose/adl/adl-14-cam0-rgb.npz,127,156,0,0,0,0.0060648443
ur-blazepose,ur-blazepose::adl-14-cam0-rgb,data/keypoints_ur_blazepose/adl/adl-14-cam0-rgb.npz,133,162,0,0,0,0.017974691
ur-blazepose,ur-blazepose::adl-14-cam0-rgb,data/keypoints_ur_blazepose/adl/adl-14-cam0-rgb.npz,139,168,0,0,0,0.11219255
ur-blazepose,ur-blazepose::adl-14-cam0-rgb,data/keypoints_ur_blazepose/adl/adl-14-cam0-rgb.npz,145,174,0,0,0,0.23004264
ur-blazepose,ur-blazepose::adl-14-cam0-rgb,data/keypoints_ur_blazepose/adl/adl-14-cam0-rgb.npz,151,180,0,0,0,0.13799275
ur-blazepose,ur-blazepose::adl-14-cam0-rgb,data/keypoints_ur_blazepose/adl/adl-14-cam0-rgb.npz,157,186,0,0,0,0.048044655
ur-blazepose,ur-blazepose::adl-14-cam0-rgb,data/keypoints_ur_blazepose/adl/adl-14-cam0-rgb.npz,163,192,0,0,0,0.021879125
ur-blazepose,ur-blazepose::adl-14-cam0-rgb,data/keypoints_ur_blazepose/adl/adl-14-cam0-rgb.npz,169,198,0,0,0,0.011767626
ur-blazepose,ur-blazepose::adl-14-cam0-rgb,data/keypoints_ur_blazepose/adl/adl-14-cam0-rgb.npz,175,204,0,0,0,0.007758943
ur-blazepose,ur-blazepose::adl-14-cam0-rgb,data/keypoints_ur_blazepose/adl/adl-14-cam0-rgb.npz,181,210,0,0,0,0.0054870835
ur-blazepose,ur-blazepose::adl-14-cam0-rgb,data/keypoints_ur_blazepose/adl/adl-14-cam0-rgb.npz,187,216,0,0,0,0.0041219792
ur-blazepose,ur-blazepose::adl-14-cam0-rgb,data/keypoints_ur_blazepose/adl/adl-14-cam0-rgb.npz,193,222,0,0,0,0.003691506
ur-blazepose,ur-blazepose::adl-14-cam0-rgb,data/keypoints_ur_blazepose/adl/adl-14-cam0-rgb.npz,199,228,0,0,0,0.00406354
ur-blazepose,ur-blazepose::adl-14-cam0-rgb,data/keypoints_ur_blazepose/adl/adl-14-cam0-rgb.npz,205,234,0,0,0,0.0055458443
ur-blazepose,ur-blazepose::adl-15-cam0-rgb,data/keypoints_ur_blazepose/adl/adl-15-cam0-rgb.npz,43,72,0,0,0,0.00796384
ur-blazepose,ur-blazepose::adl-15-cam0-rgb,data/keypoints_ur_blazepose/adl/adl-15-cam0-rgb.npz,49,78,0,0,0,0.013091273
ur-blazepose,ur-blazepose::adl-15-cam0-rgb,data/keypoints_ur_blazepose/adl/adl-15-cam0-rgb.npz,55,84,0,0,0,0.012589044
ur-blazepose,ur-blazepose::adl-15-cam0-rgb,data/keypoints_ur_blazepose/adl/adl-15-cam0-rgb.npz,61,90,0,0,0,0.012965066
ur-blazepose,ur-blazepose::adl-15-cam0-rgb,data/keypoints_ur_blazepose/adl/adl-15-cam0-rgb.npz,67,96,0,0,0,0.011700617
ur-blazepose,ur-blazepose::adl-15-cam0-rgb,data/keypoints_ur_blazepose/adl/adl-15-cam0-rgb.npz,73,102,0,0,0,0.010828209
ur-blazepose,ur-blazepose::adl-15-cam0-rgb,data/keypoints_ur_blazepose/adl/adl-15-cam0-rgb.npz,79,108,0,0,0,0.011163563
ur-blazepose,ur-blazepose::adl-15-cam0-rgb,data/keypoints_ur_blazepose/adl/adl-15-cam0-rgb.npz,85,114,0,0,0,0.010235927
ur-blazepose,ur-blazepose::adl-15-cam0-rgb,data/keypoints_ur_blazepose/adl/adl-15-cam0-rgb.npz,91,120,0,0,0,0.008740069
ur-blazepose,ur-blazepose::adl-15-cam0-rgb,data/keypoints_ur_blazepose/adl/adl-15-cam0-rgb.npz,97,126,0,0,0,0.007927048
ur-blazepose,ur-blazepose::adl-15-cam0-rgb,data/keypoints_ur_blazepose/adl/adl-15-cam0-rgb.npz,103,132,0,0,0,0.009476363
ur-blazepose,ur-blazepose::adl-15-cam0-rgb,data/keypoints_ur_blazepose/adl/adl-15-cam0-rgb.npz,109,138,0,0,0,0.0143363895
ur-blazepose,ur-blazepose::adl-15-cam0-rgb,data/keypoints_ur_blazepose/adl/adl-15-cam0-rgb.npz,115,144,0,0,0,0.018502327
ur-blazepose,ur-blazepose::adl-15-cam0-rgb,data/keypoints_ur_blazepose/adl/adl-15-cam0-rgb.npz,121,150,0,0,0,0.019671947
ur-blazepose,ur-blazepose::adl-15-cam0-rgb,data/keypoints_ur_blazepose/adl/adl-15-cam0-rgb.npz,127,156,0,0,0,0.021112742
ur-blazepose,ur-blazepose::adl-15-cam0-rgb,data/keypoints_ur_blazepose/adl/adl-15-cam0-rgb.npz,133,162,0,0,0,0.027029185
ur-blazepose,ur-blazepose::adl-15-cam0-rgb,data/keypoints_ur_blazepose/adl/adl-15-cam0-rgb.npz,139,168,0,0,0,0.042217884
ur-blazepose,ur-blazepose::adl-15-cam0-rgb,data/keypoints_ur_blazepose/adl/adl-15-cam0-rgb.npz,145,174,0,0,0,0.041706935
ur-blazepose,ur-blazepose::adl-15-cam0-rgb,data/keypoints_ur_blazepose/adl/adl-15-cam0-rgb.npz,151,180,0,0,0,0.025334056
ur-blazepose,ur-blazepose::adl-15-cam0-rgb,data/keypoints_ur_blazepose/adl/adl-15-cam0-rgb.npz,157,186,0,0,0,0.028284289
ur-blazepose,ur-blazepose::adl-15-cam0-rgb,data/keypoints_ur_blazepose/adl/adl-15-cam0-rgb.npz,163,192,0,0,0,0.027474795
ur-blazepose,ur-blazepose::adl-15-cam0-rgb,data/keypoints_ur_blazepose/adl/adl-15-cam0-rgb.npz,169,198,0,0,0,0.018893171
ur-blazepose,ur-blazepose::adl-15-cam0-rgb,data/keypoints_ur_blazepose/adl/adl-15-cam0-rgb.npz,175,204,0,0,0,0.01932949
ur-blazepose,ur-blazepose::adl-15-cam0-rgb,data/keypoints_ur_blazepose/adl/adl-15-cam0-rgb.npz,181,210,0,0,0,0.23569958
ur-blazepose,ur-blazepose::adl-15-cam0-rgb,data/keypoints_ur_blazepose/adl/adl-15-cam0-rgb.npz,187,216,0,0,0,0.32265824
ur-blazepose,ur-blazepose::adl-15-cam0-rgb,data/keypoints_ur_blazepose/adl/adl-15-cam0-rgb.npz,193,222,0,0,0,0.33141497
ur-blazepose,ur-blazepose::adl-15-cam0-rgb,data/keypoints_ur_blazepose/adl/adl-15-cam0-rgb.npz,199,228,0,0,0,0.75649464
ur-blazepose,ur-blazepose::adl-15-cam0-rgb,data/keypoints_ur_blazepose/adl/adl-15-cam0-rgb.npz,205,234,0,0,0,0.7111821
ur-blazepose,ur-blazepose::adl-15-cam0-rgb,data/keypoints_ur_blazepose/adl/adl-15-cam0-rgb.npz,211,240,0,0,0,0.58457834
ur-blazepose,ur-blazepose::adl-15-cam0-rgb,data/keypoints_ur_blazepose/adl/adl-15-cam0-rgb.npz,217,246,0,0,0,0.37126502
ur-blazepose,ur-blazepose::adl-15-cam0-rgb,data/keypoints_ur_blazepose/adl/adl-15-cam0-rgb.npz,223,252,0,0,0,0.012619803
ur-blazepose,ur-blazepose::adl-15-cam0-rgb,data/keypoints_ur_blazepose/adl/adl-15-cam0-rgb.npz,229,258,0,0,0,0.007620875
ur-blazepose,ur-blazepose::adl-15-cam0-rgb,data/keypoints_ur_blazepose/adl/adl-15-cam0-rgb.npz,235,264,0,0,0,0.010485429
ur-blazepose,ur-blazepose::adl-15-cam0-rgb,data/keypoints_ur_blazepose/adl/adl-15-cam0-rgb.npz,241,270,0,0,0,0.01620992
ur-blazepose,ur-blazepose::adl-22-cam0-rgb,data/keypoints_ur_blazepose/adl/adl-22-cam0-rgb.npz,31,60,0,0,0,0.01276965
ur-blazepose,ur-blazepose::adl-22-cam0-rgb,data/keypoints_ur_blazepose/adl/adl-22-cam0-rgb.npz,37,66,0,0,0,0.011411263
ur-blazepose,ur-blazepose::adl-22-cam0-rgb,data/keypoints_ur_blazepose/adl/adl-22-cam0-rgb.npz,43,72,0,0,0,0.011504679
ur-blazepose,ur-blazepose::adl-22-cam0-rgb,data/keypoints_ur_blazepose/adl/adl-22-cam0-rgb.npz,49,78,0,0,0,0.012488418
ur-blazepose,ur-blazepose::adl-22-cam0-rgb,data/keypoints_ur_blazepose/adl/adl-22-cam0-rgb.npz,55,84,0,0,0,0.013104438
ur-blazepose,ur-blazepose::adl-22-cam0-rgb,data/keypoints_ur_blazepose/adl/adl-22-cam0-rgb.npz,61,90,0,0,0,0.014087668
ur-blazepose,ur-blazepose::adl-22-cam0-rgb,data/keypoints_ur_blazepose/adl/adl-22-cam0-rgb.npz,67,96,0,0,0,0.015239438
ur-blazepose,ur-blazepose::adl-22-cam0-rgb,data/keypoints_ur_blazepose/adl/adl-22-cam0-rgb.npz,73,102,0,0,0,0.020158246
ur-blazepose,ur-blazepose::adl-22-cam0-rgb,data/keypoints_ur_blazepose/adl/adl-22-cam0-rgb.npz,79,108,0,0,0,0.032613143
ur-blazepose,ur-blazepose::adl-22-cam0-rgb,data/keypoints_ur_blazepose/adl/adl-22-cam0-rgb.npz,85,114,0,0,0,0.043142177
ur-blazepose,ur-blazepose::adl-22-cam0-rgb,data/keypoints_ur_blazepose/adl/adl-22-cam0-rgb.npz,91,120,0,0,0,0.054703116
ur-blazepose,ur-blazepose::adl-22-cam0-rgb,data/keypoints_ur_blazepose/adl/adl-22-cam0-rgb.npz,97,126,0,0,0,0.11669678
ur-blazepose,ur-blazepose::adl-22-cam0-rgb,data/keypoints_ur_blazepose/adl/adl-22-cam0-rgb.npz,103,132,0,0,0,0.075382896
ur-blazepose,ur-blazepose::adl-22-cam0-rgb,data/keypoints_ur_blazepose/adl/adl-22-cam0-rgb.npz,109,138,0,0,0,0.028552312
ur-blazepose,ur-blazepose::adl-22-cam0-rgb,data/keypoints_ur_blazepose/adl/adl-22-cam0-rgb.npz,115,144,0,0,0,0.034133073
ur-blazepose,ur-blazepose::adl-22-cam0-rgb,data/keypoints_ur_blazepose/adl/adl-22-cam0-rgb.npz,121,150,0,0,0,0.025840046
ur-blazepose,ur-blazepose::adl-22-cam0-rgb,data/keypoints_ur_blazepose/adl/adl-22-cam0-rgb.npz,127,156,0,0,0,0.13053532
ur-blazepose,ur-blazepose::adl-22-cam0-rgb,data/keypoints_ur_blazepose/adl/adl-22-cam0-rgb.npz,133,162,0,0,0,0.42883527
ur-blazepose,ur-blazepose::adl-22-cam0-rgb,data/keypoints_ur_blazepose/adl/adl-22-cam0-rgb.npz,139,168,0,0,1,0.83788854
ur-blazepose,ur-blazepose::adl-22-cam0-rgb,data/keypoints_ur_blazepose/adl/adl-22-cam0-rgb.npz,145,174,0,0,0,0.7517392
ur-blazepose,ur-blazepose::adl-22-cam0-rgb,data/keypoints_ur_blazepose/adl/adl-22-cam0-rgb.npz,151,180,0,0,0,0.47372997
ur-blazepose,ur-blazepose::adl-22-cam0-rgb,data/keypoints_ur_blazepose/adl/adl-22-cam0-rgb.npz,157,186,0,0,0,0.15102744
ur-blazepose,ur-blazepose::adl-22-cam0-rgb,data/keypoints_ur_blazepose/adl/adl-22-cam0-rgb.npz,163,192,0,0,0,0.5690712
ur-blazepose,ur-blazepose::adl-34-cam0-rgb,data/keypoints_ur_blazepose/adl/adl-34-cam0-rgb.npz,1,30,0,0,0,0.13641
ur-blazepose,ur-blazepose::adl-34-cam0-rgb,data/keypoints_ur_blazepose/adl/adl-34-cam0-rgb.npz,7,36,0,0,0,0.10029883
ur-blazepose,ur-blazepose::adl-34-cam0-rgb,data/keypoints_ur_blazepose/adl/adl-34-cam0-rgb.npz,13,42,0,0,0,0.09282645
ur-blazepose,ur-blazepose::adl-34-cam0-rgb,data/keypoints_ur_blazepose/adl/adl-34-cam0-rgb.npz,19,48,0,0,0,0.025797302
ur-blazepose,ur-blazepose::adl-34-cam0-rgb,data/keypoints_ur_blazepose/adl/adl-34-cam0-rgb.npz,25,54,0,0,0,0.0072746626
ur-blazepose,ur-blazepose::adl-34-cam0-rgb,data/keypoints_ur_blazepose/adl/adl-34-cam0-rgb.npz,31,60,0,0,0,0.065497845
ur-blazepose,ur-blazepose::adl-34-cam0-rgb,data/keypoints_ur_blazepose/adl/adl-34-cam0-rgb.npz,37,66,0,0,0,0.04292412
ur-blazepose,ur-blazepose::adl-34-cam0-rgb,data/keypoints_ur_blazepose/adl/adl-34-cam0-rgb.npz,43,72,0,0,0,0.00865062
ur-blazepose,ur-blazepose::adl-34-cam0-rgb,data/keypoints_ur_blazepose/adl/adl-34-cam0-rgb.npz,49,78,0,0,0,0.009988562
ur-blazepose,ur-blazepose::adl-34-cam0-rgb,data/keypoints_ur_blazepose/adl/adl-34-cam0-rgb.npz,55,84,0,0,0,0.011663522
ur-blazepose,ur-blazepose::adl-34-cam0-rgb,data/keypoints_ur_blazepose/adl/adl-34-cam0-rgb.npz,61,90,0,0,0,0.012060504
ur-blazepose,ur-blazepose::adl-34-cam0-rgb,data/keypoints_ur_blazepose/adl/adl-34-cam0-rgb.npz,67,96,0,0,0,0.1328532
ur-blazepose,ur-blazepose::adl-34-cam0-rgb,data/keypoints_ur_blazepose/adl/adl-34-cam0-rgb.npz,73,102,0,0,0,0.25656083
ur-blazepose,ur-blazepose::adl-34-cam0-rgb,data/keypoints_ur_blazepose/adl/adl-34-cam0-rgb.npz,79,108,0,0,0,0.27933124
ur-blazepose,ur-blazepose::adl-34-cam0-rgb,data/keypoints_ur_blazepose/adl/adl-34-cam0-rgb.npz,85,114,0,0,0,0.31895265
ur-blazepose,ur-blazepose::adl-34-cam0-rgb,data/keypoints_ur_blazepose/adl/adl-34-cam0-rgb.npz,91,120,0,0,0,0.012672459
ur-blazepose,ur-blazepose::adl-34-cam0-rgb,data/keypoints_ur_blazepose/adl/adl-34-cam0-rgb.npz,97,126,0,0,0,0.012215128
ur-blazepose,ur-blazepose::adl-34-cam0-rgb,data/keypoints_ur_blazepose/adl/adl-34-cam0-rgb.npz,103,132,0,0,0,0.010946302
ur-blazepose,ur-blazepose::adl-34-cam0-rgb,data/keypoints_ur_blazepose/adl/adl-34-cam0-rgb.npz,109,138,0,0,0,0.011623901
ur-blazepose,ur-blazepose::adl-34-cam0-rgb,data/keypoints_ur_blazepose/adl/adl-34-cam0-rgb.npz,115,144,0,0,0,0.013160607
ur-blazepose,ur-blazepose::adl-34-cam0-rgb,data/keypoints_ur_blazepose/adl/adl-34-cam0-rgb.npz,121,150,0,0,0,0.009601809
ur-blazepose,ur-blazepose::adl-34-cam0-rgb,data/keypoints_ur_blazepose/adl/adl-34-cam0-rgb.npz,127,156,0,0,0,0.011620483
ur-blazepose,ur-blazepose::adl-34-cam0-rgb,data/keypoints_ur_blazepose/adl/adl-34-cam0-rgb.npz,133,162,0,0,0,0.009481584
ur-blazepose,ur-blazepose::adl-34-cam0-rgb,data/keypoints_ur_blazepose/adl/adl-34-cam0-rgb.npz,139,168,0,0,0,0.008265549
ur-blazepose,ur-blazepose::adl-34-cam0-rgb,data/keypoints_ur_blazepose/adl/adl-34-cam0-rgb.npz,145,174,0,0,0,0.007962883
ur-blazepose,ur-blazepose::adl-34-cam0-rgb,data/keypoints_ur_blazepose/adl/adl-34-cam0-rgb.npz,151,180,0,0,0,0.007714189
ur-blazepose,ur-blazepose::adl-34-cam0-rgb,data/keypoints_ur_blazepose/adl/adl-34-cam0-rgb.npz,157,186,0,0,0,0.0028941955
ur-blazepose,ur-blazepose::fall-01-cam0-rgb,data/keypoints_ur_blazepose/fall/fall-01-cam0-rgb.npz,1,30,0,0,0,0.002407961
ur-blazepose,ur-blazepose::fall-01-cam0-rgb,data/keypoints_ur_blazepose/fall/fall-01-cam0-rgb.npz,7,36,0,0,0,0.0022346687
ur-blazepose,ur-blazepose::fall-01-cam0-rgb,data/keypoints_ur_blazepose/fall/fall-01-cam0-rgb.npz,13,42,0,0,0,0.0022663318
ur-blazepose,ur-blazepose::fall-01-cam0-rgb,data/keypoints_ur_blazepose/fall/fall-01-cam0-rgb.npz,19,48,0,0,0,0.0025462736
ur-blazepose,ur-blazepose::fall-01-cam0-rgb,data/keypoints_ur_blazepose/fall/fall-01-cam0-rgb.npz,25,54,0,0,0,0.0027668537
ur-blazepose,ur-blazepose::fall-01-cam0-rgb,data/keypoints_ur_blazepose/fall/fall-01-cam0-rgb.npz,31,60,0,0,0,0.0028696572
ur-blazepose,ur-blazepose::fall-01-cam0-rgb,data/keypoints_ur_blazepose/fall/fall-01-cam0-rgb.npz,37,66,0,0,0,0.0029833224
ur-blazepose,ur-blazepose::fall-01-cam0-rgb,data/keypoints_ur_blazepose/fall/fall-01-cam0-rgb.npz,43,72,0,0,0,0.0031170126
ur-blazepose,ur-blazepose::fall-01-cam0-rgb,data/keypoints_ur_blazepose/fall/fall-01-cam0-rgb.npz,49,78,0,0,0,0.004059224
ur-blazepose,ur-blazepose::fall-01-cam0-rgb,data/keypoints_ur_blazepose/fall/fall-01-cam0-rgb.npz,55,84,0,0,0,0.0071232426
ur-blazepose,ur-blazepose::fall-01-cam0-rgb,data/keypoints_ur_blazepose/fall/fall-01-cam0-rgb.npz,61,90,0,0,0,0.03470947
ur-blazepose,ur-blazepose::fall-01-cam0-rgb,data/keypoints_ur_blazepose/fall/fall-01-cam0-rgb.npz,67,96,1,1,0,0.3069185
ur-blazepose,ur-blazepose::fall-01-cam0-rgb,data/keypoints_ur_blazepose/fall/fall-01-cam0-rgb.npz,73,102,1,1,1,0.8649378
ur-blazepose,ur-blazepose::fall-01-cam0-rgb,data/keypoints_ur_blazepose/fall/fall-01-cam0-rgb.npz,79,108,1,1,1,0.9887307
ur-blazepose,ur-blazepose::fall-01-cam0-rgb,data/keypoints_ur_blazepose/fall/fall-01-cam0-rgb.npz,85,114,1,1,1,0.99771935
ur-blazepose,ur-blazepose::fall-01-cam0-rgb,data/keypoints_ur_blazepose/fall/fall-01-cam0-rgb.npz,91,120,1,1,1,0.9900025
ur-blazepose,ur-blazepose::fall-01-cam0-rgb,data/keypoints_ur_blazepose/fall/fall-01-cam0-rgb.npz,97,126,1,1,1,0.96284723
ur-blazepose,ur-blazepose::fall-01-cam0-rgb,data/keypoints_ur_blazepose/fall/fall-01-cam0-rgb.npz,103,132,1,1,0,0.18130293
ur-blazepose,ur-blazepose::fall-01-cam0-rgb,data/keypoints_ur_blazepose/fall/fall-01-cam0-rgb.npz,109,138,0,0,0,0.043325264
ur-blazepose,ur-blazepose::fall-01-cam0-rgb,data/keypoints_ur_blazepose/fall/fall-01-cam0-rgb.npz,115,144,0,0,0,0.03175957
ur-blazepose,ur-blazepose::fall-01-cam0-rgb,data/keypoints_ur_blazepose/fall/fall-01-cam0-rgb.npz,121,150,0,0,0,0.018987555
ur-blazepose,ur-blazepose::fall-01-cam0-rgb,data/keypoints_ur_blazepose/fall/fall-01-cam0-rgb.npz,127,156,0,0,0,0.007562654
ur-blazepose,ur-blazepose::fall-12-cam0-rgb,data/keypoints_ur_blazepose/fall/fall-12-cam0-rgb.npz,1,30,0,0,0,0.28334197
ur-blazepose,ur-blazepose::fall-12-cam0-rgb,data/keypoints_ur_blazepose/fall/fall-12-cam0-rgb.npz,7,36,1,1,1,0.8866689
ur-blazepose,ur-blazepose::fall-12-cam0-rgb,data/keypoints_ur_blazepose/fall/fall-12-cam0-rgb.npz,13,42,1,1,1,0.98530537
ur-blazepose,ur-blazepose::fall-12-cam0-rgb,data/keypoints_ur_blazepose/fall/fall-12-cam0-rgb.npz,19,48,1,1,1,0.9960603
ur-blazepose,ur-blazepose::fall-12-cam0-rgb,data/keypoints_ur_blazepose/fall/fall-12-cam0-rgb.npz,25,54,1,1,1,0.99764013
ur-blazepose,ur-blazepose::fall-12-cam0-rgb,data/keypoints_ur_blazepose/fall/fall-12-cam0-rgb.npz,31,60,1,1,1,0.99855846
ur-blazepose,ur-blazepose::fall-12-cam0-rgb,data/keypoints_ur_blazepose/fall/fall-12-cam0-rgb.npz,37,66,1,1,1,0.9989392
ur-blazepose,ur-blazepose::fall-12-cam0-rgb,data/keypoints_ur_blazepose/fall/fall-12-cam0-rgb.npz,43,72,1,1,1,0.9979274
ur-blazepose,ur-blazepose::fall-12-cam0-rgb,data/keypoints_ur_blazepose/fall/fall-12-cam0-rgb.npz,49,78,0,0,1,0.97978425
ur-blazepose,ur-blazepose::fall-12-cam0-rgb,data/keypoints_ur_blazepose/fall/fall-12-cam0-rgb.npz,55,84,0,0,1,0.8804794
ur-blazepose,ur-blazepose::fall-12-cam0-rgb,data/keypoints_ur_blazepose/fall/fall-12-cam0-rgb.npz,61,90,0,0,0,0.76537865
ur-blazepose,ur-blazepose::fall-12-cam0-rgb,data/keypoints_ur_blazepose/fall/fall-12-cam0-rgb.npz,67,96,0,0,0,0.69529516
ur-blazepose,ur-blazepose::fall-12-cam0-rgb,data/keypoints_ur_blazepose/fall/fall-12-cam0-rgb.npz,73,102,0,0,0,0.6052732
ur-blazepose,ur-blazepose::fall-12-cam0-rgb,data/keypoints_ur_blazepose/fall/fall-12-cam0-rgb.npz,79,108,0,0,0,0.47814956
ur-blazepose,ur-blazepose::fall-14-cam0-rgb,data/keypoints_ur_blazepose/fall/fall-14-cam0-rgb.npz,1,30,1,1,1,0.98253435
ur-blazepose,ur-blazepose::fall-14-cam0-rgb,data/keypoints_ur_blazepose/fall/fall-14-cam0-rgb.npz,7,36,1,1,1,0.9983677
ur-blazepose,ur-blazepose::fall-14-cam0-rgb,data/keypoints_ur_blazepose/fall/fall-14-cam0-rgb.npz,13,42,1,1,1,0.9994085
ur-blazepose,ur-blazepose::fall-14-cam0-rgb,data/keypoints_ur_blazepose/fall/fall-14-cam0-rgb.npz,19,48,1,1,1,0.9993235
ur-blazepose,ur-blazepose::fall-14-cam0-rgb,data/keypoints_ur_blazepose/fall/fall-14-cam0-rgb.npz,25,54,1,1,1,0.99851733
ur-blazepose,ur-blazepose::fall-14-cam0-rgb,data/keypoints_ur_blazepose/fall/fall-14-cam0-rgb.npz,31,60,1,1,1,0.98340756
ur-blazepose,ur-blazepose::fall-25-cam0-rgb,data/keypoints_ur_blazepose/fall/fall-25-cam0-rgb.npz,1,30,0,0,0,0.22326222
ur-blazepose,ur-blazepose::fall-25-cam0-rgb,data/keypoints_ur_blazepose/fall/fall-25-cam0-rgb.npz,7,36,0,0,0,0.28122142
ur-blazepose,ur-blazepose::fall-25-cam0-rgb,data/keypoints_ur_blazepose/fall/fall-25-cam0-rgb.npz,13,42,0,0,0,0.4307576
ur-blazepose,ur-blazepose::fall-25-cam0-rgb,data/keypoints_ur_blazepose/fall/fall-25-cam0-rgb.npz,19,48,0,0,0,0.58554286
ur-blazepose,ur-blazepose::fall-25-cam0-rgb,data/keypoints_ur_blazepose/fall/fall-25-cam0-rgb.npz,25,54,1,1,0,0.50161904
ur-blazepose,ur-blazepose::fall-25-cam0-rgb,data/keypoints_ur_blazepose/fall/fall-25-cam0-rgb.npz,31,60,1,1,0,0.3509764
ur-blazepose,ur-blazepose::fall-25-cam0-rgb,data/keypoints_ur_blazepose/fall/fall-25-cam0-rgb.npz,37,66,1,1,1,0.92732775
ur-blazepose,ur-blazepose::fall-25-cam0-rgb,data/keypoints_ur_blazepose/fall/fall-25-cam0-rgb.npz,43,72,1,1,1,0.98422945
ur-blazepose,ur-blazepose::fall-25-cam0-rgb,data/keypoints_ur_blazepose/fall/fall-25-cam0-rgb.npz,49,78,1,1,1,0.98032504
ur-blazepose,ur-blazepose::fall-25-cam0-rgb,data/keypoints_ur_blazepose/fall/fall-25-cam0-rgb.npz,55,84,1,1,1,0.94402194
ur-blazepose,ur-blazepose::fall-27-cam0-rgb,data/keypoints_ur_blazepose/fall/fall-27-cam0-rgb.npz,1,30,0,0,0,0.28281102
ur-blazepose,ur-blazepose::fall-27-cam0-rgb,data/keypoints_ur_blazepose/fall/fall-27-cam0-rgb.npz,7,36,0,0,0,0.2764027
ur-blazepose,ur-blazepose::fall-27-cam0-rgb,data/keypoints_ur_blazepose/fall/fall-27-cam0-rgb.npz,13,42,0,0,0,0.25411624
ur-blazepose,ur-blazepose::fall-27-cam0-rgb,data/keypoints_ur_blazepose/fall/fall-27-cam0-rgb.npz,19,48,0,0,0,0.28472772
ur-blazepose,ur-blazepose::fall-27-cam0-rgb,data/keypoints_ur_blazepose/fall/fall-27-cam0-rgb.npz,25,54,0,0,0,0.35109052
ur-blazepose,ur-blazepose::fall-27-cam0-rgb,data/keypoints_ur_blazepose/fall/fall-27-cam0-rgb.npz,31,60,1,1,0,0.27003065
ur-blazepose,ur-blazepose::fall-27-cam0-rgb,data/keypoints_ur_blazepose/fall/fall-27-cam0-rgb.npz,37,66,1,1,0,0.2153355
ur-blazepose,ur-blazepose::fall-27-cam0-rgb,data/keypoints_ur_blazepose/fall/fall-27-cam0-rgb.npz,43,72,1,1,0,0.4341388
ur-blazepose,ur-blazepose::fall-27-cam0-rgb,data/keypoints_ur_blazepose/fall/fall-27-cam0-rgb.npz,49,78,1,1,1,0.9225175
ur-blazepose,ur-blazepose::fall-27-cam0-rgb,data/keypoints_ur_blazepose/fall/fall-27-cam0-rgb.npz,55,84,1,1,1,0.9739777
ur-blazepose,ur-blazepose::fall-27-cam0-rgb,data/keypoints_ur_blazepose/fall/fall-27-cam0-rgb.npz,61,90,1,1,1,0.94783896
le2i-blazepose,le2i-blazepose::Coffee_room_01_video_11,data/keypoints_le2i_blazepose/Coffee_room_01_video_11.npz,16,40,0,0,0,0.0035964823
le2i-blazepose,le2i-blazepose::Coffee_room_01_video_11,data/keypoints_le2i_blazepose/Coffee_room_01_video_11.npz,21,45,0,0,0,0.0034375351
le2i-blazepose,le2i-blazepose::Coffee_room_01_video_11,data/keypoints_le2i_blazepose/Coffee_room_01_video_11.npz,26,50,0,0,0,0.0033766667
le2i-blazepose,le2i-blazepose::Coffee_room_01_video_11,data/keypoints_le2i_blazepose/Coffee_room_01_video_11.npz,31,55,0,0,0,0.0033228416
le2i-blazepose,le2i-blazepose::Coffee_room_01_video_11,data/keypoints_le2i_blazepose/Coffee_room_01_video_11.npz,36,60,0,0,0,0.0011588031
le2i-blazepose,le2i-blazepose::Coffee_room_01_video_11,data/keypoints_le2i_blazepose/Coffee_room_01_video_11.npz,41,65,0,0,0,0.012842839
le2i-blazepose,le2i-blazepose::Coffee_room_01_video_11,data/keypoints_le2i_blazepose/Coffee_room_01_video_11.npz,46,70,0,0,0,0.009802525
le2i-blazepose,le2i-blazepose::Coffee_room_01_video_11,data/keypoints_le2i_blazepose/Coffee_room_01_video_11.npz,51,75,0,0,0,0.0053292597
le2i-blazepose,le2i-blazepose::Coffee_room_01_video_11,data/keypoints_le2i_blazepose/Coffee_room_01_video_11.npz,56,80,0,0,0,0.0038845781
le2i-blazepose,le2i-blazepose::Coffee_room_01_video_11,data/keypoints_le2i_blazepose/Coffee_room_01_video_11.npz,61,85,0,0,0,0.0034592522
le2i-blazepose,le2i-blazepose::Coffee_room_01_video_11,data/keypoints_le2i_blazepose/Coffee_room_01_video_11.npz,66,90,0,0,0,0.0028056963
le2i-blazepose,le2i-blazepose::Coffee_room_01_video_11,data/keypoints_le2i_blazepose/Coffee_room_01_video_11.npz,71,95,0,0,0,0.002489717
le2i-blazepose,le2i-blazepose::Coffee_room_01_video_11,data/keypoints_le2i_blazepose/Coffee_room_01_video_11.npz,76,100,0,0,0,0.0019994036
le2i-blazepose,le2i-blazepose::Coffee_room_01_video_11,data/keypoints_le2i_blazepose/Coffee_room_01_video_11.npz,81,105,0,0,0,0.0016151336
le2i-blazepose,le2i-blazepose::Coffee_room_01_video_11,data/keypoints_le2i_blazepose/Coffee_room_01_video_11.npz,86,110,0,0,0,0.0012223276
le2i-blazepose,le2i-blazepose::Coffee_room_01_video_11,data/keypoints_le2i_blazepose/Coffee_room_01_video_11.npz,91,115,0,0,0,0.00096779066
le2i-blazepose,le2i-blazepose::Coffee_room_01_video_11,data/keypoints_le2i_blazepose/Coffee_room_01_video_11.npz,96,120,0,0,0,0.0009175806
le2i-blazepose,le2i-blazepose::Coffee_room_01_video_11,data/keypoints_le2i_blazepose/Coffee_room_01_video_11.npz,101,125,0,0,0,0.00092297787
le2i-blazepose,le2i-blazepose::Coffee_room_01_video_11,data/keypoints_le2i_blazepose/Coffee_room_01_video_11.npz,106,130,0,0,0,0.0009205149
le2i-blazepose,le2i-blazepose::Coffee_room_01_video_11,data/keypoints_le2i_blazepose/Coffee_room_01_video_11.npz,111,135,0,0,0,0.0008841446
le2i-blazepose,le2i-blazepose::Coffee_room_01_video_11,data/keypoints_le2i_blazepose/Coffee_room_01_video_11.npz,116,140,0,0,0,0.00094047334
le2i-blazepose,le2i-blazepose::Coffee_room_01_video_11,data/keypoints_le2i_blazepose/Coffee_room_01_video_11.npz,121,145,0,0,0,0.0012670694
le2i-blazepose,le2i-blazepose::Coffee_room_01_video_11,data/keypoints_le2i_blazepose/Coffee_room_01_video_11.npz,126,150,0,0,0,0.001817252
le2i-blazepose,le2i-blazepose::Coffee_room_01_video_11,data/keypoints_le2i_blazepose/Coffee_room_01_video_11.npz,131,155,0,0,0,0.0020335875
le2i-blazepose,le2i-blazepose::Coffee_room_01_video_11,data/keypoints_le2i_blazepose/Coffee_room_01_video_11.npz,136,160,0,0,0,0.0019313488
le2i-blazepose,le2i-blazepose::Coffee_room_01_video_11,data/keypoints_le2i_blazepose/Coffee_room_01_video_11.npz,141,165,0,0,0,0.0018092402
le2i-blazepose,le2i-blazepose::Coffee_room_01_video_11,data/keypoints_le2i_blazepose/Coffee_room_01_video_11.npz,146,170,0,0,0,0.0015305374
le2i-blazepose,le2i-blazepose::Coffee_room_01_video_11,data/keypoints_le2i_blazepose/Coffee_room_01_video_11.npz,151,175,0,0,0,0.003502072
le2i-blazepose,le2i-blazepose::Coffee_room_01_video_11,data/keypoints_le2i_blazepose/Coffee_room_01_video_11.npz,156,180,0,0,0,0.0028790599
le2i-blazepose,le2i-blazepose::Coffee_room_01_video_11,data/keypoints_le2i_blazepose/Coffee_room_01_video_11.npz,161,185,0,0,0,0.0029569298
le2i-blazepose,le2i-blazepose::Coffee_room_01_video_11,data/keypoints_le2i_blazepose/Coffee_room_01_video_11.npz,166,190,0,0,0,0.0031535518
le2i-blazepose,le2i-blazepose::Coffee_room_01_video_11,data/keypoints_le2i_blazepose/Coffee_room_01_video_11.npz,171,195,0,0,0,0.0040429537
le2i-blazepose,le2i-blazepose::Coffee_room_01_video_11,data/keypoints_le2i_blazepose/Coffee_room_01_video_11.npz,176,200,0,0,0,0.016032493
le2i-blazepose,le2i-blazepose::Coffee_room_01_video_11,data/keypoints_le2i_blazepose/Coffee_room_01_video_11.npz,181,205,0,0,0,0.080051765
le2i-blazepose,le2i-blazepose::Coffee_room_01_video_11,data/keypoints_le2i_blazepose/Coffee_room_01_video_11.npz,186,210,0,0,0,0.07842757
le2i-blazepose,le2i-blazepose::Coffee_room_01_video_11,data/keypoints_le2i_blazepose/Coffee_room_01_video_11.npz,191,215,0,0,0,0.06476616
le2i-blazepose,le2i-blazepose::Coffee_room_01_video_11,data/keypoints_le2i_blazepose/Coffee_room_01_video_11.npz,196,220,0,0,0,0.0500755
le2i-blazepose,le2i-blazepose::Coffee_room_01_video_11,data/keypoints_le2i_blazepose/Coffee_room_01_video_11.npz,201,225,0,0,0,0.042744033
le2i-blazepose,le2i-blazepose::Coffee_room_01_video_11,data/keypoints_le2i_blazepose/Coffee_room_01_video_11.npz,206,230,0,0,0,0.04195086
le2i-blazepose,le2i-blazepose::Coffee_room_01_video_11,data/keypoints_le2i_blazepose/Coffee_room_01_video_11.npz,211,235,0,0,0,0.035971206
le2i-blazepose,le2i-blazepose::Coffee_room_01_video_11,data/keypoints_le2i_blazepose/Coffee_room_01_video_11.npz,216,240,0,0,0,0.031273592
le2i-blazepose,le2i-blazepose::Coffee_room_01_video_11,data/keypoints_le2i_blazepose/Coffee_room_01_video_11.npz,221,245,0,0,0,0.029023143
le2i-blazepose,le2i-blazepose::Coffee_room_01_video_11,data/keypoints_le2i_blazepose/Coffee_room_01_video_11.npz,226,250,0,0,0,0.030359758
le2i-blazepose,le2i-blazepose::Coffee_room_01_video_11,data/keypoints_le2i_blazepose/Coffee_room_01_video_11.npz,231,255,0,0,0,0.032087073
le2i-blazepose,le2i-blazepose::Coffee_room_01_video_11,data/keypoints_le2i_blazepose/Coffee_room_01_video_11.npz,236,260,0,0,0,0.036913622
le2i-blazepose,le2i-blazepose::Coffee_room_01_video_11,data/keypoints_le2i_blazepose/Coffee_room_01_video_11.npz,241,265,0,0,0,0.04726423
le2i-blazepose,le2i-blazepose::Coffee_room_01_video_11,data/keypoints_le2i_blazepose/Coffee_room_01_video_11.npz,246,270,0,0,0,0.04593203
le2i-blazepose,le2i-blazepose::Coffee_room_01_video_11,data/keypoints_le2i_blazepose/Coffee_room_01_video_11.npz,251,275,0,0,0,0.040431786
le2i-blazepose,le2i-blazepose::Coffee_room_01_video_11,data/keypoints_le2i_blazepose/Coffee_room_01_video_11.npz,256,280,0,0,0,0.038780745
le2i-blazepose,le2i-blazepose::Coffee_room_01_video_11,data/keypoints_le2i_blazepose/Coffee_room_01_video_11.npz,261,285,0,0,0,0.0500485
le2i-blazepose,le2i-blazepose::Coffee_room_01_video_11,data/keypoints_le2i_blazepose/Coffee_room_01_video_11.npz,266,290,0,0,0,0.06011854
le2i-blazepose,le2i-blazepose::Coffee_room_01_video_11,data/keypoints_le2i_blazepose/Coffee_room_01_video_11.npz,271,295,0,0,0,0.062428903
le2i-blazepose,le2i-blazepose::Coffee_room_01_video_11,data/keypoints_le2i_blazepose/Coffee_room_01_video_11.npz,276,300,0,0,0,0.013387936
le2i-blazepose,le2i-blazepose::Coffee_room_01_video_11,data/keypoints_le2i_blazepose/Coffee_room_01_video_11.npz,281,305,0,0,0,0.008980178
le2i-blazepose,le2i-blazepose::Coffee_room_01_video_11,data/keypoints_le2i_blazepose/Coffee_room_01_video_11.npz,286,310,0,0,0,0.02651739
le2i-blazepose,le2i-blazepose::Coffee_room_01_video_11,data/keypoints_le2i_blazepose/Coffee_room_01_video_11.npz,291,315,0,0,0,0.032277703
le2i-blazepose,le2i-blazepose::Coffee_room_01_video_11,data/keypoints_le2i_blazepose/Coffee_room_01_video_11.npz,296,320,0,0,0,0.039763168
le2i-blazepose,le2i-blazepose::Coffee_room_01_video_11,data/keypoints_le2i_blazepose/Coffee_room_01_video_11.npz,301,325,0,0,0,0.03624134
le2i-blazepose,le2i-blazepose::Coffee_room_01_video_11,data/keypoints_le2i_blazepose/Coffee_room_01_video_11.npz,306,330,0,0,0,0.07760691
le2i-blazepose,le2i-blazepose::Coffee_room_01_video_11,data/keypoints_le2i_blazepose/Coffee_room_01_video_11.npz,311,335,0,0,0,0.1250333
le2i-blazepose,le2i-blazepose::Coffee_room_01_video_11,data/keypoints_le2i_blazepose/Coffee_room_01_video_11.npz,316,340,0,0,0,0.091612354
le2i-blazepose,le2i-blazepose::Coffee_room_01_video_11,data/keypoints_le2i_blazepose/Coffee_room_01_video_11.npz,321,345,0,0,0,0.08744748
le2i-blazepose,le2i-blazepose::Coffee_room_01_video_11,data/keypoints_le2i_blazepose/Coffee_room_01_video_11.npz,326,350,0,0,0,0.05807377
le2i-blazepose,le2i-blazepose::Coffee_room_01_video_11,data/keypoints_le2i_blazepose/Coffee_room_01_video_11.npz,331,355,0,0,0,0.014492645
le2i-blazepose,le2i-blazepose::Coffee_room_01_video_11,data/keypoints_le2i_blazepose/Coffee_room_01_video_11.npz,336,360,0,0,0,0.009775509
le2i-blazepose,le2i-blazepose::Coffee_room_01_video_11,data/keypoints_le2i_blazepose/Coffee_room_01_video_11.npz,341,365,0,0,0,0.009863226
le2i-blazepose,le2i-blazepose::Coffee_room_01_video_11,data/keypoints_le2i_blazepose/Coffee_room_01_video_11.npz,346,370,0,0,0,0.012091302
le2i-blazepose,le2i-blazepose::Coffee_room_01_video_11,data/keypoints_le2i_blazepose/Coffee_room_01_video_11.npz,351,375,0,0,0,0.03496338
le2i-blazepose,le2i-blazepose::Coffee_room_01_video_11,data/keypoints_le2i_blazepose/Coffee_room_01_video_11.npz,356,380,0,0,1,0.89468884
le2i-blazepose,le2i-blazepose::Coffee_room_01_video_11,data/keypoints_le2i_blazepose/Coffee_room_01_video_11.npz,361,385,1,1,1,0.9948331
le2i-blazepose,le2i-blazepose::Coffee_room_01_video_11,data/keypoints_le2i_blazepose/Coffee_room_01_video_11.npz,366,390,1,1,1,0.9992347
le2i-blazepose,le2i-blazepose::Coffee_room_01_video_11,data/keypoints_le2i_blazepose/Coffee_room_01_video_11.npz,371,395,1,1,1,0.9993705
le2i-blazepose,le2i-blazepose::Coffee_room_01_video_11,data/keypoints_le2i_blazepose/Coffee_room_01_video_11.npz,376,400,1,1,1,0.9993674
le2i-blazepose,le2i-blazepose::Coffee_room_01_video_11,data/keypoints_le2i_blazepose/Coffee_room_01_video_11.npz,381,405,1,1,1,0.99780995
le2i-blazepose,le2i-blazepose::Coffee_room_01_video_11,data/keypoints_le2i_blazepose/Coffee_room_01_video_11.npz,386,410,1,1,1,0.9252205
le2i-blazepose,le2i-blazepose::Coffee_room_01_video_11,data/keypoints_le2i_blazepose/Coffee_room_01_video_11.npz,391,415,1,1,0,0.2500421
le2i-blazepose,le2i-blazepose::Coffee_room_01_video_11,data/keypoints_le2i_blazepose/Coffee_room_01_video_11.npz,396,420,1,1,0,0.15340765
le2i-blazepose,le2i-blazepose::Coffee_room_01_video_11,data/keypoints_le2i_blazepose/Coffee_room_01_video_11.npz,401,425,0,0,0,0.15434629
le2i-blazepose,le2i-blazepose::Coffee_room_01_video_11,data/keypoints_le2i_blazepose/Coffee_room_01_video_11.npz,406,430,0,0,0,0.15489416
le2i-blazepose,le2i-blazepose::Coffee_room_01_video_11,data/keypoints_le2i_blazepose/Coffee_room_01_video_11.npz,411,435,0,0,0,0.15511812
le2i-blazepose,le2i-blazepose::Coffee_room_01_video_11,data/keypoints_le2i_blazepose/Coffee_room_01_video_11.npz,416,440,0,0,0,0.15528455
le2i-blazepose,le2i-blazepose::Coffee_room_01_video_11,data/keypoints_le2i_blazepose/Coffee_room_01_video_11.npz,421,445,0,0,0,0.15533262
le2i-blazepose,le2i-blazepose::Coffee_room_01_video_11,data/keypoints_le2i_blazepose/Coffee_room_01_video_11.npz,426,450,0,0,0,0.15518996
le2i-blazepose,le2i-blazepose::Coffee_room_01_video_11,data/keypoints_le2i_blazepose/Coffee_room_01_video_11.npz,431,455,0,0,0,0.15507972
le2i-blazepose,le2i-blazepose::Coffee_room_01_video_11,data/keypoints_le2i_blazepose/Coffee_room_01_video_11.npz,436,460,0,0,0,0.15497479
le2i-blazepose,le2i-blazepose::Coffee_room_01_video_11,data/keypoints_le2i_blazepose/Coffee_room_01_video_11.npz,441,465,0,0,0,0.15495479
le2i-blazepose,le2i-blazepose::Coffee_room_01_video_11,data/keypoints_le2i_blazepose/Coffee_room_01_video_11.npz,446,470,0,0,0,0.15511064
le2i-blazepose,le2i-blazepose::Coffee_room_01_video_11,data/keypoints_le2i_blazepose/Coffee_room_01_video_11.npz,451,475,0,0,0,0.1551578
le2i-blazepose,le2i-blazepose::Coffee_room_01_video_11,data/keypoints_le2i_blazepose/Coffee_room_01_video_11.npz,456,480,0,0,0,0.1550703
le2i-blazepose,le2i-blazepose::Coffee_room_01_video_20,data/keypoints_le2i_blazepose/Coffee_room_01_video_20.npz,1,25,0,0,0,0.0011792353
le2i-blazepose,le2i-blazepose::Coffee_room_01_video_20,data/keypoints_le2i_blazepose/Coffee_room_01_video_20.npz,6,30,0,0,0,0.0010577047
le2i-blazepose,le2i-blazepose::Coffee_room_01_video_20,data/keypoints_le2i_blazepose/Coffee_room_01_video_20.npz,11,35,0,0,0,0.0010162083
le2i-blazepose,le2i-blazepose::Coffee_room_01_video_20,data/keypoints_le2i_blazepose/Coffee_room_01_video_20.npz,16,40,0,0,0,0.000987265
le2i-blazepose,le2i-blazepose::Coffee_room_01_video_20,data/keypoints_le2i_blazepose/Coffee_room_01_video_20.npz,21,45,0,0,0,0.0009903989
le2i-blazepose,le2i-blazepose::Coffee_room_01_video_20,data/keypoints_le2i_blazepose/Coffee_room_01_video_20.npz,26,50,0,0,0,0.0010773486
le2i-blazepose,le2i-blazepose::Coffee_room_01_video_20,data/keypoints_le2i_blazepose/Coffee_room_01_video_20.npz,31,55,0,0,0,0.0012952694
le2i-blazepose,le2i-blazepose::Coffee_room_01_video_20,data/keypoints_le2i_blazepose/Coffee_room_01_video_20.npz,36,60,0,0,0,0.0014476852
le2i-blazepose,le2i-blazepose::Coffee_room_01_video_20,data/keypoints_le2i_blazepose/Coffee_room_01_video_20.npz,41,65,0,0,0,0.0015222252
le2i-blazepose,le2i-blazepose::Coffee_room_01_video_20,data/keypoints_le2i_blazepose/Coffee_room_01_video_20.npz,46,70,0,0,0,0.0014350899
le2i-blazepose,le2i-blazepose::Coffee_room_01_video_20,data/keypoints_le2i_blazepose/Coffee_room_01_video_20.npz,51,75,0,0,0,0.0012635732
le2i-blazepose,le2i-blazepose::Coffee_room_01_video_20,data/keypoints_le2i_blazepose/Coffee_room_01_video_20.npz,56,80,0,0,0,0.09542157
le2i-blazepose,le2i-blazepose::Coffee_room_01_video_20,data/keypoints_le2i_blazepose/Coffee_room_01_video_20.npz,61,85,0,0,0,0.08977056
le2i-blazepose,le2i-blazepose::Coffee_room_01_video_20,data/keypoints_le2i_blazepose/Coffee_room_01_video_20.npz,66,90,0,0,0,0.007205192
le2i-blazepose,le2i-blazepose::Coffee_room_01_video_20,data/keypoints_le2i_blazepose/Coffee_room_01_video_20.npz,71,95,0,0,0,0.006972793
le2i-blazepose,le2i-blazepose::Coffee_room_01_video_20,data/keypoints_le2i_blazepose/Coffee_room_01_video_20.npz,76,100,0,0,0,0.0060528987
le2i-blazepose,le2i-blazepose::Coffee_room_01_video_20,data/keypoints_le2i_blazepose/Coffee_room_01_video_20.npz,81,105,0,0,0,0.0060897414
le2i-blazepose,le2i-blazepose::Coffee_room_01_video_20,data/keypoints_le2i_blazepose/Coffee_room_01_video_20.npz,86,110,0,0,0,0.006210082
le2i-blazepose,le2i-blazepose::Coffee_room_01_video_20,data/keypoints_le2i_blazepose/Coffee_room_01_video_20.npz,91,115,0,0,0,0.0063581215
le2i-blazepose,le2i-blazepose::Coffee_room_01_video_20,data/keypoints_le2i_blazepose/Coffee_room_01_video_20.npz,96,120,0,0,0,0.0063987714
le2i-blazepose,le2i-blazepose::Coffee_room_01_video_20,data/keypoints_le2i_blazepose/Coffee_room_01_video_20.npz,101,125,0,0,0,0.008815807
le2i-blazepose,le2i-blazepose::Coffee_room_01_video_20,data/keypoints_le2i_blazepose/Coffee_room_01_video_20.npz,106,130,0,0,0,0.009031062
le2i-blazepose,le2i-blazepose::Coffee_room_01_video_20,data/keypoints_le2i_blazepose/Coffee_room_01_video_20.npz,111,135,0,0,0,0.0062887575
le2i-blazepose,le2i-blazepose::Coffee_room_01_video_20,data/keypoints_le2i_blazepose/Coffee_room_01_video_20.npz,116,140,0,0,0,0.005738364
le2i-blazepose,le2i-blazepose::Coffee_room_01_video_20,data/keypoints_le2i_blazepose/Coffee_room_01_video_20.npz,121,145,0,0,0,0.00504868
le2i-blazepose,le2i-blazepose::Coffee_room_01_video_20,data/keypoints_le2i_blazepose/Coffee_room_01_video_20.npz,126,150,0,0,0,0.004737293
le2i-blazepose,le2i-blazepose::Coffee_room_01_video_20,data/keypoints_le2i_blazepose/Coffee_room_01_video_20.npz,131,155,0,0,0,0.004661929
le2i-blazepose,le2i-blazepose::Coffee_room_01_video_20,data/keypoints_le2i_blazepose/Coffee_room_01_video_20.npz,136,160,0,0,0,0.004626595
le2i-blazepose,le2i-blazepose::Coffee_room_01_video_20,data/keypoints_le2i_blazepose/Coffee_room_01_video_20.npz,141,165,0,0,0,0.0045732954
le2i-blazepose,le2i-blazepose::Coffee_room_01_video_20,data/keypoints_le2i_blazepose/Coffee_room_01_video_20.npz,146,170,0,0,0,0.006739956
le2i-blazepose,le2i-blazepose::Coffee_room_01_video_20,data/keypoints_le2i_blazepose/Coffee_room_01_video_20.npz,151,175,0,0,0,0.0065441052
le2i-blazepose,le2i-blazepose::Coffee_room_01_video_20,data/keypoints_le2i_blazepose/Coffee_room_01_video_20.npz,156,180,0,0,0,0.005709956
le2i-blazepose,le2i-blazepose::Coffee_room_01_video_20,data/keypoints_le2i_blazepose/Coffee_room_01_video_20.npz,161,185,0,0,0,0.006267535
le2i-blazepose,le2i-blazepose::Coffee_room_01_video_20,data/keypoints_le2i_blazepose/Coffee_room_01_video_20.npz,166,190,0,0,0,0.0062146983
le2i-blazepose,le2i-blazepose::Coffee_room_01_video_20,data/keypoints_le2i_blazepose/Coffee_room_01_video_20.npz,171,195,0,0,0,0.006336508
le2i-blazepose,le2i-blazepose::Coffee_room_01_video_20,data/keypoints_le2i_blazepose/Coffee_room_01_video_20.npz,176,200,0,0,0,0.006138444
le2i-blazepose,le2i-blazepose::Coffee_room_01_video_20,data/keypoints_le2i_blazepose/Coffee_room_01_video_20.npz,181,205,0,0,0,0.0063405763
le2i-blazepose,le2i-blazepose::Coffee_room_01_video_20,data/keypoints_le2i_blazepose/Coffee_room_01_video_20.npz,186,210,0,0,0,0.0071735834
le2i-blazepose,le2i-blazepose::Coffee_room_01_video_20,data/keypoints_le2i_blazepose/Coffee_room_01_video_20.npz,191,215,0,0,0,0.0014483554
le2i-blazepose,le2i-blazepose::Coffee_room_01_video_20,data/keypoints_le2i_blazepose/Coffee_room_01_video_20.npz,196,220,0,0,0,0.0017020719
le2i-blazepose,le2i-blazepose::Coffee_room_01_video_20,data/keypoints_le2i_blazepose/Coffee_room_01_video_20.npz,201,225,0,0,0,0.00217346
le2i-blazepose,le2i-blazepose::Coffee_room_01_video_20,data/keypoints_le2i_blazepose/Coffee_room_01_video_20.npz,206,230,0,0,0,0.002527976
le2i-blazepose,le2i-blazepose::Coffee_room_01_video_20,data/keypoints_le2i_blazepose/Coffee_room_01_video_20.npz,211,235,0,0,0,0.0027026397
le2i-blazepose,le2i-blazepose::Coffee_room_01_video_20,data/keypoints_le2i_blazepose/Coffee_room_01_video_20.npz,216,240,0,0,0,0.0027063799
le2i-blazepose,le2i-blazepose::Coffee_room_01_video_20,data/keypoints_le2i_blazepose/Coffee_room_01_video_20.npz,221,245,0,0,0,0.0025643103
le2i-blazepose,le2i-blazepose::Coffee_room_01_video_20,data/keypoints_le2i_blazepose/Coffee_room_01_video_20.npz,226,250,0,0,0,0.002445389
le2i-blazepose,le2i-blazepose::Coffee_room_01_video_20,data/keypoints_le2i_blazepose/Coffee_room_01_video_20.npz,231,255,0,0,0,0.0022264165
le2i-blazepose,le2i-blazepose::Coffee_room_01_video_20,data/keypoints_le2i_blazepose/Coffee_room_01_video_20.npz,236,260,0,0,0,0.0020549546
le2i-blazepose,le2i-blazepose::Coffee_room_01_video_20,data/keypoints_le2i_blazepose/Coffee_room_01_video_20.npz,241,265,0,0,0,0.0018531424
le2i-blazepose,le2i-blazepose::Coffee_room_01_video_20,data/keypoints_le2i_blazepose/Coffee_room_01_video_20.npz,246,270,0,0,0,0.0016925861
le2i-blazepose,le2i-blazepose::Coffee_room_01_video_20,data/keypoints_le2i_blazepose/Coffee_room_01_video_20.npz,251,275,0,0,0,0.0016250638
le2i-blazepose,le2i-blazepose::Coffee_room_01_video_20,data/keypoints_le2i_blazepose/Coffee_room_01_video_20.npz,256,280,0,0,0,0.0016307436
le2i-blazepose,le2i-blazepose::Coffee_room_01_video_20,data/keypoints_le2i_blazepose/Coffee_room_01_video_20.npz,261,285,0,0,0,0.0017080747
le2i-blazepose,le2i-blazepose::Coffee_room_01_video_20,data/keypoints_le2i_blazepose/Coffee_room_01_video_20.npz,266,290,0,0,0,0.0016765065
le2i-blazepose,le2i-blazepose::Coffee_room_01_video_20,data/keypoints_le2i_blazepose/Coffee_room_01_video_20.npz,271,295,0,0,0,0.0022545871
le2i-blazepose,le2i-blazepose::Coffee_room_01_video_20,data/keypoints_le2i_blazepose/Coffee_room_01_video_20.npz,276,300,0,0,0,0.0022689372
le2i-blazepose,le2i-blazepose::Coffee_room_01_video_20,data/keypoints_le2i_blazepose/Coffee_room_01_video_20.npz,281,305,0,0,0,0.0023648185
le2i-blazepose,le2i-blazepose::Coffee_room_01_video_20,data/keypoints_le2i_blazepose/Coffee_room_01_video_20.npz,286,310,0,0,0,0.002767072
le2i-blazepose,le2i-blazepose::Coffee_room_01_video_20,data/keypoints_le2i_blazepose/Coffee_room_01_video_20.npz,291,315,0,0,0,0.0034078457
le2i-blazepose,le2i-blazepose::Coffee_room_01_video_20,data/keypoints_le2i_blazepose/Coffee_room_01_video_20.npz,296,320,0,0,0,0.0046588057
le2i-blazepose,le2i-blazepose::Coffee_room_01_video_20,data/keypoints_le2i_blazepose/Coffee_room_01_video_20.npz,301,325,0,0,0,0.010025139
le2i-blazepose,le2i-blazepose::Coffee_room_01_video_20,data/keypoints_le2i_blazepose/Coffee_room_01_video_20.npz,306,330,0,0,0,0.04954906
le2i-blazepose,le2i-blazepose::Coffee_room_01_video_20,data/keypoints_le2i_blazepose/Coffee_room_01_video_20.npz,311,335,0,0,0,0.49467304
le2i-blazepose,le2i-blazepose::Coffee_room_01_video_20,data/keypoints_le2i_blazepose/Coffee_room_01_video_20.npz,316,340,1,1,1,0.94481146
le2i-blazepose,le2i-blazepose::Coffee_room_01_video_20,data/keypoints_le2i_blazepose/Coffee_room_01_video_20.npz,321,345,1,1,1,0.9870516
le2i-blazepose,le2i-blazepose::Coffee_room_01_video_20,data/keypoints_le2i_blazepose/Coffee_room_01_video_20.npz,326,350,1,1,1,0.9972146
le2i-blazepose,le2i-blazepose::Coffee_room_01_video_20,data/keypoints_le2i_blazepose/Coffee_room_01_video_20.npz,331,355,1,1,1,0.9991235
le2i-blazepose,le2i-blazepose::Coffee_room_01_video_20,data/keypoints_le2i_blazepose/Coffee_room_01_video_20.npz,336,360,1,1,1,0.99933064
le2i-blazepose,le2i-blazepose::Coffee_room_01_video_20,data/keypoints_le2i_blazepose/Coffee_room_01_video_20.npz,341,365,1,1,1,0.99684143
le2i-blazepose,le2i-blazepose::Coffee_room_01_video_20,data/keypoints_le2i_blazepose/Coffee_room_01_video_20.npz,346,370,1,1,1,0.8705959
le2i-blazepose,le2i-blazepose::Coffee_room_01_video_20,data/keypoints_le2i_blazepose/Coffee_room_01_video_20.npz,351,375,1,1,0,0.5511054
le2i-blazepose,le2i-blazepose::Coffee_room_01_video_20,data/keypoints_le2i_blazepose/Coffee_room_01_video_20.npz,356,380,1,1,0,0.35937694
le2i-blazepose,le2i-blazepose::Coffee_room_01_video_20,data/keypoints_le2i_blazepose/Coffee_room_01_video_20.npz,361,385,1,1,0,0.28223595
le2i-blazepose,le2i-blazepose::Coffee_room_01_video_20,data/keypoints_le2i_blazepose/Coffee_room_01_video_20.npz,366,390,1,1,0,0.30341244
le2i-blazepose,le2i-blazepose::Coffee_room_01_video_20,data/keypoints_le2i_blazepose/Coffee_room_01_video_20.npz,371,395,0,0,0,0.06519249
le2i-blazepose,le2i-blazepose::Coffee_room_01_video_20,data/keypoints_le2i_blazepose/Coffee_room_01_video_20.npz,376,400,0,0,0,0.36159742
le2i-blazepose,le2i-blazepose::Coffee_room_01_video_20,data/keypoints_le2i_blazepose/Coffee_room_01_video_20.npz,381,405,0,0,0,0.36332977
le2i-blazepose,le2i-blazepose::Coffee_room_01_video_20,data/keypoints_le2i_blazepose/Coffee_room_01_video_20.npz,386,410,0,0,0,0.36362153
le2i-blazepose,le2i-blazepose::Coffee_room_01_video_20,data/keypoints_le2i_blazepose/Coffee_room_01_video_20.npz,391,415,0,0,0,0.3617821
le2i-blazepose,le2i-blazepose::Coffee_room_01_video_20,data/keypoints_le2i_blazepose/Coffee_room_01_video_20.npz,396,420,0,0,0,0.35891038
le2i-blazepose,le2i-blazepose::Coffee_room_01_video_20,data/keypoints_le2i_blazepose/Coffee_room_01_video_20.npz,401,425,0,0,0,0.35985982
le2i-blazepose,le2i-blazepose::Coffee_room_01_video_20,data/keypoints_le2i_blazepose/Coffee_room_01_video_20.npz,406,430,0,0,0,0.35943973
le2i-blazepose,le2i-blazepose::Coffee_room_01_video_20,data/keypoints_le2i_blazepose/Coffee_room_01_video_20.npz,411,435,0,0,0,0.3595702
le2i-blazepose,le2i-blazepose::Coffee_room_01_video_20,data/keypoints_le2i_blazepose/Coffee_room_01_video_20.npz,416,440,0,0,0,0.35963875
le2i-blazepose,le2i-blazepose::Coffee_room_01_video_22,data/keypoints_le2i_blazepose/Coffee_room_01_video_22.npz,1,25,0,0,0,0.027793704
le2i-blazepose,le2i-blazepose::Coffee_room_01_video_22,data/keypoints_le2i_blazepose/Coffee_room_01_video_22.npz,6,30,0,0,0,0.018132929
le2i-blazepose,le2i-blazepose::Coffee_room_01_video_22,data/keypoints_le2i_blazepose/Coffee_room_01_video_22.npz,11,35,0,0,0,0.018869014
le2i-blazepose,le2i-blazepose::Coffee_room_01_video_22,data/keypoints_le2i_blazepose/Coffee_room_01_video_22.npz,16,40,0,0,0,0.020215094
le2i-blazepose,le2i-blazepose::Coffee_room_01_video_22,data/keypoints_le2i_blazepose/Coffee_room_01_video_22.npz,21,45,0,0,0,0.02030824
le2i-blazepose,le2i-blazepose::Coffee_room_01_video_22,data/keypoints_le2i_blazepose/Coffee_room_01_video_22.npz,26,50,0,0,0,0.0209002
le2i-blazepose,le2i-blazepose::Coffee_room_01_video_22,data/keypoints_le2i_blazepose/Coffee_room_01_video_22.npz,31,55,0,0,0,0.019413976
le2i-blazepose,le2i-blazepose::Coffee_room_01_video_22,data/keypoints_le2i_blazepose/Coffee_room_01_video_22.npz,36,60,0,0,0,0.012663143
le2i-blazepose,le2i-blazepose::Coffee_room_01_video_22,data/keypoints_le2i_blazepose/Coffee_room_01_video_22.npz,41,65,0,0,0,0.010701762
le2i-blazepose,le2i-blazepose::Coffee_room_01_video_22,data/keypoints_le2i_blazepose/Coffee_room_01_video_22.npz,46,70,0,0,0,0.009281255
le2i-blazepose,le2i-blazepose::Coffee_room_01_video_22,data/keypoints_le2i_blazepose/Coffee_room_01_video_22.npz,51,75,0,0,0,0.009062662
le2i-blazepose,le2i-blazepose::Coffee_room_01_video_22,data/keypoints_le2i_blazepose/Coffee_room_01_video_22.npz,56,80,0,0,0,0.010685184
le2i-blazepose,le2i-blazepose::Coffee_room_01_video_22,data/keypoints_le2i_blazepose/Coffee_room_01_video_22.npz,61,85,0,0,0,0.028584838
le2i-blazepose,le2i-blazepose::Coffee_room_01_video_22,data/keypoints_le2i_blazepose/Coffee_room_01_video_22.npz,66,90,0,0,0,0.026550077
le2i-blazepose,le2i-blazepose::Coffee_room_01_video_22,data/keypoints_le2i_blazepose/Coffee_room_01_video_22.npz,71,95,0,0,0,0.02382839
le2i-blazepose,le2i-blazepose::Coffee_room_01_video_22,data/keypoints_le2i_blazepose/Coffee_room_01_video_22.npz,76,100,0,0,0,0.01570525
le2i-blazepose,le2i-blazepose::Coffee_room_01_video_22,data/keypoints_le2i_blazepose/Coffee_room_01_video_22.npz,81,105,0,0,0,0.009432707
le2i-blazepose,le2i-blazepose::Coffee_room_01_video_22,data/keypoints_le2i_blazepose/Coffee_room_01_video_22.npz,86,110,0,0,0,0.03037684
le2i-blazepose,le2i-blazepose::Coffee_room_01_video_22,data/keypoints_le2i_blazepose/Coffee_room_01_video_22.npz,91,115,0,0,0,0.047576375
le2i-blazepose,le2i-blazepose::Coffee_room_01_video_22,data/keypoints_le2i_blazepose/Coffee_room_01_video_22.npz,96,120,0,0,0,0.066146396
le2i-blazepose,le2i-blazepose::Coffee_room_01_video_22,data/keypoints_le2i_blazepose/Coffee_room_01_video_22.npz,101,125,0,0,0,0.14145656
le2i-blazepose,le2i-blazepose::Coffee_room_01_video_22,data/keypoints_le2i_blazepose/Coffee_room_01_video_22.npz,106,130,0,0,0,0.6601941
le2i-blazepose,le2i-blazepose::Coffee_room_01_video_22,data/keypoints_le2i_blazepose/Coffee_room_01_video_22.npz,111,135,1,1,1,0.9658337
le2i-blazepose,le2i-blazepose::Coffee_room_01_video_22,data/keypoints_le2i_blazepose/Coffee_room_01_video_22.npz,116,140,1,1,1,0.9876304
le2i-blazepose,le2i-blazepose::Coffee_room_01_video_22,data/keypoints_le2i_blazepose/Coffee_room_01_video_22.npz,121,145,1,1,1,0.9894526
le2i-blazepose,le2i-blazepose::Coffee_room_01_video_22,data/keypoints_le2i_blazepose/Coffee_room_01_video_22.npz,126,150,1,1,1,0.9894058
le2i-blazepose,le2i-blazepose::Coffee_room_01_video_22,data/keypoints_le2i_blazepose/Coffee_room_01_video_22.npz,131,155,1,1,1,0.98841184
le2i-blazepose,le2i-blazepose::Coffee_room_01_video_22,data/keypoints_le2i_blazepose/Coffee_room_01_video_22.npz,136,160,0,0,1,0.95593536
le2i-blazepose,le2i-blazepose::Coffee_room_01_video_22,data/keypoints_le2i_blazepose/Coffee_room_01_video_22.npz,141,165,0,0,1,0.8724978
le2i-blazepose,le2i-blazepose::Coffee_room_01_video_22,data/keypoints_le2i_blazepose/Coffee_room_01_video_22.npz,146,170,0,0,1,0.8742703
le2i-blazepose,le2i-blazepose::Coffee_room_01_video_22,data/keypoints_le2i_blazepose/Coffee_room_01_video_22.npz,151,175,0,0,0,0.6921167
le2i-blazepose,le2i-blazepose::Coffee_room_01_video_22,data/keypoints_le2i_blazepose/Coffee_room_01_video_22.npz,156,180,0,0,0,0.28686225
le2i-blazepose,le2i-blazepose::Coffee_room_01_video_22,data/keypoints_le2i_blazepose/Coffee_room_01_video_22.npz,161,185,0,0,1,0.96382785
le2i-blazepose,le2i-blazepose::Coffee_room_01_video_22,data/keypoints_le2i_blazepose/Coffee_room_01_video_22.npz,166,190,0,0,1,0.96357375
le2i-blazepose,le2i-blazepose::Coffee_room_01_video_22,data/keypoints_le2i_blazepose/Coffee_room_01_video_22.npz,171,195,0,0,1,0.9641318
le2i-blazepose,le2i-blazepose::Coffee_room_01_video_22,data/keypoints_le2i_blazepose/Coffee_room_01_video_22.npz,176,200,0,0,1,0.9640916
le2i-blazepose,le2i-blazepose::Coffee_room_01_video_22,data/keypoints_le2i_blazepose/Coffee_room_01_video_22.npz,181,205,0,0,1,0.96362275
le2i-blazepose,le2i-blazepose::Coffee_room_01_video_22,data/keypoints_le2i_blazepose/Coffee_room_01_video_22.npz,186,210,0,0,1,0.96342015
le2i-blazepose,le2i-blazepose::Coffee_room_01_video_22,data/keypoints_le2i_blazepose/Coffee_room_01_video_22.npz,191,215,0,0,1,0.9639871
le2i-blazepose,le2i-blazepose::Coffee_room_01_video_22,data/keypoints_le2i_blazepose/Coffee_room_01_video_22.npz,196,220,0,0,1,0.96467584
le2i-blazepose,le2i-blazepose::Coffee_room_01_video_22,data/keypoints_le2i_blazepose/Coffee_room_01_video_22.npz,201,225,0,0,1,0.9644947
le2i-blazepose,le2i-blazepose::Coffee_room_01_video_27,data/keypoints_le2i_blazepose/Coffee_room_01_video_27.npz,1,25,0,0,0,0.20812088
le2i-blazepose,le2i-blazepose::Coffee_room_01_video_27,data/keypoints_le2i_blazepose/Coffee_room_01_video_27.npz,6,30,0,0,0,0.2002105
le2i-blazepose,le2i-blazepose::Coffee_room_01_video_27,data/keypoints_le2i_blazepose/Coffee_room_01_video_27.npz,11,35,0,0,0,0.08814998
le2i-blazepose,le2i-blazepose::Coffee_room_01_video_27,data/keypoints_le2i_blazepose/Coffee_room_01_video_27.npz,16,40,0,0,0,0.021890173
le2i-blazepose,le2i-blazepose::Coffee_room_01_video_27,data/keypoints_le2i_blazepose/Coffee_room_01_video_27.npz,21,45,0,0,0,0.020721473
le2i-blazepose,le2i-blazepose::Coffee_room_01_video_27,data/keypoints_le2i_blazepose/Coffee_room_01_video_27.npz,26,50,0,0,0,0.017156804
le2i-blazepose,le2i-blazepose::Coffee_room_01_video_27,data/keypoints_le2i_blazepose/Coffee_room_01_video_27.npz,31,55,0,0,0,0.046736795
le2i-blazepose,le2i-blazepose::Coffee_room_01_video_27,data/keypoints_le2i_blazepose/Coffee_room_01_video_27.npz,36,60,0,0,0,0.039080735
le2i-blazepose,le2i-blazepose::Coffee_room_01_video_27,data/keypoints_le2i_blazepose/Coffee_room_01_video_27.npz,41,65,0,0,0,0.039638244
le2i-blazepose,le2i-blazepose::Coffee_room_01_video_27,data/keypoints_le2i_blazepose/Coffee_room_01_video_27.npz,46,70,0,0,0,0.038806375
le2i-blazepose,le2i-blazepose::Coffee_room_01_video_27,data/keypoints_le2i_blazepose/Coffee_room_01_video_27.npz,51,75,0,0,0,0.03641316
le2i-blazepose,le2i-blazepose::Coffee_room_01_video_27,data/keypoints_le2i_blazepose/Coffee_room_01_video_27.npz,56,80,0,0,0,0.07545619
le2i-blazepose,le2i-blazepose::Coffee_room_01_video_27,data/keypoints_le2i_blazepose/Coffee_room_01_video_27.npz,61,85,0,0,0,0.030732326
le2i-blazepose,le2i-blazepose::Coffee_room_01_video_27,data/keypoints_le2i_blazepose/Coffee_room_01_video_27.npz,66,90,0,0,0,0.048272766
le2i-blazepose,le2i-blazepose::Coffee_room_01_video_27,data/keypoints_le2i_blazepose/Coffee_room_01_video_27.npz,71,95,0,0,0,0.048145074
le2i-blazepose,le2i-blazepose::Coffee_room_01_video_27,data/keypoints_le2i_blazepose/Coffee_room_01_video_27.npz,76,100,0,0,0,0.04315059
le2i-blazepose,le2i-blazepose::Coffee_room_01_video_27,data/keypoints_le2i_blazepose/Coffee_room_01_video_27.npz,81,105,0,0,0,0.016616723
le2i-blazepose,le2i-blazepose::Coffee_room_01_video_27,data/keypoints_le2i_blazepose/Coffee_room_01_video_27.npz,86,110,0,0,0,0.023093805
le2i-blazepose,le2i-blazepose::Coffee_room_01_video_27,data/keypoints_le2i_blazepose/Coffee_room_01_video_27.npz,91,115,0,0,0,0.034550574
le2i-blazepose,le2i-blazepose::Coffee_room_01_video_27,data/keypoints_le2i_blazepose/Coffee_room_01_video_27.npz,96,120,0,0,0,0.052125536
le2i-blazepose,le2i-blazepose::Coffee_room_01_video_27,data/keypoints_le2i_blazepose/Coffee_room_01_video_27.npz,101,125,0,0,0,0.0758431
le2i-blazepose,le2i-blazepose::Coffee_room_01_video_27,data/keypoints_le2i_blazepose/Coffee_room_01_video_27.npz,106,130,0,0,0,0.101116315
le2i-blazepose,le2i-blazepose::Coffee_room_01_video_27,data/keypoints_le2i_blazepose/Coffee_room_01_video_27.npz,111,135,0,0,0,0.120304815
le2i-blazepose,le2i-blazepose::Coffee_room_01_video_27,data/keypoints_le2i_blazepose/Coffee_room_01_video_27.npz,116,140,0,0,0,0.15643948
le2i-blazepose,le2i-blazepose::Coffee_room_01_video_27,data/keypoints_le2i_blazepose/Coffee_room_01_video_27.npz,121,145,0,0,0,0.099022284
le2i-blazepose,le2i-blazepose::Coffee_room_01_video_27,data/keypoints_le2i_blazepose/Coffee_room_01_video_27.npz,126,150,0,0,0,0.12373987
le2i-blazepose,le2i-blazepose::Coffee_room_01_video_27,data/keypoints_le2i_blazepose/Coffee_room_01_video_27.npz,131,155,0,0,0,0.12982191
le2i-blazepose,le2i-blazepose::Coffee_room_01_video_27,data/keypoints_le2i_blazepose/Coffee_room_01_video_27.npz,136,160,0,0,0,0.15447907
le2i-blazepose,le2i-blazepose::Coffee_room_01_video_27,data/keypoints_le2i_blazepose/Coffee_room_01_video_27.npz,141,165,0,0,0,0.4909962
le2i-blazepose,le2i-blazepose::Coffee_room_01_video_27,data/keypoints_le2i_blazepose/Coffee_room_01_video_27.npz,146,170,1,1,0,0.38780797
le2i-blazepose,le2i-blazepose::Coffee_room_01_video_27,data/keypoints_le2i_blazepose/Coffee_room_01_video_27.npz,151,175,1,1,0,0.28679588
le2i-blazepose,le2i-blazepose::Coffee_room_01_video_27,data/keypoints_le2i_blazepose/Coffee_room_01_video_27.npz,156,180,1,1,0,0.2420191
le2i-blazepose,le2i-blazepose::Coffee_room_01_video_27,data/keypoints_le2i_blazepose/Coffee_room_01_video_27.npz,161,185,1,1,0,0.21744497
le2i-blazepose,le2i-blazepose::Coffee_room_01_video_27,data/keypoints_le2i_blazepose/Coffee_room_01_video_27.npz,166,190,1,1,0,0.23431553
le2i-blazepose,le2i-blazepose::Coffee_room_01_video_27,data/keypoints_le2i_blazepose/Coffee_room_01_video_27.npz,171,195,1,1,0,0.28415608
le2i-blazepose,le2i-blazepose::Coffee_room_01_video_27,data/keypoints_le2i_blazepose/Coffee_room_01_video_27.npz,176,200,1,1,0,0.5083238
le2i-blazepose,le2i-blazepose::Coffee_room_01_video_27,data/keypoints_le2i_blazepose/Coffee_room_01_video_27.npz,181,205,1,1,0,0.45333305
le2i-blazepose,le2i-blazepose::Coffee_room_01_video_27,data/keypoints_le2i_blazepose/Coffee_room_01_video_27.npz,186,210,1,1,0,0.31494495
le2i-blazepose,le2i-blazepose::Coffee_room_01_video_27,data/keypoints_le2i_blazepose/Coffee_room_01_video_27.npz,191,215,0,0,0,0.2819666
le2i-blazepose,le2i-blazepose::Coffee_room_01_video_27,data/keypoints_le2i_blazepose/Coffee_room_01_video_27.npz,196,220,0,0,0,0.28476784
le2i-blazepose,le2i-blazepose::Coffee_room_01_video_27,data/keypoints_le2i_blazepose/Coffee_room_01_video_27.npz,201,225,0,0,0,0.28645736
le2i-blazepose,le2i-blazepose::Coffee_room_01_video_27,data/keypoints_le2i_blazepose/Coffee_room_01_video_27.npz,206,230,0,0,0,0.28820255
le2i-blazepose,le2i-blazepose::Coffee_room_01_video_27,data/keypoints_le2i_blazepose/Coffee_room_01_video_27.npz,211,235,0,0,0,0.28943744
le2i-blazepose,le2i-blazepose::Coffee_room_01_video_27,data/keypoints_le2i_blazepose/Coffee_room_01_video_27.npz,216,240,0,0,0,0.2905917
le2i-blazepose,le2i-blazepose::Coffee_room_01_video_27,data/keypoints_le2i_blazepose/Coffee_room_01_video_27.npz,221,245,0,0,0,0.29073095
le2i-blazepose,le2i-blazepose::Coffee_room_01_video_27,data/keypoints_le2i_blazepose/Coffee_room_01_video_27.npz,226,250,0,0,0,0.29336044
le2i-blazepose,le2i-blazepose::Coffee_room_01_video_28,data/keypoints_le2i_blazepose/Coffee_room_01_video_28.npz,1,25,0,0,0,0.013468871
le2i-blazepose,le2i-blazepose::Coffee_room_01_video_28,data/keypoints_le2i_blazepose/Coffee_room_01_video_28.npz,6,30,0,0,0,0.014037904
le2i-blazepose,le2i-blazepose::Coffee_room_01_video_28,data/keypoints_le2i_blazepose/Coffee_room_01_video_28.npz,11,35,0,0,0,0.009343493
le2i-blazepose,le2i-blazepose::Coffee_room_01_video_28,data/keypoints_le2i_blazepose/Coffee_room_01_video_28.npz,16,40,0,0,0,0.008593595
le2i-blazepose,le2i-blazepose::Coffee_room_01_video_28,data/keypoints_le2i_blazepose/Coffee_room_01_video_28.npz,21,45,0,0,0,0.007544781
le2i-blazepose,le2i-blazepose::Coffee_room_01_video_28,data/keypoints_le2i_blazepose/Coffee_room_01_video_28.npz,26,50,0,0,0,0.00090352475
le2i-blazepose,le2i-blazepose::Coffee_room_01_video_28,data/keypoints_le2i_blazepose/Coffee_room_01_video_28.npz,31,55,0,0,0,0.0008816754
le2i-blazepose,le2i-blazepose::Coffee_room_01_video_28,data/keypoints_le2i_blazepose/Coffee_room_01_video_28.npz,36,60,0,0,0,0.0017821996
le2i-blazepose,le2i-blazepose::Coffee_room_01_video_28,data/keypoints_le2i_blazepose/Coffee_room_01_video_28.npz,41,65,0,0,0,0.008264823
le2i-blazepose,le2i-blazepose::Coffee_room_01_video_28,data/keypoints_le2i_blazepose/Coffee_room_01_video_28.npz,46,70,1,1,0,0.17160381
le2i-blazepose,le2i-blazepose::Coffee_room_01_video_28,data/keypoints_le2i_blazepose/Coffee_room_01_video_28.npz,51,75,1,1,0,0.75461864
le2i-blazepose,le2i-blazepose::Coffee_room_01_video_28,data/keypoints_le2i_blazepose/Coffee_room_01_video_28.npz,56,80,1,1,1,0.8867085
le2i-blazepose,le2i-blazepose::Coffee_room_01_video_28,data/keypoints_le2i_blazepose/Coffee_room_01_video_28.npz,61,85,1,1,1,0.88199514
le2i-blazepose,le2i-blazepose::Coffee_room_01_video_28,data/keypoints_le2i_blazepose/Coffee_room_01_video_28.npz,66,90,1,1,0,0.77902037
le2i-blazepose,le2i-blazepose::Coffee_room_01_video_28,data/keypoints_le2i_blazepose/Coffee_room_01_video_28.npz,71,95,1,1,0,0.41039383
le2i-blazepose,le2i-blazepose::Coffee_room_01_video_28,data/keypoints_le2i_blazepose/Coffee_room_01_video_28.npz,76,100,1,1,0,0.6491741
le2i-blazepose,le2i-blazepose::Coffee_room_01_video_28,data/keypoints_le2i_blazepose/Coffee_room_01_video_28.npz,81,105,1,1,0,0.011190725
le2i-blazepose,le2i-blazepose::Coffee_room_01_video_28,data/keypoints_le2i_blazepose/Coffee_room_01_video_28.npz,86,110,0,0,0,0.005756839
le2i-blazepose,le2i-blazepose::Coffee_room_01_video_28,data/keypoints_le2i_blazepose/Coffee_room_01_video_28.npz,91,115,0,0,0,0.005881545
le2i-blazepose,le2i-blazepose::Coffee_room_01_video_28,data/keypoints_le2i_blazepose/Coffee_room_01_video_28.npz,96,120,0,0,0,0.0058740308
le2i-blazepose,le2i-blazepose::Coffee_room_01_video_28,data/keypoints_le2i_blazepose/Coffee_room_01_video_28.npz,101,125,0,0,0,0.005867085
le2i-blazepose,le2i-blazepose::Coffee_room_01_video_28,data/keypoints_le2i_blazepose/Coffee_room_01_video_28.npz,106,130,0,0,0,0.0014103989
le2i-blazepose,le2i-blazepose::Coffee_room_01_video_28,data/keypoints_le2i_blazepose/Coffee_room_01_video_28.npz,111,135,0,0,0,0.0014126046
le2i-blazepose,le2i-blazepose::Coffee_room_01_video_28,data/keypoints_le2i_blazepose/Coffee_room_01_video_28.npz,116,140,0,0,0,0.0014129881
le2i-blazepose,le2i-blazepose::Coffee_room_01_video_28,data/keypoints_le2i_blazepose/Coffee_room_01_video_28.npz,121,145,0,0,0,0.0014117352
le2i-blazepose,le2i-blazepose::Coffee_room_01_video_28,data/keypoints_le2i_blazepose/Coffee_room_01_video_28.npz,126,150,0,0,0,0.0023183844
le2i-blazepose,le2i-blazepose::Coffee_room_01_video_28,data/keypoints_le2i_blazepose/Coffee_room_01_video_28.npz,131,155,0,0,0,0.0023174305
le2i-blazepose,le2i-blazepose::Coffee_room_01_video_28,data/keypoints_le2i_blazepose/Coffee_room_01_video_28.npz,136,160,0,0,0,0.0023202177
le2i-blazepose,le2i-blazepose::Coffee_room_01_video_28,data/keypoints_le2i_blazepose/Coffee_room_01_video_28.npz,141,165,0,0,0,0.0023164127
le2i-blazepose,le2i-blazepose::Coffee_room_01_video_28,data/keypoints_le2i_blazepose/Coffee_room_01_video_28.npz,146,170,0,0,0,0.005930279
le2i-blazepose,le2i-blazepose::Coffee_room_01_video_28,data/keypoints_le2i_blazepose/Coffee_room_01_video_28.npz,151,175,0,0,0,0.005917416
le2i-blazepose,le2i-blazepose::Coffee_room_01_video_3,data/keypoints_le2i_blazepose/Coffee_room_01_video_3.npz,1,25,0,0,0,0.0027343854
le2i-blazepose,le2i-blazepose::Coffee_room_01_video_3,data/keypoints_le2i_blazepose/Coffee_room_01_video_3.npz,6,30,0,0,0,0.0019939498
le2i-blazepose,le2i-blazepose::Coffee_room_01_video_3,data/keypoints_le2i_blazepose/Coffee_room_01_video_3.npz,11,35,0,0,0,0.0014868949
le2i-blazepose,le2i-blazepose::Coffee_room_01_video_3,data/keypoints_le2i_blazepose/Coffee_room_01_video_3.npz,16,40,0,0,0,0.0013146683
le2i-blazepose,le2i-blazepose::Coffee_room_01_video_3,data/keypoints_le2i_blazepose/Coffee_room_01_video_3.npz,21,45,0,0,0,0.012028866
le2i-blazepose,le2i-blazepose::Coffee_room_01_video_3,data/keypoints_le2i_blazepose/Coffee_room_01_video_3.npz,26,50,0,0,0,0.019600555
le2i-blazepose,le2i-blazepose::Coffee_room_01_video_3,data/keypoints_le2i_blazepose/Coffee_room_01_video_3.npz,31,55,0,0,0,0.0221194
le2i-blazepose,le2i-blazepose::Coffee_room_01_video_3,data/keypoints_le2i_blazepose/Coffee_room_01_video_3.npz,36,60,0,0,0,0.02075516
le2i-blazepose,le2i-blazepose::Coffee_room_01_video_3,data/keypoints_le2i_blazepose/Coffee_room_01_video_3.npz,41,65,0,0,0,0.025312241
le2i-blazepose,le2i-blazepose::Coffee_room_01_video_3,data/keypoints_le2i_blazepose/Coffee_room_01_video_3.npz,46,70,0,0,0,0.026192013
le2i-blazepose,le2i-blazepose::Coffee_room_01_video_3,data/keypoints_le2i_blazepose/Coffee_room_01_video_3.npz,51,75,0,0,0,0.02743675
le2i-blazepose,le2i-blazepose::Coffee_room_01_video_3,data/keypoints_le2i_blazepose/Coffee_room_01_video_3.npz,56,80,0,0,0,0.027774118
le2i-blazepose,le2i-blazepose::Coffee_room_01_video_3,data/keypoints_le2i_blazepose/Coffee_room_01_video_3.npz,61,85,0,0,0,0.026779534
le2i-blazepose,le2i-blazepose::Coffee_room_01_video_3,data/keypoints_le2i_blazepose/Coffee_room_01_video_3.npz,66,90,0,0,0,0.024412287
le2i-blazepose,le2i-blazepose::Coffee_room_01_video_3,data/keypoints_le2i_blazepose/Coffee_room_01_video_3.npz,71,95,0,0,0,0.029098794
le2i-blazepose,le2i-blazepose::Coffee_room_01_video_3,data/keypoints_le2i_blazepose/Coffee_room_01_video_3.npz,76,100,0,0,0,0.0280995
le2i-blazepose,le2i-blazepose::Coffee_room_01_video_3,data/keypoints_le2i_blazepose/Coffee_room_01_video_3.npz,81,105,0,0,0,0.027396305
le2i-blazepose,le2i-blazepose::Coffee_room_01_video_3,data/keypoints_le2i_blazepose/Coffee_room_01_video_3.npz,86,110,0,0,0,0.030973727
le2i-blazepose,le2i-blazepose::Coffee_room_01_video_3,data/keypoints_le2i_blazepose/Coffee_room_01_video_3.npz,91,115,0,0,0,0.031596914
le2i-blazepose,le2i-blazepose::Coffee_room_01_video_3,data/keypoints_le2i_blazepose/Coffee_room_01_video_3.npz,96,120,0,0,0,0.031109078
le2i-blazepose,le2i-blazepose::Coffee_room_01_video_3,data/keypoints_le2i_blazepose/Coffee_room_01_video_3.npz,101,125,0,0,0,0.030510938
le2i-blazepose,le2i-blazepose::Coffee_room_01_video_3,data/keypoints_le2i_blazepose/Coffee_room_01_video_3.npz,106,130,0,0,0,0.026190074
le2i-blazepose,le2i-blazepose::Coffee_room_01_video_3,data/keypoints_le2i_blazepose/Coffee_room_01_video_3.npz,111,135,0,0,0,0.02264682
le2i-blazepose,le2i-blazepose::Coffee_room_01_video_3,data/keypoints_le2i_blazepose/Coffee_room_01_video_3.npz,116,140,0,0,0,0.0100050615
le2i-blazepose,le2i-blazepose::Coffee_room_01_video_3,data/keypoints_le2i_blazepose/Coffee_room_01_video_3.npz,121,145,0,0,0,0.00817382
le2i-blazepose,le2i-blazepose::Coffee_room_01_video_3,data/keypoints_le2i_blazepose/Coffee_room_01_video_3.npz,126,150,0,0,0,0.013056879
le2i-blazepose,le2i-blazepose::Coffee_room_01_video_3,data/keypoints_le2i_blazepose/Coffee_room_01_video_3.npz,131,155,0,0,0,0.022784825
le2i-blazepose,le2i-blazepose::Coffee_room_01_video_3,data/keypoints_le2i_blazepose/Coffee_room_01_video_3.npz,136,160,0,0,0,0.027338494
le2i-blazepose,le2i-blazepose::Coffee_room_01_video_3,data/keypoints_le2i_blazepose/Coffee_room_01_video_3.npz,141,165,0,0,0,0.0278457
le2i-blazepose,le2i-blazepose::Coffee_room_01_video_3,data/keypoints_le2i_blazepose/Coffee_room_01_video_3.npz,146,170,0,0,0,0.02865433
le2i-blazepose,le2i-blazepose::Coffee_room_01_video_3,data/keypoints_le2i_blazepose/Coffee_room_01_video_3.npz,151,175,0,0,0,0.026167886
le2i-blazepose,le2i-blazepose::Coffee_room_01_video_3,data/keypoints_le2i_blazepose/Coffee_room_01_video_3.npz,156,180,0,0,0,0.026197214
le2i-blazepose,le2i-blazepose::Coffee_room_01_video_3,data/keypoints_le2i_blazepose/Coffee_room_01_video_3.npz,161,185,0,0,0,0.030476188
le2i-blazepose,le2i-blazepose::Coffee_room_01_video_3,data/keypoints_le2i_blazepose/Coffee_room_01_video_3.npz,166,190,0,0,0,0.04120037
le2i-blazepose,le2i-blazepose::Coffee_room_01_video_3,data/keypoints_le2i_blazepose/Coffee_room_01_video_3.npz,171,195,0,0,0,0.059311345
le2i-blazepose,le2i-blazepose::Coffee_room_01_video_3,data/keypoints_le2i_blazepose/Coffee_room_01_video_3.npz,176,200,0,0,0,0.07217458
le2i-blazepose,le2i-blazepose::Coffee_room_01_video_3,data/keypoints_le2i_blazepose/Coffee_room_01_video_3.npz,181,205,0,0,0,0.08021631
le2i-blazepose,le2i-blazepose::Coffee_room_01_video_3,data/keypoints_le2i_blazepose/Coffee_room_01_video_3.npz,186,210,0,0,0,0.08816597
le2i-blazepose,le2i-blazepose::Coffee_room_01_video_3,data/keypoints_le2i_blazepose/Coffee_room_01_video_3.npz,191,215,0,0,0,0.094730645
le2i-blazepose,le2i-blazepose::Coffee_room_01_video_3,data/keypoints_le2i_blazepose/Coffee_room_01_video_3.npz,196,220,0,0,0,0.04893129
le2i-blazepose,le2i-blazepose::Coffee_room_01_video_3,data/keypoints_le2i_blazepose/Coffee_room_01_video_3.npz,201,225,0,0,0,0.021185812
le2i-blazepose,le2i-blazepose::Coffee_room_01_video_3,data/keypoints_le2i_blazepose/Coffee_room_01_video_3.npz,206,230,1,1,0,0.0622925
le2i-blazepose,le2i-blazepose::Coffee_room_01_video_3,data/keypoints_le2i_blazepose/Coffee_room_01_video_3.npz,211,235,1,1,1,0.91424453
le2i-blazepose,le2i-blazepose::Coffee_room_01_video_3,data/keypoints_le2i_blazepose/Coffee_room_01_video_3.npz,216,240,1,1,1,0.97988635
le2i-blazepose,le2i-blazepose::Coffee_room_01_video_3,data/keypoints_le2i_blazepose/Coffee_room_01_video_3.npz,221,245,1,1,1,0.9826422
le2i-blazepose,le2i-blazepose::Coffee_room_01_video_3,data/keypoints_le2i_blazepose/Coffee_room_01_video_3.npz,226,250,1,1,1,0.9809198
le2i-blazepose,le2i-blazepose::Coffee_room_01_video_3,data/keypoints_le2i_blazepose/Coffee_room_01_video_3.npz,231,255,1,1,1,0.88979006
le2i-blazepose,le2i-blazepose::Coffee_room_01_video_3,data/keypoints_le2i_blazepose/Coffee_room_01_video_3.npz,236,260,1,1,0,0.2858612
le2i-blazepose,le2i-blazepose::Coffee_room_01_video_3,data/keypoints_le2i_blazepose/Coffee_room_01_video_3.npz,241,265,1,1,0,0.2662928
le2i-blazepose,le2i-blazepose::Coffee_room_01_video_3,data/keypoints_le2i_blazepose/Coffee_room_01_video_3.npz,246,270,1,1,0,0.27378857
le2i-blazepose,le2i-blazepose::Coffee_room_01_video_3,data/keypoints_le2i_blazepose/Coffee_room_01_video_3.npz,251,275,1,1,0,0.25998148
le2i-blazepose,le2i-blazepose::Coffee_room_01_video_3,data/keypoints_le2i_blazepose/Coffee_room_01_video_3.npz,256,280,0,0,0,0.2560834
le2i-blazepose,le2i-blazepose::Coffee_room_01_video_3,data/keypoints_le2i_blazepose/Coffee_room_01_video_3.npz,261,285,0,0,0,0.26626906
le2i-blazepose,le2i-blazepose::Coffee_room_01_video_3,data/keypoints_le2i_blazepose/Coffee_room_01_video_3.npz,266,290,0,0,0,0.26625174
le2i-blazepose,le2i-blazepose::Coffee_room_01_video_3,data/keypoints_le2i_blazepose/Coffee_room_01_video_3.npz,271,295,0,0,0,0.268672
le2i-blazepose,le2i-blazepose::Coffee_room_01_video_3,data/keypoints_le2i_blazepose/Coffee_room_01_video_3.npz,276,300,0,0,0,0.27206162
le2i-blazepose,le2i-blazepose::Coffee_room_01_video_30,data/keypoints_le2i_blazepose/Coffee_room_01_video_30.npz,1,25,0,0,0,0.0013176819
le2i-blazepose,le2i-blazepose::Coffee_room_01_video_30,data/keypoints_le2i_blazepose/Coffee_room_01_video_30.npz,6,30,0,0,0,0.0013117192
le2i-blazepose,le2i-blazepose::Coffee_room_01_video_30,data/keypoints_le2i_blazepose/Coffee_room_01_video_30.npz,11,35,0,0,0,0.0014097972
le2i-blazepose,le2i-blazepose::Coffee_room_01_video_30,data/keypoints_le2i_blazepose/Coffee_room_01_video_30.npz,16,40,0,0,0,0.0012644918
le2i-blazepose,le2i-blazepose::Coffee_room_01_video_30,data/keypoints_le2i_blazepose/Coffee_room_01_video_30.npz,21,45,0,0,0,0.0049039437
le2i-blazepose,le2i-blazepose::Coffee_room_01_video_30,data/keypoints_le2i_blazepose/Coffee_room_01_video_30.npz,26,50,0,0,0,0.015930055
le2i-blazepose,le2i-blazepose::Coffee_room_01_video_30,data/keypoints_le2i_blazepose/Coffee_room_01_video_30.npz,31,55,0,0,0,0.00912402
le2i-blazepose,le2i-blazepose::Coffee_room_01_video_30,data/keypoints_le2i_blazepose/Coffee_room_01_video_30.npz,36,60,0,0,0,0.0072765327
le2i-blazepose,le2i-blazepose::Coffee_room_01_video_30,data/keypoints_le2i_blazepose/Coffee_room_01_video_30.npz,41,65,0,0,0,0.023128856
le2i-blazepose,le2i-blazepose::Coffee_room_01_video_30,data/keypoints_le2i_blazepose/Coffee_room_01_video_30.npz,46,70,0,0,0,0.019897616
le2i-blazepose,le2i-blazepose::Coffee_room_01_video_30,data/keypoints_le2i_blazepose/Coffee_room_01_video_30.npz,51,75,0,0,0,0.023778152
le2i-blazepose,le2i-blazepose::Coffee_room_01_video_30,data/keypoints_le2i_blazepose/Coffee_room_01_video_30.npz,56,80,0,0,0,0.05950866
le2i-blazepose,le2i-blazepose::Coffee_room_01_video_30,data/keypoints_le2i_blazepose/Coffee_room_01_video_30.npz,61,85,0,0,0,0.22864911
le2i-blazepose,le2i-blazepose::Coffee_room_01_video_30,data/keypoints_le2i_blazepose/Coffee_room_01_video_30.npz,66,90,1,1,1,0.9557874
le2i-blazepose,le2i-blazepose::Coffee_room_01_video_30,data/keypoints_le2i_blazepose/Coffee_room_01_video_30.npz,71,95,1,1,1,0.9797291
le2i-blazepose,le2i-blazepose::Coffee_room_01_video_30,data/keypoints_le2i_blazepose/Coffee_room_01_video_30.npz,76,100,1,1,1,0.9775972
le2i-blazepose,le2i-blazepose::Coffee_room_01_video_30,data/keypoints_le2i_blazepose/Coffee_room_01_video_30.npz,81,105,1,1,0,0.59475255
le2i-blazepose,le2i-blazepose::Coffee_room_01_video_30,data/keypoints_le2i_blazepose/Coffee_room_01_video_30.npz,86,110,1,1,0,0.08601824
le2i-blazepose,le2i-blazepose::Coffee_room_01_video_30,data/keypoints_le2i_blazepose/Coffee_room_01_video_30.npz,91,115,1,1,0,0.14533077
le2i-blazepose,le2i-blazepose::Coffee_room_01_video_30,data/keypoints_le2i_blazepose/Coffee_room_01_video_30.npz,96,120,1,1,0,0.1980012
le2i-blazepose,le2i-blazepose::Coffee_room_01_video_30,data/keypoints_le2i_blazepose/Coffee_room_01_video_30.npz,101,125,0,0,0,0.21168847
le2i-blazepose,le2i-blazepose::Coffee_room_01_video_30,data/keypoints_le2i_blazepose/Coffee_room_01_video_30.npz,106,130,0,0,1,0.983969
le2i-blazepose,le2i-blazepose::Coffee_room_01_video_30,data/keypoints_le2i_blazepose/Coffee_room_01_video_30.npz,111,135,0,0,1,0.9885765
le2i-blazepose,le2i-blazepose::Coffee_room_01_video_30,data/keypoints_le2i_blazepose/Coffee_room_01_video_30.npz,116,140,0,0,1,0.9630925
le2i-blazepose,le2i-blazepose::Coffee_room_01_video_31,data/keypoints_le2i_blazepose/Coffee_room_01_video_31.npz,1,25,0,0,0,0.039744973
le2i-blazepose,le2i-blazepose::Coffee_room_01_video_31,data/keypoints_le2i_blazepose/Coffee_room_01_video_31.npz,6,30,0,0,0,0.03584836
le2i-blazepose,le2i-blazepose::Coffee_room_01_video_31,data/keypoints_le2i_blazepose/Coffee_room_01_video_31.npz,11,35,0,0,0,0.07880271
le2i-blazepose,le2i-blazepose::Coffee_room_01_video_31,data/keypoints_le2i_blazepose/Coffee_room_01_video_31.npz,16,40,0,0,0,0.06963403
le2i-blazepose,le2i-blazepose::Coffee_room_01_video_31,data/keypoints_le2i_blazepose/Coffee_room_01_video_31.npz,21,45,0,0,0,0.19359791
le2i-blazepose,le2i-blazepose::Coffee_room_01_video_31,data/keypoints_le2i_blazepose/Coffee_room_01_video_31.npz,26,50,0,0,0,0.0767349
le2i-blazepose,le2i-blazepose::Coffee_room_01_video_31,data/keypoints_le2i_blazepose/Coffee_room_01_video_31.npz,31,55,0,0,0,0.034295164
le2i-blazepose,le2i-blazepose::Coffee_room_01_video_31,data/keypoints_le2i_blazepose/Coffee_room_01_video_31.npz,36,60,0,0,0,0.026840083
le2i-blazepose,le2i-blazepose::Coffee_room_01_video_31,data/keypoints_le2i_blazepose/Coffee_room_01_video_31.npz,41,65,0,0,0,0.02520384
le2i-blazepose,le2i-blazepose::Coffee_room_01_video_31,data/keypoints_le2i_blazepose/Coffee_room_01_video_31.npz,46,70,0,0,0,0.03239287
le2i-blazepose,le2i-blazepose::Coffee_room_01_video_31,data/keypoints_le2i_blazepose/Coffee_room_01_video_31.npz,51,75,0,0,0,0.039844178
le2i-blazepose,le2i-blazepose::Coffee_room_01_video_31,data/keypoints_le2i_blazepose/Coffee_room_01_video_31.npz,56,80,0,0,0,0.030705227
le2i-blazepose,le2i-blazepose::Coffee_room_01_video_31,data/keypoints_le2i_blazepose/Coffee_room_01_video_31.npz,61,85,0,0,0,0.02339056
le2i-blazepose,le2i-blazepose::Coffee_room_01_video_31,data/keypoints_le2i_blazepose/Coffee_room_01_video_31.npz,66,90,0,0,0,0.02424622
le2i-blazepose,le2i-blazepose::Coffee_room_01_video_31,data/keypoints_le2i_blazepose/Coffee_room_01_video_31.npz,71,95,0,0,0,0.03193318
le2i-blazepose,le2i-blazepose::Coffee_room_01_video_31,data/keypoints_le2i_blazepose/Coffee_room_01_video_31.npz,76,100,0,0,0,0.04099498
le2i-blazepose,le2i-blazepose::Coffee_room_01_video_31,data/keypoints_le2i_blazepose/Coffee_room_01_video_31.npz,81,105,0,0,0,0.04641859
le2i-blazepose,le2i-blazepose::Coffee_room_01_video_31,data/keypoints_le2i_blazepose/Coffee_room_01_video_31.npz,86,110,0,0,0,0.049230147
le2i-blazepose,le2i-blazepose::Coffee_room_01_video_31,data/keypoints_le2i_blazepose/Coffee_room_01_video_31.npz,91,115,0,0,0,0.04899304
le2i-blazepose,le2i-blazepose::Coffee_room_01_video_31,data/keypoints_le2i_blazepose/Coffee_room_01_video_31.npz,96,120,0,0,0,0.04557113
le2i-blazepose,le2i-blazepose::Coffee_room_01_video_31,data/keypoints_le2i_blazepose/Coffee_room_01_video_31.npz,101,125,0,0,0,0.056368
le2i-blazepose,le2i-blazepose::Coffee_room_01_video_31,data/keypoints_le2i_blazepose/Coffee_room_01_video_31.npz,106,130,0,0,0,0.07292028
le2i-blazepose,le2i-blazepose::Coffee_room_01_video_31,data/keypoints_le2i_blazepose/Coffee_room_01_video_31.npz,111,135,0,0,0,0.0789601
le2i-blazepose,le2i-blazepose::Coffee_room_01_video_31,data/keypoints_le2i_blazepose/Coffee_room_01_video_31.npz,116,140,0,0,0,0.08377154
le2i-blazepose,le2i-blazepose::Coffee_room_01_video_31,data/keypoints_le2i_blazepose/Coffee_room_01_video_31.npz,121,145,0,0,0,0.084596865
le2i-blazepose,le2i-blazepose::Coffee_room_01_video_31,data/keypoints_le2i_blazepose/Coffee_room_01_video_31.npz,126,150,0,0,0,0.088435136
le2i-blazepose,le2i-blazepose::Coffee_room_01_video_31,data/keypoints_le2i_blazepose/Coffee_room_01_video_31.npz,131,155,0,0,0,0.12607639
le2i-blazepose,le2i-blazepose::Coffee_room_01_video_31,data/keypoints_le2i_blazepose/Coffee_room_01_video_31.npz,136,160,0,0,0,0.35055867
le2i-blazepose,le2i-blazepose::Coffee_room_01_video_31,data/keypoints_le2i_blazepose/Coffee_room_01_video_31.npz,141,165,1,1,1,0.8126405
le2i-blazepose,le2i-blazepose::Coffee_room_01_video_31,data/keypoints_le2i_blazepose/Coffee_room_01_video_31.npz,146,170,1,1,1,0.9744582
le2i-blazepose,le2i-blazepose::Coffee_room_01_video_31,data/keypoints_le2i_blazepose/Coffee_room_01_video_31.npz,151,175,1,1,1,0.97016966
le2i-blazepose,le2i-blazepose::Coffee_room_01_video_31,data/keypoints_le2i_blazepose/Coffee_room_01_video_31.npz,156,180,1,1,1,0.925609
le2i-blazepose,le2i-blazepose::Coffee_room_01_video_31,data/keypoints_le2i_blazepose/Coffee_room_01_video_31.npz,161,185,1,1,0,0.5287539
le2i-blazepose,le2i-blazepose::Coffee_room_01_video_31,data/keypoints_le2i_blazepose/Coffee_room_01_video_31.npz,166,190,1,1,0,0.05185563
le2i-blazepose,le2i-blazepose::Coffee_room_01_video_31,data/keypoints_le2i_blazepose/Coffee_room_01_video_31.npz,171,195,0,0,0,0.09130504
le2i-blazepose,le2i-blazepose::Coffee_room_01_video_31,data/keypoints_le2i_blazepose/Coffee_room_01_video_31.npz,176,200,0,0,0,0.015593548
le2i-blazepose,le2i-blazepose::Coffee_room_01_video_31,data/keypoints_le2i_blazepose/Coffee_room_01_video_31.npz,181,205,0,0,0,0.014322449
le2i-blazepose,le2i-blazepose::Coffee_room_01_video_31,data/keypoints_le2i_blazepose/Coffee_room_01_video_31.npz,186,210,0,0,0,0.016029818
le2i-blazepose,le2i-blazepose::Coffee_room_01_video_31,data/keypoints_le2i_blazepose/Coffee_room_01_video_31.npz,191,215,0,0,0,0.024130495
le2i-blazepose,le2i-blazepose::Coffee_room_01_video_31,data/keypoints_le2i_blazepose/Coffee_room_01_video_31.npz,196,220,0,0,0,0.023143528
le2i-blazepose,le2i-blazepose::Coffee_room_01_video_31,data/keypoints_le2i_blazepose/Coffee_room_01_video_31.npz,201,225,0,0,0,0.0073057897
le2i-blazepose,le2i-blazepose::Coffee_room_01_video_31,data/keypoints_le2i_blazepose/Coffee_room_01_video_31.npz,206,230,0,0,0,0.0065907454
le2i-blazepose,le2i-blazepose::Coffee_room_01_video_31,data/keypoints_le2i_blazepose/Coffee_room_01_video_31.npz,211,235,0,0,0,0.0064404635
le2i-blazepose,le2i-blazepose::Coffee_room_01_video_31,data/keypoints_le2i_blazepose/Coffee_room_01_video_31.npz,216,240,0,0,0,0.007074057
le2i-blazepose,le2i-blazepose::Coffee_room_01_video_31,data/keypoints_le2i_blazepose/Coffee_room_01_video_31.npz,221,245,0,0,0,0.007024855
le2i-blazepose,le2i-blazepose::Coffee_room_01_video_31,data/keypoints_le2i_blazepose/Coffee_room_01_video_31.npz,226,250,0,0,0,0.034956414
le2i-blazepose,le2i-blazepose::Coffee_room_01_video_31,data/keypoints_le2i_blazepose/Coffee_room_01_video_31.npz,231,255,0,0,0,0.033998534
le2i-blazepose,le2i-blazepose::Coffee_room_01_video_31,data/keypoints_le2i_blazepose/Coffee_room_01_video_31.npz,236,260,0,0,0,0.03402009
le2i-blazepose,le2i-blazepose::Coffee_room_01_video_31,data/keypoints_le2i_blazepose/Coffee_room_01_video_31.npz,241,265,0,0,0,0.034750834
le2i-blazepose,le2i-blazepose::Coffee_room_01_video_37,data/keypoints_le2i_blazepose/Coffee_room_01_video_37.npz,1,25,0,0,0,0.004295911
le2i-blazepose,le2i-blazepose::Coffee_room_01_video_37,data/keypoints_le2i_blazepose/Coffee_room_01_video_37.npz,6,30,0,0,0,0.0044287103
le2i-blazepose,le2i-blazepose::Coffee_room_01_video_37,data/keypoints_le2i_blazepose/Coffee_room_01_video_37.npz,11,35,0,0,0,0.0054233517
le2i-blazepose,le2i-blazepose::Coffee_room_01_video_37,data/keypoints_le2i_blazepose/Coffee_room_01_video_37.npz,16,40,0,0,0,0.010374098
le2i-blazepose,le2i-blazepose::Coffee_room_01_video_37,data/keypoints_le2i_blazepose/Coffee_room_01_video_37.npz,21,45,0,0,0,0.008900251
le2i-blazepose,le2i-blazepose::Coffee_room_01_video_37,data/keypoints_le2i_blazepose/Coffee_room_01_video_37.npz,26,50,0,0,0,0.006989904
le2i-blazepose,le2i-blazepose::Coffee_room_01_video_37,data/keypoints_le2i_blazepose/Coffee_room_01_video_37.npz,31,55,0,0,0,0.032816697
le2i-blazepose,le2i-blazepose::Coffee_room_01_video_37,data/keypoints_le2i_blazepose/Coffee_room_01_video_37.npz,36,60,0,0,0,0.06805077
le2i-blazepose,le2i-blazepose::Coffee_room_01_video_37,data/keypoints_le2i_blazepose/Coffee_room_01_video_37.npz,41,65,1,1,0,0.38823107
le2i-blazepose,le2i-blazepose::Coffee_room_01_video_37,data/keypoints_le2i_blazepose/Coffee_room_01_video_37.npz,46,70,1,1,1,0.85804796
le2i-blazepose,le2i-blazepose::Coffee_room_01_video_37,data/keypoints_le2i_blazepose/Coffee_room_01_video_37.npz,51,75,1,1,1,0.98070246
le2i-blazepose,le2i-blazepose::Coffee_room_01_video_37,data/keypoints_le2i_blazepose/Coffee_room_01_video_37.npz,56,80,1,1,1,0.98581785
le2i-blazepose,le2i-blazepose::Coffee_room_01_video_37,data/keypoints_le2i_blazepose/Coffee_room_01_video_37.npz,61,85,1,1,0,0.5747207
le2i-blazepose,le2i-blazepose::Coffee_room_01_video_37,data/keypoints_le2i_blazepose/Coffee_room_01_video_37.npz,66,90,1,1,0,0.044623185
le2i-blazepose,le2i-blazepose::Coffee_room_01_video_37,data/keypoints_le2i_blazepose/Coffee_room_01_video_37.npz,71,95,1,1,0,0.0712466
le2i-blazepose,le2i-blazepose::Coffee_room_01_video_37,data/keypoints_le2i_blazepose/Coffee_room_01_video_37.npz,76,100,0,0,0,0.08412745
le2i-blazepose,le2i-blazepose::Coffee_room_01_video_37,data/keypoints_le2i_blazepose/Coffee_room_01_video_37.npz,81,105,0,0,0,0.0756663
le2i-blazepose,le2i-blazepose::Coffee_room_01_video_37,data/keypoints_le2i_blazepose/Coffee_room_01_video_37.npz,86,110,0,0,0,0.07467692
le2i-blazepose,le2i-blazepose::Coffee_room_01_video_37,data/keypoints_le2i_blazepose/Coffee_room_01_video_37.npz,91,115,0,0,0,0.07522019
le2i-blazepose,le2i-blazepose::Coffee_room_01_video_37,data/keypoints_le2i_blazepose/Coffee_room_01_video_37.npz,96,120,0,0,0,0.07091743
le2i-blazepose,le2i-blazepose::Coffee_room_01_video_37,data/keypoints_le2i_blazepose/Coffee_room_01_video_37.npz,101,125,0,0,0,0.07064818
le2i-blazepose,le2i-blazepose::Coffee_room_01_video_37,data/keypoints_le2i_blazepose/Coffee_room_01_video_37.npz,106,130,0,0,0,0.0707821
le2i-blazepose,le2i-blazepose::Coffee_room_01_video_37,data/keypoints_le2i_blazepose/Coffee_room_01_video_37.npz,111,135,0,0,0,0.0701525
le2i-blazepose,le2i-blazepose::Coffee_room_01_video_37,data/keypoints_le2i_blazepose/Coffee_room_01_video_37.npz,116,140,0,0,0,0.0724193
le2i-blazepose,le2i-blazepose::Coffee_room_01_video_37,data/keypoints_le2i_blazepose/Coffee_room_01_video_37.npz,121,145,0,0,0,0.0734699
le2i-blazepose,le2i-blazepose::Coffee_room_01_video_37,data/keypoints_le2i_blazepose/Coffee_room_01_video_37.npz,126,150,0,0,0,0.07152916
le2i-blazepose,le2i-blazepose::Coffee_room_01_video_37,data/keypoints_le2i_blazepose/Coffee_room_01_video_37.npz,131,155,0,0,0,0.07193902
le2i-blazepose,le2i-blazepose::Coffee_room_01_video_37,data/keypoints_le2i_blazepose/Coffee_room_01_video_37.npz,136,160,0,0,0,0.070066914
le2i-blazepose,le2i-blazepose::Coffee_room_01_video_37,data/keypoints_le2i_blazepose/Coffee_room_01_video_37.npz,141,165,0,0,0,0.07361555
le2i-blazepose,le2i-blazepose::Coffee_room_01_video_37,data/keypoints_le2i_blazepose/Coffee_room_01_video_37.npz,146,170,0,0,0,0.07507522
le2i-blazepose,le2i-blazepose::Coffee_room_01_video_37,data/keypoints_le2i_blazepose/Coffee_room_01_video_37.npz,151,175,0,0,0,0.07354121
le2i-blazepose,le2i-blazepose::Coffee_room_01_video_37,data/keypoints_le2i_blazepose/Coffee_room_01_video_37.npz,156,180,0,0,0,0.07227581
le2i-blazepose,le2i-blazepose::Coffee_room_01_video_37,data/keypoints_le2i_blazepose/Coffee_room_01_video_37.npz,161,185,0,0,0,0.070840366
le2i-blazepose,le2i-blazepose::Coffee_room_01_video_37,data/keypoints_le2i_blazepose/Coffee_room_01_video_37.npz,166,190,0,0,0,0.07025318
le2i-blazepose,le2i-blazepose::Coffee_room_01_video_37,data/keypoints_le2i_blazepose/Coffee_room_01_video_37.npz,171,195,0,0,0,0.06763828
le2i-blazepose,le2i-blazepose::Coffee_room_01_video_37,data/keypoints_le2i_blazepose/Coffee_room_01_video_37.npz,176,200,0,0,0,0.069891036
le2i-blazepose,le2i-blazepose::Coffee_room_01_video_37,data/keypoints_le2i_blazepose/Coffee_room_01_video_37.npz,181,205,0,0,0,0.070468225
le2i-blazepose,le2i-blazepose::Coffee_room_01_video_38,data/keypoints_le2i_blazepose/Coffee_room_01_video_38.npz,1,25,0,0,0,0.13898237
le2i-blazepose,le2i-blazepose::Coffee_room_01_video_38,data/keypoints_le2i_blazepose/Coffee_room_01_video_38.npz,6,30,0,0,0,0.13720524
le2i-blazepose,le2i-blazepose::Coffee_room_01_video_38,data/keypoints_le2i_blazepose/Coffee_room_01_video_38.npz,11,35,0,0,0,0.14291437
le2i-blazepose,le2i-blazepose::Coffee_room_01_video_38,data/keypoints_le2i_blazepose/Coffee_room_01_video_38.npz,16,40,0,0,0,0.18113847
le2i-blazepose,le2i-blazepose::Coffee_room_01_video_38,data/keypoints_le2i_blazepose/Coffee_room_01_video_38.npz,21,45,0,0,0,0.2275293
le2i-blazepose,le2i-blazepose::Coffee_room_01_video_38,data/keypoints_le2i_blazepose/Coffee_room_01_video_38.npz,26,50,0,0,0,0.24860887
le2i-blazepose,le2i-blazepose::Coffee_room_01_video_38,data/keypoints_le2i_blazepose/Coffee_room_01_video_38.npz,31,55,0,0,0,0.25807032
le2i-blazepose,le2i-blazepose::Coffee_room_01_video_38,data/keypoints_le2i_blazepose/Coffee_room_01_video_38.npz,36,60,0,0,0,0.25776798
le2i-blazepose,le2i-blazepose::Coffee_room_01_video_38,data/keypoints_le2i_blazepose/Coffee_room_01_video_38.npz,41,65,0,0,0,0.24768321
le2i-blazepose,le2i-blazepose::Coffee_room_01_video_38,data/keypoints_le2i_blazepose/Coffee_room_01_video_38.npz,46,70,0,0,0,0.25864643
le2i-blazepose,le2i-blazepose::Coffee_room_01_video_38,data/keypoints_le2i_blazepose/Coffee_room_01_video_38.npz,51,75,0,0,0,0.26326272
le2i-blazepose,le2i-blazepose::Coffee_room_01_video_38,data/keypoints_le2i_blazepose/Coffee_room_01_video_38.npz,56,80,0,0,0,0.26101446
le2i-blazepose,le2i-blazepose::Coffee_room_01_video_38,data/keypoints_le2i_blazepose/Coffee_room_01_video_38.npz,61,85,0,0,0,0.25711104
le2i-blazepose,le2i-blazepose::Coffee_room_01_video_38,data/keypoints_le2i_blazepose/Coffee_room_01_video_38.npz,66,90,0,0,0,0.24732307
le2i-blazepose,le2i-blazepose::Coffee_room_01_video_38,data/keypoints_le2i_blazepose/Coffee_room_01_video_38.npz,71,95,0,0,0,0.24490182
le2i-blazepose,le2i-blazepose::Coffee_room_01_video_38,data/keypoints_le2i_blazepose/Coffee_room_01_video_38.npz,76,100,0,0,0,0.23599063
le2i-blazepose,le2i-blazepose::Coffee_room_01_video_38,data/keypoints_le2i_blazepose/Coffee_room_01_video_38.npz,81,105,0,0,0,0.22337194
le2i-blazepose,le2i-blazepose::Coffee_room_01_video_38,data/keypoints_le2i_blazepose/Coffee_room_01_video_38.npz,86,110,0,0,0,0.21470174
le2i-blazepose,le2i-blazepose::Coffee_room_01_video_38,data/keypoints_le2i_blazepose/Coffee_room_01_video_38.npz,91,115,0,0,0,0.2071234
le2i-blazepose,le2i-blazepose::Coffee_room_01_video_38,data/keypoints_le2i_blazepose/Coffee_room_01_video_38.npz,96,120,0,0,0,0.20445958
le2i-blazepose,le2i-blazepose::Coffee_room_01_video_38,data/keypoints_le2i_blazepose/Coffee_room_01_video_38.npz,101,125,0,0,0,0.20518915
le2i-blazepose,le2i-blazepose::Coffee_room_01_video_38,data/keypoints_le2i_blazepose/Coffee_room_01_video_38.npz,106,130,0,0,0,0.20102808
le2i-blazepose,le2i-blazepose::Coffee_room_01_video_38,data/keypoints_le2i_blazepose/Coffee_room_01_video_38.npz,111,135,0,0,0,0.18709402
le2i-blazepose,le2i-blazepose::Coffee_room_01_video_38,data/keypoints_le2i_blazepose/Coffee_room_01_video_38.npz,116,140,0,0,0,0.17926691
le2i-blazepose,le2i-blazepose::Coffee_room_01_video_38,data/keypoints_le2i_blazepose/Coffee_room_01_video_38.npz,121,145,0,0,0,0.20598291
le2i-blazepose,le2i-blazepose::Coffee_room_01_video_38,data/keypoints_le2i_blazepose/Coffee_room_01_video_38.npz,126,150,0,0,0,0.20562188
le2i-blazepose,le2i-blazepose::Coffee_room_01_video_38,data/keypoints_le2i_blazepose/Coffee_room_01_video_38.npz,131,155,0,0,0,0.22152822
le2i-blazepose,le2i-blazepose::Coffee_room_01_video_38,data/keypoints_le2i_blazepose/Coffee_room_01_video_38.npz,136,160,0,0,0,0.300571
le2i-blazepose,le2i-blazepose::Coffee_room_01_video_38,data/keypoints_le2i_blazepose/Coffee_room_01_video_38.npz,141,165,0,0,0,0.5768462
le2i-blazepose,le2i-blazepose::Coffee_room_01_video_38,data/keypoints_le2i_blazepose/Coffee_room_01_video_38.npz,146,170,0,0,0,0.79505795
le2i-blazepose,le2i-blazepose::Coffee_room_01_video_38,data/keypoints_le2i_blazepose/Coffee_room_01_video_38.npz,151,175,0,0,0,0.7406447
le2i-blazepose,le2i-blazepose::Coffee_room_01_video_38,data/keypoints_le2i_blazepose/Coffee_room_01_video_38.npz,156,180,0,0,0,0.38271224
le2i-blazepose,le2i-blazepose::Coffee_room_01_video_38,data/keypoints_le2i_blazepose/Coffee_room_01_video_38.npz,161,185,0,0,0,0.053840272
le2i-blazepose,le2i-blazepose::Coffee_room_01_video_38,data/keypoints_le2i_blazepose/Coffee_room_01_video_38.npz,166,190,0,0,0,0.015430274
le2i-blazepose,le2i-blazepose::Coffee_room_01_video_38,data/keypoints_le2i_blazepose/Coffee_room_01_video_38.npz,171,195,0,0,0,0.00906709
le2i-blazepose,le2i-blazepose::Coffee_room_01_video_38,data/keypoints_le2i_blazepose/Coffee_room_01_video_38.npz,176,200,0,0,0,0.008586898
le2i-blazepose,le2i-blazepose::Coffee_room_01_video_38,data/keypoints_le2i_blazepose/Coffee_room_01_video_38.npz,181,205,0,0,0,0.0076461667
le2i-blazepose,le2i-blazepose::Coffee_room_01_video_38,data/keypoints_le2i_blazepose/Coffee_room_01_video_38.npz,186,210,0,0,0,0.0066578873
le2i-blazepose,le2i-blazepose::Coffee_room_01_video_38,data/keypoints_le2i_blazepose/Coffee_room_01_video_38.npz,191,215,0,0,0,0.0059517687
le2i-blazepose,le2i-blazepose::Coffee_room_01_video_38,data/keypoints_le2i_blazepose/Coffee_room_01_video_38.npz,196,220,0,0,0,0.005902311
le2i-blazepose,le2i-blazepose::Coffee_room_01_video_38,data/keypoints_le2i_blazepose/Coffee_room_01_video_38.npz,201,225,0,0,0,0.005499193
le2i-blazepose,le2i-blazepose::Coffee_room_01_video_38,data/keypoints_le2i_blazepose/Coffee_room_01_video_38.npz,206,230,0,0,0,0.006261699
le2i-blazepose,le2i-blazepose::Coffee_room_01_video_38,data/keypoints_le2i_blazepose/Coffee_room_01_video_38.npz,211,235,0,0,0,0.009781317
le2i-blazepose,le2i-blazepose::Coffee_room_01_video_38,data/keypoints_le2i_blazepose/Coffee_room_01_video_38.npz,216,240,0,0,0,0.03576358
le2i-blazepose,le2i-blazepose::Coffee_room_01_video_38,data/keypoints_le2i_blazepose/Coffee_room_01_video_38.npz,221,245,1,1,0,0.62587
le2i-blazepose,le2i-blazepose::Coffee_room_01_video_38,data/keypoints_le2i_blazepose/Coffee_room_01_video_38.npz,226,250,1,1,1,0.94103676
le2i-blazepose,le2i-blazepose::Coffee_room_01_video_38,data/keypoints_le2i_blazepose/Coffee_room_01_video_38.npz,231,255,1,1,1,0.9809214
le2i-blazepose,le2i-blazepose::Coffee_room_01_video_38,data/keypoints_le2i_blazepose/Coffee_room_01_video_38.npz,236,260,1,1,1,0.97279716
le2i-blazepose,le2i-blazepose::Coffee_room_01_video_38,data/keypoints_le2i_blazepose/Coffee_room_01_video_38.npz,241,265,1,1,1,0.8245957
le2i-blazepose,le2i-blazepose::Coffee_room_01_video_38,data/keypoints_le2i_blazepose/Coffee_room_01_video_38.npz,246,270,1,1,0,0.20108166
le2i-blazepose,le2i-blazepose::Coffee_room_01_video_38,data/keypoints_le2i_blazepose/Coffee_room_01_video_38.npz,251,275,1,1,0,0.70419246
le2i-blazepose,le2i-blazepose::Coffee_room_01_video_38,data/keypoints_le2i_blazepose/Coffee_room_01_video_38.npz,256,280,0,0,0,0.0022929648
le2i-blazepose,le2i-blazepose::Coffee_room_01_video_38,data/keypoints_le2i_blazepose/Coffee_room_01_video_38.npz,261,285,0,0,0,0.0023035037
le2i-blazepose,le2i-blazepose::Coffee_room_01_video_38,data/keypoints_le2i_blazepose/Coffee_room_01_video_38.npz,266,290,0,0,0,0.0023033512
le2i-blazepose,le2i-blazepose::Coffee_room_01_video_38,data/keypoints_le2i_blazepose/Coffee_room_01_video_38.npz,271,295,0,0,0,0.002306222
le2i-blazepose,le2i-blazepose::Coffee_room_01_video_38,data/keypoints_le2i_blazepose/Coffee_room_01_video_38.npz,276,300,0,0,0,0.002304972
le2i-blazepose,le2i-blazepose::Coffee_room_01_video_38,data/keypoints_le2i_blazepose/Coffee_room_01_video_38.npz,281,305,0,0,0,0.0023067761
le2i-blazepose,le2i-blazepose::Coffee_room_01_video_38,data/keypoints_le2i_blazepose/Coffee_room_01_video_38.npz,286,310,0,0,0,0.0022991353
le2i-blazepose,le2i-blazepose::Coffee_room_01_video_38,data/keypoints_le2i_blazepose/Coffee_room_01_video_38.npz,291,315,0,0,0,0.0022981085
le2i-blazepose,le2i-blazepose::Coffee_room_01_video_38,data/keypoints_le2i_blazepose/Coffee_room_01_video_38.npz,296,320,0,0,0,0.0022972012
le2i-blazepose,le2i-blazepose::Coffee_room_01_video_38,data/keypoints_le2i_blazepose/Coffee_room_01_video_38.npz,301,325,0,0,0,0.002297171
le2i-blazepose,le2i-blazepose::Coffee_room_01_video_38,data/keypoints_le2i_blazepose/Coffee_room_01_video_38.npz,306,330,0,0,0,0.002306852
le2i-blazepose,le2i-blazepose::Coffee_room_01_video_38,data/keypoints_le2i_blazepose/Coffee_room_01_video_38.npz,311,335,0,0,0,0.002287563
le2i-blazepose,le2i-blazepose::Coffee_room_01_video_38,data/keypoints_le2i_blazepose/Coffee_room_01_video_38.npz,316,340,0,0,0,0.0022954186
le2i-blazepose,le2i-blazepose::Coffee_room_01_video_38,data/keypoints_le2i_blazepose/Coffee_room_01_video_38.npz,321,345,0,0,0,0.0022791116
le2i-blazepose,le2i-blazepose::Coffee_room_01_video_38,data/keypoints_le2i_blazepose/Coffee_room_01_video_38.npz,326,350,0,0,0,0.002291667
le2i-blazepose,le2i-blazepose::Coffee_room_01_video_5,data/keypoints_le2i_blazepose/Coffee_room_01_video_5.npz,1,25,0,0,0,0.24444455
le2i-blazepose,le2i-blazepose::Coffee_room_01_video_5,data/keypoints_le2i_blazepose/Coffee_room_01_video_5.npz,6,30,0,0,0,0.75267327
le2i-blazepose,le2i-blazepose::Coffee_room_01_video_5,data/keypoints_le2i_blazepose/Coffee_room_01_video_5.npz,11,35,0,0,1,0.8365938
le2i-blazepose,le2i-blazepose::Coffee_room_01_video_5,data/keypoints_le2i_blazepose/Coffee_room_01_video_5.npz,16,40,0,0,0,0.25802794
le2i-blazepose,le2i-blazepose::Coffee_room_01_video_5,data/keypoints_le2i_blazepose/Coffee_room_01_video_5.npz,21,45,0,0,0,0.0422922
le2i-blazepose,le2i-blazepose::Coffee_room_01_video_5,data/keypoints_le2i_blazepose/Coffee_room_01_video_5.npz,26,50,0,0,0,0.023198722
le2i-blazepose,le2i-blazepose::Coffee_room_01_video_5,data/keypoints_le2i_blazepose/Coffee_room_01_video_5.npz,31,55,0,0,0,0.034650344
le2i-blazepose,le2i-blazepose::Coffee_room_01_video_5,data/keypoints_le2i_blazepose/Coffee_room_01_video_5.npz,36,60,0,0,0,0.043656982
le2i-blazepose,le2i-blazepose::Coffee_room_01_video_5,data/keypoints_le2i_blazepose/Coffee_room_01_video_5.npz,41,65,0,0,0,0.04049171
le2i-blazepose,le2i-blazepose::Coffee_room_01_video_5,data/keypoints_le2i_blazepose/Coffee_room_01_video_5.npz,46,70,0,0,0,0.038640313
le2i-blazepose,le2i-blazepose::Coffee_room_01_video_5,data/keypoints_le2i_blazepose/Coffee_room_01_video_5.npz,51,75,0,0,0,0.049402785
le2i-blazepose,le2i-blazepose::Coffee_room_01_video_5,data/keypoints_le2i_blazepose/Coffee_room_01_video_5.npz,56,80,0,0,0,0.040328752
le2i-blazepose,le2i-blazepose::Coffee_room_01_video_5,data/keypoints_le2i_blazepose/Coffee_room_01_video_5.npz,61,85,0,0,0,0.03566619
le2i-blazepose,le2i-blazepose::Coffee_room_01_video_5,data/keypoints_le2i_blazepose/Coffee_room_01_video_5.npz,66,90,0,0,0,0.03619558
le2i-blazepose,le2i-blazepose::Coffee_room_01_video_5,data/keypoints_le2i_blazepose/Coffee_room_01_video_5.npz,71,95,0,0,0,0.033207916
le2i-blazepose,le2i-blazepose::Coffee_room_01_video_5,data/keypoints_le2i_blazepose/Coffee_room_01_video_5.npz,76,100,0,0,0,0.042236954
le2i-blazepose,le2i-blazepose::Coffee_room_01_video_5,data/keypoints_le2i_blazepose/Coffee_room_01_video_5.npz,81,105,0,0,0,0.06333836
le2i-blazepose,le2i-blazepose::Coffee_room_01_video_5,data/keypoints_le2i_blazepose/Coffee_room_01_video_5.npz,86,110,0,0,0,0.08292928
le2i-blazepose,le2i-blazepose::Coffee_room_01_video_5,data/keypoints_le2i_blazepose/Coffee_room_01_video_5.npz,91,115,0,0,0,0.102876075
le2i-blazepose,le2i-blazepose::Coffee_room_01_video_5,data/keypoints_le2i_blazepose/Coffee_room_01_video_5.npz,96,120,0,0,0,0.06640359
le2i-blazepose,le2i-blazepose::Coffee_room_01_video_5,data/keypoints_le2i_blazepose/Coffee_room_01_video_5.npz,101,125,0,0,0,0.15507491
le2i-blazepose,le2i-blazepose::Coffee_room_01_video_5,data/keypoints_le2i_blazepose/Coffee_room_01_video_5.npz,106,130,0,0,0,0.37479565
le2i-blazepose,le2i-blazepose::Coffee_room_01_video_5,data/keypoints_le2i_blazepose/Coffee_room_01_video_5.npz,111,135,0,0,0,0.55215853
le2i-blazepose,le2i-blazepose::Coffee_room_01_video_5,data/keypoints_le2i_blazepose/Coffee_room_01_video_5.npz,116,140,1,1,0,0.61944133
le2i-blazepose,le2i-blazepose::Coffee_room_01_video_5,data/keypoints_le2i_blazepose/Coffee_room_01_video_5.npz,121,145,1,1,1,0.9256352
le2i-blazepose,le2i-blazepose::Coffee_room_01_video_5,data/keypoints_le2i_blazepose/Coffee_room_01_video_5.npz,126,150,1,1,1,0.9855919
le2i-blazepose,le2i-blazepose::Coffee_room_01_video_5,data/keypoints_le2i_blazepose/Coffee_room_01_video_5.npz,131,155,1,1,1,0.9927753
le2i-blazepose,le2i-blazepose::Coffee_room_01_video_5,data/keypoints_le2i_blazepose/Coffee_room_01_video_5.npz,136,160,1,1,0,0.79246616
le2i-blazepose,le2i-blazepose::Coffee_room_01_video_5,data/keypoints_le2i_blazepose/Coffee_room_01_video_5.npz,141,165,1,1,0,0.41309646
le2i-blazepose,le2i-blazepose::Coffee_room_01_video_5,data/keypoints_le2i_blazepose/Coffee_room_01_video_5.npz,146,170,1,1,0,0.3950444
le2i-blazepose,le2i-blazepose::Coffee_room_01_video_5,data/keypoints_le2i_blazepose/Coffee_room_01_video_5.npz,151,175,1,1,0,0.39914855
le2i-blazepose,le2i-blazepose::Coffee_room_01_video_5,data/keypoints_le2i_blazepose/Coffee_room_01_video_5.npz,156,180,0,0,0,0.3973999
le2i-blazepose,le2i-blazepose::Coffee_room_01_video_6,data/keypoints_le2i_blazepose/Coffee_room_01_video_6.npz,1,25,0,0,0,0.056299243
le2i-blazepose,le2i-blazepose::Coffee_room_01_video_6,data/keypoints_le2i_blazepose/Coffee_room_01_video_6.npz,6,30,0,0,0,0.016313065
le2i-blazepose,le2i-blazepose::Coffee_room_01_video_6,data/keypoints_le2i_blazepose/Coffee_room_01_video_6.npz,11,35,0,0,0,0.035130635
le2i-blazepose,le2i-blazepose::Coffee_room_01_video_6,data/keypoints_le2i_blazepose/Coffee_room_01_video_6.npz,16,40,0,0,0,0.059292063
le2i-blazepose,le2i-blazepose::Coffee_room_01_video_6,data/keypoints_le2i_blazepose/Coffee_room_01_video_6.npz,21,45,0,0,0,0.049170766
le2i-blazepose,le2i-blazepose::Coffee_room_01_video_6,data/keypoints_le2i_blazepose/Coffee_room_01_video_6.npz,26,50,0,0,0,0.034938194
le2i-blazepose,le2i-blazepose::Coffee_room_01_video_6,data/keypoints_le2i_blazepose/Coffee_room_01_video_6.npz,31,55,0,0,0,0.028173523
le2i-blazepose,le2i-blazepose::Coffee_room_01_video_6,data/keypoints_le2i_blazepose/Coffee_room_01_video_6.npz,36,60,0,0,0,0.031215006
le2i-blazepose,le2i-blazepose::Coffee_room_01_video_6,data/keypoints_le2i_blazepose/Coffee_room_01_video_6.npz,41,65,0,0,0,0.041745752
le2i-blazepose,le2i-blazepose::Coffee_room_01_video_6,data/keypoints_le2i_blazepose/Coffee_room_01_video_6.npz,46,70,0,0,0,0.043109715
le2i-blazepose,le2i-blazepose::Coffee_room_01_video_6,data/keypoints_le2i_blazepose/Coffee_room_01_video_6.npz,51,75,0,0,0,0.037399355
le2i-blazepose,le2i-blazepose::Coffee_room_01_video_6,data/keypoints_le2i_blazepose/Coffee_room_01_video_6.npz,56,80,0,0,0,0.03764558
le2i-blazepose,le2i-blazepose::Coffee_room_01_video_6,data/keypoints_le2i_blazepose/Coffee_room_01_video_6.npz,61,85,0,0,0,0.039024267
le2i-blazepose,le2i-blazepose::Coffee_room_01_video_6,data/keypoints_le2i_blazepose/Coffee_room_01_video_6.npz,66,90,0,0,0,0.0458491
le2i-blazepose,le2i-blazepose::Coffee_room_01_video_6,data/keypoints_le2i_blazepose/Coffee_room_01_video_6.npz,71,95,0,0,0,0.050451666
le2i-blazepose,le2i-blazepose::Coffee_room_01_video_6,data/keypoints_le2i_blazepose/Coffee_room_01_video_6.npz,76,100,0,0,0,0.04932213
le2i-blazepose,le2i-blazepose::Coffee_room_01_video_6,data/keypoints_le2i_blazepose/Coffee_room_01_video_6.npz,81,105,0,0,0,0.052459598
le2i-blazepose,le2i-blazepose::Coffee_room_01_video_6,data/keypoints_le2i_blazepose/Coffee_room_01_video_6.npz,86,110,0,0,0,0.034246273
le2i-blazepose,le2i-blazepose::Coffee_room_01_video_6,data/keypoints_le2i_blazepose/Coffee_room_01_video_6.npz,91,115,0,0,0,0.056325257
le2i-blazepose,le2i-blazepose::Coffee_room_01_video_6,data/keypoints_le2i_blazepose/Coffee_room_01_video_6.npz,96,120,0,0,0,0.019647429
le2i-blazepose,le2i-blazepose::Coffee_room_01_video_6,data/keypoints_le2i_blazepose/Coffee_room_01_video_6.npz,101,125,0,0,0,0.023707455
le2i-blazepose,le2i-blazepose::Coffee_room_01_video_6,data/keypoints_le2i_blazepose/Coffee_room_01_video_6.npz,106,130,0,0,0,0.03132921
le2i-blazepose,le2i-blazepose::Coffee_room_01_video_6,data/keypoints_le2i_blazepose/Coffee_room_01_video_6.npz,111,135,0,0,0,0.14319283
le2i-blazepose,le2i-blazepose::Coffee_room_01_video_6,data/keypoints_le2i_blazepose/Coffee_room_01_video_6.npz,116,140,0,0,0,0.56366694
le2i-blazepose,le2i-blazepose::Coffee_room_01_video_6,data/keypoints_le2i_blazepose/Coffee_room_01_video_6.npz,121,145,1,1,1,0.86773115
le2i-blazepose,le2i-blazepose::Coffee_room_01_video_6,data/keypoints_le2i_blazepose/Coffee_room_01_video_6.npz,126,150,1,1,1,0.97627413
le2i-blazepose,le2i-blazepose::Coffee_room_01_video_6,data/keypoints_le2i_blazepose/Coffee_room_01_video_6.npz,131,155,1,1,1,0.99104404
le2i-blazepose,le2i-blazepose::Coffee_room_01_video_6,data/keypoints_le2i_blazepose/Coffee_room_01_video_6.npz,136,160,1,1,1,0.9978021
le2i-blazepose,le2i-blazepose::Coffee_room_01_video_6,data/keypoints_le2i_blazepose/Coffee_room_01_video_6.npz,141,165,1,1,1,0.9978998
le2i-blazepose,le2i-blazepose::Coffee_room_01_video_6,data/keypoints_le2i_blazepose/Coffee_room_01_video_6.npz,146,170,1,1,1,0.94101936
le2i-blazepose,le2i-blazepose::Coffee_room_01_video_6,data/keypoints_le2i_blazepose/Coffee_room_01_video_6.npz,151,175,1,1,1,0.9778441
le2i-blazepose,le2i-blazepose::Coffee_room_01_video_6,data/keypoints_le2i_blazepose/Coffee_room_01_video_6.npz,156,180,1,1,1,0.9777313
le2i-blazepose,le2i-blazepose::Coffee_room_01_video_6,data/keypoints_le2i_blazepose/Coffee_room_01_video_6.npz,161,185,0,0,1,0.96937805
le2i-blazepose,le2i-blazepose::Coffee_room_01_video_6,data/keypoints_le2i_blazepose/Coffee_room_01_video_6.npz,166,190,0,0,1,0.9654354
le2i-blazepose,le2i-blazepose::Coffee_room_01_video_6,data/keypoints_le2i_blazepose/Coffee_room_01_video_6.npz,171,195,0,0,0,0.098891094
le2i-blazepose,le2i-blazepose::Coffee_room_01_video_6,data/keypoints_le2i_blazepose/Coffee_room_01_video_6.npz,176,200,0,0,0,0.09865164
le2i-blazepose,le2i-blazepose::Coffee_room_01_video_6,data/keypoints_le2i_blazepose/Coffee_room_01_video_6.npz,181,205,0,0,0,0.046676807
le2i-blazepose,le2i-blazepose::Coffee_room_01_video_6,data/keypoints_le2i_blazepose/Coffee_room_01_video_6.npz,186,210,0,0,0,0.04666941
le2i-blazepose,le2i-blazepose::Coffee_room_01_video_6,data/keypoints_le2i_blazepose/Coffee_room_01_video_6.npz,191,215,0,0,0,0.032984093
le2i-blazepose,le2i-blazepose::Coffee_room_01_video_6,data/keypoints_le2i_blazepose/Coffee_room_01_video_6.npz,196,220,0,0,0,0.032658022
le2i-blazepose,le2i-blazepose::Coffee_room_01_video_6,data/keypoints_le2i_blazepose/Coffee_room_01_video_6.npz,201,225,0,0,0,0.07422019
le2i-blazepose,le2i-blazepose::Coffee_room_01_video_6,data/keypoints_le2i_blazepose/Coffee_room_01_video_6.npz,206,230,0,0,0,0.07422719
le2i-blazepose,le2i-blazepose::Coffee_room_01_video_6,data/keypoints_le2i_blazepose/Coffee_room_01_video_6.npz,211,235,0,0,0,0.07392971
le2i-blazepose,le2i-blazepose::Home_01_video_15,data/keypoints_le2i_blazepose/Home_01_video_15.npz,61,85,0,0,0,0.00096155365
le2i-blazepose,le2i-blazepose::Home_01_video_15,data/keypoints_le2i_blazepose/Home_01_video_15.npz,66,90,0,0,0,0.0009813271
le2i-blazepose,le2i-blazepose::Home_01_video_15,data/keypoints_le2i_blazepose/Home_01_video_15.npz,71,95,0,0,0,0.0012297293
le2i-blazepose,le2i-blazepose::Home_01_video_15,data/keypoints_le2i_blazepose/Home_01_video_15.npz,76,100,0,0,0,0.0014494371
le2i-blazepose,le2i-blazepose::Home_01_video_15,data/keypoints_le2i_blazepose/Home_01_video_15.npz,81,105,0,0,0,0.0017369342
le2i-blazepose,le2i-blazepose::Home_01_video_15,data/keypoints_le2i_blazepose/Home_01_video_15.npz,86,110,0,0,0,0.0020214117
le2i-blazepose,le2i-blazepose::Home_01_video_15,data/keypoints_le2i_blazepose/Home_01_video_15.npz,91,115,0,0,0,0.002214033
le2i-blazepose,le2i-blazepose::Home_01_video_15,data/keypoints_le2i_blazepose/Home_01_video_15.npz,96,120,0,0,0,0.0028529533
le2i-blazepose,le2i-blazepose::Home_01_video_15,data/keypoints_le2i_blazepose/Home_01_video_15.npz,101,125,0,0,0,0.0040844316
le2i-blazepose,le2i-blazepose::Home_01_video_15,data/keypoints_le2i_blazepose/Home_01_video_15.npz,106,130,0,0,0,0.0051698936
le2i-blazepose,le2i-blazepose::Home_01_video_15,data/keypoints_le2i_blazepose/Home_01_video_15.npz,111,135,0,0,0,0.0063174297
le2i-blazepose,le2i-blazepose::Home_01_video_15,data/keypoints_le2i_blazepose/Home_01_video_15.npz,116,140,0,0,0,0.005989359
le2i-blazepose,le2i-blazepose::Home_01_video_15,data/keypoints_le2i_blazepose/Home_01_video_15.npz,121,145,0,0,0,0.009548011
le2i-blazepose,le2i-blazepose::Home_01_video_15,data/keypoints_le2i_blazepose/Home_01_video_15.npz,126,150,0,0,0,0.021849418
le2i-blazepose,le2i-blazepose::Home_01_video_15,data/keypoints_le2i_blazepose/Home_01_video_15.npz,131,155,0,0,0,0.048770614
le2i-blazepose,le2i-blazepose::Home_01_video_15,data/keypoints_le2i_blazepose/Home_01_video_15.npz,136,160,0,0,0,0.14243264
le2i-blazepose,le2i-blazepose::Home_01_video_15,data/keypoints_le2i_blazepose/Home_01_video_15.npz,141,165,0,0,0,0.41695356
le2i-blazepose,le2i-blazepose::Home_01_video_15,data/keypoints_le2i_blazepose/Home_01_video_15.npz,146,170,0,0,0,0.7421619
le2i-blazepose,le2i-blazepose::Home_01_video_15,data/keypoints_le2i_blazepose/Home_01_video_15.npz,151,175,0,0,1,0.958341
le2i-blazepose,le2i-blazepose::Home_01_video_15,data/keypoints_le2i_blazepose/Home_01_video_15.npz,156,180,1,1,1,0.9887862
le2i-blazepose,le2i-blazepose::Home_01_video_15,data/keypoints_le2i_blazepose/Home_01_video_15.npz,161,185,1,1,1,0.9974139
le2i-blazepose,le2i-blazepose::Home_01_video_15,data/keypoints_le2i_blazepose/Home_01_video_15.npz,166,190,1,1,1,0.99917233
le2i-blazepose,le2i-blazepose::Home_01_video_15,data/keypoints_le2i_blazepose/Home_01_video_15.npz,171,195,1,1,1,0.9691431
le2i-blazepose,le2i-blazepose::Home_01_video_15,data/keypoints_le2i_blazepose/Home_01_video_15.npz,176,200,1,1,0,0.48186284
le2i-blazepose,le2i-blazepose::Home_01_video_15,data/keypoints_le2i_blazepose/Home_01_video_15.npz,181,205,0,0,0,0.2811636
le2i-blazepose,le2i-blazepose::Home_01_video_15,data/keypoints_le2i_blazepose/Home_01_video_15.npz,186,210,0,0,0,0.23147488
le2i-blazepose,le2i-blazepose::Home_01_video_15,data/keypoints_le2i_blazepose/Home_01_video_15.npz,196,220,0,0,0,0.04120832
le2i-blazepose,le2i-blazepose::Home_01_video_15,data/keypoints_le2i_blazepose/Home_01_video_15.npz,201,225,0,0,0,0.04090526
le2i-blazepose,le2i-blazepose::Home_01_video_15,data/keypoints_le2i_blazepose/Home_01_video_15.npz,206,230,0,0,0,0.033436276
le2i-blazepose,le2i-blazepose::Home_01_video_15,data/keypoints_le2i_blazepose/Home_01_video_15.npz,211,235,0,0,0,0.037394926
le2i-blazepose,le2i-blazepose::Home_01_video_3,data/keypoints_le2i_blazepose/Home_01_video_3.npz,1,25,0,0,0,0.003646756
le2i-blazepose,le2i-blazepose::Home_01_video_3,data/keypoints_le2i_blazepose/Home_01_video_3.npz,6,30,0,0,0,0.0036447365
le2i-blazepose,le2i-blazepose::Home_01_video_3,data/keypoints_le2i_blazepose/Home_01_video_3.npz,11,35,0,0,0,0.0036431956
le2i-blazepose,le2i-blazepose::Home_01_video_3,data/keypoints_le2i_blazepose/Home_01_video_3.npz,16,40,0,0,0,0.0036422021
le2i-blazepose,le2i-blazepose::Home_01_video_3,data/keypoints_le2i_blazepose/Home_01_video_3.npz,21,45,0,0,0,0.0036410533
le2i-blazepose,le2i-blazepose::Home_01_video_3,data/keypoints_le2i_blazepose/Home_01_video_3.npz,51,75,0,0,0,0.0030903146
le2i-blazepose,le2i-blazepose::Home_01_video_3,data/keypoints_le2i_blazepose/Home_01_video_3.npz,56,80,0,0,0,0.002542412
le2i-blazepose,le2i-blazepose::Home_01_video_3,data/keypoints_le2i_blazepose/Home_01_video_3.npz,61,85,0,0,0,0.0021302558
le2i-blazepose,le2i-blazepose::Home_01_video_3,data/keypoints_le2i_blazepose/Home_01_video_3.npz,66,90,0,0,0,0.0019688734
le2i-blazepose,le2i-blazepose::Home_01_video_3,data/keypoints_le2i_blazepose/Home_01_video_3.npz,71,95,0,0,0,0.0018862744
le2i-blazepose,le2i-blazepose::Home_01_video_3,data/keypoints_le2i_blazepose/Home_01_video_3.npz,76,100,0,0,0,0.0027222277
le2i-blazepose,le2i-blazepose::Home_01_video_3,data/keypoints_le2i_blazepose/Home_01_video_3.npz,81,105,0,0,0,0.0018854566
le2i-blazepose,le2i-blazepose::Home_01_video_3,data/keypoints_le2i_blazepose/Home_01_video_3.npz,86,110,0,0,0,0.0020940315
le2i-blazepose,le2i-blazepose::Home_01_video_3,data/keypoints_le2i_blazepose/Home_01_video_3.npz,91,115,0,0,0,0.0008249359
le2i-blazepose,le2i-blazepose::Home_01_video_3,data/keypoints_le2i_blazepose/Home_01_video_3.npz,96,120,0,0,0,0.0032783505
le2i-blazepose,le2i-blazepose::Home_01_video_3,data/keypoints_le2i_blazepose/Home_01_video_3.npz,101,125,0,0,0,0.01953812
le2i-blazepose,le2i-blazepose::Home_01_video_3,data/keypoints_le2i_blazepose/Home_01_video_3.npz,106,130,1,1,1,0.97501355
le2i-blazepose,le2i-blazepose::Home_01_video_3,data/keypoints_le2i_blazepose/Home_01_video_3.npz,111,135,1,1,1,0.9987348
le2i-blazepose,le2i-blazepose::Home_01_video_3,data/keypoints_le2i_blazepose/Home_01_video_3.npz,116,140,1,1,1,0.99940014
le2i-blazepose,le2i-blazepose::Home_01_video_3,data/keypoints_le2i_blazepose/Home_01_video_3.npz,121,145,1,1,1,0.99911827
le2i-blazepose,le2i-blazepose::Home_01_video_3,data/keypoints_le2i_blazepose/Home_01_video_3.npz,126,150,1,1,1,0.97186905
le2i-blazepose,le2i-blazepose::Home_01_video_3,data/keypoints_le2i_blazepose/Home_01_video_3.npz,131,155,0,0,0,0.54008883
le2i-blazepose,le2i-blazepose::Home_01_video_3,data/keypoints_le2i_blazepose/Home_01_video_3.npz,136,160,0,0,0,0.52977586
le2i-blazepose,le2i-blazepose::Home_01_video_3,data/keypoints_le2i_blazepose/Home_01_video_3.npz,141,165,0,0,0,0.5111376
le2i-blazepose,le2i-blazepose::Home_01_video_3,data/keypoints_le2i_blazepose/Home_01_video_3.npz,146,170,0,0,0,0.24459699
le2i-blazepose,le2i-blazepose::Home_01_video_3,data/keypoints_le2i_blazepose/Home_01_video_3.npz,151,175,0,0,0,0.19200295
le2i-blazepose,le2i-blazepose::Home_01_video_3,data/keypoints_le2i_blazepose/Home_01_video_3.npz,156,180,0,0,0,0.19280711
le2i-blazepose,le2i-blazepose::Home_01_video_3,data/keypoints_le2i_blazepose/Home_01_video_3.npz,161,185,0,0,0,0.19231686
le2i-blazepose,le2i-blazepose::Home_01_video_3,data/keypoints_le2i_blazepose/Home_01_video_3.npz,166,190,0,0,0,0.19314857
le2i-blazepose,le2i-blazepose::Home_01_video_3,data/keypoints_le2i_blazepose/Home_01_video_3.npz,171,195,0,0,0,0.1928995
le2i-blazepose,le2i-blazepose::Home_01_video_3,data/keypoints_le2i_blazepose/Home_01_video_3.npz,176,200,0,0,0,0.19244902
le2i-blazepose,le2i-blazepose::Home_01_video_3,data/keypoints_le2i_blazepose/Home_01_video_3.npz,181,205,0,0,0,0.24288256
le2i-blazepose,le2i-blazepose::Home_01_video_3,data/keypoints_le2i_blazepose/Home_01_video_3.npz,186,210,0,0,0,0.2424875
le2i-blazepose,le2i-blazepose::Home_01_video_3,data/keypoints_le2i_blazepose/Home_01_video_3.npz,191,215,0,0,0,0.24078953
le2i-blazepose,le2i-blazepose::Home_01_video_3,data/keypoints_le2i_blazepose/Home_01_video_3.npz,196,220,0,0,0,0.24117503
le2i-blazepose,le2i-blazepose::Home_01_video_3,data/keypoints_le2i_blazepose/Home_01_video_3.npz,201,225,0,0,0,0.24027382
le2i-blazepose,le2i-blazepose::Home_01_video_3,data/keypoints_le2i_blazepose/Home_01_video_3.npz,206,230,0,0,0,0.1902901
le2i-blazepose,le2i-blazepose::Home_01_video_3,data/keypoints_le2i_blazepose/Home_01_video_3.npz,211,235,0,0,0,0.19085968
le2i-blazepose,le2i-blazepose::Home_01_video_3,data/keypoints_le2i_blazepose/Home_01_video_3.npz,216,240,0,0,0,0.5038682
le2i-blazepose,le2i-blazepose::Home_01_video_5,data/keypoints_le2i_blazepose/Home_01_video_5.npz,1,25,0,0,0,0.045128036
le2i-blazepose,le2i-blazepose::Home_01_video_5,data/keypoints_le2i_blazepose/Home_01_video_5.npz,6,30,0,0,0,0.04699025
le2i-blazepose,le2i-blazepose::Home_01_video_5,data/keypoints_le2i_blazepose/Home_01_video_5.npz,11,35,0,0,0,0.04799701
le2i-blazepose,le2i-blazepose::Home_01_video_5,data/keypoints_le2i_blazepose/Home_01_video_5.npz,16,40,0,0,0,0.04674229
le2i-blazepose,le2i-blazepose::Home_01_video_5,data/keypoints_le2i_blazepose/Home_01_video_5.npz,21,45,0,0,0,0.04539358
le2i-blazepose,le2i-blazepose::Home_01_video_5,data/keypoints_le2i_blazepose/Home_01_video_5.npz,26,50,0,0,0,0.045198325
le2i-blazepose,le2i-blazepose::Home_01_video_5,data/keypoints_le2i_blazepose/Home_01_video_5.npz,31,55,0,0,0,0.045311403
le2i-blazepose,le2i-blazepose::Home_01_video_5,data/keypoints_le2i_blazepose/Home_01_video_5.npz,36,60,0,0,0,0.05036621
le2i-blazepose,le2i-blazepose::Home_01_video_5,data/keypoints_le2i_blazepose/Home_01_video_5.npz,41,65,0,0,0,0.055192817
le2i-blazepose,le2i-blazepose::Home_01_video_5,data/keypoints_le2i_blazepose/Home_01_video_5.npz,46,70,0,0,0,0.06056183
le2i-blazepose,le2i-blazepose::Home_01_video_5,data/keypoints_le2i_blazepose/Home_01_video_5.npz,51,75,0,0,0,0.063036144
le2i-blazepose,le2i-blazepose::Home_01_video_5,data/keypoints_le2i_blazepose/Home_01_video_5.npz,56,80,0,0,0,0.054526687
le2i-blazepose,le2i-blazepose::Home_01_video_5,data/keypoints_le2i_blazepose/Home_01_video_5.npz,61,85,0,0,0,0.025807716
le2i-blazepose,le2i-blazepose::Home_01_video_5,data/keypoints_le2i_blazepose/Home_01_video_5.npz,66,90,0,0,0,0.010542886
le2i-blazepose,le2i-blazepose::Home_01_video_5,data/keypoints_le2i_blazepose/Home_01_video_5.npz,71,95,0,0,0,0.009134799
le2i-blazepose,le2i-blazepose::Home_01_video_5,data/keypoints_le2i_blazepose/Home_01_video_5.npz,76,100,0,0,0,0.00817945
le2i-blazepose,le2i-blazepose::Home_01_video_5,data/keypoints_le2i_blazepose/Home_01_video_5.npz,81,105,0,0,0,0.0072658584
le2i-blazepose,le2i-blazepose::Home_01_video_5,data/keypoints_le2i_blazepose/Home_01_video_5.npz,86,110,0,0,0,0.0067822705
le2i-blazepose,le2i-blazepose::Home_01_video_5,data/keypoints_le2i_blazepose/Home_01_video_5.npz,91,115,0,0,0,0.007787409
le2i-blazepose,le2i-blazepose::Home_01_video_8,data/keypoints_le2i_blazepose/Home_01_video_8.npz,46,70,0,0,0,0.0014520538
le2i-blazepose,le2i-blazepose::Home_01_video_8,data/keypoints_le2i_blazepose/Home_01_video_8.npz,51,75,0,0,0,0.0019617204
le2i-blazepose,le2i-blazepose::Home_01_video_8,data/keypoints_le2i_blazepose/Home_01_video_8.npz,56,80,0,0,0,0.0022153356
le2i-blazepose,le2i-blazepose::Home_01_video_8,data/keypoints_le2i_blazepose/Home_01_video_8.npz,61,85,0,0,0,0.0025455311
le2i-blazepose,le2i-blazepose::Home_01_video_8,data/keypoints_le2i_blazepose/Home_01_video_8.npz,66,90,0,0,0,0.0032625024
le2i-blazepose,le2i-blazepose::Home_01_video_8,data/keypoints_le2i_blazepose/Home_01_video_8.npz,71,95,0,0,0,0.0031826121
le2i-blazepose,le2i-blazepose::Home_01_video_8,data/keypoints_le2i_blazepose/Home_01_video_8.npz,76,100,0,0,0,0.0053499583
le2i-blazepose,le2i-blazepose::Home_01_video_8,data/keypoints_le2i_blazepose/Home_01_video_8.npz,81,105,0,0,0,0.0074945325
le2i-blazepose,le2i-blazepose::Home_01_video_8,data/keypoints_le2i_blazepose/Home_01_video_8.npz,86,110,0,0,0,0.0091482075
le2i-blazepose,le2i-blazepose::Home_01_video_8,data/keypoints_le2i_blazepose/Home_01_video_8.npz,91,115,0,0,0,0.03150497
le2i-blazepose,le2i-blazepose::Home_01_video_8,data/keypoints_le2i_blazepose/Home_01_video_8.npz,96,120,0,0,0,0.23452172
le2i-blazepose,le2i-blazepose::Home_01_video_8,data/keypoints_le2i_blazepose/Home_01_video_8.npz,101,125,0,0,0,0.7510089
le2i-blazepose,le2i-blazepose::Home_01_video_8,data/keypoints_le2i_blazepose/Home_01_video_8.npz,106,130,0,0,1,0.9261069
le2i-blazepose,le2i-blazepose::Home_01_video_8,data/keypoints_le2i_blazepose/Home_01_video_8.npz,111,135,1,1,1,0.9747727
le2i-blazepose,le2i-blazepose::Home_01_video_8,data/keypoints_le2i_blazepose/Home_01_video_8.npz,116,140,1,1,1,0.9962443
le2i-blazepose,le2i-blazepose::Home_01_video_8,data/keypoints_le2i_blazepose/Home_01_video_8.npz,121,145,1,1,1,0.99803907
le2i-blazepose,le2i-blazepose::Home_01_video_8,data/keypoints_le2i_blazepose/Home_01_video_8.npz,126,150,1,1,1,0.9985304
le2i-blazepose,le2i-blazepose::Home_01_video_8,data/keypoints_le2i_blazepose/Home_01_video_8.npz,131,155,1,1,1,0.9964709
le2i-blazepose,le2i-blazepose::Home_01_video_8,data/keypoints_le2i_blazepose/Home_01_video_8.npz,136,160,0,0,0,0.53268707
le2i-blazepose,le2i-blazepose::Home_01_video_8,data/keypoints_le2i_blazepose/Home_01_video_8.npz,141,165,0,0,0,0.12589099
le2i-blazepose,le2i-blazepose::Home_01_video_8,data/keypoints_le2i_blazepose/Home_01_video_8.npz,146,170,0,0,0,0.04657312
le2i-blazepose,le2i-blazepose::Home_01_video_8,data/keypoints_le2i_blazepose/Home_01_video_8.npz,151,175,0,0,0,0.028082011
le2i-blazepose,le2i-blazepose::Home_01_video_8,data/keypoints_le2i_blazepose/Home_01_video_8.npz,156,180,0,0,0,0.031702433
le2i-blazepose,le2i-blazepose::Home_01_video_8,data/keypoints_le2i_blazepose/Home_01_video_8.npz,161,185,0,0,0,0.014675302
le2i-blazepose,le2i-blazepose::Home_01_video_8,data/keypoints_le2i_blazepose/Home_01_video_8.npz,166,190,0,0,0,0.004684283
le2i-blazepose,le2i-blazepose::Home_01_video_8,data/keypoints_le2i_blazepose/Home_01_video_8.npz,171,195,0,0,0,0.5516642
le2i-blazepose,le2i-blazepose::Home_01_video_8,data/keypoints_le2i_blazepose/Home_01_video_8.npz,176,200,0,0,0,0.49183792
le2i-blazepose,le2i-blazepose::Home_01_video_8,data/keypoints_le2i_blazepose/Home_01_video_8.npz,181,205,0,0,0,0.016417326
le2i-blazepose,le2i-blazepose::Home_01_video_8,data/keypoints_le2i_blazepose/Home_01_video_8.npz,186,210,0,0,0,0.046725195
le2i-blazepose,le2i-blazepose::Home_01_video_8,data/keypoints_le2i_blazepose/Home_01_video_8.npz,191,215,0,0,0,0.045107823
le2i-blazepose,le2i-blazepose::Home_01_video_8,data/keypoints_le2i_blazepose/Home_01_video_8.npz,196,220,0,0,0,0.020415533
le2i-blazepose,le2i-blazepose::Home_01_video_8,data/keypoints_le2i_blazepose/Home_01_video_8.npz,201,225,0,0,0,0.02244755
le2i-blazepose,le2i-blazepose::Home_01_video_8,data/keypoints_le2i_blazepose/Home_01_video_8.npz,206,230,0,0,0,0.018169103
le2i-blazepose,le2i-blazepose::Home_01_video_8,data/keypoints_le2i_blazepose/Home_01_video_8.npz,211,235,0,0,0,0.02729103
le2i-blazepose,le2i-blazepose::Home_01_video_8,data/keypoints_le2i_blazepose/Home_01_video_8.npz,216,240,0,0,0,0.032922447
le2i-blazepose,le2i-blazepose::Home_01_video_8,data/keypoints_le2i_blazepose/Home_01_video_8.npz,221,245,0,0,0,0.018258806
le2i-blazepose,le2i-blazepose::Home_01_video_8,data/keypoints_le2i_blazepose/Home_01_video_8.npz,226,250,0,0,0,0.011362207
le2i-blazepose,le2i-blazepose::Home_01_video_8,data/keypoints_le2i_blazepose/Home_01_video_8.npz,231,255,0,0,0,0.015022592
le2i-blazepose,le2i-blazepose::Home_01_video_8,data/keypoints_le2i_blazepose/Home_01_video_8.npz,236,260,0,0,0,0.01284447
le2i-blazepose,le2i-blazepose::Home_01_video_8,data/keypoints_le2i_blazepose/Home_01_video_8.npz,241,265,0,0,0,0.011201372
le2i-blazepose,le2i-blazepose::Home_01_video_8,data/keypoints_le2i_blazepose/Home_01_video_8.npz,246,270,0,0,0,0.014540868
le2i-blazepose,le2i-blazepose::Home_01_video_8,data/keypoints_le2i_blazepose/Home_01_video_8.npz,251,275,0,0,0,0.0016562768
le2i-blazepose,le2i-blazepose::Home_01_video_8,data/keypoints_le2i_blazepose/Home_01_video_8.npz,256,280,0,0,0,0.002459343
le2i-blazepose,le2i-blazepose::Home_01_video_8,data/keypoints_le2i_blazepose/Home_01_video_8.npz,261,285,0,0,0,0.00218145
le2i-blazepose,le2i-blazepose::Home_01_video_9,data/keypoints_le2i_blazepose/Home_01_video_9.npz,101,125,0,0,0,0.0032998682
le2i-blazepose,le2i-blazepose::Home_01_video_9,data/keypoints_le2i_blazepose/Home_01_video_9.npz,106,130,0,0,0,0.0049670083
le2i-blazepose,le2i-blazepose::Home_01_video_9,data/keypoints_le2i_blazepose/Home_01_video_9.npz,111,135,0,0,0,0.009321807
le2i-blazepose,le2i-blazepose::Home_01_video_9,data/keypoints_le2i_blazepose/Home_01_video_9.npz,116,140,0,0,0,0.03762342
le2i-blazepose,le2i-blazepose::Home_01_video_9,data/keypoints_le2i_blazepose/Home_01_video_9.npz,121,145,0,0,0,0.16582532
le2i-blazepose,le2i-blazepose::Home_01_video_9,data/keypoints_le2i_blazepose/Home_01_video_9.npz,126,150,0,0,0,0.5663819
le2i-blazepose,le2i-blazepose::Home_01_video_9,data/keypoints_le2i_blazepose/Home_01_video_9.npz,131,155,0,0,1,0.93641764
le2i-blazepose,le2i-blazepose::Home_01_video_9,data/keypoints_le2i_blazepose/Home_01_video_9.npz,136,160,1,1,1,0.983827
le2i-blazepose,le2i-blazepose::Home_01_video_9,data/keypoints_le2i_blazepose/Home_01_video_9.npz,141,165,1,1,1,0.9974311
le2i-blazepose,le2i-blazepose::Home_01_video_9,data/keypoints_le2i_blazepose/Home_01_video_9.npz,146,170,1,1,1,0.9977049
le2i-blazepose,le2i-blazepose::Home_01_video_9,data/keypoints_le2i_blazepose/Home_01_video_9.npz,151,175,1,1,1,0.9355384
le2i-blazepose,le2i-blazepose::Home_01_video_9,data/keypoints_le2i_blazepose/Home_01_video_9.npz,156,180,1,1,0,0.4272838
le2i-blazepose,le2i-blazepose::Home_01_video_9,data/keypoints_le2i_blazepose/Home_01_video_9.npz,161,185,0,0,0,0.0036827407
le2i-blazepose,le2i-blazepose::Home_01_video_9,data/keypoints_le2i_blazepose/Home_01_video_9.npz,166,190,0,0,0,0.7171977
le2i-blazepose,le2i-blazepose::Home_01_video_9,data/keypoints_le2i_blazepose/Home_01_video_9.npz,171,195,0,0,0,0.40375966
le2i-blazepose,le2i-blazepose::Home_01_video_9,data/keypoints_le2i_blazepose/Home_01_video_9.npz,176,200,0,0,0,0.79842883
le2i-blazepose,le2i-blazepose::Home_01_video_9,data/keypoints_le2i_blazepose/Home_01_video_9.npz,181,205,0,0,1,0.84108144
le2i-blazepose,le2i-blazepose::Home_01_video_9,data/keypoints_le2i_blazepose/Home_01_video_9.npz,186,210,0,0,0,0.4075344
le2i-blazepose,le2i-blazepose::Home_01_video_9,data/keypoints_le2i_blazepose/Home_01_video_9.npz,191,215,0,0,0,0.0026115172
le2i-blazepose,le2i-blazepose::Home_01_video_9,data/keypoints_le2i_blazepose/Home_01_video_9.npz,196,220,0,0,0,0.00268717
le2i-blazepose,le2i-blazepose::Home_01_video_9,data/keypoints_le2i_blazepose/Home_01_video_9.npz,201,225,0,0,0,0.0025974617
le2i-blazepose,le2i-blazepose::Home_01_video_9,data/keypoints_le2i_blazepose/Home_01_video_9.npz,206,230,0,0,0,0.0026894992
le2i-blazepose,le2i-blazepose::Home_01_video_9,data/keypoints_le2i_blazepose/Home_01_video_9.npz,211,235,0,0,0,0.0024693438
le2i-blazepose,le2i-blazepose::Home_01_video_9,data/keypoints_le2i_blazepose/Home_01_video_9.npz,216,240,0,0,0,0.005707817
le2i-blazepose,le2i-blazepose::Home_01_video_9,data/keypoints_le2i_blazepose/Home_01_video_9.npz,221,245,0,0,0,0.011883391
le2i-blazepose,le2i-blazepose::Home_01_video_9,data/keypoints_le2i_blazepose/Home_01_video_9.npz,226,250,0,0,0,0.014738685
le2i-blazepose,le2i-blazepose::Home_01_video_9,data/keypoints_le2i_blazepose/Home_01_video_9.npz,231,255,0,0,0,0.017364549
le2i-blazepose,le2i-blazepose::Home_01_video_9,data/keypoints_le2i_blazepose/Home_01_video_9.npz,236,260,0,0,0,0.02182897
le2i-blazepose,le2i-blazepose::Home_01_video_9,data/keypoints_le2i_blazepose/Home_01_video_9.npz,241,265,0,0,0,0.02042264
le2i-blazepose,le2i-blazepose::Home_01_video_9,data/keypoints_le2i_blazepose/Home_01_video_9.npz,246,270,0,0,0,0.018554512
le2i-blazepose,le2i-blazepose::Home_01_video_9,data/keypoints_le2i_blazepose/Home_01_video_9.npz,251,275,0,0,0,0.028132455
le2i-blazepose,le2i-blazepose::Home_01_video_9,data/keypoints_le2i_blazepose/Home_01_video_9.npz,256,280,0,0,0,0.09431903
le2i-blazepose,le2i-blazepose::Home_01_video_9,data/keypoints_le2i_blazepose/Home_01_video_9.npz,261,285,0,0,0,0.039153863
le2i-blazepose,le2i-blazepose::Home_01_video_9,data/keypoints_le2i_blazepose/Home_01_video_9.npz,266,290,0,0,0,0.0023725347
le2i-blazepose,le2i-blazepose::Home_01_video_9,data/keypoints_le2i_blazepose/Home_01_video_9.npz,271,295,0,0,0,0.0022715882
le2i-blazepose,le2i-blazepose::Home_01_video_9,data/keypoints_le2i_blazepose/Home_01_video_9.npz,276,300,0,0,0,0.0030259758
le2i-blazepose,le2i-blazepose::Home_02_video_33,data/keypoints_le2i_blazepose/Home_02_video_33.npz,1,25,0,0,0,0.009100529
le2i-blazepose,le2i-blazepose::Home_02_video_33,data/keypoints_le2i_blazepose/Home_02_video_33.npz,6,30,0,0,0,0.019533077
le2i-blazepose,le2i-blazepose::Home_02_video_33,data/keypoints_le2i_blazepose/Home_02_video_33.npz,11,35,0,0,0,0.052261587
le2i-blazepose,le2i-blazepose::Home_02_video_33,data/keypoints_le2i_blazepose/Home_02_video_33.npz,16,40,0,0,0,0.050502673
le2i-blazepose,le2i-blazepose::Home_02_video_33,data/keypoints_le2i_blazepose/Home_02_video_33.npz,21,45,0,0,0,0.04875284
le2i-blazepose,le2i-blazepose::Home_02_video_33,data/keypoints_le2i_blazepose/Home_02_video_33.npz,26,50,0,0,0,0.00088107085
le2i-blazepose,le2i-blazepose::Home_02_video_33,data/keypoints_le2i_blazepose/Home_02_video_33.npz,66,90,0,0,0,0.0006571553
le2i-blazepose,le2i-blazepose::Home_02_video_33,data/keypoints_le2i_blazepose/Home_02_video_33.npz,71,95,0,0,0,0.00064082217
le2i-blazepose,le2i-blazepose::Home_02_video_33,data/keypoints_le2i_blazepose/Home_02_video_33.npz,76,100,0,0,0,0.0006393836
le2i-blazepose,le2i-blazepose::Home_02_video_33,data/keypoints_le2i_blazepose/Home_02_video_33.npz,81,105,0,0,0,0.0006351474
le2i-blazepose,le2i-blazepose::Home_02_video_33,data/keypoints_le2i_blazepose/Home_02_video_33.npz,86,110,0,0,0,0.0005878342
le2i-blazepose,le2i-blazepose::Home_02_video_33,data/keypoints_le2i_blazepose/Home_02_video_33.npz,91,115,0,0,0,0.000702232
le2i-blazepose,le2i-blazepose::Home_02_video_33,data/keypoints_le2i_blazepose/Home_02_video_33.npz,96,120,0,0,0,0.0010788336
le2i-blazepose,le2i-blazepose::Home_02_video_33,data/keypoints_le2i_blazepose/Home_02_video_33.npz,101,125,0,0,0,0.0031015493
le2i-blazepose,le2i-blazepose::Home_02_video_33,data/keypoints_le2i_blazepose/Home_02_video_33.npz,106,130,0,0,0,0.07107814
le2i-blazepose,le2i-blazepose::Home_02_video_33,data/keypoints_le2i_blazepose/Home_02_video_33.npz,111,135,1,1,0,0.039770015
le2i-blazepose,le2i-blazepose::Home_02_video_33,data/keypoints_le2i_blazepose/Home_02_video_33.npz,116,140,1,1,0,0.03168875
le2i-blazepose,le2i-blazepose::Home_02_video_33,data/keypoints_le2i_blazepose/Home_02_video_33.npz,121,145,1,1,0,0.199819
le2i-blazepose,le2i-blazepose::Home_02_video_33,data/keypoints_le2i_blazepose/Home_02_video_33.npz,126,150,1,1,0,0.3824696
le2i-blazepose,le2i-blazepose::Home_02_video_33,data/keypoints_le2i_blazepose/Home_02_video_33.npz,131,155,1,1,1,0.9230633
le2i-blazepose,le2i-blazepose::Home_02_video_33,data/keypoints_le2i_blazepose/Home_02_video_33.npz,136,160,0,0,1,0.9245439
le2i-blazepose,le2i-blazepose::Home_02_video_33,data/keypoints_le2i_blazepose/Home_02_video_33.npz,141,165,0,0,1,0.93515503
le2i-blazepose,le2i-blazepose::Home_02_video_33,data/keypoints_le2i_blazepose/Home_02_video_33.npz,146,170,0,0,1,0.93711275
le2i-blazepose,le2i-blazepose::Home_02_video_33,data/keypoints_le2i_blazepose/Home_02_video_33.npz,151,175,0,0,1,0.9441117
le2i-blazepose,le2i-blazepose::Home_02_video_33,data/keypoints_le2i_blazepose/Home_02_video_33.npz,156,180,0,0,1,0.9461405
le2i-blazepose,le2i-blazepose::Home_02_video_33,data/keypoints_le2i_blazepose/Home_02_video_33.npz,161,185,0,0,1,0.9416925
le2i-blazepose,le2i-blazepose::Home_02_video_33,data/keypoints_le2i_blazepose/Home_02_video_33.npz,166,190,0,0,1,0.9265703
le2i-blazepose,le2i-blazepose::Home_02_video_36,data/keypoints_le2i_blazepose/Home_02_video_36.npz,61,85,0,0,0,0.019753676
le2i-blazepose,le2i-blazepose::Home_02_video_36,data/keypoints_le2i_blazepose/Home_02_video_36.npz,66,90,0,0,0,0.019753676
le2i-blazepose,le2i-blazepose::Home_02_video_36,data/keypoints_le2i_blazepose/Home_02_video_36.npz,71,95,0,0,0,0.00042756723
le2i-blazepose,le2i-blazepose::Home_02_video_36,data/keypoints_le2i_blazepose/Home_02_video_36.npz,76,100,0,0,0,0.0004600673
le2i-blazepose,le2i-blazepose::Home_02_video_36,data/keypoints_le2i_blazepose/Home_02_video_36.npz,81,105,0,0,0,0.0005724113
le2i-blazepose,le2i-blazepose::Home_02_video_36,data/keypoints_le2i_blazepose/Home_02_video_36.npz,86,110,0,0,0,0.0006858527
le2i-blazepose,le2i-blazepose::Home_02_video_36,data/keypoints_le2i_blazepose/Home_02_video_36.npz,91,115,0,0,0,0.00073682686
le2i-blazepose,le2i-blazepose::Home_02_video_36,data/keypoints_le2i_blazepose/Home_02_video_36.npz,96,120,0,0,0,0.0008147436
le2i-blazepose,le2i-blazepose::Home_02_video_36,data/keypoints_le2i_blazepose/Home_02_video_36.npz,101,125,0,0,0,0.00234235
le2i-blazepose,le2i-blazepose::Home_02_video_36,data/keypoints_le2i_blazepose/Home_02_video_36.npz,106,130,0,0,0,0.23223875
le2i-blazepose,le2i-blazepose::Home_02_video_36,data/keypoints_le2i_blazepose/Home_02_video_36.npz,111,135,1,1,1,0.8523012
le2i-blazepose,le2i-blazepose::Home_02_video_36,data/keypoints_le2i_blazepose/Home_02_video_36.npz,116,140,1,1,0,0.70706856
le2i-blazepose,le2i-blazepose::Home_02_video_36,data/keypoints_le2i_blazepose/Home_02_video_36.npz,121,145,1,1,1,0.90476245
le2i-blazepose,le2i-blazepose::Home_02_video_36,data/keypoints_le2i_blazepose/Home_02_video_36.npz,126,150,1,1,0,0.73852295
le2i-blazepose,le2i-blazepose::Home_02_video_36,data/keypoints_le2i_blazepose/Home_02_video_36.npz,131,155,1,1,0,0.73103964
le2i-blazepose,le2i-blazepose::Home_02_video_36,data/keypoints_le2i_blazepose/Home_02_video_36.npz,136,160,0,0,0,0.18485683
le2i-blazepose,le2i-blazepose::Home_02_video_48,data/keypoints_le2i_blazepose/Home_02_video_48.npz,1,25,0,0,0,0.0034207075
le2i-blazepose,le2i-blazepose::Home_02_video_48,data/keypoints_le2i_blazepose/Home_02_video_48.npz,6,30,0,0,0,0.0034338408
le2i-blazepose,le2i-blazepose::Home_02_video_48,data/keypoints_le2i_blazepose/Home_02_video_48.npz,11,35,0,0,0,0.0034720812
le2i-blazepose,le2i-blazepose::Home_02_video_48,data/keypoints_le2i_blazepose/Home_02_video_48.npz,16,40,0,0,0,0.0025602644
le2i-blazepose,le2i-blazepose::Home_02_video_48,data/keypoints_le2i_blazepose/Home_02_video_48.npz,21,45,0,0,0,0.005010175
le2i-blazepose,le2i-blazepose::Home_02_video_48,data/keypoints_le2i_blazepose/Home_02_video_48.npz,26,50,0,0,0,0.0048668818
le2i-blazepose,le2i-blazepose::Home_02_video_48,data/keypoints_le2i_blazepose/Home_02_video_48.npz,31,55,0,0,0,0.0031115855
le2i-blazepose,le2i-blazepose::Home_02_video_48,data/keypoints_le2i_blazepose/Home_02_video_48.npz,36,60,0,0,0,0.0013268233
le2i-blazepose,le2i-blazepose::Home_02_video_48,data/keypoints_le2i_blazepose/Home_02_video_48.npz,41,65,0,0,0,0.0008693463
le2i-blazepose,le2i-blazepose::Home_02_video_48,data/keypoints_le2i_blazepose/Home_02_video_48.npz,46,70,0,0,0,0.000913398
le2i-blazepose,le2i-blazepose::Home_02_video_48,data/keypoints_le2i_blazepose/Home_02_video_48.npz,51,75,0,0,0,0.0018081409
le2i-blazepose,le2i-blazepose::Home_02_video_48,data/keypoints_le2i_blazepose/Home_02_video_48.npz,56,80,0,0,0,0.0013734539
le2i-blazepose,le2i-blazepose::Home_02_video_48,data/keypoints_le2i_blazepose/Home_02_video_48.npz,61,85,0,0,0,0.0012821741
le2i-blazepose,le2i-blazepose::Home_02_video_48,data/keypoints_le2i_blazepose/Home_02_video_48.npz,66,90,0,0,0,0.0010266821
le2i-blazepose,le2i-blazepose::Home_02_video_48,data/keypoints_le2i_blazepose/Home_02_video_48.npz,71,95,0,0,0,0.0057394253
le2i-blazepose,le2i-blazepose::Home_02_video_48,data/keypoints_le2i_blazepose/Home_02_video_48.npz,76,100,0,0,0,0.0059418776
le2i-blazepose,le2i-blazepose::Home_02_video_48,data/keypoints_le2i_blazepose/Home_02_video_48.npz,81,105,0,0,0,0.006765722
le2i-blazepose,le2i-blazepose::Home_02_video_48,data/keypoints_le2i_blazepose/Home_02_video_48.npz,86,110,0,0,0,0.007194854
le2i-blazepose,le2i-blazepose::Home_02_video_48,data/keypoints_le2i_blazepose/Home_02_video_48.npz,91,115,0,0,0,0.007623702
le2i-blazepose,le2i-blazepose::Home_02_video_48,data/keypoints_le2i_blazepose/Home_02_video_48.npz,96,120,0,0,0,0.0076440503
le2i-blazepose,le2i-blazepose::Home_02_video_48,data/keypoints_le2i_blazepose/Home_02_video_48.npz,101,125,0,0,0,0.025939088
le2i-blazepose,le2i-blazepose::Home_02_video_48,data/keypoints_le2i_blazepose/Home_02_video_48.npz,106,130,0,0,0,0.025001274
le2i-blazepose,le2i-blazepose::Home_02_video_48,data/keypoints_le2i_blazepose/Home_02_video_48.npz,111,135,0,0,0,0.024907727
le2i-blazepose,le2i-blazepose::Home_02_video_48,data/keypoints_le2i_blazepose/Home_02_video_48.npz,116,140,0,0,0,0.16581346
le2i-blazepose,le2i-blazepose::Home_02_video_48,data/keypoints_le2i_blazepose/Home_02_video_48.npz,121,145,0,0,0,0.05483668
le2i-blazepose,le2i-blazepose::Home_02_video_48,data/keypoints_le2i_blazepose/Home_02_video_48.npz,126,150,0,0,0,0.025608178
le2i-blazepose,le2i-blazepose::Home_02_video_48,data/keypoints_le2i_blazepose/Home_02_video_48.npz,131,155,0,0,0,0.01667187
le2i-blazepose,le2i-blazepose::Home_02_video_48,data/keypoints_le2i_blazepose/Home_02_video_48.npz,136,160,0,0,0,0.013143507
le2i-blazepose,le2i-blazepose::Home_02_video_48,data/keypoints_le2i_blazepose/Home_02_video_48.npz,141,165,0,0,0,0.0115755405
le2i-blazepose,le2i-blazepose::Home_02_video_48,data/keypoints_le2i_blazepose/Home_02_video_48.npz,146,170,0,0,0,0.014698702
le2i-blazepose,le2i-blazepose::Home_02_video_48,data/keypoints_le2i_blazepose/Home_02_video_48.npz,151,175,0,0,0,0.0054720817
le2i-blazepose,le2i-blazepose::Home_02_video_51,data/keypoints_le2i_blazepose/Home_02_video_51.npz,1,25,0,0,0,0.0029396315
le2i-blazepose,le2i-blazepose::Home_02_video_51,data/keypoints_le2i_blazepose/Home_02_video_51.npz,6,30,0,0,0,0.0029493538
le2i-blazepose,le2i-blazepose::Home_02_video_51,data/keypoints_le2i_blazepose/Home_02_video_51.npz,11,35,0,0,0,0.0029501698
le2i-blazepose,le2i-blazepose::Home_02_video_51,data/keypoints_le2i_blazepose/Home_02_video_51.npz,16,40,0,0,0,0.0029512248
le2i-blazepose,le2i-blazepose::Home_02_video_51,data/keypoints_le2i_blazepose/Home_02_video_51.npz,21,45,0,0,0,0.0038685529
le2i-blazepose,le2i-blazepose::Home_02_video_51,data/keypoints_le2i_blazepose/Home_02_video_51.npz,26,50,0,0,0,0.0026272673
le2i-blazepose,le2i-blazepose::Home_02_video_51,data/keypoints_le2i_blazepose/Home_02_video_51.npz,31,55,0,0,0,0.0021548355
le2i-blazepose,le2i-blazepose::Home_02_video_51,data/keypoints_le2i_blazepose/Home_02_video_51.npz,36,60,0,0,0,0.002002708
le2i-blazepose,le2i-blazepose::Home_02_video_51,data/keypoints_le2i_blazepose/Home_02_video_51.npz,41,65,0,0,0,0.0013560659
le2i-blazepose,le2i-blazepose::Home_02_video_51,data/keypoints_le2i_blazepose/Home_02_video_51.npz,46,70,0,0,0,0.0011994084
le2i-blazepose,le2i-blazepose::Home_02_video_51,data/keypoints_le2i_blazepose/Home_02_video_51.npz,51,75,0,0,0,0.0010512177
le2i-blazepose,le2i-blazepose::Home_02_video_51,data/keypoints_le2i_blazepose/Home_02_video_51.npz,56,80,0,0,0,0.0009359038
le2i-blazepose,le2i-blazepose::Home_02_video_51,data/keypoints_le2i_blazepose/Home_02_video_51.npz,61,85,0,0,0,0.0014686786
le2i-blazepose,le2i-blazepose::Home_02_video_51,data/keypoints_le2i_blazepose/Home_02_video_51.npz,66,90,0,0,0,0.002734681
le2i-blazepose,le2i-blazepose::Home_02_video_51,data/keypoints_le2i_blazepose/Home_02_video_51.npz,71,95,0,0,0,0.0061236895
le2i-blazepose,le2i-blazepose::Home_02_video_51,data/keypoints_le2i_blazepose/Home_02_video_51.npz,76,100,0,0,0,0.012562192
le2i-blazepose,le2i-blazepose::Home_02_video_51,data/keypoints_le2i_blazepose/Home_02_video_51.npz,81,105,0,0,0,0.0018268556
le2i-blazepose,le2i-blazepose::Home_02_video_51,data/keypoints_le2i_blazepose/Home_02_video_51.npz,86,110,0,0,0,0.0017571435
le2i-blazepose,le2i-blazepose::Home_02_video_51,data/keypoints_le2i_blazepose/Home_02_video_51.npz,91,115,0,0,0,0.0020813162
le2i-blazepose,le2i-blazepose::Home_02_video_51,data/keypoints_le2i_blazepose/Home_02_video_51.npz,96,120,0,0,0,0.0020970271
le2i-blazepose,le2i-blazepose::Home_02_video_51,data/keypoints_le2i_blazepose/Home_02_video_51.npz,101,125,0,0,0,0.002153332
le2i-blazepose,le2i-blazepose::Home_02_video_51,data/keypoints_le2i_blazepose/Home_02_video_51.npz,106,130,0,0,0,0.0022302945
le2i-blazepose,le2i-blazepose::Home_02_video_51,data/keypoints_le2i_blazepose/Home_02_video_51.npz,111,135,0,0,0,0.0026300626
le2i-blazepose,le2i-blazepose::Home_02_video_51,data/keypoints_le2i_blazepose/Home_02_video_51.npz,116,140,0,0,0,0.0022844763
le2i-blazepose,le2i-blazepose::Home_02_video_51,data/keypoints_le2i_blazepose/Home_02_video_51.npz,121,145,0,0,0,0.0133462995
le2i-blazepose,le2i-blazepose::Home_02_video_51,data/keypoints_le2i_blazepose/Home_02_video_51.npz,126,150,0,0,0,0.01225234
le2i-blazepose,le2i-blazepose::Home_02_video_51,data/keypoints_le2i_blazepose/Home_02_video_51.npz,131,155,0,0,0,0.010337846
le2i-blazepose,le2i-blazepose::Home_02_video_51,data/keypoints_le2i_blazepose/Home_02_video_51.npz,136,160,0,0,0,0.009180039
le2i-blazepose,le2i-blazepose::Home_02_video_51,data/keypoints_le2i_blazepose/Home_02_video_51.npz,141,165,0,0,0,0.008439359
le2i-blazepose,le2i-blazepose::Home_02_video_51,data/keypoints_le2i_blazepose/Home_02_video_51.npz,146,170,0,0,0,0.008224492
le2i-blazepose,le2i-blazepose::Home_02_video_51,data/keypoints_le2i_blazepose/Home_02_video_51.npz,151,175,0,0,0,0.0060660695
le2i-blazepose,le2i-blazepose::Home_02_video_51,data/keypoints_le2i_blazepose/Home_02_video_51.npz,156,180,0,0,0,0.00329238
le2i-blazepose,le2i-blazepose::Home_02_video_51,data/keypoints_le2i_blazepose/Home_02_video_51.npz,161,185,0,0,0,0.00329238
le2i-blazepose,le2i-blazepose::Home_02_video_51,data/keypoints_le2i_blazepose/Home_02_video_51.npz,166,190,0,0,0,0.00329238
le2i-blazepose,le2i-blazepose::Home_02_video_51,data/keypoints_le2i_blazepose/Home_02_video_51.npz,171,195,0,0,0,0.00329238
le2i-blazepose,le2i-blazepose::Home_02_video_51,data/keypoints_le2i_blazepose/Home_02_video_51.npz,236,260,0,0,0,0.025031526
le2i-blazepose,le2i-blazepose::Home_02_video_56,data/keypoints_le2i_blazepose/Home_02_video_56.npz,1,25,0,0,0,0.008236333
le2i-blazepose,le2i-blazepose::Home_02_video_56,data/keypoints_le2i_blazepose/Home_02_video_56.npz,6,30,0,0,0,0.009513963
le2i-blazepose,le2i-blazepose::Home_02_video_56,data/keypoints_le2i_blazepose/Home_02_video_56.npz,11,35,0,0,0,0.008049845
le2i-blazepose,le2i-blazepose::Home_02_video_56,data/keypoints_le2i_blazepose/Home_02_video_56.npz,16,40,0,0,0,0.0064722933
le2i-blazepose,le2i-blazepose::Home_02_video_56,data/keypoints_le2i_blazepose/Home_02_video_56.npz,21,45,0,0,0,0.0050761686
le2i-blazepose,le2i-blazepose::Home_02_video_56,data/keypoints_le2i_blazepose/Home_02_video_56.npz,26,50,0,0,0,0.0051024756
le2i-blazepose,le2i-blazepose::Home_02_video_56,data/keypoints_le2i_blazepose/Home_02_video_56.npz,31,55,0,0,0,0.004327859
le2i-blazepose,le2i-blazepose::Home_02_video_56,data/keypoints_le2i_blazepose/Home_02_video_56.npz,36,60,0,0,0,0.0045711906
le2i-blazepose,le2i-blazepose::Home_02_video_56,data/keypoints_le2i_blazepose/Home_02_video_56.npz,41,65,0,0,0,0.0051987898
le2i-blazepose,le2i-blazepose::Home_02_video_56,data/keypoints_le2i_blazepose/Home_02_video_56.npz,46,70,0,0,0,0.0051355045
le2i-blazepose,le2i-blazepose::Home_02_video_56,data/keypoints_le2i_blazepose/Home_02_video_56.npz,51,75,0,0,0,0.0047818986
le2i-blazepose,le2i-blazepose::Home_02_video_56,data/keypoints_le2i_blazepose/Home_02_video_56.npz,56,80,0,0,0,0.005788207
le2i-blazepose,le2i-blazepose::Home_02_video_56,data/keypoints_le2i_blazepose/Home_02_video_56.npz,61,85,0,0,0,0.0053659496
le2i-blazepose,le2i-blazepose::Home_02_video_56,data/keypoints_le2i_blazepose/Home_02_video_56.npz,66,90,0,0,0,0.0050007324
le2i-blazepose,le2i-blazepose::Home_02_video_56,data/keypoints_le2i_blazepose/Home_02_video_56.npz,71,95,0,0,0,0.0043095443
le2i-blazepose,le2i-blazepose::Home_02_video_56,data/keypoints_le2i_blazepose/Home_02_video_56.npz,76,100,0,0,0,0.0037711097
le2i-blazepose,le2i-blazepose::Home_02_video_56,data/keypoints_le2i_blazepose/Home_02_video_56.npz,81,105,0,0,0,0.0044882507
le2i-blazepose,le2i-blazepose::Home_02_video_56,data/keypoints_le2i_blazepose/Home_02_video_56.npz,86,110,0,0,0,0.0059490553
le2i-blazepose,le2i-blazepose::Home_02_video_56,data/keypoints_le2i_blazepose/Home_02_video_56.npz,91,115,0,0,0,0.006975323
le2i-blazepose,le2i-blazepose::Home_02_video_56,data/keypoints_le2i_blazepose/Home_02_video_56.npz,96,120,0,0,0,0.007256128
le2i-blazepose,le2i-blazepose::Home_02_video_56,data/keypoints_le2i_blazepose/Home_02_video_56.npz,101,125,0,0,0,0.0067838924
le2i-blazepose,le2i-blazepose::Home_02_video_56,data/keypoints_le2i_blazepose/Home_02_video_56.npz,106,130,0,0,0,0.0053791082
le2i-blazepose,le2i-blazepose::Home_02_video_56,data/keypoints_le2i_blazepose/Home_02_video_56.npz,111,135,0,0,0,0.005342415
le2i-blazepose,le2i-blazepose::Home_02_video_56,data/keypoints_le2i_blazepose/Home_02_video_56.npz,116,140,0,0,0,0.010880686
le2i-blazepose,le2i-blazepose::Home_02_video_56,data/keypoints_le2i_blazepose/Home_02_video_56.npz,121,145,0,0,0,0.010193849
le2i-blazepose,le2i-blazepose::Home_02_video_56,data/keypoints_le2i_blazepose/Home_02_video_56.npz,126,150,0,0,0,0.008722277
le2i-blazepose,le2i-blazepose::Home_02_video_56,data/keypoints_le2i_blazepose/Home_02_video_56.npz,131,155,0,0,0,0.00755427
le2i-blazepose,le2i-blazepose::Home_02_video_56,data/keypoints_le2i_blazepose/Home_02_video_56.npz,136,160,0,0,0,0.0032224231
le2i-blazepose,le2i-blazepose::Home_02_video_56,data/keypoints_le2i_blazepose/Home_02_video_56.npz,141,165,0,0,0,0.0022660594
le2i-blazepose,le2i-blazepose::Home_02_video_56,data/keypoints_le2i_blazepose/Home_02_video_56.npz,146,170,0,0,0,0.0019255559
le2i-blazepose,le2i-blazepose::Home_02_video_56,data/keypoints_le2i_blazepose/Home_02_video_56.npz,151,175,0,0,0,0.001201481
le2i-blazepose,le2i-blazepose::Home_02_video_56,data/keypoints_le2i_blazepose/Home_02_video_56.npz,156,180,0,0,0,0.00082177814
le2i-blazepose,le2i-blazepose::Home_02_video_56,data/keypoints_le2i_blazepose/Home_02_video_56.npz,161,185,0,0,0,0.0006879632
le2i-blazepose,le2i-blazepose::Home_02_video_56,data/keypoints_le2i_blazepose/Home_02_video_56.npz,166,190,0,0,0,0.0006190588
le2i-blazepose,le2i-blazepose::Home_02_video_56,data/keypoints_le2i_blazepose/Home_02_video_56.npz,171,195,0,0,0,0.0006165704
le2i-blazepose,le2i-blazepose::Home_02_video_56,data/keypoints_le2i_blazepose/Home_02_video_56.npz,176,200,0,0,0,0.0006018778
le2i-blazepose,le2i-blazepose::Home_02_video_56,data/keypoints_le2i_blazepose/Home_02_video_56.npz,181,205,0,0,0,0.0006112855
le2i-blazepose,le2i-blazepose::Home_02_video_56,data/keypoints_le2i_blazepose/Home_02_video_56.npz,186,210,0,0,0,0.00064707955
le2i-blazepose,le2i-blazepose::Home_02_video_56,data/keypoints_le2i_blazepose/Home_02_video_56.npz,191,215,0,0,0,0.0007248513
le2i-blazepose,le2i-blazepose::Home_02_video_56,data/keypoints_le2i_blazepose/Home_02_video_56.npz,196,220,0,0,0,0.0008995651
le2i-blazepose,le2i-blazepose::Home_02_video_56,data/keypoints_le2i_blazepose/Home_02_video_56.npz,201,225,0,0,0,0.0010673475
le2i-blazepose,le2i-blazepose::Home_02_video_56,data/keypoints_le2i_blazepose/Home_02_video_56.npz,206,230,0,0,0,0.0012396951
le2i-blazepose,le2i-blazepose::Home_02_video_56,data/keypoints_le2i_blazepose/Home_02_video_56.npz,211,235,0,0,0,0.0015465125
le2i-blazepose,le2i-blazepose::Home_02_video_56,data/keypoints_le2i_blazepose/Home_02_video_56.npz,216,240,0,0,0,0.0016776201
le2i-blazepose,le2i-blazepose::Home_02_video_56,data/keypoints_le2i_blazepose/Home_02_video_56.npz,221,245,0,0,0,0.0020647657
le2i-blazepose,le2i-blazepose::Home_02_video_56,data/keypoints_le2i_blazepose/Home_02_video_56.npz,226,250,0,0,0,0.003705126
le2i-blazepose,le2i-blazepose::Home_02_video_56,data/keypoints_le2i_blazepose/Home_02_video_56.npz,231,255,0,0,0,0.005180659
le2i-blazepose,le2i-blazepose::Home_02_video_56,data/keypoints_le2i_blazepose/Home_02_video_56.npz,236,260,0,0,0,0.006479392
le2i-blazepose,le2i-blazepose::Home_02_video_56,data/keypoints_le2i_blazepose/Home_02_video_56.npz,241,265,0,0,0,0.0068455115
le2i-blazepose,le2i-blazepose::Home_02_video_56,data/keypoints_le2i_blazepose/Home_02_video_56.npz,246,270,0,0,0,0.0074156597
le2i-blazepose,le2i-blazepose::Home_02_video_56,data/keypoints_le2i_blazepose/Home_02_video_56.npz,251,275,0,0,0,0.007731561
le2i-blazepose,le2i-blazepose::Home_02_video_56,data/keypoints_le2i_blazepose/Home_02_video_56.npz,256,280,0,0,0,0.011926705
le2i-blazepose,le2i-blazepose::Home_02_video_56,data/keypoints_le2i_blazepose/Home_02_video_56.npz,261,285,0,0,0,0.055726487
le2i-blazepose,le2i-blazepose::Home_02_video_56,data/keypoints_le2i_blazepose/Home_02_video_56.npz,266,290,0,0,0,0.044100814
le2i-blazepose,le2i-blazepose::Home_02_video_56,data/keypoints_le2i_blazepose/Home_02_video_56.npz,271,295,0,0,0,0.03523147
le2i-blazepose,le2i-blazepose::Home_02_video_56,data/keypoints_le2i_blazepose/Home_02_video_56.npz,276,300,0,0,0,0.03194196
le2i-blazepose,le2i-blazepose::Home_02_video_56,data/keypoints_le2i_blazepose/Home_02_video_56.npz,281,305,0,0,0,0.03059395
le2i-blazepose,le2i-blazepose::Home_02_video_56,data/keypoints_le2i_blazepose/Home_02_video_56.npz,286,310,0,0,0,0.014031463
le2i-blazepose,le2i-blazepose::Home_02_video_56,data/keypoints_le2i_blazepose/Home_02_video_56.npz,291,315,0,0,0,0.011328474
le2i-blazepose,le2i-blazepose::Home_02_video_56,data/keypoints_le2i_blazepose/Home_02_video_56.npz,296,320,0,0,0,0.009817648
le2i-blazepose,le2i-blazepose::Home_02_video_56,data/keypoints_le2i_blazepose/Home_02_video_56.npz,301,325,0,0,0,0.017019833
le2i-blazepose,le2i-blazepose::Home_02_video_56,data/keypoints_le2i_blazepose/Home_02_video_56.npz,306,330,0,0,0,0.08545956
le2i-blazepose,le2i-blazepose::Home_02_video_56,data/keypoints_le2i_blazepose/Home_02_video_56.npz,311,335,0,0,0,0.09660266
le2i-blazepose,le2i-blazepose::Home_02_video_56,data/keypoints_le2i_blazepose/Home_02_video_56.npz,316,340,0,0,0,0.052200213
le2i-blazepose,le2i-blazepose::Home_02_video_56,data/keypoints_le2i_blazepose/Home_02_video_56.npz,321,345,0,0,0,0.04830798
le2i-blazepose,le2i-blazepose::Home_02_video_56,data/keypoints_le2i_blazepose/Home_02_video_56.npz,326,350,0,0,0,0.018539058
le2i-blazepose,le2i-blazepose::Home_02_video_56,data/keypoints_le2i_blazepose/Home_02_video_56.npz,331,355,0,0,0,0.022235654
le2i-blazepose,le2i-blazepose::Home_02_video_56,data/keypoints_le2i_blazepose/Home_02_video_56.npz,336,360,0,0,0,0.022768779
le2i-blazepose,le2i-blazepose::Home_02_video_58,data/keypoints_le2i_blazepose/Home_02_video_58.npz,1,25,0,0,0,0.020999273
le2i-blazepose,le2i-blazepose::Home_02_video_58,data/keypoints_le2i_blazepose/Home_02_video_58.npz,36,60,0,0,0,0.0027703003
le2i-blazepose,le2i-blazepose::Home_02_video_58,data/keypoints_le2i_blazepose/Home_02_video_58.npz,41,65,0,0,0,0.0028435693
le2i-blazepose,le2i-blazepose::Home_02_video_58,data/keypoints_le2i_blazepose/Home_02_video_58.npz,46,70,0,0,0,0.0028527472
le2i-blazepose,le2i-blazepose::Home_02_video_58,data/keypoints_le2i_blazepose/Home_02_video_58.npz,51,75,0,0,0,0.0028238697
le2i-blazepose,le2i-blazepose::Home_02_video_58,data/keypoints_le2i_blazepose/Home_02_video_58.npz,56,80,0,0,0,0.001825135
le2i-blazepose,le2i-blazepose::Home_02_video_58,data/keypoints_le2i_blazepose/Home_02_video_58.npz,61,85,0,0,0,0.0018309889
le2i-blazepose,le2i-blazepose::Home_02_video_58,data/keypoints_le2i_blazepose/Home_02_video_58.npz,66,90,0,0,0,0.008547919
le2i-blazepose,le2i-blazepose::Home_02_video_58,data/keypoints_le2i_blazepose/Home_02_video_58.npz,71,95,0,0,0,0.009639419
le2i-blazepose,le2i-blazepose::Home_02_video_58,data/keypoints_le2i_blazepose/Home_02_video_58.npz,76,100,0,0,0,0.008385107
le2i-blazepose,le2i-blazepose::Home_02_video_58,data/keypoints_le2i_blazepose/Home_02_video_58.npz,81,105,0,0,0,0.009615099
le2i-blazepose,le2i-blazepose::Home_02_video_58,data/keypoints_le2i_blazepose/Home_02_video_58.npz,86,110,0,0,0,0.010915741
le2i-blazepose,le2i-blazepose::Home_02_video_58,data/keypoints_le2i_blazepose/Home_02_video_58.npz,91,115,0,0,0,0.011172826
le2i-blazepose,le2i-blazepose::Home_02_video_58,data/keypoints_le2i_blazepose/Home_02_video_58.npz,96,120,0,0,0,0.011191173
le2i-blazepose,le2i-blazepose::Home_02_video_58,data/keypoints_le2i_blazepose/Home_02_video_58.npz,101,125,0,0,0,0.0028224438
le2i-blazepose,le2i-blazepose::Home_02_video_58,data/keypoints_le2i_blazepose/Home_02_video_58.npz,106,130,0,0,0,0.002750409
le2i-blazepose,le2i-blazepose::Home_02_video_58,data/keypoints_le2i_blazepose/Home_02_video_58.npz,111,135,0,0,0,0.0027372597
le2i-blazepose,le2i-blazepose::Home_02_video_58,data/keypoints_le2i_blazepose/Home_02_video_58.npz,116,140,0,0,0,0.0027760512
le2i-blazepose,le2i-blazepose::Home_02_video_58,data/keypoints_le2i_blazepose/Home_02_video_58.npz,121,145,0,0,0,0.0027760512
le2i-blazepose,le2i-blazepose::Home_02_video_58,data/keypoints_le2i_blazepose/Home_02_video_58.npz,126,150,0,0,0,0.0027760512
le2i-blazepose,le2i-blazepose::Home_02_video_58,data/keypoints_le2i_blazepose/Home_02_video_58.npz,151,175,0,0,0,0.018336812
le2i-blazepose,le2i-blazepose::Home_02_video_58,data/keypoints_le2i_blazepose/Home_02_video_58.npz,156,180,0,0,0,0.010604805
le2i-blazepose,le2i-blazepose::Home_02_video_58,data/keypoints_le2i_blazepose/Home_02_video_58.npz,161,185,0,0,0,0.008673136
le2i-blazepose,le2i-blazepose::Home_02_video_58,data/keypoints_le2i_blazepose/Home_02_video_58.npz,166,190,0,0,0,0.008663335
le2i-blazepose,le2i-blazepose::Home_02_video_58,data/keypoints_le2i_blazepose/Home_02_video_58.npz,171,195,0,0,0,0.008822802
le2i-blazepose,le2i-blazepose::Home_02_video_58,data/keypoints_le2i_blazepose/Home_02_video_58.npz,176,200,0,0,0,0.014566267
le2i-blazepose,le2i-blazepose::Home_02_video_58,data/keypoints_le2i_blazepose/Home_02_video_58.npz,181,205,0,0,0,0.017978294
le2i-blazepose,le2i-blazepose::Home_02_video_58,data/keypoints_le2i_blazepose/Home_02_video_58.npz,186,210,0,0,0,0.014440013
le2i-blazepose,le2i-blazepose::Home_02_video_58,data/keypoints_le2i_blazepose/Home_02_video_58.npz,191,215,0,0,1,0.997335
le2i-blazepose,le2i-blazepose::Home_02_video_58,data/keypoints_le2i_blazepose/Home_02_video_58.npz,196,220,0,0,0,0.035896968
le2i-blazepose,le2i-blazepose::Home_02_video_58,data/keypoints_le2i_blazepose/Home_02_video_58.npz,201,225,0,0,0,0.021450184
le2i-blazepose,le2i-blazepose::Home_02_video_58,data/keypoints_le2i_blazepose/Home_02_video_58.npz,206,230,0,0,0,0.018185614
le2i-blazepose,le2i-blazepose::Home_02_video_58,data/keypoints_le2i_blazepose/Home_02_video_58.npz,211,235,0,0,0,0.01573536
le2i-blazepose,le2i-blazepose::Home_02_video_58,data/keypoints_le2i_blazepose/Home_02_video_58.npz,216,240,0,0,0,0.014368999
le2i-blazepose,le2i-blazepose::Home_02_video_58,data/keypoints_le2i_blazepose/Home_02_video_58.npz,221,245,0,0,0,0.022066101
le2i-blazepose,le2i-blazepose::Home_02_video_58,data/keypoints_le2i_blazepose/Home_02_video_58.npz,226,250,0,0,0,0.021119267
le2i-blazepose,le2i-blazepose::Home_02_video_58,data/keypoints_le2i_blazepose/Home_02_video_58.npz,231,255,0,0,0,0.02257465
le2i-blazepose,le2i-blazepose::Home_02_video_58,data/keypoints_le2i_blazepose/Home_02_video_58.npz,236,260,0,0,0,0.023122769
le2i-blazepose,le2i-blazepose::Home_02_video_58,data/keypoints_le2i_blazepose/Home_02_video_58.npz,241,265,0,0,0,0.023248952
le2i-blazepose,le2i-blazepose::Home_02_video_58,data/keypoints_le2i_blazepose/Home_02_video_58.npz,246,270,0,0,0,0.00890847
le2i-blazepose,le2i-blazepose::Home_02_video_60,data/keypoints_le2i_blazepose/Home_02_video_60.npz,1,25,0,0,0,0.00092094427
le2i-blazepose,le2i-blazepose::Home_02_video_60,data/keypoints_le2i_blazepose/Home_02_video_60.npz,76,100,0,0,0,0.0025168997
le2i-blazepose,le2i-blazepose::Home_02_video_60,data/keypoints_le2i_blazepose/Home_02_video_60.npz,81,105,0,0,0,0.002323627
le2i-blazepose,le2i-blazepose::Home_02_video_60,data/keypoints_le2i_blazepose/Home_02_video_60.npz,86,110,0,0,0,0.0021519924
le2i-blazepose,le2i-blazepose::Home_02_video_60,data/keypoints_le2i_blazepose/Home_02_video_60.npz,91,115,0,0,0,0.002178336
le2i-blazepose,le2i-blazepose::Home_02_video_60,data/keypoints_le2i_blazepose/Home_02_video_60.npz,96,120,0,0,0,0.002202263
le2i-blazepose,le2i-blazepose::Home_02_video_60,data/keypoints_le2i_blazepose/Home_02_video_60.npz,101,125,0,0,0,0.0022083742
le2i-blazepose,le2i-blazepose::Home_02_video_60,data/keypoints_le2i_blazepose/Home_02_video_60.npz,106,130,0,0,0,0.002408654
le2i-blazepose,le2i-blazepose::Home_02_video_60,data/keypoints_le2i_blazepose/Home_02_video_60.npz,126,150,0,0,0,0.0017416204
le2i-blazepose,le2i-blazepose::Home_02_video_60,data/keypoints_le2i_blazepose/Home_02_video_60.npz,131,155,0,0,0,0.008354293
le2i-blazepose,le2i-blazepose::Home_02_video_60,data/keypoints_le2i_blazepose/Home_02_video_60.npz,136,160,0,0,0,0.084375665
le2i-blazepose,le2i-blazepose::Home_02_video_60,data/keypoints_le2i_blazepose/Home_02_video_60.npz,141,165,0,0,0,0.27710068
le2i-blazepose,le2i-blazepose::Home_02_video_60,data/keypoints_le2i_blazepose/Home_02_video_60.npz,146,170,0,0,0,0.0036207533
le2i-blazepose,le2i-blazepose::Home_02_video_60,data/keypoints_le2i_blazepose/Home_02_video_60.npz,151,175,0,0,0,0.005880678
le2i-blazepose,le2i-blazepose::Home_02_video_60,data/keypoints_le2i_blazepose/Home_02_video_60.npz,156,180,0,0,0,0.008736907
le2i-blazepose,le2i-blazepose::Home_02_video_60,data/keypoints_le2i_blazepose/Home_02_video_60.npz,161,185,0,0,0,0.010103206
le2i-blazepose,le2i-blazepose::Home_02_video_60,data/keypoints_le2i_blazepose/Home_02_video_60.npz,166,190,0,0,0,0.010772914
le2i-blazepose,le2i-blazepose::Home_02_video_60,data/keypoints_le2i_blazepose/Home_02_video_60.npz,171,195,0,0,0,0.010960383
le2i-blazepose,le2i-blazepose::Home_02_video_60,data/keypoints_le2i_blazepose/Home_02_video_60.npz,176,200,0,0,0,0.00393453
