video_id,fold,window_start,window_end,start_frame,end_frame,start_time,end_time,true_label,predicted_label,fall_probability,correct
blazepose-normalized::adl-01-cam0-rgb,1,0,0,1,30,0.000000,0.000000,adl,adl,0.008000,1
blazepose-normalized::adl-01-cam0-rgb,1,1,1,7,36,0.000000,0.000000,adl,adl,0.006000,1
blazepose-normalized::adl-01-cam0-rgb,1,2,2,13,42,0.000000,0.000000,adl,adl,0.004000,1
blazepose-normalized::adl-01-cam0-rgb,1,3,3,19,48,0.000000,0.000000,adl,adl,0.008000,1
blazepose-normalized::adl-01-cam0-rgb,1,4,4,25,54,0.000000,0.000000,adl,adl,0.006000,1
blazepose-normalized::adl-01-cam0-rgb,1,5,5,31,60,0.000000,0.000000,adl,adl,0.004000,1
blazepose-normalized::adl-01-cam0-rgb,1,6,6,37,66,0.000000,0.000000,adl,adl,0.004000,1
blazepose-normalized::adl-01-cam0-rgb,1,7,7,43,72,0.000000,0.000000,adl,adl,0.016000,1
blazepose-normalized::adl-01-cam0-rgb,1,8,8,49,78,0.000000,0.000000,adl,adl,0.042000,1
blazepose-normalized::adl-01-cam0-rgb,1,9,9,55,84,0.000000,0.000000,adl,adl,0.114000,1
blazepose-normalized::adl-01-cam0-rgb,1,10,10,61,90,0.000000,0.000000,adl,adl,0.056000,1
blazepose-normalized::adl-01-cam0-rgb,1,11,11,67,96,0.000000,0.000000,adl,adl,0.084000,1
blazepose-normalized::adl-01-cam0-rgb,1,12,12,73,102,0.000000,0.000000,adl,adl,0.074000,1
blazepose-normalized::adl-01-cam0-rgb,1,13,13,79,108,0.000000,0.000000,adl,adl,0.092000,1
blazepose-normalized::adl-01-cam0-rgb,1,14,14,85,114,0.000000,0.000000,adl,adl,0.168000,1
blazepose-normalized::adl-01-cam0-rgb,1,15,15,91,120,0.000000,0.000000,adl,adl,0.438000,1
blazepose-normalized::adl-01-cam0-rgb,1,16,16,97,126,0.000000,0.000000,adl,adl,0.478000,1
blazepose-normalized::adl-01-cam0-rgb,1,17,17,103,132,0.000000,0.000000,adl,fall,0.522000,0
blazepose-normalized::adl-01-cam0-rgb,1,18,18,109,138,0.000000,0.000000,adl,adl,0.468000,1
blazepose-normalized::adl-01-cam0-rgb,1,19,19,115,144,0.000000,0.000000,adl,adl,0.406000,1
blazepose-normalized::adl-01-cam0-rgb,1,20,20,121,150,0.000000,0.000000,adl,adl,0.352000,1
blazepose-normalized::adl-02-cam0-rgb,5,21,21,13,42,0.000000,0.000000,adl,adl,0.018000,1
blazepose-normalized::adl-02-cam0-rgb,5,22,22,19,48,0.000000,0.000000,adl,adl,0.014000,1
blazepose-normalized::adl-02-cam0-rgb,5,23,23,25,54,0.000000,0.000000,adl,adl,0.006000,1
blazepose-normalized::adl-02-cam0-rgb,5,24,24,31,60,0.000000,0.000000,adl,adl,0.002000,1
blazepose-normalized::adl-02-cam0-rgb,5,25,25,37,66,0.000000,0.000000,adl,adl,0.004000,1
blazepose-normalized::adl-02-cam0-rgb,5,26,26,43,72,0.000000,0.000000,adl,adl,0.004000,1
blazepose-normalized::adl-02-cam0-rgb,5,27,27,49,78,0.000000,0.000000,adl,adl,0.000000,1
blazepose-normalized::adl-02-cam0-rgb,5,28,28,55,84,0.000000,0.000000,adl,adl,0.004000,1
blazepose-normalized::adl-02-cam0-rgb,5,29,29,61,90,0.000000,0.000000,adl,adl,0.004000,1
blazepose-normalized::adl-02-cam0-rgb,5,30,30,67,96,0.000000,0.000000,adl,adl,0.008000,1
blazepose-normalized::adl-02-cam0-rgb,5,31,31,73,102,0.000000,0.000000,adl,adl,0.010000,1
blazepose-normalized::adl-02-cam0-rgb,5,32,32,79,108,0.000000,0.000000,adl,adl,0.068000,1
blazepose-normalized::adl-02-cam0-rgb,5,33,33,85,114,0.000000,0.000000,adl,adl,0.038000,1
blazepose-normalized::adl-02-cam0-rgb,5,34,34,91,120,0.000000,0.000000,adl,adl,0.020000,1
blazepose-normalized::adl-02-cam0-rgb,5,35,35,97,126,0.000000,0.000000,adl,adl,0.080000,1
blazepose-normalized::adl-02-cam0-rgb,5,36,36,103,132,0.000000,0.000000,adl,adl,0.216000,1
blazepose-normalized::adl-02-cam0-rgb,5,37,37,109,138,0.000000,0.000000,adl,adl,0.224000,1
blazepose-normalized::adl-02-cam0-rgb,5,38,38,115,144,0.000000,0.000000,adl,adl,0.128000,1
blazepose-normalized::adl-02-cam0-rgb,5,39,39,121,150,0.000000,0.000000,adl,adl,0.090000,1
blazepose-normalized::adl-02-cam0-rgb,5,40,40,127,156,0.000000,0.000000,adl,adl,0.052000,1
blazepose-normalized::adl-02-cam0-rgb,5,41,41,133,162,0.000000,0.000000,adl,adl,0.030000,1
blazepose-normalized::adl-02-cam0-rgb,5,42,42,139,168,0.000000,0.000000,adl,adl,0.032000,1
blazepose-normalized::adl-02-cam0-rgb,5,43,43,145,174,0.000000,0.000000,adl,adl,0.046000,1
blazepose-normalized::adl-02-cam0-rgb,5,44,44,151,180,0.000000,0.000000,adl,adl,0.034000,1
blazepose-normalized::adl-03-cam0-rgb,4,45,45,1,30,0.000000,0.000000,adl,adl,0.008000,1
blazepose-normalized::adl-03-cam0-rgb,4,46,46,7,36,0.000000,0.000000,adl,adl,0.014000,1
blazepose-normalized::adl-03-cam0-rgb,4,47,47,13,42,0.000000,0.000000,adl,adl,0.026000,1
blazepose-normalized::adl-03-cam0-rgb,4,48,48,19,48,0.000000,0.000000,adl,adl,0.012000,1
blazepose-normalized::adl-03-cam0-rgb,4,49,49,25,54,0.000000,0.000000,adl,adl,0.014000,1
blazepose-normalized::adl-03-cam0-rgb,4,50,50,31,60,0.000000,0.000000,adl,adl,0.008000,1
blazepose-normalized::adl-03-cam0-rgb,4,51,51,37,66,0.000000,0.000000,adl,adl,0.042000,1
blazepose-normalized::adl-03-cam0-rgb,4,52,52,43,72,0.000000,0.000000,adl,adl,0.060000,1
blazepose-normalized::adl-03-cam0-rgb,4,53,53,49,78,0.000000,0.000000,adl,adl,0.102000,1
blazepose-normalized::adl-03-cam0-rgb,4,54,54,55,84,0.000000,0.000000,adl,adl,0.144000,1
blazepose-normalized::adl-03-cam0-rgb,4,55,55,61,90,0.000000,0.000000,adl,adl,0.216000,1
blazepose-normalized::adl-03-cam0-rgb,4,56,56,67,96,0.000000,0.000000,adl,adl,0.232000,1
blazepose-normalized::adl-03-cam0-rgb,4,57,57,73,102,0.000000,0.000000,adl,adl,0.286000,1
blazepose-normalized::adl-03-cam0-rgb,4,58,58,79,108,0.000000,0.000000,adl,adl,0.326000,1
blazepose-normalized::adl-03-cam0-rgb,4,59,59,85,114,0.000000,0.000000,adl,adl,0.352000,1
blazepose-normalized::adl-03-cam0-rgb,4,60,60,91,120,0.000000,0.000000,adl,adl,0.310000,1
blazepose-normalized::adl-03-cam0-rgb,4,61,61,97,126,0.000000,0.000000,adl,adl,0.302000,1
blazepose-normalized::adl-03-cam0-rgb,4,62,62,103,132,0.000000,0.000000,adl,adl,0.292000,1
blazepose-normalized::adl-03-cam0-rgb,4,63,63,109,138,0.000000,0.000000,adl,adl,0.300000,1
blazepose-normalized::adl-03-cam0-rgb,4,64,64,115,144,0.000000,0.000000,adl,adl,0.364000,1
blazepose-normalized::adl-03-cam0-rgb,4,65,65,121,150,0.000000,0.000000,adl,adl,0.380000,1
blazepose-normalized::adl-03-cam0-rgb,4,66,66,127,156,0.000000,0.000000,adl,adl,0.338000,1
blazepose-normalized::adl-03-cam0-rgb,4,67,67,133,162,0.000000,0.000000,adl,adl,0.304000,1
blazepose-normalized::adl-03-cam0-rgb,4,68,68,139,168,0.000000,0.000000,adl,adl,0.286000,1
blazepose-normalized::adl-03-cam0-rgb,4,69,69,145,174,0.000000,0.000000,adl,adl,0.348000,1
blazepose-normalized::adl-03-cam0-rgb,4,70,70,151,180,0.000000,0.000000,adl,adl,0.346000,1
blazepose-normalized::adl-04-cam0-rgb,4,71,71,1,30,0.000000,0.000000,adl,adl,0.002000,1
blazepose-normalized::adl-04-cam0-rgb,4,72,72,7,36,0.000000,0.000000,adl,adl,0.000000,1
blazepose-normalized::adl-04-cam0-rgb,4,73,73,13,42,0.000000,0.000000,adl,adl,0.008000,1
blazepose-normalized::adl-04-cam0-rgb,4,74,74,19,48,0.000000,0.000000,adl,adl,0.012000,1
blazepose-normalized::adl-04-cam0-rgb,4,75,75,25,54,0.000000,0.000000,adl,adl,0.002000,1
blazepose-normalized::adl-04-cam0-rgb,4,76,76,31,60,0.000000,0.000000,adl,adl,0.022000,1
blazepose-normalized::adl-04-cam0-rgb,4,77,77,37,66,0.000000,0.000000,adl,adl,0.374000,1
blazepose-normalized::adl-04-cam0-rgb,4,78,78,43,72,0.000000,0.000000,adl,adl,0.344000,1
blazepose-normalized::adl-04-cam0-rgb,4,79,79,49,78,0.000000,0.000000,adl,adl,0.336000,1
blazepose-normalized::adl-04-cam0-rgb,4,80,80,55,84,0.000000,0.000000,adl,adl,0.386000,1
blazepose-normalized::adl-04-cam0-rgb,4,81,81,61,90,0.000000,0.000000,adl,adl,0.380000,1
blazepose-normalized::adl-04-cam0-rgb,4,82,82,67,96,0.000000,0.000000,adl,adl,0.486000,1
blazepose-normalized::adl-04-cam0-rgb,4,83,83,73,102,0.000000,0.000000,adl,adl,0.478000,1
blazepose-normalized::adl-04-cam0-rgb,4,84,84,79,108,0.000000,0.000000,adl,adl,0.396000,1
blazepose-normalized::adl-04-cam0-rgb,4,85,85,85,114,0.000000,0.000000,adl,adl,0.316000,1
blazepose-normalized::adl-04-cam0-rgb,4,86,86,91,120,0.000000,0.000000,adl,adl,0.300000,1
blazepose-normalized::adl-04-cam0-rgb,4,87,87,97,126,0.000000,0.000000,adl,adl,0.300000,1
blazepose-normalized::adl-04-cam0-rgb,4,88,88,103,132,0.000000,0.000000,adl,adl,0.248000,1
blazepose-normalized::adl-04-cam0-rgb,4,89,89,109,138,0.000000,0.000000,adl,adl,0.204000,1
blazepose-normalized::adl-04-cam0-rgb,4,90,90,115,144,0.000000,0.000000,adl,adl,0.154000,1
blazepose-normalized::adl-04-cam0-rgb,4,91,91,121,150,0.000000,0.000000,adl,adl,0.176000,1
blazepose-normalized::adl-05-cam0-rgb,3,92,92,1,30,0.000000,0.000000,adl,adl,0.022000,1
blazepose-normalized::adl-05-cam0-rgb,3,93,93,7,36,0.000000,0.000000,adl,adl,0.006000,1
blazepose-normalized::adl-05-cam0-rgb,3,94,94,13,42,0.000000,0.000000,adl,adl,0.000000,1
blazepose-normalized::adl-05-cam0-rgb,3,95,95,19,48,0.000000,0.000000,adl,adl,0.006000,1
blazepose-normalized::adl-05-cam0-rgb,3,96,96,25,54,0.000000,0.000000,adl,adl,0.018000,1
blazepose-normalized::adl-05-cam0-rgb,3,97,97,31,60,0.000000,0.000000,adl,adl,0.038000,1
blazepose-normalized::adl-05-cam0-rgb,3,98,98,37,66,0.000000,0.000000,adl,adl,0.062000,1
blazepose-normalized::adl-05-cam0-rgb,3,99,99,43,72,0.000000,0.000000,adl,adl,0.090000,1
blazepose-normalized::adl-05-cam0-rgb,3,100,100,49,78,0.000000,0.000000,adl,adl,0.078000,1
blazepose-normalized::adl-05-cam0-rgb,3,101,101,55,84,0.000000,0.000000,adl,adl,0.042000,1
blazepose-normalized::adl-05-cam0-rgb,3,102,102,61,90,0.000000,0.000000,adl,adl,0.058000,1
blazepose-normalized::adl-05-cam0-rgb,3,103,103,67,96,0.000000,0.000000,adl,adl,0.114000,1
blazepose-normalized::adl-05-cam0-rgb,3,104,104,73,102,0.000000,0.000000,adl,adl,0.216000,1
blazepose-normalized::adl-05-cam0-rgb,3,105,105,79,108,0.000000,0.000000,adl,adl,0.301250,1
blazepose-normalized::adl-05-cam0-rgb,3,106,106,85,114,0.000000,0.000000,adl,adl,0.332000,1
blazepose-normalized::adl-05-cam0-rgb,3,107,107,91,120,0.000000,0.000000,adl,adl,0.332000,1
blazepose-normalized::adl-05-cam0-rgb,3,108,108,97,126,0.000000,0.000000,adl,adl,0.328000,1
blazepose-normalized::adl-05-cam0-rgb,3,109,109,103,132,0.000000,0.000000,adl,adl,0.344000,1
blazepose-normalized::adl-05-cam0-rgb,3,110,110,109,138,0.000000,0.000000,adl,adl,0.334000,1
blazepose-normalized::adl-05-cam0-rgb,3,111,111,115,144,0.000000,0.000000,adl,adl,0.278000,1
blazepose-normalized::adl-05-cam0-rgb,3,112,112,121,150,0.000000,0.000000,adl,adl,0.252000,1
blazepose-normalized::adl-05-cam0-rgb,3,113,113,127,156,0.000000,0.000000,adl,adl,0.200000,1
blazepose-normalized::adl-05-cam0-rgb,3,114,114,133,162,0.000000,0.000000,adl,adl,0.150000,1
blazepose-normalized::adl-05-cam0-rgb,3,115,115,139,168,0.000000,0.000000,adl,adl,0.096000,1
blazepose-normalized::adl-05-cam0-rgb,3,116,116,145,174,0.000000,0.000000,adl,adl,0.080000,1
blazepose-normalized::adl-05-cam0-rgb,3,117,117,151,180,0.000000,0.000000,adl,adl,0.082000,1
blazepose-normalized::adl-06-cam0-rgb,4,118,118,1,30,0.000000,0.000000,adl,adl,0.006000,1
blazepose-normalized::adl-06-cam0-rgb,4,119,119,7,36,0.000000,0.000000,adl,adl,0.006000,1
blazepose-normalized::adl-06-cam0-rgb,4,120,120,13,42,0.000000,0.000000,adl,adl,0.004000,1
blazepose-normalized::adl-06-cam0-rgb,4,121,121,19,48,0.000000,0.000000,adl,adl,0.002000,1
blazepose-normalized::adl-06-cam0-rgb,4,122,122,25,54,0.000000,0.000000,adl,adl,0.004000,1
blazepose-normalized::adl-06-cam0-rgb,4,123,123,31,60,0.000000,0.000000,adl,adl,0.000000,1
blazepose-normalized::adl-06-cam0-rgb,4,124,124,37,66,0.000000,0.000000,adl,adl,0.012000,1
blazepose-normalized::adl-06-cam0-rgb,4,125,125,43,72,0.000000,0.000000,adl,adl,0.032000,1
blazepose-normalized::adl-06-cam0-rgb,4,126,126,49,78,0.000000,0.000000,adl,adl,0.008000,1
blazepose-normalized::adl-06-cam0-rgb,4,127,127,55,84,0.000000,0.000000,adl,adl,0.002000,1
blazepose-normalized::adl-06-cam0-rgb,4,128,128,61,90,0.000000,0.000000,adl,adl,0.010000,1
blazepose-normalized::adl-06-cam0-rgb,4,129,129,67,96,0.000000,0.000000,adl,adl,0.014000,1
blazepose-normalized::adl-06-cam0-rgb,4,130,130,73,102,0.000000,0.000000,adl,adl,0.012000,1
blazepose-normalized::adl-06-cam0-rgb,4,131,131,79,108,0.000000,0.000000,adl,adl,0.008000,1
blazepose-normalized::adl-06-cam0-rgb,4,132,132,85,114,0.000000,0.000000,adl,adl,0.012000,1
blazepose-normalized::adl-06-cam0-rgb,4,133,133,91,120,0.000000,0.000000,adl,adl,0.028000,1
blazepose-normalized::adl-06-cam0-rgb,4,134,134,97,126,0.000000,0.000000,adl,adl,0.086000,1
blazepose-normalized::adl-06-cam0-rgb,4,135,135,103,132,0.000000,0.000000,adl,adl,0.098000,1
blazepose-normalized::adl-06-cam0-rgb,4,136,136,109,138,0.000000,0.000000,adl,adl,0.136000,1
blazepose-normalized::adl-06-cam0-rgb,4,137,137,115,144,0.000000,0.000000,adl,adl,0.200000,1
blazepose-normalized::adl-06-cam0-rgb,4,138,138,121,150,0.000000,0.000000,adl,adl,0.244000,1
blazepose-normalized::adl-06-cam0-rgb,4,139,139,127,156,0.000000,0.000000,adl,adl,0.314000,1
blazepose-normalized::adl-06-cam0-rgb,4,140,140,133,162,0.000000,0.000000,adl,adl,0.374000,1
blazepose-normalized::adl-06-cam0-rgb,4,141,141,139,168,0.000000,0.000000,adl,adl,0.474000,1
blazepose-normalized::adl-06-cam0-rgb,4,142,142,145,174,0.000000,0.000000,adl,fall,0.556000,0
blazepose-normalized::adl-06-cam0-rgb,4,143,143,151,180,0.000000,0.000000,adl,fall,0.604000,0
blazepose-normalized::adl-06-cam0-rgb,4,144,144,157,186,0.000000,0.000000,adl,fall,0.608000,0
blazepose-normalized::adl-06-cam0-rgb,4,145,145,163,192,0.000000,0.000000,adl,fall,0.586000,0
blazepose-normalized::adl-06-cam0-rgb,4,146,146,169,198,0.000000,0.000000,adl,adl,0.472000,1
blazepose-normalized::adl-06-cam0-rgb,4,147,147,175,204,0.000000,0.000000,adl,adl,0.370000,1
blazepose-normalized::adl-06-cam0-rgb,4,148,148,181,210,0.000000,0.000000,adl,adl,0.300000,1
blazepose-normalized::adl-06-cam0-rgb,4,149,149,187,216,0.000000,0.000000,adl,adl,0.278000,1
blazepose-normalized::adl-06-cam0-rgb,4,150,150,193,222,0.000000,0.000000,adl,adl,0.190000,1
blazepose-normalized::adl-06-cam0-rgb,4,151,151,199,228,0.000000,0.000000,adl,adl,0.150000,1
blazepose-normalized::adl-07-cam0-rgb,2,152,152,1,30,0.000000,0.000000,adl,adl,0.000000,1
blazepose-normalized::adl-07-cam0-rgb,2,153,153,7,36,0.000000,0.000000,adl,adl,0.002000,1
blazepose-normalized::adl-07-cam0-rgb,2,154,154,13,42,0.000000,0.000000,adl,adl,0.004000,1
blazepose-normalized::adl-07-cam0-rgb,2,155,155,19,48,0.000000,0.000000,adl,adl,0.000000,1
blazepose-normalized::adl-07-cam0-rgb,2,156,156,25,54,0.000000,0.000000,adl,adl,0.000000,1
blazepose-normalized::adl-07-cam0-rgb,2,157,157,31,60,0.000000,0.000000,adl,adl,0.004000,1
blazepose-normalized::adl-07-cam0-rgb,2,158,158,37,66,0.000000,0.000000,adl,adl,0.016000,1
blazepose-normalized::adl-07-cam0-rgb,2,159,159,43,72,0.000000,0.000000,adl,adl,0.016000,1
blazepose-normalized::adl-07-cam0-rgb,2,160,160,49,78,0.000000,0.000000,adl,adl,0.042000,1
blazepose-normalized::adl-07-cam0-rgb,2,161,161,55,84,0.000000,0.000000,adl,adl,0.020000,1
blazepose-normalized::adl-07-cam0-rgb,2,162,162,61,90,0.000000,0.000000,adl,adl,0.038000,1
blazepose-normalized::adl-07-cam0-rgb,2,163,163,67,96,0.000000,0.000000,adl,adl,0.054000,1
blazepose-normalized::adl-07-cam0-rgb,2,164,164,73,102,0.000000,0.000000,adl,adl,0.110000,1
blazepose-normalized::adl-07-cam0-rgb,2,165,165,79,108,0.000000,0.000000,adl,adl,0.190000,1
blazepose-normalized::adl-07-cam0-rgb,2,166,166,85,114,0.000000,0.000000,adl,adl,0.270000,1
blazepose-normalized::adl-07-cam0-rgb,2,167,167,91,120,0.000000,0.000000,adl,adl,0.266000,1
blazepose-normalized::adl-07-cam0-rgb,2,168,168,97,126,0.000000,0.000000,adl,adl,0.122000,1
blazepose-normalized::adl-07-cam0-rgb,2,169,169,103,132,0.000000,0.000000,adl,adl,0.086000,1
blazepose-normalized::adl-07-cam0-rgb,2,170,170,109,138,0.000000,0.000000,adl,adl,0.024000,1
blazepose-normalized::adl-07-cam0-rgb,2,171,171,115,144,0.000000,0.000000,adl,adl,0.024000,1
blazepose-normalized::adl-07-cam0-rgb,2,172,172,121,150,0.000000,0.000000,adl,adl,0.020000,1
blazepose-normalized::adl-07-cam0-rgb,2,173,173,127,156,0.000000,0.000000,adl,adl,0.002000,1
blazepose-normalized::adl-07-cam0-rgb,2,174,174,133,162,0.000000,0.000000,adl,adl,0.004000,1
blazepose-normalized::adl-07-cam0-rgb,2,175,175,139,168,0.000000,0.000000,adl,adl,0.004000,1
blazepose-normalized::adl-07-cam0-rgb,2,176,176,145,174,0.000000,0.000000,adl,adl,0.004000,1
blazepose-normalized::adl-07-cam0-rgb,2,177,177,151,180,0.000000,0.000000,adl,adl,0.000000,1
blazepose-normalized::adl-08-cam0-rgb,1,178,178,1,30,0.000000,0.000000,adl,adl,0.002000,1
blazepose-normalized::adl-08-cam0-rgb,1,179,179,7,36,0.000000,0.000000,adl,adl,0.002000,1
blazepose-normalized::adl-08-cam0-rgb,1,180,180,13,42,0.000000,0.000000,adl,adl,0.000000,1
blazepose-normalized::adl-08-cam0-rgb,1,181,181,19,48,0.000000,0.000000,adl,adl,0.000000,1
blazepose-normalized::adl-08-cam0-rgb,1,182,182,25,54,0.000000,0.000000,adl,adl,0.000000,1
blazepose-normalized::adl-08-cam0-rgb,1,183,183,31,60,0.000000,0.000000,adl,adl,0.002000,1
blazepose-normalized::adl-08-cam0-rgb,1,184,184,37,66,0.000000,0.000000,adl,adl,0.004000,1
blazepose-normalized::adl-08-cam0-rgb,1,185,185,43,72,0.000000,0.000000,adl,adl,0.006000,1
blazepose-normalized::adl-08-cam0-rgb,1,186,186,49,78,0.000000,0.000000,adl,adl,0.002000,1
blazepose-normalized::adl-08-cam0-rgb,1,187,187,55,84,0.000000,0.000000,adl,adl,0.000000,1
blazepose-normalized::adl-08-cam0-rgb,1,188,188,61,90,0.000000,0.000000,adl,adl,0.000000,1
blazepose-normalized::adl-08-cam0-rgb,1,189,189,67,96,0.000000,0.000000,adl,adl,0.018000,1
blazepose-normalized::adl-08-cam0-rgb,1,190,190,73,102,0.000000,0.000000,adl,adl,0.012000,1
blazepose-normalized::adl-08-cam0-rgb,1,191,191,79,108,0.000000,0.000000,adl,adl,0.012000,1
blazepose-normalized::adl-08-cam0-rgb,1,192,192,85,114,0.000000,0.000000,adl,adl,0.038000,1
blazepose-normalized::adl-08-cam0-rgb,1,193,193,91,120,0.000000,0.000000,adl,adl,0.084000,1
blazepose-normalized::adl-08-cam0-rgb,1,194,194,97,126,0.000000,0.000000,adl,adl,0.206000,1
blazepose-normalized::adl-08-cam0-rgb,1,195,195,103,132,0.000000,0.000000,adl,adl,0.142000,1
blazepose-normalized::adl-08-cam0-rgb,1,196,196,109,138,0.000000,0.000000,adl,adl,0.040000,1
blazepose-normalized::adl-08-cam0-rgb,1,197,197,115,144,0.000000,0.000000,adl,adl,0.018000,1
blazepose-normalized::adl-08-cam0-rgb,1,198,198,121,150,0.000000,0.000000,adl,adl,0.006000,1
blazepose-normalized::adl-08-cam0-rgb,1,199,199,127,156,0.000000,0.000000,adl,adl,0.004000,1
blazepose-normalized::adl-08-cam0-rgb,1,200,200,133,162,0.000000,0.000000,adl,adl,0.010000,1
blazepose-normalized::adl-08-cam0-rgb,1,201,201,139,168,0.000000,0.000000,adl,adl,0.014000,1
blazepose-normalized::adl-08-cam0-rgb,1,202,202,145,174,0.000000,0.000000,adl,adl,0.010000,1
blazepose-normalized::adl-08-cam0-rgb,1,203,203,151,180,0.000000,0.000000,adl,adl,0.004000,1
blazepose-normalized::adl-09-cam0-rgb,2,204,204,1,30,0.000000,0.000000,adl,adl,0.004000,1
blazepose-normalized::adl-09-cam0-rgb,2,205,205,7,36,0.000000,0.000000,adl,adl,0.000000,1
blazepose-normalized::adl-09-cam0-rgb,2,206,206,13,42,0.000000,0.000000,adl,adl,0.006000,1
blazepose-normalized::adl-09-cam0-rgb,2,207,207,19,48,0.000000,0.000000,adl,adl,0.012000,1
blazepose-normalized::adl-09-cam0-rgb,2,208,208,25,54,0.000000,0.000000,adl,adl,0.030000,1
blazepose-normalized::adl-09-cam0-rgb,2,209,209,31,60,0.000000,0.000000,adl,adl,0.050000,1
blazepose-normalized::adl-09-cam0-rgb,2,210,210,37,66,0.000000,0.000000,adl,adl,0.058000,1
blazepose-normalized::adl-09-cam0-rgb,2,211,211,43,72,0.000000,0.000000,adl,adl,0.016000,1
blazepose-normalized::adl-09-cam0-rgb,2,212,212,49,78,0.000000,0.000000,adl,adl,0.002000,1
blazepose-normalized::adl-09-cam0-rgb,2,213,213,55,84,0.000000,0.000000,adl,adl,0.020000,1
blazepose-normalized::adl-09-cam0-rgb,2,214,214,61,90,0.000000,0.000000,adl,adl,0.028000,1
blazepose-normalized::adl-09-cam0-rgb,2,215,215,67,96,0.000000,0.000000,adl,adl,0.090000,1
blazepose-normalized::adl-09-cam0-rgb,2,216,216,73,102,0.000000,0.000000,adl,adl,0.126000,1
blazepose-normalized::adl-09-cam0-rgb,2,217,217,79,108,0.000000,0.000000,adl,adl,0.156000,1
blazepose-normalized::adl-09-cam0-rgb,2,218,218,85,114,0.000000,0.000000,adl,adl,0.180000,1
blazepose-normalized::adl-09-cam0-rgb,2,219,219,91,120,0.000000,0.000000,adl,adl,0.214000,1
blazepose-normalized::adl-09-cam0-rgb,2,220,220,97,126,0.000000,0.000000,adl,adl,0.230000,1
blazepose-normalized::adl-09-cam0-rgb,2,221,221,103,132,0.000000,0.000000,adl,adl,0.134000,1
blazepose-normalized::adl-09-cam0-rgb,2,222,222,109,138,0.000000,0.000000,adl,adl,0.078000,1
blazepose-normalized::adl-09-cam0-rgb,2,223,223,115,144,0.000000,0.000000,adl,adl,0.074000,1
blazepose-normalized::adl-09-cam0-rgb,2,224,224,121,150,0.000000,0.000000,adl,adl,0.070000,1
blazepose-normalized::adl-10-cam0-rgb,3,225,225,1,30,0.000000,0.000000,adl,adl,0.000000,1
blazepose-normalized::adl-10-cam0-rgb,3,226,226,7,36,0.000000,0.000000,adl,adl,0.000000,1
blazepose-normalized::adl-10-cam0-rgb,3,227,227,13,42,0.000000,0.000000,adl,adl,0.006000,1
blazepose-normalized::adl-10-cam0-rgb,3,228,228,19,48,0.000000,0.000000,adl,adl,0.000000,1
blazepose-normalized::adl-10-cam0-rgb,3,229,229,25,54,0.000000,0.000000,adl,adl,0.000000,1
blazepose-normalized::adl-10-cam0-rgb,3,230,230,31,60,0.000000,0.000000,adl,adl,0.002000,1
blazepose-normalized::adl-10-cam0-rgb,3,231,231,37,66,0.000000,0.000000,adl,adl,0.008000,1
blazepose-normalized::adl-10-cam0-rgb,3,232,232,43,72,0.000000,0.000000,adl,adl,0.010000,1
blazepose-normalized::adl-10-cam0-rgb,3,233,233,49,78,0.000000,0.000000,adl,adl,0.042000,1
blazepose-normalized::adl-10-cam0-rgb,3,234,234,55,84,0.000000,0.000000,adl,adl,0.026000,1
blazepose-normalized::adl-10-cam0-rgb,3,235,235,61,90,0.000000,0.000000,adl,adl,0.014000,1
blazepose-normalized::adl-10-cam0-rgb,3,236,236,67,96,0.000000,0.000000,adl,adl,0.002000,1
blazepose-normalized::adl-10-cam0-rgb,3,237,237,73,102,0.000000,0.000000,adl,adl,0.002000,1
blazepose-normalized::adl-10-cam0-rgb,3,238,238,79,108,0.000000,0.000000,adl,adl,0.022000,1
blazepose-normalized::adl-10-cam0-rgb,3,239,239,85,114,0.000000,0.000000,adl,adl,0.044000,1
blazepose-normalized::adl-10-cam0-rgb,3,240,240,91,120,0.000000,0.000000,adl,adl,0.080000,1
blazepose-normalized::adl-10-cam0-rgb,3,241,241,97,126,0.000000,0.000000,adl,adl,0.042000,1
blazepose-normalized::adl-10-cam0-rgb,3,242,242,103,132,0.000000,0.000000,adl,adl,0.128000,1
blazepose-normalized::adl-10-cam0-rgb,3,243,243,109,138,0.000000,0.000000,adl,adl,0.254000,1
blazepose-normalized::adl-10-cam0-rgb,3,244,244,115,144,0.000000,0.000000,adl,adl,0.240000,1
blazepose-normalized::adl-10-cam0-rgb,3,245,245,121,150,0.000000,0.000000,adl,adl,0.238000,1
blazepose-normalized::adl-10-cam0-rgb,3,246,246,127,156,0.000000,0.000000,adl,adl,0.252000,1
blazepose-normalized::adl-10-cam0-rgb,3,247,247,133,162,0.000000,0.000000,adl,adl,0.238000,1
blazepose-normalized::adl-10-cam0-rgb,3,248,248,139,168,0.000000,0.000000,adl,adl,0.094000,1
blazepose-normalized::adl-10-cam0-rgb,3,249,249,145,174,0.000000,0.000000,adl,adl,0.114000,1
blazepose-normalized::adl-10-cam0-rgb,3,250,250,151,180,0.000000,0.000000,adl,adl,0.168000,1
blazepose-normalized::adl-10-cam0-rgb,3,251,251,157,186,0.000000,0.000000,adl,adl,0.180000,1
blazepose-normalized::adl-10-cam0-rgb,3,252,252,163,192,0.000000,0.000000,adl,adl,0.190000,1
blazepose-normalized::adl-10-cam0-rgb,3,253,253,169,198,0.000000,0.000000,adl,adl,0.198000,1
blazepose-normalized::adl-10-cam0-rgb,3,254,254,175,204,0.000000,0.000000,adl,adl,0.218000,1
blazepose-normalized::adl-10-cam0-rgb,3,255,255,181,210,0.000000,0.000000,adl,adl,0.204000,1
blazepose-normalized::adl-10-cam0-rgb,3,256,256,187,216,0.000000,0.000000,adl,adl,0.200000,1
blazepose-normalized::adl-10-cam0-rgb,3,257,257,193,222,0.000000,0.000000,adl,adl,0.198000,1
blazepose-normalized::adl-10-cam0-rgb,3,258,258,199,228,0.000000,0.000000,adl,adl,0.212000,1
blazepose-normalized::adl-10-cam0-rgb,3,259,259,205,234,0.000000,0.000000,adl,adl,0.184000,1
blazepose-normalized::adl-10-cam0-rgb,3,260,260,211,240,0.000000,0.000000,adl,adl,0.174000,1
blazepose-normalized::adl-10-cam0-rgb,3,261,261,217,246,0.000000,0.000000,adl,adl,0.190000,1
blazepose-normalized::adl-10-cam0-rgb,3,262,262,223,252,0.000000,0.000000,adl,adl,0.190000,1
blazepose-normalized::adl-10-cam0-rgb,3,263,263,229,258,0.000000,0.000000,adl,adl,0.126000,1
blazepose-normalized::adl-10-cam0-rgb,3,264,264,235,264,0.000000,0.000000,adl,adl,0.119000,1
blazepose-normalized::adl-10-cam0-rgb,3,265,265,241,270,0.000000,0.000000,adl,adl,0.113000,1
blazepose-normalized::adl-10-cam0-rgb,3,266,266,247,276,0.000000,0.000000,adl,adl,0.093000,1
blazepose-normalized::adl-10-cam0-rgb,3,267,267,253,282,0.000000,0.000000,adl,adl,0.098000,1
blazepose-normalized::adl-10-cam0-rgb,3,268,268,259,288,0.000000,0.000000,adl,adl,0.097000,1
blazepose-normalized::adl-10-cam0-rgb,3,269,269,265,294,0.000000,0.000000,adl,adl,0.087000,1
blazepose-normalized::adl-10-cam0-rgb,3,270,270,271,300,0.000000,0.000000,adl,adl,0.091000,1
blazepose-normalized::adl-11-cam0-rgb,5,271,271,1,30,0.000000,0.000000,adl,adl,0.008000,1
blazepose-normalized::adl-11-cam0-rgb,5,272,272,7,36,0.000000,0.000000,adl,adl,0.006000,1
blazepose-normalized::adl-11-cam0-rgb,5,273,273,13,42,0.000000,0.000000,adl,adl,0.006000,1
blazepose-normalized::adl-11-cam0-rgb,5,274,274,19,48,0.000000,0.000000,adl,adl,0.004000,1
blazepose-normalized::adl-11-cam0-rgb,5,275,275,25,54,0.000000,0.000000,adl,adl,0.000000,1
blazepose-normalized::adl-11-cam0-rgb,5,276,276,31,60,0.000000,0.000000,adl,adl,0.006000,1
blazepose-normalized::adl-11-cam0-rgb,5,277,277,37,66,0.000000,0.000000,adl,adl,0.008000,1
blazepose-normalized::adl-11-cam0-rgb,5,278,278,43,72,0.000000,0.000000,adl,adl,0.000000,1
blazepose-normalized::adl-11-cam0-rgb,5,279,279,49,78,0.000000,0.000000,adl,adl,0.000000,1
blazepose-normalized::adl-11-cam0-rgb,5,280,280,55,84,0.000000,0.000000,adl,adl,0.018000,1
blazepose-normalized::adl-11-cam0-rgb,5,281,281,61,90,0.000000,0.000000,adl,adl,0.028000,1
blazepose-normalized::adl-11-cam0-rgb,5,282,282,67,96,0.000000,0.000000,adl,adl,0.030000,1
blazepose-normalized::adl-11-cam0-rgb,5,283,283,73,102,0.000000,0.000000,adl,adl,0.030000,1
blazepose-normalized::adl-11-cam0-rgb,5,284,284,79,108,0.000000,0.000000,adl,adl,0.006000,1
blazepose-normalized::adl-11-cam0-rgb,5,285,285,85,114,0.000000,0.000000,adl,adl,0.012000,1
blazepose-normalized::adl-11-cam0-rgb,5,286,286,91,120,0.000000,0.000000,adl,adl,0.038000,1
blazepose-normalized::adl-11-cam0-rgb,5,287,287,97,126,0.000000,0.000000,adl,adl,0.092000,1
blazepose-normalized::adl-11-cam0-rgb,5,288,288,103,132,0.000000,0.000000,adl,adl,0.212000,1
blazepose-normalized::adl-11-cam0-rgb,5,289,289,109,138,0.000000,0.000000,adl,adl,0.198000,1
blazepose-normalized::adl-11-cam0-rgb,5,290,290,115,144,0.000000,0.000000,adl,adl,0.218000,1
blazepose-normalized::adl-11-cam0-rgb,5,291,291,121,150,0.000000,0.000000,adl,adl,0.240000,1
blazepose-normalized::adl-11-cam0-rgb,5,292,292,127,156,0.000000,0.000000,adl,adl,0.272000,1
blazepose-normalized::adl-11-cam0-rgb,5,293,293,133,162,0.000000,0.000000,adl,adl,0.074000,1
blazepose-normalized::adl-11-cam0-rgb,5,294,294,139,168,0.000000,0.000000,adl,adl,0.048000,1
blazepose-normalized::adl-11-cam0-rgb,5,295,295,145,174,0.000000,0.000000,adl,adl,0.060000,1
blazepose-normalized::adl-11-cam0-rgb,5,296,296,151,180,0.000000,0.000000,adl,adl,0.056000,1
blazepose-normalized::adl-11-cam0-rgb,5,297,297,157,186,0.000000,0.000000,adl,adl,0.094000,1
blazepose-normalized::adl-11-cam0-rgb,5,298,298,163,192,0.000000,0.000000,adl,adl,0.112000,1
blazepose-normalized::adl-11-cam0-rgb,5,299,299,169,198,0.000000,0.000000,adl,adl,0.178000,1
blazepose-normalized::adl-11-cam0-rgb,5,300,300,175,204,0.000000,0.000000,adl,adl,0.254000,1
blazepose-normalized::adl-11-cam0-rgb,5,301,301,181,210,0.000000,0.000000,adl,adl,0.264000,1
blazepose-normalized::adl-11-cam0-rgb,5,302,302,187,216,0.000000,0.000000,adl,adl,0.282000,1
blazepose-normalized::adl-11-cam0-rgb,5,303,303,193,222,0.000000,0.000000,adl,adl,0.282000,1
blazepose-normalized::adl-11-cam0-rgb,5,304,304,199,228,0.000000,0.000000,adl,adl,0.252000,1
blazepose-normalized::adl-11-cam0-rgb,5,305,305,205,234,0.000000,0.000000,adl,adl,0.316000,1
blazepose-normalized::adl-11-cam0-rgb,5,306,306,211,240,0.000000,0.000000,adl,adl,0.387333,1
blazepose-normalized::adl-11-cam0-rgb,5,307,307,217,246,0.000000,0.000000,adl,adl,0.419333,1
blazepose-normalized::adl-11-cam0-rgb,5,308,308,223,252,0.000000,0.000000,adl,adl,0.417333,1
blazepose-normalized::adl-11-cam0-rgb,5,309,309,229,258,0.000000,0.000000,adl,adl,0.443333,1
blazepose-normalized::adl-11-cam0-rgb,5,310,310,235,264,0.000000,0.000000,adl,adl,0.338000,1
blazepose-normalized::adl-11-cam0-rgb,5,311,311,241,270,0.000000,0.000000,adl,adl,0.354000,1
blazepose-normalized::adl-11-cam0-rgb,5,312,312,247,276,0.000000,0.000000,adl,adl,0.346000,1
blazepose-normalized::adl-11-cam0-rgb,5,313,313,253,282,0.000000,0.000000,adl,adl,0.366000,1
blazepose-normalized::adl-11-cam0-rgb,5,314,314,259,288,0.000000,0.000000,adl,adl,0.362000,1
blazepose-normalized::adl-11-cam0-rgb,5,315,315,265,294,0.000000,0.000000,adl,adl,0.359333,1
blazepose-normalized::adl-11-cam0-rgb,5,316,316,271,300,0.000000,0.000000,adl,adl,0.391333,1
blazepose-normalized::adl-12-cam0-rgb,1,317,317,37,66,0.000000,0.000000,adl,adl,0.020000,1
blazepose-normalized::adl-12-cam0-rgb,1,318,318,43,72,0.000000,0.000000,adl,adl,0.000000,1
blazepose-normalized::adl-12-cam0-rgb,1,319,319,49,78,0.000000,0.000000,adl,adl,0.000000,1
blazepose-normalized::adl-12-cam0-rgb,1,320,320,55,84,0.000000,0.000000,adl,adl,0.000000,1
blazepose-normalized::adl-12-cam0-rgb,1,321,321,61,90,0.000000,0.000000,adl,adl,0.004000,1
blazepose-normalized::adl-12-cam0-rgb,1,322,322,67,96,0.000000,0.000000,adl,adl,0.004000,1
blazepose-normalized::adl-12-cam0-rgb,1,323,323,73,102,0.000000,0.000000,adl,adl,0.010000,1
blazepose-normalized::adl-12-cam0-rgb,1,324,324,79,108,0.000000,0.000000,adl,adl,0.008000,1
blazepose-normalized::adl-12-cam0-rgb,1,325,325,85,114,0.000000,0.000000,adl,adl,0.008000,1
blazepose-normalized::adl-12-cam0-rgb,1,326,326,91,120,0.000000,0.000000,adl,adl,0.002000,1
blazepose-normalized::adl-12-cam0-rgb,1,327,327,97,126,0.000000,0.000000,adl,adl,0.008000,1
blazepose-normalized::adl-12-cam0-rgb,1,328,328,103,132,0.000000,0.000000,adl,adl,0.008000,1
blazepose-normalized::adl-12-cam0-rgb,1,329,329,109,138,0.000000,0.000000,adl,adl,0.002000,1
blazepose-normalized::adl-12-cam0-rgb,1,330,330,115,144,0.000000,0.000000,adl,adl,0.008000,1
blazepose-normalized::adl-12-cam0-rgb,1,331,331,121,150,0.000000,0.000000,adl,adl,0.010000,1
blazepose-normalized::adl-12-cam0-rgb,1,332,332,127,156,0.000000,0.000000,adl,adl,0.042000,1
blazepose-normalized::adl-12-cam0-rgb,1,333,333,133,162,0.000000,0.000000,adl,adl,0.208000,1
blazepose-normalized::adl-12-cam0-rgb,1,334,334,139,168,0.000000,0.000000,adl,adl,0.306000,1
blazepose-normalized::adl-12-cam0-rgb,1,335,335,145,174,0.000000,0.000000,adl,adl,0.252000,1
blazepose-normalized::adl-12-cam0-rgb,1,336,336,151,180,0.000000,0.000000,adl,adl,0.160000,1
blazepose-normalized::adl-12-cam0-rgb,1,337,337,157,186,0.000000,0.000000,adl,adl,0.156000,1
blazepose-normalized::adl-12-cam0-rgb,1,338,338,163,192,0.000000,0.000000,adl,adl,0.140000,1
blazepose-normalized::adl-12-cam0-rgb,1,339,339,169,198,0.000000,0.000000,adl,adl,0.094000,1
blazepose-normalized::adl-12-cam0-rgb,1,340,340,175,204,0.000000,0.000000,adl,adl,0.096000,1
blazepose-normalized::adl-12-cam0-rgb,1,341,341,181,210,0.000000,0.000000,adl,adl,0.108000,1
blazepose-normalized::adl-12-cam0-rgb,1,342,342,187,216,0.000000,0.000000,adl,adl,0.116000,1
blazepose-normalized::adl-12-cam0-rgb,1,343,343,193,222,0.000000,0.000000,adl,adl,0.112000,1
blazepose-normalized::adl-12-cam0-rgb,1,344,344,199,228,0.000000,0.000000,adl,adl,0.050000,1
blazepose-normalized::adl-12-cam0-rgb,1,345,345,205,234,0.000000,0.000000,adl,adl,0.030000,1
blazepose-normalized::adl-12-cam0-rgb,1,346,346,211,240,0.000000,0.000000,adl,adl,0.030000,1
blazepose-normalized::adl-12-cam0-rgb,1,347,347,217,246,0.000000,0.000000,adl,adl,0.038000,1
blazepose-normalized::adl-13-cam0-rgb,4,348,348,49,78,0.000000,0.000000,adl,adl,0.006000,1
blazepose-normalized::adl-13-cam0-rgb,4,349,349,55,84,0.000000,0.000000,adl,adl,0.018000,1
blazepose-normalized::adl-13-cam0-rgb,4,350,350,61,90,0.000000,0.000000,adl,adl,0.008000,1
blazepose-normalized::adl-13-cam0-rgb,4,351,351,67,96,0.000000,0.000000,adl,adl,0.004000,1
blazepose-normalized::adl-13-cam0-rgb,4,352,352,73,102,0.000000,0.000000,adl,adl,0.010000,1
blazepose-normalized::adl-13-cam0-rgb,4,353,353,79,108,0.000000,0.000000,adl,adl,0.010000,1
blazepose-normalized::adl-13-cam0-rgb,4,354,354,85,114,0.000000,0.000000,adl,adl,0.002000,1
blazepose-normalized::adl-13-cam0-rgb,4,355,355,91,120,0.000000,0.000000,adl,adl,0.004000,1
blazepose-normalized::adl-13-cam0-rgb,4,356,356,97,126,0.000000,0.000000,adl,adl,0.012000,1
blazepose-normalized::adl-13-cam0-rgb,4,357,357,103,132,0.000000,0.000000,adl,adl,0.002000,1
blazepose-normalized::adl-13-cam0-rgb,4,358,358,109,138,0.000000,0.000000,adl,adl,0.004000,1
blazepose-normalized::adl-13-cam0-rgb,4,359,359,115,144,0.000000,0.000000,adl,adl,0.000000,1
blazepose-normalized::adl-13-cam0-rgb,4,360,360,121,150,0.000000,0.000000,adl,adl,0.004000,1
blazepose-normalized::adl-13-cam0-rgb,4,361,361,127,156,0.000000,0.000000,adl,adl,0.000000,1
blazepose-normalized::adl-13-cam0-rgb,4,362,362,133,162,0.000000,0.000000,adl,adl,0.006000,1
blazepose-normalized::adl-13-cam0-rgb,4,363,363,139,168,0.000000,0.000000,adl,adl,0.054000,1
blazepose-normalized::adl-13-cam0-rgb,4,364,364,145,174,0.000000,0.000000,adl,adl,0.134000,1
blazepose-normalized::adl-13-cam0-rgb,4,365,365,151,180,0.000000,0.000000,adl,adl,0.266000,1
blazepose-normalized::adl-13-cam0-rgb,4,366,366,157,186,0.000000,0.000000,adl,adl,0.432000,1
blazepose-normalized::adl-13-cam0-rgb,4,367,367,163,192,0.000000,0.000000,adl,adl,0.468000,1
blazepose-normalized::adl-13-cam0-rgb,4,368,368,169,198,0.000000,0.000000,adl,fall,0.504000,0
blazepose-normalized::adl-13-cam0-rgb,4,369,369,175,204,0.000000,0.000000,adl,fall,0.522000,0
blazepose-normalized::adl-13-cam0-rgb,4,370,370,181,210,0.000000,0.000000,adl,fall,0.536000,0
blazepose-normalized::adl-13-cam0-rgb,4,371,371,211,240,0.000000,0.000000,adl,adl,0.476000,1
blazepose-normalized::adl-13-cam0-rgb,4,372,372,217,246,0.000000,0.000000,adl,adl,0.336000,1
blazepose-normalized::adl-13-cam0-rgb,4,373,373,223,252,0.000000,0.000000,adl,adl,0.266000,1
blazepose-normalized::adl-13-cam0-rgb,4,374,374,229,258,0.000000,0.000000,adl,adl,0.188000,1
blazepose-normalized::adl-13-cam0-rgb,4,375,375,235,264,0.000000,0.000000,adl,adl,0.142000,1
blazepose-normalized::adl-14-cam0-rgb,3,376,376,37,66,0.000000,0.000000,adl,adl,0.002000,1
blazepose-normalized::adl-14-cam0-rgb,3,377,377,43,72,0.000000,0.000000,adl,adl,0.010000,1
blazepose-normalized::adl-14-cam0-rgb,3,378,378,49,78,0.000000,0.000000,adl,adl,0.004000,1
blazepose-normalized::adl-14-cam0-rgb,3,379,379,55,84,0.000000,0.000000,adl,adl,0.000000,1
blazepose-normalized::adl-14-cam0-rgb,3,380,380,61,90,0.000000,0.000000,adl,adl,0.004000,1
blazepose-normalized::adl-14-cam0-rgb,3,381,381,67,96,0.000000,0.000000,adl,adl,0.002000,1
blazepose-normalized::adl-14-cam0-rgb,3,382,382,73,102,0.000000,0.000000,adl,adl,0.002000,1
blazepose-normalized::adl-14-cam0-rgb,3,383,383,79,108,0.000000,0.000000,adl,adl,0.000000,1
blazepose-normalized::adl-14-cam0-rgb,3,384,384,85,114,0.000000,0.000000,adl,adl,0.000000,1
blazepose-normalized::adl-14-cam0-rgb,3,385,385,91,120,0.000000,0.000000,adl,adl,0.000000,1
blazepose-normalized::adl-14-cam0-rgb,3,386,386,97,126,0.000000,0.000000,adl,adl,0.002000,1
blazepose-normalized::adl-14-cam0-rgb,3,387,387,103,132,0.000000,0.000000,adl,adl,0.002000,1
blazepose-normalized::adl-14-cam0-rgb,3,388,388,109,138,0.000000,0.000000,adl,adl,0.002000,1
blazepose-normalized::adl-14-cam0-rgb,3,389,389,115,144,0.000000,0.000000,adl,adl,0.002000,1
blazepose-normalized::adl-14-cam0-rgb,3,390,390,121,150,0.000000,0.000000,adl,adl,0.002000,1
blazepose-normalized::adl-14-cam0-rgb,3,391,391,127,156,0.000000,0.000000,adl,adl,0.006000,1
blazepose-normalized::adl-14-cam0-rgb,3,392,392,133,162,0.000000,0.000000,adl,adl,0.030000,1
blazepose-normalized::adl-14-cam0-rgb,3,393,393,139,168,0.000000,0.000000,adl,adl,0.392000,1
blazepose-normalized::adl-14-cam0-rgb,3,394,394,145,174,0.000000,0.000000,adl,adl,0.286000,1
blazepose-normalized::adl-14-cam0-rgb,3,395,395,151,180,0.000000,0.000000,adl,adl,0.192000,1
blazepose-normalized::adl-14-cam0-rgb,3,396,396,157,186,0.000000,0.000000,adl,adl,0.123500,1
blazepose-normalized::adl-14-cam0-rgb,3,397,397,163,192,0.000000,0.000000,adl,adl,0.084000,1
blazepose-normalized::adl-14-cam0-rgb,3,398,398,169,198,0.000000,0.000000,adl,adl,0.096000,1
blazepose-normalized::adl-14-cam0-rgb,3,399,399,175,204,0.000000,0.000000,adl,adl,0.108000,1
blazepose-normalized::adl-14-cam0-rgb,3,400,400,181,210,0.000000,0.000000,adl,adl,0.058000,1
blazepose-normalized::adl-14-cam0-rgb,3,401,401,187,216,0.000000,0.000000,adl,adl,0.028000,1
blazepose-normalized::adl-14-cam0-rgb,3,402,402,193,222,0.000000,0.000000,adl,adl,0.018000,1
blazepose-normalized::adl-14-cam0-rgb,3,403,403,199,228,0.000000,0.000000,adl,adl,0.016000,1
blazepose-normalized::adl-14-cam0-rgb,3,404,404,205,234,0.000000,0.000000,adl,adl,0.044000,1
blazepose-normalized::adl-15-cam0-rgb,2,405,405,43,72,0.000000,0.000000,adl,adl,0.002000,1
blazepose-normalized::adl-15-cam0-rgb,2,406,406,49,78,0.000000,0.000000,adl,adl,0.004000,1
blazepose-normalized::adl-15-cam0-rgb,2,407,407,55,84,0.000000,0.000000,adl,adl,0.002000,1
blazepose-normalized::adl-15-cam0-rgb,2,408,408,61,90,0.000000,0.000000,adl,adl,0.000000,1
blazepose-normalized::adl-15-cam0-rgb,2,409,409,67,96,0.000000,0.000000,adl,adl,0.000000,1
blazepose-normalized::adl-15-cam0-rgb,2,410,410,73,102,0.000000,0.000000,adl,adl,0.002000,1
blazepose-normalized::adl-15-cam0-rgb,2,411,411,79,108,0.000000,0.000000,adl,adl,0.002000,1
blazepose-normalized::adl-15-cam0-rgb,2,412,412,85,114,0.000000,0.000000,adl,adl,0.002000,1
blazepose-normalized::adl-15-cam0-rgb,2,413,413,91,120,0.000000,0.000000,adl,adl,0.000000,1
blazepose-normalized::adl-15-cam0-rgb,2,414,414,97,126,0.000000,0.000000,adl,adl,0.002000,1
blazepose-normalized::adl-15-cam0-rgb,2,415,415,103,132,0.000000,0.000000,adl,adl,0.002000,1
blazepose-normalized::adl-15-cam0-rgb,2,416,416,109,138,0.000000,0.000000,adl,adl,0.002000,1
blazepose-normalized::adl-15-cam0-rgb,2,417,417,115,144,0.000000,0.000000,adl,adl,0.000000,1
blazepose-normalized::adl-15-cam0-rgb,2,418,418,121,150,0.000000,0.000000,adl,adl,0.002000,1
blazepose-normalized::adl-15-cam0-rgb,2,419,419,127,156,0.000000,0.000000,adl,adl,0.006000,1
blazepose-normalized::adl-15-cam0-rgb,2,420,420,133,162,0.000000,0.000000,adl,adl,0.014000,1
blazepose-normalized::adl-15-cam0-rgb,2,421,421,139,168,0.000000,0.000000,adl,adl,0.366000,1
blazepose-normalized::adl-15-cam0-rgb,2,422,422,145,174,0.000000,0.000000,adl,fall,0.568000,0
blazepose-normalized::adl-15-cam0-rgb,2,423,423,151,180,0.000000,0.000000,adl,adl,0.454000,1
blazepose-normalized::adl-15-cam0-rgb,2,424,424,157,186,0.000000,0.000000,adl,adl,0.320000,1
blazepose-normalized::adl-15-cam0-rgb,2,425,425,163,192,0.000000,0.000000,adl,adl,0.164000,1
blazepose-normalized::adl-15-cam0-rgb,2,426,426,169,198,0.000000,0.000000,adl,adl,0.106000,1
blazepose-normalized::adl-15-cam0-rgb,2,427,427,175,204,0.000000,0.000000,adl,adl,0.086000,1
blazepose-normalized::adl-15-cam0-rgb,2,428,428,181,210,0.000000,0.000000,adl,adl,0.068000,1
blazepose-normalized::adl-15-cam0-rgb,2,429,429,187,216,0.000000,0.000000,adl,adl,0.058000,1
blazepose-normalized::adl-15-cam0-rgb,2,430,430,193,222,0.000000,0.000000,adl,adl,0.052000,1
blazepose-normalized::adl-15-cam0-rgb,2,431,431,199,228,0.000000,0.000000,adl,adl,0.066000,1
blazepose-normalized::adl-15-cam0-rgb,2,432,432,205,234,0.000000,0.000000,adl,adl,0.056000,1
blazepose-normalized::adl-15-cam0-rgb,2,433,433,211,240,0.000000,0.000000,adl,adl,0.076000,1
blazepose-normalized::adl-15-cam0-rgb,2,434,434,217,246,0.000000,0.000000,adl,adl,0.062000,1
blazepose-normalized::adl-15-cam0-rgb,2,435,435,223,252,0.000000,0.000000,adl,adl,0.118000,1
blazepose-normalized::adl-15-cam0-rgb,2,436,436,229,258,0.000000,0.000000,adl,adl,0.048000,1
blazepose-normalized::adl-15-cam0-rgb,2,437,437,235,264,0.000000,0.000000,adl,adl,0.018000,1
blazepose-normalized::adl-15-cam0-rgb,2,438,438,241,270,0.000000,0.000000,adl,adl,0.020000,1
blazepose-normalized::adl-16-cam0-rgb,1,439,439,49,78,0.000000,0.000000,adl,adl,0.002000,1
blazepose-normalized::adl-16-cam0-rgb,1,440,440,55,84,0.000000,0.000000,adl,adl,0.008000,1
blazepose-normalized::adl-16-cam0-rgb,1,441,441,61,90,0.000000,0.000000,adl,adl,0.000000,1
blazepose-normalized::adl-16-cam0-rgb,1,442,442,67,96,0.000000,0.000000,adl,adl,0.006000,1
blazepose-normalized::adl-16-cam0-rgb,1,443,443,73,102,0.000000,0.000000,adl,adl,0.004000,1
blazepose-normalized::adl-16-cam0-rgb,1,444,444,79,108,0.000000,0.000000,adl,adl,0.004000,1
blazepose-normalized::adl-16-cam0-rgb,1,445,445,85,114,0.000000,0.000000,adl,adl,0.002000,1
blazepose-normalized::adl-16-cam0-rgb,1,446,446,91,120,0.000000,0.000000,adl,adl,0.008000,1
blazepose-normalized::adl-16-cam0-rgb,1,447,447,97,126,0.000000,0.000000,adl,adl,0.008000,1
blazepose-normalized::adl-16-cam0-rgb,1,448,448,103,132,0.000000,0.000000,adl,adl,0.010000,1
blazepose-normalized::adl-16-cam0-rgb,1,449,449,109,138,0.000000,0.000000,adl,adl,0.036000,1
blazepose-normalized::adl-16-cam0-rgb,1,450,450,115,144,0.000000,0.000000,adl,adl,0.082000,1
blazepose-normalized::adl-16-cam0-rgb,1,451,451,121,150,0.000000,0.000000,adl,adl,0.138000,1
blazepose-normalized::adl-16-cam0-rgb,1,452,452,127,156,0.000000,0.000000,adl,adl,0.180000,1
blazepose-normalized::adl-16-cam0-rgb,1,453,453,133,162,0.000000,0.000000,adl,adl,0.190000,1
blazepose-normalized::adl-16-cam0-rgb,1,454,454,139,168,0.000000,0.000000,adl,adl,0.208000,1
blazepose-normalized::adl-16-cam0-rgb,1,455,455,145,174,0.000000,0.000000,adl,adl,0.248000,1
blazepose-normalized::adl-16-cam0-rgb,1,456,456,151,180,0.000000,0.000000,adl,adl,0.220000,1
blazepose-normalized::adl-16-cam0-rgb,1,457,457,157,186,0.000000,0.000000,adl,adl,0.204000,1
blazepose-normalized::adl-16-cam0-rgb,1,458,458,163,192,0.000000,0.000000,adl,adl,0.220000,1
blazepose-normalized::adl-16-cam0-rgb,1,459,459,169,198,0.000000,0.000000,adl,adl,0.202000,1
blazepose-normalized::adl-16-cam0-rgb,1,460,460,175,204,0.000000,0.000000,adl,adl,0.314000,1
blazepose-normalized::adl-16-cam0-rgb,1,461,461,181,210,0.000000,0.000000,adl,adl,0.290000,1
blazepose-normalized::adl-16-cam0-rgb,1,462,462,187,216,0.000000,0.000000,adl,adl,0.284000,1
blazepose-normalized::adl-16-cam0-rgb,1,463,463,193,222,0.000000,0.000000,adl,adl,0.238000,1
blazepose-normalized::adl-16-cam0-rgb,1,464,464,199,228,0.000000,0.000000,adl,adl,0.240000,1
blazepose-normalized::adl-16-cam0-rgb,1,465,465,205,234,0.000000,0.000000,adl,adl,0.264000,1
blazepose-normalized::adl-16-cam0-rgb,1,466,466,211,240,0.000000,0.000000,adl,adl,0.052000,1
blazepose-normalized::adl-17-cam0-rgb,2,467,467,43,72,0.000000,0.000000,adl,adl,0.000000,1
blazepose-normalized::adl-17-cam0-rgb,2,468,468,49,78,0.000000,0.000000,adl,adl,0.000000,1
blazepose-normalized::adl-17-cam0-rgb,2,469,469,55,84,0.000000,0.000000,adl,adl,0.000000,1
blazepose-normalized::adl-17-cam0-rgb,2,470,470,61,90,0.000000,0.000000,adl,adl,0.004000,1
blazepose-normalized::adl-17-cam0-rgb,2,471,471,67,96,0.000000,0.000000,adl,adl,0.006000,1
blazepose-normalized::adl-17-cam0-rgb,2,472,472,73,102,0.000000,0.000000,adl,adl,0.004000,1
blazepose-normalized::adl-17-cam0-rgb,2,473,473,79,108,0.000000,0.000000,adl,adl,0.008000,1
blazepose-normalized::adl-17-cam0-rgb,2,474,474,85,114,0.000000,0.000000,adl,adl,0.014000,1
blazepose-normalized::adl-17-cam0-rgb,2,475,475,91,120,0.000000,0.000000,adl,adl,0.022000,1
blazepose-normalized::adl-17-cam0-rgb,2,476,476,97,126,0.000000,0.000000,adl,adl,0.004000,1
blazepose-normalized::adl-17-cam0-rgb,2,477,477,103,132,0.000000,0.000000,adl,adl,0.004000,1
blazepose-normalized::adl-17-cam0-rgb,2,478,478,109,138,0.000000,0.000000,adl,adl,0.004000,1
blazepose-normalized::adl-17-cam0-rgb,2,479,479,115,144,0.000000,0.000000,adl,adl,0.006000,1
blazepose-normalized::adl-17-cam0-rgb,2,480,480,121,150,0.000000,0.000000,adl,adl,0.164000,1
blazepose-normalized::adl-17-cam0-rgb,2,481,481,127,156,0.000000,0.000000,adl,adl,0.378000,1
blazepose-normalized::adl-17-cam0-rgb,2,482,482,133,162,0.000000,0.000000,adl,adl,0.464000,1
blazepose-normalized::adl-17-cam0-rgb,2,483,483,139,168,0.000000,0.000000,adl,fall,0.544000,0
blazepose-normalized::adl-17-cam0-rgb,2,484,484,145,174,0.000000,0.000000,adl,fall,0.526000,0
blazepose-normalized::adl-17-cam0-rgb,2,485,485,151,180,0.000000,0.000000,adl,fall,0.532000,0
blazepose-normalized::adl-17-cam0-rgb,2,486,486,157,186,0.000000,0.000000,adl,adl,0.414000,1
blazepose-normalized::adl-17-cam0-rgb,2,487,487,163,192,0.000000,0.000000,adl,adl,0.422000,1
blazepose-normalized::adl-17-cam0-rgb,2,488,488,169,198,0.000000,0.000000,adl,adl,0.472000,1
blazepose-normalized::adl-17-cam0-rgb,2,489,489,175,204,0.000000,0.000000,adl,adl,0.484000,1
blazepose-normalized::adl-17-cam0-rgb,2,490,490,181,210,0.000000,0.000000,adl,adl,0.464000,1
blazepose-normalized::adl-17-cam0-rgb,2,491,491,187,216,0.000000,0.000000,adl,adl,0.388000,1
blazepose-normalized::adl-17-cam0-rgb,2,492,492,193,222,0.000000,0.000000,adl,adl,0.280000,1
blazepose-normalized::adl-17-cam0-rgb,2,493,493,199,228,0.000000,0.000000,adl,adl,0.184000,1
blazepose-normalized::adl-18-cam0-rgb,5,494,494,67,96,0.000000,0.000000,adl,adl,0.016000,1
blazepose-normalized::adl-18-cam0-rgb,5,495,495,73,102,0.000000,0.000000,adl,adl,0.008000,1
blazepose-normalized::adl-18-cam0-rgb,5,496,496,79,108,0.000000,0.000000,adl,adl,0.000000,1
blazepose-normalized::adl-18-cam0-rgb,5,497,497,85,114,0.000000,0.000000,adl,adl,0.000000,1
blazepose-normalized::adl-18-cam0-rgb,5,498,498,91,120,0.000000,0.000000,adl,adl,0.010000,1
blazepose-normalized::adl-18-cam0-rgb,5,499,499,97,126,0.000000,0.000000,adl,adl,0.002000,1
blazepose-normalized::adl-18-cam0-rgb,5,500,500,103,132,0.000000,0.000000,adl,adl,0.006000,1
blazepose-normalized::adl-18-cam0-rgb,5,501,501,109,138,0.000000,0.000000,adl,adl,0.010000,1
blazepose-normalized::adl-18-cam0-rgb,5,502,502,115,144,0.000000,0.000000,adl,adl,0.006000,1
blazepose-normalized::adl-18-cam0-rgb,5,503,503,121,150,0.000000,0.000000,adl,adl,0.022000,1
blazepose-normalized::adl-18-cam0-rgb,5,504,504,127,156,0.000000,0.000000,adl,adl,0.008000,1
blazepose-normalized::adl-18-cam0-rgb,5,505,505,133,162,0.000000,0.000000,adl,adl,0.006000,1
blazepose-normalized::adl-18-cam0-rgb,5,506,506,139,168,0.000000,0.000000,adl,adl,0.012000,1
blazepose-normalized::adl-18-cam0-rgb,5,507,507,145,174,0.000000,0.000000,adl,adl,0.010000,1
blazepose-normalized::adl-18-cam0-rgb,5,508,508,151,180,0.000000,0.000000,adl,adl,0.004000,1
blazepose-normalized::adl-18-cam0-rgb,5,509,509,157,186,0.000000,0.000000,adl,adl,0.042000,1
blazepose-normalized::adl-18-cam0-rgb,5,510,510,163,192,0.000000,0.000000,adl,adl,0.068000,1
blazepose-normalized::adl-18-cam0-rgb,5,511,511,169,198,0.000000,0.000000,adl,adl,0.108000,1
blazepose-normalized::adl-18-cam0-rgb,5,512,512,175,204,0.000000,0.000000,adl,adl,0.118000,1
blazepose-normalized::adl-18-cam0-rgb,5,513,513,181,210,0.000000,0.000000,adl,adl,0.110000,1
blazepose-normalized::adl-18-cam0-rgb,5,514,514,187,216,0.000000,0.000000,adl,adl,0.090000,1
blazepose-normalized::adl-18-cam0-rgb,5,515,515,193,222,0.000000,0.000000,adl,adl,0.082000,1
blazepose-normalized::adl-18-cam0-rgb,5,516,516,199,228,0.000000,0.000000,adl,adl,0.036000,1
blazepose-normalized::adl-18-cam0-rgb,5,517,517,205,234,0.000000,0.000000,adl,adl,0.012000,1
blazepose-normalized::adl-18-cam0-rgb,5,518,518,211,240,0.000000,0.000000,adl,adl,0.016000,1
blazepose-normalized::adl-18-cam0-rgb,5,519,519,217,246,0.000000,0.000000,adl,adl,0.024000,1
blazepose-normalized::adl-18-cam0-rgb,5,520,520,223,252,0.000000,0.000000,adl,adl,0.026000,1
blazepose-normalized::adl-18-cam0-rgb,5,521,521,229,258,0.000000,0.000000,adl,adl,0.028000,1
blazepose-normalized::adl-19-cam0-rgb,2,522,522,55,84,0.000000,0.000000,adl,adl,0.030000,1
blazepose-normalized::adl-19-cam0-rgb,2,523,523,61,90,0.000000,0.000000,adl,adl,0.042000,1
blazepose-normalized::adl-19-cam0-rgb,2,524,524,67,96,0.000000,0.000000,adl,adl,0.022000,1
blazepose-normalized::adl-19-cam0-rgb,2,525,525,73,102,0.000000,0.000000,adl,adl,0.004000,1
blazepose-normalized::adl-19-cam0-rgb,2,526,526,79,108,0.000000,0.000000,adl,adl,0.004000,1
blazepose-normalized::adl-19-cam0-rgb,2,527,527,85,114,0.000000,0.000000,adl,adl,0.002000,1
blazepose-normalized::adl-19-cam0-rgb,2,528,528,91,120,0.000000,0.000000,adl,adl,0.000000,1
blazepose-normalized::adl-19-cam0-rgb,2,529,529,97,126,0.000000,0.000000,adl,adl,0.016000,1
blazepose-normalized::adl-19-cam0-rgb,2,530,530,103,132,0.000000,0.000000,adl,adl,0.022000,1
blazepose-normalized::adl-19-cam0-rgb,2,531,531,109,138,0.000000,0.000000,adl,adl,0.022000,1
blazepose-normalized::adl-19-cam0-rgb,2,532,532,115,144,0.000000,0.000000,adl,adl,0.014000,1
blazepose-normalized::adl-19-cam0-rgb,2,533,533,121,150,0.000000,0.000000,adl,adl,0.012000,1
blazepose-normalized::adl-19-cam0-rgb,2,534,534,127,156,0.000000,0.000000,adl,adl,0.024000,1
blazepose-normalized::adl-19-cam0-rgb,2,535,535,133,162,0.000000,0.000000,adl,adl,0.076000,1
blazepose-normalized::adl-19-cam0-rgb,2,536,536,139,168,0.000000,0.000000,adl,adl,0.100000,1
blazepose-normalized::adl-19-cam0-rgb,2,537,537,145,174,0.000000,0.000000,adl,adl,0.148000,1
blazepose-normalized::adl-19-cam0-rgb,2,538,538,151,180,0.000000,0.000000,adl,adl,0.148000,1
blazepose-normalized::adl-19-cam0-rgb,2,539,539,157,186,0.000000,0.000000,adl,adl,0.138000,1
blazepose-normalized::adl-19-cam0-rgb,2,540,540,163,192,0.000000,0.000000,adl,adl,0.200000,1
blazepose-normalized::adl-19-cam0-rgb,2,541,541,169,198,0.000000,0.000000,adl,adl,0.192000,1
blazepose-normalized::adl-19-cam0-rgb,2,542,542,175,204,0.000000,0.000000,adl,adl,0.176000,1
blazepose-normalized::adl-19-cam0-rgb,2,543,543,181,210,0.000000,0.000000,adl,adl,0.196000,1
blazepose-normalized::adl-19-cam0-rgb,2,544,544,187,216,0.000000,0.000000,adl,adl,0.182000,1
blazepose-normalized::adl-20-cam0-rgb,5,545,545,49,78,0.000000,0.000000,adl,adl,0.024000,1
blazepose-normalized::adl-20-cam0-rgb,5,546,546,55,84,0.000000,0.000000,adl,adl,0.020000,1
blazepose-normalized::adl-20-cam0-rgb,5,547,547,61,90,0.000000,0.000000,adl,adl,0.034000,1
blazepose-normalized::adl-20-cam0-rgb,5,548,548,67,96,0.000000,0.000000,adl,adl,0.062000,1
blazepose-normalized::adl-20-cam0-rgb,5,549,549,73,102,0.000000,0.000000,adl,adl,0.018000,1
blazepose-normalized::adl-20-cam0-rgb,5,550,550,79,108,0.000000,0.000000,adl,adl,0.006000,1
blazepose-normalized::adl-20-cam0-rgb,5,551,551,85,114,0.000000,0.000000,adl,adl,0.004000,1
blazepose-normalized::adl-20-cam0-rgb,5,552,552,91,120,0.000000,0.000000,adl,adl,0.008000,1
blazepose-normalized::adl-20-cam0-rgb,5,553,553,97,126,0.000000,0.000000,adl,adl,0.020000,1
blazepose-normalized::adl-20-cam0-rgb,5,554,554,103,132,0.000000,0.000000,adl,adl,0.014000,1
blazepose-normalized::adl-20-cam0-rgb,5,555,555,109,138,0.000000,0.000000,adl,adl,0.008000,1
blazepose-normalized::adl-20-cam0-rgb,5,556,556,115,144,0.000000,0.000000,adl,adl,0.014000,1
blazepose-normalized::adl-20-cam0-rgb,5,557,557,121,150,0.000000,0.000000,adl,adl,0.014000,1
blazepose-normalized::adl-20-cam0-rgb,5,558,558,127,156,0.000000,0.000000,adl,adl,0.016000,1
blazepose-normalized::adl-20-cam0-rgb,5,559,559,133,162,0.000000,0.000000,adl,adl,0.010000,1
blazepose-normalized::adl-20-cam0-rgb,5,560,560,139,168,0.000000,0.000000,adl,adl,0.004000,1
blazepose-normalized::adl-20-cam0-rgb,5,561,561,145,174,0.000000,0.000000,adl,adl,0.014000,1
blazepose-normalized::adl-20-cam0-rgb,5,562,562,151,180,0.000000,0.000000,adl,adl,0.016000,1
blazepose-normalized::adl-20-cam0-rgb,5,563,563,157,186,0.000000,0.000000,adl,adl,0.015667,1
blazepose-normalized::adl-20-cam0-rgb,5,564,564,163,192,0.000000,0.000000,adl,adl,0.041667,1
blazepose-normalized::adl-20-cam0-rgb,5,565,565,169,198,0.000000,0.000000,adl,adl,0.060000,1
blazepose-normalized::adl-20-cam0-rgb,5,566,566,175,204,0.000000,0.000000,adl,adl,0.055667,1
blazepose-normalized::adl-20-cam0-rgb,5,567,567,181,210,0.000000,0.000000,adl,adl,0.074000,1
blazepose-normalized::adl-20-cam0-rgb,5,568,568,187,216,0.000000,0.000000,adl,adl,0.098000,1
blazepose-normalized::adl-20-cam0-rgb,5,569,569,193,222,0.000000,0.000000,adl,adl,0.110000,1
blazepose-normalized::adl-20-cam0-rgb,5,570,570,199,228,0.000000,0.000000,adl,adl,0.054000,1
blazepose-normalized::adl-20-cam0-rgb,5,571,571,205,234,0.000000,0.000000,adl,adl,0.066000,1
blazepose-normalized::adl-20-cam0-rgb,5,572,572,211,240,0.000000,0.000000,adl,adl,0.070000,1
blazepose-normalized::adl-20-cam0-rgb,5,573,573,217,246,0.000000,0.000000,adl,adl,0.056000,1
blazepose-normalized::adl-20-cam0-rgb,5,574,574,223,252,0.000000,0.000000,adl,adl,0.042000,1
blazepose-normalized::adl-20-cam0-rgb,5,575,575,229,258,0.000000,0.000000,adl,adl,0.050000,1
blazepose-normalized::adl-21-cam0-rgb,4,576,576,49,78,0.000000,0.000000,adl,adl,0.010000,1
blazepose-normalized::adl-21-cam0-rgb,4,577,577,55,84,0.000000,0.000000,adl,adl,0.020000,1
blazepose-normalized::adl-21-cam0-rgb,4,578,578,61,90,0.000000,0.000000,adl,adl,0.006000,1
blazepose-normalized::adl-21-cam0-rgb,4,579,579,67,96,0.000000,0.000000,adl,adl,0.002000,1
blazepose-normalized::adl-21-cam0-rgb,4,580,580,73,102,0.000000,0.000000,adl,adl,0.000000,1
blazepose-normalized::adl-21-cam0-rgb,4,581,581,79,108,0.000000,0.000000,adl,adl,0.000000,1
blazepose-normalized::adl-21-cam0-rgb,4,582,582,85,114,0.000000,0.000000,adl,adl,0.002000,1
blazepose-normalized::adl-21-cam0-rgb,4,583,583,91,120,0.000000,0.000000,adl,adl,0.016000,1
blazepose-normalized::adl-21-cam0-rgb,4,584,584,97,126,0.000000,0.000000,adl,adl,0.012000,1
blazepose-normalized::adl-21-cam0-rgb,4,585,585,103,132,0.000000,0.000000,adl,adl,0.014000,1
blazepose-normalized::adl-21-cam0-rgb,4,586,586,109,138,0.000000,0.000000,adl,adl,0.006000,1
blazepose-normalized::adl-21-cam0-rgb,4,587,587,115,144,0.000000,0.000000,adl,adl,0.008000,1
blazepose-normalized::adl-21-cam0-rgb,4,588,588,121,150,0.000000,0.000000,adl,adl,0.008000,1
blazepose-normalized::adl-21-cam0-rgb,4,589,589,127,156,0.000000,0.000000,adl,adl,0.038000,1
blazepose-normalized::adl-21-cam0-rgb,4,590,590,133,162,0.000000,0.000000,adl,adl,0.066000,1
blazepose-normalized::adl-21-cam0-rgb,4,591,591,139,168,0.000000,0.000000,adl,adl,0.128000,1
blazepose-normalized::adl-21-cam0-rgb,4,592,592,145,174,0.000000,0.000000,adl,adl,0.112000,1
blazepose-normalized::adl-21-cam0-rgb,4,593,593,151,180,0.000000,0.000000,adl,adl,0.094000,1
blazepose-normalized::adl-21-cam0-rgb,4,594,594,157,186,0.000000,0.000000,adl,adl,0.104000,1
blazepose-normalized::adl-21-cam0-rgb,4,595,595,163,192,0.000000,0.000000,adl,adl,0.092000,1
blazepose-normalized::adl-21-cam0-rgb,4,596,596,169,198,0.000000,0.000000,adl,adl,0.102000,1
blazepose-normalized::adl-21-cam0-rgb,4,597,597,175,204,0.000000,0.000000,adl,adl,0.058000,1
blazepose-normalized::adl-21-cam0-rgb,4,598,598,181,210,0.000000,0.000000,adl,adl,0.074000,1
blazepose-normalized::adl-21-cam0-rgb,4,599,599,187,216,0.000000,0.000000,adl,adl,0.080000,1
blazepose-normalized::adl-21-cam0-rgb,4,600,600,193,222,0.000000,0.000000,adl,adl,0.078000,1
blazepose-normalized::adl-21-cam0-rgb,4,601,601,199,228,0.000000,0.000000,adl,adl,0.106000,1
blazepose-normalized::adl-21-cam0-rgb,4,602,602,205,234,0.000000,0.000000,adl,adl,0.100000,1
blazepose-normalized::adl-21-cam0-rgb,4,603,603,211,240,0.000000,0.000000,adl,adl,0.052000,1
blazepose-normalized::adl-21-cam0-rgb,4,604,604,217,246,0.000000,0.000000,adl,adl,0.050000,1
blazepose-normalized::adl-21-cam0-rgb,4,605,605,223,252,0.000000,0.000000,adl,adl,0.054000,1
blazepose-normalized::adl-22-cam0-rgb,3,606,606,31,60,0.000000,0.000000,adl,adl,0.000000,1
blazepose-normalized::adl-22-cam0-rgb,3,607,607,37,66,0.000000,0.000000,adl,adl,0.010000,1
blazepose-normalized::adl-22-cam0-rgb,3,608,608,43,72,0.000000,0.000000,adl,adl,0.010000,1
blazepose-normalized::adl-22-cam0-rgb,3,609,609,49,78,0.000000,0.000000,adl,adl,0.008000,1
blazepose-normalized::adl-22-cam0-rgb,3,610,610,55,84,0.000000,0.000000,adl,adl,0.004000,1
blazepose-normalized::adl-22-cam0-rgb,3,611,611,61,90,0.000000,0.000000,adl,adl,0.006000,1
blazepose-normalized::adl-22-cam0-rgb,3,612,612,67,96,0.000000,0.000000,adl,adl,0.012000,1
blazepose-normalized::adl-22-cam0-rgb,3,613,613,73,102,0.000000,0.000000,adl,adl,0.002000,1
blazepose-normalized::adl-22-cam0-rgb,3,614,614,79,108,0.000000,0.000000,adl,adl,0.046000,1
blazepose-normalized::adl-22-cam0-rgb,3,615,615,85,114,0.000000,0.000000,adl,adl,0.072000,1
blazepose-normalized::adl-22-cam0-rgb,3,616,616,91,120,0.000000,0.000000,adl,adl,0.036000,1
blazepose-normalized::adl-22-cam0-rgb,3,617,617,97,126,0.000000,0.000000,adl,adl,0.070000,1
blazepose-normalized::adl-22-cam0-rgb,3,618,618,103,132,0.000000,0.000000,adl,adl,0.138000,1
blazepose-normalized::adl-22-cam0-rgb,3,619,619,109,138,0.000000,0.000000,adl,adl,0.166000,1
blazepose-normalized::adl-22-cam0-rgb,3,620,620,115,144,0.000000,0.000000,adl,adl,0.106000,1
blazepose-normalized::adl-22-cam0-rgb,3,621,621,121,150,0.000000,0.000000,adl,adl,0.038000,1
blazepose-normalized::adl-22-cam0-rgb,3,622,622,127,156,0.000000,0.000000,adl,adl,0.056000,1
blazepose-normalized::adl-22-cam0-rgb,3,623,623,133,162,0.000000,0.000000,adl,adl,0.098000,1
blazepose-normalized::adl-22-cam0-rgb,3,624,624,139,168,0.000000,0.000000,adl,adl,0.090000,1
blazepose-normalized::adl-22-cam0-rgb,3,625,625,145,174,0.000000,0.000000,adl,adl,0.082000,1
blazepose-normalized::adl-22-cam0-rgb,3,626,626,151,180,0.000000,0.000000,adl,adl,0.078000,1
blazepose-normalized::adl-22-cam0-rgb,3,627,627,157,186,0.000000,0.000000,adl,adl,0.080000,1
blazepose-normalized::adl-22-cam0-rgb,3,628,628,163,192,0.000000,0.000000,adl,adl,0.091714,1
blazepose-normalized::adl-23-cam0-rgb,5,629,629,13,42,0.000000,0.000000,adl,adl,0.020000,1
blazepose-normalized::adl-23-cam0-rgb,5,630,630,19,48,0.000000,0.000000,adl,adl,0.020000,1
blazepose-normalized::adl-23-cam0-rgb,5,631,631,25,54,0.000000,0.000000,adl,adl,0.026000,1
blazepose-normalized::adl-23-cam0-rgb,5,632,632,31,60,0.000000,0.000000,adl,adl,0.018000,1
blazepose-normalized::adl-23-cam0-rgb,5,633,633,37,66,0.000000,0.000000,adl,adl,0.008000,1
blazepose-normalized::adl-23-cam0-rgb,5,634,634,43,72,0.000000,0.000000,adl,adl,0.012000,1
blazepose-normalized::adl-23-cam0-rgb,5,635,635,49,78,0.000000,0.000000,adl,adl,0.010000,1
blazepose-normalized::adl-23-cam0-rgb,5,636,636,55,84,0.000000,0.000000,adl,adl,0.016000,1
blazepose-normalized::adl-23-cam0-rgb,5,637,637,61,90,0.000000,0.000000,adl,adl,0.026000,1
blazepose-normalized::adl-23-cam0-rgb,5,638,638,67,96,0.000000,0.000000,adl,adl,0.012000,1
blazepose-normalized::adl-23-cam0-rgb,5,639,639,73,102,0.000000,0.000000,adl,adl,0.006000,1
blazepose-normalized::adl-23-cam0-rgb,5,640,640,79,108,0.000000,0.000000,adl,adl,0.056000,1
blazepose-normalized::adl-23-cam0-rgb,5,641,641,85,114,0.000000,0.000000,adl,adl,0.072000,1
blazepose-normalized::adl-23-cam0-rgb,5,642,642,91,120,0.000000,0.000000,adl,adl,0.036000,1
blazepose-normalized::adl-23-cam0-rgb,5,643,643,97,126,0.000000,0.000000,adl,adl,0.044000,1
blazepose-normalized::adl-23-cam0-rgb,5,644,644,103,132,0.000000,0.000000,adl,adl,0.126000,1
blazepose-normalized::adl-23-cam0-rgb,5,645,645,109,138,0.000000,0.000000,adl,adl,0.162000,1
blazepose-normalized::adl-23-cam0-rgb,5,646,646,115,144,0.000000,0.000000,adl,adl,0.092000,1
blazepose-normalized::adl-23-cam0-rgb,5,647,647,121,150,0.000000,0.000000,adl,adl,0.086000,1
blazepose-normalized::adl-23-cam0-rgb,5,648,648,127,156,0.000000,0.000000,adl,adl,0.090000,1
blazepose-normalized::adl-23-cam0-rgb,5,649,649,133,162,0.000000,0.000000,adl,adl,0.066000,1
blazepose-normalized::adl-24-cam0-rgb,5,650,650,1,30,0.000000,0.000000,adl,adl,0.050000,1
blazepose-normalized::adl-24-cam0-rgb,5,651,651,7,36,0.000000,0.000000,adl,adl,0.026000,1
blazepose-normalized::adl-24-cam0-rgb,5,652,652,13,42,0.000000,0.000000,adl,adl,0.022000,1
blazepose-normalized::adl-24-cam0-rgb,5,653,653,19,48,0.000000,0.000000,adl,adl,0.012000,1
blazepose-normalized::adl-24-cam0-rgb,5,654,654,25,54,0.000000,0.000000,adl,adl,0.026000,1
blazepose-normalized::adl-24-cam0-rgb,5,655,655,31,60,0.000000,0.000000,adl,adl,0.010000,1
blazepose-normalized::adl-24-cam0-rgb,5,656,656,37,66,0.000000,0.000000,adl,adl,0.004000,1
blazepose-normalized::adl-25-cam0-rgb,2,657,657,1,30,0.000000,0.000000,adl,adl,0.012000,1
blazepose-normalized::adl-25-cam0-rgb,2,658,658,7,36,0.000000,0.000000,adl,adl,0.022000,1
blazepose-normalized::adl-25-cam0-rgb,2,659,659,13,42,0.000000,0.000000,adl,adl,0.092000,1
blazepose-normalized::adl-25-cam0-rgb,2,660,660,19,48,0.000000,0.000000,adl,adl,0.262000,1
blazepose-normalized::adl-25-cam0-rgb,2,661,661,25,54,0.000000,0.000000,adl,adl,0.224000,1
blazepose-normalized::adl-25-cam0-rgb,2,662,662,31,60,0.000000,0.000000,adl,adl,0.096000,1
blazepose-normalized::adl-25-cam0-rgb,2,663,663,37,66,0.000000,0.000000,adl,adl,0.016000,1
blazepose-normalized::adl-25-cam0-rgb,2,664,664,43,72,0.000000,0.000000,adl,adl,0.016000,1
blazepose-normalized::adl-25-cam0-rgb,2,665,665,49,78,0.000000,0.000000,adl,adl,0.010000,1
blazepose-normalized::adl-25-cam0-rgb,2,666,666,55,84,0.000000,0.000000,adl,adl,0.004000,1
blazepose-normalized::adl-25-cam0-rgb,2,667,667,61,90,0.000000,0.000000,adl,adl,0.004000,1
blazepose-normalized::adl-25-cam0-rgb,2,668,668,67,96,0.000000,0.000000,adl,adl,0.002000,1
blazepose-normalized::adl-25-cam0-rgb,2,669,669,73,102,0.000000,0.000000,adl,adl,0.002000,1
blazepose-normalized::adl-25-cam0-rgb,2,670,670,79,108,0.000000,0.000000,adl,adl,0.002000,1
blazepose-normalized::adl-26-cam0-rgb,4,671,671,1,30,0.000000,0.000000,adl,adl,0.030000,1
blazepose-normalized::adl-26-cam0-rgb,4,672,672,7,36,0.000000,0.000000,adl,adl,0.380000,1
blazepose-normalized::adl-26-cam0-rgb,4,673,673,13,42,0.000000,0.000000,adl,adl,0.438000,1
blazepose-normalized::adl-26-cam0-rgb,4,674,674,19,48,0.000000,0.000000,adl,adl,0.392000,1
blazepose-normalized::adl-26-cam0-rgb,4,675,675,25,54,0.000000,0.000000,adl,adl,0.282000,1
blazepose-normalized::adl-26-cam0-rgb,4,676,676,31,60,0.000000,0.000000,adl,adl,0.210000,1
blazepose-normalized::adl-26-cam0-rgb,4,677,677,37,66,0.000000,0.000000,adl,adl,0.194000,1
blazepose-normalized::adl-26-cam0-rgb,4,678,678,43,72,0.000000,0.000000,adl,adl,0.118000,1
blazepose-normalized::adl-26-cam0-rgb,4,679,679,49,78,0.000000,0.000000,adl,adl,0.078000,1
blazepose-normalized::adl-26-cam0-rgb,4,680,680,55,84,0.000000,0.000000,adl,adl,0.040000,1
blazepose-normalized::adl-26-cam0-rgb,4,681,681,61,90,0.000000,0.000000,adl,adl,0.018000,1
blazepose-normalized::adl-27-cam0-rgb,2,682,682,1,30,0.000000,0.000000,adl,adl,0.030000,1
blazepose-normalized::adl-27-cam0-rgb,2,683,683,7,36,0.000000,0.000000,adl,adl,0.054000,1
blazepose-normalized::adl-27-cam0-rgb,2,684,684,13,42,0.000000,0.000000,adl,adl,0.044000,1
blazepose-normalized::adl-27-cam0-rgb,2,685,685,19,48,0.000000,0.000000,adl,adl,0.124000,1
blazepose-normalized::adl-27-cam0-rgb,2,686,686,25,54,0.000000,0.000000,adl,adl,0.370000,1
blazepose-normalized::adl-27-cam0-rgb,2,687,687,31,60,0.000000,0.000000,adl,adl,0.284000,1
blazepose-normalized::adl-27-cam0-rgb,2,688,688,37,66,0.000000,0.000000,adl,adl,0.142000,1
blazepose-normalized::adl-27-cam0-rgb,2,689,689,43,72,0.000000,0.000000,adl,adl,0.042000,1
blazepose-normalized::adl-27-cam0-rgb,2,690,690,49,78,0.000000,0.000000,adl,adl,0.008000,1
blazepose-normalized::adl-27-cam0-rgb,2,691,691,55,84,0.000000,0.000000,adl,adl,0.006000,1
blazepose-normalized::adl-27-cam0-rgb,2,692,692,61,90,0.000000,0.000000,adl,adl,0.002000,1
blazepose-normalized::adl-27-cam0-rgb,2,693,693,67,96,0.000000,0.000000,adl,adl,0.006000,1
blazepose-normalized::adl-28-cam0-rgb,1,694,694,1,30,0.000000,0.000000,adl,adl,0.280000,1
blazepose-normalized::adl-28-cam0-rgb,1,695,695,7,36,0.000000,0.000000,adl,adl,0.494000,1
blazepose-normalized::adl-28-cam0-rgb,1,696,696,13,42,0.000000,0.000000,adl,adl,0.446000,1
blazepose-normalized::adl-28-cam0-rgb,1,697,697,19,48,0.000000,0.000000,adl,adl,0.282000,1
blazepose-normalized::adl-28-cam0-rgb,1,698,698,25,54,0.000000,0.000000,adl,adl,0.188000,1
blazepose-normalized::adl-28-cam0-rgb,1,699,699,31,60,0.000000,0.000000,adl,adl,0.136000,1
blazepose-normalized::adl-28-cam0-rgb,1,700,700,37,66,0.000000,0.000000,adl,adl,0.062000,1
blazepose-normalized::adl-28-cam0-rgb,1,701,701,43,72,0.000000,0.000000,adl,adl,0.056000,1
blazepose-normalized::adl-28-cam0-rgb,1,702,702,49,78,0.000000,0.000000,adl,adl,0.124000,1
blazepose-normalized::adl-28-cam0-rgb,1,703,703,55,84,0.000000,0.000000,adl,adl,0.116000,1
blazepose-normalized::adl-29-cam0-rgb,4,704,704,1,30,0.000000,0.000000,adl,adl,0.016000,1
blazepose-normalized::adl-29-cam0-rgb,4,705,705,7,36,0.000000,0.000000,adl,adl,0.036000,1
blazepose-normalized::adl-29-cam0-rgb,4,706,706,13,42,0.000000,0.000000,adl,adl,0.052000,1
blazepose-normalized::adl-29-cam0-rgb,4,707,707,19,48,0.000000,0.000000,adl,adl,0.050000,1
blazepose-normalized::adl-29-cam0-rgb,4,708,708,25,54,0.000000,0.000000,adl,adl,0.230000,1
blazepose-normalized::adl-29-cam0-rgb,4,709,709,31,60,0.000000,0.000000,adl,adl,0.242000,1
blazepose-normalized::adl-29-cam0-rgb,4,710,710,37,66,0.000000,0.000000,adl,adl,0.138000,1
blazepose-normalized::adl-29-cam0-rgb,4,711,711,43,72,0.000000,0.000000,adl,adl,0.086000,1
blazepose-normalized::adl-29-cam0-rgb,4,712,712,49,78,0.000000,0.000000,adl,adl,0.036000,1
blazepose-normalized::adl-29-cam0-rgb,4,713,713,55,84,0.000000,0.000000,adl,adl,0.036000,1
blazepose-normalized::adl-29-cam0-rgb,4,714,714,61,90,0.000000,0.000000,adl,adl,0.066000,1
blazepose-normalized::adl-29-cam0-rgb,4,715,715,67,96,0.000000,0.000000,adl,adl,0.066000,1
blazepose-normalized::adl-29-cam0-rgb,4,716,716,73,102,0.000000,0.000000,adl,adl,0.072000,1
blazepose-normalized::adl-29-cam0-rgb,4,717,717,79,108,0.000000,0.000000,adl,adl,0.060000,1
blazepose-normalized::adl-29-cam0-rgb,4,718,718,85,114,0.000000,0.000000,adl,adl,0.036000,1
blazepose-normalized::adl-29-cam0-rgb,4,719,719,91,120,0.000000,0.000000,adl,adl,0.030000,1
blazepose-normalized::adl-30-cam0-rgb,1,720,720,25,54,0.000000,0.000000,adl,adl,0.040000,1
blazepose-normalized::adl-30-cam0-rgb,1,721,721,31,60,0.000000,0.000000,adl,adl,0.040000,1
blazepose-normalized::adl-30-cam0-rgb,1,722,722,37,66,0.000000,0.000000,adl,adl,0.004000,1
blazepose-normalized::adl-30-cam0-rgb,1,723,723,43,72,0.000000,0.000000,adl,adl,0.004000,1
blazepose-normalized::adl-30-cam0-rgb,1,724,724,49,78,0.000000,0.000000,adl,adl,0.016000,1
blazepose-normalized::adl-30-cam0-rgb,1,725,725,55,84,0.000000,0.000000,adl,adl,0.010000,1
blazepose-normalized::adl-30-cam0-rgb,1,726,726,61,90,0.000000,0.000000,adl,adl,0.016000,1
blazepose-normalized::adl-30-cam0-rgb,1,727,727,67,96,0.000000,0.000000,adl,adl,0.000000,1
blazepose-normalized::adl-30-cam0-rgb,1,728,728,73,102,0.000000,0.000000,adl,adl,0.000000,1
blazepose-normalized::adl-30-cam0-rgb,1,729,729,79,108,0.000000,0.000000,adl,adl,0.002000,1
blazepose-normalized::adl-30-cam0-rgb,1,730,730,85,114,0.000000,0.000000,adl,adl,0.000000,1
blazepose-normalized::adl-30-cam0-rgb,1,731,731,91,120,0.000000,0.000000,adl,adl,0.006000,1
blazepose-normalized::adl-30-cam0-rgb,1,732,732,97,126,0.000000,0.000000,adl,adl,0.000000,1
blazepose-normalized::adl-30-cam0-rgb,1,733,733,103,132,0.000000,0.000000,adl,adl,0.000000,1
blazepose-normalized::adl-30-cam0-rgb,1,734,734,109,138,0.000000,0.000000,adl,adl,0.004000,1
blazepose-normalized::adl-30-cam0-rgb,1,735,735,115,144,0.000000,0.000000,adl,adl,0.044000,1
blazepose-normalized::adl-30-cam0-rgb,1,736,736,121,150,0.000000,0.000000,adl,adl,0.272000,1
blazepose-normalized::adl-30-cam0-rgb,1,737,737,127,156,0.000000,0.000000,adl,adl,0.442000,1
blazepose-normalized::adl-30-cam0-rgb,1,738,738,133,162,0.000000,0.000000,adl,adl,0.470000,1
blazepose-normalized::adl-30-cam0-rgb,1,739,739,139,168,0.000000,0.000000,adl,adl,0.464000,1
blazepose-normalized::adl-30-cam0-rgb,1,740,740,145,174,0.000000,0.000000,adl,fall,0.514000,0
blazepose-normalized::adl-30-cam0-rgb,1,741,741,151,180,0.000000,0.000000,adl,adl,0.474000,1
blazepose-normalized::adl-30-cam0-rgb,1,742,742,157,186,0.000000,0.000000,adl,adl,0.368000,1
blazepose-normalized::adl-30-cam0-rgb,1,743,743,163,192,0.000000,0.000000,adl,adl,0.348000,1
blazepose-normalized::adl-30-cam0-rgb,1,744,744,169,198,0.000000,0.000000,adl,adl,0.216000,1
blazepose-normalized::adl-30-cam0-rgb,1,745,745,175,204,0.000000,0.000000,adl,adl,0.144000,1
blazepose-normalized::adl-30-cam0-rgb,1,746,746,181,210,0.000000,0.000000,adl,adl,0.138000,1
blazepose-normalized::adl-30-cam0-rgb,1,747,747,187,216,0.000000,0.000000,adl,adl,0.174000,1
blazepose-normalized::adl-30-cam0-rgb,1,748,748,193,222,0.000000,0.000000,adl,adl,0.188000,1
blazepose-normalized::adl-30-cam0-rgb,1,749,749,199,228,0.000000,0.000000,adl,adl,0.292000,1
blazepose-normalized::adl-30-cam0-rgb,1,750,750,205,234,0.000000,0.000000,adl,adl,0.310000,1
blazepose-normalized::adl-30-cam0-rgb,1,751,751,211,240,0.000000,0.000000,adl,adl,0.404667,1
blazepose-normalized::adl-30-cam0-rgb,1,752,752,217,246,0.000000,0.000000,adl,adl,0.454000,1
blazepose-normalized::adl-30-cam0-rgb,1,753,753,223,252,0.000000,0.000000,adl,adl,0.426000,1
blazepose-normalized::adl-30-cam0-rgb,1,754,754,229,258,0.000000,0.000000,adl,adl,0.428000,1
blazepose-normalized::adl-30-cam0-rgb,1,755,755,235,264,0.000000,0.000000,adl,adl,0.468000,1
blazepose-normalized::adl-30-cam0-rgb,1,756,756,241,270,0.000000,0.000000,adl,fall,0.504000,0
blazepose-normalized::adl-30-cam0-rgb,1,757,757,247,276,0.000000,0.000000,adl,adl,0.462000,1
blazepose-normalized::adl-30-cam0-rgb,1,758,758,253,282,0.000000,0.000000,adl,adl,0.338000,1
blazepose-normalized::adl-30-cam0-rgb,1,759,759,259,288,0.000000,0.000000,adl,adl,0.306000,1
blazepose-normalized::adl-30-cam0-rgb,1,760,760,265,294,0.000000,0.000000,adl,adl,0.298000,1
blazepose-normalized::adl-30-cam0-rgb,1,761,761,271,300,0.000000,0.000000,adl,adl,0.266000,1
blazepose-normalized::adl-30-cam0-rgb,1,762,762,277,306,0.000000,0.000000,adl,adl,0.068000,1
blazepose-normalized::adl-30-cam0-rgb,1,763,763,283,312,0.000000,0.000000,adl,adl,0.068000,1
blazepose-normalized::adl-30-cam0-rgb,1,764,764,289,318,0.000000,0.000000,adl,adl,0.016000,1
blazepose-normalized::adl-30-cam0-rgb,1,765,765,295,324,0.000000,0.000000,adl,adl,0.016000,1
blazepose-normalized::adl-30-cam0-rgb,1,766,766,301,330,0.000000,0.000000,adl,adl,0.012000,1
blazepose-normalized::adl-30-cam0-rgb,1,767,767,307,336,0.000000,0.000000,adl,adl,0.014000,1
blazepose-normalized::adl-30-cam0-rgb,1,768,768,313,342,0.000000,0.000000,adl,adl,0.018000,1
blazepose-normalized::adl-30-cam0-rgb,1,769,769,319,348,0.000000,0.000000,adl,adl,0.026000,1
blazepose-normalized::adl-30-cam0-rgb,1,770,770,325,354,0.000000,0.000000,adl,adl,0.034000,1
blazepose-normalized::adl-30-cam0-rgb,1,771,771,331,360,0.000000,0.000000,adl,adl,0.036000,1
blazepose-normalized::adl-30-cam0-rgb,1,772,772,337,366,0.000000,0.000000,adl,adl,0.036000,1
blazepose-normalized::adl-30-cam0-rgb,1,773,773,343,372,0.000000,0.000000,adl,adl,0.036000,1
blazepose-normalized::adl-30-cam0-rgb,1,774,774,349,378,0.000000,0.000000,adl,adl,0.040000,1
blazepose-normalized::adl-30-cam0-rgb,1,775,775,355,384,0.000000,0.000000,adl,adl,0.040000,1
blazepose-normalized::adl-30-cam0-rgb,1,776,776,361,390,0.000000,0.000000,adl,adl,0.040000,1
blazepose-normalized::adl-30-cam0-rgb,1,777,777,367,396,0.000000,0.000000,adl,adl,0.040000,1
blazepose-normalized::adl-31-cam0-rgb,4,778,778,1,30,0.000000,0.000000,adl,adl,0.004000,1
blazepose-normalized::adl-31-cam0-rgb,4,779,779,7,36,0.000000,0.000000,adl,adl,0.012000,1
blazepose-normalized::adl-31-cam0-rgb,4,780,780,13,42,0.000000,0.000000,adl,adl,0.008000,1
blazepose-normalized::adl-31-cam0-rgb,4,781,781,19,48,0.000000,0.000000,adl,adl,0.006000,1
blazepose-normalized::adl-31-cam0-rgb,4,782,782,25,54,0.000000,0.000000,adl,adl,0.118000,1
blazepose-normalized::adl-31-cam0-rgb,4,783,783,31,60,0.000000,0.000000,adl,adl,0.140000,1
blazepose-normalized::adl-31-cam0-rgb,4,784,784,37,66,0.000000,0.000000,adl,adl,0.126000,1
blazepose-normalized::adl-31-cam0-rgb,4,785,785,43,72,0.000000,0.000000,adl,adl,0.132000,1
blazepose-normalized::adl-31-cam0-rgb,4,786,786,49,78,0.000000,0.000000,adl,adl,0.086000,1
blazepose-normalized::adl-31-cam0-rgb,4,787,787,55,84,0.000000,0.000000,adl,adl,0.132000,1
blazepose-normalized::adl-31-cam0-rgb,4,788,788,61,90,0.000000,0.000000,adl,adl,0.274000,1
blazepose-normalized::adl-31-cam0-rgb,4,789,789,67,96,0.000000,0.000000,adl,adl,0.396000,1
blazepose-normalized::adl-31-cam0-rgb,4,790,790,73,102,0.000000,0.000000,adl,adl,0.384000,1
blazepose-normalized::adl-31-cam0-rgb,4,791,791,79,108,0.000000,0.000000,adl,adl,0.236000,1
blazepose-normalized::adl-31-cam0-rgb,4,792,792,85,114,0.000000,0.000000,adl,adl,0.120000,1
blazepose-normalized::adl-31-cam0-rgb,4,793,793,91,120,0.000000,0.000000,adl,adl,0.058000,1
blazepose-normalized::adl-31-cam0-rgb,4,794,794,97,126,0.000000,0.000000,adl,adl,0.012000,1
blazepose-normalized::adl-31-cam0-rgb,4,795,795,103,132,0.000000,0.000000,adl,adl,0.010000,1
blazepose-normalized::adl-31-cam0-rgb,4,796,796,109,138,0.000000,0.000000,adl,adl,0.032000,1
blazepose-normalized::adl-31-cam0-rgb,4,797,797,115,144,0.000000,0.000000,adl,adl,0.022000,1
blazepose-normalized::adl-31-cam0-rgb,4,798,798,121,150,0.000000,0.000000,adl,adl,0.038000,1
blazepose-normalized::adl-31-cam0-rgb,4,799,799,127,156,0.000000,0.000000,adl,adl,0.066000,1
blazepose-normalized::adl-31-cam0-rgb,4,800,800,133,162,0.000000,0.000000,adl,adl,0.064000,1
blazepose-normalized::adl-31-cam0-rgb,4,801,801,139,168,0.000000,0.000000,adl,adl,0.052000,1
blazepose-normalized::adl-31-cam0-rgb,4,802,802,145,174,0.000000,0.000000,adl,adl,0.080000,1
blazepose-normalized::adl-31-cam0-rgb,4,803,803,151,180,0.000000,0.000000,adl,adl,0.128000,1
blazepose-normalized::adl-31-cam0-rgb,4,804,804,157,186,0.000000,0.000000,adl,adl,0.092000,1
blazepose-normalized::adl-31-cam0-rgb,4,805,805,163,192,0.000000,0.000000,adl,adl,0.098000,1
blazepose-normalized::adl-31-cam0-rgb,4,806,806,169,198,0.000000,0.000000,adl,adl,0.054000,1
blazepose-normalized::adl-31-cam0-rgb,4,807,807,175,204,0.000000,0.000000,adl,adl,0.038000,1
blazepose-normalized::adl-31-cam0-rgb,4,808,808,181,210,0.000000,0.000000,adl,adl,0.026000,1
blazepose-normalized::adl-31-cam0-rgb,4,809,809,187,216,0.000000,0.000000,adl,adl,0.040000,1
blazepose-normalized::adl-31-cam0-rgb,4,810,810,193,222,0.000000,0.000000,adl,adl,0.074000,1
blazepose-normalized::adl-31-cam0-rgb,4,811,811,199,228,0.000000,0.000000,adl,adl,0.094000,1
blazepose-normalized::adl-31-cam0-rgb,4,812,812,205,234,0.000000,0.000000,adl,adl,0.062000,1
blazepose-normalized::adl-31-cam0-rgb,4,813,813,211,240,0.000000,0.000000,adl,adl,0.068000,1
blazepose-normalized::adl-31-cam0-rgb,4,814,814,217,246,0.000000,0.000000,adl,adl,0.052000,1
blazepose-normalized::adl-32-cam0-rgb,1,815,815,1,30,0.000000,0.000000,adl,adl,0.000000,1
blazepose-normalized::adl-32-cam0-rgb,1,816,816,7,36,0.000000,0.000000,adl,adl,0.000000,1
blazepose-normalized::adl-32-cam0-rgb,1,817,817,13,42,0.000000,0.000000,adl,adl,0.000000,1
blazepose-normalized::adl-32-cam0-rgb,1,818,818,19,48,0.000000,0.000000,adl,adl,0.002000,1
blazepose-normalized::adl-32-cam0-rgb,1,819,819,25,54,0.000000,0.000000,adl,adl,0.000000,1
blazepose-normalized::adl-32-cam0-rgb,1,820,820,31,60,0.000000,0.000000,adl,adl,0.006000,1
blazepose-normalized::adl-32-cam0-rgb,1,821,821,37,66,0.000000,0.000000,adl,adl,0.132000,1
blazepose-normalized::adl-32-cam0-rgb,1,822,822,43,72,0.000000,0.000000,adl,adl,0.118000,1
blazepose-normalized::adl-32-cam0-rgb,1,823,823,49,78,0.000000,0.000000,adl,adl,0.126000,1
blazepose-normalized::adl-32-cam0-rgb,1,824,824,55,84,0.000000,0.000000,adl,adl,0.238000,1
blazepose-normalized::adl-32-cam0-rgb,1,825,825,61,90,0.000000,0.000000,adl,adl,0.270000,1
blazepose-normalized::adl-32-cam0-rgb,1,826,826,67,96,0.000000,0.000000,adl,adl,0.244000,1
blazepose-normalized::adl-32-cam0-rgb,1,827,827,73,102,0.000000,0.000000,adl,adl,0.287714,1
blazepose-normalized::adl-32-cam0-rgb,1,828,828,79,108,0.000000,0.000000,adl,adl,0.234000,1
blazepose-normalized::adl-32-cam0-rgb,1,829,829,85,114,0.000000,0.000000,adl,adl,0.174000,1
blazepose-normalized::adl-32-cam0-rgb,1,830,830,91,120,0.000000,0.000000,adl,adl,0.118000,1
blazepose-normalized::adl-32-cam0-rgb,1,831,831,97,126,0.000000,0.000000,adl,adl,0.090000,1
blazepose-normalized::adl-32-cam0-rgb,1,832,832,103,132,0.000000,0.000000,adl,adl,0.094000,1
blazepose-normalized::adl-32-cam0-rgb,1,833,833,109,138,0.000000,0.000000,adl,adl,0.086000,1
blazepose-normalized::adl-32-cam0-rgb,1,834,834,115,144,0.000000,0.000000,adl,adl,0.074000,1
blazepose-normalized::adl-32-cam0-rgb,1,835,835,121,150,0.000000,0.000000,adl,adl,0.110000,1
blazepose-normalized::adl-32-cam0-rgb,1,836,836,127,156,0.000000,0.000000,adl,adl,0.074000,1
blazepose-normalized::adl-32-cam0-rgb,1,837,837,133,162,0.000000,0.000000,adl,adl,0.068000,1
blazepose-normalized::adl-32-cam0-rgb,1,838,838,139,168,0.000000,0.000000,adl,adl,0.116000,1
blazepose-normalized::adl-32-cam0-rgb,1,839,839,145,174,0.000000,0.000000,adl,adl,0.130000,1
blazepose-normalized::adl-32-cam0-rgb,1,840,840,151,180,0.000000,0.000000,adl,adl,0.128000,1
blazepose-normalized::adl-32-cam0-rgb,1,841,841,157,186,0.000000,0.000000,adl,adl,0.164000,1
blazepose-normalized::adl-32-cam0-rgb,1,842,842,163,192,0.000000,0.000000,adl,adl,0.094000,1
blazepose-normalized::adl-32-cam0-rgb,1,843,843,169,198,0.000000,0.000000,adl,adl,0.096000,1
blazepose-normalized::adl-33-cam0-rgb,2,844,844,1,30,0.000000,0.000000,adl,adl,0.016000,1
blazepose-normalized::adl-33-cam0-rgb,2,845,845,7,36,0.000000,0.000000,adl,adl,0.014000,1
blazepose-normalized::adl-33-cam0-rgb,2,846,846,13,42,0.000000,0.000000,adl,adl,0.010000,1
blazepose-normalized::adl-33-cam0-rgb,2,847,847,19,48,0.000000,0.000000,adl,adl,0.018000,1
blazepose-normalized::adl-33-cam0-rgb,2,848,848,25,54,0.000000,0.000000,adl,adl,0.016000,1
blazepose-normalized::adl-33-cam0-rgb,2,849,849,31,60,0.000000,0.000000,adl,adl,0.022000,1
blazepose-normalized::adl-33-cam0-rgb,2,850,850,37,66,0.000000,0.000000,adl,adl,0.056000,1
blazepose-normalized::adl-33-cam0-rgb,2,851,851,43,72,0.000000,0.000000,adl,adl,0.152000,1
blazepose-normalized::adl-33-cam0-rgb,2,852,852,49,78,0.000000,0.000000,adl,adl,0.364000,1
blazepose-normalized::adl-33-cam0-rgb,2,853,853,55,84,0.000000,0.000000,adl,adl,0.492000,1
blazepose-normalized::adl-33-cam0-rgb,2,854,854,61,90,0.000000,0.000000,adl,fall,0.514000,0
blazepose-normalized::adl-33-cam0-rgb,2,855,855,67,96,0.000000,0.000000,adl,fall,0.534000,0
blazepose-normalized::adl-33-cam0-rgb,2,856,856,73,102,0.000000,0.000000,adl,adl,0.462000,1
blazepose-normalized::adl-33-cam0-rgb,2,857,857,79,108,0.000000,0.000000,adl,adl,0.414000,1
blazepose-normalized::adl-33-cam0-rgb,2,858,858,85,114,0.000000,0.000000,adl,adl,0.246000,1
blazepose-normalized::adl-33-cam0-rgb,2,859,859,91,120,0.000000,0.000000,adl,adl,0.212000,1
blazepose-normalized::adl-33-cam0-rgb,2,860,860,97,126,0.000000,0.000000,adl,adl,0.194000,1
blazepose-normalized::adl-33-cam0-rgb,2,861,861,103,132,0.000000,0.000000,adl,adl,0.216000,1
blazepose-normalized::adl-33-cam0-rgb,2,862,862,109,138,0.000000,0.000000,adl,adl,0.192000,1
blazepose-normalized::adl-33-cam0-rgb,2,863,863,115,144,0.000000,0.000000,adl,adl,0.180000,1
blazepose-normalized::adl-33-cam0-rgb,2,864,864,121,150,0.000000,0.000000,adl,adl,0.092000,1
blazepose-normalized::adl-33-cam0-rgb,2,865,865,127,156,0.000000,0.000000,adl,adl,0.112000,1
blazepose-normalized::adl-33-cam0-rgb,2,866,866,133,162,0.000000,0.000000,adl,adl,0.194000,1
blazepose-normalized::adl-33-cam0-rgb,2,867,867,139,168,0.000000,0.000000,adl,adl,0.218000,1
blazepose-normalized::adl-33-cam0-rgb,2,868,868,145,174,0.000000,0.000000,adl,adl,0.214000,1
blazepose-normalized::adl-33-cam0-rgb,2,869,869,151,180,0.000000,0.000000,adl,adl,0.248000,1
blazepose-normalized::adl-33-cam0-rgb,2,870,870,157,186,0.000000,0.000000,adl,adl,0.212000,1
blazepose-normalized::adl-33-cam0-rgb,2,871,871,163,192,0.000000,0.000000,adl,adl,0.166000,1
blazepose-normalized::adl-33-cam0-rgb,2,872,872,169,198,0.000000,0.000000,adl,adl,0.148000,1
blazepose-normalized::adl-34-cam0-rgb,5,873,873,1,30,0.000000,0.000000,adl,adl,0.280000,1
blazepose-normalized::adl-34-cam0-rgb,5,874,874,7,36,0.000000,0.000000,adl,adl,0.230000,1
blazepose-normalized::adl-34-cam0-rgb,5,875,875,13,42,0.000000,0.000000,adl,adl,0.210000,1
blazepose-normalized::adl-34-cam0-rgb,5,876,876,19,48,0.000000,0.000000,adl,adl,0.182000,1
blazepose-normalized::adl-34-cam0-rgb,5,877,877,25,54,0.000000,0.000000,adl,adl,0.158000,1
blazepose-normalized::adl-34-cam0-rgb,5,878,878,31,60,0.000000,0.000000,adl,adl,0.180000,1
blazepose-normalized::adl-34-cam0-rgb,5,879,879,37,66,0.000000,0.000000,adl,adl,0.178000,1
blazepose-normalized::adl-34-cam0-rgb,5,880,880,43,72,0.000000,0.000000,adl,adl,0.190000,1
blazepose-normalized::adl-34-cam0-rgb,5,881,881,49,78,0.000000,0.000000,adl,adl,0.156000,1
blazepose-normalized::adl-34-cam0-rgb,5,882,882,55,84,0.000000,0.000000,adl,adl,0.132000,1
blazepose-normalized::adl-34-cam0-rgb,5,883,883,61,90,0.000000,0.000000,adl,adl,0.144000,1
blazepose-normalized::adl-34-cam0-rgb,5,884,884,67,96,0.000000,0.000000,adl,adl,0.112000,1
blazepose-normalized::adl-34-cam0-rgb,5,885,885,73,102,0.000000,0.000000,adl,adl,0.048000,1
blazepose-normalized::adl-34-cam0-rgb,5,886,886,79,108,0.000000,0.000000,adl,adl,0.050000,1
blazepose-normalized::adl-34-cam0-rgb,5,887,887,85,114,0.000000,0.000000,adl,adl,0.040000,1
blazepose-normalized::adl-34-cam0-rgb,5,888,888,91,120,0.000000,0.000000,adl,adl,0.108000,1
blazepose-normalized::adl-34-cam0-rgb,5,889,889,97,126,0.000000,0.000000,adl,adl,0.066000,1
blazepose-normalized::adl-34-cam0-rgb,5,890,890,103,132,0.000000,0.000000,adl,adl,0.070000,1
blazepose-normalized::adl-34-cam0-rgb,5,891,891,109,138,0.000000,0.000000,adl,adl,0.070000,1
blazepose-normalized::adl-34-cam0-rgb,5,892,892,115,144,0.000000,0.000000,adl,adl,0.074000,1
blazepose-normalized::adl-34-cam0-rgb,5,893,893,121,150,0.000000,0.000000,adl,adl,0.064000,1
blazepose-normalized::adl-34-cam0-rgb,5,894,894,127,156,0.000000,0.000000,adl,adl,0.100000,1
blazepose-normalized::adl-34-cam0-rgb,5,895,895,133,162,0.000000,0.000000,adl,adl,0.110000,1
blazepose-normalized::adl-34-cam0-rgb,5,896,896,139,168,0.000000,0.000000,adl,adl,0.084000,1
blazepose-normalized::adl-34-cam0-rgb,5,897,897,145,174,0.000000,0.000000,adl,adl,0.066000,1
blazepose-normalized::adl-34-cam0-rgb,5,898,898,151,180,0.000000,0.000000,adl,adl,0.060000,1
blazepose-normalized::adl-34-cam0-rgb,5,899,899,157,186,0.000000,0.000000,adl,adl,0.052000,1
blazepose-normalized::adl-35-cam0-rgb,1,900,900,1,30,0.000000,0.000000,adl,adl,0.500000,1
blazepose-normalized::adl-35-cam0-rgb,1,901,901,7,36,0.000000,0.000000,adl,adl,0.490000,1
blazepose-normalized::adl-35-cam0-rgb,1,902,902,13,42,0.000000,0.000000,adl,fall,0.596000,0
blazepose-normalized::adl-35-cam0-rgb,1,903,903,19,48,0.000000,0.000000,adl,fall,0.548000,0
blazepose-normalized::adl-35-cam0-rgb,1,904,904,25,54,0.000000,0.000000,adl,adl,0.458000,1
blazepose-normalized::adl-35-cam0-rgb,1,905,905,31,60,0.000000,0.000000,adl,adl,0.222000,1
blazepose-normalized::adl-35-cam0-rgb,1,906,906,37,66,0.000000,0.000000,adl,adl,0.220000,1
blazepose-normalized::adl-35-cam0-rgb,1,907,907,43,72,0.000000,0.000000,adl,adl,0.197667,1
blazepose-normalized::adl-35-cam0-rgb,1,908,908,49,78,0.000000,0.000000,adl,adl,0.187667,1
blazepose-normalized::adl-35-cam0-rgb,1,909,909,55,84,0.000000,0.000000,adl,adl,0.118000,1
blazepose-normalized::adl-35-cam0-rgb,1,910,910,61,90,0.000000,0.000000,adl,adl,0.098000,1
blazepose-normalized::adl-35-cam0-rgb,1,911,911,67,96,0.000000,0.000000,adl,adl,0.148000,1
blazepose-normalized::adl-35-cam0-rgb,1,912,912,73,102,0.000000,0.000000,adl,adl,0.162000,1
blazepose-normalized::adl-35-cam0-rgb,1,913,913,79,108,0.000000,0.000000,adl,adl,0.212000,1
blazepose-normalized::adl-35-cam0-rgb,1,914,914,85,114,0.000000,0.000000,adl,adl,0.254000,1
blazepose-normalized::adl-35-cam0-rgb,1,915,915,91,120,0.000000,0.000000,adl,adl,0.182000,1
blazepose-normalized::adl-35-cam0-rgb,1,916,916,97,126,0.000000,0.000000,adl,adl,0.190000,1
blazepose-normalized::adl-35-cam0-rgb,1,917,917,103,132,0.000000,0.000000,adl,adl,0.188000,1
blazepose-normalized::adl-35-cam0-rgb,1,918,918,109,138,0.000000,0.000000,adl,adl,0.178000,1
blazepose-normalized::adl-35-cam0-rgb,1,919,919,115,144,0.000000,0.000000,adl,adl,0.190000,1
blazepose-normalized::adl-35-cam0-rgb,1,920,920,121,150,0.000000,0.000000,adl,adl,0.242000,1
blazepose-normalized::adl-35-cam0-rgb,1,921,921,127,156,0.000000,0.000000,adl,adl,0.282000,1
blazepose-normalized::adl-35-cam0-rgb,1,922,922,133,162,0.000000,0.000000,adl,adl,0.270000,1
blazepose-normalized::adl-35-cam0-rgb,1,923,923,139,168,0.000000,0.000000,adl,adl,0.258000,1
blazepose-normalized::adl-35-cam0-rgb,1,924,924,145,174,0.000000,0.000000,adl,adl,0.248000,1
blazepose-normalized::adl-35-cam0-rgb,1,925,925,151,180,0.000000,0.000000,adl,adl,0.256000,1
blazepose-normalized::adl-35-cam0-rgb,1,926,926,157,186,0.000000,0.000000,adl,adl,0.232000,1
blazepose-normalized::adl-35-cam0-rgb,1,927,927,163,192,0.000000,0.000000,adl,adl,0.242000,1
blazepose-normalized::adl-35-cam0-rgb,1,928,928,169,198,0.000000,0.000000,adl,adl,0.278000,1
blazepose-normalized::adl-35-cam0-rgb,1,929,929,175,204,0.000000,0.000000,adl,adl,0.265714,1
blazepose-normalized::adl-35-cam0-rgb,1,930,930,181,210,0.000000,0.000000,adl,adl,0.251714,1
blazepose-normalized::adl-35-cam0-rgb,1,931,931,187,216,0.000000,0.000000,adl,adl,0.248000,1
blazepose-normalized::adl-35-cam0-rgb,1,932,932,193,222,0.000000,0.000000,adl,adl,0.172000,1
blazepose-normalized::adl-35-cam0-rgb,1,933,933,199,228,0.000000,0.000000,adl,adl,0.212000,1
blazepose-normalized::adl-35-cam0-rgb,1,934,934,205,234,0.000000,0.000000,adl,adl,0.244000,1
blazepose-normalized::adl-35-cam0-rgb,1,935,935,211,240,0.000000,0.000000,adl,adl,0.271714,1
blazepose-normalized::adl-35-cam0-rgb,1,936,936,217,246,0.000000,0.000000,adl,adl,0.286000,1
blazepose-normalized::adl-35-cam0-rgb,1,937,937,223,252,0.000000,0.000000,adl,adl,0.268000,1
blazepose-normalized::adl-35-cam0-rgb,1,938,938,229,258,0.000000,0.000000,adl,adl,0.084000,1
blazepose-normalized::adl-35-cam0-rgb,1,939,939,235,264,0.000000,0.000000,adl,adl,0.028000,1
blazepose-normalized::adl-35-cam0-rgb,1,940,940,241,270,0.000000,0.000000,adl,adl,0.012000,1
blazepose-normalized::adl-35-cam0-rgb,1,941,941,247,276,0.000000,0.000000,adl,adl,0.012000,1
blazepose-normalized::adl-36-cam0-rgb,5,942,942,7,36,0.000000,0.000000,adl,adl,0.012000,1
blazepose-normalized::adl-36-cam0-rgb,5,943,943,13,42,0.000000,0.000000,adl,adl,0.012000,1
blazepose-normalized::adl-36-cam0-rgb,5,944,944,19,48,0.000000,0.000000,adl,adl,0.030000,1
blazepose-normalized::adl-36-cam0-rgb,5,945,945,25,54,0.000000,0.000000,adl,adl,0.014000,1
blazepose-normalized::adl-36-cam0-rgb,5,946,946,31,60,0.000000,0.000000,adl,adl,0.038000,1
blazepose-normalized::adl-36-cam0-rgb,5,947,947,37,66,0.000000,0.000000,adl,adl,0.024000,1
blazepose-normalized::adl-36-cam0-rgb,5,948,948,43,72,0.000000,0.000000,adl,adl,0.024000,1
blazepose-normalized::adl-36-cam0-rgb,5,949,949,49,78,0.000000,0.000000,adl,adl,0.018000,1
blazepose-normalized::adl-36-cam0-rgb,5,950,950,55,84,0.000000,0.000000,adl,adl,0.022000,1
blazepose-normalized::adl-36-cam0-rgb,5,951,951,61,90,0.000000,0.000000,adl,adl,0.022000,1
blazepose-normalized::adl-36-cam0-rgb,5,952,952,67,96,0.000000,0.000000,adl,adl,0.024000,1
blazepose-normalized::adl-36-cam0-rgb,5,953,953,73,102,0.000000,0.000000,adl,adl,0.040000,1
blazepose-normalized::adl-36-cam0-rgb,5,954,954,79,108,0.000000,0.000000,adl,adl,0.078000,1
blazepose-normalized::adl-36-cam0-rgb,5,955,955,85,114,0.000000,0.000000,adl,adl,0.040000,1
blazepose-normalized::adl-36-cam0-rgb,5,956,956,91,120,0.000000,0.000000,adl,adl,0.036000,1
blazepose-normalized::adl-36-cam0-rgb,5,957,957,97,126,0.000000,0.000000,adl,adl,0.032000,1
blazepose-normalized::adl-36-cam0-rgb,5,958,958,103,132,0.000000,0.000000,adl,adl,0.032000,1
blazepose-normalized::adl-36-cam0-rgb,5,959,959,109,138,0.000000,0.000000,adl,adl,0.030000,1
blazepose-normalized::adl-36-cam0-rgb,5,960,960,115,144,0.000000,0.000000,adl,adl,0.026000,1
blazepose-normalized::adl-36-cam0-rgb,5,961,961,121,150,0.000000,0.000000,adl,adl,0.018000,1
blazepose-normalized::adl-36-cam0-rgb,5,962,962,127,156,0.000000,0.000000,adl,adl,0.018000,1
blazepose-normalized::adl-36-cam0-rgb,5,963,963,133,162,0.000000,0.000000,adl,adl,0.032000,1
blazepose-normalized::adl-36-cam0-rgb,5,964,964,139,168,0.000000,0.000000,adl,adl,0.020000,1
blazepose-normalized::adl-36-cam0-rgb,5,965,965,145,174,0.000000,0.000000,adl,adl,0.040000,1
blazepose-normalized::adl-36-cam0-rgb,5,966,966,151,180,0.000000,0.000000,adl,adl,0.110000,1
blazepose-normalized::adl-36-cam0-rgb,5,967,967,157,186,0.000000,0.000000,adl,adl,0.128000,1
blazepose-normalized::adl-36-cam0-rgb,5,968,968,163,192,0.000000,0.000000,adl,adl,0.098000,1
blazepose-normalized::adl-36-cam0-rgb,5,969,969,169,198,0.000000,0.000000,adl,adl,0.090000,1
blazepose-normalized::adl-36-cam0-rgb,5,970,970,175,204,0.000000,0.000000,adl,adl,0.084000,1
blazepose-normalized::adl-36-cam0-rgb,5,971,971,181,210,0.000000,0.000000,adl,adl,0.090000,1
blazepose-normalized::adl-36-cam0-rgb,5,972,972,187,216,0.000000,0.000000,adl,adl,0.026000,1
blazepose-normalized::adl-36-cam0-rgb,5,973,973,193,222,0.000000,0.000000,adl,adl,0.022000,1
blazepose-normalized::adl-36-cam0-rgb,5,974,974,199,228,0.000000,0.000000,adl,adl,0.036000,1
blazepose-normalized::adl-36-cam0-rgb,5,975,975,205,234,0.000000,0.000000,adl,adl,0.172000,1
blazepose-normalized::adl-36-cam0-rgb,5,976,976,211,240,0.000000,0.000000,adl,adl,0.210000,1
blazepose-normalized::adl-36-cam0-rgb,5,977,977,217,246,0.000000,0.000000,adl,adl,0.278000,1
blazepose-normalized::adl-36-cam0-rgb,5,978,978,223,252,0.000000,0.000000,adl,adl,0.327600,1
blazepose-normalized::adl-36-cam0-rgb,5,979,979,229,258,0.000000,0.000000,adl,adl,0.295156,1
blazepose-normalized::adl-36-cam0-rgb,5,980,980,235,264,0.000000,0.000000,adl,adl,0.305600,1
blazepose-normalized::adl-36-cam0-rgb,5,981,981,241,270,0.000000,0.000000,adl,adl,0.234000,1
blazepose-normalized::adl-36-cam0-rgb,5,982,982,247,276,0.000000,0.000000,adl,adl,0.234000,1
blazepose-normalized::adl-36-cam0-rgb,5,983,983,253,282,0.000000,0.000000,adl,adl,0.190000,1
blazepose-normalized::adl-36-cam0-rgb,5,984,984,259,288,0.000000,0.000000,adl,adl,0.204000,1
blazepose-normalized::adl-36-cam0-rgb,5,985,985,265,294,0.000000,0.000000,adl,adl,0.200000,1
blazepose-normalized::adl-36-cam0-rgb,5,986,986,271,300,0.000000,0.000000,adl,adl,0.232933,1
blazepose-normalized::adl-36-cam0-rgb,5,987,987,277,306,0.000000,0.000000,adl,adl,0.232000,1
blazepose-normalized::adl-36-cam0-rgb,5,988,988,283,312,0.000000,0.000000,adl,adl,0.188000,1
blazepose-normalized::adl-36-cam0-rgb,5,989,989,289,318,0.000000,0.000000,adl,adl,0.217600,1
blazepose-normalized::adl-36-cam0-rgb,5,990,990,295,324,0.000000,0.000000,adl,adl,0.230000,1
blazepose-normalized::adl-36-cam0-rgb,5,991,991,301,330,0.000000,0.000000,adl,adl,0.225333,1
blazepose-normalized::adl-36-cam0-rgb,5,992,992,307,336,0.000000,0.000000,adl,adl,0.181333,1
blazepose-normalized::adl-37-cam0-rgb,4,993,993,7,36,0.000000,0.000000,adl,adl,0.062000,1
blazepose-normalized::adl-37-cam0-rgb,4,994,994,13,42,0.000000,0.000000,adl,adl,0.038000,1
blazepose-normalized::adl-37-cam0-rgb,4,995,995,19,48,0.000000,0.000000,adl,adl,0.046000,1
blazepose-normalized::adl-37-cam0-rgb,4,996,996,25,54,0.000000,0.000000,adl,adl,0.020000,1
blazepose-normalized::adl-37-cam0-rgb,4,997,997,31,60,0.000000,0.000000,adl,adl,0.016000,1
blazepose-normalized::adl-37-cam0-rgb,4,998,998,37,66,0.000000,0.000000,adl,adl,0.008000,1
blazepose-normalized::adl-37-cam0-rgb,4,999,999,43,72,0.000000,0.000000,adl,adl,0.018000,1
blazepose-normalized::adl-37-cam0-rgb,4,1000,1000,49,78,0.000000,0.000000,adl,adl,0.010000,1
blazepose-normalized::adl-37-cam0-rgb,4,1001,1001,55,84,0.000000,0.000000,adl,adl,0.016000,1
blazepose-normalized::adl-37-cam0-rgb,4,1002,1002,61,90,0.000000,0.000000,adl,adl,0.040000,1
blazepose-normalized::adl-37-cam0-rgb,4,1003,1003,67,96,0.000000,0.000000,adl,adl,0.048000,1
blazepose-normalized::adl-37-cam0-rgb,4,1004,1004,73,102,0.000000,0.000000,adl,adl,0.030000,1
blazepose-normalized::adl-37-cam0-rgb,4,1005,1005,79,108,0.000000,0.000000,adl,adl,0.022000,1
blazepose-normalized::adl-37-cam0-rgb,4,1006,1006,85,114,0.000000,0.000000,adl,adl,0.034000,1
blazepose-normalized::adl-37-cam0-rgb,4,1007,1007,91,120,0.000000,0.000000,adl,adl,0.094000,1
blazepose-normalized::adl-37-cam0-rgb,4,1008,1008,97,126,0.000000,0.000000,adl,adl,0.078000,1
blazepose-normalized::adl-37-cam0-rgb,4,1009,1009,103,132,0.000000,0.000000,adl,adl,0.036000,1
blazepose-normalized::adl-37-cam0-rgb,4,1010,1010,109,138,0.000000,0.000000,adl,adl,0.038000,1
blazepose-normalized::adl-37-cam0-rgb,4,1011,1011,115,144,0.000000,0.000000,adl,adl,0.028000,1
blazepose-normalized::adl-37-cam0-rgb,4,1012,1012,121,150,0.000000,0.000000,adl,adl,0.028000,1
blazepose-normalized::adl-37-cam0-rgb,4,1013,1013,127,156,0.000000,0.000000,adl,adl,0.050000,1
blazepose-normalized::adl-37-cam0-rgb,4,1014,1014,133,162,0.000000,0.000000,adl,adl,0.062000,1
blazepose-normalized::adl-37-cam0-rgb,4,1015,1015,139,168,0.000000,0.000000,adl,adl,0.062000,1
blazepose-normalized::adl-37-cam0-rgb,4,1016,1016,145,174,0.000000,0.000000,adl,adl,0.090000,1
blazepose-normalized::adl-37-cam0-rgb,4,1017,1017,151,180,0.000000,0.000000,adl,adl,0.110000,1
blazepose-normalized::adl-37-cam0-rgb,4,1018,1018,157,186,0.000000,0.000000,adl,adl,0.134000,1
blazepose-normalized::adl-37-cam0-rgb,4,1019,1019,163,192,0.000000,0.000000,adl,adl,0.158000,1
blazepose-normalized::adl-37-cam0-rgb,4,1020,1020,169,198,0.000000,0.000000,adl,adl,0.138000,1
blazepose-normalized::adl-37-cam0-rgb,4,1021,1021,175,204,0.000000,0.000000,adl,adl,0.118000,1
blazepose-normalized::adl-37-cam0-rgb,4,1022,1022,181,210,0.000000,0.000000,adl,adl,0.174000,1
blazepose-normalized::adl-37-cam0-rgb,4,1023,1023,187,216,0.000000,0.000000,adl,adl,0.156000,1
blazepose-normalized::adl-37-cam0-rgb,4,1024,1024,193,222,0.000000,0.000000,adl,adl,0.282000,1
blazepose-normalized::adl-37-cam0-rgb,4,1025,1025,199,228,0.000000,0.000000,adl,adl,0.260000,1
blazepose-normalized::adl-37-cam0-rgb,4,1026,1026,205,234,0.000000,0.000000,adl,adl,0.234000,1
blazepose-normalized::adl-37-cam0-rgb,4,1027,1027,211,240,0.000000,0.000000,adl,adl,0.174000,1
blazepose-normalized::adl-37-cam0-rgb,4,1028,1028,217,246,0.000000,0.000000,adl,adl,0.190000,1
blazepose-normalized::adl-37-cam0-rgb,4,1029,1029,223,252,0.000000,0.000000,adl,adl,0.152000,1
blazepose-normalized::adl-37-cam0-rgb,4,1030,1030,229,258,0.000000,0.000000,adl,adl,0.134000,1
blazepose-normalized::adl-37-cam0-rgb,4,1031,1031,235,264,0.000000,0.000000,adl,adl,0.240000,1
blazepose-normalized::adl-37-cam0-rgb,4,1032,1032,241,270,0.000000,0.000000,adl,adl,0.268000,1
blazepose-normalized::adl-37-cam0-rgb,4,1033,1033,247,276,0.000000,0.000000,adl,adl,0.266000,1
blazepose-normalized::adl-37-cam0-rgb,4,1034,1034,253,282,0.000000,0.000000,adl,adl,0.230000,1
blazepose-normalized::adl-37-cam0-rgb,4,1035,1035,259,288,0.000000,0.000000,adl,adl,0.216000,1
blazepose-normalized::adl-37-cam0-rgb,4,1036,1036,265,294,0.000000,0.000000,adl,adl,0.216000,1
blazepose-normalized::adl-37-cam0-rgb,4,1037,1037,271,300,0.000000,0.000000,adl,adl,0.258000,1
blazepose-normalized::adl-37-cam0-rgb,4,1038,1038,277,306,0.000000,0.000000,adl,adl,0.274000,1
blazepose-normalized::adl-37-cam0-rgb,4,1039,1039,283,312,0.000000,0.000000,adl,adl,0.290000,1
blazepose-normalized::adl-37-cam0-rgb,4,1040,1040,289,318,0.000000,0.000000,adl,adl,0.268000,1
blazepose-normalized::adl-37-cam0-rgb,4,1041,1041,295,324,0.000000,0.000000,adl,adl,0.296000,1
blazepose-normalized::adl-37-cam0-rgb,4,1042,1042,301,330,0.000000,0.000000,adl,adl,0.282000,1
blazepose-normalized::adl-37-cam0-rgb,4,1043,1043,307,336,0.000000,0.000000,adl,adl,0.292000,1
blazepose-normalized::adl-37-cam0-rgb,4,1044,1044,313,342,0.000000,0.000000,adl,adl,0.282000,1
blazepose-normalized::adl-37-cam0-rgb,4,1045,1045,319,348,0.000000,0.000000,adl,adl,0.304000,1
blazepose-normalized::adl-38-cam0-rgb,1,1046,1046,7,36,0.000000,0.000000,adl,adl,0.038000,1
blazepose-normalized::adl-38-cam0-rgb,1,1047,1047,13,42,0.000000,0.000000,adl,adl,0.026000,1
blazepose-normalized::adl-38-cam0-rgb,1,1048,1048,19,48,0.000000,0.000000,adl,adl,0.024000,1
blazepose-normalized::adl-38-cam0-rgb,1,1049,1049,25,54,0.000000,0.000000,adl,adl,0.026000,1
blazepose-normalized::adl-38-cam0-rgb,1,1050,1050,31,60,0.000000,0.000000,adl,adl,0.008000,1
blazepose-normalized::adl-38-cam0-rgb,1,1051,1051,37,66,0.000000,0.000000,adl,adl,0.002000,1
blazepose-normalized::adl-38-cam0-rgb,1,1052,1052,43,72,0.000000,0.000000,adl,adl,0.002000,1
blazepose-normalized::adl-38-cam0-rgb,1,1053,1053,49,78,0.000000,0.000000,adl,adl,0.002000,1
blazepose-normalized::adl-38-cam0-rgb,1,1054,1054,55,84,0.000000,0.000000,adl,adl,0.000000,1
blazepose-normalized::adl-38-cam0-rgb,1,1055,1055,61,90,0.000000,0.000000,adl,adl,0.000000,1
blazepose-normalized::adl-38-cam0-rgb,1,1056,1056,67,96,0.000000,0.000000,adl,adl,0.000000,1
blazepose-normalized::adl-38-cam0-rgb,1,1057,1057,73,102,0.000000,0.000000,adl,adl,0.000000,1
blazepose-normalized::adl-38-cam0-rgb,1,1058,1058,79,108,0.000000,0.000000,adl,adl,0.000000,1
blazepose-normalized::adl-38-cam0-rgb,1,1059,1059,85,114,0.000000,0.000000,adl,adl,0.002000,1
blazepose-normalized::adl-38-cam0-rgb,1,1060,1060,91,120,0.000000,0.000000,adl,adl,0.004000,1
blazepose-normalized::adl-38-cam0-rgb,1,1061,1061,97,126,0.000000,0.000000,adl,adl,0.182000,1
blazepose-normalized::adl-38-cam0-rgb,1,1062,1062,103,132,0.000000,0.000000,adl,adl,0.458000,1
blazepose-normalized::adl-38-cam0-rgb,1,1063,1063,109,138,0.000000,0.000000,adl,adl,0.464000,1
blazepose-normalized::adl-38-cam0-rgb,1,1064,1064,115,144,0.000000,0.000000,adl,fall,0.504000,0
blazepose-normalized::adl-38-cam0-rgb,1,1065,1065,121,150,0.000000,0.000000,adl,adl,0.414000,1
blazepose-normalized::adl-38-cam0-rgb,1,1066,1066,127,156,0.000000,0.000000,adl,adl,0.350000,1
blazepose-normalized::adl-38-cam0-rgb,1,1067,1067,133,162,0.000000,0.000000,adl,adl,0.248000,1
blazepose-normalized::adl-38-cam0-rgb,1,1068,1068,139,168,0.000000,0.000000,adl,adl,0.240000,1
blazepose-normalized::adl-38-cam0-rgb,1,1069,1069,145,174,0.000000,0.000000,adl,adl,0.188000,1
blazepose-normalized::adl-38-cam0-rgb,1,1070,1070,151,180,0.000000,0.000000,adl,adl,0.202000,1
blazepose-normalized::adl-38-cam0-rgb,1,1071,1071,157,186,0.000000,0.000000,adl,adl,0.104000,1
blazepose-normalized::adl-38-cam0-rgb,1,1072,1072,163,192,0.000000,0.000000,adl,adl,0.082000,1
blazepose-normalized::adl-38-cam0-rgb,1,1073,1073,169,198,0.000000,0.000000,adl,adl,0.090000,1
blazepose-normalized::adl-38-cam0-rgb,1,1074,1074,175,204,0.000000,0.000000,adl,adl,0.098000,1
blazepose-normalized::adl-38-cam0-rgb,1,1075,1075,181,210,0.000000,0.000000,adl,adl,0.122000,1
blazepose-normalized::adl-38-cam0-rgb,1,1076,1076,187,216,0.000000,0.000000,adl,adl,0.116000,1
blazepose-normalized::adl-38-cam0-rgb,1,1077,1077,193,222,0.000000,0.000000,adl,adl,0.120000,1
blazepose-normalized::adl-38-cam0-rgb,1,1078,1078,199,228,0.000000,0.000000,adl,adl,0.114000,1
blazepose-normalized::adl-38-cam0-rgb,1,1079,1079,205,234,0.000000,0.000000,adl,adl,0.144000,1
blazepose-normalized::adl-39-cam0-rgb,3,1080,1080,13,42,0.000000,0.000000,adl,adl,0.032000,1
blazepose-normalized::adl-39-cam0-rgb,3,1081,1081,19,48,0.000000,0.000000,adl,adl,0.008000,1
blazepose-normalized::adl-39-cam0-rgb,3,1082,1082,25,54,0.000000,0.000000,adl,adl,0.012000,1
blazepose-normalized::adl-39-cam0-rgb,3,1083,1083,31,60,0.000000,0.000000,adl,adl,0.006000,1
blazepose-normalized::adl-39-cam0-rgb,3,1084,1084,37,66,0.000000,0.000000,adl,adl,0.004000,1
blazepose-normalized::adl-39-cam0-rgb,3,1085,1085,43,72,0.000000,0.000000,adl,adl,0.002000,1
blazepose-normalized::adl-39-cam0-rgb,3,1086,1086,49,78,0.000000,0.000000,adl,adl,0.002000,1
blazepose-normalized::adl-39-cam0-rgb,3,1087,1087,55,84,0.000000,0.000000,adl,adl,0.000000,1
blazepose-normalized::adl-39-cam0-rgb,3,1088,1088,61,90,0.000000,0.000000,adl,adl,0.000000,1
blazepose-normalized::adl-39-cam0-rgb,3,1089,1089,67,96,0.000000,0.000000,adl,adl,0.000000,1
blazepose-normalized::adl-39-cam0-rgb,3,1090,1090,73,102,0.000000,0.000000,adl,adl,0.006000,1
blazepose-normalized::adl-39-cam0-rgb,3,1091,1091,79,108,0.000000,0.000000,adl,adl,0.030000,1
blazepose-normalized::adl-39-cam0-rgb,3,1092,1092,85,114,0.000000,0.000000,adl,adl,0.018000,1
blazepose-normalized::adl-39-cam0-rgb,3,1093,1093,91,120,0.000000,0.000000,adl,adl,0.026000,1
blazepose-normalized::adl-39-cam0-rgb,3,1094,1094,97,126,0.000000,0.000000,adl,adl,0.064000,1
blazepose-normalized::adl-39-cam0-rgb,3,1095,1095,103,132,0.000000,0.000000,adl,adl,0.074000,1
blazepose-normalized::adl-39-cam0-rgb,3,1096,1096,109,138,0.000000,0.000000,adl,adl,0.074000,1
blazepose-normalized::adl-39-cam0-rgb,3,1097,1097,115,144,0.000000,0.000000,adl,adl,0.054000,1
blazepose-normalized::adl-39-cam0-rgb,3,1098,1098,121,150,0.000000,0.000000,adl,adl,0.032000,1
blazepose-normalized::adl-39-cam0-rgb,3,1099,1099,127,156,0.000000,0.000000,adl,adl,0.046000,1
blazepose-normalized::adl-39-cam0-rgb,3,1100,1100,133,162,0.000000,0.000000,adl,adl,0.092000,1
blazepose-normalized::adl-39-cam0-rgb,3,1101,1101,139,168,0.000000,0.000000,adl,adl,0.112000,1
blazepose-normalized::adl-39-cam0-rgb,3,1102,1102,145,174,0.000000,0.000000,adl,adl,0.128000,1
blazepose-normalized::adl-39-cam0-rgb,3,1103,1103,151,180,0.000000,0.000000,adl,adl,0.102000,1
blazepose-normalized::adl-39-cam0-rgb,3,1104,1104,157,186,0.000000,0.000000,adl,adl,0.080000,1
blazepose-normalized::adl-39-cam0-rgb,3,1105,1105,163,192,0.000000,0.000000,adl,adl,0.010000,1
blazepose-normalized::adl-39-cam0-rgb,3,1106,1106,169,198,0.000000,0.000000,adl,adl,0.028000,1
blazepose-normalized::adl-39-cam0-rgb,3,1107,1107,175,204,0.000000,0.000000,adl,adl,0.024000,1
blazepose-normalized::adl-39-cam0-rgb,3,1108,1108,181,210,0.000000,0.000000,adl,adl,0.014000,1
blazepose-normalized::adl-39-cam0-rgb,3,1109,1109,187,216,0.000000,0.000000,adl,adl,0.016000,1
blazepose-normalized::adl-39-cam0-rgb,3,1110,1110,193,222,0.000000,0.000000,adl,adl,0.018000,1
blazepose-normalized::adl-39-cam0-rgb,3,1111,1111,199,228,0.000000,0.000000,adl,adl,0.024000,1
blazepose-normalized::adl-39-cam0-rgb,3,1112,1112,205,234,0.000000,0.000000,adl,adl,0.059200,1
blazepose-normalized::adl-39-cam0-rgb,3,1113,1113,211,240,0.000000,0.000000,adl,adl,0.059200,1
blazepose-normalized::adl-39-cam0-rgb,3,1114,1114,217,246,0.000000,0.000000,adl,adl,0.059200,1
blazepose-normalized::adl-40-cam0-rgb,4,1115,1115,37,66,0.000000,0.000000,adl,adl,0.026000,1
blazepose-normalized::adl-40-cam0-rgb,4,1116,1116,43,72,0.000000,0.000000,adl,adl,0.026000,1
blazepose-normalized::adl-40-cam0-rgb,4,1117,1117,49,78,0.000000,0.000000,adl,adl,0.022000,1
blazepose-normalized::adl-40-cam0-rgb,4,1118,1118,55,84,0.000000,0.000000,adl,adl,0.014000,1
blazepose-normalized::adl-40-cam0-rgb,4,1119,1119,61,90,0.000000,0.000000,adl,adl,0.020000,1
blazepose-normalized::adl-40-cam0-rgb,4,1120,1120,67,96,0.000000,0.000000,adl,adl,0.062000,1
blazepose-normalized::adl-40-cam0-rgb,4,1121,1121,73,102,0.000000,0.000000,adl,adl,0.036000,1
blazepose-normalized::adl-40-cam0-rgb,4,1122,1122,79,108,0.000000,0.000000,adl,adl,0.006000,1
blazepose-normalized::adl-40-cam0-rgb,4,1123,1123,85,114,0.000000,0.000000,adl,adl,0.024000,1
blazepose-normalized::adl-40-cam0-rgb,4,1124,1124,91,120,0.000000,0.000000,adl,adl,0.002000,1
blazepose-normalized::adl-40-cam0-rgb,4,1125,1125,97,126,0.000000,0.000000,adl,adl,0.000000,1
blazepose-normalized::adl-40-cam0-rgb,4,1126,1126,103,132,0.000000,0.000000,adl,adl,0.002000,1
blazepose-normalized::adl-40-cam0-rgb,4,1127,1127,109,138,0.000000,0.000000,adl,adl,0.000000,1
blazepose-normalized::adl-40-cam0-rgb,4,1128,1128,115,144,0.000000,0.000000,adl,adl,0.000000,1
blazepose-normalized::adl-40-cam0-rgb,4,1129,1129,121,150,0.000000,0.000000,adl,adl,0.000000,1
blazepose-normalized::adl-40-cam0-rgb,4,1130,1130,127,156,0.000000,0.000000,adl,adl,0.000000,1
blazepose-normalized::adl-40-cam0-rgb,4,1131,1131,133,162,0.000000,0.000000,adl,adl,0.004000,1
blazepose-normalized::adl-40-cam0-rgb,4,1132,1132,139,168,0.000000,0.000000,adl,adl,0.014000,1
blazepose-normalized::adl-40-cam0-rgb,4,1133,1133,145,174,0.000000,0.000000,adl,adl,0.086000,1
blazepose-normalized::adl-40-cam0-rgb,4,1134,1134,151,180,0.000000,0.000000,adl,adl,0.118000,1
blazepose-normalized::adl-40-cam0-rgb,4,1135,1135,157,186,0.000000,0.000000,adl,adl,0.170000,1
blazepose-normalized::adl-40-cam0-rgb,4,1136,1136,163,192,0.000000,0.000000,adl,adl,0.174000,1
blazepose-normalized::adl-40-cam0-rgb,4,1137,1137,169,198,0.000000,0.000000,adl,adl,0.142000,1
blazepose-normalized::adl-40-cam0-rgb,4,1138,1138,175,204,0.000000,0.000000,adl,adl,0.096000,1
blazepose-normalized::adl-40-cam0-rgb,4,1139,1139,181,210,0.000000,0.000000,adl,adl,0.128000,1
blazepose-normalized::adl-40-cam0-rgb,4,1140,1140,187,216,0.000000,0.000000,adl,adl,0.216000,1
blazepose-normalized::adl-40-cam0-rgb,4,1141,1141,193,222,0.000000,0.000000,adl,adl,0.188000,1
blazepose-normalized::adl-40-cam0-rgb,4,1142,1142,199,228,0.000000,0.000000,adl,adl,0.192000,1
blazepose-normalized::adl-40-cam0-rgb,4,1143,1143,205,234,0.000000,0.000000,adl,adl,0.166000,1
blazepose-normalized::adl-40-cam0-rgb,4,1144,1144,211,240,0.000000,0.000000,adl,adl,0.050000,1
blazepose-normalized::adl-40-cam0-rgb,4,1145,1145,217,246,0.000000,0.000000,adl,adl,0.034000,1
blazepose-normalized::adl-40-cam0-rgb,4,1146,1146,223,252,0.000000,0.000000,adl,adl,0.114000,1
blazepose-normalized::adl-40-cam0-rgb,4,1147,1147,229,258,0.000000,0.000000,adl,adl,0.126000,1
blazepose-normalized::adl-40-cam0-rgb,4,1148,1148,235,264,0.000000,0.000000,adl,adl,0.082000,1
blazepose-normalized::adl-40-cam0-rgb,4,1149,1149,241,270,0.000000,0.000000,adl,adl,0.082000,1
blazepose-normalized::adl-40-cam0-rgb,4,1150,1150,247,276,0.000000,0.000000,adl,adl,0.080000,1
blazepose-normalized::adl-40-cam0-rgb,4,1151,1151,253,282,0.000000,0.000000,adl,adl,0.054000,1
blazepose-normalized::adl-40-cam0-rgb,4,1152,1152,259,288,0.000000,0.000000,adl,adl,0.080000,1
blazepose-normalized::adl-40-cam0-rgb,4,1153,1153,265,294,0.000000,0.000000,adl,adl,0.070000,1
blazepose-normalized::adl-40-cam0-rgb,4,1154,1154,271,300,0.000000,0.000000,adl,adl,0.080000,1
blazepose-normalized::adl-40-cam0-rgb,4,1155,1155,277,306,0.000000,0.000000,adl,adl,0.094000,1
blazepose-normalized::adl-40-cam0-rgb,4,1156,1156,283,312,0.000000,0.000000,adl,adl,0.150000,1
blazepose-normalized::adl-40-cam0-rgb,4,1157,1157,289,318,0.000000,0.000000,adl,adl,0.064000,1
blazepose-normalized::adl-40-cam0-rgb,4,1158,1158,295,324,0.000000,0.000000,adl,adl,0.058000,1
blazepose-normalized::adl-40-cam0-rgb,4,1159,1159,301,330,0.000000,0.000000,adl,adl,0.048000,1
blazepose-normalized::fall-01-cam0-rgb,3,1160,1160,1,30,0.000000,0.000000,adl,adl,0.024000,1
blazepose-normalized::fall-01-cam0-rgb,3,1161,1161,7,36,0.000000,0.000000,adl,adl,0.010000,1
blazepose-normalized::fall-01-cam0-rgb,3,1162,1162,13,42,0.000000,0.000000,adl,adl,0.012000,1
blazepose-normalized::fall-01-cam0-rgb,3,1163,1163,19,48,0.000000,0.000000,adl,adl,0.002000,1
blazepose-normalized::fall-01-cam0-rgb,3,1164,1164,25,54,0.000000,0.000000,adl,adl,0.020000,1
blazepose-normalized::fall-01-cam0-rgb,3,1165,1165,31,60,0.000000,0.000000,adl,adl,0.028000,1
blazepose-normalized::fall-01-cam0-rgb,3,1166,1166,37,66,0.000000,0.000000,adl,adl,0.020000,1
blazepose-normalized::fall-01-cam0-rgb,3,1167,1167,43,72,0.000000,0.000000,adl,adl,0.006000,1
blazepose-normalized::fall-01-cam0-rgb,3,1168,1168,49,78,0.000000,0.000000,adl,adl,0.020000,1
blazepose-normalized::fall-01-cam0-rgb,3,1169,1169,55,84,0.000000,0.000000,adl,adl,0.042000,1
blazepose-normalized::fall-01-cam0-rgb,3,1170,1170,61,90,0.000000,0.000000,adl,adl,0.124000,1
blazepose-normalized::fall-01-cam0-rgb,3,1171,1171,67,96,0.000000,0.000000,fall,adl,0.278000,0
blazepose-normalized::fall-01-cam0-rgb,3,1172,1172,73,102,0.000000,0.000000,fall,fall,0.508000,1
blazepose-normalized::fall-01-cam0-rgb,3,1173,1173,79,108,0.000000,0.000000,fall,fall,0.724000,1
blazepose-normalized::fall-01-cam0-rgb,3,1174,1174,85,114,0.000000,0.000000,fall,fall,0.790000,1
blazepose-normalized::fall-01-cam0-rgb,3,1175,1175,91,120,0.000000,0.000000,fall,fall,0.630000,1
blazepose-normalized::fall-01-cam0-rgb,3,1176,1176,97,126,0.000000,0.000000,fall,adl,0.474000,0
blazepose-normalized::fall-01-cam0-rgb,3,1177,1177,103,132,0.000000,0.000000,fall,adl,0.344000,0
blazepose-normalized::fall-01-cam0-rgb,3,1178,1178,109,138,0.000000,0.000000,adl,adl,0.284000,1
blazepose-normalized::fall-01-cam0-rgb,3,1179,1179,115,144,0.000000,0.000000,adl,adl,0.198000,1
blazepose-normalized::fall-01-cam0-rgb,3,1180,1180,121,150,0.000000,0.000000,adl,adl,0.260000,1
blazepose-normalized::fall-01-cam0-rgb,3,1181,1181,127,156,0.000000,0.000000,adl,adl,0.231133,1
blazepose-normalized::fall-02-cam0-rgb,5,1182,1182,1,30,0.000000,0.000000,adl,adl,0.324000,1
blazepose-normalized::fall-02-cam0-rgb,5,1183,1183,7,36,0.000000,0.000000,adl,adl,0.348000,1
blazepose-normalized::fall-02-cam0-rgb,5,1184,1184,13,42,0.000000,0.000000,adl,adl,0.392000,1
blazepose-normalized::fall-02-cam0-rgb,5,1185,1185,19,48,0.000000,0.000000,fall,adl,0.430000,0
blazepose-normalized::fall-02-cam0-rgb,5,1186,1186,25,54,0.000000,0.000000,fall,fall,0.548000,1
blazepose-normalized::fall-02-cam0-rgb,5,1187,1187,31,60,0.000000,0.000000,fall,fall,0.702000,1
blazepose-normalized::fall-02-cam0-rgb,5,1188,1188,37,66,0.000000,0.000000,fall,fall,0.960000,1
blazepose-normalized::fall-02-cam0-rgb,5,1189,1189,43,72,0.000000,0.000000,fall,fall,0.978000,1
blazepose-normalized::fall-02-cam0-rgb,5,1190,1190,49,78,0.000000,0.000000,fall,fall,0.962000,1
blazepose-normalized::fall-02-cam0-rgb,5,1191,1191,55,84,0.000000,0.000000,fall,fall,0.848000,1
blazepose-normalized::fall-02-cam0-rgb,5,1192,1192,61,90,0.000000,0.000000,fall,fall,0.708000,1
blazepose-normalized::fall-02-cam0-rgb,5,1193,1193,67,96,0.000000,0.000000,adl,adl,0.442000,1
blazepose-normalized::fall-02-cam0-rgb,5,1194,1194,73,102,0.000000,0.000000,adl,adl,0.376000,1
blazepose-normalized::fall-02-cam0-rgb,5,1195,1195,79,108,0.000000,0.000000,adl,adl,0.322000,1
blazepose-normalized::fall-03-cam0-rgb,5,1196,1196,1,30,0.000000,0.000000,adl,adl,0.008000,1
blazepose-normalized::fall-03-cam0-rgb,5,1197,1197,7,36,0.000000,0.000000,adl,adl,0.004000,1
blazepose-normalized::fall-03-cam0-rgb,5,1198,1198,13,42,0.000000,0.000000,adl,adl,0.002000,1
blazepose-normalized::fall-03-cam0-rgb,5,1199,1199,19,48,0.000000,0.000000,adl,adl,0.010000,1
blazepose-normalized::fall-03-cam0-rgb,5,1200,1200,25,54,0.000000,0.000000,adl,adl,0.012000,1
blazepose-normalized::fall-03-cam0-rgb,5,1201,1201,31,60,0.000000,0.000000,adl,adl,0.012000,1
blazepose-normalized::fall-03-cam0-rgb,5,1202,1202,37,66,0.000000,0.000000,adl,adl,0.020000,1
blazepose-normalized::fall-03-cam0-rgb,5,1203,1203,43,72,0.000000,0.000000,adl,adl,0.022000,1
blazepose-normalized::fall-03-cam0-rgb,5,1204,1204,49,78,0.000000,0.000000,adl,adl,0.024000,1
blazepose-normalized::fall-03-cam0-rgb,5,1205,1205,55,84,0.000000,0.000000,adl,adl,0.004000,1
blazepose-normalized::fall-03-cam0-rgb,5,1206,1206,61,90,0.000000,0.000000,adl,adl,0.028000,1
blazepose-normalized::fall-03-cam0-rgb,5,1207,1207,67,96,0.000000,0.000000,adl,adl,0.028000,1
blazepose-normalized::fall-03-cam0-rgb,5,1208,1208,73,102,0.000000,0.000000,adl,adl,0.030000,1
blazepose-normalized::fall-03-cam0-rgb,5,1209,1209,79,108,0.000000,0.000000,adl,adl,0.060000,1
blazepose-normalized::fall-03-cam0-rgb,5,1210,1210,85,114,0.000000,0.000000,adl,adl,0.032000,1
blazepose-normalized::fall-03-cam0-rgb,5,1211,1211,91,120,0.000000,0.000000,adl,adl,0.030000,1
blazepose-normalized::fall-03-cam0-rgb,5,1212,1212,97,126,0.000000,0.000000,adl,adl,0.036000,1
blazepose-normalized::fall-03-cam0-rgb,5,1213,1213,103,132,0.000000,0.000000,adl,adl,0.018000,1
blazepose-normalized::fall-03-cam0-rgb,5,1214,1214,109,138,0.000000,0.000000,adl,adl,0.010000,1
blazepose-normalized::fall-03-cam0-rgb,5,1215,1215,115,144,0.000000,0.000000,adl,adl,0.010000,1
blazepose-normalized::fall-03-cam0-rgb,5,1216,1216,121,150,0.000000,0.000000,adl,adl,0.086000,1
blazepose-normalized::fall-03-cam0-rgb,5,1217,1217,127,156,0.000000,0.000000,fall,adl,0.328000,0
blazepose-normalized::fall-03-cam0-rgb,5,1218,1218,133,162,0.000000,0.000000,fall,adl,0.390000,0
blazepose-normalized::fall-03-cam0-rgb,5,1219,1219,139,168,0.000000,0.000000,fall,adl,0.448000,0
blazepose-normalized::fall-03-cam0-rgb,5,1220,1220,145,174,0.000000,0.000000,fall,adl,0.368000,0
blazepose-normalized::fall-03-cam0-rgb,5,1221,1221,151,180,0.000000,0.000000,fall,adl,0.328000,0
blazepose-normalized::fall-03-cam0-rgb,5,1222,1222,157,186,0.000000,0.000000,fall,adl,0.292000,0
blazepose-normalized::fall-03-cam0-rgb,5,1223,1223,163,192,0.000000,0.000000,fall,adl,0.254000,0
blazepose-normalized::fall-03-cam0-rgb,5,1224,1224,169,198,0.000000,0.000000,fall,adl,0.251000,0
blazepose-normalized::fall-03-cam0-rgb,5,1225,1225,175,204,0.000000,0.000000,adl,adl,0.178000,1
blazepose-normalized::fall-03-cam0-rgb,5,1226,1226,181,210,0.000000,0.000000,adl,adl,0.206000,1
blazepose-normalized::fall-04-cam0-rgb,1,1227,1227,1,30,0.000000,0.000000,fall,fall,0.958000,1
blazepose-normalized::fall-04-cam0-rgb,1,1228,1228,7,36,0.000000,0.000000,fall,fall,0.968000,1
blazepose-normalized::fall-04-cam0-rgb,1,1229,1229,13,42,0.000000,0.000000,fall,fall,0.856000,1
blazepose-normalized::fall-04-cam0-rgb,1,1230,1230,19,48,0.000000,0.000000,fall,fall,0.746000,1
blazepose-normalized::fall-04-cam0-rgb,1,1231,1231,25,54,0.000000,0.000000,fall,fall,0.702000,1
blazepose-normalized::fall-04-cam0-rgb,1,1232,1232,31,60,0.000000,0.000000,fall,fall,0.637278,1
blazepose-normalized::fall-04-cam0-rgb,1,1233,1233,37,66,0.000000,0.000000,adl,fall,0.554000,0
blazepose-normalized::fall-04-cam0-rgb,1,1234,1234,43,72,0.000000,0.000000,adl,adl,0.397333,1
blazepose-normalized::fall-04-cam0-rgb,1,1235,1235,49,78,0.000000,0.000000,adl,adl,0.307333,1
blazepose-normalized::fall-04-cam0-rgb,1,1236,1236,55,84,0.000000,0.000000,adl,adl,0.260000,1
blazepose-normalized::fall-04-cam0-rgb,1,1237,1237,61,90,0.000000,0.000000,adl,adl,0.274000,1
blazepose-normalized::fall-04-cam0-rgb,1,1238,1238,67,96,0.000000,0.000000,adl,adl,0.260000,1
blazepose-normalized::fall-05-cam0-rgb,3,1239,1239,1,30,0.000000,0.000000,adl,adl,0.022000,1
blazepose-normalized::fall-05-cam0-rgb,3,1240,1240,7,36,0.000000,0.000000,adl,adl,0.020000,1
blazepose-normalized::fall-05-cam0-rgb,3,1241,1241,13,42,0.000000,0.000000,adl,adl,0.022000,1
blazepose-normalized::fall-05-cam0-rgb,3,1242,1242,19,48,0.000000,0.000000,adl,adl,0.020000,1
blazepose-normalized::fall-05-cam0-rgb,3,1243,1243,25,54,0.000000,0.000000,adl,adl,0.040000,1
blazepose-normalized::fall-05-cam0-rgb,3,1244,1244,31,60,0.000000,0.000000,adl,adl,0.040000,1
blazepose-normalized::fall-05-cam0-rgb,3,1245,1245,37,66,0.000000,0.000000,adl,adl,0.034000,1
blazepose-normalized::fall-05-cam0-rgb,3,1246,1246,43,72,0.000000,0.000000,adl,adl,0.048000,1
blazepose-normalized::fall-05-cam0-rgb,3,1247,1247,49,78,0.000000,0.000000,adl,adl,0.064000,1
blazepose-normalized::fall-05-cam0-rgb,3,1248,1248,55,84,0.000000,0.000000,adl,adl,0.034000,1
blazepose-normalized::fall-05-cam0-rgb,3,1249,1249,61,90,0.000000,0.000000,fall,adl,0.084000,0
blazepose-normalized::fall-05-cam0-rgb,3,1250,1250,67,96,0.000000,0.000000,fall,adl,0.386000,0
blazepose-normalized::fall-05-cam0-rgb,3,1251,1251,73,102,0.000000,0.000000,fall,adl,0.477500,0
blazepose-normalized::fall-05-cam0-rgb,3,1252,1252,79,108,0.000000,0.000000,fall,adl,0.469500,0
blazepose-normalized::fall-05-cam0-rgb,3,1253,1253,85,114,0.000000,0.000000,fall,adl,0.402167,0
blazepose-normalized::fall-05-cam0-rgb,3,1254,1254,91,120,0.000000,0.000000,fall,adl,0.328667,0
blazepose-normalized::fall-05-cam0-rgb,3,1255,1255,97,126,0.000000,0.000000,fall,adl,0.318667,0
blazepose-normalized::fall-05-cam0-rgb,3,1256,1256,103,132,0.000000,0.000000,adl,adl,0.272000,1
blazepose-normalized::fall-05-cam0-rgb,3,1257,1257,109,138,0.000000,0.000000,adl,adl,0.276000,1
blazepose-normalized::fall-05-cam0-rgb,3,1258,1258,115,144,0.000000,0.000000,adl,adl,0.274000,1
blazepose-normalized::fall-05-cam0-rgb,3,1259,1259,121,150,0.000000,0.000000,adl,adl,0.268000,1
blazepose-normalized::fall-06-cam0-rgb,1,1260,1260,1,30,0.000000,0.000000,fall,adl,0.076000,0
blazepose-normalized::fall-06-cam0-rgb,1,1261,1261,7,36,0.000000,0.000000,fall,adl,0.318000,0
blazepose-normalized::fall-06-cam0-rgb,1,1262,1262,13,42,0.000000,0.000000,fall,fall,0.518000,1
blazepose-normalized::fall-06-cam0-rgb,1,1263,1263,19,48,0.000000,0.000000,fall,fall,0.570000,1
blazepose-normalized::fall-06-cam0-rgb,1,1264,1264,25,54,0.000000,0.000000,fall,fall,0.545600,1
blazepose-normalized::fall-06-cam0-rgb,1,1265,1265,31,60,0.000000,0.000000,fall,fall,0.563600,1
blazepose-normalized::fall-06-cam0-rgb,1,1266,1266,37,66,0.000000,0.000000,adl,adl,0.494000,1
blazepose-normalized::fall-06-cam0-rgb,1,1267,1267,43,72,0.000000,0.000000,adl,adl,0.274000,1
blazepose-normalized::fall-06-cam0-rgb,1,1268,1268,49,78,0.000000,0.000000,adl,adl,0.298000,1
blazepose-normalized::fall-06-cam0-rgb,1,1269,1269,55,84,0.000000,0.000000,adl,adl,0.382000,1
blazepose-normalized::fall-06-cam0-rgb,1,1270,1270,61,90,0.000000,0.000000,adl,adl,0.428000,1
blazepose-normalized::fall-06-cam0-rgb,1,1271,1271,67,96,0.000000,0.000000,adl,fall,0.502000,0
blazepose-normalized::fall-07-cam0-rgb,1,1272,1272,1,30,0.000000,0.000000,adl,adl,0.228000,1
blazepose-normalized::fall-07-cam0-rgb,1,1273,1273,7,36,0.000000,0.000000,adl,adl,0.304000,1
blazepose-normalized::fall-07-cam0-rgb,1,1274,1274,13,42,0.000000,0.000000,adl,adl,0.368000,1
blazepose-normalized::fall-07-cam0-rgb,1,1275,1275,19,48,0.000000,0.000000,adl,adl,0.444000,1
blazepose-normalized::fall-07-cam0-rgb,1,1276,1276,25,54,0.000000,0.000000,adl,adl,0.332000,1
blazepose-normalized::fall-07-cam0-rgb,1,1277,1277,31,60,0.000000,0.000000,adl,adl,0.332000,1
blazepose-normalized::fall-07-cam0-rgb,1,1278,1278,37,66,0.000000,0.000000,adl,adl,0.328000,1
blazepose-normalized::fall-07-cam0-rgb,1,1279,1279,43,72,0.000000,0.000000,adl,adl,0.374000,1
blazepose-normalized::fall-07-cam0-rgb,1,1280,1280,49,78,0.000000,0.000000,adl,adl,0.432000,1
blazepose-normalized::fall-07-cam0-rgb,1,1281,1281,55,84,0.000000,0.000000,adl,adl,0.468000,1
blazepose-normalized::fall-07-cam0-rgb,1,1282,1282,61,90,0.000000,0.000000,adl,adl,0.396000,1
blazepose-normalized::fall-07-cam0-rgb,1,1283,1283,67,96,0.000000,0.000000,fall,adl,0.464000,0
blazepose-normalized::fall-07-cam0-rgb,1,1284,1284,73,102,0.000000,0.000000,fall,fall,0.696000,1
blazepose-normalized::fall-07-cam0-rgb,1,1285,1285,79,108,0.000000,0.000000,fall,fall,0.740000,1
blazepose-normalized::fall-07-cam0-rgb,1,1286,1286,85,114,0.000000,0.000000,fall,fall,0.828000,1
blazepose-normalized::fall-07-cam0-rgb,1,1287,1287,91,120,0.000000,0.000000,fall,fall,0.832000,1
blazepose-normalized::fall-07-cam0-rgb,1,1288,1288,97,126,0.000000,0.000000,fall,fall,0.888000,1
blazepose-normalized::fall-07-cam0-rgb,1,1289,1289,103,132,0.000000,0.000000,fall,fall,0.698000,1
blazepose-normalized::fall-07-cam0-rgb,1,1290,1290,109,138,0.000000,0.000000,adl,fall,0.506000,0
blazepose-normalized::fall-07-cam0-rgb,1,1291,1291,115,144,0.000000,0.000000,adl,adl,0.356000,1
blazepose-normalized::fall-07-cam0-rgb,1,1292,1292,121,150,0.000000,0.000000,adl,adl,0.352000,1
blazepose-normalized::fall-07-cam0-rgb,1,1293,1293,127,156,0.000000,0.000000,adl,adl,0.352000,1
blazepose-normalized::fall-08-cam0-rgb,2,1294,1294,1,30,0.000000,0.000000,adl,adl,0.464000,1
blazepose-normalized::fall-08-cam0-rgb,2,1295,1295,7,36,0.000000,0.000000,adl,fall,0.624000,0
blazepose-normalized::fall-08-cam0-rgb,2,1296,1296,13,42,0.000000,0.000000,fall,fall,0.758000,1
blazepose-normalized::fall-08-cam0-rgb,2,1297,1297,19,48,0.000000,0.000000,fall,fall,0.870000,1
blazepose-normalized::fall-08-cam0-rgb,2,1298,1298,25,54,0.000000,0.000000,fall,fall,0.920000,1
blazepose-normalized::fall-08-cam0-rgb,2,1299,1299,31,60,0.000000,0.000000,fall,fall,0.818000,1
blazepose-normalized::fall-08-cam0-rgb,2,1300,1300,37,66,0.000000,0.000000,fall,fall,0.648000,1
blazepose-normalized::fall-08-cam0-rgb,2,1301,1301,43,72,0.000000,0.000000,fall,fall,0.628000,1
blazepose-normalized::fall-08-cam0-rgb,2,1302,1302,49,78,0.000000,0.000000,fall,fall,0.536000,1
blazepose-normalized::fall-08-cam0-rgb,2,1303,1303,55,84,0.000000,0.000000,adl,adl,0.428000,1
blazepose-normalized::fall-08-cam0-rgb,2,1304,1304,61,90,0.000000,0.000000,adl,adl,0.394000,1
blazepose-normalized::fall-09-cam0-rgb,3,1305,1305,1,30,0.000000,0.000000,adl,adl,0.026000,1
blazepose-normalized::fall-09-cam0-rgb,3,1306,1306,7,36,0.000000,0.000000,adl,adl,0.014000,1
blazepose-normalized::fall-09-cam0-rgb,3,1307,1307,13,42,0.000000,0.000000,adl,adl,0.036000,1
blazepose-normalized::fall-09-cam0-rgb,3,1308,1308,19,48,0.000000,0.000000,adl,adl,0.032000,1
blazepose-normalized::fall-09-cam0-rgb,3,1309,1309,25,54,0.000000,0.000000,adl,adl,0.028000,1
blazepose-normalized::fall-09-cam0-rgb,3,1310,1310,31,60,0.000000,0.000000,adl,adl,0.016000,1
blazepose-normalized::fall-09-cam0-rgb,3,1311,1311,37,66,0.000000,0.000000,adl,adl,0.090000,1
blazepose-normalized::fall-09-cam0-rgb,3,1312,1312,43,72,0.000000,0.000000,adl,adl,0.154000,1
blazepose-normalized::fall-09-cam0-rgb,3,1313,1313,49,78,0.000000,0.000000,adl,adl,0.142000,1
blazepose-normalized::fall-09-cam0-rgb,3,1314,1314,55,84,0.000000,0.000000,adl,adl,0.092000,1
blazepose-normalized::fall-09-cam0-rgb,3,1315,1315,61,90,0.000000,0.000000,adl,adl,0.102000,1
blazepose-normalized::fall-09-cam0-rgb,3,1316,1316,67,96,0.000000,0.000000,adl,adl,0.074000,1
blazepose-normalized::fall-09-cam0-rgb,3,1317,1317,73,102,0.000000,0.000000,adl,adl,0.042000,1
blazepose-normalized::fall-09-cam0-rgb,3,1318,1318,79,108,0.000000,0.000000,adl,adl,0.050000,1
blazepose-normalized::fall-09-cam0-rgb,3,1319,1319,85,114,0.000000,0.000000,adl,adl,0.100000,1
blazepose-normalized::fall-09-cam0-rgb,3,1320,1320,91,120,0.000000,0.000000,adl,adl,0.168000,1
blazepose-normalized::fall-09-cam0-rgb,3,1321,1321,97,126,0.000000,0.000000,adl,adl,0.224000,1
blazepose-normalized::fall-09-cam0-rgb,3,1322,1322,103,132,0.000000,0.000000,fall,adl,0.396000,0
blazepose-normalized::fall-09-cam0-rgb,3,1323,1323,109,138,0.000000,0.000000,fall,fall,0.590000,1
blazepose-normalized::fall-09-cam0-rgb,3,1324,1324,115,144,0.000000,0.000000,fall,fall,0.840000,1
blazepose-normalized::fall-09-cam0-rgb,3,1325,1325,121,150,0.000000,0.000000,fall,fall,0.888000,1
blazepose-normalized::fall-09-cam0-rgb,3,1326,1326,127,156,0.000000,0.000000,fall,fall,0.834000,1
blazepose-normalized::fall-09-cam0-rgb,3,1327,1327,133,162,0.000000,0.000000,fall,fall,0.856000,1
blazepose-normalized::fall-09-cam0-rgb,3,1328,1328,139,168,0.000000,0.000000,fall,fall,0.756000,1
blazepose-normalized::fall-09-cam0-rgb,3,1329,1329,145,174,0.000000,0.000000,adl,adl,0.456000,1
blazepose-normalized::fall-09-cam0-rgb,3,1330,1330,151,180,0.000000,0.000000,adl,adl,0.328000,1
blazepose-normalized::fall-10-cam0-rgb,2,1331,1331,1,30,0.000000,0.000000,adl,adl,0.408000,1
blazepose-normalized::fall-10-cam0-rgb,2,1332,1332,7,36,0.000000,0.000000,adl,adl,0.412000,1
blazepose-normalized::fall-10-cam0-rgb,2,1333,1333,13,42,0.000000,0.000000,adl,adl,0.470000,1
blazepose-normalized::fall-10-cam0-rgb,2,1334,1334,19,48,0.000000,0.000000,fall,fall,0.594000,1
blazepose-normalized::fall-10-cam0-rgb,2,1335,1335,25,54,0.000000,0.000000,fall,fall,0.728000,1
blazepose-normalized::fall-10-cam0-rgb,2,1336,1336,31,60,0.000000,0.000000,fall,fall,0.926000,1
blazepose-normalized::fall-10-cam0-rgb,2,1337,1337,37,66,0.000000,0.000000,fall,fall,0.954000,1
blazepose-normalized::fall-10-cam0-rgb,2,1338,1338,43,72,0.000000,0.000000,fall,fall,0.868000,1
blazepose-normalized::fall-10-cam0-rgb,2,1339,1339,49,78,0.000000,0.000000,fall,fall,0.784000,1
blazepose-normalized::fall-10-cam0-rgb,2,1340,1340,55,84,0.000000,0.000000,fall,fall,0.700000,1
blazepose-normalized::fall-10-cam0-rgb,2,1341,1341,61,90,0.000000,0.000000,fall,fall,0.546000,1
blazepose-normalized::fall-10-cam0-rgb,2,1342,1342,67,96,0.000000,0.000000,adl,adl,0.342000,1
blazepose-normalized::fall-10-cam0-rgb,2,1343,1343,73,102,0.000000,0.000000,adl,adl,0.310000,1
blazepose-normalized::fall-10-cam0-rgb,2,1344,1344,79,108,0.000000,0.000000,adl,adl,0.330000,1
blazepose-normalized::fall-10-cam0-rgb,2,1345,1345,85,114,0.000000,0.000000,adl,adl,0.324000,1
blazepose-normalized::fall-10-cam0-rgb,2,1346,1346,91,120,0.000000,0.000000,adl,adl,0.308000,1
blazepose-normalized::fall-10-cam0-rgb,2,1347,1347,97,126,0.000000,0.000000,adl,adl,0.322000,1
blazepose-normalized::fall-11-cam0-rgb,1,1348,1348,1,30,0.000000,0.000000,adl,adl,0.014000,1
blazepose-normalized::fall-11-cam0-rgb,1,1349,1349,7,36,0.000000,0.000000,adl,adl,0.030000,1
blazepose-normalized::fall-11-cam0-rgb,1,1350,1350,13,42,0.000000,0.000000,adl,adl,0.002000,1
blazepose-normalized::fall-11-cam0-rgb,1,1351,1351,19,48,0.000000,0.000000,adl,adl,0.014000,1
blazepose-normalized::fall-11-cam0-rgb,1,1352,1352,25,54,0.000000,0.000000,adl,adl,0.068000,1
blazepose-normalized::fall-11-cam0-rgb,1,1353,1353,31,60,0.000000,0.000000,fall,adl,0.254000,0
blazepose-normalized::fall-11-cam0-rgb,1,1354,1354,37,66,0.000000,0.000000,fall,adl,0.426000,0
blazepose-normalized::fall-11-cam0-rgb,1,1355,1355,43,72,0.000000,0.000000,fall,fall,0.556000,1
blazepose-normalized::fall-11-cam0-rgb,1,1356,1356,49,78,0.000000,0.000000,fall,fall,0.710000,1
blazepose-normalized::fall-11-cam0-rgb,1,1357,1357,55,84,0.000000,0.000000,fall,fall,0.746000,1
blazepose-normalized::fall-11-cam0-rgb,1,1358,1358,61,90,0.000000,0.000000,fall,fall,0.811556,1
blazepose-normalized::fall-11-cam0-rgb,1,1359,1359,67,96,0.000000,0.000000,fall,fall,0.646000,1
blazepose-normalized::fall-11-cam0-rgb,1,1360,1360,73,102,0.000000,0.000000,adl,adl,0.346000,1
blazepose-normalized::fall-11-cam0-rgb,1,1361,1361,79,108,0.000000,0.000000,adl,adl,0.228000,1
blazepose-normalized::fall-11-cam0-rgb,1,1362,1362,85,114,0.000000,0.000000,adl,adl,0.174000,1
blazepose-normalized::fall-11-cam0-rgb,1,1363,1363,91,120,0.000000,0.000000,adl,adl,0.234000,1
blazepose-normalized::fall-11-cam0-rgb,1,1364,1364,97,126,0.000000,0.000000,adl,adl,0.292000,1
blazepose-normalized::fall-12-cam0-rgb,2,1365,1365,1,30,0.000000,0.000000,adl,adl,0.322000,1
blazepose-normalized::fall-12-cam0-rgb,2,1366,1366,7,36,0.000000,0.000000,fall,fall,0.546000,1
blazepose-normalized::fall-12-cam0-rgb,2,1367,1367,13,42,0.000000,0.000000,fall,fall,0.746000,1
blazepose-normalized::fall-12-cam0-rgb,2,1368,1368,19,48,0.000000,0.000000,fall,fall,0.870000,1
blazepose-normalized::fall-12-cam0-rgb,2,1369,1369,25,54,0.000000,0.000000,fall,fall,0.894000,1
blazepose-normalized::fall-12-cam0-rgb,2,1370,1370,31,60,0.000000,0.000000,fall,fall,0.848000,1
blazepose-normalized::fall-12-cam0-rgb,2,1371,1371,37,66,0.000000,0.000000,fall,fall,0.764000,1
blazepose-normalized::fall-12-cam0-rgb,2,1372,1372,43,72,0.000000,0.000000,fall,fall,0.588000,1
blazepose-normalized::fall-12-cam0-rgb,2,1373,1373,49,78,0.000000,0.000000,adl,adl,0.412000,1
blazepose-normalized::fall-12-cam0-rgb,2,1374,1374,55,84,0.000000,0.000000,adl,adl,0.312000,1
blazepose-normalized::fall-12-cam0-rgb,2,1375,1375,61,90,0.000000,0.000000,adl,adl,0.252000,1
blazepose-normalized::fall-12-cam0-rgb,2,1376,1376,67,96,0.000000,0.000000,adl,adl,0.226000,1
blazepose-normalized::fall-12-cam0-rgb,2,1377,1377,73,102,0.000000,0.000000,adl,adl,0.256000,1
blazepose-normalized::fall-12-cam0-rgb,2,1378,1378,79,108,0.000000,0.000000,adl,adl,0.298000,1
blazepose-normalized::fall-13-cam0-rgb,5,1379,1379,1,30,0.000000,0.000000,adl,adl,0.004000,1
blazepose-normalized::fall-13-cam0-rgb,5,1380,1380,7,36,0.000000,0.000000,adl,adl,0.002000,1
blazepose-normalized::fall-13-cam0-rgb,5,1381,1381,13,42,0.000000,0.000000,adl,adl,0.002000,1
blazepose-normalized::fall-13-cam0-rgb,5,1382,1382,19,48,0.000000,0.000000,adl,adl,0.004000,1
blazepose-normalized::fall-13-cam0-rgb,5,1383,1383,25,54,0.000000,0.000000,fall,adl,0.478000,0
blazepose-normalized::fall-13-cam0-rgb,5,1384,1384,31,60,0.000000,0.000000,fall,fall,0.714000,1
blazepose-normalized::fall-13-cam0-rgb,5,1385,1385,37,66,0.000000,0.000000,fall,fall,0.652000,1
blazepose-normalized::fall-13-cam0-rgb,5,1386,1386,43,72,0.000000,0.000000,fall,fall,0.540000,1
blazepose-normalized::fall-13-cam0-rgb,5,1387,1387,49,78,0.000000,0.000000,fall,adl,0.304000,0
blazepose-normalized::fall-13-cam0-rgb,5,1388,1388,55,84,0.000000,0.000000,fall,adl,0.274000,0
blazepose-normalized::fall-14-cam0-rgb,3,1389,1389,1,30,0.000000,0.000000,fall,fall,0.554000,1
blazepose-normalized::fall-14-cam0-rgb,3,1390,1390,7,36,0.000000,0.000000,fall,fall,0.722000,1
blazepose-normalized::fall-14-cam0-rgb,3,1391,1391,13,42,0.000000,0.000000,fall,fall,0.840000,1
blazepose-normalized::fall-14-cam0-rgb,3,1392,1392,19,48,0.000000,0.000000,fall,fall,0.814000,1
blazepose-normalized::fall-14-cam0-rgb,3,1393,1393,25,54,0.000000,0.000000,fall,fall,0.722000,1
blazepose-normalized::fall-14-cam0-rgb,3,1394,1394,31,60,0.000000,0.000000,fall,fall,0.634000,1
blazepose-normalized::fall-15-cam0-rgb,2,1395,1395,1,30,0.000000,0.000000,adl,adl,0.006000,1
blazepose-normalized::fall-15-cam0-rgb,2,1396,1396,7,36,0.000000,0.000000,fall,adl,0.270000,0
blazepose-normalized::fall-15-cam0-rgb,2,1397,1397,13,42,0.000000,0.000000,fall,fall,0.606000,1
blazepose-normalized::fall-15-cam0-rgb,2,1398,1398,19,48,0.000000,0.000000,fall,fall,0.810000,1
blazepose-normalized::fall-15-cam0-rgb,2,1399,1399,25,54,0.000000,0.000000,fall,fall,0.812000,1
blazepose-normalized::fall-15-cam0-rgb,2,1400,1400,31,60,0.000000,0.000000,fall,fall,0.660000,1
blazepose-normalized::fall-15-cam0-rgb,2,1401,1401,37,66,0.000000,0.000000,fall,fall,0.528000,1
blazepose-normalized::fall-16-cam0-rgb,3,1402,1402,1,30,0.000000,0.000000,fall,fall,0.548000,1
blazepose-normalized::fall-16-cam0-rgb,3,1403,1403,7,36,0.000000,0.000000,fall,fall,0.666000,1
blazepose-normalized::fall-16-cam0-rgb,3,1404,1404,13,42,0.000000,0.000000,fall,fall,0.804000,1
blazepose-normalized::fall-16-cam0-rgb,3,1405,1405,19,48,0.000000,0.000000,fall,fall,0.878000,1
blazepose-normalized::fall-16-cam0-rgb,3,1406,1406,25,54,0.000000,0.000000,fall,fall,0.838000,1
blazepose-normalized::fall-17-cam0-rgb,4,1407,1407,1,30,0.000000,0.000000,adl,adl,0.020000,1
blazepose-normalized::fall-17-cam0-rgb,4,1408,1408,7,36,0.000000,0.000000,adl,adl,0.024000,1
blazepose-normalized::fall-17-cam0-rgb,4,1409,1409,13,42,0.000000,0.000000,adl,adl,0.028000,1
blazepose-normalized::fall-17-cam0-rgb,4,1410,1410,19,48,0.000000,0.000000,adl,adl,0.046000,1
blazepose-normalized::fall-17-cam0-rgb,4,1411,1411,25,54,0.000000,0.000000,adl,adl,0.074000,1
blazepose-normalized::fall-17-cam0-rgb,4,1412,1412,31,60,0.000000,0.000000,adl,adl,0.120000,1
blazepose-normalized::fall-17-cam0-rgb,4,1413,1413,37,66,0.000000,0.000000,adl,fall,0.618000,0
blazepose-normalized::fall-17-cam0-rgb,4,1414,1414,43,72,0.000000,0.000000,fall,fall,0.706000,1
blazepose-normalized::fall-17-cam0-rgb,4,1415,1415,49,78,0.000000,0.000000,fall,fall,0.804000,1
blazepose-normalized::fall-17-cam0-rgb,4,1416,1416,55,84,0.000000,0.000000,fall,fall,0.776000,1
blazepose-normalized::fall-17-cam0-rgb,4,1417,1417,61,90,0.000000,0.000000,fall,fall,0.662000,1
blazepose-normalized::fall-18-cam0-rgb,5,1418,1418,1,30,0.000000,0.000000,fall,fall,0.964000,1
blazepose-normalized::fall-18-cam0-rgb,5,1419,1419,7,36,0.000000,0.000000,fall,fall,0.970000,1
blazepose-normalized::fall-18-cam0-rgb,5,1420,1420,13,42,0.000000,0.000000,fall,fall,0.968000,1
blazepose-normalized::fall-18-cam0-rgb,5,1421,1421,19,48,0.000000,0.000000,fall,fall,0.952000,1
blazepose-normalized::fall-18-cam0-rgb,5,1422,1422,25,54,0.000000,0.000000,fall,fall,0.910000,1
blazepose-normalized::fall-18-cam0-rgb,5,1423,1423,31,60,0.000000,0.000000,fall,fall,0.818000,1
blazepose-normalized::fall-19-cam0-rgb,1,1424,1424,1,30,0.000000,0.000000,adl,adl,0.028000,1
blazepose-normalized::fall-19-cam0-rgb,1,1425,1425,7,36,0.000000,0.000000,fall,adl,0.016000,0
blazepose-normalized::fall-19-cam0-rgb,1,1426,1426,13,42,0.000000,0.000000,fall,adl,0.456000,0
blazepose-normalized::fall-19-cam0-rgb,1,1427,1427,19,48,0.000000,0.000000,fall,fall,0.798000,1
blazepose-normalized::fall-19-cam0-rgb,1,1428,1428,25,54,0.000000,0.000000,fall,fall,0.863500,1
blazepose-normalized::fall-19-cam0-rgb,1,1429,1429,31,60,0.000000,0.000000,fall,fall,0.806000,1
blazepose-normalized::fall-19-cam0-rgb,1,1430,1430,37,66,0.000000,0.000000,fall,fall,0.584000,1
blazepose-normalized::fall-19-cam0-rgb,1,1431,1431,43,72,0.000000,0.000000,fall,adl,0.340000,0
blazepose-normalized::fall-19-cam0-rgb,1,1432,1432,49,78,0.000000,0.000000,adl,adl,0.178000,1
blazepose-normalized::fall-20-cam0-rgb,4,1433,1433,1,30,0.000000,0.000000,fall,adl,0.338000,0
blazepose-normalized::fall-20-cam0-rgb,4,1434,1434,7,36,0.000000,0.000000,fall,adl,0.250000,0
blazepose-normalized::fall-20-cam0-rgb,4,1435,1435,13,42,0.000000,0.000000,fall,adl,0.218000,0
blazepose-normalized::fall-20-cam0-rgb,4,1436,1436,19,48,0.000000,0.000000,fall,adl,0.458000,0
blazepose-normalized::fall-20-cam0-rgb,4,1437,1437,25,54,0.000000,0.000000,fall,adl,0.458000,0
blazepose-normalized::fall-20-cam0-rgb,4,1438,1438,31,60,0.000000,0.000000,fall,fall,0.552000,1
blazepose-normalized::fall-20-cam0-rgb,4,1439,1439,37,66,0.000000,0.000000,fall,fall,0.618000,1
blazepose-normalized::fall-20-cam0-rgb,4,1440,1440,43,72,0.000000,0.000000,adl,fall,0.584000,0
blazepose-normalized::fall-20-cam0-rgb,4,1441,1441,49,78,0.000000,0.000000,adl,adl,0.356000,1
blazepose-normalized::fall-20-cam0-rgb,4,1442,1442,55,84,0.000000,0.000000,adl,adl,0.322000,1
blazepose-normalized::fall-20-cam0-rgb,4,1443,1443,61,90,0.000000,0.000000,adl,adl,0.368000,1
blazepose-normalized::fall-20-cam0-rgb,4,1444,1444,67,96,0.000000,0.000000,adl,adl,0.418000,1
blazepose-normalized::fall-20-cam0-rgb,4,1445,1445,73,102,0.000000,0.000000,adl,adl,0.464000,1
blazepose-normalized::fall-20-cam0-rgb,4,1446,1446,79,108,0.000000,0.000000,adl,fall,0.514000,0
blazepose-normalized::fall-21-cam0-rgb,4,1447,1447,1,30,0.000000,0.000000,fall,adl,0.174000,0
blazepose-normalized::fall-21-cam0-rgb,4,1448,1448,7,36,0.000000,0.000000,fall,fall,0.552000,1
blazepose-normalized::fall-21-cam0-rgb,4,1449,1449,13,42,0.000000,0.000000,fall,fall,0.600000,1
blazepose-normalized::fall-21-cam0-rgb,4,1450,1450,19,48,0.000000,0.000000,fall,fall,0.532000,1
blazepose-normalized::fall-21-cam0-rgb,4,1451,1451,25,54,0.000000,0.000000,fall,fall,0.506000,1
blazepose-normalized::fall-22-cam0-rgb,1,1452,1452,1,30,0.000000,0.000000,fall,fall,0.968000,1
blazepose-normalized::fall-22-cam0-rgb,1,1453,1453,7,36,0.000000,0.000000,fall,fall,0.960000,1
blazepose-normalized::fall-22-cam0-rgb,1,1454,1454,13,42,0.000000,0.000000,fall,fall,0.966000,1
blazepose-normalized::fall-22-cam0-rgb,1,1455,1455,19,48,0.000000,0.000000,fall,fall,0.858000,1
blazepose-normalized::fall-22-cam0-rgb,1,1456,1456,25,54,0.000000,0.000000,fall,fall,0.602000,1
blazepose-normalized::fall-23-cam0-rgb,3,1457,1457,1,30,0.000000,0.000000,adl,adl,0.096000,1
blazepose-normalized::fall-23-cam0-rgb,3,1458,1458,7,36,0.000000,0.000000,fall,adl,0.366000,0
blazepose-normalized::fall-23-cam0-rgb,3,1459,1459,13,42,0.000000,0.000000,fall,fall,0.530000,1
blazepose-normalized::fall-23-cam0-rgb,3,1460,1460,19,48,0.000000,0.000000,fall,fall,0.678000,1
blazepose-normalized::fall-23-cam0-rgb,3,1461,1461,25,54,0.000000,0.000000,fall,fall,0.606000,1
blazepose-normalized::fall-23-cam0-rgb,3,1462,1462,31,60,0.000000,0.000000,fall,adl,0.462000,0
blazepose-normalized::fall-23-cam0-rgb,3,1463,1463,37,66,0.000000,0.000000,fall,adl,0.340000,0
blazepose-normalized::fall-23-cam0-rgb,3,1464,1464,43,72,0.000000,0.000000,fall,adl,0.254000,0
blazepose-normalized::fall-24-cam0-rgb,1,1465,1465,1,30,0.000000,0.000000,fall,fall,0.976000,1
blazepose-normalized::fall-24-cam0-rgb,1,1466,1466,7,36,0.000000,0.000000,fall,fall,0.988000,1
blazepose-normalized::fall-24-cam0-rgb,1,1467,1467,13,42,0.000000,0.000000,fall,fall,0.992000,1
blazepose-normalized::fall-24-cam0-rgb,1,1468,1468,19,48,0.000000,0.000000,fall,fall,0.988000,1
blazepose-normalized::fall-24-cam0-rgb,1,1469,1469,25,54,0.000000,0.000000,fall,fall,0.932000,1
blazepose-normalized::fall-24-cam0-rgb,1,1470,1470,31,60,0.000000,0.000000,fall,fall,0.900000,1
blazepose-normalized::fall-25-cam0-rgb,3,1471,1471,1,30,0.000000,0.000000,adl,adl,0.000000,1
blazepose-normalized::fall-25-cam0-rgb,3,1472,1472,7,36,0.000000,0.000000,adl,adl,0.010000,1
blazepose-normalized::fall-25-cam0-rgb,3,1473,1473,13,42,0.000000,0.000000,adl,adl,0.042000,1
blazepose-normalized::fall-25-cam0-rgb,3,1474,1474,19,48,0.000000,0.000000,adl,adl,0.116000,1
blazepose-normalized::fall-25-cam0-rgb,3,1475,1475,25,54,0.000000,0.000000,fall,adl,0.230000,0
blazepose-normalized::fall-25-cam0-rgb,3,1476,1476,31,60,0.000000,0.000000,fall,adl,0.274000,0
blazepose-normalized::fall-25-cam0-rgb,3,1477,1477,37,66,0.000000,0.000000,fall,adl,0.486000,0
blazepose-normalized::fall-25-cam0-rgb,3,1478,1478,43,72,0.000000,0.000000,fall,fall,0.530000,1
blazepose-normalized::fall-25-cam0-rgb,3,1479,1479,49,78,0.000000,0.000000,fall,adl,0.478000,0
blazepose-normalized::fall-25-cam0-rgb,3,1480,1480,55,84,0.000000,0.000000,fall,adl,0.406000,0
blazepose-normalized::fall-26-cam0-rgb,4,1481,1481,1,30,0.000000,0.000000,fall,fall,0.952000,1
blazepose-normalized::fall-26-cam0-rgb,4,1482,1482,7,36,0.000000,0.000000,fall,fall,0.966000,1
blazepose-normalized::fall-26-cam0-rgb,4,1483,1483,13,42,0.000000,0.000000,fall,fall,0.948000,1
blazepose-normalized::fall-26-cam0-rgb,4,1484,1484,19,48,0.000000,0.000000,fall,fall,0.878000,1
blazepose-normalized::fall-26-cam0-rgb,4,1485,1485,25,54,0.000000,0.000000,fall,fall,0.710000,1
blazepose-normalized::fall-26-cam0-rgb,4,1486,1486,31,60,0.000000,0.000000,fall,fall,0.574000,1
blazepose-normalized::fall-27-cam0-rgb,5,1487,1487,1,30,0.000000,0.000000,adl,adl,0.004000,1
blazepose-normalized::fall-27-cam0-rgb,5,1488,1488,7,36,0.000000,0.000000,adl,adl,0.006000,1
blazepose-normalized::fall-27-cam0-rgb,5,1489,1489,13,42,0.000000,0.000000,adl,adl,0.006000,1
blazepose-normalized::fall-27-cam0-rgb,5,1490,1490,19,48,0.000000,0.000000,adl,adl,0.008000,1
blazepose-normalized::fall-27-cam0-rgb,5,1491,1491,25,54,0.000000,0.000000,adl,adl,0.022000,1
blazepose-normalized::fall-27-cam0-rgb,5,1492,1492,31,60,0.000000,0.000000,fall,adl,0.416000,0
blazepose-normalized::fall-27-cam0-rgb,5,1493,1493,37,66,0.000000,0.000000,fall,fall,0.814000,1
blazepose-normalized::fall-27-cam0-rgb,5,1494,1494,43,72,0.000000,0.000000,fall,fall,0.796000,1
blazepose-normalized::fall-27-cam0-rgb,5,1495,1495,49,78,0.000000,0.000000,fall,fall,0.856000,1
blazepose-normalized::fall-27-cam0-rgb,5,1496,1496,55,84,0.000000,0.000000,fall,fall,0.776000,1
blazepose-normalized::fall-27-cam0-rgb,5,1497,1497,61,90,0.000000,0.000000,fall,fall,0.632000,1
blazepose-normalized::fall-28-cam0-rgb,2,1498,1498,1,30,0.000000,0.000000,adl,adl,0.356000,1
blazepose-normalized::fall-28-cam0-rgb,2,1499,1499,7,36,0.000000,0.000000,fall,fall,0.608000,1
blazepose-normalized::fall-28-cam0-rgb,2,1500,1500,13,42,0.000000,0.000000,fall,fall,0.802000,1
blazepose-normalized::fall-28-cam0-rgb,2,1501,1501,19,48,0.000000,0.000000,fall,fall,0.932000,1
blazepose-normalized::fall-28-cam0-rgb,2,1502,1502,25,54,0.000000,0.000000,fall,fall,0.956000,1
blazepose-normalized::fall-28-cam0-rgb,2,1503,1503,31,60,0.000000,0.000000,fall,fall,0.796000,1
blazepose-normalized::fall-28-cam0-rgb,2,1504,1504,37,66,0.000000,0.000000,fall,fall,0.650000,1
blazepose-normalized::fall-29-cam0-rgb,3,1505,1505,1,30,0.000000,0.000000,adl,adl,0.000000,1
blazepose-normalized::fall-29-cam0-rgb,3,1506,1506,7,36,0.000000,0.000000,adl,adl,0.000000,1
blazepose-normalized::fall-29-cam0-rgb,3,1507,1507,13,42,0.000000,0.000000,adl,adl,0.000000,1
blazepose-normalized::fall-29-cam0-rgb,3,1508,1508,19,48,0.000000,0.000000,adl,adl,0.000000,1
blazepose-normalized::fall-29-cam0-rgb,3,1509,1509,25,54,0.000000,0.000000,adl,adl,0.156000,1
blazepose-normalized::fall-29-cam0-rgb,3,1510,1510,31,60,0.000000,0.000000,fall,adl,0.462000,0
blazepose-normalized::fall-29-cam0-rgb,3,1511,1511,37,66,0.000000,0.000000,fall,fall,0.532000,1
blazepose-normalized::fall-29-cam0-rgb,3,1512,1512,43,72,0.000000,0.000000,fall,fall,0.604000,1
blazepose-normalized::fall-29-cam0-rgb,3,1513,1513,49,78,0.000000,0.000000,fall,adl,0.422000,0
blazepose-normalized::fall-29-cam0-rgb,3,1514,1514,55,84,0.000000,0.000000,fall,adl,0.216000,0
blazepose-normalized::fall-29-cam0-rgb,3,1515,1515,61,90,0.000000,0.000000,fall,adl,0.116000,0
blazepose-normalized::fall-29-cam0-rgb,3,1516,1516,67,96,0.000000,0.000000,fall,adl,0.094000,0
blazepose-normalized::fall-30-cam0-rgb,4,1517,1517,1,30,0.000000,0.000000,adl,adl,0.448000,1
blazepose-normalized::fall-30-cam0-rgb,4,1518,1518,7,36,0.000000,0.000000,fall,fall,0.724000,1
blazepose-normalized::fall-30-cam0-rgb,4,1519,1519,13,42,0.000000,0.000000,fall,fall,0.924000,1
blazepose-normalized::fall-30-cam0-rgb,4,1520,1520,19,48,0.000000,0.000000,fall,fall,0.972000,1
blazepose-normalized::fall-30-cam0-rgb,4,1521,1521,25,54,0.000000,0.000000,fall,fall,0.968000,1
blazepose-normalized::fall-30-cam0-rgb,4,1522,1522,31,60,0.000000,0.000000,fall,fall,0.904000,1
blazepose-normalized::fall-30-cam0-rgb,4,1523,1523,37,66,0.000000,0.000000,fall,fall,0.846000,1
le2i-blazepose-normalized::Coffee_room_01_video_1,2,1524,1524,1,25,0.000000,0.000000,adl,adl,0.218000,1
le2i-blazepose-normalized::Coffee_room_01_video_1,2,1525,1525,6,30,0.000000,0.000000,adl,adl,0.212000,1
le2i-blazepose-normalized::Coffee_room_01_video_1,2,1526,1526,11,35,0.000000,0.000000,adl,adl,0.284000,1
le2i-blazepose-normalized::Coffee_room_01_video_1,2,1527,1527,16,40,0.000000,0.000000,adl,adl,0.498000,1
le2i-blazepose-normalized::Coffee_room_01_video_1,2,1528,1528,21,45,0.000000,0.000000,adl,fall,0.528000,0
le2i-blazepose-normalized::Coffee_room_01_video_1,2,1529,1529,26,50,0.000000,0.000000,adl,adl,0.456000,1
le2i-blazepose-normalized::Coffee_room_01_video_1,2,1530,1530,31,55,0.000000,0.000000,fall,adl,0.352000,0
le2i-blazepose-normalized::Coffee_room_01_video_1,2,1531,1531,36,60,0.000000,0.000000,fall,adl,0.438000,0
le2i-blazepose-normalized::Coffee_room_01_video_1,2,1532,1532,41,65,0.000000,0.000000,fall,fall,0.506000,1
le2i-blazepose-normalized::Coffee_room_01_video_1,2,1533,1533,46,70,0.000000,0.000000,fall,fall,0.536000,1
le2i-blazepose-normalized::Coffee_room_01_video_1,2,1534,1534,51,75,0.000000,0.000000,fall,fall,0.526000,1
le2i-blazepose-normalized::Coffee_room_01_video_1,2,1535,1535,56,80,0.000000,0.000000,fall,fall,0.514000,1
le2i-blazepose-normalized::Coffee_room_01_video_1,2,1536,1536,61,85,0.000000,0.000000,fall,adl,0.462000,0
le2i-blazepose-normalized::Coffee_room_01_video_1,2,1537,1537,66,90,0.000000,0.000000,fall,adl,0.452000,0
le2i-blazepose-normalized::Coffee_room_01_video_1,2,1538,1538,71,95,0.000000,0.000000,fall,adl,0.456000,0
le2i-blazepose-normalized::Coffee_room_01_video_1,2,1539,1539,76,100,0.000000,0.000000,adl,adl,0.458000,1
le2i-blazepose-normalized::Coffee_room_01_video_1,2,1540,1540,81,105,0.000000,0.000000,adl,adl,0.446000,1
le2i-blazepose-normalized::Coffee_room_01_video_1,2,1541,1541,86,110,0.000000,0.000000,adl,adl,0.458000,1
le2i-blazepose-normalized::Coffee_room_01_video_1,2,1542,1542,91,115,0.000000,0.000000,adl,adl,0.444000,1
le2i-blazepose-normalized::Coffee_room_01_video_1,2,1543,1543,96,120,0.000000,0.000000,adl,adl,0.388000,1
le2i-blazepose-normalized::Coffee_room_01_video_1,2,1544,1544,101,125,0.000000,0.000000,adl,adl,0.396000,1
le2i-blazepose-normalized::Coffee_room_01_video_1,2,1545,1545,106,130,0.000000,0.000000,adl,adl,0.396000,1
le2i-blazepose-normalized::Coffee_room_01_video_1,2,1546,1546,111,135,0.000000,0.000000,adl,adl,0.400000,1
le2i-blazepose-normalized::Coffee_room_01_video_1,2,1547,1547,116,140,0.000000,0.000000,adl,adl,0.408000,1
le2i-blazepose-normalized::Coffee_room_01_video_1,2,1548,1548,121,145,0.000000,0.000000,adl,adl,0.394000,1
le2i-blazepose-normalized::Coffee_room_01_video_1,2,1549,1549,126,150,0.000000,0.000000,adl,adl,0.390000,1
le2i-blazepose-normalized::Coffee_room_01_video_1,2,1550,1550,131,155,0.000000,0.000000,adl,adl,0.376000,1
le2i-blazepose-normalized::Coffee_room_01_video_10,2,1551,1551,1,25,0.000000,0.000000,adl,adl,0.000000,1
le2i-blazepose-normalized::Coffee_room_01_video_10,2,1552,1552,6,30,0.000000,0.000000,adl,adl,0.000000,1
le2i-blazepose-normalized::Coffee_room_01_video_10,2,1553,1553,11,35,0.000000,0.000000,adl,adl,0.004000,1
le2i-blazepose-normalized::Coffee_room_01_video_10,2,1554,1554,16,40,0.000000,0.000000,adl,adl,0.002000,1
le2i-blazepose-normalized::Coffee_room_01_video_10,2,1555,1555,21,45,0.000000,0.000000,adl,adl,0.004000,1
le2i-blazepose-normalized::Coffee_room_01_video_10,2,1556,1556,26,50,0.000000,0.000000,adl,adl,0.000000,1
le2i-blazepose-normalized::Coffee_room_01_video_10,2,1557,1557,31,55,0.000000,0.000000,adl,adl,0.006000,1
le2i-blazepose-normalized::Coffee_room_01_video_10,2,1558,1558,36,60,0.000000,0.000000,adl,adl,0.002000,1
le2i-blazepose-normalized::Coffee_room_01_video_10,2,1559,1559,41,65,0.000000,0.000000,adl,adl,0.000000,1
le2i-blazepose-normalized::Coffee_room_01_video_10,2,1560,1560,46,70,0.000000,0.000000,adl,adl,0.000000,1
le2i-blazepose-normalized::Coffee_room_01_video_10,2,1561,1561,51,75,0.000000,0.000000,adl,adl,0.004000,1
le2i-blazepose-normalized::Coffee_room_01_video_10,2,1562,1562,56,80,0.000000,0.000000,adl,adl,0.002000,1
le2i-blazepose-normalized::Coffee_room_01_video_10,2,1563,1563,61,85,0.000000,0.000000,adl,adl,0.000000,1
le2i-blazepose-normalized::Coffee_room_01_video_10,2,1564,1564,66,90,0.000000,0.000000,adl,adl,0.102000,1
le2i-blazepose-normalized::Coffee_room_01_video_10,2,1565,1565,71,95,0.000000,0.000000,adl,adl,0.016000,1
le2i-blazepose-normalized::Coffee_room_01_video_10,2,1566,1566,76,100,0.000000,0.000000,adl,adl,0.018000,1
le2i-blazepose-normalized::Coffee_room_01_video_10,2,1567,1567,81,105,0.000000,0.000000,adl,adl,0.042000,1
le2i-blazepose-normalized::Coffee_room_01_video_10,2,1568,1568,86,110,0.000000,0.000000,adl,adl,0.106000,1
le2i-blazepose-normalized::Coffee_room_01_video_10,2,1569,1569,91,115,0.000000,0.000000,adl,adl,0.138000,1
le2i-blazepose-normalized::Coffee_room_01_video_10,2,1570,1570,96,120,0.000000,0.000000,adl,adl,0.040000,1
le2i-blazepose-normalized::Coffee_room_01_video_10,2,1571,1571,101,125,0.000000,0.000000,adl,adl,0.320000,1
le2i-blazepose-normalized::Coffee_room_01_video_10,2,1572,1572,106,130,0.000000,0.000000,adl,adl,0.268000,1
le2i-blazepose-normalized::Coffee_room_01_video_10,2,1573,1573,111,135,0.000000,0.000000,adl,adl,0.166000,1
le2i-blazepose-normalized::Coffee_room_01_video_10,2,1574,1574,116,140,0.000000,0.000000,adl,adl,0.100000,1
le2i-blazepose-normalized::Coffee_room_01_video_10,2,1575,1575,121,145,0.000000,0.000000,adl,adl,0.036000,1
le2i-blazepose-normalized::Coffee_room_01_video_10,2,1576,1576,126,150,0.000000,0.000000,adl,adl,0.078000,1
le2i-blazepose-normalized::Coffee_room_01_video_10,2,1577,1577,131,155,0.000000,0.000000,adl,adl,0.040000,1
le2i-blazepose-normalized::Coffee_room_01_video_10,2,1578,1578,136,160,0.000000,0.000000,adl,adl,0.016000,1
le2i-blazepose-normalized::Coffee_room_01_video_10,2,1579,1579,141,165,0.000000,0.000000,adl,adl,0.008000,1
le2i-blazepose-normalized::Coffee_room_01_video_10,2,1580,1580,146,170,0.000000,0.000000,adl,adl,0.006000,1
le2i-blazepose-normalized::Coffee_room_01_video_10,2,1581,1581,151,175,0.000000,0.000000,adl,adl,0.016000,1
le2i-blazepose-normalized::Coffee_room_01_video_10,2,1582,1582,156,180,0.000000,0.000000,adl,adl,0.004000,1
le2i-blazepose-normalized::Coffee_room_01_video_10,2,1583,1583,161,185,0.000000,0.000000,adl,adl,0.000000,1
le2i-blazepose-normalized::Coffee_room_01_video_10,2,1584,1584,166,190,0.000000,0.000000,adl,adl,0.000000,1
le2i-blazepose-normalized::Coffee_room_01_video_10,2,1585,1585,171,195,0.000000,0.000000,adl,adl,0.000000,1
le2i-blazepose-normalized::Coffee_room_01_video_10,2,1586,1586,176,200,0.000000,0.000000,adl,adl,0.000000,1
le2i-blazepose-normalized::Coffee_room_01_video_10,2,1587,1587,181,205,0.000000,0.000000,adl,adl,0.004000,1
le2i-blazepose-normalized::Coffee_room_01_video_10,2,1588,1588,186,210,0.000000,0.000000,adl,adl,0.022000,1
le2i-blazepose-normalized::Coffee_room_01_video_10,2,1589,1589,191,215,0.000000,0.000000,adl,adl,0.086000,1
le2i-blazepose-normalized::Coffee_room_01_video_10,2,1590,1590,196,220,0.000000,0.000000,fall,fall,0.620000,1
le2i-blazepose-normalized::Coffee_room_01_video_10,2,1591,1591,201,225,0.000000,0.000000,fall,fall,0.950000,1
le2i-blazepose-normalized::Coffee_room_01_video_10,2,1592,1592,206,230,0.000000,0.000000,fall,fall,0.944000,1
le2i-blazepose-normalized::Coffee_room_01_video_10,2,1593,1593,211,235,0.000000,0.000000,fall,fall,0.932000,1
le2i-blazepose-normalized::Coffee_room_01_video_10,2,1594,1594,216,240,0.000000,0.000000,fall,fall,0.808000,1
le2i-blazepose-normalized::Coffee_room_01_video_10,2,1595,1595,221,245,0.000000,0.000000,fall,adl,0.340000,0
le2i-blazepose-normalized::Coffee_room_01_video_10,2,1596,1596,226,250,0.000000,0.000000,fall,adl,0.146000,0
le2i-blazepose-normalized::Coffee_room_01_video_10,2,1597,1597,231,255,0.000000,0.000000,fall,adl,0.220000,0
le2i-blazepose-normalized::Coffee_room_01_video_10,2,1598,1598,236,260,0.000000,0.000000,adl,adl,0.244000,1
le2i-blazepose-normalized::Coffee_room_01_video_10,2,1599,1599,241,265,0.000000,0.000000,adl,adl,0.258000,1
le2i-blazepose-normalized::Coffee_room_01_video_10,2,1600,1600,246,270,0.000000,0.000000,adl,adl,0.236000,1
le2i-blazepose-normalized::Coffee_room_01_video_10,2,1601,1601,251,275,0.000000,0.000000,adl,adl,0.260000,1
le2i-blazepose-normalized::Coffee_room_01_video_10,2,1602,1602,256,280,0.000000,0.000000,adl,adl,0.260000,1
le2i-blazepose-normalized::Coffee_room_01_video_10,2,1603,1603,261,285,0.000000,0.000000,adl,adl,0.262000,1
le2i-blazepose-normalized::Coffee_room_01_video_10,2,1604,1604,266,290,0.000000,0.000000,adl,adl,0.256000,1
le2i-blazepose-normalized::Coffee_room_01_video_10,2,1605,1605,271,295,0.000000,0.000000,adl,adl,0.256000,1
le2i-blazepose-normalized::Coffee_room_01_video_10,2,1606,1606,276,300,0.000000,0.000000,adl,adl,0.262000,1
le2i-blazepose-normalized::Coffee_room_01_video_10,2,1607,1607,281,305,0.000000,0.000000,adl,adl,0.268000,1
le2i-blazepose-normalized::Coffee_room_01_video_10,2,1608,1608,286,310,0.000000,0.000000,adl,adl,0.254000,1
le2i-blazepose-normalized::Coffee_room_01_video_10,2,1609,1609,291,315,0.000000,0.000000,adl,adl,0.250000,1
le2i-blazepose-normalized::Coffee_room_01_video_10,2,1610,1610,296,320,0.000000,0.000000,adl,adl,0.242000,1
le2i-blazepose-normalized::Coffee_room_01_video_10,2,1611,1611,301,325,0.000000,0.000000,adl,adl,0.254000,1
le2i-blazepose-normalized::Coffee_room_01_video_10,2,1612,1612,306,330,0.000000,0.000000,adl,adl,0.244000,1
le2i-blazepose-normalized::Coffee_room_01_video_10,2,1613,1613,311,335,0.000000,0.000000,adl,adl,0.244000,1
le2i-blazepose-normalized::Coffee_room_01_video_10,2,1614,1614,316,340,0.000000,0.000000,adl,adl,0.250000,1
le2i-blazepose-normalized::Coffee_room_01_video_10,2,1615,1615,321,345,0.000000,0.000000,adl,adl,0.250000,1
le2i-blazepose-normalized::Coffee_room_01_video_10,2,1616,1616,326,350,0.000000,0.000000,adl,adl,0.250000,1
le2i-blazepose-normalized::Coffee_room_01_video_10,2,1617,1617,331,355,0.000000,0.000000,adl,adl,0.248000,1
le2i-blazepose-normalized::Coffee_room_01_video_10,2,1618,1618,336,360,0.000000,0.000000,adl,adl,0.248000,1
le2i-blazepose-normalized::Coffee_room_01_video_11,5,1619,1619,16,40,0.000000,0.000000,adl,adl,0.034000,1
le2i-blazepose-normalized::Coffee_room_01_video_11,5,1620,1620,21,45,0.000000,0.000000,adl,adl,0.014000,1
le2i-blazepose-normalized::Coffee_room_01_video_11,5,1621,1621,26,50,0.000000,0.000000,adl,adl,0.012000,1
le2i-blazepose-normalized::Coffee_room_01_video_11,5,1622,1622,31,55,0.000000,0.000000,adl,adl,0.006000,1
le2i-blazepose-normalized::Coffee_room_01_video_11,5,1623,1623,36,60,0.000000,0.000000,adl,adl,0.012000,1
le2i-blazepose-normalized::Coffee_room_01_video_11,5,1624,1624,41,65,0.000000,0.000000,adl,adl,0.018000,1
le2i-blazepose-normalized::Coffee_room_01_video_11,5,1625,1625,46,70,0.000000,0.000000,adl,adl,0.036000,1
le2i-blazepose-normalized::Coffee_room_01_video_11,5,1626,1626,51,75,0.000000,0.000000,adl,adl,0.054000,1
le2i-blazepose-normalized::Coffee_room_01_video_11,5,1627,1627,56,80,0.000000,0.000000,adl,adl,0.034000,1
le2i-blazepose-normalized::Coffee_room_01_video_11,5,1628,1628,61,85,0.000000,0.000000,adl,adl,0.026000,1
le2i-blazepose-normalized::Coffee_room_01_video_11,5,1629,1629,66,90,0.000000,0.000000,adl,adl,0.016000,1
le2i-blazepose-normalized::Coffee_room_01_video_11,5,1630,1630,71,95,0.000000,0.000000,adl,adl,0.010000,1
le2i-blazepose-normalized::Coffee_room_01_video_11,5,1631,1631,76,100,0.000000,0.000000,adl,adl,0.008000,1
le2i-blazepose-normalized::Coffee_room_01_video_11,5,1632,1632,81,105,0.000000,0.000000,adl,adl,0.034000,1
le2i-blazepose-normalized::Coffee_room_01_video_11,5,1633,1633,86,110,0.000000,0.000000,adl,adl,0.102000,1
le2i-blazepose-normalized::Coffee_room_01_video_11,5,1634,1634,91,115,0.000000,0.000000,adl,adl,0.196000,1
le2i-blazepose-normalized::Coffee_room_01_video_11,5,1635,1635,96,120,0.000000,0.000000,adl,adl,0.302000,1
le2i-blazepose-normalized::Coffee_room_01_video_11,5,1636,1636,101,125,0.000000,0.000000,adl,adl,0.312000,1
le2i-blazepose-normalized::Coffee_room_01_video_11,5,1637,1637,106,130,0.000000,0.000000,adl,adl,0.220000,1
le2i-blazepose-normalized::Coffee_room_01_video_11,5,1638,1638,111,135,0.000000,0.000000,adl,adl,0.124000,1
le2i-blazepose-normalized::Coffee_room_01_video_11,5,1639,1639,116,140,0.000000,0.000000,adl,adl,0.080000,1
le2i-blazepose-normalized::Coffee_room_01_video_11,5,1640,1640,121,145,0.000000,0.000000,adl,adl,0.028000,1
le2i-blazepose-normalized::Coffee_room_01_video_11,5,1641,1641,126,150,0.000000,0.000000,adl,adl,0.008000,1
le2i-blazepose-normalized::Coffee_room_01_video_11,5,1642,1642,131,155,0.000000,0.000000,adl,adl,0.002000,1
le2i-blazepose-normalized::Coffee_room_01_video_11,5,1643,1643,136,160,0.000000,0.000000,adl,adl,0.004000,1
le2i-blazepose-normalized::Coffee_room_01_video_11,5,1644,1644,141,165,0.000000,0.000000,adl,adl,0.006000,1
le2i-blazepose-normalized::Coffee_room_01_video_11,5,1645,1645,146,170,0.000000,0.000000,adl,adl,0.002000,1
le2i-blazepose-normalized::Coffee_room_01_video_11,5,1646,1646,151,175,0.000000,0.000000,adl,adl,0.004000,1
le2i-blazepose-normalized::Coffee_room_01_video_11,5,1647,1647,156,180,0.000000,0.000000,adl,adl,0.006000,1
le2i-blazepose-normalized::Coffee_room_01_video_11,5,1648,1648,161,185,0.000000,0.000000,adl,adl,0.000000,1
le2i-blazepose-normalized::Coffee_room_01_video_11,5,1649,1649,166,190,0.000000,0.000000,adl,adl,0.002000,1
le2i-blazepose-normalized::Coffee_room_01_video_11,5,1650,1650,171,195,0.000000,0.000000,adl,adl,0.000000,1
le2i-blazepose-normalized::Coffee_room_01_video_11,5,1651,1651,176,200,0.000000,0.000000,adl,adl,0.004000,1
le2i-blazepose-normalized::Coffee_room_01_video_11,5,1652,1652,181,205,0.000000,0.000000,adl,adl,0.002000,1
le2i-blazepose-normalized::Coffee_room_01_video_11,5,1653,1653,186,210,0.000000,0.000000,adl,adl,0.002000,1
le2i-blazepose-normalized::Coffee_room_01_video_11,5,1654,1654,191,215,0.000000,0.000000,adl,adl,0.002000,1
le2i-blazepose-normalized::Coffee_room_01_video_11,5,1655,1655,196,220,0.000000,0.000000,adl,adl,0.000000,1
le2i-blazepose-normalized::Coffee_room_01_video_11,5,1656,1656,201,225,0.000000,0.000000,adl,adl,0.000000,1
le2i-blazepose-normalized::Coffee_room_01_video_11,5,1657,1657,206,230,0.000000,0.000000,adl,adl,0.000000,1
le2i-blazepose-normalized::Coffee_room_01_video_11,5,1658,1658,211,235,0.000000,0.000000,adl,adl,0.000000,1
le2i-blazepose-normalized::Coffee_room_01_video_11,5,1659,1659,216,240,0.000000,0.000000,adl,adl,0.000000,1
le2i-blazepose-normalized::Coffee_room_01_video_11,5,1660,1660,221,245,0.000000,0.000000,adl,adl,0.000000,1
le2i-blazepose-normalized::Coffee_room_01_video_11,5,1661,1661,226,250,0.000000,0.000000,adl,adl,0.000000,1
le2i-blazepose-normalized::Coffee_room_01_video_11,5,1662,1662,231,255,0.000000,0.000000,adl,adl,0.000000,1
le2i-blazepose-normalized::Coffee_room_01_video_11,5,1663,1663,236,260,0.000000,0.000000,adl,adl,0.000000,1
le2i-blazepose-normalized::Coffee_room_01_video_11,5,1664,1664,241,265,0.000000,0.000000,adl,adl,0.000000,1
le2i-blazepose-normalized::Coffee_room_01_video_11,5,1665,1665,246,270,0.000000,0.000000,adl,adl,0.000000,1
le2i-blazepose-normalized::Coffee_room_01_video_11,5,1666,1666,251,275,0.000000,0.000000,adl,adl,0.006000,1
le2i-blazepose-normalized::Coffee_room_01_video_11,5,1667,1667,256,280,0.000000,0.000000,adl,adl,0.006000,1
le2i-blazepose-normalized::Coffee_room_01_video_11,5,1668,1668,261,285,0.000000,0.000000,adl,adl,0.016000,1
le2i-blazepose-normalized::Coffee_room_01_video_11,5,1669,1669,266,290,0.000000,0.000000,adl,adl,0.022000,1
le2i-blazepose-normalized::Coffee_room_01_video_11,5,1670,1670,271,295,0.000000,0.000000,adl,adl,0.004000,1
le2i-blazepose-normalized::Coffee_room_01_video_11,5,1671,1671,276,300,0.000000,0.000000,adl,adl,0.000000,1
le2i-blazepose-normalized::Coffee_room_01_video_11,5,1672,1672,281,305,0.000000,0.000000,adl,adl,0.000000,1
le2i-blazepose-normalized::Coffee_room_01_video_11,5,1673,1673,286,310,0.000000,0.000000,adl,adl,0.002000,1
le2i-blazepose-normalized::Coffee_room_01_video_11,5,1674,1674,291,315,0.000000,0.000000,adl,adl,0.000000,1
le2i-blazepose-normalized::Coffee_room_01_video_11,5,1675,1675,296,320,0.000000,0.000000,adl,adl,0.008000,1
le2i-blazepose-normalized::Coffee_room_01_video_11,5,1676,1676,301,325,0.000000,0.000000,adl,adl,0.002000,1
le2i-blazepose-normalized::Coffee_room_01_video_11,5,1677,1677,306,330,0.000000,0.000000,adl,adl,0.002000,1
le2i-blazepose-normalized::Coffee_room_01_video_11,5,1678,1678,311,335,0.000000,0.000000,adl,adl,0.002000,1
le2i-blazepose-normalized::Coffee_room_01_video_11,5,1679,1679,316,340,0.000000,0.000000,adl,adl,0.002000,1
le2i-blazepose-normalized::Coffee_room_01_video_11,5,1680,1680,321,345,0.000000,0.000000,adl,adl,0.000000,1
le2i-blazepose-normalized::Coffee_room_01_video_11,5,1681,1681,326,350,0.000000,0.000000,adl,adl,0.002000,1
le2i-blazepose-normalized::Coffee_room_01_video_11,5,1682,1682,331,355,0.000000,0.000000,adl,adl,0.004000,1
le2i-blazepose-normalized::Coffee_room_01_video_11,5,1683,1683,336,360,0.000000,0.000000,adl,adl,0.004000,1
le2i-blazepose-normalized::Coffee_room_01_video_11,5,1684,1684,341,365,0.000000,0.000000,adl,adl,0.000000,1
le2i-blazepose-normalized::Coffee_room_01_video_11,5,1685,1685,346,370,0.000000,0.000000,adl,adl,0.004000,1
le2i-blazepose-normalized::Coffee_room_01_video_11,5,1686,1686,351,375,0.000000,0.000000,adl,adl,0.046000,1
le2i-blazepose-normalized::Coffee_room_01_video_11,5,1687,1687,356,380,0.000000,0.000000,adl,fall,0.534000,0
le2i-blazepose-normalized::Coffee_room_01_video_11,5,1688,1688,361,385,0.000000,0.000000,fall,fall,0.876000,1
le2i-blazepose-normalized::Coffee_room_01_video_11,5,1689,1689,366,390,0.000000,0.000000,fall,fall,0.964000,1
le2i-blazepose-normalized::Coffee_room_01_video_11,5,1690,1690,371,395,0.000000,0.000000,fall,fall,0.973667,1
le2i-blazepose-normalized::Coffee_room_01_video_11,5,1691,1691,376,400,0.000000,0.000000,fall,fall,0.965667,1
le2i-blazepose-normalized::Coffee_room_01_video_11,5,1692,1692,381,405,0.000000,0.000000,fall,fall,0.704667,1
le2i-blazepose-normalized::Coffee_room_01_video_11,5,1693,1693,386,410,0.000000,0.000000,fall,adl,0.423500,0
le2i-blazepose-normalized::Coffee_room_01_video_11,5,1694,1694,391,415,0.000000,0.000000,fall,adl,0.397667,0
le2i-blazepose-normalized::Coffee_room_01_video_11,5,1695,1695,396,420,0.000000,0.000000,fall,adl,0.435667,0
le2i-blazepose-normalized::Coffee_room_01_video_11,5,1696,1696,401,425,0.000000,0.000000,adl,adl,0.432000,1
le2i-blazepose-normalized::Coffee_room_01_video_11,5,1697,1697,406,430,0.000000,0.000000,adl,adl,0.458000,1
le2i-blazepose-normalized::Coffee_room_01_video_11,5,1698,1698,411,435,0.000000,0.000000,adl,adl,0.440000,1
le2i-blazepose-normalized::Coffee_room_01_video_11,5,1699,1699,416,440,0.000000,0.000000,adl,adl,0.448000,1
le2i-blazepose-normalized::Coffee_room_01_video_11,5,1700,1700,421,445,0.000000,0.000000,adl,adl,0.448000,1
le2i-blazepose-normalized::Coffee_room_01_video_11,5,1701,1701,426,450,0.000000,0.000000,adl,adl,0.450000,1
le2i-blazepose-normalized::Coffee_room_01_video_11,5,1702,1702,431,455,0.000000,0.000000,adl,adl,0.460000,1
le2i-blazepose-normalized::Coffee_room_01_video_11,5,1703,1703,436,460,0.000000,0.000000,adl,adl,0.450000,1
le2i-blazepose-normalized::Coffee_room_01_video_11,5,1704,1704,441,465,0.000000,0.000000,adl,adl,0.454000,1
le2i-blazepose-normalized::Coffee_room_01_video_11,5,1705,1705,446,470,0.000000,0.000000,adl,adl,0.448000,1
le2i-blazepose-normalized::Coffee_room_01_video_11,5,1706,1706,451,475,0.000000,0.000000,adl,adl,0.456000,1
le2i-blazepose-normalized::Coffee_room_01_video_11,5,1707,1707,456,480,0.000000,0.000000,adl,adl,0.450000,1
le2i-blazepose-normalized::Coffee_room_01_video_12,4,1708,1708,1,25,0.000000,0.000000,adl,adl,0.030000,1
le2i-blazepose-normalized::Coffee_room_01_video_12,4,1709,1709,6,30,0.000000,0.000000,adl,adl,0.046000,1
le2i-blazepose-normalized::Coffee_room_01_video_12,4,1710,1710,11,35,0.000000,0.000000,adl,adl,0.056000,1
le2i-blazepose-normalized::Coffee_room_01_video_12,4,1711,1711,16,40,0.000000,0.000000,adl,adl,0.096000,1
le2i-blazepose-normalized::Coffee_room_01_video_12,4,1712,1712,21,45,0.000000,0.000000,adl,adl,0.152000,1
le2i-blazepose-normalized::Coffee_room_01_video_12,4,1713,1713,26,50,0.000000,0.000000,adl,adl,0.144000,1
le2i-blazepose-normalized::Coffee_room_01_video_12,4,1714,1714,31,55,0.000000,0.000000,adl,adl,0.134000,1
le2i-blazepose-normalized::Coffee_room_01_video_12,4,1715,1715,36,60,0.000000,0.000000,fall,adl,0.138000,0
le2i-blazepose-normalized::Coffee_room_01_video_12,4,1716,1716,41,65,0.000000,0.000000,fall,adl,0.294000,0
le2i-blazepose-normalized::Coffee_room_01_video_12,4,1717,1717,46,70,0.000000,0.000000,fall,adl,0.450000,0
le2i-blazepose-normalized::Coffee_room_01_video_12,4,1718,1718,51,75,0.000000,0.000000,fall,fall,0.552000,1
le2i-blazepose-normalized::Coffee_room_01_video_12,4,1719,1719,56,80,0.000000,0.000000,fall,fall,0.562000,1
le2i-blazepose-normalized::Coffee_room_01_video_12,4,1720,1720,61,85,0.000000,0.000000,fall,adl,0.488000,0
le2i-blazepose-normalized::Coffee_room_01_video_12,4,1721,1721,66,90,0.000000,0.000000,fall,adl,0.318000,0
le2i-blazepose-normalized::Coffee_room_01_video_12,4,1722,1722,71,95,0.000000,0.000000,adl,adl,0.346000,1
le2i-blazepose-normalized::Coffee_room_01_video_12,4,1723,1723,76,100,0.000000,0.000000,adl,adl,0.362000,1
le2i-blazepose-normalized::Coffee_room_01_video_12,4,1724,1724,81,105,0.000000,0.000000,adl,adl,0.368000,1
le2i-blazepose-normalized::Coffee_room_01_video_12,4,1725,1725,86,110,0.000000,0.000000,adl,adl,0.370000,1
le2i-blazepose-normalized::Coffee_room_01_video_12,4,1726,1726,91,115,0.000000,0.000000,adl,adl,0.358000,1
le2i-blazepose-normalized::Coffee_room_01_video_12,4,1727,1727,96,120,0.000000,0.000000,adl,adl,0.360000,1
le2i-blazepose-normalized::Coffee_room_01_video_12,4,1728,1728,101,125,0.000000,0.000000,adl,adl,0.344000,1
le2i-blazepose-normalized::Coffee_room_01_video_12,4,1729,1729,106,130,0.000000,0.000000,adl,adl,0.358000,1
le2i-blazepose-normalized::Coffee_room_01_video_12,4,1730,1730,111,135,0.000000,0.000000,adl,adl,0.350000,1
le2i-blazepose-normalized::Coffee_room_01_video_12,4,1731,1731,116,140,0.000000,0.000000,adl,adl,0.354000,1
le2i-blazepose-normalized::Coffee_room_01_video_12,4,1732,1732,121,145,0.000000,0.000000,adl,adl,0.352000,1
le2i-blazepose-normalized::Coffee_room_01_video_12,4,1733,1733,126,150,0.000000,0.000000,adl,adl,0.352000,1
le2i-blazepose-normalized::Coffee_room_01_video_12,4,1734,1734,131,155,0.000000,0.000000,adl,adl,0.348000,1
le2i-blazepose-normalized::Coffee_room_01_video_12,4,1735,1735,136,160,0.000000,0.000000,adl,adl,0.346000,1
le2i-blazepose-normalized::Coffee_room_01_video_12,4,1736,1736,141,165,0.000000,0.000000,adl,adl,0.346000,1
le2i-blazepose-normalized::Coffee_room_01_video_12,4,1737,1737,146,170,0.000000,0.000000,adl,adl,0.336000,1
le2i-blazepose-normalized::Coffee_room_01_video_12,4,1738,1738,151,175,0.000000,0.000000,adl,adl,0.348000,1
le2i-blazepose-normalized::Coffee_room_01_video_12,4,1739,1739,156,180,0.000000,0.000000,adl,adl,0.346000,1
le2i-blazepose-normalized::Coffee_room_01_video_13,3,1740,1740,1,25,0.000000,0.000000,adl,adl,0.076000,1
le2i-blazepose-normalized::Coffee_room_01_video_13,3,1741,1741,6,30,0.000000,0.000000,adl,adl,0.074000,1
le2i-blazepose-normalized::Coffee_room_01_video_13,3,1742,1742,11,35,0.000000,0.000000,adl,adl,0.070000,1
le2i-blazepose-normalized::Coffee_room_01_video_13,3,1743,1743,16,40,0.000000,0.000000,adl,adl,0.090000,1
le2i-blazepose-normalized::Coffee_room_01_video_13,3,1744,1744,21,45,0.000000,0.000000,adl,adl,0.126000,1
le2i-blazepose-normalized::Coffee_room_01_video_13,3,1745,1745,26,50,0.000000,0.000000,adl,adl,0.130000,1
le2i-blazepose-normalized::Coffee_room_01_video_13,3,1746,1746,31,55,0.000000,0.000000,adl,adl,0.106000,1
le2i-blazepose-normalized::Coffee_room_01_video_13,3,1747,1747,36,60,0.000000,0.000000,adl,adl,0.092000,1
le2i-blazepose-normalized::Coffee_room_01_video_13,3,1748,1748,41,65,0.000000,0.000000,adl,adl,0.092000,1
le2i-blazepose-normalized::Coffee_room_01_video_13,3,1749,1749,46,70,0.000000,0.000000,adl,adl,0.110000,1
le2i-blazepose-normalized::Coffee_room_01_video_13,3,1750,1750,51,75,0.000000,0.000000,adl,adl,0.110000,1
le2i-blazepose-normalized::Coffee_room_01_video_13,3,1751,1751,56,80,0.000000,0.000000,adl,adl,0.114000,1
le2i-blazepose-normalized::Coffee_room_01_video_13,3,1752,1752,61,85,0.000000,0.000000,adl,adl,0.098000,1
le2i-blazepose-normalized::Coffee_room_01_video_13,3,1753,1753,66,90,0.000000,0.000000,adl,adl,0.084000,1
le2i-blazepose-normalized::Coffee_room_01_video_13,3,1754,1754,71,95,0.000000,0.000000,adl,adl,0.082000,1
le2i-blazepose-normalized::Coffee_room_01_video_13,3,1755,1755,76,100,0.000000,0.000000,adl,adl,0.130000,1
le2i-blazepose-normalized::Coffee_room_01_video_13,3,1756,1756,81,105,0.000000,0.000000,fall,adl,0.482000,0
le2i-blazepose-normalized::Coffee_room_01_video_13,3,1757,1757,86,110,0.000000,0.000000,fall,fall,0.696000,1
le2i-blazepose-normalized::Coffee_room_01_video_13,3,1758,1758,91,115,0.000000,0.000000,fall,fall,0.820000,1
le2i-blazepose-normalized::Coffee_room_01_video_13,3,1759,1759,96,120,0.000000,0.000000,fall,fall,0.758000,1
le2i-blazepose-normalized::Coffee_room_01_video_13,3,1760,1760,101,125,0.000000,0.000000,fall,fall,0.538000,1
le2i-blazepose-normalized::Coffee_room_01_video_13,3,1761,1761,106,130,0.000000,0.000000,fall,adl,0.344000,0
le2i-blazepose-normalized::Coffee_room_01_video_13,3,1762,1762,111,135,0.000000,0.000000,adl,adl,0.206000,1
le2i-blazepose-normalized::Coffee_room_01_video_13,3,1763,1763,116,140,0.000000,0.000000,adl,adl,0.222000,1
le2i-blazepose-normalized::Coffee_room_01_video_13,3,1764,1764,121,145,0.000000,0.000000,adl,adl,0.220000,1
le2i-blazepose-normalized::Coffee_room_01_video_13,3,1765,1765,126,150,0.000000,0.000000,adl,adl,0.220000,1
le2i-blazepose-normalized::Coffee_room_01_video_13,3,1766,1766,131,155,0.000000,0.000000,adl,adl,0.218000,1
le2i-blazepose-normalized::Coffee_room_01_video_13,3,1767,1767,136,160,0.000000,0.000000,adl,adl,0.230000,1
le2i-blazepose-normalized::Coffee_room_01_video_13,3,1768,1768,141,165,0.000000,0.000000,adl,adl,0.230000,1
le2i-blazepose-normalized::Coffee_room_01_video_13,3,1769,1769,146,170,0.000000,0.000000,adl,adl,0.226000,1
le2i-blazepose-normalized::Coffee_room_01_video_13,3,1770,1770,151,175,0.000000,0.000000,adl,adl,0.222000,1
le2i-blazepose-normalized::Coffee_room_01_video_13,3,1771,1771,156,180,0.000000,0.000000,adl,adl,0.228000,1
le2i-blazepose-normalized::Coffee_room_01_video_13,3,1772,1772,161,185,0.000000,0.000000,adl,adl,0.228000,1
le2i-blazepose-normalized::Coffee_room_01_video_13,3,1773,1773,166,190,0.000000,0.000000,adl,adl,0.228000,1
le2i-blazepose-normalized::Coffee_room_01_video_13,3,1774,1774,171,195,0.000000,0.000000,adl,adl,0.228000,1
le2i-blazepose-normalized::Coffee_room_01_video_13,3,1775,1775,176,200,0.000000,0.000000,adl,adl,0.224000,1
le2i-blazepose-normalized::Coffee_room_01_video_13,3,1776,1776,181,205,0.000000,0.000000,adl,adl,0.226000,1
le2i-blazepose-normalized::Coffee_room_01_video_13,3,1777,1777,186,210,0.000000,0.000000,adl,adl,0.226000,1
le2i-blazepose-normalized::Coffee_room_01_video_13,3,1778,1778,191,215,0.000000,0.000000,adl,adl,0.228000,1
le2i-blazepose-normalized::Coffee_room_01_video_13,3,1779,1779,196,220,0.000000,0.000000,adl,adl,0.222000,1
le2i-blazepose-normalized::Coffee_room_01_video_13,3,1780,1780,201,225,0.000000,0.000000,adl,adl,0.230000,1
le2i-blazepose-normalized::Coffee_room_01_video_13,3,1781,1781,206,230,0.000000,0.000000,adl,adl,0.226000,1
le2i-blazepose-normalized::Coffee_room_01_video_13,3,1782,1782,211,235,0.000000,0.000000,adl,adl,0.234000,1
le2i-blazepose-normalized::Coffee_room_01_video_13,3,1783,1783,216,240,0.000000,0.000000,adl,adl,0.228000,1
le2i-blazepose-normalized::Coffee_room_01_video_14,4,1784,1784,1,25,0.000000,0.000000,adl,adl,0.002000,1
le2i-blazepose-normalized::Coffee_room_01_video_14,4,1785,1785,6,30,0.000000,0.000000,adl,adl,0.024000,1
le2i-blazepose-normalized::Coffee_room_01_video_14,4,1786,1786,11,35,0.000000,0.000000,adl,adl,0.018000,1
le2i-blazepose-normalized::Coffee_room_01_video_14,4,1787,1787,16,40,0.000000,0.000000,adl,adl,0.014000,1
le2i-blazepose-normalized::Coffee_room_01_video_14,4,1788,1788,21,45,0.000000,0.000000,adl,adl,0.010000,1
le2i-blazepose-normalized::Coffee_room_01_video_14,4,1789,1789,26,50,0.000000,0.000000,adl,adl,0.016000,1
le2i-blazepose-normalized::Coffee_room_01_video_14,4,1790,1790,31,55,0.000000,0.000000,adl,adl,0.206000,1
le2i-blazepose-normalized::Coffee_room_01_video_14,4,1791,1791,36,60,0.000000,0.000000,fall,fall,0.692000,1
le2i-blazepose-normalized::Coffee_room_01_video_14,4,1792,1792,41,65,0.000000,0.000000,fall,fall,0.804000,1
le2i-blazepose-normalized::Coffee_room_01_video_14,4,1793,1793,46,70,0.000000,0.000000,fall,fall,0.846000,1
le2i-blazepose-normalized::Coffee_room_01_video_14,4,1794,1794,51,75,0.000000,0.000000,fall,fall,0.792000,1
le2i-blazepose-normalized::Coffee_room_01_video_14,4,1795,1795,56,80,0.000000,0.000000,fall,fall,0.566000,1
le2i-blazepose-normalized::Coffee_room_01_video_14,4,1796,1796,61,85,0.000000,0.000000,fall,adl,0.286000,0
le2i-blazepose-normalized::Coffee_room_01_video_14,4,1797,1797,66,90,0.000000,0.000000,fall,adl,0.288000,0
le2i-blazepose-normalized::Coffee_room_01_video_14,4,1798,1798,71,95,0.000000,0.000000,adl,adl,0.250000,1
le2i-blazepose-normalized::Coffee_room_01_video_14,4,1799,1799,76,100,0.000000,0.000000,adl,adl,0.236000,1
le2i-blazepose-normalized::Coffee_room_01_video_15,5,1800,1800,1,25,0.000000,0.000000,adl,adl,0.104000,1
le2i-blazepose-normalized::Coffee_room_01_video_15,5,1801,1801,6,30,0.000000,0.000000,adl,adl,0.062000,1
le2i-blazepose-normalized::Coffee_room_01_video_15,5,1802,1802,11,35,0.000000,0.000000,adl,adl,0.010000,1
le2i-blazepose-normalized::Coffee_room_01_video_15,5,1803,1803,16,40,0.000000,0.000000,adl,adl,0.002000,1
le2i-blazepose-normalized::Coffee_room_01_video_15,5,1804,1804,21,45,0.000000,0.000000,adl,adl,0.002000,1
le2i-blazepose-normalized::Coffee_room_01_video_15,5,1805,1805,26,50,0.000000,0.000000,adl,adl,0.006000,1
le2i-blazepose-normalized::Coffee_room_01_video_15,5,1806,1806,31,55,0.000000,0.000000,fall,adl,0.194000,0
le2i-blazepose-normalized::Coffee_room_01_video_15,5,1807,1807,36,60,0.000000,0.000000,fall,fall,0.564000,1
le2i-blazepose-normalized::Coffee_room_01_video_15,5,1808,1808,41,65,0.000000,0.000000,fall,fall,0.678000,1
le2i-blazepose-normalized::Coffee_room_01_video_15,5,1809,1809,46,70,0.000000,0.000000,fall,fall,0.618000,1
le2i-blazepose-normalized::Coffee_room_01_video_15,5,1810,1810,51,75,0.000000,0.000000,fall,fall,0.650000,1
le2i-blazepose-normalized::Coffee_room_01_video_15,5,1811,1811,56,80,0.000000,0.000000,fall,fall,0.512000,1
le2i-blazepose-normalized::Coffee_room_01_video_15,5,1812,1812,61,85,0.000000,0.000000,fall,adl,0.463714,0
le2i-blazepose-normalized::Coffee_room_01_video_15,5,1813,1813,66,90,0.000000,0.000000,fall,adl,0.447714,0
le2i-blazepose-normalized::Coffee_room_01_video_15,5,1814,1814,71,95,0.000000,0.000000,adl,adl,0.449714,1
le2i-blazepose-normalized::Coffee_room_01_video_15,5,1815,1815,76,100,0.000000,0.000000,adl,adl,0.415714,1
le2i-blazepose-normalized::Coffee_room_01_video_15,5,1816,1816,81,105,0.000000,0.000000,adl,adl,0.449714,1
le2i-blazepose-normalized::Coffee_room_01_video_15,5,1817,1817,86,110,0.000000,0.000000,adl,adl,0.431714,1
le2i-blazepose-normalized::Coffee_room_01_video_15,5,1818,1818,91,115,0.000000,0.000000,adl,adl,0.427714,1
le2i-blazepose-normalized::Coffee_room_01_video_15,5,1819,1819,96,120,0.000000,0.000000,adl,adl,0.437714,1
le2i-blazepose-normalized::Coffee_room_01_video_15,5,1820,1820,101,125,0.000000,0.000000,adl,adl,0.421714,1
le2i-blazepose-normalized::Coffee_room_01_video_15,5,1821,1821,106,130,0.000000,0.000000,adl,adl,0.439714,1
le2i-blazepose-normalized::Coffee_room_01_video_15,5,1822,1822,111,135,0.000000,0.000000,adl,adl,0.415714,1
le2i-blazepose-normalized::Coffee_room_01_video_15,5,1823,1823,116,140,0.000000,0.000000,adl,adl,0.443714,1
le2i-blazepose-normalized::Coffee_room_01_video_16,2,1824,1824,1,25,0.000000,0.000000,adl,adl,0.000000,1
le2i-blazepose-normalized::Coffee_room_01_video_16,2,1825,1825,6,30,0.000000,0.000000,adl,adl,0.000000,1
le2i-blazepose-normalized::Coffee_room_01_video_16,2,1826,1826,11,35,0.000000,0.000000,adl,adl,0.002000,1
le2i-blazepose-normalized::Coffee_room_01_video_16,2,1827,1827,16,40,0.000000,0.000000,adl,adl,0.002000,1
le2i-blazepose-normalized::Coffee_room_01_video_16,2,1828,1828,21,45,0.000000,0.000000,adl,adl,0.078000,1
le2i-blazepose-normalized::Coffee_room_01_video_16,2,1829,1829,26,50,0.000000,0.000000,adl,adl,0.268000,1
le2i-blazepose-normalized::Coffee_room_01_video_16,2,1830,1830,31,55,0.000000,0.000000,fall,adl,0.392000,0
le2i-blazepose-normalized::Coffee_room_01_video_16,2,1831,1831,36,60,0.000000,0.000000,fall,adl,0.404000,0
le2i-blazepose-normalized::Coffee_room_01_video_16,2,1832,1832,41,65,0.000000,0.000000,fall,adl,0.442000,0
le2i-blazepose-normalized::Coffee_room_01_video_16,2,1833,1833,46,70,0.000000,0.000000,fall,adl,0.392000,0
le2i-blazepose-normalized::Coffee_room_01_video_16,2,1834,1834,51,75,0.000000,0.000000,fall,adl,0.328000,0
le2i-blazepose-normalized::Coffee_room_01_video_16,2,1835,1835,56,80,0.000000,0.000000,fall,adl,0.308000,0
le2i-blazepose-normalized::Coffee_room_01_video_16,2,1836,1836,61,85,0.000000,0.000000,adl,adl,0.308000,1
le2i-blazepose-normalized::Coffee_room_01_video_16,2,1837,1837,66,90,0.000000,0.000000,adl,adl,0.294000,1
le2i-blazepose-normalized::Coffee_room_01_video_16,2,1838,1838,71,95,0.000000,0.000000,adl,adl,0.300000,1
le2i-blazepose-normalized::Coffee_room_01_video_16,2,1839,1839,96,120,0.000000,0.000000,adl,adl,0.278000,1
le2i-blazepose-normalized::Coffee_room_01_video_16,2,1840,1840,101,125,0.000000,0.000000,adl,adl,0.278000,1
le2i-blazepose-normalized::Coffee_room_01_video_16,2,1841,1841,106,130,0.000000,0.000000,adl,adl,0.278000,1
le2i-blazepose-normalized::Coffee_room_01_video_16,2,1842,1842,111,135,0.000000,0.000000,adl,adl,0.278000,1
le2i-blazepose-normalized::Coffee_room_01_video_16,2,1843,1843,116,140,0.000000,0.000000,adl,adl,0.278000,1
le2i-blazepose-normalized::Coffee_room_01_video_16,2,1844,1844,136,160,0.000000,0.000000,adl,adl,0.264000,1
le2i-blazepose-normalized::Coffee_room_01_video_16,2,1845,1845,141,165,0.000000,0.000000,adl,adl,0.264000,1
le2i-blazepose-normalized::Coffee_room_01_video_16,2,1846,1846,146,170,0.000000,0.000000,adl,adl,0.264000,1
le2i-blazepose-normalized::Coffee_room_01_video_16,2,1847,1847,151,175,0.000000,0.000000,adl,adl,0.266000,1
le2i-blazepose-normalized::Coffee_room_01_video_17,3,1848,1848,1,25,0.000000,0.000000,adl,adl,0.200000,1
le2i-blazepose-normalized::Coffee_room_01_video_17,3,1849,1849,6,30,0.000000,0.000000,fall,fall,0.514000,1
le2i-blazepose-normalized::Coffee_room_01_video_17,3,1850,1850,11,35,0.000000,0.000000,fall,fall,0.704000,1
le2i-blazepose-normalized::Coffee_room_01_video_17,3,1851,1851,16,40,0.000000,0.000000,fall,fall,0.748000,1
le2i-blazepose-normalized::Coffee_room_01_video_17,3,1852,1852,21,45,0.000000,0.000000,fall,fall,0.728000,1
le2i-blazepose-normalized::Coffee_room_01_video_17,3,1853,1853,26,50,0.000000,0.000000,fall,fall,0.633000,1
le2i-blazepose-normalized::Coffee_room_01_video_17,3,1854,1854,31,55,0.000000,0.000000,fall,fall,0.594000,1
le2i-blazepose-normalized::Coffee_room_01_video_17,3,1855,1855,36,60,0.000000,0.000000,fall,fall,0.506000,1
le2i-blazepose-normalized::Coffee_room_01_video_17,3,1856,1856,41,65,0.000000,0.000000,fall,adl,0.492000,0
le2i-blazepose-normalized::Coffee_room_01_video_17,3,1857,1857,46,70,0.000000,0.000000,fall,adl,0.456000,0
le2i-blazepose-normalized::Coffee_room_01_video_17,3,1858,1858,51,75,0.000000,0.000000,adl,adl,0.440000,1
le2i-blazepose-normalized::Coffee_room_01_video_17,3,1859,1859,56,80,0.000000,0.000000,adl,adl,0.456000,1
le2i-blazepose-normalized::Coffee_room_01_video_17,3,1860,1860,61,85,0.000000,0.000000,adl,adl,0.448000,1
le2i-blazepose-normalized::Coffee_room_01_video_17,3,1861,1861,66,90,0.000000,0.000000,adl,adl,0.358000,1
le2i-blazepose-normalized::Coffee_room_01_video_17,3,1862,1862,71,95,0.000000,0.000000,adl,adl,0.364000,1
le2i-blazepose-normalized::Coffee_room_01_video_17,3,1863,1863,76,100,0.000000,0.000000,adl,adl,0.362000,1
le2i-blazepose-normalized::Coffee_room_01_video_17,3,1864,1864,81,105,0.000000,0.000000,adl,adl,0.358000,1
le2i-blazepose-normalized::Coffee_room_01_video_17,3,1865,1865,86,110,0.000000,0.000000,adl,adl,0.348000,1
le2i-blazepose-normalized::Coffee_room_01_video_17,3,1866,1866,91,115,0.000000,0.000000,adl,adl,0.356000,1
le2i-blazepose-normalized::Coffee_room_01_video_17,3,1867,1867,96,120,0.000000,0.000000,adl,adl,0.362000,1
le2i-blazepose-normalized::Coffee_room_01_video_17,3,1868,1868,101,125,0.000000,0.000000,adl,adl,0.354000,1
le2i-blazepose-normalized::Coffee_room_01_video_17,3,1869,1869,106,130,0.000000,0.000000,adl,adl,0.358000,1
le2i-blazepose-normalized::Coffee_room_01_video_17,3,1870,1870,111,135,0.000000,0.000000,adl,adl,0.354000,1
le2i-blazepose-normalized::Coffee_room_01_video_17,3,1871,1871,116,140,0.000000,0.000000,adl,adl,0.360000,1
le2i-blazepose-normalized::Coffee_room_01_video_17,3,1872,1872,121,145,0.000000,0.000000,adl,adl,0.358000,1
le2i-blazepose-normalized::Coffee_room_01_video_17,3,1873,1873,126,150,0.000000,0.000000,adl,adl,0.358000,1
le2i-blazepose-normalized::Coffee_room_01_video_17,3,1874,1874,131,155,0.000000,0.000000,adl,adl,0.356000,1
le2i-blazepose-normalized::Coffee_room_01_video_18,1,1875,1875,1,25,0.000000,0.000000,adl,adl,0.006000,1
le2i-blazepose-normalized::Coffee_room_01_video_18,1,1876,1876,6,30,0.000000,0.000000,adl,adl,0.002000,1
le2i-blazepose-normalized::Coffee_room_01_video_18,1,1877,1877,11,35,0.000000,0.000000,adl,adl,0.004000,1
le2i-blazepose-normalized::Coffee_room_01_video_18,1,1878,1878,16,40,0.000000,0.000000,adl,adl,0.000000,1
le2i-blazepose-normalized::Coffee_room_01_video_18,1,1879,1879,21,45,0.000000,0.000000,adl,adl,0.002000,1
le2i-blazepose-normalized::Coffee_room_01_video_18,1,1880,1880,26,50,0.000000,0.000000,adl,adl,0.000000,1
le2i-blazepose-normalized::Coffee_room_01_video_18,1,1881,1881,31,55,0.000000,0.000000,adl,adl,0.000000,1
le2i-blazepose-normalized::Coffee_room_01_video_18,1,1882,1882,36,60,0.000000,0.000000,adl,adl,0.002000,1
le2i-blazepose-normalized::Coffee_room_01_video_18,1,1883,1883,41,65,0.000000,0.000000,adl,adl,0.000000,1
le2i-blazepose-normalized::Coffee_room_01_video_18,1,1884,1884,46,70,0.000000,0.000000,adl,adl,0.000000,1
le2i-blazepose-normalized::Coffee_room_01_video_18,1,1885,1885,51,75,0.000000,0.000000,adl,adl,0.000000,1
le2i-blazepose-normalized::Coffee_room_01_video_18,1,1886,1886,56,80,0.000000,0.000000,adl,adl,0.002000,1
le2i-blazepose-normalized::Coffee_room_01_video_18,1,1887,1887,61,85,0.000000,0.000000,adl,adl,0.000000,1
le2i-blazepose-normalized::Coffee_room_01_video_18,1,1888,1888,66,90,0.000000,0.000000,adl,adl,0.000000,1
le2i-blazepose-normalized::Coffee_room_01_video_18,1,1889,1889,71,95,0.000000,0.000000,adl,adl,0.000000,1
le2i-blazepose-normalized::Coffee_room_01_video_18,1,1890,1890,76,100,0.000000,0.000000,adl,adl,0.000000,1
le2i-blazepose-normalized::Coffee_room_01_video_18,1,1891,1891,81,105,0.000000,0.000000,adl,adl,0.000000,1
le2i-blazepose-normalized::Coffee_room_01_video_18,1,1892,1892,86,110,0.000000,0.000000,adl,adl,0.002000,1
le2i-blazepose-normalized::Coffee_room_01_video_18,1,1893,1893,91,115,0.000000,0.000000,adl,adl,0.002000,1
le2i-blazepose-normalized::Coffee_room_01_video_18,1,1894,1894,96,120,0.000000,0.000000,adl,adl,0.002000,1
le2i-blazepose-normalized::Coffee_room_01_video_18,1,1895,1895,101,125,0.000000,0.000000,adl,adl,0.004000,1
le2i-blazepose-normalized::Coffee_room_01_video_18,1,1896,1896,106,130,0.000000,0.000000,adl,adl,0.004000,1
le2i-blazepose-normalized::Coffee_room_01_video_18,1,1897,1897,111,135,0.000000,0.000000,adl,adl,0.000000,1
le2i-blazepose-normalized::Coffee_room_01_video_18,1,1898,1898,116,140,0.000000,0.000000,adl,adl,0.008000,1
le2i-blazepose-normalized::Coffee_room_01_video_18,1,1899,1899,121,145,0.000000,0.000000,adl,adl,0.002000,1
le2i-blazepose-normalized::Coffee_room_01_video_18,1,1900,1900,126,150,0.000000,0.000000,adl,adl,0.020000,1
le2i-blazepose-normalized::Coffee_room_01_video_18,1,1901,1901,131,155,0.000000,0.000000,adl,adl,0.022000,1
le2i-blazepose-normalized::Coffee_room_01_video_18,1,1902,1902,136,160,0.000000,0.000000,adl,adl,0.082000,1
le2i-blazepose-normalized::Coffee_room_01_video_18,1,1903,1903,141,165,0.000000,0.000000,fall,fall,0.732000,1
le2i-blazepose-normalized::Coffee_room_01_video_18,1,1904,1904,146,170,0.000000,0.000000,fall,fall,0.910000,1
le2i-blazepose-normalized::Coffee_room_01_video_18,1,1905,1905,151,175,0.000000,0.000000,fall,fall,0.974000,1
le2i-blazepose-normalized::Coffee_room_01_video_18,1,1906,1906,156,180,0.000000,0.000000,fall,fall,0.956000,1
le2i-blazepose-normalized::Coffee_room_01_video_18,1,1907,1907,161,185,0.000000,0.000000,fall,fall,0.892000,1
le2i-blazepose-normalized::Coffee_room_01_video_18,1,1908,1908,166,190,0.000000,0.000000,fall,fall,0.644000,1
le2i-blazepose-normalized::Coffee_room_01_video_18,1,1909,1909,171,195,0.000000,0.000000,fall,adl,0.498000,0
le2i-blazepose-normalized::Coffee_room_01_video_18,1,1910,1910,176,200,0.000000,0.000000,fall,adl,0.419500,0
le2i-blazepose-normalized::Coffee_room_01_video_18,1,1911,1911,181,205,0.000000,0.000000,adl,adl,0.408000,1
le2i-blazepose-normalized::Coffee_room_01_video_18,1,1912,1912,186,210,0.000000,0.000000,adl,adl,0.477500,1
le2i-blazepose-normalized::Coffee_room_01_video_18,1,1913,1913,191,215,0.000000,0.000000,adl,adl,0.459500,1
le2i-blazepose-normalized::Coffee_room_01_video_18,1,1914,1914,196,220,0.000000,0.000000,adl,adl,0.451500,1
le2i-blazepose-normalized::Coffee_room_01_video_18,1,1915,1915,201,225,0.000000,0.000000,adl,adl,0.459500,1
le2i-blazepose-normalized::Coffee_room_01_video_18,1,1916,1916,206,230,0.000000,0.000000,adl,adl,0.473500,1
le2i-blazepose-normalized::Coffee_room_01_video_18,1,1917,1917,211,235,0.000000,0.000000,adl,adl,0.430000,1
le2i-blazepose-normalized::Coffee_room_01_video_18,1,1918,1918,216,240,0.000000,0.000000,adl,adl,0.438000,1
le2i-blazepose-normalized::Coffee_room_01_video_18,1,1919,1919,221,245,0.000000,0.000000,adl,adl,0.471500,1
le2i-blazepose-normalized::Coffee_room_01_video_18,1,1920,1920,226,250,0.000000,0.000000,adl,adl,0.469500,1
le2i-blazepose-normalized::Coffee_room_01_video_18,1,1921,1921,231,255,0.000000,0.000000,adl,adl,0.467500,1
le2i-blazepose-normalized::Coffee_room_01_video_18,1,1922,1922,236,260,0.000000,0.000000,adl,adl,0.487500,1
le2i-blazepose-normalized::Coffee_room_01_video_18,1,1923,1923,241,265,0.000000,0.000000,adl,adl,0.487500,1
le2i-blazepose-normalized::Coffee_room_01_video_19,3,1924,1924,1,25,0.000000,0.000000,adl,adl,0.000000,1
le2i-blazepose-normalized::Coffee_room_01_video_19,3,1925,1925,6,30,0.000000,0.000000,adl,adl,0.000000,1
le2i-blazepose-normalized::Coffee_room_01_video_19,3,1926,1926,11,35,0.000000,0.000000,adl,adl,0.000000,1
le2i-blazepose-normalized::Coffee_room_01_video_19,3,1927,1927,16,40,0.000000,0.000000,adl,adl,0.000000,1
le2i-blazepose-normalized::Coffee_room_01_video_19,3,1928,1928,21,45,0.000000,0.000000,adl,adl,0.000000,1
le2i-blazepose-normalized::Coffee_room_01_video_19,3,1929,1929,26,50,0.000000,0.000000,adl,adl,0.000000,1
le2i-blazepose-normalized::Coffee_room_01_video_19,3,1930,1930,31,55,0.000000,0.000000,adl,adl,0.000000,1
le2i-blazepose-normalized::Coffee_room_01_video_19,3,1931,1931,36,60,0.000000,0.000000,adl,adl,0.000000,1
le2i-blazepose-normalized::Coffee_room_01_video_19,3,1932,1932,41,65,0.000000,0.000000,adl,adl,0.000000,1
le2i-blazepose-normalized::Coffee_room_01_video_19,3,1933,1933,46,70,0.000000,0.000000,adl,adl,0.002000,1
le2i-blazepose-normalized::Coffee_room_01_video_19,3,1934,1934,51,75,0.000000,0.000000,adl,adl,0.000000,1
le2i-blazepose-normalized::Coffee_room_01_video_19,3,1935,1935,56,80,0.000000,0.000000,adl,adl,0.000000,1
le2i-blazepose-normalized::Coffee_room_01_video_19,3,1936,1936,61,85,0.000000,0.000000,adl,adl,0.002000,1
le2i-blazepose-normalized::Coffee_room_01_video_19,3,1937,1937,66,90,0.000000,0.000000,adl,adl,0.038000,1
le2i-blazepose-normalized::Coffee_room_01_video_19,3,1938,1938,71,95,0.000000,0.000000,adl,adl,0.096000,1
le2i-blazepose-normalized::Coffee_room_01_video_19,3,1939,1939,76,100,0.000000,0.000000,fall,adl,0.072000,0
le2i-blazepose-normalized::Coffee_room_01_video_19,3,1940,1940,81,105,0.000000,0.000000,fall,adl,0.108000,0
le2i-blazepose-normalized::Coffee_room_01_video_19,3,1941,1941,86,110,0.000000,0.000000,fall,adl,0.498000,0
le2i-blazepose-normalized::Coffee_room_01_video_19,3,1942,1942,91,115,0.000000,0.000000,fall,fall,0.594000,1
le2i-blazepose-normalized::Coffee_room_01_video_19,3,1943,1943,96,120,0.000000,0.000000,fall,fall,0.698000,1
le2i-blazepose-normalized::Coffee_room_01_video_19,3,1944,1944,101,125,0.000000,0.000000,fall,fall,0.702000,1
le2i-blazepose-normalized::Coffee_room_01_video_19,3,1945,1945,106,130,0.000000,0.000000,fall,fall,0.650000,1
le2i-blazepose-normalized::Coffee_room_01_video_19,3,1946,1946,111,135,0.000000,0.000000,fall,adl,0.382000,0
le2i-blazepose-normalized::Coffee_room_01_video_19,3,1947,1947,116,140,0.000000,0.000000,fall,adl,0.366000,0
le2i-blazepose-normalized::Coffee_room_01_video_19,3,1948,1948,121,145,0.000000,0.000000,fall,adl,0.382000,0
le2i-blazepose-normalized::Coffee_room_01_video_19,3,1949,1949,126,150,0.000000,0.000000,adl,adl,0.290000,1
le2i-blazepose-normalized::Coffee_room_01_video_19,3,1950,1950,131,155,0.000000,0.000000,adl,adl,0.316000,1
le2i-blazepose-normalized::Coffee_room_01_video_19,3,1951,1951,136,160,0.000000,0.000000,adl,adl,0.300000,1
le2i-blazepose-normalized::Coffee_room_01_video_19,3,1952,1952,141,165,0.000000,0.000000,adl,adl,0.308000,1
le2i-blazepose-normalized::Coffee_room_01_video_19,3,1953,1953,146,170,0.000000,0.000000,adl,adl,0.310000,1
le2i-blazepose-normalized::Coffee_room_01_video_19,3,1954,1954,151,175,0.000000,0.000000,adl,adl,0.300000,1
le2i-blazepose-normalized::Coffee_room_01_video_19,3,1955,1955,156,180,0.000000,0.000000,adl,adl,0.316000,1
le2i-blazepose-normalized::Coffee_room_01_video_19,3,1956,1956,161,185,0.000000,0.000000,adl,adl,0.316000,1
le2i-blazepose-normalized::Coffee_room_01_video_19,3,1957,1957,166,190,0.000000,0.000000,adl,adl,0.310000,1
le2i-blazepose-normalized::Coffee_room_01_video_19,3,1958,1958,171,195,0.000000,0.000000,adl,adl,0.304000,1
le2i-blazepose-normalized::Coffee_room_01_video_19,3,1959,1959,176,200,0.000000,0.000000,adl,adl,0.310000,1
le2i-blazepose-normalized::Coffee_room_01_video_19,3,1960,1960,181,205,0.000000,0.000000,adl,adl,0.306000,1
le2i-blazepose-normalized::Coffee_room_01_video_19,3,1961,1961,186,210,0.000000,0.000000,adl,adl,0.310000,1
le2i-blazepose-normalized::Coffee_room_01_video_2,1,1962,1962,1,25,0.000000,0.000000,adl,adl,0.076000,1
le2i-blazepose-normalized::Coffee_room_01_video_2,1,1963,1963,6,30,0.000000,0.000000,adl,adl,0.086000,1
le2i-blazepose-normalized::Coffee_room_01_video_2,1,1964,1964,11,35,0.000000,0.000000,adl,adl,0.086000,1
le2i-blazepose-normalized::Coffee_room_01_video_2,1,1965,1965,16,40,0.000000,0.000000,adl,adl,0.056000,1
le2i-blazepose-normalized::Coffee_room_01_video_2,1,1966,1966,21,45,0.000000,0.000000,adl,adl,0.044000,1
le2i-blazepose-normalized::Coffee_room_01_video_2,1,1967,1967,26,50,0.000000,0.000000,adl,adl,0.034000,1
le2i-blazepose-normalized::Coffee_room_01_video_2,1,1968,1968,31,55,0.000000,0.000000,adl,adl,0.028000,1
le2i-blazepose-normalized::Coffee_room_01_video_2,1,1969,1969,36,60,0.000000,0.000000,adl,adl,0.018000,1
le2i-blazepose-normalized::Coffee_room_01_video_2,1,1970,1970,41,65,0.000000,0.000000,adl,adl,0.020000,1
le2i-blazepose-normalized::Coffee_room_01_video_2,1,1971,1971,46,70,0.000000,0.000000,adl,adl,0.016000,1
le2i-blazepose-normalized::Coffee_room_01_video_2,1,1972,1972,51,75,0.000000,0.000000,adl,adl,0.016000,1
le2i-blazepose-normalized::Coffee_room_01_video_2,1,1973,1973,56,80,0.000000,0.000000,adl,adl,0.030000,1
le2i-blazepose-normalized::Coffee_room_01_video_2,1,1974,1974,61,85,0.000000,0.000000,adl,adl,0.030000,1
le2i-blazepose-normalized::Coffee_room_01_video_2,1,1975,1975,66,90,0.000000,0.000000,adl,adl,0.022000,1
le2i-blazepose-normalized::Coffee_room_01_video_2,1,1976,1976,71,95,0.000000,0.000000,adl,adl,0.014000,1
le2i-blazepose-normalized::Coffee_room_01_video_2,1,1977,1977,76,100,0.000000,0.000000,adl,adl,0.002000,1
le2i-blazepose-normalized::Coffee_room_01_video_2,1,1978,1978,81,105,0.000000,0.000000,adl,adl,0.004000,1
le2i-blazepose-normalized::Coffee_room_01_video_2,1,1979,1979,86,110,0.000000,0.000000,adl,adl,0.000000,1
le2i-blazepose-normalized::Coffee_room_01_video_2,1,1980,1980,91,115,0.000000,0.000000,adl,adl,0.000000,1
le2i-blazepose-normalized::Coffee_room_01_video_2,1,1981,1981,96,120,0.000000,0.000000,adl,adl,0.000000,1
le2i-blazepose-normalized::Coffee_room_01_video_2,1,1982,1982,101,125,0.000000,0.000000,adl,adl,0.000000,1
le2i-blazepose-normalized::Coffee_room_01_video_2,1,1983,1983,106,130,0.000000,0.000000,adl,adl,0.012000,1
le2i-blazepose-normalized::Coffee_room_01_video_2,1,1984,1984,111,135,0.000000,0.000000,adl,adl,0.006000,1
le2i-blazepose-normalized::Coffee_room_01_video_2,1,1985,1985,116,140,0.000000,0.000000,adl,adl,0.002000,1
le2i-blazepose-normalized::Coffee_room_01_video_2,1,1986,1986,121,145,0.000000,0.000000,adl,adl,0.000000,1
le2i-blazepose-normalized::Coffee_room_01_video_2,1,1987,1987,126,150,0.000000,0.000000,adl,adl,0.000000,1
le2i-blazepose-normalized::Coffee_room_01_video_2,1,1988,1988,131,155,0.000000,0.000000,adl,adl,0.000000,1
le2i-blazepose-normalized::Coffee_room_01_video_2,1,1989,1989,136,160,0.000000,0.000000,adl,adl,0.000000,1
le2i-blazepose-normalized::Coffee_room_01_video_2,1,1990,1990,141,165,0.000000,0.000000,adl,adl,0.000000,1
le2i-blazepose-normalized::Coffee_room_01_video_2,1,1991,1991,146,170,0.000000,0.000000,adl,adl,0.000000,1
le2i-blazepose-normalized::Coffee_room_01_video_2,1,1992,1992,151,175,0.000000,0.000000,adl,adl,0.000000,1
le2i-blazepose-normalized::Coffee_room_01_video_2,1,1993,1993,156,180,0.000000,0.000000,adl,adl,0.000000,1
le2i-blazepose-normalized::Coffee_room_01_video_2,1,1994,1994,161,185,0.000000,0.000000,adl,adl,0.000000,1
le2i-blazepose-normalized::Coffee_room_01_video_2,1,1995,1995,166,190,0.000000,0.000000,adl,adl,0.002000,1
le2i-blazepose-normalized::Coffee_room_01_video_2,1,1996,1996,171,195,0.000000,0.000000,adl,adl,0.152000,1
le2i-blazepose-normalized::Coffee_room_01_video_2,1,1997,1997,176,200,0.000000,0.000000,fall,fall,0.736000,1
le2i-blazepose-normalized::Coffee_room_01_video_2,1,1998,1998,181,205,0.000000,0.000000,fall,fall,0.904000,1
le2i-blazepose-normalized::Coffee_room_01_video_2,1,1999,1999,186,210,0.000000,0.000000,fall,fall,0.950000,1
le2i-blazepose-normalized::Coffee_room_01_video_2,1,2000,2000,191,215,0.000000,0.000000,fall,fall,0.888000,1
le2i-blazepose-normalized::Coffee_room_01_video_2,1,2001,2001,196,220,0.000000,0.000000,fall,fall,0.768000,1
le2i-blazepose-normalized::Coffee_room_01_video_2,1,2002,2002,201,225,0.000000,0.000000,fall,fall,0.688000,1
le2i-blazepose-normalized::Coffee_room_01_video_2,1,2003,2003,206,230,0.000000,0.000000,fall,fall,0.576000,1
le2i-blazepose-normalized::Coffee_room_01_video_2,1,2004,2004,211,235,0.000000,0.000000,fall,fall,0.674000,1
le2i-blazepose-normalized::Coffee_room_01_video_2,1,2005,2005,216,240,0.000000,0.000000,adl,fall,0.642000,0
le2i-blazepose-normalized::Coffee_room_01_video_2,1,2006,2006,221,245,0.000000,0.000000,adl,fall,0.560000,0
le2i-blazepose-normalized::Coffee_room_01_video_2,1,2007,2007,226,250,0.000000,0.000000,adl,adl,0.484000,1
le2i-blazepose-normalized::Coffee_room_01_video_2,1,2008,2008,231,255,0.000000,0.000000,adl,adl,0.474000,1
le2i-blazepose-normalized::Coffee_room_01_video_2,1,2009,2009,236,260,0.000000,0.000000,adl,fall,0.510000,0
le2i-blazepose-normalized::Coffee_room_01_video_2,1,2010,2010,241,265,0.000000,0.000000,adl,fall,0.556000,0
le2i-blazepose-normalized::Coffee_room_01_video_2,1,2011,2011,246,270,0.000000,0.000000,adl,fall,0.620000,0
le2i-blazepose-normalized::Coffee_room_01_video_2,1,2012,2012,251,275,0.000000,0.000000,adl,fall,0.624000,0
le2i-blazepose-normalized::Coffee_room_01_video_2,1,2013,2013,256,280,0.000000,0.000000,adl,fall,0.590000,0
le2i-blazepose-normalized::Coffee_room_01_video_2,1,2014,2014,261,285,0.000000,0.000000,adl,fall,0.590000,0
le2i-blazepose-normalized::Coffee_room_01_video_2,1,2015,2015,266,290,0.000000,0.000000,adl,fall,0.584000,0
le2i-blazepose-normalized::Coffee_room_01_video_2,1,2016,2016,271,295,0.000000,0.000000,adl,fall,0.568000,0
le2i-blazepose-normalized::Coffee_room_01_video_2,1,2017,2017,276,300,0.000000,0.000000,adl,fall,0.512000,0
le2i-blazepose-normalized::Coffee_room_01_video_2,1,2018,2018,281,305,0.000000,0.000000,adl,fall,0.520000,0
le2i-blazepose-normalized::Coffee_room_01_video_20,5,2019,2019,1,25,0.000000,0.000000,adl,adl,0.016000,1
le2i-blazepose-normalized::Coffee_room_01_video_20,5,2020,2020,6,30,0.000000,0.000000,adl,adl,0.018000,1
le2i-blazepose-normalized::Coffee_room_01_video_20,5,2021,2021,11,35,0.000000,0.000000,adl,adl,0.018000,1
le2i-blazepose-normalized::Coffee_room_01_video_20,5,2022,2022,16,40,0.000000,0.000000,adl,adl,0.038000,1
le2i-blazepose-normalized::Coffee_room_01_video_20,5,2023,2023,21,45,0.000000,0.000000,adl,adl,0.040000,1
le2i-blazepose-normalized::Coffee_room_01_video_20,5,2024,2024,26,50,0.000000,0.000000,adl,adl,0.048000,1
le2i-blazepose-normalized::Coffee_room_01_video_20,5,2025,2025,31,55,0.000000,0.000000,adl,adl,0.038000,1
le2i-blazepose-normalized::Coffee_room_01_video_20,5,2026,2026,36,60,0.000000,0.000000,adl,adl,0.004000,1
le2i-blazepose-normalized::Coffee_room_01_video_20,5,2027,2027,41,65,0.000000,0.000000,adl,adl,0.002000,1
le2i-blazepose-normalized::Coffee_room_01_video_20,5,2028,2028,46,70,0.000000,0.000000,adl,adl,0.000000,1
le2i-blazepose-normalized::Coffee_room_01_video_20,5,2029,2029,51,75,0.000000,0.000000,adl,adl,0.002000,1
le2i-blazepose-normalized::Coffee_room_01_video_20,5,2030,2030,56,80,0.000000,0.000000,adl,adl,0.004000,1
le2i-blazepose-normalized::Coffee_room_01_video_20,5,2031,2031,61,85,0.000000,0.000000,adl,adl,0.004000,1
le2i-blazepose-normalized::Coffee_room_01_video_20,5,2032,2032,66,90,0.000000,0.000000,adl,adl,0.004000,1
le2i-blazepose-normalized::Coffee_room_01_video_20,5,2033,2033,71,95,0.000000,0.000000,adl,adl,0.000000,1
le2i-blazepose-normalized::Coffee_room_01_video_20,5,2034,2034,76,100,0.000000,0.000000,adl,adl,0.000000,1
le2i-blazepose-normalized::Coffee_room_01_video_20,5,2035,2035,81,105,0.000000,0.000000,adl,adl,0.000000,1
le2i-blazepose-normalized::Coffee_room_01_video_20,5,2036,2036,86,110,0.000000,0.000000,adl,adl,0.002000,1
le2i-blazepose-normalized::Coffee_room_01_video_20,5,2037,2037,91,115,0.000000,0.000000,adl,adl,0.000000,1
le2i-blazepose-normalized::Coffee_room_01_video_20,5,2038,2038,96,120,0.000000,0.000000,adl,adl,0.002000,1
le2i-blazepose-normalized::Coffee_room_01_video_20,5,2039,2039,101,125,0.000000,0.000000,adl,adl,0.004000,1
le2i-blazepose-normalized::Coffee_room_01_video_20,5,2040,2040,106,130,0.000000,0.000000,adl,adl,0.016000,1
le2i-blazepose-normalized::Coffee_room_01_video_20,5,2041,2041,111,135,0.000000,0.000000,adl,adl,0.038000,1
le2i-blazepose-normalized::Coffee_room_01_video_20,5,2042,2042,116,140,0.000000,0.000000,adl,adl,0.056000,1
le2i-blazepose-normalized::Coffee_room_01_video_20,5,2043,2043,121,145,0.000000,0.000000,adl,adl,0.058000,1
le2i-blazepose-normalized::Coffee_room_01_video_20,5,2044,2044,126,150,0.000000,0.000000,adl,adl,0.072000,1
le2i-blazepose-normalized::Coffee_room_01_video_20,5,2045,2045,131,155,0.000000,0.000000,adl,adl,0.072000,1
le2i-blazepose-normalized::Coffee_room_01_video_20,5,2046,2046,136,160,0.000000,0.000000,adl,adl,0.074000,1
le2i-blazepose-normalized::Coffee_room_01_video_20,5,2047,2047,141,165,0.000000,0.000000,adl,adl,0.072000,1
le2i-blazepose-normalized::Coffee_room_01_video_20,5,2048,2048,146,170,0.000000,0.000000,adl,adl,0.062000,1
le2i-blazepose-normalized::Coffee_room_01_video_20,5,2049,2049,151,175,0.000000,0.000000,adl,adl,0.058000,1
le2i-blazepose-normalized::Coffee_room_01_video_20,5,2050,2050,156,180,0.000000,0.000000,adl,adl,0.064000,1
le2i-blazepose-normalized::Coffee_room_01_video_20,5,2051,2051,161,185,0.000000,0.000000,adl,adl,0.060000,1
le2i-blazepose-normalized::Coffee_room_01_video_20,5,2052,2052,166,190,0.000000,0.000000,adl,adl,0.058000,1
le2i-blazepose-normalized::Coffee_room_01_video_20,5,2053,2053,171,195,0.000000,0.000000,adl,adl,0.060000,1
le2i-blazepose-normalized::Coffee_room_01_video_20,5,2054,2054,176,200,0.000000,0.000000,adl,adl,0.070000,1
le2i-blazepose-normalized::Coffee_room_01_video_20,5,2055,2055,181,205,0.000000,0.000000,adl,adl,0.068000,1
le2i-blazepose-normalized::Coffee_room_01_video_20,5,2056,2056,186,210,0.000000,0.000000,adl,adl,0.070000,1
le2i-blazepose-normalized::Coffee_room_01_video_20,5,2057,2057,191,215,0.000000,0.000000,adl,adl,0.046000,1
le2i-blazepose-normalized::Coffee_room_01_video_20,5,2058,2058,196,220,0.000000,0.000000,adl,adl,0.038000,1
le2i-blazepose-normalized::Coffee_room_01_video_20,5,2059,2059,201,225,0.000000,0.000000,adl,adl,0.028000,1
le2i-blazepose-normalized::Coffee_room_01_video_20,5,2060,2060,206,230,0.000000,0.000000,adl,adl,0.038000,1
le2i-blazepose-normalized::Coffee_room_01_video_20,5,2061,2061,211,235,0.000000,0.000000,adl,adl,0.144000,1
le2i-blazepose-normalized::Coffee_room_01_video_20,5,2062,2062,216,240,0.000000,0.000000,adl,adl,0.262000,1
le2i-blazepose-normalized::Coffee_room_01_video_20,5,2063,2063,221,245,0.000000,0.000000,adl,adl,0.254000,1
le2i-blazepose-normalized::Coffee_room_01_video_20,5,2064,2064,226,250,0.000000,0.000000,adl,adl,0.202000,1
le2i-blazepose-normalized::Coffee_room_01_video_20,5,2065,2065,231,255,0.000000,0.000000,adl,adl,0.128000,1
le2i-blazepose-normalized::Coffee_room_01_video_20,5,2066,2066,236,260,0.000000,0.000000,adl,adl,0.056000,1
le2i-blazepose-normalized::Coffee_room_01_video_20,5,2067,2067,241,265,0.000000,0.000000,adl,adl,0.022000,1
le2i-blazepose-normalized::Coffee_room_01_video_20,5,2068,2068,246,270,0.000000,0.000000,adl,adl,0.012000,1
le2i-blazepose-normalized::Coffee_room_01_video_20,5,2069,2069,251,275,0.000000,0.000000,adl,adl,0.004000,1
le2i-blazepose-normalized::Coffee_room_01_video_20,5,2070,2070,256,280,0.000000,0.000000,adl,adl,0.002000,1
le2i-blazepose-normalized::Coffee_room_01_video_20,5,2071,2071,261,285,0.000000,0.000000,adl,adl,0.000000,1
le2i-blazepose-normalized::Coffee_room_01_video_20,5,2072,2072,266,290,0.000000,0.000000,adl,adl,0.000000,1
le2i-blazepose-normalized::Coffee_room_01_video_20,5,2073,2073,271,295,0.000000,0.000000,adl,adl,0.000000,1
le2i-blazepose-normalized::Coffee_room_01_video_20,5,2074,2074,276,300,0.000000,0.000000,adl,adl,0.000000,1
le2i-blazepose-normalized::Coffee_room_01_video_20,5,2075,2075,281,305,0.000000,0.000000,adl,adl,0.000000,1
le2i-blazepose-normalized::Coffee_room_01_video_20,5,2076,2076,286,310,0.000000,0.000000,adl,adl,0.000000,1
le2i-blazepose-normalized::Coffee_room_01_video_20,5,2077,2077,291,315,0.000000,0.000000,adl,adl,0.000000,1
le2i-blazepose-normalized::Coffee_room_01_video_20,5,2078,2078,296,320,0.000000,0.000000,adl,adl,0.000000,1
le2i-blazepose-normalized::Coffee_room_01_video_20,5,2079,2079,301,325,0.000000,0.000000,adl,adl,0.000000,1
le2i-blazepose-normalized::Coffee_room_01_video_20,5,2080,2080,306,330,0.000000,0.000000,adl,adl,0.004000,1
le2i-blazepose-normalized::Coffee_room_01_video_20,5,2081,2081,311,335,0.000000,0.000000,adl,adl,0.146000,1
le2i-blazepose-normalized::Coffee_room_01_video_20,5,2082,2082,316,340,0.000000,0.000000,fall,fall,0.606000,1
le2i-blazepose-normalized::Coffee_room_01_video_20,5,2083,2083,321,345,0.000000,0.000000,fall,fall,0.830000,1
le2i-blazepose-normalized::Coffee_room_01_video_20,5,2084,2084,326,350,0.000000,0.000000,fall,fall,0.874000,1
le2i-blazepose-normalized::Coffee_room_01_video_20,5,2085,2085,331,355,0.000000,0.000000,fall,fall,0.772000,1
le2i-blazepose-normalized::Coffee_room_01_video_20,5,2086,2086,336,360,0.000000,0.000000,fall,fall,0.610000,1
le2i-blazepose-normalized::Coffee_room_01_video_20,5,2087,2087,341,365,0.000000,0.000000,fall,adl,0.362000,0
le2i-blazepose-normalized::Coffee_room_01_video_20,5,2088,2088,346,370,0.000000,0.000000,fall,adl,0.358000,0
le2i-blazepose-normalized::Coffee_room_01_video_20,5,2089,2089,351,375,0.000000,0.000000,fall,adl,0.376000,0
le2i-blazepose-normalized::Coffee_room_01_video_20,5,2090,2090,356,380,0.000000,0.000000,fall,adl,0.456000,0
le2i-blazepose-normalized::Coffee_room_01_video_20,5,2091,2091,361,385,0.000000,0.000000,fall,adl,0.438000,0
le2i-blazepose-normalized::Coffee_room_01_video_20,5,2092,2092,366,390,0.000000,0.000000,fall,adl,0.472000,0
le2i-blazepose-normalized::Coffee_room_01_video_20,5,2093,2093,371,395,0.000000,0.000000,adl,adl,0.322000,1
le2i-blazepose-normalized::Coffee_room_01_video_20,5,2094,2094,376,400,0.000000,0.000000,adl,adl,0.298000,1
le2i-blazepose-normalized::Coffee_room_01_video_20,5,2095,2095,381,405,0.000000,0.000000,adl,adl,0.294000,1
le2i-blazepose-normalized::Coffee_room_01_video_20,5,2096,2096,386,410,0.000000,0.000000,adl,adl,0.292000,1
le2i-blazepose-normalized::Coffee_room_01_video_20,5,2097,2097,391,415,0.000000,0.000000,adl,adl,0.292000,1
le2i-blazepose-normalized::Coffee_room_01_video_20,5,2098,2098,396,420,0.000000,0.000000,adl,adl,0.302000,1
le2i-blazepose-normalized::Coffee_room_01_video_20,5,2099,2099,401,425,0.000000,0.000000,adl,adl,0.298000,1
le2i-blazepose-normalized::Coffee_room_01_video_20,5,2100,2100,406,430,0.000000,0.000000,adl,adl,0.300000,1
le2i-blazepose-normalized::Coffee_room_01_video_20,5,2101,2101,411,435,0.000000,0.000000,adl,adl,0.304000,1
le2i-blazepose-normalized::Coffee_room_01_video_20,5,2102,2102,416,440,0.000000,0.000000,adl,adl,0.296000,1
le2i-blazepose-normalized::Coffee_room_01_video_21,1,2103,2103,1,25,0.000000,0.000000,adl,adl,0.204000,1
le2i-blazepose-normalized::Coffee_room_01_video_21,1,2104,2104,6,30,0.000000,0.000000,adl,adl,0.222000,1
le2i-blazepose-normalized::Coffee_room_01_video_21,1,2105,2105,11,35,0.000000,0.000000,adl,adl,0.174000,1
le2i-blazepose-normalized::Coffee_room_01_video_21,1,2106,2106,16,40,0.000000,0.000000,adl,adl,0.196000,1
le2i-blazepose-normalized::Coffee_room_01_video_21,1,2107,2107,21,45,0.000000,0.000000,adl,adl,0.258000,1
le2i-blazepose-normalized::Coffee_room_01_video_21,1,2108,2108,26,50,0.000000,0.000000,adl,adl,0.188000,1
le2i-blazepose-normalized::Coffee_room_01_video_21,1,2109,2109,31,55,0.000000,0.000000,adl,adl,0.198000,1
le2i-blazepose-normalized::Coffee_room_01_video_21,1,2110,2110,36,60,0.000000,0.000000,adl,adl,0.194000,1
le2i-blazepose-normalized::Coffee_room_01_video_21,1,2111,2111,41,65,0.000000,0.000000,adl,adl,0.186000,1
le2i-blazepose-normalized::Coffee_room_01_video_21,1,2112,2112,46,70,0.000000,0.000000,adl,adl,0.172000,1
le2i-blazepose-normalized::Coffee_room_01_video_21,1,2113,2113,51,75,0.000000,0.000000,adl,adl,0.182000,1
le2i-blazepose-normalized::Coffee_room_01_video_21,1,2114,2114,56,80,0.000000,0.000000,adl,adl,0.164000,1
le2i-blazepose-normalized::Coffee_room_01_video_21,1,2115,2115,61,85,0.000000,0.000000,adl,adl,0.162000,1
le2i-blazepose-normalized::Coffee_room_01_video_21,1,2116,2116,66,90,0.000000,0.000000,adl,adl,0.310000,1
le2i-blazepose-normalized::Coffee_room_01_video_21,1,2117,2117,71,95,0.000000,0.000000,fall,fall,0.514000,1
le2i-blazepose-normalized::Coffee_room_01_video_21,1,2118,2118,76,100,0.000000,0.000000,fall,fall,0.690000,1
le2i-blazepose-normalized::Coffee_room_01_video_21,1,2119,2119,81,105,0.000000,0.000000,fall,fall,0.870000,1
le2i-blazepose-normalized::Coffee_room_01_video_21,1,2120,2120,86,110,0.000000,0.000000,fall,fall,0.888000,1
le2i-blazepose-normalized::Coffee_room_01_video_21,1,2121,2121,91,115,0.000000,0.000000,fall,fall,0.864000,1
le2i-blazepose-normalized::Coffee_room_01_video_21,1,2122,2122,96,120,0.000000,0.000000,adl,fall,0.774000,0
le2i-blazepose-normalized::Coffee_room_01_video_21,1,2123,2123,101,125,0.000000,0.000000,adl,adl,0.418000,1
le2i-blazepose-normalized::Coffee_room_01_video_21,1,2124,2124,106,130,0.000000,0.000000,adl,adl,0.398000,1
le2i-blazepose-normalized::Coffee_room_01_video_21,1,2125,2125,111,135,0.000000,0.000000,adl,adl,0.398000,1
le2i-blazepose-normalized::Coffee_room_01_video_21,1,2126,2126,116,140,0.000000,0.000000,adl,adl,0.466000,1
le2i-blazepose-normalized::Coffee_room_01_video_21,1,2127,2127,121,145,0.000000,0.000000,adl,adl,0.408000,1
le2i-blazepose-normalized::Coffee_room_01_video_21,1,2128,2128,126,150,0.000000,0.000000,adl,adl,0.408000,1
le2i-blazepose-normalized::Coffee_room_01_video_21,1,2129,2129,131,155,0.000000,0.000000,adl,adl,0.456000,1
le2i-blazepose-normalized::Coffee_room_01_video_21,1,2130,2130,136,160,0.000000,0.000000,adl,adl,0.466000,1
le2i-blazepose-normalized::Coffee_room_01_video_21,1,2131,2131,141,165,0.000000,0.000000,adl,adl,0.454000,1
le2i-blazepose-normalized::Coffee_room_01_video_21,1,2132,2132,146,170,0.000000,0.000000,adl,adl,0.402000,1
le2i-blazepose-normalized::Coffee_room_01_video_21,1,2133,2133,151,175,0.000000,0.000000,adl,adl,0.404000,1
le2i-blazepose-normalized::Coffee_room_01_video_21,1,2134,2134,156,180,0.000000,0.000000,adl,adl,0.412000,1
le2i-blazepose-normalized::Coffee_room_01_video_22,5,2135,2135,1,25,0.000000,0.000000,adl,adl,0.070000,1
le2i-blazepose-normalized::Coffee_room_01_video_22,5,2136,2136,6,30,0.000000,0.000000,adl,adl,0.074000,1
le2i-blazepose-normalized::Coffee_room_01_video_22,5,2137,2137,11,35,0.000000,0.000000,adl,adl,0.066000,1
le2i-blazepose-normalized::Coffee_room_01_video_22,5,2138,2138,16,40,0.000000,0.000000,adl,adl,0.062000,1
le2i-blazepose-normalized::Coffee_room_01_video_22,5,2139,2139,21,45,0.000000,0.000000,adl,adl,0.046000,1
le2i-blazepose-normalized::Coffee_room_01_video_22,5,2140,2140,26,50,0.000000,0.000000,adl,adl,0.060000,1
le2i-blazepose-normalized::Coffee_room_01_video_22,5,2141,2141,31,55,0.000000,0.000000,adl,adl,0.056000,1
le2i-blazepose-normalized::Coffee_room_01_video_22,5,2142,2142,36,60,0.000000,0.000000,adl,adl,0.106000,1
le2i-blazepose-normalized::Coffee_room_01_video_22,5,2143,2143,41,65,0.000000,0.000000,adl,adl,0.148000,1
le2i-blazepose-normalized::Coffee_room_01_video_22,5,2144,2144,46,70,0.000000,0.000000,adl,adl,0.128000,1
le2i-blazepose-normalized::Coffee_room_01_video_22,5,2145,2145,51,75,0.000000,0.000000,adl,adl,0.090000,1
le2i-blazepose-normalized::Coffee_room_01_video_22,5,2146,2146,56,80,0.000000,0.000000,adl,adl,0.080000,1
le2i-blazepose-normalized::Coffee_room_01_video_22,5,2147,2147,61,85,0.000000,0.000000,adl,adl,0.050000,1
le2i-blazepose-normalized::Coffee_room_01_video_22,5,2148,2148,66,90,0.000000,0.000000,adl,adl,0.034000,1
le2i-blazepose-normalized::Coffee_room_01_video_22,5,2149,2149,71,95,0.000000,0.000000,adl,adl,0.034000,1
le2i-blazepose-normalized::Coffee_room_01_video_22,5,2150,2150,76,100,0.000000,0.000000,adl,adl,0.024000,1
le2i-blazepose-normalized::Coffee_room_01_video_22,5,2151,2151,81,105,0.000000,0.000000,adl,adl,0.010000,1
le2i-blazepose-normalized::Coffee_room_01_video_22,5,2152,2152,86,110,0.000000,0.000000,adl,adl,0.004000,1
le2i-blazepose-normalized::Coffee_room_01_video_22,5,2153,2153,91,115,0.000000,0.000000,adl,adl,0.010000,1
le2i-blazepose-normalized::Coffee_room_01_video_22,5,2154,2154,96,120,0.000000,0.000000,adl,adl,0.006000,1
le2i-blazepose-normalized::Coffee_room_01_video_22,5,2155,2155,101,125,0.000000,0.000000,adl,adl,0.070000,1
le2i-blazepose-normalized::Coffee_room_01_video_22,5,2156,2156,106,130,0.000000,0.000000,adl,adl,0.298000,1
le2i-blazepose-normalized::Coffee_room_01_video_22,5,2157,2157,111,135,0.000000,0.000000,fall,fall,0.750000,1
le2i-blazepose-normalized::Coffee_room_01_video_22,5,2158,2158,116,140,0.000000,0.000000,fall,fall,0.904000,1
le2i-blazepose-normalized::Coffee_room_01_video_22,5,2159,2159,121,145,0.000000,0.000000,fall,fall,0.894000,1
le2i-blazepose-normalized::Coffee_room_01_video_22,5,2160,2160,126,150,0.000000,0.000000,fall,fall,0.858000,1
le2i-blazepose-normalized::Coffee_room_01_video_22,5,2161,2161,131,155,0.000000,0.000000,fall,fall,0.868000,1
le2i-blazepose-normalized::Coffee_room_01_video_22,5,2162,2162,136,160,0.000000,0.000000,adl,fall,0.742000,0
le2i-blazepose-normalized::Coffee_room_01_video_22,5,2163,2163,141,165,0.000000,0.000000,adl,fall,0.726000,0
le2i-blazepose-normalized::Coffee_room_01_video_22,5,2164,2164,146,170,0.000000,0.000000,adl,fall,0.738000,0
le2i-blazepose-normalized::Coffee_room_01_video_22,5,2165,2165,151,175,0.000000,0.000000,adl,fall,0.664000,0
le2i-blazepose-normalized::Coffee_room_01_video_22,5,2166,2166,156,180,0.000000,0.000000,adl,fall,0.588000,0
le2i-blazepose-normalized::Coffee_room_01_video_22,5,2167,2167,161,185,0.000000,0.000000,adl,fall,0.636000,0
le2i-blazepose-normalized::Coffee_room_01_video_22,5,2168,2168,166,190,0.000000,0.000000,adl,fall,0.632000,0
le2i-blazepose-normalized::Coffee_room_01_video_22,5,2169,2169,171,195,0.000000,0.000000,adl,fall,0.632000,0
le2i-blazepose-normalized::Coffee_room_01_video_22,5,2170,2170,176,200,0.000000,0.000000,adl,fall,0.640000,0
le2i-blazepose-normalized::Coffee_room_01_video_22,5,2171,2171,181,205,0.000000,0.000000,adl,fall,0.628000,0
le2i-blazepose-normalized::Coffee_room_01_video_22,5,2172,2172,186,210,0.000000,0.000000,adl,fall,0.638000,0
le2i-blazepose-normalized::Coffee_room_01_video_22,5,2173,2173,191,215,0.000000,0.000000,adl,fall,0.636000,0
le2i-blazepose-normalized::Coffee_room_01_video_22,5,2174,2174,196,220,0.000000,0.000000,adl,fall,0.636000,0
le2i-blazepose-normalized::Coffee_room_01_video_22,5,2175,2175,201,225,0.000000,0.000000,adl,fall,0.636000,0
le2i-blazepose-normalized::Coffee_room_01_video_23,2,2176,2176,1,25,0.000000,0.000000,adl,adl,0.078000,1
le2i-blazepose-normalized::Coffee_room_01_video_23,2,2177,2177,6,30,0.000000,0.000000,adl,adl,0.072000,1
le2i-blazepose-normalized::Coffee_room_01_video_23,2,2178,2178,11,35,0.000000,0.000000,adl,adl,0.072000,1
le2i-blazepose-normalized::Coffee_room_01_video_23,2,2179,2179,16,40,0.000000,0.000000,adl,adl,0.074000,1
le2i-blazepose-normalized::Coffee_room_01_video_23,2,2180,2180,21,45,0.000000,0.000000,adl,adl,0.080000,1
le2i-blazepose-normalized::Coffee_room_01_video_23,2,2181,2181,26,50,0.000000,0.000000,adl,adl,0.082000,1
le2i-blazepose-normalized::Coffee_room_01_video_23,2,2182,2182,31,55,0.000000,0.000000,adl,adl,0.066000,1
le2i-blazepose-normalized::Coffee_room_01_video_23,2,2183,2183,36,60,0.000000,0.000000,adl,adl,0.068000,1
le2i-blazepose-normalized::Coffee_room_01_video_23,2,2184,2184,41,65,0.000000,0.000000,adl,adl,0.066000,1
le2i-blazepose-normalized::Coffee_room_01_video_23,2,2185,2185,46,70,0.000000,0.000000,adl,adl,0.056000,1
le2i-blazepose-normalized::Coffee_room_01_video_23,2,2186,2186,51,75,0.000000,0.000000,adl,adl,0.064000,1
le2i-blazepose-normalized::Coffee_room_01_video_23,2,2187,2187,56,80,0.000000,0.000000,adl,adl,0.024000,1
le2i-blazepose-normalized::Coffee_room_01_video_23,2,2188,2188,61,85,0.000000,0.000000,adl,adl,0.024000,1
le2i-blazepose-normalized::Coffee_room_01_video_23,2,2189,2189,66,90,0.000000,0.000000,adl,adl,0.026000,1
le2i-blazepose-normalized::Coffee_room_01_video_23,2,2190,2190,71,95,0.000000,0.000000,adl,adl,0.020000,1
le2i-blazepose-normalized::Coffee_room_01_video_23,2,2191,2191,76,100,0.000000,0.000000,adl,adl,0.026000,1
le2i-blazepose-normalized::Coffee_room_01_video_23,2,2192,2192,81,105,0.000000,0.000000,adl,adl,0.070000,1
le2i-blazepose-normalized::Coffee_room_01_video_23,2,2193,2193,86,110,0.000000,0.000000,adl,adl,0.342000,1
le2i-blazepose-normalized::Coffee_room_01_video_23,2,2194,2194,91,115,0.000000,0.000000,adl,adl,0.440000,1
le2i-blazepose-normalized::Coffee_room_01_video_23,2,2195,2195,96,120,0.000000,0.000000,adl,adl,0.450000,1
le2i-blazepose-normalized::Coffee_room_01_video_23,2,2196,2196,101,125,0.000000,0.000000,adl,adl,0.424000,1
le2i-blazepose-normalized::Coffee_room_01_video_23,2,2197,2197,106,130,0.000000,0.000000,adl,adl,0.340000,1
le2i-blazepose-normalized::Coffee_room_01_video_23,2,2198,2198,111,135,0.000000,0.000000,adl,adl,0.208000,1
le2i-blazepose-normalized::Coffee_room_01_video_23,2,2199,2199,116,140,0.000000,0.000000,adl,adl,0.060000,1
le2i-blazepose-normalized::Coffee_room_01_video_23,2,2200,2200,121,145,0.000000,0.000000,adl,adl,0.020000,1
le2i-blazepose-normalized::Coffee_room_01_video_23,2,2201,2201,126,150,0.000000,0.000000,adl,adl,0.002000,1
le2i-blazepose-normalized::Coffee_room_01_video_23,2,2202,2202,131,155,0.000000,0.000000,adl,adl,0.000000,1
le2i-blazepose-normalized::Coffee_room_01_video_23,2,2203,2203,136,160,0.000000,0.000000,adl,adl,0.000000,1
le2i-blazepose-normalized::Coffee_room_01_video_23,2,2204,2204,141,165,0.000000,0.000000,adl,adl,0.000000,1
le2i-blazepose-normalized::Coffee_room_01_video_23,2,2205,2205,146,170,0.000000,0.000000,adl,adl,0.000000,1
le2i-blazepose-normalized::Coffee_room_01_video_23,2,2206,2206,151,175,0.000000,0.000000,adl,adl,0.000000,1
le2i-blazepose-normalized::Coffee_room_01_video_23,2,2207,2207,156,180,0.000000,0.000000,adl,adl,0.000000,1
le2i-blazepose-normalized::Coffee_room_01_video_23,2,2208,2208,161,185,0.000000,0.000000,adl,adl,0.000000,1
le2i-blazepose-normalized::Coffee_room_01_video_23,2,2209,2209,166,190,0.000000,0.000000,adl,adl,0.000000,1
le2i-blazepose-normalized::Coffee_room_01_video_23,2,2210,2210,171,195,0.000000,0.000000,adl,adl,0.000000,1
le2i-blazepose-normalized::Coffee_room_01_video_23,2,2211,2211,176,200,0.000000,0.000000,adl,adl,0.008000,1
le2i-blazepose-normalized::Coffee_room_01_video_23,2,2212,2212,181,205,0.000000,0.000000,adl,adl,0.236000,1
le2i-blazepose-normalized::Coffee_room_01_video_23,2,2213,2213,186,210,0.000000,0.000000,adl,fall,0.596000,0
le2i-blazepose-normalized::Coffee_room_01_video_23,2,2214,2214,191,215,0.000000,0.000000,adl,fall,0.920000,0
le2i-blazepose-normalized::Coffee_room_01_video_23,2,2215,2215,196,220,0.000000,0.000000,fall,fall,0.968000,1
le2i-blazepose-normalized::Coffee_room_01_video_23,2,2216,2216,201,225,0.000000,0.000000,fall,fall,0.942000,1
le2i-blazepose-normalized::Coffee_room_01_video_23,2,2217,2217,206,230,0.000000,0.000000,fall,fall,0.776000,1
le2i-blazepose-normalized::Coffee_room_01_video_23,2,2218,2218,211,235,0.000000,0.000000,fall,fall,0.618000,1
le2i-blazepose-normalized::Coffee_room_01_video_23,2,2219,2219,216,240,0.000000,0.000000,fall,adl,0.378000,0
le2i-blazepose-normalized::Coffee_room_01_video_23,2,2220,2220,221,245,0.000000,0.000000,fall,adl,0.364000,0
le2i-blazepose-normalized::Coffee_room_01_video_23,2,2221,2221,226,250,0.000000,0.000000,fall,adl,0.432000,0
le2i-blazepose-normalized::Coffee_room_01_video_23,2,2222,2222,231,255,0.000000,0.000000,fall,adl,0.446000,0
le2i-blazepose-normalized::Coffee_room_01_video_23,2,2223,2223,236,260,0.000000,0.000000,fall,adl,0.412000,0
le2i-blazepose-normalized::Coffee_room_01_video_23,2,2224,2224,241,265,0.000000,0.000000,adl,adl,0.426000,1
le2i-blazepose-normalized::Coffee_room_01_video_23,2,2225,2225,246,270,0.000000,0.000000,adl,adl,0.364000,1
le2i-blazepose-normalized::Coffee_room_01_video_23,2,2226,2226,251,275,0.000000,0.000000,adl,adl,0.262000,1
le2i-blazepose-normalized::Coffee_room_01_video_23,2,2227,2227,256,280,0.000000,0.000000,adl,adl,0.246000,1
le2i-blazepose-normalized::Coffee_room_01_video_23,2,2228,2228,261,285,0.000000,0.000000,adl,adl,0.244000,1
le2i-blazepose-normalized::Coffee_room_01_video_23,2,2229,2229,266,290,0.000000,0.000000,adl,adl,0.230000,1
le2i-blazepose-normalized::Coffee_room_01_video_23,2,2230,2230,271,295,0.000000,0.000000,adl,adl,0.216000,1
le2i-blazepose-normalized::Coffee_room_01_video_23,2,2231,2231,276,300,0.000000,0.000000,adl,adl,0.212000,1
le2i-blazepose-normalized::Coffee_room_01_video_23,2,2232,2232,281,305,0.000000,0.000000,adl,adl,0.202000,1
le2i-blazepose-normalized::Coffee_room_01_video_23,2,2233,2233,286,310,0.000000,0.000000,adl,adl,0.218000,1
le2i-blazepose-normalized::Coffee_room_01_video_24,5,2234,2234,1,25,0.000000,0.000000,adl,adl,0.114000,1
le2i-blazepose-normalized::Coffee_room_01_video_24,5,2235,2235,6,30,0.000000,0.000000,adl,adl,0.108000,1
le2i-blazepose-normalized::Coffee_room_01_video_24,5,2236,2236,11,35,0.000000,0.000000,adl,adl,0.098000,1
le2i-blazepose-normalized::Coffee_room_01_video_24,5,2237,2237,16,40,0.000000,0.000000,adl,adl,0.168000,1
le2i-blazepose-normalized::Coffee_room_01_video_24,5,2238,2238,21,45,0.000000,0.000000,adl,adl,0.146000,1
le2i-blazepose-normalized::Coffee_room_01_video_24,5,2239,2239,26,50,0.000000,0.000000,adl,adl,0.078000,1
le2i-blazepose-normalized::Coffee_room_01_video_24,5,2240,2240,31,55,0.000000,0.000000,adl,adl,0.098000,1
le2i-blazepose-normalized::Coffee_room_01_video_24,5,2241,2241,36,60,0.000000,0.000000,adl,adl,0.094000,1
le2i-blazepose-normalized::Coffee_room_01_video_24,5,2242,2242,41,65,0.000000,0.000000,adl,adl,0.060000,1
le2i-blazepose-normalized::Coffee_room_01_video_24,5,2243,2243,46,70,0.000000,0.000000,adl,adl,0.076000,1
le2i-blazepose-normalized::Coffee_room_01_video_24,5,2244,2244,51,75,0.000000,0.000000,adl,adl,0.050000,1
le2i-blazepose-normalized::Coffee_room_01_video_24,5,2245,2245,56,80,0.000000,0.000000,adl,adl,0.038000,1
le2i-blazepose-normalized::Coffee_room_01_video_24,5,2246,2246,61,85,0.000000,0.000000,adl,adl,0.020000,1
le2i-blazepose-normalized::Coffee_room_01_video_24,5,2247,2247,66,90,0.000000,0.000000,adl,adl,0.022000,1
le2i-blazepose-normalized::Coffee_room_01_video_24,5,2248,2248,71,95,0.000000,0.000000,adl,adl,0.010000,1
le2i-blazepose-normalized::Coffee_room_01_video_24,5,2249,2249,76,100,0.000000,0.000000,adl,adl,0.012000,1
le2i-blazepose-normalized::Coffee_room_01_video_24,5,2250,2250,81,105,0.000000,0.000000,adl,adl,0.008000,1
le2i-blazepose-normalized::Coffee_room_01_video_24,5,2251,2251,86,110,0.000000,0.000000,adl,adl,0.040000,1
le2i-blazepose-normalized::Coffee_room_01_video_24,5,2252,2252,91,115,0.000000,0.000000,adl,adl,0.080000,1
le2i-blazepose-normalized::Coffee_room_01_video_24,5,2253,2253,96,120,0.000000,0.000000,adl,adl,0.164000,1
le2i-blazepose-normalized::Coffee_room_01_video_24,5,2254,2254,101,125,0.000000,0.000000,adl,adl,0.326000,1
le2i-blazepose-normalized::Coffee_room_01_video_24,5,2255,2255,106,130,0.000000,0.000000,adl,adl,0.262000,1
le2i-blazepose-normalized::Coffee_room_01_video_24,5,2256,2256,111,135,0.000000,0.000000,adl,adl,0.146000,1
le2i-blazepose-normalized::Coffee_room_01_video_24,5,2257,2257,116,140,0.000000,0.000000,adl,adl,0.030000,1
le2i-blazepose-normalized::Coffee_room_01_video_24,5,2258,2258,121,145,0.000000,0.000000,adl,adl,0.008000,1
le2i-blazepose-normalized::Coffee_room_01_video_24,5,2259,2259,126,150,0.000000,0.000000,adl,adl,0.002000,1
le2i-blazepose-normalized::Coffee_room_01_video_24,5,2260,2260,131,155,0.000000,0.000000,adl,adl,0.000000,1
le2i-blazepose-normalized::Coffee_room_01_video_24,5,2261,2261,136,160,0.000000,0.000000,adl,adl,0.000000,1
le2i-blazepose-normalized::Coffee_room_01_video_24,5,2262,2262,141,165,0.000000,0.000000,adl,adl,0.000000,1
le2i-blazepose-normalized::Coffee_room_01_video_24,5,2263,2263,146,170,0.000000,0.000000,adl,adl,0.000000,1
le2i-blazepose-normalized::Coffee_room_01_video_24,5,2264,2264,151,175,0.000000,0.000000,adl,adl,0.000000,1
le2i-blazepose-normalized::Coffee_room_01_video_24,5,2265,2265,156,180,0.000000,0.000000,adl,adl,0.000000,1
le2i-blazepose-normalized::Coffee_room_01_video_24,5,2266,2266,161,185,0.000000,0.000000,adl,adl,0.000000,1
le2i-blazepose-normalized::Coffee_room_01_video_24,5,2267,2267,166,190,0.000000,0.000000,adl,adl,0.000000,1
le2i-blazepose-normalized::Coffee_room_01_video_24,5,2268,2268,171,195,0.000000,0.000000,adl,adl,0.002000,1
le2i-blazepose-normalized::Coffee_room_01_video_24,5,2269,2269,176,200,0.000000,0.000000,adl,adl,0.000000,1
le2i-blazepose-normalized::Coffee_room_01_video_24,5,2270,2270,181,205,0.000000,0.000000,adl,adl,0.000000,1
le2i-blazepose-normalized::Coffee_room_01_video_24,5,2271,2271,186,210,0.000000,0.000000,adl,adl,0.312000,1
le2i-blazepose-normalized::Coffee_room_01_video_24,5,2272,2272,191,215,0.000000,0.000000,adl,fall,0.610000,0
le2i-blazepose-normalized::Coffee_room_01_video_24,5,2273,2273,196,220,0.000000,0.000000,fall,fall,0.900000,1
le2i-blazepose-normalized::Coffee_room_01_video_24,5,2274,2274,201,225,0.000000,0.000000,fall,fall,0.972000,1
le2i-blazepose-normalized::Coffee_room_01_video_24,5,2275,2275,206,230,0.000000,0.000000,fall,fall,0.906000,1
le2i-blazepose-normalized::Coffee_room_01_video_24,5,2276,2276,211,235,0.000000,0.000000,fall,fall,0.883556,1
le2i-blazepose-normalized::Coffee_room_01_video_24,5,2277,2277,216,240,0.000000,0.000000,fall,fall,0.730000,1
le2i-blazepose-normalized::Coffee_room_01_video_24,5,2278,2278,221,245,0.000000,0.000000,fall,fall,0.586000,1
le2i-blazepose-normalized::Coffee_room_01_video_24,5,2279,2279,226,250,0.000000,0.000000,fall,adl,0.404000,0
le2i-blazepose-normalized::Coffee_room_01_video_24,5,2280,2280,231,255,0.000000,0.000000,adl,adl,0.166000,1
le2i-blazepose-normalized::Coffee_room_01_video_24,5,2281,2281,236,260,0.000000,0.000000,adl,adl,0.168000,1
le2i-blazepose-normalized::Coffee_room_01_video_24,5,2282,2282,241,265,0.000000,0.000000,adl,adl,0.252000,1
le2i-blazepose-normalized::Coffee_room_01_video_25,3,2283,2283,1,25,0.000000,0.000000,adl,adl,0.060000,1
le2i-blazepose-normalized::Coffee_room_01_video_25,3,2284,2284,6,30,0.000000,0.000000,adl,adl,0.072000,1
le2i-blazepose-normalized::Coffee_room_01_video_25,3,2285,2285,11,35,0.000000,0.000000,adl,adl,0.066000,1
le2i-blazepose-normalized::Coffee_room_01_video_25,3,2286,2286,16,40,0.000000,0.000000,adl,adl,0.092000,1
le2i-blazepose-normalized::Coffee_room_01_video_25,3,2287,2287,21,45,0.000000,0.000000,adl,adl,0.122000,1
le2i-blazepose-normalized::Coffee_room_01_video_25,3,2288,2288,26,50,0.000000,0.000000,adl,adl,0.212000,1
le2i-blazepose-normalized::Coffee_room_01_video_25,3,2289,2289,31,55,0.000000,0.000000,adl,adl,0.190000,1
le2i-blazepose-normalized::Coffee_room_01_video_25,3,2290,2290,36,60,0.000000,0.000000,adl,adl,0.122000,1
le2i-blazepose-normalized::Coffee_room_01_video_25,3,2291,2291,41,65,0.000000,0.000000,adl,adl,0.046000,1
le2i-blazepose-normalized::Coffee_room_01_video_25,3,2292,2292,46,70,0.000000,0.000000,adl,adl,0.008000,1
le2i-blazepose-normalized::Coffee_room_01_video_25,3,2293,2293,51,75,0.000000,0.000000,adl,adl,0.004000,1
le2i-blazepose-normalized::Coffee_room_01_video_25,3,2294,2294,56,80,0.000000,0.000000,adl,adl,0.000000,1
le2i-blazepose-normalized::Coffee_room_01_video_25,3,2295,2295,61,85,0.000000,0.000000,adl,adl,0.002000,1
le2i-blazepose-normalized::Coffee_room_01_video_25,3,2296,2296,66,90,0.000000,0.000000,adl,adl,0.000000,1
le2i-blazepose-normalized::Coffee_room_01_video_25,3,2297,2297,71,95,0.000000,0.000000,adl,adl,0.000000,1
le2i-blazepose-normalized::Coffee_room_01_video_25,3,2298,2298,76,100,0.000000,0.000000,adl,adl,0.000000,1
le2i-blazepose-normalized::Coffee_room_01_video_25,3,2299,2299,81,105,0.000000,0.000000,adl,adl,0.002000,1
le2i-blazepose-normalized::Coffee_room_01_video_25,3,2300,2300,86,110,0.000000,0.000000,adl,adl,0.004000,1
le2i-blazepose-normalized::Coffee_room_01_video_25,3,2301,2301,91,115,0.000000,0.000000,adl,adl,0.002000,1
le2i-blazepose-normalized::Coffee_room_01_video_25,3,2302,2302,96,120,0.000000,0.000000,adl,adl,0.002000,1
le2i-blazepose-normalized::Coffee_room_01_video_25,3,2303,2303,101,125,0.000000,0.000000,adl,adl,0.000000,1
le2i-blazepose-normalized::Coffee_room_01_video_25,3,2304,2304,106,130,0.000000,0.000000,adl,adl,0.000000,1
le2i-blazepose-normalized::Coffee_room_01_video_25,3,2305,2305,111,135,0.000000,0.000000,adl,adl,0.052000,1
le2i-blazepose-normalized::Coffee_room_01_video_25,3,2306,2306,116,140,0.000000,0.000000,adl,adl,0.166000,1
le2i-blazepose-normalized::Coffee_room_01_video_25,3,2307,2307,121,145,0.000000,0.000000,fall,adl,0.432000,0
le2i-blazepose-normalized::Coffee_room_01_video_25,3,2308,2308,126,150,0.000000,0.000000,fall,fall,0.710000,1
le2i-blazepose-normalized::Coffee_room_01_video_25,3,2309,2309,131,155,0.000000,0.000000,fall,fall,0.792000,1
le2i-blazepose-normalized::Coffee_room_01_video_25,3,2310,2310,136,160,0.000000,0.000000,fall,fall,0.686000,1
le2i-blazepose-normalized::Coffee_room_01_video_25,3,2311,2311,141,165,0.000000,0.000000,fall,fall,0.660000,1
le2i-blazepose-normalized::Coffee_room_01_video_25,3,2312,2312,146,170,0.000000,0.000000,fall,fall,0.576000,1
le2i-blazepose-normalized::Coffee_room_01_video_25,3,2313,2313,151,175,0.000000,0.000000,fall,adl,0.494000,0
le2i-blazepose-normalized::Coffee_room_01_video_25,3,2314,2314,156,180,0.000000,0.000000,fall,adl,0.486000,0
le2i-blazepose-normalized::Coffee_room_01_video_25,3,2315,2315,161,185,0.000000,0.000000,fall,adl,0.498000,0
le2i-blazepose-normalized::Coffee_room_01_video_25,3,2316,2316,166,190,0.000000,0.000000,fall,adl,0.458000,0
le2i-blazepose-normalized::Coffee_room_01_video_25,3,2317,2317,171,195,0.000000,0.000000,fall,adl,0.444000,0
le2i-blazepose-normalized::Coffee_room_01_video_25,3,2318,2318,176,200,0.000000,0.000000,adl,adl,0.454000,1
le2i-blazepose-normalized::Coffee_room_01_video_25,3,2319,2319,181,205,0.000000,0.000000,adl,adl,0.452000,1
le2i-blazepose-normalized::Coffee_room_01_video_25,3,2320,2320,186,210,0.000000,0.000000,adl,adl,0.448000,1
le2i-blazepose-normalized::Coffee_room_01_video_25,3,2321,2321,191,215,0.000000,0.000000,adl,adl,0.440000,1
le2i-blazepose-normalized::Coffee_room_01_video_25,3,2322,2322,196,220,0.000000,0.000000,adl,adl,0.444000,1
le2i-blazepose-normalized::Coffee_room_01_video_25,3,2323,2323,201,225,0.000000,0.000000,adl,adl,0.436000,1
le2i-blazepose-normalized::Coffee_room_01_video_25,3,2324,2324,206,230,0.000000,0.000000,adl,adl,0.444000,1
le2i-blazepose-normalized::Coffee_room_01_video_25,3,2325,2325,211,235,0.000000,0.000000,adl,adl,0.434000,1
le2i-blazepose-normalized::Coffee_room_01_video_25,3,2326,2326,216,240,0.000000,0.000000,adl,adl,0.434000,1
le2i-blazepose-normalized::Coffee_room_01_video_25,3,2327,2327,221,245,0.000000,0.000000,adl,adl,0.436000,1
le2i-blazepose-normalized::Coffee_room_01_video_25,3,2328,2328,226,250,0.000000,0.000000,adl,adl,0.444000,1
le2i-blazepose-normalized::Coffee_room_01_video_25,3,2329,2329,231,255,0.000000,0.000000,adl,adl,0.444000,1
le2i-blazepose-normalized::Coffee_room_01_video_25,3,2330,2330,236,260,0.000000,0.000000,adl,adl,0.448000,1
le2i-blazepose-normalized::Coffee_room_01_video_27,5,2331,2331,1,25,0.000000,0.000000,adl,adl,0.122000,1
le2i-blazepose-normalized::Coffee_room_01_video_27,5,2332,2332,6,30,0.000000,0.000000,adl,adl,0.108000,1
le2i-blazepose-normalized::Coffee_room_01_video_27,5,2333,2333,11,35,0.000000,0.000000,adl,adl,0.116000,1
le2i-blazepose-normalized::Coffee_room_01_video_27,5,2334,2334,16,40,0.000000,0.000000,adl,adl,0.088000,1
le2i-blazepose-normalized::Coffee_room_01_video_27,5,2335,2335,21,45,0.000000,0.000000,adl,adl,0.128000,1
le2i-blazepose-normalized::Coffee_room_01_video_27,5,2336,2336,26,50,0.000000,0.000000,adl,adl,0.078000,1
le2i-blazepose-normalized::Coffee_room_01_video_27,5,2337,2337,31,55,0.000000,0.000000,adl,adl,0.080000,1
le2i-blazepose-normalized::Coffee_room_01_video_27,5,2338,2338,36,60,0.000000,0.000000,adl,adl,0.066000,1
le2i-blazepose-normalized::Coffee_room_01_video_27,5,2339,2339,41,65,0.000000,0.000000,adl,adl,0.114000,1
le2i-blazepose-normalized::Coffee_room_01_video_27,5,2340,2340,46,70,0.000000,0.000000,adl,adl,0.144000,1
le2i-blazepose-normalized::Coffee_room_01_video_27,5,2341,2341,51,75,0.000000,0.000000,adl,adl,0.158000,1
le2i-blazepose-normalized::Coffee_room_01_video_27,5,2342,2342,56,80,0.000000,0.000000,adl,adl,0.080000,1
le2i-blazepose-normalized::Coffee_room_01_video_27,5,2343,2343,61,85,0.000000,0.000000,adl,adl,0.038000,1
le2i-blazepose-normalized::Coffee_room_01_video_27,5,2344,2344,66,90,0.000000,0.000000,adl,adl,0.006000,1
le2i-blazepose-normalized::Coffee_room_01_video_27,5,2345,2345,71,95,0.000000,0.000000,adl,adl,0.008000,1
le2i-blazepose-normalized::Coffee_room_01_video_27,5,2346,2346,76,100,0.000000,0.000000,adl,adl,0.000000,1
le2i-blazepose-normalized::Coffee_room_01_video_27,5,2347,2347,81,105,0.000000,0.000000,adl,adl,0.006000,1
le2i-blazepose-normalized::Coffee_room_01_video_27,5,2348,2348,86,110,0.000000,0.000000,adl,adl,0.006000,1
le2i-blazepose-normalized::Coffee_room_01_video_27,5,2349,2349,91,115,0.000000,0.000000,adl,adl,0.002000,1
le2i-blazepose-normalized::Coffee_room_01_video_27,5,2350,2350,96,120,0.000000,0.000000,adl,adl,0.012000,1
le2i-blazepose-normalized::Coffee_room_01_video_27,5,2351,2351,101,125,0.000000,0.000000,adl,adl,0.052000,1
le2i-blazepose-normalized::Coffee_room_01_video_27,5,2352,2352,106,130,0.000000,0.000000,adl,adl,0.074000,1
le2i-blazepose-normalized::Coffee_room_01_video_27,5,2353,2353,111,135,0.000000,0.000000,adl,adl,0.104000,1
le2i-blazepose-normalized::Coffee_room_01_video_27,5,2354,2354,116,140,0.000000,0.000000,adl,adl,0.180000,1
le2i-blazepose-normalized::Coffee_room_01_video_27,5,2355,2355,121,145,0.000000,0.000000,adl,adl,0.118000,1
le2i-blazepose-normalized::Coffee_room_01_video_27,5,2356,2356,126,150,0.000000,0.000000,adl,adl,0.192000,1
le2i-blazepose-normalized::Coffee_room_01_video_27,5,2357,2357,131,155,0.000000,0.000000,adl,adl,0.350000,1
le2i-blazepose-normalized::Coffee_room_01_video_27,5,2358,2358,136,160,0.000000,0.000000,adl,adl,0.454000,1
le2i-blazepose-normalized::Coffee_room_01_video_27,5,2359,2359,141,165,0.000000,0.000000,adl,fall,0.536000,0
le2i-blazepose-normalized::Coffee_room_01_video_27,5,2360,2360,146,170,0.000000,0.000000,fall,fall,0.672000,1
le2i-blazepose-normalized::Coffee_room_01_video_27,5,2361,2361,151,175,0.000000,0.000000,fall,fall,0.715714,1
le2i-blazepose-normalized::Coffee_room_01_video_27,5,2362,2362,156,180,0.000000,0.000000,fall,fall,0.586000,1
le2i-blazepose-normalized::Coffee_room_01_video_27,5,2363,2363,161,185,0.000000,0.000000,fall,fall,0.550000,1
le2i-blazepose-normalized::Coffee_room_01_video_27,5,2364,2364,166,190,0.000000,0.000000,fall,adl,0.490000,0
le2i-blazepose-normalized::Coffee_room_01_video_27,5,2365,2365,171,195,0.000000,0.000000,fall,adl,0.446000,0
le2i-blazepose-normalized::Coffee_room_01_video_27,5,2366,2366,176,200,0.000000,0.000000,fall,adl,0.470000,0
le2i-blazepose-normalized::Coffee_room_01_video_27,5,2367,2367,181,205,0.000000,0.000000,fall,adl,0.496000,0
le2i-blazepose-normalized::Coffee_room_01_video_27,5,2368,2368,186,210,0.000000,0.000000,fall,adl,0.460000,0
le2i-blazepose-normalized::Coffee_room_01_video_27,5,2369,2369,191,215,0.000000,0.000000,adl,adl,0.442000,1
le2i-blazepose-normalized::Coffee_room_01_video_27,5,2370,2370,196,220,0.000000,0.000000,adl,adl,0.452000,1
le2i-blazepose-normalized::Coffee_room_01_video_27,5,2371,2371,201,225,0.000000,0.000000,adl,adl,0.446000,1
le2i-blazepose-normalized::Coffee_room_01_video_27,5,2372,2372,206,230,0.000000,0.000000,adl,adl,0.444000,1
le2i-blazepose-normalized::Coffee_room_01_video_27,5,2373,2373,211,235,0.000000,0.000000,adl,adl,0.432000,1
le2i-blazepose-normalized::Coffee_room_01_video_27,5,2374,2374,216,240,0.000000,0.000000,adl,adl,0.448000,1
le2i-blazepose-normalized::Coffee_room_01_video_27,5,2375,2375,221,245,0.000000,0.000000,adl,adl,0.440000,1
le2i-blazepose-normalized::Coffee_room_01_video_27,5,2376,2376,226,250,0.000000,0.000000,adl,adl,0.440000,1
le2i-blazepose-normalized::Coffee_room_01_video_28,3,2377,2377,1,25,0.000000,0.000000,adl,adl,0.108000,1
le2i-blazepose-normalized::Coffee_room_01_video_28,3,2378,2378,6,30,0.000000,0.000000,adl,adl,0.116000,1
le2i-blazepose-normalized::Coffee_room_01_video_28,3,2379,2379,11,35,0.000000,0.000000,adl,adl,0.174000,1
le2i-blazepose-normalized::Coffee_room_01_video_28,3,2380,2380,16,40,0.000000,0.000000,adl,adl,0.138000,1
le2i-blazepose-normalized::Coffee_room_01_video_28,3,2381,2381,21,45,0.000000,0.000000,adl,adl,0.112000,1
le2i-blazepose-normalized::Coffee_room_01_video_28,3,2382,2382,26,50,0.000000,0.000000,adl,adl,0.098000,1
le2i-blazepose-normalized::Coffee_room_01_video_28,3,2383,2383,31,55,0.000000,0.000000,adl,adl,0.086000,1
le2i-blazepose-normalized::Coffee_room_01_video_28,3,2384,2384,36,60,0.000000,0.000000,adl,adl,0.160000,1
le2i-blazepose-normalized::Coffee_room_01_video_28,3,2385,2385,41,65,0.000000,0.000000,adl,adl,0.409333,1
le2i-blazepose-normalized::Coffee_room_01_video_28,3,2386,2386,46,70,0.000000,0.000000,fall,fall,0.691333,1
le2i-blazepose-normalized::Coffee_room_01_video_28,3,2387,2387,51,75,0.000000,0.000000,fall,fall,0.648000,1
le2i-blazepose-normalized::Coffee_room_01_video_28,3,2388,2388,56,80,0.000000,0.000000,fall,fall,0.580000,1
le2i-blazepose-normalized::Coffee_room_01_video_28,3,2389,2389,61,85,0.000000,0.000000,fall,adl,0.344000,0
le2i-blazepose-normalized::Coffee_room_01_video_28,3,2390,2390,66,90,0.000000,0.000000,fall,adl,0.204000,0
le2i-blazepose-normalized::Coffee_room_01_video_28,3,2391,2391,71,95,0.000000,0.000000,fall,adl,0.226000,0
le2i-blazepose-normalized::Coffee_room_01_video_28,3,2392,2392,76,100,0.000000,0.000000,fall,adl,0.342000,0
le2i-blazepose-normalized::Coffee_room_01_video_28,3,2393,2393,81,105,0.000000,0.000000,fall,adl,0.380000,0
le2i-blazepose-normalized::Coffee_room_01_video_28,3,2394,2394,86,110,0.000000,0.000000,adl,adl,0.238000,1
le2i-blazepose-normalized::Coffee_room_01_video_28,3,2395,2395,91,115,0.000000,0.000000,adl,adl,0.174000,1
le2i-blazepose-normalized::Coffee_room_01_video_28,3,2396,2396,96,120,0.000000,0.000000,adl,adl,0.160000,1
le2i-blazepose-normalized::Coffee_room_01_video_28,3,2397,2397,101,125,0.000000,0.000000,adl,adl,0.164000,1
le2i-blazepose-normalized::Coffee_room_01_video_28,3,2398,2398,106,130,0.000000,0.000000,adl,adl,0.148000,1
le2i-blazepose-normalized::Coffee_room_01_video_28,3,2399,2399,111,135,0.000000,0.000000,adl,adl,0.148000,1
le2i-blazepose-normalized::Coffee_room_01_video_28,3,2400,2400,116,140,0.000000,0.000000,adl,adl,0.144000,1
le2i-blazepose-normalized::Coffee_room_01_video_28,3,2401,2401,121,145,0.000000,0.000000,adl,adl,0.150000,1
le2i-blazepose-normalized::Coffee_room_01_video_28,3,2402,2402,126,150,0.000000,0.000000,adl,adl,0.158000,1
le2i-blazepose-normalized::Coffee_room_01_video_28,3,2403,2403,131,155,0.000000,0.000000,adl,adl,0.158000,1
le2i-blazepose-normalized::Coffee_room_01_video_28,3,2404,2404,136,160,0.000000,0.000000,adl,adl,0.154000,1
le2i-blazepose-normalized::Coffee_room_01_video_28,3,2405,2405,141,165,0.000000,0.000000,adl,adl,0.164000,1
le2i-blazepose-normalized::Coffee_room_01_video_28,3,2406,2406,146,170,0.000000,0.000000,adl,adl,0.164000,1
le2i-blazepose-normalized::Coffee_room_01_video_28,3,2407,2407,151,175,0.000000,0.000000,adl,adl,0.170000,1
le2i-blazepose-normalized::Coffee_room_01_video_29,4,2408,2408,1,25,0.000000,0.000000,adl,adl,0.098000,1
le2i-blazepose-normalized::Coffee_room_01_video_29,4,2409,2409,6,30,0.000000,0.000000,adl,adl,0.050000,1
le2i-blazepose-normalized::Coffee_room_01_video_29,4,2410,2410,11,35,0.000000,0.000000,adl,adl,0.050000,1
le2i-blazepose-normalized::Coffee_room_01_video_29,4,2411,2411,16,40,0.000000,0.000000,adl,adl,0.046000,1
le2i-blazepose-normalized::Coffee_room_01_video_29,4,2412,2412,21,45,0.000000,0.000000,adl,adl,0.066000,1
le2i-blazepose-normalized::Coffee_room_01_video_29,4,2413,2413,26,50,0.000000,0.000000,adl,adl,0.034000,1
le2i-blazepose-normalized::Coffee_room_01_video_29,4,2414,2414,31,55,0.000000,0.000000,adl,adl,0.026000,1
le2i-blazepose-normalized::Coffee_room_01_video_29,4,2415,2415,36,60,0.000000,0.000000,adl,adl,0.002000,1
le2i-blazepose-normalized::Coffee_room_01_video_29,4,2416,2416,41,65,0.000000,0.000000,adl,adl,0.010000,1
le2i-blazepose-normalized::Coffee_room_01_video_29,4,2417,2417,46,70,0.000000,0.000000,adl,adl,0.010000,1
le2i-blazepose-normalized::Coffee_room_01_video_29,4,2418,2418,51,75,0.000000,0.000000,adl,adl,0.012000,1
le2i-blazepose-normalized::Coffee_room_01_video_29,4,2419,2419,56,80,0.000000,0.000000,adl,adl,0.002000,1
le2i-blazepose-normalized::Coffee_room_01_video_29,4,2420,2420,61,85,0.000000,0.000000,adl,adl,0.002000,1
le2i-blazepose-normalized::Coffee_room_01_video_29,4,2421,2421,66,90,0.000000,0.000000,adl,adl,0.002000,1
le2i-blazepose-normalized::Coffee_room_01_video_29,4,2422,2422,71,95,0.000000,0.000000,adl,adl,0.000000,1
le2i-blazepose-normalized::Coffee_room_01_video_29,4,2423,2423,76,100,0.000000,0.000000,adl,adl,0.002000,1
le2i-blazepose-normalized::Coffee_room_01_video_29,4,2424,2424,81,105,0.000000,0.000000,adl,adl,0.002000,1
le2i-blazepose-normalized::Coffee_room_01_video_29,4,2425,2425,86,110,0.000000,0.000000,adl,adl,0.000000,1
le2i-blazepose-normalized::Coffee_room_01_video_29,4,2426,2426,91,115,0.000000,0.000000,adl,adl,0.002000,1
le2i-blazepose-normalized::Coffee_room_01_video_29,4,2427,2427,96,120,0.000000,0.000000,adl,adl,0.000000,1
le2i-blazepose-normalized::Coffee_room_01_video_29,4,2428,2428,101,125,0.000000,0.000000,adl,adl,0.002000,1
le2i-blazepose-normalized::Coffee_room_01_video_29,4,2429,2429,106,130,0.000000,0.000000,adl,adl,0.014000,1
le2i-blazepose-normalized::Coffee_room_01_video_29,4,2430,2430,111,135,0.000000,0.000000,adl,adl,0.020000,1
le2i-blazepose-normalized::Coffee_room_01_video_29,4,2431,2431,116,140,0.000000,0.000000,adl,adl,0.012000,1
le2i-blazepose-normalized::Coffee_room_01_video_29,4,2432,2432,121,145,0.000000,0.000000,adl,adl,0.020000,1
le2i-blazepose-normalized::Coffee_room_01_video_29,4,2433,2433,126,150,0.000000,0.000000,adl,adl,0.018000,1
le2i-blazepose-normalized::Coffee_room_01_video_29,4,2434,2434,131,155,0.000000,0.000000,adl,adl,0.026000,1
le2i-blazepose-normalized::Coffee_room_01_video_29,4,2435,2435,136,160,0.000000,0.000000,adl,adl,0.030000,1
le2i-blazepose-normalized::Coffee_room_01_video_29,4,2436,2436,141,165,0.000000,0.000000,adl,adl,0.028000,1
le2i-blazepose-normalized::Coffee_room_01_video_29,4,2437,2437,146,170,0.000000,0.000000,adl,adl,0.022000,1
le2i-blazepose-normalized::Coffee_room_01_video_29,4,2438,2438,151,175,0.000000,0.000000,adl,adl,0.016000,1
le2i-blazepose-normalized::Coffee_room_01_video_29,4,2439,2439,156,180,0.000000,0.000000,adl,adl,0.018000,1
le2i-blazepose-normalized::Coffee_room_01_video_29,4,2440,2440,161,185,0.000000,0.000000,adl,adl,0.018000,1
le2i-blazepose-normalized::Coffee_room_01_video_29,4,2441,2441,166,190,0.000000,0.000000,adl,adl,0.034000,1
le2i-blazepose-normalized::Coffee_room_01_video_29,4,2442,2442,171,195,0.000000,0.000000,adl,adl,0.082000,1
le2i-blazepose-normalized::Coffee_room_01_video_29,4,2443,2443,176,200,0.000000,0.000000,adl,adl,0.156000,1
le2i-blazepose-normalized::Coffee_room_01_video_29,4,2444,2444,181,205,0.000000,0.000000,adl,adl,0.202000,1
le2i-blazepose-normalized::Coffee_room_01_video_29,4,2445,2445,186,210,0.000000,0.000000,adl,adl,0.200000,1
le2i-blazepose-normalized::Coffee_room_01_video_29,4,2446,2446,191,215,0.000000,0.000000,adl,adl,0.144000,1
le2i-blazepose-normalized::Coffee_room_01_video_29,4,2447,2447,196,220,0.000000,0.000000,adl,adl,0.058000,1
le2i-blazepose-normalized::Coffee_room_01_video_29,4,2448,2448,201,225,0.000000,0.000000,adl,adl,0.042000,1
le2i-blazepose-normalized::Coffee_room_01_video_29,4,2449,2449,206,230,0.000000,0.000000,adl,adl,0.030000,1
le2i-blazepose-normalized::Coffee_room_01_video_29,4,2450,2450,211,235,0.000000,0.000000,adl,adl,0.020000,1
le2i-blazepose-normalized::Coffee_room_01_video_29,4,2451,2451,216,240,0.000000,0.000000,adl,adl,0.018000,1
le2i-blazepose-normalized::Coffee_room_01_video_29,4,2452,2452,221,245,0.000000,0.000000,adl,adl,0.030000,1
le2i-blazepose-normalized::Coffee_room_01_video_29,4,2453,2453,226,250,0.000000,0.000000,adl,adl,0.018000,1
le2i-blazepose-normalized::Coffee_room_01_video_29,4,2454,2454,231,255,0.000000,0.000000,adl,adl,0.018000,1
le2i-blazepose-normalized::Coffee_room_01_video_29,4,2455,2455,236,260,0.000000,0.000000,adl,adl,0.024000,1
le2i-blazepose-normalized::Coffee_room_01_video_29,4,2456,2456,241,265,0.000000,0.000000,adl,adl,0.020000,1
le2i-blazepose-normalized::Coffee_room_01_video_29,4,2457,2457,246,270,0.000000,0.000000,adl,adl,0.014000,1
le2i-blazepose-normalized::Coffee_room_01_video_29,4,2458,2458,251,275,0.000000,0.000000,adl,adl,0.010000,1
le2i-blazepose-normalized::Coffee_room_01_video_29,4,2459,2459,256,280,0.000000,0.000000,adl,adl,0.010000,1
le2i-blazepose-normalized::Coffee_room_01_video_29,4,2460,2460,261,285,0.000000,0.000000,adl,adl,0.010000,1
le2i-blazepose-normalized::Coffee_room_01_video_29,4,2461,2461,266,290,0.000000,0.000000,adl,adl,0.008000,1
le2i-blazepose-normalized::Coffee_room_01_video_29,4,2462,2462,271,295,0.000000,0.000000,adl,adl,0.010000,1
le2i-blazepose-normalized::Coffee_room_01_video_29,4,2463,2463,276,300,0.000000,0.000000,adl,adl,0.054000,1
le2i-blazepose-normalized::Coffee_room_01_video_29,4,2464,2464,281,305,0.000000,0.000000,fall,adl,0.460000,0
le2i-blazepose-normalized::Coffee_room_01_video_29,4,2465,2465,286,310,0.000000,0.000000,fall,fall,0.740000,1
le2i-blazepose-normalized::Coffee_room_01_video_29,4,2466,2466,291,315,0.000000,0.000000,fall,fall,0.882000,1
le2i-blazepose-normalized::Coffee_room_01_video_29,4,2467,2467,296,320,0.000000,0.000000,fall,fall,0.878000,1
le2i-blazepose-normalized::Coffee_room_01_video_29,4,2468,2468,301,325,0.000000,0.000000,fall,fall,0.792000,1
le2i-blazepose-normalized::Coffee_room_01_video_3,5,2469,2469,1,25,0.000000,0.000000,adl,adl,0.210000,1
le2i-blazepose-normalized::Coffee_room_01_video_3,5,2470,2470,6,30,0.000000,0.000000,adl,adl,0.130000,1
le2i-blazepose-normalized::Coffee_room_01_video_3,5,2471,2471,11,35,0.000000,0.000000,adl,adl,0.072000,1
le2i-blazepose-normalized::Coffee_room_01_video_3,5,2472,2472,16,40,0.000000,0.000000,adl,adl,0.030000,1
le2i-blazepose-normalized::Coffee_room_01_video_3,5,2473,2473,21,45,0.000000,0.000000,adl,adl,0.016000,1
le2i-blazepose-normalized::Coffee_room_01_video_3,5,2474,2474,26,50,0.000000,0.000000,adl,adl,0.012000,1
le2i-blazepose-normalized::Coffee_room_01_video_3,5,2475,2475,31,55,0.000000,0.000000,adl,adl,0.002000,1
le2i-blazepose-normalized::Coffee_room_01_video_3,5,2476,2476,36,60,0.000000,0.000000,adl,adl,0.002000,1
le2i-blazepose-normalized::Coffee_room_01_video_3,5,2477,2477,41,65,0.000000,0.000000,adl,adl,0.010000,1
le2i-blazepose-normalized::Coffee_room_01_video_3,5,2478,2478,46,70,0.000000,0.000000,adl,adl,0.008000,1
le2i-blazepose-normalized::Coffee_room_01_video_3,5,2479,2479,51,75,0.000000,0.000000,adl,adl,0.004000,1
le2i-blazepose-normalized::Coffee_room_01_video_3,5,2480,2480,56,80,0.000000,0.000000,adl,adl,0.004000,1
le2i-blazepose-normalized::Coffee_room_01_video_3,5,2481,2481,61,85,0.000000,0.000000,adl,adl,0.000000,1
le2i-blazepose-normalized::Coffee_room_01_video_3,5,2482,2482,66,90,0.000000,0.000000,adl,adl,0.002000,1
le2i-blazepose-normalized::Coffee_room_01_video_3,5,2483,2483,71,95,0.000000,0.000000,adl,adl,0.000000,1
le2i-blazepose-normalized::Coffee_room_01_video_3,5,2484,2484,76,100,0.000000,0.000000,adl,adl,0.008000,1
le2i-blazepose-normalized::Coffee_room_01_video_3,5,2485,2485,81,105,0.000000,0.000000,adl,adl,0.010000,1
le2i-blazepose-normalized::Coffee_room_01_video_3,5,2486,2486,86,110,0.000000,0.000000,adl,adl,0.006000,1
le2i-blazepose-normalized::Coffee_room_01_video_3,5,2487,2487,91,115,0.000000,0.000000,adl,adl,0.014000,1
le2i-blazepose-normalized::Coffee_room_01_video_3,5,2488,2488,96,120,0.000000,0.000000,adl,adl,0.012000,1
le2i-blazepose-normalized::Coffee_room_01_video_3,5,2489,2489,101,125,0.000000,0.000000,adl,adl,0.012000,1
le2i-blazepose-normalized::Coffee_room_01_video_3,5,2490,2490,106,130,0.000000,0.000000,adl,adl,0.006000,1
le2i-blazepose-normalized::Coffee_room_01_video_3,5,2491,2491,111,135,0.000000,0.000000,adl,adl,0.000000,1
le2i-blazepose-normalized::Coffee_room_01_video_3,5,2492,2492,116,140,0.000000,0.000000,adl,adl,0.000000,1
le2i-blazepose-normalized::Coffee_room_01_video_3,5,2493,2493,121,145,0.000000,0.000000,adl,adl,0.002000,1
le2i-blazepose-normalized::Coffee_room_01_video_3,5,2494,2494,126,150,0.000000,0.000000,adl,adl,0.004000,1
le2i-blazepose-normalized::Coffee_room_01_video_3,5,2495,2495,131,155,0.000000,0.000000,adl,adl,0.006000,1
le2i-blazepose-normalized::Coffee_room_01_video_3,5,2496,2496,136,160,0.000000,0.000000,adl,adl,0.002000,1
le2i-blazepose-normalized::Coffee_room_01_video_3,5,2497,2497,141,165,0.000000,0.000000,adl,adl,0.000000,1
le2i-blazepose-normalized::Coffee_room_01_video_3,5,2498,2498,146,170,0.000000,0.000000,adl,adl,0.000000,1
le2i-blazepose-normalized::Coffee_room_01_video_3,5,2499,2499,151,175,0.000000,0.000000,adl,adl,0.000000,1
le2i-blazepose-normalized::Coffee_room_01_video_3,5,2500,2500,156,180,0.000000,0.000000,adl,adl,0.000000,1
le2i-blazepose-normalized::Coffee_room_01_video_3,5,2501,2501,161,185,0.000000,0.000000,adl,adl,0.000000,1
le2i-blazepose-normalized::Coffee_room_01_video_3,5,2502,2502,166,190,0.000000,0.000000,adl,adl,0.000000,1
le2i-blazepose-normalized::Coffee_room_01_video_3,5,2503,2503,171,195,0.000000,0.000000,adl,adl,0.000000,1
le2i-blazepose-normalized::Coffee_room_01_video_3,5,2504,2504,176,200,0.000000,0.000000,adl,adl,0.002000,1
le2i-blazepose-normalized::Coffee_room_01_video_3,5,2505,2505,181,205,0.000000,0.000000,adl,adl,0.002000,1
le2i-blazepose-normalized::Coffee_room_01_video_3,5,2506,2506,186,210,0.000000,0.000000,adl,adl,0.000000,1
le2i-blazepose-normalized::Coffee_room_01_video_3,5,2507,2507,191,215,0.000000,0.000000,adl,adl,0.000000,1
le2i-blazepose-normalized::Coffee_room_01_video_3,5,2508,2508,196,220,0.000000,0.000000,adl,adl,0.000000,1
le2i-blazepose-normalized::Coffee_room_01_video_3,5,2509,2509,201,225,0.000000,0.000000,adl,adl,0.000000,1
le2i-blazepose-normalized::Coffee_room_01_video_3,5,2510,2510,206,230,0.000000,0.000000,fall,adl,0.004000,0
le2i-blazepose-normalized::Coffee_room_01_video_3,5,2511,2511,211,235,0.000000,0.000000,fall,fall,0.708000,1
le2i-blazepose-normalized::Coffee_room_01_video_3,5,2512,2512,216,240,0.000000,0.000000,fall,fall,0.884000,1
le2i-blazepose-normalized::Coffee_room_01_video_3,5,2513,2513,221,245,0.000000,0.000000,fall,fall,0.920000,1
le2i-blazepose-normalized::Coffee_room_01_video_3,5,2514,2514,226,250,0.000000,0.000000,fall,fall,0.930000,1
le2i-blazepose-normalized::Coffee_room_01_video_3,5,2515,2515,231,255,0.000000,0.000000,fall,fall,0.866000,1
le2i-blazepose-normalized::Coffee_room_01_video_3,5,2516,2516,236,260,0.000000,0.000000,fall,fall,0.676000,1
le2i-blazepose-normalized::Coffee_room_01_video_3,5,2517,2517,241,265,0.000000,0.000000,fall,fall,0.584000,1
le2i-blazepose-normalized::Coffee_room_01_video_3,5,2518,2518,246,270,0.000000,0.000000,fall,adl,0.378000,0
le2i-blazepose-normalized::Coffee_room_01_video_3,5,2519,2519,251,275,0.000000,0.000000,fall,adl,0.238000,0
le2i-blazepose-normalized::Coffee_room_01_video_3,5,2520,2520,256,280,0.000000,0.000000,adl,adl,0.200000,1
le2i-blazepose-normalized::Coffee_room_01_video_3,5,2521,2521,261,285,0.000000,0.000000,adl,adl,0.294000,1
le2i-blazepose-normalized::Coffee_room_01_video_3,5,2522,2522,266,290,0.000000,0.000000,adl,adl,0.306000,1
le2i-blazepose-normalized::Coffee_room_01_video_3,5,2523,2523,271,295,0.000000,0.000000,adl,adl,0.346000,1
le2i-blazepose-normalized::Coffee_room_01_video_3,5,2524,2524,276,300,0.000000,0.000000,adl,adl,0.310000,1
le2i-blazepose-normalized::Coffee_room_01_video_30,4,2525,2525,1,25,0.000000,0.000000,adl,adl,0.008000,1
le2i-blazepose-normalized::Coffee_room_01_video_30,4,2526,2526,6,30,0.000000,0.000000,adl,adl,0.022000,1
le2i-blazepose-normalized::Coffee_room_01_video_30,4,2527,2527,11,35,0.000000,0.000000,adl,adl,0.014000,1
le2i-blazepose-normalized::Coffee_room_01_video_30,4,2528,2528,16,40,0.000000,0.000000,adl,adl,0.024000,1
le2i-blazepose-normalized::Coffee_room_01_video_30,4,2529,2529,21,45,0.000000,0.000000,adl,adl,0.028000,1
le2i-blazepose-normalized::Coffee_room_01_video_30,4,2530,2530,26,50,0.000000,0.000000,adl,adl,0.026000,1
le2i-blazepose-normalized::Coffee_room_01_video_30,4,2531,2531,31,55,0.000000,0.000000,adl,adl,0.024000,1
le2i-blazepose-normalized::Coffee_room_01_video_30,4,2532,2532,36,60,0.000000,0.000000,adl,adl,0.024000,1
le2i-blazepose-normalized::Coffee_room_01_video_30,4,2533,2533,41,65,0.000000,0.000000,adl,adl,0.006000,1
le2i-blazepose-normalized::Coffee_room_01_video_30,4,2534,2534,46,70,0.000000,0.000000,adl,adl,0.030000,1
le2i-blazepose-normalized::Coffee_room_01_video_30,4,2535,2535,51,75,0.000000,0.000000,adl,adl,0.026000,1
le2i-blazepose-normalized::Coffee_room_01_video_30,4,2536,2536,56,80,0.000000,0.000000,adl,adl,0.212000,1
le2i-blazepose-normalized::Coffee_room_01_video_30,4,2537,2537,61,85,0.000000,0.000000,adl,fall,0.544000,0
le2i-blazepose-normalized::Coffee_room_01_video_30,4,2538,2538,66,90,0.000000,0.000000,fall,fall,0.712000,1
le2i-blazepose-normalized::Coffee_room_01_video_30,4,2539,2539,71,95,0.000000,0.000000,fall,fall,0.734000,1
le2i-blazepose-normalized::Coffee_room_01_video_30,4,2540,2540,76,100,0.000000,0.000000,fall,fall,0.602000,1
le2i-blazepose-normalized::Coffee_room_01_video_30,4,2541,2541,81,105,0.000000,0.000000,fall,adl,0.444000,0
le2i-blazepose-normalized::Coffee_room_01_video_30,4,2542,2542,86,110,0.000000,0.000000,fall,adl,0.280000,0
le2i-blazepose-normalized::Coffee_room_01_video_30,4,2543,2543,91,115,0.000000,0.000000,fall,adl,0.178000,0
le2i-blazepose-normalized::Coffee_room_01_video_30,4,2544,2544,96,120,0.000000,0.000000,fall,adl,0.222000,0
le2i-blazepose-normalized::Coffee_room_01_video_30,4,2545,2545,101,125,0.000000,0.000000,adl,adl,0.238000,1
le2i-blazepose-normalized::Coffee_room_01_video_30,4,2546,2546,106,130,0.000000,0.000000,adl,adl,0.184000,1
le2i-blazepose-normalized::Coffee_room_01_video_30,4,2547,2547,111,135,0.000000,0.000000,adl,adl,0.128000,1
le2i-blazepose-normalized::Coffee_room_01_video_30,4,2548,2548,116,140,0.000000,0.000000,adl,adl,0.060000,1
le2i-blazepose-normalized::Coffee_room_01_video_31,2,2549,2549,1,25,0.000000,0.000000,adl,adl,0.206000,1
le2i-blazepose-normalized::Coffee_room_01_video_31,2,2550,2550,6,30,0.000000,0.000000,adl,adl,0.284000,1
le2i-blazepose-normalized::Coffee_room_01_video_31,2,2551,2551,11,35,0.000000,0.000000,adl,adl,0.332000,1
le2i-blazepose-normalized::Coffee_room_01_video_31,2,2552,2552,16,40,0.000000,0.000000,adl,adl,0.262000,1
le2i-blazepose-normalized::Coffee_room_01_video_31,2,2553,2553,21,45,0.000000,0.000000,adl,adl,0.196000,1
le2i-blazepose-normalized::Coffee_room_01_video_31,2,2554,2554,26,50,0.000000,0.000000,adl,adl,0.094000,1
le2i-blazepose-normalized::Coffee_room_01_video_31,2,2555,2555,31,55,0.000000,0.000000,adl,adl,0.086000,1
le2i-blazepose-normalized::Coffee_room_01_video_31,2,2556,2556,36,60,0.000000,0.000000,adl,adl,0.028000,1
le2i-blazepose-normalized::Coffee_room_01_video_31,2,2557,2557,41,65,0.000000,0.000000,adl,adl,0.012000,1
le2i-blazepose-normalized::Coffee_room_01_video_31,2,2558,2558,46,70,0.000000,0.000000,adl,adl,0.012000,1
le2i-blazepose-normalized::Coffee_room_01_video_31,2,2559,2559,51,75,0.000000,0.000000,adl,adl,0.010000,1
le2i-blazepose-normalized::Coffee_room_01_video_31,2,2560,2560,56,80,0.000000,0.000000,adl,adl,0.018000,1
le2i-blazepose-normalized::Coffee_room_01_video_31,2,2561,2561,61,85,0.000000,0.000000,adl,adl,0.010000,1
le2i-blazepose-normalized::Coffee_room_01_video_31,2,2562,2562,66,90,0.000000,0.000000,adl,adl,0.008000,1
le2i-blazepose-normalized::Coffee_room_01_video_31,2,2563,2563,71,95,0.000000,0.000000,adl,adl,0.014000,1
le2i-blazepose-normalized::Coffee_room_01_video_31,2,2564,2564,76,100,0.000000,0.000000,adl,adl,0.010000,1
le2i-blazepose-normalized::Coffee_room_01_video_31,2,2565,2565,81,105,0.000000,0.000000,adl,adl,0.008000,1
le2i-blazepose-normalized::Coffee_room_01_video_31,2,2566,2566,86,110,0.000000,0.000000,adl,adl,0.006000,1
le2i-blazepose-normalized::Coffee_room_01_video_31,2,2567,2567,91,115,0.000000,0.000000,adl,adl,0.006000,1
le2i-blazepose-normalized::Coffee_room_01_video_31,2,2568,2568,96,120,0.000000,0.000000,adl,adl,0.004000,1
le2i-blazepose-normalized::Coffee_room_01_video_31,2,2569,2569,101,125,0.000000,0.000000,adl,adl,0.004000,1
le2i-blazepose-normalized::Coffee_room_01_video_31,2,2570,2570,106,130,0.000000,0.000000,adl,adl,0.008000,1
le2i-blazepose-normalized::Coffee_room_01_video_31,2,2571,2571,111,135,0.000000,0.000000,adl,adl,0.012000,1
le2i-blazepose-normalized::Coffee_room_01_video_31,2,2572,2572,116,140,0.000000,0.000000,adl,adl,0.018000,1
le2i-blazepose-normalized::Coffee_room_01_video_31,2,2573,2573,121,145,0.000000,0.000000,adl,adl,0.044000,1
le2i-blazepose-normalized::Coffee_room_01_video_31,2,2574,2574,126,150,0.000000,0.000000,adl,adl,0.058000,1
le2i-blazepose-normalized::Coffee_room_01_video_31,2,2575,2575,131,155,0.000000,0.000000,adl,adl,0.126000,1
le2i-blazepose-normalized::Coffee_room_01_video_31,2,2576,2576,136,160,0.000000,0.000000,adl,adl,0.156000,1
le2i-blazepose-normalized::Coffee_room_01_video_31,2,2577,2577,141,165,0.000000,0.000000,fall,adl,0.264000,0
le2i-blazepose-normalized::Coffee_room_01_video_31,2,2578,2578,146,170,0.000000,0.000000,fall,adl,0.492000,0
le2i-blazepose-normalized::Coffee_room_01_video_31,2,2579,2579,151,175,0.000000,0.000000,fall,adl,0.476000,0
le2i-blazepose-normalized::Coffee_room_01_video_31,2,2580,2580,156,180,0.000000,0.000000,fall,adl,0.384000,0
le2i-blazepose-normalized::Coffee_room_01_video_31,2,2581,2581,161,185,0.000000,0.000000,fall,adl,0.322000,0
le2i-blazepose-normalized::Coffee_room_01_video_31,2,2582,2582,166,190,0.000000,0.000000,fall,adl,0.294000,0
le2i-blazepose-normalized::Coffee_room_01_video_31,2,2583,2583,171,195,0.000000,0.000000,adl,adl,0.308000,1
le2i-blazepose-normalized::Coffee_room_01_video_31,2,2584,2584,176,200,0.000000,0.000000,adl,adl,0.392000,1
le2i-blazepose-normalized::Coffee_room_01_video_31,2,2585,2585,181,205,0.000000,0.000000,adl,adl,0.366000,1
le2i-blazepose-normalized::Coffee_room_01_video_31,2,2586,2586,186,210,0.000000,0.000000,adl,adl,0.380000,1
le2i-blazepose-normalized::Coffee_room_01_video_31,2,2587,2587,191,215,0.000000,0.000000,adl,adl,0.340000,1
le2i-blazepose-normalized::Coffee_room_01_video_31,2,2588,2588,196,220,0.000000,0.000000,adl,adl,0.330000,1
le2i-blazepose-normalized::Coffee_room_01_video_31,2,2589,2589,201,225,0.000000,0.000000,adl,adl,0.330000,1
le2i-blazepose-normalized::Coffee_room_01_video_31,2,2590,2590,206,230,0.000000,0.000000,adl,adl,0.332000,1
le2i-blazepose-normalized::Coffee_room_01_video_31,2,2591,2591,211,235,0.000000,0.000000,adl,adl,0.328000,1
le2i-blazepose-normalized::Coffee_room_01_video_31,2,2592,2592,216,240,0.000000,0.000000,adl,adl,0.348000,1
le2i-blazepose-normalized::Coffee_room_01_video_31,2,2593,2593,221,245,0.000000,0.000000,adl,adl,0.374000,1
le2i-blazepose-normalized::Coffee_room_01_video_31,2,2594,2594,226,250,0.000000,0.000000,adl,adl,0.384000,1
le2i-blazepose-normalized::Coffee_room_01_video_31,2,2595,2595,231,255,0.000000,0.000000,adl,adl,0.358000,1
le2i-blazepose-normalized::Coffee_room_01_video_31,2,2596,2596,236,260,0.000000,0.000000,adl,adl,0.362000,1
le2i-blazepose-normalized::Coffee_room_01_video_31,2,2597,2597,241,265,0.000000,0.000000,adl,adl,0.368000,1
le2i-blazepose-normalized::Coffee_room_01_video_32,3,2598,2598,1,25,0.000000,0.000000,adl,adl,0.048000,1
le2i-blazepose-normalized::Coffee_room_01_video_32,3,2599,2599,6,30,0.000000,0.000000,adl,adl,0.062000,1
le2i-blazepose-normalized::Coffee_room_01_video_32,3,2600,2600,11,35,0.000000,0.000000,adl,adl,0.108000,1
le2i-blazepose-normalized::Coffee_room_01_video_32,3,2601,2601,16,40,0.000000,0.000000,adl,adl,0.214000,1
le2i-blazepose-normalized::Coffee_room_01_video_32,3,2602,2602,21,45,0.000000,0.000000,adl,adl,0.210000,1
le2i-blazepose-normalized::Coffee_room_01_video_32,3,2603,2603,26,50,0.000000,0.000000,adl,adl,0.170000,1
le2i-blazepose-normalized::Coffee_room_01_video_32,3,2604,2604,31,55,0.000000,0.000000,adl,adl,0.058000,1
le2i-blazepose-normalized::Coffee_room_01_video_32,3,2605,2605,36,60,0.000000,0.000000,adl,adl,0.016000,1
le2i-blazepose-normalized::Coffee_room_01_video_32,3,2606,2606,41,65,0.000000,0.000000,adl,adl,0.002000,1
le2i-blazepose-normalized::Coffee_room_01_video_32,3,2607,2607,46,70,0.000000,0.000000,adl,adl,0.002000,1
le2i-blazepose-normalized::Coffee_room_01_video_32,3,2608,2608,51,75,0.000000,0.000000,adl,adl,0.006000,1
le2i-blazepose-normalized::Coffee_room_01_video_32,3,2609,2609,56,80,0.000000,0.000000,adl,adl,0.006000,1
le2i-blazepose-normalized::Coffee_room_01_video_32,3,2610,2610,61,85,0.000000,0.000000,adl,adl,0.002000,1
le2i-blazepose-normalized::Coffee_room_01_video_32,3,2611,2611,66,90,0.000000,0.000000,adl,adl,0.000000,1
le2i-blazepose-normalized::Coffee_room_01_video_32,3,2612,2612,71,95,0.000000,0.000000,adl,adl,0.000000,1
le2i-blazepose-normalized::Coffee_room_01_video_32,3,2613,2613,76,100,0.000000,0.000000,adl,adl,0.000000,1
le2i-blazepose-normalized::Coffee_room_01_video_32,3,2614,2614,81,105,0.000000,0.000000,adl,adl,0.004000,1
le2i-blazepose-normalized::Coffee_room_01_video_32,3,2615,2615,86,110,0.000000,0.000000,adl,adl,0.008000,1
le2i-blazepose-normalized::Coffee_room_01_video_32,3,2616,2616,91,115,0.000000,0.000000,adl,adl,0.012000,1
le2i-blazepose-normalized::Coffee_room_01_video_32,3,2617,2617,96,120,0.000000,0.000000,adl,adl,0.000000,1
le2i-blazepose-normalized::Coffee_room_01_video_32,3,2618,2618,101,125,0.000000,0.000000,adl,adl,0.000000,1
le2i-blazepose-normalized::Coffee_room_01_video_32,3,2619,2619,106,130,0.000000,0.000000,adl,adl,0.002000,1
le2i-blazepose-normalized::Coffee_room_01_video_32,3,2620,2620,111,135,0.000000,0.000000,adl,adl,0.006000,1
le2i-blazepose-normalized::Coffee_room_01_video_32,3,2621,2621,116,140,0.000000,0.000000,adl,adl,0.016000,1
le2i-blazepose-normalized::Coffee_room_01_video_32,3,2622,2622,121,145,0.000000,0.000000,adl,adl,0.026000,1
le2i-blazepose-normalized::Coffee_room_01_video_32,3,2623,2623,126,150,0.000000,0.000000,adl,adl,0.026000,1
le2i-blazepose-normalized::Coffee_room_01_video_32,3,2624,2624,131,155,0.000000,0.000000,adl,adl,0.024000,1
le2i-blazepose-normalized::Coffee_room_01_video_32,3,2625,2625,146,170,0.000000,0.000000,adl,adl,0.000000,1
le2i-blazepose-normalized::Coffee_room_01_video_32,3,2626,2626,151,175,0.000000,0.000000,adl,adl,0.000000,1
le2i-blazepose-normalized::Coffee_room_01_video_32,3,2627,2627,156,180,0.000000,0.000000,adl,adl,0.000000,1
le2i-blazepose-normalized::Coffee_room_01_video_32,3,2628,2628,161,185,0.000000,0.000000,adl,adl,0.000000,1
le2i-blazepose-normalized::Coffee_room_01_video_32,3,2629,2629,166,190,0.000000,0.000000,adl,adl,0.000000,1
le2i-blazepose-normalized::Coffee_room_01_video_32,3,2630,2630,171,195,0.000000,0.000000,adl,adl,0.002000,1
le2i-blazepose-normalized::Coffee_room_01_video_32,3,2631,2631,176,200,0.000000,0.000000,adl,adl,0.004000,1
le2i-blazepose-normalized::Coffee_room_01_video_32,3,2632,2632,181,205,0.000000,0.000000,adl,adl,0.026000,1
le2i-blazepose-normalized::Coffee_room_01_video_32,3,2633,2633,186,210,0.000000,0.000000,adl,adl,0.450000,1
le2i-blazepose-normalized::Coffee_room_01_video_32,3,2634,2634,191,215,0.000000,0.000000,fall,fall,0.794000,1
le2i-blazepose-normalized::Coffee_room_01_video_32,3,2635,2635,196,220,0.000000,0.000000,fall,fall,0.958000,1
le2i-blazepose-normalized::Coffee_room_01_video_32,3,2636,2636,201,225,0.000000,0.000000,fall,fall,0.978000,1
le2i-blazepose-normalized::Coffee_room_01_video_32,3,2637,2637,206,230,0.000000,0.000000,fall,fall,0.958000,1
le2i-blazepose-normalized::Coffee_room_01_video_32,3,2638,2638,211,235,0.000000,0.000000,fall,fall,0.848143,1
le2i-blazepose-normalized::Coffee_room_01_video_32,3,2639,2639,216,240,0.000000,0.000000,fall,fall,0.641000,1
le2i-blazepose-normalized::Coffee_room_01_video_32,3,2640,2640,221,245,0.000000,0.000000,fall,adl,0.470000,0
le2i-blazepose-normalized::Coffee_room_01_video_32,3,2641,2641,226,250,0.000000,0.000000,adl,adl,0.446000,1
le2i-blazepose-normalized::Coffee_room_01_video_32,3,2642,2642,231,255,0.000000,0.000000,adl,adl,0.488000,1
le2i-blazepose-normalized::Coffee_room_01_video_32,3,2643,2643,236,260,0.000000,0.000000,adl,adl,0.484000,1
le2i-blazepose-normalized::Coffee_room_01_video_32,3,2644,2644,241,265,0.000000,0.000000,adl,adl,0.482000,1
le2i-blazepose-normalized::Coffee_room_01_video_32,3,2645,2645,246,270,0.000000,0.000000,adl,fall,0.506000,0
le2i-blazepose-normalized::Coffee_room_01_video_32,3,2646,2646,251,275,0.000000,0.000000,adl,adl,0.494000,1
le2i-blazepose-normalized::Coffee_room_01_video_32,3,2647,2647,256,280,0.000000,0.000000,adl,adl,0.486000,1
le2i-blazepose-normalized::Coffee_room_01_video_32,3,2648,2648,261,285,0.000000,0.000000,adl,fall,0.506000,0
le2i-blazepose-normalized::Coffee_room_01_video_32,3,2649,2649,266,290,0.000000,0.000000,adl,adl,0.500000,1
le2i-blazepose-normalized::Coffee_room_01_video_32,3,2650,2650,271,295,0.000000,0.000000,adl,fall,0.504000,0
le2i-blazepose-normalized::Coffee_room_01_video_32,3,2651,2651,276,300,0.000000,0.000000,adl,fall,0.504000,0
le2i-blazepose-normalized::Coffee_room_01_video_32,3,2652,2652,281,305,0.000000,0.000000,adl,adl,0.494000,1
le2i-blazepose-normalized::Coffee_room_01_video_33,1,2653,2653,1,25,0.000000,0.000000,adl,adl,0.010000,1
le2i-blazepose-normalized::Coffee_room_01_video_33,1,2654,2654,6,30,0.000000,0.000000,adl,adl,0.028000,1
le2i-blazepose-normalized::Coffee_room_01_video_33,1,2655,2655,11,35,0.000000,0.000000,adl,adl,0.018000,1
le2i-blazepose-normalized::Coffee_room_01_video_33,1,2656,2656,16,40,0.000000,0.000000,adl,adl,0.016000,1
le2i-blazepose-normalized::Coffee_room_01_video_33,1,2657,2657,21,45,0.000000,0.000000,adl,adl,0.006000,1
le2i-blazepose-normalized::Coffee_room_01_video_33,1,2658,2658,26,50,0.000000,0.000000,adl,adl,0.012000,1
le2i-blazepose-normalized::Coffee_room_01_video_33,1,2659,2659,31,55,0.000000,0.000000,adl,adl,0.002000,1
le2i-blazepose-normalized::Coffee_room_01_video_33,1,2660,2660,36,60,0.000000,0.000000,adl,adl,0.006000,1
le2i-blazepose-normalized::Coffee_room_01_video_33,1,2661,2661,41,65,0.000000,0.000000,adl,adl,0.002000,1
le2i-blazepose-normalized::Coffee_room_01_video_33,1,2662,2662,46,70,0.000000,0.000000,adl,adl,0.002000,1
le2i-blazepose-normalized::Coffee_room_01_video_33,1,2663,2663,51,75,0.000000,0.000000,adl,adl,0.000000,1
le2i-blazepose-normalized::Coffee_room_01_video_33,1,2664,2664,56,80,0.000000,0.000000,adl,adl,0.004000,1
le2i-blazepose-normalized::Coffee_room_01_video_33,1,2665,2665,61,85,0.000000,0.000000,adl,adl,0.012000,1
le2i-blazepose-normalized::Coffee_room_01_video_33,1,2666,2666,66,90,0.000000,0.000000,adl,adl,0.038000,1
le2i-blazepose-normalized::Coffee_room_01_video_33,1,2667,2667,71,95,0.000000,0.000000,fall,adl,0.252000,0
le2i-blazepose-normalized::Coffee_room_01_video_33,1,2668,2668,76,100,0.000000,0.000000,fall,adl,0.482000,0
le2i-blazepose-normalized::Coffee_room_01_video_33,1,2669,2669,81,105,0.000000,0.000000,fall,fall,0.810000,1
le2i-blazepose-normalized::Coffee_room_01_video_33,1,2670,2670,86,110,0.000000,0.000000,fall,fall,0.830000,1
le2i-blazepose-normalized::Coffee_room_01_video_33,1,2671,2671,91,115,0.000000,0.000000,fall,fall,0.758000,1
le2i-blazepose-normalized::Coffee_room_01_video_33,1,2672,2672,96,120,0.000000,0.000000,fall,fall,0.634000,1
le2i-blazepose-normalized::Coffee_room_01_video_33,1,2673,2673,101,125,0.000000,0.000000,fall,adl,0.272000,0
le2i-blazepose-normalized::Coffee_room_01_video_33,1,2674,2674,106,130,0.000000,0.000000,fall,adl,0.282000,0
le2i-blazepose-normalized::Coffee_room_01_video_33,1,2675,2675,111,135,0.000000,0.000000,adl,adl,0.252000,1
le2i-blazepose-normalized::Coffee_room_01_video_33,1,2676,2676,116,140,0.000000,0.000000,adl,adl,0.266000,1
le2i-blazepose-normalized::Coffee_room_01_video_33,1,2677,2677,121,145,0.000000,0.000000,adl,adl,0.268000,1
le2i-blazepose-normalized::Coffee_room_01_video_33,1,2678,2678,126,150,0.000000,0.000000,adl,adl,0.278000,1
le2i-blazepose-normalized::Coffee_room_01_video_33,1,2679,2679,131,155,0.000000,0.000000,adl,adl,0.284000,1
le2i-blazepose-normalized::Coffee_room_01_video_33,1,2680,2680,136,160,0.000000,0.000000,adl,adl,0.280000,1
le2i-blazepose-normalized::Coffee_room_01_video_33,1,2681,2681,141,165,0.000000,0.000000,adl,adl,0.286000,1
le2i-blazepose-normalized::Coffee_room_01_video_33,1,2682,2682,146,170,0.000000,0.000000,adl,adl,0.280000,1
le2i-blazepose-normalized::Coffee_room_01_video_33,1,2683,2683,151,175,0.000000,0.000000,adl,adl,0.280000,1
le2i-blazepose-normalized::Coffee_room_01_video_33,1,2684,2684,156,180,0.000000,0.000000,adl,adl,0.272000,1
le2i-blazepose-normalized::Coffee_room_01_video_33,1,2685,2685,161,185,0.000000,0.000000,adl,adl,0.276000,1
le2i-blazepose-normalized::Coffee_room_01_video_33,1,2686,2686,166,190,0.000000,0.000000,adl,adl,0.280000,1
le2i-blazepose-normalized::Coffee_room_01_video_33,1,2687,2687,171,195,0.000000,0.000000,adl,adl,0.282000,1
le2i-blazepose-normalized::Coffee_room_01_video_33,1,2688,2688,176,200,0.000000,0.000000,adl,adl,0.276000,1
le2i-blazepose-normalized::Coffee_room_01_video_33,1,2689,2689,181,205,0.000000,0.000000,adl,adl,0.278000,1
le2i-blazepose-normalized::Coffee_room_01_video_33,1,2690,2690,186,210,0.000000,0.000000,adl,adl,0.288000,1
le2i-blazepose-normalized::Coffee_room_01_video_33,1,2691,2691,191,215,0.000000,0.000000,adl,adl,0.284000,1
le2i-blazepose-normalized::Coffee_room_01_video_33,1,2692,2692,196,220,0.000000,0.000000,adl,adl,0.286000,1
le2i-blazepose-normalized::Coffee_room_01_video_33,1,2693,2693,201,225,0.000000,0.000000,adl,adl,0.280000,1
le2i-blazepose-normalized::Coffee_room_01_video_34,4,2694,2694,1,25,0.000000,0.000000,adl,adl,0.076000,1
le2i-blazepose-normalized::Coffee_room_01_video_34,4,2695,2695,6,30,0.000000,0.000000,adl,adl,0.096000,1
le2i-blazepose-normalized::Coffee_room_01_video_34,4,2696,2696,11,35,0.000000,0.000000,adl,adl,0.162000,1
le2i-blazepose-normalized::Coffee_room_01_video_34,4,2697,2697,16,40,0.000000,0.000000,adl,adl,0.208000,1
le2i-blazepose-normalized::Coffee_room_01_video_34,4,2698,2698,21,45,0.000000,0.000000,adl,adl,0.210000,1
le2i-blazepose-normalized::Coffee_room_01_video_34,4,2699,2699,26,50,0.000000,0.000000,adl,adl,0.214000,1
le2i-blazepose-normalized::Coffee_room_01_video_34,4,2700,2700,31,55,0.000000,0.000000,adl,adl,0.186000,1
le2i-blazepose-normalized::Coffee_room_01_video_34,4,2701,2701,36,60,0.000000,0.000000,adl,adl,0.188000,1
le2i-blazepose-normalized::Coffee_room_01_video_34,4,2702,2702,41,65,0.000000,0.000000,adl,adl,0.166000,1
le2i-blazepose-normalized::Coffee_room_01_video_34,4,2703,2703,46,70,0.000000,0.000000,adl,adl,0.174000,1
le2i-blazepose-normalized::Coffee_room_01_video_34,4,2704,2704,51,75,0.000000,0.000000,adl,adl,0.166000,1
le2i-blazepose-normalized::Coffee_room_01_video_34,4,2705,2705,56,80,0.000000,0.000000,adl,adl,0.164000,1
le2i-blazepose-normalized::Coffee_room_01_video_34,4,2706,2706,61,85,0.000000,0.000000,adl,adl,0.156000,1
le2i-blazepose-normalized::Coffee_room_01_video_34,4,2707,2707,66,90,0.000000,0.000000,adl,adl,0.156000,1
le2i-blazepose-normalized::Coffee_room_01_video_34,4,2708,2708,71,95,0.000000,0.000000,adl,adl,0.172000,1
le2i-blazepose-normalized::Coffee_room_01_video_34,4,2709,2709,76,100,0.000000,0.000000,adl,adl,0.168000,1
le2i-blazepose-normalized::Coffee_room_01_video_34,4,2710,2710,81,105,0.000000,0.000000,adl,adl,0.166000,1
le2i-blazepose-normalized::Coffee_room_01_video_34,4,2711,2711,86,110,0.000000,0.000000,adl,adl,0.136000,1
le2i-blazepose-normalized::Coffee_room_01_video_34,4,2712,2712,91,115,0.000000,0.000000,adl,adl,0.138000,1
le2i-blazepose-normalized::Coffee_room_01_video_34,4,2713,2713,96,120,0.000000,0.000000,adl,adl,0.152000,1
le2i-blazepose-normalized::Coffee_room_01_video_34,4,2714,2714,101,125,0.000000,0.000000,adl,adl,0.148000,1
le2i-blazepose-normalized::Coffee_room_01_video_34,4,2715,2715,106,130,0.000000,0.000000,adl,adl,0.150000,1
le2i-blazepose-normalized::Coffee_room_01_video_34,4,2716,2716,111,135,0.000000,0.000000,adl,adl,0.160000,1
le2i-blazepose-normalized::Coffee_room_01_video_34,4,2717,2717,116,140,0.000000,0.000000,adl,adl,0.166000,1
le2i-blazepose-normalized::Coffee_room_01_video_34,4,2718,2718,121,145,0.000000,0.000000,adl,adl,0.176000,1
le2i-blazepose-normalized::Coffee_room_01_video_34,4,2719,2719,126,150,0.000000,0.000000,adl,adl,0.142000,1
le2i-blazepose-normalized::Coffee_room_01_video_34,4,2720,2720,131,155,0.000000,0.000000,adl,adl,0.102000,1
le2i-blazepose-normalized::Coffee_room_01_video_34,4,2721,2721,136,160,0.000000,0.000000,adl,adl,0.096000,1
le2i-blazepose-normalized::Coffee_room_01_video_34,4,2722,2722,141,165,0.000000,0.000000,adl,adl,0.080000,1
le2i-blazepose-normalized::Coffee_room_01_video_34,4,2723,2723,146,170,0.000000,0.000000,adl,adl,0.114000,1
le2i-blazepose-normalized::Coffee_room_01_video_34,4,2724,2724,151,175,0.000000,0.000000,adl,adl,0.110000,1
le2i-blazepose-normalized::Coffee_room_01_video_34,4,2725,2725,156,180,0.000000,0.000000,adl,adl,0.102000,1
le2i-blazepose-normalized::Coffee_room_01_video_34,4,2726,2726,161,185,0.000000,0.000000,adl,adl,0.148000,1
le2i-blazepose-normalized::Coffee_room_01_video_34,4,2727,2727,166,190,0.000000,0.000000,adl,adl,0.226000,1
le2i-blazepose-normalized::Coffee_room_01_video_34,4,2728,2728,171,195,0.000000,0.000000,adl,adl,0.140000,1
le2i-blazepose-normalized::Coffee_room_01_video_34,4,2729,2729,176,200,0.000000,0.000000,adl,adl,0.130000,1
le2i-blazepose-normalized::Coffee_room_01_video_34,4,2730,2730,181,205,0.000000,0.000000,adl,adl,0.122000,1
le2i-blazepose-normalized::Coffee_room_01_video_34,4,2731,2731,186,210,0.000000,0.000000,adl,adl,0.174000,1
le2i-blazepose-normalized::Coffee_room_01_video_34,4,2732,2732,191,215,0.000000,0.000000,adl,adl,0.178000,1
le2i-blazepose-normalized::Coffee_room_01_video_34,4,2733,2733,196,220,0.000000,0.000000,adl,adl,0.162000,1
le2i-blazepose-normalized::Coffee_room_01_video_34,4,2734,2734,201,225,0.000000,0.000000,adl,adl,0.148000,1
le2i-blazepose-normalized::Coffee_room_01_video_34,4,2735,2735,206,230,0.000000,0.000000,adl,adl,0.124000,1
le2i-blazepose-normalized::Coffee_room_01_video_34,4,2736,2736,211,235,0.000000,0.000000,adl,adl,0.102000,1
le2i-blazepose-normalized::Coffee_room_01_video_34,4,2737,2737,216,240,0.000000,0.000000,adl,adl,0.096000,1
le2i-blazepose-normalized::Coffee_room_01_video_34,4,2738,2738,221,245,0.000000,0.000000,adl,adl,0.100000,1
le2i-blazepose-normalized::Coffee_room_01_video_34,4,2739,2739,226,250,0.000000,0.000000,adl,adl,0.084000,1
le2i-blazepose-normalized::Coffee_room_01_video_34,4,2740,2740,231,255,0.000000,0.000000,adl,adl,0.078000,1
le2i-blazepose-normalized::Coffee_room_01_video_34,4,2741,2741,236,260,0.000000,0.000000,adl,adl,0.058000,1
le2i-blazepose-normalized::Coffee_room_01_video_34,4,2742,2742,241,265,0.000000,0.000000,adl,adl,0.060000,1
le2i-blazepose-normalized::Coffee_room_01_video_34,4,2743,2743,246,270,0.000000,0.000000,adl,adl,0.042000,1
le2i-blazepose-normalized::Coffee_room_01_video_34,4,2744,2744,251,275,0.000000,0.000000,adl,adl,0.016000,1
le2i-blazepose-normalized::Coffee_room_01_video_34,4,2745,2745,256,280,0.000000,0.000000,adl,adl,0.004000,1
le2i-blazepose-normalized::Coffee_room_01_video_34,4,2746,2746,261,285,0.000000,0.000000,adl,adl,0.002000,1
le2i-blazepose-normalized::Coffee_room_01_video_34,4,2747,2747,266,290,0.000000,0.000000,adl,adl,0.000000,1
le2i-blazepose-normalized::Coffee_room_01_video_34,4,2748,2748,271,295,0.000000,0.000000,adl,adl,0.000000,1
le2i-blazepose-normalized::Coffee_room_01_video_34,4,2749,2749,276,300,0.000000,0.000000,adl,adl,0.000000,1
le2i-blazepose-normalized::Coffee_room_01_video_34,4,2750,2750,281,305,0.000000,0.000000,adl,adl,0.000000,1
le2i-blazepose-normalized::Coffee_room_01_video_34,4,2751,2751,286,310,0.000000,0.000000,adl,adl,0.000000,1
le2i-blazepose-normalized::Coffee_room_01_video_34,4,2752,2752,291,315,0.000000,0.000000,adl,adl,0.000000,1
le2i-blazepose-normalized::Coffee_room_01_video_34,4,2753,2753,296,320,0.000000,0.000000,adl,adl,0.000000,1
le2i-blazepose-normalized::Coffee_room_01_video_34,4,2754,2754,301,325,0.000000,0.000000,adl,adl,0.000000,1
le2i-blazepose-normalized::Coffee_room_01_video_34,4,2755,2755,306,330,0.000000,0.000000,adl,adl,0.000000,1
le2i-blazepose-normalized::Coffee_room_01_video_34,4,2756,2756,311,335,0.000000,0.000000,adl,adl,0.034000,1
le2i-blazepose-normalized::Coffee_room_01_video_34,4,2757,2757,316,340,0.000000,0.000000,fall,adl,0.322000,0
le2i-blazepose-normalized::Coffee_room_01_video_34,4,2758,2758,321,345,0.000000,0.000000,fall,fall,0.858000,1
le2i-blazepose-normalized::Coffee_room_01_video_34,4,2759,2759,326,350,0.000000,0.000000,fall,fall,0.944000,1
le2i-blazepose-normalized::Coffee_room_01_video_34,4,2760,2760,331,355,0.000000,0.000000,fall,fall,0.950000,1
le2i-blazepose-normalized::Coffee_room_01_video_34,4,2761,2761,336,360,0.000000,0.000000,fall,fall,0.906000,1
le2i-blazepose-normalized::Coffee_room_01_video_34,4,2762,2762,341,365,0.000000,0.000000,fall,fall,0.844000,1
le2i-blazepose-normalized::Coffee_room_01_video_34,4,2763,2763,346,370,0.000000,0.000000,fall,fall,0.668000,1
le2i-blazepose-normalized::Coffee_room_01_video_34,4,2764,2764,351,375,0.000000,0.000000,adl,fall,0.626000,0
le2i-blazepose-normalized::Coffee_room_01_video_34,4,2765,2765,356,380,0.000000,0.000000,adl,fall,0.654000,0
le2i-blazepose-normalized::Coffee_room_01_video_34,4,2766,2766,361,385,0.000000,0.000000,adl,fall,0.680000,0
le2i-blazepose-normalized::Coffee_room_01_video_34,4,2767,2767,366,390,0.000000,0.000000,adl,fall,0.680000,0
le2i-blazepose-normalized::Coffee_room_01_video_34,4,2768,2768,371,395,0.000000,0.000000,adl,fall,0.654000,0
le2i-blazepose-normalized::Coffee_room_01_video_34,4,2769,2769,376,400,0.000000,0.000000,adl,fall,0.646000,0
le2i-blazepose-normalized::Coffee_room_01_video_34,4,2770,2770,381,405,0.000000,0.000000,adl,fall,0.646000,0
le2i-blazepose-normalized::Coffee_room_01_video_34,4,2771,2771,386,410,0.000000,0.000000,adl,fall,0.642000,0
le2i-blazepose-normalized::Coffee_room_01_video_34,4,2772,2772,391,415,0.000000,0.000000,adl,fall,0.640000,0
le2i-blazepose-normalized::Coffee_room_01_video_35,2,2773,2773,1,25,0.000000,0.000000,adl,adl,0.000000,1
le2i-blazepose-normalized::Coffee_room_01_video_35,2,2774,2774,6,30,0.000000,0.000000,adl,adl,0.004000,1
le2i-blazepose-normalized::Coffee_room_01_video_35,2,2775,2775,11,35,0.000000,0.000000,adl,adl,0.002000,1
le2i-blazepose-normalized::Coffee_room_01_video_35,2,2776,2776,16,40,0.000000,0.000000,adl,adl,0.000000,1
le2i-blazepose-normalized::Coffee_room_01_video_35,2,2777,2777,21,45,0.000000,0.000000,adl,adl,0.002000,1
le2i-blazepose-normalized::Coffee_room_01_video_35,2,2778,2778,26,50,0.000000,0.000000,adl,adl,0.006000,1
le2i-blazepose-normalized::Coffee_room_01_video_35,2,2779,2779,31,55,0.000000,0.000000,adl,adl,0.006000,1
le2i-blazepose-normalized::Coffee_room_01_video_35,2,2780,2780,36,60,0.000000,0.000000,adl,adl,0.002000,1
le2i-blazepose-normalized::Coffee_room_01_video_35,2,2781,2781,41,65,0.000000,0.000000,adl,adl,0.002000,1
le2i-blazepose-normalized::Coffee_room_01_video_35,2,2782,2782,46,70,0.000000,0.000000,adl,adl,0.004000,1
le2i-blazepose-normalized::Coffee_room_01_video_35,2,2783,2783,51,75,0.000000,0.000000,adl,adl,0.074000,1
le2i-blazepose-normalized::Coffee_room_01_video_35,2,2784,2784,56,80,0.000000,0.000000,adl,adl,0.282000,1
le2i-blazepose-normalized::Coffee_room_01_video_35,2,2785,2785,61,85,0.000000,0.000000,fall,adl,0.444000,0
le2i-blazepose-normalized::Coffee_room_01_video_35,2,2786,2786,66,90,0.000000,0.000000,fall,fall,0.674000,1
le2i-blazepose-normalized::Coffee_room_01_video_35,2,2787,2787,71,95,0.000000,0.000000,fall,fall,0.588000,1
le2i-blazepose-normalized::Coffee_room_01_video_35,2,2788,2788,76,100,0.000000,0.000000,fall,adl,0.400000,0
le2i-blazepose-normalized::Coffee_room_01_video_35,2,2789,2789,81,105,0.000000,0.000000,fall,adl,0.372000,0
le2i-blazepose-normalized::Coffee_room_01_video_35,2,2790,2790,86,110,0.000000,0.000000,fall,adl,0.190000,0
le2i-blazepose-normalized::Coffee_room_01_video_35,2,2791,2791,91,115,0.000000,0.000000,fall,adl,0.168000,0
le2i-blazepose-normalized::Coffee_room_01_video_35,2,2792,2792,96,120,0.000000,0.000000,fall,adl,0.154000,0
le2i-blazepose-normalized::Coffee_room_01_video_35,2,2793,2793,101,125,0.000000,0.000000,adl,adl,0.174000,1
le2i-blazepose-normalized::Coffee_room_01_video_35,2,2794,2794,106,130,0.000000,0.000000,adl,adl,0.164000,1
le2i-blazepose-normalized::Coffee_room_01_video_35,2,2795,2795,111,135,0.000000,0.000000,adl,adl,0.198000,1
le2i-blazepose-normalized::Coffee_room_01_video_35,2,2796,2796,116,140,0.000000,0.000000,adl,adl,0.200000,1
le2i-blazepose-normalized::Coffee_room_01_video_35,2,2797,2797,121,145,0.000000,0.000000,adl,adl,0.206000,1
le2i-blazepose-normalized::Coffee_room_01_video_35,2,2798,2798,126,150,0.000000,0.000000,adl,adl,0.198000,1
le2i-blazepose-normalized::Coffee_room_01_video_35,2,2799,2799,131,155,0.000000,0.000000,adl,adl,0.206000,1
le2i-blazepose-normalized::Coffee_room_01_video_35,2,2800,2800,136,160,0.000000,0.000000,adl,adl,0.202000,1
le2i-blazepose-normalized::Coffee_room_01_video_35,2,2801,2801,141,165,0.000000,0.000000,adl,adl,0.198000,1
le2i-blazepose-normalized::Coffee_room_01_video_35,2,2802,2802,146,170,0.000000,0.000000,adl,adl,0.202000,1
le2i-blazepose-normalized::Coffee_room_01_video_35,2,2803,2803,151,175,0.000000,0.000000,adl,adl,0.206000,1
le2i-blazepose-normalized::Coffee_room_01_video_35,2,2804,2804,156,180,0.000000,0.000000,adl,adl,0.198000,1
le2i-blazepose-normalized::Coffee_room_01_video_35,2,2805,2805,161,185,0.000000,0.000000,adl,adl,0.198000,1
le2i-blazepose-normalized::Coffee_room_01_video_35,2,2806,2806,166,190,0.000000,0.000000,adl,adl,0.196000,1
le2i-blazepose-normalized::Coffee_room_01_video_35,2,2807,2807,171,195,0.000000,0.000000,adl,adl,0.204000,1
le2i-blazepose-normalized::Coffee_room_01_video_35,2,2808,2808,176,200,0.000000,0.000000,adl,adl,0.200000,1
le2i-blazepose-normalized::Coffee_room_01_video_35,2,2809,2809,181,205,0.000000,0.000000,adl,adl,0.200000,1
le2i-blazepose-normalized::Coffee_room_01_video_35,2,2810,2810,186,210,0.000000,0.000000,adl,adl,0.202000,1
le2i-blazepose-normalized::Coffee_room_01_video_35,2,2811,2811,191,215,0.000000,0.000000,adl,adl,0.192000,1
le2i-blazepose-normalized::Coffee_room_01_video_35,2,2812,2812,196,220,0.000000,0.000000,adl,adl,0.184000,1
le2i-blazepose-normalized::Coffee_room_01_video_35,2,2813,2813,201,225,0.000000,0.000000,adl,adl,0.206000,1
le2i-blazepose-normalized::Coffee_room_01_video_35,2,2814,2814,206,230,0.000000,0.000000,adl,adl,0.206000,1
le2i-blazepose-normalized::Coffee_room_01_video_36,1,2815,2815,1,25,0.000000,0.000000,adl,adl,0.000000,1
le2i-blazepose-normalized::Coffee_room_01_video_36,1,2816,2816,6,30,0.000000,0.000000,adl,adl,0.002000,1
le2i-blazepose-normalized::Coffee_room_01_video_36,1,2817,2817,11,35,0.000000,0.000000,adl,adl,0.010000,1
le2i-blazepose-normalized::Coffee_room_01_video_36,1,2818,2818,16,40,0.000000,0.000000,adl,adl,0.004000,1
le2i-blazepose-normalized::Coffee_room_01_video_36,1,2819,2819,21,45,0.000000,0.000000,adl,adl,0.002000,1
le2i-blazepose-normalized::Coffee_room_01_video_36,1,2820,2820,26,50,0.000000,0.000000,adl,adl,0.000000,1
le2i-blazepose-normalized::Coffee_room_01_video_36,1,2821,2821,31,55,0.000000,0.000000,adl,adl,0.006000,1
le2i-blazepose-normalized::Coffee_room_01_video_36,1,2822,2822,36,60,0.000000,0.000000,adl,adl,0.008000,1
le2i-blazepose-normalized::Coffee_room_01_video_36,1,2823,2823,41,65,0.000000,0.000000,adl,adl,0.012000,1
le2i-blazepose-normalized::Coffee_room_01_video_36,1,2824,2824,46,70,0.000000,0.000000,adl,adl,0.032000,1
le2i-blazepose-normalized::Coffee_room_01_video_36,1,2825,2825,51,75,0.000000,0.000000,adl,adl,0.038000,1
le2i-blazepose-normalized::Coffee_room_01_video_36,1,2826,2826,56,80,0.000000,0.000000,adl,adl,0.044000,1
le2i-blazepose-normalized::Coffee_room_01_video_36,1,2827,2827,61,85,0.000000,0.000000,adl,adl,0.040000,1
le2i-blazepose-normalized::Coffee_room_01_video_36,1,2828,2828,66,90,0.000000,0.000000,adl,adl,0.034000,1
le2i-blazepose-normalized::Coffee_room_01_video_36,1,2829,2829,71,95,0.000000,0.000000,adl,adl,0.028000,1
le2i-blazepose-normalized::Coffee_room_01_video_36,1,2830,2830,76,100,0.000000,0.000000,adl,adl,0.028000,1
le2i-blazepose-normalized::Coffee_room_01_video_36,1,2831,2831,81,105,0.000000,0.000000,adl,adl,0.030000,1
le2i-blazepose-normalized::Coffee_room_01_video_36,1,2832,2832,86,110,0.000000,0.000000,adl,adl,0.024000,1
le2i-blazepose-normalized::Coffee_room_01_video_36,1,2833,2833,91,115,0.000000,0.000000,adl,adl,0.026000,1
le2i-blazepose-normalized::Coffee_room_01_video_36,1,2834,2834,96,120,0.000000,0.000000,adl,adl,0.026000,1
le2i-blazepose-normalized::Coffee_room_01_video_36,1,2835,2835,101,125,0.000000,0.000000,adl,adl,0.022000,1
le2i-blazepose-normalized::Coffee_room_01_video_36,1,2836,2836,106,130,0.000000,0.000000,adl,adl,0.024000,1
le2i-blazepose-normalized::Coffee_room_01_video_36,1,2837,2837,111,135,0.000000,0.000000,adl,adl,0.032000,1
le2i-blazepose-normalized::Coffee_room_01_video_36,1,2838,2838,116,140,0.000000,0.000000,adl,adl,0.016000,1
le2i-blazepose-normalized::Coffee_room_01_video_36,1,2839,2839,121,145,0.000000,0.000000,adl,adl,0.016000,1
le2i-blazepose-normalized::Coffee_room_01_video_36,1,2840,2840,126,150,0.000000,0.000000,adl,adl,0.012000,1
le2i-blazepose-normalized::Coffee_room_01_video_36,1,2841,2841,131,155,0.000000,0.000000,adl,adl,0.004000,1
le2i-blazepose-normalized::Coffee_room_01_video_36,1,2842,2842,136,160,0.000000,0.000000,adl,adl,0.006000,1
le2i-blazepose-normalized::Coffee_room_01_video_36,1,2843,2843,141,165,0.000000,0.000000,adl,adl,0.004000,1
le2i-blazepose-normalized::Coffee_room_01_video_36,1,2844,2844,146,170,0.000000,0.000000,adl,adl,0.002000,1
le2i-blazepose-normalized::Coffee_room_01_video_36,1,2845,2845,151,175,0.000000,0.000000,adl,adl,0.004000,1
le2i-blazepose-normalized::Coffee_room_01_video_36,1,2846,2846,156,180,0.000000,0.000000,adl,adl,0.004000,1
le2i-blazepose-normalized::Coffee_room_01_video_36,1,2847,2847,161,185,0.000000,0.000000,adl,adl,0.002000,1
le2i-blazepose-normalized::Coffee_room_01_video_36,1,2848,2848,166,190,0.000000,0.000000,adl,adl,0.010000,1
le2i-blazepose-normalized::Coffee_room_01_video_36,1,2849,2849,171,195,0.000000,0.000000,adl,adl,0.028000,1
le2i-blazepose-normalized::Coffee_room_01_video_36,1,2850,2850,176,200,0.000000,0.000000,adl,adl,0.040000,1
le2i-blazepose-normalized::Coffee_room_01_video_36,1,2851,2851,181,205,0.000000,0.000000,adl,adl,0.038000,1
le2i-blazepose-normalized::Coffee_room_01_video_36,1,2852,2852,186,210,0.000000,0.000000,adl,adl,0.026000,1
le2i-blazepose-normalized::Coffee_room_01_video_36,1,2853,2853,191,215,0.000000,0.000000,adl,adl,0.042000,1
le2i-blazepose-normalized::Coffee_room_01_video_36,1,2854,2854,196,220,0.000000,0.000000,adl,adl,0.022000,1
le2i-blazepose-normalized::Coffee_room_01_video_36,1,2855,2855,201,225,0.000000,0.000000,adl,adl,0.014000,1
le2i-blazepose-normalized::Coffee_room_01_video_36,1,2856,2856,206,230,0.000000,0.000000,adl,adl,0.014000,1
le2i-blazepose-normalized::Coffee_room_01_video_36,1,2857,2857,211,235,0.000000,0.000000,adl,adl,0.008000,1
le2i-blazepose-normalized::Coffee_room_01_video_36,1,2858,2858,216,240,0.000000,0.000000,adl,adl,0.018000,1
le2i-blazepose-normalized::Coffee_room_01_video_36,1,2859,2859,221,245,0.000000,0.000000,adl,adl,0.000000,1
le2i-blazepose-normalized::Coffee_room_01_video_36,1,2860,2860,226,250,0.000000,0.000000,adl,adl,0.002000,1
le2i-blazepose-normalized::Coffee_room_01_video_36,1,2861,2861,231,255,0.000000,0.000000,adl,adl,0.000000,1
le2i-blazepose-normalized::Coffee_room_01_video_36,1,2862,2862,236,260,0.000000,0.000000,adl,adl,0.000000,1
le2i-blazepose-normalized::Coffee_room_01_video_36,1,2863,2863,241,265,0.000000,0.000000,adl,adl,0.000000,1
le2i-blazepose-normalized::Coffee_room_01_video_36,1,2864,2864,246,270,0.000000,0.000000,adl,adl,0.000000,1
le2i-blazepose-normalized::Coffee_room_01_video_36,1,2865,2865,251,275,0.000000,0.000000,adl,adl,0.002000,1
le2i-blazepose-normalized::Coffee_room_01_video_36,1,2866,2866,256,280,0.000000,0.000000,adl,adl,0.000000,1
le2i-blazepose-normalized::Coffee_room_01_video_36,1,2867,2867,261,285,0.000000,0.000000,adl,adl,0.000000,1
le2i-blazepose-normalized::Coffee_room_01_video_36,1,2868,2868,266,290,0.000000,0.000000,adl,adl,0.002000,1
le2i-blazepose-normalized::Coffee_room_01_video_36,1,2869,2869,271,295,0.000000,0.000000,adl,adl,0.004000,1
le2i-blazepose-normalized::Coffee_room_01_video_36,1,2870,2870,276,300,0.000000,0.000000,adl,adl,0.002000,1
le2i-blazepose-normalized::Coffee_room_01_video_36,1,2871,2871,281,305,0.000000,0.000000,adl,adl,0.004000,1
le2i-blazepose-normalized::Coffee_room_01_video_36,1,2872,2872,286,310,0.000000,0.000000,adl,adl,0.004000,1
le2i-blazepose-normalized::Coffee_room_01_video_36,1,2873,2873,291,315,0.000000,0.000000,adl,adl,0.004000,1
le2i-blazepose-normalized::Coffee_room_01_video_36,1,2874,2874,296,320,0.000000,0.000000,adl,adl,0.002000,1
le2i-blazepose-normalized::Coffee_room_01_video_36,1,2875,2875,301,325,0.000000,0.000000,adl,adl,0.000000,1
le2i-blazepose-normalized::Coffee_room_01_video_36,1,2876,2876,306,330,0.000000,0.000000,adl,adl,0.000000,1
le2i-blazepose-normalized::Coffee_room_01_video_36,1,2877,2877,311,335,0.000000,0.000000,adl,adl,0.002000,1
le2i-blazepose-normalized::Coffee_room_01_video_36,1,2878,2878,316,340,0.000000,0.000000,adl,adl,0.000000,1
le2i-blazepose-normalized::Coffee_room_01_video_36,1,2879,2879,321,345,0.000000,0.000000,adl,adl,0.000000,1
le2i-blazepose-normalized::Coffee_room_01_video_36,1,2880,2880,326,350,0.000000,0.000000,adl,adl,0.000000,1
le2i-blazepose-normalized::Coffee_room_01_video_36,1,2881,2881,331,355,0.000000,0.000000,adl,adl,0.000000,1
le2i-blazepose-normalized::Coffee_room_01_video_36,1,2882,2882,336,360,0.000000,0.000000,adl,adl,0.000000,1
le2i-blazepose-normalized::Coffee_room_01_video_36,1,2883,2883,341,365,0.000000,0.000000,adl,adl,0.000000,1
le2i-blazepose-normalized::Coffee_room_01_video_36,1,2884,2884,346,370,0.000000,0.000000,adl,adl,0.000000,1
le2i-blazepose-normalized::Coffee_room_01_video_36,1,2885,2885,351,375,0.000000,0.000000,adl,adl,0.000000,1
le2i-blazepose-normalized::Coffee_room_01_video_36,1,2886,2886,356,380,0.000000,0.000000,adl,adl,0.000000,1
le2i-blazepose-normalized::Coffee_room_01_video_36,1,2887,2887,361,385,0.000000,0.000000,adl,adl,0.000000,1
le2i-blazepose-normalized::Coffee_room_01_video_36,1,2888,2888,366,390,0.000000,0.000000,adl,adl,0.000000,1
le2i-blazepose-normalized::Coffee_room_01_video_36,1,2889,2889,371,395,0.000000,0.000000,adl,adl,0.000000,1
le2i-blazepose-normalized::Coffee_room_01_video_36,1,2890,2890,376,400,0.000000,0.000000,adl,adl,0.000000,1
le2i-blazepose-normalized::Coffee_room_01_video_36,1,2891,2891,381,405,0.000000,0.000000,adl,adl,0.000000,1
le2i-blazepose-normalized::Coffee_room_01_video_36,1,2892,2892,386,410,0.000000,0.000000,adl,adl,0.002000,1
le2i-blazepose-normalized::Coffee_room_01_video_36,1,2893,2893,391,415,0.000000,0.000000,adl,adl,0.004000,1
le2i-blazepose-normalized::Coffee_room_01_video_36,1,2894,2894,396,420,0.000000,0.000000,adl,adl,0.000000,1
le2i-blazepose-normalized::Coffee_room_01_video_36,1,2895,2895,401,425,0.000000,0.000000,adl,adl,0.002000,1
le2i-blazepose-normalized::Coffee_room_01_video_36,1,2896,2896,406,430,0.000000,0.000000,adl,adl,0.002000,1
le2i-blazepose-normalized::Coffee_room_01_video_36,1,2897,2897,436,460,0.000000,0.000000,adl,adl,0.010000,1
le2i-blazepose-normalized::Coffee_room_01_video_36,1,2898,2898,441,465,0.000000,0.000000,adl,adl,0.002000,1
le2i-blazepose-normalized::Coffee_room_01_video_36,1,2899,2899,446,470,0.000000,0.000000,adl,adl,0.000000,1
le2i-blazepose-normalized::Coffee_room_01_video_36,1,2900,2900,451,475,0.000000,0.000000,adl,adl,0.000000,1
le2i-blazepose-normalized::Coffee_room_01_video_36,1,2901,2901,456,480,0.000000,0.000000,adl,adl,0.000000,1
le2i-blazepose-normalized::Coffee_room_01_video_36,1,2902,2902,461,485,0.000000,0.000000,adl,adl,0.000000,1
le2i-blazepose-normalized::Coffee_room_01_video_36,1,2903,2903,466,490,0.000000,0.000000,adl,adl,0.000000,1
le2i-blazepose-normalized::Coffee_room_01_video_36,1,2904,2904,471,495,0.000000,0.000000,adl,adl,0.000000,1
le2i-blazepose-normalized::Coffee_room_01_video_36,1,2905,2905,476,500,0.000000,0.000000,adl,adl,0.000000,1
le2i-blazepose-normalized::Coffee_room_01_video_36,1,2906,2906,481,505,0.000000,0.000000,adl,adl,0.000000,1
le2i-blazepose-normalized::Coffee_room_01_video_36,1,2907,2907,486,510,0.000000,0.000000,adl,adl,0.002000,1
le2i-blazepose-normalized::Coffee_room_01_video_36,1,2908,2908,491,515,0.000000,0.000000,adl,adl,0.000000,1
le2i-blazepose-normalized::Coffee_room_01_video_36,1,2909,2909,496,520,0.000000,0.000000,adl,adl,0.000000,1
le2i-blazepose-normalized::Coffee_room_01_video_36,1,2910,2910,501,525,0.000000,0.000000,adl,adl,0.016000,1
le2i-blazepose-normalized::Coffee_room_01_video_36,1,2911,2911,506,530,0.000000,0.000000,adl,adl,0.028000,1
le2i-blazepose-normalized::Coffee_room_01_video_36,1,2912,2912,511,535,0.000000,0.000000,adl,adl,0.036000,1
le2i-blazepose-normalized::Coffee_room_01_video_36,1,2913,2913,516,540,0.000000,0.000000,adl,adl,0.056000,1
le2i-blazepose-normalized::Coffee_room_01_video_36,1,2914,2914,521,545,0.000000,0.000000,adl,adl,0.060000,1
le2i-blazepose-normalized::Coffee_room_01_video_36,1,2915,2915,526,550,0.000000,0.000000,adl,adl,0.058000,1
le2i-blazepose-normalized::Coffee_room_01_video_36,1,2916,2916,531,555,0.000000,0.000000,adl,adl,0.062000,1
le2i-blazepose-normalized::Coffee_room_01_video_36,1,2917,2917,536,560,0.000000,0.000000,adl,adl,0.038000,1
le2i-blazepose-normalized::Coffee_room_01_video_36,1,2918,2918,541,565,0.000000,0.000000,adl,adl,0.024000,1
le2i-blazepose-normalized::Coffee_room_01_video_36,1,2919,2919,546,570,0.000000,0.000000,adl,adl,0.020000,1
le2i-blazepose-normalized::Coffee_room_01_video_36,1,2920,2920,551,575,0.000000,0.000000,adl,adl,0.042000,1
le2i-blazepose-normalized::Coffee_room_01_video_36,1,2921,2921,556,580,0.000000,0.000000,adl,adl,0.114000,1
le2i-blazepose-normalized::Coffee_room_01_video_36,1,2922,2922,561,585,0.000000,0.000000,adl,adl,0.108000,1
le2i-blazepose-normalized::Coffee_room_01_video_36,1,2923,2923,566,590,0.000000,0.000000,adl,adl,0.070000,1
le2i-blazepose-normalized::Coffee_room_01_video_36,1,2924,2924,571,595,0.000000,0.000000,adl,adl,0.046000,1
le2i-blazepose-normalized::Coffee_room_01_video_36,1,2925,2925,576,600,0.000000,0.000000,adl,adl,0.056000,1
le2i-blazepose-normalized::Coffee_room_01_video_36,1,2926,2926,581,605,0.000000,0.000000,adl,adl,0.036000,1
le2i-blazepose-normalized::Coffee_room_01_video_36,1,2927,2927,586,610,0.000000,0.000000,adl,adl,0.022000,1
le2i-blazepose-normalized::Coffee_room_01_video_36,1,2928,2928,591,615,0.000000,0.000000,adl,adl,0.008000,1
le2i-blazepose-normalized::Coffee_room_01_video_36,1,2929,2929,596,620,0.000000,0.000000,adl,adl,0.004000,1
le2i-blazepose-normalized::Coffee_room_01_video_36,1,2930,2930,601,625,0.000000,0.000000,adl,adl,0.004000,1
le2i-blazepose-normalized::Coffee_room_01_video_36,1,2931,2931,606,630,0.000000,0.000000,adl,adl,0.006000,1
le2i-blazepose-normalized::Coffee_room_01_video_36,1,2932,2932,611,635,0.000000,0.000000,adl,adl,0.010000,1
le2i-blazepose-normalized::Coffee_room_01_video_36,1,2933,2933,616,640,0.000000,0.000000,adl,adl,0.004000,1
le2i-blazepose-normalized::Coffee_room_01_video_36,1,2934,2934,621,645,0.000000,0.000000,adl,adl,0.002000,1
le2i-blazepose-normalized::Coffee_room_01_video_36,1,2935,2935,626,650,0.000000,0.000000,adl,adl,0.004000,1
le2i-blazepose-normalized::Coffee_room_01_video_36,1,2936,2936,631,655,0.000000,0.000000,adl,adl,0.010000,1
le2i-blazepose-normalized::Coffee_room_01_video_36,1,2937,2937,636,660,0.000000,0.000000,adl,adl,0.010000,1
le2i-blazepose-normalized::Coffee_room_01_video_36,1,2938,2938,641,665,0.000000,0.000000,adl,adl,0.034000,1
le2i-blazepose-normalized::Coffee_room_01_video_36,1,2939,2939,646,670,0.000000,0.000000,adl,adl,0.212000,1
le2i-blazepose-normalized::Coffee_room_01_video_36,1,2940,2940,651,675,0.000000,0.000000,adl,adl,0.282000,1
le2i-blazepose-normalized::Coffee_room_01_video_36,1,2941,2941,656,680,0.000000,0.000000,adl,adl,0.196000,1
le2i-blazepose-normalized::Coffee_room_01_video_36,1,2942,2942,661,685,0.000000,0.000000,adl,adl,0.076000,1
le2i-blazepose-normalized::Coffee_room_01_video_36,1,2943,2943,666,690,0.000000,0.000000,adl,adl,0.036000,1
le2i-blazepose-normalized::Coffee_room_01_video_36,1,2944,2944,671,695,0.000000,0.000000,adl,adl,0.006000,1
le2i-blazepose-normalized::Coffee_room_01_video_36,1,2945,2945,676,700,0.000000,0.000000,adl,adl,0.004000,1
le2i-blazepose-normalized::Coffee_room_01_video_36,1,2946,2946,681,705,0.000000,0.000000,adl,adl,0.010000,1
le2i-blazepose-normalized::Coffee_room_01_video_36,1,2947,2947,686,710,0.000000,0.000000,adl,adl,0.002000,1
le2i-blazepose-normalized::Coffee_room_01_video_36,1,2948,2948,691,715,0.000000,0.000000,adl,adl,0.000000,1
le2i-blazepose-normalized::Coffee_room_01_video_36,1,2949,2949,696,720,0.000000,0.000000,adl,adl,0.000000,1
le2i-blazepose-normalized::Coffee_room_01_video_36,1,2950,2950,701,725,0.000000,0.000000,adl,adl,0.000000,1
le2i-blazepose-normalized::Coffee_room_01_video_36,1,2951,2951,706,730,0.000000,0.000000,adl,adl,0.000000,1
le2i-blazepose-normalized::Coffee_room_01_video_36,1,2952,2952,711,735,0.000000,0.000000,adl,adl,0.000000,1
le2i-blazepose-normalized::Coffee_room_01_video_36,1,2953,2953,716,740,0.000000,0.000000,adl,adl,0.000000,1
le2i-blazepose-normalized::Coffee_room_01_video_36,1,2954,2954,721,745,0.000000,0.000000,adl,adl,0.000000,1
le2i-blazepose-normalized::Coffee_room_01_video_36,1,2955,2955,726,750,0.000000,0.000000,adl,adl,0.000000,1
le2i-blazepose-normalized::Coffee_room_01_video_36,1,2956,2956,731,755,0.000000,0.000000,adl,adl,0.000000,1
le2i-blazepose-normalized::Coffee_room_01_video_36,1,2957,2957,736,760,0.000000,0.000000,adl,adl,0.002000,1
le2i-blazepose-normalized::Coffee_room_01_video_36,1,2958,2958,741,765,0.000000,0.000000,adl,adl,0.002000,1
le2i-blazepose-normalized::Coffee_room_01_video_36,1,2959,2959,746,770,0.000000,0.000000,adl,adl,0.002000,1
le2i-blazepose-normalized::Coffee_room_01_video_36,1,2960,2960,751,775,0.000000,0.000000,adl,adl,0.000000,1
le2i-blazepose-normalized::Coffee_room_01_video_36,1,2961,2961,756,780,0.000000,0.000000,adl,adl,0.000000,1
le2i-blazepose-normalized::Coffee_room_01_video_36,1,2962,2962,761,785,0.000000,0.000000,adl,adl,0.000000,1
le2i-blazepose-normalized::Coffee_room_01_video_36,1,2963,2963,766,790,0.000000,0.000000,adl,adl,0.002000,1
le2i-blazepose-normalized::Coffee_room_01_video_36,1,2964,2964,771,795,0.000000,0.000000,adl,adl,0.002000,1
le2i-blazepose-normalized::Coffee_room_01_video_36,1,2965,2965,776,800,0.000000,0.000000,adl,adl,0.006000,1
le2i-blazepose-normalized::Coffee_room_01_video_36,1,2966,2966,781,805,0.000000,0.000000,adl,adl,0.002000,1
le2i-blazepose-normalized::Coffee_room_01_video_36,1,2967,2967,786,810,0.000000,0.000000,adl,adl,0.002000,1
le2i-blazepose-normalized::Coffee_room_01_video_36,1,2968,2968,791,815,0.000000,0.000000,adl,adl,0.000000,1
le2i-blazepose-normalized::Coffee_room_01_video_36,1,2969,2969,796,820,0.000000,0.000000,adl,adl,0.004000,1
le2i-blazepose-normalized::Coffee_room_01_video_36,1,2970,2970,801,825,0.000000,0.000000,adl,adl,0.000000,1
le2i-blazepose-normalized::Coffee_room_01_video_36,1,2971,2971,806,830,0.000000,0.000000,adl,adl,0.000000,1
le2i-blazepose-normalized::Coffee_room_01_video_36,1,2972,2972,811,835,0.000000,0.000000,adl,adl,0.002000,1
le2i-blazepose-normalized::Coffee_room_01_video_36,1,2973,2973,816,840,0.000000,0.000000,adl,adl,0.000000,1
le2i-blazepose-normalized::Coffee_room_01_video_36,1,2974,2974,821,845,0.000000,0.000000,adl,adl,0.000000,1
le2i-blazepose-normalized::Coffee_room_01_video_36,1,2975,2975,826,850,0.000000,0.000000,adl,adl,0.000000,1
le2i-blazepose-normalized::Coffee_room_01_video_36,1,2976,2976,831,855,0.000000,0.000000,adl,adl,0.000000,1
le2i-blazepose-normalized::Coffee_room_01_video_36,1,2977,2977,836,860,0.000000,0.000000,adl,adl,0.000000,1
le2i-blazepose-normalized::Coffee_room_01_video_36,1,2978,2978,841,865,0.000000,0.000000,adl,adl,0.000000,1
le2i-blazepose-normalized::Coffee_room_01_video_36,1,2979,2979,846,870,0.000000,0.000000,adl,adl,0.002000,1
le2i-blazepose-normalized::Coffee_room_01_video_36,1,2980,2980,851,875,0.000000,0.000000,adl,adl,0.006000,1
le2i-blazepose-normalized::Coffee_room_01_video_36,1,2981,2981,856,880,0.000000,0.000000,adl,adl,0.004000,1
le2i-blazepose-normalized::Coffee_room_01_video_36,1,2982,2982,861,885,0.000000,0.000000,adl,adl,0.006000,1
le2i-blazepose-normalized::Coffee_room_01_video_36,1,2983,2983,866,890,0.000000,0.000000,adl,adl,0.008000,1
le2i-blazepose-normalized::Coffee_room_01_video_36,1,2984,2984,871,895,0.000000,0.000000,adl,adl,0.002000,1
le2i-blazepose-normalized::Coffee_room_01_video_36,1,2985,2985,876,900,0.000000,0.000000,adl,adl,0.002000,1
le2i-blazepose-normalized::Coffee_room_01_video_36,1,2986,2986,881,905,0.000000,0.000000,adl,adl,0.000000,1
le2i-blazepose-normalized::Coffee_room_01_video_36,1,2987,2987,886,910,0.000000,0.000000,adl,adl,0.000000,1
le2i-blazepose-normalized::Coffee_room_01_video_36,1,2988,2988,891,915,0.000000,0.000000,adl,adl,0.000000,1
le2i-blazepose-normalized::Coffee_room_01_video_36,1,2989,2989,896,920,0.000000,0.000000,adl,adl,0.000000,1
le2i-blazepose-normalized::Coffee_room_01_video_36,1,2990,2990,901,925,0.000000,0.000000,adl,adl,0.000000,1
le2i-blazepose-normalized::Coffee_room_01_video_36,1,2991,2991,906,930,0.000000,0.000000,adl,adl,0.000000,1
le2i-blazepose-normalized::Coffee_room_01_video_36,1,2992,2992,911,935,0.000000,0.000000,adl,adl,0.000000,1
le2i-blazepose-normalized::Coffee_room_01_video_36,1,2993,2993,916,940,0.000000,0.000000,adl,adl,0.000000,1
le2i-blazepose-normalized::Coffee_room_01_video_36,1,2994,2994,921,945,0.000000,0.000000,adl,adl,0.000000,1
le2i-blazepose-normalized::Coffee_room_01_video_36,1,2995,2995,926,950,0.000000,0.000000,adl,adl,0.000000,1
le2i-blazepose-normalized::Coffee_room_01_video_36,1,2996,2996,931,955,0.000000,0.000000,adl,adl,0.000000,1
le2i-blazepose-normalized::Coffee_room_01_video_36,1,2997,2997,936,960,0.000000,0.000000,adl,adl,0.000000,1
le2i-blazepose-normalized::Coffee_room_01_video_36,1,2998,2998,941,965,0.000000,0.000000,adl,adl,0.000000,1
le2i-blazepose-normalized::Coffee_room_01_video_36,1,2999,2999,946,970,0.000000,0.000000,adl,adl,0.000000,1
le2i-blazepose-normalized::Coffee_room_01_video_36,1,3000,3000,951,975,0.000000,0.000000,adl,adl,0.000000,1
le2i-blazepose-normalized::Coffee_room_01_video_36,1,3001,3001,956,980,0.000000,0.000000,adl,adl,0.000000,1
le2i-blazepose-normalized::Coffee_room_01_video_36,1,3002,3002,961,985,0.000000,0.000000,adl,adl,0.000000,1
le2i-blazepose-normalized::Coffee_room_01_video_36,1,3003,3003,966,990,0.000000,0.000000,adl,adl,0.000000,1
le2i-blazepose-normalized::Coffee_room_01_video_36,1,3004,3004,971,995,0.000000,0.000000,adl,adl,0.000000,1
le2i-blazepose-normalized::Coffee_room_01_video_36,1,3005,3005,976,1000,0.000000,0.000000,adl,adl,0.000000,1
le2i-blazepose-normalized::Coffee_room_01_video_36,1,3006,3006,981,1005,0.000000,0.000000,adl,adl,0.000000,1
le2i-blazepose-normalized::Coffee_room_01_video_36,1,3007,3007,986,1010,0.000000,0.000000,adl,adl,0.000000,1
le2i-blazepose-normalized::Coffee_room_01_video_36,1,3008,3008,991,1015,0.000000,0.000000,adl,adl,0.000000,1
le2i-blazepose-normalized::Coffee_room_01_video_36,1,3009,3009,996,1020,0.000000,0.000000,adl,adl,0.000000,1
le2i-blazepose-normalized::Coffee_room_01_video_36,1,3010,3010,1001,1025,0.000000,0.000000,adl,adl,0.000000,1
le2i-blazepose-normalized::Coffee_room_01_video_36,1,3011,3011,1006,1030,0.000000,0.000000,adl,adl,0.000000,1
le2i-blazepose-normalized::Coffee_room_01_video_36,1,3012,3012,1011,1035,0.000000,0.000000,adl,adl,0.000000,1
le2i-blazepose-normalized::Coffee_room_01_video_36,1,3013,3013,1016,1040,0.000000,0.000000,adl,adl,0.000000,1
le2i-blazepose-normalized::Coffee_room_01_video_36,1,3014,3014,1021,1045,0.000000,0.000000,adl,adl,0.000000,1
le2i-blazepose-normalized::Coffee_room_01_video_36,1,3015,3015,1026,1050,0.000000,0.000000,adl,adl,0.000000,1
le2i-blazepose-normalized::Coffee_room_01_video_36,1,3016,3016,1031,1055,0.000000,0.000000,adl,adl,0.000000,1
le2i-blazepose-normalized::Coffee_room_01_video_36,1,3017,3017,1036,1060,0.000000,0.000000,adl,adl,0.000000,1
le2i-blazepose-normalized::Coffee_room_01_video_36,1,3018,3018,1041,1065,0.000000,0.000000,adl,adl,0.002000,1
le2i-blazepose-normalized::Coffee_room_01_video_36,1,3019,3019,1046,1070,0.000000,0.000000,adl,adl,0.002000,1
le2i-blazepose-normalized::Coffee_room_01_video_36,1,3020,3020,1051,1075,0.000000,0.000000,adl,adl,0.002000,1
le2i-blazepose-normalized::Coffee_room_01_video_36,1,3021,3021,1056,1080,0.000000,0.000000,adl,adl,0.008000,1
le2i-blazepose-normalized::Coffee_room_01_video_36,1,3022,3022,1061,1085,0.000000,0.000000,adl,adl,0.000000,1
le2i-blazepose-normalized::Coffee_room_01_video_36,1,3023,3023,1066,1090,0.000000,0.000000,adl,adl,0.012000,1
le2i-blazepose-normalized::Coffee_room_01_video_36,1,3024,3024,1071,1095,0.000000,0.000000,fall,adl,0.068000,0
le2i-blazepose-normalized::Coffee_room_01_video_36,1,3025,3025,1076,1100,0.000000,0.000000,fall,adl,0.260000,0
le2i-blazepose-normalized::Coffee_room_01_video_36,1,3026,3026,1081,1105,0.000000,0.000000,fall,fall,0.610000,1
le2i-blazepose-normalized::Coffee_room_01_video_36,1,3027,3027,1086,1110,0.000000,0.000000,fall,adl,0.484000,0
le2i-blazepose-normalized::Coffee_room_01_video_36,1,3028,3028,1091,1115,0.000000,0.000000,fall,fall,0.530000,1
le2i-blazepose-normalized::Coffee_room_01_video_36,1,3029,3029,1096,1120,0.000000,0.000000,fall,fall,0.572000,1
le2i-blazepose-normalized::Coffee_room_01_video_36,1,3030,3030,1101,1125,0.000000,0.000000,fall,adl,0.432000,0
le2i-blazepose-normalized::Coffee_room_01_video_36,1,3031,3031,1106,1130,0.000000,0.000000,fall,adl,0.376000,0
le2i-blazepose-normalized::Coffee_room_01_video_36,1,3032,3032,1111,1135,0.000000,0.000000,adl,adl,0.364000,1
le2i-blazepose-normalized::Coffee_room_01_video_36,1,3033,3033,1116,1140,0.000000,0.000000,adl,adl,0.310000,1
le2i-blazepose-normalized::Coffee_room_01_video_36,1,3034,3034,1121,1145,0.000000,0.000000,adl,adl,0.308000,1
le2i-blazepose-normalized::Coffee_room_01_video_36,1,3035,3035,1126,1150,0.000000,0.000000,adl,adl,0.296000,1
le2i-blazepose-normalized::Coffee_room_01_video_36,1,3036,3036,1131,1155,0.000000,0.000000,adl,adl,0.294000,1
le2i-blazepose-normalized::Coffee_room_01_video_36,1,3037,3037,1136,1160,0.000000,0.000000,adl,adl,0.290000,1
le2i-blazepose-normalized::Coffee_room_01_video_36,1,3038,3038,1141,1165,0.000000,0.000000,adl,adl,0.292000,1
le2i-blazepose-normalized::Coffee_room_01_video_36,1,3039,3039,1146,1170,0.000000,0.000000,adl,adl,0.304000,1
le2i-blazepose-normalized::Coffee_room_01_video_36,1,3040,3040,1151,1175,0.000000,0.000000,adl,adl,0.294000,1
le2i-blazepose-normalized::Coffee_room_01_video_36,1,3041,3041,1156,1180,0.000000,0.000000,adl,adl,0.300000,1
le2i-blazepose-normalized::Coffee_room_01_video_36,1,3042,3042,1161,1185,0.000000,0.000000,adl,adl,0.294000,1
le2i-blazepose-normalized::Coffee_room_01_video_36,1,3043,3043,1166,1190,0.000000,0.000000,adl,adl,0.288000,1
le2i-blazepose-normalized::Coffee_room_01_video_36,1,3044,3044,1171,1195,0.000000,0.000000,adl,adl,0.298000,1
le2i-blazepose-normalized::Coffee_room_01_video_36,1,3045,3045,1176,1200,0.000000,0.000000,adl,adl,0.298000,1
le2i-blazepose-normalized::Coffee_room_01_video_37,4,3046,3046,1,25,0.000000,0.000000,adl,adl,0.058000,1
le2i-blazepose-normalized::Coffee_room_01_video_37,4,3047,3047,6,30,0.000000,0.000000,adl,adl,0.020000,1
le2i-blazepose-normalized::Coffee_room_01_video_37,4,3048,3048,11,35,0.000000,0.000000,adl,adl,0.002000,1
le2i-blazepose-normalized::Coffee_room_01_video_37,4,3049,3049,16,40,0.000000,0.000000,adl,adl,0.002000,1
le2i-blazepose-normalized::Coffee_room_01_video_37,4,3050,3050,21,45,0.000000,0.000000,adl,adl,0.006000,1
le2i-blazepose-normalized::Coffee_room_01_video_37,4,3051,3051,26,50,0.000000,0.000000,adl,adl,0.010000,1
le2i-blazepose-normalized::Coffee_room_01_video_37,4,3052,3052,31,55,0.000000,0.000000,adl,adl,0.006000,1
le2i-blazepose-normalized::Coffee_room_01_video_37,4,3053,3053,36,60,0.000000,0.000000,adl,adl,0.030000,1
le2i-blazepose-normalized::Coffee_room_01_video_37,4,3054,3054,41,65,0.000000,0.000000,fall,adl,0.238000,0
le2i-blazepose-normalized::Coffee_room_01_video_37,4,3055,3055,46,70,0.000000,0.000000,fall,fall,0.564000,1
le2i-blazepose-normalized::Coffee_room_01_video_37,4,3056,3056,51,75,0.000000,0.000000,fall,fall,0.826000,1
le2i-blazepose-normalized::Coffee_room_01_video_37,4,3057,3057,56,80,0.000000,0.000000,fall,fall,0.868000,1
le2i-blazepose-normalized::Coffee_room_01_video_37,4,3058,3058,61,85,0.000000,0.000000,fall,fall,0.684000,1
le2i-blazepose-normalized::Coffee_room_01_video_37,4,3059,3059,66,90,0.000000,0.000000,fall,adl,0.458000,0
le2i-blazepose-normalized::Coffee_room_01_video_37,4,3060,3060,71,95,0.000000,0.000000,fall,adl,0.280000,0
le2i-blazepose-normalized::Coffee_room_01_video_37,4,3061,3061,76,100,0.000000,0.000000,adl,adl,0.362000,1
le2i-blazepose-normalized::Coffee_room_01_video_37,4,3062,3062,81,105,0.000000,0.000000,adl,adl,0.326000,1
le2i-blazepose-normalized::Coffee_room_01_video_37,4,3063,3063,86,110,0.000000,0.000000,adl,adl,0.348000,1
le2i-blazepose-normalized::Coffee_room_01_video_37,4,3064,3064,91,115,0.000000,0.000000,adl,adl,0.316000,1
le2i-blazepose-normalized::Coffee_room_01_video_37,4,3065,3065,96,120,0.000000,0.000000,adl,adl,0.298000,1
le2i-blazepose-normalized::Coffee_room_01_video_37,4,3066,3066,101,125,0.000000,0.000000,adl,adl,0.302000,1
le2i-blazepose-normalized::Coffee_room_01_video_37,4,3067,3067,106,130,0.000000,0.000000,adl,adl,0.304000,1
le2i-blazepose-normalized::Coffee_room_01_video_37,4,3068,3068,111,135,0.000000,0.000000,adl,adl,0.302000,1
le2i-blazepose-normalized::Coffee_room_01_video_37,4,3069,3069,116,140,0.000000,0.000000,adl,adl,0.306000,1
le2i-blazepose-normalized::Coffee_room_01_video_37,4,3070,3070,121,145,0.000000,0.000000,adl,adl,0.302000,1
le2i-blazepose-normalized::Coffee_room_01_video_37,4,3071,3071,126,150,0.000000,0.000000,adl,adl,0.306000,1
le2i-blazepose-normalized::Coffee_room_01_video_37,4,3072,3072,131,155,0.000000,0.000000,adl,adl,0.310000,1
le2i-blazepose-normalized::Coffee_room_01_video_37,4,3073,3073,136,160,0.000000,0.000000,adl,adl,0.306000,1
le2i-blazepose-normalized::Coffee_room_01_video_37,4,3074,3074,141,165,0.000000,0.000000,adl,adl,0.304000,1
le2i-blazepose-normalized::Coffee_room_01_video_37,4,3075,3075,146,170,0.000000,0.000000,adl,adl,0.302000,1
le2i-blazepose-normalized::Coffee_room_01_video_37,4,3076,3076,151,175,0.000000,0.000000,adl,adl,0.324000,1
le2i-blazepose-normalized::Coffee_room_01_video_37,4,3077,3077,156,180,0.000000,0.000000,adl,adl,0.310000,1
le2i-blazepose-normalized::Coffee_room_01_video_37,4,3078,3078,161,185,0.000000,0.000000,adl,adl,0.294000,1
le2i-blazepose-normalized::Coffee_room_01_video_37,4,3079,3079,166,190,0.000000,0.000000,adl,adl,0.302000,1
le2i-blazepose-normalized::Coffee_room_01_video_37,4,3080,3080,171,195,0.000000,0.000000,adl,adl,0.300000,1
le2i-blazepose-normalized::Coffee_room_01_video_37,4,3081,3081,176,200,0.000000,0.000000,adl,adl,0.308000,1
le2i-blazepose-normalized::Coffee_room_01_video_37,4,3082,3082,181,205,0.000000,0.000000,adl,adl,0.314000,1
le2i-blazepose-normalized::Coffee_room_01_video_38,5,3083,3083,1,25,0.000000,0.000000,adl,adl,0.102000,1
le2i-blazepose-normalized::Coffee_room_01_video_38,5,3084,3084,6,30,0.000000,0.000000,adl,adl,0.076000,1
le2i-blazepose-normalized::Coffee_room_01_video_38,5,3085,3085,11,35,0.000000,0.000000,adl,adl,0.048000,1
le2i-blazepose-normalized::Coffee_room_01_video_38,5,3086,3086,16,40,0.000000,0.000000,adl,adl,0.050000,1
le2i-blazepose-normalized::Coffee_room_01_video_38,5,3087,3087,21,45,0.000000,0.000000,adl,adl,0.058000,1
le2i-blazepose-normalized::Coffee_room_01_video_38,5,3088,3088,26,50,0.000000,0.000000,adl,adl,0.036000,1
le2i-blazepose-normalized::Coffee_room_01_video_38,5,3089,3089,31,55,0.000000,0.000000,adl,adl,0.024000,1
le2i-blazepose-normalized::Coffee_room_01_video_38,5,3090,3090,36,60,0.000000,0.000000,adl,adl,0.012000,1
le2i-blazepose-normalized::Coffee_room_01_video_38,5,3091,3091,41,65,0.000000,0.000000,adl,adl,0.012000,1
le2i-blazepose-normalized::Coffee_room_01_video_38,5,3092,3092,46,70,0.000000,0.000000,adl,adl,0.010000,1
le2i-blazepose-normalized::Coffee_room_01_video_38,5,3093,3093,51,75,0.000000,0.000000,adl,adl,0.022000,1
le2i-blazepose-normalized::Coffee_room_01_video_38,5,3094,3094,56,80,0.000000,0.000000,adl,adl,0.018000,1
le2i-blazepose-normalized::Coffee_room_01_video_38,5,3095,3095,61,85,0.000000,0.000000,adl,adl,0.024000,1
le2i-blazepose-normalized::Coffee_room_01_video_38,5,3096,3096,66,90,0.000000,0.000000,adl,adl,0.020000,1
le2i-blazepose-normalized::Coffee_room_01_video_38,5,3097,3097,71,95,0.000000,0.000000,adl,adl,0.012000,1
le2i-blazepose-normalized::Coffee_room_01_video_38,5,3098,3098,76,100,0.000000,0.000000,adl,adl,0.016000,1
le2i-blazepose-normalized::Coffee_room_01_video_38,5,3099,3099,81,105,0.000000,0.000000,adl,adl,0.026000,1
le2i-blazepose-normalized::Coffee_room_01_video_38,5,3100,3100,86,110,0.000000,0.000000,adl,adl,0.024000,1
le2i-blazepose-normalized::Coffee_room_01_video_38,5,3101,3101,91,115,0.000000,0.000000,adl,adl,0.020000,1
le2i-blazepose-normalized::Coffee_room_01_video_38,5,3102,3102,96,120,0.000000,0.000000,adl,adl,0.020000,1
le2i-blazepose-normalized::Coffee_room_01_video_38,5,3103,3103,101,125,0.000000,0.000000,adl,adl,0.012000,1
le2i-blazepose-normalized::Coffee_room_01_video_38,5,3104,3104,106,130,0.000000,0.000000,adl,adl,0.010000,1
le2i-blazepose-normalized::Coffee_room_01_video_38,5,3105,3105,111,135,0.000000,0.000000,adl,adl,0.024000,1
le2i-blazepose-normalized::Coffee_room_01_video_38,5,3106,3106,116,140,0.000000,0.000000,adl,adl,0.026000,1
le2i-blazepose-normalized::Coffee_room_01_video_38,5,3107,3107,121,145,0.000000,0.000000,adl,adl,0.038000,1
le2i-blazepose-normalized::Coffee_room_01_video_38,5,3108,3108,126,150,0.000000,0.000000,adl,adl,0.056000,1
le2i-blazepose-normalized::Coffee_room_01_video_38,5,3109,3109,131,155,0.000000,0.000000,adl,adl,0.104000,1
le2i-blazepose-normalized::Coffee_room_01_video_38,5,3110,3110,136,160,0.000000,0.000000,adl,adl,0.176000,1
le2i-blazepose-normalized::Coffee_room_01_video_38,5,3111,3111,141,165,0.000000,0.000000,adl,adl,0.266000,1
le2i-blazepose-normalized::Coffee_room_01_video_38,5,3112,3112,146,170,0.000000,0.000000,adl,adl,0.368000,1
le2i-blazepose-normalized::Coffee_room_01_video_38,5,3113,3113,151,175,0.000000,0.000000,adl,adl,0.413000,1
le2i-blazepose-normalized::Coffee_room_01_video_38,5,3114,3114,156,180,0.000000,0.000000,adl,adl,0.290000,1
le2i-blazepose-normalized::Coffee_room_01_video_38,5,3115,3115,161,185,0.000000,0.000000,adl,adl,0.207667,1
le2i-blazepose-normalized::Coffee_room_01_video_38,5,3116,3116,166,190,0.000000,0.000000,adl,adl,0.068000,1
le2i-blazepose-normalized::Coffee_room_01_video_38,5,3117,3117,171,195,0.000000,0.000000,adl,adl,0.022000,1
le2i-blazepose-normalized::Coffee_room_01_video_38,5,3118,3118,176,200,0.000000,0.000000,adl,adl,0.002000,1
le2i-blazepose-normalized::Coffee_room_01_video_38,5,3119,3119,181,205,0.000000,0.000000,adl,adl,0.000000,1
le2i-blazepose-normalized::Coffee_room_01_video_38,5,3120,3120,186,210,0.000000,0.000000,adl,adl,0.000000,1
le2i-blazepose-normalized::Coffee_room_01_video_38,5,3121,3121,191,215,0.000000,0.000000,adl,adl,0.000000,1
le2i-blazepose-normalized::Coffee_room_01_video_38,5,3122,3122,196,220,0.000000,0.000000,adl,adl,0.000000,1
le2i-blazepose-normalized::Coffee_room_01_video_38,5,3123,3123,201,225,0.000000,0.000000,adl,adl,0.000000,1
le2i-blazepose-normalized::Coffee_room_01_video_38,5,3124,3124,206,230,0.000000,0.000000,adl,adl,0.000000,1
le2i-blazepose-normalized::Coffee_room_01_video_38,5,3125,3125,211,235,0.000000,0.000000,adl,adl,0.000000,1
le2i-blazepose-normalized::Coffee_room_01_video_38,5,3126,3126,216,240,0.000000,0.000000,adl,adl,0.018000,1
le2i-blazepose-normalized::Coffee_room_01_video_38,5,3127,3127,221,245,0.000000,0.000000,fall,adl,0.050000,0
le2i-blazepose-normalized::Coffee_room_01_video_38,5,3128,3128,226,250,0.000000,0.000000,fall,fall,0.658000,1
le2i-blazepose-normalized::Coffee_room_01_video_38,5,3129,3129,231,255,0.000000,0.000000,fall,fall,0.834000,1
le2i-blazepose-normalized::Coffee_room_01_video_38,5,3130,3130,236,260,0.000000,0.000000,fall,fall,0.904000,1
le2i-blazepose-normalized::Coffee_room_01_video_38,5,3131,3131,241,265,0.000000,0.000000,fall,fall,0.810000,1
le2i-blazepose-normalized::Coffee_room_01_video_38,5,3132,3132,246,270,0.000000,0.000000,fall,fall,0.669444,1
le2i-blazepose-normalized::Coffee_room_01_video_38,5,3133,3133,251,275,0.000000,0.000000,fall,adl,0.259429,0
le2i-blazepose-normalized::Coffee_room_01_video_38,5,3134,3134,256,280,0.000000,0.000000,adl,adl,0.146000,1
le2i-blazepose-normalized::Coffee_room_01_video_38,5,3135,3135,261,285,0.000000,0.000000,adl,adl,0.150000,1
le2i-blazepose-normalized::Coffee_room_01_video_38,5,3136,3136,266,290,0.000000,0.000000,adl,adl,0.134000,1
le2i-blazepose-normalized::Coffee_room_01_video_38,5,3137,3137,271,295,0.000000,0.000000,adl,adl,0.122000,1
le2i-blazepose-normalized::Coffee_room_01_video_38,5,3138,3138,276,300,0.000000,0.000000,adl,adl,0.122000,1
le2i-blazepose-normalized::Coffee_room_01_video_38,5,3139,3139,281,305,0.000000,0.000000,adl,adl,0.128000,1
le2i-blazepose-normalized::Coffee_room_01_video_38,5,3140,3140,286,310,0.000000,0.000000,adl,adl,0.134000,1
le2i-blazepose-normalized::Coffee_room_01_video_38,5,3141,3141,291,315,0.000000,0.000000,adl,adl,0.122000,1
le2i-blazepose-normalized::Coffee_room_01_video_38,5,3142,3142,296,320,0.000000,0.000000,adl,adl,0.138000,1
le2i-blazepose-normalized::Coffee_room_01_video_38,5,3143,3143,301,325,0.000000,0.000000,adl,adl,0.128000,1
le2i-blazepose-normalized::Coffee_room_01_video_38,5,3144,3144,306,330,0.000000,0.000000,adl,adl,0.128000,1
le2i-blazepose-normalized::Coffee_room_01_video_38,5,3145,3145,311,335,0.000000,0.000000,adl,adl,0.122000,1
le2i-blazepose-normalized::Coffee_room_01_video_38,5,3146,3146,316,340,0.000000,0.000000,adl,adl,0.130000,1
le2i-blazepose-normalized::Coffee_room_01_video_38,5,3147,3147,321,345,0.000000,0.000000,adl,adl,0.118000,1
le2i-blazepose-normalized::Coffee_room_01_video_38,5,3148,3148,326,350,0.000000,0.000000,adl,adl,0.126000,1
le2i-blazepose-normalized::Coffee_room_01_video_39,1,3149,3149,1,25,0.000000,0.000000,adl,adl,0.000000,1
le2i-blazepose-normalized::Coffee_room_01_video_39,1,3150,3150,6,30,0.000000,0.000000,adl,adl,0.000000,1
le2i-blazepose-normalized::Coffee_room_01_video_39,1,3151,3151,11,35,0.000000,0.000000,adl,adl,0.000000,1
le2i-blazepose-normalized::Coffee_room_01_video_39,1,3152,3152,16,40,0.000000,0.000000,adl,adl,0.000000,1
le2i-blazepose-normalized::Coffee_room_01_video_39,1,3153,3153,21,45,0.000000,0.000000,adl,adl,0.000000,1
le2i-blazepose-normalized::Coffee_room_01_video_39,1,3154,3154,26,50,0.000000,0.000000,adl,adl,0.008000,1
le2i-blazepose-normalized::Coffee_room_01_video_39,1,3155,3155,31,55,0.000000,0.000000,adl,adl,0.018000,1
le2i-blazepose-normalized::Coffee_room_01_video_39,1,3156,3156,36,60,0.000000,0.000000,fall,adl,0.484000,0
le2i-blazepose-normalized::Coffee_room_01_video_39,1,3157,3157,41,65,0.000000,0.000000,fall,fall,0.836000,1
le2i-blazepose-normalized::Coffee_room_01_video_39,1,3158,3158,46,70,0.000000,0.000000,fall,fall,0.914000,1
le2i-blazepose-normalized::Coffee_room_01_video_39,1,3159,3159,51,75,0.000000,0.000000,fall,fall,0.908000,1
le2i-blazepose-normalized::Coffee_room_01_video_39,1,3160,3160,56,80,0.000000,0.000000,fall,fall,0.882000,1
le2i-blazepose-normalized::Coffee_room_01_video_39,1,3161,3161,61,85,0.000000,0.000000,fall,fall,0.544214,1
le2i-blazepose-normalized::Coffee_room_01_video_39,1,3162,3162,66,90,0.000000,0.000000,fall,adl,0.154000,0
le2i-blazepose-normalized::Coffee_room_01_video_39,1,3163,3163,71,95,0.000000,0.000000,adl,adl,0.196000,1
le2i-blazepose-normalized::Coffee_room_01_video_39,1,3164,3164,76,100,0.000000,0.000000,adl,adl,0.224000,1
le2i-blazepose-normalized::Coffee_room_01_video_39,1,3165,3165,81,105,0.000000,0.000000,adl,adl,0.252000,1
le2i-blazepose-normalized::Coffee_room_01_video_39,1,3166,3166,86,110,0.000000,0.000000,adl,adl,0.248000,1
le2i-blazepose-normalized::Coffee_room_01_video_39,1,3167,3167,91,115,0.000000,0.000000,adl,adl,0.246000,1
le2i-blazepose-normalized::Coffee_room_01_video_39,1,3168,3168,96,120,0.000000,0.000000,adl,adl,0.242000,1
le2i-blazepose-normalized::Coffee_room_01_video_39,1,3169,3169,101,125,0.000000,0.000000,adl,adl,0.254000,1
le2i-blazepose-normalized::Coffee_room_01_video_39,1,3170,3170,106,130,0.000000,0.000000,adl,adl,0.258000,1
le2i-blazepose-normalized::Coffee_room_01_video_39,1,3171,3171,111,135,0.000000,0.000000,adl,adl,0.260000,1
le2i-blazepose-normalized::Coffee_room_01_video_39,1,3172,3172,116,140,0.000000,0.000000,adl,adl,0.260000,1
le2i-blazepose-normalized::Coffee_room_01_video_39,1,3173,3173,121,145,0.000000,0.000000,adl,adl,0.256000,1
le2i-blazepose-normalized::Coffee_room_01_video_39,1,3174,3174,126,150,0.000000,0.000000,adl,adl,0.254000,1
le2i-blazepose-normalized::Coffee_room_01_video_39,1,3175,3175,131,155,0.000000,0.000000,adl,adl,0.256000,1
le2i-blazepose-normalized::Coffee_room_01_video_4,1,3176,3176,1,25,0.000000,0.000000,adl,adl,0.086000,1
le2i-blazepose-normalized::Coffee_room_01_video_4,1,3177,3177,6,30,0.000000,0.000000,adl,adl,0.090000,1
le2i-blazepose-normalized::Coffee_room_01_video_4,1,3178,3178,11,35,0.000000,0.000000,adl,adl,0.086000,1
le2i-blazepose-normalized::Coffee_room_01_video_4,1,3179,3179,16,40,0.000000,0.000000,adl,adl,0.054000,1
le2i-blazepose-normalized::Coffee_room_01_video_4,1,3180,3180,21,45,0.000000,0.000000,adl,adl,0.012000,1
le2i-blazepose-normalized::Coffee_room_01_video_4,1,3181,3181,26,50,0.000000,0.000000,adl,adl,0.022000,1
le2i-blazepose-normalized::Coffee_room_01_video_4,1,3182,3182,31,55,0.000000,0.000000,adl,adl,0.016000,1
le2i-blazepose-normalized::Coffee_room_01_video_4,1,3183,3183,36,60,0.000000,0.000000,adl,adl,0.008000,1
le2i-blazepose-normalized::Coffee_room_01_video_4,1,3184,3184,41,65,0.000000,0.000000,adl,adl,0.014000,1
le2i-blazepose-normalized::Coffee_room_01_video_4,1,3185,3185,46,70,0.000000,0.000000,adl,adl,0.006000,1
le2i-blazepose-normalized::Coffee_room_01_video_4,1,3186,3186,51,75,0.000000,0.000000,adl,adl,0.008000,1
le2i-blazepose-normalized::Coffee_room_01_video_4,1,3187,3187,56,80,0.000000,0.000000,adl,adl,0.012000,1
le2i-blazepose-normalized::Coffee_room_01_video_4,1,3188,3188,61,85,0.000000,0.000000,adl,adl,0.024000,1
le2i-blazepose-normalized::Coffee_room_01_video_4,1,3189,3189,66,90,0.000000,0.000000,adl,adl,0.020000,1
le2i-blazepose-normalized::Coffee_room_01_video_4,1,3190,3190,71,95,0.000000,0.000000,adl,adl,0.014000,1
le2i-blazepose-normalized::Coffee_room_01_video_4,1,3191,3191,76,100,0.000000,0.000000,adl,adl,0.018000,1
le2i-blazepose-normalized::Coffee_room_01_video_4,1,3192,3192,81,105,0.000000,0.000000,adl,adl,0.012000,1
le2i-blazepose-normalized::Coffee_room_01_video_4,1,3193,3193,86,110,0.000000,0.000000,adl,adl,0.012000,1
le2i-blazepose-normalized::Coffee_room_01_video_4,1,3194,3194,91,115,0.000000,0.000000,adl,adl,0.002000,1
le2i-blazepose-normalized::Coffee_room_01_video_4,1,3195,3195,96,120,0.000000,0.000000,adl,adl,0.002000,1
le2i-blazepose-normalized::Coffee_room_01_video_4,1,3196,3196,101,125,0.000000,0.000000,adl,adl,0.006000,1
le2i-blazepose-normalized::Coffee_room_01_video_4,1,3197,3197,106,130,0.000000,0.000000,fall,adl,0.300000,0
le2i-blazepose-normalized::Coffee_room_01_video_4,1,3198,3198,111,135,0.000000,0.000000,fall,fall,0.764000,1
le2i-blazepose-normalized::Coffee_room_01_video_4,1,3199,3199,116,140,0.000000,0.000000,fall,fall,0.904000,1
le2i-blazepose-normalized::Coffee_room_01_video_4,1,3200,3200,121,145,0.000000,0.000000,fall,fall,0.925333,1
le2i-blazepose-normalized::Coffee_room_01_video_4,1,3201,3201,126,150,0.000000,0.000000,fall,fall,0.912000,1
le2i-blazepose-normalized::Coffee_room_01_video_4,1,3202,3202,131,155,0.000000,0.000000,fall,fall,0.850000,1
le2i-blazepose-normalized::Coffee_room_01_video_4,1,3203,3203,136,160,0.000000,0.000000,fall,fall,0.726000,1
le2i-blazepose-normalized::Coffee_room_01_video_4,1,3204,3204,141,165,0.000000,0.000000,fall,adl,0.434000,0
le2i-blazepose-normalized::Coffee_room_01_video_4,1,3205,3205,146,170,0.000000,0.000000,fall,adl,0.438000,0
le2i-blazepose-normalized::Coffee_room_01_video_4,1,3206,3206,151,175,0.000000,0.000000,adl,adl,0.440000,1
le2i-blazepose-normalized::Coffee_room_01_video_4,1,3207,3207,156,180,0.000000,0.000000,adl,adl,0.454000,1
le2i-blazepose-normalized::Coffee_room_01_video_4,1,3208,3208,161,185,0.000000,0.000000,adl,fall,0.504000,0
le2i-blazepose-normalized::Coffee_room_01_video_4,1,3209,3209,166,190,0.000000,0.000000,adl,fall,0.520000,0
le2i-blazepose-normalized::Coffee_room_01_video_4,1,3210,3210,171,195,0.000000,0.000000,adl,fall,0.526000,0
le2i-blazepose-normalized::Coffee_room_01_video_4,1,3211,3211,176,200,0.000000,0.000000,adl,fall,0.540000,0
le2i-blazepose-normalized::Coffee_room_01_video_4,1,3212,3212,181,205,0.000000,0.000000,adl,fall,0.552000,0
le2i-blazepose-normalized::Coffee_room_01_video_40,3,3213,3213,1,25,0.000000,0.000000,adl,adl,0.248000,1
le2i-blazepose-normalized::Coffee_room_01_video_40,3,3214,3214,6,30,0.000000,0.000000,adl,adl,0.334000,1
le2i-blazepose-normalized::Coffee_room_01_video_40,3,3215,3215,11,35,0.000000,0.000000,adl,adl,0.244000,1
le2i-blazepose-normalized::Coffee_room_01_video_40,3,3216,3216,16,40,0.000000,0.000000,adl,adl,0.128000,1
le2i-blazepose-normalized::Coffee_room_01_video_40,3,3217,3217,21,45,0.000000,0.000000,adl,adl,0.094000,1
le2i-blazepose-normalized::Coffee_room_01_video_40,3,3218,3218,26,50,0.000000,0.000000,adl,adl,0.056000,1
le2i-blazepose-normalized::Coffee_room_01_video_40,3,3219,3219,31,55,0.000000,0.000000,adl,adl,0.082000,1
le2i-blazepose-normalized::Coffee_room_01_video_40,3,3220,3220,36,60,0.000000,0.000000,adl,adl,0.096000,1
le2i-blazepose-normalized::Coffee_room_01_video_40,3,3221,3221,41,65,0.000000,0.000000,adl,adl,0.020000,1
le2i-blazepose-normalized::Coffee_room_01_video_40,3,3222,3222,46,70,0.000000,0.000000,adl,adl,0.004000,1
le2i-blazepose-normalized::Coffee_room_01_video_40,3,3223,3223,51,75,0.000000,0.000000,adl,adl,0.018000,1
le2i-blazepose-normalized::Coffee_room_01_video_40,3,3224,3224,56,80,0.000000,0.000000,adl,adl,0.026000,1
le2i-blazepose-normalized::Coffee_room_01_video_40,3,3225,3225,61,85,0.000000,0.000000,adl,adl,0.042000,1
le2i-blazepose-normalized::Coffee_room_01_video_40,3,3226,3226,66,90,0.000000,0.000000,adl,adl,0.108000,1
le2i-blazepose-normalized::Coffee_room_01_video_40,3,3227,3227,71,95,0.000000,0.000000,adl,adl,0.162000,1
le2i-blazepose-normalized::Coffee_room_01_video_40,3,3228,3228,76,100,0.000000,0.000000,adl,adl,0.066000,1
le2i-blazepose-normalized::Coffee_room_01_video_40,3,3229,3229,81,105,0.000000,0.000000,adl,adl,0.012000,1
le2i-blazepose-normalized::Coffee_room_01_video_40,3,3230,3230,86,110,0.000000,0.000000,adl,adl,0.010000,1
le2i-blazepose-normalized::Coffee_room_01_video_40,3,3231,3231,91,115,0.000000,0.000000,adl,adl,0.020000,1
le2i-blazepose-normalized::Coffee_room_01_video_40,3,3232,3232,96,120,0.000000,0.000000,adl,adl,0.052000,1
le2i-blazepose-normalized::Coffee_room_01_video_40,3,3233,3233,101,125,0.000000,0.000000,adl,adl,0.022000,1
le2i-blazepose-normalized::Coffee_room_01_video_40,3,3234,3234,106,130,0.000000,0.000000,adl,adl,0.010000,1
le2i-blazepose-normalized::Coffee_room_01_video_40,3,3235,3235,111,135,0.000000,0.000000,adl,adl,0.024000,1
le2i-blazepose-normalized::Coffee_room_01_video_40,3,3236,3236,116,140,0.000000,0.000000,adl,adl,0.012000,1
le2i-blazepose-normalized::Coffee_room_01_video_40,3,3237,3237,121,145,0.000000,0.000000,adl,adl,0.068000,1
le2i-blazepose-normalized::Coffee_room_01_video_40,3,3238,3238,126,150,0.000000,0.000000,adl,adl,0.054000,1
le2i-blazepose-normalized::Coffee_room_01_video_40,3,3239,3239,131,155,0.000000,0.000000,adl,adl,0.018000,1
le2i-blazepose-normalized::Coffee_room_01_video_40,3,3240,3240,136,160,0.000000,0.000000,adl,adl,0.036000,1
le2i-blazepose-normalized::Coffee_room_01_video_40,3,3241,3241,141,165,0.000000,0.000000,adl,adl,0.040000,1
le2i-blazepose-normalized::Coffee_room_01_video_40,3,3242,3242,146,170,0.000000,0.000000,adl,adl,0.094000,1
le2i-blazepose-normalized::Coffee_room_01_video_40,3,3243,3243,151,175,0.000000,0.000000,adl,adl,0.040000,1
le2i-blazepose-normalized::Coffee_room_01_video_40,3,3244,3244,156,180,0.000000,0.000000,adl,adl,0.032000,1
le2i-blazepose-normalized::Coffee_room_01_video_40,3,3245,3245,161,185,0.000000,0.000000,adl,adl,0.044000,1
le2i-blazepose-normalized::Coffee_room_01_video_40,3,3246,3246,166,190,0.000000,0.000000,adl,adl,0.092000,1
le2i-blazepose-normalized::Coffee_room_01_video_40,3,3247,3247,171,195,0.000000,0.000000,adl,adl,0.274000,1
le2i-blazepose-normalized::Coffee_room_01_video_40,3,3248,3248,176,200,0.000000,0.000000,adl,adl,0.324000,1
le2i-blazepose-normalized::Coffee_room_01_video_40,3,3249,3249,181,205,0.000000,0.000000,adl,adl,0.322000,1
le2i-blazepose-normalized::Coffee_room_01_video_40,3,3250,3250,186,210,0.000000,0.000000,adl,adl,0.312000,1
le2i-blazepose-normalized::Coffee_room_01_video_40,3,3251,3251,191,215,0.000000,0.000000,adl,adl,0.310000,1
le2i-blazepose-normalized::Coffee_room_01_video_40,3,3252,3252,196,220,0.000000,0.000000,adl,adl,0.034000,1
le2i-blazepose-normalized::Coffee_room_01_video_40,3,3253,3253,201,225,0.000000,0.000000,adl,adl,0.044000,1
le2i-blazepose-normalized::Coffee_room_01_video_40,3,3254,3254,206,230,0.000000,0.000000,adl,adl,0.066000,1
le2i-blazepose-normalized::Coffee_room_01_video_40,3,3255,3255,211,235,0.000000,0.000000,adl,adl,0.054000,1
le2i-blazepose-normalized::Coffee_room_01_video_40,3,3256,3256,216,240,0.000000,0.000000,adl,adl,0.068000,1
le2i-blazepose-normalized::Coffee_room_01_video_40,3,3257,3257,221,245,0.000000,0.000000,adl,adl,0.050000,1
le2i-blazepose-normalized::Coffee_room_01_video_40,3,3258,3258,226,250,0.000000,0.000000,adl,adl,0.046000,1
le2i-blazepose-normalized::Coffee_room_01_video_40,3,3259,3259,231,255,0.000000,0.000000,adl,adl,0.034000,1
le2i-blazepose-normalized::Coffee_room_01_video_40,3,3260,3260,236,260,0.000000,0.000000,adl,adl,0.080000,1
le2i-blazepose-normalized::Coffee_room_01_video_40,3,3261,3261,241,265,0.000000,0.000000,adl,adl,0.178000,1
le2i-blazepose-normalized::Coffee_room_01_video_40,3,3262,3262,246,270,0.000000,0.000000,fall,adl,0.444000,0
le2i-blazepose-normalized::Coffee_room_01_video_40,3,3263,3263,251,275,0.000000,0.000000,fall,fall,0.582000,1
le2i-blazepose-normalized::Coffee_room_01_video_40,3,3264,3264,256,280,0.000000,0.000000,fall,fall,0.566000,1
le2i-blazepose-normalized::Coffee_room_01_video_40,3,3265,3265,261,285,0.000000,0.000000,fall,fall,0.680000,1
le2i-blazepose-normalized::Coffee_room_01_video_40,3,3266,3266,266,290,0.000000,0.000000,fall,fall,0.750000,1
le2i-blazepose-normalized::Coffee_room_01_video_40,3,3267,3267,271,295,0.000000,0.000000,fall,fall,0.681000,1
le2i-blazepose-normalized::Coffee_room_01_video_40,3,3268,3268,276,300,0.000000,0.000000,fall,adl,0.482000,0
le2i-blazepose-normalized::Coffee_room_01_video_40,3,3269,3269,281,305,0.000000,0.000000,fall,adl,0.354000,0
le2i-blazepose-normalized::Coffee_room_01_video_40,3,3270,3270,286,310,0.000000,0.000000,adl,adl,0.362000,1
le2i-blazepose-normalized::Coffee_room_01_video_40,3,3271,3271,291,315,0.000000,0.000000,adl,adl,0.362000,1
le2i-blazepose-normalized::Coffee_room_01_video_40,3,3272,3272,296,320,0.000000,0.000000,adl,adl,0.366000,1
le2i-blazepose-normalized::Coffee_room_01_video_40,3,3273,3273,301,325,0.000000,0.000000,adl,adl,0.348000,1
le2i-blazepose-normalized::Coffee_room_01_video_40,3,3274,3274,306,330,0.000000,0.000000,adl,adl,0.360000,1
le2i-blazepose-normalized::Coffee_room_01_video_40,3,3275,3275,311,335,0.000000,0.000000,adl,adl,0.360000,1
le2i-blazepose-normalized::Coffee_room_01_video_40,3,3276,3276,316,340,0.000000,0.000000,adl,adl,0.358000,1
le2i-blazepose-normalized::Coffee_room_01_video_40,3,3277,3277,321,345,0.000000,0.000000,adl,adl,0.362000,1
le2i-blazepose-normalized::Coffee_room_01_video_40,3,3278,3278,326,350,0.000000,0.000000,adl,adl,0.362000,1
le2i-blazepose-normalized::Coffee_room_01_video_41,3,3279,3279,1,25,0.000000,0.000000,adl,adl,0.000000,1
le2i-blazepose-normalized::Coffee_room_01_video_41,3,3280,3280,6,30,0.000000,0.000000,adl,adl,0.000000,1
le2i-blazepose-normalized::Coffee_room_01_video_41,3,3281,3281,11,35,0.000000,0.000000,adl,adl,0.038000,1
le2i-blazepose-normalized::Coffee_room_01_video_41,3,3282,3282,16,40,0.000000,0.000000,adl,adl,0.370000,1
le2i-blazepose-normalized::Coffee_room_01_video_41,3,3283,3283,21,45,0.000000,0.000000,adl,adl,0.462000,1
le2i-blazepose-normalized::Coffee_room_01_video_41,3,3284,3284,26,50,0.000000,0.000000,adl,adl,0.368000,1
le2i-blazepose-normalized::Coffee_room_01_video_41,3,3285,3285,31,55,0.000000,0.000000,adl,adl,0.194000,1
le2i-blazepose-normalized::Coffee_room_01_video_41,3,3286,3286,36,60,0.000000,0.000000,adl,adl,0.036000,1
le2i-blazepose-normalized::Coffee_room_01_video_41,3,3287,3287,41,65,0.000000,0.000000,adl,adl,0.018000,1
le2i-blazepose-normalized::Coffee_room_01_video_41,3,3288,3288,46,70,0.000000,0.000000,adl,adl,0.014000,1
le2i-blazepose-normalized::Coffee_room_01_video_41,3,3289,3289,51,75,0.000000,0.000000,adl,adl,0.038000,1
le2i-blazepose-normalized::Coffee_room_01_video_41,3,3290,3290,56,80,0.000000,0.000000,adl,adl,0.020000,1
le2i-blazepose-normalized::Coffee_room_01_video_41,3,3291,3291,61,85,0.000000,0.000000,adl,adl,0.006000,1
le2i-blazepose-normalized::Coffee_room_01_video_41,3,3292,3292,66,90,0.000000,0.000000,adl,adl,0.002000,1
le2i-blazepose-normalized::Coffee_room_01_video_41,3,3293,3293,71,95,0.000000,0.000000,adl,adl,0.000000,1
le2i-blazepose-normalized::Coffee_room_01_video_41,3,3294,3294,76,100,0.000000,0.000000,adl,adl,0.000000,1
le2i-blazepose-normalized::Coffee_room_01_video_41,3,3295,3295,81,105,0.000000,0.000000,adl,adl,0.000000,1
le2i-blazepose-normalized::Coffee_room_01_video_41,3,3296,3296,86,110,0.000000,0.000000,adl,adl,0.000000,1
le2i-blazepose-normalized::Coffee_room_01_video_41,3,3297,3297,91,115,0.000000,0.000000,adl,adl,0.000000,1
le2i-blazepose-normalized::Coffee_room_01_video_41,3,3298,3298,96,120,0.000000,0.000000,adl,adl,0.000000,1
le2i-blazepose-normalized::Coffee_room_01_video_41,3,3299,3299,101,125,0.000000,0.000000,adl,adl,0.004000,1
le2i-blazepose-normalized::Coffee_room_01_video_41,3,3300,3300,106,130,0.000000,0.000000,adl,adl,0.000000,1
le2i-blazepose-normalized::Coffee_room_01_video_41,3,3301,3301,111,135,0.000000,0.000000,adl,adl,0.000000,1
le2i-blazepose-normalized::Coffee_room_01_video_41,3,3302,3302,116,140,0.000000,0.000000,adl,adl,0.000000,1
le2i-blazepose-normalized::Coffee_room_01_video_41,3,3303,3303,121,145,0.000000,0.000000,adl,adl,0.000000,1
le2i-blazepose-normalized::Coffee_room_01_video_41,3,3304,3304,126,150,0.000000,0.000000,adl,adl,0.002000,1
le2i-blazepose-normalized::Coffee_room_01_video_41,3,3305,3305,131,155,0.000000,0.000000,adl,adl,0.000000,1
le2i-blazepose-normalized::Coffee_room_01_video_41,3,3306,3306,136,160,0.000000,0.000000,adl,adl,0.000000,1
le2i-blazepose-normalized::Coffee_room_01_video_41,3,3307,3307,141,165,0.000000,0.000000,adl,adl,0.000000,1
le2i-blazepose-normalized::Coffee_room_01_video_41,3,3308,3308,146,170,0.000000,0.000000,adl,adl,0.000000,1
le2i-blazepose-normalized::Coffee_room_01_video_41,3,3309,3309,151,175,0.000000,0.000000,adl,adl,0.002000,1
le2i-blazepose-normalized::Coffee_room_01_video_41,3,3310,3310,156,180,0.000000,0.000000,adl,adl,0.004000,1
le2i-blazepose-normalized::Coffee_room_01_video_41,3,3311,3311,161,185,0.000000,0.000000,adl,adl,0.000000,1
le2i-blazepose-normalized::Coffee_room_01_video_41,3,3312,3312,166,190,0.000000,0.000000,adl,adl,0.002000,1
le2i-blazepose-normalized::Coffee_room_01_video_41,3,3313,3313,171,195,0.000000,0.000000,adl,adl,0.004000,1
le2i-blazepose-normalized::Coffee_room_01_video_41,3,3314,3314,176,200,0.000000,0.000000,adl,adl,0.004000,1
le2i-blazepose-normalized::Coffee_room_01_video_41,3,3315,3315,181,205,0.000000,0.000000,adl,adl,0.008000,1
le2i-blazepose-normalized::Coffee_room_01_video_41,3,3316,3316,186,210,0.000000,0.000000,adl,adl,0.022000,1
le2i-blazepose-normalized::Coffee_room_01_video_41,3,3317,3317,191,215,0.000000,0.000000,adl,adl,0.036000,1
le2i-blazepose-normalized::Coffee_room_01_video_41,3,3318,3318,196,220,0.000000,0.000000,adl,adl,0.032000,1
le2i-blazepose-normalized::Coffee_room_01_video_41,3,3319,3319,201,225,0.000000,0.000000,adl,adl,0.020000,1
le2i-blazepose-normalized::Coffee_room_01_video_41,3,3320,3320,206,230,0.000000,0.000000,adl,adl,0.006000,1
le2i-blazepose-normalized::Coffee_room_01_video_41,3,3321,3321,211,235,0.000000,0.000000,adl,adl,0.010000,1
le2i-blazepose-normalized::Coffee_room_01_video_41,3,3322,3322,216,240,0.000000,0.000000,adl,adl,0.012000,1
le2i-blazepose-normalized::Coffee_room_01_video_41,3,3323,3323,221,245,0.000000,0.000000,adl,adl,0.000000,1
le2i-blazepose-normalized::Coffee_room_01_video_41,3,3324,3324,226,250,0.000000,0.000000,adl,adl,0.000000,1
le2i-blazepose-normalized::Coffee_room_01_video_41,3,3325,3325,231,255,0.000000,0.000000,adl,adl,0.000000,1
le2i-blazepose-normalized::Coffee_room_01_video_41,3,3326,3326,236,260,0.000000,0.000000,adl,adl,0.000000,1
le2i-blazepose-normalized::Coffee_room_01_video_41,3,3327,3327,241,265,0.000000,0.000000,adl,adl,0.008000,1
le2i-blazepose-normalized::Coffee_room_01_video_41,3,3328,3328,246,270,0.000000,0.000000,adl,adl,0.024000,1
le2i-blazepose-normalized::Coffee_room_01_video_41,3,3329,3329,251,275,0.000000,0.000000,fall,adl,0.062000,0
le2i-blazepose-normalized::Coffee_room_01_video_41,3,3330,3330,256,280,0.000000,0.000000,fall,fall,0.592000,1
le2i-blazepose-normalized::Coffee_room_01_video_41,3,3331,3331,261,285,0.000000,0.000000,fall,fall,0.724000,1
le2i-blazepose-normalized::Coffee_room_01_video_41,3,3332,3332,266,290,0.000000,0.000000,fall,fall,0.722000,1
le2i-blazepose-normalized::Coffee_room_01_video_41,3,3333,3333,271,295,0.000000,0.000000,fall,fall,0.762000,1
le2i-blazepose-normalized::Coffee_room_01_video_41,3,3334,3334,276,300,0.000000,0.000000,fall,fall,0.576000,1
le2i-blazepose-normalized::Coffee_room_01_video_41,3,3335,3335,281,305,0.000000,0.000000,fall,fall,0.602000,1
le2i-blazepose-normalized::Coffee_room_01_video_41,3,3336,3336,286,310,0.000000,0.000000,adl,fall,0.594000,0
le2i-blazepose-normalized::Coffee_room_01_video_41,3,3337,3337,291,315,0.000000,0.000000,adl,fall,0.628000,0
le2i-blazepose-normalized::Coffee_room_01_video_41,3,3338,3338,296,320,0.000000,0.000000,adl,fall,0.626000,0
le2i-blazepose-normalized::Coffee_room_01_video_41,3,3339,3339,301,325,0.000000,0.000000,adl,fall,0.622000,0
le2i-blazepose-normalized::Coffee_room_01_video_41,3,3340,3340,306,330,0.000000,0.000000,adl,fall,0.630000,0
le2i-blazepose-normalized::Coffee_room_01_video_41,3,3341,3341,311,335,0.000000,0.000000,adl,fall,0.626000,0
le2i-blazepose-normalized::Coffee_room_01_video_41,3,3342,3342,316,340,0.000000,0.000000,adl,fall,0.630000,0
le2i-blazepose-normalized::Coffee_room_01_video_41,3,3343,3343,321,345,0.000000,0.000000,adl,fall,0.624000,0
le2i-blazepose-normalized::Coffee_room_01_video_41,3,3344,3344,326,350,0.000000,0.000000,adl,fall,0.642000,0
le2i-blazepose-normalized::Coffee_room_01_video_41,3,3345,3345,331,355,0.000000,0.000000,adl,fall,0.634000,0
le2i-blazepose-normalized::Coffee_room_01_video_41,3,3346,3346,336,360,0.000000,0.000000,adl,fall,0.638000,0
le2i-blazepose-normalized::Coffee_room_01_video_41,3,3347,3347,341,365,0.000000,0.000000,adl,fall,0.648000,0
le2i-blazepose-normalized::Coffee_room_01_video_41,3,3348,3348,346,370,0.000000,0.000000,adl,fall,0.612000,0
le2i-blazepose-normalized::Coffee_room_01_video_41,3,3349,3349,351,375,0.000000,0.000000,adl,fall,0.622000,0
le2i-blazepose-normalized::Coffee_room_01_video_41,3,3350,3350,356,380,0.000000,0.000000,adl,fall,0.606000,0
le2i-blazepose-normalized::Coffee_room_01_video_42,5,3351,3351,1,25,0.000000,0.000000,adl,adl,0.116000,1
le2i-blazepose-normalized::Coffee_room_01_video_42,5,3352,3352,6,30,0.000000,0.000000,adl,adl,0.262000,1
le2i-blazepose-normalized::Coffee_room_01_video_42,5,3353,3353,11,35,0.000000,0.000000,adl,adl,0.350000,1
le2i-blazepose-normalized::Coffee_room_01_video_42,5,3354,3354,16,40,0.000000,0.000000,adl,adl,0.324000,1
le2i-blazepose-normalized::Coffee_room_01_video_42,5,3355,3355,21,45,0.000000,0.000000,adl,adl,0.258000,1
le2i-blazepose-normalized::Coffee_room_01_video_42,5,3356,3356,26,50,0.000000,0.000000,adl,adl,0.146000,1
le2i-blazepose-normalized::Coffee_room_01_video_42,5,3357,3357,31,55,0.000000,0.000000,adl,adl,0.020000,1
le2i-blazepose-normalized::Coffee_room_01_video_42,5,3358,3358,36,60,0.000000,0.000000,adl,adl,0.004000,1
le2i-blazepose-normalized::Coffee_room_01_video_42,5,3359,3359,41,65,0.000000,0.000000,adl,adl,0.002000,1
le2i-blazepose-normalized::Coffee_room_01_video_42,5,3360,3360,46,70,0.000000,0.000000,adl,adl,0.000000,1
le2i-blazepose-normalized::Coffee_room_01_video_42,5,3361,3361,51,75,0.000000,0.000000,adl,adl,0.000000,1
le2i-blazepose-normalized::Coffee_room_01_video_42,5,3362,3362,56,80,0.000000,0.000000,adl,adl,0.000000,1
le2i-blazepose-normalized::Coffee_room_01_video_42,5,3363,3363,61,85,0.000000,0.000000,adl,adl,0.000000,1
le2i-blazepose-normalized::Coffee_room_01_video_42,5,3364,3364,66,90,0.000000,0.000000,adl,adl,0.000000,1
le2i-blazepose-normalized::Coffee_room_01_video_42,5,3365,3365,71,95,0.000000,0.000000,adl,adl,0.000000,1
le2i-blazepose-normalized::Coffee_room_01_video_42,5,3366,3366,76,100,0.000000,0.000000,adl,adl,0.000000,1
le2i-blazepose-normalized::Coffee_room_01_video_42,5,3367,3367,81,105,0.000000,0.000000,adl,adl,0.000000,1
le2i-blazepose-normalized::Coffee_room_01_video_42,5,3368,3368,86,110,0.000000,0.000000,adl,adl,0.000000,1
le2i-blazepose-normalized::Coffee_room_01_video_42,5,3369,3369,91,115,0.000000,0.000000,adl,adl,0.004000,1
le2i-blazepose-normalized::Coffee_room_01_video_42,5,3370,3370,96,120,0.000000,0.000000,fall,fall,0.602000,1
le2i-blazepose-normalized::Coffee_room_01_video_42,5,3371,3371,101,125,0.000000,0.000000,fall,fall,0.922000,1
le2i-blazepose-normalized::Coffee_room_01_video_42,5,3372,3372,106,130,0.000000,0.000000,fall,fall,0.970000,1
le2i-blazepose-normalized::Coffee_room_01_video_42,5,3373,3373,111,135,0.000000,0.000000,fall,fall,0.985429,1
le2i-blazepose-normalized::Coffee_room_01_video_42,5,3374,3374,116,140,0.000000,0.000000,fall,fall,0.949976,1
le2i-blazepose-normalized::Coffee_room_01_video_42,5,3375,3375,121,145,0.000000,0.000000,fall,fall,0.654095,1
le2i-blazepose-normalized::Coffee_room_01_video_42,5,3376,3376,126,150,0.000000,0.000000,adl,adl,0.201333,1
le2i-blazepose-normalized::Coffee_room_01_video_42,5,3377,3377,131,155,0.000000,0.000000,adl,adl,0.130000,1
le2i-blazepose-normalized::Coffee_room_01_video_43,3,3378,3378,1,25,0.000000,0.000000,adl,adl,0.026000,1
le2i-blazepose-normalized::Coffee_room_01_video_43,3,3379,3379,6,30,0.000000,0.000000,adl,adl,0.032000,1
le2i-blazepose-normalized::Coffee_room_01_video_43,3,3380,3380,11,35,0.000000,0.000000,adl,adl,0.034000,1
le2i-blazepose-normalized::Coffee_room_01_video_43,3,3381,3381,16,40,0.000000,0.000000,adl,adl,0.030000,1
le2i-blazepose-normalized::Coffee_room_01_video_43,3,3382,3382,21,45,0.000000,0.000000,adl,adl,0.036000,1
le2i-blazepose-normalized::Coffee_room_01_video_43,3,3383,3383,26,50,0.000000,0.000000,adl,adl,0.110000,1
le2i-blazepose-normalized::Coffee_room_01_video_43,3,3384,3384,31,55,0.000000,0.000000,adl,adl,0.280000,1
le2i-blazepose-normalized::Coffee_room_01_video_43,3,3385,3385,36,60,0.000000,0.000000,adl,adl,0.372000,1
le2i-blazepose-normalized::Coffee_room_01_video_43,3,3386,3386,41,65,0.000000,0.000000,adl,adl,0.176000,1
le2i-blazepose-normalized::Coffee_room_01_video_43,3,3387,3387,46,70,0.000000,0.000000,adl,adl,0.084000,1
le2i-blazepose-normalized::Coffee_room_01_video_43,3,3388,3388,51,75,0.000000,0.000000,adl,adl,0.018000,1
le2i-blazepose-normalized::Coffee_room_01_video_43,3,3389,3389,56,80,0.000000,0.000000,adl,adl,0.008000,1
le2i-blazepose-normalized::Coffee_room_01_video_43,3,3390,3390,61,85,0.000000,0.000000,adl,adl,0.000000,1
le2i-blazepose-normalized::Coffee_room_01_video_43,3,3391,3391,66,90,0.000000,0.000000,adl,adl,0.000000,1
le2i-blazepose-normalized::Coffee_room_01_video_43,3,3392,3392,71,95,0.000000,0.000000,adl,adl,0.000000,1
le2i-blazepose-normalized::Coffee_room_01_video_43,3,3393,3393,76,100,0.000000,0.000000,adl,adl,0.000000,1
le2i-blazepose-normalized::Coffee_room_01_video_43,3,3394,3394,81,105,0.000000,0.000000,adl,adl,0.000000,1
le2i-blazepose-normalized::Coffee_room_01_video_43,3,3395,3395,86,110,0.000000,0.000000,adl,adl,0.000000,1
le2i-blazepose-normalized::Coffee_room_01_video_43,3,3396,3396,91,115,0.000000,0.000000,adl,adl,0.000000,1
le2i-blazepose-normalized::Coffee_room_01_video_43,3,3397,3397,96,120,0.000000,0.000000,adl,adl,0.000000,1
le2i-blazepose-normalized::Coffee_room_01_video_43,3,3398,3398,101,125,0.000000,0.000000,adl,adl,0.000000,1
le2i-blazepose-normalized::Coffee_room_01_video_43,3,3399,3399,106,130,0.000000,0.000000,adl,adl,0.006000,1
le2i-blazepose-normalized::Coffee_room_01_video_43,3,3400,3400,111,135,0.000000,0.000000,adl,adl,0.002000,1
le2i-blazepose-normalized::Coffee_room_01_video_43,3,3401,3401,116,140,0.000000,0.000000,adl,adl,0.002000,1
le2i-blazepose-normalized::Coffee_room_01_video_43,3,3402,3402,121,145,0.000000,0.000000,adl,adl,0.000000,1
le2i-blazepose-normalized::Coffee_room_01_video_43,3,3403,3403,126,150,0.000000,0.000000,adl,adl,0.000000,1
le2i-blazepose-normalized::Coffee_room_01_video_43,3,3404,3404,131,155,0.000000,0.000000,adl,adl,0.006000,1
le2i-blazepose-normalized::Coffee_room_01_video_43,3,3405,3405,136,160,0.000000,0.000000,adl,adl,0.000000,1
le2i-blazepose-normalized::Coffee_room_01_video_43,3,3406,3406,141,165,0.000000,0.000000,adl,adl,0.002000,1
le2i-blazepose-normalized::Coffee_room_01_video_43,3,3407,3407,146,170,0.000000,0.000000,adl,adl,0.006000,1
le2i-blazepose-normalized::Coffee_room_01_video_43,3,3408,3408,151,175,0.000000,0.000000,adl,adl,0.006000,1
le2i-blazepose-normalized::Coffee_room_01_video_43,3,3409,3409,156,180,0.000000,0.000000,adl,adl,0.000000,1
le2i-blazepose-normalized::Coffee_room_01_video_43,3,3410,3410,161,185,0.000000,0.000000,adl,adl,0.002000,1
le2i-blazepose-normalized::Coffee_room_01_video_43,3,3411,3411,166,190,0.000000,0.000000,adl,adl,0.002000,1
le2i-blazepose-normalized::Coffee_room_01_video_43,3,3412,3412,171,195,0.000000,0.000000,adl,adl,0.004000,1
le2i-blazepose-normalized::Coffee_room_01_video_43,3,3413,3413,176,200,0.000000,0.000000,adl,adl,0.004000,1
le2i-blazepose-normalized::Coffee_room_01_video_43,3,3414,3414,181,205,0.000000,0.000000,adl,adl,0.000000,1
le2i-blazepose-normalized::Coffee_room_01_video_43,3,3415,3415,186,210,0.000000,0.000000,adl,adl,0.000000,1
le2i-blazepose-normalized::Coffee_room_01_video_43,3,3416,3416,191,215,0.000000,0.000000,adl,adl,0.000000,1
le2i-blazepose-normalized::Coffee_room_01_video_43,3,3417,3417,196,220,0.000000,0.000000,adl,adl,0.000000,1
le2i-blazepose-normalized::Coffee_room_01_video_43,3,3418,3418,201,225,0.000000,0.000000,adl,adl,0.002000,1
le2i-blazepose-normalized::Coffee_room_01_video_43,3,3419,3419,206,230,0.000000,0.000000,adl,adl,0.000000,1
le2i-blazepose-normalized::Coffee_room_01_video_43,3,3420,3420,211,235,0.000000,0.000000,adl,adl,0.000000,1
le2i-blazepose-normalized::Coffee_room_01_video_43,3,3421,3421,216,240,0.000000,0.000000,adl,adl,0.000000,1
le2i-blazepose-normalized::Coffee_room_01_video_43,3,3422,3422,221,245,0.000000,0.000000,adl,adl,0.000000,1
le2i-blazepose-normalized::Coffee_room_01_video_43,3,3423,3423,226,250,0.000000,0.000000,adl,adl,0.000000,1
le2i-blazepose-normalized::Coffee_room_01_video_43,3,3424,3424,231,255,0.000000,0.000000,adl,adl,0.000000,1
le2i-blazepose-normalized::Coffee_room_01_video_43,3,3425,3425,236,260,0.000000,0.000000,adl,adl,0.000000,1
le2i-blazepose-normalized::Coffee_room_01_video_43,3,3426,3426,241,265,0.000000,0.000000,adl,adl,0.000000,1
le2i-blazepose-normalized::Coffee_room_01_video_43,3,3427,3427,246,270,0.000000,0.000000,adl,adl,0.000000,1
le2i-blazepose-normalized::Coffee_room_01_video_43,3,3428,3428,251,275,0.000000,0.000000,adl,adl,0.000000,1
le2i-blazepose-normalized::Coffee_room_01_video_43,3,3429,3429,256,280,0.000000,0.000000,adl,adl,0.000000,1
le2i-blazepose-normalized::Coffee_room_01_video_43,3,3430,3430,261,285,0.000000,0.000000,adl,adl,0.000000,1
le2i-blazepose-normalized::Coffee_room_01_video_43,3,3431,3431,266,290,0.000000,0.000000,adl,adl,0.000000,1
le2i-blazepose-normalized::Coffee_room_01_video_43,3,3432,3432,271,295,0.000000,0.000000,adl,adl,0.002000,1
le2i-blazepose-normalized::Coffee_room_01_video_43,3,3433,3433,276,300,0.000000,0.000000,adl,adl,0.000000,1
le2i-blazepose-normalized::Coffee_room_01_video_43,3,3434,3434,281,305,0.000000,0.000000,adl,adl,0.000000,1
le2i-blazepose-normalized::Coffee_room_01_video_43,3,3435,3435,286,310,0.000000,0.000000,adl,adl,0.000000,1
le2i-blazepose-normalized::Coffee_room_01_video_43,3,3436,3436,291,315,0.000000,0.000000,adl,adl,0.000000,1
le2i-blazepose-normalized::Coffee_room_01_video_43,3,3437,3437,296,320,0.000000,0.000000,adl,adl,0.000000,1
le2i-blazepose-normalized::Coffee_room_01_video_43,3,3438,3438,301,325,0.000000,0.000000,adl,adl,0.000000,1
le2i-blazepose-normalized::Coffee_room_01_video_43,3,3439,3439,306,330,0.000000,0.000000,adl,adl,0.000000,1
le2i-blazepose-normalized::Coffee_room_01_video_43,3,3440,3440,311,335,0.000000,0.000000,adl,adl,0.000000,1
le2i-blazepose-normalized::Coffee_room_01_video_43,3,3441,3441,316,340,0.000000,0.000000,adl,adl,0.000000,1
le2i-blazepose-normalized::Coffee_room_01_video_43,3,3442,3442,321,345,0.000000,0.000000,adl,adl,0.000000,1
le2i-blazepose-normalized::Coffee_room_01_video_43,3,3443,3443,326,350,0.000000,0.000000,adl,adl,0.000000,1
le2i-blazepose-normalized::Coffee_room_01_video_43,3,3444,3444,331,355,0.000000,0.000000,adl,adl,0.000000,1
le2i-blazepose-normalized::Coffee_room_01_video_43,3,3445,3445,336,360,0.000000,0.000000,adl,adl,0.000000,1
le2i-blazepose-normalized::Coffee_room_01_video_43,3,3446,3446,341,365,0.000000,0.000000,adl,adl,0.000000,1
le2i-blazepose-normalized::Coffee_room_01_video_43,3,3447,3447,346,370,0.000000,0.000000,adl,adl,0.000000,1
le2i-blazepose-normalized::Coffee_room_01_video_43,3,3448,3448,351,375,0.000000,0.000000,adl,adl,0.000000,1
le2i-blazepose-normalized::Coffee_room_01_video_43,3,3449,3449,356,380,0.000000,0.000000,adl,adl,0.000000,1
le2i-blazepose-normalized::Coffee_room_01_video_43,3,3450,3450,361,385,0.000000,0.000000,adl,adl,0.000000,1
le2i-blazepose-normalized::Coffee_room_01_video_43,3,3451,3451,366,390,0.000000,0.000000,adl,adl,0.000000,1
le2i-blazepose-normalized::Coffee_room_01_video_43,3,3452,3452,371,395,0.000000,0.000000,adl,adl,0.000000,1
le2i-blazepose-normalized::Coffee_room_01_video_43,3,3453,3453,376,400,0.000000,0.000000,adl,adl,0.000000,1
le2i-blazepose-normalized::Coffee_room_01_video_43,3,3454,3454,381,405,0.000000,0.000000,adl,adl,0.000000,1
le2i-blazepose-normalized::Coffee_room_01_video_43,3,3455,3455,386,410,0.000000,0.000000,adl,adl,0.000000,1
le2i-blazepose-normalized::Coffee_room_01_video_43,3,3456,3456,391,415,0.000000,0.000000,adl,adl,0.000000,1
le2i-blazepose-normalized::Coffee_room_01_video_43,3,3457,3457,396,420,0.000000,0.000000,adl,adl,0.000000,1
le2i-blazepose-normalized::Coffee_room_01_video_43,3,3458,3458,401,425,0.000000,0.000000,adl,adl,0.000000,1
le2i-blazepose-normalized::Coffee_room_01_video_43,3,3459,3459,406,430,0.000000,0.000000,adl,adl,0.000000,1
le2i-blazepose-normalized::Coffee_room_01_video_43,3,3460,3460,411,435,0.000000,0.000000,adl,adl,0.000000,1
le2i-blazepose-normalized::Coffee_room_01_video_43,3,3461,3461,416,440,0.000000,0.000000,adl,adl,0.000000,1
le2i-blazepose-normalized::Coffee_room_01_video_43,3,3462,3462,421,445,0.000000,0.000000,adl,adl,0.000000,1
le2i-blazepose-normalized::Coffee_room_01_video_43,3,3463,3463,426,450,0.000000,0.000000,adl,adl,0.000000,1
le2i-blazepose-normalized::Coffee_room_01_video_43,3,3464,3464,431,455,0.000000,0.000000,adl,adl,0.000000,1
le2i-blazepose-normalized::Coffee_room_01_video_43,3,3465,3465,436,460,0.000000,0.000000,adl,adl,0.000000,1
le2i-blazepose-normalized::Coffee_room_01_video_43,3,3466,3466,441,465,0.000000,0.000000,adl,adl,0.000000,1
le2i-blazepose-normalized::Coffee_room_01_video_43,3,3467,3467,446,470,0.000000,0.000000,adl,adl,0.000000,1
le2i-blazepose-normalized::Coffee_room_01_video_43,3,3468,3468,451,475,0.000000,0.000000,adl,adl,0.000000,1
le2i-blazepose-normalized::Coffee_room_01_video_43,3,3469,3469,456,480,0.000000,0.000000,adl,adl,0.000000,1
le2i-blazepose-normalized::Coffee_room_01_video_43,3,3470,3470,461,485,0.000000,0.000000,adl,adl,0.000000,1
le2i-blazepose-normalized::Coffee_room_01_video_43,3,3471,3471,466,490,0.000000,0.000000,adl,adl,0.000000,1
le2i-blazepose-normalized::Coffee_room_01_video_43,3,3472,3472,471,495,0.000000,0.000000,adl,adl,0.000000,1
le2i-blazepose-normalized::Coffee_room_01_video_43,3,3473,3473,476,500,0.000000,0.000000,adl,adl,0.000000,1
le2i-blazepose-normalized::Coffee_room_01_video_43,3,3474,3474,481,505,0.000000,0.000000,adl,adl,0.000000,1
le2i-blazepose-normalized::Coffee_room_01_video_43,3,3475,3475,486,510,0.000000,0.000000,adl,adl,0.000000,1
le2i-blazepose-normalized::Coffee_room_01_video_43,3,3476,3476,491,515,0.000000,0.000000,adl,adl,0.000000,1
le2i-blazepose-normalized::Coffee_room_01_video_43,3,3477,3477,496,520,0.000000,0.000000,adl,adl,0.000000,1
le2i-blazepose-normalized::Coffee_room_01_video_43,3,3478,3478,501,525,0.000000,0.000000,adl,adl,0.000000,1
le2i-blazepose-normalized::Coffee_room_01_video_43,3,3479,3479,506,530,0.000000,0.000000,adl,adl,0.000000,1
le2i-blazepose-normalized::Coffee_room_01_video_43,3,3480,3480,511,535,0.000000,0.000000,adl,adl,0.000000,1
le2i-blazepose-normalized::Coffee_room_01_video_43,3,3481,3481,516,540,0.000000,0.000000,adl,adl,0.000000,1
le2i-blazepose-normalized::Coffee_room_01_video_43,3,3482,3482,521,545,0.000000,0.000000,adl,adl,0.000000,1
le2i-blazepose-normalized::Coffee_room_01_video_43,3,3483,3483,526,550,0.000000,0.000000,adl,adl,0.000000,1
le2i-blazepose-normalized::Coffee_room_01_video_43,3,3484,3484,531,555,0.000000,0.000000,adl,adl,0.000000,1
le2i-blazepose-normalized::Coffee_room_01_video_43,3,3485,3485,536,560,0.000000,0.000000,adl,adl,0.000000,1
le2i-blazepose-normalized::Coffee_room_01_video_43,3,3486,3486,541,565,0.000000,0.000000,adl,adl,0.000000,1
le2i-blazepose-normalized::Coffee_room_01_video_43,3,3487,3487,546,570,0.000000,0.000000,adl,adl,0.000000,1
le2i-blazepose-normalized::Coffee_room_01_video_43,3,3488,3488,551,575,0.000000,0.000000,adl,adl,0.000000,1
le2i-blazepose-normalized::Coffee_room_01_video_43,3,3489,3489,556,580,0.000000,0.000000,adl,adl,0.000000,1
le2i-blazepose-normalized::Coffee_room_01_video_43,3,3490,3490,561,585,0.000000,0.000000,adl,adl,0.000000,1
le2i-blazepose-normalized::Coffee_room_01_video_43,3,3491,3491,566,590,0.000000,0.000000,adl,adl,0.000000,1
le2i-blazepose-normalized::Coffee_room_01_video_43,3,3492,3492,571,595,0.000000,0.000000,adl,adl,0.000000,1
le2i-blazepose-normalized::Coffee_room_01_video_43,3,3493,3493,576,600,0.000000,0.000000,adl,adl,0.000000,1
le2i-blazepose-normalized::Coffee_room_01_video_43,3,3494,3494,581,605,0.000000,0.000000,adl,adl,0.000000,1
le2i-blazepose-normalized::Coffee_room_01_video_43,3,3495,3495,586,610,0.000000,0.000000,adl,adl,0.000000,1
le2i-blazepose-normalized::Coffee_room_01_video_43,3,3496,3496,591,615,0.000000,0.000000,adl,adl,0.000000,1
le2i-blazepose-normalized::Coffee_room_01_video_43,3,3497,3497,596,620,0.000000,0.000000,adl,adl,0.002000,1
le2i-blazepose-normalized::Coffee_room_01_video_43,3,3498,3498,601,625,0.000000,0.000000,adl,adl,0.006000,1
le2i-blazepose-normalized::Coffee_room_01_video_43,3,3499,3499,606,630,0.000000,0.000000,adl,adl,0.046000,1
le2i-blazepose-normalized::Coffee_room_01_video_43,3,3500,3500,611,635,0.000000,0.000000,adl,adl,0.192000,1
le2i-blazepose-normalized::Coffee_room_01_video_43,3,3501,3501,616,640,0.000000,0.000000,fall,fall,0.542000,1
le2i-blazepose-normalized::Coffee_room_01_video_43,3,3502,3502,621,645,0.000000,0.000000,fall,fall,0.922000,1
le2i-blazepose-normalized::Coffee_room_01_video_43,3,3503,3503,626,650,0.000000,0.000000,fall,fall,0.928000,1
le2i-blazepose-normalized::Coffee_room_01_video_43,3,3504,3504,631,655,0.000000,0.000000,fall,fall,0.904000,1
le2i-blazepose-normalized::Coffee_room_01_video_43,3,3505,3505,636,660,0.000000,0.000000,fall,fall,0.911000,1
le2i-blazepose-normalized::Coffee_room_01_video_43,3,3506,3506,641,665,0.000000,0.000000,fall,fall,0.758000,1
le2i-blazepose-normalized::Coffee_room_01_video_43,3,3507,3507,646,670,0.000000,0.000000,fall,fall,0.582000,1
le2i-blazepose-normalized::Coffee_room_01_video_43,3,3508,3508,651,675,0.000000,0.000000,fall,adl,0.418000,0
le2i-blazepose-normalized::Coffee_room_01_video_43,3,3509,3509,656,680,0.000000,0.000000,adl,adl,0.386000,1
le2i-blazepose-normalized::Coffee_room_01_video_43,3,3510,3510,661,685,0.000000,0.000000,adl,adl,0.334000,1
le2i-blazepose-normalized::Coffee_room_01_video_43,3,3511,3511,666,690,0.000000,0.000000,adl,adl,0.316000,1
le2i-blazepose-normalized::Coffee_room_01_video_43,3,3512,3512,671,695,0.000000,0.000000,adl,adl,0.312000,1
le2i-blazepose-normalized::Coffee_room_01_video_43,3,3513,3513,676,700,0.000000,0.000000,adl,adl,0.306000,1
le2i-blazepose-normalized::Coffee_room_01_video_43,3,3514,3514,681,705,0.000000,0.000000,adl,adl,0.314000,1
le2i-blazepose-normalized::Coffee_room_01_video_43,3,3515,3515,686,710,0.000000,0.000000,adl,adl,0.314000,1
le2i-blazepose-normalized::Coffee_room_01_video_43,3,3516,3516,691,715,0.000000,0.000000,adl,adl,0.322000,1
le2i-blazepose-normalized::Coffee_room_01_video_44,5,3517,3517,1,25,0.000000,0.000000,adl,adl,0.000000,1
le2i-blazepose-normalized::Coffee_room_01_video_44,5,3518,3518,6,30,0.000000,0.000000,adl,adl,0.000000,1
le2i-blazepose-normalized::Coffee_room_01_video_44,5,3519,3519,11,35,0.000000,0.000000,adl,adl,0.000000,1
le2i-blazepose-normalized::Coffee_room_01_video_44,5,3520,3520,16,40,0.000000,0.000000,adl,adl,0.000000,1
le2i-blazepose-normalized::Coffee_room_01_video_44,5,3521,3521,21,45,0.000000,0.000000,adl,adl,0.002000,1
le2i-blazepose-normalized::Coffee_room_01_video_44,5,3522,3522,26,50,0.000000,0.000000,adl,adl,0.010000,1
le2i-blazepose-normalized::Coffee_room_01_video_44,5,3523,3523,31,55,0.000000,0.000000,adl,adl,0.250000,1
le2i-blazepose-normalized::Coffee_room_01_video_44,5,3524,3524,36,60,0.000000,0.000000,adl,adl,0.292000,1
le2i-blazepose-normalized::Coffee_room_01_video_44,5,3525,3525,41,65,0.000000,0.000000,fall,fall,0.630000,1
le2i-blazepose-normalized::Coffee_room_01_video_44,5,3526,3526,46,70,0.000000,0.000000,fall,fall,0.748000,1
le2i-blazepose-normalized::Coffee_room_01_video_44,5,3527,3527,51,75,0.000000,0.000000,fall,fall,0.632000,1
le2i-blazepose-normalized::Coffee_room_01_video_44,5,3528,3528,56,80,0.000000,0.000000,fall,fall,0.650667,1
le2i-blazepose-normalized::Coffee_room_01_video_44,5,3529,3529,61,85,0.000000,0.000000,fall,fall,0.534000,1
le2i-blazepose-normalized::Coffee_room_01_video_44,5,3530,3530,66,90,0.000000,0.000000,fall,adl,0.376000,0
le2i-blazepose-normalized::Coffee_room_01_video_44,5,3531,3531,71,95,0.000000,0.000000,fall,adl,0.268000,0
le2i-blazepose-normalized::Coffee_room_01_video_44,5,3532,3532,76,100,0.000000,0.000000,fall,adl,0.264000,0
le2i-blazepose-normalized::Coffee_room_01_video_44,5,3533,3533,81,105,0.000000,0.000000,adl,adl,0.352000,1
le2i-blazepose-normalized::Coffee_room_01_video_44,5,3534,3534,86,110,0.000000,0.000000,adl,adl,0.356000,1
le2i-blazepose-normalized::Coffee_room_01_video_44,5,3535,3535,91,115,0.000000,0.000000,adl,adl,0.356000,1
le2i-blazepose-normalized::Coffee_room_01_video_44,5,3536,3536,96,120,0.000000,0.000000,adl,adl,0.330000,1
le2i-blazepose-normalized::Coffee_room_01_video_44,5,3537,3537,101,125,0.000000,0.000000,adl,adl,0.332000,1
le2i-blazepose-normalized::Coffee_room_01_video_44,5,3538,3538,106,130,0.000000,0.000000,adl,adl,0.322000,1
le2i-blazepose-normalized::Coffee_room_01_video_45,2,3539,3539,1,25,0.000000,0.000000,adl,adl,0.000000,1
le2i-blazepose-normalized::Coffee_room_01_video_45,2,3540,3540,6,30,0.000000,0.000000,adl,adl,0.000000,1
le2i-blazepose-normalized::Coffee_room_01_video_45,2,3541,3541,11,35,0.000000,0.000000,adl,adl,0.000000,1
le2i-blazepose-normalized::Coffee_room_01_video_45,2,3542,3542,16,40,0.000000,0.000000,adl,adl,0.000000,1
le2i-blazepose-normalized::Coffee_room_01_video_45,2,3543,3543,21,45,0.000000,0.000000,adl,adl,0.000000,1
le2i-blazepose-normalized::Coffee_room_01_video_45,2,3544,3544,26,50,0.000000,0.000000,adl,adl,0.000000,1
le2i-blazepose-normalized::Coffee_room_01_video_45,2,3545,3545,31,55,0.000000,0.000000,adl,adl,0.000000,1
le2i-blazepose-normalized::Coffee_room_01_video_45,2,3546,3546,36,60,0.000000,0.000000,adl,adl,0.000000,1
le2i-blazepose-normalized::Coffee_room_01_video_45,2,3547,3547,41,65,0.000000,0.000000,adl,adl,0.000000,1
le2i-blazepose-normalized::Coffee_room_01_video_45,2,3548,3548,46,70,0.000000,0.000000,adl,adl,0.000000,1
le2i-blazepose-normalized::Coffee_room_01_video_45,2,3549,3549,51,75,0.000000,0.000000,adl,adl,0.000000,1
le2i-blazepose-normalized::Coffee_room_01_video_45,2,3550,3550,56,80,0.000000,0.000000,adl,adl,0.000000,1
le2i-blazepose-normalized::Coffee_room_01_video_45,2,3551,3551,61,85,0.000000,0.000000,adl,adl,0.000000,1
le2i-blazepose-normalized::Coffee_room_01_video_45,2,3552,3552,66,90,0.000000,0.000000,adl,adl,0.002000,1
le2i-blazepose-normalized::Coffee_room_01_video_45,2,3553,3553,71,95,0.000000,0.000000,adl,adl,0.004000,1
le2i-blazepose-normalized::Coffee_room_01_video_45,2,3554,3554,76,100,0.000000,0.000000,adl,adl,0.176000,1
le2i-blazepose-normalized::Coffee_room_01_video_45,2,3555,3555,81,105,0.000000,0.000000,adl,adl,0.382000,1
le2i-blazepose-normalized::Coffee_room_01_video_45,2,3556,3556,86,110,0.000000,0.000000,fall,fall,0.758000,1
le2i-blazepose-normalized::Coffee_room_01_video_45,2,3557,3557,91,115,0.000000,0.000000,fall,fall,0.928000,1
le2i-blazepose-normalized::Coffee_room_01_video_45,2,3558,3558,96,120,0.000000,0.000000,fall,fall,0.940000,1
le2i-blazepose-normalized::Coffee_room_01_video_45,2,3559,3559,101,125,0.000000,0.000000,fall,fall,0.934000,1
le2i-blazepose-normalized::Coffee_room_01_video_45,2,3560,3560,106,130,0.000000,0.000000,fall,fall,0.850000,1
le2i-blazepose-normalized::Coffee_room_01_video_45,2,3561,3561,111,135,0.000000,0.000000,fall,fall,0.798000,1
le2i-blazepose-normalized::Coffee_room_01_video_45,2,3562,3562,116,140,0.000000,0.000000,fall,fall,0.618000,1
le2i-blazepose-normalized::Coffee_room_01_video_45,2,3563,3563,121,145,0.000000,0.000000,fall,fall,0.590000,1
le2i-blazepose-normalized::Coffee_room_01_video_45,2,3564,3564,126,150,0.000000,0.000000,adl,fall,0.614000,0
le2i-blazepose-normalized::Coffee_room_01_video_45,2,3565,3565,131,155,0.000000,0.000000,adl,fall,0.514000,0
le2i-blazepose-normalized::Coffee_room_01_video_45,2,3566,3566,136,160,0.000000,0.000000,adl,fall,0.598000,0
le2i-blazepose-normalized::Coffee_room_01_video_45,2,3567,3567,141,165,0.000000,0.000000,adl,fall,0.604000,0
le2i-blazepose-normalized::Coffee_room_01_video_45,2,3568,3568,146,170,0.000000,0.000000,adl,fall,0.598000,0
le2i-blazepose-normalized::Coffee_room_01_video_45,2,3569,3569,151,175,0.000000,0.000000,adl,fall,0.604000,0
le2i-blazepose-normalized::Coffee_room_01_video_45,2,3570,3570,156,180,0.000000,0.000000,adl,fall,0.594000,0
le2i-blazepose-normalized::Coffee_room_01_video_45,2,3571,3571,161,185,0.000000,0.000000,adl,fall,0.578000,0
le2i-blazepose-normalized::Coffee_room_01_video_45,2,3572,3572,166,190,0.000000,0.000000,adl,fall,0.582000,0
le2i-blazepose-normalized::Coffee_room_01_video_45,2,3573,3573,171,195,0.000000,0.000000,adl,fall,0.612000,0
le2i-blazepose-normalized::Coffee_room_01_video_45,2,3574,3574,176,200,0.000000,0.000000,adl,fall,0.606000,0
le2i-blazepose-normalized::Coffee_room_01_video_45,2,3575,3575,181,205,0.000000,0.000000,adl,fall,0.612000,0
le2i-blazepose-normalized::Coffee_room_01_video_45,2,3576,3576,186,210,0.000000,0.000000,adl,fall,0.604000,0
le2i-blazepose-normalized::Coffee_room_01_video_45,2,3577,3577,191,215,0.000000,0.000000,adl,fall,0.606000,0
le2i-blazepose-normalized::Coffee_room_01_video_46,2,3578,3578,1,25,0.000000,0.000000,adl,adl,0.000000,1
le2i-blazepose-normalized::Coffee_room_01_video_46,2,3579,3579,6,30,0.000000,0.000000,adl,adl,0.000000,1
le2i-blazepose-normalized::Coffee_room_01_video_46,2,3580,3580,11,35,0.000000,0.000000,adl,adl,0.000000,1
le2i-blazepose-normalized::Coffee_room_01_video_46,2,3581,3581,16,40,0.000000,0.000000,adl,adl,0.000000,1
le2i-blazepose-normalized::Coffee_room_01_video_46,2,3582,3582,21,45,0.000000,0.000000,adl,adl,0.000000,1
le2i-blazepose-normalized::Coffee_room_01_video_46,2,3583,3583,26,50,0.000000,0.000000,adl,adl,0.000000,1
le2i-blazepose-normalized::Coffee_room_01_video_46,2,3584,3584,31,55,0.000000,0.000000,adl,adl,0.000000,1
le2i-blazepose-normalized::Coffee_room_01_video_46,2,3585,3585,36,60,0.000000,0.000000,adl,adl,0.000000,1
le2i-blazepose-normalized::Coffee_room_01_video_46,2,3586,3586,41,65,0.000000,0.000000,adl,adl,0.000000,1
le2i-blazepose-normalized::Coffee_room_01_video_46,2,3587,3587,46,70,0.000000,0.000000,adl,adl,0.000000,1
le2i-blazepose-normalized::Coffee_room_01_video_46,2,3588,3588,51,75,0.000000,0.000000,adl,adl,0.000000,1
le2i-blazepose-normalized::Coffee_room_01_video_46,2,3589,3589,56,80,0.000000,0.000000,adl,adl,0.000000,1
le2i-blazepose-normalized::Coffee_room_01_video_46,2,3590,3590,61,85,0.000000,0.000000,adl,adl,0.000000,1
le2i-blazepose-normalized::Coffee_room_01_video_46,2,3591,3591,66,90,0.000000,0.000000,adl,adl,0.000000,1
le2i-blazepose-normalized::Coffee_room_01_video_46,2,3592,3592,71,95,0.000000,0.000000,adl,adl,0.000000,1
le2i-blazepose-normalized::Coffee_room_01_video_46,2,3593,3593,76,100,0.000000,0.000000,adl,adl,0.000000,1
le2i-blazepose-normalized::Coffee_room_01_video_46,2,3594,3594,81,105,0.000000,0.000000,adl,adl,0.000000,1
le2i-blazepose-normalized::Coffee_room_01_video_46,2,3595,3595,86,110,0.000000,0.000000,adl,adl,0.000000,1
le2i-blazepose-normalized::Coffee_room_01_video_46,2,3596,3596,91,115,0.000000,0.000000,adl,adl,0.000000,1
le2i-blazepose-normalized::Coffee_room_01_video_46,2,3597,3597,96,120,0.000000,0.000000,adl,adl,0.000000,1
le2i-blazepose-normalized::Coffee_room_01_video_46,2,3598,3598,101,125,0.000000,0.000000,adl,adl,0.000000,1
le2i-blazepose-normalized::Coffee_room_01_video_46,2,3599,3599,106,130,0.000000,0.000000,adl,adl,0.000000,1
le2i-blazepose-normalized::Coffee_room_01_video_46,2,3600,3600,111,135,0.000000,0.000000,adl,adl,0.000000,1
le2i-blazepose-normalized::Coffee_room_01_video_46,2,3601,3601,116,140,0.000000,0.000000,adl,adl,0.000000,1
le2i-blazepose-normalized::Coffee_room_01_video_46,2,3602,3602,121,145,0.000000,0.000000,adl,adl,0.000000,1
le2i-blazepose-normalized::Coffee_room_01_video_46,2,3603,3603,126,150,0.000000,0.000000,adl,adl,0.000000,1
le2i-blazepose-normalized::Coffee_room_01_video_46,2,3604,3604,131,155,0.000000,0.000000,adl,adl,0.000000,1
le2i-blazepose-normalized::Coffee_room_01_video_46,2,3605,3605,136,160,0.000000,0.000000,adl,adl,0.002000,1
le2i-blazepose-normalized::Coffee_room_01_video_46,2,3606,3606,141,165,0.000000,0.000000,adl,adl,0.090000,1
le2i-blazepose-normalized::Coffee_room_01_video_46,2,3607,3607,146,170,0.000000,0.000000,adl,adl,0.364000,1
le2i-blazepose-normalized::Coffee_room_01_video_46,2,3608,3608,151,175,0.000000,0.000000,fall,fall,0.790000,1
le2i-blazepose-normalized::Coffee_room_01_video_46,2,3609,3609,156,180,0.000000,0.000000,fall,fall,0.954000,1
le2i-blazepose-normalized::Coffee_room_01_video_46,2,3610,3610,161,185,0.000000,0.000000,fall,fall,0.942000,1
le2i-blazepose-normalized::Coffee_room_01_video_46,2,3611,3611,166,190,0.000000,0.000000,fall,fall,0.866000,1
le2i-blazepose-normalized::Coffee_room_01_video_46,2,3612,3612,171,195,0.000000,0.000000,fall,fall,0.724000,1
le2i-blazepose-normalized::Coffee_room_01_video_46,2,3613,3613,176,200,0.000000,0.000000,fall,fall,0.634000,1
le2i-blazepose-normalized::Coffee_room_01_video_46,2,3614,3614,181,205,0.000000,0.000000,adl,fall,0.572000,0
le2i-blazepose-normalized::Coffee_room_01_video_46,2,3615,3615,186,210,0.000000,0.000000,adl,fall,0.536000,0
le2i-blazepose-normalized::Coffee_room_01_video_46,2,3616,3616,191,215,0.000000,0.000000,adl,fall,0.530000,0
le2i-blazepose-normalized::Coffee_room_01_video_46,2,3617,3617,196,220,0.000000,0.000000,adl,fall,0.516000,0
le2i-blazepose-normalized::Coffee_room_01_video_46,2,3618,3618,241,265,0.000000,0.000000,adl,adl,0.494000,1
le2i-blazepose-normalized::Coffee_room_01_video_46,2,3619,3619,246,270,0.000000,0.000000,adl,adl,0.494000,1
le2i-blazepose-normalized::Coffee_room_01_video_46,2,3620,3620,251,275,0.000000,0.000000,adl,adl,0.494000,1
le2i-blazepose-normalized::Coffee_room_01_video_46,2,3621,3621,256,280,0.000000,0.000000,adl,adl,0.494000,1
le2i-blazepose-normalized::Coffee_room_01_video_46,2,3622,3622,261,285,0.000000,0.000000,adl,adl,0.494000,1
le2i-blazepose-normalized::Coffee_room_01_video_47,4,3623,3623,1,25,0.000000,0.000000,adl,adl,0.294000,1
le2i-blazepose-normalized::Coffee_room_01_video_47,4,3624,3624,6,30,0.000000,0.000000,adl,adl,0.126000,1
le2i-blazepose-normalized::Coffee_room_01_video_47,4,3625,3625,11,35,0.000000,0.000000,adl,adl,0.050000,1
le2i-blazepose-normalized::Coffee_room_01_video_47,4,3626,3626,16,40,0.000000,0.000000,adl,adl,0.008000,1
le2i-blazepose-normalized::Coffee_room_01_video_47,4,3627,3627,21,45,0.000000,0.000000,adl,adl,0.002000,1
le2i-blazepose-normalized::Coffee_room_01_video_47,4,3628,3628,26,50,0.000000,0.000000,adl,adl,0.008000,1
le2i-blazepose-normalized::Coffee_room_01_video_47,4,3629,3629,31,55,0.000000,0.000000,adl,adl,0.002000,1
le2i-blazepose-normalized::Coffee_room_01_video_47,4,3630,3630,36,60,0.000000,0.000000,adl,adl,0.024000,1
le2i-blazepose-normalized::Coffee_room_01_video_47,4,3631,3631,41,65,0.000000,0.000000,adl,adl,0.024000,1
le2i-blazepose-normalized::Coffee_room_01_video_47,4,3632,3632,46,70,0.000000,0.000000,adl,adl,0.044000,1
le2i-blazepose-normalized::Coffee_room_01_video_47,4,3633,3633,51,75,0.000000,0.000000,adl,adl,0.046000,1
le2i-blazepose-normalized::Coffee_room_01_video_47,4,3634,3634,56,80,0.000000,0.000000,adl,adl,0.026000,1
le2i-blazepose-normalized::Coffee_room_01_video_47,4,3635,3635,61,85,0.000000,0.000000,adl,adl,0.024000,1
le2i-blazepose-normalized::Coffee_room_01_video_47,4,3636,3636,66,90,0.000000,0.000000,adl,adl,0.046000,1
le2i-blazepose-normalized::Coffee_room_01_video_47,4,3637,3637,71,95,0.000000,0.000000,adl,adl,0.046000,1
le2i-blazepose-normalized::Coffee_room_01_video_47,4,3638,3638,76,100,0.000000,0.000000,adl,adl,0.038000,1
le2i-blazepose-normalized::Coffee_room_01_video_47,4,3639,3639,81,105,0.000000,0.000000,adl,adl,0.040000,1
le2i-blazepose-normalized::Coffee_room_01_video_47,4,3640,3640,86,110,0.000000,0.000000,adl,adl,0.034000,1
le2i-blazepose-normalized::Coffee_room_01_video_47,4,3641,3641,91,115,0.000000,0.000000,adl,adl,0.040000,1
le2i-blazepose-normalized::Coffee_room_01_video_47,4,3642,3642,96,120,0.000000,0.000000,adl,adl,0.044000,1
le2i-blazepose-normalized::Coffee_room_01_video_47,4,3643,3643,101,125,0.000000,0.000000,adl,adl,0.034000,1
le2i-blazepose-normalized::Coffee_room_01_video_47,4,3644,3644,106,130,0.000000,0.000000,adl,adl,0.030000,1
le2i-blazepose-normalized::Coffee_room_01_video_47,4,3645,3645,111,135,0.000000,0.000000,adl,adl,0.014000,1
le2i-blazepose-normalized::Coffee_room_01_video_47,4,3646,3646,116,140,0.000000,0.000000,adl,adl,0.014000,1
le2i-blazepose-normalized::Coffee_room_01_video_47,4,3647,3647,121,145,0.000000,0.000000,adl,adl,0.006000,1
le2i-blazepose-normalized::Coffee_room_01_video_47,4,3648,3648,126,150,0.000000,0.000000,adl,adl,0.008000,1
le2i-blazepose-normalized::Coffee_room_01_video_47,4,3649,3649,131,155,0.000000,0.000000,adl,adl,0.002000,1
le2i-blazepose-normalized::Coffee_room_01_video_47,4,3650,3650,136,160,0.000000,0.000000,adl,adl,0.002000,1
le2i-blazepose-normalized::Coffee_room_01_video_47,4,3651,3651,141,165,0.000000,0.000000,adl,adl,0.000000,1
le2i-blazepose-normalized::Coffee_room_01_video_47,4,3652,3652,146,170,0.000000,0.000000,adl,adl,0.000000,1
le2i-blazepose-normalized::Coffee_room_01_video_47,4,3653,3653,151,175,0.000000,0.000000,adl,adl,0.004000,1
le2i-blazepose-normalized::Coffee_room_01_video_47,4,3654,3654,156,180,0.000000,0.000000,adl,adl,0.020000,1
le2i-blazepose-normalized::Coffee_room_01_video_47,4,3655,3655,161,185,0.000000,0.000000,adl,adl,0.062000,1
le2i-blazepose-normalized::Coffee_room_01_video_47,4,3656,3656,166,190,0.000000,0.000000,adl,adl,0.098000,1
le2i-blazepose-normalized::Coffee_room_01_video_47,4,3657,3657,171,195,0.000000,0.000000,adl,adl,0.094000,1
le2i-blazepose-normalized::Coffee_room_01_video_47,4,3658,3658,176,200,0.000000,0.000000,adl,adl,0.094000,1
le2i-blazepose-normalized::Coffee_room_01_video_47,4,3659,3659,181,205,0.000000,0.000000,adl,adl,0.094000,1
le2i-blazepose-normalized::Coffee_room_01_video_47,4,3660,3660,186,210,0.000000,0.000000,adl,adl,0.118000,1
le2i-blazepose-normalized::Coffee_room_01_video_47,4,3661,3661,191,215,0.000000,0.000000,adl,adl,0.114000,1
le2i-blazepose-normalized::Coffee_room_01_video_47,4,3662,3662,196,220,0.000000,0.000000,adl,adl,0.112000,1
le2i-blazepose-normalized::Coffee_room_01_video_47,4,3663,3663,201,225,0.000000,0.000000,adl,adl,0.098000,1
le2i-blazepose-normalized::Coffee_room_01_video_47,4,3664,3664,206,230,0.000000,0.000000,adl,adl,0.092000,1
le2i-blazepose-normalized::Coffee_room_01_video_47,4,3665,3665,211,235,0.000000,0.000000,adl,adl,0.088000,1
le2i-blazepose-normalized::Coffee_room_01_video_47,4,3666,3666,216,240,0.000000,0.000000,adl,adl,0.058000,1
le2i-blazepose-normalized::Coffee_room_01_video_47,4,3667,3667,221,245,0.000000,0.000000,adl,adl,0.048000,1
le2i-blazepose-normalized::Coffee_room_01_video_47,4,3668,3668,226,250,0.000000,0.000000,adl,adl,0.052000,1
le2i-blazepose-normalized::Coffee_room_01_video_47,4,3669,3669,231,255,0.000000,0.000000,adl,adl,0.060000,1
le2i-blazepose-normalized::Coffee_room_01_video_47,4,3670,3670,236,260,0.000000,0.000000,adl,adl,0.058000,1
le2i-blazepose-normalized::Coffee_room_01_video_47,4,3671,3671,241,265,0.000000,0.000000,adl,adl,0.048000,1
le2i-blazepose-normalized::Coffee_room_01_video_47,4,3672,3672,246,270,0.000000,0.000000,adl,adl,0.056000,1
le2i-blazepose-normalized::Coffee_room_01_video_47,4,3673,3673,251,275,0.000000,0.000000,adl,adl,0.062000,1
le2i-blazepose-normalized::Coffee_room_01_video_47,4,3674,3674,256,280,0.000000,0.000000,adl,adl,0.086000,1
le2i-blazepose-normalized::Coffee_room_01_video_47,4,3675,3675,261,285,0.000000,0.000000,adl,adl,0.088000,1
le2i-blazepose-normalized::Coffee_room_01_video_47,4,3676,3676,266,290,0.000000,0.000000,adl,adl,0.090000,1
le2i-blazepose-normalized::Coffee_room_01_video_47,4,3677,3677,271,295,0.000000,0.000000,adl,adl,0.098000,1
le2i-blazepose-normalized::Coffee_room_01_video_47,4,3678,3678,276,300,0.000000,0.000000,adl,adl,0.098000,1
le2i-blazepose-normalized::Coffee_room_01_video_47,4,3679,3679,281,305,0.000000,0.000000,adl,adl,0.088000,1
le2i-blazepose-normalized::Coffee_room_01_video_47,4,3680,3680,286,310,0.000000,0.000000,adl,adl,0.096000,1
le2i-blazepose-normalized::Coffee_room_01_video_47,4,3681,3681,291,315,0.000000,0.000000,adl,adl,0.092000,1
le2i-blazepose-normalized::Coffee_room_01_video_47,4,3682,3682,296,320,0.000000,0.000000,adl,adl,0.074000,1
le2i-blazepose-normalized::Coffee_room_01_video_47,4,3683,3683,301,325,0.000000,0.000000,adl,adl,0.022000,1
le2i-blazepose-normalized::Coffee_room_01_video_47,4,3684,3684,306,330,0.000000,0.000000,adl,adl,0.024000,1
le2i-blazepose-normalized::Coffee_room_01_video_47,4,3685,3685,311,335,0.000000,0.000000,adl,adl,0.060000,1
le2i-blazepose-normalized::Coffee_room_01_video_47,4,3686,3686,316,340,0.000000,0.000000,adl,adl,0.122000,1
le2i-blazepose-normalized::Coffee_room_01_video_47,4,3687,3687,321,345,0.000000,0.000000,adl,adl,0.130000,1
le2i-blazepose-normalized::Coffee_room_01_video_47,4,3688,3688,326,350,0.000000,0.000000,adl,adl,0.112000,1
le2i-blazepose-normalized::Coffee_room_01_video_47,4,3689,3689,331,355,0.000000,0.000000,adl,adl,0.128000,1
le2i-blazepose-normalized::Coffee_room_01_video_47,4,3690,3690,336,360,0.000000,0.000000,adl,adl,0.134000,1
le2i-blazepose-normalized::Coffee_room_01_video_47,4,3691,3691,341,365,0.000000,0.000000,adl,adl,0.148000,1
le2i-blazepose-normalized::Coffee_room_01_video_47,4,3692,3692,346,370,0.000000,0.000000,adl,adl,0.072000,1
le2i-blazepose-normalized::Coffee_room_01_video_47,4,3693,3693,351,375,0.000000,0.000000,adl,adl,0.050000,1
le2i-blazepose-normalized::Coffee_room_01_video_47,4,3694,3694,356,380,0.000000,0.000000,adl,adl,0.032000,1
le2i-blazepose-normalized::Coffee_room_01_video_47,4,3695,3695,361,385,0.000000,0.000000,adl,adl,0.022000,1
le2i-blazepose-normalized::Coffee_room_01_video_47,4,3696,3696,366,390,0.000000,0.000000,adl,adl,0.010000,1
le2i-blazepose-normalized::Coffee_room_01_video_47,4,3697,3697,371,395,0.000000,0.000000,adl,adl,0.008000,1
le2i-blazepose-normalized::Coffee_room_01_video_47,4,3698,3698,376,400,0.000000,0.000000,adl,adl,0.006000,1
le2i-blazepose-normalized::Coffee_room_01_video_47,4,3699,3699,381,405,0.000000,0.000000,adl,adl,0.004000,1
le2i-blazepose-normalized::Coffee_room_01_video_47,4,3700,3700,386,410,0.000000,0.000000,adl,adl,0.002000,1
le2i-blazepose-normalized::Coffee_room_01_video_47,4,3701,3701,391,415,0.000000,0.000000,adl,adl,0.004000,1
le2i-blazepose-normalized::Coffee_room_01_video_47,4,3702,3702,396,420,0.000000,0.000000,adl,adl,0.002000,1
le2i-blazepose-normalized::Coffee_room_01_video_47,4,3703,3703,401,425,0.000000,0.000000,adl,adl,0.000000,1
le2i-blazepose-normalized::Coffee_room_01_video_47,4,3704,3704,406,430,0.000000,0.000000,adl,adl,0.000000,1
le2i-blazepose-normalized::Coffee_room_01_video_47,4,3705,3705,411,435,0.000000,0.000000,adl,adl,0.002000,1
le2i-blazepose-normalized::Coffee_room_01_video_47,4,3706,3706,416,440,0.000000,0.000000,adl,adl,0.000000,1
le2i-blazepose-normalized::Coffee_room_01_video_47,4,3707,3707,421,445,0.000000,0.000000,adl,adl,0.006000,1
le2i-blazepose-normalized::Coffee_room_01_video_47,4,3708,3708,426,450,0.000000,0.000000,adl,adl,0.010000,1
le2i-blazepose-normalized::Coffee_room_01_video_47,4,3709,3709,431,455,0.000000,0.000000,adl,adl,0.002000,1
le2i-blazepose-normalized::Coffee_room_01_video_47,4,3710,3710,436,460,0.000000,0.000000,adl,adl,0.006000,1
le2i-blazepose-normalized::Coffee_room_01_video_47,4,3711,3711,441,465,0.000000,0.000000,adl,adl,0.010000,1
le2i-blazepose-normalized::Coffee_room_01_video_47,4,3712,3712,446,470,0.000000,0.000000,adl,adl,0.014000,1
le2i-blazepose-normalized::Coffee_room_01_video_47,4,3713,3713,451,475,0.000000,0.000000,adl,adl,0.010000,1
le2i-blazepose-normalized::Coffee_room_01_video_47,4,3714,3714,456,480,0.000000,0.000000,adl,adl,0.018000,1
le2i-blazepose-normalized::Coffee_room_01_video_47,4,3715,3715,461,485,0.000000,0.000000,adl,adl,0.016000,1
le2i-blazepose-normalized::Coffee_room_01_video_47,4,3716,3716,466,490,0.000000,0.000000,adl,adl,0.012000,1
le2i-blazepose-normalized::Coffee_room_01_video_47,4,3717,3717,471,495,0.000000,0.000000,adl,adl,0.016000,1
le2i-blazepose-normalized::Coffee_room_01_video_47,4,3718,3718,476,500,0.000000,0.000000,adl,adl,0.008000,1
le2i-blazepose-normalized::Coffee_room_01_video_47,4,3719,3719,481,505,0.000000,0.000000,adl,adl,0.010000,1
le2i-blazepose-normalized::Coffee_room_01_video_47,4,3720,3720,486,510,0.000000,0.000000,adl,adl,0.012000,1
le2i-blazepose-normalized::Coffee_room_01_video_47,4,3721,3721,491,515,0.000000,0.000000,adl,adl,0.038000,1
le2i-blazepose-normalized::Coffee_room_01_video_47,4,3722,3722,496,520,0.000000,0.000000,adl,adl,0.042000,1
le2i-blazepose-normalized::Coffee_room_01_video_47,4,3723,3723,501,525,0.000000,0.000000,adl,adl,0.064000,1
le2i-blazepose-normalized::Coffee_room_01_video_47,4,3724,3724,506,530,0.000000,0.000000,adl,adl,0.062000,1
le2i-blazepose-normalized::Coffee_room_01_video_47,4,3725,3725,511,535,0.000000,0.000000,adl,adl,0.034000,1
le2i-blazepose-normalized::Coffee_room_01_video_47,4,3726,3726,516,540,0.000000,0.000000,adl,adl,0.022000,1
le2i-blazepose-normalized::Coffee_room_01_video_47,4,3727,3727,521,545,0.000000,0.000000,adl,adl,0.020000,1
le2i-blazepose-normalized::Coffee_room_01_video_47,4,3728,3728,526,550,0.000000,0.000000,adl,adl,0.014000,1
le2i-blazepose-normalized::Coffee_room_01_video_47,4,3729,3729,531,555,0.000000,0.000000,adl,adl,0.016000,1
le2i-blazepose-normalized::Coffee_room_01_video_47,4,3730,3730,536,560,0.000000,0.000000,adl,adl,0.024000,1
le2i-blazepose-normalized::Coffee_room_01_video_47,4,3731,3731,541,565,0.000000,0.000000,adl,adl,0.010000,1
le2i-blazepose-normalized::Coffee_room_01_video_47,4,3732,3732,546,570,0.000000,0.000000,adl,adl,0.014000,1
le2i-blazepose-normalized::Coffee_room_01_video_47,4,3733,3733,551,575,0.000000,0.000000,adl,adl,0.022000,1
le2i-blazepose-normalized::Coffee_room_01_video_47,4,3734,3734,556,580,0.000000,0.000000,adl,adl,0.018000,1
le2i-blazepose-normalized::Coffee_room_01_video_47,4,3735,3735,561,585,0.000000,0.000000,adl,adl,0.028000,1
le2i-blazepose-normalized::Coffee_room_01_video_47,4,3736,3736,566,590,0.000000,0.000000,adl,adl,0.030000,1
le2i-blazepose-normalized::Coffee_room_01_video_47,4,3737,3737,571,595,0.000000,0.000000,adl,adl,0.038000,1
le2i-blazepose-normalized::Coffee_room_01_video_47,4,3738,3738,576,600,0.000000,0.000000,adl,adl,0.028000,1
le2i-blazepose-normalized::Coffee_room_01_video_47,4,3739,3739,581,605,0.000000,0.000000,adl,adl,0.018000,1
le2i-blazepose-normalized::Coffee_room_01_video_47,4,3740,3740,586,610,0.000000,0.000000,adl,adl,0.060000,1
le2i-blazepose-normalized::Coffee_room_01_video_47,4,3741,3741,591,615,0.000000,0.000000,adl,adl,0.098000,1
le2i-blazepose-normalized::Coffee_room_01_video_47,4,3742,3742,596,620,0.000000,0.000000,adl,adl,0.138000,1
le2i-blazepose-normalized::Coffee_room_01_video_47,4,3743,3743,601,625,0.000000,0.000000,adl,adl,0.292000,1
le2i-blazepose-normalized::Coffee_room_01_video_47,4,3744,3744,606,630,0.000000,0.000000,adl,adl,0.298000,1
le2i-blazepose-normalized::Coffee_room_01_video_47,4,3745,3745,611,635,0.000000,0.000000,fall,adl,0.452000,0
le2i-blazepose-normalized::Coffee_room_01_video_47,4,3746,3746,616,640,0.000000,0.000000,fall,fall,0.676000,1
le2i-blazepose-normalized::Coffee_room_01_video_47,4,3747,3747,621,645,0.000000,0.000000,fall,fall,0.722000,1
le2i-blazepose-normalized::Coffee_room_01_video_47,4,3748,3748,626,650,0.000000,0.000000,fall,fall,0.546000,1
le2i-blazepose-normalized::Coffee_room_01_video_47,4,3749,3749,631,655,0.000000,0.000000,fall,fall,0.544000,1
le2i-blazepose-normalized::Coffee_room_01_video_47,4,3750,3750,636,660,0.000000,0.000000,fall,adl,0.472000,0
le2i-blazepose-normalized::Coffee_room_01_video_47,4,3751,3751,641,665,0.000000,0.000000,fall,adl,0.488000,0
le2i-blazepose-normalized::Coffee_room_01_video_47,4,3752,3752,646,670,0.000000,0.000000,fall,fall,0.514000,1
le2i-blazepose-normalized::Coffee_room_01_video_47,4,3753,3753,651,675,0.000000,0.000000,fall,fall,0.598000,1
le2i-blazepose-normalized::Coffee_room_01_video_47,4,3754,3754,656,680,0.000000,0.000000,adl,fall,0.594000,0
le2i-blazepose-normalized::Coffee_room_01_video_47,4,3755,3755,661,685,0.000000,0.000000,adl,fall,0.574000,0
le2i-blazepose-normalized::Coffee_room_01_video_47,4,3756,3756,666,690,0.000000,0.000000,adl,fall,0.572000,0
le2i-blazepose-normalized::Coffee_room_01_video_47,4,3757,3757,671,695,0.000000,0.000000,adl,fall,0.570000,0
le2i-blazepose-normalized::Coffee_room_01_video_47,4,3758,3758,676,700,0.000000,0.000000,adl,fall,0.562000,0
le2i-blazepose-normalized::Coffee_room_01_video_47,4,3759,3759,701,725,0.000000,0.000000,adl,fall,0.568000,0
le2i-blazepose-normalized::Coffee_room_01_video_48,2,3760,3760,1,25,0.000000,0.000000,adl,adl,0.384000,1
le2i-blazepose-normalized::Coffee_room_01_video_48,2,3761,3761,6,30,0.000000,0.000000,adl,adl,0.192000,1
le2i-blazepose-normalized::Coffee_room_01_video_48,2,3762,3762,11,35,0.000000,0.000000,adl,adl,0.102000,1
le2i-blazepose-normalized::Coffee_room_01_video_48,2,3763,3763,16,40,0.000000,0.000000,adl,adl,0.044000,1
le2i-blazepose-normalized::Coffee_room_01_video_48,2,3764,3764,21,45,0.000000,0.000000,adl,adl,0.020000,1
le2i-blazepose-normalized::Coffee_room_01_video_48,2,3765,3765,26,50,0.000000,0.000000,adl,adl,0.000000,1
le2i-blazepose-normalized::Coffee_room_01_video_48,2,3766,3766,31,55,0.000000,0.000000,adl,adl,0.000000,1
le2i-blazepose-normalized::Coffee_room_01_video_48,2,3767,3767,36,60,0.000000,0.000000,adl,adl,0.004000,1
le2i-blazepose-normalized::Coffee_room_01_video_48,2,3768,3768,41,65,0.000000,0.000000,adl,adl,0.000000,1
le2i-blazepose-normalized::Coffee_room_01_video_48,2,3769,3769,46,70,0.000000,0.000000,adl,adl,0.008000,1
le2i-blazepose-normalized::Coffee_room_01_video_48,2,3770,3770,51,75,0.000000,0.000000,adl,adl,0.012000,1
le2i-blazepose-normalized::Coffee_room_01_video_48,2,3771,3771,56,80,0.000000,0.000000,adl,adl,0.006000,1
le2i-blazepose-normalized::Coffee_room_01_video_48,2,3772,3772,61,85,0.000000,0.000000,adl,adl,0.002000,1
le2i-blazepose-normalized::Coffee_room_01_video_48,2,3773,3773,66,90,0.000000,0.000000,adl,adl,0.004000,1
le2i-blazepose-normalized::Coffee_room_01_video_48,2,3774,3774,71,95,0.000000,0.000000,adl,adl,0.000000,1
le2i-blazepose-normalized::Coffee_room_01_video_48,2,3775,3775,76,100,0.000000,0.000000,adl,adl,0.000000,1
le2i-blazepose-normalized::Coffee_room_01_video_48,2,3776,3776,81,105,0.000000,0.000000,adl,adl,0.002000,1
le2i-blazepose-normalized::Coffee_room_01_video_48,2,3777,3777,86,110,0.000000,0.000000,adl,adl,0.002000,1
le2i-blazepose-normalized::Coffee_room_01_video_48,2,3778,3778,91,115,0.000000,0.000000,adl,adl,0.002000,1
le2i-blazepose-normalized::Coffee_room_01_video_48,2,3779,3779,96,120,0.000000,0.000000,adl,adl,0.004000,1
le2i-blazepose-normalized::Coffee_room_01_video_48,2,3780,3780,101,125,0.000000,0.000000,adl,adl,0.000000,1
le2i-blazepose-normalized::Coffee_room_01_video_48,2,3781,3781,106,130,0.000000,0.000000,adl,adl,0.000000,1
le2i-blazepose-normalized::Coffee_room_01_video_48,2,3782,3782,111,135,0.000000,0.000000,adl,adl,0.000000,1
le2i-blazepose-normalized::Coffee_room_01_video_48,2,3783,3783,116,140,0.000000,0.000000,adl,adl,0.000000,1
le2i-blazepose-normalized::Coffee_room_01_video_48,2,3784,3784,121,145,0.000000,0.000000,adl,adl,0.000000,1
le2i-blazepose-normalized::Coffee_room_01_video_48,2,3785,3785,126,150,0.000000,0.000000,adl,adl,0.000000,1
le2i-blazepose-normalized::Coffee_room_01_video_48,2,3786,3786,131,155,0.000000,0.000000,adl,adl,0.000000,1
le2i-blazepose-normalized::Coffee_room_01_video_48,2,3787,3787,136,160,0.000000,0.000000,adl,adl,0.000000,1
le2i-blazepose-normalized::Coffee_room_01_video_48,2,3788,3788,141,165,0.000000,0.000000,adl,adl,0.000000,1
le2i-blazepose-normalized::Coffee_room_01_video_48,2,3789,3789,146,170,0.000000,0.000000,adl,adl,0.000000,1
le2i-blazepose-normalized::Coffee_room_01_video_48,2,3790,3790,151,175,0.000000,0.000000,adl,adl,0.000000,1
le2i-blazepose-normalized::Coffee_room_01_video_48,2,3791,3791,156,180,0.000000,0.000000,adl,adl,0.000000,1
le2i-blazepose-normalized::Coffee_room_01_video_48,2,3792,3792,161,185,0.000000,0.000000,adl,adl,0.000000,1
le2i-blazepose-normalized::Coffee_room_01_video_48,2,3793,3793,166,190,0.000000,0.000000,adl,adl,0.000000,1
le2i-blazepose-normalized::Coffee_room_01_video_48,2,3794,3794,171,195,0.000000,0.000000,adl,adl,0.000000,1
le2i-blazepose-normalized::Coffee_room_01_video_48,2,3795,3795,176,200,0.000000,0.000000,adl,adl,0.000000,1
le2i-blazepose-normalized::Coffee_room_01_video_48,2,3796,3796,181,205,0.000000,0.000000,adl,adl,0.000000,1
le2i-blazepose-normalized::Coffee_room_01_video_48,2,3797,3797,186,210,0.000000,0.000000,adl,adl,0.000000,1
le2i-blazepose-normalized::Coffee_room_01_video_48,2,3798,3798,191,215,0.000000,0.000000,adl,adl,0.000000,1
le2i-blazepose-normalized::Coffee_room_01_video_48,2,3799,3799,196,220,0.000000,0.000000,adl,adl,0.006000,1
le2i-blazepose-normalized::Coffee_room_01_video_48,2,3800,3800,201,225,0.000000,0.000000,adl,adl,0.022000,1
le2i-blazepose-normalized::Coffee_room_01_video_48,2,3801,3801,206,230,0.000000,0.000000,adl,adl,0.038000,1
le2i-blazepose-normalized::Coffee_room_01_video_48,2,3802,3802,211,235,0.000000,0.000000,adl,adl,0.096000,1
le2i-blazepose-normalized::Coffee_room_01_video_48,2,3803,3803,216,240,0.000000,0.000000,adl,adl,0.088000,1
le2i-blazepose-normalized::Coffee_room_01_video_48,2,3804,3804,221,245,0.000000,0.000000,adl,adl,0.036000,1
le2i-blazepose-normalized::Coffee_room_01_video_48,2,3805,3805,226,250,0.000000,0.000000,adl,adl,0.010000,1
le2i-blazepose-normalized::Coffee_room_01_video_48,2,3806,3806,231,255,0.000000,0.000000,adl,adl,0.012000,1
le2i-blazepose-normalized::Coffee_room_01_video_48,2,3807,3807,236,260,0.000000,0.000000,adl,adl,0.008000,1
le2i-blazepose-normalized::Coffee_room_01_video_48,2,3808,3808,241,265,0.000000,0.000000,adl,adl,0.006000,1
le2i-blazepose-normalized::Coffee_room_01_video_48,2,3809,3809,246,270,0.000000,0.000000,adl,adl,0.006000,1
le2i-blazepose-normalized::Coffee_room_01_video_48,2,3810,3810,251,275,0.000000,0.000000,adl,adl,0.008000,1
le2i-blazepose-normalized::Coffee_room_01_video_48,2,3811,3811,256,280,0.000000,0.000000,adl,adl,0.006000,1
le2i-blazepose-normalized::Coffee_room_01_video_48,2,3812,3812,261,285,0.000000,0.000000,adl,adl,0.006000,1
le2i-blazepose-normalized::Coffee_room_01_video_48,2,3813,3813,266,290,0.000000,0.000000,adl,adl,0.008000,1
le2i-blazepose-normalized::Coffee_room_01_video_48,2,3814,3814,271,295,0.000000,0.000000,adl,adl,0.010000,1
le2i-blazepose-normalized::Coffee_room_01_video_48,2,3815,3815,276,300,0.000000,0.000000,adl,adl,0.006000,1
le2i-blazepose-normalized::Coffee_room_01_video_48,2,3816,3816,281,305,0.000000,0.000000,adl,adl,0.004000,1
le2i-blazepose-normalized::Coffee_room_01_video_48,2,3817,3817,286,310,0.000000,0.000000,adl,adl,0.006000,1
le2i-blazepose-normalized::Coffee_room_01_video_48,2,3818,3818,291,315,0.000000,0.000000,adl,adl,0.008000,1
le2i-blazepose-normalized::Coffee_room_01_video_48,2,3819,3819,296,320,0.000000,0.000000,adl,adl,0.004000,1
le2i-blazepose-normalized::Coffee_room_01_video_48,2,3820,3820,301,325,0.000000,0.000000,adl,adl,0.006000,1
le2i-blazepose-normalized::Coffee_room_01_video_48,2,3821,3821,306,330,0.000000,0.000000,adl,adl,0.004000,1
le2i-blazepose-normalized::Coffee_room_01_video_48,2,3822,3822,311,335,0.000000,0.000000,adl,adl,0.008000,1
le2i-blazepose-normalized::Coffee_room_01_video_48,2,3823,3823,316,340,0.000000,0.000000,adl,adl,0.006000,1
le2i-blazepose-normalized::Coffee_room_01_video_48,2,3824,3824,321,345,0.000000,0.000000,adl,adl,0.006000,1
le2i-blazepose-normalized::Coffee_room_01_video_48,2,3825,3825,326,350,0.000000,0.000000,adl,adl,0.010000,1
le2i-blazepose-normalized::Coffee_room_01_video_48,2,3826,3826,331,355,0.000000,0.000000,adl,adl,0.008000,1
le2i-blazepose-normalized::Coffee_room_01_video_48,2,3827,3827,336,360,0.000000,0.000000,adl,adl,0.008000,1
le2i-blazepose-normalized::Coffee_room_01_video_48,2,3828,3828,341,365,0.000000,0.000000,adl,adl,0.006000,1
le2i-blazepose-normalized::Coffee_room_01_video_48,2,3829,3829,346,370,0.000000,0.000000,adl,adl,0.010000,1
le2i-blazepose-normalized::Coffee_room_01_video_48,2,3830,3830,351,375,0.000000,0.000000,adl,adl,0.020000,1
le2i-blazepose-normalized::Coffee_room_01_video_48,2,3831,3831,356,380,0.000000,0.000000,adl,adl,0.024000,1
le2i-blazepose-normalized::Coffee_room_01_video_48,2,3832,3832,361,385,0.000000,0.000000,adl,adl,0.012000,1
le2i-blazepose-normalized::Coffee_room_01_video_48,2,3833,3833,366,390,0.000000,0.000000,adl,adl,0.010000,1
le2i-blazepose-normalized::Coffee_room_01_video_48,2,3834,3834,371,395,0.000000,0.000000,adl,adl,0.000000,1
le2i-blazepose-normalized::Coffee_room_01_video_48,2,3835,3835,376,400,0.000000,0.000000,adl,adl,0.000000,1
le2i-blazepose-normalized::Coffee_room_01_video_48,2,3836,3836,381,405,0.000000,0.000000,adl,adl,0.000000,1
le2i-blazepose-normalized::Coffee_room_01_video_48,2,3837,3837,386,410,0.000000,0.000000,adl,adl,0.000000,1
le2i-blazepose-normalized::Coffee_room_01_video_48,2,3838,3838,391,415,0.000000,0.000000,adl,adl,0.000000,1
le2i-blazepose-normalized::Coffee_room_01_video_48,2,3839,3839,396,420,0.000000,0.000000,adl,adl,0.000000,1
le2i-blazepose-normalized::Coffee_room_01_video_48,2,3840,3840,401,425,0.000000,0.000000,adl,adl,0.000000,1
le2i-blazepose-normalized::Coffee_room_01_video_48,2,3841,3841,406,430,0.000000,0.000000,adl,adl,0.000000,1
le2i-blazepose-normalized::Coffee_room_01_video_48,2,3842,3842,411,435,0.000000,0.000000,adl,adl,0.000000,1
le2i-blazepose-normalized::Coffee_room_01_video_48,2,3843,3843,416,440,0.000000,0.000000,adl,adl,0.000000,1
le2i-blazepose-normalized::Coffee_room_01_video_48,2,3844,3844,421,445,0.000000,0.000000,adl,adl,0.002000,1
le2i-blazepose-normalized::Coffee_room_01_video_48,2,3845,3845,426,450,0.000000,0.000000,adl,adl,0.000000,1
le2i-blazepose-normalized::Coffee_room_01_video_48,2,3846,3846,431,455,0.000000,0.000000,adl,adl,0.004000,1
le2i-blazepose-normalized::Coffee_room_01_video_48,2,3847,3847,436,460,0.000000,0.000000,adl,adl,0.004000,1
le2i-blazepose-normalized::Coffee_room_01_video_48,2,3848,3848,441,465,0.000000,0.000000,adl,adl,0.004000,1
le2i-blazepose-normalized::Coffee_room_01_video_48,2,3849,3849,446,470,0.000000,0.000000,adl,adl,0.000000,1
le2i-blazepose-normalized::Coffee_room_01_video_48,2,3850,3850,451,475,0.000000,0.000000,adl,adl,0.000000,1
le2i-blazepose-normalized::Coffee_room_01_video_48,2,3851,3851,456,480,0.000000,0.000000,adl,adl,0.000000,1
le2i-blazepose-normalized::Coffee_room_01_video_48,2,3852,3852,461,485,0.000000,0.000000,adl,adl,0.000000,1
le2i-blazepose-normalized::Coffee_room_01_video_48,2,3853,3853,466,490,0.000000,0.000000,adl,adl,0.000000,1
le2i-blazepose-normalized::Coffee_room_01_video_48,2,3854,3854,471,495,0.000000,0.000000,adl,adl,0.002000,1
le2i-blazepose-normalized::Coffee_room_01_video_48,2,3855,3855,476,500,0.000000,0.000000,adl,adl,0.008000,1
le2i-blazepose-normalized::Coffee_room_01_video_48,2,3856,3856,481,505,0.000000,0.000000,adl,adl,0.006000,1
le2i-blazepose-normalized::Coffee_room_01_video_48,2,3857,3857,486,510,0.000000,0.000000,adl,adl,0.002000,1
le2i-blazepose-normalized::Coffee_room_01_video_48,2,3858,3858,491,515,0.000000,0.000000,adl,adl,0.000000,1
le2i-blazepose-normalized::Coffee_room_01_video_48,2,3859,3859,496,520,0.000000,0.000000,adl,adl,0.002000,1
le2i-blazepose-normalized::Coffee_room_01_video_48,2,3860,3860,501,525,0.000000,0.000000,adl,adl,0.000000,1
le2i-blazepose-normalized::Coffee_room_01_video_48,2,3861,3861,506,530,0.000000,0.000000,adl,adl,0.002000,1
le2i-blazepose-normalized::Coffee_room_01_video_48,2,3862,3862,511,535,0.000000,0.000000,adl,adl,0.002000,1
le2i-blazepose-normalized::Coffee_room_01_video_48,2,3863,3863,516,540,0.000000,0.000000,adl,adl,0.002000,1
le2i-blazepose-normalized::Coffee_room_01_video_48,2,3864,3864,521,545,0.000000,0.000000,adl,adl,0.002000,1
le2i-blazepose-normalized::Coffee_room_01_video_48,2,3865,3865,526,550,0.000000,0.000000,adl,adl,0.014000,1
le2i-blazepose-normalized::Coffee_room_01_video_48,2,3866,3866,531,555,0.000000,0.000000,adl,adl,0.074000,1
le2i-blazepose-normalized::Coffee_room_01_video_48,2,3867,3867,536,560,0.000000,0.000000,adl,adl,0.092000,1
le2i-blazepose-normalized::Coffee_room_01_video_48,2,3868,3868,541,565,0.000000,0.000000,adl,adl,0.140000,1
le2i-blazepose-normalized::Coffee_room_01_video_48,2,3869,3869,546,570,0.000000,0.000000,adl,adl,0.160000,1
le2i-blazepose-normalized::Coffee_room_01_video_48,2,3870,3870,551,575,0.000000,0.000000,adl,adl,0.162000,1
le2i-blazepose-normalized::Coffee_room_01_video_48,2,3871,3871,556,580,0.000000,0.000000,adl,adl,0.170000,1
le2i-blazepose-normalized::Coffee_room_01_video_48,2,3872,3872,561,585,0.000000,0.000000,adl,adl,0.128000,1
le2i-blazepose-normalized::Coffee_room_01_video_48,2,3873,3873,566,590,0.000000,0.000000,adl,adl,0.086000,1
le2i-blazepose-normalized::Coffee_room_01_video_48,2,3874,3874,571,595,0.000000,0.000000,adl,adl,0.032000,1
le2i-blazepose-normalized::Coffee_room_01_video_48,2,3875,3875,576,600,0.000000,0.000000,adl,adl,0.008000,1
le2i-blazepose-normalized::Coffee_room_01_video_48,2,3876,3876,581,605,0.000000,0.000000,adl,adl,0.000000,1
le2i-blazepose-normalized::Coffee_room_01_video_48,2,3877,3877,586,610,0.000000,0.000000,adl,adl,0.000000,1
le2i-blazepose-normalized::Coffee_room_01_video_48,2,3878,3878,591,615,0.000000,0.000000,adl,adl,0.000000,1
le2i-blazepose-normalized::Coffee_room_01_video_48,2,3879,3879,596,620,0.000000,0.000000,adl,adl,0.000000,1
le2i-blazepose-normalized::Coffee_room_01_video_48,2,3880,3880,601,625,0.000000,0.000000,adl,adl,0.000000,1
le2i-blazepose-normalized::Coffee_room_01_video_48,2,3881,3881,606,630,0.000000,0.000000,adl,adl,0.000000,1
le2i-blazepose-normalized::Coffee_room_01_video_48,2,3882,3882,611,635,0.000000,0.000000,adl,adl,0.000000,1
le2i-blazepose-normalized::Coffee_room_01_video_48,2,3883,3883,616,640,0.000000,0.000000,adl,adl,0.000000,1
le2i-blazepose-normalized::Coffee_room_01_video_48,2,3884,3884,621,645,0.000000,0.000000,adl,adl,0.000000,1
le2i-blazepose-normalized::Coffee_room_01_video_48,2,3885,3885,626,650,0.000000,0.000000,adl,adl,0.006000,1
le2i-blazepose-normalized::Coffee_room_01_video_48,2,3886,3886,631,655,0.000000,0.000000,adl,adl,0.196000,1
le2i-blazepose-normalized::Coffee_room_01_video_48,2,3887,3887,636,660,0.000000,0.000000,adl,adl,0.488000,1
le2i-blazepose-normalized::Coffee_room_01_video_48,2,3888,3888,641,665,0.000000,0.000000,fall,fall,0.796000,1
le2i-blazepose-normalized::Coffee_room_01_video_48,2,3889,3889,646,670,0.000000,0.000000,fall,fall,0.934000,1
le2i-blazepose-normalized::Coffee_room_01_video_48,2,3890,3890,651,675,0.000000,0.000000,fall,fall,0.926000,1
le2i-blazepose-normalized::Coffee_room_01_video_48,2,3891,3891,656,680,0.000000,0.000000,fall,fall,0.850000,1
le2i-blazepose-normalized::Coffee_room_01_video_48,2,3892,3892,661,685,0.000000,0.000000,fall,fall,0.674000,1
le2i-blazepose-normalized::Coffee_room_01_video_48,2,3893,3893,666,690,0.000000,0.000000,fall,adl,0.500000,0
le2i-blazepose-normalized::Coffee_room_01_video_48,2,3894,3894,671,695,0.000000,0.000000,fall,fall,0.520000,1
le2i-blazepose-normalized::Coffee_room_01_video_48,2,3895,3895,676,700,0.000000,0.000000,fall,adl,0.474000,0
le2i-blazepose-normalized::Coffee_room_01_video_48,2,3896,3896,681,705,0.000000,0.000000,adl,adl,0.458000,1
le2i-blazepose-normalized::Coffee_room_01_video_48,2,3897,3897,686,710,0.000000,0.000000,adl,adl,0.430000,1
le2i-blazepose-normalized::Coffee_room_01_video_48,2,3898,3898,691,715,0.000000,0.000000,adl,adl,0.422000,1
le2i-blazepose-normalized::Coffee_room_01_video_48,2,3899,3899,696,720,0.000000,0.000000,adl,adl,0.422000,1
le2i-blazepose-normalized::Coffee_room_01_video_48,2,3900,3900,701,725,0.000000,0.000000,adl,adl,0.416000,1
le2i-blazepose-normalized::Coffee_room_01_video_48,2,3901,3901,706,730,0.000000,0.000000,adl,adl,0.420000,1
le2i-blazepose-normalized::Coffee_room_01_video_48,2,3902,3902,711,735,0.000000,0.000000,adl,adl,0.418000,1
le2i-blazepose-normalized::Coffee_room_01_video_48,2,3903,3903,716,740,0.000000,0.000000,adl,adl,0.420000,1
le2i-blazepose-normalized::Coffee_room_01_video_48,2,3904,3904,721,745,0.000000,0.000000,adl,adl,0.410000,1
le2i-blazepose-normalized::Coffee_room_01_video_48,2,3905,3905,726,750,0.000000,0.000000,adl,adl,0.420000,1
le2i-blazepose-normalized::Coffee_room_01_video_48,2,3906,3906,731,755,0.000000,0.000000,adl,adl,0.414000,1
le2i-blazepose-normalized::Coffee_room_01_video_48,2,3907,3907,736,760,0.000000,0.000000,adl,adl,0.412000,1
le2i-blazepose-normalized::Coffee_room_01_video_48,2,3908,3908,741,765,0.000000,0.000000,adl,adl,0.422000,1
le2i-blazepose-normalized::Coffee_room_01_video_48,2,3909,3909,746,770,0.000000,0.000000,adl,adl,0.414000,1
le2i-blazepose-normalized::Coffee_room_01_video_48,2,3910,3910,751,775,0.000000,0.000000,adl,adl,0.418000,1
le2i-blazepose-normalized::Coffee_room_01_video_5,3,3911,3911,1,25,0.000000,0.000000,adl,adl,0.000000,1
le2i-blazepose-normalized::Coffee_room_01_video_5,3,3912,3912,6,30,0.000000,0.000000,adl,adl,0.002000,1
le2i-blazepose-normalized::Coffee_room_01_video_5,3,3913,3913,11,35,0.000000,0.000000,adl,adl,0.002000,1
le2i-blazepose-normalized::Coffee_room_01_video_5,3,3914,3914,16,40,0.000000,0.000000,adl,adl,0.000000,1
le2i-blazepose-normalized::Coffee_room_01_video_5,3,3915,3915,21,45,0.000000,0.000000,adl,adl,0.004000,1
le2i-blazepose-normalized::Coffee_room_01_video_5,3,3916,3916,26,50,0.000000,0.000000,adl,adl,0.010000,1
le2i-blazepose-normalized::Coffee_room_01_video_5,3,3917,3917,31,55,0.000000,0.000000,adl,adl,0.002000,1
le2i-blazepose-normalized::Coffee_room_01_video_5,3,3918,3918,36,60,0.000000,0.000000,adl,adl,0.000000,1
le2i-blazepose-normalized::Coffee_room_01_video_5,3,3919,3919,41,65,0.000000,0.000000,adl,adl,0.000000,1
le2i-blazepose-normalized::Coffee_room_01_video_5,3,3920,3920,46,70,0.000000,0.000000,adl,adl,0.000000,1
le2i-blazepose-normalized::Coffee_room_01_video_5,3,3921,3921,51,75,0.000000,0.000000,adl,adl,0.000000,1
le2i-blazepose-normalized::Coffee_room_01_video_5,3,3922,3922,56,80,0.000000,0.000000,adl,adl,0.000000,1
le2i-blazepose-normalized::Coffee_room_01_video_5,3,3923,3923,61,85,0.000000,0.000000,adl,adl,0.000000,1
le2i-blazepose-normalized::Coffee_room_01_video_5,3,3924,3924,66,90,0.000000,0.000000,adl,adl,0.000000,1
le2i-blazepose-normalized::Coffee_room_01_video_5,3,3925,3925,71,95,0.000000,0.000000,adl,adl,0.008000,1
le2i-blazepose-normalized::Coffee_room_01_video_5,3,3926,3926,76,100,0.000000,0.000000,adl,adl,0.042000,1
le2i-blazepose-normalized::Coffee_room_01_video_5,3,3927,3927,81,105,0.000000,0.000000,adl,adl,0.028000,1
le2i-blazepose-normalized::Coffee_room_01_video_5,3,3928,3928,86,110,0.000000,0.000000,adl,adl,0.010000,1
le2i-blazepose-normalized::Coffee_room_01_video_5,3,3929,3929,91,115,0.000000,0.000000,adl,adl,0.006000,1
le2i-blazepose-normalized::Coffee_room_01_video_5,3,3930,3930,96,120,0.000000,0.000000,adl,adl,0.004000,1
le2i-blazepose-normalized::Coffee_room_01_video_5,3,3931,3931,101,125,0.000000,0.000000,adl,adl,0.028000,1
le2i-blazepose-normalized::Coffee_room_01_video_5,3,3932,3932,106,130,0.000000,0.000000,adl,adl,0.048000,1
le2i-blazepose-normalized::Coffee_room_01_video_5,3,3933,3933,111,135,0.000000,0.000000,adl,adl,0.280000,1
le2i-blazepose-normalized::Coffee_room_01_video_5,3,3934,3934,116,140,0.000000,0.000000,fall,fall,0.692000,1
le2i-blazepose-normalized::Coffee_room_01_video_5,3,3935,3935,121,145,0.000000,0.000000,fall,fall,0.788000,1
le2i-blazepose-normalized::Coffee_room_01_video_5,3,3936,3936,126,150,0.000000,0.000000,fall,fall,0.786000,1
le2i-blazepose-normalized::Coffee_room_01_video_5,3,3937,3937,131,155,0.000000,0.000000,fall,fall,0.816000,1
le2i-blazepose-normalized::Coffee_room_01_video_5,3,3938,3938,136,160,0.000000,0.000000,fall,fall,0.832000,1
le2i-blazepose-normalized::Coffee_room_01_video_5,3,3939,3939,141,165,0.000000,0.000000,fall,fall,0.736000,1
le2i-blazepose-normalized::Coffee_room_01_video_5,3,3940,3940,146,170,0.000000,0.000000,fall,fall,0.623000,1
le2i-blazepose-normalized::Coffee_room_01_video_5,3,3941,3941,151,175,0.000000,0.000000,fall,fall,0.568000,1
le2i-blazepose-normalized::Coffee_room_01_video_5,3,3942,3942,156,180,0.000000,0.000000,adl,adl,0.474000,1
le2i-blazepose-normalized::Coffee_room_01_video_6,1,3943,3943,1,25,0.000000,0.000000,adl,adl,0.060000,1
le2i-blazepose-normalized::Coffee_room_01_video_6,1,3944,3944,6,30,0.000000,0.000000,adl,adl,0.102000,1
le2i-blazepose-normalized::Coffee_room_01_video_6,1,3945,3945,11,35,0.000000,0.000000,adl,adl,0.068000,1
le2i-blazepose-normalized::Coffee_room_01_video_6,1,3946,3946,16,40,0.000000,0.000000,adl,adl,0.064000,1
le2i-blazepose-normalized::Coffee_room_01_video_6,1,3947,3947,21,45,0.000000,0.000000,adl,adl,0.076000,1
le2i-blazepose-normalized::Coffee_room_01_video_6,1,3948,3948,26,50,0.000000,0.000000,adl,adl,0.076000,1
le2i-blazepose-normalized::Coffee_room_01_video_6,1,3949,3949,31,55,0.000000,0.000000,adl,adl,0.052000,1
le2i-blazepose-normalized::Coffee_room_01_video_6,1,3950,3950,36,60,0.000000,0.000000,adl,adl,0.046000,1
le2i-blazepose-normalized::Coffee_room_01_video_6,1,3951,3951,41,65,0.000000,0.000000,adl,adl,0.004000,1
le2i-blazepose-normalized::Coffee_room_01_video_6,1,3952,3952,46,70,0.000000,0.000000,adl,adl,0.008000,1
le2i-blazepose-normalized::Coffee_room_01_video_6,1,3953,3953,51,75,0.000000,0.000000,adl,adl,0.010000,1
le2i-blazepose-normalized::Coffee_room_01_video_6,1,3954,3954,56,80,0.000000,0.000000,adl,adl,0.000000,1
le2i-blazepose-normalized::Coffee_room_01_video_6,1,3955,3955,61,85,0.000000,0.000000,adl,adl,0.004000,1
le2i-blazepose-normalized::Coffee_room_01_video_6,1,3956,3956,66,90,0.000000,0.000000,adl,adl,0.006000,1
le2i-blazepose-normalized::Coffee_room_01_video_6,1,3957,3957,71,95,0.000000,0.000000,adl,adl,0.006000,1
le2i-blazepose-normalized::Coffee_room_01_video_6,1,3958,3958,76,100,0.000000,0.000000,adl,adl,0.010000,1
le2i-blazepose-normalized::Coffee_room_01_video_6,1,3959,3959,81,105,0.000000,0.000000,adl,adl,0.016000,1
le2i-blazepose-normalized::Coffee_room_01_video_6,1,3960,3960,86,110,0.000000,0.000000,adl,adl,0.016000,1
le2i-blazepose-normalized::Coffee_room_01_video_6,1,3961,3961,91,115,0.000000,0.000000,adl,adl,0.004000,1
le2i-blazepose-normalized::Coffee_room_01_video_6,1,3962,3962,96,120,0.000000,0.000000,adl,adl,0.004000,1
le2i-blazepose-normalized::Coffee_room_01_video_6,1,3963,3963,101,125,0.000000,0.000000,adl,adl,0.006000,1
le2i-blazepose-normalized::Coffee_room_01_video_6,1,3964,3964,106,130,0.000000,0.000000,adl,adl,0.004000,1
le2i-blazepose-normalized::Coffee_room_01_video_6,1,3965,3965,111,135,0.000000,0.000000,adl,adl,0.018000,1
le2i-blazepose-normalized::Coffee_room_01_video_6,1,3966,3966,116,140,0.000000,0.000000,adl,adl,0.058000,1
le2i-blazepose-normalized::Coffee_room_01_video_6,1,3967,3967,121,145,0.000000,0.000000,fall,adl,0.140000,0
le2i-blazepose-normalized::Coffee_room_01_video_6,1,3968,3968,126,150,0.000000,0.000000,fall,adl,0.264000,0
le2i-blazepose-normalized::Coffee_room_01_video_6,1,3969,3969,131,155,0.000000,0.000000,fall,adl,0.300000,0
le2i-blazepose-normalized::Coffee_room_01_video_6,1,3970,3970,136,160,0.000000,0.000000,fall,fall,0.706000,1
le2i-blazepose-normalized::Coffee_room_01_video_6,1,3971,3971,141,165,0.000000,0.000000,fall,fall,0.704000,1
le2i-blazepose-normalized::Coffee_room_01_video_6,1,3972,3972,146,170,0.000000,0.000000,fall,fall,0.756000,1
le2i-blazepose-normalized::Coffee_room_01_video_6,1,3973,3973,151,175,0.000000,0.000000,fall,fall,0.552000,1
le2i-blazepose-normalized::Coffee_room_01_video_6,1,3974,3974,156,180,0.000000,0.000000,fall,fall,0.538000,1
le2i-blazepose-normalized::Coffee_room_01_video_6,1,3975,3975,161,185,0.000000,0.000000,adl,fall,0.536000,0
le2i-blazepose-normalized::Coffee_room_01_video_6,1,3976,3976,166,190,0.000000,0.000000,adl,fall,0.546000,0
le2i-blazepose-normalized::Coffee_room_01_video_6,1,3977,3977,171,195,0.000000,0.000000,adl,fall,0.610000,0
le2i-blazepose-normalized::Coffee_room_01_video_6,1,3978,3978,176,200,0.000000,0.000000,adl,fall,0.720000,0
le2i-blazepose-normalized::Coffee_room_01_video_6,1,3979,3979,181,205,0.000000,0.000000,adl,fall,0.698000,0
le2i-blazepose-normalized::Coffee_room_01_video_6,1,3980,3980,186,210,0.000000,0.000000,adl,fall,0.706000,0
le2i-blazepose-normalized::Coffee_room_01_video_6,1,3981,3981,191,215,0.000000,0.000000,adl,fall,0.750000,0
le2i-blazepose-normalized::Coffee_room_01_video_6,1,3982,3982,196,220,0.000000,0.000000,adl,fall,0.746000,0
le2i-blazepose-normalized::Coffee_room_01_video_6,1,3983,3983,201,225,0.000000,0.000000,adl,fall,0.712000,0
le2i-blazepose-normalized::Coffee_room_01_video_6,1,3984,3984,206,230,0.000000,0.000000,adl,fall,0.730000,0
le2i-blazepose-normalized::Coffee_room_01_video_6,1,3985,3985,211,235,0.000000,0.000000,adl,fall,0.726000,0
le2i-blazepose-normalized::Coffee_room_01_video_7,1,3986,3986,1,25,0.000000,0.000000,adl,adl,0.014000,1
le2i-blazepose-normalized::Coffee_room_01_video_7,1,3987,3987,6,30,0.000000,0.000000,adl,adl,0.008000,1
le2i-blazepose-normalized::Coffee_room_01_video_7,1,3988,3988,11,35,0.000000,0.000000,adl,adl,0.004000,1
le2i-blazepose-normalized::Coffee_room_01_video_7,1,3989,3989,16,40,0.000000,0.000000,adl,adl,0.008000,1
le2i-blazepose-normalized::Coffee_room_01_video_7,1,3990,3990,21,45,0.000000,0.000000,adl,adl,0.002000,1
le2i-blazepose-normalized::Coffee_room_01_video_7,1,3991,3991,26,50,0.000000,0.000000,adl,adl,0.008000,1
le2i-blazepose-normalized::Coffee_room_01_video_7,1,3992,3992,31,55,0.000000,0.000000,adl,adl,0.002000,1
le2i-blazepose-normalized::Coffee_room_01_video_7,1,3993,3993,36,60,0.000000,0.000000,adl,adl,0.002000,1
le2i-blazepose-normalized::Coffee_room_01_video_7,1,3994,3994,41,65,0.000000,0.000000,adl,adl,0.000000,1
le2i-blazepose-normalized::Coffee_room_01_video_7,1,3995,3995,46,70,0.000000,0.000000,adl,adl,0.008000,1
le2i-blazepose-normalized::Coffee_room_01_video_7,1,3996,3996,51,75,0.000000,0.000000,adl,adl,0.032000,1
le2i-blazepose-normalized::Coffee_room_01_video_7,1,3997,3997,56,80,0.000000,0.000000,adl,adl,0.022000,1
le2i-blazepose-normalized::Coffee_room_01_video_7,1,3998,3998,61,85,0.000000,0.000000,adl,adl,0.022000,1
le2i-blazepose-normalized::Coffee_room_01_video_7,1,3999,3999,66,90,0.000000,0.000000,adl,adl,0.018000,1
le2i-blazepose-normalized::Coffee_room_01_video_7,1,4000,4000,71,95,0.000000,0.000000,adl,adl,0.064000,1
le2i-blazepose-normalized::Coffee_room_01_video_7,1,4001,4001,76,100,0.000000,0.000000,adl,adl,0.154000,1
le2i-blazepose-normalized::Coffee_room_01_video_7,1,4002,4002,81,105,0.000000,0.000000,fall,adl,0.140000,0
le2i-blazepose-normalized::Coffee_room_01_video_7,1,4003,4003,86,110,0.000000,0.000000,fall,adl,0.128000,0
le2i-blazepose-normalized::Coffee_room_01_video_7,1,4004,4004,91,115,0.000000,0.000000,fall,adl,0.310000,0
le2i-blazepose-normalized::Coffee_room_01_video_7,1,4005,4005,96,120,0.000000,0.000000,fall,fall,0.652000,1
le2i-blazepose-normalized::Coffee_room_01_video_7,1,4006,4006,101,125,0.000000,0.000000,fall,fall,0.764000,1
le2i-blazepose-normalized::Coffee_room_01_video_7,1,4007,4007,106,130,0.000000,0.000000,fall,fall,0.856000,1
le2i-blazepose-normalized::Coffee_room_01_video_7,1,4008,4008,111,135,0.000000,0.000000,fall,fall,0.884000,1
le2i-blazepose-normalized::Coffee_room_01_video_7,1,4009,4009,116,140,0.000000,0.000000,fall,fall,0.838000,1
le2i-blazepose-normalized::Coffee_room_01_video_7,1,4010,4010,121,145,0.000000,0.000000,adl,fall,0.744000,0
le2i-blazepose-normalized::Coffee_room_01_video_7,1,4011,4011,126,150,0.000000,0.000000,adl,fall,0.742000,0
le2i-blazepose-normalized::Coffee_room_01_video_7,1,4012,4012,131,155,0.000000,0.000000,adl,fall,0.728000,0
le2i-blazepose-normalized::Coffee_room_01_video_7,1,4013,4013,136,160,0.000000,0.000000,adl,fall,0.688000,0
le2i-blazepose-normalized::Coffee_room_01_video_7,1,4014,4014,141,165,0.000000,0.000000,adl,fall,0.658000,0
le2i-blazepose-normalized::Coffee_room_01_video_7,1,4015,4015,146,170,0.000000,0.000000,adl,fall,0.656000,0
le2i-blazepose-normalized::Coffee_room_01_video_8,1,4016,4016,1,25,0.000000,0.000000,adl,adl,0.008000,1
le2i-blazepose-normalized::Coffee_room_01_video_8,1,4017,4017,6,30,0.000000,0.000000,adl,adl,0.010000,1
le2i-blazepose-normalized::Coffee_room_01_video_8,1,4018,4018,11,35,0.000000,0.000000,adl,adl,0.000000,1
le2i-blazepose-normalized::Coffee_room_01_video_8,1,4019,4019,16,40,0.000000,0.000000,adl,adl,0.012000,1
le2i-blazepose-normalized::Coffee_room_01_video_8,1,4020,4020,21,45,0.000000,0.000000,adl,adl,0.006000,1
le2i-blazepose-normalized::Coffee_room_01_video_8,1,4021,4021,26,50,0.000000,0.000000,adl,adl,0.000000,1
le2i-blazepose-normalized::Coffee_room_01_video_8,1,4022,4022,31,55,0.000000,0.000000,adl,adl,0.000000,1
le2i-blazepose-normalized::Coffee_room_01_video_8,1,4023,4023,36,60,0.000000,0.000000,adl,adl,0.002000,1
le2i-blazepose-normalized::Coffee_room_01_video_8,1,4024,4024,41,65,0.000000,0.000000,adl,adl,0.000000,1
le2i-blazepose-normalized::Coffee_room_01_video_8,1,4025,4025,46,70,0.000000,0.000000,adl,adl,0.004000,1
le2i-blazepose-normalized::Coffee_room_01_video_8,1,4026,4026,51,75,0.000000,0.000000,adl,adl,0.006000,1
le2i-blazepose-normalized::Coffee_room_01_video_8,1,4027,4027,56,80,0.000000,0.000000,adl,adl,0.150000,1
le2i-blazepose-normalized::Coffee_room_01_video_8,1,4028,4028,61,85,0.000000,0.000000,adl,adl,0.300000,1
le2i-blazepose-normalized::Coffee_room_01_video_8,1,4029,4029,66,90,0.000000,0.000000,adl,adl,0.200000,1
le2i-blazepose-normalized::Coffee_room_01_video_8,1,4030,4030,71,95,0.000000,0.000000,adl,adl,0.168000,1
le2i-blazepose-normalized::Coffee_room_01_video_8,1,4031,4031,76,100,0.000000,0.000000,adl,adl,0.150000,1
le2i-blazepose-normalized::Coffee_room_01_video_8,1,4032,4032,81,105,0.000000,0.000000,adl,adl,0.162000,1
le2i-blazepose-normalized::Coffee_room_01_video_8,1,4033,4033,86,110,0.000000,0.000000,adl,adl,0.172000,1
le2i-blazepose-normalized::Coffee_room_01_video_8,1,4034,4034,91,115,0.000000,0.000000,adl,adl,0.158000,1
le2i-blazepose-normalized::Coffee_room_01_video_8,1,4035,4035,96,120,0.000000,0.000000,adl,adl,0.134000,1
le2i-blazepose-normalized::Coffee_room_01_video_8,1,4036,4036,101,125,0.000000,0.000000,adl,adl,0.154000,1
le2i-blazepose-normalized::Coffee_room_01_video_8,1,4037,4037,106,130,0.000000,0.000000,adl,adl,0.144000,1
le2i-blazepose-normalized::Coffee_room_01_video_8,1,4038,4038,111,135,0.000000,0.000000,adl,adl,0.116000,1
le2i-blazepose-normalized::Coffee_room_01_video_8,1,4039,4039,116,140,0.000000,0.000000,adl,adl,0.046000,1
le2i-blazepose-normalized::Coffee_room_01_video_8,1,4040,4040,121,145,0.000000,0.000000,adl,adl,0.008000,1
le2i-blazepose-normalized::Coffee_room_01_video_8,1,4041,4041,126,150,0.000000,0.000000,adl,adl,0.002000,1
le2i-blazepose-normalized::Coffee_room_01_video_8,1,4042,4042,131,155,0.000000,0.000000,adl,adl,0.000000,1
le2i-blazepose-normalized::Coffee_room_01_video_8,1,4043,4043,136,160,0.000000,0.000000,adl,adl,0.000000,1
le2i-blazepose-normalized::Coffee_room_01_video_8,1,4044,4044,141,165,0.000000,0.000000,fall,adl,0.002000,0
le2i-blazepose-normalized::Coffee_room_01_video_8,1,4045,4045,146,170,0.000000,0.000000,fall,adl,0.428000,0
le2i-blazepose-normalized::Coffee_room_01_video_8,1,4046,4046,151,175,0.000000,0.000000,fall,fall,0.614000,1
le2i-blazepose-normalized::Coffee_room_01_video_8,1,4047,4047,156,180,0.000000,0.000000,fall,fall,0.662000,1
le2i-blazepose-normalized::Coffee_room_01_video_8,1,4048,4048,161,185,0.000000,0.000000,fall,fall,0.560000,1
le2i-blazepose-normalized::Coffee_room_01_video_8,1,4049,4049,166,190,0.000000,0.000000,fall,adl,0.460000,0
le2i-blazepose-normalized::Coffee_room_01_video_8,1,4050,4050,171,195,0.000000,0.000000,fall,adl,0.477556,0
le2i-blazepose-normalized::Coffee_room_01_video_8,1,4051,4051,176,200,0.000000,0.000000,adl,adl,0.461556,1
le2i-blazepose-normalized::Coffee_room_01_video_8,1,4052,4052,181,205,0.000000,0.000000,adl,adl,0.389556,1
le2i-blazepose-normalized::Coffee_room_01_video_8,1,4053,4053,186,210,0.000000,0.000000,adl,adl,0.385556,1
le2i-blazepose-normalized::Coffee_room_01_video_8,1,4054,4054,191,215,0.000000,0.000000,adl,adl,0.387556,1
le2i-blazepose-normalized::Coffee_room_01_video_8,1,4055,4055,196,220,0.000000,0.000000,adl,adl,0.372000,1
le2i-blazepose-normalized::Coffee_room_01_video_8,1,4056,4056,201,225,0.000000,0.000000,adl,adl,0.339500,1
le2i-blazepose-normalized::Coffee_room_01_video_8,1,4057,4057,206,230,0.000000,0.000000,adl,adl,0.359500,1
le2i-blazepose-normalized::Coffee_room_01_video_8,1,4058,4058,211,235,0.000000,0.000000,adl,adl,0.338000,1
le2i-blazepose-normalized::Coffee_room_01_video_8,1,4059,4059,216,240,0.000000,0.000000,adl,adl,0.367500,1
le2i-blazepose-normalized::Coffee_room_01_video_8,1,4060,4060,221,245,0.000000,0.000000,adl,adl,0.398000,1
le2i-blazepose-normalized::Coffee_room_01_video_8,1,4061,4061,226,250,0.000000,0.000000,adl,adl,0.480000,1
le2i-blazepose-normalized::Coffee_room_01_video_8,1,4062,4062,231,255,0.000000,0.000000,adl,adl,0.402000,1
le2i-blazepose-normalized::Coffee_room_01_video_9,3,4063,4063,1,25,0.000000,0.000000,adl,adl,0.038000,1
le2i-blazepose-normalized::Coffee_room_01_video_9,3,4064,4064,6,30,0.000000,0.000000,adl,adl,0.062000,1
le2i-blazepose-normalized::Coffee_room_01_video_9,3,4065,4065,11,35,0.000000,0.000000,adl,adl,0.084000,1
le2i-blazepose-normalized::Coffee_room_01_video_9,3,4066,4066,16,40,0.000000,0.000000,adl,adl,0.054000,1
le2i-blazepose-normalized::Coffee_room_01_video_9,3,4067,4067,21,45,0.000000,0.000000,adl,adl,0.020000,1
le2i-blazepose-normalized::Coffee_room_01_video_9,3,4068,4068,26,50,0.000000,0.000000,adl,adl,0.008000,1
le2i-blazepose-normalized::Coffee_room_01_video_9,3,4069,4069,31,55,0.000000,0.000000,adl,adl,0.004000,1
le2i-blazepose-normalized::Coffee_room_01_video_9,3,4070,4070,36,60,0.000000,0.000000,adl,adl,0.012000,1
le2i-blazepose-normalized::Coffee_room_01_video_9,3,4071,4071,41,65,0.000000,0.000000,adl,adl,0.002000,1
le2i-blazepose-normalized::Coffee_room_01_video_9,3,4072,4072,46,70,0.000000,0.000000,adl,adl,0.000000,1
le2i-blazepose-normalized::Coffee_room_01_video_9,3,4073,4073,51,75,0.000000,0.000000,adl,adl,0.004000,1
le2i-blazepose-normalized::Coffee_room_01_video_9,3,4074,4074,56,80,0.000000,0.000000,adl,adl,0.008000,1
le2i-blazepose-normalized::Coffee_room_01_video_9,3,4075,4075,61,85,0.000000,0.000000,adl,adl,0.018000,1
le2i-blazepose-normalized::Coffee_room_01_video_9,3,4076,4076,66,90,0.000000,0.000000,adl,adl,0.016000,1
le2i-blazepose-normalized::Coffee_room_01_video_9,3,4077,4077,71,95,0.000000,0.000000,adl,adl,0.078000,1
le2i-blazepose-normalized::Coffee_room_01_video_9,3,4078,4078,76,100,0.000000,0.000000,fall,adl,0.098000,0
le2i-blazepose-normalized::Coffee_room_01_video_9,3,4079,4079,81,105,0.000000,0.000000,fall,fall,0.560000,1
le2i-blazepose-normalized::Coffee_room_01_video_9,3,4080,4080,86,110,0.000000,0.000000,fall,fall,0.740000,1
le2i-blazepose-normalized::Coffee_room_01_video_9,3,4081,4081,91,115,0.000000,0.000000,fall,fall,0.745714,1
le2i-blazepose-normalized::Coffee_room_01_video_9,3,4082,4082,96,120,0.000000,0.000000,fall,fall,0.654000,1
le2i-blazepose-normalized::Coffee_room_01_video_9,3,4083,4083,101,125,0.000000,0.000000,fall,adl,0.500000,0
le2i-blazepose-normalized::Coffee_room_01_video_9,3,4084,4084,106,130,0.000000,0.000000,fall,adl,0.468000,0
le2i-blazepose-normalized::Coffee_room_01_video_9,3,4085,4085,111,135,0.000000,0.000000,fall,adl,0.472000,0
le2i-blazepose-normalized::Coffee_room_01_video_9,3,4086,4086,116,140,0.000000,0.000000,fall,adl,0.402000,0
le2i-blazepose-normalized::Coffee_room_01_video_9,3,4087,4087,121,145,0.000000,0.000000,adl,adl,0.268000,1
le2i-blazepose-normalized::Coffee_room_01_video_9,3,4088,4088,126,150,0.000000,0.000000,adl,adl,0.258000,1
le2i-blazepose-normalized::Coffee_room_01_video_9,3,4089,4089,131,155,0.000000,0.000000,adl,adl,0.262000,1
le2i-blazepose-normalized::Coffee_room_01_video_9,3,4090,4090,136,160,0.000000,0.000000,adl,adl,0.266000,1
le2i-blazepose-normalized::Coffee_room_01_video_9,3,4091,4091,141,165,0.000000,0.000000,adl,adl,0.280000,1
le2i-blazepose-normalized::Coffee_room_01_video_9,3,4092,4092,146,170,0.000000,0.000000,adl,adl,0.282000,1
le2i-blazepose-normalized::Coffee_room_01_video_9,3,4093,4093,151,175,0.000000,0.000000,adl,adl,0.270000,1
le2i-blazepose-normalized::Coffee_room_01_video_9,3,4094,4094,156,180,0.000000,0.000000,adl,adl,0.278000,1
le2i-blazepose-normalized::Coffee_room_01_video_9,3,4095,4095,161,185,0.000000,0.000000,adl,adl,0.270000,1
le2i-blazepose-normalized::Coffee_room_01_video_9,3,4096,4096,166,190,0.000000,0.000000,adl,adl,0.266000,1
le2i-blazepose-normalized::Coffee_room_01_video_9,3,4097,4097,171,195,0.000000,0.000000,adl,adl,0.264000,1
le2i-blazepose-normalized::Coffee_room_01_video_9,3,4098,4098,176,200,0.000000,0.000000,adl,adl,0.270000,1
le2i-blazepose-normalized::Coffee_room_01_video_9,3,4099,4099,181,205,0.000000,0.000000,adl,adl,0.278000,1
le2i-blazepose-normalized::Home_01_video_1,2,4100,4100,1,25,0.000000,0.000000,adl,adl,0.010000,1
le2i-blazepose-normalized::Home_01_video_1,2,4101,4101,6,30,0.000000,0.000000,adl,adl,0.022000,1
le2i-blazepose-normalized::Home_01_video_1,2,4102,4102,11,35,0.000000,0.000000,adl,adl,0.022000,1
le2i-blazepose-normalized::Home_01_video_1,2,4103,4103,16,40,0.000000,0.000000,adl,adl,0.028000,1
le2i-blazepose-normalized::Home_01_video_1,2,4104,4104,21,45,0.000000,0.000000,adl,adl,0.018000,1
le2i-blazepose-normalized::Home_01_video_1,2,4105,4105,26,50,0.000000,0.000000,adl,adl,0.012000,1
le2i-blazepose-normalized::Home_01_video_1,2,4106,4106,31,55,0.000000,0.000000,adl,adl,0.138000,1
le2i-blazepose-normalized::Home_01_video_1,2,4107,4107,36,60,0.000000,0.000000,adl,adl,0.124000,1
le2i-blazepose-normalized::Home_01_video_1,2,4108,4108,41,65,0.000000,0.000000,adl,adl,0.232000,1
le2i-blazepose-normalized::Home_01_video_1,2,4109,4109,46,70,0.000000,0.000000,adl,adl,0.302000,1
le2i-blazepose-normalized::Home_01_video_1,2,4110,4110,51,75,0.000000,0.000000,adl,fall,0.502000,0
le2i-blazepose-normalized::Home_01_video_1,2,4111,4111,56,80,0.000000,0.000000,adl,fall,0.648000,0
le2i-blazepose-normalized::Home_01_video_1,2,4112,4112,61,85,0.000000,0.000000,adl,adl,0.432000,1
le2i-blazepose-normalized::Home_01_video_1,2,4113,4113,66,90,0.000000,0.000000,adl,adl,0.192000,1
le2i-blazepose-normalized::Home_01_video_1,2,4114,4114,71,95,0.000000,0.000000,adl,adl,0.178000,1
le2i-blazepose-normalized::Home_01_video_1,2,4115,4115,76,100,0.000000,0.000000,adl,adl,0.096000,1
le2i-blazepose-normalized::Home_01_video_1,2,4116,4116,81,105,0.000000,0.000000,adl,adl,0.034000,1
le2i-blazepose-normalized::Home_01_video_1,2,4117,4117,86,110,0.000000,0.000000,adl,adl,0.026000,1
le2i-blazepose-normalized::Home_01_video_1,2,4118,4118,91,115,0.000000,0.000000,adl,adl,0.028000,1
le2i-blazepose-normalized::Home_01_video_1,2,4119,4119,96,120,0.000000,0.000000,adl,adl,0.012000,1
le2i-blazepose-normalized::Home_01_video_1,2,4120,4120,101,125,0.000000,0.000000,adl,adl,0.066000,1
le2i-blazepose-normalized::Home_01_video_1,2,4121,4121,106,130,0.000000,0.000000,adl,adl,0.008000,1
le2i-blazepose-normalized::Home_01_video_1,2,4122,4122,111,135,0.000000,0.000000,adl,adl,0.002000,1
le2i-blazepose-normalized::Home_01_video_1,2,4123,4123,116,140,0.000000,0.000000,adl,adl,0.008000,1
le2i-blazepose-normalized::Home_01_video_1,2,4124,4124,121,145,0.000000,0.000000,adl,adl,0.006000,1
le2i-blazepose-normalized::Home_01_video_1,2,4125,4125,126,150,0.000000,0.000000,adl,adl,0.030000,1
le2i-blazepose-normalized::Home_01_video_1,2,4126,4126,131,155,0.000000,0.000000,fall,adl,0.206000,0
le2i-blazepose-normalized::Home_01_video_1,2,4127,4127,136,160,0.000000,0.000000,fall,adl,0.466000,0
le2i-blazepose-normalized::Home_01_video_1,2,4128,4128,141,165,0.000000,0.000000,fall,fall,0.674000,1
le2i-blazepose-normalized::Home_01_video_1,2,4129,4129,146,170,0.000000,0.000000,fall,fall,0.782000,1
le2i-blazepose-normalized::Home_01_video_1,2,4130,4130,151,175,0.000000,0.000000,fall,fall,0.830000,1
le2i-blazepose-normalized::Home_01_video_1,2,4131,4131,156,180,0.000000,0.000000,fall,fall,0.628000,1
le2i-blazepose-normalized::Home_01_video_1,2,4132,4132,161,185,0.000000,0.000000,adl,adl,0.408000,1
le2i-blazepose-normalized::Home_01_video_1,2,4133,4133,166,190,0.000000,0.000000,adl,adl,0.302000,1
le2i-blazepose-normalized::Home_01_video_1,2,4134,4134,171,195,0.000000,0.000000,adl,adl,0.306000,1
le2i-blazepose-normalized::Home_01_video_1,2,4135,4135,176,200,0.000000,0.000000,adl,adl,0.310000,1
le2i-blazepose-normalized::Home_01_video_1,2,4136,4136,181,205,0.000000,0.000000,adl,adl,0.324000,1
le2i-blazepose-normalized::Home_01_video_1,2,4137,4137,186,210,0.000000,0.000000,adl,adl,0.306000,1
le2i-blazepose-normalized::Home_01_video_1,2,4138,4138,191,215,0.000000,0.000000,adl,adl,0.320000,1
le2i-blazepose-normalized::Home_01_video_1,2,4139,4139,196,220,0.000000,0.000000,adl,adl,0.326000,1
le2i-blazepose-normalized::Home_01_video_1,2,4140,4140,201,225,0.000000,0.000000,adl,adl,0.302000,1
le2i-blazepose-normalized::Home_01_video_1,2,4141,4141,206,230,0.000000,0.000000,adl,adl,0.326000,1
le2i-blazepose-normalized::Home_01_video_1,2,4142,4142,211,235,0.000000,0.000000,adl,adl,0.318000,1
le2i-blazepose-normalized::Home_01_video_1,2,4143,4143,216,240,0.000000,0.000000,adl,adl,0.310000,1
le2i-blazepose-normalized::Home_01_video_1,2,4144,4144,221,245,0.000000,0.000000,adl,adl,0.300000,1
le2i-blazepose-normalized::Home_01_video_1,2,4145,4145,226,250,0.000000,0.000000,adl,adl,0.320000,1
le2i-blazepose-normalized::Home_01_video_1,2,4146,4146,231,255,0.000000,0.000000,adl,adl,0.314000,1
le2i-blazepose-normalized::Home_01_video_1,2,4147,4147,236,260,0.000000,0.000000,adl,adl,0.310000,1
le2i-blazepose-normalized::Home_01_video_10,3,4148,4148,86,110,0.000000,0.000000,adl,adl,0.058000,1
le2i-blazepose-normalized::Home_01_video_10,3,4149,4149,91,115,0.000000,0.000000,adl,adl,0.026000,1
le2i-blazepose-normalized::Home_01_video_10,3,4150,4150,96,120,0.000000,0.000000,adl,adl,0.018000,1
le2i-blazepose-normalized::Home_01_video_10,3,4151,4151,101,125,0.000000,0.000000,adl,adl,0.030000,1
le2i-blazepose-normalized::Home_01_video_10,3,4152,4152,106,130,0.000000,0.000000,adl,adl,0.344000,1
le2i-blazepose-normalized::Home_01_video_10,3,4153,4153,111,135,0.000000,0.000000,adl,fall,0.684000,0
le2i-blazepose-normalized::Home_01_video_10,3,4154,4154,116,140,0.000000,0.000000,adl,fall,0.868000,0
le2i-blazepose-normalized::Home_01_video_10,3,4155,4155,121,145,0.000000,0.000000,fall,fall,0.916000,1
le2i-blazepose-normalized::Home_01_video_10,3,4156,4156,126,150,0.000000,0.000000,fall,fall,0.888000,1
le2i-blazepose-normalized::Home_01_video_10,3,4157,4157,131,155,0.000000,0.000000,fall,fall,0.884500,1
le2i-blazepose-normalized::Home_01_video_10,3,4158,4158,136,160,0.000000,0.000000,fall,fall,0.616000,1
le2i-blazepose-normalized::Home_01_video_10,3,4159,4159,141,165,0.000000,0.000000,fall,fall,0.508000,1
le2i-blazepose-normalized::Home_01_video_10,3,4160,4160,146,170,0.000000,0.000000,adl,adl,0.484000,1
le2i-blazepose-normalized::Home_01_video_10,3,4161,4161,151,175,0.000000,0.000000,adl,adl,0.340000,1
le2i-blazepose-normalized::Home_01_video_10,3,4162,4162,156,180,0.000000,0.000000,adl,adl,0.228000,1
le2i-blazepose-normalized::Home_01_video_10,3,4163,4163,161,185,0.000000,0.000000,adl,adl,0.244000,1
le2i-blazepose-normalized::Home_01_video_10,3,4164,4164,166,190,0.000000,0.000000,adl,adl,0.216000,1
le2i-blazepose-normalized::Home_01_video_10,3,4165,4165,171,195,0.000000,0.000000,adl,adl,0.320000,1
le2i-blazepose-normalized::Home_01_video_10,3,4166,4166,176,200,0.000000,0.000000,adl,adl,0.172000,1
le2i-blazepose-normalized::Home_01_video_10,3,4167,4167,181,205,0.000000,0.000000,adl,adl,0.178000,1
le2i-blazepose-normalized::Home_01_video_10,3,4168,4168,186,210,0.000000,0.000000,adl,adl,0.146000,1
le2i-blazepose-normalized::Home_01_video_10,3,4169,4169,191,215,0.000000,0.000000,adl,adl,0.258000,1
le2i-blazepose-normalized::Home_01_video_10,3,4170,4170,196,220,0.000000,0.000000,adl,adl,0.297000,1
le2i-blazepose-normalized::Home_01_video_10,3,4171,4171,201,225,0.000000,0.000000,adl,adl,0.292000,1
le2i-blazepose-normalized::Home_01_video_10,3,4172,4172,206,230,0.000000,0.000000,adl,adl,0.218000,1
le2i-blazepose-normalized::Home_01_video_10,3,4173,4173,211,235,0.000000,0.000000,adl,adl,0.182000,1
le2i-blazepose-normalized::Home_01_video_10,3,4174,4174,216,240,0.000000,0.000000,adl,adl,0.104000,1
le2i-blazepose-normalized::Home_01_video_10,3,4175,4175,221,245,0.000000,0.000000,adl,adl,0.086000,1
le2i-blazepose-normalized::Home_01_video_10,3,4176,4176,226,250,0.000000,0.000000,adl,adl,0.054000,1
le2i-blazepose-normalized::Home_01_video_10,3,4177,4177,231,255,0.000000,0.000000,adl,adl,0.064000,1
le2i-blazepose-normalized::Home_01_video_10,3,4178,4178,236,260,0.000000,0.000000,adl,adl,0.026000,1
le2i-blazepose-normalized::Home_01_video_10,3,4179,4179,241,265,0.000000,0.000000,adl,adl,0.010000,1
le2i-blazepose-normalized::Home_01_video_10,3,4180,4180,246,270,0.000000,0.000000,adl,adl,0.006000,1
le2i-blazepose-normalized::Home_01_video_10,3,4181,4181,251,275,0.000000,0.000000,adl,adl,0.008000,1
le2i-blazepose-normalized::Home_01_video_10,3,4182,4182,256,280,0.000000,0.000000,adl,adl,0.002000,1
le2i-blazepose-normalized::Home_01_video_10,3,4183,4183,261,285,0.000000,0.000000,adl,adl,0.000000,1
le2i-blazepose-normalized::Home_01_video_10,3,4184,4184,266,290,0.000000,0.000000,adl,adl,0.000000,1
le2i-blazepose-normalized::Home_01_video_10,3,4185,4185,271,295,0.000000,0.000000,adl,adl,0.008000,1
le2i-blazepose-normalized::Home_01_video_10,3,4186,4186,276,300,0.000000,0.000000,adl,adl,0.050000,1
le2i-blazepose-normalized::Home_01_video_10,3,4187,4187,281,305,0.000000,0.000000,adl,adl,0.070000,1
le2i-blazepose-normalized::Home_01_video_10,3,4188,4188,286,310,0.000000,0.000000,adl,adl,0.078000,1
le2i-blazepose-normalized::Home_01_video_11,5,4189,4189,96,120,0.000000,0.000000,adl,adl,0.058000,1
le2i-blazepose-normalized::Home_01_video_11,5,4190,4190,101,125,0.000000,0.000000,adl,adl,0.024000,1
le2i-blazepose-normalized::Home_01_video_11,5,4191,4191,106,130,0.000000,0.000000,adl,adl,0.030000,1
le2i-blazepose-normalized::Home_01_video_11,5,4192,4192,111,135,0.000000,0.000000,adl,adl,0.238000,1
le2i-blazepose-normalized::Home_01_video_11,5,4193,4193,116,140,0.000000,0.000000,adl,adl,0.388000,1
le2i-blazepose-normalized::Home_01_video_11,5,4194,4194,121,145,0.000000,0.000000,fall,fall,0.502000,1
le2i-blazepose-normalized::Home_01_video_11,5,4195,4195,126,150,0.000000,0.000000,fall,adl,0.499600,0
le2i-blazepose-normalized::Home_01_video_11,5,4196,4196,131,155,0.000000,0.000000,fall,fall,0.723500,1
le2i-blazepose-normalized::Home_01_video_11,5,4197,4197,136,160,0.000000,0.000000,fall,adl,0.064000,0
le2i-blazepose-normalized::Home_01_video_11,5,4198,4198,141,165,0.000000,0.000000,fall,adl,0.068000,0
le2i-blazepose-normalized::Home_01_video_11,5,4199,4199,146,170,0.000000,0.000000,fall,adl,0.054000,0
le2i-blazepose-normalized::Home_01_video_11,5,4200,4200,151,175,0.000000,0.000000,fall,adl,0.044000,0
le2i-blazepose-normalized::Home_01_video_11,5,4201,4201,156,180,0.000000,0.000000,fall,adl,0.068000,0
le2i-blazepose-normalized::Home_01_video_11,5,4202,4202,161,185,0.000000,0.000000,fall,adl,0.036000,0
le2i-blazepose-normalized::Home_01_video_11,5,4203,4203,166,190,0.000000,0.000000,adl,adl,0.050000,1
le2i-blazepose-normalized::Home_01_video_11,5,4204,4204,171,195,0.000000,0.000000,adl,adl,0.078000,1
le2i-blazepose-normalized::Home_01_video_11,5,4205,4205,176,200,0.000000,0.000000,adl,adl,0.090000,1
le2i-blazepose-normalized::Home_01_video_11,5,4206,4206,181,205,0.000000,0.000000,adl,adl,0.194000,1
le2i-blazepose-normalized::Home_01_video_11,5,4207,4207,186,210,0.000000,0.000000,adl,adl,0.006000,1
le2i-blazepose-normalized::Home_01_video_11,5,4208,4208,191,215,0.000000,0.000000,adl,adl,0.002000,1
le2i-blazepose-normalized::Home_01_video_11,5,4209,4209,206,230,0.000000,0.000000,adl,adl,0.072000,1
le2i-blazepose-normalized::Home_01_video_11,5,4210,4210,211,235,0.000000,0.000000,adl,adl,0.122000,1
le2i-blazepose-normalized::Home_01_video_11,5,4211,4211,216,240,0.000000,0.000000,adl,adl,0.036000,1
le2i-blazepose-normalized::Home_01_video_11,5,4212,4212,221,245,0.000000,0.000000,adl,adl,0.008000,1
le2i-blazepose-normalized::Home_01_video_11,5,4213,4213,226,250,0.000000,0.000000,adl,adl,0.000000,1
le2i-blazepose-normalized::Home_01_video_11,5,4214,4214,231,255,0.000000,0.000000,adl,adl,0.000000,1
le2i-blazepose-normalized::Home_01_video_11,5,4215,4215,236,260,0.000000,0.000000,adl,adl,0.000000,1
le2i-blazepose-normalized::Home_01_video_11,5,4216,4216,241,265,0.000000,0.000000,adl,adl,0.000000,1
le2i-blazepose-normalized::Home_01_video_11,5,4217,4217,246,270,0.000000,0.000000,adl,adl,0.000000,1
le2i-blazepose-normalized::Home_01_video_11,5,4218,4218,251,275,0.000000,0.000000,adl,adl,0.000000,1
le2i-blazepose-normalized::Home_01_video_11,5,4219,4219,256,280,0.000000,0.000000,adl,adl,0.000000,1
le2i-blazepose-normalized::Home_01_video_11,5,4220,4220,261,285,0.000000,0.000000,adl,adl,0.000000,1
le2i-blazepose-normalized::Home_01_video_11,5,4221,4221,266,290,0.000000,0.000000,adl,adl,0.008000,1
le2i-blazepose-normalized::Home_01_video_11,5,4222,4222,271,295,0.000000,0.000000,adl,adl,0.000000,1
le2i-blazepose-normalized::Home_01_video_11,5,4223,4223,276,300,0.000000,0.000000,adl,adl,0.146000,1
le2i-blazepose-normalized::Home_01_video_11,5,4224,4224,281,305,0.000000,0.000000,adl,adl,0.310000,1
le2i-blazepose-normalized::Home_01_video_11,5,4225,4225,286,310,0.000000,0.000000,adl,adl,0.320000,1
le2i-blazepose-normalized::Home_01_video_12,1,4226,4226,71,95,0.000000,0.000000,adl,adl,0.004000,1
le2i-blazepose-normalized::Home_01_video_12,1,4227,4227,76,100,0.000000,0.000000,adl,adl,0.002000,1
le2i-blazepose-normalized::Home_01_video_12,1,4228,4228,81,105,0.000000,0.000000,adl,adl,0.002000,1
le2i-blazepose-normalized::Home_01_video_12,1,4229,4229,86,110,0.000000,0.000000,adl,adl,0.002000,1
le2i-blazepose-normalized::Home_01_video_12,1,4230,4230,91,115,0.000000,0.000000,adl,adl,0.002000,1
le2i-blazepose-normalized::Home_01_video_12,1,4231,4231,96,120,0.000000,0.000000,adl,adl,0.000000,1
le2i-blazepose-normalized::Home_01_video_12,1,4232,4232,101,125,0.000000,0.000000,adl,adl,0.000000,1
le2i-blazepose-normalized::Home_01_video_12,1,4233,4233,106,130,0.000000,0.000000,adl,adl,0.000000,1
le2i-blazepose-normalized::Home_01_video_12,1,4234,4234,111,135,0.000000,0.000000,adl,adl,0.000000,1
le2i-blazepose-normalized::Home_01_video_12,1,4235,4235,116,140,0.000000,0.000000,adl,adl,0.000000,1
le2i-blazepose-normalized::Home_01_video_12,1,4236,4236,121,145,0.000000,0.000000,adl,adl,0.000000,1
le2i-blazepose-normalized::Home_01_video_12,1,4237,4237,126,150,0.000000,0.000000,adl,adl,0.002000,1
le2i-blazepose-normalized::Home_01_video_12,1,4238,4238,131,155,0.000000,0.000000,adl,adl,0.000000,1
le2i-blazepose-normalized::Home_01_video_12,1,4239,4239,136,160,0.000000,0.000000,adl,adl,0.106000,1
le2i-blazepose-normalized::Home_01_video_12,1,4240,4240,141,165,0.000000,0.000000,adl,fall,0.540000,0
le2i-blazepose-normalized::Home_01_video_12,1,4241,4241,146,170,0.000000,0.000000,fall,fall,0.850000,1
le2i-blazepose-normalized::Home_01_video_12,1,4242,4242,151,175,0.000000,0.000000,fall,fall,0.924000,1
le2i-blazepose-normalized::Home_01_video_12,1,4243,4243,156,180,0.000000,0.000000,fall,fall,0.866000,1
le2i-blazepose-normalized::Home_01_video_12,1,4244,4244,161,185,0.000000,0.000000,fall,fall,0.574833,1
le2i-blazepose-normalized::Home_01_video_12,1,4245,4245,166,190,0.000000,0.000000,fall,fall,0.612000,1
le2i-blazepose-normalized::Home_01_video_12,1,4246,4246,171,195,0.000000,0.000000,adl,adl,0.480000,1
le2i-blazepose-normalized::Home_01_video_12,1,4247,4247,176,200,0.000000,0.000000,adl,adl,0.342000,1
le2i-blazepose-normalized::Home_01_video_12,1,4248,4248,181,205,0.000000,0.000000,adl,adl,0.368000,1
le2i-blazepose-normalized::Home_01_video_12,1,4249,4249,186,210,0.000000,0.000000,adl,adl,0.308000,1
le2i-blazepose-normalized::Home_01_video_12,1,4250,4250,191,215,0.000000,0.000000,adl,adl,0.214000,1
le2i-blazepose-normalized::Home_01_video_13,1,4251,4251,51,75,0.000000,0.000000,adl,adl,0.000000,1
le2i-blazepose-normalized::Home_01_video_13,1,4252,4252,56,80,0.000000,0.000000,adl,adl,0.000000,1
le2i-blazepose-normalized::Home_01_video_13,1,4253,4253,61,85,0.000000,0.000000,adl,adl,0.000000,1
le2i-blazepose-normalized::Home_01_video_13,1,4254,4254,66,90,0.000000,0.000000,adl,adl,0.000000,1
le2i-blazepose-normalized::Home_01_video_13,1,4255,4255,71,95,0.000000,0.000000,adl,adl,0.000000,1
le2i-blazepose-normalized::Home_01_video_13,1,4256,4256,76,100,0.000000,0.000000,adl,adl,0.000000,1
le2i-blazepose-normalized::Home_01_video_13,1,4257,4257,81,105,0.000000,0.000000,adl,adl,0.000000,1
le2i-blazepose-normalized::Home_01_video_13,1,4258,4258,86,110,0.000000,0.000000,adl,adl,0.000000,1
le2i-blazepose-normalized::Home_01_video_13,1,4259,4259,91,115,0.000000,0.000000,adl,adl,0.000000,1
le2i-blazepose-normalized::Home_01_video_13,1,4260,4260,96,120,0.000000,0.000000,adl,adl,0.000000,1
le2i-blazepose-normalized::Home_01_video_13,1,4261,4261,101,125,0.000000,0.000000,adl,adl,0.000000,1
le2i-blazepose-normalized::Home_01_video_13,1,4262,4262,106,130,0.000000,0.000000,adl,adl,0.000000,1
le2i-blazepose-normalized::Home_01_video_13,1,4263,4263,111,135,0.000000,0.000000,adl,adl,0.000000,1
le2i-blazepose-normalized::Home_01_video_13,1,4264,4264,116,140,0.000000,0.000000,adl,adl,0.000000,1
le2i-blazepose-normalized::Home_01_video_13,1,4265,4265,121,145,0.000000,0.000000,adl,adl,0.000000,1
le2i-blazepose-normalized::Home_01_video_13,1,4266,4266,126,150,0.000000,0.000000,adl,adl,0.000000,1
le2i-blazepose-normalized::Home_01_video_13,1,4267,4267,131,155,0.000000,0.000000,adl,adl,0.246000,1
le2i-blazepose-normalized::Home_01_video_13,1,4268,4268,136,160,0.000000,0.000000,adl,fall,0.638000,0
le2i-blazepose-normalized::Home_01_video_13,1,4269,4269,141,165,0.000000,0.000000,fall,fall,0.822000,1
le2i-blazepose-normalized::Home_01_video_13,1,4270,4270,146,170,0.000000,0.000000,fall,fall,0.750000,1
le2i-blazepose-normalized::Home_01_video_13,1,4271,4271,151,175,0.000000,0.000000,fall,fall,0.725750,1
le2i-blazepose-normalized::Home_01_video_13,1,4272,4272,156,180,0.000000,0.000000,fall,adl,0.302000,0
le2i-blazepose-normalized::Home_01_video_13,1,4273,4273,161,185,0.000000,0.000000,adl,adl,0.344000,1
le2i-blazepose-normalized::Home_01_video_13,1,4274,4274,166,190,0.000000,0.000000,adl,adl,0.400000,1
le2i-blazepose-normalized::Home_01_video_13,1,4275,4275,171,195,0.000000,0.000000,adl,adl,0.367500,1
le2i-blazepose-normalized::Home_01_video_13,1,4276,4276,176,200,0.000000,0.000000,adl,fall,0.625500,0
le2i-blazepose-normalized::Home_01_video_13,1,4277,4277,181,205,0.000000,0.000000,adl,adl,0.396000,1
le2i-blazepose-normalized::Home_01_video_13,1,4278,4278,186,210,0.000000,0.000000,adl,adl,0.430000,1
le2i-blazepose-normalized::Home_01_video_13,1,4279,4279,191,215,0.000000,0.000000,adl,adl,0.406000,1
le2i-blazepose-normalized::Home_01_video_13,1,4280,4280,196,220,0.000000,0.000000,adl,adl,0.198000,1
le2i-blazepose-normalized::Home_01_video_13,1,4281,4281,201,225,0.000000,0.000000,adl,adl,0.254000,1
le2i-blazepose-normalized::Home_01_video_13,1,4282,4282,206,230,0.000000,0.000000,adl,adl,0.352000,1
le2i-blazepose-normalized::Home_01_video_13,1,4283,4283,211,235,0.000000,0.000000,adl,adl,0.390000,1
le2i-blazepose-normalized::Home_01_video_13,1,4284,4284,216,240,0.000000,0.000000,adl,fall,0.652000,0
le2i-blazepose-normalized::Home_01_video_14,3,4285,4285,96,120,0.000000,0.000000,adl,adl,0.058000,1
le2i-blazepose-normalized::Home_01_video_14,3,4286,4286,101,125,0.000000,0.000000,adl,adl,0.036000,1
le2i-blazepose-normalized::Home_01_video_14,3,4287,4287,106,130,0.000000,0.000000,adl,adl,0.146000,1
le2i-blazepose-normalized::Home_01_video_14,3,4288,4288,111,135,0.000000,0.000000,adl,adl,0.138000,1
le2i-blazepose-normalized::Home_01_video_14,3,4289,4289,116,140,0.000000,0.000000,adl,adl,0.186000,1
le2i-blazepose-normalized::Home_01_video_14,3,4290,4290,121,145,0.000000,0.000000,adl,adl,0.182000,1
le2i-blazepose-normalized::Home_01_video_14,3,4291,4291,126,150,0.000000,0.000000,adl,adl,0.072000,1
le2i-blazepose-normalized::Home_01_video_14,3,4292,4292,131,155,0.000000,0.000000,adl,adl,0.038000,1
le2i-blazepose-normalized::Home_01_video_14,3,4293,4293,136,160,0.000000,0.000000,adl,adl,0.046000,1
le2i-blazepose-normalized::Home_01_video_14,3,4294,4294,141,165,0.000000,0.000000,adl,adl,0.032000,1
le2i-blazepose-normalized::Home_01_video_14,3,4295,4295,146,170,0.000000,0.000000,adl,adl,0.028000,1
le2i-blazepose-normalized::Home_01_video_14,3,4296,4296,151,175,0.000000,0.000000,adl,adl,0.030000,1
le2i-blazepose-normalized::Home_01_video_14,3,4297,4297,156,180,0.000000,0.000000,adl,adl,0.066000,1
le2i-blazepose-normalized::Home_01_video_14,3,4298,4298,161,185,0.000000,0.000000,adl,adl,0.334000,1
le2i-blazepose-normalized::Home_01_video_14,3,4299,4299,166,190,0.000000,0.000000,adl,fall,0.652000,0
le2i-blazepose-normalized::Home_01_video_14,3,4300,4300,171,195,0.000000,0.000000,fall,fall,0.766000,1
le2i-blazepose-normalized::Home_01_video_14,3,4301,4301,176,200,0.000000,0.000000,fall,fall,0.912000,1
le2i-blazepose-normalized::Home_01_video_14,3,4302,4302,181,205,0.000000,0.000000,fall,fall,0.854000,1
le2i-blazepose-normalized::Home_01_video_14,3,4303,4303,186,210,0.000000,0.000000,fall,fall,0.783000,1
le2i-blazepose-normalized::Home_01_video_14,3,4304,4304,191,215,0.000000,0.000000,fall,fall,0.606000,1
le2i-blazepose-normalized::Home_01_video_14,3,4305,4305,196,220,0.000000,0.000000,adl,fall,0.512000,0
le2i-blazepose-normalized::Home_01_video_14,3,4306,4306,201,225,0.000000,0.000000,adl,fall,0.514000,0
le2i-blazepose-normalized::Home_01_video_14,3,4307,4307,206,230,0.000000,0.000000,adl,adl,0.362000,1
le2i-blazepose-normalized::Home_01_video_14,3,4308,4308,211,235,0.000000,0.000000,adl,adl,0.434000,1
le2i-blazepose-normalized::Home_01_video_14,3,4309,4309,216,240,0.000000,0.000000,adl,adl,0.450000,1
le2i-blazepose-normalized::Home_01_video_14,3,4310,4310,221,245,0.000000,0.000000,adl,adl,0.444000,1
le2i-blazepose-normalized::Home_01_video_14,3,4311,4311,226,250,0.000000,0.000000,adl,adl,0.418000,1
le2i-blazepose-normalized::Home_01_video_14,3,4312,4312,231,255,0.000000,0.000000,adl,adl,0.432000,1
le2i-blazepose-normalized::Home_01_video_14,3,4313,4313,236,260,0.000000,0.000000,adl,adl,0.432000,1
le2i-blazepose-normalized::Home_01_video_14,3,4314,4314,241,265,0.000000,0.000000,adl,adl,0.422000,1
le2i-blazepose-normalized::Home_01_video_14,3,4315,4315,246,270,0.000000,0.000000,adl,adl,0.444000,1
le2i-blazepose-normalized::Home_01_video_14,3,4316,4316,251,275,0.000000,0.000000,adl,adl,0.418000,1
le2i-blazepose-normalized::Home_01_video_14,3,4317,4317,256,280,0.000000,0.000000,adl,adl,0.426000,1
le2i-blazepose-normalized::Home_01_video_14,3,4318,4318,261,285,0.000000,0.000000,adl,adl,0.404000,1
le2i-blazepose-normalized::Home_01_video_15,5,4319,4319,61,85,0.000000,0.000000,adl,adl,0.000000,1
le2i-blazepose-normalized::Home_01_video_15,5,4320,4320,66,90,0.000000,0.000000,adl,adl,0.002000,1
le2i-blazepose-normalized::Home_01_video_15,5,4321,4321,71,95,0.000000,0.000000,adl,adl,0.012000,1
le2i-blazepose-normalized::Home_01_video_15,5,4322,4322,76,100,0.000000,0.000000,adl,adl,0.002000,1
le2i-blazepose-normalized::Home_01_video_15,5,4323,4323,81,105,0.000000,0.000000,adl,adl,0.038000,1
le2i-blazepose-normalized::Home_01_video_15,5,4324,4324,86,110,0.000000,0.000000,adl,adl,0.052000,1
le2i-blazepose-normalized::Home_01_video_15,5,4325,4325,91,115,0.000000,0.000000,adl,adl,0.022000,1
le2i-blazepose-normalized::Home_01_video_15,5,4326,4326,96,120,0.000000,0.000000,adl,adl,0.064000,1
le2i-blazepose-normalized::Home_01_video_15,5,4327,4327,101,125,0.000000,0.000000,adl,adl,0.016000,1
le2i-blazepose-normalized::Home_01_video_15,5,4328,4328,106,130,0.000000,0.000000,adl,adl,0.012000,1
le2i-blazepose-normalized::Home_01_video_15,5,4329,4329,111,135,0.000000,0.000000,adl,adl,0.002000,1
le2i-blazepose-normalized::Home_01_video_15,5,4330,4330,116,140,0.000000,0.000000,adl,adl,0.004000,1
le2i-blazepose-normalized::Home_01_video_15,5,4331,4331,121,145,0.000000,0.000000,adl,adl,0.002000,1
le2i-blazepose-normalized::Home_01_video_15,5,4332,4332,126,150,0.000000,0.000000,adl,adl,0.000000,1
le2i-blazepose-normalized::Home_01_video_15,5,4333,4333,131,155,0.000000,0.000000,adl,adl,0.002000,1
le2i-blazepose-normalized::Home_01_video_15,5,4334,4334,136,160,0.000000,0.000000,adl,adl,0.008000,1
le2i-blazepose-normalized::Home_01_video_15,5,4335,4335,141,165,0.000000,0.000000,adl,adl,0.004000,1
le2i-blazepose-normalized::Home_01_video_15,5,4336,4336,146,170,0.000000,0.000000,adl,adl,0.108000,1
le2i-blazepose-normalized::Home_01_video_15,5,4337,4337,151,175,0.000000,0.000000,adl,fall,0.568000,0
le2i-blazepose-normalized::Home_01_video_15,5,4338,4338,156,180,0.000000,0.000000,fall,fall,0.718000,1
le2i-blazepose-normalized::Home_01_video_15,5,4339,4339,161,185,0.000000,0.000000,fall,fall,0.790000,1
le2i-blazepose-normalized::Home_01_video_15,5,4340,4340,166,190,0.000000,0.000000,fall,fall,0.802000,1
le2i-blazepose-normalized::Home_01_video_15,5,4341,4341,171,195,0.000000,0.000000,fall,fall,0.642000,1
le2i-blazepose-normalized::Home_01_video_15,5,4342,4342,176,200,0.000000,0.000000,fall,adl,0.474000,0
le2i-blazepose-normalized::Home_01_video_15,5,4343,4343,181,205,0.000000,0.000000,adl,adl,0.448000,1
le2i-blazepose-normalized::Home_01_video_15,5,4344,4344,186,210,0.000000,0.000000,adl,adl,0.470000,1
le2i-blazepose-normalized::Home_01_video_15,5,4345,4345,196,220,0.000000,0.000000,adl,adl,0.066000,1
le2i-blazepose-normalized::Home_01_video_15,5,4346,4346,201,225,0.000000,0.000000,adl,adl,0.066000,1
le2i-blazepose-normalized::Home_01_video_15,5,4347,4347,206,230,0.000000,0.000000,adl,adl,0.050000,1
le2i-blazepose-normalized::Home_01_video_15,5,4348,4348,211,235,0.000000,0.000000,adl,adl,0.060000,1
le2i-blazepose-normalized::Home_01_video_16,4,4349,4349,1,25,0.000000,0.000000,adl,adl,0.012000,1
le2i-blazepose-normalized::Home_01_video_16,4,4350,4350,6,30,0.000000,0.000000,adl,adl,0.010000,1
le2i-blazepose-normalized::Home_01_video_16,4,4351,4351,11,35,0.000000,0.000000,adl,adl,0.010000,1
le2i-blazepose-normalized::Home_01_video_16,4,4352,4352,16,40,0.000000,0.000000,adl,adl,0.010000,1
le2i-blazepose-normalized::Home_01_video_16,4,4353,4353,21,45,0.000000,0.000000,adl,adl,0.010000,1
le2i-blazepose-normalized::Home_01_video_16,4,4354,4354,26,50,0.000000,0.000000,adl,adl,0.010000,1
le2i-blazepose-normalized::Home_01_video_16,4,4355,4355,31,55,0.000000,0.000000,adl,adl,0.002000,1
le2i-blazepose-normalized::Home_01_video_16,4,4356,4356,36,60,0.000000,0.000000,adl,adl,0.006000,1
le2i-blazepose-normalized::Home_01_video_16,4,4357,4357,41,65,0.000000,0.000000,adl,adl,0.004000,1
le2i-blazepose-normalized::Home_01_video_16,4,4358,4358,46,70,0.000000,0.000000,adl,adl,0.004000,1
le2i-blazepose-normalized::Home_01_video_16,4,4359,4359,51,75,0.000000,0.000000,adl,adl,0.016000,1
le2i-blazepose-normalized::Home_01_video_16,4,4360,4360,56,80,0.000000,0.000000,adl,adl,0.052000,1
le2i-blazepose-normalized::Home_01_video_16,4,4361,4361,61,85,0.000000,0.000000,adl,adl,0.108000,1
le2i-blazepose-normalized::Home_01_video_16,4,4362,4362,66,90,0.000000,0.000000,adl,adl,0.126000,1
le2i-blazepose-normalized::Home_01_video_16,4,4363,4363,71,95,0.000000,0.000000,adl,adl,0.130000,1
le2i-blazepose-normalized::Home_01_video_16,4,4364,4364,76,100,0.000000,0.000000,adl,adl,0.100000,1
le2i-blazepose-normalized::Home_01_video_16,4,4365,4365,81,105,0.000000,0.000000,adl,adl,0.110000,1
le2i-blazepose-normalized::Home_01_video_16,4,4366,4366,86,110,0.000000,0.000000,adl,adl,0.182000,1
le2i-blazepose-normalized::Home_01_video_16,4,4367,4367,91,115,0.000000,0.000000,adl,adl,0.314000,1
le2i-blazepose-normalized::Home_01_video_16,4,4368,4368,96,120,0.000000,0.000000,adl,adl,0.234000,1
le2i-blazepose-normalized::Home_01_video_16,4,4369,4369,101,125,0.000000,0.000000,adl,adl,0.218000,1
le2i-blazepose-normalized::Home_01_video_16,4,4370,4370,106,130,0.000000,0.000000,adl,adl,0.228000,1
le2i-blazepose-normalized::Home_01_video_16,4,4371,4371,111,135,0.000000,0.000000,adl,adl,0.184000,1
le2i-blazepose-normalized::Home_01_video_16,4,4372,4372,116,140,0.000000,0.000000,adl,adl,0.234000,1
le2i-blazepose-normalized::Home_01_video_16,4,4373,4373,121,145,0.000000,0.000000,adl,adl,0.296000,1
le2i-blazepose-normalized::Home_01_video_16,4,4374,4374,126,150,0.000000,0.000000,adl,adl,0.424000,1
le2i-blazepose-normalized::Home_01_video_16,4,4375,4375,131,155,0.000000,0.000000,adl,adl,0.460000,1
le2i-blazepose-normalized::Home_01_video_16,4,4376,4376,136,160,0.000000,0.000000,adl,fall,0.558000,0
le2i-blazepose-normalized::Home_01_video_16,4,4377,4377,141,165,0.000000,0.000000,adl,fall,0.618000,0
le2i-blazepose-normalized::Home_01_video_16,4,4378,4378,146,170,0.000000,0.000000,adl,fall,0.584000,0
le2i-blazepose-normalized::Home_01_video_16,4,4379,4379,151,175,0.000000,0.000000,adl,fall,0.578000,0
le2i-blazepose-normalized::Home_01_video_16,4,4380,4380,156,180,0.000000,0.000000,adl,adl,0.400000,1
le2i-blazepose-normalized::Home_01_video_16,4,4381,4381,161,185,0.000000,0.000000,adl,fall,0.662000,0
le2i-blazepose-normalized::Home_01_video_16,4,4382,4382,166,190,0.000000,0.000000,adl,fall,0.628000,0
le2i-blazepose-normalized::Home_01_video_16,4,4383,4383,171,195,0.000000,0.000000,fall,fall,0.644000,1
le2i-blazepose-normalized::Home_01_video_16,4,4384,4384,176,200,0.000000,0.000000,fall,fall,0.702000,1
le2i-blazepose-normalized::Home_01_video_16,4,4385,4385,181,205,0.000000,0.000000,fall,fall,0.672000,1
le2i-blazepose-normalized::Home_01_video_16,4,4386,4386,186,210,0.000000,0.000000,fall,fall,0.644000,1
le2i-blazepose-normalized::Home_01_video_16,4,4387,4387,191,215,0.000000,0.000000,fall,fall,0.598000,1
le2i-blazepose-normalized::Home_01_video_16,4,4388,4388,196,220,0.000000,0.000000,adl,fall,0.538000,0
le2i-blazepose-normalized::Home_01_video_16,4,4389,4389,201,225,0.000000,0.000000,adl,adl,0.478000,1
le2i-blazepose-normalized::Home_01_video_16,4,4390,4390,206,230,0.000000,0.000000,adl,fall,0.544000,0
le2i-blazepose-normalized::Home_01_video_16,4,4391,4391,211,235,0.000000,0.000000,adl,fall,0.538000,0
le2i-blazepose-normalized::Home_01_video_16,4,4392,4392,216,240,0.000000,0.000000,adl,fall,0.526000,0
le2i-blazepose-normalized::Home_01_video_16,4,4393,4393,221,245,0.000000,0.000000,adl,fall,0.516000,0
le2i-blazepose-normalized::Home_01_video_16,4,4394,4394,226,250,0.000000,0.000000,adl,fall,0.540000,0
le2i-blazepose-normalized::Home_01_video_16,4,4395,4395,231,255,0.000000,0.000000,adl,fall,0.552000,0
le2i-blazepose-normalized::Home_01_video_16,4,4396,4396,236,260,0.000000,0.000000,adl,fall,0.514000,0
le2i-blazepose-normalized::Home_01_video_17,5,4397,4397,1,25,0.000000,0.000000,adl,adl,0.242000,1
le2i-blazepose-normalized::Home_01_video_17,5,4398,4398,6,30,0.000000,0.000000,adl,adl,0.232000,1
le2i-blazepose-normalized::Home_01_video_17,5,4399,4399,11,35,0.000000,0.000000,adl,adl,0.188000,1
le2i-blazepose-normalized::Home_01_video_17,5,4400,4400,16,40,0.000000,0.000000,adl,adl,0.190000,1
le2i-blazepose-normalized::Home_01_video_17,5,4401,4401,21,45,0.000000,0.000000,adl,adl,0.214000,1
le2i-blazepose-normalized::Home_01_video_17,5,4402,4402,26,50,0.000000,0.000000,adl,adl,0.194000,1
le2i-blazepose-normalized::Home_01_video_17,5,4403,4403,31,55,0.000000,0.000000,adl,adl,0.168000,1
le2i-blazepose-normalized::Home_01_video_17,5,4404,4404,36,60,0.000000,0.000000,adl,adl,0.156000,1
le2i-blazepose-normalized::Home_01_video_17,5,4405,4405,41,65,0.000000,0.000000,adl,adl,0.138000,1
le2i-blazepose-normalized::Home_01_video_17,5,4406,4406,46,70,0.000000,0.000000,adl,adl,0.166000,1
le2i-blazepose-normalized::Home_01_video_17,5,4407,4407,51,75,0.000000,0.000000,adl,adl,0.146000,1
le2i-blazepose-normalized::Home_01_video_17,5,4408,4408,56,80,0.000000,0.000000,adl,adl,0.070000,1
le2i-blazepose-normalized::Home_01_video_17,5,4409,4409,61,85,0.000000,0.000000,adl,adl,0.062000,1
le2i-blazepose-normalized::Home_01_video_17,5,4410,4410,66,90,0.000000,0.000000,adl,adl,0.056000,1
le2i-blazepose-normalized::Home_01_video_17,5,4411,4411,71,95,0.000000,0.000000,adl,adl,0.064000,1
le2i-blazepose-normalized::Home_01_video_17,5,4412,4412,76,100,0.000000,0.000000,adl,adl,0.086000,1
le2i-blazepose-normalized::Home_01_video_17,5,4413,4413,81,105,0.000000,0.000000,adl,adl,0.276000,1
le2i-blazepose-normalized::Home_01_video_17,5,4414,4414,86,110,0.000000,0.000000,adl,adl,0.370000,1
le2i-blazepose-normalized::Home_01_video_17,5,4415,4415,91,115,0.000000,0.000000,adl,adl,0.442000,1
le2i-blazepose-normalized::Home_01_video_17,5,4416,4416,96,120,0.000000,0.000000,adl,adl,0.488000,1
le2i-blazepose-normalized::Home_01_video_17,5,4417,4417,101,125,0.000000,0.000000,adl,adl,0.256000,1
le2i-blazepose-normalized::Home_01_video_17,5,4418,4418,106,130,0.000000,0.000000,adl,adl,0.254000,1
le2i-blazepose-normalized::Home_01_video_17,5,4419,4419,111,135,0.000000,0.000000,adl,adl,0.288000,1
le2i-blazepose-normalized::Home_01_video_17,5,4420,4420,116,140,0.000000,0.000000,adl,adl,0.260000,1
le2i-blazepose-normalized::Home_01_video_17,5,4421,4421,121,145,0.000000,0.000000,adl,adl,0.230000,1
le2i-blazepose-normalized::Home_01_video_17,5,4422,4422,126,150,0.000000,0.000000,adl,adl,0.436000,1
le2i-blazepose-normalized::Home_01_video_17,5,4423,4423,131,155,0.000000,0.000000,adl,fall,0.506000,0
le2i-blazepose-normalized::Home_01_video_17,5,4424,4424,136,160,0.000000,0.000000,adl,fall,0.576000,0
le2i-blazepose-normalized::Home_01_video_17,5,4425,4425,141,165,0.000000,0.000000,fall,fall,0.772000,1
le2i-blazepose-normalized::Home_01_video_17,5,4426,4426,146,170,0.000000,0.000000,fall,fall,0.764000,1
le2i-blazepose-normalized::Home_01_video_17,5,4427,4427,151,175,0.000000,0.000000,fall,fall,0.663600,1
le2i-blazepose-normalized::Home_01_video_17,5,4428,4428,156,180,0.000000,0.000000,fall,fall,0.631714,1
le2i-blazepose-normalized::Home_01_video_17,5,4429,4429,161,185,0.000000,0.000000,fall,adl,0.364000,0
le2i-blazepose-normalized::Home_01_video_17,5,4430,4430,166,190,0.000000,0.000000,adl,adl,0.405667,1
le2i-blazepose-normalized::Home_01_video_17,5,4431,4431,171,195,0.000000,0.000000,adl,adl,0.351429,1
le2i-blazepose-normalized::Home_01_video_17,5,4432,4432,176,200,0.000000,0.000000,adl,adl,0.284000,1
le2i-blazepose-normalized::Home_01_video_17,5,4433,4433,181,205,0.000000,0.000000,adl,adl,0.231429,1
le2i-blazepose-normalized::Home_01_video_17,5,4434,4434,186,210,0.000000,0.000000,adl,fall,0.503200,0
le2i-blazepose-normalized::Home_01_video_17,5,4435,4435,191,215,0.000000,0.000000,adl,adl,0.448857,1
le2i-blazepose-normalized::Home_01_video_17,5,4436,4436,196,220,0.000000,0.000000,adl,adl,0.476000,1
le2i-blazepose-normalized::Home_01_video_17,5,4437,4437,201,225,0.000000,0.000000,adl,fall,0.520000,0
le2i-blazepose-normalized::Home_01_video_17,5,4438,4438,206,230,0.000000,0.000000,adl,fall,0.514000,0
le2i-blazepose-normalized::Home_01_video_17,5,4439,4439,211,235,0.000000,0.000000,adl,adl,0.310000,1
le2i-blazepose-normalized::Home_01_video_17,5,4440,4440,216,240,0.000000,0.000000,adl,adl,0.226000,1
le2i-blazepose-normalized::Home_01_video_18,1,4441,4441,1,25,0.000000,0.000000,adl,adl,0.346000,1
le2i-blazepose-normalized::Home_01_video_18,1,4442,4442,6,30,0.000000,0.000000,adl,adl,0.186000,1
le2i-blazepose-normalized::Home_01_video_18,1,4443,4443,11,35,0.000000,0.000000,adl,adl,0.224000,1
le2i-blazepose-normalized::Home_01_video_18,1,4444,4444,16,40,0.000000,0.000000,adl,adl,0.120000,1
le2i-blazepose-normalized::Home_01_video_18,1,4445,4445,21,45,0.000000,0.000000,adl,adl,0.140000,1
le2i-blazepose-normalized::Home_01_video_18,1,4446,4446,26,50,0.000000,0.000000,adl,adl,0.132000,1
le2i-blazepose-normalized::Home_01_video_18,1,4447,4447,31,55,0.000000,0.000000,adl,adl,0.045714,1
le2i-blazepose-normalized::Home_01_video_18,1,4448,4448,36,60,0.000000,0.000000,adl,adl,0.052000,1
le2i-blazepose-normalized::Home_01_video_18,1,4449,4449,41,65,0.000000,0.000000,adl,adl,0.170000,1
le2i-blazepose-normalized::Home_01_video_18,1,4450,4450,46,70,0.000000,0.000000,adl,adl,0.144000,1
le2i-blazepose-normalized::Home_01_video_18,1,4451,4451,51,75,0.000000,0.000000,adl,adl,0.158000,1
le2i-blazepose-normalized::Home_01_video_18,1,4452,4452,56,80,0.000000,0.000000,adl,adl,0.161714,1
le2i-blazepose-normalized::Home_01_video_18,1,4453,4453,61,85,0.000000,0.000000,adl,adl,0.232000,1
le2i-blazepose-normalized::Home_01_video_18,1,4454,4454,66,90,0.000000,0.000000,adl,adl,0.305500,1
le2i-blazepose-normalized::Home_01_video_18,1,4455,4455,71,95,0.000000,0.000000,adl,adl,0.330000,1
le2i-blazepose-normalized::Home_01_video_18,1,4456,4456,76,100,0.000000,0.000000,adl,adl,0.419455,1
le2i-blazepose-normalized::Home_01_video_18,1,4457,4457,81,105,0.000000,0.000000,adl,adl,0.421455,1
le2i-blazepose-normalized::Home_01_video_18,1,4458,4458,86,110,0.000000,0.000000,adl,adl,0.387455,1
le2i-blazepose-normalized::Home_01_video_18,1,4459,4459,91,115,0.000000,0.000000,adl,adl,0.365455,1
le2i-blazepose-normalized::Home_01_video_18,1,4460,4460,96,120,0.000000,0.000000,adl,adl,0.334000,1
le2i-blazepose-normalized::Home_01_video_18,1,4461,4461,101,125,0.000000,0.000000,adl,adl,0.318339,1
le2i-blazepose-normalized::Home_01_video_18,1,4462,4462,106,130,0.000000,0.000000,adl,adl,0.379125,1
le2i-blazepose-normalized::Home_01_video_18,1,4463,4463,111,135,0.000000,0.000000,adl,adl,0.309800,1
le2i-blazepose-normalized::Home_01_video_18,1,4464,4464,116,140,0.000000,0.000000,adl,adl,0.466929,1
le2i-blazepose-normalized::Home_01_video_18,1,4465,4465,121,145,0.000000,0.000000,fall,adl,0.478389,0
le2i-blazepose-normalized::Home_01_video_18,1,4466,4466,126,150,0.000000,0.000000,fall,fall,0.654845,1
le2i-blazepose-normalized::Home_01_video_18,1,4467,4467,131,155,0.000000,0.000000,fall,fall,0.799755,1
le2i-blazepose-normalized::Home_01_video_18,1,4468,4468,136,160,0.000000,0.000000,fall,fall,0.562798,1
le2i-blazepose-normalized::Home_01_video_18,1,4469,4469,141,165,0.000000,0.000000,fall,adl,0.322581,0
le2i-blazepose-normalized::Home_01_video_18,1,4470,4470,146,170,0.000000,0.000000,adl,adl,0.210773,1
le2i-blazepose-normalized::Home_01_video_18,1,4471,4471,151,175,0.000000,0.000000,adl,adl,0.211500,1
le2i-blazepose-normalized::Home_01_video_18,1,4472,4472,156,180,0.000000,0.000000,adl,adl,0.164500,1
le2i-blazepose-normalized::Home_01_video_18,1,4473,4473,161,185,0.000000,0.000000,adl,adl,0.180500,1
le2i-blazepose-normalized::Home_01_video_18,1,4474,4474,166,190,0.000000,0.000000,adl,adl,0.198500,1
le2i-blazepose-normalized::Home_01_video_18,1,4475,4475,171,195,0.000000,0.000000,adl,adl,0.178000,1
le2i-blazepose-normalized::Home_01_video_18,1,4476,4476,176,200,0.000000,0.000000,adl,adl,0.171100,1
le2i-blazepose-normalized::Home_01_video_18,1,4477,4477,181,205,0.000000,0.000000,adl,adl,0.173100,1
le2i-blazepose-normalized::Home_01_video_18,1,4478,4478,186,210,0.000000,0.000000,adl,adl,0.161100,1
le2i-blazepose-normalized::Home_01_video_18,1,4479,4479,191,215,0.000000,0.000000,adl,adl,0.163100,1
le2i-blazepose-normalized::Home_01_video_19,2,4480,4480,1,25,0.000000,0.000000,adl,adl,0.056000,1
le2i-blazepose-normalized::Home_01_video_19,2,4481,4481,6,30,0.000000,0.000000,adl,adl,0.042000,1
le2i-blazepose-normalized::Home_01_video_19,2,4482,4482,11,35,0.000000,0.000000,adl,adl,0.048000,1
le2i-blazepose-normalized::Home_01_video_19,2,4483,4483,16,40,0.000000,0.000000,adl,adl,0.028000,1
le2i-blazepose-normalized::Home_01_video_19,2,4484,4484,21,45,0.000000,0.000000,adl,adl,0.020000,1
le2i-blazepose-normalized::Home_01_video_19,2,4485,4485,26,50,0.000000,0.000000,adl,adl,0.032000,1
le2i-blazepose-normalized::Home_01_video_19,2,4486,4486,31,55,0.000000,0.000000,adl,adl,0.044000,1
le2i-blazepose-normalized::Home_01_video_19,2,4487,4487,36,60,0.000000,0.000000,adl,adl,0.042000,1
le2i-blazepose-normalized::Home_01_video_19,2,4488,4488,41,65,0.000000,0.000000,adl,adl,0.072000,1
le2i-blazepose-normalized::Home_01_video_19,2,4489,4489,46,70,0.000000,0.000000,adl,adl,0.116000,1
le2i-blazepose-normalized::Home_01_video_19,2,4490,4490,51,75,0.000000,0.000000,adl,adl,0.120000,1
le2i-blazepose-normalized::Home_01_video_19,2,4491,4491,56,80,0.000000,0.000000,adl,adl,0.114000,1
le2i-blazepose-normalized::Home_01_video_19,2,4492,4492,61,85,0.000000,0.000000,adl,adl,0.100000,1
le2i-blazepose-normalized::Home_01_video_19,2,4493,4493,66,90,0.000000,0.000000,adl,adl,0.074000,1
le2i-blazepose-normalized::Home_01_video_19,2,4494,4494,71,95,0.000000,0.000000,adl,adl,0.044000,1
le2i-blazepose-normalized::Home_01_video_19,2,4495,4495,76,100,0.000000,0.000000,adl,adl,0.030000,1
le2i-blazepose-normalized::Home_01_video_19,2,4496,4496,81,105,0.000000,0.000000,adl,adl,0.036000,1
le2i-blazepose-normalized::Home_01_video_19,2,4497,4497,86,110,0.000000,0.000000,adl,adl,0.020000,1
le2i-blazepose-normalized::Home_01_video_19,2,4498,4498,91,115,0.000000,0.000000,adl,adl,0.014000,1
le2i-blazepose-normalized::Home_01_video_19,2,4499,4499,96,120,0.000000,0.000000,adl,adl,0.020000,1
le2i-blazepose-normalized::Home_01_video_19,2,4500,4500,101,125,0.000000,0.000000,adl,adl,0.030000,1
le2i-blazepose-normalized::Home_01_video_19,2,4501,4501,106,130,0.000000,0.000000,adl,adl,0.230000,1
le2i-blazepose-normalized::Home_01_video_19,2,4502,4502,111,135,0.000000,0.000000,adl,adl,0.296000,1
le2i-blazepose-normalized::Home_01_video_19,2,4503,4503,116,140,0.000000,0.000000,fall,adl,0.474000,0
le2i-blazepose-normalized::Home_01_video_19,2,4504,4504,121,145,0.000000,0.000000,fall,fall,0.678000,1
le2i-blazepose-normalized::Home_01_video_19,2,4505,4505,126,150,0.000000,0.000000,fall,fall,0.740000,1
le2i-blazepose-normalized::Home_01_video_19,2,4506,4506,131,155,0.000000,0.000000,fall,fall,0.704000,1
le2i-blazepose-normalized::Home_01_video_19,2,4507,4507,136,160,0.000000,0.000000,adl,adl,0.432000,1
le2i-blazepose-normalized::Home_01_video_19,2,4508,4508,141,165,0.000000,0.000000,adl,adl,0.284000,1
le2i-blazepose-normalized::Home_01_video_19,2,4509,4509,146,170,0.000000,0.000000,adl,adl,0.264000,1
le2i-blazepose-normalized::Home_01_video_19,2,4510,4510,151,175,0.000000,0.000000,adl,adl,0.154000,1
le2i-blazepose-normalized::Home_01_video_19,2,4511,4511,156,180,0.000000,0.000000,adl,adl,0.128000,1
le2i-blazepose-normalized::Home_01_video_19,2,4512,4512,161,185,0.000000,0.000000,adl,adl,0.152000,1
le2i-blazepose-normalized::Home_01_video_19,2,4513,4513,166,190,0.000000,0.000000,adl,adl,0.156000,1
le2i-blazepose-normalized::Home_01_video_2,3,4514,4514,1,25,0.000000,0.000000,adl,adl,0.000000,1
le2i-blazepose-normalized::Home_01_video_2,3,4515,4515,6,30,0.000000,0.000000,adl,adl,0.000000,1
le2i-blazepose-normalized::Home_01_video_2,3,4516,4516,11,35,0.000000,0.000000,adl,adl,0.000000,1
le2i-blazepose-normalized::Home_01_video_2,3,4517,4517,16,40,0.000000,0.000000,adl,adl,0.000000,1
le2i-blazepose-normalized::Home_01_video_2,3,4518,4518,21,45,0.000000,0.000000,adl,adl,0.000000,1
le2i-blazepose-normalized::Home_01_video_2,3,4519,4519,51,75,0.000000,0.000000,adl,adl,0.016000,1
le2i-blazepose-normalized::Home_01_video_2,3,4520,4520,56,80,0.000000,0.000000,adl,adl,0.042000,1
le2i-blazepose-normalized::Home_01_video_2,3,4521,4521,61,85,0.000000,0.000000,adl,adl,0.006000,1
le2i-blazepose-normalized::Home_01_video_2,3,4522,4522,66,90,0.000000,0.000000,adl,adl,0.008000,1
le2i-blazepose-normalized::Home_01_video_2,3,4523,4523,71,95,0.000000,0.000000,adl,adl,0.004000,1
le2i-blazepose-normalized::Home_01_video_2,3,4524,4524,76,100,0.000000,0.000000,adl,adl,0.004000,1
le2i-blazepose-normalized::Home_01_video_2,3,4525,4525,81,105,0.000000,0.000000,adl,adl,0.010000,1
le2i-blazepose-normalized::Home_01_video_2,3,4526,4526,86,110,0.000000,0.000000,adl,adl,0.004000,1
le2i-blazepose-normalized::Home_01_video_2,3,4527,4527,91,115,0.000000,0.000000,adl,adl,0.002000,1
le2i-blazepose-normalized::Home_01_video_2,3,4528,4528,96,120,0.000000,0.000000,adl,adl,0.048000,1
le2i-blazepose-normalized::Home_01_video_2,3,4529,4529,101,125,0.000000,0.000000,adl,adl,0.158000,1
le2i-blazepose-normalized::Home_01_video_2,3,4530,4530,106,130,0.000000,0.000000,fall,fall,0.996000,1
le2i-blazepose-normalized::Home_01_video_2,3,4531,4531,111,135,0.000000,0.000000,fall,fall,1.000000,1
le2i-blazepose-normalized::Home_01_video_2,3,4532,4532,116,140,0.000000,0.000000,fall,fall,0.998000,1
le2i-blazepose-normalized::Home_01_video_2,3,4533,4533,121,145,0.000000,0.000000,fall,fall,0.988000,1
le2i-blazepose-normalized::Home_01_video_2,3,4534,4534,126,150,0.000000,0.000000,fall,fall,0.998000,1
le2i-blazepose-normalized::Home_01_video_2,3,4535,4535,131,155,0.000000,0.000000,adl,adl,0.038000,1
le2i-blazepose-normalized::Home_01_video_2,3,4536,4536,136,160,0.000000,0.000000,adl,adl,0.012000,1
le2i-blazepose-normalized::Home_01_video_2,3,4537,4537,141,165,0.000000,0.000000,adl,adl,0.014000,1
le2i-blazepose-normalized::Home_01_video_2,3,4538,4538,146,170,0.000000,0.000000,adl,adl,0.012000,1
le2i-blazepose-normalized::Home_01_video_2,3,4539,4539,151,175,0.000000,0.000000,adl,adl,0.008000,1
le2i-blazepose-normalized::Home_01_video_2,3,4540,4540,156,180,0.000000,0.000000,adl,adl,0.004000,1
le2i-blazepose-normalized::Home_01_video_2,3,4541,4541,161,185,0.000000,0.000000,adl,adl,0.008000,1
le2i-blazepose-normalized::Home_01_video_2,3,4542,4542,166,190,0.000000,0.000000,adl,adl,0.004000,1
le2i-blazepose-normalized::Home_01_video_2,3,4543,4543,171,195,0.000000,0.000000,adl,adl,0.016000,1
le2i-blazepose-normalized::Home_01_video_2,3,4544,4544,176,200,0.000000,0.000000,adl,adl,0.010000,1
le2i-blazepose-normalized::Home_01_video_2,3,4545,4545,181,205,0.000000,0.000000,adl,adl,0.012000,1
le2i-blazepose-normalized::Home_01_video_2,3,4546,4546,186,210,0.000000,0.000000,adl,adl,0.010000,1
le2i-blazepose-normalized::Home_01_video_2,3,4547,4547,191,215,0.000000,0.000000,adl,adl,0.008000,1
le2i-blazepose-normalized::Home_01_video_2,3,4548,4548,196,220,0.000000,0.000000,adl,adl,0.006000,1
le2i-blazepose-normalized::Home_01_video_2,3,4549,4549,201,225,0.000000,0.000000,adl,adl,0.014000,1
le2i-blazepose-normalized::Home_01_video_2,3,4550,4550,206,230,0.000000,0.000000,adl,adl,0.006000,1
le2i-blazepose-normalized::Home_01_video_2,3,4551,4551,211,235,0.000000,0.000000,adl,adl,0.010000,1
le2i-blazepose-normalized::Home_01_video_2,3,4552,4552,216,240,0.000000,0.000000,adl,adl,0.038000,1
le2i-blazepose-normalized::Home_01_video_20,4,4553,4553,1,25,0.000000,0.000000,adl,adl,0.046000,1
le2i-blazepose-normalized::Home_01_video_20,4,4554,4554,6,30,0.000000,0.000000,adl,adl,0.024000,1
le2i-blazepose-normalized::Home_01_video_20,4,4555,4555,11,35,0.000000,0.000000,adl,adl,0.038000,1
le2i-blazepose-normalized::Home_01_video_20,4,4556,4556,16,40,0.000000,0.000000,adl,adl,0.018000,1
le2i-blazepose-normalized::Home_01_video_20,4,4557,4557,21,45,0.000000,0.000000,adl,adl,0.010000,1
le2i-blazepose-normalized::Home_01_video_20,4,4558,4558,26,50,0.000000,0.000000,adl,adl,0.006000,1
le2i-blazepose-normalized::Home_01_video_20,4,4559,4559,31,55,0.000000,0.000000,adl,adl,0.014000,1
le2i-blazepose-normalized::Home_01_video_20,4,4560,4560,36,60,0.000000,0.000000,adl,adl,0.040000,1
le2i-blazepose-normalized::Home_01_video_20,4,4561,4561,41,65,0.000000,0.000000,adl,adl,0.084000,1
le2i-blazepose-normalized::Home_01_video_20,4,4562,4562,46,70,0.000000,0.000000,adl,adl,0.078000,1
le2i-blazepose-normalized::Home_01_video_20,4,4563,4563,51,75,0.000000,0.000000,adl,adl,0.064000,1
le2i-blazepose-normalized::Home_01_video_20,4,4564,4564,56,80,0.000000,0.000000,adl,adl,0.044000,1
le2i-blazepose-normalized::Home_01_video_20,4,4565,4565,61,85,0.000000,0.000000,adl,adl,0.048000,1
le2i-blazepose-normalized::Home_01_video_20,4,4566,4566,66,90,0.000000,0.000000,adl,adl,0.044000,1
le2i-blazepose-normalized::Home_01_video_20,4,4567,4567,71,95,0.000000,0.000000,adl,adl,0.046000,1
le2i-blazepose-normalized::Home_01_video_20,4,4568,4568,76,100,0.000000,0.000000,adl,adl,0.064000,1
le2i-blazepose-normalized::Home_01_video_20,4,4569,4569,81,105,0.000000,0.000000,adl,adl,0.088000,1
le2i-blazepose-normalized::Home_01_video_20,4,4570,4570,86,110,0.000000,0.000000,adl,adl,0.064000,1
le2i-blazepose-normalized::Home_01_video_20,4,4571,4571,91,115,0.000000,0.000000,adl,adl,0.016000,1
le2i-blazepose-normalized::Home_01_video_20,4,4572,4572,96,120,0.000000,0.000000,adl,adl,0.038000,1
le2i-blazepose-normalized::Home_01_video_20,4,4573,4573,101,125,0.000000,0.000000,adl,adl,0.054000,1
le2i-blazepose-normalized::Home_01_video_20,4,4574,4574,106,130,0.000000,0.000000,adl,adl,0.068000,1
le2i-blazepose-normalized::Home_01_video_20,4,4575,4575,111,135,0.000000,0.000000,adl,adl,0.128000,1
le2i-blazepose-normalized::Home_01_video_20,4,4576,4576,116,140,0.000000,0.000000,adl,adl,0.146000,1
le2i-blazepose-normalized::Home_01_video_20,4,4577,4577,121,145,0.000000,0.000000,adl,adl,0.148000,1
le2i-blazepose-normalized::Home_01_video_20,4,4578,4578,126,150,0.000000,0.000000,adl,adl,0.204000,1
le2i-blazepose-normalized::Home_01_video_20,4,4579,4579,131,155,0.000000,0.000000,fall,fall,0.986000,1
le2i-blazepose-normalized::Home_01_video_20,4,4580,4580,136,160,0.000000,0.000000,fall,fall,0.998000,1
le2i-blazepose-normalized::Home_01_video_20,4,4581,4581,141,165,0.000000,0.000000,fall,fall,0.998000,1
le2i-blazepose-normalized::Home_01_video_20,4,4582,4582,146,170,0.000000,0.000000,fall,fall,0.996000,1
le2i-blazepose-normalized::Home_01_video_20,4,4583,4583,151,175,0.000000,0.000000,fall,adl,0.458000,0
le2i-blazepose-normalized::Home_01_video_20,4,4584,4584,156,180,0.000000,0.000000,adl,adl,0.128000,1
le2i-blazepose-normalized::Home_01_video_20,4,4585,4585,161,185,0.000000,0.000000,adl,adl,0.084000,1
le2i-blazepose-normalized::Home_01_video_20,4,4586,4586,166,190,0.000000,0.000000,adl,adl,0.040000,1
le2i-blazepose-normalized::Home_01_video_20,4,4587,4587,171,195,0.000000,0.000000,adl,adl,0.038000,1
le2i-blazepose-normalized::Home_01_video_20,4,4588,4588,176,200,0.000000,0.000000,adl,adl,0.040000,1
le2i-blazepose-normalized::Home_01_video_20,4,4589,4589,181,205,0.000000,0.000000,adl,adl,0.030000,1
le2i-blazepose-normalized::Home_01_video_20,4,4590,4590,186,210,0.000000,0.000000,adl,adl,0.038000,1
le2i-blazepose-normalized::Home_01_video_20,4,4591,4591,191,215,0.000000,0.000000,adl,adl,0.038000,1
le2i-blazepose-normalized::Home_01_video_21,2,4592,4592,1,25,0.000000,0.000000,adl,adl,0.052000,1
le2i-blazepose-normalized::Home_01_video_21,2,4593,4593,6,30,0.000000,0.000000,adl,adl,0.030000,1
le2i-blazepose-normalized::Home_01_video_21,2,4594,4594,11,35,0.000000,0.000000,adl,adl,0.046000,1
le2i-blazepose-normalized::Home_01_video_21,2,4595,4595,16,40,0.000000,0.000000,adl,adl,0.010000,1
le2i-blazepose-normalized::Home_01_video_21,2,4596,4596,21,45,0.000000,0.000000,adl,adl,0.004000,1
le2i-blazepose-normalized::Home_01_video_21,2,4597,4597,26,50,0.000000,0.000000,adl,adl,0.006000,1
le2i-blazepose-normalized::Home_01_video_21,2,4598,4598,31,55,0.000000,0.000000,adl,adl,0.006000,1
le2i-blazepose-normalized::Home_01_video_21,2,4599,4599,36,60,0.000000,0.000000,adl,adl,0.034000,1
le2i-blazepose-normalized::Home_01_video_21,2,4600,4600,41,65,0.000000,0.000000,adl,adl,0.040000,1
le2i-blazepose-normalized::Home_01_video_21,2,4601,4601,46,70,0.000000,0.000000,adl,adl,0.062000,1
le2i-blazepose-normalized::Home_01_video_21,2,4602,4602,51,75,0.000000,0.000000,adl,adl,0.032000,1
le2i-blazepose-normalized::Home_01_video_21,2,4603,4603,56,80,0.000000,0.000000,adl,adl,0.056000,1
le2i-blazepose-normalized::Home_01_video_21,2,4604,4604,61,85,0.000000,0.000000,adl,adl,0.088000,1
le2i-blazepose-normalized::Home_01_video_21,2,4605,4605,66,90,0.000000,0.000000,adl,adl,0.030000,1
le2i-blazepose-normalized::Home_01_video_21,2,4606,4606,71,95,0.000000,0.000000,adl,adl,0.034000,1
le2i-blazepose-normalized::Home_01_video_21,2,4607,4607,76,100,0.000000,0.000000,adl,adl,0.044000,1
le2i-blazepose-normalized::Home_01_video_21,2,4608,4608,81,105,0.000000,0.000000,adl,adl,0.096000,1
le2i-blazepose-normalized::Home_01_video_21,2,4609,4609,86,110,0.000000,0.000000,adl,adl,0.054000,1
le2i-blazepose-normalized::Home_01_video_21,2,4610,4610,91,115,0.000000,0.000000,adl,adl,0.012000,1
le2i-blazepose-normalized::Home_01_video_21,2,4611,4611,96,120,0.000000,0.000000,adl,adl,0.028000,1
le2i-blazepose-normalized::Home_01_video_21,2,4612,4612,101,125,0.000000,0.000000,adl,adl,0.046000,1
le2i-blazepose-normalized::Home_01_video_21,2,4613,4613,106,130,0.000000,0.000000,adl,adl,0.050000,1
le2i-blazepose-normalized::Home_01_video_21,2,4614,4614,111,135,0.000000,0.000000,adl,adl,0.106000,1
le2i-blazepose-normalized::Home_01_video_21,2,4615,4615,116,140,0.000000,0.000000,adl,adl,0.166000,1
le2i-blazepose-normalized::Home_01_video_21,2,4616,4616,121,145,0.000000,0.000000,adl,adl,0.160000,1
le2i-blazepose-normalized::Home_01_video_21,2,4617,4617,126,150,0.000000,0.000000,adl,adl,0.224000,1
le2i-blazepose-normalized::Home_01_video_21,2,4618,4618,131,155,0.000000,0.000000,fall,fall,0.994000,1
le2i-blazepose-normalized::Home_01_video_21,2,4619,4619,136,160,0.000000,0.000000,fall,fall,0.994000,1
le2i-blazepose-normalized::Home_01_video_21,2,4620,4620,141,165,0.000000,0.000000,fall,fall,0.996000,1
le2i-blazepose-normalized::Home_01_video_21,2,4621,4621,146,170,0.000000,0.000000,fall,fall,1.000000,1
le2i-blazepose-normalized::Home_01_video_21,2,4622,4622,151,175,0.000000,0.000000,adl,fall,0.994000,0
le2i-blazepose-normalized::Home_01_video_21,2,4623,4623,156,180,0.000000,0.000000,adl,adl,0.134000,1
le2i-blazepose-normalized::Home_01_video_21,2,4624,4624,161,185,0.000000,0.000000,adl,adl,0.046000,1
le2i-blazepose-normalized::Home_01_video_21,2,4625,4625,166,190,0.000000,0.000000,adl,adl,0.026000,1
le2i-blazepose-normalized::Home_01_video_21,2,4626,4626,171,195,0.000000,0.000000,adl,adl,0.030000,1
le2i-blazepose-normalized::Home_01_video_21,2,4627,4627,176,200,0.000000,0.000000,adl,adl,0.028000,1
le2i-blazepose-normalized::Home_01_video_21,2,4628,4628,181,205,0.000000,0.000000,adl,adl,0.030000,1
le2i-blazepose-normalized::Home_01_video_21,2,4629,4629,186,210,0.000000,0.000000,adl,adl,0.030000,1
le2i-blazepose-normalized::Home_01_video_21,2,4630,4630,191,215,0.000000,0.000000,adl,adl,0.018000,1
le2i-blazepose-normalized::Home_01_video_22,4,4631,4631,1,25,0.000000,0.000000,adl,adl,0.054000,1
le2i-blazepose-normalized::Home_01_video_22,4,4632,4632,6,30,0.000000,0.000000,adl,adl,0.030000,1
le2i-blazepose-normalized::Home_01_video_22,4,4633,4633,11,35,0.000000,0.000000,adl,adl,0.044000,1
le2i-blazepose-normalized::Home_01_video_22,4,4634,4634,16,40,0.000000,0.000000,adl,adl,0.022000,1
le2i-blazepose-normalized::Home_01_video_22,4,4635,4635,21,45,0.000000,0.000000,adl,adl,0.020000,1
le2i-blazepose-normalized::Home_01_video_22,4,4636,4636,26,50,0.000000,0.000000,adl,adl,0.032000,1
le2i-blazepose-normalized::Home_01_video_22,4,4637,4637,31,55,0.000000,0.000000,adl,adl,0.034000,1
le2i-blazepose-normalized::Home_01_video_22,4,4638,4638,36,60,0.000000,0.000000,adl,adl,0.020000,1
le2i-blazepose-normalized::Home_01_video_22,4,4639,4639,41,65,0.000000,0.000000,adl,adl,0.032000,1
le2i-blazepose-normalized::Home_01_video_22,4,4640,4640,46,70,0.000000,0.000000,adl,adl,0.116000,1
le2i-blazepose-normalized::Home_01_video_22,4,4641,4641,51,75,0.000000,0.000000,adl,adl,0.154000,1
le2i-blazepose-normalized::Home_01_video_22,4,4642,4642,56,80,0.000000,0.000000,adl,adl,0.198000,1
le2i-blazepose-normalized::Home_01_video_22,4,4643,4643,61,85,0.000000,0.000000,adl,adl,0.154000,1
le2i-blazepose-normalized::Home_01_video_22,4,4644,4644,66,90,0.000000,0.000000,adl,adl,0.062000,1
le2i-blazepose-normalized::Home_01_video_22,4,4645,4645,71,95,0.000000,0.000000,adl,adl,0.102000,1
le2i-blazepose-normalized::Home_01_video_22,4,4646,4646,76,100,0.000000,0.000000,adl,adl,0.100000,1
le2i-blazepose-normalized::Home_01_video_22,4,4647,4647,81,105,0.000000,0.000000,adl,adl,0.076000,1
le2i-blazepose-normalized::Home_01_video_22,4,4648,4648,86,110,0.000000,0.000000,adl,adl,0.034000,1
le2i-blazepose-normalized::Home_01_video_22,4,4649,4649,91,115,0.000000,0.000000,adl,adl,0.024000,1
le2i-blazepose-normalized::Home_01_video_22,4,4650,4650,96,120,0.000000,0.000000,adl,adl,0.032000,1
le2i-blazepose-normalized::Home_01_video_22,4,4651,4651,101,125,0.000000,0.000000,adl,adl,0.026000,1
le2i-blazepose-normalized::Home_01_video_22,4,4652,4652,106,130,0.000000,0.000000,adl,adl,0.020000,1
le2i-blazepose-normalized::Home_01_video_22,4,4653,4653,111,135,0.000000,0.000000,adl,adl,0.012000,1
le2i-blazepose-normalized::Home_01_video_22,4,4654,4654,116,140,0.000000,0.000000,adl,adl,0.022000,1
le2i-blazepose-normalized::Home_01_video_22,4,4655,4655,121,145,0.000000,0.000000,adl,adl,0.032000,1
le2i-blazepose-normalized::Home_01_video_22,4,4656,4656,126,150,0.000000,0.000000,adl,adl,0.302000,1
le2i-blazepose-normalized::Home_01_video_22,4,4657,4657,131,155,0.000000,0.000000,adl,adl,0.440000,1
le2i-blazepose-normalized::Home_01_video_22,4,4658,4658,136,160,0.000000,0.000000,fall,fall,0.542000,1
le2i-blazepose-normalized::Home_01_video_22,4,4659,4659,141,165,0.000000,0.000000,fall,fall,0.568000,1
le2i-blazepose-normalized::Home_01_video_22,4,4660,4660,146,170,0.000000,0.000000,fall,fall,0.594000,1
le2i-blazepose-normalized::Home_01_video_22,4,4661,4661,151,175,0.000000,0.000000,fall,adl,0.472000,0
le2i-blazepose-normalized::Home_01_video_22,4,4662,4662,156,180,0.000000,0.000000,adl,adl,0.362000,1
le2i-blazepose-normalized::Home_01_video_22,4,4663,4663,161,185,0.000000,0.000000,adl,adl,0.328000,1
le2i-blazepose-normalized::Home_01_video_22,4,4664,4664,166,190,0.000000,0.000000,adl,adl,0.358000,1
le2i-blazepose-normalized::Home_01_video_22,4,4665,4665,171,195,0.000000,0.000000,adl,adl,0.354000,1
le2i-blazepose-normalized::Home_01_video_22,4,4666,4666,176,200,0.000000,0.000000,adl,adl,0.364000,1
le2i-blazepose-normalized::Home_01_video_22,4,4667,4667,181,205,0.000000,0.000000,adl,adl,0.326000,1
le2i-blazepose-normalized::Home_01_video_22,4,4668,4668,186,210,0.000000,0.000000,adl,adl,0.300000,1
le2i-blazepose-normalized::Home_01_video_22,4,4669,4669,191,215,0.000000,0.000000,adl,adl,0.248000,1
le2i-blazepose-normalized::Home_01_video_22,4,4670,4670,196,220,0.000000,0.000000,adl,adl,0.248000,1
le2i-blazepose-normalized::Home_01_video_22,4,4671,4671,201,225,0.000000,0.000000,adl,adl,0.244000,1
le2i-blazepose-normalized::Home_01_video_22,4,4672,4672,206,230,0.000000,0.000000,adl,adl,0.246000,1
le2i-blazepose-normalized::Home_01_video_22,4,4673,4673,211,235,0.000000,0.000000,adl,adl,0.246000,1
le2i-blazepose-normalized::Home_01_video_22,4,4674,4674,216,240,0.000000,0.000000,adl,adl,0.244000,1
le2i-blazepose-normalized::Home_01_video_23,4,4675,4675,1,25,0.000000,0.000000,adl,adl,0.308000,1
le2i-blazepose-normalized::Home_01_video_23,4,4676,4676,6,30,0.000000,0.000000,adl,adl,0.142000,1
le2i-blazepose-normalized::Home_01_video_23,4,4677,4677,11,35,0.000000,0.000000,adl,adl,0.158000,1
le2i-blazepose-normalized::Home_01_video_23,4,4678,4678,16,40,0.000000,0.000000,adl,adl,0.122000,1
le2i-blazepose-normalized::Home_01_video_23,4,4679,4679,21,45,0.000000,0.000000,adl,adl,0.022000,1
le2i-blazepose-normalized::Home_01_video_23,4,4680,4680,26,50,0.000000,0.000000,adl,adl,0.026000,1
le2i-blazepose-normalized::Home_01_video_23,4,4681,4681,31,55,0.000000,0.000000,adl,adl,0.026000,1
le2i-blazepose-normalized::Home_01_video_23,4,4682,4682,46,70,0.000000,0.000000,adl,adl,0.298000,1
le2i-blazepose-normalized::Home_01_video_23,4,4683,4683,51,75,0.000000,0.000000,adl,adl,0.290000,1
le2i-blazepose-normalized::Home_01_video_23,4,4684,4684,56,80,0.000000,0.000000,adl,adl,0.174000,1
le2i-blazepose-normalized::Home_01_video_23,4,4685,4685,61,85,0.000000,0.000000,adl,adl,0.166000,1
le2i-blazepose-normalized::Home_01_video_23,4,4686,4686,66,90,0.000000,0.000000,adl,adl,0.146000,1
le2i-blazepose-normalized::Home_01_video_23,4,4687,4687,71,95,0.000000,0.000000,adl,adl,0.172000,1
le2i-blazepose-normalized::Home_01_video_23,4,4688,4688,76,100,0.000000,0.000000,adl,adl,0.116000,1
le2i-blazepose-normalized::Home_01_video_23,4,4689,4689,81,105,0.000000,0.000000,adl,adl,0.192000,1
le2i-blazepose-normalized::Home_01_video_23,4,4690,4690,86,110,0.000000,0.000000,adl,adl,0.158000,1
le2i-blazepose-normalized::Home_01_video_23,4,4691,4691,91,115,0.000000,0.000000,adl,adl,0.096000,1
le2i-blazepose-normalized::Home_01_video_23,4,4692,4692,96,120,0.000000,0.000000,adl,adl,0.070000,1
le2i-blazepose-normalized::Home_01_video_23,4,4693,4693,101,125,0.000000,0.000000,adl,adl,0.058000,1
le2i-blazepose-normalized::Home_01_video_23,4,4694,4694,106,130,0.000000,0.000000,adl,adl,0.018000,1
le2i-blazepose-normalized::Home_01_video_23,4,4695,4695,111,135,0.000000,0.000000,adl,adl,0.014000,1
le2i-blazepose-normalized::Home_01_video_23,4,4696,4696,116,140,0.000000,0.000000,adl,adl,0.022000,1
le2i-blazepose-normalized::Home_01_video_23,4,4697,4697,121,145,0.000000,0.000000,adl,adl,0.040000,1
le2i-blazepose-normalized::Home_01_video_23,4,4698,4698,126,150,0.000000,0.000000,adl,adl,0.084000,1
le2i-blazepose-normalized::Home_01_video_23,4,4699,4699,131,155,0.000000,0.000000,adl,adl,0.162000,1
le2i-blazepose-normalized::Home_01_video_23,4,4700,4700,136,160,0.000000,0.000000,adl,adl,0.426000,1
le2i-blazepose-normalized::Home_01_video_23,4,4701,4701,141,165,0.000000,0.000000,adl,adl,0.398000,1
le2i-blazepose-normalized::Home_01_video_23,4,4702,4702,146,170,0.000000,0.000000,adl,adl,0.488000,1
le2i-blazepose-normalized::Home_01_video_23,4,4703,4703,151,175,0.000000,0.000000,fall,fall,0.628000,1
le2i-blazepose-normalized::Home_01_video_23,4,4704,4704,156,180,0.000000,0.000000,fall,fall,0.700000,1
le2i-blazepose-normalized::Home_01_video_23,4,4705,4705,161,185,0.000000,0.000000,fall,fall,0.744000,1
le2i-blazepose-normalized::Home_01_video_23,4,4706,4706,166,190,0.000000,0.000000,fall,fall,0.658000,1
le2i-blazepose-normalized::Home_01_video_23,4,4707,4707,171,195,0.000000,0.000000,adl,fall,0.518000,0
le2i-blazepose-normalized::Home_01_video_23,4,4708,4708,176,200,0.000000,0.000000,adl,adl,0.434000,1
le2i-blazepose-normalized::Home_01_video_23,4,4709,4709,181,205,0.000000,0.000000,adl,adl,0.392000,1
le2i-blazepose-normalized::Home_01_video_23,4,4710,4710,186,210,0.000000,0.000000,adl,adl,0.362000,1
le2i-blazepose-normalized::Home_01_video_23,4,4711,4711,191,215,0.000000,0.000000,adl,adl,0.358000,1
le2i-blazepose-normalized::Home_01_video_23,4,4712,4712,196,220,0.000000,0.000000,adl,adl,0.426000,1
le2i-blazepose-normalized::Home_01_video_23,4,4713,4713,201,225,0.000000,0.000000,adl,adl,0.380000,1
le2i-blazepose-normalized::Home_01_video_23,4,4714,4714,206,230,0.000000,0.000000,adl,adl,0.396000,1
le2i-blazepose-normalized::Home_01_video_23,4,4715,4715,211,235,0.000000,0.000000,adl,adl,0.378000,1
le2i-blazepose-normalized::Home_01_video_23,4,4716,4716,216,240,0.000000,0.000000,adl,adl,0.412000,1
le2i-blazepose-normalized::Home_01_video_24,2,4717,4717,1,25,0.000000,0.000000,adl,adl,0.122000,1
le2i-blazepose-normalized::Home_01_video_24,2,4718,4718,6,30,0.000000,0.000000,adl,adl,0.124000,1
le2i-blazepose-normalized::Home_01_video_24,2,4719,4719,11,35,0.000000,0.000000,adl,adl,0.092000,1
le2i-blazepose-normalized::Home_01_video_24,2,4720,4720,16,40,0.000000,0.000000,adl,adl,0.110000,1
le2i-blazepose-normalized::Home_01_video_24,2,4721,4721,21,45,0.000000,0.000000,adl,adl,0.096000,1
le2i-blazepose-normalized::Home_01_video_24,2,4722,4722,26,50,0.000000,0.000000,adl,adl,0.198000,1
le2i-blazepose-normalized::Home_01_video_24,2,4723,4723,31,55,0.000000,0.000000,adl,adl,0.232000,1
le2i-blazepose-normalized::Home_01_video_24,2,4724,4724,36,60,0.000000,0.000000,adl,adl,0.256000,1
le2i-blazepose-normalized::Home_01_video_24,2,4725,4725,41,65,0.000000,0.000000,adl,adl,0.276000,1
le2i-blazepose-normalized::Home_01_video_24,2,4726,4726,46,70,0.000000,0.000000,adl,adl,0.482000,1
le2i-blazepose-normalized::Home_01_video_24,2,4727,4727,51,75,0.000000,0.000000,adl,fall,0.508000,0
le2i-blazepose-normalized::Home_01_video_24,2,4728,4728,56,80,0.000000,0.000000,adl,adl,0.498000,1
le2i-blazepose-normalized::Home_01_video_24,2,4729,4729,61,85,0.000000,0.000000,adl,adl,0.490000,1
le2i-blazepose-normalized::Home_01_video_24,2,4730,4730,66,90,0.000000,0.000000,adl,adl,0.494000,1
le2i-blazepose-normalized::Home_01_video_24,2,4731,4731,86,110,0.000000,0.000000,adl,adl,0.186000,1
le2i-blazepose-normalized::Home_01_video_24,2,4732,4732,91,115,0.000000,0.000000,adl,adl,0.218000,1
le2i-blazepose-normalized::Home_01_video_24,2,4733,4733,96,120,0.000000,0.000000,adl,adl,0.216000,1
le2i-blazepose-normalized::Home_01_video_24,2,4734,4734,101,125,0.000000,0.000000,adl,adl,0.258000,1
le2i-blazepose-normalized::Home_01_video_24,2,4735,4735,106,130,0.000000,0.000000,adl,adl,0.328000,1
le2i-blazepose-normalized::Home_01_video_24,2,4736,4736,111,135,0.000000,0.000000,adl,adl,0.342000,1
le2i-blazepose-normalized::Home_01_video_24,2,4737,4737,116,140,0.000000,0.000000,fall,adl,0.450000,0
le2i-blazepose-normalized::Home_01_video_24,2,4738,4738,121,145,0.000000,0.000000,fall,adl,0.492000,0
le2i-blazepose-normalized::Home_01_video_24,2,4739,4739,126,150,0.000000,0.000000,fall,fall,0.670000,1
le2i-blazepose-normalized::Home_01_video_24,2,4740,4740,131,155,0.000000,0.000000,fall,fall,0.548000,1
le2i-blazepose-normalized::Home_01_video_24,2,4741,4741,136,160,0.000000,0.000000,adl,adl,0.436000,1
le2i-blazepose-normalized::Home_01_video_24,2,4742,4742,141,165,0.000000,0.000000,adl,adl,0.384000,1
le2i-blazepose-normalized::Home_01_video_24,2,4743,4743,146,170,0.000000,0.000000,adl,adl,0.368000,1
le2i-blazepose-normalized::Home_01_video_24,2,4744,4744,151,175,0.000000,0.000000,adl,adl,0.286000,1
le2i-blazepose-normalized::Home_01_video_24,2,4745,4745,156,180,0.000000,0.000000,adl,adl,0.292000,1
le2i-blazepose-normalized::Home_01_video_24,2,4746,4746,161,185,0.000000,0.000000,adl,adl,0.280000,1
le2i-blazepose-normalized::Home_01_video_24,2,4747,4747,166,190,0.000000,0.000000,adl,adl,0.274000,1
le2i-blazepose-normalized::Home_01_video_25,1,4748,4748,1,25,0.000000,0.000000,adl,adl,0.104000,1
le2i-blazepose-normalized::Home_01_video_25,1,4749,4749,6,30,0.000000,0.000000,adl,adl,0.084000,1
le2i-blazepose-normalized::Home_01_video_25,1,4750,4750,11,35,0.000000,0.000000,adl,adl,0.070000,1
le2i-blazepose-normalized::Home_01_video_25,1,4751,4751,16,40,0.000000,0.000000,adl,adl,0.016000,1
le2i-blazepose-normalized::Home_01_video_25,1,4752,4752,21,45,0.000000,0.000000,adl,adl,0.036000,1
le2i-blazepose-normalized::Home_01_video_25,1,4753,4753,26,50,0.000000,0.000000,adl,adl,0.024000,1
le2i-blazepose-normalized::Home_01_video_25,1,4754,4754,31,55,0.000000,0.000000,adl,adl,0.164000,1
le2i-blazepose-normalized::Home_01_video_25,1,4755,4755,36,60,0.000000,0.000000,adl,adl,0.102000,1
le2i-blazepose-normalized::Home_01_video_25,1,4756,4756,41,65,0.000000,0.000000,adl,adl,0.034000,1
le2i-blazepose-normalized::Home_01_video_25,1,4757,4757,46,70,0.000000,0.000000,adl,adl,0.078000,1
le2i-blazepose-normalized::Home_01_video_25,1,4758,4758,51,75,0.000000,0.000000,adl,adl,0.132000,1
le2i-blazepose-normalized::Home_01_video_25,1,4759,4759,56,80,0.000000,0.000000,adl,adl,0.172000,1
le2i-blazepose-normalized::Home_01_video_25,1,4760,4760,61,85,0.000000,0.000000,adl,adl,0.408000,1
le2i-blazepose-normalized::Home_01_video_25,1,4761,4761,66,90,0.000000,0.000000,adl,adl,0.414000,1
le2i-blazepose-normalized::Home_01_video_25,1,4762,4762,71,95,0.000000,0.000000,adl,adl,0.404000,1
le2i-blazepose-normalized::Home_01_video_25,1,4763,4763,76,100,0.000000,0.000000,adl,adl,0.268000,1
le2i-blazepose-normalized::Home_01_video_25,1,4764,4764,81,105,0.000000,0.000000,adl,adl,0.238000,1
le2i-blazepose-normalized::Home_01_video_25,1,4765,4765,86,110,0.000000,0.000000,adl,adl,0.306000,1
le2i-blazepose-normalized::Home_01_video_25,1,4766,4766,91,115,0.000000,0.000000,adl,adl,0.340000,1
le2i-blazepose-normalized::Home_01_video_25,1,4767,4767,96,120,0.000000,0.000000,adl,adl,0.328000,1
le2i-blazepose-normalized::Home_01_video_25,1,4768,4768,101,125,0.000000,0.000000,adl,adl,0.282000,1
le2i-blazepose-normalized::Home_01_video_25,1,4769,4769,106,130,0.000000,0.000000,adl,adl,0.214000,1
le2i-blazepose-normalized::Home_01_video_25,1,4770,4770,111,135,0.000000,0.000000,adl,adl,0.212000,1
le2i-blazepose-normalized::Home_01_video_25,1,4771,4771,116,140,0.000000,0.000000,adl,adl,0.124000,1
le2i-blazepose-normalized::Home_01_video_25,1,4772,4772,121,145,0.000000,0.000000,adl,adl,0.132000,1
le2i-blazepose-normalized::Home_01_video_25,1,4773,4773,126,150,0.000000,0.000000,adl,adl,0.102000,1
le2i-blazepose-normalized::Home_01_video_25,1,4774,4774,131,155,0.000000,0.000000,adl,adl,0.024000,1
le2i-blazepose-normalized::Home_01_video_25,1,4775,4775,136,160,0.000000,0.000000,adl,adl,0.010000,1
le2i-blazepose-normalized::Home_01_video_25,1,4776,4776,141,165,0.000000,0.000000,adl,adl,0.070000,1
le2i-blazepose-normalized::Home_01_video_25,1,4777,4777,146,170,0.000000,0.000000,adl,adl,0.270000,1
le2i-blazepose-normalized::Home_01_video_25,1,4778,4778,151,175,0.000000,0.000000,adl,fall,0.682000,0
le2i-blazepose-normalized::Home_01_video_25,1,4779,4779,156,180,0.000000,0.000000,fall,fall,0.888000,1
le2i-blazepose-normalized::Home_01_video_25,1,4780,4780,161,185,0.000000,0.000000,fall,fall,0.935600,1
le2i-blazepose-normalized::Home_01_video_25,1,4781,4781,166,190,0.000000,0.000000,fall,fall,0.898000,1
le2i-blazepose-normalized::Home_01_video_25,1,4782,4782,171,195,0.000000,0.000000,fall,fall,0.798618,1
le2i-blazepose-normalized::Home_01_video_25,1,4783,4783,176,200,0.000000,0.000000,adl,adl,0.354548,1
le2i-blazepose-normalized::Home_01_video_25,1,4784,4784,181,205,0.000000,0.000000,adl,adl,0.181778,1
le2i-blazepose-normalized::Home_01_video_25,1,4785,4785,186,210,0.000000,0.000000,adl,adl,0.152000,1
le2i-blazepose-normalized::Home_01_video_26,5,4786,4786,1,25,0.000000,0.000000,adl,adl,0.232000,1
le2i-blazepose-normalized::Home_01_video_26,5,4787,4787,6,30,0.000000,0.000000,adl,adl,0.200000,1
le2i-blazepose-normalized::Home_01_video_26,5,4788,4788,11,35,0.000000,0.000000,adl,adl,0.180000,1
le2i-blazepose-normalized::Home_01_video_26,5,4789,4789,16,40,0.000000,0.000000,adl,adl,0.202000,1
le2i-blazepose-normalized::Home_01_video_26,5,4790,4790,21,45,0.000000,0.000000,adl,adl,0.156000,1
le2i-blazepose-normalized::Home_01_video_26,5,4791,4791,26,50,0.000000,0.000000,adl,adl,0.124000,1
le2i-blazepose-normalized::Home_01_video_26,5,4792,4792,31,55,0.000000,0.000000,adl,adl,0.102000,1
le2i-blazepose-normalized::Home_01_video_26,5,4793,4793,36,60,0.000000,0.000000,adl,adl,0.172000,1
le2i-blazepose-normalized::Home_01_video_26,5,4794,4794,41,65,0.000000,0.000000,adl,adl,0.288000,1
le2i-blazepose-normalized::Home_01_video_26,5,4795,4795,46,70,0.000000,0.000000,adl,adl,0.352000,1
le2i-blazepose-normalized::Home_01_video_26,5,4796,4796,51,75,0.000000,0.000000,adl,fall,0.570000,0
le2i-blazepose-normalized::Home_01_video_26,5,4797,4797,56,80,0.000000,0.000000,adl,fall,0.557500,0
le2i-blazepose-normalized::Home_01_video_26,5,4798,4798,61,85,0.000000,0.000000,adl,adl,0.380000,1
le2i-blazepose-normalized::Home_01_video_26,5,4799,4799,66,90,0.000000,0.000000,adl,adl,0.328000,1
le2i-blazepose-normalized::Home_01_video_26,5,4800,4800,71,95,0.000000,0.000000,adl,adl,0.180000,1
le2i-blazepose-normalized::Home_01_video_26,5,4801,4801,76,100,0.000000,0.000000,adl,adl,0.112000,1
le2i-blazepose-normalized::Home_01_video_26,5,4802,4802,81,105,0.000000,0.000000,adl,adl,0.094000,1
le2i-blazepose-normalized::Home_01_video_26,5,4803,4803,86,110,0.000000,0.000000,adl,adl,0.050000,1
le2i-blazepose-normalized::Home_01_video_26,5,4804,4804,91,115,0.000000,0.000000,adl,adl,0.030000,1
le2i-blazepose-normalized::Home_01_video_26,5,4805,4805,96,120,0.000000,0.000000,adl,adl,0.006000,1
le2i-blazepose-normalized::Home_01_video_26,5,4806,4806,101,125,0.000000,0.000000,adl,adl,0.014000,1
le2i-blazepose-normalized::Home_01_video_26,5,4807,4807,106,130,0.000000,0.000000,adl,adl,0.070000,1
le2i-blazepose-normalized::Home_01_video_26,5,4808,4808,111,135,0.000000,0.000000,adl,adl,0.440000,1
le2i-blazepose-normalized::Home_01_video_26,5,4809,4809,116,140,0.000000,0.000000,fall,fall,0.724000,1
le2i-blazepose-normalized::Home_01_video_26,5,4810,4810,121,145,0.000000,0.000000,fall,fall,0.886000,1
le2i-blazepose-normalized::Home_01_video_26,5,4811,4811,126,150,0.000000,0.000000,fall,fall,0.910000,1
le2i-blazepose-normalized::Home_01_video_26,5,4812,4812,131,155,0.000000,0.000000,fall,fall,0.769538,1
le2i-blazepose-normalized::Home_01_video_26,5,4813,4813,136,160,0.000000,0.000000,adl,adl,0.409981,1
le2i-blazepose-normalized::Home_01_video_26,5,4814,4814,141,165,0.000000,0.000000,adl,adl,0.303314,1
le2i-blazepose-normalized::Home_01_video_26,5,4815,4815,146,170,0.000000,0.000000,adl,adl,0.311600,1
le2i-blazepose-normalized::Home_01_video_26,5,4816,4816,151,175,0.000000,0.000000,adl,adl,0.282629,1
le2i-blazepose-normalized::Home_01_video_26,5,4817,4817,156,180,0.000000,0.000000,adl,adl,0.283314,1
le2i-blazepose-normalized::Home_01_video_26,5,4818,4818,161,185,0.000000,0.000000,adl,adl,0.289314,1
le2i-blazepose-normalized::Home_01_video_26,5,4819,4819,166,190,0.000000,0.000000,adl,adl,0.291314,1
le2i-blazepose-normalized::Home_01_video_26,5,4820,4820,171,195,0.000000,0.000000,adl,adl,0.218648,1
le2i-blazepose-normalized::Home_01_video_26,5,4821,4821,176,200,0.000000,0.000000,adl,adl,0.218933,1
le2i-blazepose-normalized::Home_01_video_26,5,4822,4822,181,205,0.000000,0.000000,adl,adl,0.218933,1
le2i-blazepose-normalized::Home_01_video_26,5,4823,4823,186,210,0.000000,0.000000,adl,adl,0.220933,1
le2i-blazepose-normalized::Home_01_video_26,5,4824,4824,191,215,0.000000,0.000000,adl,adl,0.228933,1
le2i-blazepose-normalized::Home_01_video_27,4,4825,4825,1,25,0.000000,0.000000,adl,adl,0.078000,1
le2i-blazepose-normalized::Home_01_video_27,4,4826,4826,6,30,0.000000,0.000000,adl,adl,0.068000,1
le2i-blazepose-normalized::Home_01_video_27,4,4827,4827,11,35,0.000000,0.000000,adl,adl,0.066000,1
le2i-blazepose-normalized::Home_01_video_27,4,4828,4828,16,40,0.000000,0.000000,adl,adl,0.066000,1
le2i-blazepose-normalized::Home_01_video_27,4,4829,4829,21,45,0.000000,0.000000,adl,adl,0.066000,1
le2i-blazepose-normalized::Home_01_video_27,4,4830,4830,26,50,0.000000,0.000000,adl,adl,0.100000,1
le2i-blazepose-normalized::Home_01_video_27,4,4831,4831,31,55,0.000000,0.000000,adl,adl,0.096000,1
le2i-blazepose-normalized::Home_01_video_27,4,4832,4832,36,60,0.000000,0.000000,adl,adl,0.082000,1
le2i-blazepose-normalized::Home_01_video_27,4,4833,4833,41,65,0.000000,0.000000,adl,adl,0.074000,1
le2i-blazepose-normalized::Home_01_video_27,4,4834,4834,46,70,0.000000,0.000000,adl,adl,0.060000,1
le2i-blazepose-normalized::Home_01_video_27,4,4835,4835,51,75,0.000000,0.000000,adl,adl,0.234000,1
le2i-blazepose-normalized::Home_01_video_27,4,4836,4836,56,80,0.000000,0.000000,adl,adl,0.290000,1
le2i-blazepose-normalized::Home_01_video_27,4,4837,4837,61,85,0.000000,0.000000,adl,adl,0.292000,1
le2i-blazepose-normalized::Home_01_video_27,4,4838,4838,66,90,0.000000,0.000000,adl,adl,0.398000,1
le2i-blazepose-normalized::Home_01_video_27,4,4839,4839,71,95,0.000000,0.000000,adl,adl,0.342000,1
le2i-blazepose-normalized::Home_01_video_27,4,4840,4840,76,100,0.000000,0.000000,adl,adl,0.146000,1
le2i-blazepose-normalized::Home_01_video_27,4,4841,4841,81,105,0.000000,0.000000,adl,adl,0.132000,1
le2i-blazepose-normalized::Home_01_video_27,4,4842,4842,86,110,0.000000,0.000000,adl,adl,0.152000,1
le2i-blazepose-normalized::Home_01_video_27,4,4843,4843,91,115,0.000000,0.000000,adl,adl,0.166000,1
le2i-blazepose-normalized::Home_01_video_27,4,4844,4844,96,120,0.000000,0.000000,adl,adl,0.140000,1
le2i-blazepose-normalized::Home_01_video_27,4,4845,4845,101,125,0.000000,0.000000,adl,adl,0.100000,1
le2i-blazepose-normalized::Home_01_video_27,4,4846,4846,106,130,0.000000,0.000000,adl,adl,0.094000,1
le2i-blazepose-normalized::Home_01_video_27,4,4847,4847,111,135,0.000000,0.000000,adl,adl,0.058000,1
le2i-blazepose-normalized::Home_01_video_27,4,4848,4848,116,140,0.000000,0.000000,adl,adl,0.106000,1
le2i-blazepose-normalized::Home_01_video_27,4,4849,4849,121,145,0.000000,0.000000,adl,adl,0.102000,1
le2i-blazepose-normalized::Home_01_video_27,4,4850,4850,126,150,0.000000,0.000000,adl,adl,0.056000,1
le2i-blazepose-normalized::Home_01_video_27,4,4851,4851,131,155,0.000000,0.000000,adl,adl,0.016000,1
le2i-blazepose-normalized::Home_01_video_27,4,4852,4852,136,160,0.000000,0.000000,adl,adl,0.004000,1
le2i-blazepose-normalized::Home_01_video_27,4,4853,4853,141,165,0.000000,0.000000,adl,adl,0.018000,1
le2i-blazepose-normalized::Home_01_video_27,4,4854,4854,146,170,0.000000,0.000000,adl,adl,0.152000,1
le2i-blazepose-normalized::Home_01_video_27,4,4855,4855,151,175,0.000000,0.000000,fall,fall,0.652000,1
le2i-blazepose-normalized::Home_01_video_27,4,4856,4856,156,180,0.000000,0.000000,fall,fall,0.920000,1
le2i-blazepose-normalized::Home_01_video_27,4,4857,4857,161,185,0.000000,0.000000,fall,fall,0.894000,1
le2i-blazepose-normalized::Home_01_video_27,4,4858,4858,166,190,0.000000,0.000000,fall,fall,0.882000,1
le2i-blazepose-normalized::Home_01_video_27,4,4859,4859,171,195,0.000000,0.000000,adl,fall,0.660000,0
le2i-blazepose-normalized::Home_01_video_27,4,4860,4860,176,200,0.000000,0.000000,adl,adl,0.436000,1
le2i-blazepose-normalized::Home_01_video_27,4,4861,4861,181,205,0.000000,0.000000,adl,adl,0.440000,1
le2i-blazepose-normalized::Home_01_video_27,4,4862,4862,186,210,0.000000,0.000000,adl,adl,0.434000,1
le2i-blazepose-normalized::Home_01_video_27,4,4863,4863,191,215,0.000000,0.000000,adl,adl,0.398000,1
le2i-blazepose-normalized::Home_01_video_27,4,4864,4864,196,220,0.000000,0.000000,adl,adl,0.390000,1
le2i-blazepose-normalized::Home_01_video_27,4,4865,4865,201,225,0.000000,0.000000,adl,adl,0.382000,1
le2i-blazepose-normalized::Home_01_video_27,4,4866,4866,206,230,0.000000,0.000000,adl,adl,0.388000,1
le2i-blazepose-normalized::Home_01_video_27,4,4867,4867,211,235,0.000000,0.000000,adl,adl,0.396000,1
le2i-blazepose-normalized::Home_01_video_27,4,4868,4868,216,240,0.000000,0.000000,adl,adl,0.392000,1
le2i-blazepose-normalized::Home_01_video_28,4,4869,4869,1,25,0.000000,0.000000,adl,adl,0.014000,1
le2i-blazepose-normalized::Home_01_video_28,4,4870,4870,6,30,0.000000,0.000000,adl,adl,0.012000,1
le2i-blazepose-normalized::Home_01_video_28,4,4871,4871,11,35,0.000000,0.000000,adl,adl,0.004000,1
le2i-blazepose-normalized::Home_01_video_28,4,4872,4872,16,40,0.000000,0.000000,adl,adl,0.008000,1
le2i-blazepose-normalized::Home_01_video_28,4,4873,4873,21,45,0.000000,0.000000,adl,adl,0.010000,1
le2i-blazepose-normalized::Home_01_video_28,4,4874,4874,26,50,0.000000,0.000000,adl,adl,0.006000,1
le2i-blazepose-normalized::Home_01_video_28,4,4875,4875,31,55,0.000000,0.000000,adl,adl,0.008000,1
le2i-blazepose-normalized::Home_01_video_28,4,4876,4876,36,60,0.000000,0.000000,adl,adl,0.016000,1
le2i-blazepose-normalized::Home_01_video_28,4,4877,4877,41,65,0.000000,0.000000,adl,adl,0.102000,1
le2i-blazepose-normalized::Home_01_video_28,4,4878,4878,46,70,0.000000,0.000000,adl,adl,0.496000,1
le2i-blazepose-normalized::Home_01_video_28,4,4879,4879,51,75,0.000000,0.000000,adl,fall,0.616000,0
le2i-blazepose-normalized::Home_01_video_28,4,4880,4880,56,80,0.000000,0.000000,adl,fall,0.572000,0
le2i-blazepose-normalized::Home_01_video_28,4,4881,4881,61,85,0.000000,0.000000,adl,adl,0.302000,1
le2i-blazepose-normalized::Home_01_video_28,4,4882,4882,66,90,0.000000,0.000000,adl,adl,0.310000,1
le2i-blazepose-normalized::Home_01_video_28,4,4883,4883,71,95,0.000000,0.000000,adl,adl,0.134000,1
le2i-blazepose-normalized::Home_01_video_28,4,4884,4884,76,100,0.000000,0.000000,adl,adl,0.082000,1
le2i-blazepose-normalized::Home_01_video_28,4,4885,4885,81,105,0.000000,0.000000,adl,adl,0.038000,1
le2i-blazepose-normalized::Home_01_video_28,4,4886,4886,86,110,0.000000,0.000000,adl,adl,0.042000,1
le2i-blazepose-normalized::Home_01_video_28,4,4887,4887,91,115,0.000000,0.000000,adl,adl,0.064000,1
le2i-blazepose-normalized::Home_01_video_28,4,4888,4888,96,120,0.000000,0.000000,adl,adl,0.008000,1
le2i-blazepose-normalized::Home_01_video_28,4,4889,4889,101,125,0.000000,0.000000,adl,adl,0.008000,1
le2i-blazepose-normalized::Home_01_video_28,4,4890,4890,106,130,0.000000,0.000000,adl,adl,0.006000,1
le2i-blazepose-normalized::Home_01_video_28,4,4891,4891,111,135,0.000000,0.000000,adl,adl,0.002000,1
le2i-blazepose-normalized::Home_01_video_28,4,4892,4892,116,140,0.000000,0.000000,adl,adl,0.006000,1
le2i-blazepose-normalized::Home_01_video_28,4,4893,4893,121,145,0.000000,0.000000,adl,adl,0.000000,1
le2i-blazepose-normalized::Home_01_video_28,4,4894,4894,126,150,0.000000,0.000000,adl,adl,0.000000,1
le2i-blazepose-normalized::Home_01_video_28,4,4895,4895,131,155,0.000000,0.000000,adl,adl,0.000000,1
le2i-blazepose-normalized::Home_01_video_28,4,4896,4896,136,160,0.000000,0.000000,adl,adl,0.002000,1
le2i-blazepose-normalized::Home_01_video_28,4,4897,4897,141,165,0.000000,0.000000,adl,adl,0.004000,1
le2i-blazepose-normalized::Home_01_video_28,4,4898,4898,146,170,0.000000,0.000000,adl,adl,0.132000,1
le2i-blazepose-normalized::Home_01_video_28,4,4899,4899,151,175,0.000000,0.000000,adl,fall,0.598000,0
le2i-blazepose-normalized::Home_01_video_28,4,4900,4900,156,180,0.000000,0.000000,fall,fall,0.808000,1
le2i-blazepose-normalized::Home_01_video_28,4,4901,4901,161,185,0.000000,0.000000,fall,fall,0.852000,1
le2i-blazepose-normalized::Home_01_video_28,4,4902,4902,166,190,0.000000,0.000000,fall,fall,0.844000,1
le2i-blazepose-normalized::Home_01_video_28,4,4903,4903,171,195,0.000000,0.000000,fall,fall,0.806000,1
le2i-blazepose-normalized::Home_01_video_29,4,4904,4904,1,25,0.000000,0.000000,adl,adl,0.050000,1
le2i-blazepose-normalized::Home_01_video_29,4,4905,4905,6,30,0.000000,0.000000,adl,adl,0.066000,1
le2i-blazepose-normalized::Home_01_video_29,4,4906,4906,11,35,0.000000,0.000000,adl,adl,0.064000,1
le2i-blazepose-normalized::Home_01_video_29,4,4907,4907,16,40,0.000000,0.000000,adl,adl,0.050000,1
le2i-blazepose-normalized::Home_01_video_29,4,4908,4908,21,45,0.000000,0.000000,adl,adl,0.046000,1
le2i-blazepose-normalized::Home_01_video_29,4,4909,4909,26,50,0.000000,0.000000,adl,adl,0.038000,1
le2i-blazepose-normalized::Home_01_video_29,4,4910,4910,31,55,0.000000,0.000000,adl,adl,0.040000,1
le2i-blazepose-normalized::Home_01_video_29,4,4911,4911,36,60,0.000000,0.000000,adl,adl,0.136000,1
le2i-blazepose-normalized::Home_01_video_29,4,4912,4912,41,65,0.000000,0.000000,adl,adl,0.158000,1
le2i-blazepose-normalized::Home_01_video_29,4,4913,4913,46,70,0.000000,0.000000,adl,adl,0.190000,1
le2i-blazepose-normalized::Home_01_video_29,4,4914,4914,51,75,0.000000,0.000000,adl,adl,0.276000,1
le2i-blazepose-normalized::Home_01_video_29,4,4915,4915,56,80,0.000000,0.000000,adl,adl,0.086000,1
le2i-blazepose-normalized::Home_01_video_29,4,4916,4916,61,85,0.000000,0.000000,adl,adl,0.098000,1
le2i-blazepose-normalized::Home_01_video_29,4,4917,4917,66,90,0.000000,0.000000,adl,adl,0.130000,1
le2i-blazepose-normalized::Home_01_video_29,4,4918,4918,71,95,0.000000,0.000000,adl,adl,0.044000,1
le2i-blazepose-normalized::Home_01_video_29,4,4919,4919,76,100,0.000000,0.000000,adl,adl,0.030000,1
le2i-blazepose-normalized::Home_01_video_29,4,4920,4920,81,105,0.000000,0.000000,adl,adl,0.022000,1
le2i-blazepose-normalized::Home_01_video_29,4,4921,4921,86,110,0.000000,0.000000,adl,adl,0.030000,1
le2i-blazepose-normalized::Home_01_video_29,4,4922,4922,91,115,0.000000,0.000000,adl,adl,0.036000,1
le2i-blazepose-normalized::Home_01_video_29,4,4923,4923,96,120,0.000000,0.000000,adl,adl,0.116000,1
le2i-blazepose-normalized::Home_01_video_29,4,4924,4924,101,125,0.000000,0.000000,adl,adl,0.160000,1
le2i-blazepose-normalized::Home_01_video_29,4,4925,4925,106,130,0.000000,0.000000,adl,adl,0.108000,1
le2i-blazepose-normalized::Home_01_video_29,4,4926,4926,111,135,0.000000,0.000000,adl,adl,0.068000,1
le2i-blazepose-normalized::Home_01_video_29,4,4927,4927,116,140,0.000000,0.000000,adl,adl,0.032000,1
le2i-blazepose-normalized::Home_01_video_29,4,4928,4928,121,145,0.000000,0.000000,adl,adl,0.016000,1
le2i-blazepose-normalized::Home_01_video_29,4,4929,4929,126,150,0.000000,0.000000,adl,adl,0.008000,1
le2i-blazepose-normalized::Home_01_video_29,4,4930,4930,131,155,0.000000,0.000000,adl,adl,0.014000,1
le2i-blazepose-normalized::Home_01_video_29,4,4931,4931,136,160,0.000000,0.000000,adl,adl,0.332000,1
le2i-blazepose-normalized::Home_01_video_29,4,4932,4932,141,165,0.000000,0.000000,adl,fall,0.570000,0
le2i-blazepose-normalized::Home_01_video_29,4,4933,4933,146,170,0.000000,0.000000,fall,fall,0.856000,1
le2i-blazepose-normalized::Home_01_video_29,4,4934,4934,151,175,0.000000,0.000000,fall,fall,0.904000,1
le2i-blazepose-normalized::Home_01_video_29,4,4935,4935,156,180,0.000000,0.000000,fall,fall,0.764000,1
le2i-blazepose-normalized::Home_01_video_29,4,4936,4936,161,185,0.000000,0.000000,fall,fall,0.602000,1
le2i-blazepose-normalized::Home_01_video_29,4,4937,4937,166,190,0.000000,0.000000,adl,adl,0.344000,1
le2i-blazepose-normalized::Home_01_video_29,4,4938,4938,171,195,0.000000,0.000000,adl,adl,0.334000,1
le2i-blazepose-normalized::Home_01_video_29,4,4939,4939,176,200,0.000000,0.000000,adl,adl,0.290000,1
le2i-blazepose-normalized::Home_01_video_29,4,4940,4940,181,205,0.000000,0.000000,adl,adl,0.280000,1
le2i-blazepose-normalized::Home_01_video_29,4,4941,4941,186,210,0.000000,0.000000,adl,adl,0.280000,1
le2i-blazepose-normalized::Home_01_video_29,4,4942,4942,191,215,0.000000,0.000000,adl,adl,0.252000,1
le2i-blazepose-normalized::Home_01_video_29,4,4943,4943,196,220,0.000000,0.000000,adl,adl,0.250000,1
le2i-blazepose-normalized::Home_01_video_29,4,4944,4944,201,225,0.000000,0.000000,adl,adl,0.268000,1
le2i-blazepose-normalized::Home_01_video_29,4,4945,4945,206,230,0.000000,0.000000,adl,adl,0.296000,1
le2i-blazepose-normalized::Home_01_video_29,4,4946,4946,211,235,0.000000,0.000000,adl,adl,0.316000,1
le2i-blazepose-normalized::Home_01_video_29,4,4947,4947,216,240,0.000000,0.000000,adl,adl,0.304000,1
le2i-blazepose-normalized::Home_01_video_29,4,4948,4948,221,245,0.000000,0.000000,adl,adl,0.308000,1
le2i-blazepose-normalized::Home_01_video_29,4,4949,4949,226,250,0.000000,0.000000,adl,adl,0.308000,1
le2i-blazepose-normalized::Home_01_video_29,4,4950,4950,231,255,0.000000,0.000000,adl,adl,0.308000,1
le2i-blazepose-normalized::Home_01_video_29,4,4951,4951,236,260,0.000000,0.000000,adl,adl,0.286000,1
le2i-blazepose-normalized::Home_01_video_29,4,4952,4952,241,265,0.000000,0.000000,adl,adl,0.288000,1
le2i-blazepose-normalized::Home_01_video_29,4,4953,4953,246,270,0.000000,0.000000,adl,adl,0.282000,1
le2i-blazepose-normalized::Home_01_video_3,4,4954,4954,1,25,0.000000,0.000000,adl,adl,0.000000,1
le2i-blazepose-normalized::Home_01_video_3,4,4955,4955,6,30,0.000000,0.000000,adl,adl,0.000000,1
le2i-blazepose-normalized::Home_01_video_3,4,4956,4956,11,35,0.000000,0.000000,adl,adl,0.000000,1
le2i-blazepose-normalized::Home_01_video_3,4,4957,4957,16,40,0.000000,0.000000,adl,adl,0.000000,1
le2i-blazepose-normalized::Home_01_video_3,4,4958,4958,21,45,0.000000,0.000000,adl,adl,0.000000,1
le2i-blazepose-normalized::Home_01_video_3,4,4959,4959,51,75,0.000000,0.000000,adl,adl,0.038000,1
le2i-blazepose-normalized::Home_01_video_3,4,4960,4960,56,80,0.000000,0.000000,adl,adl,0.038000,1
le2i-blazepose-normalized::Home_01_video_3,4,4961,4961,61,85,0.000000,0.000000,adl,adl,0.014000,1
le2i-blazepose-normalized::Home_01_video_3,4,4962,4962,66,90,0.000000,0.000000,adl,adl,0.006000,1
le2i-blazepose-normalized::Home_01_video_3,4,4963,4963,71,95,0.000000,0.000000,adl,adl,0.006000,1
le2i-blazepose-normalized::Home_01_video_3,4,4964,4964,76,100,0.000000,0.000000,adl,adl,0.002000,1
le2i-blazepose-normalized::Home_01_video_3,4,4965,4965,81,105,0.000000,0.000000,adl,adl,0.004000,1
le2i-blazepose-normalized::Home_01_video_3,4,4966,4966,86,110,0.000000,0.000000,adl,adl,0.002000,1
le2i-blazepose-normalized::Home_01_video_3,4,4967,4967,91,115,0.000000,0.000000,adl,adl,0.008000,1
le2i-blazepose-normalized::Home_01_video_3,4,4968,4968,96,120,0.000000,0.000000,adl,adl,0.016000,1
le2i-blazepose-normalized::Home_01_video_3,4,4969,4969,101,125,0.000000,0.000000,adl,adl,0.180000,1
le2i-blazepose-normalized::Home_01_video_3,4,4970,4970,106,130,0.000000,0.000000,fall,fall,0.996000,1
le2i-blazepose-normalized::Home_01_video_3,4,4971,4971,111,135,0.000000,0.000000,fall,fall,0.998000,1
le2i-blazepose-normalized::Home_01_video_3,4,4972,4972,116,140,0.000000,0.000000,fall,fall,1.000000,1
le2i-blazepose-normalized::Home_01_video_3,4,4973,4973,121,145,0.000000,0.000000,fall,fall,1.000000,1
le2i-blazepose-normalized::Home_01_video_3,4,4974,4974,126,150,0.000000,0.000000,fall,fall,0.994000,1
le2i-blazepose-normalized::Home_01_video_3,4,4975,4975,131,155,0.000000,0.000000,adl,adl,0.040000,1
le2i-blazepose-normalized::Home_01_video_3,4,4976,4976,136,160,0.000000,0.000000,adl,adl,0.014000,1
le2i-blazepose-normalized::Home_01_video_3,4,4977,4977,141,165,0.000000,0.000000,adl,adl,0.012000,1
le2i-blazepose-normalized::Home_01_video_3,4,4978,4978,146,170,0.000000,0.000000,adl,adl,0.008000,1
le2i-blazepose-normalized::Home_01_video_3,4,4979,4979,151,175,0.000000,0.000000,adl,adl,0.004000,1
le2i-blazepose-normalized::Home_01_video_3,4,4980,4980,156,180,0.000000,0.000000,adl,adl,0.006000,1
le2i-blazepose-normalized::Home_01_video_3,4,4981,4981,161,185,0.000000,0.000000,adl,adl,0.004000,1
le2i-blazepose-normalized::Home_01_video_3,4,4982,4982,166,190,0.000000,0.000000,adl,adl,0.000000,1
le2i-blazepose-normalized::Home_01_video_3,4,4983,4983,171,195,0.000000,0.000000,adl,adl,0.004000,1
le2i-blazepose-normalized::Home_01_video_3,4,4984,4984,176,200,0.000000,0.000000,adl,adl,0.006000,1
le2i-blazepose-normalized::Home_01_video_3,4,4985,4985,181,205,0.000000,0.000000,adl,adl,0.008000,1
le2i-blazepose-normalized::Home_01_video_3,4,4986,4986,186,210,0.000000,0.000000,adl,adl,0.004000,1
le2i-blazepose-normalized::Home_01_video_3,4,4987,4987,191,215,0.000000,0.000000,adl,adl,0.006000,1
le2i-blazepose-normalized::Home_01_video_3,4,4988,4988,196,220,0.000000,0.000000,adl,adl,0.016000,1
le2i-blazepose-normalized::Home_01_video_3,4,4989,4989,201,225,0.000000,0.000000,adl,adl,0.008000,1
le2i-blazepose-normalized::Home_01_video_3,4,4990,4990,206,230,0.000000,0.000000,adl,adl,0.006000,1
le2i-blazepose-normalized::Home_01_video_3,4,4991,4991,211,235,0.000000,0.000000,adl,adl,0.008000,1
le2i-blazepose-normalized::Home_01_video_3,4,4992,4992,216,240,0.000000,0.000000,adl,adl,0.034000,1
le2i-blazepose-normalized::Home_01_video_30,2,4993,4993,1,25,0.000000,0.000000,adl,adl,0.194000,1
le2i-blazepose-normalized::Home_01_video_30,2,4994,4994,6,30,0.000000,0.000000,adl,adl,0.202000,1
le2i-blazepose-normalized::Home_01_video_30,2,4995,4995,11,35,0.000000,0.000000,adl,adl,0.190000,1
le2i-blazepose-normalized::Home_01_video_30,2,4996,4996,16,40,0.000000,0.000000,adl,adl,0.154000,1
le2i-blazepose-normalized::Home_01_video_30,2,4997,4997,21,45,0.000000,0.000000,adl,adl,0.072000,1
le2i-blazepose-normalized::Home_01_video_30,2,4998,4998,26,50,0.000000,0.000000,adl,adl,0.058000,1
le2i-blazepose-normalized::Home_01_video_30,2,4999,4999,31,55,0.000000,0.000000,adl,adl,0.036000,1
le2i-blazepose-normalized::Home_01_video_30,2,5000,5000,36,60,0.000000,0.000000,adl,adl,0.022000,1
le2i-blazepose-normalized::Home_01_video_30,2,5001,5001,41,65,0.000000,0.000000,adl,adl,0.042000,1
le2i-blazepose-normalized::Home_01_video_30,2,5002,5002,46,70,0.000000,0.000000,adl,adl,0.064000,1
le2i-blazepose-normalized::Home_01_video_30,2,5003,5003,51,75,0.000000,0.000000,adl,adl,0.096000,1
le2i-blazepose-normalized::Home_01_video_30,2,5004,5004,56,80,0.000000,0.000000,adl,adl,0.094000,1
le2i-blazepose-normalized::Home_01_video_30,2,5005,5005,61,85,0.000000,0.000000,adl,adl,0.034000,1
le2i-blazepose-normalized::Home_01_video_30,2,5006,5006,66,90,0.000000,0.000000,adl,adl,0.018000,1
le2i-blazepose-normalized::Home_01_video_30,2,5007,5007,71,95,0.000000,0.000000,adl,adl,0.004000,1
le2i-blazepose-normalized::Home_01_video_30,2,5008,5008,76,100,0.000000,0.000000,adl,adl,0.006000,1
le2i-blazepose-normalized::Home_01_video_30,2,5009,5009,81,105,0.000000,0.000000,adl,adl,0.008000,1
le2i-blazepose-normalized::Home_01_video_30,2,5010,5010,86,110,0.000000,0.000000,adl,adl,0.016000,1
le2i-blazepose-normalized::Home_01_video_30,2,5011,5011,91,115,0.000000,0.000000,adl,adl,0.026000,1
le2i-blazepose-normalized::Home_01_video_30,2,5012,5012,96,120,0.000000,0.000000,adl,adl,0.020000,1
le2i-blazepose-normalized::Home_01_video_30,2,5013,5013,101,125,0.000000,0.000000,adl,adl,0.056000,1
le2i-blazepose-normalized::Home_01_video_30,2,5014,5014,106,130,0.000000,0.000000,fall,adl,0.110000,0
le2i-blazepose-normalized::Home_01_video_30,2,5015,5015,111,135,0.000000,0.000000,fall,adl,0.298000,0
le2i-blazepose-normalized::Home_01_video_30,2,5016,5016,116,140,0.000000,0.000000,fall,adl,0.286000,0
le2i-blazepose-normalized::Home_01_video_30,2,5017,5017,121,145,0.000000,0.000000,fall,adl,0.218000,0
le2i-blazepose-normalized::Home_01_video_30,2,5018,5018,126,150,0.000000,0.000000,fall,adl,0.232000,0
le2i-blazepose-normalized::Home_01_video_30,2,5019,5019,131,155,0.000000,0.000000,fall,adl,0.206000,0
le2i-blazepose-normalized::Home_01_video_30,2,5020,5020,136,160,0.000000,0.000000,adl,adl,0.210000,1
le2i-blazepose-normalized::Home_01_video_4,2,5021,5021,1,25,0.000000,0.000000,adl,adl,0.020000,1
le2i-blazepose-normalized::Home_01_video_4,2,5022,5022,6,30,0.000000,0.000000,adl,adl,0.016000,1
le2i-blazepose-normalized::Home_01_video_4,2,5023,5023,11,35,0.000000,0.000000,adl,adl,0.026000,1
le2i-blazepose-normalized::Home_01_video_4,2,5024,5024,16,40,0.000000,0.000000,adl,adl,0.026000,1
le2i-blazepose-normalized::Home_01_video_4,2,5025,5025,21,45,0.000000,0.000000,adl,adl,0.034000,1
le2i-blazepose-normalized::Home_01_video_4,2,5026,5026,26,50,0.000000,0.000000,adl,adl,0.206000,1
le2i-blazepose-normalized::Home_01_video_4,2,5027,5027,31,55,0.000000,0.000000,adl,adl,0.194000,1
le2i-blazepose-normalized::Home_01_video_4,2,5028,5028,36,60,0.000000,0.000000,adl,adl,0.220000,1
le2i-blazepose-normalized::Home_01_video_4,2,5029,5029,41,65,0.000000,0.000000,adl,adl,0.198000,1
le2i-blazepose-normalized::Home_01_video_4,2,5030,5030,46,70,0.000000,0.000000,adl,adl,0.152000,1
le2i-blazepose-normalized::Home_01_video_4,2,5031,5031,51,75,0.000000,0.000000,adl,adl,0.088000,1
le2i-blazepose-normalized::Home_01_video_4,2,5032,5032,56,80,0.000000,0.000000,adl,adl,0.070000,1
le2i-blazepose-normalized::Home_01_video_4,2,5033,5033,61,85,0.000000,0.000000,adl,adl,0.060000,1
le2i-blazepose-normalized::Home_01_video_4,2,5034,5034,66,90,0.000000,0.000000,adl,adl,0.060000,1
le2i-blazepose-normalized::Home_01_video_4,2,5035,5035,71,95,0.000000,0.000000,adl,adl,0.068000,1
le2i-blazepose-normalized::Home_01_video_4,2,5036,5036,76,100,0.000000,0.000000,adl,adl,0.082000,1
le2i-blazepose-normalized::Home_01_video_4,2,5037,5037,81,105,0.000000,0.000000,adl,adl,0.088000,1
le2i-blazepose-normalized::Home_01_video_4,2,5038,5038,86,110,0.000000,0.000000,adl,adl,0.074000,1
le2i-blazepose-normalized::Home_01_video_4,2,5039,5039,91,115,0.000000,0.000000,adl,adl,0.058000,1
le2i-blazepose-normalized::Home_01_video_4,2,5040,5040,96,120,0.000000,0.000000,adl,adl,0.086000,1
le2i-blazepose-normalized::Home_01_video_4,2,5041,5041,101,125,0.000000,0.000000,adl,adl,0.086000,1
le2i-blazepose-normalized::Home_01_video_4,2,5042,5042,106,130,0.000000,0.000000,adl,adl,0.094000,1
le2i-blazepose-normalized::Home_01_video_4,2,5043,5043,111,135,0.000000,0.000000,adl,adl,0.094000,1
le2i-blazepose-normalized::Home_01_video_4,2,5044,5044,116,140,0.000000,0.000000,adl,adl,0.304000,1
le2i-blazepose-normalized::Home_01_video_4,2,5045,5045,121,145,0.000000,0.000000,adl,adl,0.334000,1
le2i-blazepose-normalized::Home_01_video_4,2,5046,5046,126,150,0.000000,0.000000,adl,adl,0.288000,1
le2i-blazepose-normalized::Home_01_video_4,2,5047,5047,131,155,0.000000,0.000000,adl,adl,0.378000,1
le2i-blazepose-normalized::Home_01_video_4,2,5048,5048,136,160,0.000000,0.000000,fall,adl,0.354000,0
le2i-blazepose-normalized::Home_01_video_4,2,5049,5049,141,165,0.000000,0.000000,fall,adl,0.448000,0
le2i-blazepose-normalized::Home_01_video_4,2,5050,5050,146,170,0.000000,0.000000,fall,fall,0.642000,1
le2i-blazepose-normalized::Home_01_video_4,2,5051,5051,151,175,0.000000,0.000000,fall,fall,0.704000,1
le2i-blazepose-normalized::Home_01_video_4,2,5052,5052,156,180,0.000000,0.000000,fall,adl,0.360000,0
le2i-blazepose-normalized::Home_01_video_4,2,5053,5053,161,185,0.000000,0.000000,adl,adl,0.362000,1
le2i-blazepose-normalized::Home_01_video_4,2,5054,5054,166,190,0.000000,0.000000,adl,adl,0.310000,1
le2i-blazepose-normalized::Home_01_video_4,2,5055,5055,171,195,0.000000,0.000000,adl,adl,0.248000,1
le2i-blazepose-normalized::Home_01_video_4,2,5056,5056,176,200,0.000000,0.000000,adl,adl,0.256000,1
le2i-blazepose-normalized::Home_01_video_4,2,5057,5057,181,205,0.000000,0.000000,adl,adl,0.228000,1
le2i-blazepose-normalized::Home_01_video_4,2,5058,5058,186,210,0.000000,0.000000,adl,adl,0.210000,1
le2i-blazepose-normalized::Home_01_video_4,2,5059,5059,191,215,0.000000,0.000000,adl,adl,0.214000,1
le2i-blazepose-normalized::Home_01_video_4,2,5060,5060,196,220,0.000000,0.000000,adl,adl,0.196000,1
le2i-blazepose-normalized::Home_01_video_4,2,5061,5061,201,225,0.000000,0.000000,adl,adl,0.212000,1
le2i-blazepose-normalized::Home_01_video_4,2,5062,5062,206,230,0.000000,0.000000,adl,adl,0.214000,1
le2i-blazepose-normalized::Home_01_video_4,2,5063,5063,211,235,0.000000,0.000000,adl,adl,0.218000,1
le2i-blazepose-normalized::Home_01_video_4,2,5064,5064,216,240,0.000000,0.000000,adl,adl,0.206000,1
le2i-blazepose-normalized::Home_01_video_5,3,5065,5065,1,25,0.000000,0.000000,adl,adl,0.054000,1
le2i-blazepose-normalized::Home_01_video_5,3,5066,5066,6,30,0.000000,0.000000,adl,adl,0.072000,1
le2i-blazepose-normalized::Home_01_video_5,3,5067,5067,11,35,0.000000,0.000000,adl,adl,0.052000,1
le2i-blazepose-normalized::Home_01_video_5,3,5068,5068,16,40,0.000000,0.000000,adl,adl,0.062000,1
le2i-blazepose-normalized::Home_01_video_5,3,5069,5069,21,45,0.000000,0.000000,adl,adl,0.062000,1
le2i-blazepose-normalized::Home_01_video_5,3,5070,5070,26,50,0.000000,0.000000,adl,adl,0.074000,1
le2i-blazepose-normalized::Home_01_video_5,3,5071,5071,31,55,0.000000,0.000000,adl,adl,0.028000,1
le2i-blazepose-normalized::Home_01_video_5,3,5072,5072,36,60,0.000000,0.000000,adl,adl,0.024000,1
le2i-blazepose-normalized::Home_01_video_5,3,5073,5073,41,65,0.000000,0.000000,adl,adl,0.016000,1
le2i-blazepose-normalized::Home_01_video_5,3,5074,5074,46,70,0.000000,0.000000,adl,adl,0.016000,1
le2i-blazepose-normalized::Home_01_video_5,3,5075,5075,51,75,0.000000,0.000000,adl,adl,0.020000,1
le2i-blazepose-normalized::Home_01_video_5,3,5076,5076,56,80,0.000000,0.000000,adl,adl,0.064000,1
le2i-blazepose-normalized::Home_01_video_5,3,5077,5077,61,85,0.000000,0.000000,adl,adl,0.080000,1
le2i-blazepose-normalized::Home_01_video_5,3,5078,5078,66,90,0.000000,0.000000,adl,adl,0.164000,1
le2i-blazepose-normalized::Home_01_video_5,3,5079,5079,71,95,0.000000,0.000000,adl,adl,0.188000,1
le2i-blazepose-normalized::Home_01_video_5,3,5080,5080,76,100,0.000000,0.000000,adl,adl,0.258000,1
le2i-blazepose-normalized::Home_01_video_5,3,5081,5081,81,105,0.000000,0.000000,adl,adl,0.252000,1
le2i-blazepose-normalized::Home_01_video_5,3,5082,5082,86,110,0.000000,0.000000,adl,adl,0.254000,1
le2i-blazepose-normalized::Home_01_video_5,3,5083,5083,91,115,0.000000,0.000000,adl,adl,0.272000,1
le2i-blazepose-normalized::Home_01_video_6,2,5084,5084,1,25,0.000000,0.000000,adl,adl,0.044000,1
le2i-blazepose-normalized::Home_01_video_6,2,5085,5085,6,30,0.000000,0.000000,adl,adl,0.086000,1
le2i-blazepose-normalized::Home_01_video_6,2,5086,5086,11,35,0.000000,0.000000,adl,adl,0.072000,1
le2i-blazepose-normalized::Home_01_video_6,2,5087,5087,16,40,0.000000,0.000000,adl,adl,0.074000,1
le2i-blazepose-normalized::Home_01_video_6,2,5088,5088,21,45,0.000000,0.000000,adl,adl,0.094000,1
le2i-blazepose-normalized::Home_01_video_6,2,5089,5089,26,50,0.000000,0.000000,adl,adl,0.104000,1
le2i-blazepose-normalized::Home_01_video_6,2,5090,5090,31,55,0.000000,0.000000,adl,adl,0.092000,1
le2i-blazepose-normalized::Home_01_video_6,2,5091,5091,36,60,0.000000,0.000000,adl,adl,0.226000,1
le2i-blazepose-normalized::Home_01_video_6,2,5092,5092,41,65,0.000000,0.000000,adl,adl,0.320000,1
le2i-blazepose-normalized::Home_01_video_6,2,5093,5093,46,70,0.000000,0.000000,adl,adl,0.342000,1
le2i-blazepose-normalized::Home_01_video_6,2,5094,5094,51,75,0.000000,0.000000,adl,adl,0.292000,1
le2i-blazepose-normalized::Home_01_video_6,2,5095,5095,56,80,0.000000,0.000000,adl,adl,0.258000,1
le2i-blazepose-normalized::Home_01_video_6,2,5096,5096,61,85,0.000000,0.000000,adl,adl,0.232000,1
le2i-blazepose-normalized::Home_01_video_6,2,5097,5097,66,90,0.000000,0.000000,adl,adl,0.206000,1
le2i-blazepose-normalized::Home_01_video_6,2,5098,5098,71,95,0.000000,0.000000,adl,adl,0.190000,1
le2i-blazepose-normalized::Home_01_video_6,2,5099,5099,86,110,0.000000,0.000000,adl,adl,0.064000,1
le2i-blazepose-normalized::Home_01_video_6,2,5100,5100,91,115,0.000000,0.000000,adl,adl,0.220000,1
le2i-blazepose-normalized::Home_01_video_6,2,5101,5101,96,120,0.000000,0.000000,adl,fall,0.520000,0
le2i-blazepose-normalized::Home_01_video_6,2,5102,5102,101,125,0.000000,0.000000,fall,fall,0.642000,1
le2i-blazepose-normalized::Home_01_video_6,2,5103,5103,106,130,0.000000,0.000000,fall,fall,0.750000,1
le2i-blazepose-normalized::Home_01_video_6,2,5104,5104,111,135,0.000000,0.000000,fall,fall,0.806000,1
le2i-blazepose-normalized::Home_01_video_6,2,5105,5105,116,140,0.000000,0.000000,fall,fall,0.716000,1
le2i-blazepose-normalized::Home_01_video_6,2,5106,5106,121,145,0.000000,0.000000,fall,fall,0.696000,1
le2i-blazepose-normalized::Home_01_video_6,2,5107,5107,126,150,0.000000,0.000000,fall,fall,0.508000,1
le2i-blazepose-normalized::Home_01_video_6,2,5108,5108,131,155,0.000000,0.000000,fall,adl,0.492000,0
le2i-blazepose-normalized::Home_01_video_6,2,5109,5109,136,160,0.000000,0.000000,adl,adl,0.456000,1
le2i-blazepose-normalized::Home_01_video_6,2,5110,5110,141,165,0.000000,0.000000,adl,fall,0.514000,0
le2i-blazepose-normalized::Home_01_video_6,2,5111,5111,146,170,0.000000,0.000000,adl,fall,0.546000,0
le2i-blazepose-normalized::Home_01_video_6,2,5112,5112,151,175,0.000000,0.000000,adl,fall,0.596000,0
le2i-blazepose-normalized::Home_01_video_6,2,5113,5113,156,180,0.000000,0.000000,adl,fall,0.608000,0
le2i-blazepose-normalized::Home_01_video_6,2,5114,5114,161,185,0.000000,0.000000,adl,fall,0.600000,0
le2i-blazepose-normalized::Home_01_video_6,2,5115,5115,166,190,0.000000,0.000000,adl,fall,0.602000,0
le2i-blazepose-normalized::Home_01_video_7,2,5116,5116,1,25,0.000000,0.000000,adl,adl,0.064000,1
le2i-blazepose-normalized::Home_01_video_7,2,5117,5117,6,30,0.000000,0.000000,adl,adl,0.056000,1
le2i-blazepose-normalized::Home_01_video_7,2,5118,5118,11,35,0.000000,0.000000,adl,adl,0.088000,1
le2i-blazepose-normalized::Home_01_video_7,2,5119,5119,16,40,0.000000,0.000000,adl,adl,0.096000,1
le2i-blazepose-normalized::Home_01_video_7,2,5120,5120,21,45,0.000000,0.000000,adl,adl,0.092000,1
le2i-blazepose-normalized::Home_01_video_7,2,5121,5121,26,50,0.000000,0.000000,adl,adl,0.162000,1
le2i-blazepose-normalized::Home_01_video_7,2,5122,5122,31,55,0.000000,0.000000,adl,adl,0.202000,1
le2i-blazepose-normalized::Home_01_video_7,2,5123,5123,36,60,0.000000,0.000000,adl,adl,0.210000,1
le2i-blazepose-normalized::Home_01_video_7,2,5124,5124,41,65,0.000000,0.000000,adl,adl,0.208000,1
le2i-blazepose-normalized::Home_01_video_7,2,5125,5125,46,70,0.000000,0.000000,adl,adl,0.150000,1
le2i-blazepose-normalized::Home_01_video_7,2,5126,5126,61,85,0.000000,0.000000,adl,adl,0.002000,1
le2i-blazepose-normalized::Home_01_video_7,2,5127,5127,66,90,0.000000,0.000000,adl,adl,0.002000,1
le2i-blazepose-normalized::Home_01_video_7,2,5128,5128,71,95,0.000000,0.000000,adl,adl,0.000000,1
le2i-blazepose-normalized::Home_01_video_7,2,5129,5129,76,100,0.000000,0.000000,adl,adl,0.000000,1
le2i-blazepose-normalized::Home_01_video_7,2,5130,5130,81,105,0.000000,0.000000,adl,adl,0.002000,1
le2i-blazepose-normalized::Home_01_video_7,2,5131,5131,86,110,0.000000,0.000000,adl,adl,0.002000,1
le2i-blazepose-normalized::Home_01_video_7,2,5132,5132,91,115,0.000000,0.000000,adl,adl,0.002000,1
le2i-blazepose-normalized::Home_01_video_7,2,5133,5133,96,120,0.000000,0.000000,adl,adl,0.002000,1
le2i-blazepose-normalized::Home_01_video_7,2,5134,5134,101,125,0.000000,0.000000,adl,adl,0.026000,1
le2i-blazepose-normalized::Home_01_video_7,2,5135,5135,106,130,0.000000,0.000000,adl,adl,0.056000,1
le2i-blazepose-normalized::Home_01_video_7,2,5136,5136,111,135,0.000000,0.000000,adl,adl,0.060000,1
le2i-blazepose-normalized::Home_01_video_7,2,5137,5137,116,140,0.000000,0.000000,adl,adl,0.114000,1
le2i-blazepose-normalized::Home_01_video_7,2,5138,5138,121,145,0.000000,0.000000,adl,adl,0.480000,1
le2i-blazepose-normalized::Home_01_video_7,2,5139,5139,126,150,0.000000,0.000000,fall,fall,0.542000,1
le2i-blazepose-normalized::Home_01_video_7,2,5140,5140,131,155,0.000000,0.000000,fall,fall,0.694000,1
le2i-blazepose-normalized::Home_01_video_7,2,5141,5141,136,160,0.000000,0.000000,fall,fall,0.690000,1
le2i-blazepose-normalized::Home_01_video_7,2,5142,5142,141,165,0.000000,0.000000,fall,fall,0.622000,1
le2i-blazepose-normalized::Home_01_video_7,2,5143,5143,146,170,0.000000,0.000000,fall,fall,0.622000,1
le2i-blazepose-normalized::Home_01_video_7,2,5144,5144,151,175,0.000000,0.000000,adl,fall,0.540000,0
le2i-blazepose-normalized::Home_01_video_7,2,5145,5145,156,180,0.000000,0.000000,adl,fall,0.560000,0
le2i-blazepose-normalized::Home_01_video_7,2,5146,5146,161,185,0.000000,0.000000,adl,fall,0.556000,0
le2i-blazepose-normalized::Home_01_video_7,2,5147,5147,166,190,0.000000,0.000000,adl,fall,0.578000,0
le2i-blazepose-normalized::Home_01_video_7,2,5148,5148,171,195,0.000000,0.000000,adl,fall,0.560000,0
le2i-blazepose-normalized::Home_01_video_7,2,5149,5149,176,200,0.000000,0.000000,adl,fall,0.530000,0
le2i-blazepose-normalized::Home_01_video_7,2,5150,5150,181,205,0.000000,0.000000,adl,adl,0.486000,1
le2i-blazepose-normalized::Home_01_video_7,2,5151,5151,186,210,0.000000,0.000000,adl,adl,0.472000,1
le2i-blazepose-normalized::Home_01_video_7,2,5152,5152,191,215,0.000000,0.000000,adl,adl,0.490000,1
le2i-blazepose-normalized::Home_01_video_8,1,5153,5153,46,70,0.000000,0.000000,adl,adl,0.038000,1
le2i-blazepose-normalized::Home_01_video_8,1,5154,5154,51,75,0.000000,0.000000,adl,adl,0.030000,1
le2i-blazepose-normalized::Home_01_video_8,1,5155,5155,56,80,0.000000,0.000000,adl,adl,0.026000,1
le2i-blazepose-normalized::Home_01_video_8,1,5156,5156,61,85,0.000000,0.000000,adl,adl,0.020000,1
le2i-blazepose-normalized::Home_01_video_8,1,5157,5157,66,90,0.000000,0.000000,adl,adl,0.024000,1
le2i-blazepose-normalized::Home_01_video_8,1,5158,5158,71,95,0.000000,0.000000,adl,adl,0.036000,1
le2i-blazepose-normalized::Home_01_video_8,1,5159,5159,76,100,0.000000,0.000000,adl,adl,0.020000,1
le2i-blazepose-normalized::Home_01_video_8,1,5160,5160,81,105,0.000000,0.000000,adl,adl,0.034000,1
le2i-blazepose-normalized::Home_01_video_8,1,5161,5161,86,110,0.000000,0.000000,adl,adl,0.036000,1
le2i-blazepose-normalized::Home_01_video_8,1,5162,5162,91,115,0.000000,0.000000,adl,adl,0.062000,1
le2i-blazepose-normalized::Home_01_video_8,1,5163,5163,96,120,0.000000,0.000000,adl,adl,0.370000,1
le2i-blazepose-normalized::Home_01_video_8,1,5164,5164,101,125,0.000000,0.000000,adl,fall,0.528000,0
le2i-blazepose-normalized::Home_01_video_8,1,5165,5165,106,130,0.000000,0.000000,adl,fall,0.804000,0
le2i-blazepose-normalized::Home_01_video_8,1,5166,5166,111,135,0.000000,0.000000,fall,fall,0.758000,1
le2i-blazepose-normalized::Home_01_video_8,1,5167,5167,116,140,0.000000,0.000000,fall,fall,0.696000,1
le2i-blazepose-normalized::Home_01_video_8,1,5168,5168,121,145,0.000000,0.000000,fall,fall,0.750000,1
le2i-blazepose-normalized::Home_01_video_8,1,5169,5169,126,150,0.000000,0.000000,fall,fall,0.714000,1
le2i-blazepose-normalized::Home_01_video_8,1,5170,5170,131,155,0.000000,0.000000,fall,fall,0.742000,1
le2i-blazepose-normalized::Home_01_video_8,1,5171,5171,136,160,0.000000,0.000000,adl,fall,0.514000,0
le2i-blazepose-normalized::Home_01_video_8,1,5172,5172,141,165,0.000000,0.000000,adl,adl,0.292000,1
le2i-blazepose-normalized::Home_01_video_8,1,5173,5173,146,170,0.000000,0.000000,adl,adl,0.236000,1
le2i-blazepose-normalized::Home_01_video_8,1,5174,5174,151,175,0.000000,0.000000,adl,adl,0.214000,1
le2i-blazepose-normalized::Home_01_video_8,1,5175,5175,156,180,0.000000,0.000000,adl,adl,0.188000,1
le2i-blazepose-normalized::Home_01_video_8,1,5176,5176,161,185,0.000000,0.000000,adl,adl,0.144000,1
le2i-blazepose-normalized::Home_01_video_8,1,5177,5177,166,190,0.000000,0.000000,adl,adl,0.072000,1
le2i-blazepose-normalized::Home_01_video_8,1,5178,5178,171,195,0.000000,0.000000,adl,adl,0.064000,1
le2i-blazepose-normalized::Home_01_video_8,1,5179,5179,176,200,0.000000,0.000000,adl,adl,0.036000,1
le2i-blazepose-normalized::Home_01_video_8,1,5180,5180,181,205,0.000000,0.000000,adl,adl,0.014000,1
le2i-blazepose-normalized::Home_01_video_8,1,5181,5181,186,210,0.000000,0.000000,adl,adl,0.002000,1
le2i-blazepose-normalized::Home_01_video_8,1,5182,5182,191,215,0.000000,0.000000,adl,adl,0.004000,1
le2i-blazepose-normalized::Home_01_video_8,1,5183,5183,196,220,0.000000,0.000000,adl,adl,0.002000,1
le2i-blazepose-normalized::Home_01_video_8,1,5184,5184,201,225,0.000000,0.000000,adl,adl,0.000000,1
le2i-blazepose-normalized::Home_01_video_8,1,5185,5185,206,230,0.000000,0.000000,adl,adl,0.000000,1
le2i-blazepose-normalized::Home_01_video_8,1,5186,5186,211,235,0.000000,0.000000,adl,adl,0.000000,1
le2i-blazepose-normalized::Home_01_video_8,1,5187,5187,216,240,0.000000,0.000000,adl,adl,0.000000,1
le2i-blazepose-normalized::Home_01_video_8,1,5188,5188,221,245,0.000000,0.000000,adl,adl,0.000000,1
le2i-blazepose-normalized::Home_01_video_8,1,5189,5189,226,250,0.000000,0.000000,adl,adl,0.000000,1
le2i-blazepose-normalized::Home_01_video_8,1,5190,5190,231,255,0.000000,0.000000,adl,adl,0.004000,1
le2i-blazepose-normalized::Home_01_video_8,1,5191,5191,236,260,0.000000,0.000000,adl,adl,0.330000,1
le2i-blazepose-normalized::Home_01_video_8,1,5192,5192,241,265,0.000000,0.000000,adl,adl,0.490000,1
le2i-blazepose-normalized::Home_01_video_8,1,5193,5193,246,270,0.000000,0.000000,adl,adl,0.485667,1
le2i-blazepose-normalized::Home_01_video_8,1,5194,5194,251,275,0.000000,0.000000,adl,adl,0.427714,1
le2i-blazepose-normalized::Home_01_video_8,1,5195,5195,256,280,0.000000,0.000000,adl,adl,0.278000,1
le2i-blazepose-normalized::Home_01_video_8,1,5196,5196,261,285,0.000000,0.000000,adl,adl,0.042000,1
le2i-blazepose-normalized::Home_01_video_9,5,5197,5197,101,125,0.000000,0.000000,adl,adl,0.088000,1
le2i-blazepose-normalized::Home_01_video_9,5,5198,5198,106,130,0.000000,0.000000,adl,adl,0.080000,1
le2i-blazepose-normalized::Home_01_video_9,5,5199,5199,111,135,0.000000,0.000000,adl,adl,0.086000,1
le2i-blazepose-normalized::Home_01_video_9,5,5200,5200,116,140,0.000000,0.000000,adl,adl,0.140000,1
le2i-blazepose-normalized::Home_01_video_9,5,5201,5201,121,145,0.000000,0.000000,adl,adl,0.274000,1
le2i-blazepose-normalized::Home_01_video_9,5,5202,5202,126,150,0.000000,0.000000,adl,adl,0.382000,1
le2i-blazepose-normalized::Home_01_video_9,5,5203,5203,131,155,0.000000,0.000000,adl,fall,0.556000,0
le2i-blazepose-normalized::Home_01_video_9,5,5204,5204,136,160,0.000000,0.000000,fall,fall,0.666000,1
le2i-blazepose-normalized::Home_01_video_9,5,5205,5205,141,165,0.000000,0.000000,fall,fall,0.742000,1
le2i-blazepose-normalized::Home_01_video_9,5,5206,5206,146,170,0.000000,0.000000,fall,fall,0.674000,1
le2i-blazepose-normalized::Home_01_video_9,5,5207,5207,151,175,0.000000,0.000000,fall,fall,0.650000,1
le2i-blazepose-normalized::Home_01_video_9,5,5208,5208,156,180,0.000000,0.000000,fall,fall,0.544000,1
le2i-blazepose-normalized::Home_01_video_9,5,5209,5209,161,185,0.000000,0.000000,adl,adl,0.260000,1
le2i-blazepose-normalized::Home_01_video_9,5,5210,5210,166,190,0.000000,0.000000,adl,adl,0.184000,1
le2i-blazepose-normalized::Home_01_video_9,5,5211,5211,171,195,0.000000,0.000000,adl,adl,0.072000,1
le2i-blazepose-normalized::Home_01_video_9,5,5212,5212,176,200,0.000000,0.000000,adl,adl,0.078000,1
le2i-blazepose-normalized::Home_01_video_9,5,5213,5213,181,205,0.000000,0.000000,adl,adl,0.074000,1
le2i-blazepose-normalized::Home_01_video_9,5,5214,5214,186,210,0.000000,0.000000,adl,adl,0.060000,1
le2i-blazepose-normalized::Home_01_video_9,5,5215,5215,191,215,0.000000,0.000000,adl,adl,0.084000,1
le2i-blazepose-normalized::Home_01_video_9,5,5216,5216,196,220,0.000000,0.000000,adl,adl,0.098000,1
le2i-blazepose-normalized::Home_01_video_9,5,5217,5217,201,225,0.000000,0.000000,adl,adl,0.117200,1
le2i-blazepose-normalized::Home_01_video_9,5,5218,5218,206,230,0.000000,0.000000,adl,adl,0.146000,1
le2i-blazepose-normalized::Home_01_video_9,5,5219,5219,211,235,0.000000,0.000000,adl,adl,0.062000,1
le2i-blazepose-normalized::Home_01_video_9,5,5220,5220,216,240,0.000000,0.000000,adl,adl,0.008000,1
le2i-blazepose-normalized::Home_01_video_9,5,5221,5221,221,245,0.000000,0.000000,adl,adl,0.000000,1
le2i-blazepose-normalized::Home_01_video_9,5,5222,5222,226,250,0.000000,0.000000,adl,adl,0.000000,1
le2i-blazepose-normalized::Home_01_video_9,5,5223,5223,231,255,0.000000,0.000000,adl,adl,0.000000,1
le2i-blazepose-normalized::Home_01_video_9,5,5224,5224,236,260,0.000000,0.000000,adl,adl,0.000000,1
le2i-blazepose-normalized::Home_01_video_9,5,5225,5225,241,265,0.000000,0.000000,adl,adl,0.000000,1
le2i-blazepose-normalized::Home_01_video_9,5,5226,5226,246,270,0.000000,0.000000,adl,adl,0.000000,1
le2i-blazepose-normalized::Home_01_video_9,5,5227,5227,251,275,0.000000,0.000000,adl,adl,0.322000,1
le2i-blazepose-normalized::Home_01_video_9,5,5228,5228,256,280,0.000000,0.000000,adl,adl,0.384000,1
le2i-blazepose-normalized::Home_01_video_9,5,5229,5229,261,285,0.000000,0.000000,adl,adl,0.478000,1
le2i-blazepose-normalized::Home_01_video_9,5,5230,5230,266,290,0.000000,0.000000,adl,fall,0.502000,0
le2i-blazepose-normalized::Home_01_video_9,5,5231,5231,271,295,0.000000,0.000000,adl,adl,0.422000,1
le2i-blazepose-normalized::Home_01_video_9,5,5232,5232,276,300,0.000000,0.000000,adl,adl,0.146000,1
le2i-blazepose-normalized::Home_02_video_31,5,5233,5233,1,25,0.000000,0.000000,adl,adl,0.182000,1
le2i-blazepose-normalized::Home_02_video_31,5,5234,5234,6,30,0.000000,0.000000,adl,adl,0.134000,1
le2i-blazepose-normalized::Home_02_video_31,5,5235,5235,11,35,0.000000,0.000000,adl,adl,0.130000,1
le2i-blazepose-normalized::Home_02_video_31,5,5236,5236,16,40,0.000000,0.000000,adl,adl,0.052000,1
le2i-blazepose-normalized::Home_02_video_31,5,5237,5237,21,45,0.000000,0.000000,adl,adl,0.027000,1
le2i-blazepose-normalized::Home_02_video_31,5,5238,5238,26,50,0.000000,0.000000,adl,adl,0.024000,1
le2i-blazepose-normalized::Home_02_video_31,5,5239,5239,31,55,0.000000,0.000000,adl,adl,0.029000,1
le2i-blazepose-normalized::Home_02_video_31,5,5240,5240,36,60,0.000000,0.000000,adl,adl,0.030000,1
le2i-blazepose-normalized::Home_02_video_31,5,5241,5241,41,65,0.000000,0.000000,adl,adl,0.052000,1
le2i-blazepose-normalized::Home_02_video_31,5,5242,5242,46,70,0.000000,0.000000,adl,adl,0.046000,1
le2i-blazepose-normalized::Home_02_video_31,5,5243,5243,51,75,0.000000,0.000000,adl,adl,0.064000,1
le2i-blazepose-normalized::Home_02_video_31,5,5244,5244,56,80,0.000000,0.000000,adl,adl,0.042000,1
le2i-blazepose-normalized::Home_02_video_31,5,5245,5245,61,85,0.000000,0.000000,adl,adl,0.036000,1
le2i-blazepose-normalized::Home_02_video_31,5,5246,5246,66,90,0.000000,0.000000,adl,adl,0.048000,1
le2i-blazepose-normalized::Home_02_video_31,5,5247,5247,71,95,0.000000,0.000000,adl,adl,0.044000,1
le2i-blazepose-normalized::Home_02_video_31,5,5248,5248,76,100,0.000000,0.000000,adl,adl,0.158000,1
le2i-blazepose-normalized::Home_02_video_31,5,5249,5249,81,105,0.000000,0.000000,adl,adl,0.290000,1
le2i-blazepose-normalized::Home_02_video_31,5,5250,5250,86,110,0.000000,0.000000,adl,adl,0.350000,1
le2i-blazepose-normalized::Home_02_video_31,5,5251,5251,91,115,0.000000,0.000000,adl,adl,0.400000,1
le2i-blazepose-normalized::Home_02_video_31,5,5252,5252,96,120,0.000000,0.000000,adl,adl,0.370000,1
le2i-blazepose-normalized::Home_02_video_31,5,5253,5253,101,125,0.000000,0.000000,adl,adl,0.073667,1
le2i-blazepose-normalized::Home_02_video_31,5,5254,5254,106,130,0.000000,0.000000,adl,adl,0.108000,1
le2i-blazepose-normalized::Home_02_video_31,5,5255,5255,111,135,0.000000,0.000000,adl,adl,0.100000,1
le2i-blazepose-normalized::Home_02_video_31,5,5256,5256,116,140,0.000000,0.000000,adl,adl,0.056000,1
le2i-blazepose-normalized::Home_02_video_31,5,5257,5257,121,145,0.000000,0.000000,adl,adl,0.018000,1
le2i-blazepose-normalized::Home_02_video_31,5,5258,5258,126,150,0.000000,0.000000,adl,adl,0.014000,1
le2i-blazepose-normalized::Home_02_video_31,5,5259,5259,131,155,0.000000,0.000000,adl,adl,0.006000,1
le2i-blazepose-normalized::Home_02_video_31,5,5260,5260,136,160,0.000000,0.000000,adl,adl,0.000000,1
le2i-blazepose-normalized::Home_02_video_31,5,5261,5261,141,165,0.000000,0.000000,adl,adl,0.000000,1
le2i-blazepose-normalized::Home_02_video_31,5,5262,5262,146,170,0.000000,0.000000,adl,adl,0.012000,1
le2i-blazepose-normalized::Home_02_video_31,5,5263,5263,151,175,0.000000,0.000000,adl,adl,0.028000,1
le2i-blazepose-normalized::Home_02_video_31,5,5264,5264,156,180,0.000000,0.000000,adl,adl,0.022000,1
le2i-blazepose-normalized::Home_02_video_31,5,5265,5265,161,185,0.000000,0.000000,adl,adl,0.018000,1
le2i-blazepose-normalized::Home_02_video_31,5,5266,5266,166,190,0.000000,0.000000,adl,adl,0.014000,1
le2i-blazepose-normalized::Home_02_video_31,5,5267,5267,171,195,0.000000,0.000000,adl,adl,0.008000,1
le2i-blazepose-normalized::Home_02_video_31,5,5268,5268,176,200,0.000000,0.000000,adl,adl,0.058000,1
le2i-blazepose-normalized::Home_02_video_31,5,5269,5269,181,205,0.000000,0.000000,adl,adl,0.144000,1
le2i-blazepose-normalized::Home_02_video_31,5,5270,5270,186,210,0.000000,0.000000,fall,fall,0.610000,1
le2i-blazepose-normalized::Home_02_video_31,5,5271,5271,191,215,0.000000,0.000000,fall,fall,0.690000,1
le2i-blazepose-normalized::Home_02_video_31,5,5272,5272,196,220,0.000000,0.000000,fall,fall,0.662000,1
le2i-blazepose-normalized::Home_02_video_31,5,5273,5273,201,225,0.000000,0.000000,fall,fall,0.664000,1
le2i-blazepose-normalized::Home_02_video_31,5,5274,5274,206,230,0.000000,0.000000,fall,fall,0.668000,1
le2i-blazepose-normalized::Home_02_video_31,5,5275,5275,211,235,0.000000,0.000000,adl,fall,0.678000,0
le2i-blazepose-normalized::Home_02_video_32,4,5276,5276,1,25,0.000000,0.000000,adl,adl,0.164000,1
le2i-blazepose-normalized::Home_02_video_32,4,5277,5277,6,30,0.000000,0.000000,adl,adl,0.174000,1
le2i-blazepose-normalized::Home_02_video_32,4,5278,5278,11,35,0.000000,0.000000,adl,adl,0.130000,1
le2i-blazepose-normalized::Home_02_video_32,4,5279,5279,16,40,0.000000,0.000000,adl,adl,0.018000,1
le2i-blazepose-normalized::Home_02_video_32,4,5280,5280,36,60,0.000000,0.000000,adl,adl,0.078000,1
le2i-blazepose-normalized::Home_02_video_32,4,5281,5281,41,65,0.000000,0.000000,adl,adl,0.084000,1
le2i-blazepose-normalized::Home_02_video_32,4,5282,5282,46,70,0.000000,0.000000,adl,adl,0.082000,1
le2i-blazepose-normalized::Home_02_video_32,4,5283,5283,51,75,0.000000,0.000000,adl,adl,0.082000,1
le2i-blazepose-normalized::Home_02_video_32,4,5284,5284,56,80,0.000000,0.000000,adl,adl,0.098000,1
le2i-blazepose-normalized::Home_02_video_32,4,5285,5285,61,85,0.000000,0.000000,adl,adl,0.140000,1
le2i-blazepose-normalized::Home_02_video_32,4,5286,5286,66,90,0.000000,0.000000,adl,adl,0.292000,1
le2i-blazepose-normalized::Home_02_video_32,4,5287,5287,71,95,0.000000,0.000000,fall,adl,0.378000,0
le2i-blazepose-normalized::Home_02_video_32,4,5288,5288,76,100,0.000000,0.000000,fall,adl,0.464000,0
le2i-blazepose-normalized::Home_02_video_32,4,5289,5289,81,105,0.000000,0.000000,fall,fall,0.630000,1
le2i-blazepose-normalized::Home_02_video_32,4,5290,5290,86,110,0.000000,0.000000,fall,fall,0.626000,1
le2i-blazepose-normalized::Home_02_video_32,4,5291,5291,91,115,0.000000,0.000000,fall,fall,0.594000,1
le2i-blazepose-normalized::Home_02_video_32,4,5292,5292,96,120,0.000000,0.000000,adl,fall,0.504000,0
le2i-blazepose-normalized::Home_02_video_32,4,5293,5293,101,125,0.000000,0.000000,adl,adl,0.390000,1
le2i-blazepose-normalized::Home_02_video_32,4,5294,5294,106,130,0.000000,0.000000,adl,adl,0.312000,1
le2i-blazepose-normalized::Home_02_video_32,4,5295,5295,111,135,0.000000,0.000000,adl,adl,0.280000,1
le2i-blazepose-normalized::Home_02_video_32,4,5296,5296,116,140,0.000000,0.000000,adl,adl,0.250000,1
le2i-blazepose-normalized::Home_02_video_32,4,5297,5297,121,145,0.000000,0.000000,adl,adl,0.248000,1
le2i-blazepose-normalized::Home_02_video_32,4,5298,5298,126,150,0.000000,0.000000,adl,adl,0.264000,1
le2i-blazepose-normalized::Home_02_video_32,4,5299,5299,131,155,0.000000,0.000000,adl,adl,0.248000,1
le2i-blazepose-normalized::Home_02_video_32,4,5300,5300,136,160,0.000000,0.000000,adl,adl,0.252000,1
le2i-blazepose-normalized::Home_02_video_32,4,5301,5301,141,165,0.000000,0.000000,adl,adl,0.278000,1
le2i-blazepose-normalized::Home_02_video_32,4,5302,5302,146,170,0.000000,0.000000,adl,adl,0.268000,1
le2i-blazepose-normalized::Home_02_video_32,4,5303,5303,151,175,0.000000,0.000000,adl,adl,0.246000,1
le2i-blazepose-normalized::Home_02_video_32,4,5304,5304,156,180,0.000000,0.000000,adl,adl,0.274000,1
le2i-blazepose-normalized::Home_02_video_32,4,5305,5305,161,185,0.000000,0.000000,adl,adl,0.268000,1
le2i-blazepose-normalized::Home_02_video_32,4,5306,5306,166,190,0.000000,0.000000,adl,adl,0.256000,1
le2i-blazepose-normalized::Home_02_video_33,4,5307,5307,1,25,0.000000,0.000000,adl,fall,0.526000,0
le2i-blazepose-normalized::Home_02_video_33,4,5308,5308,6,30,0.000000,0.000000,adl,fall,0.566000,0
le2i-blazepose-normalized::Home_02_video_33,4,5309,5309,11,35,0.000000,0.000000,adl,fall,0.534000,0
le2i-blazepose-normalized::Home_02_video_33,4,5310,5310,16,40,0.000000,0.000000,adl,adl,0.470000,1
le2i-blazepose-normalized::Home_02_video_33,4,5311,5311,21,45,0.000000,0.000000,adl,adl,0.394000,1
le2i-blazepose-normalized::Home_02_video_33,4,5312,5312,26,50,0.000000,0.000000,adl,adl,0.078000,1
le2i-blazepose-normalized::Home_02_video_33,4,5313,5313,66,90,0.000000,0.000000,adl,adl,0.000000,1
le2i-blazepose-normalized::Home_02_video_33,4,5314,5314,71,95,0.000000,0.000000,adl,adl,0.000000,1
le2i-blazepose-normalized::Home_02_video_33,4,5315,5315,76,100,0.000000,0.000000,adl,adl,0.000000,1
le2i-blazepose-normalized::Home_02_video_33,4,5316,5316,81,105,0.000000,0.000000,adl,adl,0.000000,1
le2i-blazepose-normalized::Home_02_video_33,4,5317,5317,86,110,0.000000,0.000000,adl,adl,0.004000,1
le2i-blazepose-normalized::Home_02_video_33,4,5318,5318,91,115,0.000000,0.000000,adl,adl,0.006000,1
le2i-blazepose-normalized::Home_02_video_33,4,5319,5319,96,120,0.000000,0.000000,adl,adl,0.030000,1
le2i-blazepose-normalized::Home_02_video_33,4,5320,5320,101,125,0.000000,0.000000,adl,adl,0.202000,1
le2i-blazepose-normalized::Home_02_video_33,4,5321,5321,106,130,0.000000,0.000000,adl,fall,0.670000,0
le2i-blazepose-normalized::Home_02_video_33,4,5322,5322,111,135,0.000000,0.000000,fall,fall,0.722000,1
le2i-blazepose-normalized::Home_02_video_33,4,5323,5323,116,140,0.000000,0.000000,fall,fall,0.672000,1
le2i-blazepose-normalized::Home_02_video_33,4,5324,5324,121,145,0.000000,0.000000,fall,adl,0.348000,0
le2i-blazepose-normalized::Home_02_video_33,4,5325,5325,126,150,0.000000,0.000000,fall,adl,0.322000,0
le2i-blazepose-normalized::Home_02_video_33,4,5326,5326,131,155,0.000000,0.000000,fall,adl,0.338000,0
le2i-blazepose-normalized::Home_02_video_33,4,5327,5327,136,160,0.000000,0.000000,adl,adl,0.184000,1
le2i-blazepose-normalized::Home_02_video_33,4,5328,5328,141,165,0.000000,0.000000,adl,adl,0.204000,1
le2i-blazepose-normalized::Home_02_video_33,4,5329,5329,146,170,0.000000,0.000000,adl,adl,0.248000,1
le2i-blazepose-normalized::Home_02_video_33,4,5330,5330,151,175,0.000000,0.000000,adl,adl,0.414000,1
le2i-blazepose-normalized::Home_02_video_33,4,5331,5331,156,180,0.000000,0.000000,adl,adl,0.442000,1
le2i-blazepose-normalized::Home_02_video_33,4,5332,5332,161,185,0.000000,0.000000,adl,adl,0.278000,1
le2i-blazepose-normalized::Home_02_video_33,4,5333,5333,166,190,0.000000,0.000000,adl,adl,0.146000,1
le2i-blazepose-normalized::Home_02_video_34,5,5334,5334,1,25,0.000000,0.000000,adl,adl,0.000000,1
le2i-blazepose-normalized::Home_02_video_34,5,5335,5335,6,30,0.000000,0.000000,adl,adl,0.002000,1
le2i-blazepose-normalized::Home_02_video_34,5,5336,5336,11,35,0.000000,0.000000,adl,adl,0.004000,1
le2i-blazepose-normalized::Home_02_video_34,5,5337,5337,16,40,0.000000,0.000000,adl,adl,0.002000,1
le2i-blazepose-normalized::Home_02_video_34,5,5338,5338,21,45,0.000000,0.000000,adl,adl,0.006000,1
le2i-blazepose-normalized::Home_02_video_34,5,5339,5339,26,50,0.000000,0.000000,adl,adl,0.008000,1
le2i-blazepose-normalized::Home_02_video_34,5,5340,5340,31,55,0.000000,0.000000,adl,adl,0.008000,1
le2i-blazepose-normalized::Home_02_video_34,5,5341,5341,36,60,0.000000,0.000000,adl,adl,0.008000,1
le2i-blazepose-normalized::Home_02_video_34,5,5342,5342,41,65,0.000000,0.000000,adl,adl,0.014000,1
le2i-blazepose-normalized::Home_02_video_34,5,5343,5343,46,70,0.000000,0.000000,adl,adl,0.122000,1
le2i-blazepose-normalized::Home_02_video_34,5,5344,5344,51,75,0.000000,0.000000,adl,adl,0.092000,1
le2i-blazepose-normalized::Home_02_video_34,5,5345,5345,56,80,0.000000,0.000000,adl,adl,0.050000,1
le2i-blazepose-normalized::Home_02_video_34,5,5346,5346,61,85,0.000000,0.000000,adl,adl,0.038000,1
le2i-blazepose-normalized::Home_02_video_34,5,5347,5347,66,90,0.000000,0.000000,adl,adl,0.030000,1
le2i-blazepose-normalized::Home_02_video_34,5,5348,5348,71,95,0.000000,0.000000,adl,adl,0.032000,1
le2i-blazepose-normalized::Home_02_video_34,5,5349,5349,76,100,0.000000,0.000000,adl,adl,0.000000,1
le2i-blazepose-normalized::Home_02_video_34,5,5350,5350,81,105,0.000000,0.000000,adl,adl,0.000000,1
le2i-blazepose-normalized::Home_02_video_34,5,5351,5351,86,110,0.000000,0.000000,adl,adl,0.000000,1
le2i-blazepose-normalized::Home_02_video_34,5,5352,5352,91,115,0.000000,0.000000,adl,adl,0.000000,1
le2i-blazepose-normalized::Home_02_video_34,5,5353,5353,96,120,0.000000,0.000000,adl,adl,0.000000,1
le2i-blazepose-normalized::Home_02_video_34,5,5354,5354,101,125,0.000000,0.000000,adl,adl,0.000000,1
le2i-blazepose-normalized::Home_02_video_34,5,5355,5355,106,130,0.000000,0.000000,adl,adl,0.000000,1
le2i-blazepose-normalized::Home_02_video_34,5,5356,5356,111,135,0.000000,0.000000,adl,adl,0.000000,1
le2i-blazepose-normalized::Home_02_video_34,5,5357,5357,116,140,0.000000,0.000000,adl,adl,0.000000,1
le2i-blazepose-normalized::Home_02_video_34,5,5358,5358,121,145,0.000000,0.000000,adl,adl,0.000000,1
le2i-blazepose-normalized::Home_02_video_34,5,5359,5359,126,150,0.000000,0.000000,adl,adl,0.000000,1
le2i-blazepose-normalized::Home_02_video_34,5,5360,5360,131,155,0.000000,0.000000,adl,adl,0.174000,1
le2i-blazepose-normalized::Home_02_video_34,5,5361,5361,136,160,0.000000,0.000000,adl,adl,0.470000,1
le2i-blazepose-normalized::Home_02_video_34,5,5362,5362,141,165,0.000000,0.000000,fall,fall,0.664000,1
le2i-blazepose-normalized::Home_02_video_34,5,5363,5363,146,170,0.000000,0.000000,fall,fall,0.764000,1
le2i-blazepose-normalized::Home_02_video_34,5,5364,5364,151,175,0.000000,0.000000,fall,fall,0.702000,1
le2i-blazepose-normalized::Home_02_video_34,5,5365,5365,156,180,0.000000,0.000000,fall,fall,0.554000,1
le2i-blazepose-normalized::Home_02_video_35,4,5366,5366,1,25,0.000000,0.000000,adl,adl,0.006000,1
le2i-blazepose-normalized::Home_02_video_35,4,5367,5367,6,30,0.000000,0.000000,adl,adl,0.004000,1
le2i-blazepose-normalized::Home_02_video_35,4,5368,5368,11,35,0.000000,0.000000,adl,adl,0.002000,1
le2i-blazepose-normalized::Home_02_video_35,4,5369,5369,16,40,0.000000,0.000000,adl,adl,0.116000,1
le2i-blazepose-normalized::Home_02_video_35,4,5370,5370,21,45,0.000000,0.000000,adl,adl,0.344000,1
le2i-blazepose-normalized::Home_02_video_35,4,5371,5371,26,50,0.000000,0.000000,adl,adl,0.380000,1
le2i-blazepose-normalized::Home_02_video_35,4,5372,5372,31,55,0.000000,0.000000,adl,adl,0.234000,1
le2i-blazepose-normalized::Home_02_video_35,4,5373,5373,36,60,0.000000,0.000000,adl,adl,0.030000,1
le2i-blazepose-normalized::Home_02_video_35,4,5374,5374,41,65,0.000000,0.000000,adl,adl,0.002000,1
le2i-blazepose-normalized::Home_02_video_35,4,5375,5375,46,70,0.000000,0.000000,adl,adl,0.000000,1
le2i-blazepose-normalized::Home_02_video_35,4,5376,5376,51,75,0.000000,0.000000,adl,adl,0.000000,1
le2i-blazepose-normalized::Home_02_video_35,4,5377,5377,56,80,0.000000,0.000000,adl,adl,0.000000,1
le2i-blazepose-normalized::Home_02_video_35,4,5378,5378,61,85,0.000000,0.000000,adl,adl,0.000000,1
le2i-blazepose-normalized::Home_02_video_35,4,5379,5379,66,90,0.000000,0.000000,adl,adl,0.000000,1
le2i-blazepose-normalized::Home_02_video_35,4,5380,5380,71,95,0.000000,0.000000,adl,adl,0.000000,1
le2i-blazepose-normalized::Home_02_video_35,4,5381,5381,76,100,0.000000,0.000000,adl,adl,0.002000,1
le2i-blazepose-normalized::Home_02_video_35,4,5382,5382,81,105,0.000000,0.000000,adl,adl,0.006000,1
le2i-blazepose-normalized::Home_02_video_35,4,5383,5383,86,110,0.000000,0.000000,adl,adl,0.000000,1
le2i-blazepose-normalized::Home_02_video_35,4,5384,5384,91,115,0.000000,0.000000,adl,adl,0.000000,1
le2i-blazepose-normalized::Home_02_video_35,4,5385,5385,96,120,0.000000,0.000000,adl,adl,0.000000,1
le2i-blazepose-normalized::Home_02_video_35,4,5386,5386,101,125,0.000000,0.000000,adl,adl,0.290000,1
le2i-blazepose-normalized::Home_02_video_35,4,5387,5387,106,130,0.000000,0.000000,adl,adl,0.372000,1
le2i-blazepose-normalized::Home_02_video_35,4,5388,5388,111,135,0.000000,0.000000,adl,adl,0.258000,1
le2i-blazepose-normalized::Home_02_video_35,4,5389,5389,116,140,0.000000,0.000000,adl,fall,0.546000,0
le2i-blazepose-normalized::Home_02_video_35,4,5390,5390,121,145,0.000000,0.000000,fall,fall,0.544000,1
le2i-blazepose-normalized::Home_02_video_35,4,5391,5391,126,150,0.000000,0.000000,fall,adl,0.416000,0
le2i-blazepose-normalized::Home_02_video_35,4,5392,5392,131,155,0.000000,0.000000,fall,adl,0.374000,0
le2i-blazepose-normalized::Home_02_video_35,4,5393,5393,136,160,0.000000,0.000000,fall,adl,0.342000,0
le2i-blazepose-normalized::Home_02_video_36,5,5394,5394,61,85,0.000000,0.000000,adl,adl,0.000000,1
le2i-blazepose-normalized::Home_02_video_36,5,5395,5395,66,90,0.000000,0.000000,adl,adl,0.000000,1
le2i-blazepose-normalized::Home_02_video_36,5,5396,5396,71,95,0.000000,0.000000,adl,adl,0.000000,1
le2i-blazepose-normalized::Home_02_video_36,5,5397,5397,76,100,0.000000,0.000000,adl,adl,0.000000,1
le2i-blazepose-normalized::Home_02_video_36,5,5398,5398,81,105,0.000000,0.000000,adl,adl,0.000000,1
le2i-blazepose-normalized::Home_02_video_36,5,5399,5399,86,110,0.000000,0.000000,adl,adl,0.000000,1
le2i-blazepose-normalized::Home_02_video_36,5,5400,5400,91,115,0.000000,0.000000,adl,adl,0.000000,1
le2i-blazepose-normalized::Home_02_video_36,5,5401,5401,96,120,0.000000,0.000000,adl,adl,0.000000,1
le2i-blazepose-normalized::Home_02_video_36,5,5402,5402,101,125,0.000000,0.000000,adl,adl,0.024000,1
le2i-blazepose-normalized::Home_02_video_36,5,5403,5403,106,130,0.000000,0.000000,adl,fall,0.504000,0
le2i-blazepose-normalized::Home_02_video_36,5,5404,5404,111,135,0.000000,0.000000,fall,adl,0.480000,0
le2i-blazepose-normalized::Home_02_video_36,5,5405,5405,116,140,0.000000,0.000000,fall,fall,0.536000,1
le2i-blazepose-normalized::Home_02_video_36,5,5406,5406,121,145,0.000000,0.000000,fall,fall,0.510000,1
le2i-blazepose-normalized::Home_02_video_36,5,5407,5407,126,150,0.000000,0.000000,fall,adl,0.359500,0
le2i-blazepose-normalized::Home_02_video_36,5,5408,5408,131,155,0.000000,0.000000,fall,adl,0.358833,0
le2i-blazepose-normalized::Home_02_video_36,5,5409,5409,136,160,0.000000,0.000000,adl,adl,0.218000,1
le2i-blazepose-normalized::Home_02_video_37,3,5410,5410,1,25,0.000000,0.000000,adl,adl,0.182000,1
le2i-blazepose-normalized::Home_02_video_37,3,5411,5411,6,30,0.000000,0.000000,adl,adl,0.322000,1
le2i-blazepose-normalized::Home_02_video_37,3,5412,5412,11,35,0.000000,0.000000,adl,adl,0.365500,1
le2i-blazepose-normalized::Home_02_video_37,3,5413,5413,16,40,0.000000,0.000000,adl,adl,0.230000,1
le2i-blazepose-normalized::Home_02_video_37,3,5414,5414,21,45,0.000000,0.000000,adl,adl,0.116000,1
le2i-blazepose-normalized::Home_02_video_37,3,5415,5415,26,50,0.000000,0.000000,adl,adl,0.112000,1
le2i-blazepose-normalized::Home_02_video_37,3,5416,5416,31,55,0.000000,0.000000,adl,adl,0.126000,1
le2i-blazepose-normalized::Home_02_video_37,3,5417,5417,36,60,0.000000,0.000000,adl,adl,0.102000,1
le2i-blazepose-normalized::Home_02_video_37,3,5418,5418,41,65,0.000000,0.000000,adl,adl,0.090000,1
le2i-blazepose-normalized::Home_02_video_37,3,5419,5419,46,70,0.000000,0.000000,adl,adl,0.086000,1
le2i-blazepose-normalized::Home_02_video_37,3,5420,5420,51,75,0.000000,0.000000,adl,adl,0.056000,1
le2i-blazepose-normalized::Home_02_video_37,3,5421,5421,56,80,0.000000,0.000000,adl,adl,0.024000,1
le2i-blazepose-normalized::Home_02_video_37,3,5422,5422,61,85,0.000000,0.000000,adl,adl,0.167000,1
le2i-blazepose-normalized::Home_02_video_37,3,5423,5423,66,90,0.000000,0.000000,adl,adl,0.269200,1
le2i-blazepose-normalized::Home_02_video_37,3,5424,5424,71,95,0.000000,0.000000,adl,adl,0.352000,1
le2i-blazepose-normalized::Home_02_video_37,3,5425,5425,76,100,0.000000,0.000000,adl,adl,0.282000,1
le2i-blazepose-normalized::Home_02_video_37,3,5426,5426,81,105,0.000000,0.000000,adl,adl,0.140000,1
le2i-blazepose-normalized::Home_02_video_37,3,5427,5427,86,110,0.000000,0.000000,adl,adl,0.080000,1
le2i-blazepose-normalized::Home_02_video_37,3,5428,5428,91,115,0.000000,0.000000,adl,adl,0.044000,1
le2i-blazepose-normalized::Home_02_video_37,3,5429,5429,96,120,0.000000,0.000000,adl,adl,0.008000,1
le2i-blazepose-normalized::Home_02_video_37,3,5430,5430,101,125,0.000000,0.000000,adl,adl,0.018000,1
le2i-blazepose-normalized::Home_02_video_37,3,5431,5431,106,130,0.000000,0.000000,adl,adl,0.094000,1
le2i-blazepose-normalized::Home_02_video_37,3,5432,5432,111,135,0.000000,0.000000,adl,adl,0.440000,1
le2i-blazepose-normalized::Home_02_video_37,3,5433,5433,116,140,0.000000,0.000000,fall,fall,0.838000,1
le2i-blazepose-normalized::Home_02_video_37,3,5434,5434,121,145,0.000000,0.000000,fall,fall,0.838000,1
le2i-blazepose-normalized::Home_02_video_37,3,5435,5435,126,150,0.000000,0.000000,fall,fall,0.852000,1
le2i-blazepose-normalized::Home_02_video_37,3,5436,5436,131,155,0.000000,0.000000,fall,fall,0.756000,1
le2i-blazepose-normalized::Home_02_video_37,3,5437,5437,136,160,0.000000,0.000000,fall,fall,0.688000,1
le2i-blazepose-normalized::Home_02_video_37,3,5438,5438,141,165,0.000000,0.000000,adl,fall,0.590000,0
le2i-blazepose-normalized::Home_02_video_37,3,5439,5439,146,170,0.000000,0.000000,adl,adl,0.426000,1
le2i-blazepose-normalized::Home_02_video_37,3,5440,5440,151,175,0.000000,0.000000,adl,adl,0.476000,1
le2i-blazepose-normalized::Home_02_video_37,3,5441,5441,156,180,0.000000,0.000000,adl,adl,0.482000,1
le2i-blazepose-normalized::Home_02_video_37,3,5442,5442,161,185,0.000000,0.000000,adl,adl,0.476000,1
le2i-blazepose-normalized::Home_02_video_37,3,5443,5443,166,190,0.000000,0.000000,adl,adl,0.472000,1
le2i-blazepose-normalized::Home_02_video_37,3,5444,5444,171,195,0.000000,0.000000,adl,adl,0.476000,1
le2i-blazepose-normalized::Home_02_video_37,3,5445,5445,176,200,0.000000,0.000000,adl,fall,0.542000,0
le2i-blazepose-normalized::Home_02_video_37,3,5446,5446,181,205,0.000000,0.000000,adl,fall,0.516000,0
le2i-blazepose-normalized::Home_02_video_37,3,5447,5447,186,210,0.000000,0.000000,adl,adl,0.429714,1
le2i-blazepose-normalized::Home_02_video_37,3,5448,5448,191,215,0.000000,0.000000,adl,fall,0.513714,0
le2i-blazepose-normalized::Home_02_video_37,3,5449,5449,196,220,0.000000,0.000000,adl,fall,0.528000,0
le2i-blazepose-normalized::Home_02_video_37,3,5450,5450,201,225,0.000000,0.000000,adl,fall,0.509714,0
le2i-blazepose-normalized::Home_02_video_37,3,5451,5451,206,230,0.000000,0.000000,adl,fall,0.520000,0
le2i-blazepose-normalized::Home_02_video_37,3,5452,5452,211,235,0.000000,0.000000,adl,fall,0.512000,0
le2i-blazepose-normalized::Home_02_video_37,3,5453,5453,216,240,0.000000,0.000000,adl,fall,0.508000,0
le2i-blazepose-normalized::Home_02_video_38,5,5454,5454,1,25,0.000000,0.000000,adl,adl,0.120000,1
le2i-blazepose-normalized::Home_02_video_38,5,5455,5455,6,30,0.000000,0.000000,adl,adl,0.106000,1
le2i-blazepose-normalized::Home_02_video_38,5,5456,5456,11,35,0.000000,0.000000,adl,adl,0.082000,1
le2i-blazepose-normalized::Home_02_video_38,5,5457,5457,16,40,0.000000,0.000000,adl,adl,0.036000,1
le2i-blazepose-normalized::Home_02_video_38,5,5458,5458,21,45,0.000000,0.000000,adl,adl,0.026000,1
le2i-blazepose-normalized::Home_02_video_38,5,5459,5459,26,50,0.000000,0.000000,adl,adl,0.018000,1
le2i-blazepose-normalized::Home_02_video_38,5,5460,5460,31,55,0.000000,0.000000,adl,adl,0.028000,1
le2i-blazepose-normalized::Home_02_video_38,5,5461,5461,36,60,0.000000,0.000000,adl,adl,0.022000,1
le2i-blazepose-normalized::Home_02_video_38,5,5462,5462,41,65,0.000000,0.000000,adl,adl,0.010000,1
le2i-blazepose-normalized::Home_02_video_38,5,5463,5463,46,70,0.000000,0.000000,adl,adl,0.010000,1
le2i-blazepose-normalized::Home_02_video_38,5,5464,5464,51,75,0.000000,0.000000,adl,adl,0.010000,1
le2i-blazepose-normalized::Home_02_video_38,5,5465,5465,56,80,0.000000,0.000000,adl,adl,0.000000,1
le2i-blazepose-normalized::Home_02_video_38,5,5466,5466,61,85,0.000000,0.000000,adl,adl,0.004000,1
le2i-blazepose-normalized::Home_02_video_38,5,5467,5467,66,90,0.000000,0.000000,adl,adl,0.036000,1
le2i-blazepose-normalized::Home_02_video_38,5,5468,5468,71,95,0.000000,0.000000,adl,adl,0.034000,1
le2i-blazepose-normalized::Home_02_video_38,5,5469,5469,76,100,0.000000,0.000000,adl,adl,0.030000,1
le2i-blazepose-normalized::Home_02_video_38,5,5470,5470,81,105,0.000000,0.000000,adl,adl,0.040000,1
le2i-blazepose-normalized::Home_02_video_38,5,5471,5471,86,110,0.000000,0.000000,adl,adl,0.026000,1
le2i-blazepose-normalized::Home_02_video_38,5,5472,5472,91,115,0.000000,0.000000,adl,adl,0.020000,1
le2i-blazepose-normalized::Home_02_video_38,5,5473,5473,96,120,0.000000,0.000000,adl,adl,0.024000,1
le2i-blazepose-normalized::Home_02_video_38,5,5474,5474,101,125,0.000000,0.000000,adl,adl,0.018000,1
le2i-blazepose-normalized::Home_02_video_38,5,5475,5475,106,130,0.000000,0.000000,adl,adl,0.020000,1
le2i-blazepose-normalized::Home_02_video_38,5,5476,5476,111,135,0.000000,0.000000,adl,adl,0.024000,1
le2i-blazepose-normalized::Home_02_video_38,5,5477,5477,116,140,0.000000,0.000000,adl,adl,0.028000,1
le2i-blazepose-normalized::Home_02_video_38,5,5478,5478,121,145,0.000000,0.000000,adl,adl,0.038000,1
le2i-blazepose-normalized::Home_02_video_38,5,5479,5479,126,150,0.000000,0.000000,adl,adl,0.046000,1
le2i-blazepose-normalized::Home_02_video_38,5,5480,5480,131,155,0.000000,0.000000,adl,adl,0.050000,1
le2i-blazepose-normalized::Home_02_video_38,5,5481,5481,136,160,0.000000,0.000000,adl,adl,0.042000,1
le2i-blazepose-normalized::Home_02_video_38,5,5482,5482,141,165,0.000000,0.000000,adl,adl,0.038000,1
le2i-blazepose-normalized::Home_02_video_38,5,5483,5483,146,170,0.000000,0.000000,adl,adl,0.036000,1
le2i-blazepose-normalized::Home_02_video_38,5,5484,5484,151,175,0.000000,0.000000,adl,adl,0.038000,1
le2i-blazepose-normalized::Home_02_video_38,5,5485,5485,156,180,0.000000,0.000000,adl,adl,0.046000,1
le2i-blazepose-normalized::Home_02_video_38,5,5486,5486,161,185,0.000000,0.000000,adl,adl,0.048000,1
le2i-blazepose-normalized::Home_02_video_38,5,5487,5487,166,190,0.000000,0.000000,adl,adl,0.048000,1
le2i-blazepose-normalized::Home_02_video_39,4,5488,5488,1,25,0.000000,0.000000,adl,adl,0.418000,1
le2i-blazepose-normalized::Home_02_video_39,4,5489,5489,6,30,0.000000,0.000000,adl,adl,0.426000,1
le2i-blazepose-normalized::Home_02_video_39,4,5490,5490,11,35,0.000000,0.000000,adl,adl,0.106000,1
le2i-blazepose-normalized::Home_02_video_39,4,5491,5491,16,40,0.000000,0.000000,adl,adl,0.004000,1
le2i-blazepose-normalized::Home_02_video_39,4,5492,5492,21,45,0.000000,0.000000,adl,adl,0.000000,1
le2i-blazepose-normalized::Home_02_video_39,4,5493,5493,26,50,0.000000,0.000000,adl,adl,0.000000,1
le2i-blazepose-normalized::Home_02_video_39,4,5494,5494,31,55,0.000000,0.000000,adl,adl,0.000000,1
le2i-blazepose-normalized::Home_02_video_39,4,5495,5495,36,60,0.000000,0.000000,adl,adl,0.000000,1
le2i-blazepose-normalized::Home_02_video_39,4,5496,5496,41,65,0.000000,0.000000,adl,adl,0.000000,1
le2i-blazepose-normalized::Home_02_video_39,4,5497,5497,46,70,0.000000,0.000000,adl,adl,0.002000,1
le2i-blazepose-normalized::Home_02_video_39,4,5498,5498,51,75,0.000000,0.000000,adl,adl,0.000000,1
le2i-blazepose-normalized::Home_02_video_39,4,5499,5499,56,80,0.000000,0.000000,adl,adl,0.000000,1
le2i-blazepose-normalized::Home_02_video_39,4,5500,5500,61,85,0.000000,0.000000,adl,adl,0.002000,1
le2i-blazepose-normalized::Home_02_video_39,4,5501,5501,66,90,0.000000,0.000000,adl,adl,0.002000,1
le2i-blazepose-normalized::Home_02_video_39,4,5502,5502,71,95,0.000000,0.000000,adl,adl,0.002000,1
le2i-blazepose-normalized::Home_02_video_39,4,5503,5503,76,100,0.000000,0.000000,adl,adl,0.002000,1
le2i-blazepose-normalized::Home_02_video_39,4,5504,5504,81,105,0.000000,0.000000,adl,adl,0.000000,1
le2i-blazepose-normalized::Home_02_video_39,4,5505,5505,86,110,0.000000,0.000000,adl,adl,0.002000,1
le2i-blazepose-normalized::Home_02_video_39,4,5506,5506,136,160,0.000000,0.000000,adl,adl,0.046000,1
le2i-blazepose-normalized::Home_02_video_39,4,5507,5507,141,165,0.000000,0.000000,adl,adl,0.006000,1
le2i-blazepose-normalized::Home_02_video_39,4,5508,5508,146,170,0.000000,0.000000,adl,adl,0.004000,1
le2i-blazepose-normalized::Home_02_video_39,4,5509,5509,151,175,0.000000,0.000000,adl,adl,0.008000,1
le2i-blazepose-normalized::Home_02_video_39,4,5510,5510,156,180,0.000000,0.000000,adl,adl,0.002000,1
le2i-blazepose-normalized::Home_02_video_39,4,5511,5511,161,185,0.000000,0.000000,adl,adl,0.014000,1
le2i-blazepose-normalized::Home_02_video_39,4,5512,5512,166,190,0.000000,0.000000,adl,adl,0.016000,1
le2i-blazepose-normalized::Home_02_video_40,1,5513,5513,81,105,0.000000,0.000000,adl,adl,0.000000,1
le2i-blazepose-normalized::Home_02_video_40,1,5514,5514,86,110,0.000000,0.000000,adl,adl,0.000000,1
le2i-blazepose-normalized::Home_02_video_40,1,5515,5515,91,115,0.000000,0.000000,adl,adl,0.000000,1
le2i-blazepose-normalized::Home_02_video_40,1,5516,5516,96,120,0.000000,0.000000,adl,adl,0.004000,1
le2i-blazepose-normalized::Home_02_video_40,1,5517,5517,101,125,0.000000,0.000000,adl,adl,0.074000,1
le2i-blazepose-normalized::Home_02_video_40,1,5518,5518,106,130,0.000000,0.000000,adl,adl,0.078000,1
le2i-blazepose-normalized::Home_02_video_40,1,5519,5519,111,135,0.000000,0.000000,adl,adl,0.020000,1
le2i-blazepose-normalized::Home_02_video_40,1,5520,5520,116,140,0.000000,0.000000,adl,adl,0.008000,1
le2i-blazepose-normalized::Home_02_video_40,1,5521,5521,121,145,0.000000,0.000000,adl,adl,0.004000,1
le2i-blazepose-normalized::Home_02_video_40,1,5522,5522,126,150,0.000000,0.000000,adl,adl,0.002000,1
le2i-blazepose-normalized::Home_02_video_40,1,5523,5523,131,155,0.000000,0.000000,adl,adl,0.000000,1
le2i-blazepose-normalized::Home_02_video_40,1,5524,5524,136,160,0.000000,0.000000,adl,adl,0.002000,1
le2i-blazepose-normalized::Home_02_video_40,1,5525,5525,141,165,0.000000,0.000000,adl,adl,0.000000,1
le2i-blazepose-normalized::Home_02_video_40,1,5526,5526,146,170,0.000000,0.000000,adl,adl,0.000000,1
le2i-blazepose-normalized::Home_02_video_40,1,5527,5527,151,175,0.000000,0.000000,adl,adl,0.000000,1
le2i-blazepose-normalized::Home_02_video_40,1,5528,5528,156,180,0.000000,0.000000,adl,adl,0.000000,1
le2i-blazepose-normalized::Home_02_video_40,1,5529,5529,161,185,0.000000,0.000000,adl,adl,0.000000,1
le2i-blazepose-normalized::Home_02_video_41,5,5530,5530,41,65,0.000000,0.000000,adl,adl,0.034000,1
le2i-blazepose-normalized::Home_02_video_41,5,5531,5531,46,70,0.000000,0.000000,adl,adl,0.078000,1
le2i-blazepose-normalized::Home_02_video_41,5,5532,5532,51,75,0.000000,0.000000,adl,adl,0.044000,1
le2i-blazepose-normalized::Home_02_video_41,5,5533,5533,56,80,0.000000,0.000000,adl,adl,0.018000,1
le2i-blazepose-normalized::Home_02_video_41,5,5534,5534,61,85,0.000000,0.000000,adl,adl,0.020000,1
le2i-blazepose-normalized::Home_02_video_41,5,5535,5535,66,90,0.000000,0.000000,adl,adl,0.014000,1
le2i-blazepose-normalized::Home_02_video_41,5,5536,5536,71,95,0.000000,0.000000,adl,adl,0.008000,1
le2i-blazepose-normalized::Home_02_video_41,5,5537,5537,81,105,0.000000,0.000000,adl,adl,0.000000,1
le2i-blazepose-normalized::Home_02_video_41,5,5538,5538,86,110,0.000000,0.000000,adl,adl,0.000000,1
le2i-blazepose-normalized::Home_02_video_41,5,5539,5539,91,115,0.000000,0.000000,adl,adl,0.000000,1
le2i-blazepose-normalized::Home_02_video_41,5,5540,5540,96,120,0.000000,0.000000,adl,adl,0.000000,1
le2i-blazepose-normalized::Home_02_video_41,5,5541,5541,101,125,0.000000,0.000000,adl,adl,0.002000,1
le2i-blazepose-normalized::Home_02_video_41,5,5542,5542,106,130,0.000000,0.000000,adl,adl,0.002000,1
le2i-blazepose-normalized::Home_02_video_41,5,5543,5543,111,135,0.000000,0.000000,adl,adl,0.000000,1
le2i-blazepose-normalized::Home_02_video_41,5,5544,5544,116,140,0.000000,0.000000,adl,adl,0.000000,1
le2i-blazepose-normalized::Home_02_video_41,5,5545,5545,121,145,0.000000,0.000000,adl,adl,0.000000,1
le2i-blazepose-normalized::Home_02_video_41,5,5546,5546,126,150,0.000000,0.000000,adl,adl,0.000000,1
le2i-blazepose-normalized::Home_02_video_41,5,5547,5547,131,155,0.000000,0.000000,adl,adl,0.004000,1
le2i-blazepose-normalized::Home_02_video_41,5,5548,5548,136,160,0.000000,0.000000,adl,adl,0.006000,1
le2i-blazepose-normalized::Home_02_video_41,5,5549,5549,141,165,0.000000,0.000000,adl,adl,0.002000,1
le2i-blazepose-normalized::Home_02_video_41,5,5550,5550,146,170,0.000000,0.000000,adl,adl,0.004000,1
le2i-blazepose-normalized::Home_02_video_41,5,5551,5551,151,175,0.000000,0.000000,adl,adl,0.006000,1
le2i-blazepose-normalized::Home_02_video_41,5,5552,5552,156,180,0.000000,0.000000,adl,adl,0.004000,1
le2i-blazepose-normalized::Home_02_video_41,5,5553,5553,161,185,0.000000,0.000000,adl,adl,0.002000,1
le2i-blazepose-normalized::Home_02_video_41,5,5554,5554,166,190,0.000000,0.000000,adl,adl,0.002000,1
le2i-blazepose-normalized::Home_02_video_41,5,5555,5555,171,195,0.000000,0.000000,adl,adl,0.010000,1
le2i-blazepose-normalized::Home_02_video_41,5,5556,5556,176,200,0.000000,0.000000,adl,adl,0.014000,1
le2i-blazepose-normalized::Home_02_video_41,5,5557,5557,181,205,0.000000,0.000000,adl,adl,0.014000,1
le2i-blazepose-normalized::Home_02_video_41,5,5558,5558,186,210,0.000000,0.000000,adl,adl,0.014000,1
le2i-blazepose-normalized::Home_02_video_41,5,5559,5559,191,215,0.000000,0.000000,adl,adl,0.012000,1
le2i-blazepose-normalized::Home_02_video_41,5,5560,5560,196,220,0.000000,0.000000,adl,adl,0.014000,1
le2i-blazepose-normalized::Home_02_video_42,2,5561,5561,41,65,0.000000,0.000000,adl,adl,0.090000,1
le2i-blazepose-normalized::Home_02_video_42,2,5562,5562,46,70,0.000000,0.000000,adl,adl,0.104000,1
le2i-blazepose-normalized::Home_02_video_42,2,5563,5563,51,75,0.000000,0.000000,adl,adl,0.136000,1
le2i-blazepose-normalized::Home_02_video_42,2,5564,5564,56,80,0.000000,0.000000,adl,adl,0.114000,1
le2i-blazepose-normalized::Home_02_video_42,2,5565,5565,61,85,0.000000,0.000000,adl,adl,0.142000,1
le2i-blazepose-normalized::Home_02_video_42,2,5566,5566,66,90,0.000000,0.000000,adl,adl,0.146000,1
le2i-blazepose-normalized::Home_02_video_42,2,5567,5567,71,95,0.000000,0.000000,adl,adl,0.168000,1
le2i-blazepose-normalized::Home_02_video_42,2,5568,5568,76,100,0.000000,0.000000,adl,adl,0.200000,1
le2i-blazepose-normalized::Home_02_video_42,2,5569,5569,81,105,0.000000,0.000000,adl,adl,0.192000,1
le2i-blazepose-normalized::Home_02_video_42,2,5570,5570,86,110,0.000000,0.000000,adl,adl,0.242000,1
le2i-blazepose-normalized::Home_02_video_42,2,5571,5571,91,115,0.000000,0.000000,adl,adl,0.194000,1
le2i-blazepose-normalized::Home_02_video_42,2,5572,5572,96,120,0.000000,0.000000,adl,adl,0.194000,1
le2i-blazepose-normalized::Home_02_video_42,2,5573,5573,101,125,0.000000,0.000000,adl,adl,0.198000,1
le2i-blazepose-normalized::Home_02_video_42,2,5574,5574,106,130,0.000000,0.000000,adl,adl,0.204000,1
le2i-blazepose-normalized::Home_02_video_42,2,5575,5575,111,135,0.000000,0.000000,adl,adl,0.188000,1
le2i-blazepose-normalized::Home_02_video_42,2,5576,5576,116,140,0.000000,0.000000,adl,adl,0.184000,1
le2i-blazepose-normalized::Home_02_video_42,2,5577,5577,121,145,0.000000,0.000000,adl,adl,0.186000,1
le2i-blazepose-normalized::Home_02_video_42,2,5578,5578,126,150,0.000000,0.000000,adl,adl,0.208000,1
le2i-blazepose-normalized::Home_02_video_42,2,5579,5579,131,155,0.000000,0.000000,adl,adl,0.184000,1
le2i-blazepose-normalized::Home_02_video_42,2,5580,5580,136,160,0.000000,0.000000,adl,adl,0.174000,1
le2i-blazepose-normalized::Home_02_video_42,2,5581,5581,141,165,0.000000,0.000000,adl,adl,0.162000,1
le2i-blazepose-normalized::Home_02_video_43,1,5582,5582,36,60,0.000000,0.000000,adl,adl,0.000000,1
le2i-blazepose-normalized::Home_02_video_43,1,5583,5583,41,65,0.000000,0.000000,adl,adl,0.000000,1
le2i-blazepose-normalized::Home_02_video_43,1,5584,5584,46,70,0.000000,0.000000,adl,adl,0.000000,1
le2i-blazepose-normalized::Home_02_video_43,1,5585,5585,51,75,0.000000,0.000000,adl,adl,0.000000,1
le2i-blazepose-normalized::Home_02_video_43,1,5586,5586,56,80,0.000000,0.000000,adl,adl,0.000000,1
le2i-blazepose-normalized::Home_02_video_43,1,5587,5587,61,85,0.000000,0.000000,adl,adl,0.000000,1
le2i-blazepose-normalized::Home_02_video_43,1,5588,5588,66,90,0.000000,0.000000,adl,adl,0.000000,1
le2i-blazepose-normalized::Home_02_video_43,1,5589,5589,71,95,0.000000,0.000000,adl,adl,0.030000,1
le2i-blazepose-normalized::Home_02_video_43,1,5590,5590,76,100,0.000000,0.000000,adl,adl,0.250000,1
le2i-blazepose-normalized::Home_02_video_43,1,5591,5591,81,105,0.000000,0.000000,adl,adl,0.154000,1
le2i-blazepose-normalized::Home_02_video_43,1,5592,5592,86,110,0.000000,0.000000,adl,adl,0.050000,1
le2i-blazepose-normalized::Home_02_video_43,1,5593,5593,91,115,0.000000,0.000000,adl,adl,0.006000,1
le2i-blazepose-normalized::Home_02_video_43,1,5594,5594,96,120,0.000000,0.000000,adl,adl,0.002000,1
le2i-blazepose-normalized::Home_02_video_43,1,5595,5595,101,125,0.000000,0.000000,adl,adl,0.004000,1
le2i-blazepose-normalized::Home_02_video_43,1,5596,5596,106,130,0.000000,0.000000,adl,adl,0.000000,1
le2i-blazepose-normalized::Home_02_video_43,1,5597,5597,111,135,0.000000,0.000000,adl,adl,0.004000,1
le2i-blazepose-normalized::Home_02_video_43,1,5598,5598,116,140,0.000000,0.000000,adl,adl,0.002000,1
le2i-blazepose-normalized::Home_02_video_43,1,5599,5599,121,145,0.000000,0.000000,adl,adl,0.002000,1
le2i-blazepose-normalized::Home_02_video_43,1,5600,5600,126,150,0.000000,0.000000,adl,adl,0.002000,1
le2i-blazepose-normalized::Home_02_video_43,1,5601,5601,131,155,0.000000,0.000000,adl,adl,0.002000,1
le2i-blazepose-normalized::Home_02_video_43,1,5602,5602,136,160,0.000000,0.000000,adl,adl,0.000000,1
le2i-blazepose-normalized::Home_02_video_43,1,5603,5603,141,165,0.000000,0.000000,adl,adl,0.002000,1
le2i-blazepose-normalized::Home_02_video_44,3,5604,5604,1,25,0.000000,0.000000,adl,adl,0.262000,1
le2i-blazepose-normalized::Home_02_video_44,3,5605,5605,6,30,0.000000,0.000000,adl,fall,0.508000,0
le2i-blazepose-normalized::Home_02_video_44,3,5606,5606,11,35,0.000000,0.000000,adl,fall,0.608000,0
le2i-blazepose-normalized::Home_02_video_44,3,5607,5607,16,40,0.000000,0.000000,adl,fall,0.596000,0
le2i-blazepose-normalized::Home_02_video_44,3,5608,5608,21,45,0.000000,0.000000,adl,adl,0.380467,1
le2i-blazepose-normalized::Home_02_video_44,3,5609,5609,26,50,0.000000,0.000000,adl,adl,0.128000,1
le2i-blazepose-normalized::Home_02_video_44,3,5610,5610,31,55,0.000000,0.000000,adl,adl,0.130000,1
le2i-blazepose-normalized::Home_02_video_44,3,5611,5611,36,60,0.000000,0.000000,adl,adl,0.133667,1
le2i-blazepose-normalized::Home_02_video_44,3,5612,5612,41,65,0.000000,0.000000,adl,adl,0.144000,1
le2i-blazepose-normalized::Home_02_video_44,3,5613,5613,46,70,0.000000,0.000000,adl,adl,0.153667,1
le2i-blazepose-normalized::Home_02_video_44,3,5614,5614,51,75,0.000000,0.000000,adl,adl,0.165667,1
le2i-blazepose-normalized::Home_02_video_44,3,5615,5615,56,80,0.000000,0.000000,adl,adl,0.034000,1
le2i-blazepose-normalized::Home_02_video_44,3,5616,5616,61,85,0.000000,0.000000,adl,adl,0.002000,1
le2i-blazepose-normalized::Home_02_video_44,3,5617,5617,66,90,0.000000,0.000000,adl,adl,0.012000,1
le2i-blazepose-normalized::Home_02_video_44,3,5618,5618,71,95,0.000000,0.000000,adl,adl,0.000000,1
le2i-blazepose-normalized::Home_02_video_44,3,5619,5619,76,100,0.000000,0.000000,adl,adl,0.000000,1
le2i-blazepose-normalized::Home_02_video_44,3,5620,5620,81,105,0.000000,0.000000,adl,adl,0.002000,1
le2i-blazepose-normalized::Home_02_video_44,3,5621,5621,86,110,0.000000,0.000000,adl,adl,0.002000,1
le2i-blazepose-normalized::Home_02_video_44,3,5622,5622,91,115,0.000000,0.000000,adl,adl,0.004000,1
le2i-blazepose-normalized::Home_02_video_44,3,5623,5623,96,120,0.000000,0.000000,adl,adl,0.000000,1
le2i-blazepose-normalized::Home_02_video_44,3,5624,5624,101,125,0.000000,0.000000,adl,adl,0.000000,1
le2i-blazepose-normalized::Home_02_video_44,3,5625,5625,106,130,0.000000,0.000000,adl,adl,0.000000,1
le2i-blazepose-normalized::Home_02_video_44,3,5626,5626,111,135,0.000000,0.000000,adl,adl,0.002000,1
le2i-blazepose-normalized::Home_02_video_44,3,5627,5627,116,140,0.000000,0.000000,adl,adl,0.000000,1
le2i-blazepose-normalized::Home_02_video_44,3,5628,5628,121,145,0.000000,0.000000,adl,adl,0.000000,1
le2i-blazepose-normalized::Home_02_video_44,3,5629,5629,126,150,0.000000,0.000000,adl,adl,0.000000,1
le2i-blazepose-normalized::Home_02_video_44,3,5630,5630,131,155,0.000000,0.000000,adl,adl,0.000000,1
le2i-blazepose-normalized::Home_02_video_44,3,5631,5631,136,160,0.000000,0.000000,adl,adl,0.000000,1
le2i-blazepose-normalized::Home_02_video_44,3,5632,5632,141,165,0.000000,0.000000,adl,adl,0.000000,1
le2i-blazepose-normalized::Home_02_video_44,3,5633,5633,146,170,0.000000,0.000000,adl,adl,0.000000,1
le2i-blazepose-normalized::Home_02_video_44,3,5634,5634,151,175,0.000000,0.000000,adl,adl,0.002000,1
le2i-blazepose-normalized::Home_02_video_44,3,5635,5635,156,180,0.000000,0.000000,adl,adl,0.000000,1
le2i-blazepose-normalized::Home_02_video_44,3,5636,5636,161,185,0.000000,0.000000,adl,adl,0.000000,1
le2i-blazepose-normalized::Home_02_video_44,3,5637,5637,166,190,0.000000,0.000000,adl,adl,0.000000,1
le2i-blazepose-normalized::Home_02_video_44,3,5638,5638,171,195,0.000000,0.000000,adl,adl,0.000000,1
le2i-blazepose-normalized::Home_02_video_44,3,5639,5639,176,200,0.000000,0.000000,adl,adl,0.000000,1
le2i-blazepose-normalized::Home_02_video_44,3,5640,5640,201,225,0.000000,0.000000,adl,adl,0.100000,1
le2i-blazepose-normalized::Home_02_video_44,3,5641,5641,206,230,0.000000,0.000000,adl,adl,0.162000,1
le2i-blazepose-normalized::Home_02_video_44,3,5642,5642,211,235,0.000000,0.000000,adl,adl,0.200000,1
le2i-blazepose-normalized::Home_02_video_44,3,5643,5643,216,240,0.000000,0.000000,adl,adl,0.342000,1
le2i-blazepose-normalized::Home_02_video_44,3,5644,5644,221,245,0.000000,0.000000,adl,adl,0.434000,1
le2i-blazepose-normalized::Home_02_video_44,3,5645,5645,226,250,0.000000,0.000000,adl,adl,0.354000,1
le2i-blazepose-normalized::Home_02_video_44,3,5646,5646,231,255,0.000000,0.000000,adl,adl,0.288000,1
le2i-blazepose-normalized::Home_02_video_44,3,5647,5647,236,260,0.000000,0.000000,adl,adl,0.116000,1
le2i-blazepose-normalized::Home_02_video_44,3,5648,5648,241,265,0.000000,0.000000,adl,adl,0.068000,1
le2i-blazepose-normalized::Home_02_video_44,3,5649,5649,246,270,0.000000,0.000000,adl,adl,0.052000,1
le2i-blazepose-normalized::Home_02_video_44,3,5650,5650,251,275,0.000000,0.000000,adl,adl,0.036000,1
le2i-blazepose-normalized::Home_02_video_44,3,5651,5651,256,280,0.000000,0.000000,adl,adl,0.048000,1
le2i-blazepose-normalized::Home_02_video_45,5,5652,5652,1,25,0.000000,0.000000,adl,adl,0.082000,1
le2i-blazepose-normalized::Home_02_video_45,5,5653,5653,6,30,0.000000,0.000000,adl,adl,0.016000,1
le2i-blazepose-normalized::Home_02_video_45,5,5654,5654,11,35,0.000000,0.000000,adl,adl,0.002000,1
le2i-blazepose-normalized::Home_02_video_45,5,5655,5655,16,40,0.000000,0.000000,adl,adl,0.000000,1
le2i-blazepose-normalized::Home_02_video_45,5,5656,5656,21,45,0.000000,0.000000,adl,adl,0.010000,1
le2i-blazepose-normalized::Home_02_video_45,5,5657,5657,26,50,0.000000,0.000000,adl,adl,0.010000,1
le2i-blazepose-normalized::Home_02_video_45,5,5658,5658,31,55,0.000000,0.000000,adl,adl,0.022000,1
le2i-blazepose-normalized::Home_02_video_45,5,5659,5659,36,60,0.000000,0.000000,adl,adl,0.018000,1
le2i-blazepose-normalized::Home_02_video_45,5,5660,5660,41,65,0.000000,0.000000,adl,adl,0.006000,1
le2i-blazepose-normalized::Home_02_video_45,5,5661,5661,46,70,0.000000,0.000000,adl,adl,0.012000,1
le2i-blazepose-normalized::Home_02_video_45,5,5662,5662,51,75,0.000000,0.000000,adl,adl,0.024000,1
le2i-blazepose-normalized::Home_02_video_45,5,5663,5663,56,80,0.000000,0.000000,adl,adl,0.032000,1
le2i-blazepose-normalized::Home_02_video_45,5,5664,5664,61,85,0.000000,0.000000,adl,adl,0.024000,1
le2i-blazepose-normalized::Home_02_video_45,5,5665,5665,66,90,0.000000,0.000000,adl,adl,0.012000,1
le2i-blazepose-normalized::Home_02_video_45,5,5666,5666,71,95,0.000000,0.000000,adl,adl,0.022000,1
le2i-blazepose-normalized::Home_02_video_45,5,5667,5667,76,100,0.000000,0.000000,adl,adl,0.024000,1
le2i-blazepose-normalized::Home_02_video_45,5,5668,5668,81,105,0.000000,0.000000,adl,adl,0.016000,1
le2i-blazepose-normalized::Home_02_video_45,5,5669,5669,86,110,0.000000,0.000000,adl,adl,0.020000,1
le2i-blazepose-normalized::Home_02_video_45,5,5670,5670,91,115,0.000000,0.000000,adl,adl,0.018000,1
le2i-blazepose-normalized::Home_02_video_45,5,5671,5671,96,120,0.000000,0.000000,adl,adl,0.022000,1
le2i-blazepose-normalized::Home_02_video_45,5,5672,5672,101,125,0.000000,0.000000,adl,adl,0.010000,1
le2i-blazepose-normalized::Home_02_video_45,5,5673,5673,106,130,0.000000,0.000000,adl,adl,0.014000,1
le2i-blazepose-normalized::Home_02_video_45,5,5674,5674,111,135,0.000000,0.000000,adl,adl,0.042000,1
le2i-blazepose-normalized::Home_02_video_45,5,5675,5675,116,140,0.000000,0.000000,adl,adl,0.050000,1
le2i-blazepose-normalized::Home_02_video_45,5,5676,5676,121,145,0.000000,0.000000,adl,adl,0.118000,1
le2i-blazepose-normalized::Home_02_video_45,5,5677,5677,126,150,0.000000,0.000000,adl,adl,0.112000,1
le2i-blazepose-normalized::Home_02_video_45,5,5678,5678,131,155,0.000000,0.000000,adl,adl,0.090000,1
le2i-blazepose-normalized::Home_02_video_45,5,5679,5679,136,160,0.000000,0.000000,adl,adl,0.074000,1
le2i-blazepose-normalized::Home_02_video_45,5,5680,5680,141,165,0.000000,0.000000,adl,adl,0.056000,1
le2i-blazepose-normalized::Home_02_video_45,5,5681,5681,146,170,0.000000,0.000000,adl,adl,0.046000,1
le2i-blazepose-normalized::Home_02_video_45,5,5682,5682,151,175,0.000000,0.000000,adl,adl,0.020000,1
le2i-blazepose-normalized::Home_02_video_45,5,5683,5683,156,180,0.000000,0.000000,adl,adl,0.008000,1
le2i-blazepose-normalized::Home_02_video_45,5,5684,5684,161,185,0.000000,0.000000,adl,adl,0.010000,1
le2i-blazepose-normalized::Home_02_video_45,5,5685,5685,166,190,0.000000,0.000000,adl,adl,0.006000,1
le2i-blazepose-normalized::Home_02_video_45,5,5686,5686,171,195,0.000000,0.000000,adl,adl,0.010000,1
le2i-blazepose-normalized::Home_02_video_45,5,5687,5687,176,200,0.000000,0.000000,adl,adl,0.008000,1
le2i-blazepose-normalized::Home_02_video_45,5,5688,5688,181,205,0.000000,0.000000,adl,adl,0.016000,1
le2i-blazepose-normalized::Home_02_video_45,5,5689,5689,186,210,0.000000,0.000000,adl,adl,0.012000,1
le2i-blazepose-normalized::Home_02_video_45,5,5690,5690,191,215,0.000000,0.000000,adl,adl,0.016000,1
le2i-blazepose-normalized::Home_02_video_46,3,5691,5691,1,25,0.000000,0.000000,adl,adl,0.000000,1
le2i-blazepose-normalized::Home_02_video_46,3,5692,5692,6,30,0.000000,0.000000,adl,adl,0.000000,1
le2i-blazepose-normalized::Home_02_video_46,3,5693,5693,11,35,0.000000,0.000000,adl,adl,0.148000,1
le2i-blazepose-normalized::Home_02_video_46,3,5694,5694,16,40,0.000000,0.000000,adl,adl,0.136000,1
le2i-blazepose-normalized::Home_02_video_46,3,5695,5695,21,45,0.000000,0.000000,adl,adl,0.150000,1
le2i-blazepose-normalized::Home_02_video_46,3,5696,5696,26,50,0.000000,0.000000,adl,adl,0.116000,1
le2i-blazepose-normalized::Home_02_video_46,3,5697,5697,31,55,0.000000,0.000000,adl,adl,0.280000,1
le2i-blazepose-normalized::Home_02_video_46,3,5698,5698,36,60,0.000000,0.000000,adl,adl,0.076000,1
le2i-blazepose-normalized::Home_02_video_46,3,5699,5699,41,65,0.000000,0.000000,adl,adl,0.028000,1
le2i-blazepose-normalized::Home_02_video_46,3,5700,5700,46,70,0.000000,0.000000,adl,adl,0.022000,1
le2i-blazepose-normalized::Home_02_video_46,3,5701,5701,51,75,0.000000,0.000000,adl,adl,0.020000,1
le2i-blazepose-normalized::Home_02_video_46,3,5702,5702,56,80,0.000000,0.000000,adl,adl,0.002000,1
le2i-blazepose-normalized::Home_02_video_46,3,5703,5703,61,85,0.000000,0.000000,adl,adl,0.002000,1
le2i-blazepose-normalized::Home_02_video_46,3,5704,5704,66,90,0.000000,0.000000,adl,adl,0.000000,1
le2i-blazepose-normalized::Home_02_video_46,3,5705,5705,71,95,0.000000,0.000000,adl,adl,0.002000,1
le2i-blazepose-normalized::Home_02_video_46,3,5706,5706,76,100,0.000000,0.000000,adl,adl,0.000000,1
le2i-blazepose-normalized::Home_02_video_46,3,5707,5707,81,105,0.000000,0.000000,adl,adl,0.000000,1
le2i-blazepose-normalized::Home_02_video_46,3,5708,5708,86,110,0.000000,0.000000,adl,adl,0.000000,1
le2i-blazepose-normalized::Home_02_video_46,3,5709,5709,91,115,0.000000,0.000000,adl,adl,0.006000,1
le2i-blazepose-normalized::Home_02_video_46,3,5710,5710,96,120,0.000000,0.000000,adl,adl,0.006000,1
le2i-blazepose-normalized::Home_02_video_46,3,5711,5711,101,125,0.000000,0.000000,adl,adl,0.000000,1
le2i-blazepose-normalized::Home_02_video_46,3,5712,5712,106,130,0.000000,0.000000,adl,adl,0.000000,1
le2i-blazepose-normalized::Home_02_video_46,3,5713,5713,111,135,0.000000,0.000000,adl,adl,0.000000,1
le2i-blazepose-normalized::Home_02_video_46,3,5714,5714,116,140,0.000000,0.000000,adl,adl,0.000000,1
le2i-blazepose-normalized::Home_02_video_46,3,5715,5715,121,145,0.000000,0.000000,adl,adl,0.000000,1
le2i-blazepose-normalized::Home_02_video_46,3,5716,5716,126,150,0.000000,0.000000,adl,adl,0.006000,1
le2i-blazepose-normalized::Home_02_video_46,3,5717,5717,131,155,0.000000,0.000000,adl,adl,0.004000,1
le2i-blazepose-normalized::Home_02_video_46,3,5718,5718,136,160,0.000000,0.000000,adl,adl,0.006000,1
le2i-blazepose-normalized::Home_02_video_46,3,5719,5719,141,165,0.000000,0.000000,adl,adl,0.006000,1
le2i-blazepose-normalized::Home_02_video_46,3,5720,5720,146,170,0.000000,0.000000,adl,adl,0.006000,1
le2i-blazepose-normalized::Home_02_video_47,2,5721,5721,46,70,0.000000,0.000000,adl,adl,0.106000,1
le2i-blazepose-normalized::Home_02_video_47,2,5722,5722,51,75,0.000000,0.000000,adl,adl,0.106000,1
le2i-blazepose-normalized::Home_02_video_47,2,5723,5723,56,80,0.000000,0.000000,adl,adl,0.106000,1
le2i-blazepose-normalized::Home_02_video_47,2,5724,5724,61,85,0.000000,0.000000,adl,adl,0.106000,1
le2i-blazepose-normalized::Home_02_video_47,2,5725,5725,66,90,0.000000,0.000000,adl,adl,0.106000,1
le2i-blazepose-normalized::Home_02_video_47,2,5726,5726,91,115,0.000000,0.000000,adl,adl,0.024000,1
le2i-blazepose-normalized::Home_02_video_47,2,5727,5727,96,120,0.000000,0.000000,adl,adl,0.024000,1
le2i-blazepose-normalized::Home_02_video_47,2,5728,5728,101,125,0.000000,0.000000,adl,adl,0.024000,1
le2i-blazepose-normalized::Home_02_video_47,2,5729,5729,106,130,0.000000,0.000000,adl,adl,0.010000,1
le2i-blazepose-normalized::Home_02_video_47,2,5730,5730,111,135,0.000000,0.000000,adl,adl,0.008000,1
le2i-blazepose-normalized::Home_02_video_47,2,5731,5731,116,140,0.000000,0.000000,adl,adl,0.002000,1
le2i-blazepose-normalized::Home_02_video_47,2,5732,5732,121,145,0.000000,0.000000,adl,adl,0.006000,1
le2i-blazepose-normalized::Home_02_video_47,2,5733,5733,126,150,0.000000,0.000000,adl,adl,0.006000,1
le2i-blazepose-normalized::Home_02_video_47,2,5734,5734,131,155,0.000000,0.000000,adl,adl,0.004000,1
le2i-blazepose-normalized::Home_02_video_47,2,5735,5735,136,160,0.000000,0.000000,adl,adl,0.008000,1
le2i-blazepose-normalized::Home_02_video_47,2,5736,5736,141,165,0.000000,0.000000,adl,adl,0.000000,1
le2i-blazepose-normalized::Home_02_video_47,2,5737,5737,146,170,0.000000,0.000000,adl,adl,0.002000,1
le2i-blazepose-normalized::Home_02_video_47,2,5738,5738,151,175,0.000000,0.000000,adl,adl,0.002000,1
le2i-blazepose-normalized::Home_02_video_47,2,5739,5739,156,180,0.000000,0.000000,adl,adl,0.000000,1
le2i-blazepose-normalized::Home_02_video_47,2,5740,5740,161,185,0.000000,0.000000,adl,adl,0.000000,1
le2i-blazepose-normalized::Home_02_video_47,2,5741,5741,166,190,0.000000,0.000000,adl,adl,0.002000,1
le2i-blazepose-normalized::Home_02_video_47,2,5742,5742,171,195,0.000000,0.000000,adl,adl,0.002000,1
le2i-blazepose-normalized::Home_02_video_47,2,5743,5743,176,200,0.000000,0.000000,adl,adl,0.000000,1
le2i-blazepose-normalized::Home_02_video_47,2,5744,5744,181,205,0.000000,0.000000,adl,adl,0.000000,1
le2i-blazepose-normalized::Home_02_video_47,2,5745,5745,186,210,0.000000,0.000000,adl,adl,0.000000,1
le2i-blazepose-normalized::Home_02_video_47,2,5746,5746,191,215,0.000000,0.000000,adl,adl,0.008000,1
le2i-blazepose-normalized::Home_02_video_47,2,5747,5747,196,220,0.000000,0.000000,adl,adl,0.012000,1
le2i-blazepose-normalized::Home_02_video_47,2,5748,5748,201,225,0.000000,0.000000,adl,adl,0.024000,1
le2i-blazepose-normalized::Home_02_video_47,2,5749,5749,206,230,0.000000,0.000000,adl,adl,0.018000,1
le2i-blazepose-normalized::Home_02_video_47,2,5750,5750,211,235,0.000000,0.000000,adl,adl,0.018000,1
le2i-blazepose-normalized::Home_02_video_47,2,5751,5751,216,240,0.000000,0.000000,adl,adl,0.020000,1
le2i-blazepose-normalized::Home_02_video_47,2,5752,5752,221,245,0.000000,0.000000,adl,adl,0.024000,1
le2i-blazepose-normalized::Home_02_video_47,2,5753,5753,226,250,0.000000,0.000000,adl,adl,0.018000,1
le2i-blazepose-normalized::Home_02_video_47,2,5754,5754,231,255,0.000000,0.000000,adl,adl,0.014000,1
le2i-blazepose-normalized::Home_02_video_47,2,5755,5755,236,260,0.000000,0.000000,adl,adl,0.008000,1
le2i-blazepose-normalized::Home_02_video_47,2,5756,5756,241,265,0.000000,0.000000,adl,adl,0.030000,1
le2i-blazepose-normalized::Home_02_video_47,2,5757,5757,246,270,0.000000,0.000000,adl,adl,0.022000,1
le2i-blazepose-normalized::Home_02_video_47,2,5758,5758,251,275,0.000000,0.000000,adl,adl,0.024000,1
le2i-blazepose-normalized::Home_02_video_47,2,5759,5759,256,280,0.000000,0.000000,adl,adl,0.038000,1
le2i-blazepose-normalized::Home_02_video_47,2,5760,5760,261,285,0.000000,0.000000,adl,adl,0.012000,1
le2i-blazepose-normalized::Home_02_video_48,2,5761,5761,1,25,0.000000,0.000000,adl,adl,0.000000,1
le2i-blazepose-normalized::Home_02_video_48,2,5762,5762,6,30,0.000000,0.000000,adl,adl,0.000000,1
le2i-blazepose-normalized::Home_02_video_48,2,5763,5763,11,35,0.000000,0.000000,adl,adl,0.000000,1
le2i-blazepose-normalized::Home_02_video_48,2,5764,5764,16,40,0.000000,0.000000,adl,adl,0.076000,1
le2i-blazepose-normalized::Home_02_video_48,2,5765,5765,21,45,0.000000,0.000000,adl,adl,0.148000,1
le2i-blazepose-normalized::Home_02_video_48,2,5766,5766,26,50,0.000000,0.000000,adl,adl,0.326000,1
le2i-blazepose-normalized::Home_02_video_48,2,5767,5767,31,55,0.000000,0.000000,adl,adl,0.352000,1
le2i-blazepose-normalized::Home_02_video_48,2,5768,5768,36,60,0.000000,0.000000,adl,adl,0.118000,1
le2i-blazepose-normalized::Home_02_video_48,2,5769,5769,41,65,0.000000,0.000000,adl,adl,0.062000,1
le2i-blazepose-normalized::Home_02_video_48,2,5770,5770,46,70,0.000000,0.000000,adl,adl,0.036000,1
le2i-blazepose-normalized::Home_02_video_48,2,5771,5771,51,75,0.000000,0.000000,adl,adl,0.002000,1
le2i-blazepose-normalized::Home_02_video_48,2,5772,5772,56,80,0.000000,0.000000,adl,adl,0.002000,1
le2i-blazepose-normalized::Home_02_video_48,2,5773,5773,61,85,0.000000,0.000000,adl,adl,0.002000,1
le2i-blazepose-normalized::Home_02_video_48,2,5774,5774,66,90,0.000000,0.000000,adl,adl,0.000000,1
le2i-blazepose-normalized::Home_02_video_48,2,5775,5775,71,95,0.000000,0.000000,adl,adl,0.002000,1
le2i-blazepose-normalized::Home_02_video_48,2,5776,5776,76,100,0.000000,0.000000,adl,adl,0.004000,1
le2i-blazepose-normalized::Home_02_video_48,2,5777,5777,81,105,0.000000,0.000000,adl,adl,0.000000,1
le2i-blazepose-normalized::Home_02_video_48,2,5778,5778,86,110,0.000000,0.000000,adl,adl,0.002000,1
le2i-blazepose-normalized::Home_02_video_48,2,5779,5779,91,115,0.000000,0.000000,adl,adl,0.006000,1
le2i-blazepose-normalized::Home_02_video_48,2,5780,5780,96,120,0.000000,0.000000,adl,adl,0.006000,1
le2i-blazepose-normalized::Home_02_video_48,2,5781,5781,101,125,0.000000,0.000000,adl,adl,0.000000,1
le2i-blazepose-normalized::Home_02_video_48,2,5782,5782,106,130,0.000000,0.000000,adl,adl,0.000000,1
le2i-blazepose-normalized::Home_02_video_48,2,5783,5783,111,135,0.000000,0.000000,adl,adl,0.000000,1
le2i-blazepose-normalized::Home_02_video_48,2,5784,5784,116,140,0.000000,0.000000,adl,adl,0.000000,1
le2i-blazepose-normalized::Home_02_video_48,2,5785,5785,121,145,0.000000,0.000000,adl,adl,0.002000,1
le2i-blazepose-normalized::Home_02_video_48,2,5786,5786,126,150,0.000000,0.000000,adl,adl,0.000000,1
le2i-blazepose-normalized::Home_02_video_48,2,5787,5787,131,155,0.000000,0.000000,adl,adl,0.000000,1
le2i-blazepose-normalized::Home_02_video_48,2,5788,5788,136,160,0.000000,0.000000,adl,adl,0.000000,1
le2i-blazepose-normalized::Home_02_video_48,2,5789,5789,141,165,0.000000,0.000000,adl,adl,0.000000,1
le2i-blazepose-normalized::Home_02_video_48,2,5790,5790,146,170,0.000000,0.000000,adl,adl,0.000000,1
le2i-blazepose-normalized::Home_02_video_48,2,5791,5791,151,175,0.000000,0.000000,adl,adl,0.000000,1
le2i-blazepose-normalized::Home_02_video_49,4,5792,5792,151,175,0.000000,0.000000,adl,adl,0.000000,1
le2i-blazepose-normalized::Home_02_video_49,4,5793,5793,156,180,0.000000,0.000000,adl,adl,0.002000,1
le2i-blazepose-normalized::Home_02_video_49,4,5794,5794,161,185,0.000000,0.000000,adl,adl,0.002000,1
le2i-blazepose-normalized::Home_02_video_49,4,5795,5795,166,190,0.000000,0.000000,adl,adl,0.000000,1
le2i-blazepose-normalized::Home_02_video_49,4,5796,5796,171,195,0.000000,0.000000,adl,adl,0.000000,1
le2i-blazepose-normalized::Home_02_video_49,4,5797,5797,176,200,0.000000,0.000000,adl,adl,0.000000,1
le2i-blazepose-normalized::Home_02_video_49,4,5798,5798,181,205,0.000000,0.000000,adl,adl,0.004000,1
le2i-blazepose-normalized::Home_02_video_49,4,5799,5799,186,210,0.000000,0.000000,adl,adl,0.006000,1
le2i-blazepose-normalized::Home_02_video_49,4,5800,5800,191,215,0.000000,0.000000,adl,adl,0.000000,1
le2i-blazepose-normalized::Home_02_video_49,4,5801,5801,196,220,0.000000,0.000000,adl,adl,0.000000,1
le2i-blazepose-normalized::Home_02_video_49,4,5802,5802,201,225,0.000000,0.000000,adl,adl,0.000000,1
le2i-blazepose-normalized::Home_02_video_49,4,5803,5803,206,230,0.000000,0.000000,adl,adl,0.000000,1
le2i-blazepose-normalized::Home_02_video_49,4,5804,5804,211,235,0.000000,0.000000,adl,adl,0.000000,1
le2i-blazepose-normalized::Home_02_video_49,4,5805,5805,216,240,0.000000,0.000000,adl,adl,0.000000,1
le2i-blazepose-normalized::Home_02_video_49,4,5806,5806,221,245,0.000000,0.000000,adl,adl,0.000000,1
le2i-blazepose-normalized::Home_02_video_49,4,5807,5807,226,250,0.000000,0.000000,adl,adl,0.000000,1
le2i-blazepose-normalized::Home_02_video_49,4,5808,5808,231,255,0.000000,0.000000,adl,adl,0.000000,1
le2i-blazepose-normalized::Home_02_video_49,4,5809,5809,236,260,0.000000,0.000000,adl,adl,0.000000,1
le2i-blazepose-normalized::Home_02_video_49,4,5810,5810,241,265,0.000000,0.000000,adl,adl,0.000000,1
le2i-blazepose-normalized::Home_02_video_49,4,5811,5811,246,270,0.000000,0.000000,adl,adl,0.006000,1
le2i-blazepose-normalized::Home_02_video_49,4,5812,5812,276,300,0.000000,0.000000,adl,adl,0.000000,1
le2i-blazepose-normalized::Home_02_video_49,4,5813,5813,281,305,0.000000,0.000000,adl,adl,0.000000,1
le2i-blazepose-normalized::Home_02_video_49,4,5814,5814,286,310,0.000000,0.000000,adl,adl,0.000000,1
le2i-blazepose-normalized::Home_02_video_50,5,5815,5815,151,175,0.000000,0.000000,adl,adl,0.000000,1
le2i-blazepose-normalized::Home_02_video_50,5,5816,5816,156,180,0.000000,0.000000,adl,adl,0.000000,1
le2i-blazepose-normalized::Home_02_video_50,5,5817,5817,161,185,0.000000,0.000000,adl,adl,0.000000,1
le2i-blazepose-normalized::Home_02_video_50,5,5818,5818,166,190,0.000000,0.000000,adl,adl,0.002000,1
le2i-blazepose-normalized::Home_02_video_50,5,5819,5819,171,195,0.000000,0.000000,adl,adl,0.002000,1
le2i-blazepose-normalized::Home_02_video_50,5,5820,5820,176,200,0.000000,0.000000,adl,adl,0.000000,1
le2i-blazepose-normalized::Home_02_video_50,5,5821,5821,181,205,0.000000,0.000000,adl,adl,0.000000,1
le2i-blazepose-normalized::Home_02_video_50,5,5822,5822,186,210,0.000000,0.000000,adl,adl,0.002000,1
le2i-blazepose-normalized::Home_02_video_50,5,5823,5823,191,215,0.000000,0.000000,adl,adl,0.002000,1
le2i-blazepose-normalized::Home_02_video_50,5,5824,5824,196,220,0.000000,0.000000,adl,adl,0.000000,1
le2i-blazepose-normalized::Home_02_video_50,5,5825,5825,201,225,0.000000,0.000000,adl,adl,0.000000,1
le2i-blazepose-normalized::Home_02_video_50,5,5826,5826,206,230,0.000000,0.000000,adl,adl,0.000000,1
le2i-blazepose-normalized::Home_02_video_50,5,5827,5827,211,235,0.000000,0.000000,adl,adl,0.000000,1
le2i-blazepose-normalized::Home_02_video_50,5,5828,5828,216,240,0.000000,0.000000,adl,adl,0.002000,1
le2i-blazepose-normalized::Home_02_video_50,5,5829,5829,221,245,0.000000,0.000000,adl,adl,0.000000,1
le2i-blazepose-normalized::Home_02_video_50,5,5830,5830,226,250,0.000000,0.000000,adl,adl,0.000000,1
le2i-blazepose-normalized::Home_02_video_50,5,5831,5831,231,255,0.000000,0.000000,adl,adl,0.000000,1
le2i-blazepose-normalized::Home_02_video_50,5,5832,5832,236,260,0.000000,0.000000,adl,adl,0.000000,1
le2i-blazepose-normalized::Home_02_video_50,5,5833,5833,241,265,0.000000,0.000000,adl,adl,0.000000,1
le2i-blazepose-normalized::Home_02_video_50,5,5834,5834,246,270,0.000000,0.000000,adl,adl,0.004000,1
le2i-blazepose-normalized::Home_02_video_50,5,5835,5835,276,300,0.000000,0.000000,adl,adl,0.000000,1
le2i-blazepose-normalized::Home_02_video_50,5,5836,5836,281,305,0.000000,0.000000,adl,adl,0.000000,1
le2i-blazepose-normalized::Home_02_video_50,5,5837,5837,286,310,0.000000,0.000000,adl,adl,0.000000,1
le2i-blazepose-normalized::Home_02_video_51,2,5838,5838,1,25,0.000000,0.000000,adl,adl,0.084000,1
le2i-blazepose-normalized::Home_02_video_51,2,5839,5839,6,30,0.000000,0.000000,adl,adl,0.070000,1
le2i-blazepose-normalized::Home_02_video_51,2,5840,5840,11,35,0.000000,0.000000,adl,adl,0.070000,1
le2i-blazepose-normalized::Home_02_video_51,2,5841,5841,16,40,0.000000,0.000000,adl,adl,0.068000,1
le2i-blazepose-normalized::Home_02_video_51,2,5842,5842,21,45,0.000000,0.000000,adl,adl,0.028000,1
le2i-blazepose-normalized::Home_02_video_51,2,5843,5843,26,50,0.000000,0.000000,adl,adl,0.172000,1
le2i-blazepose-normalized::Home_02_video_51,2,5844,5844,31,55,0.000000,0.000000,adl,adl,0.126000,1
le2i-blazepose-normalized::Home_02_video_51,2,5845,5845,36,60,0.000000,0.000000,adl,adl,0.050000,1
le2i-blazepose-normalized::Home_02_video_51,2,5846,5846,41,65,0.000000,0.000000,adl,adl,0.038000,1
le2i-blazepose-normalized::Home_02_video_51,2,5847,5847,46,70,0.000000,0.000000,adl,adl,0.052000,1
le2i-blazepose-normalized::Home_02_video_51,2,5848,5848,51,75,0.000000,0.000000,adl,adl,0.022000,1
le2i-blazepose-normalized::Home_02_video_51,2,5849,5849,56,80,0.000000,0.000000,adl,adl,0.024000,1
le2i-blazepose-normalized::Home_02_video_51,2,5850,5850,61,85,0.000000,0.000000,adl,adl,0.022000,1
le2i-blazepose-normalized::Home_02_video_51,2,5851,5851,66,90,0.000000,0.000000,adl,adl,0.020000,1
le2i-blazepose-normalized::Home_02_video_51,2,5852,5852,71,95,0.000000,0.000000,adl,adl,0.006000,1
le2i-blazepose-normalized::Home_02_video_51,2,5853,5853,76,100,0.000000,0.000000,adl,adl,0.000000,1
le2i-blazepose-normalized::Home_02_video_51,2,5854,5854,81,105,0.000000,0.000000,adl,adl,0.004000,1
le2i-blazepose-normalized::Home_02_video_51,2,5855,5855,86,110,0.000000,0.000000,adl,adl,0.012000,1
le2i-blazepose-normalized::Home_02_video_51,2,5856,5856,91,115,0.000000,0.000000,adl,adl,0.012000,1
le2i-blazepose-normalized::Home_02_video_51,2,5857,5857,96,120,0.000000,0.000000,adl,adl,0.004000,1
le2i-blazepose-normalized::Home_02_video_51,2,5858,5858,101,125,0.000000,0.000000,adl,adl,0.002000,1
le2i-blazepose-normalized::Home_02_video_51,2,5859,5859,106,130,0.000000,0.000000,adl,adl,0.004000,1
le2i-blazepose-normalized::Home_02_video_51,2,5860,5860,111,135,0.000000,0.000000,adl,adl,0.002000,1
le2i-blazepose-normalized::Home_02_video_51,2,5861,5861,116,140,0.000000,0.000000,adl,adl,0.004000,1
le2i-blazepose-normalized::Home_02_video_51,2,5862,5862,121,145,0.000000,0.000000,adl,adl,0.008000,1
le2i-blazepose-normalized::Home_02_video_51,2,5863,5863,126,150,0.000000,0.000000,adl,adl,0.016000,1
le2i-blazepose-normalized::Home_02_video_51,2,5864,5864,131,155,0.000000,0.000000,adl,adl,0.020000,1
le2i-blazepose-normalized::Home_02_video_51,2,5865,5865,136,160,0.000000,0.000000,adl,adl,0.010000,1
le2i-blazepose-normalized::Home_02_video_51,2,5866,5866,141,165,0.000000,0.000000,adl,adl,0.010000,1
le2i-blazepose-normalized::Home_02_video_51,2,5867,5867,146,170,0.000000,0.000000,adl,adl,0.010000,1
le2i-blazepose-normalized::Home_02_video_51,2,5868,5868,151,175,0.000000,0.000000,adl,adl,0.058000,1
le2i-blazepose-normalized::Home_02_video_51,2,5869,5869,156,180,0.000000,0.000000,adl,adl,0.052000,1
le2i-blazepose-normalized::Home_02_video_51,2,5870,5870,161,185,0.000000,0.000000,adl,adl,0.052000,1
le2i-blazepose-normalized::Home_02_video_51,2,5871,5871,166,190,0.000000,0.000000,adl,adl,0.052000,1
le2i-blazepose-normalized::Home_02_video_51,2,5872,5872,171,195,0.000000,0.000000,adl,adl,0.052000,1
le2i-blazepose-normalized::Home_02_video_51,2,5873,5873,236,260,0.000000,0.000000,adl,adl,0.100000,1
le2i-blazepose-normalized::Home_02_video_52,3,5874,5874,1,25,0.000000,0.000000,adl,adl,0.010000,1
le2i-blazepose-normalized::Home_02_video_52,3,5875,5875,6,30,0.000000,0.000000,adl,adl,0.014000,1
le2i-blazepose-normalized::Home_02_video_52,3,5876,5876,11,35,0.000000,0.000000,adl,adl,0.012000,1
le2i-blazepose-normalized::Home_02_video_52,3,5877,5877,16,40,0.000000,0.000000,adl,adl,0.016000,1
le2i-blazepose-normalized::Home_02_video_52,3,5878,5878,21,45,0.000000,0.000000,adl,adl,0.012000,1
le2i-blazepose-normalized::Home_02_video_52,3,5879,5879,26,50,0.000000,0.000000,adl,adl,0.016000,1
le2i-blazepose-normalized::Home_02_video_52,3,5880,5880,31,55,0.000000,0.000000,adl,adl,0.022000,1
le2i-blazepose-normalized::Home_02_video_52,3,5881,5881,36,60,0.000000,0.000000,adl,adl,0.214000,1
le2i-blazepose-normalized::Home_02_video_52,3,5882,5882,41,65,0.000000,0.000000,adl,adl,0.238000,1
le2i-blazepose-normalized::Home_02_video_52,3,5883,5883,46,70,0.000000,0.000000,adl,adl,0.020000,1
le2i-blazepose-normalized::Home_02_video_52,3,5884,5884,51,75,0.000000,0.000000,adl,adl,0.002000,1
le2i-blazepose-normalized::Home_02_video_52,3,5885,5885,56,80,0.000000,0.000000,adl,adl,0.000000,1
le2i-blazepose-normalized::Home_02_video_52,3,5886,5886,61,85,0.000000,0.000000,adl,adl,0.004000,1
le2i-blazepose-normalized::Home_02_video_52,3,5887,5887,66,90,0.000000,0.000000,adl,adl,0.006000,1
le2i-blazepose-normalized::Home_02_video_52,3,5888,5888,71,95,0.000000,0.000000,adl,adl,0.000000,1
le2i-blazepose-normalized::Home_02_video_52,3,5889,5889,76,100,0.000000,0.000000,adl,adl,0.000000,1
le2i-blazepose-normalized::Home_02_video_52,3,5890,5890,81,105,0.000000,0.000000,adl,adl,0.000000,1
le2i-blazepose-normalized::Home_02_video_52,3,5891,5891,86,110,0.000000,0.000000,adl,adl,0.000000,1
le2i-blazepose-normalized::Home_02_video_52,3,5892,5892,91,115,0.000000,0.000000,adl,adl,0.000000,1
le2i-blazepose-normalized::Home_02_video_52,3,5893,5893,96,120,0.000000,0.000000,adl,adl,0.000000,1
le2i-blazepose-normalized::Home_02_video_52,3,5894,5894,101,125,0.000000,0.000000,adl,adl,0.000000,1
le2i-blazepose-normalized::Home_02_video_52,3,5895,5895,106,130,0.000000,0.000000,adl,adl,0.000000,1
le2i-blazepose-normalized::Home_02_video_52,3,5896,5896,111,135,0.000000,0.000000,adl,adl,0.006000,1
le2i-blazepose-normalized::Home_02_video_52,3,5897,5897,116,140,0.000000,0.000000,adl,adl,0.098000,1
le2i-blazepose-normalized::Home_02_video_52,3,5898,5898,121,145,0.000000,0.000000,adl,adl,0.234000,1
le2i-blazepose-normalized::Home_02_video_52,3,5899,5899,126,150,0.000000,0.000000,adl,adl,0.328000,1
le2i-blazepose-normalized::Home_02_video_52,3,5900,5900,131,155,0.000000,0.000000,adl,adl,0.312000,1
le2i-blazepose-normalized::Home_02_video_52,3,5901,5901,136,160,0.000000,0.000000,adl,fall,0.781600,0
le2i-blazepose-normalized::Home_02_video_52,3,5902,5902,141,165,0.000000,0.000000,adl,fall,0.815600,0
le2i-blazepose-normalized::Home_02_video_52,3,5903,5903,146,170,0.000000,0.000000,adl,fall,0.725467,0
le2i-blazepose-normalized::Home_02_video_52,3,5904,5904,151,175,0.000000,0.000000,adl,fall,0.689817,0
le2i-blazepose-normalized::Home_02_video_52,3,5905,5905,156,180,0.000000,0.000000,adl,adl,0.458000,1
le2i-blazepose-normalized::Home_02_video_53,1,5906,5906,1,25,0.000000,0.000000,adl,adl,0.026000,1
le2i-blazepose-normalized::Home_02_video_53,1,5907,5907,6,30,0.000000,0.000000,adl,adl,0.118000,1
le2i-blazepose-normalized::Home_02_video_53,1,5908,5908,11,35,0.000000,0.000000,adl,adl,0.094000,1
le2i-blazepose-normalized::Home_02_video_53,1,5909,5909,16,40,0.000000,0.000000,adl,adl,0.124000,1
le2i-blazepose-normalized::Home_02_video_53,1,5910,5910,21,45,0.000000,0.000000,adl,adl,0.076000,1
le2i-blazepose-normalized::Home_02_video_53,1,5911,5911,26,50,0.000000,0.000000,adl,adl,0.022000,1
le2i-blazepose-normalized::Home_02_video_53,1,5912,5912,31,55,0.000000,0.000000,adl,adl,0.006000,1
le2i-blazepose-normalized::Home_02_video_53,1,5913,5913,36,60,0.000000,0.000000,adl,adl,0.004000,1
le2i-blazepose-normalized::Home_02_video_53,1,5914,5914,41,65,0.000000,0.000000,adl,adl,0.002000,1
le2i-blazepose-normalized::Home_02_video_53,1,5915,5915,46,70,0.000000,0.000000,adl,adl,0.002000,1
le2i-blazepose-normalized::Home_02_video_53,1,5916,5916,51,75,0.000000,0.000000,adl,adl,0.004000,1
le2i-blazepose-normalized::Home_02_video_53,1,5917,5917,56,80,0.000000,0.000000,adl,adl,0.002000,1
le2i-blazepose-normalized::Home_02_video_53,1,5918,5918,61,85,0.000000,0.000000,adl,adl,0.000000,1
le2i-blazepose-normalized::Home_02_video_53,1,5919,5919,66,90,0.000000,0.000000,adl,adl,0.000000,1
le2i-blazepose-normalized::Home_02_video_53,1,5920,5920,71,95,0.000000,0.000000,adl,adl,0.000000,1
le2i-blazepose-normalized::Home_02_video_53,1,5921,5921,76,100,0.000000,0.000000,adl,adl,0.002000,1
le2i-blazepose-normalized::Home_02_video_53,1,5922,5922,81,105,0.000000,0.000000,adl,adl,0.006000,1
le2i-blazepose-normalized::Home_02_video_53,1,5923,5923,86,110,0.000000,0.000000,adl,adl,0.026000,1
le2i-blazepose-normalized::Home_02_video_53,1,5924,5924,91,115,0.000000,0.000000,adl,adl,0.032000,1
le2i-blazepose-normalized::Home_02_video_53,1,5925,5925,96,120,0.000000,0.000000,adl,adl,0.226000,1
le2i-blazepose-normalized::Home_02_video_53,1,5926,5926,101,125,0.000000,0.000000,adl,adl,0.192000,1
le2i-blazepose-normalized::Home_02_video_53,1,5927,5927,106,130,0.000000,0.000000,adl,adl,0.116000,1
le2i-blazepose-normalized::Home_02_video_53,1,5928,5928,111,135,0.000000,0.000000,adl,adl,0.253000,1
le2i-blazepose-normalized::Home_02_video_53,1,5929,5929,116,140,0.000000,0.000000,adl,adl,0.470000,1
le2i-blazepose-normalized::Home_02_video_53,1,5930,5930,121,145,0.000000,0.000000,adl,fall,0.542300,0
le2i-blazepose-normalized::Home_02_video_53,1,5931,5931,126,150,0.000000,0.000000,adl,fall,0.564300,0
le2i-blazepose-normalized::Home_02_video_53,1,5932,5932,131,155,0.000000,0.000000,adl,fall,0.542000,0
le2i-blazepose-normalized::Home_02_video_54,4,5933,5933,1,25,0.000000,0.000000,adl,adl,0.050000,1
le2i-blazepose-normalized::Home_02_video_54,4,5934,5934,6,30,0.000000,0.000000,adl,adl,0.052000,1
le2i-blazepose-normalized::Home_02_video_54,4,5935,5935,11,35,0.000000,0.000000,adl,adl,0.034000,1
le2i-blazepose-normalized::Home_02_video_54,4,5936,5936,16,40,0.000000,0.000000,adl,adl,0.018000,1
le2i-blazepose-normalized::Home_02_video_54,4,5937,5937,21,45,0.000000,0.000000,adl,adl,0.018000,1
le2i-blazepose-normalized::Home_02_video_54,4,5938,5938,26,50,0.000000,0.000000,adl,adl,0.118000,1
le2i-blazepose-normalized::Home_02_video_54,4,5939,5939,31,55,0.000000,0.000000,adl,adl,0.104000,1
le2i-blazepose-normalized::Home_02_video_54,4,5940,5940,36,60,0.000000,0.000000,adl,adl,0.132000,1
le2i-blazepose-normalized::Home_02_video_54,4,5941,5941,41,65,0.000000,0.000000,adl,adl,0.136000,1
le2i-blazepose-normalized::Home_02_video_54,4,5942,5942,46,70,0.000000,0.000000,adl,adl,0.004000,1
le2i-blazepose-normalized::Home_02_video_54,4,5943,5943,51,75,0.000000,0.000000,adl,adl,0.010000,1
le2i-blazepose-normalized::Home_02_video_54,4,5944,5944,56,80,0.000000,0.000000,adl,adl,0.006000,1
le2i-blazepose-normalized::Home_02_video_54,4,5945,5945,61,85,0.000000,0.000000,adl,adl,0.002000,1
le2i-blazepose-normalized::Home_02_video_54,4,5946,5946,66,90,0.000000,0.000000,adl,adl,0.000000,1
le2i-blazepose-normalized::Home_02_video_54,4,5947,5947,71,95,0.000000,0.000000,adl,adl,0.000000,1
le2i-blazepose-normalized::Home_02_video_54,4,5948,5948,76,100,0.000000,0.000000,adl,adl,0.004000,1
le2i-blazepose-normalized::Home_02_video_54,4,5949,5949,81,105,0.000000,0.000000,adl,adl,0.000000,1
le2i-blazepose-normalized::Home_02_video_54,4,5950,5950,86,110,0.000000,0.000000,adl,adl,0.002000,1
le2i-blazepose-normalized::Home_02_video_54,4,5951,5951,91,115,0.000000,0.000000,adl,adl,0.000000,1
le2i-blazepose-normalized::Home_02_video_54,4,5952,5952,96,120,0.000000,0.000000,adl,adl,0.000000,1
le2i-blazepose-normalized::Home_02_video_54,4,5953,5953,101,125,0.000000,0.000000,adl,adl,0.000000,1
le2i-blazepose-normalized::Home_02_video_54,4,5954,5954,106,130,0.000000,0.000000,adl,adl,0.002000,1
le2i-blazepose-normalized::Home_02_video_54,4,5955,5955,111,135,0.000000,0.000000,adl,adl,0.002000,1
le2i-blazepose-normalized::Home_02_video_54,4,5956,5956,116,140,0.000000,0.000000,adl,adl,0.000000,1
le2i-blazepose-normalized::Home_02_video_54,4,5957,5957,121,145,0.000000,0.000000,adl,adl,0.000000,1
le2i-blazepose-normalized::Home_02_video_54,4,5958,5958,126,150,0.000000,0.000000,adl,adl,0.000000,1
le2i-blazepose-normalized::Home_02_video_54,4,5959,5959,136,160,0.000000,0.000000,adl,adl,0.124000,1
le2i-blazepose-normalized::Home_02_video_54,4,5960,5960,141,165,0.000000,0.000000,adl,adl,0.274000,1
le2i-blazepose-normalized::Home_02_video_54,4,5961,5961,146,170,0.000000,0.000000,adl,adl,0.308000,1
le2i-blazepose-normalized::Home_02_video_54,4,5962,5962,151,175,0.000000,0.000000,adl,adl,0.292000,1
le2i-blazepose-normalized::Home_02_video_54,4,5963,5963,156,180,0.000000,0.000000,adl,adl,0.234000,1
le2i-blazepose-normalized::Home_02_video_54,4,5964,5964,161,185,0.000000,0.000000,adl,adl,0.038000,1
le2i-blazepose-normalized::Home_02_video_54,4,5965,5965,166,190,0.000000,0.000000,adl,adl,0.044000,1
le2i-blazepose-normalized::Home_02_video_55,1,5966,5966,1,25,0.000000,0.000000,adl,adl,0.048000,1
le2i-blazepose-normalized::Home_02_video_55,1,5967,5967,6,30,0.000000,0.000000,adl,adl,0.042000,1
le2i-blazepose-normalized::Home_02_video_55,1,5968,5968,11,35,0.000000,0.000000,adl,adl,0.042000,1
le2i-blazepose-normalized::Home_02_video_55,1,5969,5969,21,45,0.000000,0.000000,adl,adl,0.070000,1
le2i-blazepose-normalized::Home_02_video_55,1,5970,5970,26,50,0.000000,0.000000,adl,adl,0.092000,1
le2i-blazepose-normalized::Home_02_video_55,1,5971,5971,31,55,0.000000,0.000000,adl,adl,0.094000,1
le2i-blazepose-normalized::Home_02_video_55,1,5972,5972,36,60,0.000000,0.000000,adl,adl,0.072000,1
le2i-blazepose-normalized::Home_02_video_55,1,5973,5973,41,65,0.000000,0.000000,adl,adl,0.060000,1
le2i-blazepose-normalized::Home_02_video_55,1,5974,5974,46,70,0.000000,0.000000,adl,adl,0.030000,1
le2i-blazepose-normalized::Home_02_video_55,1,5975,5975,51,75,0.000000,0.000000,adl,adl,0.022000,1
le2i-blazepose-normalized::Home_02_video_55,1,5976,5976,61,85,0.000000,0.000000,adl,adl,0.006000,1
le2i-blazepose-normalized::Home_02_video_55,1,5977,5977,66,90,0.000000,0.000000,adl,adl,0.004000,1
le2i-blazepose-normalized::Home_02_video_55,1,5978,5978,71,95,0.000000,0.000000,adl,adl,0.000000,1
le2i-blazepose-normalized::Home_02_video_55,1,5979,5979,76,100,0.000000,0.000000,adl,adl,0.000000,1
le2i-blazepose-normalized::Home_02_video_55,1,5980,5980,81,105,0.000000,0.000000,adl,adl,0.002000,1
le2i-blazepose-normalized::Home_02_video_55,1,5981,5981,86,110,0.000000,0.000000,adl,adl,0.000000,1
le2i-blazepose-normalized::Home_02_video_55,1,5982,5982,91,115,0.000000,0.000000,adl,adl,0.002000,1
le2i-blazepose-normalized::Home_02_video_55,1,5983,5983,96,120,0.000000,0.000000,adl,adl,0.008000,1
le2i-blazepose-normalized::Home_02_video_55,1,5984,5984,101,125,0.000000,0.000000,adl,adl,0.000000,1
le2i-blazepose-normalized::Home_02_video_55,1,5985,5985,106,130,0.000000,0.000000,adl,adl,0.000000,1
le2i-blazepose-normalized::Home_02_video_55,1,5986,5986,111,135,0.000000,0.000000,adl,adl,0.000000,1
le2i-blazepose-normalized::Home_02_video_55,1,5987,5987,116,140,0.000000,0.000000,adl,adl,0.000000,1
le2i-blazepose-normalized::Home_02_video_55,1,5988,5988,121,145,0.000000,0.000000,adl,adl,0.316000,1
le2i-blazepose-normalized::Home_02_video_55,1,5989,5989,126,150,0.000000,0.000000,adl,fall,0.630000,0
le2i-blazepose-normalized::Home_02_video_55,1,5990,5990,131,155,0.000000,0.000000,adl,fall,0.638000,0
le2i-blazepose-normalized::Home_02_video_55,1,5991,5991,136,160,0.000000,0.000000,adl,adl,0.050000,1
le2i-blazepose-normalized::Home_02_video_55,1,5992,5992,141,165,0.000000,0.000000,adl,adl,0.034000,1
le2i-blazepose-normalized::Home_02_video_55,1,5993,5993,146,170,0.000000,0.000000,adl,adl,0.006000,1
le2i-blazepose-normalized::Home_02_video_55,1,5994,5994,151,175,0.000000,0.000000,adl,adl,0.030000,1
le2i-blazepose-normalized::Home_02_video_55,1,5995,5995,156,180,0.000000,0.000000,adl,adl,0.112000,1
le2i-blazepose-normalized::Home_02_video_55,1,5996,5996,161,185,0.000000,0.000000,adl,adl,0.108000,1
le2i-blazepose-normalized::Home_02_video_55,1,5997,5997,166,190,0.000000,0.000000,adl,adl,0.106000,1
le2i-blazepose-normalized::Home_02_video_55,1,5998,5998,171,195,0.000000,0.000000,adl,adl,0.090000,1
le2i-blazepose-normalized::Home_02_video_55,1,5999,5999,176,200,0.000000,0.000000,adl,adl,0.066000,1
le2i-blazepose-normalized::Home_02_video_55,1,6000,6000,181,205,0.000000,0.000000,adl,adl,0.054000,1
le2i-blazepose-normalized::Home_02_video_55,1,6001,6001,186,210,0.000000,0.000000,adl,adl,0.044000,1
le2i-blazepose-normalized::Home_02_video_55,1,6002,6002,191,215,0.000000,0.000000,adl,adl,0.048000,1
le2i-blazepose-normalized::Home_02_video_56,2,6003,6003,1,25,0.000000,0.000000,adl,adl,0.012000,1
le2i-blazepose-normalized::Home_02_video_56,2,6004,6004,6,30,0.000000,0.000000,adl,adl,0.020000,1
le2i-blazepose-normalized::Home_02_video_56,2,6005,6005,11,35,0.000000,0.000000,adl,adl,0.018000,1
le2i-blazepose-normalized::Home_02_video_56,2,6006,6006,16,40,0.000000,0.000000,adl,adl,0.028000,1
le2i-blazepose-normalized::Home_02_video_56,2,6007,6007,21,45,0.000000,0.000000,adl,adl,0.066000,1
le2i-blazepose-normalized::Home_02_video_56,2,6008,6008,26,50,0.000000,0.000000,adl,adl,0.070000,1
le2i-blazepose-normalized::Home_02_video_56,2,6009,6009,31,55,0.000000,0.000000,adl,adl,0.098000,1
le2i-blazepose-normalized::Home_02_video_56,2,6010,6010,36,60,0.000000,0.000000,adl,adl,0.134000,1
le2i-blazepose-normalized::Home_02_video_56,2,6011,6011,41,65,0.000000,0.000000,adl,adl,0.082000,1
le2i-blazepose-normalized::Home_02_video_56,2,6012,6012,46,70,0.000000,0.000000,adl,adl,0.096000,1
le2i-blazepose-normalized::Home_02_video_56,2,6013,6013,51,75,0.000000,0.000000,adl,adl,0.124000,1
le2i-blazepose-normalized::Home_02_video_56,2,6014,6014,56,80,0.000000,0.000000,adl,adl,0.140000,1
le2i-blazepose-normalized::Home_02_video_56,2,6015,6015,61,85,0.000000,0.000000,adl,adl,0.096000,1
le2i-blazepose-normalized::Home_02_video_56,2,6016,6016,66,90,0.000000,0.000000,adl,adl,0.094000,1
le2i-blazepose-normalized::Home_02_video_56,2,6017,6017,71,95,0.000000,0.000000,adl,adl,0.030000,1
le2i-blazepose-normalized::Home_02_video_56,2,6018,6018,76,100,0.000000,0.000000,adl,adl,0.072000,1
le2i-blazepose-normalized::Home_02_video_56,2,6019,6019,81,105,0.000000,0.000000,adl,adl,0.020000,1
le2i-blazepose-normalized::Home_02_video_56,2,6020,6020,86,110,0.000000,0.000000,adl,adl,0.024000,1
le2i-blazepose-normalized::Home_02_video_56,2,6021,6021,91,115,0.000000,0.000000,adl,adl,0.026000,1
le2i-blazepose-normalized::Home_02_video_56,2,6022,6022,96,120,0.000000,0.000000,adl,adl,0.028000,1
le2i-blazepose-normalized::Home_02_video_56,2,6023,6023,101,125,0.000000,0.000000,adl,adl,0.026000,1
le2i-blazepose-normalized::Home_02_video_56,2,6024,6024,106,130,0.000000,0.000000,adl,adl,0.016000,1
le2i-blazepose-normalized::Home_02_video_56,2,6025,6025,111,135,0.000000,0.000000,adl,adl,0.028000,1
le2i-blazepose-normalized::Home_02_video_56,2,6026,6026,116,140,0.000000,0.000000,adl,adl,0.000000,1
le2i-blazepose-normalized::Home_02_video_56,2,6027,6027,121,145,0.000000,0.000000,adl,adl,0.000000,1
le2i-blazepose-normalized::Home_02_video_56,2,6028,6028,126,150,0.000000,0.000000,adl,adl,0.002000,1
le2i-blazepose-normalized::Home_02_video_56,2,6029,6029,131,155,0.000000,0.000000,adl,adl,0.004000,1
le2i-blazepose-normalized::Home_02_video_56,2,6030,6030,136,160,0.000000,0.000000,adl,adl,0.002000,1
le2i-blazepose-normalized::Home_02_video_56,2,6031,6031,141,165,0.000000,0.000000,adl,adl,0.000000,1
le2i-blazepose-normalized::Home_02_video_56,2,6032,6032,146,170,0.000000,0.000000,adl,adl,0.004000,1
le2i-blazepose-normalized::Home_02_video_56,2,6033,6033,151,175,0.000000,0.000000,adl,adl,0.000000,1
le2i-blazepose-normalized::Home_02_video_56,2,6034,6034,156,180,0.000000,0.000000,adl,adl,0.000000,1
le2i-blazepose-normalized::Home_02_video_56,2,6035,6035,161,185,0.000000,0.000000,adl,adl,0.000000,1
le2i-blazepose-normalized::Home_02_video_56,2,6036,6036,166,190,0.000000,0.000000,adl,adl,0.002000,1
le2i-blazepose-normalized::Home_02_video_56,2,6037,6037,171,195,0.000000,0.000000,adl,adl,0.004000,1
le2i-blazepose-normalized::Home_02_video_56,2,6038,6038,176,200,0.000000,0.000000,adl,adl,0.006000,1
le2i-blazepose-normalized::Home_02_video_56,2,6039,6039,181,205,0.000000,0.000000,adl,adl,0.014000,1
le2i-blazepose-normalized::Home_02_video_56,2,6040,6040,186,210,0.000000,0.000000,adl,adl,0.002000,1
le2i-blazepose-normalized::Home_02_video_56,2,6041,6041,191,215,0.000000,0.000000,adl,adl,0.018000,1
le2i-blazepose-normalized::Home_02_video_56,2,6042,6042,196,220,0.000000,0.000000,adl,adl,0.014000,1
le2i-blazepose-normalized::Home_02_video_56,2,6043,6043,201,225,0.000000,0.000000,adl,adl,0.010000,1
le2i-blazepose-normalized::Home_02_video_56,2,6044,6044,206,230,0.000000,0.000000,adl,adl,0.002000,1
le2i-blazepose-normalized::Home_02_video_56,2,6045,6045,211,235,0.000000,0.000000,adl,adl,0.002000,1
le2i-blazepose-normalized::Home_02_video_56,2,6046,6046,216,240,0.000000,0.000000,adl,adl,0.006000,1
le2i-blazepose-normalized::Home_02_video_56,2,6047,6047,221,245,0.000000,0.000000,adl,adl,0.004000,1
le2i-blazepose-normalized::Home_02_video_56,2,6048,6048,226,250,0.000000,0.000000,adl,adl,0.004000,1
le2i-blazepose-normalized::Home_02_video_56,2,6049,6049,231,255,0.000000,0.000000,adl,adl,0.002000,1
le2i-blazepose-normalized::Home_02_video_56,2,6050,6050,236,260,0.000000,0.000000,adl,adl,0.006000,1
le2i-blazepose-normalized::Home_02_video_56,2,6051,6051,241,265,0.000000,0.000000,adl,adl,0.008000,1
le2i-blazepose-normalized::Home_02_video_56,2,6052,6052,246,270,0.000000,0.000000,adl,adl,0.002000,1
le2i-blazepose-normalized::Home_02_video_56,2,6053,6053,251,275,0.000000,0.000000,adl,adl,0.004000,1
le2i-blazepose-normalized::Home_02_video_56,2,6054,6054,256,280,0.000000,0.000000,adl,adl,0.038000,1
le2i-blazepose-normalized::Home_02_video_56,2,6055,6055,261,285,0.000000,0.000000,adl,adl,0.318000,1
le2i-blazepose-normalized::Home_02_video_56,2,6056,6056,266,290,0.000000,0.000000,adl,fall,0.700000,0
le2i-blazepose-normalized::Home_02_video_56,2,6057,6057,271,295,0.000000,0.000000,adl,fall,0.824000,0
le2i-blazepose-normalized::Home_02_video_56,2,6058,6058,276,300,0.000000,0.000000,adl,fall,0.826000,0
le2i-blazepose-normalized::Home_02_video_56,2,6059,6059,281,305,0.000000,0.000000,adl,fall,0.828000,0
le2i-blazepose-normalized::Home_02_video_56,2,6060,6060,286,310,0.000000,0.000000,adl,fall,0.584000,0
le2i-blazepose-normalized::Home_02_video_56,2,6061,6061,291,315,0.000000,0.000000,adl,adl,0.058000,1
le2i-blazepose-normalized::Home_02_video_56,2,6062,6062,296,320,0.000000,0.000000,adl,adl,0.048000,1
le2i-blazepose-normalized::Home_02_video_56,2,6063,6063,301,325,0.000000,0.000000,adl,adl,0.058000,1
le2i-blazepose-normalized::Home_02_video_56,2,6064,6064,306,330,0.000000,0.000000,adl,adl,0.038000,1
le2i-blazepose-normalized::Home_02_video_56,2,6065,6065,311,335,0.000000,0.000000,adl,adl,0.038000,1
le2i-blazepose-normalized::Home_02_video_56,2,6066,6066,316,340,0.000000,0.000000,adl,adl,0.078000,1
le2i-blazepose-normalized::Home_02_video_56,2,6067,6067,321,345,0.000000,0.000000,adl,adl,0.082000,1
le2i-blazepose-normalized::Home_02_video_56,2,6068,6068,326,350,0.000000,0.000000,adl,adl,0.022000,1
le2i-blazepose-normalized::Home_02_video_56,2,6069,6069,331,355,0.000000,0.000000,adl,adl,0.012000,1
le2i-blazepose-normalized::Home_02_video_56,2,6070,6070,336,360,0.000000,0.000000,adl,adl,0.020000,1
le2i-blazepose-normalized::Home_02_video_57,3,6071,6071,46,70,0.000000,0.000000,adl,adl,0.054000,1
le2i-blazepose-normalized::Home_02_video_57,3,6072,6072,51,75,0.000000,0.000000,adl,adl,0.032000,1
le2i-blazepose-normalized::Home_02_video_57,3,6073,6073,56,80,0.000000,0.000000,adl,adl,0.024000,1
le2i-blazepose-normalized::Home_02_video_57,3,6074,6074,61,85,0.000000,0.000000,adl,adl,0.012000,1
le2i-blazepose-normalized::Home_02_video_57,3,6075,6075,66,90,0.000000,0.000000,adl,adl,0.002000,1
le2i-blazepose-normalized::Home_02_video_57,3,6076,6076,71,95,0.000000,0.000000,adl,adl,0.002000,1
le2i-blazepose-normalized::Home_02_video_57,3,6077,6077,76,100,0.000000,0.000000,adl,adl,0.014000,1
le2i-blazepose-normalized::Home_02_video_57,3,6078,6078,81,105,0.000000,0.000000,adl,adl,0.040000,1
le2i-blazepose-normalized::Home_02_video_57,3,6079,6079,86,110,0.000000,0.000000,adl,adl,0.014000,1
le2i-blazepose-normalized::Home_02_video_57,3,6080,6080,91,115,0.000000,0.000000,adl,adl,0.010000,1
le2i-blazepose-normalized::Home_02_video_57,3,6081,6081,96,120,0.000000,0.000000,adl,adl,0.006000,1
le2i-blazepose-normalized::Home_02_video_57,3,6082,6082,101,125,0.000000,0.000000,adl,adl,0.000000,1
le2i-blazepose-normalized::Home_02_video_57,3,6083,6083,106,130,0.000000,0.000000,adl,adl,0.002000,1
le2i-blazepose-normalized::Home_02_video_57,3,6084,6084,111,135,0.000000,0.000000,adl,adl,0.000000,1
le2i-blazepose-normalized::Home_02_video_57,3,6085,6085,116,140,0.000000,0.000000,adl,adl,0.000000,1
le2i-blazepose-normalized::Home_02_video_57,3,6086,6086,121,145,0.000000,0.000000,adl,adl,0.000000,1
le2i-blazepose-normalized::Home_02_video_57,3,6087,6087,126,150,0.000000,0.000000,adl,adl,0.000000,1
le2i-blazepose-normalized::Home_02_video_57,3,6088,6088,131,155,0.000000,0.000000,adl,adl,0.000000,1
le2i-blazepose-normalized::Home_02_video_57,3,6089,6089,136,160,0.000000,0.000000,adl,adl,0.000000,1
le2i-blazepose-normalized::Home_02_video_57,3,6090,6090,141,165,0.000000,0.000000,adl,adl,0.000000,1
le2i-blazepose-normalized::Home_02_video_57,3,6091,6091,146,170,0.000000,0.000000,adl,adl,0.118000,1
le2i-blazepose-normalized::Home_02_video_57,3,6092,6092,151,175,0.000000,0.000000,adl,adl,0.054000,1
le2i-blazepose-normalized::Home_02_video_57,3,6093,6093,156,180,0.000000,0.000000,adl,adl,0.040000,1
le2i-blazepose-normalized::Home_02_video_57,3,6094,6094,161,185,0.000000,0.000000,adl,adl,0.022000,1
le2i-blazepose-normalized::Home_02_video_57,3,6095,6095,166,190,0.000000,0.000000,adl,adl,0.010000,1
le2i-blazepose-normalized::Home_02_video_57,3,6096,6096,171,195,0.000000,0.000000,adl,adl,0.016000,1
le2i-blazepose-normalized::Home_02_video_58,3,6097,6097,1,25,0.000000,0.000000,adl,adl,0.024000,1
le2i-blazepose-normalized::Home_02_video_58,3,6098,6098,36,60,0.000000,0.000000,adl,adl,0.006000,1
le2i-blazepose-normalized::Home_02_video_58,3,6099,6099,41,65,0.000000,0.000000,adl,adl,0.008000,1
le2i-blazepose-normalized::Home_02_video_58,3,6100,6100,46,70,0.000000,0.000000,adl,adl,0.004000,1
le2i-blazepose-normalized::Home_02_video_58,3,6101,6101,51,75,0.000000,0.000000,adl,adl,0.002000,1
le2i-blazepose-normalized::Home_02_video_58,3,6102,6102,56,80,0.000000,0.000000,adl,adl,0.022000,1
le2i-blazepose-normalized::Home_02_video_58,3,6103,6103,61,85,0.000000,0.000000,adl,adl,0.016000,1
le2i-blazepose-normalized::Home_02_video_58,3,6104,6104,66,90,0.000000,0.000000,adl,adl,0.008000,1
le2i-blazepose-normalized::Home_02_video_58,3,6105,6105,71,95,0.000000,0.000000,adl,adl,0.006000,1
le2i-blazepose-normalized::Home_02_video_58,3,6106,6106,76,100,0.000000,0.000000,adl,adl,0.008000,1
le2i-blazepose-normalized::Home_02_video_58,3,6107,6107,81,105,0.000000,0.000000,adl,adl,0.002000,1
le2i-blazepose-normalized::Home_02_video_58,3,6108,6108,86,110,0.000000,0.000000,adl,adl,0.006000,1
le2i-blazepose-normalized::Home_02_video_58,3,6109,6109,91,115,0.000000,0.000000,adl,adl,0.006000,1
le2i-blazepose-normalized::Home_02_video_58,3,6110,6110,96,120,0.000000,0.000000,adl,adl,0.006000,1
le2i-blazepose-normalized::Home_02_video_58,3,6111,6111,101,125,0.000000,0.000000,adl,adl,0.006000,1
le2i-blazepose-normalized::Home_02_video_58,3,6112,6112,106,130,0.000000,0.000000,adl,adl,0.006000,1
le2i-blazepose-normalized::Home_02_video_58,3,6113,6113,111,135,0.000000,0.000000,adl,adl,0.008000,1
le2i-blazepose-normalized::Home_02_video_58,3,6114,6114,116,140,0.000000,0.000000,adl,adl,0.000000,1
le2i-blazepose-normalized::Home_02_video_58,3,6115,6115,121,145,0.000000,0.000000,adl,adl,0.000000,1
le2i-blazepose-normalized::Home_02_video_58,3,6116,6116,126,150,0.000000,0.000000,adl,adl,0.000000,1
le2i-blazepose-normalized::Home_02_video_58,3,6117,6117,151,175,0.000000,0.000000,adl,adl,0.098000,1
le2i-blazepose-normalized::Home_02_video_58,3,6118,6118,156,180,0.000000,0.000000,adl,adl,0.060000,1
le2i-blazepose-normalized::Home_02_video_58,3,6119,6119,161,185,0.000000,0.000000,adl,adl,0.012000,1
le2i-blazepose-normalized::Home_02_video_58,3,6120,6120,166,190,0.000000,0.000000,adl,adl,0.006000,1
le2i-blazepose-normalized::Home_02_video_58,3,6121,6121,171,195,0.000000,0.000000,adl,adl,0.004000,1
le2i-blazepose-normalized::Home_02_video_58,3,6122,6122,176,200,0.000000,0.000000,adl,adl,0.002000,1
le2i-blazepose-normalized::Home_02_video_58,3,6123,6123,181,205,0.000000,0.000000,adl,adl,0.002000,1
le2i-blazepose-normalized::Home_02_video_58,3,6124,6124,186,210,0.000000,0.000000,adl,adl,0.020000,1
le2i-blazepose-normalized::Home_02_video_58,3,6125,6125,191,215,0.000000,0.000000,adl,adl,0.010000,1
le2i-blazepose-normalized::Home_02_video_58,3,6126,6126,196,220,0.000000,0.000000,adl,adl,0.000000,1
le2i-blazepose-normalized::Home_02_video_58,3,6127,6127,201,225,0.000000,0.000000,adl,adl,0.002000,1
le2i-blazepose-normalized::Home_02_video_58,3,6128,6128,206,230,0.000000,0.000000,adl,adl,0.002000,1
le2i-blazepose-normalized::Home_02_video_58,3,6129,6129,211,235,0.000000,0.000000,adl,adl,0.000000,1
le2i-blazepose-normalized::Home_02_video_58,3,6130,6130,216,240,0.000000,0.000000,adl,adl,0.000000,1
le2i-blazepose-normalized::Home_02_video_58,3,6131,6131,221,245,0.000000,0.000000,adl,adl,0.000000,1
le2i-blazepose-normalized::Home_02_video_58,3,6132,6132,226,250,0.000000,0.000000,adl,adl,0.002000,1
le2i-blazepose-normalized::Home_02_video_58,3,6133,6133,231,255,0.000000,0.000000,adl,adl,0.000000,1
le2i-blazepose-normalized::Home_02_video_58,3,6134,6134,236,260,0.000000,0.000000,adl,adl,0.000000,1
le2i-blazepose-normalized::Home_02_video_58,3,6135,6135,241,265,0.000000,0.000000,adl,adl,0.000000,1
le2i-blazepose-normalized::Home_02_video_58,3,6136,6136,246,270,0.000000,0.000000,adl,adl,0.000000,1
le2i-blazepose-normalized::Home_02_video_59,5,6137,6137,71,95,0.000000,0.000000,adl,adl,0.000000,1
le2i-blazepose-normalized::Home_02_video_59,5,6138,6138,76,100,0.000000,0.000000,adl,adl,0.002000,1
le2i-blazepose-normalized::Home_02_video_59,5,6139,6139,81,105,0.000000,0.000000,adl,adl,0.002000,1
le2i-blazepose-normalized::Home_02_video_59,5,6140,6140,86,110,0.000000,0.000000,adl,adl,0.002000,1
le2i-blazepose-normalized::Home_02_video_59,5,6141,6141,91,115,0.000000,0.000000,adl,adl,0.002000,1
le2i-blazepose-normalized::Home_02_video_59,5,6142,6142,96,120,0.000000,0.000000,adl,adl,0.002000,1
le2i-blazepose-normalized::Home_02_video_59,5,6143,6143,101,125,0.000000,0.000000,adl,adl,0.000000,1
le2i-blazepose-normalized::Home_02_video_59,5,6144,6144,106,130,0.000000,0.000000,adl,adl,0.000000,1
le2i-blazepose-normalized::Home_02_video_59,5,6145,6145,111,135,0.000000,0.000000,adl,adl,0.006000,1
le2i-blazepose-normalized::Home_02_video_59,5,6146,6146,116,140,0.000000,0.000000,adl,adl,0.006000,1
le2i-blazepose-normalized::Home_02_video_59,5,6147,6147,121,145,0.000000,0.000000,adl,adl,0.014000,1
le2i-blazepose-normalized::Home_02_video_59,5,6148,6148,126,150,0.000000,0.000000,adl,adl,0.060000,1
le2i-blazepose-normalized::Home_02_video_59,5,6149,6149,131,155,0.000000,0.000000,adl,adl,0.086000,1
le2i-blazepose-normalized::Home_02_video_59,5,6150,6150,136,160,0.000000,0.000000,adl,adl,0.092000,1
le2i-blazepose-normalized::Home_02_video_59,5,6151,6151,141,165,0.000000,0.000000,adl,adl,0.060000,1
le2i-blazepose-normalized::Home_02_video_59,5,6152,6152,146,170,0.000000,0.000000,adl,adl,0.034000,1
le2i-blazepose-normalized::Home_02_video_59,5,6153,6153,151,175,0.000000,0.000000,adl,adl,0.046000,1
le2i-blazepose-normalized::Home_02_video_60,3,6154,6154,1,25,0.000000,0.000000,adl,adl,0.008000,1
le2i-blazepose-normalized::Home_02_video_60,3,6155,6155,76,100,0.000000,0.000000,adl,adl,0.010000,1
le2i-blazepose-normalized::Home_02_video_60,3,6156,6156,81,105,0.000000,0.000000,adl,adl,0.006000,1
le2i-blazepose-normalized::Home_02_video_60,3,6157,6157,86,110,0.000000,0.000000,adl,adl,0.010000,1
le2i-blazepose-normalized::Home_02_video_60,3,6158,6158,91,115,0.000000,0.000000,adl,adl,0.004000,1
le2i-blazepose-normalized::Home_02_video_60,3,6159,6159,96,120,0.000000,0.000000,adl,adl,0.008000,1
le2i-blazepose-normalized::Home_02_video_60,3,6160,6160,101,125,0.000000,0.000000,adl,adl,0.004000,1
le2i-blazepose-normalized::Home_02_video_60,3,6161,6161,106,130,0.000000,0.000000,adl,adl,0.004000,1
le2i-blazepose-normalized::Home_02_video_60,3,6162,6162,126,150,0.000000,0.000000,adl,adl,0.010000,1
le2i-blazepose-normalized::Home_02_video_60,3,6163,6163,131,155,0.000000,0.000000,adl,adl,0.000000,1
le2i-blazepose-normalized::Home_02_video_60,3,6164,6164,136,160,0.000000,0.000000,adl,adl,0.000000,1
le2i-blazepose-normalized::Home_02_video_60,3,6165,6165,141,165,0.000000,0.000000,adl,adl,0.004000,1
le2i-blazepose-normalized::Home_02_video_60,3,6166,6166,146,170,0.000000,0.000000,adl,adl,0.004000,1
le2i-blazepose-normalized::Home_02_video_60,3,6167,6167,151,175,0.000000,0.000000,adl,adl,0.008000,1
le2i-blazepose-normalized::Home_02_video_60,3,6168,6168,156,180,0.000000,0.000000,adl,adl,0.000000,1
le2i-blazepose-normalized::Home_02_video_60,3,6169,6169,161,185,0.000000,0.000000,adl,adl,0.000000,1
le2i-blazepose-normalized::Home_02_video_60,3,6170,6170,166,190,0.000000,0.000000,adl,adl,0.000000,1
le2i-blazepose-normalized::Home_02_video_60,3,6171,6171,171,195,0.000000,0.000000,adl,adl,0.000000,1
le2i-blazepose-normalized::Home_02_video_60,3,6172,6172,176,200,0.000000,0.000000,adl,adl,0.000000,1
