video_id,source_file,start_frame,end_frame,label,y_true,y_pred,fall_probability
Coffee_room_01_video_15,data/keypoints_le2i/Coffee_room_01_video_15.npz,1,25,0,0,0,1.06292884e-10
Coffee_room_01_video_15,data/keypoints_le2i/Coffee_room_01_video_15.npz,6,30,0,0,0,1.0487661e-09
Coffee_room_01_video_15,data/keypoints_le2i/Coffee_room_01_video_15.npz,11,35,0,0,0,5.4293217e-08
Coffee_room_01_video_15,data/keypoints_le2i/Coffee_room_01_video_15.npz,16,40,0,0,0,2.3402853e-08
Coffee_room_01_video_15,data/keypoints_le2i/Coffee_room_01_video_15.npz,21,45,0,0,0,3.2917814e-08
Coffee_room_01_video_15,data/keypoints_le2i/Coffee_room_01_video_15.npz,26,50,0,0,0,8.822082e-07
Coffee_room_01_video_15,data/keypoints_le2i/Coffee_room_01_video_15.npz,31,55,0,0,0,0.00016488016
Coffee_room_01_video_15,data/keypoints_le2i/Coffee_room_01_video_15.npz,36,60,1,1,1,0.5006384
Coffee_room_01_video_15,data/keypoints_le2i/Coffee_room_01_video_15.npz,41,65,1,1,1,0.979813
Coffee_room_01_video_15,data/keypoints_le2i/Coffee_room_01_video_15.npz,46,70,1,1,1,0.9964568
Coffee_room_01_video_15,data/keypoints_le2i/Coffee_room_01_video_15.npz,51,75,1,1,1,0.99152327
Coffee_room_01_video_15,data/keypoints_le2i/Coffee_room_01_video_15.npz,56,80,1,1,1,0.9317796
Coffee_room_01_video_15,data/keypoints_le2i/Coffee_room_01_video_15.npz,61,85,1,1,1,0.823137
Coffee_room_01_video_15,data/keypoints_le2i/Coffee_room_01_video_15.npz,66,90,0,0,1,0.7590095
Coffee_room_01_video_15,data/keypoints_le2i/Coffee_room_01_video_15.npz,71,95,0,0,1,0.76071525
Coffee_room_01_video_15,data/keypoints_le2i/Coffee_room_01_video_15.npz,76,100,0,0,1,0.7699816
Coffee_room_01_video_15,data/keypoints_le2i/Coffee_room_01_video_15.npz,81,105,0,0,1,0.77618766
Coffee_room_01_video_15,data/keypoints_le2i/Coffee_room_01_video_15.npz,86,110,0,0,1,0.772531
Coffee_room_01_video_15,data/keypoints_le2i/Coffee_room_01_video_15.npz,91,115,0,0,1,0.7721138
Coffee_room_01_video_15,data/keypoints_le2i/Coffee_room_01_video_15.npz,96,120,0,0,1,0.76995987
Coffee_room_01_video_15,data/keypoints_le2i/Coffee_room_01_video_15.npz,101,125,0,0,1,0.77214146
Coffee_room_01_video_15,data/keypoints_le2i/Coffee_room_01_video_15.npz,106,130,0,0,1,0.76711553
Coffee_room_01_video_15,data/keypoints_le2i/Coffee_room_01_video_15.npz,111,135,0,0,1,0.763325
Coffee_room_01_video_15,data/keypoints_le2i/Coffee_room_01_video_15.npz,116,140,0,0,1,0.77767754
Coffee_room_01_video_2,data/keypoints_le2i/Coffee_room_01_video_2.npz,1,25,0,0,0,0.005550959
Coffee_room_01_video_2,data/keypoints_le2i/Coffee_room_01_video_2.npz,6,30,0,0,0,0.00020420119
Coffee_room_01_video_2,data/keypoints_le2i/Coffee_room_01_video_2.npz,11,35,0,0,0,5.8130394e-05
Coffee_room_01_video_2,data/keypoints_le2i/Coffee_room_01_video_2.npz,16,40,0,0,0,8.962933e-05
Coffee_room_01_video_2,data/keypoints_le2i/Coffee_room_01_video_2.npz,21,45,0,0,0,2.423787e-05
Coffee_room_01_video_2,data/keypoints_le2i/Coffee_room_01_video_2.npz,26,50,0,0,0,1.0001906e-05
Coffee_room_01_video_2,data/keypoints_le2i/Coffee_room_01_video_2.npz,31,55,0,0,0,1.64403e-06
Coffee_room_01_video_2,data/keypoints_le2i/Coffee_room_01_video_2.npz,36,60,0,0,0,5.160813e-07
Coffee_room_01_video_2,data/keypoints_le2i/Coffee_room_01_video_2.npz,41,65,0,0,0,2.017726e-07
Coffee_room_01_video_2,data/keypoints_le2i/Coffee_room_01_video_2.npz,46,70,0,0,0,4.9946134e-08
Coffee_room_01_video_2,data/keypoints_le2i/Coffee_room_01_video_2.npz,51,75,0,0,0,1.5569634e-08
Coffee_room_01_video_2,data/keypoints_le2i/Coffee_room_01_video_2.npz,56,80,0,0,0,3.8855656e-09
Coffee_room_01_video_2,data/keypoints_le2i/Coffee_room_01_video_2.npz,61,85,0,0,0,2.5077324e-10
Coffee_room_01_video_2,data/keypoints_le2i/Coffee_room_01_video_2.npz,66,90,0,0,0,1.4355822e-11
Coffee_room_01_video_2,data/keypoints_le2i/Coffee_room_01_video_2.npz,71,95,0,0,0,1.3829492e-12
Coffee_room_01_video_2,data/keypoints_le2i/Coffee_room_01_video_2.npz,76,100,0,0,0,1.6231743e-13
Coffee_room_01_video_2,data/keypoints_le2i/Coffee_room_01_video_2.npz,81,105,0,0,0,4.0443787e-14
Coffee_room_01_video_2,data/keypoints_le2i/Coffee_room_01_video_2.npz,86,110,0,0,0,2.0214094e-14
Coffee_room_01_video_2,data/keypoints_le2i/Coffee_room_01_video_2.npz,91,115,0,0,0,1.5113807e-14
Coffee_room_01_video_2,data/keypoints_le2i/Coffee_room_01_video_2.npz,96,120,0,0,0,1.4153412e-14
Coffee_room_01_video_2,data/keypoints_le2i/Coffee_room_01_video_2.npz,101,125,0,0,0,4.812222e-16
Coffee_room_01_video_2,data/keypoints_le2i/Coffee_room_01_video_2.npz,106,130,0,0,0,5.1652264e-22
Coffee_room_01_video_2,data/keypoints_le2i/Coffee_room_01_video_2.npz,111,135,0,0,0,2.181459e-17
Coffee_room_01_video_2,data/keypoints_le2i/Coffee_room_01_video_2.npz,116,140,0,0,0,2.1435753e-13
Coffee_room_01_video_2,data/keypoints_le2i/Coffee_room_01_video_2.npz,121,145,0,0,0,1.6214609e-12
Coffee_room_01_video_2,data/keypoints_le2i/Coffee_room_01_video_2.npz,126,150,0,0,0,1.8852277e-11
Coffee_room_01_video_2,data/keypoints_le2i/Coffee_room_01_video_2.npz,131,155,0,0,0,1.9742749e-10
Coffee_room_01_video_2,data/keypoints_le2i/Coffee_room_01_video_2.npz,136,160,0,0,0,1.3035834e-09
Coffee_room_01_video_2,data/keypoints_le2i/Coffee_room_01_video_2.npz,141,165,0,0,0,2.1253328e-09
Coffee_room_01_video_2,data/keypoints_le2i/Coffee_room_01_video_2.npz,146,170,0,0,0,2.1613522e-09
Coffee_room_01_video_2,data/keypoints_le2i/Coffee_room_01_video_2.npz,151,175,0,0,0,3.215072e-09
Coffee_room_01_video_2,data/keypoints_le2i/Coffee_room_01_video_2.npz,156,180,0,0,0,5.089149e-09
Coffee_room_01_video_2,data/keypoints_le2i/Coffee_room_01_video_2.npz,161,185,0,0,0,8.147513e-09
Coffee_room_01_video_2,data/keypoints_le2i/Coffee_room_01_video_2.npz,166,190,0,0,0,1.1077082e-07
Coffee_room_01_video_2,data/keypoints_le2i/Coffee_room_01_video_2.npz,171,195,0,0,0,0.00085287413
Coffee_room_01_video_2,data/keypoints_le2i/Coffee_room_01_video_2.npz,176,200,0,0,1,0.9679204
Coffee_room_01_video_2,data/keypoints_le2i/Coffee_room_01_video_2.npz,181,205,1,1,1,0.994224
Coffee_room_01_video_2,data/keypoints_le2i/Coffee_room_01_video_2.npz,186,210,1,1,1,0.9979684
Coffee_room_01_video_2,data/keypoints_le2i/Coffee_room_01_video_2.npz,191,215,1,1,1,0.9959176
Coffee_room_01_video_2,data/keypoints_le2i/Coffee_room_01_video_2.npz,196,220,1,1,1,0.9552362
Coffee_room_01_video_2,data/keypoints_le2i/Coffee_room_01_video_2.npz,201,225,1,1,1,0.72308606
Coffee_room_01_video_2,data/keypoints_le2i/Coffee_room_01_video_2.npz,206,230,1,1,1,0.6270173
Coffee_room_01_video_2,data/keypoints_le2i/Coffee_room_01_video_2.npz,211,235,0,0,1,0.58741534
Coffee_room_01_video_2,data/keypoints_le2i/Coffee_room_01_video_2.npz,216,240,0,0,1,0.5674091
Coffee_room_01_video_2,data/keypoints_le2i/Coffee_room_01_video_2.npz,221,245,0,0,1,0.54382384
Coffee_room_01_video_2,data/keypoints_le2i/Coffee_room_01_video_2.npz,226,250,0,0,1,0.5208506
Coffee_room_01_video_2,data/keypoints_le2i/Coffee_room_01_video_2.npz,231,255,0,0,1,0.52208096
Coffee_room_01_video_2,data/keypoints_le2i/Coffee_room_01_video_2.npz,236,260,0,0,1,0.5150741
Coffee_room_01_video_2,data/keypoints_le2i/Coffee_room_01_video_2.npz,241,265,0,0,1,0.5169591
Coffee_room_01_video_2,data/keypoints_le2i/Coffee_room_01_video_2.npz,246,270,0,0,1,0.5152868
Coffee_room_01_video_2,data/keypoints_le2i/Coffee_room_01_video_2.npz,251,275,0,0,1,0.52421457
Coffee_room_01_video_2,data/keypoints_le2i/Coffee_room_01_video_2.npz,256,280,0,0,1,0.5374069
Coffee_room_01_video_2,data/keypoints_le2i/Coffee_room_01_video_2.npz,261,285,0,0,1,0.5357834
Coffee_room_01_video_2,data/keypoints_le2i/Coffee_room_01_video_2.npz,266,290,0,0,1,0.5414229
Coffee_room_01_video_2,data/keypoints_le2i/Coffee_room_01_video_2.npz,271,295,0,0,1,0.53331715
Coffee_room_01_video_2,data/keypoints_le2i/Coffee_room_01_video_2.npz,276,300,0,0,1,0.5310699
Coffee_room_01_video_2,data/keypoints_le2i/Coffee_room_01_video_2.npz,281,305,0,0,1,0.52892226
Coffee_room_01_video_24,data/keypoints_le2i/Coffee_room_01_video_24.npz,1,25,0,0,0,1.1195215e-12
Coffee_room_01_video_24,data/keypoints_le2i/Coffee_room_01_video_24.npz,6,30,0,0,0,2.704772e-12
Coffee_room_01_video_24,data/keypoints_le2i/Coffee_room_01_video_24.npz,11,35,0,0,0,1.704418e-12
Coffee_room_01_video_24,data/keypoints_le2i/Coffee_room_01_video_24.npz,16,40,0,0,0,5.9812244e-08
Coffee_room_01_video_24,data/keypoints_le2i/Coffee_room_01_video_24.npz,21,45,0,0,0,9.067739e-08
Coffee_room_01_video_24,data/keypoints_le2i/Coffee_room_01_video_24.npz,26,50,0,0,0,1.5163552e-07
Coffee_room_01_video_24,data/keypoints_le2i/Coffee_room_01_video_24.npz,31,55,0,0,0,1.8991402e-07
Coffee_room_01_video_24,data/keypoints_le2i/Coffee_room_01_video_24.npz,36,60,0,0,0,1.7443888e-07
Coffee_room_01_video_24,data/keypoints_le2i/Coffee_room_01_video_24.npz,41,65,0,0,0,1.9727906e-07
Coffee_room_01_video_24,data/keypoints_le2i/Coffee_room_01_video_24.npz,46,70,0,0,0,2.5067052e-07
Coffee_room_01_video_24,data/keypoints_le2i/Coffee_room_01_video_24.npz,51,75,0,0,0,3.3705578e-07
Coffee_room_01_video_24,data/keypoints_le2i/Coffee_room_01_video_24.npz,56,80,0,0,0,6.27886e-07
Coffee_room_01_video_24,data/keypoints_le2i/Coffee_room_01_video_24.npz,61,85,0,0,0,1.5725071e-06
Coffee_room_01_video_24,data/keypoints_le2i/Coffee_room_01_video_24.npz,66,90,0,0,0,3.58791e-06
Coffee_room_01_video_24,data/keypoints_le2i/Coffee_room_01_video_24.npz,71,95,0,0,0,7.927953e-06
Coffee_room_01_video_24,data/keypoints_le2i/Coffee_room_01_video_24.npz,76,100,0,0,0,1.6205253e-05
Coffee_room_01_video_24,data/keypoints_le2i/Coffee_room_01_video_24.npz,81,105,0,0,0,2.8791585e-05
Coffee_room_01_video_24,data/keypoints_le2i/Coffee_room_01_video_24.npz,86,110,0,0,0,4.963685e-05
Coffee_room_01_video_24,data/keypoints_le2i/Coffee_room_01_video_24.npz,91,115,0,0,0,9.148458e-05
Coffee_room_01_video_24,data/keypoints_le2i/Coffee_room_01_video_24.npz,96,120,0,0,0,0.000210138
Coffee_room_01_video_24,data/keypoints_le2i/Coffee_room_01_video_24.npz,101,125,0,0,0,0.0004965019
Coffee_room_01_video_24,data/keypoints_le2i/Coffee_room_01_video_24.npz,106,130,0,0,0,0.00023188618
Coffee_room_01_video_24,data/keypoints_le2i/Coffee_room_01_video_24.npz,111,135,0,0,0,4.1979224e-06
Coffee_room_01_video_24,data/keypoints_le2i/Coffee_room_01_video_24.npz,116,140,0,0,0,9.996216e-10
Coffee_room_01_video_24,data/keypoints_le2i/Coffee_room_01_video_24.npz,121,145,0,0,0,1.091736e-14
Coffee_room_01_video_24,data/keypoints_le2i/Coffee_room_01_video_24.npz,126,150,0,0,0,1.3160185e-18
Coffee_room_01_video_24,data/keypoints_le2i/Coffee_room_01_video_24.npz,131,155,0,0,0,1.5140678e-20
Coffee_room_01_video_24,data/keypoints_le2i/Coffee_room_01_video_24.npz,136,160,0,0,0,4.8558204e-21
Coffee_room_01_video_24,data/keypoints_le2i/Coffee_room_01_video_24.npz,141,165,0,0,0,7.074913e-21
Coffee_room_01_video_24,data/keypoints_le2i/Coffee_room_01_video_24.npz,146,170,0,0,0,7.2399e-21
Coffee_room_01_video_24,data/keypoints_le2i/Coffee_room_01_video_24.npz,151,175,0,0,0,4.6057364e-21
Coffee_room_01_video_24,data/keypoints_le2i/Coffee_room_01_video_24.npz,156,180,0,0,0,3.0745609e-21
Coffee_room_01_video_24,data/keypoints_le2i/Coffee_room_01_video_24.npz,161,185,0,0,0,2.3413592e-21
Coffee_room_01_video_24,data/keypoints_le2i/Coffee_room_01_video_24.npz,166,190,0,0,0,3.1093911e-21
Coffee_room_01_video_24,data/keypoints_le2i/Coffee_room_01_video_24.npz,171,195,0,0,0,5.7670014e-21
Coffee_room_01_video_24,data/keypoints_le2i/Coffee_room_01_video_24.npz,176,200,0,0,0,8.392859e-21
Coffee_room_01_video_24,data/keypoints_le2i/Coffee_room_01_video_24.npz,181,205,0,0,0,1.7014879e-20
Coffee_room_01_video_24,data/keypoints_le2i/Coffee_room_01_video_24.npz,186,210,0,0,0,3.0114313e-18
Coffee_room_01_video_24,data/keypoints_le2i/Coffee_room_01_video_24.npz,191,215,0,0,0,1.4833939e-08
Coffee_room_01_video_24,data/keypoints_le2i/Coffee_room_01_video_24.npz,196,220,0,0,1,0.6332369
Coffee_room_01_video_24,data/keypoints_le2i/Coffee_room_01_video_24.npz,201,225,1,1,1,0.9954926
Coffee_room_01_video_24,data/keypoints_le2i/Coffee_room_01_video_24.npz,206,230,1,1,1,0.9993913
Coffee_room_01_video_24,data/keypoints_le2i/Coffee_room_01_video_24.npz,211,235,1,1,1,0.9974107
Coffee_room_01_video_24,data/keypoints_le2i/Coffee_room_01_video_24.npz,216,240,1,1,0,0.42408946
Coffee_room_01_video_24,data/keypoints_le2i/Coffee_room_01_video_24.npz,221,245,1,1,0,0.2819265
Coffee_room_01_video_24,data/keypoints_le2i/Coffee_room_01_video_24.npz,226,250,0,0,0,0.18480492
Coffee_room_01_video_24,data/keypoints_le2i/Coffee_room_01_video_24.npz,231,255,0,0,0,8.180232e-05
Coffee_room_01_video_24,data/keypoints_le2i/Coffee_room_01_video_24.npz,236,260,0,0,0,8.350925e-05
Coffee_room_01_video_24,data/keypoints_le2i/Coffee_room_01_video_24.npz,241,265,0,0,0,0.0022256032
Coffee_room_01_video_36,data/keypoints_le2i/Coffee_room_01_video_36.npz,1,25,0,0,0,6.5805606e-17
Coffee_room_01_video_36,data/keypoints_le2i/Coffee_room_01_video_36.npz,6,30,0,0,0,6.7676444e-19
Coffee_room_01_video_36,data/keypoints_le2i/Coffee_room_01_video_36.npz,11,35,0,0,0,9.041947e-21
Coffee_room_01_video_36,data/keypoints_le2i/Coffee_room_01_video_36.npz,16,40,0,0,0,2.1271204e-21
Coffee_room_01_video_36,data/keypoints_le2i/Coffee_room_01_video_36.npz,21,45,0,0,0,1.6631628e-21
Coffee_room_01_video_36,data/keypoints_le2i/Coffee_room_01_video_36.npz,26,50,0,0,0,4.0554085e-22
Coffee_room_01_video_36,data/keypoints_le2i/Coffee_room_01_video_36.npz,31,55,0,0,0,3.5348105e-25
Coffee_room_01_video_36,data/keypoints_le2i/Coffee_room_01_video_36.npz,36,60,0,0,0,9.1998785e-27
Coffee_room_01_video_36,data/keypoints_le2i/Coffee_room_01_video_36.npz,41,65,0,0,0,6.117832e-28
Coffee_room_01_video_36,data/keypoints_le2i/Coffee_room_01_video_36.npz,46,70,0,0,0,4.25771e-28
Coffee_room_01_video_36,data/keypoints_le2i/Coffee_room_01_video_36.npz,51,75,0,0,0,9.9232493e-29
Coffee_room_01_video_36,data/keypoints_le2i/Coffee_room_01_video_36.npz,56,80,0,0,0,4.1323042e-29
Coffee_room_01_video_36,data/keypoints_le2i/Coffee_room_01_video_36.npz,61,85,0,0,0,4.2903324e-29
Coffee_room_01_video_36,data/keypoints_le2i/Coffee_room_01_video_36.npz,66,90,0,0,0,6.9711797e-29
Coffee_room_01_video_36,data/keypoints_le2i/Coffee_room_01_video_36.npz,71,95,0,0,0,1.0083825e-28
Coffee_room_01_video_36,data/keypoints_le2i/Coffee_room_01_video_36.npz,76,100,0,0,0,1.427711e-28
Coffee_room_01_video_36,data/keypoints_le2i/Coffee_room_01_video_36.npz,81,105,0,0,0,2.1833033e-28
Coffee_room_01_video_36,data/keypoints_le2i/Coffee_room_01_video_36.npz,86,110,0,0,0,2.8190525e-28
Coffee_room_01_video_36,data/keypoints_le2i/Coffee_room_01_video_36.npz,91,115,0,0,0,2.6333657e-28
Coffee_room_01_video_36,data/keypoints_le2i/Coffee_room_01_video_36.npz,96,120,0,0,0,1.8618794e-29
Coffee_room_01_video_36,data/keypoints_le2i/Coffee_room_01_video_36.npz,101,125,0,0,0,3.7723447e-32
Coffee_room_01_video_36,data/keypoints_le2i/Coffee_room_01_video_36.npz,106,130,0,0,0,4.395873e-32
Coffee_room_01_video_36,data/keypoints_le2i/Coffee_room_01_video_36.npz,111,135,0,0,0,4.7097545e-32
Coffee_room_01_video_36,data/keypoints_le2i/Coffee_room_01_video_36.npz,116,140,0,0,0,2.2475446e-28
Coffee_room_01_video_36,data/keypoints_le2i/Coffee_room_01_video_36.npz,121,145,0,0,0,8.955748e-29
Coffee_room_01_video_36,data/keypoints_le2i/Coffee_room_01_video_36.npz,126,150,0,0,0,2.0346967e-29
Coffee_room_01_video_36,data/keypoints_le2i/Coffee_room_01_video_36.npz,131,155,0,0,0,9.245988e-30
Coffee_room_01_video_36,data/keypoints_le2i/Coffee_room_01_video_36.npz,136,160,0,0,0,7.196609e-30
Coffee_room_01_video_36,data/keypoints_le2i/Coffee_room_01_video_36.npz,141,165,0,0,0,5.8008867e-30
Coffee_room_01_video_36,data/keypoints_le2i/Coffee_room_01_video_36.npz,146,170,0,0,0,2.9463702e-30
Coffee_room_01_video_36,data/keypoints_le2i/Coffee_room_01_video_36.npz,151,175,0,0,0,2.3813697e-30
Coffee_room_01_video_36,data/keypoints_le2i/Coffee_room_01_video_36.npz,156,180,0,0,0,7.044933e-30
Coffee_room_01_video_36,data/keypoints_le2i/Coffee_room_01_video_36.npz,161,185,0,0,0,3.3717367e-29
Coffee_room_01_video_36,data/keypoints_le2i/Coffee_room_01_video_36.npz,166,190,0,0,0,2.0388077e-28
Coffee_room_01_video_36,data/keypoints_le2i/Coffee_room_01_video_36.npz,171,195,0,0,0,1.1520182e-27
Coffee_room_01_video_36,data/keypoints_le2i/Coffee_room_01_video_36.npz,176,200,0,0,0,5.169491e-27
Coffee_room_01_video_36,data/keypoints_le2i/Coffee_room_01_video_36.npz,181,205,0,0,0,1.4059746e-26
Coffee_room_01_video_36,data/keypoints_le2i/Coffee_room_01_video_36.npz,186,210,0,0,0,2.0933624e-26
Coffee_room_01_video_36,data/keypoints_le2i/Coffee_room_01_video_36.npz,191,215,0,0,0,2.0853125e-26
Coffee_room_01_video_36,data/keypoints_le2i/Coffee_room_01_video_36.npz,196,220,0,0,0,1.4996183e-26
Coffee_room_01_video_36,data/keypoints_le2i/Coffee_room_01_video_36.npz,201,225,0,0,0,3.423296e-27
Coffee_room_01_video_36,data/keypoints_le2i/Coffee_room_01_video_36.npz,206,230,0,0,0,8.502521e-28
Coffee_room_01_video_36,data/keypoints_le2i/Coffee_room_01_video_36.npz,211,235,0,0,0,5.766387e-28
Coffee_room_01_video_36,data/keypoints_le2i/Coffee_room_01_video_36.npz,216,240,0,0,0,4.408981e-28
Coffee_room_01_video_36,data/keypoints_le2i/Coffee_room_01_video_36.npz,221,245,0,0,0,1.669087e-28
Coffee_room_01_video_36,data/keypoints_le2i/Coffee_room_01_video_36.npz,226,250,0,0,0,5.9933694e-29
Coffee_room_01_video_36,data/keypoints_le2i/Coffee_room_01_video_36.npz,231,255,0,0,0,1.8453053e-29
Coffee_room_01_video_36,data/keypoints_le2i/Coffee_room_01_video_36.npz,236,260,0,0,0,2.8231298e-29
Coffee_room_01_video_36,data/keypoints_le2i/Coffee_room_01_video_36.npz,241,265,0,0,0,3.1121905e-29
Coffee_room_01_video_36,data/keypoints_le2i/Coffee_room_01_video_36.npz,246,270,0,0,0,3.2591354e-29
Coffee_room_01_video_36,data/keypoints_le2i/Coffee_room_01_video_36.npz,251,275,0,0,0,3.5794323e-29
Coffee_room_01_video_36,data/keypoints_le2i/Coffee_room_01_video_36.npz,256,280,0,0,0,4.9101915e-29
Coffee_room_01_video_36,data/keypoints_le2i/Coffee_room_01_video_36.npz,261,285,0,0,0,8.084427e-29
Coffee_room_01_video_36,data/keypoints_le2i/Coffee_room_01_video_36.npz,266,290,0,0,0,9.964976e-29
Coffee_room_01_video_36,data/keypoints_le2i/Coffee_room_01_video_36.npz,271,295,0,0,0,9.9932984e-29
Coffee_room_01_video_36,data/keypoints_le2i/Coffee_room_01_video_36.npz,276,300,0,0,0,9.275491e-29
Coffee_room_01_video_36,data/keypoints_le2i/Coffee_room_01_video_36.npz,281,305,0,0,0,1.2081103e-28
Coffee_room_01_video_36,data/keypoints_le2i/Coffee_room_01_video_36.npz,286,310,0,0,0,2.6360995e-28
Coffee_room_01_video_36,data/keypoints_le2i/Coffee_room_01_video_36.npz,291,315,0,0,0,1.3722996e-27
Coffee_room_01_video_36,data/keypoints_le2i/Coffee_room_01_video_36.npz,296,320,0,0,0,1.4809321e-26
Coffee_room_01_video_36,data/keypoints_le2i/Coffee_room_01_video_36.npz,301,325,0,0,0,1.1477644e-25
Coffee_room_01_video_36,data/keypoints_le2i/Coffee_room_01_video_36.npz,306,330,0,0,0,2.184998e-25
Coffee_room_01_video_36,data/keypoints_le2i/Coffee_room_01_video_36.npz,311,335,0,0,0,1.313922e-25
Coffee_room_01_video_36,data/keypoints_le2i/Coffee_room_01_video_36.npz,316,340,0,0,0,1.0257032e-24
Coffee_room_01_video_36,data/keypoints_le2i/Coffee_room_01_video_36.npz,321,345,0,0,0,1.2200855e-23
Coffee_room_01_video_36,data/keypoints_le2i/Coffee_room_01_video_36.npz,326,350,0,0,0,5.421395e-23
Coffee_room_01_video_36,data/keypoints_le2i/Coffee_room_01_video_36.npz,331,355,0,0,0,1.2923156e-22
Coffee_room_01_video_36,data/keypoints_le2i/Coffee_room_01_video_36.npz,336,360,0,0,0,4.463179e-22
Coffee_room_01_video_36,data/keypoints_le2i/Coffee_room_01_video_36.npz,341,365,0,0,0,1.760548e-21
Coffee_room_01_video_36,data/keypoints_le2i/Coffee_room_01_video_36.npz,346,370,0,0,0,5.5697746e-21
Coffee_room_01_video_36,data/keypoints_le2i/Coffee_room_01_video_36.npz,351,375,0,0,0,9.052784e-21
Coffee_room_01_video_36,data/keypoints_le2i/Coffee_room_01_video_36.npz,356,380,0,0,0,7.017901e-21
Coffee_room_01_video_36,data/keypoints_le2i/Coffee_room_01_video_36.npz,361,385,0,0,0,2.4358734e-21
Coffee_room_01_video_36,data/keypoints_le2i/Coffee_room_01_video_36.npz,366,390,0,0,0,2.8697333e-21
Coffee_room_01_video_36,data/keypoints_le2i/Coffee_room_01_video_36.npz,371,395,0,0,0,1.218678e-20
Coffee_room_01_video_36,data/keypoints_le2i/Coffee_room_01_video_36.npz,376,400,0,0,0,1.9657805e-20
Coffee_room_01_video_36,data/keypoints_le2i/Coffee_room_01_video_36.npz,381,405,0,0,0,1.195631e-20
Coffee_room_01_video_36,data/keypoints_le2i/Coffee_room_01_video_36.npz,386,410,0,0,0,9.079657e-21
Coffee_room_01_video_36,data/keypoints_le2i/Coffee_room_01_video_36.npz,391,415,0,0,0,8.22243e-21
Coffee_room_01_video_36,data/keypoints_le2i/Coffee_room_01_video_36.npz,396,420,0,0,0,2.9585883e-24
Coffee_room_01_video_36,data/keypoints_le2i/Coffee_room_01_video_36.npz,401,425,0,0,0,2.664758e-24
Coffee_room_01_video_36,data/keypoints_le2i/Coffee_room_01_video_36.npz,406,430,0,0,0,1.5282774e-22
Coffee_room_01_video_36,data/keypoints_le2i/Coffee_room_01_video_36.npz,436,460,0,0,0,1.8409445e-23
Coffee_room_01_video_36,data/keypoints_le2i/Coffee_room_01_video_36.npz,441,465,0,0,0,3.2717921e-21
Coffee_room_01_video_36,data/keypoints_le2i/Coffee_room_01_video_36.npz,446,470,0,0,0,1.4352088e-20
Coffee_room_01_video_36,data/keypoints_le2i/Coffee_room_01_video_36.npz,451,475,0,0,0,1.2088897e-20
Coffee_room_01_video_36,data/keypoints_le2i/Coffee_room_01_video_36.npz,456,480,0,0,0,2.735668e-20
Coffee_room_01_video_36,data/keypoints_le2i/Coffee_room_01_video_36.npz,461,485,0,0,0,4.1319153e-19
Coffee_room_01_video_36,data/keypoints_le2i/Coffee_room_01_video_36.npz,466,490,0,0,0,9.5514165e-18
Coffee_room_01_video_36,data/keypoints_le2i/Coffee_room_01_video_36.npz,471,495,0,0,0,1.3709783e-16
Coffee_room_01_video_36,data/keypoints_le2i/Coffee_room_01_video_36.npz,476,500,0,0,0,1.5130959e-15
Coffee_room_01_video_36,data/keypoints_le2i/Coffee_room_01_video_36.npz,481,505,0,0,0,1.3034309e-14
Coffee_room_01_video_36,data/keypoints_le2i/Coffee_room_01_video_36.npz,486,510,0,0,0,2.691786e-13
Coffee_room_01_video_36,data/keypoints_le2i/Coffee_room_01_video_36.npz,491,515,0,0,0,7.016993e-13
Coffee_room_01_video_36,data/keypoints_le2i/Coffee_room_01_video_36.npz,496,520,0,0,0,1.0133323e-12
Coffee_room_01_video_36,data/keypoints_le2i/Coffee_room_01_video_36.npz,501,525,0,0,0,6.0185086e-12
Coffee_room_01_video_36,data/keypoints_le2i/Coffee_room_01_video_36.npz,506,530,0,0,0,2.3257542e-10
Coffee_room_01_video_36,data/keypoints_le2i/Coffee_room_01_video_36.npz,511,535,0,0,0,1.8340474e-08
Coffee_room_01_video_36,data/keypoints_le2i/Coffee_room_01_video_36.npz,516,540,0,0,0,5.0382056e-07
Coffee_room_01_video_36,data/keypoints_le2i/Coffee_room_01_video_36.npz,521,545,0,0,0,1.3261442e-06
Coffee_room_01_video_36,data/keypoints_le2i/Coffee_room_01_video_36.npz,526,550,0,0,0,1.0793474e-06
Coffee_room_01_video_36,data/keypoints_le2i/Coffee_room_01_video_36.npz,531,555,0,0,0,8.9188757e-07
Coffee_room_01_video_36,data/keypoints_le2i/Coffee_room_01_video_36.npz,536,560,0,0,0,6.2262785e-07
Coffee_room_01_video_36,data/keypoints_le2i/Coffee_room_01_video_36.npz,541,565,0,0,0,2.1896308e-06
Coffee_room_01_video_36,data/keypoints_le2i/Coffee_room_01_video_36.npz,546,570,0,0,0,1.2219612e-05
Coffee_room_01_video_36,data/keypoints_le2i/Coffee_room_01_video_36.npz,551,575,0,0,0,6.70655e-05
Coffee_room_01_video_36,data/keypoints_le2i/Coffee_room_01_video_36.npz,556,580,0,0,0,3.9148566e-05
Coffee_room_01_video_36,data/keypoints_le2i/Coffee_room_01_video_36.npz,561,585,0,0,0,6.252131e-06
Coffee_room_01_video_36,data/keypoints_le2i/Coffee_room_01_video_36.npz,566,590,0,0,0,4.1150706e-06
Coffee_room_01_video_36,data/keypoints_le2i/Coffee_room_01_video_36.npz,571,595,0,0,0,2.4670403e-06
Coffee_room_01_video_36,data/keypoints_le2i/Coffee_room_01_video_36.npz,576,600,0,0,0,1.4292508e-06
Coffee_room_01_video_36,data/keypoints_le2i/Coffee_room_01_video_36.npz,581,605,0,0,0,9.604073e-07
Coffee_room_01_video_36,data/keypoints_le2i/Coffee_room_01_video_36.npz,586,610,0,0,0,2.131562e-07
Coffee_room_01_video_36,data/keypoints_le2i/Coffee_room_01_video_36.npz,591,615,0,0,0,1.5165194e-08
Coffee_room_01_video_36,data/keypoints_le2i/Coffee_room_01_video_36.npz,596,620,0,0,0,1.2005509e-09
Coffee_room_01_video_36,data/keypoints_le2i/Coffee_room_01_video_36.npz,601,625,0,0,0,2.8318076e-10
Coffee_room_01_video_36,data/keypoints_le2i/Coffee_room_01_video_36.npz,606,630,0,0,0,7.3686925e-11
Coffee_room_01_video_36,data/keypoints_le2i/Coffee_room_01_video_36.npz,611,635,0,0,0,6.5618145e-12
Coffee_room_01_video_36,data/keypoints_le2i/Coffee_room_01_video_36.npz,616,640,0,0,0,5.169922e-13
Coffee_room_01_video_36,data/keypoints_le2i/Coffee_room_01_video_36.npz,621,645,0,0,0,6.245958e-14
Coffee_room_01_video_36,data/keypoints_le2i/Coffee_room_01_video_36.npz,626,650,0,0,0,1.7421474e-15
Coffee_room_01_video_36,data/keypoints_le2i/Coffee_room_01_video_36.npz,631,655,0,0,0,5.598202e-17
Coffee_room_01_video_36,data/keypoints_le2i/Coffee_room_01_video_36.npz,636,660,0,0,0,1.3325375e-18
Coffee_room_01_video_36,data/keypoints_le2i/Coffee_room_01_video_36.npz,641,665,0,0,0,1.7556337e-19
Coffee_room_01_video_36,data/keypoints_le2i/Coffee_room_01_video_36.npz,646,670,0,0,0,2.602013e-19
Coffee_room_01_video_36,data/keypoints_le2i/Coffee_room_01_video_36.npz,651,675,0,0,0,8.235936e-19
Coffee_room_01_video_36,data/keypoints_le2i/Coffee_room_01_video_36.npz,656,680,0,0,0,2.2763928e-18
Coffee_room_01_video_36,data/keypoints_le2i/Coffee_room_01_video_36.npz,661,685,0,0,0,1.3984217e-19
Coffee_room_01_video_36,data/keypoints_le2i/Coffee_room_01_video_36.npz,666,690,0,0,0,2.014993e-21
Coffee_room_01_video_36,data/keypoints_le2i/Coffee_room_01_video_36.npz,671,695,0,0,0,5.083961e-23
Coffee_room_01_video_36,data/keypoints_le2i/Coffee_room_01_video_36.npz,676,700,0,0,0,1.4204894e-23
Coffee_room_01_video_36,data/keypoints_le2i/Coffee_room_01_video_36.npz,681,705,0,0,0,2.560911e-26
Coffee_room_01_video_36,data/keypoints_le2i/Coffee_room_01_video_36.npz,686,710,0,0,0,1.4857675e-22
Coffee_room_01_video_36,data/keypoints_le2i/Coffee_room_01_video_36.npz,691,715,0,0,0,8.164135e-22
Coffee_room_01_video_36,data/keypoints_le2i/Coffee_room_01_video_36.npz,696,720,0,0,0,2.233689e-21
Coffee_room_01_video_36,data/keypoints_le2i/Coffee_room_01_video_36.npz,701,725,0,0,0,4.9886015e-21
Coffee_room_01_video_36,data/keypoints_le2i/Coffee_room_01_video_36.npz,706,730,0,0,0,1.30276075e-20
Coffee_room_01_video_36,data/keypoints_le2i/Coffee_room_01_video_36.npz,711,735,0,0,0,3.94085e-20
Coffee_room_01_video_36,data/keypoints_le2i/Coffee_room_01_video_36.npz,716,740,0,0,0,1.3661419e-19
Coffee_room_01_video_36,data/keypoints_le2i/Coffee_room_01_video_36.npz,721,745,0,0,0,3.189014e-19
Coffee_room_01_video_36,data/keypoints_le2i/Coffee_room_01_video_36.npz,726,750,0,0,0,7.051291e-19
Coffee_room_01_video_36,data/keypoints_le2i/Coffee_room_01_video_36.npz,731,755,0,0,0,8.5918325e-19
Coffee_room_01_video_36,data/keypoints_le2i/Coffee_room_01_video_36.npz,736,760,0,0,0,6.036122e-19
Coffee_room_01_video_36,data/keypoints_le2i/Coffee_room_01_video_36.npz,741,765,0,0,0,5.462718e-19
Coffee_room_01_video_36,data/keypoints_le2i/Coffee_room_01_video_36.npz,746,770,0,0,0,4.0316755e-19
Coffee_room_01_video_36,data/keypoints_le2i/Coffee_room_01_video_36.npz,751,775,0,0,0,4.2101004e-19
Coffee_room_01_video_36,data/keypoints_le2i/Coffee_room_01_video_36.npz,756,780,0,0,0,3.2661464e-19
Coffee_room_01_video_36,data/keypoints_le2i/Coffee_room_01_video_36.npz,761,785,0,0,0,6.9621115e-23
Coffee_room_01_video_36,data/keypoints_le2i/Coffee_room_01_video_36.npz,766,790,0,0,0,1.2717603e-23
Coffee_room_01_video_36,data/keypoints_le2i/Coffee_room_01_video_36.npz,771,795,0,0,0,2.9751347e-24
Coffee_room_01_video_36,data/keypoints_le2i/Coffee_room_01_video_36.npz,776,800,0,0,0,6.8248937e-25
Coffee_room_01_video_36,data/keypoints_le2i/Coffee_room_01_video_36.npz,781,805,0,0,0,1.2208897e-25
Coffee_room_01_video_36,data/keypoints_le2i/Coffee_room_01_video_36.npz,786,810,0,0,0,1.3469908e-25
Coffee_room_01_video_36,data/keypoints_le2i/Coffee_room_01_video_36.npz,791,815,0,0,0,2.4375134e-25
Coffee_room_01_video_36,data/keypoints_le2i/Coffee_room_01_video_36.npz,796,820,0,0,0,5.11235e-25
Coffee_room_01_video_36,data/keypoints_le2i/Coffee_room_01_video_36.npz,801,825,0,0,0,7.456281e-21
Coffee_room_01_video_36,data/keypoints_le2i/Coffee_room_01_video_36.npz,806,830,0,0,0,1.4646999e-20
Coffee_room_01_video_36,data/keypoints_le2i/Coffee_room_01_video_36.npz,811,835,0,0,0,1.5854408e-20
Coffee_room_01_video_36,data/keypoints_le2i/Coffee_room_01_video_36.npz,816,840,0,0,0,3.1370435e-21
Coffee_room_01_video_36,data/keypoints_le2i/Coffee_room_01_video_36.npz,821,845,0,0,0,2.2329552e-22
Coffee_room_01_video_36,data/keypoints_le2i/Coffee_room_01_video_36.npz,826,850,0,0,0,1.1436486e-23
Coffee_room_01_video_36,data/keypoints_le2i/Coffee_room_01_video_36.npz,831,855,0,0,0,1.0164485e-24
Coffee_room_01_video_36,data/keypoints_le2i/Coffee_room_01_video_36.npz,836,860,0,0,0,7.3729977e-25
Coffee_room_01_video_36,data/keypoints_le2i/Coffee_room_01_video_36.npz,841,865,0,0,0,5.5791864e-24
Coffee_room_01_video_36,data/keypoints_le2i/Coffee_room_01_video_36.npz,846,870,0,0,0,4.66349e-23
Coffee_room_01_video_36,data/keypoints_le2i/Coffee_room_01_video_36.npz,851,875,0,0,0,2.00703e-21
Coffee_room_01_video_36,data/keypoints_le2i/Coffee_room_01_video_36.npz,856,880,0,0,0,5.2654476e-17
Coffee_room_01_video_36,data/keypoints_le2i/Coffee_room_01_video_36.npz,861,885,0,0,0,8.75562e-17
Coffee_room_01_video_36,data/keypoints_le2i/Coffee_room_01_video_36.npz,866,890,0,0,0,5.1554167e-17
Coffee_room_01_video_36,data/keypoints_le2i/Coffee_room_01_video_36.npz,871,895,0,0,0,1.18309244e-17
Coffee_room_01_video_36,data/keypoints_le2i/Coffee_room_01_video_36.npz,876,900,0,0,0,1.453242e-18
Coffee_room_01_video_36,data/keypoints_le2i/Coffee_room_01_video_36.npz,881,905,0,0,0,2.0195783e-22
Coffee_room_01_video_36,data/keypoints_le2i/Coffee_room_01_video_36.npz,886,910,0,0,0,1.0911236e-22
Coffee_room_01_video_36,data/keypoints_le2i/Coffee_room_01_video_36.npz,891,915,0,0,0,7.695222e-23
Coffee_room_01_video_36,data/keypoints_le2i/Coffee_room_01_video_36.npz,896,920,0,0,0,7.6071656e-23
Coffee_room_01_video_36,data/keypoints_le2i/Coffee_room_01_video_36.npz,901,925,0,0,0,5.626166e-23
Coffee_room_01_video_36,data/keypoints_le2i/Coffee_room_01_video_36.npz,906,930,0,0,0,1.6954337e-23
Coffee_room_01_video_36,data/keypoints_le2i/Coffee_room_01_video_36.npz,911,935,0,0,0,4.658385e-24
Coffee_room_01_video_36,data/keypoints_le2i/Coffee_room_01_video_36.npz,916,940,0,0,0,2.0372881e-24
Coffee_room_01_video_36,data/keypoints_le2i/Coffee_room_01_video_36.npz,921,945,0,0,0,2.8727299e-24
Coffee_room_01_video_36,data/keypoints_le2i/Coffee_room_01_video_36.npz,926,950,0,0,0,8.9116386e-24
Coffee_room_01_video_36,data/keypoints_le2i/Coffee_room_01_video_36.npz,931,955,0,0,0,2.960814e-23
Coffee_room_01_video_36,data/keypoints_le2i/Coffee_room_01_video_36.npz,936,960,0,0,0,1.3250277e-22
Coffee_room_01_video_36,data/keypoints_le2i/Coffee_room_01_video_36.npz,941,965,0,0,0,4.935486e-22
Coffee_room_01_video_36,data/keypoints_le2i/Coffee_room_01_video_36.npz,946,970,0,0,0,1.1871499e-21
Coffee_room_01_video_36,data/keypoints_le2i/Coffee_room_01_video_36.npz,951,975,0,0,0,1.358667e-21
Coffee_room_01_video_36,data/keypoints_le2i/Coffee_room_01_video_36.npz,956,980,0,0,0,7.5558925e-22
Coffee_room_01_video_36,data/keypoints_le2i/Coffee_room_01_video_36.npz,961,985,0,0,0,3.8429242e-22
Coffee_room_01_video_36,data/keypoints_le2i/Coffee_room_01_video_36.npz,966,990,0,0,0,1.9327271e-22
Coffee_room_01_video_36,data/keypoints_le2i/Coffee_room_01_video_36.npz,971,995,0,0,0,1.0503566e-22
Coffee_room_01_video_36,data/keypoints_le2i/Coffee_room_01_video_36.npz,976,1000,0,0,0,9.8747185e-23
Coffee_room_01_video_36,data/keypoints_le2i/Coffee_room_01_video_36.npz,981,1005,0,0,0,2.4300713e-22
Coffee_room_01_video_36,data/keypoints_le2i/Coffee_room_01_video_36.npz,986,1010,0,0,0,1.9660795e-21
Coffee_room_01_video_36,data/keypoints_le2i/Coffee_room_01_video_36.npz,991,1015,0,0,0,1.5854106e-20
Coffee_room_01_video_36,data/keypoints_le2i/Coffee_room_01_video_36.npz,996,1020,0,0,0,8.82943e-20
Coffee_room_01_video_36,data/keypoints_le2i/Coffee_room_01_video_36.npz,1001,1025,0,0,0,3.0340646e-19
Coffee_room_01_video_36,data/keypoints_le2i/Coffee_room_01_video_36.npz,1006,1030,0,0,0,9.816522e-19
Coffee_room_01_video_36,data/keypoints_le2i/Coffee_room_01_video_36.npz,1011,1035,0,0,0,8.648363e-18
Coffee_room_01_video_36,data/keypoints_le2i/Coffee_room_01_video_36.npz,1016,1040,0,0,0,4.1084695e-17
Coffee_room_01_video_36,data/keypoints_le2i/Coffee_room_01_video_36.npz,1021,1045,0,0,0,1.7532871e-16
Coffee_room_01_video_36,data/keypoints_le2i/Coffee_room_01_video_36.npz,1026,1050,0,0,0,4.0625278e-16
Coffee_room_01_video_36,data/keypoints_le2i/Coffee_room_01_video_36.npz,1031,1055,0,0,0,5.6150793e-16
Coffee_room_01_video_36,data/keypoints_le2i/Coffee_room_01_video_36.npz,1036,1060,0,0,0,1.5192846e-15
Coffee_room_01_video_36,data/keypoints_le2i/Coffee_room_01_video_36.npz,1041,1065,0,0,0,6.0898387e-15
Coffee_room_01_video_36,data/keypoints_le2i/Coffee_room_01_video_36.npz,1046,1070,0,0,0,7.6088834e-14
Coffee_room_01_video_36,data/keypoints_le2i/Coffee_room_01_video_36.npz,1051,1075,0,0,0,2.9275782e-10
Coffee_room_01_video_36,data/keypoints_le2i/Coffee_room_01_video_36.npz,1056,1080,0,0,0,1.3473881e-08
Coffee_room_01_video_36,data/keypoints_le2i/Coffee_room_01_video_36.npz,1061,1085,0,0,0,9.524673e-07
Coffee_room_01_video_36,data/keypoints_le2i/Coffee_room_01_video_36.npz,1066,1090,0,0,0,6.672359e-05
Coffee_room_01_video_36,data/keypoints_le2i/Coffee_room_01_video_36.npz,1071,1095,0,0,0,0.003894279
Coffee_room_01_video_36,data/keypoints_le2i/Coffee_room_01_video_36.npz,1076,1100,1,1,1,0.8050008
Coffee_room_01_video_36,data/keypoints_le2i/Coffee_room_01_video_36.npz,1081,1105,1,1,1,0.9947442
Coffee_room_01_video_36,data/keypoints_le2i/Coffee_room_01_video_36.npz,1086,1110,1,1,1,0.997209
Coffee_room_01_video_36,data/keypoints_le2i/Coffee_room_01_video_36.npz,1091,1115,1,1,1,0.98746467
Coffee_room_01_video_36,data/keypoints_le2i/Coffee_room_01_video_36.npz,1096,1120,1,1,1,0.8211492
Coffee_room_01_video_36,data/keypoints_le2i/Coffee_room_01_video_36.npz,1101,1125,1,1,1,0.5156838
Coffee_room_01_video_36,data/keypoints_le2i/Coffee_room_01_video_36.npz,1106,1130,0,0,0,0.4369536
Coffee_room_01_video_36,data/keypoints_le2i/Coffee_room_01_video_36.npz,1111,1135,0,0,0,0.3077996
Coffee_room_01_video_36,data/keypoints_le2i/Coffee_room_01_video_36.npz,1116,1140,0,0,0,0.25357905
Coffee_room_01_video_36,data/keypoints_le2i/Coffee_room_01_video_36.npz,1121,1145,0,0,0,0.09929623
Coffee_room_01_video_36,data/keypoints_le2i/Coffee_room_01_video_36.npz,1126,1150,0,0,0,0.10191017
Coffee_room_01_video_36,data/keypoints_le2i/Coffee_room_01_video_36.npz,1131,1155,0,0,0,0.102189675
Coffee_room_01_video_36,data/keypoints_le2i/Coffee_room_01_video_36.npz,1136,1160,0,0,0,0.100802
Coffee_room_01_video_36,data/keypoints_le2i/Coffee_room_01_video_36.npz,1141,1165,0,0,0,0.2409834
Coffee_room_01_video_36,data/keypoints_le2i/Coffee_room_01_video_36.npz,1146,1170,0,0,0,0.23563157
Coffee_room_01_video_36,data/keypoints_le2i/Coffee_room_01_video_36.npz,1151,1175,0,0,0,0.24030566
Coffee_room_01_video_36,data/keypoints_le2i/Coffee_room_01_video_36.npz,1156,1180,0,0,0,0.2442186
Coffee_room_01_video_36,data/keypoints_le2i/Coffee_room_01_video_36.npz,1161,1185,0,0,0,0.24458869
Coffee_room_01_video_36,data/keypoints_le2i/Coffee_room_01_video_36.npz,1166,1190,0,0,0,0.101448834
Coffee_room_01_video_36,data/keypoints_le2i/Coffee_room_01_video_36.npz,1171,1195,0,0,0,0.10293402
Coffee_room_01_video_36,data/keypoints_le2i/Coffee_room_01_video_36.npz,1176,1200,0,0,0,0.10119925
Coffee_room_01_video_42,data/keypoints_le2i/Coffee_room_01_video_42.npz,1,25,0,0,0,1.4557294e-08
Coffee_room_01_video_42,data/keypoints_le2i/Coffee_room_01_video_42.npz,6,30,0,0,0,2.495954e-07
Coffee_room_01_video_42,data/keypoints_le2i/Coffee_room_01_video_42.npz,11,35,0,0,0,2.4718304e-06
Coffee_room_01_video_42,data/keypoints_le2i/Coffee_room_01_video_42.npz,16,40,0,0,0,3.705468e-06
Coffee_room_01_video_42,data/keypoints_le2i/Coffee_room_01_video_42.npz,21,45,0,0,0,4.1123582e-07
Coffee_room_01_video_42,data/keypoints_le2i/Coffee_room_01_video_42.npz,26,50,0,0,0,1.8134088e-09
Coffee_room_01_video_42,data/keypoints_le2i/Coffee_room_01_video_42.npz,31,55,0,0,0,4.089121e-13
Coffee_room_01_video_42,data/keypoints_le2i/Coffee_room_01_video_42.npz,36,60,0,0,0,2.2594288e-17
Coffee_room_01_video_42,data/keypoints_le2i/Coffee_room_01_video_42.npz,41,65,0,0,0,3.8192512e-21
Coffee_room_01_video_42,data/keypoints_le2i/Coffee_room_01_video_42.npz,46,70,0,0,0,1.2972096e-23
Coffee_room_01_video_42,data/keypoints_le2i/Coffee_room_01_video_42.npz,51,75,0,0,0,1.8002474e-24
Coffee_room_01_video_42,data/keypoints_le2i/Coffee_room_01_video_42.npz,56,80,0,0,0,4.6719814e-24
Coffee_room_01_video_42,data/keypoints_le2i/Coffee_room_01_video_42.npz,61,85,0,0,0,2.6726286e-23
Coffee_room_01_video_42,data/keypoints_le2i/Coffee_room_01_video_42.npz,66,90,0,0,0,1.4630342e-22
Coffee_room_01_video_42,data/keypoints_le2i/Coffee_room_01_video_42.npz,71,95,0,0,0,9.015045e-22
Coffee_room_01_video_42,data/keypoints_le2i/Coffee_room_01_video_42.npz,76,100,0,0,0,7.655556e-21
Coffee_room_01_video_42,data/keypoints_le2i/Coffee_room_01_video_42.npz,81,105,0,0,0,1.3467691e-19
Coffee_room_01_video_42,data/keypoints_le2i/Coffee_room_01_video_42.npz,86,110,0,0,0,1.0501389e-17
Coffee_room_01_video_42,data/keypoints_le2i/Coffee_room_01_video_42.npz,91,115,0,0,0,1.4247486e-13
Coffee_room_01_video_42,data/keypoints_le2i/Coffee_room_01_video_42.npz,96,120,0,0,0,7.293511e-05
Coffee_room_01_video_42,data/keypoints_le2i/Coffee_room_01_video_42.npz,101,125,1,1,1,0.9593226
Coffee_room_01_video_42,data/keypoints_le2i/Coffee_room_01_video_42.npz,106,130,1,1,1,0.9997075
Coffee_room_01_video_42,data/keypoints_le2i/Coffee_room_01_video_42.npz,111,135,1,1,1,0.99995506
Coffee_room_01_video_42,data/keypoints_le2i/Coffee_room_01_video_42.npz,116,140,1,1,1,0.9992632
Coffee_room_01_video_42,data/keypoints_le2i/Coffee_room_01_video_42.npz,121,145,0,0,1,0.8574122
Coffee_room_01_video_42,data/keypoints_le2i/Coffee_room_01_video_42.npz,126,150,0,0,0,0.026529279
Coffee_room_01_video_42,data/keypoints_le2i/Coffee_room_01_video_42.npz,131,155,0,0,0,0.0014527598
Coffee_room_01_video_8,data/keypoints_le2i/Coffee_room_01_video_8.npz,1,25,0,0,0,1.6278914e-15
Coffee_room_01_video_8,data/keypoints_le2i/Coffee_room_01_video_8.npz,6,30,0,0,0,2.781554e-16
Coffee_room_01_video_8,data/keypoints_le2i/Coffee_room_01_video_8.npz,11,35,0,0,0,3.2478608e-17
Coffee_room_01_video_8,data/keypoints_le2i/Coffee_room_01_video_8.npz,16,40,0,0,0,6.83169e-18
Coffee_room_01_video_8,data/keypoints_le2i/Coffee_room_01_video_8.npz,21,45,0,0,0,2.9163752e-18
Coffee_room_01_video_8,data/keypoints_le2i/Coffee_room_01_video_8.npz,26,50,0,0,0,2.9609232e-18
Coffee_room_01_video_8,data/keypoints_le2i/Coffee_room_01_video_8.npz,31,55,0,0,0,1.5313208e-18
Coffee_room_01_video_8,data/keypoints_le2i/Coffee_room_01_video_8.npz,36,60,0,0,0,1.2986042e-18
Coffee_room_01_video_8,data/keypoints_le2i/Coffee_room_01_video_8.npz,41,65,0,0,0,2.3484654e-18
Coffee_room_01_video_8,data/keypoints_le2i/Coffee_room_01_video_8.npz,46,70,0,0,0,6.218403e-18
Coffee_room_01_video_8,data/keypoints_le2i/Coffee_room_01_video_8.npz,51,75,0,0,0,5.8179894e-17
Coffee_room_01_video_8,data/keypoints_le2i/Coffee_room_01_video_8.npz,56,80,0,0,0,1.5179066e-14
Coffee_room_01_video_8,data/keypoints_le2i/Coffee_room_01_video_8.npz,61,85,0,0,0,8.0246365e-10
Coffee_room_01_video_8,data/keypoints_le2i/Coffee_room_01_video_8.npz,66,90,0,0,0,3.783911e-13
Coffee_room_01_video_8,data/keypoints_le2i/Coffee_room_01_video_8.npz,71,95,0,0,0,4.711986e-12
Coffee_room_01_video_8,data/keypoints_le2i/Coffee_room_01_video_8.npz,76,100,0,0,0,1.8131225e-12
Coffee_room_01_video_8,data/keypoints_le2i/Coffee_room_01_video_8.npz,81,105,0,0,0,1.0770933e-12
Coffee_room_01_video_8,data/keypoints_le2i/Coffee_room_01_video_8.npz,86,110,0,0,0,4.1326377e-13
Coffee_room_01_video_8,data/keypoints_le2i/Coffee_room_01_video_8.npz,91,115,0,0,0,1.8916444e-13
Coffee_room_01_video_8,data/keypoints_le2i/Coffee_room_01_video_8.npz,96,120,0,0,0,1.5723944e-13
Coffee_room_01_video_8,data/keypoints_le2i/Coffee_room_01_video_8.npz,101,125,0,0,0,1.4184984e-13
Coffee_room_01_video_8,data/keypoints_le2i/Coffee_room_01_video_8.npz,106,130,0,0,0,8.3225886e-14
Coffee_room_01_video_8,data/keypoints_le2i/Coffee_room_01_video_8.npz,111,135,0,0,0,3.8407198e-14
Coffee_room_01_video_8,data/keypoints_le2i/Coffee_room_01_video_8.npz,116,140,0,0,0,1.9753859e-14
Coffee_room_01_video_8,data/keypoints_le2i/Coffee_room_01_video_8.npz,121,145,0,0,0,4.8538654e-14
Coffee_room_01_video_8,data/keypoints_le2i/Coffee_room_01_video_8.npz,126,150,0,0,0,3.0657236e-14
Coffee_room_01_video_8,data/keypoints_le2i/Coffee_room_01_video_8.npz,131,155,0,0,0,1.1135569e-11
Coffee_room_01_video_8,data/keypoints_le2i/Coffee_room_01_video_8.npz,136,160,0,0,0,3.4507444e-08
Coffee_room_01_video_8,data/keypoints_le2i/Coffee_room_01_video_8.npz,141,165,0,0,0,0.19305083
Coffee_room_01_video_8,data/keypoints_le2i/Coffee_room_01_video_8.npz,146,170,1,1,1,0.86193925
Coffee_room_01_video_8,data/keypoints_le2i/Coffee_room_01_video_8.npz,151,175,1,1,1,0.97303945
Coffee_room_01_video_8,data/keypoints_le2i/Coffee_room_01_video_8.npz,156,180,1,1,1,0.9965463
Coffee_room_01_video_8,data/keypoints_le2i/Coffee_room_01_video_8.npz,161,185,1,1,1,0.98145986
Coffee_room_01_video_8,data/keypoints_le2i/Coffee_room_01_video_8.npz,166,190,1,1,1,0.73773944
Coffee_room_01_video_8,data/keypoints_le2i/Coffee_room_01_video_8.npz,171,195,0,0,0,0.0780436
Coffee_room_01_video_8,data/keypoints_le2i/Coffee_room_01_video_8.npz,176,200,0,0,0,0.08061664
Coffee_room_01_video_8,data/keypoints_le2i/Coffee_room_01_video_8.npz,181,205,0,0,0,0.08233602
Coffee_room_01_video_8,data/keypoints_le2i/Coffee_room_01_video_8.npz,186,210,0,0,0,0.0733035
Coffee_room_01_video_8,data/keypoints_le2i/Coffee_room_01_video_8.npz,191,215,0,0,0,0.06183783
Coffee_room_01_video_8,data/keypoints_le2i/Coffee_room_01_video_8.npz,196,220,0,0,0,0.0134538775
Coffee_room_01_video_8,data/keypoints_le2i/Coffee_room_01_video_8.npz,201,225,0,0,0,0.06540248
Coffee_room_01_video_8,data/keypoints_le2i/Coffee_room_01_video_8.npz,206,230,0,0,0,0.058809686
Coffee_room_01_video_8,data/keypoints_le2i/Coffee_room_01_video_8.npz,211,235,0,0,0,0.060743492
Coffee_room_01_video_8,data/keypoints_le2i/Coffee_room_01_video_8.npz,216,240,0,0,1,0.57791674
Coffee_room_01_video_8,data/keypoints_le2i/Coffee_room_01_video_8.npz,221,245,0,0,1,0.82594144
Coffee_room_01_video_8,data/keypoints_le2i/Coffee_room_01_video_8.npz,226,250,0,0,1,0.79408836
Coffee_room_01_video_8,data/keypoints_le2i/Coffee_room_01_video_8.npz,231,255,0,0,1,0.80210143
Home_01_video_10,data/keypoints_le2i/Home_01_video_10.npz,86,110,0,0,0,1.9621428e-24
Home_01_video_10,data/keypoints_le2i/Home_01_video_10.npz,91,115,0,0,0,1.5775662e-22
Home_01_video_10,data/keypoints_le2i/Home_01_video_10.npz,96,120,0,0,0,2.5771561e-21
Home_01_video_10,data/keypoints_le2i/Home_01_video_10.npz,101,125,0,0,0,1.106661e-18
Home_01_video_10,data/keypoints_le2i/Home_01_video_10.npz,106,130,0,0,0,9.053349e-11
Home_01_video_10,data/keypoints_le2i/Home_01_video_10.npz,111,135,0,0,0,0.2485317
Home_01_video_10,data/keypoints_le2i/Home_01_video_10.npz,116,140,0,0,1,0.9049933
Home_01_video_10,data/keypoints_le2i/Home_01_video_10.npz,121,145,0,0,1,0.9899436
Home_01_video_10,data/keypoints_le2i/Home_01_video_10.npz,126,150,1,1,1,0.99732286
Home_01_video_10,data/keypoints_le2i/Home_01_video_10.npz,131,155,1,1,1,0.9806991
Home_01_video_10,data/keypoints_le2i/Home_01_video_10.npz,136,160,1,1,1,0.6127868
Home_01_video_10,data/keypoints_le2i/Home_01_video_10.npz,141,165,0,0,0,0.33145407
Home_01_video_10,data/keypoints_le2i/Home_01_video_10.npz,146,170,0,0,0,0.20198813
Home_01_video_10,data/keypoints_le2i/Home_01_video_10.npz,151,175,0,0,0,0.17220819
Home_01_video_10,data/keypoints_le2i/Home_01_video_10.npz,156,180,0,0,0,0.32019067
Home_01_video_10,data/keypoints_le2i/Home_01_video_10.npz,161,185,0,0,1,0.71287596
Home_01_video_10,data/keypoints_le2i/Home_01_video_10.npz,166,190,0,0,1,0.7113869
Home_01_video_10,data/keypoints_le2i/Home_01_video_10.npz,171,195,0,0,1,0.7949423
Home_01_video_10,data/keypoints_le2i/Home_01_video_10.npz,176,200,0,0,1,0.5708882
Home_01_video_10,data/keypoints_le2i/Home_01_video_10.npz,181,205,0,0,0,0.06515632
Home_01_video_10,data/keypoints_le2i/Home_01_video_10.npz,186,210,0,0,0,0.07095171
Home_01_video_10,data/keypoints_le2i/Home_01_video_10.npz,191,215,0,0,0,0.1586209
Home_01_video_10,data/keypoints_le2i/Home_01_video_10.npz,196,220,0,0,0,0.14065784
Home_01_video_10,data/keypoints_le2i/Home_01_video_10.npz,201,225,0,0,0,0.0833184
Home_01_video_10,data/keypoints_le2i/Home_01_video_10.npz,206,230,0,0,0,0.017145103
Home_01_video_10,data/keypoints_le2i/Home_01_video_10.npz,211,235,0,0,0,0.00015888963
Home_01_video_10,data/keypoints_le2i/Home_01_video_10.npz,216,240,0,0,0,5.0467364e-08
Home_01_video_10,data/keypoints_le2i/Home_01_video_10.npz,221,245,0,0,0,5.9388426e-13
Home_01_video_10,data/keypoints_le2i/Home_01_video_10.npz,226,250,0,0,0,2.3412134e-16
Home_01_video_10,data/keypoints_le2i/Home_01_video_10.npz,231,255,0,0,0,1.4429797e-16
Home_01_video_10,data/keypoints_le2i/Home_01_video_10.npz,236,260,0,0,0,3.7806283e-17
Home_01_video_10,data/keypoints_le2i/Home_01_video_10.npz,241,265,0,0,0,1.7361484e-17
Home_01_video_10,data/keypoints_le2i/Home_01_video_10.npz,246,270,0,0,0,1.06435124e-17
Home_01_video_10,data/keypoints_le2i/Home_01_video_10.npz,251,275,0,0,0,4.3489e-19
Home_01_video_10,data/keypoints_le2i/Home_01_video_10.npz,256,280,0,0,0,2.1963532e-19
Home_01_video_10,data/keypoints_le2i/Home_01_video_10.npz,261,285,0,0,0,1.2498651e-19
Home_01_video_10,data/keypoints_le2i/Home_01_video_10.npz,266,290,0,0,0,1.5919558e-20
Home_01_video_10,data/keypoints_le2i/Home_01_video_10.npz,271,295,0,0,0,1.0989068e-20
Home_01_video_10,data/keypoints_le2i/Home_01_video_10.npz,276,300,0,0,0,3.1336708e-21
Home_01_video_10,data/keypoints_le2i/Home_01_video_10.npz,281,305,0,0,0,4.0419097e-22
Home_01_video_10,data/keypoints_le2i/Home_01_video_10.npz,286,310,0,0,0,2.3636429e-20
Home_01_video_13,data/keypoints_le2i/Home_01_video_13.npz,51,75,0,0,0,1.6732073e-33
Home_01_video_13,data/keypoints_le2i/Home_01_video_13.npz,56,80,0,0,0,1.2810104e-32
Home_01_video_13,data/keypoints_le2i/Home_01_video_13.npz,61,85,0,0,0,8.5081176e-32
Home_01_video_13,data/keypoints_le2i/Home_01_video_13.npz,66,90,0,0,0,2.9814522e-31
Home_01_video_13,data/keypoints_le2i/Home_01_video_13.npz,71,95,0,0,0,4.5615724e-27
Home_01_video_13,data/keypoints_le2i/Home_01_video_13.npz,76,100,0,0,0,4.3256073e-25
Home_01_video_13,data/keypoints_le2i/Home_01_video_13.npz,81,105,0,0,0,2.1185254e-24
Home_01_video_13,data/keypoints_le2i/Home_01_video_13.npz,86,110,0,0,0,4.8693932e-23
Home_01_video_13,data/keypoints_le2i/Home_01_video_13.npz,91,115,0,0,0,9.299793e-22
Home_01_video_13,data/keypoints_le2i/Home_01_video_13.npz,96,120,0,0,0,2.1021553e-20
Home_01_video_13,data/keypoints_le2i/Home_01_video_13.npz,101,125,0,0,0,2.0437005e-18
Home_01_video_13,data/keypoints_le2i/Home_01_video_13.npz,106,130,0,0,0,5.7331676e-17
Home_01_video_13,data/keypoints_le2i/Home_01_video_13.npz,111,135,0,0,0,5.0478997e-16
Home_01_video_13,data/keypoints_le2i/Home_01_video_13.npz,116,140,0,0,0,2.0832172e-15
Home_01_video_13,data/keypoints_le2i/Home_01_video_13.npz,121,145,0,0,0,2.2993245e-14
Home_01_video_13,data/keypoints_le2i/Home_01_video_13.npz,126,150,0,0,0,1.3715257e-11
Home_01_video_13,data/keypoints_le2i/Home_01_video_13.npz,131,155,0,0,0,0.00080724905
Home_01_video_13,data/keypoints_le2i/Home_01_video_13.npz,136,160,0,0,1,0.821193
Home_01_video_13,data/keypoints_le2i/Home_01_video_13.npz,141,165,0,0,1,0.98260605
Home_01_video_13,data/keypoints_le2i/Home_01_video_13.npz,146,170,1,1,1,0.99840146
Home_01_video_13,data/keypoints_le2i/Home_01_video_13.npz,151,175,1,1,1,0.99698764
Home_01_video_13,data/keypoints_le2i/Home_01_video_13.npz,156,180,0,0,1,0.52661675
Home_01_video_13,data/keypoints_le2i/Home_01_video_13.npz,161,185,0,0,0,0.1004355
Home_01_video_13,data/keypoints_le2i/Home_01_video_13.npz,166,190,0,0,0,0.1378626
Home_01_video_13,data/keypoints_le2i/Home_01_video_13.npz,171,195,0,0,0,0.064401045
Home_01_video_13,data/keypoints_le2i/Home_01_video_13.npz,176,200,0,0,0,0.25021464
Home_01_video_13,data/keypoints_le2i/Home_01_video_13.npz,181,205,0,0,0,0.121758565
Home_01_video_13,data/keypoints_le2i/Home_01_video_13.npz,186,210,0,0,0,0.1409882
Home_01_video_13,data/keypoints_le2i/Home_01_video_13.npz,191,215,0,0,0,0.18128312
Home_01_video_13,data/keypoints_le2i/Home_01_video_13.npz,196,220,0,0,0,0.103438295
Home_01_video_13,data/keypoints_le2i/Home_01_video_13.npz,201,225,0,0,0,0.10893771
Home_01_video_13,data/keypoints_le2i/Home_01_video_13.npz,206,230,0,0,0,0.09976306
Home_01_video_13,data/keypoints_le2i/Home_01_video_13.npz,211,235,0,0,0,0.15540859
Home_01_video_13,data/keypoints_le2i/Home_01_video_13.npz,216,240,0,0,0,0.29832694
Home_01_video_15,data/keypoints_le2i/Home_01_video_15.npz,61,85,0,0,0,5.9106348e-36
Home_01_video_15,data/keypoints_le2i/Home_01_video_15.npz,66,90,0,0,0,2.41407e-36
Home_01_video_15,data/keypoints_le2i/Home_01_video_15.npz,71,95,0,0,0,3.0841008e-35
Home_01_video_15,data/keypoints_le2i/Home_01_video_15.npz,76,100,0,0,0,7.1391735e-34
Home_01_video_15,data/keypoints_le2i/Home_01_video_15.npz,81,105,0,0,0,1.0903655e-31
Home_01_video_15,data/keypoints_le2i/Home_01_video_15.npz,86,110,0,0,0,2.904668e-29
Home_01_video_15,data/keypoints_le2i/Home_01_video_15.npz,91,115,0,0,0,6.082558e-27
Home_01_video_15,data/keypoints_le2i/Home_01_video_15.npz,96,120,0,0,0,2.4715015e-25
Home_01_video_15,data/keypoints_le2i/Home_01_video_15.npz,101,125,0,0,0,3.6322902e-23
Home_01_video_15,data/keypoints_le2i/Home_01_video_15.npz,106,130,0,0,0,6.270824e-21
Home_01_video_15,data/keypoints_le2i/Home_01_video_15.npz,111,135,0,0,0,1.9303585e-18
Home_01_video_15,data/keypoints_le2i/Home_01_video_15.npz,116,140,0,0,0,2.4085468e-17
Home_01_video_15,data/keypoints_le2i/Home_01_video_15.npz,121,145,0,0,0,3.5479306e-16
Home_01_video_15,data/keypoints_le2i/Home_01_video_15.npz,126,150,0,0,0,1.00950444e-13
Home_01_video_15,data/keypoints_le2i/Home_01_video_15.npz,131,155,0,0,0,1.3268821e-10
Home_01_video_15,data/keypoints_le2i/Home_01_video_15.npz,136,160,0,0,0,5.236782e-07
Home_01_video_15,data/keypoints_le2i/Home_01_video_15.npz,141,165,0,0,0,0.018006388
Home_01_video_15,data/keypoints_le2i/Home_01_video_15.npz,146,170,0,0,1,0.7367478
Home_01_video_15,data/keypoints_le2i/Home_01_video_15.npz,151,175,0,0,1,0.9010248
Home_01_video_15,data/keypoints_le2i/Home_01_video_15.npz,156,180,0,0,1,0.97121775
Home_01_video_15,data/keypoints_le2i/Home_01_video_15.npz,161,185,1,1,1,0.993533
Home_01_video_15,data/keypoints_le2i/Home_01_video_15.npz,166,190,1,1,1,0.9912383
Home_01_video_15,data/keypoints_le2i/Home_01_video_15.npz,171,195,1,1,1,0.92158604
Home_01_video_15,data/keypoints_le2i/Home_01_video_15.npz,176,200,0,0,1,0.51120716
Home_01_video_15,data/keypoints_le2i/Home_01_video_15.npz,181,205,0,0,0,0.21418472
Home_01_video_15,data/keypoints_le2i/Home_01_video_15.npz,186,210,0,0,0,0.14746045
Home_01_video_15,data/keypoints_le2i/Home_01_video_15.npz,196,220,0,0,0,0.04124425
Home_01_video_15,data/keypoints_le2i/Home_01_video_15.npz,201,225,0,0,0,0.14015588
Home_01_video_15,data/keypoints_le2i/Home_01_video_15.npz,206,230,0,0,0,0.1391356
Home_01_video_15,data/keypoints_le2i/Home_01_video_15.npz,211,235,0,0,0,0.11161567
Home_01_video_17,data/keypoints_le2i/Home_01_video_17.npz,1,25,0,0,0,0.047881786
Home_01_video_17,data/keypoints_le2i/Home_01_video_17.npz,6,30,0,0,0,0.047485083
Home_01_video_17,data/keypoints_le2i/Home_01_video_17.npz,11,35,0,0,0,0.06781792
Home_01_video_17,data/keypoints_le2i/Home_01_video_17.npz,16,40,0,0,0,0.061134137
Home_01_video_17,data/keypoints_le2i/Home_01_video_17.npz,21,45,0,0,0,0.05764965
Home_01_video_17,data/keypoints_le2i/Home_01_video_17.npz,26,50,0,0,0,0.04390602
Home_01_video_17,data/keypoints_le2i/Home_01_video_17.npz,31,55,0,0,0,0.0452802
Home_01_video_17,data/keypoints_le2i/Home_01_video_17.npz,36,60,0,0,0,0.041253332
Home_01_video_17,data/keypoints_le2i/Home_01_video_17.npz,41,65,0,0,0,0.039706383
Home_01_video_17,data/keypoints_le2i/Home_01_video_17.npz,46,70,0,0,0,0.03153929
Home_01_video_17,data/keypoints_le2i/Home_01_video_17.npz,51,75,0,0,0,0.017398654
Home_01_video_17,data/keypoints_le2i/Home_01_video_17.npz,56,80,0,0,0,0.005012541
Home_01_video_17,data/keypoints_le2i/Home_01_video_17.npz,61,85,0,0,0,0.029481402
Home_01_video_17,data/keypoints_le2i/Home_01_video_17.npz,66,90,0,0,0,0.04190937
Home_01_video_17,data/keypoints_le2i/Home_01_video_17.npz,71,95,0,0,0,0.059986524
Home_01_video_17,data/keypoints_le2i/Home_01_video_17.npz,76,100,0,0,0,0.059452116
Home_01_video_17,data/keypoints_le2i/Home_01_video_17.npz,81,105,0,0,0,0.0114654405
Home_01_video_17,data/keypoints_le2i/Home_01_video_17.npz,86,110,0,0,0,0.012144012
Home_01_video_17,data/keypoints_le2i/Home_01_video_17.npz,91,115,0,0,0,0.010442056
Home_01_video_17,data/keypoints_le2i/Home_01_video_17.npz,96,120,0,0,0,0.00912078
Home_01_video_17,data/keypoints_le2i/Home_01_video_17.npz,101,125,0,0,0,0.0058333836
Home_01_video_17,data/keypoints_le2i/Home_01_video_17.npz,106,130,0,0,0,0.0047779493
Home_01_video_17,data/keypoints_le2i/Home_01_video_17.npz,111,135,0,0,0,0.00096963736
Home_01_video_17,data/keypoints_le2i/Home_01_video_17.npz,116,140,0,0,0,0.0009159026
Home_01_video_17,data/keypoints_le2i/Home_01_video_17.npz,121,145,0,0,0,0.00082602416
Home_01_video_17,data/keypoints_le2i/Home_01_video_17.npz,126,150,0,0,1,0.6303429
Home_01_video_17,data/keypoints_le2i/Home_01_video_17.npz,131,155,0,0,0,0.418532
Home_01_video_17,data/keypoints_le2i/Home_01_video_17.npz,136,160,0,0,1,0.6386994
Home_01_video_17,data/keypoints_le2i/Home_01_video_17.npz,141,165,0,0,1,0.89933103
Home_01_video_17,data/keypoints_le2i/Home_01_video_17.npz,146,170,1,1,1,0.95310587
Home_01_video_17,data/keypoints_le2i/Home_01_video_17.npz,151,175,1,1,1,0.93702984
Home_01_video_17,data/keypoints_le2i/Home_01_video_17.npz,156,180,1,1,1,0.6894564
Home_01_video_17,data/keypoints_le2i/Home_01_video_17.npz,161,185,0,0,0,0.020030648
Home_01_video_17,data/keypoints_le2i/Home_01_video_17.npz,166,190,0,0,0,0.024447499
Home_01_video_17,data/keypoints_le2i/Home_01_video_17.npz,171,195,0,0,0,0.09057305
Home_01_video_17,data/keypoints_le2i/Home_01_video_17.npz,176,200,0,0,0,0.072682455
Home_01_video_17,data/keypoints_le2i/Home_01_video_17.npz,181,205,0,0,0,0.0020232475
Home_01_video_17,data/keypoints_le2i/Home_01_video_17.npz,186,210,0,0,0,0.048127703
Home_01_video_17,data/keypoints_le2i/Home_01_video_17.npz,191,215,0,0,0,0.037155718
Home_01_video_17,data/keypoints_le2i/Home_01_video_17.npz,196,220,0,0,0,0.04066426
Home_01_video_17,data/keypoints_le2i/Home_01_video_17.npz,201,225,0,0,0,0.046257537
Home_01_video_17,data/keypoints_le2i/Home_01_video_17.npz,206,230,0,0,0,0.044641197
Home_01_video_17,data/keypoints_le2i/Home_01_video_17.npz,211,235,0,0,0,0.0021263813
Home_01_video_17,data/keypoints_le2i/Home_01_video_17.npz,216,240,0,0,0,0.0023324457
Home_01_video_25,data/keypoints_le2i/Home_01_video_25.npz,1,25,0,0,0,1.7855516e-11
Home_01_video_25,data/keypoints_le2i/Home_01_video_25.npz,6,30,0,0,0,8.080181e-12
Home_01_video_25,data/keypoints_le2i/Home_01_video_25.npz,11,35,0,0,0,3.416924e-15
Home_01_video_25,data/keypoints_le2i/Home_01_video_25.npz,16,40,0,0,0,1.9163429e-20
Home_01_video_25,data/keypoints_le2i/Home_01_video_25.npz,21,45,0,0,0,1.5407061e-20
Home_01_video_25,data/keypoints_le2i/Home_01_video_25.npz,26,50,0,0,0,1.5695662e-20
Home_01_video_25,data/keypoints_le2i/Home_01_video_25.npz,31,55,0,0,0,3.48311e-21
Home_01_video_25,data/keypoints_le2i/Home_01_video_25.npz,36,60,0,0,0,3.9681508e-14
Home_01_video_25,data/keypoints_le2i/Home_01_video_25.npz,41,65,0,0,0,1.257166e-13
Home_01_video_25,data/keypoints_le2i/Home_01_video_25.npz,46,70,0,0,0,7.758564e-12
Home_01_video_25,data/keypoints_le2i/Home_01_video_25.npz,51,75,0,0,0,5.1741295e-11
Home_01_video_25,data/keypoints_le2i/Home_01_video_25.npz,56,80,0,0,0,1.7048342e-12
Home_01_video_25,data/keypoints_le2i/Home_01_video_25.npz,61,85,0,0,0,1.1811451e-12
Home_01_video_25,data/keypoints_le2i/Home_01_video_25.npz,66,90,0,0,0,1.8897089e-12
Home_01_video_25,data/keypoints_le2i/Home_01_video_25.npz,71,95,0,0,0,4.634962e-12
Home_01_video_25,data/keypoints_le2i/Home_01_video_25.npz,76,100,0,0,0,8.1807e-12
Home_01_video_25,data/keypoints_le2i/Home_01_video_25.npz,81,105,0,0,0,2.9740294e-12
Home_01_video_25,data/keypoints_le2i/Home_01_video_25.npz,86,110,0,0,0,1.3516492e-10
Home_01_video_25,data/keypoints_le2i/Home_01_video_25.npz,91,115,0,0,0,1.8806486e-11
Home_01_video_25,data/keypoints_le2i/Home_01_video_25.npz,96,120,0,0,0,4.892562e-13
Home_01_video_25,data/keypoints_le2i/Home_01_video_25.npz,101,125,0,0,0,4.6022355e-16
Home_01_video_25,data/keypoints_le2i/Home_01_video_25.npz,106,130,0,0,0,1.3011047e-16
Home_01_video_25,data/keypoints_le2i/Home_01_video_25.npz,111,135,0,0,0,6.562659e-14
Home_01_video_25,data/keypoints_le2i/Home_01_video_25.npz,116,140,0,0,0,4.308861e-09
Home_01_video_25,data/keypoints_le2i/Home_01_video_25.npz,121,145,0,0,0,1.3369225e-06
Home_01_video_25,data/keypoints_le2i/Home_01_video_25.npz,126,150,0,0,0,1.6538473e-06
Home_01_video_25,data/keypoints_le2i/Home_01_video_25.npz,131,155,0,0,0,3.1740342e-07
Home_01_video_25,data/keypoints_le2i/Home_01_video_25.npz,136,160,0,0,0,6.135446e-07
Home_01_video_25,data/keypoints_le2i/Home_01_video_25.npz,141,165,0,0,0,1.2669403e-05
Home_01_video_25,data/keypoints_le2i/Home_01_video_25.npz,146,170,0,0,0,0.012986024
Home_01_video_25,data/keypoints_le2i/Home_01_video_25.npz,151,175,0,0,1,0.65251637
Home_01_video_25,data/keypoints_le2i/Home_01_video_25.npz,156,180,0,0,1,0.9709136
Home_01_video_25,data/keypoints_le2i/Home_01_video_25.npz,161,185,1,1,1,0.99791306
Home_01_video_25,data/keypoints_le2i/Home_01_video_25.npz,166,190,1,1,1,0.9980763
Home_01_video_25,data/keypoints_le2i/Home_01_video_25.npz,171,195,0,0,1,0.99004704
Home_01_video_25,data/keypoints_le2i/Home_01_video_25.npz,176,200,0,0,0,0.4918858
Home_01_video_25,data/keypoints_le2i/Home_01_video_25.npz,181,205,0,0,0,0.026875647
Home_01_video_25,data/keypoints_le2i/Home_01_video_25.npz,186,210,0,0,0,0.013163028
Home_01_video_3,data/keypoints_le2i/Home_01_video_3.npz,1,25,0,0,0,8.853531e-23
Home_01_video_3,data/keypoints_le2i/Home_01_video_3.npz,6,30,0,0,0,1.1327208e-22
Home_01_video_3,data/keypoints_le2i/Home_01_video_3.npz,11,35,0,0,0,1.1932923e-22
Home_01_video_3,data/keypoints_le2i/Home_01_video_3.npz,16,40,0,0,0,1.2359335e-22
Home_01_video_3,data/keypoints_le2i/Home_01_video_3.npz,21,45,0,0,0,1.2184257e-22
Home_01_video_3,data/keypoints_le2i/Home_01_video_3.npz,51,75,0,0,0,7.044401e-21
Home_01_video_3,data/keypoints_le2i/Home_01_video_3.npz,56,80,0,0,0,3.611404e-21
Home_01_video_3,data/keypoints_le2i/Home_01_video_3.npz,61,85,0,0,0,2.7151335e-21
Home_01_video_3,data/keypoints_le2i/Home_01_video_3.npz,66,90,0,0,0,1.5722502e-21
Home_01_video_3,data/keypoints_le2i/Home_01_video_3.npz,71,95,0,0,0,8.2975737e-22
Home_01_video_3,data/keypoints_le2i/Home_01_video_3.npz,76,100,0,0,0,2.3528417e-25
Home_01_video_3,data/keypoints_le2i/Home_01_video_3.npz,81,105,0,0,0,5.717818e-23
Home_01_video_3,data/keypoints_le2i/Home_01_video_3.npz,86,110,0,0,0,2.2653187e-21
Home_01_video_3,data/keypoints_le2i/Home_01_video_3.npz,91,115,0,0,0,5.742777e-17
Home_01_video_3,data/keypoints_le2i/Home_01_video_3.npz,96,120,0,0,0,1.8780634e-08
Home_01_video_3,data/keypoints_le2i/Home_01_video_3.npz,101,125,0,0,0,0.06897674
Home_01_video_3,data/keypoints_le2i/Home_01_video_3.npz,106,130,0,0,1,0.75662476
Home_01_video_3,data/keypoints_le2i/Home_01_video_3.npz,111,135,1,1,1,0.9930419
Home_01_video_3,data/keypoints_le2i/Home_01_video_3.npz,116,140,1,1,1,0.9986883
Home_01_video_3,data/keypoints_le2i/Home_01_video_3.npz,121,145,1,1,1,0.99580115
Home_01_video_3,data/keypoints_le2i/Home_01_video_3.npz,126,150,0,0,1,0.94731265
Home_01_video_3,data/keypoints_le2i/Home_01_video_3.npz,131,155,0,0,0,0.37670395
Home_01_video_3,data/keypoints_le2i/Home_01_video_3.npz,136,160,0,0,0,0.3629283
Home_01_video_3,data/keypoints_le2i/Home_01_video_3.npz,141,165,0,0,0,0.33981073
Home_01_video_3,data/keypoints_le2i/Home_01_video_3.npz,146,170,0,0,0,0.057996057
Home_01_video_3,data/keypoints_le2i/Home_01_video_3.npz,151,175,0,0,0,0.11619163
Home_01_video_3,data/keypoints_le2i/Home_01_video_3.npz,156,180,0,0,0,0.11452336
Home_01_video_3,data/keypoints_le2i/Home_01_video_3.npz,161,185,0,0,0,0.119469345
Home_01_video_3,data/keypoints_le2i/Home_01_video_3.npz,166,190,0,0,0,0.11773236
Home_01_video_3,data/keypoints_le2i/Home_01_video_3.npz,171,195,0,0,0,0.11512283
Home_01_video_3,data/keypoints_le2i/Home_01_video_3.npz,176,200,0,0,0,0.114070155
Home_01_video_3,data/keypoints_le2i/Home_01_video_3.npz,181,205,0,0,0,0.056538314
Home_01_video_3,data/keypoints_le2i/Home_01_video_3.npz,186,210,0,0,0,0.056867767
Home_01_video_3,data/keypoints_le2i/Home_01_video_3.npz,191,215,0,0,0,0.05648025
Home_01_video_3,data/keypoints_le2i/Home_01_video_3.npz,196,220,0,0,0,0.055833876
Home_01_video_3,data/keypoints_le2i/Home_01_video_3.npz,201,225,0,0,0,0.05622004
Home_01_video_3,data/keypoints_le2i/Home_01_video_3.npz,206,230,0,0,0,0.113610394
Home_01_video_3,data/keypoints_le2i/Home_01_video_3.npz,211,235,0,0,0,0.10945318
Home_01_video_3,data/keypoints_le2i/Home_01_video_3.npz,216,240,0,0,0,0.2801073
Home_01_video_6,data/keypoints_le2i/Home_01_video_6.npz,1,25,0,0,0,4.7201542e-08
Home_01_video_6,data/keypoints_le2i/Home_01_video_6.npz,6,30,0,0,0,2.4011211e-05
Home_01_video_6,data/keypoints_le2i/Home_01_video_6.npz,11,35,0,0,0,1.979127e-05
Home_01_video_6,data/keypoints_le2i/Home_01_video_6.npz,16,40,0,0,0,1.0387032e-06
Home_01_video_6,data/keypoints_le2i/Home_01_video_6.npz,21,45,0,0,0,9.40668e-07
Home_01_video_6,data/keypoints_le2i/Home_01_video_6.npz,26,50,0,0,0,7.6827905e-07
Home_01_video_6,data/keypoints_le2i/Home_01_video_6.npz,31,55,0,0,0,6.562082e-18
Home_01_video_6,data/keypoints_le2i/Home_01_video_6.npz,36,60,0,0,0,7.8031775e-15
Home_01_video_6,data/keypoints_le2i/Home_01_video_6.npz,41,65,0,0,0,2.159207e-15
Home_01_video_6,data/keypoints_le2i/Home_01_video_6.npz,46,70,0,0,0,4.4597206e-16
Home_01_video_6,data/keypoints_le2i/Home_01_video_6.npz,51,75,0,0,0,7.240854e-17
Home_01_video_6,data/keypoints_le2i/Home_01_video_6.npz,56,80,0,0,0,1.1044642e-17
Home_01_video_6,data/keypoints_le2i/Home_01_video_6.npz,61,85,0,0,0,2.779115e-23
Home_01_video_6,data/keypoints_le2i/Home_01_video_6.npz,66,90,0,0,0,2.2752672e-23
Home_01_video_6,data/keypoints_le2i/Home_01_video_6.npz,71,95,0,0,0,3.617577e-23
Home_01_video_6,data/keypoints_le2i/Home_01_video_6.npz,86,110,0,0,0,2.4902244e-22
Home_01_video_6,data/keypoints_le2i/Home_01_video_6.npz,91,115,0,0,0,9.870736e-21
Home_01_video_6,data/keypoints_le2i/Home_01_video_6.npz,96,120,0,0,0,1.6207542e-14
Home_01_video_6,data/keypoints_le2i/Home_01_video_6.npz,101,125,0,0,0,5.8384483e-08
Home_01_video_6,data/keypoints_le2i/Home_01_video_6.npz,106,130,1,1,0,0.00080056983
Home_01_video_6,data/keypoints_le2i/Home_01_video_6.npz,111,135,1,1,0,0.18778567
Home_01_video_6,data/keypoints_le2i/Home_01_video_6.npz,116,140,1,1,1,0.59318584
Home_01_video_6,data/keypoints_le2i/Home_01_video_6.npz,121,145,1,1,1,0.914642
Home_01_video_6,data/keypoints_le2i/Home_01_video_6.npz,126,150,1,1,1,0.8882719
Home_01_video_6,data/keypoints_le2i/Home_01_video_6.npz,131,155,0,0,1,0.8045842
Home_01_video_6,data/keypoints_le2i/Home_01_video_6.npz,136,160,0,0,1,0.68961716
Home_01_video_6,data/keypoints_le2i/Home_01_video_6.npz,141,165,0,0,1,0.6450878
Home_01_video_6,data/keypoints_le2i/Home_01_video_6.npz,146,170,0,0,1,0.6837389
Home_01_video_6,data/keypoints_le2i/Home_01_video_6.npz,151,175,0,0,1,0.7434393
Home_01_video_6,data/keypoints_le2i/Home_01_video_6.npz,156,180,0,0,1,0.7658032
Home_01_video_6,data/keypoints_le2i/Home_01_video_6.npz,161,185,0,0,1,0.760615
Home_01_video_6,data/keypoints_le2i/Home_01_video_6.npz,166,190,0,0,1,0.73185635
Home_01_video_7,data/keypoints_le2i/Home_01_video_7.npz,1,25,0,0,0,6.5698687e-06
Home_01_video_7,data/keypoints_le2i/Home_01_video_7.npz,6,30,0,0,0,5.4524135e-06
Home_01_video_7,data/keypoints_le2i/Home_01_video_7.npz,11,35,0,0,0,2.8950733e-09
Home_01_video_7,data/keypoints_le2i/Home_01_video_7.npz,16,40,0,0,0,5.3468202e-08
Home_01_video_7,data/keypoints_le2i/Home_01_video_7.npz,21,45,0,0,0,6.182169e-10
Home_01_video_7,data/keypoints_le2i/Home_01_video_7.npz,26,50,0,0,0,2.2760977e-18
Home_01_video_7,data/keypoints_le2i/Home_01_video_7.npz,31,55,0,0,0,2.0496825e-24
Home_01_video_7,data/keypoints_le2i/Home_01_video_7.npz,36,60,0,0,0,1.6515393e-25
Home_01_video_7,data/keypoints_le2i/Home_01_video_7.npz,41,65,0,0,0,1.2166147e-29
Home_01_video_7,data/keypoints_le2i/Home_01_video_7.npz,46,70,0,0,0,1.6763851e-30
Home_01_video_7,data/keypoints_le2i/Home_01_video_7.npz,61,85,0,0,0,1.1238511e-28
Home_01_video_7,data/keypoints_le2i/Home_01_video_7.npz,66,90,0,0,0,2.7407453e-27
Home_01_video_7,data/keypoints_le2i/Home_01_video_7.npz,71,95,0,0,0,2.2310582e-28
Home_01_video_7,data/keypoints_le2i/Home_01_video_7.npz,76,100,0,0,0,4.4395773e-29
Home_01_video_7,data/keypoints_le2i/Home_01_video_7.npz,81,105,0,0,0,6.809722e-28
Home_01_video_7,data/keypoints_le2i/Home_01_video_7.npz,86,110,0,0,0,6.8894144e-28
Home_01_video_7,data/keypoints_le2i/Home_01_video_7.npz,91,115,0,0,0,9.04395e-28
Home_01_video_7,data/keypoints_le2i/Home_01_video_7.npz,96,120,0,0,0,1.2325545e-27
Home_01_video_7,data/keypoints_le2i/Home_01_video_7.npz,101,125,0,0,0,3.7194528e-21
Home_01_video_7,data/keypoints_le2i/Home_01_video_7.npz,106,130,0,0,0,3.6550427e-16
Home_01_video_7,data/keypoints_le2i/Home_01_video_7.npz,111,135,0,0,0,4.681751e-12
Home_01_video_7,data/keypoints_le2i/Home_01_video_7.npz,116,140,0,0,0,4.352704e-10
Home_01_video_7,data/keypoints_le2i/Home_01_video_7.npz,121,145,0,0,0,5.2083792e-11
Home_01_video_7,data/keypoints_le2i/Home_01_video_7.npz,126,150,0,0,0,0.0003823854
Home_01_video_7,data/keypoints_le2i/Home_01_video_7.npz,131,155,1,1,1,0.6928058
Home_01_video_7,data/keypoints_le2i/Home_01_video_7.npz,136,160,1,1,1,0.9784426
Home_01_video_7,data/keypoints_le2i/Home_01_video_7.npz,141,165,1,1,1,0.9911842
Home_01_video_7,data/keypoints_le2i/Home_01_video_7.npz,146,170,0,0,1,0.96973777
Home_01_video_7,data/keypoints_le2i/Home_01_video_7.npz,151,175,0,0,1,0.80514425
Home_01_video_7,data/keypoints_le2i/Home_01_video_7.npz,156,180,0,0,1,0.7257245
Home_01_video_7,data/keypoints_le2i/Home_01_video_7.npz,161,185,0,0,1,0.8072324
Home_01_video_7,data/keypoints_le2i/Home_01_video_7.npz,166,190,0,0,1,0.71247125
Home_01_video_7,data/keypoints_le2i/Home_01_video_7.npz,171,195,0,0,1,0.78376937
Home_01_video_7,data/keypoints_le2i/Home_01_video_7.npz,176,200,0,0,1,0.76645476
Home_01_video_7,data/keypoints_le2i/Home_01_video_7.npz,181,205,0,0,1,0.7382932
Home_01_video_7,data/keypoints_le2i/Home_01_video_7.npz,186,210,0,0,1,0.7487261
Home_01_video_7,data/keypoints_le2i/Home_01_video_7.npz,191,215,0,0,1,0.74698365
Home_02_video_31,data/keypoints_le2i/Home_02_video_31.npz,1,25,0,0,0,1.8509226e-08
Home_02_video_31,data/keypoints_le2i/Home_02_video_31.npz,6,30,0,0,0,4.926546e-09
Home_02_video_31,data/keypoints_le2i/Home_02_video_31.npz,11,35,0,0,0,4.162128e-09
Home_02_video_31,data/keypoints_le2i/Home_02_video_31.npz,16,40,0,0,0,6.3435466e-09
Home_02_video_31,data/keypoints_le2i/Home_02_video_31.npz,21,45,0,0,0,4.9677357e-07
Home_02_video_31,data/keypoints_le2i/Home_02_video_31.npz,26,50,0,0,0,2.1171363e-06
Home_02_video_31,data/keypoints_le2i/Home_02_video_31.npz,31,55,0,0,0,4.7487533e-06
Home_02_video_31,data/keypoints_le2i/Home_02_video_31.npz,36,60,0,0,0,1.29761165e-05
Home_02_video_31,data/keypoints_le2i/Home_02_video_31.npz,41,65,0,0,0,2.2450164e-05
Home_02_video_31,data/keypoints_le2i/Home_02_video_31.npz,46,70,0,0,0,2.4167031e-05
Home_02_video_31,data/keypoints_le2i/Home_02_video_31.npz,51,75,0,0,0,2.5850515e-05
Home_02_video_31,data/keypoints_le2i/Home_02_video_31.npz,56,80,0,0,0,6.3912745e-17
Home_02_video_31,data/keypoints_le2i/Home_02_video_31.npz,61,85,0,0,0,5.720802e-17
Home_02_video_31,data/keypoints_le2i/Home_02_video_31.npz,66,90,0,0,0,4.7756627e-17
Home_02_video_31,data/keypoints_le2i/Home_02_video_31.npz,71,95,0,0,0,3.3763134e-17
Home_02_video_31,data/keypoints_le2i/Home_02_video_31.npz,76,100,0,0,0,2.2291697e-13
Home_02_video_31,data/keypoints_le2i/Home_02_video_31.npz,81,105,0,0,0,5.6297134e-10
Home_02_video_31,data/keypoints_le2i/Home_02_video_31.npz,86,110,0,0,0,1.1522178e-09
Home_02_video_31,data/keypoints_le2i/Home_02_video_31.npz,91,115,0,0,0,1.7587894e-06
Home_02_video_31,data/keypoints_le2i/Home_02_video_31.npz,96,120,0,0,0,5.3595445e-06
Home_02_video_31,data/keypoints_le2i/Home_02_video_31.npz,101,125,0,0,0,5.8754915e-07
Home_02_video_31,data/keypoints_le2i/Home_02_video_31.npz,106,130,0,0,0,2.572523e-07
Home_02_video_31,data/keypoints_le2i/Home_02_video_31.npz,111,135,0,0,0,8.906447e-11
Home_02_video_31,data/keypoints_le2i/Home_02_video_31.npz,116,140,0,0,0,2.2263483e-13
Home_02_video_31,data/keypoints_le2i/Home_02_video_31.npz,121,145,0,0,0,1.4449744e-15
Home_02_video_31,data/keypoints_le2i/Home_02_video_31.npz,126,150,0,0,0,1.5372103e-16
Home_02_video_31,data/keypoints_le2i/Home_02_video_31.npz,131,155,0,0,0,2.4486043e-17
Home_02_video_31,data/keypoints_le2i/Home_02_video_31.npz,136,160,0,0,0,2.0565362e-16
Home_02_video_31,data/keypoints_le2i/Home_02_video_31.npz,141,165,0,0,0,2.0367301e-15
Home_02_video_31,data/keypoints_le2i/Home_02_video_31.npz,146,170,0,0,0,6.3345175e-12
Home_02_video_31,data/keypoints_le2i/Home_02_video_31.npz,151,175,0,0,0,6.692565e-11
Home_02_video_31,data/keypoints_le2i/Home_02_video_31.npz,156,180,0,0,0,2.63577e-07
Home_02_video_31,data/keypoints_le2i/Home_02_video_31.npz,161,185,0,0,0,8.93103e-06
Home_02_video_31,data/keypoints_le2i/Home_02_video_31.npz,166,190,0,0,0,3.8322523e-05
Home_02_video_31,data/keypoints_le2i/Home_02_video_31.npz,171,195,0,0,0,5.8179867e-05
Home_02_video_31,data/keypoints_le2i/Home_02_video_31.npz,176,200,0,0,0,0.0005141199
Home_02_video_31,data/keypoints_le2i/Home_02_video_31.npz,181,205,0,0,0,0.48592195
Home_02_video_31,data/keypoints_le2i/Home_02_video_31.npz,186,210,0,0,1,0.9787909
Home_02_video_31,data/keypoints_le2i/Home_02_video_31.npz,191,215,1,1,1,0.99670666
Home_02_video_31,data/keypoints_le2i/Home_02_video_31.npz,196,220,1,1,1,0.9966804
Home_02_video_31,data/keypoints_le2i/Home_02_video_31.npz,201,225,1,1,1,0.9852985
Home_02_video_31,data/keypoints_le2i/Home_02_video_31.npz,206,230,0,0,1,0.95644325
Home_02_video_31,data/keypoints_le2i/Home_02_video_31.npz,211,235,0,0,1,0.93971455
Home_02_video_40,data/keypoints_le2i/Home_02_video_40.npz,81,105,0,0,0,1.32569135e-20
Home_02_video_40,data/keypoints_le2i/Home_02_video_40.npz,86,110,0,0,0,2.875991e-21
Home_02_video_40,data/keypoints_le2i/Home_02_video_40.npz,91,115,0,0,0,6.3899415e-22
Home_02_video_40,data/keypoints_le2i/Home_02_video_40.npz,96,120,0,0,0,8.335382e-24
Home_02_video_40,data/keypoints_le2i/Home_02_video_40.npz,101,125,0,0,0,9.638837e-15
Home_02_video_40,data/keypoints_le2i/Home_02_video_40.npz,106,130,0,0,0,1.4453582e-14
Home_02_video_40,data/keypoints_le2i/Home_02_video_40.npz,111,135,0,0,0,4.686318e-15
Home_02_video_40,data/keypoints_le2i/Home_02_video_40.npz,116,140,0,0,0,2.6796922e-16
Home_02_video_40,data/keypoints_le2i/Home_02_video_40.npz,121,145,0,0,0,5.3538955e-18
Home_02_video_40,data/keypoints_le2i/Home_02_video_40.npz,126,150,0,0,0,8.914755e-19
Home_02_video_40,data/keypoints_le2i/Home_02_video_40.npz,131,155,0,0,0,2.0751297e-20
Home_02_video_40,data/keypoints_le2i/Home_02_video_40.npz,136,160,0,0,0,3.9422758e-21
Home_02_video_40,data/keypoints_le2i/Home_02_video_40.npz,141,165,0,0,0,4.415241e-21
Home_02_video_40,data/keypoints_le2i/Home_02_video_40.npz,146,170,0,0,0,7.069275e-21
Home_02_video_40,data/keypoints_le2i/Home_02_video_40.npz,151,175,0,0,0,1.0774218e-20
Home_02_video_40,data/keypoints_le2i/Home_02_video_40.npz,156,180,0,0,0,7.7574185e-21
Home_02_video_40,data/keypoints_le2i/Home_02_video_40.npz,161,185,0,0,0,5.66846e-21
Home_02_video_43,data/keypoints_le2i/Home_02_video_43.npz,36,60,0,0,0,2.1135722e-36
Home_02_video_43,data/keypoints_le2i/Home_02_video_43.npz,41,65,0,0,0,2.1135722e-36
Home_02_video_43,data/keypoints_le2i/Home_02_video_43.npz,46,70,0,0,0,3.0972112e-35
Home_02_video_43,data/keypoints_le2i/Home_02_video_43.npz,51,75,0,0,0,3.5961614e-34
Home_02_video_43,data/keypoints_le2i/Home_02_video_43.npz,56,80,0,0,0,2.1117299e-33
Home_02_video_43,data/keypoints_le2i/Home_02_video_43.npz,61,85,0,0,0,3.9634834e-33
Home_02_video_43,data/keypoints_le2i/Home_02_video_43.npz,66,90,0,0,0,1.2293214e-31
Home_02_video_43,data/keypoints_le2i/Home_02_video_43.npz,71,95,0,0,0,1.6670832e-27
Home_02_video_43,data/keypoints_le2i/Home_02_video_43.npz,76,100,0,0,0,1.0886837e-21
Home_02_video_43,data/keypoints_le2i/Home_02_video_43.npz,81,105,0,0,0,4.573548e-17
Home_02_video_43,data/keypoints_le2i/Home_02_video_43.npz,86,110,0,0,0,1.4356889e-15
Home_02_video_43,data/keypoints_le2i/Home_02_video_43.npz,91,115,0,0,0,2.5815892e-17
Home_02_video_43,data/keypoints_le2i/Home_02_video_43.npz,96,120,0,0,0,4.4253772e-20
Home_02_video_43,data/keypoints_le2i/Home_02_video_43.npz,101,125,0,0,0,9.138168e-22
Home_02_video_43,data/keypoints_le2i/Home_02_video_43.npz,106,130,0,0,0,4.769497e-22
Home_02_video_43,data/keypoints_le2i/Home_02_video_43.npz,111,135,0,0,0,1.2987261e-21
Home_02_video_43,data/keypoints_le2i/Home_02_video_43.npz,116,140,0,0,0,4.0208587e-21
Home_02_video_43,data/keypoints_le2i/Home_02_video_43.npz,121,145,0,0,0,5.1945327e-21
Home_02_video_43,data/keypoints_le2i/Home_02_video_43.npz,126,150,0,0,0,4.1792137e-21
Home_02_video_43,data/keypoints_le2i/Home_02_video_43.npz,131,155,0,0,0,3.2179604e-21
Home_02_video_43,data/keypoints_le2i/Home_02_video_43.npz,136,160,0,0,0,2.7668477e-21
Home_02_video_43,data/keypoints_le2i/Home_02_video_43.npz,141,165,0,0,0,2.8858157e-21
Home_02_video_44,data/keypoints_le2i/Home_02_video_44.npz,1,25,0,0,0,3.6234263e-07
Home_02_video_44,data/keypoints_le2i/Home_02_video_44.npz,6,30,0,0,0,1.4294291e-07
Home_02_video_44,data/keypoints_le2i/Home_02_video_44.npz,11,35,0,0,0,4.4111292e-07
Home_02_video_44,data/keypoints_le2i/Home_02_video_44.npz,16,40,0,0,0,5.9260306e-06
Home_02_video_44,data/keypoints_le2i/Home_02_video_44.npz,21,45,0,0,0,4.359155e-05
Home_02_video_44,data/keypoints_le2i/Home_02_video_44.npz,26,50,0,0,0,0.000106721964
Home_02_video_44,data/keypoints_le2i/Home_02_video_44.npz,31,55,0,0,0,6.383491e-13
Home_02_video_44,data/keypoints_le2i/Home_02_video_44.npz,36,60,0,0,0,3.9508713e-14
Home_02_video_44,data/keypoints_le2i/Home_02_video_44.npz,41,65,0,0,0,2.3591718e-15
Home_02_video_44,data/keypoints_le2i/Home_02_video_44.npz,46,70,0,0,0,5.9831067e-16
Home_02_video_44,data/keypoints_le2i/Home_02_video_44.npz,51,75,0,0,0,3.926572e-16
Home_02_video_44,data/keypoints_le2i/Home_02_video_44.npz,56,80,0,0,0,1.410839e-23
Home_02_video_44,data/keypoints_le2i/Home_02_video_44.npz,61,85,0,0,0,5.367838e-27
Home_02_video_44,data/keypoints_le2i/Home_02_video_44.npz,66,90,0,0,0,2.5416772e-28
Home_02_video_44,data/keypoints_le2i/Home_02_video_44.npz,71,95,0,0,0,1.0713921e-29
Home_02_video_44,data/keypoints_le2i/Home_02_video_44.npz,76,100,0,0,0,1.17729026e-23
Home_02_video_44,data/keypoints_le2i/Home_02_video_44.npz,81,105,0,0,0,2.1158986e-18
Home_02_video_44,data/keypoints_le2i/Home_02_video_44.npz,86,110,0,0,0,3.801859e-17
Home_02_video_44,data/keypoints_le2i/Home_02_video_44.npz,91,115,0,0,0,1.1727115e-12
Home_02_video_44,data/keypoints_le2i/Home_02_video_44.npz,96,120,0,0,0,2.4846021e-11
Home_02_video_44,data/keypoints_le2i/Home_02_video_44.npz,101,125,0,0,0,1.8452563e-10
Home_02_video_44,data/keypoints_le2i/Home_02_video_44.npz,106,130,0,0,0,4.729594e-10
Home_02_video_44,data/keypoints_le2i/Home_02_video_44.npz,111,135,0,0,0,3.958702e-10
Home_02_video_44,data/keypoints_le2i/Home_02_video_44.npz,116,140,0,0,0,7.841598e-11
Home_02_video_44,data/keypoints_le2i/Home_02_video_44.npz,121,145,0,0,0,6.37528e-12
Home_02_video_44,data/keypoints_le2i/Home_02_video_44.npz,126,150,0,0,0,1.3128736e-12
Home_02_video_44,data/keypoints_le2i/Home_02_video_44.npz,131,155,0,0,0,1.0648647e-14
Home_02_video_44,data/keypoints_le2i/Home_02_video_44.npz,136,160,0,0,0,3.6920696e-14
Home_02_video_44,data/keypoints_le2i/Home_02_video_44.npz,141,165,0,0,0,5.4281554e-14
Home_02_video_44,data/keypoints_le2i/Home_02_video_44.npz,146,170,0,0,0,3.131441e-14
Home_02_video_44,data/keypoints_le2i/Home_02_video_44.npz,151,175,0,0,0,1.4278765e-14
Home_02_video_44,data/keypoints_le2i/Home_02_video_44.npz,156,180,0,0,0,2.5075347e-15
Home_02_video_44,data/keypoints_le2i/Home_02_video_44.npz,161,185,0,0,0,9.867674e-16
Home_02_video_44,data/keypoints_le2i/Home_02_video_44.npz,166,190,0,0,0,4.9836496e-16
Home_02_video_44,data/keypoints_le2i/Home_02_video_44.npz,171,195,0,0,0,3.3668974e-14
Home_02_video_44,data/keypoints_le2i/Home_02_video_44.npz,176,200,0,0,0,3.3668974e-14
Home_02_video_44,data/keypoints_le2i/Home_02_video_44.npz,201,225,0,0,0,1.3212673e-11
Home_02_video_44,data/keypoints_le2i/Home_02_video_44.npz,206,230,0,0,0,1.9505177e-11
Home_02_video_44,data/keypoints_le2i/Home_02_video_44.npz,211,235,0,0,0,2.6982758e-11
Home_02_video_44,data/keypoints_le2i/Home_02_video_44.npz,216,240,0,0,0,4.19814e-10
Home_02_video_44,data/keypoints_le2i/Home_02_video_44.npz,221,245,0,0,0,3.448019e-09
Home_02_video_44,data/keypoints_le2i/Home_02_video_44.npz,226,250,0,0,0,1.8413415e-08
Home_02_video_44,data/keypoints_le2i/Home_02_video_44.npz,231,255,0,0,0,7.301186e-08
Home_02_video_44,data/keypoints_le2i/Home_02_video_44.npz,236,260,0,0,0,4.785551e-07
Home_02_video_44,data/keypoints_le2i/Home_02_video_44.npz,241,265,0,0,0,2.248478e-06
Home_02_video_44,data/keypoints_le2i/Home_02_video_44.npz,246,270,0,0,0,5.1444176e-06
Home_02_video_44,data/keypoints_le2i/Home_02_video_44.npz,251,275,0,0,0,6.1021237e-09
Home_02_video_44,data/keypoints_le2i/Home_02_video_44.npz,256,280,0,0,0,2.1137551e-12
Home_02_video_53,data/keypoints_le2i/Home_02_video_53.npz,1,25,0,0,0,2.0746038e-16
Home_02_video_53,data/keypoints_le2i/Home_02_video_53.npz,6,30,0,0,0,1.4813076e-15
Home_02_video_53,data/keypoints_le2i/Home_02_video_53.npz,11,35,0,0,0,1.239719e-17
Home_02_video_53,data/keypoints_le2i/Home_02_video_53.npz,16,40,0,0,0,5.02427e-16
Home_02_video_53,data/keypoints_le2i/Home_02_video_53.npz,21,45,0,0,0,7.105247e-17
Home_02_video_53,data/keypoints_le2i/Home_02_video_53.npz,26,50,0,0,0,4.3367212e-20
Home_02_video_53,data/keypoints_le2i/Home_02_video_53.npz,31,55,0,0,0,1.631077e-19
Home_02_video_53,data/keypoints_le2i/Home_02_video_53.npz,36,60,0,0,0,2.6641713e-22
Home_02_video_53,data/keypoints_le2i/Home_02_video_53.npz,41,65,0,0,0,4.7229125e-22
Home_02_video_53,data/keypoints_le2i/Home_02_video_53.npz,46,70,0,0,0,1.8163994e-13
Home_02_video_53,data/keypoints_le2i/Home_02_video_53.npz,51,75,0,0,0,9.46115e-12
Home_02_video_53,data/keypoints_le2i/Home_02_video_53.npz,56,80,0,0,0,1.1732139e-10
Home_02_video_53,data/keypoints_le2i/Home_02_video_53.npz,61,85,0,0,0,5.9773875e-10
Home_02_video_53,data/keypoints_le2i/Home_02_video_53.npz,66,90,0,0,0,2.968956e-09
Home_02_video_53,data/keypoints_le2i/Home_02_video_53.npz,71,95,0,0,0,1.3356614e-08
Home_02_video_53,data/keypoints_le2i/Home_02_video_53.npz,76,100,0,0,0,6.283364e-08
Home_02_video_53,data/keypoints_le2i/Home_02_video_53.npz,81,105,0,0,0,1.505536e-08
Home_02_video_53,data/keypoints_le2i/Home_02_video_53.npz,86,110,0,0,0,1.8257968e-07
Home_02_video_53,data/keypoints_le2i/Home_02_video_53.npz,91,115,0,0,0,9.382068e-07
Home_02_video_53,data/keypoints_le2i/Home_02_video_53.npz,96,120,0,0,0,0.00012360065
Home_02_video_53,data/keypoints_le2i/Home_02_video_53.npz,101,125,0,0,0,0.00018026849
Home_02_video_53,data/keypoints_le2i/Home_02_video_53.npz,106,130,0,0,0,0.00014415193
Home_02_video_53,data/keypoints_le2i/Home_02_video_53.npz,111,135,0,0,0,5.449067e-05
Home_02_video_53,data/keypoints_le2i/Home_02_video_53.npz,116,140,0,0,0,0.0017936289
Home_02_video_53,data/keypoints_le2i/Home_02_video_53.npz,121,145,0,0,0,0.020750452
Home_02_video_53,data/keypoints_le2i/Home_02_video_53.npz,126,150,0,0,0,0.108611286
Home_02_video_53,data/keypoints_le2i/Home_02_video_53.npz,131,155,0,0,0,0.035818473
Home_02_video_54,data/keypoints_le2i/Home_02_video_54.npz,1,25,0,0,0,5.1660867e-17
Home_02_video_54,data/keypoints_le2i/Home_02_video_54.npz,6,30,0,0,0,4.2040704e-17
Home_02_video_54,data/keypoints_le2i/Home_02_video_54.npz,11,35,0,0,0,4.2865793e-17
Home_02_video_54,data/keypoints_le2i/Home_02_video_54.npz,16,40,0,0,0,5.4632652e-17
Home_02_video_54,data/keypoints_le2i/Home_02_video_54.npz,21,45,0,0,0,9.882662e-17
Home_02_video_54,data/keypoints_le2i/Home_02_video_54.npz,26,50,0,0,0,1.5849845e-16
Home_02_video_54,data/keypoints_le2i/Home_02_video_54.npz,31,55,0,0,0,1.207266e-15
Home_02_video_54,data/keypoints_le2i/Home_02_video_54.npz,36,60,0,0,0,5.842388e-13
Home_02_video_54,data/keypoints_le2i/Home_02_video_54.npz,41,65,0,0,0,1.7995059e-13
Home_02_video_54,data/keypoints_le2i/Home_02_video_54.npz,46,70,0,0,0,7.4564524e-21
Home_02_video_54,data/keypoints_le2i/Home_02_video_54.npz,51,75,0,0,0,1.0989963e-25
Home_02_video_54,data/keypoints_le2i/Home_02_video_54.npz,56,80,0,0,0,2.1030613e-28
Home_02_video_54,data/keypoints_le2i/Home_02_video_54.npz,61,85,0,0,0,1.20327e-16
Home_02_video_54,data/keypoints_le2i/Home_02_video_54.npz,66,90,0,0,0,2.4940676e-20
Home_02_video_54,data/keypoints_le2i/Home_02_video_54.npz,71,95,0,0,0,6.1289056e-20
Home_02_video_54,data/keypoints_le2i/Home_02_video_54.npz,76,100,0,0,0,3.9474248e-20
Home_02_video_54,data/keypoints_le2i/Home_02_video_54.npz,81,105,0,0,0,1.7828922e-20
Home_02_video_54,data/keypoints_le2i/Home_02_video_54.npz,86,110,0,0,0,1.33629275e-20
Home_02_video_54,data/keypoints_le2i/Home_02_video_54.npz,91,115,0,0,0,1.8014465e-20
Home_02_video_54,data/keypoints_le2i/Home_02_video_54.npz,96,120,0,0,0,1.8631313e-20
Home_02_video_54,data/keypoints_le2i/Home_02_video_54.npz,101,125,0,0,0,2.930625e-20
Home_02_video_54,data/keypoints_le2i/Home_02_video_54.npz,106,130,0,0,0,7.4009135e-20
Home_02_video_54,data/keypoints_le2i/Home_02_video_54.npz,111,135,0,0,0,1.0260776e-19
Home_02_video_54,data/keypoints_le2i/Home_02_video_54.npz,116,140,0,0,0,8.852903e-20
Home_02_video_54,data/keypoints_le2i/Home_02_video_54.npz,121,145,0,0,0,3.2598836e-20
Home_02_video_54,data/keypoints_le2i/Home_02_video_54.npz,126,150,0,0,0,1.1753132e-20
Home_02_video_54,data/keypoints_le2i/Home_02_video_54.npz,136,160,0,0,0,5.5832856e-20
Home_02_video_54,data/keypoints_le2i/Home_02_video_54.npz,141,165,0,0,0,5.790301e-07
Home_02_video_54,data/keypoints_le2i/Home_02_video_54.npz,146,170,0,0,0,1.5534749e-08
Home_02_video_54,data/keypoints_le2i/Home_02_video_54.npz,151,175,0,0,0,9.778147e-10
Home_02_video_54,data/keypoints_le2i/Home_02_video_54.npz,156,180,0,0,0,1.9622355e-10
Home_02_video_54,data/keypoints_le2i/Home_02_video_54.npz,161,185,0,0,0,4.4629253e-10
Home_02_video_54,data/keypoints_le2i/Home_02_video_54.npz,166,190,0,0,0,4.9943705e-10
Coffee_room_01_video_10,data/keypoints_le2i/Coffee_room_01_video_10.npz,1,25,0,0,0,5.3929836e-11
Coffee_room_01_video_10,data/keypoints_le2i/Coffee_room_01_video_10.npz,6,30,0,0,0,1.1759291e-10
Coffee_room_01_video_10,data/keypoints_le2i/Coffee_room_01_video_10.npz,11,35,0,0,0,3.3822037e-10
Coffee_room_01_video_10,data/keypoints_le2i/Coffee_room_01_video_10.npz,16,40,0,0,0,4.459974e-13
Coffee_room_01_video_10,data/keypoints_le2i/Coffee_room_01_video_10.npz,21,45,0,0,0,2.005038e-12
Coffee_room_01_video_10,data/keypoints_le2i/Coffee_room_01_video_10.npz,26,50,0,0,0,6.3245576e-12
Coffee_room_01_video_10,data/keypoints_le2i/Coffee_room_01_video_10.npz,31,55,0,0,0,3.4918547e-11
Coffee_room_01_video_10,data/keypoints_le2i/Coffee_room_01_video_10.npz,36,60,0,0,0,1.5814682e-10
Coffee_room_01_video_10,data/keypoints_le2i/Coffee_room_01_video_10.npz,41,65,0,0,0,5.897751e-10
Coffee_room_01_video_10,data/keypoints_le2i/Coffee_room_01_video_10.npz,46,70,0,0,0,1.3487476e-09
Coffee_room_01_video_10,data/keypoints_le2i/Coffee_room_01_video_10.npz,51,75,0,0,0,2.913503e-09
Coffee_room_01_video_10,data/keypoints_le2i/Coffee_room_01_video_10.npz,56,80,0,0,0,1.8870132e-06
Coffee_room_01_video_10,data/keypoints_le2i/Coffee_room_01_video_10.npz,61,85,0,0,0,1.7611155e-06
Coffee_room_01_video_10,data/keypoints_le2i/Coffee_room_01_video_10.npz,66,90,0,0,0,1.178881e-06
Coffee_room_01_video_10,data/keypoints_le2i/Coffee_room_01_video_10.npz,71,95,0,0,0,8.203354e-07
Coffee_room_01_video_10,data/keypoints_le2i/Coffee_room_01_video_10.npz,76,100,0,0,0,6.1008795e-06
Coffee_room_01_video_10,data/keypoints_le2i/Coffee_room_01_video_10.npz,81,105,0,0,0,4.1425767e-05
Coffee_room_01_video_10,data/keypoints_le2i/Coffee_room_01_video_10.npz,86,110,0,0,0,4.8005768e-05
Coffee_room_01_video_10,data/keypoints_le2i/Coffee_room_01_video_10.npz,91,115,0,0,0,0.00014723086
Coffee_room_01_video_10,data/keypoints_le2i/Coffee_room_01_video_10.npz,96,120,0,0,0,3.727073e-06
Coffee_room_01_video_10,data/keypoints_le2i/Coffee_room_01_video_10.npz,101,125,0,0,0,6.982896e-06
Coffee_room_01_video_10,data/keypoints_le2i/Coffee_room_01_video_10.npz,106,130,0,0,0,6.5804225e-06
Coffee_room_01_video_10,data/keypoints_le2i/Coffee_room_01_video_10.npz,111,135,0,0,0,5.6916006e-06
Coffee_room_01_video_10,data/keypoints_le2i/Coffee_room_01_video_10.npz,116,140,0,0,0,7.4882715e-05
Coffee_room_01_video_10,data/keypoints_le2i/Coffee_room_01_video_10.npz,121,145,0,0,0,3.5365018e-05
Coffee_room_01_video_10,data/keypoints_le2i/Coffee_room_01_video_10.npz,126,150,0,0,0,1.2524955e-05
Coffee_room_01_video_10,data/keypoints_le2i/Coffee_room_01_video_10.npz,131,155,0,0,0,1.45699e-06
Coffee_room_01_video_10,data/keypoints_le2i/Coffee_room_01_video_10.npz,136,160,0,0,0,1.8390132e-07
Coffee_room_01_video_10,data/keypoints_le2i/Coffee_room_01_video_10.npz,141,165,0,0,0,1.5537298e-08
Coffee_room_01_video_10,data/keypoints_le2i/Coffee_room_01_video_10.npz,146,170,0,0,0,1.870459e-09
Coffee_room_01_video_10,data/keypoints_le2i/Coffee_room_01_video_10.npz,151,175,0,0,0,4.7504606e-10
Coffee_room_01_video_10,data/keypoints_le2i/Coffee_room_01_video_10.npz,156,180,0,0,0,2.8819375e-10
Coffee_room_01_video_10,data/keypoints_le2i/Coffee_room_01_video_10.npz,161,185,0,0,0,3.156158e-10
Coffee_room_01_video_10,data/keypoints_le2i/Coffee_room_01_video_10.npz,166,190,0,0,0,3.9534123e-10
Coffee_room_01_video_10,data/keypoints_le2i/Coffee_room_01_video_10.npz,171,195,0,0,0,3.2794076e-10
Coffee_room_01_video_10,data/keypoints_le2i/Coffee_room_01_video_10.npz,176,200,0,0,0,1.7596244e-10
Coffee_room_01_video_10,data/keypoints_le2i/Coffee_room_01_video_10.npz,181,205,0,0,0,6.194374e-10
Coffee_room_01_video_10,data/keypoints_le2i/Coffee_room_01_video_10.npz,186,210,0,0,0,1.6944282e-08
Coffee_room_01_video_10,data/keypoints_le2i/Coffee_room_01_video_10.npz,191,215,0,0,0,1.39724025e-05
Coffee_room_01_video_10,data/keypoints_le2i/Coffee_room_01_video_10.npz,196,220,0,0,1,0.67706454
Coffee_room_01_video_10,data/keypoints_le2i/Coffee_room_01_video_10.npz,201,225,1,1,1,0.99882585
Coffee_room_01_video_10,data/keypoints_le2i/Coffee_room_01_video_10.npz,206,230,1,1,1,0.99974185
Coffee_room_01_video_10,data/keypoints_le2i/Coffee_room_01_video_10.npz,211,235,1,1,1,0.99894303
Coffee_room_01_video_10,data/keypoints_le2i/Coffee_room_01_video_10.npz,216,240,1,1,1,0.9334314
Coffee_room_01_video_10,data/keypoints_le2i/Coffee_room_01_video_10.npz,221,245,1,1,0,0.48799464
Coffee_room_01_video_10,data/keypoints_le2i/Coffee_room_01_video_10.npz,226,250,1,1,0,0.37446898
Coffee_room_01_video_10,data/keypoints_le2i/Coffee_room_01_video_10.npz,231,255,0,0,0,0.34355548
Coffee_room_01_video_10,data/keypoints_le2i/Coffee_room_01_video_10.npz,236,260,0,0,0,0.33430526
Coffee_room_01_video_10,data/keypoints_le2i/Coffee_room_01_video_10.npz,241,265,0,0,0,0.29752666
Coffee_room_01_video_10,data/keypoints_le2i/Coffee_room_01_video_10.npz,246,270,0,0,0,0.27642813
Coffee_room_01_video_10,data/keypoints_le2i/Coffee_room_01_video_10.npz,251,275,0,0,0,0.28471893
Coffee_room_01_video_10,data/keypoints_le2i/Coffee_room_01_video_10.npz,256,280,0,0,0,0.2899063
Coffee_room_01_video_10,data/keypoints_le2i/Coffee_room_01_video_10.npz,261,285,0,0,0,0.28619844
Coffee_room_01_video_10,data/keypoints_le2i/Coffee_room_01_video_10.npz,266,290,0,0,0,0.28455862
Coffee_room_01_video_10,data/keypoints_le2i/Coffee_room_01_video_10.npz,271,295,0,0,0,0.28592077
Coffee_room_01_video_10,data/keypoints_le2i/Coffee_room_01_video_10.npz,276,300,0,0,0,0.28906155
Coffee_room_01_video_10,data/keypoints_le2i/Coffee_room_01_video_10.npz,281,305,0,0,0,0.28934705
Coffee_room_01_video_10,data/keypoints_le2i/Coffee_room_01_video_10.npz,286,310,0,0,0,0.2879566
Coffee_room_01_video_10,data/keypoints_le2i/Coffee_room_01_video_10.npz,291,315,0,0,0,0.28530043
Coffee_room_01_video_10,data/keypoints_le2i/Coffee_room_01_video_10.npz,296,320,0,0,0,0.2844882
Coffee_room_01_video_10,data/keypoints_le2i/Coffee_room_01_video_10.npz,301,325,0,0,0,0.28672186
Coffee_room_01_video_10,data/keypoints_le2i/Coffee_room_01_video_10.npz,306,330,0,0,0,0.28814876
Coffee_room_01_video_10,data/keypoints_le2i/Coffee_room_01_video_10.npz,311,335,0,0,0,0.285027
Coffee_room_01_video_10,data/keypoints_le2i/Coffee_room_01_video_10.npz,316,340,0,0,0,0.28382006
Coffee_room_01_video_10,data/keypoints_le2i/Coffee_room_01_video_10.npz,321,345,0,0,0,0.28470108
Coffee_room_01_video_10,data/keypoints_le2i/Coffee_room_01_video_10.npz,326,350,0,0,0,0.28474215
Coffee_room_01_video_10,data/keypoints_le2i/Coffee_room_01_video_10.npz,331,355,0,0,0,0.28607842
Coffee_room_01_video_10,data/keypoints_le2i/Coffee_room_01_video_10.npz,336,360,0,0,0,0.28712538
Coffee_room_01_video_12,data/keypoints_le2i/Coffee_room_01_video_12.npz,1,25,0,0,0,0.002359021
Coffee_room_01_video_12,data/keypoints_le2i/Coffee_room_01_video_12.npz,6,30,0,0,0,0.0047487007
Coffee_room_01_video_12,data/keypoints_le2i/Coffee_room_01_video_12.npz,11,35,0,0,0,0.011622067
Coffee_room_01_video_12,data/keypoints_le2i/Coffee_room_01_video_12.npz,16,40,0,0,0,0.022989929
Coffee_room_01_video_12,data/keypoints_le2i/Coffee_room_01_video_12.npz,21,45,0,0,0,0.033723556
Coffee_room_01_video_12,data/keypoints_le2i/Coffee_room_01_video_12.npz,26,50,0,0,0,0.035261806
Coffee_room_01_video_12,data/keypoints_le2i/Coffee_room_01_video_12.npz,31,55,0,0,0,0.028207572
Coffee_room_01_video_12,data/keypoints_le2i/Coffee_room_01_video_12.npz,36,60,0,0,0,0.037718784
Coffee_room_01_video_12,data/keypoints_le2i/Coffee_room_01_video_12.npz,41,65,1,1,0,0.18121919
Coffee_room_01_video_12,data/keypoints_le2i/Coffee_room_01_video_12.npz,46,70,1,1,1,0.7987917
Coffee_room_01_video_12,data/keypoints_le2i/Coffee_room_01_video_12.npz,51,75,1,1,1,0.97857535
Coffee_room_01_video_12,data/keypoints_le2i/Coffee_room_01_video_12.npz,56,80,1,1,1,0.9755334
Coffee_room_01_video_12,data/keypoints_le2i/Coffee_room_01_video_12.npz,61,85,1,1,1,0.7599309
Coffee_room_01_video_12,data/keypoints_le2i/Coffee_room_01_video_12.npz,66,90,0,0,0,0.21515416
Coffee_room_01_video_12,data/keypoints_le2i/Coffee_room_01_video_12.npz,71,95,0,0,0,0.27164963
Coffee_room_01_video_12,data/keypoints_le2i/Coffee_room_01_video_12.npz,76,100,0,0,0,0.28582066
Coffee_room_01_video_12,data/keypoints_le2i/Coffee_room_01_video_12.npz,81,105,0,0,0,0.2779855
Coffee_room_01_video_12,data/keypoints_le2i/Coffee_room_01_video_12.npz,86,110,0,0,0,0.23892917
Coffee_room_01_video_12,data/keypoints_le2i/Coffee_room_01_video_12.npz,91,115,0,0,0,0.23823255
Coffee_room_01_video_12,data/keypoints_le2i/Coffee_room_01_video_12.npz,96,120,0,0,0,0.22754045
Coffee_room_01_video_12,data/keypoints_le2i/Coffee_room_01_video_12.npz,101,125,0,0,0,0.22740418
Coffee_room_01_video_12,data/keypoints_le2i/Coffee_room_01_video_12.npz,106,130,0,0,0,0.22565478
Coffee_room_01_video_12,data/keypoints_le2i/Coffee_room_01_video_12.npz,111,135,0,0,0,0.22501105
Coffee_room_01_video_12,data/keypoints_le2i/Coffee_room_01_video_12.npz,116,140,0,0,0,0.22386417
Coffee_room_01_video_12,data/keypoints_le2i/Coffee_room_01_video_12.npz,121,145,0,0,0,0.22338769
Coffee_room_01_video_12,data/keypoints_le2i/Coffee_room_01_video_12.npz,126,150,0,0,0,0.22494501
Coffee_room_01_video_12,data/keypoints_le2i/Coffee_room_01_video_12.npz,131,155,0,0,0,0.227501
Coffee_room_01_video_12,data/keypoints_le2i/Coffee_room_01_video_12.npz,136,160,0,0,0,0.22897203
Coffee_room_01_video_12,data/keypoints_le2i/Coffee_room_01_video_12.npz,141,165,0,0,0,0.22701119
Coffee_room_01_video_12,data/keypoints_le2i/Coffee_room_01_video_12.npz,146,170,0,0,0,0.223566
Coffee_room_01_video_12,data/keypoints_le2i/Coffee_room_01_video_12.npz,151,175,0,0,0,0.22238575
Coffee_room_01_video_12,data/keypoints_le2i/Coffee_room_01_video_12.npz,156,180,0,0,0,0.22366127
Coffee_room_01_video_14,data/keypoints_le2i/Coffee_room_01_video_14.npz,1,25,0,0,0,0.005371812
Coffee_room_01_video_14,data/keypoints_le2i/Coffee_room_01_video_14.npz,6,30,0,0,0,0.011551488
Coffee_room_01_video_14,data/keypoints_le2i/Coffee_room_01_video_14.npz,11,35,0,0,0,0.026469119
Coffee_room_01_video_14,data/keypoints_le2i/Coffee_room_01_video_14.npz,16,40,0,0,0,0.046512075
Coffee_room_01_video_14,data/keypoints_le2i/Coffee_room_01_video_14.npz,21,45,0,0,0,0.08872602
Coffee_room_01_video_14,data/keypoints_le2i/Coffee_room_01_video_14.npz,26,50,0,0,0,0.15636545
Coffee_room_01_video_14,data/keypoints_le2i/Coffee_room_01_video_14.npz,31,55,0,0,0,0.37134182
Coffee_room_01_video_14,data/keypoints_le2i/Coffee_room_01_video_14.npz,36,60,0,0,1,0.520654
Coffee_room_01_video_14,data/keypoints_le2i/Coffee_room_01_video_14.npz,41,65,1,1,1,0.6687077
Coffee_room_01_video_14,data/keypoints_le2i/Coffee_room_01_video_14.npz,46,70,1,1,1,0.9011463
Coffee_room_01_video_14,data/keypoints_le2i/Coffee_room_01_video_14.npz,51,75,1,1,1,0.7691544
Coffee_room_01_video_14,data/keypoints_le2i/Coffee_room_01_video_14.npz,56,80,1,1,0,0.37254006
Coffee_room_01_video_14,data/keypoints_le2i/Coffee_room_01_video_14.npz,61,85,1,1,0,0.15340385
Coffee_room_01_video_14,data/keypoints_le2i/Coffee_room_01_video_14.npz,66,90,0,0,0,0.13385078
Coffee_room_01_video_14,data/keypoints_le2i/Coffee_room_01_video_14.npz,71,95,0,0,0,0.112974204
Coffee_room_01_video_14,data/keypoints_le2i/Coffee_room_01_video_14.npz,76,100,0,0,0,0.11403786
Coffee_room_01_video_19,data/keypoints_le2i/Coffee_room_01_video_19.npz,1,25,0,0,0,2.5611555e-06
Coffee_room_01_video_19,data/keypoints_le2i/Coffee_room_01_video_19.npz,6,30,0,0,0,2.6223938e-06
Coffee_room_01_video_19,data/keypoints_le2i/Coffee_room_01_video_19.npz,11,35,0,0,0,3.3283093e-06
Coffee_room_01_video_19,data/keypoints_le2i/Coffee_room_01_video_19.npz,16,40,0,0,0,5.664985e-06
Coffee_room_01_video_19,data/keypoints_le2i/Coffee_room_01_video_19.npz,21,45,0,0,0,1.0805959e-05
Coffee_room_01_video_19,data/keypoints_le2i/Coffee_room_01_video_19.npz,26,50,0,0,0,1.9203491e-05
Coffee_room_01_video_19,data/keypoints_le2i/Coffee_room_01_video_19.npz,31,55,0,0,0,3.530117e-05
Coffee_room_01_video_19,data/keypoints_le2i/Coffee_room_01_video_19.npz,36,60,0,0,0,6.987477e-05
Coffee_room_01_video_19,data/keypoints_le2i/Coffee_room_01_video_19.npz,41,65,0,0,0,0.00012351666
Coffee_room_01_video_19,data/keypoints_le2i/Coffee_room_01_video_19.npz,46,70,0,0,0,0.00020494904
Coffee_room_01_video_19,data/keypoints_le2i/Coffee_room_01_video_19.npz,51,75,0,0,0,0.00027811393
Coffee_room_01_video_19,data/keypoints_le2i/Coffee_room_01_video_19.npz,56,80,0,0,0,0.00032082666
Coffee_room_01_video_19,data/keypoints_le2i/Coffee_room_01_video_19.npz,61,85,0,0,0,0.0004181664
Coffee_room_01_video_19,data/keypoints_le2i/Coffee_room_01_video_19.npz,66,90,0,0,0,0.0006875864
Coffee_room_01_video_19,data/keypoints_le2i/Coffee_room_01_video_19.npz,71,95,0,0,0,0.001435565
Coffee_room_01_video_19,data/keypoints_le2i/Coffee_room_01_video_19.npz,76,100,0,0,0,0.0048724874
Coffee_room_01_video_19,data/keypoints_le2i/Coffee_room_01_video_19.npz,81,105,1,1,0,0.047839567
Coffee_room_01_video_19,data/keypoints_le2i/Coffee_room_01_video_19.npz,86,110,1,1,1,0.8469991
Coffee_room_01_video_19,data/keypoints_le2i/Coffee_room_01_video_19.npz,91,115,1,1,1,0.9890497
Coffee_room_01_video_19,data/keypoints_le2i/Coffee_room_01_video_19.npz,96,120,1,1,1,0.9952437
Coffee_room_01_video_19,data/keypoints_le2i/Coffee_room_01_video_19.npz,101,125,1,1,1,0.98706764
Coffee_room_01_video_19,data/keypoints_le2i/Coffee_room_01_video_19.npz,106,130,1,1,1,0.8428702
Coffee_room_01_video_19,data/keypoints_le2i/Coffee_room_01_video_19.npz,111,135,1,1,1,0.51836747
Coffee_room_01_video_19,data/keypoints_le2i/Coffee_room_01_video_19.npz,116,140,1,1,0,0.43376365
Coffee_room_01_video_19,data/keypoints_le2i/Coffee_room_01_video_19.npz,121,145,0,0,0,0.39601135
Coffee_room_01_video_19,data/keypoints_le2i/Coffee_room_01_video_19.npz,126,150,0,0,0,0.32649747
Coffee_room_01_video_19,data/keypoints_le2i/Coffee_room_01_video_19.npz,131,155,0,0,0,0.29531306
Coffee_room_01_video_19,data/keypoints_le2i/Coffee_room_01_video_19.npz,136,160,0,0,0,0.1663909
Coffee_room_01_video_19,data/keypoints_le2i/Coffee_room_01_video_19.npz,141,165,0,0,0,0.16301498
Coffee_room_01_video_19,data/keypoints_le2i/Coffee_room_01_video_19.npz,146,170,0,0,0,0.16175593
Coffee_room_01_video_19,data/keypoints_le2i/Coffee_room_01_video_19.npz,151,175,0,0,0,0.16182058
Coffee_room_01_video_19,data/keypoints_le2i/Coffee_room_01_video_19.npz,156,180,0,0,0,0.16180824
Coffee_room_01_video_19,data/keypoints_le2i/Coffee_room_01_video_19.npz,161,185,0,0,0,0.16182806
Coffee_room_01_video_19,data/keypoints_le2i/Coffee_room_01_video_19.npz,166,190,0,0,0,0.16214122
Coffee_room_01_video_19,data/keypoints_le2i/Coffee_room_01_video_19.npz,171,195,0,0,0,0.1624731
Coffee_room_01_video_19,data/keypoints_le2i/Coffee_room_01_video_19.npz,176,200,0,0,0,0.16233149
Coffee_room_01_video_19,data/keypoints_le2i/Coffee_room_01_video_19.npz,181,205,0,0,0,0.16259637
Coffee_room_01_video_19,data/keypoints_le2i/Coffee_room_01_video_19.npz,186,210,0,0,0,0.16226089
Coffee_room_01_video_23,data/keypoints_le2i/Coffee_room_01_video_23.npz,1,25,0,0,0,9.9206666e-08
Coffee_room_01_video_23,data/keypoints_le2i/Coffee_room_01_video_23.npz,6,30,0,0,0,9.956475e-08
Coffee_room_01_video_23,data/keypoints_le2i/Coffee_room_01_video_23.npz,11,35,0,0,0,7.759804e-09
Coffee_room_01_video_23,data/keypoints_le2i/Coffee_room_01_video_23.npz,16,40,0,0,0,3.887841e-09
Coffee_room_01_video_23,data/keypoints_le2i/Coffee_room_01_video_23.npz,21,45,0,0,0,1.402929e-07
Coffee_room_01_video_23,data/keypoints_le2i/Coffee_room_01_video_23.npz,26,50,0,0,0,1.4099142e-07
Coffee_room_01_video_23,data/keypoints_le2i/Coffee_room_01_video_23.npz,31,55,0,0,0,3.2226504e-07
Coffee_room_01_video_23,data/keypoints_le2i/Coffee_room_01_video_23.npz,36,60,0,0,0,9.605868e-07
Coffee_room_01_video_23,data/keypoints_le2i/Coffee_room_01_video_23.npz,41,65,0,0,0,9.304308e-07
Coffee_room_01_video_23,data/keypoints_le2i/Coffee_room_01_video_23.npz,46,70,0,0,0,8.503415e-05
Coffee_room_01_video_23,data/keypoints_le2i/Coffee_room_01_video_23.npz,51,75,0,0,0,0.00033488308
Coffee_room_01_video_23,data/keypoints_le2i/Coffee_room_01_video_23.npz,56,80,0,0,0,0.00045378445
Coffee_room_01_video_23,data/keypoints_le2i/Coffee_room_01_video_23.npz,61,85,0,0,0,0.0006426338
Coffee_room_01_video_23,data/keypoints_le2i/Coffee_room_01_video_23.npz,66,90,0,0,0,0.00091800635
Coffee_room_01_video_23,data/keypoints_le2i/Coffee_room_01_video_23.npz,71,95,0,0,0,0.0014504396
Coffee_room_01_video_23,data/keypoints_le2i/Coffee_room_01_video_23.npz,76,100,0,0,0,0.00244308
Coffee_room_01_video_23,data/keypoints_le2i/Coffee_room_01_video_23.npz,81,105,0,0,0,0.0041675875
Coffee_room_01_video_23,data/keypoints_le2i/Coffee_room_01_video_23.npz,86,110,0,0,0,0.0051477854
Coffee_room_01_video_23,data/keypoints_le2i/Coffee_room_01_video_23.npz,91,115,0,0,0,0.005070081
Coffee_room_01_video_23,data/keypoints_le2i/Coffee_room_01_video_23.npz,96,120,0,0,0,0.0037864249
Coffee_room_01_video_23,data/keypoints_le2i/Coffee_room_01_video_23.npz,101,125,0,0,0,0.0023949998
Coffee_room_01_video_23,data/keypoints_le2i/Coffee_room_01_video_23.npz,106,130,0,0,0,0.0011506671
Coffee_room_01_video_23,data/keypoints_le2i/Coffee_room_01_video_23.npz,111,135,0,0,0,0.00030628048
Coffee_room_01_video_23,data/keypoints_le2i/Coffee_room_01_video_23.npz,116,140,0,0,0,3.8178365e-05
Coffee_room_01_video_23,data/keypoints_le2i/Coffee_room_01_video_23.npz,121,145,0,0,0,3.0181684e-06
Coffee_room_01_video_23,data/keypoints_le2i/Coffee_room_01_video_23.npz,126,150,0,0,0,2.0990215e-07
Coffee_room_01_video_23,data/keypoints_le2i/Coffee_room_01_video_23.npz,131,155,0,0,0,2.0868914e-08
Coffee_room_01_video_23,data/keypoints_le2i/Coffee_room_01_video_23.npz,136,160,0,0,0,4.349685e-09
Coffee_room_01_video_23,data/keypoints_le2i/Coffee_room_01_video_23.npz,141,165,0,0,0,2.2536577e-09
Coffee_room_01_video_23,data/keypoints_le2i/Coffee_room_01_video_23.npz,146,170,0,0,0,2.4350195e-09
Coffee_room_01_video_23,data/keypoints_le2i/Coffee_room_01_video_23.npz,151,175,0,0,0,3.5789636e-09
Coffee_room_01_video_23,data/keypoints_le2i/Coffee_room_01_video_23.npz,156,180,0,0,0,5.717488e-09
Coffee_room_01_video_23,data/keypoints_le2i/Coffee_room_01_video_23.npz,161,185,0,0,0,7.562906e-09
Coffee_room_01_video_23,data/keypoints_le2i/Coffee_room_01_video_23.npz,166,190,0,0,0,6.5910135e-09
Coffee_room_01_video_23,data/keypoints_le2i/Coffee_room_01_video_23.npz,171,195,0,0,0,5.1324793e-09
Coffee_room_01_video_23,data/keypoints_le2i/Coffee_room_01_video_23.npz,176,200,0,0,0,4.523716e-09
Coffee_room_01_video_23,data/keypoints_le2i/Coffee_room_01_video_23.npz,181,205,0,0,0,7.9857365e-09
Coffee_room_01_video_23,data/keypoints_le2i/Coffee_room_01_video_23.npz,186,210,0,0,0,2.512521e-07
Coffee_room_01_video_23,data/keypoints_le2i/Coffee_room_01_video_23.npz,191,215,0,0,0,0.002766246
Coffee_room_01_video_23,data/keypoints_le2i/Coffee_room_01_video_23.npz,196,220,0,0,1,0.9960085
Coffee_room_01_video_23,data/keypoints_le2i/Coffee_room_01_video_23.npz,201,225,1,1,1,0.9993783
Coffee_room_01_video_23,data/keypoints_le2i/Coffee_room_01_video_23.npz,206,230,1,1,1,0.9959667
Coffee_room_01_video_23,data/keypoints_le2i/Coffee_room_01_video_23.npz,211,235,1,1,1,0.8746862
Coffee_room_01_video_23,data/keypoints_le2i/Coffee_room_01_video_23.npz,216,240,1,1,0,0.040008817
Coffee_room_01_video_23,data/keypoints_le2i/Coffee_room_01_video_23.npz,221,245,1,1,0,0.040656988
Coffee_room_01_video_23,data/keypoints_le2i/Coffee_room_01_video_23.npz,226,250,1,1,0,0.040114515
Coffee_room_01_video_23,data/keypoints_le2i/Coffee_room_01_video_23.npz,231,255,1,1,0,0.04062031
Coffee_room_01_video_23,data/keypoints_le2i/Coffee_room_01_video_23.npz,236,260,0,0,0,0.040454917
Coffee_room_01_video_23,data/keypoints_le2i/Coffee_room_01_video_23.npz,241,265,0,0,0,0.13433842
Coffee_room_01_video_23,data/keypoints_le2i/Coffee_room_01_video_23.npz,246,270,0,0,0,0.13388887
Coffee_room_01_video_23,data/keypoints_le2i/Coffee_room_01_video_23.npz,251,275,0,0,0,0.13428211
Coffee_room_01_video_23,data/keypoints_le2i/Coffee_room_01_video_23.npz,256,280,0,0,0,0.13517174
Coffee_room_01_video_23,data/keypoints_le2i/Coffee_room_01_video_23.npz,261,285,0,0,0,0.13872232
Coffee_room_01_video_23,data/keypoints_le2i/Coffee_room_01_video_23.npz,266,290,0,0,0,0.14012836
Coffee_room_01_video_23,data/keypoints_le2i/Coffee_room_01_video_23.npz,271,295,0,0,0,0.14243789
Coffee_room_01_video_23,data/keypoints_le2i/Coffee_room_01_video_23.npz,276,300,0,0,0,0.14535986
Coffee_room_01_video_23,data/keypoints_le2i/Coffee_room_01_video_23.npz,281,305,0,0,0,0.043290313
Coffee_room_01_video_23,data/keypoints_le2i/Coffee_room_01_video_23.npz,286,310,0,0,0,0.008124705
Coffee_room_01_video_30,data/keypoints_le2i/Coffee_room_01_video_30.npz,1,25,0,0,0,0.0071178796
Coffee_room_01_video_30,data/keypoints_le2i/Coffee_room_01_video_30.npz,6,30,0,0,0,0.006649283
Coffee_room_01_video_30,data/keypoints_le2i/Coffee_room_01_video_30.npz,11,35,0,0,0,0.005465067
Coffee_room_01_video_30,data/keypoints_le2i/Coffee_room_01_video_30.npz,16,40,0,0,0,0.0049589877
Coffee_room_01_video_30,data/keypoints_le2i/Coffee_room_01_video_30.npz,21,45,0,0,0,0.008899907
Coffee_room_01_video_30,data/keypoints_le2i/Coffee_room_01_video_30.npz,26,50,0,0,0,0.0041096075
Coffee_room_01_video_30,data/keypoints_le2i/Coffee_room_01_video_30.npz,31,55,0,0,0,0.0056704134
Coffee_room_01_video_30,data/keypoints_le2i/Coffee_room_01_video_30.npz,36,60,0,0,0,0.0061468515
Coffee_room_01_video_30,data/keypoints_le2i/Coffee_room_01_video_30.npz,41,65,0,0,0,0.004494525
Coffee_room_01_video_30,data/keypoints_le2i/Coffee_room_01_video_30.npz,46,70,0,0,0,0.0049397266
Coffee_room_01_video_30,data/keypoints_le2i/Coffee_room_01_video_30.npz,51,75,0,0,0,0.0056188297
Coffee_room_01_video_30,data/keypoints_le2i/Coffee_room_01_video_30.npz,56,80,0,0,0,0.0139724
Coffee_room_01_video_30,data/keypoints_le2i/Coffee_room_01_video_30.npz,61,85,0,0,0,0.1051524
Coffee_room_01_video_30,data/keypoints_le2i/Coffee_room_01_video_30.npz,66,90,0,0,1,0.87260807
Coffee_room_01_video_30,data/keypoints_le2i/Coffee_room_01_video_30.npz,71,95,1,1,1,0.98155963
Coffee_room_01_video_30,data/keypoints_le2i/Coffee_room_01_video_30.npz,76,100,1,1,1,0.9684317
Coffee_room_01_video_30,data/keypoints_le2i/Coffee_room_01_video_30.npz,81,105,1,1,0,0.46875212
Coffee_room_01_video_30,data/keypoints_le2i/Coffee_room_01_video_30.npz,86,110,1,1,0,0.20226586
Coffee_room_01_video_30,data/keypoints_le2i/Coffee_room_01_video_30.npz,91,115,1,1,0,0.21859589
Coffee_room_01_video_30,data/keypoints_le2i/Coffee_room_01_video_30.npz,96,120,0,0,0,0.253032
Coffee_room_01_video_30,data/keypoints_le2i/Coffee_room_01_video_30.npz,101,125,0,0,0,0.25203735
Coffee_room_01_video_30,data/keypoints_le2i/Coffee_room_01_video_30.npz,106,130,0,0,0,0.13498875
Coffee_room_01_video_30,data/keypoints_le2i/Coffee_room_01_video_30.npz,111,135,0,0,0,0.04911355
Coffee_room_01_video_30,data/keypoints_le2i/Coffee_room_01_video_30.npz,116,140,0,0,0,0.012121779
Coffee_room_01_video_32,data/keypoints_le2i/Coffee_room_01_video_32.npz,1,25,0,0,0,1.2964379e-08
Coffee_room_01_video_32,data/keypoints_le2i/Coffee_room_01_video_32.npz,6,30,0,0,0,3.3361026e-08
Coffee_room_01_video_32,data/keypoints_le2i/Coffee_room_01_video_32.npz,11,35,0,0,0,1.7554702e-07
Coffee_room_01_video_32,data/keypoints_le2i/Coffee_room_01_video_32.npz,16,40,0,0,0,1.0045937e-06
Coffee_room_01_video_32,data/keypoints_le2i/Coffee_room_01_video_32.npz,21,45,0,0,0,1.314284e-06
Coffee_room_01_video_32,data/keypoints_le2i/Coffee_room_01_video_32.npz,26,50,0,0,0,2.4446518e-07
Coffee_room_01_video_32,data/keypoints_le2i/Coffee_room_01_video_32.npz,31,55,0,0,0,9.825434e-09
Coffee_room_01_video_32,data/keypoints_le2i/Coffee_room_01_video_32.npz,36,60,0,0,0,2.787963e-10
Coffee_room_01_video_32,data/keypoints_le2i/Coffee_room_01_video_32.npz,41,65,0,0,0,1.26096165e-11
Coffee_room_01_video_32,data/keypoints_le2i/Coffee_room_01_video_32.npz,46,70,0,0,0,2.303506e-12
Coffee_room_01_video_32,data/keypoints_le2i/Coffee_room_01_video_32.npz,51,75,0,0,0,1.4390385e-12
Coffee_room_01_video_32,data/keypoints_le2i/Coffee_room_01_video_32.npz,56,80,0,0,0,1.8885846e-12
Coffee_room_01_video_32,data/keypoints_le2i/Coffee_room_01_video_32.npz,61,85,0,0,0,3.5913488e-12
Coffee_room_01_video_32,data/keypoints_le2i/Coffee_room_01_video_32.npz,66,90,0,0,0,5.287703e-12
Coffee_room_01_video_32,data/keypoints_le2i/Coffee_room_01_video_32.npz,71,95,0,0,0,6.415314e-12
Coffee_room_01_video_32,data/keypoints_le2i/Coffee_room_01_video_32.npz,76,100,0,0,0,7.51861e-12
Coffee_room_01_video_32,data/keypoints_le2i/Coffee_room_01_video_32.npz,81,105,0,0,0,5.7624647e-12
Coffee_room_01_video_32,data/keypoints_le2i/Coffee_room_01_video_32.npz,86,110,0,0,0,3.5526916e-12
Coffee_room_01_video_32,data/keypoints_le2i/Coffee_room_01_video_32.npz,91,115,0,0,0,2.2239346e-12
Coffee_room_01_video_32,data/keypoints_le2i/Coffee_room_01_video_32.npz,96,120,0,0,0,1.1373378e-12
Coffee_room_01_video_32,data/keypoints_le2i/Coffee_room_01_video_32.npz,101,125,0,0,0,5.703263e-13
Coffee_room_01_video_32,data/keypoints_le2i/Coffee_room_01_video_32.npz,106,130,0,0,0,2.13521e-13
Coffee_room_01_video_32,data/keypoints_le2i/Coffee_room_01_video_32.npz,111,135,0,0,0,4.680871e-14
Coffee_room_01_video_32,data/keypoints_le2i/Coffee_room_01_video_32.npz,116,140,0,0,0,7.580979e-15
Coffee_room_01_video_32,data/keypoints_le2i/Coffee_room_01_video_32.npz,121,145,0,0,0,5.051249e-13
Coffee_room_01_video_32,data/keypoints_le2i/Coffee_room_01_video_32.npz,126,150,0,0,0,2.5730606e-13
Coffee_room_01_video_32,data/keypoints_le2i/Coffee_room_01_video_32.npz,131,155,0,0,0,1.868697e-13
Coffee_room_01_video_32,data/keypoints_le2i/Coffee_room_01_video_32.npz,146,170,0,0,0,7.570485e-16
Coffee_room_01_video_32,data/keypoints_le2i/Coffee_room_01_video_32.npz,151,175,0,0,0,1.585076e-15
Coffee_room_01_video_32,data/keypoints_le2i/Coffee_room_01_video_32.npz,156,180,0,0,0,5.4795506e-15
Coffee_room_01_video_32,data/keypoints_le2i/Coffee_room_01_video_32.npz,161,185,0,0,0,2.7551454e-14
Coffee_room_01_video_32,data/keypoints_le2i/Coffee_room_01_video_32.npz,166,190,0,0,0,2.0895706e-13
Coffee_room_01_video_32,data/keypoints_le2i/Coffee_room_01_video_32.npz,171,195,0,0,0,1.7312652e-12
Coffee_room_01_video_32,data/keypoints_le2i/Coffee_room_01_video_32.npz,176,200,0,0,0,3.1500583e-11
Coffee_room_01_video_32,data/keypoints_le2i/Coffee_room_01_video_32.npz,181,205,0,0,0,5.4038725e-09
Coffee_room_01_video_32,data/keypoints_le2i/Coffee_room_01_video_32.npz,186,210,0,0,0,5.126048e-06
Coffee_room_01_video_32,data/keypoints_le2i/Coffee_room_01_video_32.npz,191,215,0,0,0,0.049030367
Coffee_room_01_video_32,data/keypoints_le2i/Coffee_room_01_video_32.npz,196,220,1,1,1,0.9804539
Coffee_room_01_video_32,data/keypoints_le2i/Coffee_room_01_video_32.npz,201,225,1,1,1,0.9975878
Coffee_room_01_video_32,data/keypoints_le2i/Coffee_room_01_video_32.npz,206,230,1,1,1,0.99601537
Coffee_room_01_video_32,data/keypoints_le2i/Coffee_room_01_video_32.npz,211,235,1,1,1,0.9401212
Coffee_room_01_video_32,data/keypoints_le2i/Coffee_room_01_video_32.npz,216,240,1,1,1,0.5647471
Coffee_room_01_video_32,data/keypoints_le2i/Coffee_room_01_video_32.npz,221,245,0,0,0,0.086722136
Coffee_room_01_video_32,data/keypoints_le2i/Coffee_room_01_video_32.npz,226,250,0,0,0,0.08211102
Coffee_room_01_video_32,data/keypoints_le2i/Coffee_room_01_video_32.npz,231,255,0,0,0,0.08108705
Coffee_room_01_video_32,data/keypoints_le2i/Coffee_room_01_video_32.npz,236,260,0,0,0,0.083948106
Coffee_room_01_video_32,data/keypoints_le2i/Coffee_room_01_video_32.npz,241,265,0,0,0,0.08595895
Coffee_room_01_video_32,data/keypoints_le2i/Coffee_room_01_video_32.npz,246,270,0,0,0,0.086120754
Coffee_room_01_video_32,data/keypoints_le2i/Coffee_room_01_video_32.npz,251,275,0,0,0,0.086632706
Coffee_room_01_video_32,data/keypoints_le2i/Coffee_room_01_video_32.npz,256,280,0,0,0,0.08665369
Coffee_room_01_video_32,data/keypoints_le2i/Coffee_room_01_video_32.npz,261,285,0,0,0,0.085806705
Coffee_room_01_video_32,data/keypoints_le2i/Coffee_room_01_video_32.npz,266,290,0,0,0,0.08597889
Coffee_room_01_video_32,data/keypoints_le2i/Coffee_room_01_video_32.npz,271,295,0,0,0,0.08672755
Coffee_room_01_video_32,data/keypoints_le2i/Coffee_room_01_video_32.npz,276,300,0,0,0,0.08713036
Coffee_room_01_video_32,data/keypoints_le2i/Coffee_room_01_video_32.npz,281,305,0,0,0,0.08713554
Coffee_room_01_video_33,data/keypoints_le2i/Coffee_room_01_video_33.npz,1,25,0,0,0,0.0002892938
Coffee_room_01_video_33,data/keypoints_le2i/Coffee_room_01_video_33.npz,6,30,0,0,0,0.0003903498
Coffee_room_01_video_33,data/keypoints_le2i/Coffee_room_01_video_33.npz,11,35,0,0,0,0.0005916102
Coffee_room_01_video_33,data/keypoints_le2i/Coffee_room_01_video_33.npz,16,40,0,0,0,0.000966281
Coffee_room_01_video_33,data/keypoints_le2i/Coffee_room_01_video_33.npz,21,45,0,0,0,0.0035826238
Coffee_room_01_video_33,data/keypoints_le2i/Coffee_room_01_video_33.npz,26,50,0,0,0,0.005674515
Coffee_room_01_video_33,data/keypoints_le2i/Coffee_room_01_video_33.npz,31,55,0,0,0,0.0001753059
Coffee_room_01_video_33,data/keypoints_le2i/Coffee_room_01_video_33.npz,36,60,0,0,0,0.00019004982
Coffee_room_01_video_33,data/keypoints_le2i/Coffee_room_01_video_33.npz,41,65,0,0,0,0.0017473581
Coffee_room_01_video_33,data/keypoints_le2i/Coffee_room_01_video_33.npz,46,70,0,0,0,0.00032206965
Coffee_room_01_video_33,data/keypoints_le2i/Coffee_room_01_video_33.npz,51,75,0,0,0,6.4520056e-05
Coffee_room_01_video_33,data/keypoints_le2i/Coffee_room_01_video_33.npz,56,80,0,0,0,2.688892e-05
Coffee_room_01_video_33,data/keypoints_le2i/Coffee_room_01_video_33.npz,61,85,0,0,0,4.0314033e-05
Coffee_room_01_video_33,data/keypoints_le2i/Coffee_room_01_video_33.npz,66,90,0,0,0,0.000549717
Coffee_room_01_video_33,data/keypoints_le2i/Coffee_room_01_video_33.npz,71,95,0,0,0,0.060140908
Coffee_room_01_video_33,data/keypoints_le2i/Coffee_room_01_video_33.npz,76,100,1,1,1,0.92383903
Coffee_room_01_video_33,data/keypoints_le2i/Coffee_room_01_video_33.npz,81,105,1,1,1,0.99316746
Coffee_room_01_video_33,data/keypoints_le2i/Coffee_room_01_video_33.npz,86,110,1,1,1,0.9921103
Coffee_room_01_video_33,data/keypoints_le2i/Coffee_room_01_video_33.npz,91,115,1,1,1,0.9632156
Coffee_room_01_video_33,data/keypoints_le2i/Coffee_room_01_video_33.npz,96,120,1,1,1,0.7548607
Coffee_room_01_video_33,data/keypoints_le2i/Coffee_room_01_video_33.npz,101,125,1,1,0,0.02733395
Coffee_room_01_video_33,data/keypoints_le2i/Coffee_room_01_video_33.npz,106,130,0,0,0,0.02423529
Coffee_room_01_video_33,data/keypoints_le2i/Coffee_room_01_video_33.npz,111,135,0,0,0,0.0011472425
Coffee_room_01_video_33,data/keypoints_le2i/Coffee_room_01_video_33.npz,116,140,0,0,0,0.0011786068
Coffee_room_01_video_33,data/keypoints_le2i/Coffee_room_01_video_33.npz,121,145,0,0,0,0.0012010295
Coffee_room_01_video_33,data/keypoints_le2i/Coffee_room_01_video_33.npz,126,150,0,0,0,0.0011907099
Coffee_room_01_video_33,data/keypoints_le2i/Coffee_room_01_video_33.npz,131,155,0,0,0,0.0011790673
Coffee_room_01_video_33,data/keypoints_le2i/Coffee_room_01_video_33.npz,136,160,0,0,0,0.0011752358
Coffee_room_01_video_33,data/keypoints_le2i/Coffee_room_01_video_33.npz,141,165,0,0,0,0.0011726327
Coffee_room_01_video_33,data/keypoints_le2i/Coffee_room_01_video_33.npz,146,170,0,0,0,0.0011713699
Coffee_room_01_video_33,data/keypoints_le2i/Coffee_room_01_video_33.npz,151,175,0,0,0,0.0011557512
Coffee_room_01_video_33,data/keypoints_le2i/Coffee_room_01_video_33.npz,156,180,0,0,0,0.0011462604
Coffee_room_01_video_33,data/keypoints_le2i/Coffee_room_01_video_33.npz,161,185,0,0,0,0.0011442084
Coffee_room_01_video_33,data/keypoints_le2i/Coffee_room_01_video_33.npz,166,190,0,0,0,0.0011558414
Coffee_room_01_video_33,data/keypoints_le2i/Coffee_room_01_video_33.npz,171,195,0,0,0,0.0011619859
Coffee_room_01_video_33,data/keypoints_le2i/Coffee_room_01_video_33.npz,176,200,0,0,0,0.0011601533
Coffee_room_01_video_33,data/keypoints_le2i/Coffee_room_01_video_33.npz,181,205,0,0,0,0.0011539062
Coffee_room_01_video_33,data/keypoints_le2i/Coffee_room_01_video_33.npz,186,210,0,0,0,0.0011511659
Coffee_room_01_video_33,data/keypoints_le2i/Coffee_room_01_video_33.npz,191,215,0,0,0,0.0011508536
Coffee_room_01_video_33,data/keypoints_le2i/Coffee_room_01_video_33.npz,196,220,0,0,0,0.0011537028
Coffee_room_01_video_33,data/keypoints_le2i/Coffee_room_01_video_33.npz,201,225,0,0,0,0.0011587397
Coffee_room_01_video_37,data/keypoints_le2i/Coffee_room_01_video_37.npz,1,25,0,0,0,0.0018943325
Coffee_room_01_video_37,data/keypoints_le2i/Coffee_room_01_video_37.npz,6,30,0,0,0,0.0025553156
Coffee_room_01_video_37,data/keypoints_le2i/Coffee_room_01_video_37.npz,11,35,0,0,0,0.0028912246
Coffee_room_01_video_37,data/keypoints_le2i/Coffee_room_01_video_37.npz,16,40,0,0,0,0.0034803634
Coffee_room_01_video_37,data/keypoints_le2i/Coffee_room_01_video_37.npz,21,45,0,0,0,0.0037056503
Coffee_room_01_video_37,data/keypoints_le2i/Coffee_room_01_video_37.npz,26,50,0,0,0,0.0034816307
Coffee_room_01_video_37,data/keypoints_le2i/Coffee_room_01_video_37.npz,31,55,0,0,0,0.0050911643
Coffee_room_01_video_37,data/keypoints_le2i/Coffee_room_01_video_37.npz,36,60,0,0,0,0.0075080576
Coffee_room_01_video_37,data/keypoints_le2i/Coffee_room_01_video_37.npz,41,65,0,0,0,0.0337553
Coffee_room_01_video_37,data/keypoints_le2i/Coffee_room_01_video_37.npz,46,70,1,1,1,0.61976284
Coffee_room_01_video_37,data/keypoints_le2i/Coffee_room_01_video_37.npz,51,75,1,1,1,0.98684585
Coffee_room_01_video_37,data/keypoints_le2i/Coffee_room_01_video_37.npz,56,80,1,1,1,0.99330705
Coffee_room_01_video_37,data/keypoints_le2i/Coffee_room_01_video_37.npz,61,85,1,1,1,0.8007373
Coffee_room_01_video_37,data/keypoints_le2i/Coffee_room_01_video_37.npz,66,90,1,1,0,0.2517833
Coffee_room_01_video_37,data/keypoints_le2i/Coffee_room_01_video_37.npz,71,95,0,0,0,0.122113846
Coffee_room_01_video_37,data/keypoints_le2i/Coffee_room_01_video_37.npz,76,100,0,0,0,0.24334593
Coffee_room_01_video_37,data/keypoints_le2i/Coffee_room_01_video_37.npz,81,105,0,0,0,0.28878215
Coffee_room_01_video_37,data/keypoints_le2i/Coffee_room_01_video_37.npz,86,110,0,0,0,0.3050286
Coffee_room_01_video_37,data/keypoints_le2i/Coffee_room_01_video_37.npz,91,115,0,0,0,0.25307
Coffee_room_01_video_37,data/keypoints_le2i/Coffee_room_01_video_37.npz,96,120,0,0,0,0.22954135
Coffee_room_01_video_37,data/keypoints_le2i/Coffee_room_01_video_37.npz,101,125,0,0,0,0.2273323
Coffee_room_01_video_37,data/keypoints_le2i/Coffee_room_01_video_37.npz,106,130,0,0,0,0.22045846
Coffee_room_01_video_37,data/keypoints_le2i/Coffee_room_01_video_37.npz,111,135,0,0,0,0.21209708
Coffee_room_01_video_37,data/keypoints_le2i/Coffee_room_01_video_37.npz,116,140,0,0,0,0.21520503
Coffee_room_01_video_37,data/keypoints_le2i/Coffee_room_01_video_37.npz,121,145,0,0,0,0.21335684
Coffee_room_01_video_37,data/keypoints_le2i/Coffee_room_01_video_37.npz,126,150,0,0,0,0.21395765
Coffee_room_01_video_37,data/keypoints_le2i/Coffee_room_01_video_37.npz,131,155,0,0,0,0.21441348
Coffee_room_01_video_37,data/keypoints_le2i/Coffee_room_01_video_37.npz,136,160,0,0,0,0.21038675
Coffee_room_01_video_37,data/keypoints_le2i/Coffee_room_01_video_37.npz,141,165,0,0,0,0.21315616
Coffee_room_01_video_37,data/keypoints_le2i/Coffee_room_01_video_37.npz,146,170,0,0,0,0.22568247
Coffee_room_01_video_37,data/keypoints_le2i/Coffee_room_01_video_37.npz,151,175,0,0,0,0.2301565
Coffee_room_01_video_37,data/keypoints_le2i/Coffee_room_01_video_37.npz,156,180,0,0,0,0.22717781
Coffee_room_01_video_37,data/keypoints_le2i/Coffee_room_01_video_37.npz,161,185,0,0,0,0.21715595
Coffee_room_01_video_37,data/keypoints_le2i/Coffee_room_01_video_37.npz,166,190,0,0,0,0.20890892
Coffee_room_01_video_37,data/keypoints_le2i/Coffee_room_01_video_37.npz,171,195,0,0,0,0.2171244
Coffee_room_01_video_37,data/keypoints_le2i/Coffee_room_01_video_37.npz,176,200,0,0,0,0.22404629
Coffee_room_01_video_37,data/keypoints_le2i/Coffee_room_01_video_37.npz,181,205,0,0,0,0.21503665
Coffee_room_01_video_45,data/keypoints_le2i/Coffee_room_01_video_45.npz,1,25,0,0,0,5.3549184e-07
Coffee_room_01_video_45,data/keypoints_le2i/Coffee_room_01_video_45.npz,6,30,0,0,0,6.1976414e-07
Coffee_room_01_video_45,data/keypoints_le2i/Coffee_room_01_video_45.npz,11,35,0,0,0,6.255025e-07
Coffee_room_01_video_45,data/keypoints_le2i/Coffee_room_01_video_45.npz,16,40,0,0,0,6.348542e-07
Coffee_room_01_video_45,data/keypoints_le2i/Coffee_room_01_video_45.npz,21,45,0,0,0,7.0667716e-07
Coffee_room_01_video_45,data/keypoints_le2i/Coffee_room_01_video_45.npz,26,50,0,0,0,9.645488e-07
Coffee_room_01_video_45,data/keypoints_le2i/Coffee_room_01_video_45.npz,31,55,0,0,0,1.6174398e-06
Coffee_room_01_video_45,data/keypoints_le2i/Coffee_room_01_video_45.npz,36,60,0,0,0,2.7027486e-06
Coffee_room_01_video_45,data/keypoints_le2i/Coffee_room_01_video_45.npz,41,65,0,0,0,3.931643e-06
Coffee_room_01_video_45,data/keypoints_le2i/Coffee_room_01_video_45.npz,46,70,0,0,0,5.5122096e-06
Coffee_room_01_video_45,data/keypoints_le2i/Coffee_room_01_video_45.npz,51,75,0,0,0,7.4029444e-06
Coffee_room_01_video_45,data/keypoints_le2i/Coffee_room_01_video_45.npz,56,80,0,0,0,8.116145e-06
Coffee_room_01_video_45,data/keypoints_le2i/Coffee_room_01_video_45.npz,61,85,0,0,0,7.990781e-06
Coffee_room_01_video_45,data/keypoints_le2i/Coffee_room_01_video_45.npz,66,90,0,0,0,9.490222e-06
Coffee_room_01_video_45,data/keypoints_le2i/Coffee_room_01_video_45.npz,71,95,0,0,0,1.4984395e-05
Coffee_room_01_video_45,data/keypoints_le2i/Coffee_room_01_video_45.npz,76,100,0,0,0,5.685286e-05
Coffee_room_01_video_45,data/keypoints_le2i/Coffee_room_01_video_45.npz,81,105,0,0,0,0.0021895731
Coffee_room_01_video_45,data/keypoints_le2i/Coffee_room_01_video_45.npz,86,110,0,0,0,0.4132653
Coffee_room_01_video_45,data/keypoints_le2i/Coffee_room_01_video_45.npz,91,115,1,1,1,0.9878257
Coffee_room_01_video_45,data/keypoints_le2i/Coffee_room_01_video_45.npz,96,120,1,1,1,0.9963027
Coffee_room_01_video_45,data/keypoints_le2i/Coffee_room_01_video_45.npz,101,125,1,1,1,0.9863172
Coffee_room_01_video_45,data/keypoints_le2i/Coffee_room_01_video_45.npz,106,130,1,1,1,0.8588712
Coffee_room_01_video_45,data/keypoints_le2i/Coffee_room_01_video_45.npz,111,135,1,1,0,0.43558154
Coffee_room_01_video_45,data/keypoints_le2i/Coffee_room_01_video_45.npz,116,140,1,1,1,0.817556
Coffee_room_01_video_45,data/keypoints_le2i/Coffee_room_01_video_45.npz,121,145,0,0,1,0.82717276
Coffee_room_01_video_45,data/keypoints_le2i/Coffee_room_01_video_45.npz,126,150,0,0,1,0.81596965
Coffee_room_01_video_45,data/keypoints_le2i/Coffee_room_01_video_45.npz,131,155,0,0,1,0.657421
Coffee_room_01_video_45,data/keypoints_le2i/Coffee_room_01_video_45.npz,136,160,0,0,1,0.7949409
Coffee_room_01_video_45,data/keypoints_le2i/Coffee_room_01_video_45.npz,141,165,0,0,1,0.79632735
Coffee_room_01_video_45,data/keypoints_le2i/Coffee_room_01_video_45.npz,146,170,0,0,1,0.7957552
Coffee_room_01_video_45,data/keypoints_le2i/Coffee_room_01_video_45.npz,151,175,0,0,1,0.7948286
Coffee_room_01_video_45,data/keypoints_le2i/Coffee_room_01_video_45.npz,156,180,0,0,1,0.7937911
Coffee_room_01_video_45,data/keypoints_le2i/Coffee_room_01_video_45.npz,161,185,0,0,1,0.70221967
Coffee_room_01_video_45,data/keypoints_le2i/Coffee_room_01_video_45.npz,166,190,0,0,1,0.7031993
Coffee_room_01_video_45,data/keypoints_le2i/Coffee_room_01_video_45.npz,171,195,0,0,1,0.79558486
Coffee_room_01_video_45,data/keypoints_le2i/Coffee_room_01_video_45.npz,176,200,0,0,1,0.7960127
Coffee_room_01_video_45,data/keypoints_le2i/Coffee_room_01_video_45.npz,181,205,0,0,1,0.79593897
Coffee_room_01_video_45,data/keypoints_le2i/Coffee_room_01_video_45.npz,186,210,0,0,1,0.795491
Coffee_room_01_video_45,data/keypoints_le2i/Coffee_room_01_video_45.npz,191,215,0,0,1,0.79515004
Coffee_room_01_video_48,data/keypoints_le2i/Coffee_room_01_video_48.npz,1,25,0,0,0,0.0019418364
Coffee_room_01_video_48,data/keypoints_le2i/Coffee_room_01_video_48.npz,6,30,0,0,0,0.0024852196
Coffee_room_01_video_48,data/keypoints_le2i/Coffee_room_01_video_48.npz,11,35,0,0,0,0.0019747494
Coffee_room_01_video_48,data/keypoints_le2i/Coffee_room_01_video_48.npz,16,40,0,0,0,0.0008564864
Coffee_room_01_video_48,data/keypoints_le2i/Coffee_room_01_video_48.npz,21,45,0,0,0,0.00023581542
Coffee_room_01_video_48,data/keypoints_le2i/Coffee_room_01_video_48.npz,26,50,0,0,0,1.7955825e-05
Coffee_room_01_video_48,data/keypoints_le2i/Coffee_room_01_video_48.npz,31,55,0,0,0,3.7784664e-09
Coffee_room_01_video_48,data/keypoints_le2i/Coffee_room_01_video_48.npz,36,60,0,0,0,1.9265822e-09
Coffee_room_01_video_48,data/keypoints_le2i/Coffee_room_01_video_48.npz,41,65,0,0,0,1.3218558e-09
Coffee_room_01_video_48,data/keypoints_le2i/Coffee_room_01_video_48.npz,46,70,0,0,0,9.402011e-10
Coffee_room_01_video_48,data/keypoints_le2i/Coffee_room_01_video_48.npz,51,75,0,0,0,7.3808065e-10
Coffee_room_01_video_48,data/keypoints_le2i/Coffee_room_01_video_48.npz,56,80,0,0,0,4.965457e-10
Coffee_room_01_video_48,data/keypoints_le2i/Coffee_room_01_video_48.npz,61,85,0,0,0,2.5713964e-10
Coffee_room_01_video_48,data/keypoints_le2i/Coffee_room_01_video_48.npz,66,90,0,0,0,1.3385955e-10
Coffee_room_01_video_48,data/keypoints_le2i/Coffee_room_01_video_48.npz,71,95,0,0,0,8.7901506e-11
Coffee_room_01_video_48,data/keypoints_le2i/Coffee_room_01_video_48.npz,76,100,0,0,0,4.9805837e-11
Coffee_room_01_video_48,data/keypoints_le2i/Coffee_room_01_video_48.npz,81,105,0,0,0,2.4995367e-11
Coffee_room_01_video_48,data/keypoints_le2i/Coffee_room_01_video_48.npz,86,110,0,0,0,1.2883113e-11
Coffee_room_01_video_48,data/keypoints_le2i/Coffee_room_01_video_48.npz,91,115,0,0,0,1.2150808e-12
Coffee_room_01_video_48,data/keypoints_le2i/Coffee_room_01_video_48.npz,96,120,0,0,0,4.3776668e-13
Coffee_room_01_video_48,data/keypoints_le2i/Coffee_room_01_video_48.npz,101,125,0,0,0,1.4399107e-13
Coffee_room_01_video_48,data/keypoints_le2i/Coffee_room_01_video_48.npz,106,130,0,0,0,6.337992e-14
Coffee_room_01_video_48,data/keypoints_le2i/Coffee_room_01_video_48.npz,111,135,0,0,0,3.7020124e-14
Coffee_room_01_video_48,data/keypoints_le2i/Coffee_room_01_video_48.npz,116,140,0,0,0,3.161116e-14
Coffee_room_01_video_48,data/keypoints_le2i/Coffee_room_01_video_48.npz,121,145,0,0,0,3.5119277e-14
Coffee_room_01_video_48,data/keypoints_le2i/Coffee_room_01_video_48.npz,126,150,0,0,0,4.2408175e-14
Coffee_room_01_video_48,data/keypoints_le2i/Coffee_room_01_video_48.npz,131,155,0,0,0,5.0328014e-14
Coffee_room_01_video_48,data/keypoints_le2i/Coffee_room_01_video_48.npz,136,160,0,0,0,5.3384275e-14
Coffee_room_01_video_48,data/keypoints_le2i/Coffee_room_01_video_48.npz,141,165,0,0,0,5.5493818e-14
Coffee_room_01_video_48,data/keypoints_le2i/Coffee_room_01_video_48.npz,146,170,0,0,0,5.6780132e-14
Coffee_room_01_video_48,data/keypoints_le2i/Coffee_room_01_video_48.npz,151,175,0,0,0,5.8051843e-14
Coffee_room_01_video_48,data/keypoints_le2i/Coffee_room_01_video_48.npz,156,180,0,0,0,5.851563e-14
Coffee_room_01_video_48,data/keypoints_le2i/Coffee_room_01_video_48.npz,161,185,0,0,0,5.8765614e-14
Coffee_room_01_video_48,data/keypoints_le2i/Coffee_room_01_video_48.npz,166,190,0,0,0,6.433725e-14
Coffee_room_01_video_48,data/keypoints_le2i/Coffee_room_01_video_48.npz,171,195,0,0,0,8.274691e-14
Coffee_room_01_video_48,data/keypoints_le2i/Coffee_room_01_video_48.npz,176,200,0,0,0,1.08889575e-13
Coffee_room_01_video_48,data/keypoints_le2i/Coffee_room_01_video_48.npz,181,205,0,0,0,1.3811324e-13
Coffee_room_01_video_48,data/keypoints_le2i/Coffee_room_01_video_48.npz,186,210,0,0,0,2.1138671e-13
Coffee_room_01_video_48,data/keypoints_le2i/Coffee_room_01_video_48.npz,191,215,0,0,0,5.6238553e-13
Coffee_room_01_video_48,data/keypoints_le2i/Coffee_room_01_video_48.npz,196,220,0,0,0,3.9028364e-12
Coffee_room_01_video_48,data/keypoints_le2i/Coffee_room_01_video_48.npz,201,225,0,0,0,1.14179916e-10
Coffee_room_01_video_48,data/keypoints_le2i/Coffee_room_01_video_48.npz,206,230,0,0,0,7.80347e-09
Coffee_room_01_video_48,data/keypoints_le2i/Coffee_room_01_video_48.npz,211,235,0,0,0,3.494026e-07
Coffee_room_01_video_48,data/keypoints_le2i/Coffee_room_01_video_48.npz,216,240,0,0,0,1.9995427e-06
Coffee_room_01_video_48,data/keypoints_le2i/Coffee_room_01_video_48.npz,221,245,0,0,0,1.3137877e-06
Coffee_room_01_video_48,data/keypoints_le2i/Coffee_room_01_video_48.npz,226,250,0,0,0,3.5761582e-07
Coffee_room_01_video_48,data/keypoints_le2i/Coffee_room_01_video_48.npz,231,255,0,0,0,1.01419715e-07
Coffee_room_01_video_48,data/keypoints_le2i/Coffee_room_01_video_48.npz,236,260,0,0,0,5.2201628e-08
Coffee_room_01_video_48,data/keypoints_le2i/Coffee_room_01_video_48.npz,241,265,0,0,0,3.9210125e-08
Coffee_room_01_video_48,data/keypoints_le2i/Coffee_room_01_video_48.npz,246,270,0,0,0,3.5391388e-08
Coffee_room_01_video_48,data/keypoints_le2i/Coffee_room_01_video_48.npz,251,275,0,0,0,3.483485e-08
Coffee_room_01_video_48,data/keypoints_le2i/Coffee_room_01_video_48.npz,256,280,0,0,0,3.6489e-08
Coffee_room_01_video_48,data/keypoints_le2i/Coffee_room_01_video_48.npz,261,285,0,0,0,3.7539586e-08
Coffee_room_01_video_48,data/keypoints_le2i/Coffee_room_01_video_48.npz,266,290,0,0,0,3.894263e-08
Coffee_room_01_video_48,data/keypoints_le2i/Coffee_room_01_video_48.npz,271,295,0,0,0,3.999385e-08
Coffee_room_01_video_48,data/keypoints_le2i/Coffee_room_01_video_48.npz,276,300,0,0,0,4.115759e-08
Coffee_room_01_video_48,data/keypoints_le2i/Coffee_room_01_video_48.npz,281,305,0,0,0,4.132049e-08
Coffee_room_01_video_48,data/keypoints_le2i/Coffee_room_01_video_48.npz,286,310,0,0,0,4.1514742e-08
Coffee_room_01_video_48,data/keypoints_le2i/Coffee_room_01_video_48.npz,291,315,0,0,0,4.2676973e-08
Coffee_room_01_video_48,data/keypoints_le2i/Coffee_room_01_video_48.npz,296,320,0,0,0,4.287499e-08
Coffee_room_01_video_48,data/keypoints_le2i/Coffee_room_01_video_48.npz,301,325,0,0,0,4.2893472e-08
Coffee_room_01_video_48,data/keypoints_le2i/Coffee_room_01_video_48.npz,306,330,0,0,0,4.2504105e-08
Coffee_room_01_video_48,data/keypoints_le2i/Coffee_room_01_video_48.npz,311,335,0,0,0,4.2783167e-08
Coffee_room_01_video_48,data/keypoints_le2i/Coffee_room_01_video_48.npz,316,340,0,0,0,4.3280878e-08
Coffee_room_01_video_48,data/keypoints_le2i/Coffee_room_01_video_48.npz,321,345,0,0,0,4.183229e-08
Coffee_room_01_video_48,data/keypoints_le2i/Coffee_room_01_video_48.npz,326,350,0,0,0,4.2121318e-08
Coffee_room_01_video_48,data/keypoints_le2i/Coffee_room_01_video_48.npz,331,355,0,0,0,4.3724707e-08
Coffee_room_01_video_48,data/keypoints_le2i/Coffee_room_01_video_48.npz,336,360,0,0,0,4.9026827e-08
Coffee_room_01_video_48,data/keypoints_le2i/Coffee_room_01_video_48.npz,341,365,0,0,0,6.346975e-08
Coffee_room_01_video_48,data/keypoints_le2i/Coffee_room_01_video_48.npz,346,370,0,0,0,1.5181871e-07
Coffee_room_01_video_48,data/keypoints_le2i/Coffee_room_01_video_48.npz,351,375,0,0,0,6.846895e-07
Coffee_room_01_video_48,data/keypoints_le2i/Coffee_room_01_video_48.npz,356,380,0,0,0,1.8370218e-06
Coffee_room_01_video_48,data/keypoints_le2i/Coffee_room_01_video_48.npz,361,385,0,0,0,1.2560412e-06
Coffee_room_01_video_48,data/keypoints_le2i/Coffee_room_01_video_48.npz,366,390,0,0,0,1.0128846e-07
Coffee_room_01_video_48,data/keypoints_le2i/Coffee_room_01_video_48.npz,371,395,0,0,0,1.7008224e-09
Coffee_room_01_video_48,data/keypoints_le2i/Coffee_room_01_video_48.npz,376,400,0,0,0,2.333765e-11
Coffee_room_01_video_48,data/keypoints_le2i/Coffee_room_01_video_48.npz,381,405,0,0,0,9.759612e-13
Coffee_room_01_video_48,data/keypoints_le2i/Coffee_room_01_video_48.npz,386,410,0,0,0,2.1812889e-13
Coffee_room_01_video_48,data/keypoints_le2i/Coffee_room_01_video_48.npz,391,415,0,0,0,1.8632445e-13
Coffee_room_01_video_48,data/keypoints_le2i/Coffee_room_01_video_48.npz,396,420,0,0,0,2.5852112e-13
Coffee_room_01_video_48,data/keypoints_le2i/Coffee_room_01_video_48.npz,401,425,0,0,0,3.7787614e-13
Coffee_room_01_video_48,data/keypoints_le2i/Coffee_room_01_video_48.npz,406,430,0,0,0,6.4888036e-13
Coffee_room_01_video_48,data/keypoints_le2i/Coffee_room_01_video_48.npz,411,435,0,0,0,1.2954614e-12
Coffee_room_01_video_48,data/keypoints_le2i/Coffee_room_01_video_48.npz,416,440,0,0,0,3.3974978e-12
Coffee_room_01_video_48,data/keypoints_le2i/Coffee_room_01_video_48.npz,421,445,0,0,0,1.1322153e-11
Coffee_room_01_video_48,data/keypoints_le2i/Coffee_room_01_video_48.npz,426,450,0,0,0,4.512216e-11
Coffee_room_01_video_48,data/keypoints_le2i/Coffee_room_01_video_48.npz,431,455,0,0,0,2.2215751e-10
Coffee_room_01_video_48,data/keypoints_le2i/Coffee_room_01_video_48.npz,436,460,0,0,0,1.0612197e-09
Coffee_room_01_video_48,data/keypoints_le2i/Coffee_room_01_video_48.npz,441,465,0,0,0,4.8523874e-09
Coffee_room_01_video_48,data/keypoints_le2i/Coffee_room_01_video_48.npz,446,470,0,0,0,1.4289896e-08
Coffee_room_01_video_48,data/keypoints_le2i/Coffee_room_01_video_48.npz,451,475,0,0,0,2.8456821e-08
Coffee_room_01_video_48,data/keypoints_le2i/Coffee_room_01_video_48.npz,456,480,0,0,0,9.0290804e-08
Coffee_room_01_video_48,data/keypoints_le2i/Coffee_room_01_video_48.npz,461,485,0,0,0,2.7803728e-07
Coffee_room_01_video_48,data/keypoints_le2i/Coffee_room_01_video_48.npz,466,490,0,0,0,7.383981e-07
Coffee_room_01_video_48,data/keypoints_le2i/Coffee_room_01_video_48.npz,471,495,0,0,0,1.2347357e-06
Coffee_room_01_video_48,data/keypoints_le2i/Coffee_room_01_video_48.npz,476,500,0,0,0,1.7018185e-06
Coffee_room_01_video_48,data/keypoints_le2i/Coffee_room_01_video_48.npz,481,505,0,0,0,2.2752558e-06
Coffee_room_01_video_48,data/keypoints_le2i/Coffee_room_01_video_48.npz,486,510,0,0,0,2.4097424e-06
Coffee_room_01_video_48,data/keypoints_le2i/Coffee_room_01_video_48.npz,491,515,0,0,0,1.942029e-06
Coffee_room_01_video_48,data/keypoints_le2i/Coffee_room_01_video_48.npz,496,520,0,0,0,1.0530702e-06
Coffee_room_01_video_48,data/keypoints_le2i/Coffee_room_01_video_48.npz,501,525,0,0,0,5.205289e-07
Coffee_room_01_video_48,data/keypoints_le2i/Coffee_room_01_video_48.npz,506,530,0,0,0,2.914078e-07
Coffee_room_01_video_48,data/keypoints_le2i/Coffee_room_01_video_48.npz,511,535,0,0,0,1.9983271e-07
Coffee_room_01_video_48,data/keypoints_le2i/Coffee_room_01_video_48.npz,516,540,0,0,0,1.7314909e-07
Coffee_room_01_video_48,data/keypoints_le2i/Coffee_room_01_video_48.npz,521,545,0,0,0,1.7312928e-07
Coffee_room_01_video_48,data/keypoints_le2i/Coffee_room_01_video_48.npz,526,550,0,0,0,1.484119e-07
Coffee_room_01_video_48,data/keypoints_le2i/Coffee_room_01_video_48.npz,531,555,0,0,0,4.79648e-08
Coffee_room_01_video_48,data/keypoints_le2i/Coffee_room_01_video_48.npz,536,560,0,0,0,9.833908e-09
Coffee_room_01_video_48,data/keypoints_le2i/Coffee_room_01_video_48.npz,541,565,0,0,0,2.652456e-09
Coffee_room_01_video_48,data/keypoints_le2i/Coffee_room_01_video_48.npz,546,570,0,0,0,1.1707019e-09
Coffee_room_01_video_48,data/keypoints_le2i/Coffee_room_01_video_48.npz,551,575,0,0,0,7.863574e-10
Coffee_room_01_video_48,data/keypoints_le2i/Coffee_room_01_video_48.npz,556,580,0,0,0,6.9311007e-10
Coffee_room_01_video_48,data/keypoints_le2i/Coffee_room_01_video_48.npz,561,585,0,0,0,8.792754e-10
Coffee_room_01_video_48,data/keypoints_le2i/Coffee_room_01_video_48.npz,566,590,0,0,0,1.5978083e-09
Coffee_room_01_video_48,data/keypoints_le2i/Coffee_room_01_video_48.npz,571,595,0,0,0,8.740405e-09
Coffee_room_01_video_48,data/keypoints_le2i/Coffee_room_01_video_48.npz,576,600,0,0,0,4.9079592e-08
Coffee_room_01_video_48,data/keypoints_le2i/Coffee_room_01_video_48.npz,581,605,0,0,0,2.0035978e-07
Coffee_room_01_video_48,data/keypoints_le2i/Coffee_room_01_video_48.npz,586,610,0,0,0,4.65195e-07
Coffee_room_01_video_48,data/keypoints_le2i/Coffee_room_01_video_48.npz,591,615,0,0,0,5.7945823e-07
Coffee_room_01_video_48,data/keypoints_le2i/Coffee_room_01_video_48.npz,596,620,0,0,0,5.18967e-07
Coffee_room_01_video_48,data/keypoints_le2i/Coffee_room_01_video_48.npz,601,625,0,0,0,5.945612e-07
Coffee_room_01_video_48,data/keypoints_le2i/Coffee_room_01_video_48.npz,606,630,0,0,0,7.1854754e-07
Coffee_room_01_video_48,data/keypoints_le2i/Coffee_room_01_video_48.npz,611,635,0,0,0,8.461715e-07
Coffee_room_01_video_48,data/keypoints_le2i/Coffee_room_01_video_48.npz,616,640,0,0,0,9.915632e-07
Coffee_room_01_video_48,data/keypoints_le2i/Coffee_room_01_video_48.npz,621,645,0,0,0,1.3664762e-06
Coffee_room_01_video_48,data/keypoints_le2i/Coffee_room_01_video_48.npz,626,650,0,0,0,2.5081208e-06
Coffee_room_01_video_48,data/keypoints_le2i/Coffee_room_01_video_48.npz,631,655,0,0,0,1.387195e-05
Coffee_room_01_video_48,data/keypoints_le2i/Coffee_room_01_video_48.npz,636,660,0,0,0,0.0011381947
Coffee_room_01_video_48,data/keypoints_le2i/Coffee_room_01_video_48.npz,641,665,0,0,1,0.8642921
Coffee_room_01_video_48,data/keypoints_le2i/Coffee_room_01_video_48.npz,646,670,1,1,1,0.9978225
Coffee_room_01_video_48,data/keypoints_le2i/Coffee_room_01_video_48.npz,651,675,1,1,1,0.9989003
Coffee_room_01_video_48,data/keypoints_le2i/Coffee_room_01_video_48.npz,656,680,1,1,1,0.9937842
Coffee_room_01_video_48,data/keypoints_le2i/Coffee_room_01_video_48.npz,661,685,1,1,1,0.9035628
Coffee_room_01_video_48,data/keypoints_le2i/Coffee_room_01_video_48.npz,666,690,1,1,1,0.585113
Coffee_room_01_video_48,data/keypoints_le2i/Coffee_room_01_video_48.npz,671,695,1,1,1,0.95193624
Coffee_room_01_video_48,data/keypoints_le2i/Coffee_room_01_video_48.npz,676,700,0,0,1,0.9454618
Coffee_room_01_video_48,data/keypoints_le2i/Coffee_room_01_video_48.npz,681,705,0,0,1,0.94351065
Coffee_room_01_video_48,data/keypoints_le2i/Coffee_room_01_video_48.npz,686,710,0,0,1,0.94243276
Coffee_room_01_video_48,data/keypoints_le2i/Coffee_room_01_video_48.npz,691,715,0,0,1,0.9411921
Coffee_room_01_video_48,data/keypoints_le2i/Coffee_room_01_video_48.npz,696,720,0,0,1,0.94021755
Coffee_room_01_video_48,data/keypoints_le2i/Coffee_room_01_video_48.npz,701,725,0,0,1,0.9402064
Coffee_room_01_video_48,data/keypoints_le2i/Coffee_room_01_video_48.npz,706,730,0,0,1,0.94012916
Coffee_room_01_video_48,data/keypoints_le2i/Coffee_room_01_video_48.npz,711,735,0,0,1,0.94102854
Coffee_room_01_video_48,data/keypoints_le2i/Coffee_room_01_video_48.npz,716,740,0,0,1,0.9411045
Coffee_room_01_video_48,data/keypoints_le2i/Coffee_room_01_video_48.npz,721,745,0,0,1,0.94116527
Coffee_room_01_video_48,data/keypoints_le2i/Coffee_room_01_video_48.npz,726,750,0,0,1,0.9405471
Coffee_room_01_video_48,data/keypoints_le2i/Coffee_room_01_video_48.npz,731,755,0,0,1,0.93997955
Coffee_room_01_video_48,data/keypoints_le2i/Coffee_room_01_video_48.npz,736,760,0,0,1,0.9400288
Coffee_room_01_video_48,data/keypoints_le2i/Coffee_room_01_video_48.npz,741,765,0,0,1,0.93996745
Coffee_room_01_video_48,data/keypoints_le2i/Coffee_room_01_video_48.npz,746,770,0,0,1,0.9401593
Coffee_room_01_video_48,data/keypoints_le2i/Coffee_room_01_video_48.npz,751,775,0,0,1,0.9403462
Coffee_room_01_video_7,data/keypoints_le2i/Coffee_room_01_video_7.npz,1,25,0,0,0,0.00035364687
Coffee_room_01_video_7,data/keypoints_le2i/Coffee_room_01_video_7.npz,6,30,0,0,0,0.00076981034
Coffee_room_01_video_7,data/keypoints_le2i/Coffee_room_01_video_7.npz,11,35,0,0,0,0.0013281595
Coffee_room_01_video_7,data/keypoints_le2i/Coffee_room_01_video_7.npz,16,40,0,0,0,0.0019698255
Coffee_room_01_video_7,data/keypoints_le2i/Coffee_room_01_video_7.npz,21,45,0,0,0,0.0024753567
Coffee_room_01_video_7,data/keypoints_le2i/Coffee_room_01_video_7.npz,26,50,0,0,0,0.0024671333
Coffee_room_01_video_7,data/keypoints_le2i/Coffee_room_01_video_7.npz,31,55,0,0,0,0.0016620852
Coffee_room_01_video_7,data/keypoints_le2i/Coffee_room_01_video_7.npz,36,60,0,0,0,0.00079705456
Coffee_room_01_video_7,data/keypoints_le2i/Coffee_room_01_video_7.npz,41,65,0,0,0,0.0003715173
Coffee_room_01_video_7,data/keypoints_le2i/Coffee_room_01_video_7.npz,46,70,0,0,0,0.00019751451
Coffee_room_01_video_7,data/keypoints_le2i/Coffee_room_01_video_7.npz,51,75,0,0,0,0.00012067542
Coffee_room_01_video_7,data/keypoints_le2i/Coffee_room_01_video_7.npz,56,80,0,0,0,9.540446e-05
Coffee_room_01_video_7,data/keypoints_le2i/Coffee_room_01_video_7.npz,61,85,0,0,0,0.00010947142
Coffee_room_01_video_7,data/keypoints_le2i/Coffee_room_01_video_7.npz,66,90,0,0,0,0.00019522035
Coffee_room_01_video_7,data/keypoints_le2i/Coffee_room_01_video_7.npz,71,95,0,0,0,0.00070610037
Coffee_room_01_video_7,data/keypoints_le2i/Coffee_room_01_video_7.npz,76,100,0,0,0,0.01100541
Coffee_room_01_video_7,data/keypoints_le2i/Coffee_room_01_video_7.npz,81,105,0,0,0,0.22427423
Coffee_room_01_video_7,data/keypoints_le2i/Coffee_room_01_video_7.npz,86,110,1,1,1,0.8683112
Coffee_room_01_video_7,data/keypoints_le2i/Coffee_room_01_video_7.npz,91,115,1,1,1,0.96742725
Coffee_room_01_video_7,data/keypoints_le2i/Coffee_room_01_video_7.npz,96,120,1,1,1,0.98748267
Coffee_room_01_video_7,data/keypoints_le2i/Coffee_room_01_video_7.npz,101,125,1,1,1,0.9850146
Coffee_room_01_video_7,data/keypoints_le2i/Coffee_room_01_video_7.npz,106,130,1,1,1,0.9492814
Coffee_room_01_video_7,data/keypoints_le2i/Coffee_room_01_video_7.npz,111,135,1,1,1,0.80225337
Coffee_room_01_video_7,data/keypoints_le2i/Coffee_room_01_video_7.npz,116,140,0,0,1,0.5037734
Coffee_room_01_video_7,data/keypoints_le2i/Coffee_room_01_video_7.npz,121,145,0,0,0,0.4015355
Coffee_room_01_video_7,data/keypoints_le2i/Coffee_room_01_video_7.npz,126,150,0,0,0,0.38286337
Coffee_room_01_video_7,data/keypoints_le2i/Coffee_room_01_video_7.npz,131,155,0,0,0,0.39374906
Coffee_room_01_video_7,data/keypoints_le2i/Coffee_room_01_video_7.npz,136,160,0,0,1,0.6090606
Coffee_room_01_video_7,data/keypoints_le2i/Coffee_room_01_video_7.npz,141,165,0,0,1,0.90339667
Coffee_room_01_video_7,data/keypoints_le2i/Coffee_room_01_video_7.npz,146,170,0,0,1,0.769404
Home_01_video_14,data/keypoints_le2i/Home_01_video_14.npz,96,120,0,0,0,3.4008513e-15
Home_01_video_14,data/keypoints_le2i/Home_01_video_14.npz,101,125,0,0,0,2.7560704e-14
Home_01_video_14,data/keypoints_le2i/Home_01_video_14.npz,106,130,0,0,0,4.3752853e-14
Home_01_video_14,data/keypoints_le2i/Home_01_video_14.npz,111,135,0,0,0,1.07624664e-13
Home_01_video_14,data/keypoints_le2i/Home_01_video_14.npz,116,140,0,0,0,7.772527e-13
Home_01_video_14,data/keypoints_le2i/Home_01_video_14.npz,121,145,0,0,0,4.6552692e-12
Home_01_video_14,data/keypoints_le2i/Home_01_video_14.npz,126,150,0,0,0,3.1291594e-11
Home_01_video_14,data/keypoints_le2i/Home_01_video_14.npz,131,155,0,0,0,1.71824e-10
Home_01_video_14,data/keypoints_le2i/Home_01_video_14.npz,136,160,0,0,0,9.1204616e-10
Home_01_video_14,data/keypoints_le2i/Home_01_video_14.npz,141,165,0,0,0,4.7795368e-09
Home_01_video_14,data/keypoints_le2i/Home_01_video_14.npz,146,170,0,0,0,2.8370652e-08
Home_01_video_14,data/keypoints_le2i/Home_01_video_14.npz,151,175,0,0,0,1.8518661e-07
Home_01_video_14,data/keypoints_le2i/Home_01_video_14.npz,156,180,0,0,0,4.262928e-06
Home_01_video_14,data/keypoints_le2i/Home_01_video_14.npz,161,185,0,0,0,0.003375162
Home_01_video_14,data/keypoints_le2i/Home_01_video_14.npz,166,190,0,0,1,0.9411869
Home_01_video_14,data/keypoints_le2i/Home_01_video_14.npz,171,195,0,0,1,0.99755824
Home_01_video_14,data/keypoints_le2i/Home_01_video_14.npz,176,200,1,1,1,0.9989968
Home_01_video_14,data/keypoints_le2i/Home_01_video_14.npz,181,205,1,1,1,0.99229056
Home_01_video_14,data/keypoints_le2i/Home_01_video_14.npz,186,210,1,1,1,0.929518
Home_01_video_14,data/keypoints_le2i/Home_01_video_14.npz,191,215,0,0,1,0.72198796
Home_01_video_14,data/keypoints_le2i/Home_01_video_14.npz,196,220,0,0,0,0.37946013
Home_01_video_14,data/keypoints_le2i/Home_01_video_14.npz,201,225,0,0,0,0.3402245
Home_01_video_14,data/keypoints_le2i/Home_01_video_14.npz,206,230,0,0,0,0.23360875
Home_01_video_14,data/keypoints_le2i/Home_01_video_14.npz,211,235,0,0,0,0.12211105
Home_01_video_14,data/keypoints_le2i/Home_01_video_14.npz,216,240,0,0,0,0.122374825
Home_01_video_14,data/keypoints_le2i/Home_01_video_14.npz,221,245,0,0,0,0.122288585
Home_01_video_14,data/keypoints_le2i/Home_01_video_14.npz,226,250,0,0,0,0.12229119
Home_01_video_14,data/keypoints_le2i/Home_01_video_14.npz,231,255,0,0,0,0.12361605
Home_01_video_14,data/keypoints_le2i/Home_01_video_14.npz,236,260,0,0,0,0.12179169
Home_01_video_14,data/keypoints_le2i/Home_01_video_14.npz,241,265,0,0,0,0.121680394
Home_01_video_14,data/keypoints_le2i/Home_01_video_14.npz,246,270,0,0,0,0.121758446
Home_01_video_14,data/keypoints_le2i/Home_01_video_14.npz,251,275,0,0,0,0.120753355
Home_01_video_14,data/keypoints_le2i/Home_01_video_14.npz,256,280,0,0,0,0.12103157
Home_01_video_14,data/keypoints_le2i/Home_01_video_14.npz,261,285,0,0,0,0.21763313
Home_01_video_16,data/keypoints_le2i/Home_01_video_16.npz,1,25,0,0,0,0.0031369003
Home_01_video_16,data/keypoints_le2i/Home_01_video_16.npz,6,30,0,0,0,0.003057433
Home_01_video_16,data/keypoints_le2i/Home_01_video_16.npz,11,35,0,0,0,0.0030447606
Home_01_video_16,data/keypoints_le2i/Home_01_video_16.npz,16,40,0,0,0,0.0029847736
Home_01_video_16,data/keypoints_le2i/Home_01_video_16.npz,21,45,0,0,0,0.0029570535
Home_01_video_16,data/keypoints_le2i/Home_01_video_16.npz,26,50,0,0,0,0.0029402676
Home_01_video_16,data/keypoints_le2i/Home_01_video_16.npz,31,55,0,0,0,0.002014453
Home_01_video_16,data/keypoints_le2i/Home_01_video_16.npz,36,60,0,0,0,0.00204918
Home_01_video_16,data/keypoints_le2i/Home_01_video_16.npz,41,65,0,0,0,0.002068294
Home_01_video_16,data/keypoints_le2i/Home_01_video_16.npz,46,70,0,0,0,0.002078616
Home_01_video_16,data/keypoints_le2i/Home_01_video_16.npz,51,75,0,0,0,0.03140093
Home_01_video_16,data/keypoints_le2i/Home_01_video_16.npz,56,80,0,0,0,0.04387908
Home_01_video_16,data/keypoints_le2i/Home_01_video_16.npz,61,85,0,0,0,0.038827002
Home_01_video_16,data/keypoints_le2i/Home_01_video_16.npz,66,90,0,0,0,0.043324295
Home_01_video_16,data/keypoints_le2i/Home_01_video_16.npz,71,95,0,0,0,0.04733797
Home_01_video_16,data/keypoints_le2i/Home_01_video_16.npz,76,100,0,0,0,0.053226367
Home_01_video_16,data/keypoints_le2i/Home_01_video_16.npz,81,105,0,0,0,0.058854446
Home_01_video_16,data/keypoints_le2i/Home_01_video_16.npz,86,110,0,0,0,0.11976659
Home_01_video_16,data/keypoints_le2i/Home_01_video_16.npz,91,115,0,0,0,0.12614164
Home_01_video_16,data/keypoints_le2i/Home_01_video_16.npz,96,120,0,0,0,0.11854352
Home_01_video_16,data/keypoints_le2i/Home_01_video_16.npz,101,125,0,0,0,0.11153883
Home_01_video_16,data/keypoints_le2i/Home_01_video_16.npz,106,130,0,0,0,0.10690743
Home_01_video_16,data/keypoints_le2i/Home_01_video_16.npz,111,135,0,0,0,0.10189724
Home_01_video_16,data/keypoints_le2i/Home_01_video_16.npz,116,140,0,0,0,0.09152838
Home_01_video_16,data/keypoints_le2i/Home_01_video_16.npz,121,145,0,0,0,0.07524794
Home_01_video_16,data/keypoints_le2i/Home_01_video_16.npz,126,150,0,0,0,0.20407662
Home_01_video_16,data/keypoints_le2i/Home_01_video_16.npz,131,155,0,0,0,0.1978169
Home_01_video_16,data/keypoints_le2i/Home_01_video_16.npz,136,160,0,0,0,0.2107288
Home_01_video_16,data/keypoints_le2i/Home_01_video_16.npz,141,165,0,0,0,0.21754517
Home_01_video_16,data/keypoints_le2i/Home_01_video_16.npz,146,170,0,0,0,0.21606642
Home_01_video_16,data/keypoints_le2i/Home_01_video_16.npz,151,175,0,0,0,0.16791989
Home_01_video_16,data/keypoints_le2i/Home_01_video_16.npz,156,180,0,0,0,0.040435504
Home_01_video_16,data/keypoints_le2i/Home_01_video_16.npz,161,185,0,0,0,0.15717885
Home_01_video_16,data/keypoints_le2i/Home_01_video_16.npz,166,190,0,0,0,0.19665922
Home_01_video_16,data/keypoints_le2i/Home_01_video_16.npz,171,195,0,0,0,0.25899214
Home_01_video_16,data/keypoints_le2i/Home_01_video_16.npz,176,200,1,1,0,0.43208987
Home_01_video_16,data/keypoints_le2i/Home_01_video_16.npz,181,205,1,1,0,0.33084294
Home_01_video_16,data/keypoints_le2i/Home_01_video_16.npz,186,210,1,1,0,0.22067428
Home_01_video_16,data/keypoints_le2i/Home_01_video_16.npz,191,215,0,0,0,0.22396643
Home_01_video_16,data/keypoints_le2i/Home_01_video_16.npz,196,220,0,0,0,0.2857961
Home_01_video_16,data/keypoints_le2i/Home_01_video_16.npz,201,225,0,0,0,0.3616966
Home_01_video_16,data/keypoints_le2i/Home_01_video_16.npz,206,230,0,0,0,0.3810477
Home_01_video_16,data/keypoints_le2i/Home_01_video_16.npz,211,235,0,0,0,0.40633628
Home_01_video_16,data/keypoints_le2i/Home_01_video_16.npz,216,240,0,0,0,0.39668396
Home_01_video_16,data/keypoints_le2i/Home_01_video_16.npz,221,245,0,0,0,0.39754042
Home_01_video_16,data/keypoints_le2i/Home_01_video_16.npz,226,250,0,0,0,0.3584978
Home_01_video_16,data/keypoints_le2i/Home_01_video_16.npz,231,255,0,0,0,0.33863017
Home_01_video_16,data/keypoints_le2i/Home_01_video_16.npz,236,260,0,0,0,0.3596695
Home_01_video_27,data/keypoints_le2i/Home_01_video_27.npz,1,25,0,0,0,1.4996828e-09
Home_01_video_27,data/keypoints_le2i/Home_01_video_27.npz,6,30,0,0,0,1.5900375e-09
Home_01_video_27,data/keypoints_le2i/Home_01_video_27.npz,11,35,0,0,0,1.0762818e-09
Home_01_video_27,data/keypoints_le2i/Home_01_video_27.npz,16,40,0,0,0,6.510446e-10
Home_01_video_27,data/keypoints_le2i/Home_01_video_27.npz,21,45,0,0,0,5.062967e-10
Home_01_video_27,data/keypoints_le2i/Home_01_video_27.npz,26,50,0,0,0,1.4674707e-09
Home_01_video_27,data/keypoints_le2i/Home_01_video_27.npz,31,55,0,0,0,8.274555e-09
Home_01_video_27,data/keypoints_le2i/Home_01_video_27.npz,36,60,0,0,0,4.2977987e-08
Home_01_video_27,data/keypoints_le2i/Home_01_video_27.npz,41,65,0,0,0,1.5662809e-07
Home_01_video_27,data/keypoints_le2i/Home_01_video_27.npz,46,70,0,0,0,1.240702e-07
Home_01_video_27,data/keypoints_le2i/Home_01_video_27.npz,51,75,0,0,0,1.09643715e-07
Home_01_video_27,data/keypoints_le2i/Home_01_video_27.npz,56,80,0,0,0,6.489092e-07
Home_01_video_27,data/keypoints_le2i/Home_01_video_27.npz,61,85,0,0,0,2.206461e-06
Home_01_video_27,data/keypoints_le2i/Home_01_video_27.npz,66,90,0,0,0,5.9602185e-06
Home_01_video_27,data/keypoints_le2i/Home_01_video_27.npz,71,95,0,0,0,3.0447798e-06
Home_01_video_27,data/keypoints_le2i/Home_01_video_27.npz,76,100,0,0,0,1.1514327e-06
Home_01_video_27,data/keypoints_le2i/Home_01_video_27.npz,81,105,0,0,0,1.4562293e-08
Home_01_video_27,data/keypoints_le2i/Home_01_video_27.npz,86,110,0,0,0,4.6750234e-08
Home_01_video_27,data/keypoints_le2i/Home_01_video_27.npz,91,115,0,0,0,2.302298e-08
Home_01_video_27,data/keypoints_le2i/Home_01_video_27.npz,96,120,0,0,0,2.5607294e-08
Home_01_video_27,data/keypoints_le2i/Home_01_video_27.npz,101,125,0,0,0,4.5339288e-08
Home_01_video_27,data/keypoints_le2i/Home_01_video_27.npz,106,130,0,0,0,1.4182565e-07
Home_01_video_27,data/keypoints_le2i/Home_01_video_27.npz,111,135,0,0,0,5.528865e-07
Home_01_video_27,data/keypoints_le2i/Home_01_video_27.npz,116,140,0,0,0,1.2089914e-06
Home_01_video_27,data/keypoints_le2i/Home_01_video_27.npz,121,145,0,0,0,2.6746879e-05
Home_01_video_27,data/keypoints_le2i/Home_01_video_27.npz,126,150,0,0,0,5.3940308e-05
Home_01_video_27,data/keypoints_le2i/Home_01_video_27.npz,131,155,0,0,0,6.186479e-05
Home_01_video_27,data/keypoints_le2i/Home_01_video_27.npz,136,160,0,0,0,9.1842165e-05
Home_01_video_27,data/keypoints_le2i/Home_01_video_27.npz,141,165,0,0,0,0.0014484463
Home_01_video_27,data/keypoints_le2i/Home_01_video_27.npz,146,170,0,0,0,0.41505098
Home_01_video_27,data/keypoints_le2i/Home_01_video_27.npz,151,175,0,0,1,0.9925
Home_01_video_27,data/keypoints_le2i/Home_01_video_27.npz,156,180,1,1,1,0.99951184
Home_01_video_27,data/keypoints_le2i/Home_01_video_27.npz,161,185,1,1,1,0.999064
Home_01_video_27,data/keypoints_le2i/Home_01_video_27.npz,166,190,0,0,1,0.9364974
Home_01_video_27,data/keypoints_le2i/Home_01_video_27.npz,171,195,0,0,0,0.17450345
Home_01_video_27,data/keypoints_le2i/Home_01_video_27.npz,176,200,0,0,0,0.03733115
Home_01_video_27,data/keypoints_le2i/Home_01_video_27.npz,181,205,0,0,0,0.030432811
Home_01_video_27,data/keypoints_le2i/Home_01_video_27.npz,186,210,0,0,0,0.02897431
Home_01_video_27,data/keypoints_le2i/Home_01_video_27.npz,191,215,0,0,0,0.027461722
Home_01_video_27,data/keypoints_le2i/Home_01_video_27.npz,196,220,0,0,0,0.027590644
Home_01_video_27,data/keypoints_le2i/Home_01_video_27.npz,201,225,0,0,0,0.027017303
Home_01_video_27,data/keypoints_le2i/Home_01_video_27.npz,206,230,0,0,0,0.02697097
Home_01_video_27,data/keypoints_le2i/Home_01_video_27.npz,211,235,0,0,0,0.026864119
Home_01_video_27,data/keypoints_le2i/Home_01_video_27.npz,216,240,0,0,0,0.026696282
Home_01_video_4,data/keypoints_le2i/Home_01_video_4.npz,1,25,0,0,0,4.597492e-11
Home_01_video_4,data/keypoints_le2i/Home_01_video_4.npz,6,30,0,0,0,3.9817736e-11
Home_01_video_4,data/keypoints_le2i/Home_01_video_4.npz,11,35,0,0,0,3.0587838e-11
Home_01_video_4,data/keypoints_le2i/Home_01_video_4.npz,16,40,0,0,0,2.861702e-11
Home_01_video_4,data/keypoints_le2i/Home_01_video_4.npz,21,45,0,0,0,4.5729778e-11
Home_01_video_4,data/keypoints_le2i/Home_01_video_4.npz,26,50,0,0,0,1.8069123e-07
Home_01_video_4,data/keypoints_le2i/Home_01_video_4.npz,31,55,0,0,0,3.7500874e-07
Home_01_video_4,data/keypoints_le2i/Home_01_video_4.npz,36,60,0,0,0,4.569092e-07
Home_01_video_4,data/keypoints_le2i/Home_01_video_4.npz,41,65,0,0,0,3.892058e-07
Home_01_video_4,data/keypoints_le2i/Home_01_video_4.npz,46,70,0,0,0,3.4679994e-07
Home_01_video_4,data/keypoints_le2i/Home_01_video_4.npz,51,75,0,0,0,2.7764316e-10
Home_01_video_4,data/keypoints_le2i/Home_01_video_4.npz,56,80,0,0,0,1.9062728e-10
Home_01_video_4,data/keypoints_le2i/Home_01_video_4.npz,61,85,0,0,0,1.212237e-10
Home_01_video_4,data/keypoints_le2i/Home_01_video_4.npz,66,90,0,0,0,8.176024e-11
Home_01_video_4,data/keypoints_le2i/Home_01_video_4.npz,71,95,0,0,0,6.149507e-11
Home_01_video_4,data/keypoints_le2i/Home_01_video_4.npz,76,100,0,0,0,5.307844e-11
Home_01_video_4,data/keypoints_le2i/Home_01_video_4.npz,81,105,0,0,0,3.6846906e-10
Home_01_video_4,data/keypoints_le2i/Home_01_video_4.npz,86,110,0,0,0,3.9055806e-10
Home_01_video_4,data/keypoints_le2i/Home_01_video_4.npz,91,115,0,0,0,5.485277e-09
Home_01_video_4,data/keypoints_le2i/Home_01_video_4.npz,96,120,0,0,0,6.9328494e-09
Home_01_video_4,data/keypoints_le2i/Home_01_video_4.npz,101,125,0,0,0,1.2579248e-08
Home_01_video_4,data/keypoints_le2i/Home_01_video_4.npz,106,130,0,0,0,2.9049816e-06
Home_01_video_4,data/keypoints_le2i/Home_01_video_4.npz,111,135,0,0,0,1.0683511e-05
Home_01_video_4,data/keypoints_le2i/Home_01_video_4.npz,116,140,0,0,0,0.00027812668
Home_01_video_4,data/keypoints_le2i/Home_01_video_4.npz,121,145,0,0,0,0.002096618
Home_01_video_4,data/keypoints_le2i/Home_01_video_4.npz,126,150,0,0,0,0.09108232
Home_01_video_4,data/keypoints_le2i/Home_01_video_4.npz,131,155,0,0,1,0.8465278
Home_01_video_4,data/keypoints_le2i/Home_01_video_4.npz,136,160,0,0,1,0.95627165
Home_01_video_4,data/keypoints_le2i/Home_01_video_4.npz,141,165,1,1,1,0.989394
Home_01_video_4,data/keypoints_le2i/Home_01_video_4.npz,146,170,1,1,1,0.9875897
Home_01_video_4,data/keypoints_le2i/Home_01_video_4.npz,151,175,1,1,1,0.94099647
Home_01_video_4,data/keypoints_le2i/Home_01_video_4.npz,156,180,0,0,0,0.07503225
Home_01_video_4,data/keypoints_le2i/Home_01_video_4.npz,161,185,0,0,0,0.06066989
Home_01_video_4,data/keypoints_le2i/Home_01_video_4.npz,166,190,0,0,0,0.03961648
Home_01_video_4,data/keypoints_le2i/Home_01_video_4.npz,171,195,0,0,0,0.030241728
Home_01_video_4,data/keypoints_le2i/Home_01_video_4.npz,176,200,0,0,0,0.019985236
Home_01_video_4,data/keypoints_le2i/Home_01_video_4.npz,181,205,0,0,0,0.019932892
Home_01_video_4,data/keypoints_le2i/Home_01_video_4.npz,186,210,0,0,0,0.010251442
Home_01_video_4,data/keypoints_le2i/Home_01_video_4.npz,191,215,0,0,0,0.010217518
Home_01_video_4,data/keypoints_le2i/Home_01_video_4.npz,196,220,0,0,0,0.010199118
Home_01_video_4,data/keypoints_le2i/Home_01_video_4.npz,201,225,0,0,0,0.010183261
Home_01_video_4,data/keypoints_le2i/Home_01_video_4.npz,206,230,0,0,0,0.010143761
Home_01_video_4,data/keypoints_le2i/Home_01_video_4.npz,211,235,0,0,0,0.010222979
Home_01_video_4,data/keypoints_le2i/Home_01_video_4.npz,216,240,0,0,0,0.010222141
Home_02_video_33,data/keypoints_le2i/Home_02_video_33.npz,1,25,0,0,0,3.9781754e-11
Home_02_video_33,data/keypoints_le2i/Home_02_video_33.npz,6,30,0,0,0,2.518012e-11
Home_02_video_33,data/keypoints_le2i/Home_02_video_33.npz,11,35,0,0,0,4.4748797e-12
Home_02_video_33,data/keypoints_le2i/Home_02_video_33.npz,16,40,0,0,0,3.6984166e-12
Home_02_video_33,data/keypoints_le2i/Home_02_video_33.npz,21,45,0,0,0,3.340247e-12
Home_02_video_33,data/keypoints_le2i/Home_02_video_33.npz,26,50,0,0,0,1.6585358e-16
Home_02_video_33,data/keypoints_le2i/Home_02_video_33.npz,66,90,0,0,0,3.3083616e-15
Home_02_video_33,data/keypoints_le2i/Home_02_video_33.npz,71,95,0,0,0,3.3949015e-15
Home_02_video_33,data/keypoints_le2i/Home_02_video_33.npz,76,100,0,0,0,3.9222627e-15
Home_02_video_33,data/keypoints_le2i/Home_02_video_33.npz,81,105,0,0,0,5.4329485e-15
Home_02_video_33,data/keypoints_le2i/Home_02_video_33.npz,86,110,0,0,0,7.257509e-15
Home_02_video_33,data/keypoints_le2i/Home_02_video_33.npz,91,115,0,0,0,1.7931972e-14
Home_02_video_33,data/keypoints_le2i/Home_02_video_33.npz,96,120,0,0,0,1.6902053e-13
Home_02_video_33,data/keypoints_le2i/Home_02_video_33.npz,101,125,0,0,0,4.9302822e-11
Home_02_video_33,data/keypoints_le2i/Home_02_video_33.npz,106,130,0,0,0,2.1738988e-05
Home_02_video_33,data/keypoints_le2i/Home_02_video_33.npz,111,135,0,0,1,0.5077649
Home_02_video_33,data/keypoints_le2i/Home_02_video_33.npz,116,140,1,1,1,0.98769
Home_02_video_33,data/keypoints_le2i/Home_02_video_33.npz,121,145,1,1,1,0.98228973
Home_02_video_33,data/keypoints_le2i/Home_02_video_33.npz,126,150,1,1,1,0.75693583
Home_02_video_33,data/keypoints_le2i/Home_02_video_33.npz,131,155,0,0,0,0.0057916576
Home_02_video_33,data/keypoints_le2i/Home_02_video_33.npz,136,160,0,0,0,0.0063599534
Home_02_video_33,data/keypoints_le2i/Home_02_video_33.npz,141,165,0,0,0,0.008694057
Home_02_video_33,data/keypoints_le2i/Home_02_video_33.npz,146,170,0,0,0,0.0073642433
Home_02_video_33,data/keypoints_le2i/Home_02_video_33.npz,151,175,0,0,0,0.0062874556
Home_02_video_33,data/keypoints_le2i/Home_02_video_33.npz,156,180,0,0,0,0.005487551
Home_02_video_33,data/keypoints_le2i/Home_02_video_33.npz,161,185,0,0,0,0.006218127
Home_02_video_33,data/keypoints_le2i/Home_02_video_33.npz,166,190,0,0,0,0.0071419096
Home_02_video_41,data/keypoints_le2i/Home_02_video_41.npz,41,65,0,0,0,1.297123e-08
Home_02_video_41,data/keypoints_le2i/Home_02_video_41.npz,46,70,0,0,0,1.1828701e-08
Home_02_video_41,data/keypoints_le2i/Home_02_video_41.npz,51,75,0,0,0,5.2591256e-09
Home_02_video_41,data/keypoints_le2i/Home_02_video_41.npz,56,80,0,0,0,2.0469908e-09
Home_02_video_41,data/keypoints_le2i/Home_02_video_41.npz,61,85,0,0,0,1.0778718e-09
Home_02_video_41,data/keypoints_le2i/Home_02_video_41.npz,66,90,0,0,0,8.357825e-10
Home_02_video_41,data/keypoints_le2i/Home_02_video_41.npz,71,95,0,0,0,4.8911673e-11
Home_02_video_41,data/keypoints_le2i/Home_02_video_41.npz,81,105,0,0,0,3.9588055e-11
Home_02_video_41,data/keypoints_le2i/Home_02_video_41.npz,86,110,0,0,0,1.0212172e-09
Home_02_video_41,data/keypoints_le2i/Home_02_video_41.npz,91,115,0,0,0,2.0936362e-09
Home_02_video_41,data/keypoints_le2i/Home_02_video_41.npz,96,120,0,0,0,1.4989593e-09
Home_02_video_41,data/keypoints_le2i/Home_02_video_41.npz,101,125,0,0,0,1.1583501e-09
Home_02_video_41,data/keypoints_le2i/Home_02_video_41.npz,106,130,0,0,0,1.1393894e-09
Home_02_video_41,data/keypoints_le2i/Home_02_video_41.npz,111,135,0,0,0,7.5791484e-10
Home_02_video_41,data/keypoints_le2i/Home_02_video_41.npz,116,140,0,0,0,5.1517984e-10
Home_02_video_41,data/keypoints_le2i/Home_02_video_41.npz,121,145,0,0,0,1.0172825e-09
Home_02_video_41,data/keypoints_le2i/Home_02_video_41.npz,126,150,0,0,0,4.2499217e-09
Home_02_video_41,data/keypoints_le2i/Home_02_video_41.npz,131,155,0,0,0,1.8009079e-08
Home_02_video_41,data/keypoints_le2i/Home_02_video_41.npz,136,160,0,0,0,4.724748e-08
Home_02_video_41,data/keypoints_le2i/Home_02_video_41.npz,141,165,0,0,0,6.2860614e-08
Home_02_video_41,data/keypoints_le2i/Home_02_video_41.npz,146,170,0,0,0,1.1020708e-07
Home_02_video_41,data/keypoints_le2i/Home_02_video_41.npz,151,175,0,0,0,9.606475e-08
Home_02_video_41,data/keypoints_le2i/Home_02_video_41.npz,156,180,0,0,0,4.308625e-08
Home_02_video_41,data/keypoints_le2i/Home_02_video_41.npz,161,185,0,0,0,3.058666e-08
Home_02_video_41,data/keypoints_le2i/Home_02_video_41.npz,166,190,0,0,0,5.1234783e-10
Home_02_video_41,data/keypoints_le2i/Home_02_video_41.npz,171,195,0,0,0,1.1292208e-09
Home_02_video_41,data/keypoints_le2i/Home_02_video_41.npz,176,200,0,0,0,2.9629932e-09
Home_02_video_41,data/keypoints_le2i/Home_02_video_41.npz,181,205,0,0,0,1.8840611e-09
Home_02_video_41,data/keypoints_le2i/Home_02_video_41.npz,186,210,0,0,0,1.4035566e-09
Home_02_video_41,data/keypoints_le2i/Home_02_video_41.npz,191,215,0,0,0,1.1984369e-09
Home_02_video_41,data/keypoints_le2i/Home_02_video_41.npz,196,220,0,0,0,1.1567053e-09
Home_02_video_45,data/keypoints_le2i/Home_02_video_45.npz,1,25,0,0,0,2.5536131e-08
Home_02_video_45,data/keypoints_le2i/Home_02_video_45.npz,6,30,0,0,0,3.7984313e-09
Home_02_video_45,data/keypoints_le2i/Home_02_video_45.npz,11,35,0,0,0,2.6908453e-10
Home_02_video_45,data/keypoints_le2i/Home_02_video_45.npz,16,40,0,0,0,2.0753362e-12
Home_02_video_45,data/keypoints_le2i/Home_02_video_45.npz,21,45,0,0,0,1.6362389e-13
Home_02_video_45,data/keypoints_le2i/Home_02_video_45.npz,26,50,0,0,0,2.5373677e-12
Home_02_video_45,data/keypoints_le2i/Home_02_video_45.npz,31,55,0,0,0,5.350931e-12
Home_02_video_45,data/keypoints_le2i/Home_02_video_45.npz,36,60,0,0,0,4.570129e-10
Home_02_video_45,data/keypoints_le2i/Home_02_video_45.npz,41,65,0,0,0,1.4202786e-07
Home_02_video_45,data/keypoints_le2i/Home_02_video_45.npz,46,70,0,0,0,3.189388e-05
Home_02_video_45,data/keypoints_le2i/Home_02_video_45.npz,51,75,0,0,0,3.2831647e-06
Home_02_video_45,data/keypoints_le2i/Home_02_video_45.npz,56,80,0,0,0,4.7532567e-06
Home_02_video_45,data/keypoints_le2i/Home_02_video_45.npz,61,85,0,0,0,3.843454e-06
Home_02_video_45,data/keypoints_le2i/Home_02_video_45.npz,66,90,0,0,0,3.6260853e-06
Home_02_video_45,data/keypoints_le2i/Home_02_video_45.npz,71,95,0,0,0,5.480884e-06
Home_02_video_45,data/keypoints_le2i/Home_02_video_45.npz,76,100,0,0,0,7.5936264e-06
Home_02_video_45,data/keypoints_le2i/Home_02_video_45.npz,81,105,0,0,0,3.7835098e-06
Home_02_video_45,data/keypoints_le2i/Home_02_video_45.npz,86,110,0,0,0,2.43778e-06
Home_02_video_45,data/keypoints_le2i/Home_02_video_45.npz,91,115,0,0,0,1.5239183e-06
Home_02_video_45,data/keypoints_le2i/Home_02_video_45.npz,96,120,0,0,0,6.711494e-07
Home_02_video_45,data/keypoints_le2i/Home_02_video_45.npz,101,125,0,0,0,4.8455644e-07
Home_02_video_45,data/keypoints_le2i/Home_02_video_45.npz,106,130,0,0,0,2.8189046e-07
Home_02_video_45,data/keypoints_le2i/Home_02_video_45.npz,111,135,0,0,0,1.4794867e-07
Home_02_video_45,data/keypoints_le2i/Home_02_video_45.npz,116,140,0,0,0,1.3542162e-07
Home_02_video_45,data/keypoints_le2i/Home_02_video_45.npz,121,145,0,0,0,5.4464033e-07
Home_02_video_45,data/keypoints_le2i/Home_02_video_45.npz,126,150,0,0,0,3.4883303e-06
Home_02_video_45,data/keypoints_le2i/Home_02_video_45.npz,131,155,0,0,0,1.9616406e-05
Home_02_video_45,data/keypoints_le2i/Home_02_video_45.npz,136,160,0,0,0,5.476959e-05
Home_02_video_45,data/keypoints_le2i/Home_02_video_45.npz,141,165,0,0,0,7.308905e-05
Home_02_video_45,data/keypoints_le2i/Home_02_video_45.npz,146,170,0,0,0,6.836638e-05
Home_02_video_45,data/keypoints_le2i/Home_02_video_45.npz,151,175,0,0,0,4.9410388e-05
Home_02_video_45,data/keypoints_le2i/Home_02_video_45.npz,156,180,0,0,0,3.3229495e-05
Home_02_video_45,data/keypoints_le2i/Home_02_video_45.npz,161,185,0,0,0,2.506311e-05
Home_02_video_45,data/keypoints_le2i/Home_02_video_45.npz,166,190,0,0,0,2.3667153e-05
Home_02_video_45,data/keypoints_le2i/Home_02_video_45.npz,171,195,0,0,0,2.2600143e-05
Home_02_video_45,data/keypoints_le2i/Home_02_video_45.npz,176,200,0,0,0,2.2541919e-05
Home_02_video_45,data/keypoints_le2i/Home_02_video_45.npz,181,205,0,0,0,2.2867172e-05
Home_02_video_45,data/keypoints_le2i/Home_02_video_45.npz,186,210,0,0,0,2.3233297e-05
Home_02_video_45,data/keypoints_le2i/Home_02_video_45.npz,191,215,0,0,0,2.3421188e-05
Home_02_video_49,data/keypoints_le2i/Home_02_video_49.npz,151,175,0,0,0,3.9415388e-10
Home_02_video_49,data/keypoints_le2i/Home_02_video_49.npz,156,180,0,0,0,3.3102637e-10
Home_02_video_49,data/keypoints_le2i/Home_02_video_49.npz,161,185,0,0,0,2.2463696e-10
Home_02_video_49,data/keypoints_le2i/Home_02_video_49.npz,166,190,0,0,0,2.4485008e-10
Home_02_video_49,data/keypoints_le2i/Home_02_video_49.npz,171,195,0,0,0,1.1794016e-10
Home_02_video_49,data/keypoints_le2i/Home_02_video_49.npz,176,200,0,0,0,1.3056779e-10
Home_02_video_49,data/keypoints_le2i/Home_02_video_49.npz,181,205,0,0,0,1.4826457e-10
Home_02_video_49,data/keypoints_le2i/Home_02_video_49.npz,186,210,0,0,0,2.089247e-10
Home_02_video_49,data/keypoints_le2i/Home_02_video_49.npz,191,215,0,0,0,1.3903509e-10
Home_02_video_49,data/keypoints_le2i/Home_02_video_49.npz,196,220,0,0,0,6.686136e-11
Home_02_video_49,data/keypoints_le2i/Home_02_video_49.npz,201,225,0,0,0,6.371321e-11
Home_02_video_49,data/keypoints_le2i/Home_02_video_49.npz,206,230,0,0,0,1.3962559e-10
Home_02_video_49,data/keypoints_le2i/Home_02_video_49.npz,211,235,0,0,0,3.461433e-10
Home_02_video_49,data/keypoints_le2i/Home_02_video_49.npz,216,240,0,0,0,7.9920554e-10
Home_02_video_49,data/keypoints_le2i/Home_02_video_49.npz,221,245,0,0,0,1.3280499e-09
Home_02_video_49,data/keypoints_le2i/Home_02_video_49.npz,226,250,0,0,0,2.1855575e-09
Home_02_video_49,data/keypoints_le2i/Home_02_video_49.npz,231,255,0,0,0,3.044474e-09
Home_02_video_49,data/keypoints_le2i/Home_02_video_49.npz,236,260,0,0,0,2.976531e-09
Home_02_video_49,data/keypoints_le2i/Home_02_video_49.npz,241,265,0,0,0,2.1095978e-09
Home_02_video_49,data/keypoints_le2i/Home_02_video_49.npz,246,270,0,0,0,1.7516881e-10
Home_02_video_49,data/keypoints_le2i/Home_02_video_49.npz,276,300,0,0,0,1.0128227e-11
Home_02_video_49,data/keypoints_le2i/Home_02_video_49.npz,281,305,0,0,0,6.6320126e-12
Home_02_video_49,data/keypoints_le2i/Home_02_video_49.npz,286,310,0,0,0,4.166713e-12
Home_02_video_55,data/keypoints_le2i/Home_02_video_55.npz,1,25,0,0,0,2.56387e-06
Home_02_video_55,data/keypoints_le2i/Home_02_video_55.npz,6,30,0,0,0,2.4864132e-06
Home_02_video_55,data/keypoints_le2i/Home_02_video_55.npz,11,35,0,0,0,2.4864132e-06
Home_02_video_55,data/keypoints_le2i/Home_02_video_55.npz,21,45,0,0,0,4.1958148e-07
Home_02_video_55,data/keypoints_le2i/Home_02_video_55.npz,26,50,0,0,0,1.2964251e-06
Home_02_video_55,data/keypoints_le2i/Home_02_video_55.npz,31,55,0,0,0,2.0414745e-06
Home_02_video_55,data/keypoints_le2i/Home_02_video_55.npz,36,60,0,0,0,3.0199997e-06
Home_02_video_55,data/keypoints_le2i/Home_02_video_55.npz,41,65,0,0,0,4.073752e-06
Home_02_video_55,data/keypoints_le2i/Home_02_video_55.npz,46,70,0,0,0,4.7773433e-06
Home_02_video_55,data/keypoints_le2i/Home_02_video_55.npz,51,75,0,0,0,5.0589024e-06
Home_02_video_55,data/keypoints_le2i/Home_02_video_55.npz,61,85,0,0,0,2.0056236e-08
Home_02_video_55,data/keypoints_le2i/Home_02_video_55.npz,66,90,0,0,0,1.8884878e-08
Home_02_video_55,data/keypoints_le2i/Home_02_video_55.npz,71,95,0,0,0,1.2533241e-08
Home_02_video_55,data/keypoints_le2i/Home_02_video_55.npz,76,100,0,0,0,1.0578312e-08
Home_02_video_55,data/keypoints_le2i/Home_02_video_55.npz,81,105,0,0,0,1.4051001e-08
Home_02_video_55,data/keypoints_le2i/Home_02_video_55.npz,86,110,0,0,0,2.1791735e-08
Home_02_video_55,data/keypoints_le2i/Home_02_video_55.npz,91,115,0,0,0,4.589894e-08
Home_02_video_55,data/keypoints_le2i/Home_02_video_55.npz,96,120,0,0,0,4.5073374e-08
Home_02_video_55,data/keypoints_le2i/Home_02_video_55.npz,101,125,0,0,0,1.9964826e-08
Home_02_video_55,data/keypoints_le2i/Home_02_video_55.npz,106,130,0,0,0,1.72627e-08
Home_02_video_55,data/keypoints_le2i/Home_02_video_55.npz,111,135,0,0,0,1.9376833e-08
Home_02_video_55,data/keypoints_le2i/Home_02_video_55.npz,116,140,0,0,0,1.772247e-08
Home_02_video_55,data/keypoints_le2i/Home_02_video_55.npz,121,145,0,0,0,9.196489e-07
Home_02_video_55,data/keypoints_le2i/Home_02_video_55.npz,126,150,0,0,0,1.0910545e-05
Home_02_video_55,data/keypoints_le2i/Home_02_video_55.npz,131,155,0,0,0,2.0677582e-05
Home_02_video_55,data/keypoints_le2i/Home_02_video_55.npz,136,160,0,0,0,1.4838523e-08
Home_02_video_55,data/keypoints_le2i/Home_02_video_55.npz,141,165,0,0,0,1.41313095e-08
Home_02_video_55,data/keypoints_le2i/Home_02_video_55.npz,146,170,0,0,0,2.156843e-09
Home_02_video_55,data/keypoints_le2i/Home_02_video_55.npz,151,175,0,0,0,1.843471e-08
Home_02_video_55,data/keypoints_le2i/Home_02_video_55.npz,156,180,0,0,0,3.226783e-08
Home_02_video_55,data/keypoints_le2i/Home_02_video_55.npz,161,185,0,0,0,4.513428e-08
Home_02_video_55,data/keypoints_le2i/Home_02_video_55.npz,166,190,0,0,0,8.766489e-08
Home_02_video_55,data/keypoints_le2i/Home_02_video_55.npz,171,195,0,0,0,9.3034956e-08
Home_02_video_55,data/keypoints_le2i/Home_02_video_55.npz,176,200,0,0,0,8.5917165e-08
Home_02_video_55,data/keypoints_le2i/Home_02_video_55.npz,181,205,0,0,0,6.799012e-10
Home_02_video_55,data/keypoints_le2i/Home_02_video_55.npz,186,210,0,0,0,6.582994e-10
Home_02_video_55,data/keypoints_le2i/Home_02_video_55.npz,191,215,0,0,0,1.1439824e-08
Home_02_video_59,data/keypoints_le2i/Home_02_video_59.npz,71,95,0,0,0,2.121766e-07
Home_02_video_59,data/keypoints_le2i/Home_02_video_59.npz,76,100,0,0,0,2.7386142e-07
Home_02_video_59,data/keypoints_le2i/Home_02_video_59.npz,81,105,0,0,0,3.8803688e-07
Home_02_video_59,data/keypoints_le2i/Home_02_video_59.npz,86,110,0,0,0,6.693149e-07
Home_02_video_59,data/keypoints_le2i/Home_02_video_59.npz,91,115,0,0,0,9.275851e-07
Home_02_video_59,data/keypoints_le2i/Home_02_video_59.npz,96,120,0,0,0,1.3868346e-06
Home_02_video_59,data/keypoints_le2i/Home_02_video_59.npz,101,125,0,0,0,2.2166037e-06
Home_02_video_59,data/keypoints_le2i/Home_02_video_59.npz,106,130,0,0,0,4.514764e-06
Home_02_video_59,data/keypoints_le2i/Home_02_video_59.npz,111,135,0,0,0,5.6068898e-06
Home_02_video_59,data/keypoints_le2i/Home_02_video_59.npz,116,140,0,0,0,5.6327326e-06
Home_02_video_59,data/keypoints_le2i/Home_02_video_59.npz,121,145,0,0,0,4.996766e-06
Home_02_video_59,data/keypoints_le2i/Home_02_video_59.npz,126,150,0,0,0,5.390325e-06
Home_02_video_59,data/keypoints_le2i/Home_02_video_59.npz,131,155,0,0,0,3.220649e-05
Home_02_video_59,data/keypoints_le2i/Home_02_video_59.npz,136,160,0,0,0,6.8693014e-05
Home_02_video_59,data/keypoints_le2i/Home_02_video_59.npz,141,165,0,0,0,4.7145582e-05
Home_02_video_59,data/keypoints_le2i/Home_02_video_59.npz,146,170,0,0,0,1.5741856e-05
Home_02_video_59,data/keypoints_le2i/Home_02_video_59.npz,151,175,0,0,0,7.364595e-06
Coffee_room_01_video_13,data/keypoints_le2i/Coffee_room_01_video_13.npz,1,25,0,0,0,3.8857408e-05
Coffee_room_01_video_13,data/keypoints_le2i/Coffee_room_01_video_13.npz,6,30,0,0,0,0.00011679978
Coffee_room_01_video_13,data/keypoints_le2i/Coffee_room_01_video_13.npz,11,35,0,0,0,8.648743e-05
Coffee_room_01_video_13,data/keypoints_le2i/Coffee_room_01_video_13.npz,16,40,0,0,0,5.297478e-06
Coffee_room_01_video_13,data/keypoints_le2i/Coffee_room_01_video_13.npz,21,45,0,0,0,4.3476554e-08
Coffee_room_01_video_13,data/keypoints_le2i/Coffee_room_01_video_13.npz,26,50,0,0,0,2.4205385e-10
Coffee_room_01_video_13,data/keypoints_le2i/Coffee_room_01_video_13.npz,31,55,0,0,0,9.3167965e-12
Coffee_room_01_video_13,data/keypoints_le2i/Coffee_room_01_video_13.npz,36,60,0,0,0,3.5232431e-12
Coffee_room_01_video_13,data/keypoints_le2i/Coffee_room_01_video_13.npz,41,65,0,0,0,7.108952e-12
Coffee_room_01_video_13,data/keypoints_le2i/Coffee_room_01_video_13.npz,46,70,0,0,0,2.1250387e-11
Coffee_room_01_video_13,data/keypoints_le2i/Coffee_room_01_video_13.npz,51,75,0,0,0,4.077334e-11
Coffee_room_01_video_13,data/keypoints_le2i/Coffee_room_01_video_13.npz,56,80,0,0,0,6.33324e-11
Coffee_room_01_video_13,data/keypoints_le2i/Coffee_room_01_video_13.npz,61,85,0,0,0,9.9565946e-11
Coffee_room_01_video_13,data/keypoints_le2i/Coffee_room_01_video_13.npz,66,90,0,0,0,3.9182424e-10
Coffee_room_01_video_13,data/keypoints_le2i/Coffee_room_01_video_13.npz,71,95,0,0,0,1.9606999e-08
Coffee_room_01_video_13,data/keypoints_le2i/Coffee_room_01_video_13.npz,76,100,0,0,0,0.00012798244
Coffee_room_01_video_13,data/keypoints_le2i/Coffee_room_01_video_13.npz,81,105,0,0,1,0.7361427
Coffee_room_01_video_13,data/keypoints_le2i/Coffee_room_01_video_13.npz,86,110,1,1,1,0.99225664
Coffee_room_01_video_13,data/keypoints_le2i/Coffee_room_01_video_13.npz,91,115,1,1,1,0.99946505
Coffee_room_01_video_13,data/keypoints_le2i/Coffee_room_01_video_13.npz,96,120,1,1,1,0.9925614
Coffee_room_01_video_13,data/keypoints_le2i/Coffee_room_01_video_13.npz,101,125,1,1,1,0.5328707
Coffee_room_01_video_13,data/keypoints_le2i/Coffee_room_01_video_13.npz,106,130,0,0,0,0.115252435
Coffee_room_01_video_13,data/keypoints_le2i/Coffee_room_01_video_13.npz,111,135,0,0,0,0.006338669
Coffee_room_01_video_13,data/keypoints_le2i/Coffee_room_01_video_13.npz,116,140,0,0,0,0.014188018
Coffee_room_01_video_13,data/keypoints_le2i/Coffee_room_01_video_13.npz,121,145,0,0,0,0.014425993
Coffee_room_01_video_13,data/keypoints_le2i/Coffee_room_01_video_13.npz,126,150,0,0,0,0.014210905
Coffee_room_01_video_13,data/keypoints_le2i/Coffee_room_01_video_13.npz,131,155,0,0,0,0.014172461
Coffee_room_01_video_13,data/keypoints_le2i/Coffee_room_01_video_13.npz,136,160,0,0,0,0.016009673
Coffee_room_01_video_13,data/keypoints_le2i/Coffee_room_01_video_13.npz,141,165,0,0,0,0.01614379
Coffee_room_01_video_13,data/keypoints_le2i/Coffee_room_01_video_13.npz,146,170,0,0,0,0.016174879
Coffee_room_01_video_13,data/keypoints_le2i/Coffee_room_01_video_13.npz,151,175,0,0,0,0.016042668
Coffee_room_01_video_13,data/keypoints_le2i/Coffee_room_01_video_13.npz,156,180,0,0,0,0.01629429
Coffee_room_01_video_13,data/keypoints_le2i/Coffee_room_01_video_13.npz,161,185,0,0,0,0.009580533
Coffee_room_01_video_13,data/keypoints_le2i/Coffee_room_01_video_13.npz,166,190,0,0,0,0.009483783
Coffee_room_01_video_13,data/keypoints_le2i/Coffee_room_01_video_13.npz,171,195,0,0,0,0.009454336
Coffee_room_01_video_13,data/keypoints_le2i/Coffee_room_01_video_13.npz,176,200,0,0,0,0.009526436
Coffee_room_01_video_13,data/keypoints_le2i/Coffee_room_01_video_13.npz,181,205,0,0,0,0.009451609
Coffee_room_01_video_13,data/keypoints_le2i/Coffee_room_01_video_13.npz,186,210,0,0,0,0.016331209
Coffee_room_01_video_13,data/keypoints_le2i/Coffee_room_01_video_13.npz,191,215,0,0,0,0.016275773
Coffee_room_01_video_13,data/keypoints_le2i/Coffee_room_01_video_13.npz,196,220,0,0,0,0.016258728
Coffee_room_01_video_13,data/keypoints_le2i/Coffee_room_01_video_13.npz,201,225,0,0,0,0.016649889
Coffee_room_01_video_13,data/keypoints_le2i/Coffee_room_01_video_13.npz,206,230,0,0,0,0.016776184
Coffee_room_01_video_13,data/keypoints_le2i/Coffee_room_01_video_13.npz,211,235,0,0,0,0.016469775
Coffee_room_01_video_13,data/keypoints_le2i/Coffee_room_01_video_13.npz,216,240,0,0,0,0.0160493
Coffee_room_01_video_25,data/keypoints_le2i/Coffee_room_01_video_25.npz,1,25,0,0,0,5.2698497e-06
Coffee_room_01_video_25,data/keypoints_le2i/Coffee_room_01_video_25.npz,6,30,0,0,0,9.5249186e-07
Coffee_room_01_video_25,data/keypoints_le2i/Coffee_room_01_video_25.npz,11,35,0,0,0,1.3314143e-07
Coffee_room_01_video_25,data/keypoints_le2i/Coffee_room_01_video_25.npz,16,40,0,0,0,1.5142915e-07
Coffee_room_01_video_25,data/keypoints_le2i/Coffee_room_01_video_25.npz,21,45,0,0,0,2.2322477e-07
Coffee_room_01_video_25,data/keypoints_le2i/Coffee_room_01_video_25.npz,26,50,0,0,0,3.9363857e-07
Coffee_room_01_video_25,data/keypoints_le2i/Coffee_room_01_video_25.npz,31,55,0,0,0,1.4562939e-07
Coffee_room_01_video_25,data/keypoints_le2i/Coffee_room_01_video_25.npz,36,60,0,0,0,7.218085e-07
Coffee_room_01_video_25,data/keypoints_le2i/Coffee_room_01_video_25.npz,41,65,0,0,0,4.3344217e-09
Coffee_room_01_video_25,data/keypoints_le2i/Coffee_room_01_video_25.npz,46,70,0,0,0,8.9020605e-12
Coffee_room_01_video_25,data/keypoints_le2i/Coffee_room_01_video_25.npz,51,75,0,0,0,1.5293984e-13
Coffee_room_01_video_25,data/keypoints_le2i/Coffee_room_01_video_25.npz,56,80,0,0,0,5.4387677e-14
Coffee_room_01_video_25,data/keypoints_le2i/Coffee_room_01_video_25.npz,61,85,0,0,0,1.628974e-13
Coffee_room_01_video_25,data/keypoints_le2i/Coffee_room_01_video_25.npz,66,90,0,0,0,1.0312865e-12
Coffee_room_01_video_25,data/keypoints_le2i/Coffee_room_01_video_25.npz,71,95,0,0,0,4.537793e-13
Coffee_room_01_video_25,data/keypoints_le2i/Coffee_room_01_video_25.npz,76,100,0,0,0,2.4138173e-13
Coffee_room_01_video_25,data/keypoints_le2i/Coffee_room_01_video_25.npz,81,105,0,0,0,2.3928125e-14
Coffee_room_01_video_25,data/keypoints_le2i/Coffee_room_01_video_25.npz,86,110,0,0,0,1.3955688e-14
Coffee_room_01_video_25,data/keypoints_le2i/Coffee_room_01_video_25.npz,91,115,0,0,0,3.0281275e-15
Coffee_room_01_video_25,data/keypoints_le2i/Coffee_room_01_video_25.npz,96,120,0,0,0,7.452576e-16
Coffee_room_01_video_25,data/keypoints_le2i/Coffee_room_01_video_25.npz,101,125,0,0,0,3.2918056e-16
Coffee_room_01_video_25,data/keypoints_le2i/Coffee_room_01_video_25.npz,106,130,0,0,0,5.456145e-16
Coffee_room_01_video_25,data/keypoints_le2i/Coffee_room_01_video_25.npz,111,135,0,0,0,6.178114e-14
Coffee_room_01_video_25,data/keypoints_le2i/Coffee_room_01_video_25.npz,116,140,0,0,0,2.534218e-09
Coffee_room_01_video_25,data/keypoints_le2i/Coffee_room_01_video_25.npz,121,145,0,0,0,0.16831468
Coffee_room_01_video_25,data/keypoints_le2i/Coffee_room_01_video_25.npz,126,150,1,1,1,0.99719197
Coffee_room_01_video_25,data/keypoints_le2i/Coffee_room_01_video_25.npz,131,155,1,1,1,0.9999168
Coffee_room_01_video_25,data/keypoints_le2i/Coffee_room_01_video_25.npz,136,160,1,1,1,0.9999796
Coffee_room_01_video_25,data/keypoints_le2i/Coffee_room_01_video_25.npz,141,165,1,1,1,0.99966705
Coffee_room_01_video_25,data/keypoints_le2i/Coffee_room_01_video_25.npz,146,170,1,1,1,0.99040025
Coffee_room_01_video_25,data/keypoints_le2i/Coffee_room_01_video_25.npz,151,175,1,1,1,0.9053775
Coffee_room_01_video_25,data/keypoints_le2i/Coffee_room_01_video_25.npz,156,180,1,1,1,0.7989079
Coffee_room_01_video_25,data/keypoints_le2i/Coffee_room_01_video_25.npz,161,185,1,1,1,0.7054822
Coffee_room_01_video_25,data/keypoints_le2i/Coffee_room_01_video_25.npz,166,190,1,1,1,0.6212371
Coffee_room_01_video_25,data/keypoints_le2i/Coffee_room_01_video_25.npz,171,195,0,0,1,0.58667624
Coffee_room_01_video_25,data/keypoints_le2i/Coffee_room_01_video_25.npz,176,200,0,0,1,0.6101266
Coffee_room_01_video_25,data/keypoints_le2i/Coffee_room_01_video_25.npz,181,205,0,0,1,0.6081097
Coffee_room_01_video_25,data/keypoints_le2i/Coffee_room_01_video_25.npz,186,210,0,0,1,0.58415574
Coffee_room_01_video_25,data/keypoints_le2i/Coffee_room_01_video_25.npz,191,215,0,0,1,0.5612012
Coffee_room_01_video_25,data/keypoints_le2i/Coffee_room_01_video_25.npz,196,220,0,0,1,0.54836744
Coffee_room_01_video_25,data/keypoints_le2i/Coffee_room_01_video_25.npz,201,225,0,0,1,0.5413755
Coffee_room_01_video_25,data/keypoints_le2i/Coffee_room_01_video_25.npz,206,230,0,0,1,0.5383633
Coffee_room_01_video_25,data/keypoints_le2i/Coffee_room_01_video_25.npz,211,235,0,0,1,0.54160446
Coffee_room_01_video_25,data/keypoints_le2i/Coffee_room_01_video_25.npz,216,240,0,0,1,0.5443685
Coffee_room_01_video_25,data/keypoints_le2i/Coffee_room_01_video_25.npz,221,245,0,0,1,0.5422965
Coffee_room_01_video_25,data/keypoints_le2i/Coffee_room_01_video_25.npz,226,250,0,0,1,0.5407594
Coffee_room_01_video_25,data/keypoints_le2i/Coffee_room_01_video_25.npz,231,255,0,0,1,0.53724897
Coffee_room_01_video_25,data/keypoints_le2i/Coffee_room_01_video_25.npz,236,260,0,0,1,0.53428525
Coffee_room_01_video_28,data/keypoints_le2i/Coffee_room_01_video_28.npz,1,25,0,0,0,1.4791191e-12
Coffee_room_01_video_28,data/keypoints_le2i/Coffee_room_01_video_28.npz,6,30,0,0,0,8.902841e-12
Coffee_room_01_video_28,data/keypoints_le2i/Coffee_room_01_video_28.npz,11,35,0,0,0,1.1484482e-09
Coffee_room_01_video_28,data/keypoints_le2i/Coffee_room_01_video_28.npz,16,40,0,0,0,6.307421e-10
Coffee_room_01_video_28,data/keypoints_le2i/Coffee_room_01_video_28.npz,21,45,0,0,0,1.5006091e-10
Coffee_room_01_video_28,data/keypoints_le2i/Coffee_room_01_video_28.npz,26,50,0,0,0,3.827176e-18
Coffee_room_01_video_28,data/keypoints_le2i/Coffee_room_01_video_28.npz,31,55,0,0,0,3.1074733e-19
Coffee_room_01_video_28,data/keypoints_le2i/Coffee_room_01_video_28.npz,36,60,0,0,0,5.534498e-18
Coffee_room_01_video_28,data/keypoints_le2i/Coffee_room_01_video_28.npz,41,65,0,0,0,1.213117e-12
Coffee_room_01_video_28,data/keypoints_le2i/Coffee_room_01_video_28.npz,46,70,0,0,0,0.0061689657
Coffee_room_01_video_28,data/keypoints_le2i/Coffee_room_01_video_28.npz,51,75,1,1,1,0.9796254
Coffee_room_01_video_28,data/keypoints_le2i/Coffee_room_01_video_28.npz,56,80,1,1,1,0.9992939
Coffee_room_01_video_28,data/keypoints_le2i/Coffee_room_01_video_28.npz,61,85,1,1,1,0.99876297
Coffee_room_01_video_28,data/keypoints_le2i/Coffee_room_01_video_28.npz,66,90,1,1,1,0.9794399
Coffee_room_01_video_28,data/keypoints_le2i/Coffee_room_01_video_28.npz,71,95,1,1,1,0.73900044
Coffee_room_01_video_28,data/keypoints_le2i/Coffee_room_01_video_28.npz,76,100,1,1,1,0.6654124
Coffee_room_01_video_28,data/keypoints_le2i/Coffee_room_01_video_28.npz,81,105,0,0,0,0.41624343
Coffee_room_01_video_28,data/keypoints_le2i/Coffee_room_01_video_28.npz,86,110,0,0,0,0.14579013
Coffee_room_01_video_28,data/keypoints_le2i/Coffee_room_01_video_28.npz,91,115,0,0,0,0.10097518
Coffee_room_01_video_28,data/keypoints_le2i/Coffee_room_01_video_28.npz,96,120,0,0,0,0.09591103
Coffee_room_01_video_28,data/keypoints_le2i/Coffee_room_01_video_28.npz,101,125,0,0,0,0.09335763
Coffee_room_01_video_28,data/keypoints_le2i/Coffee_room_01_video_28.npz,106,130,0,0,0,0.003418026
Coffee_room_01_video_28,data/keypoints_le2i/Coffee_room_01_video_28.npz,111,135,0,0,0,0.0034440577
Coffee_room_01_video_28,data/keypoints_le2i/Coffee_room_01_video_28.npz,116,140,0,0,0,0.0034489364
Coffee_room_01_video_28,data/keypoints_le2i/Coffee_room_01_video_28.npz,121,145,0,0,0,0.003472535
Coffee_room_01_video_28,data/keypoints_le2i/Coffee_room_01_video_28.npz,126,150,0,0,0,0.029980183
Coffee_room_01_video_28,data/keypoints_le2i/Coffee_room_01_video_28.npz,131,155,0,0,0,0.030199913
Coffee_room_01_video_28,data/keypoints_le2i/Coffee_room_01_video_28.npz,136,160,0,0,0,0.029871378
Coffee_room_01_video_28,data/keypoints_le2i/Coffee_room_01_video_28.npz,141,165,0,0,0,0.029567886
Coffee_room_01_video_28,data/keypoints_le2i/Coffee_room_01_video_28.npz,146,170,0,0,0,0.094625235
Coffee_room_01_video_28,data/keypoints_le2i/Coffee_room_01_video_28.npz,151,175,0,0,0,0.094196156
Coffee_room_01_video_35,data/keypoints_le2i/Coffee_room_01_video_35.npz,1,25,0,0,0,5.8537075e-06
Coffee_room_01_video_35,data/keypoints_le2i/Coffee_room_01_video_35.npz,6,30,0,0,0,4.0951604e-06
Coffee_room_01_video_35,data/keypoints_le2i/Coffee_room_01_video_35.npz,11,35,0,0,0,1.4246674e-06
Coffee_room_01_video_35,data/keypoints_le2i/Coffee_room_01_video_35.npz,16,40,0,0,0,6.0431137e-07
Coffee_room_01_video_35,data/keypoints_le2i/Coffee_room_01_video_35.npz,21,45,0,0,0,4.3579752e-07
Coffee_room_01_video_35,data/keypoints_le2i/Coffee_room_01_video_35.npz,26,50,0,0,0,2.8410504e-05
Coffee_room_01_video_35,data/keypoints_le2i/Coffee_room_01_video_35.npz,31,55,0,0,0,1.5028957e-06
Coffee_room_01_video_35,data/keypoints_le2i/Coffee_room_01_video_35.npz,36,60,0,0,0,1.3991465e-06
Coffee_room_01_video_35,data/keypoints_le2i/Coffee_room_01_video_35.npz,41,65,0,0,0,3.0785943e-06
Coffee_room_01_video_35,data/keypoints_le2i/Coffee_room_01_video_35.npz,46,70,0,0,0,3.0479549e-05
Coffee_room_01_video_35,data/keypoints_le2i/Coffee_room_01_video_35.npz,51,75,0,0,0,0.0031795215
Coffee_room_01_video_35,data/keypoints_le2i/Coffee_room_01_video_35.npz,56,80,0,0,0,0.45860085
Coffee_room_01_video_35,data/keypoints_le2i/Coffee_room_01_video_35.npz,61,85,0,0,1,0.831835
Coffee_room_01_video_35,data/keypoints_le2i/Coffee_room_01_video_35.npz,66,90,1,1,1,0.95466596
Coffee_room_01_video_35,data/keypoints_le2i/Coffee_room_01_video_35.npz,71,95,1,1,1,0.91321456
Coffee_room_01_video_35,data/keypoints_le2i/Coffee_room_01_video_35.npz,76,100,1,1,1,0.672818
Coffee_room_01_video_35,data/keypoints_le2i/Coffee_room_01_video_35.npz,81,105,1,1,1,0.5626639
Coffee_room_01_video_35,data/keypoints_le2i/Coffee_room_01_video_35.npz,86,110,1,1,1,0.5799062
Coffee_room_01_video_35,data/keypoints_le2i/Coffee_room_01_video_35.npz,91,115,1,1,1,0.5388002
Coffee_room_01_video_35,data/keypoints_le2i/Coffee_room_01_video_35.npz,96,120,0,0,0,0.4578789
Coffee_room_01_video_35,data/keypoints_le2i/Coffee_room_01_video_35.npz,101,125,0,0,0,0.405408
Coffee_room_01_video_35,data/keypoints_le2i/Coffee_room_01_video_35.npz,106,130,0,0,0,0.3550662
Coffee_room_01_video_35,data/keypoints_le2i/Coffee_room_01_video_35.npz,111,135,0,0,0,0.32059625
Coffee_room_01_video_35,data/keypoints_le2i/Coffee_room_01_video_35.npz,116,140,0,0,0,0.32588464
Coffee_room_01_video_35,data/keypoints_le2i/Coffee_room_01_video_35.npz,121,145,0,0,0,0.32760987
Coffee_room_01_video_35,data/keypoints_le2i/Coffee_room_01_video_35.npz,126,150,0,0,0,0.3263731
Coffee_room_01_video_35,data/keypoints_le2i/Coffee_room_01_video_35.npz,131,155,0,0,0,0.32558006
Coffee_room_01_video_35,data/keypoints_le2i/Coffee_room_01_video_35.npz,136,160,0,0,0,0.32737234
Coffee_room_01_video_35,data/keypoints_le2i/Coffee_room_01_video_35.npz,141,165,0,0,0,0.32773912
Coffee_room_01_video_35,data/keypoints_le2i/Coffee_room_01_video_35.npz,146,170,0,0,0,0.32721984
Coffee_room_01_video_35,data/keypoints_le2i/Coffee_room_01_video_35.npz,151,175,0,0,0,0.32085738
Coffee_room_01_video_35,data/keypoints_le2i/Coffee_room_01_video_35.npz,156,180,0,0,0,0.3254244
Coffee_room_01_video_35,data/keypoints_le2i/Coffee_room_01_video_35.npz,161,185,0,0,0,0.33373967
Coffee_room_01_video_35,data/keypoints_le2i/Coffee_room_01_video_35.npz,166,190,0,0,0,0.3355907
Coffee_room_01_video_35,data/keypoints_le2i/Coffee_room_01_video_35.npz,171,195,0,0,0,0.33304656
Coffee_room_01_video_35,data/keypoints_le2i/Coffee_room_01_video_35.npz,176,200,0,0,0,0.32855254
Coffee_room_01_video_35,data/keypoints_le2i/Coffee_room_01_video_35.npz,181,205,0,0,0,0.3237698
Coffee_room_01_video_35,data/keypoints_le2i/Coffee_room_01_video_35.npz,186,210,0,0,0,0.32310328
Coffee_room_01_video_35,data/keypoints_le2i/Coffee_room_01_video_35.npz,191,215,0,0,0,0.32577667
Coffee_room_01_video_35,data/keypoints_le2i/Coffee_room_01_video_35.npz,196,220,0,0,0,0.3316508
Coffee_room_01_video_35,data/keypoints_le2i/Coffee_room_01_video_35.npz,201,225,0,0,0,0.33229372
Coffee_room_01_video_35,data/keypoints_le2i/Coffee_room_01_video_35.npz,206,230,0,0,0,0.32922062
Coffee_room_01_video_40,data/keypoints_le2i/Coffee_room_01_video_40.npz,1,25,0,0,0,9.5464326e-05
Coffee_room_01_video_40,data/keypoints_le2i/Coffee_room_01_video_40.npz,6,30,0,0,0,3.2757074e-05
Coffee_room_01_video_40,data/keypoints_le2i/Coffee_room_01_video_40.npz,11,35,0,0,0,2.1753835e-06
Coffee_room_01_video_40,data/keypoints_le2i/Coffee_room_01_video_40.npz,16,40,0,0,0,5.6112373e-08
Coffee_room_01_video_40,data/keypoints_le2i/Coffee_room_01_video_40.npz,21,45,0,0,0,2.2067699e-09
Coffee_room_01_video_40,data/keypoints_le2i/Coffee_room_01_video_40.npz,26,50,0,0,0,4.2851803e-10
Coffee_room_01_video_40,data/keypoints_le2i/Coffee_room_01_video_40.npz,31,55,0,0,0,3.5614747e-10
Coffee_room_01_video_40,data/keypoints_le2i/Coffee_room_01_video_40.npz,36,60,0,0,0,3.6327713e-10
Coffee_room_01_video_40,data/keypoints_le2i/Coffee_room_01_video_40.npz,41,65,0,0,0,2.6136143e-10
Coffee_room_01_video_40,data/keypoints_le2i/Coffee_room_01_video_40.npz,46,70,0,0,0,1.174248e-10
Coffee_room_01_video_40,data/keypoints_le2i/Coffee_room_01_video_40.npz,51,75,0,0,0,2.1180826e-11
Coffee_room_01_video_40,data/keypoints_le2i/Coffee_room_01_video_40.npz,56,80,0,0,0,2.0112393e-12
Coffee_room_01_video_40,data/keypoints_le2i/Coffee_room_01_video_40.npz,61,85,0,0,0,3.6756297e-13
Coffee_room_01_video_40,data/keypoints_le2i/Coffee_room_01_video_40.npz,66,90,0,0,0,1.1740196e-10
Coffee_room_01_video_40,data/keypoints_le2i/Coffee_room_01_video_40.npz,71,95,0,0,0,7.421331e-11
Coffee_room_01_video_40,data/keypoints_le2i/Coffee_room_01_video_40.npz,76,100,0,0,0,4.5070378e-11
Coffee_room_01_video_40,data/keypoints_le2i/Coffee_room_01_video_40.npz,81,105,0,0,0,3.6605774e-11
Coffee_room_01_video_40,data/keypoints_le2i/Coffee_room_01_video_40.npz,86,110,0,0,0,5.5047026e-11
Coffee_room_01_video_40,data/keypoints_le2i/Coffee_room_01_video_40.npz,91,115,0,0,0,2.96403e-11
Coffee_room_01_video_40,data/keypoints_le2i/Coffee_room_01_video_40.npz,96,120,0,0,0,1.2136541e-19
Coffee_room_01_video_40,data/keypoints_le2i/Coffee_room_01_video_40.npz,101,125,0,0,0,1.15360975e-20
Coffee_room_01_video_40,data/keypoints_le2i/Coffee_room_01_video_40.npz,106,130,0,0,0,1.0379855e-21
Coffee_room_01_video_40,data/keypoints_le2i/Coffee_room_01_video_40.npz,111,135,0,0,0,4.3647797e-23
Coffee_room_01_video_40,data/keypoints_le2i/Coffee_room_01_video_40.npz,116,140,0,0,0,8.1968935e-24
Coffee_room_01_video_40,data/keypoints_le2i/Coffee_room_01_video_40.npz,121,145,0,0,0,8.797611e-23
Coffee_room_01_video_40,data/keypoints_le2i/Coffee_room_01_video_40.npz,126,150,0,0,0,4.3103423e-23
Coffee_room_01_video_40,data/keypoints_le2i/Coffee_room_01_video_40.npz,131,155,0,0,0,2.8298206e-25
Coffee_room_01_video_40,data/keypoints_le2i/Coffee_room_01_video_40.npz,136,160,0,0,0,3.729675e-25
Coffee_room_01_video_40,data/keypoints_le2i/Coffee_room_01_video_40.npz,141,165,0,0,0,8.475462e-25
Coffee_room_01_video_40,data/keypoints_le2i/Coffee_room_01_video_40.npz,146,170,0,0,0,4.0736067e-24
Coffee_room_01_video_40,data/keypoints_le2i/Coffee_room_01_video_40.npz,151,175,0,0,0,1.30163114e-23
Coffee_room_01_video_40,data/keypoints_le2i/Coffee_room_01_video_40.npz,156,180,0,0,0,1.9890347e-21
Coffee_room_01_video_40,data/keypoints_le2i/Coffee_room_01_video_40.npz,161,185,0,0,0,2.1785797e-19
Coffee_room_01_video_40,data/keypoints_le2i/Coffee_room_01_video_40.npz,166,190,0,0,0,2.039094e-22
Coffee_room_01_video_40,data/keypoints_le2i/Coffee_room_01_video_40.npz,171,195,0,0,0,4.912173e-23
Coffee_room_01_video_40,data/keypoints_le2i/Coffee_room_01_video_40.npz,176,200,0,0,0,1.5765608e-23
Coffee_room_01_video_40,data/keypoints_le2i/Coffee_room_01_video_40.npz,181,205,0,0,0,3.689967e-24
Coffee_room_01_video_40,data/keypoints_le2i/Coffee_room_01_video_40.npz,186,210,0,0,0,1.0521802e-24
Coffee_room_01_video_40,data/keypoints_le2i/Coffee_room_01_video_40.npz,191,215,0,0,0,4.1279802e-25
Coffee_room_01_video_40,data/keypoints_le2i/Coffee_room_01_video_40.npz,196,220,0,0,0,2.1987262e-26
Coffee_room_01_video_40,data/keypoints_le2i/Coffee_room_01_video_40.npz,201,225,0,0,0,3.3754736e-26
Coffee_room_01_video_40,data/keypoints_le2i/Coffee_room_01_video_40.npz,206,230,0,0,0,6.8947053e-26
Coffee_room_01_video_40,data/keypoints_le2i/Coffee_room_01_video_40.npz,211,235,0,0,0,1.933823e-25
Coffee_room_01_video_40,data/keypoints_le2i/Coffee_room_01_video_40.npz,216,240,0,0,0,4.276615e-25
Coffee_room_01_video_40,data/keypoints_le2i/Coffee_room_01_video_40.npz,221,245,0,0,0,1.1220285e-24
Coffee_room_01_video_40,data/keypoints_le2i/Coffee_room_01_video_40.npz,226,250,0,0,0,6.343305e-24
Coffee_room_01_video_40,data/keypoints_le2i/Coffee_room_01_video_40.npz,231,255,0,0,0,1.7903737e-22
Coffee_room_01_video_40,data/keypoints_le2i/Coffee_room_01_video_40.npz,236,260,0,0,0,3.6930742e-19
Coffee_room_01_video_40,data/keypoints_le2i/Coffee_room_01_video_40.npz,241,265,0,0,0,1.0412183e-12
Coffee_room_01_video_40,data/keypoints_le2i/Coffee_room_01_video_40.npz,246,270,0,0,0,0.0016347723
Coffee_room_01_video_40,data/keypoints_le2i/Coffee_room_01_video_40.npz,251,275,1,1,1,0.96464133
Coffee_room_01_video_40,data/keypoints_le2i/Coffee_room_01_video_40.npz,256,280,1,1,1,0.99536777
Coffee_room_01_video_40,data/keypoints_le2i/Coffee_room_01_video_40.npz,261,285,1,1,1,0.98780966
Coffee_room_01_video_40,data/keypoints_le2i/Coffee_room_01_video_40.npz,266,290,1,1,1,0.8794156
Coffee_room_01_video_40,data/keypoints_le2i/Coffee_room_01_video_40.npz,271,295,1,1,1,0.5470936
Coffee_room_01_video_40,data/keypoints_le2i/Coffee_room_01_video_40.npz,276,300,1,1,0,0.29781497
Coffee_room_01_video_40,data/keypoints_le2i/Coffee_room_01_video_40.npz,281,305,0,0,0,0.19912183
Coffee_room_01_video_40,data/keypoints_le2i/Coffee_room_01_video_40.npz,286,310,0,0,0,0.20476988
Coffee_room_01_video_40,data/keypoints_le2i/Coffee_room_01_video_40.npz,291,315,0,0,0,0.2062333
Coffee_room_01_video_40,data/keypoints_le2i/Coffee_room_01_video_40.npz,296,320,0,0,0,0.20204946
Coffee_room_01_video_40,data/keypoints_le2i/Coffee_room_01_video_40.npz,301,325,0,0,0,0.1998523
Coffee_room_01_video_40,data/keypoints_le2i/Coffee_room_01_video_40.npz,306,330,0,0,0,0.19997552
Coffee_room_01_video_40,data/keypoints_le2i/Coffee_room_01_video_40.npz,311,335,0,0,0,0.20065473
Coffee_room_01_video_40,data/keypoints_le2i/Coffee_room_01_video_40.npz,316,340,0,0,0,0.20141459
Coffee_room_01_video_40,data/keypoints_le2i/Coffee_room_01_video_40.npz,321,345,0,0,0,0.20221163
Coffee_room_01_video_40,data/keypoints_le2i/Coffee_room_01_video_40.npz,326,350,0,0,0,0.2031629
Coffee_room_01_video_41,data/keypoints_le2i/Coffee_room_01_video_41.npz,1,25,0,0,0,6.823293e-21
Coffee_room_01_video_41,data/keypoints_le2i/Coffee_room_01_video_41.npz,6,30,0,0,0,1.0757339e-20
Coffee_room_01_video_41,data/keypoints_le2i/Coffee_room_01_video_41.npz,11,35,0,0,0,4.3516195e-20
Coffee_room_01_video_41,data/keypoints_le2i/Coffee_room_01_video_41.npz,16,40,0,0,0,2.6759713e-18
Coffee_room_01_video_41,data/keypoints_le2i/Coffee_room_01_video_41.npz,21,45,0,0,0,5.997869e-16
Coffee_room_01_video_41,data/keypoints_le2i/Coffee_room_01_video_41.npz,26,50,0,0,0,1.1405171e-14
Coffee_room_01_video_41,data/keypoints_le2i/Coffee_room_01_video_41.npz,31,55,0,0,0,4.5864467e-15
Coffee_room_01_video_41,data/keypoints_le2i/Coffee_room_01_video_41.npz,36,60,0,0,0,5.786582e-17
Coffee_room_01_video_41,data/keypoints_le2i/Coffee_room_01_video_41.npz,41,65,0,0,0,4.4076603e-17
Coffee_room_01_video_41,data/keypoints_le2i/Coffee_room_01_video_41.npz,46,70,0,0,0,6.7813637e-20
Coffee_room_01_video_41,data/keypoints_le2i/Coffee_room_01_video_41.npz,51,75,0,0,0,1.6366232e-20
Coffee_room_01_video_41,data/keypoints_le2i/Coffee_room_01_video_41.npz,56,80,0,0,0,8.837411e-21
Coffee_room_01_video_41,data/keypoints_le2i/Coffee_room_01_video_41.npz,61,85,0,0,0,8.050546e-21
Coffee_room_01_video_41,data/keypoints_le2i/Coffee_room_01_video_41.npz,66,90,0,0,0,1.0699715e-20
Coffee_room_01_video_41,data/keypoints_le2i/Coffee_room_01_video_41.npz,71,95,0,0,0,1.1928384e-20
Coffee_room_01_video_41,data/keypoints_le2i/Coffee_room_01_video_41.npz,76,100,0,0,0,1.5407178e-20
Coffee_room_01_video_41,data/keypoints_le2i/Coffee_room_01_video_41.npz,81,105,0,0,0,1.8841801e-20
Coffee_room_01_video_41,data/keypoints_le2i/Coffee_room_01_video_41.npz,86,110,0,0,0,2.6743562e-20
Coffee_room_01_video_41,data/keypoints_le2i/Coffee_room_01_video_41.npz,91,115,0,0,0,2.7932125e-20
Coffee_room_01_video_41,data/keypoints_le2i/Coffee_room_01_video_41.npz,96,120,0,0,0,1.5532224e-20
Coffee_room_01_video_41,data/keypoints_le2i/Coffee_room_01_video_41.npz,101,125,0,0,0,1.07693285e-20
Coffee_room_01_video_41,data/keypoints_le2i/Coffee_room_01_video_41.npz,106,130,0,0,0,1.2786114e-20
Coffee_room_01_video_41,data/keypoints_le2i/Coffee_room_01_video_41.npz,111,135,0,0,0,3.4459352e-20
Coffee_room_01_video_41,data/keypoints_le2i/Coffee_room_01_video_41.npz,116,140,0,0,0,1.1205556e-19
Coffee_room_01_video_41,data/keypoints_le2i/Coffee_room_01_video_41.npz,121,145,0,0,0,3.1942735e-19
Coffee_room_01_video_41,data/keypoints_le2i/Coffee_room_01_video_41.npz,126,150,0,0,0,1.0005708e-18
Coffee_room_01_video_41,data/keypoints_le2i/Coffee_room_01_video_41.npz,131,155,0,0,0,6.1197307e-18
Coffee_room_01_video_41,data/keypoints_le2i/Coffee_room_01_video_41.npz,136,160,0,0,0,5.131558e-17
Coffee_room_01_video_41,data/keypoints_le2i/Coffee_room_01_video_41.npz,141,165,0,0,0,3.487919e-16
Coffee_room_01_video_41,data/keypoints_le2i/Coffee_room_01_video_41.npz,146,170,0,0,0,9.371331e-16
Coffee_room_01_video_41,data/keypoints_le2i/Coffee_room_01_video_41.npz,151,175,0,0,0,2.2103016e-15
Coffee_room_01_video_41,data/keypoints_le2i/Coffee_room_01_video_41.npz,156,180,0,0,0,7.498063e-15
Coffee_room_01_video_41,data/keypoints_le2i/Coffee_room_01_video_41.npz,161,185,0,0,0,4.4830637e-12
Coffee_room_01_video_41,data/keypoints_le2i/Coffee_room_01_video_41.npz,166,190,0,0,0,5.035078e-10
Coffee_room_01_video_41,data/keypoints_le2i/Coffee_room_01_video_41.npz,171,195,0,0,0,1.2587048e-08
Coffee_room_01_video_41,data/keypoints_le2i/Coffee_room_01_video_41.npz,176,200,0,0,0,1.5492516e-06
Coffee_room_01_video_41,data/keypoints_le2i/Coffee_room_01_video_41.npz,181,205,0,0,0,8.087942e-05
Coffee_room_01_video_41,data/keypoints_le2i/Coffee_room_01_video_41.npz,186,210,0,0,0,0.0005072617
Coffee_room_01_video_41,data/keypoints_le2i/Coffee_room_01_video_41.npz,191,215,0,0,0,0.00036703926
Coffee_room_01_video_41,data/keypoints_le2i/Coffee_room_01_video_41.npz,196,220,0,0,0,0.00015921524
Coffee_room_01_video_41,data/keypoints_le2i/Coffee_room_01_video_41.npz,201,225,0,0,0,1.7675447e-05
Coffee_room_01_video_41,data/keypoints_le2i/Coffee_room_01_video_41.npz,206,230,0,0,0,4.802174e-06
Coffee_room_01_video_41,data/keypoints_le2i/Coffee_room_01_video_41.npz,211,235,0,0,0,1.054823e-06
Coffee_room_01_video_41,data/keypoints_le2i/Coffee_room_01_video_41.npz,216,240,0,0,0,2.8106635e-07
Coffee_room_01_video_41,data/keypoints_le2i/Coffee_room_01_video_41.npz,221,245,0,0,0,3.113946e-08
Coffee_room_01_video_41,data/keypoints_le2i/Coffee_room_01_video_41.npz,226,250,0,0,0,1.3294115e-08
Coffee_room_01_video_41,data/keypoints_le2i/Coffee_room_01_video_41.npz,231,255,0,0,0,7.2206374e-09
Coffee_room_01_video_41,data/keypoints_le2i/Coffee_room_01_video_41.npz,236,260,0,0,0,7.050009e-09
Coffee_room_01_video_41,data/keypoints_le2i/Coffee_room_01_video_41.npz,241,265,0,0,0,2.3090266e-08
Coffee_room_01_video_41,data/keypoints_le2i/Coffee_room_01_video_41.npz,246,270,0,0,0,7.391051e-06
Coffee_room_01_video_41,data/keypoints_le2i/Coffee_room_01_video_41.npz,251,275,0,0,0,0.12176406
Coffee_room_01_video_41,data/keypoints_le2i/Coffee_room_01_video_41.npz,256,280,1,1,1,0.9983955
Coffee_room_01_video_41,data/keypoints_le2i/Coffee_room_01_video_41.npz,261,285,1,1,1,0.9998634
Coffee_room_01_video_41,data/keypoints_le2i/Coffee_room_01_video_41.npz,266,290,1,1,1,0.99986744
Coffee_room_01_video_41,data/keypoints_le2i/Coffee_room_01_video_41.npz,271,295,1,1,1,0.9982835
Coffee_room_01_video_41,data/keypoints_le2i/Coffee_room_01_video_41.npz,276,300,1,1,1,0.8002804
Coffee_room_01_video_41,data/keypoints_le2i/Coffee_room_01_video_41.npz,281,305,0,0,0,0.49065545
Coffee_room_01_video_41,data/keypoints_le2i/Coffee_room_01_video_41.npz,286,310,0,0,0,0.42628762
Coffee_room_01_video_41,data/keypoints_le2i/Coffee_room_01_video_41.npz,291,315,0,0,0,0.42794842
Coffee_room_01_video_41,data/keypoints_le2i/Coffee_room_01_video_41.npz,296,320,0,0,0,0.42600948
Coffee_room_01_video_41,data/keypoints_le2i/Coffee_room_01_video_41.npz,301,325,0,0,0,0.42592856
Coffee_room_01_video_41,data/keypoints_le2i/Coffee_room_01_video_41.npz,306,330,0,0,0,0.4191837
Coffee_room_01_video_41,data/keypoints_le2i/Coffee_room_01_video_41.npz,311,335,0,0,0,0.41209003
Coffee_room_01_video_41,data/keypoints_le2i/Coffee_room_01_video_41.npz,316,340,0,0,0,0.40693596
Coffee_room_01_video_41,data/keypoints_le2i/Coffee_room_01_video_41.npz,321,345,0,0,0,0.40650344
Coffee_room_01_video_41,data/keypoints_le2i/Coffee_room_01_video_41.npz,326,350,0,0,0,0.40808475
Coffee_room_01_video_41,data/keypoints_le2i/Coffee_room_01_video_41.npz,331,355,0,0,0,0.41013688
Coffee_room_01_video_41,data/keypoints_le2i/Coffee_room_01_video_41.npz,336,360,0,0,0,0.41068223
Coffee_room_01_video_41,data/keypoints_le2i/Coffee_room_01_video_41.npz,341,365,0,0,0,0.41609043
Coffee_room_01_video_41,data/keypoints_le2i/Coffee_room_01_video_41.npz,346,370,0,0,0,0.48560256
Coffee_room_01_video_41,data/keypoints_le2i/Coffee_room_01_video_41.npz,351,375,0,0,0,0.48353583
Coffee_room_01_video_41,data/keypoints_le2i/Coffee_room_01_video_41.npz,356,380,0,0,0,0.4810007
Coffee_room_01_video_43,data/keypoints_le2i/Coffee_room_01_video_43.npz,1,25,0,0,0,1.1941486e-06
Coffee_room_01_video_43,data/keypoints_le2i/Coffee_room_01_video_43.npz,6,30,0,0,0,1.6811096e-06
Coffee_room_01_video_43,data/keypoints_le2i/Coffee_room_01_video_43.npz,11,35,0,0,0,1.9274087e-06
Coffee_room_01_video_43,data/keypoints_le2i/Coffee_room_01_video_43.npz,16,40,0,0,0,2.5622666e-07
Coffee_room_01_video_43,data/keypoints_le2i/Coffee_room_01_video_43.npz,21,45,0,0,0,3.1131e-07
Coffee_room_01_video_43,data/keypoints_le2i/Coffee_room_01_video_43.npz,26,50,0,0,0,4.2724903e-07
Coffee_room_01_video_43,data/keypoints_le2i/Coffee_room_01_video_43.npz,31,55,0,0,0,1.0306201e-06
Coffee_room_01_video_43,data/keypoints_le2i/Coffee_room_01_video_43.npz,36,60,0,0,0,2.6866999e-06
Coffee_room_01_video_43,data/keypoints_le2i/Coffee_room_01_video_43.npz,41,65,0,0,0,1.4732874e-06
Coffee_room_01_video_43,data/keypoints_le2i/Coffee_room_01_video_43.npz,46,70,0,0,0,3.7805665e-07
Coffee_room_01_video_43,data/keypoints_le2i/Coffee_room_01_video_43.npz,51,75,0,0,0,5.9156564e-09
Coffee_room_01_video_43,data/keypoints_le2i/Coffee_room_01_video_43.npz,56,80,0,0,0,1.0906205e-10
Coffee_room_01_video_43,data/keypoints_le2i/Coffee_room_01_video_43.npz,61,85,0,0,0,1.915051e-11
Coffee_room_01_video_43,data/keypoints_le2i/Coffee_room_01_video_43.npz,66,90,0,0,0,1.7373627e-11
Coffee_room_01_video_43,data/keypoints_le2i/Coffee_room_01_video_43.npz,71,95,0,0,0,4.0464836e-11
Coffee_room_01_video_43,data/keypoints_le2i/Coffee_room_01_video_43.npz,76,100,0,0,0,9.456428e-11
Coffee_room_01_video_43,data/keypoints_le2i/Coffee_room_01_video_43.npz,81,105,0,0,0,4.446728e-11
Coffee_room_01_video_43,data/keypoints_le2i/Coffee_room_01_video_43.npz,86,110,0,0,0,1.2995108e-11
Coffee_room_01_video_43,data/keypoints_le2i/Coffee_room_01_video_43.npz,91,115,0,0,0,1.1498719e-11
Coffee_room_01_video_43,data/keypoints_le2i/Coffee_room_01_video_43.npz,96,120,0,0,0,2.4751043e-11
Coffee_room_01_video_43,data/keypoints_le2i/Coffee_room_01_video_43.npz,101,125,0,0,0,3.814378e-11
Coffee_room_01_video_43,data/keypoints_le2i/Coffee_room_01_video_43.npz,106,130,0,0,0,3.4070455e-11
Coffee_room_01_video_43,data/keypoints_le2i/Coffee_room_01_video_43.npz,111,135,0,0,0,2.0443237e-11
Coffee_room_01_video_43,data/keypoints_le2i/Coffee_room_01_video_43.npz,116,140,0,0,0,1.8934946e-11
Coffee_room_01_video_43,data/keypoints_le2i/Coffee_room_01_video_43.npz,121,145,0,0,0,4.9453133e-11
Coffee_room_01_video_43,data/keypoints_le2i/Coffee_room_01_video_43.npz,126,150,0,0,0,1.7368633e-10
Coffee_room_01_video_43,data/keypoints_le2i/Coffee_room_01_video_43.npz,131,155,0,0,0,8.175139e-10
Coffee_room_01_video_43,data/keypoints_le2i/Coffee_room_01_video_43.npz,136,160,0,0,0,7.8350243e-10
Coffee_room_01_video_43,data/keypoints_le2i/Coffee_room_01_video_43.npz,141,165,0,0,0,5.1822113e-10
Coffee_room_01_video_43,data/keypoints_le2i/Coffee_room_01_video_43.npz,146,170,0,0,0,1.5353425e-10
Coffee_room_01_video_43,data/keypoints_le2i/Coffee_room_01_video_43.npz,151,175,0,0,0,4.0096215e-11
Coffee_room_01_video_43,data/keypoints_le2i/Coffee_room_01_video_43.npz,156,180,0,0,0,1.8556e-11
Coffee_room_01_video_43,data/keypoints_le2i/Coffee_room_01_video_43.npz,161,185,0,0,0,1.7611612e-11
Coffee_room_01_video_43,data/keypoints_le2i/Coffee_room_01_video_43.npz,166,190,0,0,0,2.4284215e-11
Coffee_room_01_video_43,data/keypoints_le2i/Coffee_room_01_video_43.npz,171,195,0,0,0,1.9056647e-11
Coffee_room_01_video_43,data/keypoints_le2i/Coffee_room_01_video_43.npz,176,200,0,0,0,1.1228067e-11
Coffee_room_01_video_43,data/keypoints_le2i/Coffee_room_01_video_43.npz,181,205,0,0,0,2.135384e-18
Coffee_room_01_video_43,data/keypoints_le2i/Coffee_room_01_video_43.npz,186,210,0,0,0,3.2915856e-20
Coffee_room_01_video_43,data/keypoints_le2i/Coffee_room_01_video_43.npz,191,215,0,0,0,4.2672374e-21
Coffee_room_01_video_43,data/keypoints_le2i/Coffee_room_01_video_43.npz,196,220,0,0,0,6.236207e-22
Coffee_room_01_video_43,data/keypoints_le2i/Coffee_room_01_video_43.npz,201,225,0,0,0,1.7692588e-22
Coffee_room_01_video_43,data/keypoints_le2i/Coffee_room_01_video_43.npz,206,230,0,0,0,7.8041587e-23
Coffee_room_01_video_43,data/keypoints_le2i/Coffee_room_01_video_43.npz,211,235,0,0,0,4.32746e-23
Coffee_room_01_video_43,data/keypoints_le2i/Coffee_room_01_video_43.npz,216,240,0,0,0,2.2408984e-23
Coffee_room_01_video_43,data/keypoints_le2i/Coffee_room_01_video_43.npz,221,245,0,0,0,1.2238239e-23
Coffee_room_01_video_43,data/keypoints_le2i/Coffee_room_01_video_43.npz,226,250,0,0,0,1.0042353e-23
Coffee_room_01_video_43,data/keypoints_le2i/Coffee_room_01_video_43.npz,231,255,0,0,0,2.0794295e-23
Coffee_room_01_video_43,data/keypoints_le2i/Coffee_room_01_video_43.npz,236,260,0,0,0,4.8194425e-23
Coffee_room_01_video_43,data/keypoints_le2i/Coffee_room_01_video_43.npz,241,265,0,0,0,1.1509977e-22
Coffee_room_01_video_43,data/keypoints_le2i/Coffee_room_01_video_43.npz,246,270,0,0,0,4.969283e-22
Coffee_room_01_video_43,data/keypoints_le2i/Coffee_room_01_video_43.npz,251,275,0,0,0,2.9693908e-21
Coffee_room_01_video_43,data/keypoints_le2i/Coffee_room_01_video_43.npz,256,280,0,0,0,2.5040584e-20
Coffee_room_01_video_43,data/keypoints_le2i/Coffee_room_01_video_43.npz,261,285,0,0,0,2.009039e-19
Coffee_room_01_video_43,data/keypoints_le2i/Coffee_room_01_video_43.npz,266,290,0,0,0,1.5218984e-18
Coffee_room_01_video_43,data/keypoints_le2i/Coffee_room_01_video_43.npz,271,295,0,0,0,1.2022462e-17
Coffee_room_01_video_43,data/keypoints_le2i/Coffee_room_01_video_43.npz,276,300,0,0,0,7.619938e-17
Coffee_room_01_video_43,data/keypoints_le2i/Coffee_room_01_video_43.npz,281,305,0,0,0,1.693244e-14
Coffee_room_01_video_43,data/keypoints_le2i/Coffee_room_01_video_43.npz,286,310,0,0,0,2.2012909e-14
Coffee_room_01_video_43,data/keypoints_le2i/Coffee_room_01_video_43.npz,291,315,0,0,0,3.209926e-12
Coffee_room_01_video_43,data/keypoints_le2i/Coffee_room_01_video_43.npz,296,320,0,0,0,3.9003137e-12
Coffee_room_01_video_43,data/keypoints_le2i/Coffee_room_01_video_43.npz,301,325,0,0,0,4.9968714e-12
Coffee_room_01_video_43,data/keypoints_le2i/Coffee_room_01_video_43.npz,306,330,0,0,0,9.818862e-12
Coffee_room_01_video_43,data/keypoints_le2i/Coffee_room_01_video_43.npz,311,335,0,0,0,3.6444427e-11
Coffee_room_01_video_43,data/keypoints_le2i/Coffee_room_01_video_43.npz,316,340,0,0,0,1.5988165e-10
Coffee_room_01_video_43,data/keypoints_le2i/Coffee_room_01_video_43.npz,321,345,0,0,0,4.5065762e-10
Coffee_room_01_video_43,data/keypoints_le2i/Coffee_room_01_video_43.npz,326,350,0,0,0,5.6314636e-10
Coffee_room_01_video_43,data/keypoints_le2i/Coffee_room_01_video_43.npz,331,355,0,0,0,3.0660166e-10
Coffee_room_01_video_43,data/keypoints_le2i/Coffee_room_01_video_43.npz,336,360,0,0,0,2.5138047e-10
Coffee_room_01_video_43,data/keypoints_le2i/Coffee_room_01_video_43.npz,341,365,0,0,0,1.737937e-10
Coffee_room_01_video_43,data/keypoints_le2i/Coffee_room_01_video_43.npz,346,370,0,0,0,1.4547731e-10
Coffee_room_01_video_43,data/keypoints_le2i/Coffee_room_01_video_43.npz,351,375,0,0,0,1.4889512e-10
Coffee_room_01_video_43,data/keypoints_le2i/Coffee_room_01_video_43.npz,356,380,0,0,0,5.0931547e-11
Coffee_room_01_video_43,data/keypoints_le2i/Coffee_room_01_video_43.npz,361,385,0,0,0,8.627272e-11
Coffee_room_01_video_43,data/keypoints_le2i/Coffee_room_01_video_43.npz,366,390,0,0,0,1.3376385e-10
Coffee_room_01_video_43,data/keypoints_le2i/Coffee_room_01_video_43.npz,371,395,0,0,0,1.9564765e-10
Coffee_room_01_video_43,data/keypoints_le2i/Coffee_room_01_video_43.npz,376,400,0,0,0,2.2189285e-10
Coffee_room_01_video_43,data/keypoints_le2i/Coffee_room_01_video_43.npz,381,405,0,0,0,2.2351464e-10
Coffee_room_01_video_43,data/keypoints_le2i/Coffee_room_01_video_43.npz,386,410,0,0,0,2.388422e-10
Coffee_room_01_video_43,data/keypoints_le2i/Coffee_room_01_video_43.npz,391,415,0,0,0,2.8491554e-10
Coffee_room_01_video_43,data/keypoints_le2i/Coffee_room_01_video_43.npz,396,420,0,0,0,3.9643006e-10
Coffee_room_01_video_43,data/keypoints_le2i/Coffee_room_01_video_43.npz,401,425,0,0,0,5.319116e-10
Coffee_room_01_video_43,data/keypoints_le2i/Coffee_room_01_video_43.npz,406,430,0,0,0,6.683448e-10
Coffee_room_01_video_43,data/keypoints_le2i/Coffee_room_01_video_43.npz,411,435,0,0,0,8.0004287e-10
Coffee_room_01_video_43,data/keypoints_le2i/Coffee_room_01_video_43.npz,416,440,0,0,0,7.803853e-10
Coffee_room_01_video_43,data/keypoints_le2i/Coffee_room_01_video_43.npz,421,445,0,0,0,6.629123e-10
Coffee_room_01_video_43,data/keypoints_le2i/Coffee_room_01_video_43.npz,426,450,0,0,0,5.287668e-10
Coffee_room_01_video_43,data/keypoints_le2i/Coffee_room_01_video_43.npz,431,455,0,0,0,4.3891776e-10
Coffee_room_01_video_43,data/keypoints_le2i/Coffee_room_01_video_43.npz,436,460,0,0,0,3.8380546e-10
Coffee_room_01_video_43,data/keypoints_le2i/Coffee_room_01_video_43.npz,441,465,0,0,0,3.6011336e-10
Coffee_room_01_video_43,data/keypoints_le2i/Coffee_room_01_video_43.npz,446,470,0,0,0,3.4172326e-10
Coffee_room_01_video_43,data/keypoints_le2i/Coffee_room_01_video_43.npz,451,475,0,0,0,3.450932e-10
Coffee_room_01_video_43,data/keypoints_le2i/Coffee_room_01_video_43.npz,456,480,0,0,0,3.5823902e-10
Coffee_room_01_video_43,data/keypoints_le2i/Coffee_room_01_video_43.npz,461,485,0,0,0,3.5390743e-10
Coffee_room_01_video_43,data/keypoints_le2i/Coffee_room_01_video_43.npz,466,490,0,0,0,3.4980963e-10
Coffee_room_01_video_43,data/keypoints_le2i/Coffee_room_01_video_43.npz,471,495,0,0,0,3.4464262e-10
Coffee_room_01_video_43,data/keypoints_le2i/Coffee_room_01_video_43.npz,476,500,0,0,0,3.5527495e-10
Coffee_room_01_video_43,data/keypoints_le2i/Coffee_room_01_video_43.npz,481,505,0,0,0,4.1853476e-10
Coffee_room_01_video_43,data/keypoints_le2i/Coffee_room_01_video_43.npz,486,510,0,0,0,5.0795174e-10
Coffee_room_01_video_43,data/keypoints_le2i/Coffee_room_01_video_43.npz,491,515,0,0,0,6.251155e-10
Coffee_room_01_video_43,data/keypoints_le2i/Coffee_room_01_video_43.npz,496,520,0,0,0,7.2225065e-10
Coffee_room_01_video_43,data/keypoints_le2i/Coffee_room_01_video_43.npz,501,525,0,0,0,8.025264e-10
Coffee_room_01_video_43,data/keypoints_le2i/Coffee_room_01_video_43.npz,506,530,0,0,0,8.865283e-10
Coffee_room_01_video_43,data/keypoints_le2i/Coffee_room_01_video_43.npz,511,535,0,0,0,9.152509e-10
Coffee_room_01_video_43,data/keypoints_le2i/Coffee_room_01_video_43.npz,516,540,0,0,0,8.034668e-10
Coffee_room_01_video_43,data/keypoints_le2i/Coffee_room_01_video_43.npz,521,545,0,0,0,6.207893e-10
Coffee_room_01_video_43,data/keypoints_le2i/Coffee_room_01_video_43.npz,526,550,0,0,0,5.740903e-10
Coffee_room_01_video_43,data/keypoints_le2i/Coffee_room_01_video_43.npz,531,555,0,0,0,5.853183e-10
Coffee_room_01_video_43,data/keypoints_le2i/Coffee_room_01_video_43.npz,536,560,0,0,0,6.7726474e-10
Coffee_room_01_video_43,data/keypoints_le2i/Coffee_room_01_video_43.npz,541,565,0,0,0,8.7366003e-10
Coffee_room_01_video_43,data/keypoints_le2i/Coffee_room_01_video_43.npz,546,570,0,0,0,1.2745085e-09
Coffee_room_01_video_43,data/keypoints_le2i/Coffee_room_01_video_43.npz,551,575,0,0,0,2.0902247e-09
Coffee_room_01_video_43,data/keypoints_le2i/Coffee_room_01_video_43.npz,556,580,0,0,0,2.6907956e-09
Coffee_room_01_video_43,data/keypoints_le2i/Coffee_room_01_video_43.npz,561,585,0,0,0,2.6281426e-09
Coffee_room_01_video_43,data/keypoints_le2i/Coffee_room_01_video_43.npz,566,590,0,0,0,1.914483e-09
Coffee_room_01_video_43,data/keypoints_le2i/Coffee_room_01_video_43.npz,571,595,0,0,0,1.259523e-09
Coffee_room_01_video_43,data/keypoints_le2i/Coffee_room_01_video_43.npz,576,600,0,0,0,1.1234076e-09
Coffee_room_01_video_43,data/keypoints_le2i/Coffee_room_01_video_43.npz,581,605,0,0,0,1.4892131e-09
Coffee_room_01_video_43,data/keypoints_le2i/Coffee_room_01_video_43.npz,586,610,0,0,0,3.678008e-09
Coffee_room_01_video_43,data/keypoints_le2i/Coffee_room_01_video_43.npz,591,615,0,0,0,1.2994978e-08
Coffee_room_01_video_43,data/keypoints_le2i/Coffee_room_01_video_43.npz,596,620,0,0,0,4.367853e-08
Coffee_room_01_video_43,data/keypoints_le2i/Coffee_room_01_video_43.npz,601,625,0,0,0,2.0235186e-07
Coffee_room_01_video_43,data/keypoints_le2i/Coffee_room_01_video_43.npz,606,630,0,0,0,3.1134584e-06
Coffee_room_01_video_43,data/keypoints_le2i/Coffee_room_01_video_43.npz,611,635,0,0,0,0.002493432
Coffee_room_01_video_43,data/keypoints_le2i/Coffee_room_01_video_43.npz,616,640,0,0,1,0.5984851
Coffee_room_01_video_43,data/keypoints_le2i/Coffee_room_01_video_43.npz,621,645,1,1,1,0.9722573
Coffee_room_01_video_43,data/keypoints_le2i/Coffee_room_01_video_43.npz,626,650,1,1,1,0.9990596
Coffee_room_01_video_43,data/keypoints_le2i/Coffee_room_01_video_43.npz,631,655,1,1,1,0.9998235
Coffee_room_01_video_43,data/keypoints_le2i/Coffee_room_01_video_43.npz,636,660,1,1,1,0.99648404
Coffee_room_01_video_43,data/keypoints_le2i/Coffee_room_01_video_43.npz,641,665,1,1,1,0.7897069
Coffee_room_01_video_43,data/keypoints_le2i/Coffee_room_01_video_43.npz,646,670,1,1,0,0.46628708
Coffee_room_01_video_43,data/keypoints_le2i/Coffee_room_01_video_43.npz,651,675,0,0,1,0.6478019
Coffee_room_01_video_43,data/keypoints_le2i/Coffee_room_01_video_43.npz,656,680,0,0,1,0.68327653
Coffee_room_01_video_43,data/keypoints_le2i/Coffee_room_01_video_43.npz,661,685,0,0,1,0.51409894
Coffee_room_01_video_43,data/keypoints_le2i/Coffee_room_01_video_43.npz,666,690,0,0,0,0.34840596
Coffee_room_01_video_43,data/keypoints_le2i/Coffee_room_01_video_43.npz,671,695,0,0,0,0.35239062
Coffee_room_01_video_43,data/keypoints_le2i/Coffee_room_01_video_43.npz,676,700,0,0,0,0.35523415
Coffee_room_01_video_43,data/keypoints_le2i/Coffee_room_01_video_43.npz,681,705,0,0,0,0.35437536
Coffee_room_01_video_43,data/keypoints_le2i/Coffee_room_01_video_43.npz,686,710,0,0,0,0.35507712
Coffee_room_01_video_43,data/keypoints_le2i/Coffee_room_01_video_43.npz,691,715,0,0,0,0.3555291
Coffee_room_01_video_44,data/keypoints_le2i/Coffee_room_01_video_44.npz,1,25,0,0,0,3.820336e-10
Coffee_room_01_video_44,data/keypoints_le2i/Coffee_room_01_video_44.npz,6,30,0,0,0,1.0365555e-09
Coffee_room_01_video_44,data/keypoints_le2i/Coffee_room_01_video_44.npz,11,35,0,0,0,1.139911e-09
Coffee_room_01_video_44,data/keypoints_le2i/Coffee_room_01_video_44.npz,16,40,0,0,0,1.0090041e-09
Coffee_room_01_video_44,data/keypoints_le2i/Coffee_room_01_video_44.npz,21,45,0,0,0,1.4190671e-09
Coffee_room_01_video_44,data/keypoints_le2i/Coffee_room_01_video_44.npz,26,50,0,0,0,9.871681e-09
Coffee_room_01_video_44,data/keypoints_le2i/Coffee_room_01_video_44.npz,31,55,0,0,0,1.4607214e-06
Coffee_room_01_video_44,data/keypoints_le2i/Coffee_room_01_video_44.npz,36,60,0,0,0,0.020989211
Coffee_room_01_video_44,data/keypoints_le2i/Coffee_room_01_video_44.npz,41,65,0,0,1,0.9670574
Coffee_room_01_video_44,data/keypoints_le2i/Coffee_room_01_video_44.npz,46,70,1,1,1,0.9982394
Coffee_room_01_video_44,data/keypoints_le2i/Coffee_room_01_video_44.npz,51,75,1,1,1,0.9969548
Coffee_room_01_video_44,data/keypoints_le2i/Coffee_room_01_video_44.npz,56,80,1,1,1,0.8850356
Coffee_room_01_video_44,data/keypoints_le2i/Coffee_room_01_video_44.npz,61,85,1,1,0,0.27606487
Coffee_room_01_video_44,data/keypoints_le2i/Coffee_room_01_video_44.npz,66,90,1,1,0,0.13963026
Coffee_room_01_video_44,data/keypoints_le2i/Coffee_room_01_video_44.npz,71,95,1,1,0,0.12212315
Coffee_room_01_video_44,data/keypoints_le2i/Coffee_room_01_video_44.npz,76,100,0,0,0,0.123396814
Coffee_room_01_video_44,data/keypoints_le2i/Coffee_room_01_video_44.npz,81,105,0,0,0,0.13395613
Coffee_room_01_video_44,data/keypoints_le2i/Coffee_room_01_video_44.npz,86,110,0,0,0,0.13783416
Coffee_room_01_video_44,data/keypoints_le2i/Coffee_room_01_video_44.npz,91,115,0,0,0,0.20540023
Coffee_room_01_video_44,data/keypoints_le2i/Coffee_room_01_video_44.npz,96,120,0,0,0,0.17318118
Coffee_room_01_video_44,data/keypoints_le2i/Coffee_room_01_video_44.npz,101,125,0,0,0,0.16500777
Coffee_room_01_video_44,data/keypoints_le2i/Coffee_room_01_video_44.npz,106,130,0,0,0,0.16466299
Coffee_room_01_video_9,data/keypoints_le2i/Coffee_room_01_video_9.npz,1,25,0,0,0,1.0255657e-05
Coffee_room_01_video_9,data/keypoints_le2i/Coffee_room_01_video_9.npz,6,30,0,0,0,2.633822e-05
Coffee_room_01_video_9,data/keypoints_le2i/Coffee_room_01_video_9.npz,11,35,0,0,0,3.118516e-05
Coffee_room_01_video_9,data/keypoints_le2i/Coffee_room_01_video_9.npz,16,40,0,0,0,5.0509143e-06
Coffee_room_01_video_9,data/keypoints_le2i/Coffee_room_01_video_9.npz,21,45,0,0,0,1.5895539e-07
Coffee_room_01_video_9,data/keypoints_le2i/Coffee_room_01_video_9.npz,26,50,0,0,0,2.2427891e-11
Coffee_room_01_video_9,data/keypoints_le2i/Coffee_room_01_video_9.npz,31,55,0,0,0,2.7265213e-12
Coffee_room_01_video_9,data/keypoints_le2i/Coffee_room_01_video_9.npz,36,60,0,0,0,3.3990144e-12
Coffee_room_01_video_9,data/keypoints_le2i/Coffee_room_01_video_9.npz,41,65,0,0,0,8.2858815e-12
Coffee_room_01_video_9,data/keypoints_le2i/Coffee_room_01_video_9.npz,46,70,0,0,0,1.073452e-10
Coffee_room_01_video_9,data/keypoints_le2i/Coffee_room_01_video_9.npz,51,75,0,0,0,1.445954e-10
Coffee_room_01_video_9,data/keypoints_le2i/Coffee_room_01_video_9.npz,56,80,0,0,0,2.2259185e-10
Coffee_room_01_video_9,data/keypoints_le2i/Coffee_room_01_video_9.npz,61,85,0,0,0,5.7751354e-10
Coffee_room_01_video_9,data/keypoints_le2i/Coffee_room_01_video_9.npz,66,90,0,0,0,6.829376e-09
Coffee_room_01_video_9,data/keypoints_le2i/Coffee_room_01_video_9.npz,71,95,0,0,0,8.349789e-06
Coffee_room_01_video_9,data/keypoints_le2i/Coffee_room_01_video_9.npz,76,100,0,0,0,0.034470383
Coffee_room_01_video_9,data/keypoints_le2i/Coffee_room_01_video_9.npz,81,105,1,1,1,0.99764365
Coffee_room_01_video_9,data/keypoints_le2i/Coffee_room_01_video_9.npz,86,110,1,1,1,0.9999467
Coffee_room_01_video_9,data/keypoints_le2i/Coffee_room_01_video_9.npz,91,115,1,1,1,0.9999249
Coffee_room_01_video_9,data/keypoints_le2i/Coffee_room_01_video_9.npz,96,120,1,1,1,0.99729663
Coffee_room_01_video_9,data/keypoints_le2i/Coffee_room_01_video_9.npz,101,125,1,1,1,0.7476706
Coffee_room_01_video_9,data/keypoints_le2i/Coffee_room_01_video_9.npz,106,130,1,1,1,0.632137
Coffee_room_01_video_9,data/keypoints_le2i/Coffee_room_01_video_9.npz,111,135,1,1,1,0.5670388
Coffee_room_01_video_9,data/keypoints_le2i/Coffee_room_01_video_9.npz,116,140,0,0,0,0.34896138
Coffee_room_01_video_9,data/keypoints_le2i/Coffee_room_01_video_9.npz,121,145,0,0,0,0.020939171
Coffee_room_01_video_9,data/keypoints_le2i/Coffee_room_01_video_9.npz,126,150,0,0,0,0.021994984
Coffee_room_01_video_9,data/keypoints_le2i/Coffee_room_01_video_9.npz,131,155,0,0,0,0.021974089
Coffee_room_01_video_9,data/keypoints_le2i/Coffee_room_01_video_9.npz,136,160,0,0,0,0.021398086
Coffee_room_01_video_9,data/keypoints_le2i/Coffee_room_01_video_9.npz,141,165,0,0,0,0.021163182
Coffee_room_01_video_9,data/keypoints_le2i/Coffee_room_01_video_9.npz,146,170,0,0,0,0.02067186
Coffee_room_01_video_9,data/keypoints_le2i/Coffee_room_01_video_9.npz,151,175,0,0,0,0.020300776
Coffee_room_01_video_9,data/keypoints_le2i/Coffee_room_01_video_9.npz,156,180,0,0,0,0.020331506
Coffee_room_01_video_9,data/keypoints_le2i/Coffee_room_01_video_9.npz,161,185,0,0,0,0.020770697
Coffee_room_01_video_9,data/keypoints_le2i/Coffee_room_01_video_9.npz,166,190,0,0,0,0.021093706
Coffee_room_01_video_9,data/keypoints_le2i/Coffee_room_01_video_9.npz,171,195,0,0,0,0.020913366
Coffee_room_01_video_9,data/keypoints_le2i/Coffee_room_01_video_9.npz,176,200,0,0,0,0.020765426
Coffee_room_01_video_9,data/keypoints_le2i/Coffee_room_01_video_9.npz,181,205,0,0,0,0.020873046
Home_01_video_12,data/keypoints_le2i/Home_01_video_12.npz,71,95,0,0,0,3.1364658e-23
Home_01_video_12,data/keypoints_le2i/Home_01_video_12.npz,76,100,0,0,0,1.9065419e-21
Home_01_video_12,data/keypoints_le2i/Home_01_video_12.npz,81,105,0,0,0,2.3112761e-21
Home_01_video_12,data/keypoints_le2i/Home_01_video_12.npz,86,110,0,0,0,8.171648e-21
Home_01_video_12,data/keypoints_le2i/Home_01_video_12.npz,91,115,0,0,0,2.224041e-19
Home_01_video_12,data/keypoints_le2i/Home_01_video_12.npz,96,120,0,0,0,3.2681048e-18
Home_01_video_12,data/keypoints_le2i/Home_01_video_12.npz,101,125,0,0,0,8.7095825e-17
Home_01_video_12,data/keypoints_le2i/Home_01_video_12.npz,106,130,0,0,0,1.0376204e-15
Home_01_video_12,data/keypoints_le2i/Home_01_video_12.npz,111,135,0,0,0,3.89318e-15
Home_01_video_12,data/keypoints_le2i/Home_01_video_12.npz,116,140,0,0,0,5.5277255e-14
Home_01_video_12,data/keypoints_le2i/Home_01_video_12.npz,121,145,0,0,0,3.1600387e-13
Home_01_video_12,data/keypoints_le2i/Home_01_video_12.npz,126,150,0,0,0,2.0213306e-12
Home_01_video_12,data/keypoints_le2i/Home_01_video_12.npz,131,155,0,0,0,1.133614e-10
Home_01_video_12,data/keypoints_le2i/Home_01_video_12.npz,136,160,0,0,0,1.6151723e-06
Home_01_video_12,data/keypoints_le2i/Home_01_video_12.npz,141,165,0,0,0,0.44825196
Home_01_video_12,data/keypoints_le2i/Home_01_video_12.npz,146,170,0,0,1,0.9259501
Home_01_video_12,data/keypoints_le2i/Home_01_video_12.npz,151,175,1,1,1,0.99814403
Home_01_video_12,data/keypoints_le2i/Home_01_video_12.npz,156,180,1,1,1,0.99942255
Home_01_video_12,data/keypoints_le2i/Home_01_video_12.npz,161,185,1,1,1,0.9863457
Home_01_video_12,data/keypoints_le2i/Home_01_video_12.npz,166,190,0,0,1,0.7427885
Home_01_video_12,data/keypoints_le2i/Home_01_video_12.npz,171,195,0,0,1,0.52689004
Home_01_video_12,data/keypoints_le2i/Home_01_video_12.npz,176,200,0,0,0,0.49827665
Home_01_video_12,data/keypoints_le2i/Home_01_video_12.npz,181,205,0,0,0,0.45781508
Home_01_video_12,data/keypoints_le2i/Home_01_video_12.npz,186,210,0,0,0,0.44540977
Home_01_video_12,data/keypoints_le2i/Home_01_video_12.npz,191,215,0,0,0,0.42457053
Home_01_video_19,data/keypoints_le2i/Home_01_video_19.npz,1,25,0,0,0,1.811858e-15
Home_01_video_19,data/keypoints_le2i/Home_01_video_19.npz,6,30,0,0,0,1.32033e-15
Home_01_video_19,data/keypoints_le2i/Home_01_video_19.npz,11,35,0,0,0,1.1831839e-15
Home_01_video_19,data/keypoints_le2i/Home_01_video_19.npz,16,40,0,0,0,1.019276e-15
Home_01_video_19,data/keypoints_le2i/Home_01_video_19.npz,21,45,0,0,0,4.3221656e-15
Home_01_video_19,data/keypoints_le2i/Home_01_video_19.npz,26,50,0,0,0,6.3268427e-18
Home_01_video_19,data/keypoints_le2i/Home_01_video_19.npz,31,55,0,0,0,4.8810908e-12
Home_01_video_19,data/keypoints_le2i/Home_01_video_19.npz,36,60,0,0,0,1.819115e-12
Home_01_video_19,data/keypoints_le2i/Home_01_video_19.npz,41,65,0,0,0,1.7110661e-12
Home_01_video_19,data/keypoints_le2i/Home_01_video_19.npz,46,70,0,0,0,9.782098e-11
Home_01_video_19,data/keypoints_le2i/Home_01_video_19.npz,51,75,0,0,0,4.7420348e-09
Home_01_video_19,data/keypoints_le2i/Home_01_video_19.npz,56,80,0,0,0,1.07984405e-07
Home_01_video_19,data/keypoints_le2i/Home_01_video_19.npz,61,85,0,0,0,2.1347844e-07
Home_01_video_19,data/keypoints_le2i/Home_01_video_19.npz,66,90,0,0,0,1.4147945e-05
Home_01_video_19,data/keypoints_le2i/Home_01_video_19.npz,71,95,0,0,0,4.695763e-09
Home_01_video_19,data/keypoints_le2i/Home_01_video_19.npz,76,100,0,0,0,3.3366927e-09
Home_01_video_19,data/keypoints_le2i/Home_01_video_19.npz,81,105,0,0,0,1.9430125e-08
Home_01_video_19,data/keypoints_le2i/Home_01_video_19.npz,86,110,0,0,0,9.5105435e-08
Home_01_video_19,data/keypoints_le2i/Home_01_video_19.npz,91,115,0,0,0,3.9661433e-07
Home_01_video_19,data/keypoints_le2i/Home_01_video_19.npz,96,120,0,0,0,1.1142936e-06
Home_01_video_19,data/keypoints_le2i/Home_01_video_19.npz,101,125,0,0,0,5.7941234e-06
Home_01_video_19,data/keypoints_le2i/Home_01_video_19.npz,106,130,0,0,0,0.0170093
Home_01_video_19,data/keypoints_le2i/Home_01_video_19.npz,111,135,0,0,0,0.051306546
Home_01_video_19,data/keypoints_le2i/Home_01_video_19.npz,116,140,0,0,0,0.35127056
Home_01_video_19,data/keypoints_le2i/Home_01_video_19.npz,121,145,1,1,1,0.80671436
Home_01_video_19,data/keypoints_le2i/Home_01_video_19.npz,126,150,1,1,1,0.89168656
Home_01_video_19,data/keypoints_le2i/Home_01_video_19.npz,131,155,0,0,1,0.6524607
Home_01_video_19,data/keypoints_le2i/Home_01_video_19.npz,136,160,0,0,0,0.26722974
Home_01_video_19,data/keypoints_le2i/Home_01_video_19.npz,141,165,0,0,0,0.1922892
Home_01_video_19,data/keypoints_le2i/Home_01_video_19.npz,146,170,0,0,0,0.23276815
Home_01_video_19,data/keypoints_le2i/Home_01_video_19.npz,151,175,0,0,0,0.11585145
Home_01_video_19,data/keypoints_le2i/Home_01_video_19.npz,156,180,0,0,0,0.014386196
Home_01_video_19,data/keypoints_le2i/Home_01_video_19.npz,161,185,0,0,0,0.015950926
Home_01_video_19,data/keypoints_le2i/Home_01_video_19.npz,166,190,0,0,0,0.016824955
Home_01_video_20,data/keypoints_le2i/Home_01_video_20.npz,1,25,0,0,0,5.9122114e-14
Home_01_video_20,data/keypoints_le2i/Home_01_video_20.npz,6,30,0,0,0,8.2314924e-15
Home_01_video_20,data/keypoints_le2i/Home_01_video_20.npz,11,35,0,0,0,8.806612e-15
Home_01_video_20,data/keypoints_le2i/Home_01_video_20.npz,16,40,0,0,0,6.0274404e-14
Home_01_video_20,data/keypoints_le2i/Home_01_video_20.npz,21,45,0,0,0,5.2884007e-15
Home_01_video_20,data/keypoints_le2i/Home_01_video_20.npz,26,50,0,0,0,5.54152e-15
Home_01_video_20,data/keypoints_le2i/Home_01_video_20.npz,31,55,0,0,0,2.0061941e-15
Home_01_video_20,data/keypoints_le2i/Home_01_video_20.npz,36,60,0,0,0,1.6586316e-15
Home_01_video_20,data/keypoints_le2i/Home_01_video_20.npz,41,65,0,0,0,7.852294e-16
Home_01_video_20,data/keypoints_le2i/Home_01_video_20.npz,46,70,0,0,0,5.0815414e-14
Home_01_video_20,data/keypoints_le2i/Home_01_video_20.npz,51,75,0,0,0,1.859703e-11
Home_01_video_20,data/keypoints_le2i/Home_01_video_20.npz,56,80,0,0,0,1.3014467e-07
Home_01_video_20,data/keypoints_le2i/Home_01_video_20.npz,61,85,0,0,0,1.2458848e-07
Home_01_video_20,data/keypoints_le2i/Home_01_video_20.npz,66,90,0,0,0,4.672536e-08
Home_01_video_20,data/keypoints_le2i/Home_01_video_20.npz,71,95,0,0,0,6.5505105e-08
Home_01_video_20,data/keypoints_le2i/Home_01_video_20.npz,76,100,0,0,0,2.793574e-07
Home_01_video_20,data/keypoints_le2i/Home_01_video_20.npz,81,105,0,0,0,2.634756e-10
Home_01_video_20,data/keypoints_le2i/Home_01_video_20.npz,86,110,0,0,0,1.0426509e-09
Home_01_video_20,data/keypoints_le2i/Home_01_video_20.npz,91,115,0,0,0,1.2830109e-09
Home_01_video_20,data/keypoints_le2i/Home_01_video_20.npz,96,120,0,0,0,7.5357026e-10
Home_01_video_20,data/keypoints_le2i/Home_01_video_20.npz,101,125,0,0,0,1.8166733e-09
Home_01_video_20,data/keypoints_le2i/Home_01_video_20.npz,106,130,0,0,0,1.1646184e-07
Home_01_video_20,data/keypoints_le2i/Home_01_video_20.npz,111,135,0,0,0,0.00011209068
Home_01_video_20,data/keypoints_le2i/Home_01_video_20.npz,116,140,0,0,0,0.019135395
Home_01_video_20,data/keypoints_le2i/Home_01_video_20.npz,121,145,0,0,0,0.07464278
Home_01_video_20,data/keypoints_le2i/Home_01_video_20.npz,126,150,0,0,0,0.13792689
Home_01_video_20,data/keypoints_le2i/Home_01_video_20.npz,131,155,0,0,0,0.4029425
Home_01_video_20,data/keypoints_le2i/Home_01_video_20.npz,136,160,1,1,1,0.6437399
Home_01_video_20,data/keypoints_le2i/Home_01_video_20.npz,141,165,1,1,1,0.8904967
Home_01_video_20,data/keypoints_le2i/Home_01_video_20.npz,146,170,1,1,1,0.8622992
Home_01_video_20,data/keypoints_le2i/Home_01_video_20.npz,151,175,0,0,0,0.38932922
Home_01_video_20,data/keypoints_le2i/Home_01_video_20.npz,156,180,0,0,0,0.14559622
Home_01_video_20,data/keypoints_le2i/Home_01_video_20.npz,161,185,0,0,0,0.13357897
Home_01_video_20,data/keypoints_le2i/Home_01_video_20.npz,166,190,0,0,0,0.05581852
Home_01_video_20,data/keypoints_le2i/Home_01_video_20.npz,171,195,0,0,0,0.0556585
Home_01_video_20,data/keypoints_le2i/Home_01_video_20.npz,176,200,0,0,0,0.055401765
Home_01_video_20,data/keypoints_le2i/Home_01_video_20.npz,181,205,0,0,0,0.055123217
Home_01_video_20,data/keypoints_le2i/Home_01_video_20.npz,186,210,0,0,0,0.05540738
Home_01_video_20,data/keypoints_le2i/Home_01_video_20.npz,191,215,0,0,0,0.05495477
Home_01_video_22,data/keypoints_le2i/Home_01_video_22.npz,1,25,0,0,0,8.852281e-12
Home_01_video_22,data/keypoints_le2i/Home_01_video_22.npz,6,30,0,0,0,7.38869e-06
Home_01_video_22,data/keypoints_le2i/Home_01_video_22.npz,11,35,0,0,0,3.0967748e-12
Home_01_video_22,data/keypoints_le2i/Home_01_video_22.npz,16,40,0,0,0,2.927187e-14
Home_01_video_22,data/keypoints_le2i/Home_01_video_22.npz,21,45,0,0,0,3.8668486e-15
Home_01_video_22,data/keypoints_le2i/Home_01_video_22.npz,26,50,0,0,0,6.773373e-13
Home_01_video_22,data/keypoints_le2i/Home_01_video_22.npz,31,55,0,0,0,4.960802e-13
Home_01_video_22,data/keypoints_le2i/Home_01_video_22.npz,36,60,0,0,0,1.7884408e-12
Home_01_video_22,data/keypoints_le2i/Home_01_video_22.npz,41,65,0,0,0,3.3244841e-12
Home_01_video_22,data/keypoints_le2i/Home_01_video_22.npz,46,70,0,0,0,1.05798176e-13
Home_01_video_22,data/keypoints_le2i/Home_01_video_22.npz,51,75,0,0,0,1.904082e-17
Home_01_video_22,data/keypoints_le2i/Home_01_video_22.npz,56,80,0,0,0,1.3662072e-15
Home_01_video_22,data/keypoints_le2i/Home_01_video_22.npz,61,85,0,0,0,2.5735515e-13
Home_01_video_22,data/keypoints_le2i/Home_01_video_22.npz,66,90,0,0,0,1.7185144e-11
Home_01_video_22,data/keypoints_le2i/Home_01_video_22.npz,71,95,0,0,0,1.2765917e-08
Home_01_video_22,data/keypoints_le2i/Home_01_video_22.npz,76,100,0,0,0,1.4305037e-07
Home_01_video_22,data/keypoints_le2i/Home_01_video_22.npz,81,105,0,0,0,4.5529504e-08
Home_01_video_22,data/keypoints_le2i/Home_01_video_22.npz,86,110,0,0,0,7.396072e-09
Home_01_video_22,data/keypoints_le2i/Home_01_video_22.npz,91,115,0,0,0,6.0975047e-09
Home_01_video_22,data/keypoints_le2i/Home_01_video_22.npz,96,120,0,0,0,7.016459e-09
Home_01_video_22,data/keypoints_le2i/Home_01_video_22.npz,101,125,0,0,0,1.7692906e-09
Home_01_video_22,data/keypoints_le2i/Home_01_video_22.npz,106,130,0,0,0,1.1050124e-09
Home_01_video_22,data/keypoints_le2i/Home_01_video_22.npz,111,135,0,0,0,3.360894e-09
Home_01_video_22,data/keypoints_le2i/Home_01_video_22.npz,116,140,0,0,0,9.3308055e-09
Home_01_video_22,data/keypoints_le2i/Home_01_video_22.npz,121,145,0,0,0,7.933406e-07
Home_01_video_22,data/keypoints_le2i/Home_01_video_22.npz,126,150,0,0,0,0.20359164
Home_01_video_22,data/keypoints_le2i/Home_01_video_22.npz,131,155,0,0,1,0.5511735
Home_01_video_22,data/keypoints_le2i/Home_01_video_22.npz,136,160,0,0,1,0.78309476
Home_01_video_22,data/keypoints_le2i/Home_01_video_22.npz,141,165,1,1,1,0.915218
Home_01_video_22,data/keypoints_le2i/Home_01_video_22.npz,146,170,1,1,1,0.82386476
Home_01_video_22,data/keypoints_le2i/Home_01_video_22.npz,151,175,0,0,1,0.5038495
Home_01_video_22,data/keypoints_le2i/Home_01_video_22.npz,156,180,0,0,0,0.25441566
Home_01_video_22,data/keypoints_le2i/Home_01_video_22.npz,161,185,0,0,0,0.23546767
Home_01_video_22,data/keypoints_le2i/Home_01_video_22.npz,166,190,0,0,0,0.24674885
Home_01_video_22,data/keypoints_le2i/Home_01_video_22.npz,171,195,0,0,0,0.25672123
Home_01_video_22,data/keypoints_le2i/Home_01_video_22.npz,176,200,0,0,0,0.26532227
Home_01_video_22,data/keypoints_le2i/Home_01_video_22.npz,181,205,0,0,0,0.28684425
Home_01_video_22,data/keypoints_le2i/Home_01_video_22.npz,186,210,0,0,0,0.1502672
Home_01_video_22,data/keypoints_le2i/Home_01_video_22.npz,191,215,0,0,0,0.020225907
Home_01_video_22,data/keypoints_le2i/Home_01_video_22.npz,196,220,0,0,0,0.020230236
Home_01_video_22,data/keypoints_le2i/Home_01_video_22.npz,201,225,0,0,0,0.019553924
Home_01_video_22,data/keypoints_le2i/Home_01_video_22.npz,206,230,0,0,0,0.01938391
Home_01_video_22,data/keypoints_le2i/Home_01_video_22.npz,211,235,0,0,0,0.01889196
Home_01_video_22,data/keypoints_le2i/Home_01_video_22.npz,216,240,0,0,0,0.0183632
Home_01_video_26,data/keypoints_le2i/Home_01_video_26.npz,1,25,0,0,0,7.835393e-15
Home_01_video_26,data/keypoints_le2i/Home_01_video_26.npz,6,30,0,0,0,6.571762e-15
Home_01_video_26,data/keypoints_le2i/Home_01_video_26.npz,11,35,0,0,0,5.6848045e-15
Home_01_video_26,data/keypoints_le2i/Home_01_video_26.npz,16,40,0,0,0,6.683125e-15
Home_01_video_26,data/keypoints_le2i/Home_01_video_26.npz,21,45,0,0,0,6.2099733e-15
Home_01_video_26,data/keypoints_le2i/Home_01_video_26.npz,26,50,0,0,0,4.1602663e-15
Home_01_video_26,data/keypoints_le2i/Home_01_video_26.npz,31,55,0,0,0,2.238003e-15
Home_01_video_26,data/keypoints_le2i/Home_01_video_26.npz,36,60,0,0,0,1.4667387e-15
Home_01_video_26,data/keypoints_le2i/Home_01_video_26.npz,41,65,0,0,0,1.3561028e-15
Home_01_video_26,data/keypoints_le2i/Home_01_video_26.npz,46,70,0,0,0,1.0701748e-14
Home_01_video_26,data/keypoints_le2i/Home_01_video_26.npz,51,75,0,0,0,3.328497e-14
Home_01_video_26,data/keypoints_le2i/Home_01_video_26.npz,56,80,0,0,0,4.3261122e-13
Home_01_video_26,data/keypoints_le2i/Home_01_video_26.npz,61,85,0,0,0,5.7094364e-12
Home_01_video_26,data/keypoints_le2i/Home_01_video_26.npz,66,90,0,0,0,2.0917929e-12
Home_01_video_26,data/keypoints_le2i/Home_01_video_26.npz,71,95,0,0,0,4.4817064e-15
Home_01_video_26,data/keypoints_le2i/Home_01_video_26.npz,76,100,0,0,0,2.4416742e-17
Home_01_video_26,data/keypoints_le2i/Home_01_video_26.npz,81,105,0,0,0,2.9420882e-17
Home_01_video_26,data/keypoints_le2i/Home_01_video_26.npz,86,110,0,0,0,5.20226e-16
Home_01_video_26,data/keypoints_le2i/Home_01_video_26.npz,91,115,0,0,0,9.107401e-15
Home_01_video_26,data/keypoints_le2i/Home_01_video_26.npz,96,120,0,0,0,1.362382e-15
Home_01_video_26,data/keypoints_le2i/Home_01_video_26.npz,101,125,0,0,0,2.0998906e-13
Home_01_video_26,data/keypoints_le2i/Home_01_video_26.npz,106,130,0,0,0,3.3615496e-08
Home_01_video_26,data/keypoints_le2i/Home_01_video_26.npz,111,135,0,0,0,0.42446852
Home_01_video_26,data/keypoints_le2i/Home_01_video_26.npz,116,140,0,0,1,0.95714587
Home_01_video_26,data/keypoints_le2i/Home_01_video_26.npz,121,145,1,1,1,0.9978669
Home_01_video_26,data/keypoints_le2i/Home_01_video_26.npz,126,150,1,1,1,0.9929917
Home_01_video_26,data/keypoints_le2i/Home_01_video_26.npz,131,155,0,0,1,0.6314776
Home_01_video_26,data/keypoints_le2i/Home_01_video_26.npz,136,160,0,0,0,0.11095939
Home_01_video_26,data/keypoints_le2i/Home_01_video_26.npz,141,165,0,0,0,0.07569091
Home_01_video_26,data/keypoints_le2i/Home_01_video_26.npz,146,170,0,0,0,0.07059853
Home_01_video_26,data/keypoints_le2i/Home_01_video_26.npz,151,175,0,0,0,0.030240333
Home_01_video_26,data/keypoints_le2i/Home_01_video_26.npz,156,180,0,0,0,0.030171959
Home_01_video_26,data/keypoints_le2i/Home_01_video_26.npz,161,185,0,0,0,0.029759998
Home_01_video_26,data/keypoints_le2i/Home_01_video_26.npz,166,190,0,0,0,0.029646963
Home_01_video_26,data/keypoints_le2i/Home_01_video_26.npz,171,195,0,0,0,0.010455944
Home_01_video_26,data/keypoints_le2i/Home_01_video_26.npz,176,200,0,0,0,0.010428992
Home_01_video_26,data/keypoints_le2i/Home_01_video_26.npz,181,205,0,0,0,0.010368034
Home_01_video_26,data/keypoints_le2i/Home_01_video_26.npz,186,210,0,0,0,0.0102693625
Home_01_video_26,data/keypoints_le2i/Home_01_video_26.npz,191,215,0,0,0,0.010240102
Home_01_video_29,data/keypoints_le2i/Home_01_video_29.npz,1,25,0,0,0,5.2156435e-12
Home_01_video_29,data/keypoints_le2i/Home_01_video_29.npz,6,30,0,0,0,1.0113257e-13
Home_01_video_29,data/keypoints_le2i/Home_01_video_29.npz,11,35,0,0,0,7.181968e-14
Home_01_video_29,data/keypoints_le2i/Home_01_video_29.npz,16,40,0,0,0,8.024303e-13
Home_01_video_29,data/keypoints_le2i/Home_01_video_29.npz,21,45,0,0,0,1.5000418e-11
Home_01_video_29,data/keypoints_le2i/Home_01_video_29.npz,26,50,0,0,0,4.386269e-12
Home_01_video_29,data/keypoints_le2i/Home_01_video_29.npz,31,55,0,0,0,1.7436195e-12
Home_01_video_29,data/keypoints_le2i/Home_01_video_29.npz,36,60,0,0,0,8.8658015e-15
Home_01_video_29,data/keypoints_le2i/Home_01_video_29.npz,41,65,0,0,0,1.7369063e-14
Home_01_video_29,data/keypoints_le2i/Home_01_video_29.npz,46,70,0,0,0,3.4540217e-13
Home_01_video_29,data/keypoints_le2i/Home_01_video_29.npz,51,75,0,0,0,9.7484356e-12
Home_01_video_29,data/keypoints_le2i/Home_01_video_29.npz,56,80,0,0,0,2.6241277e-11
Home_01_video_29,data/keypoints_le2i/Home_01_video_29.npz,61,85,0,0,0,6.04377e-12
Home_01_video_29,data/keypoints_le2i/Home_01_video_29.npz,66,90,0,0,0,1.4604231e-09
Home_01_video_29,data/keypoints_le2i/Home_01_video_29.npz,71,95,0,0,0,2.8530824e-13
Home_01_video_29,data/keypoints_le2i/Home_01_video_29.npz,76,100,0,0,0,2.0520164e-14
Home_01_video_29,data/keypoints_le2i/Home_01_video_29.npz,81,105,0,0,0,4.2388888e-16
Home_01_video_29,data/keypoints_le2i/Home_01_video_29.npz,86,110,0,0,0,1.8471132e-16
Home_01_video_29,data/keypoints_le2i/Home_01_video_29.npz,91,115,0,0,0,3.7956444e-16
Home_01_video_29,data/keypoints_le2i/Home_01_video_29.npz,96,120,0,0,0,8.5485374e-10
Home_01_video_29,data/keypoints_le2i/Home_01_video_29.npz,101,125,0,0,0,8.758111e-09
Home_01_video_29,data/keypoints_le2i/Home_01_video_29.npz,106,130,0,0,0,9.2650954e-10
Home_01_video_29,data/keypoints_le2i/Home_01_video_29.npz,111,135,0,0,0,8.850563e-11
Home_01_video_29,data/keypoints_le2i/Home_01_video_29.npz,116,140,0,0,0,1.101628e-10
Home_01_video_29,data/keypoints_le2i/Home_01_video_29.npz,121,145,0,0,0,3.5658862e-10
Home_01_video_29,data/keypoints_le2i/Home_01_video_29.npz,126,150,0,0,0,3.732194e-10
Home_01_video_29,data/keypoints_le2i/Home_01_video_29.npz,131,155,0,0,0,8.075941e-09
Home_01_video_29,data/keypoints_le2i/Home_01_video_29.npz,136,160,0,0,0,0.00039121034
Home_01_video_29,data/keypoints_le2i/Home_01_video_29.npz,141,165,0,0,1,0.5868896
Home_01_video_29,data/keypoints_le2i/Home_01_video_29.npz,146,170,0,0,1,0.98303807
Home_01_video_29,data/keypoints_le2i/Home_01_video_29.npz,151,175,1,1,1,0.9986772
Home_01_video_29,data/keypoints_le2i/Home_01_video_29.npz,156,180,1,1,1,0.99591076
Home_01_video_29,data/keypoints_le2i/Home_01_video_29.npz,161,185,0,0,1,0.9393721
Home_01_video_29,data/keypoints_le2i/Home_01_video_29.npz,166,190,0,0,0,0.3997527
Home_01_video_29,data/keypoints_le2i/Home_01_video_29.npz,171,195,0,0,0,0.1761205
Home_01_video_29,data/keypoints_le2i/Home_01_video_29.npz,176,200,0,0,0,0.13809744
Home_01_video_29,data/keypoints_le2i/Home_01_video_29.npz,181,205,0,0,0,0.13427779
Home_01_video_29,data/keypoints_le2i/Home_01_video_29.npz,186,210,0,0,0,0.13888298
Home_01_video_29,data/keypoints_le2i/Home_01_video_29.npz,191,215,0,0,0,0.1433775
Home_01_video_29,data/keypoints_le2i/Home_01_video_29.npz,196,220,0,0,0,0.14721002
Home_01_video_29,data/keypoints_le2i/Home_01_video_29.npz,201,225,0,0,0,0.1482229
Home_01_video_29,data/keypoints_le2i/Home_01_video_29.npz,206,230,0,0,0,0.15105294
Home_01_video_29,data/keypoints_le2i/Home_01_video_29.npz,211,235,0,0,0,0.042245932
Home_01_video_29,data/keypoints_le2i/Home_01_video_29.npz,216,240,0,0,0,0.044786476
Home_01_video_29,data/keypoints_le2i/Home_01_video_29.npz,221,245,0,0,0,0.044374634
Home_01_video_29,data/keypoints_le2i/Home_01_video_29.npz,226,250,0,0,0,0.043290235
Home_01_video_29,data/keypoints_le2i/Home_01_video_29.npz,231,255,0,0,0,0.16565815
Home_01_video_29,data/keypoints_le2i/Home_01_video_29.npz,236,260,0,0,0,0.15062918
Home_01_video_29,data/keypoints_le2i/Home_01_video_29.npz,241,265,0,0,0,0.120365724
Home_01_video_29,data/keypoints_le2i/Home_01_video_29.npz,246,270,0,0,0,0.084938906
Home_02_video_34,data/keypoints_le2i/Home_02_video_34.npz,1,25,0,0,0,4.6754804e-22
Home_02_video_34,data/keypoints_le2i/Home_02_video_34.npz,6,30,0,0,0,4.290969e-22
Home_02_video_34,data/keypoints_le2i/Home_02_video_34.npz,11,35,0,0,0,3.761644e-22
Home_02_video_34,data/keypoints_le2i/Home_02_video_34.npz,16,40,0,0,0,3.2073577e-22
Home_02_video_34,data/keypoints_le2i/Home_02_video_34.npz,21,45,0,0,0,2.146069e-22
Home_02_video_34,data/keypoints_le2i/Home_02_video_34.npz,26,50,0,0,0,2.4421616e-22
Home_02_video_34,data/keypoints_le2i/Home_02_video_34.npz,31,55,0,0,0,3.1124867e-22
Home_02_video_34,data/keypoints_le2i/Home_02_video_34.npz,36,60,0,0,0,1.0988349e-21
Home_02_video_34,data/keypoints_le2i/Home_02_video_34.npz,41,65,0,0,0,1.06088385e-20
Home_02_video_34,data/keypoints_le2i/Home_02_video_34.npz,46,70,0,0,0,9.511122e-20
Home_02_video_34,data/keypoints_le2i/Home_02_video_34.npz,51,75,0,0,0,1.5986324e-19
Home_02_video_34,data/keypoints_le2i/Home_02_video_34.npz,56,80,0,0,0,2.0848735e-20
Home_02_video_34,data/keypoints_le2i/Home_02_video_34.npz,61,85,0,0,0,1.6961544e-20
Home_02_video_34,data/keypoints_le2i/Home_02_video_34.npz,66,90,0,0,0,5.601929e-21
Home_02_video_34,data/keypoints_le2i/Home_02_video_34.npz,71,95,0,0,0,7.227151e-21
Home_02_video_34,data/keypoints_le2i/Home_02_video_34.npz,76,100,0,0,0,1.9930953e-24
Home_02_video_34,data/keypoints_le2i/Home_02_video_34.npz,81,105,0,0,0,5.3495685e-25
Home_02_video_34,data/keypoints_le2i/Home_02_video_34.npz,86,110,0,0,0,1.3098442e-24
Home_02_video_34,data/keypoints_le2i/Home_02_video_34.npz,91,115,0,0,0,6.275026e-24
Home_02_video_34,data/keypoints_le2i/Home_02_video_34.npz,96,120,0,0,0,2.678344e-23
Home_02_video_34,data/keypoints_le2i/Home_02_video_34.npz,101,125,0,0,0,8.6203766e-23
Home_02_video_34,data/keypoints_le2i/Home_02_video_34.npz,106,130,0,0,0,2.4952072e-22
Home_02_video_34,data/keypoints_le2i/Home_02_video_34.npz,111,135,0,0,0,2.8834704e-22
Home_02_video_34,data/keypoints_le2i/Home_02_video_34.npz,116,140,0,0,0,2.9433044e-22
Home_02_video_34,data/keypoints_le2i/Home_02_video_34.npz,121,145,0,0,0,3.7461924e-22
Home_02_video_34,data/keypoints_le2i/Home_02_video_34.npz,126,150,0,0,0,3.9880772e-21
Home_02_video_34,data/keypoints_le2i/Home_02_video_34.npz,131,155,0,0,0,1.7147652e-15
Home_02_video_34,data/keypoints_le2i/Home_02_video_34.npz,136,160,0,0,0,1.8117375e-05
Home_02_video_34,data/keypoints_le2i/Home_02_video_34.npz,141,165,0,0,1,0.8800232
Home_02_video_34,data/keypoints_le2i/Home_02_video_34.npz,146,170,1,1,1,0.98895687
Home_02_video_34,data/keypoints_le2i/Home_02_video_34.npz,151,175,1,1,1,0.9539845
Home_02_video_34,data/keypoints_le2i/Home_02_video_34.npz,156,180,1,1,0,0.33176875
Home_02_video_35,data/keypoints_le2i/Home_02_video_35.npz,1,25,0,0,0,3.8259984e-23
Home_02_video_35,data/keypoints_le2i/Home_02_video_35.npz,6,30,0,0,0,4.8951694e-23
Home_02_video_35,data/keypoints_le2i/Home_02_video_35.npz,11,35,0,0,0,8.8235575e-23
Home_02_video_35,data/keypoints_le2i/Home_02_video_35.npz,16,40,0,0,0,6.5585153e-22
Home_02_video_35,data/keypoints_le2i/Home_02_video_35.npz,21,45,0,0,0,1.0165553e-20
Home_02_video_35,data/keypoints_le2i/Home_02_video_35.npz,26,50,0,0,0,4.65676e-20
Home_02_video_35,data/keypoints_le2i/Home_02_video_35.npz,31,55,0,0,0,8.472312e-21
Home_02_video_35,data/keypoints_le2i/Home_02_video_35.npz,36,60,0,0,0,3.1349825e-23
Home_02_video_35,data/keypoints_le2i/Home_02_video_35.npz,41,65,0,0,0,1.9421463e-26
Home_02_video_35,data/keypoints_le2i/Home_02_video_35.npz,46,70,0,0,0,7.571821e-29
Home_02_video_35,data/keypoints_le2i/Home_02_video_35.npz,51,75,0,0,0,1.2985127e-29
Home_02_video_35,data/keypoints_le2i/Home_02_video_35.npz,56,80,0,0,0,8.308789e-29
Home_02_video_35,data/keypoints_le2i/Home_02_video_35.npz,61,85,0,0,0,1.8601136e-27
Home_02_video_35,data/keypoints_le2i/Home_02_video_35.npz,66,90,0,0,0,1.3303276e-26
Home_02_video_35,data/keypoints_le2i/Home_02_video_35.npz,71,95,0,0,0,6.515387e-26
Home_02_video_35,data/keypoints_le2i/Home_02_video_35.npz,76,100,0,0,0,2.5251073e-25
Home_02_video_35,data/keypoints_le2i/Home_02_video_35.npz,81,105,0,0,0,7.8913257e-25
Home_02_video_35,data/keypoints_le2i/Home_02_video_35.npz,86,110,0,0,0,2.7537547e-24
Home_02_video_35,data/keypoints_le2i/Home_02_video_35.npz,91,115,0,0,0,2.0764488e-23
Home_02_video_35,data/keypoints_le2i/Home_02_video_35.npz,96,120,0,0,0,2.552569e-21
Home_02_video_35,data/keypoints_le2i/Home_02_video_35.npz,101,125,0,0,0,7.7273127e-16
Home_02_video_35,data/keypoints_le2i/Home_02_video_35.npz,106,130,0,0,0,1.4084722e-07
Home_02_video_35,data/keypoints_le2i/Home_02_video_35.npz,111,135,0,0,0,0.31884882
Home_02_video_35,data/keypoints_le2i/Home_02_video_35.npz,116,140,0,0,1,0.9681778
Home_02_video_35,data/keypoints_le2i/Home_02_video_35.npz,121,145,0,0,1,0.9752686
Home_02_video_35,data/keypoints_le2i/Home_02_video_35.npz,126,150,1,1,1,0.95295215
Home_02_video_35,data/keypoints_le2i/Home_02_video_35.npz,131,155,1,1,0,0.26522353
Home_02_video_35,data/keypoints_le2i/Home_02_video_35.npz,136,160,1,1,0,0.017474884
Home_02_video_46,data/keypoints_le2i/Home_02_video_46.npz,1,25,0,0,0,7.538838e-17
Home_02_video_46,data/keypoints_le2i/Home_02_video_46.npz,6,30,0,0,0,3.2283578e-16
Home_02_video_46,data/keypoints_le2i/Home_02_video_46.npz,11,35,0,0,0,3.5047123e-15
Home_02_video_46,data/keypoints_le2i/Home_02_video_46.npz,16,40,0,0,0,1.7477932e-14
Home_02_video_46,data/keypoints_le2i/Home_02_video_46.npz,21,45,0,0,0,4.0584272e-14
Home_02_video_46,data/keypoints_le2i/Home_02_video_46.npz,26,50,0,0,0,3.9396515e-14
Home_02_video_46,data/keypoints_le2i/Home_02_video_46.npz,31,55,0,0,0,1.9576363e-11
Home_02_video_46,data/keypoints_le2i/Home_02_video_46.npz,36,60,0,0,0,2.1195314e-13
Home_02_video_46,data/keypoints_le2i/Home_02_video_46.npz,41,65,0,0,0,1.5108169e-16
Home_02_video_46,data/keypoints_le2i/Home_02_video_46.npz,46,70,0,0,0,3.1279276e-20
Home_02_video_46,data/keypoints_le2i/Home_02_video_46.npz,51,75,0,0,0,7.630766e-23
Home_02_video_46,data/keypoints_le2i/Home_02_video_46.npz,56,80,0,0,0,6.820823e-28
Home_02_video_46,data/keypoints_le2i/Home_02_video_46.npz,61,85,0,0,0,9.004121e-28
Home_02_video_46,data/keypoints_le2i/Home_02_video_46.npz,66,90,0,0,0,2.515961e-27
Home_02_video_46,data/keypoints_le2i/Home_02_video_46.npz,71,95,0,0,0,5.183991e-25
Home_02_video_46,data/keypoints_le2i/Home_02_video_46.npz,76,100,0,0,0,8.9281726e-17
Home_02_video_46,data/keypoints_le2i/Home_02_video_46.npz,81,105,0,0,0,1.3968942e-15
Home_02_video_46,data/keypoints_le2i/Home_02_video_46.npz,86,110,0,0,0,1.2187422e-14
Home_02_video_46,data/keypoints_le2i/Home_02_video_46.npz,91,115,0,0,0,4.855578e-14
Home_02_video_46,data/keypoints_le2i/Home_02_video_46.npz,96,120,0,0,0,1.4550652e-13
Home_02_video_46,data/keypoints_le2i/Home_02_video_46.npz,101,125,0,0,0,2.42363e-13
Home_02_video_46,data/keypoints_le2i/Home_02_video_46.npz,106,130,0,0,0,1.9539675e-13
Home_02_video_46,data/keypoints_le2i/Home_02_video_46.npz,111,135,0,0,0,2.849189e-13
Home_02_video_46,data/keypoints_le2i/Home_02_video_46.npz,116,140,0,0,0,1.3436794e-12
Home_02_video_46,data/keypoints_le2i/Home_02_video_46.npz,121,145,0,0,0,6.60782e-12
Home_02_video_46,data/keypoints_le2i/Home_02_video_46.npz,126,150,0,0,0,3.4525017e-12
Home_02_video_46,data/keypoints_le2i/Home_02_video_46.npz,131,155,0,0,0,3.2155452e-12
Home_02_video_46,data/keypoints_le2i/Home_02_video_46.npz,136,160,0,0,0,2.676485e-12
Home_02_video_46,data/keypoints_le2i/Home_02_video_46.npz,141,165,0,0,0,2.4572616e-12
Home_02_video_46,data/keypoints_le2i/Home_02_video_46.npz,146,170,0,0,0,2.0437536e-12
Home_02_video_47,data/keypoints_le2i/Home_02_video_47.npz,46,70,0,0,0,3.9868064e-10
Home_02_video_47,data/keypoints_le2i/Home_02_video_47.npz,51,75,0,0,0,3.9868064e-10
Home_02_video_47,data/keypoints_le2i/Home_02_video_47.npz,56,80,0,0,0,3.9868064e-10
Home_02_video_47,data/keypoints_le2i/Home_02_video_47.npz,61,85,0,0,0,3.9868064e-10
Home_02_video_47,data/keypoints_le2i/Home_02_video_47.npz,66,90,0,0,0,3.9868064e-10
Home_02_video_47,data/keypoints_le2i/Home_02_video_47.npz,91,115,0,0,0,4.3169382e-13
Home_02_video_47,data/keypoints_le2i/Home_02_video_47.npz,96,120,0,0,0,4.1616512e-13
Home_02_video_47,data/keypoints_le2i/Home_02_video_47.npz,101,125,0,0,0,5.1254912e-14
Home_02_video_47,data/keypoints_le2i/Home_02_video_47.npz,106,130,0,0,0,4.9517048e-14
Home_02_video_47,data/keypoints_le2i/Home_02_video_47.npz,111,135,0,0,0,1.4322707e-14
Home_02_video_47,data/keypoints_le2i/Home_02_video_47.npz,116,140,0,0,0,2.3234558e-15
Home_02_video_47,data/keypoints_le2i/Home_02_video_47.npz,121,145,0,0,0,4.450102e-16
Home_02_video_47,data/keypoints_le2i/Home_02_video_47.npz,126,150,0,0,0,1.757774e-16
Home_02_video_47,data/keypoints_le2i/Home_02_video_47.npz,131,155,0,0,0,1.5656168e-16
Home_02_video_47,data/keypoints_le2i/Home_02_video_47.npz,136,160,0,0,0,1.4932837e-16
Home_02_video_47,data/keypoints_le2i/Home_02_video_47.npz,141,165,0,0,0,1.1599445e-16
Home_02_video_47,data/keypoints_le2i/Home_02_video_47.npz,146,170,0,0,0,3.2981266e-17
Home_02_video_47,data/keypoints_le2i/Home_02_video_47.npz,151,175,0,0,0,2.4949554e-18
Home_02_video_47,data/keypoints_le2i/Home_02_video_47.npz,156,180,0,0,0,8.998596e-20
Home_02_video_47,data/keypoints_le2i/Home_02_video_47.npz,161,185,0,0,0,5.8377415e-21
Home_02_video_47,data/keypoints_le2i/Home_02_video_47.npz,166,190,0,0,0,2.155382e-21
Home_02_video_47,data/keypoints_le2i/Home_02_video_47.npz,171,195,0,0,0,3.465734e-21
Home_02_video_47,data/keypoints_le2i/Home_02_video_47.npz,176,200,0,0,0,8.230526e-21
Home_02_video_47,data/keypoints_le2i/Home_02_video_47.npz,181,205,0,0,0,1.6101069e-20
Home_02_video_47,data/keypoints_le2i/Home_02_video_47.npz,186,210,0,0,0,3.134318e-20
Home_02_video_47,data/keypoints_le2i/Home_02_video_47.npz,191,215,0,0,0,5.341446e-20
Home_02_video_47,data/keypoints_le2i/Home_02_video_47.npz,196,220,0,0,0,5.6506944e-20
Home_02_video_47,data/keypoints_le2i/Home_02_video_47.npz,201,225,0,0,0,4.3502915e-20
Home_02_video_47,data/keypoints_le2i/Home_02_video_47.npz,206,230,0,0,0,2.9408833e-20
Home_02_video_47,data/keypoints_le2i/Home_02_video_47.npz,211,235,0,0,0,5.1941986e-20
Home_02_video_47,data/keypoints_le2i/Home_02_video_47.npz,216,240,0,0,0,1.2046419e-18
Home_02_video_47,data/keypoints_le2i/Home_02_video_47.npz,221,245,0,0,0,2.8978903e-17
Home_02_video_47,data/keypoints_le2i/Home_02_video_47.npz,226,250,0,0,0,1.9613425e-16
Home_02_video_47,data/keypoints_le2i/Home_02_video_47.npz,231,255,0,0,0,1.8472543e-16
Home_02_video_47,data/keypoints_le2i/Home_02_video_47.npz,236,260,0,0,0,2.543238e-21
Home_02_video_47,data/keypoints_le2i/Home_02_video_47.npz,241,265,0,0,0,1.8109171e-16
Home_02_video_47,data/keypoints_le2i/Home_02_video_47.npz,246,270,0,0,0,9.5214093e-17
Home_02_video_47,data/keypoints_le2i/Home_02_video_47.npz,251,275,0,0,0,2.9210977e-17
Home_02_video_47,data/keypoints_le2i/Home_02_video_47.npz,256,280,0,0,0,1.053445e-17
Home_02_video_47,data/keypoints_le2i/Home_02_video_47.npz,261,285,0,0,0,5.859995e-18
Home_02_video_50,data/keypoints_le2i/Home_02_video_50.npz,151,175,0,0,0,8.409741e-15
Home_02_video_50,data/keypoints_le2i/Home_02_video_50.npz,156,180,0,0,0,1.3147542e-14
Home_02_video_50,data/keypoints_le2i/Home_02_video_50.npz,161,185,0,0,0,8.521021e-15
Home_02_video_50,data/keypoints_le2i/Home_02_video_50.npz,166,190,0,0,0,5.3809098e-15
Home_02_video_50,data/keypoints_le2i/Home_02_video_50.npz,171,195,0,0,0,1.4629054e-15
Home_02_video_50,data/keypoints_le2i/Home_02_video_50.npz,176,200,0,0,0,5.683479e-16
Home_02_video_50,data/keypoints_le2i/Home_02_video_50.npz,181,205,0,0,0,4.597743e-16
Home_02_video_50,data/keypoints_le2i/Home_02_video_50.npz,186,210,0,0,0,4.52553e-16
Home_02_video_50,data/keypoints_le2i/Home_02_video_50.npz,191,215,0,0,0,8.64708e-17
Home_02_video_50,data/keypoints_le2i/Home_02_video_50.npz,196,220,0,0,0,8.110017e-18
Home_02_video_50,data/keypoints_le2i/Home_02_video_50.npz,201,225,0,0,0,2.5807905e-18
Home_02_video_50,data/keypoints_le2i/Home_02_video_50.npz,206,230,0,0,0,5.2932975e-18
Home_02_video_50,data/keypoints_le2i/Home_02_video_50.npz,211,235,0,0,0,1.577865e-17
Home_02_video_50,data/keypoints_le2i/Home_02_video_50.npz,216,240,0,0,0,5.0083467e-17
Home_02_video_50,data/keypoints_le2i/Home_02_video_50.npz,221,245,0,0,0,1.02744613e-16
Home_02_video_50,data/keypoints_le2i/Home_02_video_50.npz,226,250,0,0,0,3.099286e-16
Home_02_video_50,data/keypoints_le2i/Home_02_video_50.npz,231,255,0,0,0,4.2540996e-16
Home_02_video_50,data/keypoints_le2i/Home_02_video_50.npz,236,260,0,0,0,1.6874839e-16
Home_02_video_50,data/keypoints_le2i/Home_02_video_50.npz,241,265,0,0,0,2.6259672e-17
Home_02_video_50,data/keypoints_le2i/Home_02_video_50.npz,246,270,0,0,0,4.2199087e-19
Home_02_video_50,data/keypoints_le2i/Home_02_video_50.npz,276,300,0,0,0,8.3500114e-19
Home_02_video_50,data/keypoints_le2i/Home_02_video_50.npz,281,305,0,0,0,3.0052214e-19
Home_02_video_50,data/keypoints_le2i/Home_02_video_50.npz,286,310,0,0,0,9.976623e-20
Home_02_video_51,data/keypoints_le2i/Home_02_video_51.npz,1,25,0,0,0,8.0474425e-14
Home_02_video_51,data/keypoints_le2i/Home_02_video_51.npz,6,30,0,0,0,1.3593568e-13
Home_02_video_51,data/keypoints_le2i/Home_02_video_51.npz,11,35,0,0,0,1.3329577e-13
Home_02_video_51,data/keypoints_le2i/Home_02_video_51.npz,16,40,0,0,0,1.3642661e-13
Home_02_video_51,data/keypoints_le2i/Home_02_video_51.npz,21,45,0,0,0,3.4824828e-15
Home_02_video_51,data/keypoints_le2i/Home_02_video_51.npz,26,50,0,0,0,1.3336864e-11
Home_02_video_51,data/keypoints_le2i/Home_02_video_51.npz,31,55,0,0,0,5.844305e-13
Home_02_video_51,data/keypoints_le2i/Home_02_video_51.npz,36,60,0,0,0,5.299771e-15
Home_02_video_51,data/keypoints_le2i/Home_02_video_51.npz,41,65,0,0,0,1.3493564e-18
Home_02_video_51,data/keypoints_le2i/Home_02_video_51.npz,46,70,0,0,0,5.9645584e-23
Home_02_video_51,data/keypoints_le2i/Home_02_video_51.npz,51,75,0,0,0,3.0143251e-27
Home_02_video_51,data/keypoints_le2i/Home_02_video_51.npz,56,80,0,0,0,3.6200668e-28
Home_02_video_51,data/keypoints_le2i/Home_02_video_51.npz,61,85,0,0,0,6.781657e-25
Home_02_video_51,data/keypoints_le2i/Home_02_video_51.npz,66,90,0,0,0,3.4087323e-24
Home_02_video_51,data/keypoints_le2i/Home_02_video_51.npz,71,95,0,0,0,8.1990005e-21
Home_02_video_51,data/keypoints_le2i/Home_02_video_51.npz,76,100,0,0,0,4.249331e-16
Home_02_video_51,data/keypoints_le2i/Home_02_video_51.npz,81,105,0,0,0,1.554683e-17
Home_02_video_51,data/keypoints_le2i/Home_02_video_51.npz,86,110,0,0,0,7.3508973e-17
Home_02_video_51,data/keypoints_le2i/Home_02_video_51.npz,91,115,0,0,0,1.3085759e-16
Home_02_video_51,data/keypoints_le2i/Home_02_video_51.npz,96,120,0,0,0,3.482308e-16
Home_02_video_51,data/keypoints_le2i/Home_02_video_51.npz,101,125,0,0,0,3.8277787e-16
Home_02_video_51,data/keypoints_le2i/Home_02_video_51.npz,106,130,0,0,0,2.4758156e-16
Home_02_video_51,data/keypoints_le2i/Home_02_video_51.npz,111,135,0,0,0,5.8326143e-16
Home_02_video_51,data/keypoints_le2i/Home_02_video_51.npz,116,140,0,0,0,3.636492e-15
Home_02_video_51,data/keypoints_le2i/Home_02_video_51.npz,121,145,0,0,0,5.202109e-13
Home_02_video_51,data/keypoints_le2i/Home_02_video_51.npz,126,150,0,0,0,1.0243428e-12
Home_02_video_51,data/keypoints_le2i/Home_02_video_51.npz,131,155,0,0,0,1.5105434e-12
Home_02_video_51,data/keypoints_le2i/Home_02_video_51.npz,136,160,0,0,0,2.0598692e-12
Home_02_video_51,data/keypoints_le2i/Home_02_video_51.npz,141,165,0,0,0,2.7613137e-12
Home_02_video_51,data/keypoints_le2i/Home_02_video_51.npz,146,170,0,0,0,2.2785372e-12
Home_02_video_51,data/keypoints_le2i/Home_02_video_51.npz,151,175,0,0,0,1.4558668e-10
Home_02_video_51,data/keypoints_le2i/Home_02_video_51.npz,156,180,0,0,0,2.601278e-12
Home_02_video_51,data/keypoints_le2i/Home_02_video_51.npz,161,185,0,0,0,2.601278e-12
Home_02_video_51,data/keypoints_le2i/Home_02_video_51.npz,166,190,0,0,0,2.601278e-12
Home_02_video_51,data/keypoints_le2i/Home_02_video_51.npz,171,195,0,0,0,2.601278e-12
Home_02_video_51,data/keypoints_le2i/Home_02_video_51.npz,236,260,0,0,0,1.554714e-08
Home_02_video_60,data/keypoints_le2i/Home_02_video_60.npz,1,25,0,0,0,4.534428e-09
Home_02_video_60,data/keypoints_le2i/Home_02_video_60.npz,76,100,0,0,0,1.2155131e-25
Home_02_video_60,data/keypoints_le2i/Home_02_video_60.npz,81,105,0,0,0,5.935678e-26
Home_02_video_60,data/keypoints_le2i/Home_02_video_60.npz,86,110,0,0,0,1.55095e-26
Home_02_video_60,data/keypoints_le2i/Home_02_video_60.npz,91,115,0,0,0,7.199091e-27
Home_02_video_60,data/keypoints_le2i/Home_02_video_60.npz,96,120,0,0,0,8.524741e-27
Home_02_video_60,data/keypoints_le2i/Home_02_video_60.npz,101,125,0,0,0,2.4821391e-26
Home_02_video_60,data/keypoints_le2i/Home_02_video_60.npz,106,130,0,0,0,5.1951192e-24
Home_02_video_60,data/keypoints_le2i/Home_02_video_60.npz,126,150,0,0,0,7.734507e-24
Home_02_video_60,data/keypoints_le2i/Home_02_video_60.npz,131,155,0,0,0,3.8160862e-16
Home_02_video_60,data/keypoints_le2i/Home_02_video_60.npz,136,160,0,0,0,5.5829325e-17
Home_02_video_60,data/keypoints_le2i/Home_02_video_60.npz,141,165,0,0,0,2.583137e-16
Home_02_video_60,data/keypoints_le2i/Home_02_video_60.npz,146,170,0,0,0,4.8214774e-18
Home_02_video_60,data/keypoints_le2i/Home_02_video_60.npz,151,175,0,0,0,1.0351648e-16
Home_02_video_60,data/keypoints_le2i/Home_02_video_60.npz,156,180,0,0,0,8.668916e-16
Home_02_video_60,data/keypoints_le2i/Home_02_video_60.npz,161,185,0,0,0,4.9929573e-15
Home_02_video_60,data/keypoints_le2i/Home_02_video_60.npz,166,190,0,0,0,1.2171021e-14
Home_02_video_60,data/keypoints_le2i/Home_02_video_60.npz,171,195,0,0,0,2.7656649e-14
Home_02_video_60,data/keypoints_le2i/Home_02_video_60.npz,176,200,0,0,0,4.3047938e-13
Coffee_room_01_video_11,data/keypoints_le2i/Coffee_room_01_video_11.npz,16,40,0,0,0,0.0
Coffee_room_01_video_11,data/keypoints_le2i/Coffee_room_01_video_11.npz,21,45,0,0,0,0.0
Coffee_room_01_video_11,data/keypoints_le2i/Coffee_room_01_video_11.npz,26,50,0,0,0,0.0
Coffee_room_01_video_11,data/keypoints_le2i/Coffee_room_01_video_11.npz,31,55,0,0,0,0.0
Coffee_room_01_video_11,data/keypoints_le2i/Coffee_room_01_video_11.npz,36,60,0,0,0,0.0
Coffee_room_01_video_11,data/keypoints_le2i/Coffee_room_01_video_11.npz,41,65,0,0,0,0.0
Coffee_room_01_video_11,data/keypoints_le2i/Coffee_room_01_video_11.npz,46,70,0,0,0,0.0
Coffee_room_01_video_11,data/keypoints_le2i/Coffee_room_01_video_11.npz,51,75,0,0,0,0.0
Coffee_room_01_video_11,data/keypoints_le2i/Coffee_room_01_video_11.npz,56,80,0,0,0,0.0
Coffee_room_01_video_11,data/keypoints_le2i/Coffee_room_01_video_11.npz,61,85,0,0,0,0.0
Coffee_room_01_video_11,data/keypoints_le2i/Coffee_room_01_video_11.npz,66,90,0,0,0,0.0
Coffee_room_01_video_11,data/keypoints_le2i/Coffee_room_01_video_11.npz,71,95,0,0,0,0.0
Coffee_room_01_video_11,data/keypoints_le2i/Coffee_room_01_video_11.npz,76,100,0,0,0,0.0
Coffee_room_01_video_11,data/keypoints_le2i/Coffee_room_01_video_11.npz,81,105,0,0,0,0.0
Coffee_room_01_video_11,data/keypoints_le2i/Coffee_room_01_video_11.npz,86,110,0,0,0,0.0
Coffee_room_01_video_11,data/keypoints_le2i/Coffee_room_01_video_11.npz,91,115,0,0,0,0.0
Coffee_room_01_video_11,data/keypoints_le2i/Coffee_room_01_video_11.npz,96,120,0,0,0,0.0
Coffee_room_01_video_11,data/keypoints_le2i/Coffee_room_01_video_11.npz,101,125,0,0,0,0.0
Coffee_room_01_video_11,data/keypoints_le2i/Coffee_room_01_video_11.npz,106,130,0,0,0,0.0
Coffee_room_01_video_11,data/keypoints_le2i/Coffee_room_01_video_11.npz,111,135,0,0,0,0.0
Coffee_room_01_video_11,data/keypoints_le2i/Coffee_room_01_video_11.npz,116,140,0,0,0,0.0
Coffee_room_01_video_11,data/keypoints_le2i/Coffee_room_01_video_11.npz,121,145,0,0,0,0.0
Coffee_room_01_video_11,data/keypoints_le2i/Coffee_room_01_video_11.npz,126,150,0,0,0,0.0
Coffee_room_01_video_11,data/keypoints_le2i/Coffee_room_01_video_11.npz,131,155,0,0,0,0.0
Coffee_room_01_video_11,data/keypoints_le2i/Coffee_room_01_video_11.npz,136,160,0,0,0,0.0
Coffee_room_01_video_11,data/keypoints_le2i/Coffee_room_01_video_11.npz,141,165,0,0,0,0.0
Coffee_room_01_video_11,data/keypoints_le2i/Coffee_room_01_video_11.npz,146,170,0,0,0,0.0
Coffee_room_01_video_11,data/keypoints_le2i/Coffee_room_01_video_11.npz,151,175,0,0,0,0.0
Coffee_room_01_video_11,data/keypoints_le2i/Coffee_room_01_video_11.npz,156,180,0,0,0,0.0
Coffee_room_01_video_11,data/keypoints_le2i/Coffee_room_01_video_11.npz,161,185,0,0,0,1e-45
Coffee_room_01_video_11,data/keypoints_le2i/Coffee_room_01_video_11.npz,166,190,0,0,0,1.96e-43
Coffee_room_01_video_11,data/keypoints_le2i/Coffee_room_01_video_11.npz,171,195,0,0,0,6.28e-42
Coffee_room_01_video_11,data/keypoints_le2i/Coffee_room_01_video_11.npz,176,200,0,0,0,1.5248432e-35
Coffee_room_01_video_11,data/keypoints_le2i/Coffee_room_01_video_11.npz,181,205,0,0,0,3.0634266e-29
Coffee_room_01_video_11,data/keypoints_le2i/Coffee_room_01_video_11.npz,186,210,0,0,0,5.6873543e-26
Coffee_room_01_video_11,data/keypoints_le2i/Coffee_room_01_video_11.npz,191,215,0,0,0,1.8492148e-23
Coffee_room_01_video_11,data/keypoints_le2i/Coffee_room_01_video_11.npz,196,220,0,0,0,2.25535e-22
Coffee_room_01_video_11,data/keypoints_le2i/Coffee_room_01_video_11.npz,201,225,0,0,0,1.8701156e-21
Coffee_room_01_video_11,data/keypoints_le2i/Coffee_room_01_video_11.npz,206,230,0,0,0,1.989037e-19
Coffee_room_01_video_11,data/keypoints_le2i/Coffee_room_01_video_11.npz,211,235,0,0,0,1.7109662e-18
Coffee_room_01_video_11,data/keypoints_le2i/Coffee_room_01_video_11.npz,216,240,0,0,0,2.5658694e-18
Coffee_room_01_video_11,data/keypoints_le2i/Coffee_room_01_video_11.npz,221,245,0,0,0,5.743763e-17
Coffee_room_01_video_11,data/keypoints_le2i/Coffee_room_01_video_11.npz,226,250,0,0,0,7.25978e-15
Coffee_room_01_video_11,data/keypoints_le2i/Coffee_room_01_video_11.npz,231,255,0,0,0,8.376352e-14
Coffee_room_01_video_11,data/keypoints_le2i/Coffee_room_01_video_11.npz,236,260,0,0,0,8.5686194e-13
Coffee_room_01_video_11,data/keypoints_le2i/Coffee_room_01_video_11.npz,241,265,0,0,0,5.771641e-11
Coffee_room_01_video_11,data/keypoints_le2i/Coffee_room_01_video_11.npz,246,270,0,0,0,8.113671e-10
Coffee_room_01_video_11,data/keypoints_le2i/Coffee_room_01_video_11.npz,251,275,0,0,0,5.742559e-09
Coffee_room_01_video_11,data/keypoints_le2i/Coffee_room_01_video_11.npz,256,280,0,0,0,1.0662299e-07
Coffee_room_01_video_11,data/keypoints_le2i/Coffee_room_01_video_11.npz,261,285,0,0,0,2.618273e-06
Coffee_room_01_video_11,data/keypoints_le2i/Coffee_room_01_video_11.npz,266,290,0,0,0,3.137273e-06
Coffee_room_01_video_11,data/keypoints_le2i/Coffee_room_01_video_11.npz,271,295,0,0,0,3.762105e-05
Coffee_room_01_video_11,data/keypoints_le2i/Coffee_room_01_video_11.npz,276,300,0,0,0,2.0886122e-07
Coffee_room_01_video_11,data/keypoints_le2i/Coffee_room_01_video_11.npz,281,305,0,0,0,1.3378744e-08
Coffee_room_01_video_11,data/keypoints_le2i/Coffee_room_01_video_11.npz,286,310,0,0,0,1.2216951e-07
Coffee_room_01_video_11,data/keypoints_le2i/Coffee_room_01_video_11.npz,291,315,0,0,0,3.1720276e-08
Coffee_room_01_video_11,data/keypoints_le2i/Coffee_room_01_video_11.npz,296,320,0,0,0,4.3354e-08
Coffee_room_01_video_11,data/keypoints_le2i/Coffee_room_01_video_11.npz,301,325,0,0,0,1.563285e-10
Coffee_room_01_video_11,data/keypoints_le2i/Coffee_room_01_video_11.npz,306,330,0,0,0,1.521345e-13
Coffee_room_01_video_11,data/keypoints_le2i/Coffee_room_01_video_11.npz,311,335,0,0,0,1.4498753e-18
Coffee_room_01_video_11,data/keypoints_le2i/Coffee_room_01_video_11.npz,316,340,0,0,0,2.2082797e-22
Coffee_room_01_video_11,data/keypoints_le2i/Coffee_room_01_video_11.npz,321,345,0,0,0,1.2915153e-25
Coffee_room_01_video_11,data/keypoints_le2i/Coffee_room_01_video_11.npz,326,350,0,0,0,5.903107e-29
Coffee_room_01_video_11,data/keypoints_le2i/Coffee_room_01_video_11.npz,331,355,0,0,0,7.740392e-36
Coffee_room_01_video_11,data/keypoints_le2i/Coffee_room_01_video_11.npz,336,360,0,0,0,3.0983e-41
Coffee_room_01_video_11,data/keypoints_le2i/Coffee_room_01_video_11.npz,341,365,0,0,0,2.87e-43
Coffee_room_01_video_11,data/keypoints_le2i/Coffee_room_01_video_11.npz,346,370,0,0,0,1.85e-43
Coffee_room_01_video_11,data/keypoints_le2i/Coffee_room_01_video_11.npz,351,375,0,0,0,1.1518051e-38
Coffee_room_01_video_11,data/keypoints_le2i/Coffee_room_01_video_11.npz,356,380,0,0,0,2.9816995e-18
Coffee_room_01_video_11,data/keypoints_le2i/Coffee_room_01_video_11.npz,361,385,0,0,0,0.22378258
Coffee_room_01_video_11,data/keypoints_le2i/Coffee_room_01_video_11.npz,366,390,1,1,1,0.9996555
Coffee_room_01_video_11,data/keypoints_le2i/Coffee_room_01_video_11.npz,371,395,1,1,1,0.9999907
Coffee_room_01_video_11,data/keypoints_le2i/Coffee_room_01_video_11.npz,376,400,1,1,1,0.9999714
Coffee_room_01_video_11,data/keypoints_le2i/Coffee_room_01_video_11.npz,381,405,1,1,1,0.9963677
Coffee_room_01_video_11,data/keypoints_le2i/Coffee_room_01_video_11.npz,386,410,1,1,1,0.94936866
Coffee_room_01_video_11,data/keypoints_le2i/Coffee_room_01_video_11.npz,391,415,1,1,0,0.0001883652
Coffee_room_01_video_11,data/keypoints_le2i/Coffee_room_01_video_11.npz,396,420,0,0,0,2.5536502e-07
Coffee_room_01_video_11,data/keypoints_le2i/Coffee_room_01_video_11.npz,401,425,0,0,0,2.0966168e-07
Coffee_room_01_video_11,data/keypoints_le2i/Coffee_room_01_video_11.npz,406,430,0,0,0,2.3933316e-07
Coffee_room_01_video_11,data/keypoints_le2i/Coffee_room_01_video_11.npz,411,435,0,0,0,2.469794e-07
Coffee_room_01_video_11,data/keypoints_le2i/Coffee_room_01_video_11.npz,416,440,0,0,0,2.5197724e-07
Coffee_room_01_video_11,data/keypoints_le2i/Coffee_room_01_video_11.npz,421,445,0,0,0,2.4019107e-07
Coffee_room_01_video_11,data/keypoints_le2i/Coffee_room_01_video_11.npz,426,450,0,0,0,2.384565e-07
Coffee_room_01_video_11,data/keypoints_le2i/Coffee_room_01_video_11.npz,431,455,0,0,0,2.4125583e-07
Coffee_room_01_video_11,data/keypoints_le2i/Coffee_room_01_video_11.npz,436,460,0,0,0,2.3838555e-07
Coffee_room_01_video_11,data/keypoints_le2i/Coffee_room_01_video_11.npz,441,465,0,0,0,2.3337091e-07
Coffee_room_01_video_11,data/keypoints_le2i/Coffee_room_01_video_11.npz,446,470,0,0,0,2.2324564e-07
Coffee_room_01_video_11,data/keypoints_le2i/Coffee_room_01_video_11.npz,451,475,0,0,0,2.2649432e-07
Coffee_room_01_video_11,data/keypoints_le2i/Coffee_room_01_video_11.npz,456,480,0,0,0,2.3515753e-07
Coffee_room_01_video_16,data/keypoints_le2i/Coffee_room_01_video_16.npz,1,25,0,0,0,0.0
Coffee_room_01_video_16,data/keypoints_le2i/Coffee_room_01_video_16.npz,6,30,0,0,0,0.0
Coffee_room_01_video_16,data/keypoints_le2i/Coffee_room_01_video_16.npz,11,35,0,0,0,0.0
Coffee_room_01_video_16,data/keypoints_le2i/Coffee_room_01_video_16.npz,16,40,0,0,0,0.0
Coffee_room_01_video_16,data/keypoints_le2i/Coffee_room_01_video_16.npz,21,45,0,0,0,0.0
Coffee_room_01_video_16,data/keypoints_le2i/Coffee_room_01_video_16.npz,26,50,0,0,0,1.82e-43
Coffee_room_01_video_16,data/keypoints_le2i/Coffee_room_01_video_16.npz,31,55,0,0,0,4.8010672e-11
Coffee_room_01_video_16,data/keypoints_le2i/Coffee_room_01_video_16.npz,36,60,1,1,1,0.98835224
Coffee_room_01_video_16,data/keypoints_le2i/Coffee_room_01_video_16.npz,41,65,1,1,1,0.99970835
Coffee_room_01_video_16,data/keypoints_le2i/Coffee_room_01_video_16.npz,46,70,1,1,1,0.99724364
Coffee_room_01_video_16,data/keypoints_le2i/Coffee_room_01_video_16.npz,51,75,1,1,1,0.8072923
Coffee_room_01_video_16,data/keypoints_le2i/Coffee_room_01_video_16.npz,56,80,0,0,0,0.044991247
Coffee_room_01_video_16,data/keypoints_le2i/Coffee_room_01_video_16.npz,61,85,0,0,0,0.009675564
Coffee_room_01_video_16,data/keypoints_le2i/Coffee_room_01_video_16.npz,66,90,0,0,0,0.076957494
Coffee_room_01_video_16,data/keypoints_le2i/Coffee_room_01_video_16.npz,71,95,0,0,0,0.0699507
Coffee_room_01_video_16,data/keypoints_le2i/Coffee_room_01_video_16.npz,96,120,0,0,0,4.531414e-06
Coffee_room_01_video_16,data/keypoints_le2i/Coffee_room_01_video_16.npz,101,125,0,0,0,4.531414e-06
Coffee_room_01_video_16,data/keypoints_le2i/Coffee_room_01_video_16.npz,106,130,0,0,0,4.531414e-06
Coffee_room_01_video_16,data/keypoints_le2i/Coffee_room_01_video_16.npz,111,135,0,0,0,4.531414e-06
Coffee_room_01_video_16,data/keypoints_le2i/Coffee_room_01_video_16.npz,116,140,0,0,0,4.531414e-06
Coffee_room_01_video_16,data/keypoints_le2i/Coffee_room_01_video_16.npz,136,160,0,0,0,0.074262716
Coffee_room_01_video_16,data/keypoints_le2i/Coffee_room_01_video_16.npz,141,165,0,0,0,0.07551628
Coffee_room_01_video_16,data/keypoints_le2i/Coffee_room_01_video_16.npz,146,170,0,0,0,0.07604858
Coffee_room_01_video_16,data/keypoints_le2i/Coffee_room_01_video_16.npz,151,175,0,0,0,0.07557796
Coffee_room_01_video_20,data/keypoints_le2i/Coffee_room_01_video_20.npz,1,25,0,0,0,0.0
Coffee_room_01_video_20,data/keypoints_le2i/Coffee_room_01_video_20.npz,6,30,0,0,0,0.0
Coffee_room_01_video_20,data/keypoints_le2i/Coffee_room_01_video_20.npz,11,35,0,0,0,0.0
Coffee_room_01_video_20,data/keypoints_le2i/Coffee_room_01_video_20.npz,16,40,0,0,0,0.0
Coffee_room_01_video_20,data/keypoints_le2i/Coffee_room_01_video_20.npz,21,45,0,0,0,0.0
Coffee_room_01_video_20,data/keypoints_le2i/Coffee_room_01_video_20.npz,26,50,0,0,0,0.0
Coffee_room_01_video_20,data/keypoints_le2i/Coffee_room_01_video_20.npz,31,55,0,0,0,0.0
Coffee_room_01_video_20,data/keypoints_le2i/Coffee_room_01_video_20.npz,36,60,0,0,0,0.0
Coffee_room_01_video_20,data/keypoints_le2i/Coffee_room_01_video_20.npz,41,65,0,0,0,0.0
Coffee_room_01_video_20,data/keypoints_le2i/Coffee_room_01_video_20.npz,46,70,0,0,0,0.0
Coffee_room_01_video_20,data/keypoints_le2i/Coffee_room_01_video_20.npz,51,75,0,0,0,0.0
Coffee_room_01_video_20,data/keypoints_le2i/Coffee_room_01_video_20.npz,56,80,0,0,0,1.23e-43
Coffee_room_01_video_20,data/keypoints_le2i/Coffee_room_01_video_20.npz,61,85,0,0,0,9.5e-44
Coffee_room_01_video_20,data/keypoints_le2i/Coffee_room_01_video_20.npz,66,90,0,0,0,0.0
Coffee_room_01_video_20,data/keypoints_le2i/Coffee_room_01_video_20.npz,71,95,0,0,0,0.0
Coffee_room_01_video_20,data/keypoints_le2i/Coffee_room_01_video_20.npz,76,100,0,0,0,0.0
Coffee_room_01_video_20,data/keypoints_le2i/Coffee_room_01_video_20.npz,81,105,0,0,0,0.0
Coffee_room_01_video_20,data/keypoints_le2i/Coffee_room_01_video_20.npz,86,110,0,0,0,0.0
Coffee_room_01_video_20,data/keypoints_le2i/Coffee_room_01_video_20.npz,91,115,0,0,0,0.0
Coffee_room_01_video_20,data/keypoints_le2i/Coffee_room_01_video_20.npz,96,120,0,0,0,0.0
Coffee_room_01_video_20,data/keypoints_le2i/Coffee_room_01_video_20.npz,101,125,0,0,0,0.0
Coffee_room_01_video_20,data/keypoints_le2i/Coffee_room_01_video_20.npz,106,130,0,0,0,0.0
Coffee_room_01_video_20,data/keypoints_le2i/Coffee_room_01_video_20.npz,111,135,0,0,0,0.0
Coffee_room_01_video_20,data/keypoints_le2i/Coffee_room_01_video_20.npz,116,140,0,0,0,0.0
Coffee_room_01_video_20,data/keypoints_le2i/Coffee_room_01_video_20.npz,121,145,0,0,0,0.0
Coffee_room_01_video_20,data/keypoints_le2i/Coffee_room_01_video_20.npz,126,150,0,0,0,0.0
Coffee_room_01_video_20,data/keypoints_le2i/Coffee_room_01_video_20.npz,131,155,0,0,0,0.0
Coffee_room_01_video_20,data/keypoints_le2i/Coffee_room_01_video_20.npz,136,160,0,0,0,0.0
Coffee_room_01_video_20,data/keypoints_le2i/Coffee_room_01_video_20.npz,141,165,0,0,0,0.0
Coffee_room_01_video_20,data/keypoints_le2i/Coffee_room_01_video_20.npz,146,170,0,0,0,0.0
Coffee_room_01_video_20,data/keypoints_le2i/Coffee_room_01_video_20.npz,151,175,0,0,0,0.0
Coffee_room_01_video_20,data/keypoints_le2i/Coffee_room_01_video_20.npz,156,180,0,0,0,0.0
Coffee_room_01_video_20,data/keypoints_le2i/Coffee_room_01_video_20.npz,161,185,0,0,0,0.0
Coffee_room_01_video_20,data/keypoints_le2i/Coffee_room_01_video_20.npz,166,190,0,0,0,0.0
Coffee_room_01_video_20,data/keypoints_le2i/Coffee_room_01_video_20.npz,171,195,0,0,0,0.0
Coffee_room_01_video_20,data/keypoints_le2i/Coffee_room_01_video_20.npz,176,200,0,0,0,0.0
Coffee_room_01_video_20,data/keypoints_le2i/Coffee_room_01_video_20.npz,181,205,0,0,0,0.0
Coffee_room_01_video_20,data/keypoints_le2i/Coffee_room_01_video_20.npz,186,210,0,0,0,0.0
Coffee_room_01_video_20,data/keypoints_le2i/Coffee_room_01_video_20.npz,191,215,0,0,0,0.0
Coffee_room_01_video_20,data/keypoints_le2i/Coffee_room_01_video_20.npz,196,220,0,0,0,0.0
Coffee_room_01_video_20,data/keypoints_le2i/Coffee_room_01_video_20.npz,201,225,0,0,0,0.0
Coffee_room_01_video_20,data/keypoints_le2i/Coffee_room_01_video_20.npz,206,230,0,0,0,0.0
Coffee_room_01_video_20,data/keypoints_le2i/Coffee_room_01_video_20.npz,211,235,0,0,0,1.72e-43
Coffee_room_01_video_20,data/keypoints_le2i/Coffee_room_01_video_20.npz,216,240,0,0,0,1.261564e-39
Coffee_room_01_video_20,data/keypoints_le2i/Coffee_room_01_video_20.npz,221,245,0,0,0,1.7493202e-37
Coffee_room_01_video_20,data/keypoints_le2i/Coffee_room_01_video_20.npz,226,250,0,0,0,6.386819e-38
Coffee_room_01_video_20,data/keypoints_le2i/Coffee_room_01_video_20.npz,231,255,0,0,0,9.75382e-40
Coffee_room_01_video_20,data/keypoints_le2i/Coffee_room_01_video_20.npz,236,260,0,0,0,2.783e-42
Coffee_room_01_video_20,data/keypoints_le2i/Coffee_room_01_video_20.npz,241,265,0,0,0,3e-45
Coffee_room_01_video_20,data/keypoints_le2i/Coffee_room_01_video_20.npz,246,270,0,0,0,0.0
Coffee_room_01_video_20,data/keypoints_le2i/Coffee_room_01_video_20.npz,251,275,0,0,0,0.0
Coffee_room_01_video_20,data/keypoints_le2i/Coffee_room_01_video_20.npz,256,280,0,0,0,0.0
Coffee_room_01_video_20,data/keypoints_le2i/Coffee_room_01_video_20.npz,261,285,0,0,0,0.0
Coffee_room_01_video_20,data/keypoints_le2i/Coffee_room_01_video_20.npz,266,290,0,0,0,0.0
Coffee_room_01_video_20,data/keypoints_le2i/Coffee_room_01_video_20.npz,271,295,0,0,0,0.0
Coffee_room_01_video_20,data/keypoints_le2i/Coffee_room_01_video_20.npz,276,300,0,0,0,0.0
Coffee_room_01_video_20,data/keypoints_le2i/Coffee_room_01_video_20.npz,281,305,0,0,0,0.0
Coffee_room_01_video_20,data/keypoints_le2i/Coffee_room_01_video_20.npz,286,310,0,0,0,0.0
Coffee_room_01_video_20,data/keypoints_le2i/Coffee_room_01_video_20.npz,291,315,0,0,0,0.0
Coffee_room_01_video_20,data/keypoints_le2i/Coffee_room_01_video_20.npz,296,320,0,0,0,0.0
Coffee_room_01_video_20,data/keypoints_le2i/Coffee_room_01_video_20.npz,301,325,0,0,0,0.0
Coffee_room_01_video_20,data/keypoints_le2i/Coffee_room_01_video_20.npz,306,330,0,0,0,1.2371835e-37
Coffee_room_01_video_20,data/keypoints_le2i/Coffee_room_01_video_20.npz,311,335,0,0,0,6.314781e-20
Coffee_room_01_video_20,data/keypoints_le2i/Coffee_room_01_video_20.npz,316,340,0,0,0,0.024586516
Coffee_room_01_video_20,data/keypoints_le2i/Coffee_room_01_video_20.npz,321,345,1,1,1,0.99851936
Coffee_room_01_video_20,data/keypoints_le2i/Coffee_room_01_video_20.npz,326,350,1,1,1,0.9999707
Coffee_room_01_video_20,data/keypoints_le2i/Coffee_room_01_video_20.npz,331,355,1,1,1,0.9993268
Coffee_room_01_video_20,data/keypoints_le2i/Coffee_room_01_video_20.npz,336,360,1,1,1,0.9858965
Coffee_room_01_video_20,data/keypoints_le2i/Coffee_room_01_video_20.npz,341,365,1,1,1,0.8951762
Coffee_room_01_video_20,data/keypoints_le2i/Coffee_room_01_video_20.npz,346,370,1,1,1,0.8088934
Coffee_room_01_video_20,data/keypoints_le2i/Coffee_room_01_video_20.npz,351,375,1,1,1,0.66744345
Coffee_room_01_video_20,data/keypoints_le2i/Coffee_room_01_video_20.npz,356,380,1,1,0,0.35811886
Coffee_room_01_video_20,data/keypoints_le2i/Coffee_room_01_video_20.npz,361,385,1,1,0,0.17539679
Coffee_room_01_video_20,data/keypoints_le2i/Coffee_room_01_video_20.npz,366,390,0,0,0,0.19708405
Coffee_room_01_video_20,data/keypoints_le2i/Coffee_room_01_video_20.npz,371,395,0,0,0,2.2731001e-05
Coffee_room_01_video_20,data/keypoints_le2i/Coffee_room_01_video_20.npz,376,400,0,0,0,2.591732e-10
Coffee_room_01_video_20,data/keypoints_le2i/Coffee_room_01_video_20.npz,381,405,0,0,0,2.93338e-10
Coffee_room_01_video_20,data/keypoints_le2i/Coffee_room_01_video_20.npz,386,410,0,0,0,3.0762323e-10
Coffee_room_01_video_20,data/keypoints_le2i/Coffee_room_01_video_20.npz,391,415,0,0,0,3.173858e-10
Coffee_room_01_video_20,data/keypoints_le2i/Coffee_room_01_video_20.npz,396,420,0,0,0,3.1520433e-10
Coffee_room_01_video_20,data/keypoints_le2i/Coffee_room_01_video_20.npz,401,425,0,0,0,3.0575836e-10
Coffee_room_01_video_20,data/keypoints_le2i/Coffee_room_01_video_20.npz,406,430,0,0,0,2.9296057e-10
Coffee_room_01_video_20,data/keypoints_le2i/Coffee_room_01_video_20.npz,411,435,0,0,0,2.9588973e-10
Coffee_room_01_video_20,data/keypoints_le2i/Coffee_room_01_video_20.npz,416,440,0,0,0,3.0162953e-10
Coffee_room_01_video_22,data/keypoints_le2i/Coffee_room_01_video_22.npz,1,25,0,0,0,1.6523874e-13
Coffee_room_01_video_22,data/keypoints_le2i/Coffee_room_01_video_22.npz,6,30,0,0,0,1.01792876e-13
Coffee_room_01_video_22,data/keypoints_le2i/Coffee_room_01_video_22.npz,11,35,0,0,0,1.1959911e-13
Coffee_room_01_video_22,data/keypoints_le2i/Coffee_room_01_video_22.npz,16,40,0,0,0,2.1466603e-13
Coffee_room_01_video_22,data/keypoints_le2i/Coffee_room_01_video_22.npz,21,45,0,0,0,2.1742192e-13
Coffee_room_01_video_22,data/keypoints_le2i/Coffee_room_01_video_22.npz,26,50,0,0,0,9.621796e-14
Coffee_room_01_video_22,data/keypoints_le2i/Coffee_room_01_video_22.npz,31,55,0,0,0,2.774753e-14
Coffee_room_01_video_22,data/keypoints_le2i/Coffee_room_01_video_22.npz,36,60,0,0,0,1.8222628e-14
Coffee_room_01_video_22,data/keypoints_le2i/Coffee_room_01_video_22.npz,41,65,0,0,0,5.787841e-13
Coffee_room_01_video_22,data/keypoints_le2i/Coffee_room_01_video_22.npz,46,70,0,0,0,1.6387391e-11
Coffee_room_01_video_22,data/keypoints_le2i/Coffee_room_01_video_22.npz,51,75,0,0,0,1.9024577e-11
Coffee_room_01_video_22,data/keypoints_le2i/Coffee_room_01_video_22.npz,56,80,0,0,0,1.9738993e-13
Coffee_room_01_video_22,data/keypoints_le2i/Coffee_room_01_video_22.npz,61,85,0,0,0,2.701018e-24
Coffee_room_01_video_22,data/keypoints_le2i/Coffee_room_01_video_22.npz,66,90,0,0,0,1.6328712e-25
Coffee_room_01_video_22,data/keypoints_le2i/Coffee_room_01_video_22.npz,71,95,0,0,0,1.2035118e-26
Coffee_room_01_video_22,data/keypoints_le2i/Coffee_room_01_video_22.npz,76,100,0,0,0,2.03797e-26
Coffee_room_01_video_22,data/keypoints_le2i/Coffee_room_01_video_22.npz,81,105,0,0,0,1.0113189e-26
Coffee_room_01_video_22,data/keypoints_le2i/Coffee_room_01_video_22.npz,86,110,0,0,0,9.492556e-29
Coffee_room_01_video_22,data/keypoints_le2i/Coffee_room_01_video_22.npz,91,115,0,0,0,6.35266e-29
Coffee_room_01_video_22,data/keypoints_le2i/Coffee_room_01_video_22.npz,96,120,0,0,0,5.2192655e-27
Coffee_room_01_video_22,data/keypoints_le2i/Coffee_room_01_video_22.npz,101,125,0,0,0,2.0116269e-23
Coffee_room_01_video_22,data/keypoints_le2i/Coffee_room_01_video_22.npz,106,130,0,0,0,1.1767883e-14
Coffee_room_01_video_22,data/keypoints_le2i/Coffee_room_01_video_22.npz,111,135,0,0,0,0.0008017574
Coffee_room_01_video_22,data/keypoints_le2i/Coffee_room_01_video_22.npz,116,140,1,1,1,0.9987269
Coffee_room_01_video_22,data/keypoints_le2i/Coffee_room_01_video_22.npz,121,145,1,1,1,0.9999993
Coffee_room_01_video_22,data/keypoints_le2i/Coffee_room_01_video_22.npz,126,150,1,1,1,0.9999993
Coffee_room_01_video_22,data/keypoints_le2i/Coffee_room_01_video_22.npz,131,155,0,0,1,0.9996879
Coffee_room_01_video_22,data/keypoints_le2i/Coffee_room_01_video_22.npz,136,160,0,0,1,0.6386709
Coffee_room_01_video_22,data/keypoints_le2i/Coffee_room_01_video_22.npz,141,165,0,0,0,0.25876144
Coffee_room_01_video_22,data/keypoints_le2i/Coffee_room_01_video_22.npz,146,170,0,0,0,0.24928784
Coffee_room_01_video_22,data/keypoints_le2i/Coffee_room_01_video_22.npz,151,175,0,0,0,0.10004731
Coffee_room_01_video_22,data/keypoints_le2i/Coffee_room_01_video_22.npz,156,180,0,0,0,0.030177701
Coffee_room_01_video_22,data/keypoints_le2i/Coffee_room_01_video_22.npz,161,185,0,0,0,0.16341062
Coffee_room_01_video_22,data/keypoints_le2i/Coffee_room_01_video_22.npz,166,190,0,0,0,0.16112234
Coffee_room_01_video_22,data/keypoints_le2i/Coffee_room_01_video_22.npz,171,195,0,0,0,0.16369951
Coffee_room_01_video_22,data/keypoints_le2i/Coffee_room_01_video_22.npz,176,200,0,0,0,0.16522405
Coffee_room_01_video_22,data/keypoints_le2i/Coffee_room_01_video_22.npz,181,205,0,0,0,0.16751817
Coffee_room_01_video_22,data/keypoints_le2i/Coffee_room_01_video_22.npz,186,210,0,0,0,0.17028372
Coffee_room_01_video_22,data/keypoints_le2i/Coffee_room_01_video_22.npz,191,215,0,0,0,0.17339486
Coffee_room_01_video_22,data/keypoints_le2i/Coffee_room_01_video_22.npz,196,220,0,0,0,0.16712001
Coffee_room_01_video_22,data/keypoints_le2i/Coffee_room_01_video_22.npz,201,225,0,0,0,0.16721424
Coffee_room_01_video_27,data/keypoints_le2i/Coffee_room_01_video_27.npz,1,25,0,0,0,3.8738953e-13
Coffee_room_01_video_27,data/keypoints_le2i/Coffee_room_01_video_27.npz,6,30,0,0,0,3.7073987e-13
Coffee_room_01_video_27,data/keypoints_le2i/Coffee_room_01_video_27.npz,11,35,0,0,0,1.1555458e-12
Coffee_room_01_video_27,data/keypoints_le2i/Coffee_room_01_video_27.npz,16,40,0,0,0,2.2721598e-10
Coffee_room_01_video_27,data/keypoints_le2i/Coffee_room_01_video_27.npz,21,45,0,0,0,2.414042e-10
Coffee_room_01_video_27,data/keypoints_le2i/Coffee_room_01_video_27.npz,26,50,0,0,0,2.6727447e-09
Coffee_room_01_video_27,data/keypoints_le2i/Coffee_room_01_video_27.npz,31,55,0,0,0,3.015769e-06
Coffee_room_01_video_27,data/keypoints_le2i/Coffee_room_01_video_27.npz,36,60,0,0,0,7.180973e-06
Coffee_room_01_video_27,data/keypoints_le2i/Coffee_room_01_video_27.npz,41,65,0,0,0,4.8459147e-05
Coffee_room_01_video_27,data/keypoints_le2i/Coffee_room_01_video_27.npz,46,70,0,0,0,0.0002763823
Coffee_room_01_video_27,data/keypoints_le2i/Coffee_room_01_video_27.npz,51,75,0,0,0,4.729554e-05
Coffee_room_01_video_27,data/keypoints_le2i/Coffee_room_01_video_27.npz,56,80,0,0,0,1.1051699e-14
Coffee_room_01_video_27,data/keypoints_le2i/Coffee_room_01_video_27.npz,61,85,0,0,0,3.6363873e-19
Coffee_room_01_video_27,data/keypoints_le2i/Coffee_room_01_video_27.npz,66,90,0,0,0,3.1828473e-22
Coffee_room_01_video_27,data/keypoints_le2i/Coffee_room_01_video_27.npz,71,95,0,0,0,2.2044886e-25
Coffee_room_01_video_27,data/keypoints_le2i/Coffee_room_01_video_27.npz,76,100,0,0,0,8.94999e-26
Coffee_room_01_video_27,data/keypoints_le2i/Coffee_room_01_video_27.npz,81,105,0,0,0,7.849581e-28
Coffee_room_01_video_27,data/keypoints_le2i/Coffee_room_01_video_27.npz,86,110,0,0,0,2.4932586e-28
Coffee_room_01_video_27,data/keypoints_le2i/Coffee_room_01_video_27.npz,91,115,0,0,0,1.04084e-29
Coffee_room_01_video_27,data/keypoints_le2i/Coffee_room_01_video_27.npz,96,120,0,0,0,1.9030392e-29
Coffee_room_01_video_27,data/keypoints_le2i/Coffee_room_01_video_27.npz,101,125,0,0,0,1.4579558e-26
Coffee_room_01_video_27,data/keypoints_le2i/Coffee_room_01_video_27.npz,106,130,0,0,0,2.1526282e-22
Coffee_room_01_video_27,data/keypoints_le2i/Coffee_room_01_video_27.npz,111,135,0,0,0,1.895833e-18
Coffee_room_01_video_27,data/keypoints_le2i/Coffee_room_01_video_27.npz,116,140,0,0,0,5.5515065e-15
Coffee_room_01_video_27,data/keypoints_le2i/Coffee_room_01_video_27.npz,121,145,0,0,0,7.4820514e-14
Coffee_room_01_video_27,data/keypoints_le2i/Coffee_room_01_video_27.npz,126,150,0,0,0,5.4571268e-11
Coffee_room_01_video_27,data/keypoints_le2i/Coffee_room_01_video_27.npz,131,155,0,0,0,3.576284e-07
Coffee_room_01_video_27,data/keypoints_le2i/Coffee_room_01_video_27.npz,136,160,0,0,0,0.0064910487
Coffee_room_01_video_27,data/keypoints_le2i/Coffee_room_01_video_27.npz,141,165,0,0,1,0.9565518
Coffee_room_01_video_27,data/keypoints_le2i/Coffee_room_01_video_27.npz,146,170,0,0,1,0.9936149
Coffee_room_01_video_27,data/keypoints_le2i/Coffee_room_01_video_27.npz,151,175,1,1,1,0.99546
Coffee_room_01_video_27,data/keypoints_le2i/Coffee_room_01_video_27.npz,156,180,1,1,1,0.98711514
Coffee_room_01_video_27,data/keypoints_le2i/Coffee_room_01_video_27.npz,161,185,1,1,1,0.78475976
Coffee_room_01_video_27,data/keypoints_le2i/Coffee_room_01_video_27.npz,166,190,1,1,0,0.03585546
Coffee_room_01_video_27,data/keypoints_le2i/Coffee_room_01_video_27.npz,171,195,1,1,0,0.03590223
Coffee_room_01_video_27,data/keypoints_le2i/Coffee_room_01_video_27.npz,176,200,1,1,0,0.1958174
Coffee_room_01_video_27,data/keypoints_le2i/Coffee_room_01_video_27.npz,181,205,1,1,0,0.21431889
Coffee_room_01_video_27,data/keypoints_le2i/Coffee_room_01_video_27.npz,186,210,0,0,0,0.13785312
Coffee_room_01_video_27,data/keypoints_le2i/Coffee_room_01_video_27.npz,191,215,0,0,0,0.07901325
Coffee_room_01_video_27,data/keypoints_le2i/Coffee_room_01_video_27.npz,196,220,0,0,0,0.0648909
Coffee_room_01_video_27,data/keypoints_le2i/Coffee_room_01_video_27.npz,201,225,0,0,0,0.06764423
Coffee_room_01_video_27,data/keypoints_le2i/Coffee_room_01_video_27.npz,206,230,0,0,0,0.068831936
Coffee_room_01_video_27,data/keypoints_le2i/Coffee_room_01_video_27.npz,211,235,0,0,0,0.06867046
Coffee_room_01_video_27,data/keypoints_le2i/Coffee_room_01_video_27.npz,216,240,0,0,0,0.068498746
Coffee_room_01_video_27,data/keypoints_le2i/Coffee_room_01_video_27.npz,221,245,0,0,0,0.06832343
Coffee_room_01_video_27,data/keypoints_le2i/Coffee_room_01_video_27.npz,226,250,0,0,0,0.070340745
Coffee_room_01_video_3,data/keypoints_le2i/Coffee_room_01_video_3.npz,1,25,0,0,0,2.2438852e-22
Coffee_room_01_video_3,data/keypoints_le2i/Coffee_room_01_video_3.npz,6,30,0,0,0,4.489388e-23
Coffee_room_01_video_3,data/keypoints_le2i/Coffee_room_01_video_3.npz,11,35,0,0,0,5.628696e-24
Coffee_room_01_video_3,data/keypoints_le2i/Coffee_room_01_video_3.npz,16,40,0,0,0,5.891315e-23
Coffee_room_01_video_3,data/keypoints_le2i/Coffee_room_01_video_3.npz,21,45,0,0,0,4.589958e-18
Coffee_room_01_video_3,data/keypoints_le2i/Coffee_room_01_video_3.npz,26,50,0,0,0,5.2353423e-14
Coffee_room_01_video_3,data/keypoints_le2i/Coffee_room_01_video_3.npz,31,55,0,0,0,8.834565e-13
Coffee_room_01_video_3,data/keypoints_le2i/Coffee_room_01_video_3.npz,36,60,0,0,0,6.7223193e-12
Coffee_room_01_video_3,data/keypoints_le2i/Coffee_room_01_video_3.npz,41,65,0,0,0,4.436788e-12
Coffee_room_01_video_3,data/keypoints_le2i/Coffee_room_01_video_3.npz,46,70,0,0,0,2.22739e-12
Coffee_room_01_video_3,data/keypoints_le2i/Coffee_room_01_video_3.npz,51,75,0,0,0,6.5650822e-12
Coffee_room_01_video_3,data/keypoints_le2i/Coffee_room_01_video_3.npz,56,80,0,0,0,2.6335579e-12
Coffee_room_01_video_3,data/keypoints_le2i/Coffee_room_01_video_3.npz,61,85,0,0,0,1.5473015e-14
Coffee_room_01_video_3,data/keypoints_le2i/Coffee_room_01_video_3.npz,66,90,0,0,0,4.3916825e-17
Coffee_room_01_video_3,data/keypoints_le2i/Coffee_room_01_video_3.npz,71,95,0,0,0,4.650247e-19
Coffee_room_01_video_3,data/keypoints_le2i/Coffee_room_01_video_3.npz,76,100,0,0,0,8.5956595e-21
Coffee_room_01_video_3,data/keypoints_le2i/Coffee_room_01_video_3.npz,81,105,0,0,0,1.4178482e-22
Coffee_room_01_video_3,data/keypoints_le2i/Coffee_room_01_video_3.npz,86,110,0,0,0,2.5820133e-24
Coffee_room_01_video_3,data/keypoints_le2i/Coffee_room_01_video_3.npz,91,115,0,0,0,1.0318405e-25
Coffee_room_01_video_3,data/keypoints_le2i/Coffee_room_01_video_3.npz,96,120,0,0,0,2.6155978e-26
Coffee_room_01_video_3,data/keypoints_le2i/Coffee_room_01_video_3.npz,101,125,0,0,0,1.7368095e-26
Coffee_room_01_video_3,data/keypoints_le2i/Coffee_room_01_video_3.npz,106,130,0,0,0,3.5609004e-27
Coffee_room_01_video_3,data/keypoints_le2i/Coffee_room_01_video_3.npz,111,135,0,0,0,4.3013633e-28
Coffee_room_01_video_3,data/keypoints_le2i/Coffee_room_01_video_3.npz,116,140,0,0,0,4.2938646e-31
Coffee_room_01_video_3,data/keypoints_le2i/Coffee_room_01_video_3.npz,121,145,0,0,0,1.06385545e-33
Coffee_room_01_video_3,data/keypoints_le2i/Coffee_room_01_video_3.npz,126,150,0,0,0,1.4381313e-33
Coffee_room_01_video_3,data/keypoints_le2i/Coffee_room_01_video_3.npz,131,155,0,0,0,6.351948e-32
Coffee_room_01_video_3,data/keypoints_le2i/Coffee_room_01_video_3.npz,136,160,0,0,0,3.6569272e-30
Coffee_room_01_video_3,data/keypoints_le2i/Coffee_room_01_video_3.npz,141,165,0,0,0,4.1679113e-28
Coffee_room_01_video_3,data/keypoints_le2i/Coffee_room_01_video_3.npz,146,170,0,0,0,2.985204e-26
Coffee_room_01_video_3,data/keypoints_le2i/Coffee_room_01_video_3.npz,151,175,0,0,0,6.6816864e-26
Coffee_room_01_video_3,data/keypoints_le2i/Coffee_room_01_video_3.npz,156,180,0,0,0,3.559055e-26
Coffee_room_01_video_3,data/keypoints_le2i/Coffee_room_01_video_3.npz,161,185,0,0,0,3.3387838e-26
Coffee_room_01_video_3,data/keypoints_le2i/Coffee_room_01_video_3.npz,166,190,0,0,0,1.401889e-25
Coffee_room_01_video_3,data/keypoints_le2i/Coffee_room_01_video_3.npz,171,195,0,0,0,8.650712e-24
Coffee_room_01_video_3,data/keypoints_le2i/Coffee_room_01_video_3.npz,176,200,0,0,0,7.637901e-23
Coffee_room_01_video_3,data/keypoints_le2i/Coffee_room_01_video_3.npz,181,205,0,0,0,1.4736204e-22
Coffee_room_01_video_3,data/keypoints_le2i/Coffee_room_01_video_3.npz,186,210,0,0,0,2.452562e-22
Coffee_room_01_video_3,data/keypoints_le2i/Coffee_room_01_video_3.npz,191,215,0,0,0,5.1862937e-22
Coffee_room_01_video_3,data/keypoints_le2i/Coffee_room_01_video_3.npz,196,220,0,0,0,1.0088372e-19
Coffee_room_01_video_3,data/keypoints_le2i/Coffee_room_01_video_3.npz,201,225,0,0,0,3.0909233e-18
Coffee_room_01_video_3,data/keypoints_le2i/Coffee_room_01_video_3.npz,206,230,0,0,0,4.3343862e-14
Coffee_room_01_video_3,data/keypoints_le2i/Coffee_room_01_video_3.npz,211,235,1,1,0,7.0093174e-06
Coffee_room_01_video_3,data/keypoints_le2i/Coffee_room_01_video_3.npz,216,240,1,1,1,0.9773916
Coffee_room_01_video_3,data/keypoints_le2i/Coffee_room_01_video_3.npz,221,245,1,1,1,0.9999639
Coffee_room_01_video_3,data/keypoints_le2i/Coffee_room_01_video_3.npz,226,250,1,1,1,0.9999682
Coffee_room_01_video_3,data/keypoints_le2i/Coffee_room_01_video_3.npz,231,255,1,1,1,0.99877685
Coffee_room_01_video_3,data/keypoints_le2i/Coffee_room_01_video_3.npz,236,260,1,1,1,0.9150204
Coffee_room_01_video_3,data/keypoints_le2i/Coffee_room_01_video_3.npz,241,265,1,1,1,0.73156416
Coffee_room_01_video_3,data/keypoints_le2i/Coffee_room_01_video_3.npz,246,270,1,1,0,0.37749267
Coffee_room_01_video_3,data/keypoints_le2i/Coffee_room_01_video_3.npz,251,275,0,0,0,0.12649906
Coffee_room_01_video_3,data/keypoints_le2i/Coffee_room_01_video_3.npz,256,280,0,0,0,0.067135036
Coffee_room_01_video_3,data/keypoints_le2i/Coffee_room_01_video_3.npz,261,285,0,0,0,0.06698249
Coffee_room_01_video_3,data/keypoints_le2i/Coffee_room_01_video_3.npz,266,290,0,0,0,0.054126848
Coffee_room_01_video_3,data/keypoints_le2i/Coffee_room_01_video_3.npz,271,295,0,0,0,0.064429514
Coffee_room_01_video_3,data/keypoints_le2i/Coffee_room_01_video_3.npz,276,300,0,0,0,0.06584335
Coffee_room_01_video_31,data/keypoints_le2i/Coffee_room_01_video_31.npz,1,25,0,0,0,8.688819e-11
Coffee_room_01_video_31,data/keypoints_le2i/Coffee_room_01_video_31.npz,6,30,0,0,0,4.0819206e-13
Coffee_room_01_video_31,data/keypoints_le2i/Coffee_room_01_video_31.npz,11,35,0,0,0,2.3928524e-15
Coffee_room_01_video_31,data/keypoints_le2i/Coffee_room_01_video_31.npz,16,40,0,0,0,1.0577386e-15
Coffee_room_01_video_31,data/keypoints_le2i/Coffee_room_01_video_31.npz,21,45,0,0,0,5.937284e-19
Coffee_room_01_video_31,data/keypoints_le2i/Coffee_room_01_video_31.npz,26,50,0,0,0,1.4529411e-20
Coffee_room_01_video_31,data/keypoints_le2i/Coffee_room_01_video_31.npz,31,55,0,0,0,1.5026912e-14
Coffee_room_01_video_31,data/keypoints_le2i/Coffee_room_01_video_31.npz,36,60,0,0,0,9.016266e-18
Coffee_room_01_video_31,data/keypoints_le2i/Coffee_room_01_video_31.npz,41,65,0,0,0,2.7105697e-21
Coffee_room_01_video_31,data/keypoints_le2i/Coffee_room_01_video_31.npz,46,70,0,0,0,5.8576784e-23
Coffee_room_01_video_31,data/keypoints_le2i/Coffee_room_01_video_31.npz,51,75,0,0,0,2.034277e-22
Coffee_room_01_video_31,data/keypoints_le2i/Coffee_room_01_video_31.npz,56,80,0,0,0,6.6356223e-22
Coffee_room_01_video_31,data/keypoints_le2i/Coffee_room_01_video_31.npz,61,85,0,0,0,9.669808e-23
Coffee_room_01_video_31,data/keypoints_le2i/Coffee_room_01_video_31.npz,66,90,0,0,0,1.9310668e-24
Coffee_room_01_video_31,data/keypoints_le2i/Coffee_room_01_video_31.npz,71,95,0,0,0,9.0161606e-26
Coffee_room_01_video_31,data/keypoints_le2i/Coffee_room_01_video_31.npz,76,100,0,0,0,1.562346e-25
Coffee_room_01_video_31,data/keypoints_le2i/Coffee_room_01_video_31.npz,81,105,0,0,0,3.2605982e-24
Coffee_room_01_video_31,data/keypoints_le2i/Coffee_room_01_video_31.npz,86,110,0,0,0,3.661002e-23
Coffee_room_01_video_31,data/keypoints_le2i/Coffee_room_01_video_31.npz,91,115,0,0,0,9.692187e-23
Coffee_room_01_video_31,data/keypoints_le2i/Coffee_room_01_video_31.npz,96,120,0,0,0,6.1243627e-23
Coffee_room_01_video_31,data/keypoints_le2i/Coffee_room_01_video_31.npz,101,125,0,0,0,6.847432e-23
Coffee_room_01_video_31,data/keypoints_le2i/Coffee_room_01_video_31.npz,106,130,0,0,0,3.7539442e-23
Coffee_room_01_video_31,data/keypoints_le2i/Coffee_room_01_video_31.npz,111,135,0,0,0,4.9915063e-24
Coffee_room_01_video_31,data/keypoints_le2i/Coffee_room_01_video_31.npz,116,140,0,0,0,5.5919068e-24
Coffee_room_01_video_31,data/keypoints_le2i/Coffee_room_01_video_31.npz,121,145,0,0,0,5.003939e-23
Coffee_room_01_video_31,data/keypoints_le2i/Coffee_room_01_video_31.npz,126,150,0,0,0,1.7432724e-21
Coffee_room_01_video_31,data/keypoints_le2i/Coffee_room_01_video_31.npz,131,155,0,0,0,1.8210292e-18
Coffee_room_01_video_31,data/keypoints_le2i/Coffee_room_01_video_31.npz,136,160,0,0,0,2.4400555e-12
Coffee_room_01_video_31,data/keypoints_le2i/Coffee_room_01_video_31.npz,141,165,0,0,0,0.0005146099
Coffee_room_01_video_31,data/keypoints_le2i/Coffee_room_01_video_31.npz,146,170,1,1,1,0.9819062
Coffee_room_01_video_31,data/keypoints_le2i/Coffee_room_01_video_31.npz,151,175,1,1,1,0.99961865
Coffee_room_01_video_31,data/keypoints_le2i/Coffee_room_01_video_31.npz,156,180,1,1,1,0.99989784
Coffee_room_01_video_31,data/keypoints_le2i/Coffee_room_01_video_31.npz,161,185,1,1,1,0.9992668
Coffee_room_01_video_31,data/keypoints_le2i/Coffee_room_01_video_31.npz,166,190,0,0,0,0.13374928
Coffee_room_01_video_31,data/keypoints_le2i/Coffee_room_01_video_31.npz,171,195,0,0,0,0.035644975
Coffee_room_01_video_31,data/keypoints_le2i/Coffee_room_01_video_31.npz,176,200,0,0,0,0.12637927
Coffee_room_01_video_31,data/keypoints_le2i/Coffee_room_01_video_31.npz,181,205,0,0,0,0.09794129
Coffee_room_01_video_31,data/keypoints_le2i/Coffee_room_01_video_31.npz,186,210,0,0,0,0.09082027
Coffee_room_01_video_31,data/keypoints_le2i/Coffee_room_01_video_31.npz,191,215,0,0,0,0.025111016
Coffee_room_01_video_31,data/keypoints_le2i/Coffee_room_01_video_31.npz,196,220,0,0,0,0.031414237
Coffee_room_01_video_31,data/keypoints_le2i/Coffee_room_01_video_31.npz,201,225,0,0,0,0.0059125484
Coffee_room_01_video_31,data/keypoints_le2i/Coffee_room_01_video_31.npz,206,230,0,0,0,0.0036104855
Coffee_room_01_video_31,data/keypoints_le2i/Coffee_room_01_video_31.npz,211,235,0,0,0,0.0025688512
Coffee_room_01_video_31,data/keypoints_le2i/Coffee_room_01_video_31.npz,216,240,0,0,0,0.00355175
Coffee_room_01_video_31,data/keypoints_le2i/Coffee_room_01_video_31.npz,221,245,0,0,0,0.0029573683
Coffee_room_01_video_31,data/keypoints_le2i/Coffee_room_01_video_31.npz,226,250,0,0,0,0.077281825
Coffee_room_01_video_31,data/keypoints_le2i/Coffee_room_01_video_31.npz,231,255,0,0,0,0.0923544
Coffee_room_01_video_31,data/keypoints_le2i/Coffee_room_01_video_31.npz,236,260,0,0,0,0.08387254
Coffee_room_01_video_31,data/keypoints_le2i/Coffee_room_01_video_31.npz,241,265,0,0,0,0.071554095
Coffee_room_01_video_38,data/keypoints_le2i/Coffee_room_01_video_38.npz,1,25,0,0,0,1.4890369e-13
Coffee_room_01_video_38,data/keypoints_le2i/Coffee_room_01_video_38.npz,6,30,0,0,0,1.4841203e-13
Coffee_room_01_video_38,data/keypoints_le2i/Coffee_room_01_video_38.npz,11,35,0,0,0,1.4904832e-13
Coffee_room_01_video_38,data/keypoints_le2i/Coffee_room_01_video_38.npz,16,40,0,0,0,2.7382984e-13
Coffee_room_01_video_38,data/keypoints_le2i/Coffee_room_01_video_38.npz,21,45,0,0,0,9.80828e-13
Coffee_room_01_video_38,data/keypoints_le2i/Coffee_room_01_video_38.npz,26,50,0,0,0,2.6167443e-12
Coffee_room_01_video_38,data/keypoints_le2i/Coffee_room_01_video_38.npz,31,55,0,0,0,5.109479e-12
Coffee_room_01_video_38,data/keypoints_le2i/Coffee_room_01_video_38.npz,36,60,0,0,0,4.173545e-12
Coffee_room_01_video_38,data/keypoints_le2i/Coffee_room_01_video_38.npz,41,65,0,0,0,1.6484061e-12
Coffee_room_01_video_38,data/keypoints_le2i/Coffee_room_01_video_38.npz,46,70,0,0,0,1.475414e-12
Coffee_room_01_video_38,data/keypoints_le2i/Coffee_room_01_video_38.npz,51,75,0,0,0,2.283218e-12
Coffee_room_01_video_38,data/keypoints_le2i/Coffee_room_01_video_38.npz,56,80,0,0,0,3.4485134e-12
Coffee_room_01_video_38,data/keypoints_le2i/Coffee_room_01_video_38.npz,61,85,0,0,0,3.8735577e-12
Coffee_room_01_video_38,data/keypoints_le2i/Coffee_room_01_video_38.npz,66,90,0,0,0,1.6686294e-12
Coffee_room_01_video_38,data/keypoints_le2i/Coffee_room_01_video_38.npz,71,95,0,0,0,6.239424e-13
Coffee_room_01_video_38,data/keypoints_le2i/Coffee_room_01_video_38.npz,76,100,0,0,0,3.5774617e-13
Coffee_room_01_video_38,data/keypoints_le2i/Coffee_room_01_video_38.npz,81,105,0,0,0,2.451474e-13
Coffee_room_01_video_38,data/keypoints_le2i/Coffee_room_01_video_38.npz,86,110,0,0,0,1.8661289e-13
Coffee_room_01_video_38,data/keypoints_le2i/Coffee_room_01_video_38.npz,91,115,0,0,0,1.5993936e-13
Coffee_room_01_video_38,data/keypoints_le2i/Coffee_room_01_video_38.npz,96,120,0,0,0,9.7968895e-14
Coffee_room_01_video_38,data/keypoints_le2i/Coffee_room_01_video_38.npz,101,125,0,0,0,5.4500346e-14
Coffee_room_01_video_38,data/keypoints_le2i/Coffee_room_01_video_38.npz,106,130,0,0,0,4.122354e-14
Coffee_room_01_video_38,data/keypoints_le2i/Coffee_room_01_video_38.npz,111,135,0,0,0,2.989587e-14
Coffee_room_01_video_38,data/keypoints_le2i/Coffee_room_01_video_38.npz,116,140,0,0,0,2.5597742e-14
Coffee_room_01_video_38,data/keypoints_le2i/Coffee_room_01_video_38.npz,121,145,0,0,0,1.714247e-13
Coffee_room_01_video_38,data/keypoints_le2i/Coffee_room_01_video_38.npz,126,150,0,0,0,1.5263566e-12
Coffee_room_01_video_38,data/keypoints_le2i/Coffee_room_01_video_38.npz,131,155,0,0,0,1.4915427e-11
Coffee_room_01_video_38,data/keypoints_le2i/Coffee_room_01_video_38.npz,136,160,0,0,0,7.126404e-10
Coffee_room_01_video_38,data/keypoints_le2i/Coffee_room_01_video_38.npz,141,165,0,0,0,4.3712175e-06
Coffee_room_01_video_38,data/keypoints_le2i/Coffee_room_01_video_38.npz,146,170,0,0,0,0.0019666494
Coffee_room_01_video_38,data/keypoints_le2i/Coffee_room_01_video_38.npz,151,175,0,0,0,0.0098034
Coffee_room_01_video_38,data/keypoints_le2i/Coffee_room_01_video_38.npz,156,180,0,0,0,0.0017592123
Coffee_room_01_video_38,data/keypoints_le2i/Coffee_room_01_video_38.npz,161,185,0,0,0,9.2441735e-11
Coffee_room_01_video_38,data/keypoints_le2i/Coffee_room_01_video_38.npz,166,190,0,0,0,6.783523e-24
Coffee_room_01_video_38,data/keypoints_le2i/Coffee_room_01_video_38.npz,171,195,0,0,0,1.683919e-34
Coffee_room_01_video_38,data/keypoints_le2i/Coffee_room_01_video_38.npz,176,200,0,0,0,2.148e-42
Coffee_room_01_video_38,data/keypoints_le2i/Coffee_room_01_video_38.npz,181,205,0,0,0,0.0
Coffee_room_01_video_38,data/keypoints_le2i/Coffee_room_01_video_38.npz,186,210,0,0,0,0.0
Coffee_room_01_video_38,data/keypoints_le2i/Coffee_room_01_video_38.npz,191,215,0,0,0,1e-45
Coffee_room_01_video_38,data/keypoints_le2i/Coffee_room_01_video_38.npz,196,220,0,0,0,3e-45
Coffee_room_01_video_38,data/keypoints_le2i/Coffee_room_01_video_38.npz,201,225,0,0,0,3e-45
Coffee_room_01_video_38,data/keypoints_le2i/Coffee_room_01_video_38.npz,206,230,0,0,0,7e-45
Coffee_room_01_video_38,data/keypoints_le2i/Coffee_room_01_video_38.npz,211,235,0,0,0,2.29125e-40
Coffee_room_01_video_38,data/keypoints_le2i/Coffee_room_01_video_38.npz,216,240,0,0,0,1.2760619e-29
Coffee_room_01_video_38,data/keypoints_le2i/Coffee_room_01_video_38.npz,221,245,0,0,0,1.281871e-09
Coffee_room_01_video_38,data/keypoints_le2i/Coffee_room_01_video_38.npz,226,250,1,1,1,0.98103195
Coffee_room_01_video_38,data/keypoints_le2i/Coffee_room_01_video_38.npz,231,255,1,1,1,0.9962507
Coffee_room_01_video_38,data/keypoints_le2i/Coffee_room_01_video_38.npz,236,260,1,1,1,0.99976736
Coffee_room_01_video_38,data/keypoints_le2i/Coffee_room_01_video_38.npz,241,265,1,1,1,0.9997024
Coffee_room_01_video_38,data/keypoints_le2i/Coffee_room_01_video_38.npz,246,270,1,1,1,0.992272
Coffee_room_01_video_38,data/keypoints_le2i/Coffee_room_01_video_38.npz,251,275,0,0,1,0.9747276
Coffee_room_01_video_38,data/keypoints_le2i/Coffee_room_01_video_38.npz,256,280,0,0,0,0.0078233285
Coffee_room_01_video_38,data/keypoints_le2i/Coffee_room_01_video_38.npz,261,285,0,0,0,0.005295368
Coffee_room_01_video_38,data/keypoints_le2i/Coffee_room_01_video_38.npz,266,290,0,0,0,0.003698652
Coffee_room_01_video_38,data/keypoints_le2i/Coffee_room_01_video_38.npz,271,295,0,0,0,0.0026857355
Coffee_room_01_video_38,data/keypoints_le2i/Coffee_room_01_video_38.npz,276,300,0,0,0,0.0026278473
Coffee_room_01_video_38,data/keypoints_le2i/Coffee_room_01_video_38.npz,281,305,0,0,0,0.0023941128
Coffee_room_01_video_38,data/keypoints_le2i/Coffee_room_01_video_38.npz,286,310,0,0,0,0.0022910412
Coffee_room_01_video_38,data/keypoints_le2i/Coffee_room_01_video_38.npz,291,315,0,0,0,0.0023456516
Coffee_room_01_video_38,data/keypoints_le2i/Coffee_room_01_video_38.npz,296,320,0,0,0,0.002331515
Coffee_room_01_video_38,data/keypoints_le2i/Coffee_room_01_video_38.npz,301,325,0,0,0,0.0023671102
Coffee_room_01_video_38,data/keypoints_le2i/Coffee_room_01_video_38.npz,306,330,0,0,0,0.0023985088
Coffee_room_01_video_38,data/keypoints_le2i/Coffee_room_01_video_38.npz,311,335,0,0,0,0.0024264061
Coffee_room_01_video_38,data/keypoints_le2i/Coffee_room_01_video_38.npz,316,340,0,0,0,0.002576799
Coffee_room_01_video_38,data/keypoints_le2i/Coffee_room_01_video_38.npz,321,345,0,0,0,0.0026344191
Coffee_room_01_video_38,data/keypoints_le2i/Coffee_room_01_video_38.npz,326,350,0,0,0,0.0024122351
Coffee_room_01_video_39,data/keypoints_le2i/Coffee_room_01_video_39.npz,1,25,0,0,0,0.0
Coffee_room_01_video_39,data/keypoints_le2i/Coffee_room_01_video_39.npz,6,30,0,0,0,0.0
Coffee_room_01_video_39,data/keypoints_le2i/Coffee_room_01_video_39.npz,11,35,0,0,0,0.0
Coffee_room_01_video_39,data/keypoints_le2i/Coffee_room_01_video_39.npz,16,40,0,0,0,0.0
Coffee_room_01_video_39,data/keypoints_le2i/Coffee_room_01_video_39.npz,21,45,0,0,0,0.0
Coffee_room_01_video_39,data/keypoints_le2i/Coffee_room_01_video_39.npz,26,50,0,0,0,0.0
Coffee_room_01_video_39,data/keypoints_le2i/Coffee_room_01_video_39.npz,31,55,0,0,0,2.4854155e-35
Coffee_room_01_video_39,data/keypoints_le2i/Coffee_room_01_video_39.npz,36,60,0,0,0,2.7090626e-12
Coffee_room_01_video_39,data/keypoints_le2i/Coffee_room_01_video_39.npz,41,65,1,1,1,0.99760616
Coffee_room_01_video_39,data/keypoints_le2i/Coffee_room_01_video_39.npz,46,70,1,1,1,0.99999404
Coffee_room_01_video_39,data/keypoints_le2i/Coffee_room_01_video_39.npz,51,75,1,1,1,0.99998283
Coffee_room_01_video_39,data/keypoints_le2i/Coffee_room_01_video_39.npz,56,80,1,1,1,0.9987876
Coffee_room_01_video_39,data/keypoints_le2i/Coffee_room_01_video_39.npz,61,85,1,1,0,0.46715623
Coffee_room_01_video_39,data/keypoints_le2i/Coffee_room_01_video_39.npz,66,90,0,0,0,3.7219156e-06
Coffee_room_01_video_39,data/keypoints_le2i/Coffee_room_01_video_39.npz,71,95,0,0,0,0.033691846
Coffee_room_01_video_39,data/keypoints_le2i/Coffee_room_01_video_39.npz,76,100,0,0,0,0.116572425
Coffee_room_01_video_39,data/keypoints_le2i/Coffee_room_01_video_39.npz,81,105,0,0,0,0.12104538
Coffee_room_01_video_39,data/keypoints_le2i/Coffee_room_01_video_39.npz,86,110,0,0,0,0.12348134
Coffee_room_01_video_39,data/keypoints_le2i/Coffee_room_01_video_39.npz,91,115,0,0,0,0.12348596
Coffee_room_01_video_39,data/keypoints_le2i/Coffee_room_01_video_39.npz,96,120,0,0,0,0.12326052
Coffee_room_01_video_39,data/keypoints_le2i/Coffee_room_01_video_39.npz,101,125,0,0,0,0.12737085
Coffee_room_01_video_39,data/keypoints_le2i/Coffee_room_01_video_39.npz,106,130,0,0,0,0.12961052
Coffee_room_01_video_39,data/keypoints_le2i/Coffee_room_01_video_39.npz,111,135,0,0,0,0.12995876
Coffee_room_01_video_39,data/keypoints_le2i/Coffee_room_01_video_39.npz,116,140,0,0,0,0.12532043
Coffee_room_01_video_39,data/keypoints_le2i/Coffee_room_01_video_39.npz,121,145,0,0,0,0.12615968
Coffee_room_01_video_39,data/keypoints_le2i/Coffee_room_01_video_39.npz,126,150,0,0,0,0.12200905
Coffee_room_01_video_39,data/keypoints_le2i/Coffee_room_01_video_39.npz,131,155,0,0,0,0.121494584
Coffee_room_01_video_5,data/keypoints_le2i/Coffee_room_01_video_5.npz,1,25,0,0,0,2.7047763e-35
Coffee_room_01_video_5,data/keypoints_le2i/Coffee_room_01_video_5.npz,6,30,0,0,0,1.740262e-29
Coffee_room_01_video_5,data/keypoints_le2i/Coffee_room_01_video_5.npz,11,35,0,0,0,1.348379e-25
Coffee_room_01_video_5,data/keypoints_le2i/Coffee_room_01_video_5.npz,16,40,0,0,0,1.201446e-21
Coffee_room_01_video_5,data/keypoints_le2i/Coffee_room_01_video_5.npz,21,45,0,0,0,6.8977326e-18
Coffee_room_01_video_5,data/keypoints_le2i/Coffee_room_01_video_5.npz,26,50,0,0,0,4.3144378e-16
Coffee_room_01_video_5,data/keypoints_le2i/Coffee_room_01_video_5.npz,31,55,0,0,0,1.152477e-13
Coffee_room_01_video_5,data/keypoints_le2i/Coffee_room_01_video_5.npz,36,60,0,0,0,5.856888e-11
Coffee_room_01_video_5,data/keypoints_le2i/Coffee_room_01_video_5.npz,41,65,0,0,0,3.238178e-11
Coffee_room_01_video_5,data/keypoints_le2i/Coffee_room_01_video_5.npz,46,70,0,0,0,3.1051735e-12
Coffee_room_01_video_5,data/keypoints_le2i/Coffee_room_01_video_5.npz,51,75,0,0,0,2.6214488e-13
Coffee_room_01_video_5,data/keypoints_le2i/Coffee_room_01_video_5.npz,56,80,0,0,0,1.8157187e-15
Coffee_room_01_video_5,data/keypoints_le2i/Coffee_room_01_video_5.npz,61,85,0,0,0,5.1730678e-17
Coffee_room_01_video_5,data/keypoints_le2i/Coffee_room_01_video_5.npz,66,90,0,0,0,8.738927e-19
Coffee_room_01_video_5,data/keypoints_le2i/Coffee_room_01_video_5.npz,71,95,0,0,0,6.4298744e-21
Coffee_room_01_video_5,data/keypoints_le2i/Coffee_room_01_video_5.npz,76,100,0,0,0,1.1024836e-21
Coffee_room_01_video_5,data/keypoints_le2i/Coffee_room_01_video_5.npz,81,105,0,0,0,7.833456e-21
Coffee_room_01_video_5,data/keypoints_le2i/Coffee_room_01_video_5.npz,86,110,0,0,0,3.236738e-19
Coffee_room_01_video_5,data/keypoints_le2i/Coffee_room_01_video_5.npz,91,115,0,0,0,6.270427e-18
Coffee_room_01_video_5,data/keypoints_le2i/Coffee_room_01_video_5.npz,96,120,0,0,0,1.2838004e-22
Coffee_room_01_video_5,data/keypoints_le2i/Coffee_room_01_video_5.npz,101,125,0,0,0,1.8970827e-20
Coffee_room_01_video_5,data/keypoints_le2i/Coffee_room_01_video_5.npz,106,130,0,0,0,7.880299e-14
Coffee_room_01_video_5,data/keypoints_le2i/Coffee_room_01_video_5.npz,111,135,0,0,0,0.00021377174
Coffee_room_01_video_5,data/keypoints_le2i/Coffee_room_01_video_5.npz,116,140,0,0,0,0.33241555
Coffee_room_01_video_5,data/keypoints_le2i/Coffee_room_01_video_5.npz,121,145,1,1,1,0.88220996
Coffee_room_01_video_5,data/keypoints_le2i/Coffee_room_01_video_5.npz,126,150,1,1,1,0.9936388
Coffee_room_01_video_5,data/keypoints_le2i/Coffee_room_01_video_5.npz,131,155,1,1,1,0.9939423
Coffee_room_01_video_5,data/keypoints_le2i/Coffee_room_01_video_5.npz,136,160,1,1,1,0.97852075
Coffee_room_01_video_5,data/keypoints_le2i/Coffee_room_01_video_5.npz,141,165,1,1,1,0.80536795
Coffee_room_01_video_5,data/keypoints_le2i/Coffee_room_01_video_5.npz,146,170,1,1,0,0.42300934
Coffee_room_01_video_5,data/keypoints_le2i/Coffee_room_01_video_5.npz,151,175,0,0,0,0.0750393
Coffee_room_01_video_5,data/keypoints_le2i/Coffee_room_01_video_5.npz,156,180,0,0,0,0.023420017
Coffee_room_01_video_6,data/keypoints_le2i/Coffee_room_01_video_6.npz,1,25,0,0,0,1.04993594e-22
Coffee_room_01_video_6,data/keypoints_le2i/Coffee_room_01_video_6.npz,6,30,0,0,0,4.668964e-19
Coffee_room_01_video_6,data/keypoints_le2i/Coffee_room_01_video_6.npz,11,35,0,0,0,8.589228e-15
Coffee_room_01_video_6,data/keypoints_le2i/Coffee_room_01_video_6.npz,16,40,0,0,0,2.6820476e-10
Coffee_room_01_video_6,data/keypoints_le2i/Coffee_room_01_video_6.npz,21,45,0,0,0,6.35284e-11
Coffee_room_01_video_6,data/keypoints_le2i/Coffee_room_01_video_6.npz,26,50,0,0,0,8.0075035e-12
Coffee_room_01_video_6,data/keypoints_le2i/Coffee_room_01_video_6.npz,31,55,0,0,0,3.830489e-12
Coffee_room_01_video_6,data/keypoints_le2i/Coffee_room_01_video_6.npz,36,60,0,0,0,2.3081302e-14
Coffee_room_01_video_6,data/keypoints_le2i/Coffee_room_01_video_6.npz,41,65,0,0,0,1.5464511e-15
Coffee_room_01_video_6,data/keypoints_le2i/Coffee_room_01_video_6.npz,46,70,0,0,0,1.3765752e-16
Coffee_room_01_video_6,data/keypoints_le2i/Coffee_room_01_video_6.npz,51,75,0,0,0,1.4782741e-18
Coffee_room_01_video_6,data/keypoints_le2i/Coffee_room_01_video_6.npz,56,80,0,0,0,2.031526e-20
Coffee_room_01_video_6,data/keypoints_le2i/Coffee_room_01_video_6.npz,61,85,0,0,0,9.550049e-22
Coffee_room_01_video_6,data/keypoints_le2i/Coffee_room_01_video_6.npz,66,90,0,0,0,3.0172435e-22
Coffee_room_01_video_6,data/keypoints_le2i/Coffee_room_01_video_6.npz,71,95,0,0,0,1.0402608e-21
Coffee_room_01_video_6,data/keypoints_le2i/Coffee_room_01_video_6.npz,76,100,0,0,0,2.9026527e-21
Coffee_room_01_video_6,data/keypoints_le2i/Coffee_room_01_video_6.npz,81,105,0,0,0,4.8532278e-21
Coffee_room_01_video_6,data/keypoints_le2i/Coffee_room_01_video_6.npz,86,110,0,0,0,1.538954e-22
Coffee_room_01_video_6,data/keypoints_le2i/Coffee_room_01_video_6.npz,91,115,0,0,0,5.5205855e-24
Coffee_room_01_video_6,data/keypoints_le2i/Coffee_room_01_video_6.npz,96,120,0,0,0,4.544935e-26
Coffee_room_01_video_6,data/keypoints_le2i/Coffee_room_01_video_6.npz,101,125,0,0,0,1.3713441e-24
Coffee_room_01_video_6,data/keypoints_le2i/Coffee_room_01_video_6.npz,106,130,0,0,0,2.7757155e-22
Coffee_room_01_video_6,data/keypoints_le2i/Coffee_room_01_video_6.npz,111,135,0,0,0,1.109024e-17
Coffee_room_01_video_6,data/keypoints_le2i/Coffee_room_01_video_6.npz,116,140,0,0,0,1.2652844e-10
Coffee_room_01_video_6,data/keypoints_le2i/Coffee_room_01_video_6.npz,121,145,0,0,0,0.0034019349
Coffee_room_01_video_6,data/keypoints_le2i/Coffee_room_01_video_6.npz,126,150,1,1,1,0.8520825
Coffee_room_01_video_6,data/keypoints_le2i/Coffee_room_01_video_6.npz,131,155,1,1,1,0.99951303
Coffee_room_01_video_6,data/keypoints_le2i/Coffee_room_01_video_6.npz,136,160,1,1,1,0.99991107
Coffee_room_01_video_6,data/keypoints_le2i/Coffee_room_01_video_6.npz,141,165,1,1,1,0.9999317
Coffee_room_01_video_6,data/keypoints_le2i/Coffee_room_01_video_6.npz,146,170,1,1,1,0.99743325
Coffee_room_01_video_6,data/keypoints_le2i/Coffee_room_01_video_6.npz,151,175,1,1,1,0.57215714
Coffee_room_01_video_6,data/keypoints_le2i/Coffee_room_01_video_6.npz,156,180,0,0,1,0.5752989
Coffee_room_01_video_6,data/keypoints_le2i/Coffee_room_01_video_6.npz,161,185,0,0,0,0.3116901
Coffee_room_01_video_6,data/keypoints_le2i/Coffee_room_01_video_6.npz,166,190,0,0,0,0.3749619
Coffee_room_01_video_6,data/keypoints_le2i/Coffee_room_01_video_6.npz,171,195,0,0,0,2.5379886e-06
Coffee_room_01_video_6,data/keypoints_le2i/Coffee_room_01_video_6.npz,176,200,0,0,0,2.2017507e-06
Coffee_room_01_video_6,data/keypoints_le2i/Coffee_room_01_video_6.npz,181,205,0,0,0,3.0671956e-07
Coffee_room_01_video_6,data/keypoints_le2i/Coffee_room_01_video_6.npz,186,210,0,0,0,2.9447358e-07
Coffee_room_01_video_6,data/keypoints_le2i/Coffee_room_01_video_6.npz,191,215,0,0,0,1.14880535e-07
Coffee_room_01_video_6,data/keypoints_le2i/Coffee_room_01_video_6.npz,196,220,0,0,0,2.0346957e-07
Coffee_room_01_video_6,data/keypoints_le2i/Coffee_room_01_video_6.npz,201,225,0,0,0,4.018296e-05
Coffee_room_01_video_6,data/keypoints_le2i/Coffee_room_01_video_6.npz,206,230,0,0,0,4.6121542e-05
Coffee_room_01_video_6,data/keypoints_le2i/Coffee_room_01_video_6.npz,211,235,0,0,0,5.102682e-05
Home_01_video_11,data/keypoints_le2i/Home_01_video_11.npz,96,120,0,0,0,4.0780113e-37
Home_01_video_11,data/keypoints_le2i/Home_01_video_11.npz,101,125,0,0,0,6.2789995e-32
Home_01_video_11,data/keypoints_le2i/Home_01_video_11.npz,106,130,0,0,0,1.2545985e-20
Home_01_video_11,data/keypoints_le2i/Home_01_video_11.npz,111,135,0,0,0,1.5776322e-06
Home_01_video_11,data/keypoints_le2i/Home_01_video_11.npz,116,140,0,0,0,0.14606051
Home_01_video_11,data/keypoints_le2i/Home_01_video_11.npz,121,145,0,0,1,0.50634
Home_01_video_11,data/keypoints_le2i/Home_01_video_11.npz,126,150,1,1,1,0.80086154
Home_01_video_11,data/keypoints_le2i/Home_01_video_11.npz,131,155,1,1,1,0.99983215
Home_01_video_11,data/keypoints_le2i/Home_01_video_11.npz,136,160,1,1,0,3.1648213e-21
Home_01_video_11,data/keypoints_le2i/Home_01_video_11.npz,141,165,1,1,0,2.4275816e-20
Home_01_video_11,data/keypoints_le2i/Home_01_video_11.npz,146,170,1,1,0,6.7062736e-08
Home_01_video_11,data/keypoints_le2i/Home_01_video_11.npz,151,175,1,1,0,4.8388408e-08
Home_01_video_11,data/keypoints_le2i/Home_01_video_11.npz,156,180,1,1,0,3.7097138e-08
Home_01_video_11,data/keypoints_le2i/Home_01_video_11.npz,161,185,0,0,0,0.014385784
Home_01_video_11,data/keypoints_le2i/Home_01_video_11.npz,166,190,0,0,0,0.005818759
Home_01_video_11,data/keypoints_le2i/Home_01_video_11.npz,171,195,0,0,0,0.0013952287
Home_01_video_11,data/keypoints_le2i/Home_01_video_11.npz,176,200,0,0,0,0.00049064244
Home_01_video_11,data/keypoints_le2i/Home_01_video_11.npz,181,205,0,0,0,0.0029817896
Home_01_video_11,data/keypoints_le2i/Home_01_video_11.npz,186,210,0,0,0,5.913145e-11
Home_01_video_11,data/keypoints_le2i/Home_01_video_11.npz,191,215,0,0,0,1.9258356e-10
Home_01_video_11,data/keypoints_le2i/Home_01_video_11.npz,206,230,0,0,1,0.8810934
Home_01_video_11,data/keypoints_le2i/Home_01_video_11.npz,211,235,0,0,0,0.047584556
Home_01_video_11,data/keypoints_le2i/Home_01_video_11.npz,216,240,0,0,0,8.874605e-10
Home_01_video_11,data/keypoints_le2i/Home_01_video_11.npz,221,245,0,0,0,1.7403394e-24
Home_01_video_11,data/keypoints_le2i/Home_01_video_11.npz,226,250,0,0,0,3.109462e-36
Home_01_video_11,data/keypoints_le2i/Home_01_video_11.npz,231,255,0,0,0,1.295261e-39
Home_01_video_11,data/keypoints_le2i/Home_01_video_11.npz,236,260,0,0,0,7.929351e-39
Home_01_video_11,data/keypoints_le2i/Home_01_video_11.npz,241,265,0,0,0,5.097e-42
Home_01_video_11,data/keypoints_le2i/Home_01_video_11.npz,246,270,0,0,0,3.55e-43
Home_01_video_11,data/keypoints_le2i/Home_01_video_11.npz,251,275,0,0,0,1.1963e-41
Home_01_video_11,data/keypoints_le2i/Home_01_video_11.npz,256,280,0,0,0,6.522e-42
Home_01_video_11,data/keypoints_le2i/Home_01_video_11.npz,261,285,0,0,0,9.1e-44
Home_01_video_11,data/keypoints_le2i/Home_01_video_11.npz,266,290,0,0,0,3e-45
Home_01_video_11,data/keypoints_le2i/Home_01_video_11.npz,271,295,0,0,0,3e-45
Home_01_video_11,data/keypoints_le2i/Home_01_video_11.npz,276,300,0,0,0,1.644438e-37
Home_01_video_11,data/keypoints_le2i/Home_01_video_11.npz,281,305,0,0,0,5.728925e-25
Home_01_video_11,data/keypoints_le2i/Home_01_video_11.npz,286,310,0,0,0,2.169036e-18
Home_01_video_2,data/keypoints_le2i/Home_01_video_2.npz,1,25,0,0,0,0.0
Home_01_video_2,data/keypoints_le2i/Home_01_video_2.npz,6,30,0,0,0,0.0
Home_01_video_2,data/keypoints_le2i/Home_01_video_2.npz,11,35,0,0,0,0.0
Home_01_video_2,data/keypoints_le2i/Home_01_video_2.npz,16,40,0,0,0,0.0
Home_01_video_2,data/keypoints_le2i/Home_01_video_2.npz,21,45,0,0,0,0.0
Home_01_video_2,data/keypoints_le2i/Home_01_video_2.npz,51,75,0,0,0,0.0
Home_01_video_2,data/keypoints_le2i/Home_01_video_2.npz,56,80,0,0,0,0.0
Home_01_video_2,data/keypoints_le2i/Home_01_video_2.npz,61,85,0,0,0,0.0
Home_01_video_2,data/keypoints_le2i/Home_01_video_2.npz,66,90,0,0,0,0.0
Home_01_video_2,data/keypoints_le2i/Home_01_video_2.npz,71,95,0,0,0,0.0
Home_01_video_2,data/keypoints_le2i/Home_01_video_2.npz,76,100,0,0,0,0.0
Home_01_video_2,data/keypoints_le2i/Home_01_video_2.npz,81,105,0,0,0,0.0
Home_01_video_2,data/keypoints_le2i/Home_01_video_2.npz,86,110,0,0,0,0.0
Home_01_video_2,data/keypoints_le2i/Home_01_video_2.npz,91,115,0,0,0,0.0
Home_01_video_2,data/keypoints_le2i/Home_01_video_2.npz,96,120,0,0,0,3.2185863e-36
Home_01_video_2,data/keypoints_le2i/Home_01_video_2.npz,101,125,0,0,0,1.8106418e-15
Home_01_video_2,data/keypoints_le2i/Home_01_video_2.npz,106,130,0,0,0,0.02172355
Home_01_video_2,data/keypoints_le2i/Home_01_video_2.npz,111,135,1,1,1,0.9947503
Home_01_video_2,data/keypoints_le2i/Home_01_video_2.npz,116,140,1,1,1,0.99992967
Home_01_video_2,data/keypoints_le2i/Home_01_video_2.npz,121,145,1,1,1,0.9997875
Home_01_video_2,data/keypoints_le2i/Home_01_video_2.npz,126,150,0,0,1,0.99043417
Home_01_video_2,data/keypoints_le2i/Home_01_video_2.npz,131,155,0,0,0,0.08222319
Home_01_video_2,data/keypoints_le2i/Home_01_video_2.npz,136,160,0,0,0,0.06854144
Home_01_video_2,data/keypoints_le2i/Home_01_video_2.npz,141,165,0,0,0,0.058329195
Home_01_video_2,data/keypoints_le2i/Home_01_video_2.npz,146,170,0,0,0,0.0049080434
Home_01_video_2,data/keypoints_le2i/Home_01_video_2.npz,151,175,0,0,0,2.2267034e-06
Home_01_video_2,data/keypoints_le2i/Home_01_video_2.npz,156,180,0,0,0,2.240137e-06
Home_01_video_2,data/keypoints_le2i/Home_01_video_2.npz,161,185,0,0,0,2.5090253e-06
Home_01_video_2,data/keypoints_le2i/Home_01_video_2.npz,166,190,0,0,0,2.4766016e-06
Home_01_video_2,data/keypoints_le2i/Home_01_video_2.npz,171,195,0,0,0,2.2533122e-06
Home_01_video_2,data/keypoints_le2i/Home_01_video_2.npz,176,200,0,0,0,2.1876563e-06
Home_01_video_2,data/keypoints_le2i/Home_01_video_2.npz,181,205,0,0,0,0.004334674
Home_01_video_2,data/keypoints_le2i/Home_01_video_2.npz,186,210,0,0,0,0.0045302096
Home_01_video_2,data/keypoints_le2i/Home_01_video_2.npz,191,215,0,0,0,0.004185192
Home_01_video_2,data/keypoints_le2i/Home_01_video_2.npz,196,220,0,0,0,0.00392707
Home_01_video_2,data/keypoints_le2i/Home_01_video_2.npz,201,225,0,0,0,0.004195955
Home_01_video_2,data/keypoints_le2i/Home_01_video_2.npz,206,230,0,0,0,2.092449e-06
Home_01_video_2,data/keypoints_le2i/Home_01_video_2.npz,211,235,0,0,0,1.9195209e-06
Home_01_video_2,data/keypoints_le2i/Home_01_video_2.npz,216,240,0,0,0,0.034988437
Home_01_video_30,data/keypoints_le2i/Home_01_video_30.npz,1,25,0,0,0,1.3276869e-25
Home_01_video_30,data/keypoints_le2i/Home_01_video_30.npz,6,30,0,0,0,2.7338027e-26
Home_01_video_30,data/keypoints_le2i/Home_01_video_30.npz,11,35,0,0,0,2.5857348e-20
Home_01_video_30,data/keypoints_le2i/Home_01_video_30.npz,16,40,0,0,0,2.293744e-14
Home_01_video_30,data/keypoints_le2i/Home_01_video_30.npz,21,45,0,0,0,1.5779572e-11
Home_01_video_30,data/keypoints_le2i/Home_01_video_30.npz,26,50,0,0,0,9.2087354e-10
Home_01_video_30,data/keypoints_le2i/Home_01_video_30.npz,31,55,0,0,0,2.8650851e-28
Home_01_video_30,data/keypoints_le2i/Home_01_video_30.npz,36,60,0,0,0,1.8196987e-30
Home_01_video_30,data/keypoints_le2i/Home_01_video_30.npz,41,65,0,0,0,1.832601e-14
Home_01_video_30,data/keypoints_le2i/Home_01_video_30.npz,46,70,0,0,0,4.880944e-15
Home_01_video_30,data/keypoints_le2i/Home_01_video_30.npz,51,75,0,0,0,4.1133195e-15
Home_01_video_30,data/keypoints_le2i/Home_01_video_30.npz,56,80,0,0,0,4.3603804e-18
Home_01_video_30,data/keypoints_le2i/Home_01_video_30.npz,61,85,0,0,0,2.362676e-22
Home_01_video_30,data/keypoints_le2i/Home_01_video_30.npz,66,90,0,0,0,4.945337e-24
Home_01_video_30,data/keypoints_le2i/Home_01_video_30.npz,71,95,0,0,0,3.2397393e-27
Home_01_video_30,data/keypoints_le2i/Home_01_video_30.npz,76,100,0,0,0,9.447332e-28
Home_01_video_30,data/keypoints_le2i/Home_01_video_30.npz,81,105,0,0,0,2.9907436e-26
Home_01_video_30,data/keypoints_le2i/Home_01_video_30.npz,86,110,0,0,0,3.4921935e-23
Home_01_video_30,data/keypoints_le2i/Home_01_video_30.npz,91,115,0,0,0,3.364599e-18
Home_01_video_30,data/keypoints_le2i/Home_01_video_30.npz,96,120,0,0,0,4.4016082e-11
Home_01_video_30,data/keypoints_le2i/Home_01_video_30.npz,101,125,0,0,0,9.675222e-06
Home_01_video_30,data/keypoints_le2i/Home_01_video_30.npz,106,130,0,0,0,0.21330935
Home_01_video_30,data/keypoints_le2i/Home_01_video_30.npz,111,135,1,1,1,0.9560796
Home_01_video_30,data/keypoints_le2i/Home_01_video_30.npz,116,140,1,1,1,0.9878735
Home_01_video_30,data/keypoints_le2i/Home_01_video_30.npz,121,145,1,1,1,0.90175486
Home_01_video_30,data/keypoints_le2i/Home_01_video_30.npz,126,150,1,1,0,0.3108501
Home_01_video_30,data/keypoints_le2i/Home_01_video_30.npz,131,155,0,0,0,0.009893247
Home_01_video_30,data/keypoints_le2i/Home_01_video_30.npz,136,160,0,0,0,0.0033145233
Home_01_video_9,data/keypoints_le2i/Home_01_video_9.npz,101,125,0,0,0,0.0
Home_01_video_9,data/keypoints_le2i/Home_01_video_9.npz,106,130,0,0,0,0.0
Home_01_video_9,data/keypoints_le2i/Home_01_video_9.npz,111,135,0,0,0,2.3566e-41
Home_01_video_9,data/keypoints_le2i/Home_01_video_9.npz,116,140,0,0,0,1.2755698e-30
Home_01_video_9,data/keypoints_le2i/Home_01_video_9.npz,121,145,0,0,0,1.9174802e-16
Home_01_video_9,data/keypoints_le2i/Home_01_video_9.npz,126,150,0,0,0,6.271212e-05
Home_01_video_9,data/keypoints_le2i/Home_01_video_9.npz,131,155,0,0,0,0.45807216
Home_01_video_9,data/keypoints_le2i/Home_01_video_9.npz,136,160,0,0,1,0.82980514
Home_01_video_9,data/keypoints_le2i/Home_01_video_9.npz,141,165,1,1,1,0.9948207
Home_01_video_9,data/keypoints_le2i/Home_01_video_9.npz,146,170,1,1,1,0.9985688
Home_01_video_9,data/keypoints_le2i/Home_01_video_9.npz,151,175,1,1,1,0.9904912
Home_01_video_9,data/keypoints_le2i/Home_01_video_9.npz,156,180,0,0,1,0.877544
Home_01_video_9,data/keypoints_le2i/Home_01_video_9.npz,161,185,0,0,0,9.595983e-08
Home_01_video_9,data/keypoints_le2i/Home_01_video_9.npz,166,190,0,0,0,0.20951724
Home_01_video_9,data/keypoints_le2i/Home_01_video_9.npz,171,195,0,0,0,0.0044732722
Home_01_video_9,data/keypoints_le2i/Home_01_video_9.npz,176,200,0,0,0,0.00023562327
Home_01_video_9,data/keypoints_le2i/Home_01_video_9.npz,181,205,0,0,0,0.000501937
Home_01_video_9,data/keypoints_le2i/Home_01_video_9.npz,186,210,0,0,0,1.1161207e-05
Home_01_video_9,data/keypoints_le2i/Home_01_video_9.npz,191,215,0,0,0,7.9500746e-11
Home_01_video_9,data/keypoints_le2i/Home_01_video_9.npz,196,220,0,0,0,5.610549e-13
Home_01_video_9,data/keypoints_le2i/Home_01_video_9.npz,201,225,0,0,0,9.251749e-13
Home_01_video_9,data/keypoints_le2i/Home_01_video_9.npz,206,230,0,0,0,1.1549525e-13
Home_01_video_9,data/keypoints_le2i/Home_01_video_9.npz,211,235,0,0,0,1.9826261e-21
Home_01_video_9,data/keypoints_le2i/Home_01_video_9.npz,216,240,0,0,0,3.165825e-35
Home_01_video_9,data/keypoints_le2i/Home_01_video_9.npz,221,245,0,0,0,0.0
Home_01_video_9,data/keypoints_le2i/Home_01_video_9.npz,226,250,0,0,0,0.0
Home_01_video_9,data/keypoints_le2i/Home_01_video_9.npz,231,255,0,0,0,0.0
Home_01_video_9,data/keypoints_le2i/Home_01_video_9.npz,236,260,0,0,0,0.0
Home_01_video_9,data/keypoints_le2i/Home_01_video_9.npz,241,265,0,0,0,0.0
Home_01_video_9,data/keypoints_le2i/Home_01_video_9.npz,246,270,0,0,0,0.0
Home_01_video_9,data/keypoints_le2i/Home_01_video_9.npz,251,275,0,0,0,0.0
Home_01_video_9,data/keypoints_le2i/Home_01_video_9.npz,256,280,0,0,0,4.3122623e-25
Home_01_video_9,data/keypoints_le2i/Home_01_video_9.npz,261,285,0,0,0,1.0028603e-17
Home_01_video_9,data/keypoints_le2i/Home_01_video_9.npz,266,290,0,0,0,2.4468919e-20
Home_01_video_9,data/keypoints_le2i/Home_01_video_9.npz,271,295,0,0,0,1.0267656e-21
Home_01_video_9,data/keypoints_le2i/Home_01_video_9.npz,276,300,0,0,0,2.6950806e-38
Home_02_video_32,data/keypoints_le2i/Home_02_video_32.npz,1,25,0,0,0,1.7978908e-27
Home_02_video_32,data/keypoints_le2i/Home_02_video_32.npz,6,30,0,0,0,1.1772935e-25
Home_02_video_32,data/keypoints_le2i/Home_02_video_32.npz,11,35,0,0,0,5.3864825e-20
Home_02_video_32,data/keypoints_le2i/Home_02_video_32.npz,16,40,0,0,0,8.441205e-23
Home_02_video_32,data/keypoints_le2i/Home_02_video_32.npz,36,60,0,0,0,1.0903128e-21
Home_02_video_32,data/keypoints_le2i/Home_02_video_32.npz,41,65,0,0,0,3.738378e-25
Home_02_video_32,data/keypoints_le2i/Home_02_video_32.npz,46,70,0,0,0,7.360636e-24
Home_02_video_32,data/keypoints_le2i/Home_02_video_32.npz,51,75,0,0,0,4.913223e-23
Home_02_video_32,data/keypoints_le2i/Home_02_video_32.npz,56,80,0,0,0,9.362726e-22
Home_02_video_32,data/keypoints_le2i/Home_02_video_32.npz,61,85,0,0,0,1.39548e-19
Home_02_video_32,data/keypoints_le2i/Home_02_video_32.npz,66,90,0,0,0,1.0269761e-06
Home_02_video_32,data/keypoints_le2i/Home_02_video_32.npz,71,95,0,0,0,0.33356494
Home_02_video_32,data/keypoints_le2i/Home_02_video_32.npz,76,100,1,1,1,0.5658735
Home_02_video_32,data/keypoints_le2i/Home_02_video_32.npz,81,105,1,1,1,0.9851673
Home_02_video_32,data/keypoints_le2i/Home_02_video_32.npz,86,110,1,1,1,0.96353376
Home_02_video_32,data/keypoints_le2i/Home_02_video_32.npz,91,115,0,0,1,0.693265
Home_02_video_32,data/keypoints_le2i/Home_02_video_32.npz,96,120,0,0,0,0.20023176
Home_02_video_32,data/keypoints_le2i/Home_02_video_32.npz,101,125,0,0,0,0.08190295
Home_02_video_32,data/keypoints_le2i/Home_02_video_32.npz,106,130,0,0,0,0.0315477
Home_02_video_32,data/keypoints_le2i/Home_02_video_32.npz,111,135,0,0,0,0.018402986
Home_02_video_32,data/keypoints_le2i/Home_02_video_32.npz,116,140,0,0,0,0.012725458
Home_02_video_32,data/keypoints_le2i/Home_02_video_32.npz,121,145,0,0,0,0.010167058
Home_02_video_32,data/keypoints_le2i/Home_02_video_32.npz,126,150,0,0,0,0.010448966
Home_02_video_32,data/keypoints_le2i/Home_02_video_32.npz,131,155,0,0,0,0.010540946
Home_02_video_32,data/keypoints_le2i/Home_02_video_32.npz,136,160,0,0,0,0.010525622
Home_02_video_32,data/keypoints_le2i/Home_02_video_32.npz,141,165,0,0,0,0.010918377
Home_02_video_32,data/keypoints_le2i/Home_02_video_32.npz,146,170,0,0,0,0.010918619
Home_02_video_32,data/keypoints_le2i/Home_02_video_32.npz,151,175,0,0,0,0.011429514
Home_02_video_32,data/keypoints_le2i/Home_02_video_32.npz,156,180,0,0,0,0.011248617
Home_02_video_32,data/keypoints_le2i/Home_02_video_32.npz,161,185,0,0,0,0.010754457
Home_02_video_32,data/keypoints_le2i/Home_02_video_32.npz,166,190,0,0,0,0.010627684
Home_02_video_36,data/keypoints_le2i/Home_02_video_36.npz,61,85,0,0,0,0.0
Home_02_video_36,data/keypoints_le2i/Home_02_video_36.npz,66,90,0,0,0,0.0
Home_02_video_36,data/keypoints_le2i/Home_02_video_36.npz,71,95,0,0,0,0.0
Home_02_video_36,data/keypoints_le2i/Home_02_video_36.npz,76,100,0,0,0,0.0
Home_02_video_36,data/keypoints_le2i/Home_02_video_36.npz,81,105,0,0,0,0.0
Home_02_video_36,data/keypoints_le2i/Home_02_video_36.npz,86,110,0,0,0,0.0
Home_02_video_36,data/keypoints_le2i/Home_02_video_36.npz,91,115,0,0,0,0.0
Home_02_video_36,data/keypoints_le2i/Home_02_video_36.npz,96,120,0,0,0,0.0
Home_02_video_36,data/keypoints_le2i/Home_02_video_36.npz,101,125,0,0,0,0.0
Home_02_video_36,data/keypoints_le2i/Home_02_video_36.npz,106,130,0,0,0,5.5976907e-24
Home_02_video_36,data/keypoints_le2i/Home_02_video_36.npz,111,135,0,0,0,0.003193893
Home_02_video_36,data/keypoints_le2i/Home_02_video_36.npz,116,140,1,1,1,0.99934083
Home_02_video_36,data/keypoints_le2i/Home_02_video_36.npz,121,145,1,1,1,0.9999944
Home_02_video_36,data/keypoints_le2i/Home_02_video_36.npz,126,150,1,1,1,0.96859133
Home_02_video_36,data/keypoints_le2i/Home_02_video_36.npz,131,155,0,0,1,0.60050416
Home_02_video_36,data/keypoints_le2i/Home_02_video_36.npz,136,160,0,0,0,1.7736922e-14
Home_02_video_37,data/keypoints_le2i/Home_02_video_37.npz,1,25,0,0,0,0.0
Home_02_video_37,data/keypoints_le2i/Home_02_video_37.npz,6,30,0,0,0,4.2270416e-21
Home_02_video_37,data/keypoints_le2i/Home_02_video_37.npz,11,35,0,0,0,8.948043e-19
Home_02_video_37,data/keypoints_le2i/Home_02_video_37.npz,16,40,0,0,0,3.6735478e-17
Home_02_video_37,data/keypoints_le2i/Home_02_video_37.npz,21,45,0,0,0,6.850554e-19
Home_02_video_37,data/keypoints_le2i/Home_02_video_37.npz,26,50,0,0,0,8.697423e-19
Home_02_video_37,data/keypoints_le2i/Home_02_video_37.npz,31,55,0,0,0,1.1977759e-21
Home_02_video_37,data/keypoints_le2i/Home_02_video_37.npz,36,60,0,0,0,7.52036e-27
Home_02_video_37,data/keypoints_le2i/Home_02_video_37.npz,41,65,0,0,0,2.1270143e-29
Home_02_video_37,data/keypoints_le2i/Home_02_video_37.npz,46,70,0,0,0,4.3410148e-32
Home_02_video_37,data/keypoints_le2i/Home_02_video_37.npz,51,75,0,0,0,1.7801e-40
Home_02_video_37,data/keypoints_le2i/Home_02_video_37.npz,56,80,0,0,0,1.321e-42
Home_02_video_37,data/keypoints_le2i/Home_02_video_37.npz,61,85,0,0,0,6.263191e-38
Home_02_video_37,data/keypoints_le2i/Home_02_video_37.npz,66,90,0,0,0,2.7571408e-38
Home_02_video_37,data/keypoints_le2i/Home_02_video_37.npz,71,95,0,0,0,1.3936674e-32
Home_02_video_37,data/keypoints_le2i/Home_02_video_37.npz,76,100,0,0,0,1.4083044e-26
Home_02_video_37,data/keypoints_le2i/Home_02_video_37.npz,81,105,0,0,0,3.319889e-24
Home_02_video_37,data/keypoints_le2i/Home_02_video_37.npz,86,110,0,0,0,3.6778637e-26
Home_02_video_37,data/keypoints_le2i/Home_02_video_37.npz,91,115,0,0,0,4.2036483e-27
Home_02_video_37,data/keypoints_le2i/Home_02_video_37.npz,96,120,0,0,0,4.771091e-25
Home_02_video_37,data/keypoints_le2i/Home_02_video_37.npz,101,125,0,0,0,6.854031e-19
Home_02_video_37,data/keypoints_le2i/Home_02_video_37.npz,106,130,0,0,0,2.8915161e-07
Home_02_video_37,data/keypoints_le2i/Home_02_video_37.npz,111,135,0,0,1,0.51800543
Home_02_video_37,data/keypoints_le2i/Home_02_video_37.npz,116,140,0,0,1,0.97829217
Home_02_video_37,data/keypoints_le2i/Home_02_video_37.npz,121,145,1,1,1,0.9528649
Home_02_video_37,data/keypoints_le2i/Home_02_video_37.npz,126,150,1,1,1,0.9687525
Home_02_video_37,data/keypoints_le2i/Home_02_video_37.npz,131,155,1,1,1,0.54447794
Home_02_video_37,data/keypoints_le2i/Home_02_video_37.npz,136,160,0,0,0,0.070047125
Home_02_video_37,data/keypoints_le2i/Home_02_video_37.npz,141,165,0,0,0,0.01893075
Home_02_video_37,data/keypoints_le2i/Home_02_video_37.npz,146,170,0,0,0,0.010502748
Home_02_video_37,data/keypoints_le2i/Home_02_video_37.npz,151,175,0,0,0,0.011911973
Home_02_video_37,data/keypoints_le2i/Home_02_video_37.npz,156,180,0,0,0,0.00983877
Home_02_video_37,data/keypoints_le2i/Home_02_video_37.npz,161,185,0,0,0,0.009358852
Home_02_video_37,data/keypoints_le2i/Home_02_video_37.npz,166,190,0,0,0,0.009850038
Home_02_video_37,data/keypoints_le2i/Home_02_video_37.npz,171,195,0,0,0,0.009945646
Home_02_video_37,data/keypoints_le2i/Home_02_video_37.npz,176,200,0,0,0,0.010951264
Home_02_video_37,data/keypoints_le2i/Home_02_video_37.npz,181,205,0,0,0,0.009166035
Home_02_video_37,data/keypoints_le2i/Home_02_video_37.npz,186,210,0,0,0,0.00850847
Home_02_video_37,data/keypoints_le2i/Home_02_video_37.npz,191,215,0,0,0,0.010261107
Home_02_video_37,data/keypoints_le2i/Home_02_video_37.npz,196,220,0,0,0,0.009980692
Home_02_video_37,data/keypoints_le2i/Home_02_video_37.npz,201,225,0,0,0,0.009992467
Home_02_video_37,data/keypoints_le2i/Home_02_video_37.npz,206,230,0,0,0,0.01002778
Home_02_video_37,data/keypoints_le2i/Home_02_video_37.npz,211,235,0,0,0,0.01007335
Home_02_video_37,data/keypoints_le2i/Home_02_video_37.npz,216,240,0,0,0,0.009921944
Home_02_video_42,data/keypoints_le2i/Home_02_video_42.npz,41,65,0,0,0,0.0
Home_02_video_42,data/keypoints_le2i/Home_02_video_42.npz,46,70,0,0,0,0.0
Home_02_video_42,data/keypoints_le2i/Home_02_video_42.npz,51,75,0,0,0,0.0
Home_02_video_42,data/keypoints_le2i/Home_02_video_42.npz,56,80,0,0,0,0.0
Home_02_video_42,data/keypoints_le2i/Home_02_video_42.npz,61,85,0,0,0,0.0
Home_02_video_42,data/keypoints_le2i/Home_02_video_42.npz,66,90,0,0,0,0.0
Home_02_video_42,data/keypoints_le2i/Home_02_video_42.npz,71,95,0,0,0,0.0
Home_02_video_42,data/keypoints_le2i/Home_02_video_42.npz,76,100,0,0,0,1e-45
Home_02_video_42,data/keypoints_le2i/Home_02_video_42.npz,81,105,0,0,0,1.8674547e-38
Home_02_video_42,data/keypoints_le2i/Home_02_video_42.npz,86,110,0,0,0,3.3238222e-36
Home_02_video_42,data/keypoints_le2i/Home_02_video_42.npz,91,115,0,0,0,1.6416301e-37
Home_02_video_42,data/keypoints_le2i/Home_02_video_42.npz,96,120,0,0,0,1.15244e-40
Home_02_video_42,data/keypoints_le2i/Home_02_video_42.npz,101,125,0,0,0,1.351e-42
Home_02_video_42,data/keypoints_le2i/Home_02_video_42.npz,106,130,0,0,0,0.0
Home_02_video_42,data/keypoints_le2i/Home_02_video_42.npz,111,135,0,0,0,0.0
Home_02_video_42,data/keypoints_le2i/Home_02_video_42.npz,116,140,0,0,0,0.0
Home_02_video_42,data/keypoints_le2i/Home_02_video_42.npz,121,145,0,0,0,0.0
Home_02_video_42,data/keypoints_le2i/Home_02_video_42.npz,126,150,0,0,0,0.0
Home_02_video_42,data/keypoints_le2i/Home_02_video_42.npz,131,155,0,0,0,0.0
Home_02_video_42,data/keypoints_le2i/Home_02_video_42.npz,136,160,0,0,0,0.0
Home_02_video_42,data/keypoints_le2i/Home_02_video_42.npz,141,165,0,0,0,0.0
Home_02_video_52,data/keypoints_le2i/Home_02_video_52.npz,1,25,0,0,0,0.0
Home_02_video_52,data/keypoints_le2i/Home_02_video_52.npz,6,30,0,0,0,0.0
Home_02_video_52,data/keypoints_le2i/Home_02_video_52.npz,11,35,0,0,0,0.0
Home_02_video_52,data/keypoints_le2i/Home_02_video_52.npz,16,40,0,0,0,0.0
Home_02_video_52,data/keypoints_le2i/Home_02_video_52.npz,21,45,0,0,0,0.0
Home_02_video_52,data/keypoints_le2i/Home_02_video_52.npz,26,50,0,0,0,0.0
Home_02_video_52,data/keypoints_le2i/Home_02_video_52.npz,31,55,0,0,0,0.0
Home_02_video_52,data/keypoints_le2i/Home_02_video_52.npz,36,60,0,0,0,0.0
Home_02_video_52,data/keypoints_le2i/Home_02_video_52.npz,41,65,0,0,0,1e-43
Home_02_video_52,data/keypoints_le2i/Home_02_video_52.npz,46,70,0,0,0,0.0
Home_02_video_52,data/keypoints_le2i/Home_02_video_52.npz,51,75,0,0,0,0.0
Home_02_video_52,data/keypoints_le2i/Home_02_video_52.npz,56,80,0,0,0,0.0
Home_02_video_52,data/keypoints_le2i/Home_02_video_52.npz,61,85,0,0,0,0.0
Home_02_video_52,data/keypoints_le2i/Home_02_video_52.npz,66,90,0,0,0,0.0
Home_02_video_52,data/keypoints_le2i/Home_02_video_52.npz,71,95,0,0,0,0.0
Home_02_video_52,data/keypoints_le2i/Home_02_video_52.npz,76,100,0,0,0,1.942e-42
Home_02_video_52,data/keypoints_le2i/Home_02_video_52.npz,81,105,0,0,0,1.679327e-39
Home_02_video_52,data/keypoints_le2i/Home_02_video_52.npz,86,110,0,0,0,1.0984781e-37
Home_02_video_52,data/keypoints_le2i/Home_02_video_52.npz,91,115,0,0,0,1.6472523e-35
Home_02_video_52,data/keypoints_le2i/Home_02_video_52.npz,96,120,0,0,0,5.7159542e-34
Home_02_video_52,data/keypoints_le2i/Home_02_video_52.npz,101,125,0,0,0,1.4451328e-32
Home_02_video_52,data/keypoints_le2i/Home_02_video_52.npz,106,130,0,0,0,4.1504528e-23
Home_02_video_52,data/keypoints_le2i/Home_02_video_52.npz,111,135,0,0,0,4.7015802e-20
Home_02_video_52,data/keypoints_le2i/Home_02_video_52.npz,116,140,0,0,0,2.37997e-16
Home_02_video_52,data/keypoints_le2i/Home_02_video_52.npz,121,145,0,0,0,1.7501191e-13
Home_02_video_52,data/keypoints_le2i/Home_02_video_52.npz,126,150,0,0,0,8.146013e-11
Home_02_video_52,data/keypoints_le2i/Home_02_video_52.npz,131,155,0,0,0,5.9074137e-09
Home_02_video_52,data/keypoints_le2i/Home_02_video_52.npz,136,160,0,0,0,4.7791495e-05
Home_02_video_52,data/keypoints_le2i/Home_02_video_52.npz,141,165,0,0,0,0.0038067864
Home_02_video_52,data/keypoints_le2i/Home_02_video_52.npz,146,170,0,0,0,0.016591087
Home_02_video_52,data/keypoints_le2i/Home_02_video_52.npz,151,175,0,0,0,0.0008084457
Home_02_video_52,data/keypoints_le2i/Home_02_video_52.npz,156,180,0,0,0,1.3158639e-24
Home_02_video_56,data/keypoints_le2i/Home_02_video_56.npz,1,25,0,0,0,4.132837e-23
Home_02_video_56,data/keypoints_le2i/Home_02_video_56.npz,6,30,0,0,0,3.4342786e-22
Home_02_video_56,data/keypoints_le2i/Home_02_video_56.npz,11,35,0,0,0,1.2588645e-21
Home_02_video_56,data/keypoints_le2i/Home_02_video_56.npz,16,40,0,0,0,4.5743744e-22
Home_02_video_56,data/keypoints_le2i/Home_02_video_56.npz,21,45,0,0,0,8.209402e-26
Home_02_video_56,data/keypoints_le2i/Home_02_video_56.npz,26,50,0,0,0,8.0081994e-25
Home_02_video_56,data/keypoints_le2i/Home_02_video_56.npz,31,55,0,0,0,5.635676e-25
Home_02_video_56,data/keypoints_le2i/Home_02_video_56.npz,36,60,0,0,0,2.5168558e-25
Home_02_video_56,data/keypoints_le2i/Home_02_video_56.npz,41,65,0,0,0,4.7987103e-24
Home_02_video_56,data/keypoints_le2i/Home_02_video_56.npz,46,70,0,0,0,4.6042384e-23
Home_02_video_56,data/keypoints_le2i/Home_02_video_56.npz,51,75,0,0,0,7.640291e-23
Home_02_video_56,data/keypoints_le2i/Home_02_video_56.npz,56,80,0,0,0,2.2015546e-26
Home_02_video_56,data/keypoints_le2i/Home_02_video_56.npz,61,85,0,0,0,1.3802721e-23
Home_02_video_56,data/keypoints_le2i/Home_02_video_56.npz,66,90,0,0,0,1.255463e-23
Home_02_video_56,data/keypoints_le2i/Home_02_video_56.npz,71,95,0,0,0,2.2676495e-24
Home_02_video_56,data/keypoints_le2i/Home_02_video_56.npz,76,100,0,0,0,5.828982e-26
Home_02_video_56,data/keypoints_le2i/Home_02_video_56.npz,81,105,0,0,0,2.9050392e-25
Home_02_video_56,data/keypoints_le2i/Home_02_video_56.npz,86,110,0,0,0,1.9316353e-23
Home_02_video_56,data/keypoints_le2i/Home_02_video_56.npz,91,115,0,0,0,3.3694728e-22
Home_02_video_56,data/keypoints_le2i/Home_02_video_56.npz,96,120,0,0,0,1.4820606e-21
Home_02_video_56,data/keypoints_le2i/Home_02_video_56.npz,101,125,0,0,0,2.6775398e-21
Home_02_video_56,data/keypoints_le2i/Home_02_video_56.npz,106,130,0,0,0,8.681136e-29
Home_02_video_56,data/keypoints_le2i/Home_02_video_56.npz,111,135,0,0,0,1.443648e-28
Home_02_video_56,data/keypoints_le2i/Home_02_video_56.npz,116,140,0,0,0,0.0
Home_02_video_56,data/keypoints_le2i/Home_02_video_56.npz,121,145,0,0,0,0.0
Home_02_video_56,data/keypoints_le2i/Home_02_video_56.npz,126,150,0,0,0,0.0
Home_02_video_56,data/keypoints_le2i/Home_02_video_56.npz,131,155,0,0,0,0.0
Home_02_video_56,data/keypoints_le2i/Home_02_video_56.npz,136,160,0,0,0,0.0
Home_02_video_56,data/keypoints_le2i/Home_02_video_56.npz,141,165,0,0,0,0.0
Home_02_video_56,data/keypoints_le2i/Home_02_video_56.npz,146,170,0,0,0,0.0
Home_02_video_56,data/keypoints_le2i/Home_02_video_56.npz,151,175,0,0,0,0.0
Home_02_video_56,data/keypoints_le2i/Home_02_video_56.npz,156,180,0,0,0,0.0
Home_02_video_56,data/keypoints_le2i/Home_02_video_56.npz,161,185,0,0,0,0.0
Home_02_video_56,data/keypoints_le2i/Home_02_video_56.npz,166,190,0,0,0,0.0
Home_02_video_56,data/keypoints_le2i/Home_02_video_56.npz,171,195,0,0,0,0.0
Home_02_video_56,data/keypoints_le2i/Home_02_video_56.npz,176,200,0,0,0,0.0
Home_02_video_56,data/keypoints_le2i/Home_02_video_56.npz,181,205,0,0,0,0.0
Home_02_video_56,data/keypoints_le2i/Home_02_video_56.npz,186,210,0,0,0,0.0
Home_02_video_56,data/keypoints_le2i/Home_02_video_56.npz,191,215,0,0,0,0.0
Home_02_video_56,data/keypoints_le2i/Home_02_video_56.npz,196,220,0,0,0,0.0
Home_02_video_56,data/keypoints_le2i/Home_02_video_56.npz,201,225,0,0,0,0.0
Home_02_video_56,data/keypoints_le2i/Home_02_video_56.npz,206,230,0,0,0,0.0
Home_02_video_56,data/keypoints_le2i/Home_02_video_56.npz,211,235,0,0,0,0.0
Home_02_video_56,data/keypoints_le2i/Home_02_video_56.npz,216,240,0,0,0,0.0
Home_02_video_56,data/keypoints_le2i/Home_02_video_56.npz,221,245,0,0,0,0.0
Home_02_video_56,data/keypoints_le2i/Home_02_video_56.npz,226,250,0,0,0,4.233e-42
Home_02_video_56,data/keypoints_le2i/Home_02_video_56.npz,231,255,0,0,0,5.0151425e-36
Home_02_video_56,data/keypoints_le2i/Home_02_video_56.npz,236,260,0,0,0,1.280459e-31
Home_02_video_56,data/keypoints_le2i/Home_02_video_56.npz,241,265,0,0,0,7.943741e-29
Home_02_video_56,data/keypoints_le2i/Home_02_video_56.npz,246,270,0,0,0,3.1844163e-28
Home_02_video_56,data/keypoints_le2i/Home_02_video_56.npz,251,275,0,0,0,9.268599e-28
Home_02_video_56,data/keypoints_le2i/Home_02_video_56.npz,256,280,0,0,0,1.9624178e-26
Home_02_video_56,data/keypoints_le2i/Home_02_video_56.npz,261,285,0,0,0,1.355518e-23
Home_02_video_56,data/keypoints_le2i/Home_02_video_56.npz,266,290,0,0,0,5.816967e-14
Home_02_video_56,data/keypoints_le2i/Home_02_video_56.npz,271,295,0,0,0,4.484234e-09
Home_02_video_56,data/keypoints_le2i/Home_02_video_56.npz,276,300,0,0,0,3.9187177e-07
Home_02_video_56,data/keypoints_le2i/Home_02_video_56.npz,281,305,0,0,0,3.2737097e-09
Home_02_video_56,data/keypoints_le2i/Home_02_video_56.npz,286,310,0,0,0,1.776967e-10
Home_02_video_56,data/keypoints_le2i/Home_02_video_56.npz,291,315,0,0,0,2.8725225e-16
Home_02_video_56,data/keypoints_le2i/Home_02_video_56.npz,296,320,0,0,0,4.2664977e-17
Home_02_video_56,data/keypoints_le2i/Home_02_video_56.npz,301,325,0,0,0,7.190835e-18
Home_02_video_56,data/keypoints_le2i/Home_02_video_56.npz,306,330,0,0,0,9.0277474e-21
Home_02_video_56,data/keypoints_le2i/Home_02_video_56.npz,311,335,0,0,0,3.9571797e-20
Home_02_video_56,data/keypoints_le2i/Home_02_video_56.npz,316,340,0,0,0,1.123223e-17
Home_02_video_56,data/keypoints_le2i/Home_02_video_56.npz,321,345,0,0,0,5.5835043e-18
Home_02_video_56,data/keypoints_le2i/Home_02_video_56.npz,326,350,0,0,0,1.0465741e-20
Home_02_video_56,data/keypoints_le2i/Home_02_video_56.npz,331,355,0,0,0,1.6835584e-20
Home_02_video_56,data/keypoints_le2i/Home_02_video_56.npz,336,360,0,0,0,1.7661653e-20
Home_02_video_57,data/keypoints_le2i/Home_02_video_57.npz,46,70,0,0,0,0.0
Home_02_video_57,data/keypoints_le2i/Home_02_video_57.npz,51,75,0,0,0,0.0
Home_02_video_57,data/keypoints_le2i/Home_02_video_57.npz,56,80,0,0,0,0.0
Home_02_video_57,data/keypoints_le2i/Home_02_video_57.npz,61,85,0,0,0,7e-45
Home_02_video_57,data/keypoints_le2i/Home_02_video_57.npz,66,90,0,0,0,1e-45
Home_02_video_57,data/keypoints_le2i/Home_02_video_57.npz,71,95,0,0,0,3.38e-43
Home_02_video_57,data/keypoints_le2i/Home_02_video_57.npz,76,100,0,0,0,5.857e-42
Home_02_video_57,data/keypoints_le2i/Home_02_video_57.npz,81,105,0,0,0,1.58163e-40
Home_02_video_57,data/keypoints_le2i/Home_02_video_57.npz,86,110,0,0,0,1.1513418e-34
Home_02_video_57,data/keypoints_le2i/Home_02_video_57.npz,91,115,0,0,0,6.582838e-34
Home_02_video_57,data/keypoints_le2i/Home_02_video_57.npz,96,120,0,0,0,3.872425e-32
Home_02_video_57,data/keypoints_le2i/Home_02_video_57.npz,101,125,0,0,0,9.362893e-32
Home_02_video_57,data/keypoints_le2i/Home_02_video_57.npz,106,130,0,0,0,4.2168996e-34
Home_02_video_57,data/keypoints_le2i/Home_02_video_57.npz,111,135,0,0,0,3.7433556e-34
Home_02_video_57,data/keypoints_le2i/Home_02_video_57.npz,116,140,0,0,0,6.0413116e-32
Home_02_video_57,data/keypoints_le2i/Home_02_video_57.npz,121,145,0,0,0,3.0421294e-35
Home_02_video_57,data/keypoints_le2i/Home_02_video_57.npz,126,150,0,0,0,1.3899283e-34
Home_02_video_57,data/keypoints_le2i/Home_02_video_57.npz,131,155,0,0,0,4.7215508e-34
Home_02_video_57,data/keypoints_le2i/Home_02_video_57.npz,136,160,0,0,0,6.612349e-30
Home_02_video_57,data/keypoints_le2i/Home_02_video_57.npz,141,165,0,0,0,1.3266499e-24
Home_02_video_57,data/keypoints_le2i/Home_02_video_57.npz,146,170,0,0,0,2.2640614e-25
Home_02_video_57,data/keypoints_le2i/Home_02_video_57.npz,151,175,0,0,0,7.528782e-24
Home_02_video_57,data/keypoints_le2i/Home_02_video_57.npz,156,180,0,0,0,1.1578499e-22
Home_02_video_57,data/keypoints_le2i/Home_02_video_57.npz,161,185,0,0,0,1.5766758e-22
Home_02_video_57,data/keypoints_le2i/Home_02_video_57.npz,166,190,0,0,0,6.483488e-23
Home_02_video_57,data/keypoints_le2i/Home_02_video_57.npz,171,195,0,0,0,9.7605156e-26
Coffee_room_01_video_1,data/keypoints_le2i/Coffee_room_01_video_1.npz,1,25,0,0,0,8.762036e-17
Coffee_room_01_video_1,data/keypoints_le2i/Coffee_room_01_video_1.npz,6,30,0,0,0,1.9630857e-17
Coffee_room_01_video_1,data/keypoints_le2i/Coffee_room_01_video_1.npz,11,35,0,0,0,2.4333429e-17
Coffee_room_01_video_1,data/keypoints_le2i/Coffee_room_01_video_1.npz,16,40,0,0,0,6.0687723e-18
Coffee_room_01_video_1,data/keypoints_le2i/Coffee_room_01_video_1.npz,21,45,0,0,0,1.2216314e-16
Coffee_room_01_video_1,data/keypoints_le2i/Coffee_room_01_video_1.npz,26,50,0,0,0,2.0295536e-10
Coffee_room_01_video_1,data/keypoints_le2i/Coffee_room_01_video_1.npz,31,55,0,0,0,0.00030709128
Coffee_room_01_video_1,data/keypoints_le2i/Coffee_room_01_video_1.npz,36,60,1,1,1,0.8381946
Coffee_room_01_video_1,data/keypoints_le2i/Coffee_room_01_video_1.npz,41,65,1,1,1,0.998711
Coffee_room_01_video_1,data/keypoints_le2i/Coffee_room_01_video_1.npz,46,70,1,1,1,0.9990402
Coffee_room_01_video_1,data/keypoints_le2i/Coffee_room_01_video_1.npz,51,75,1,1,1,0.96325564
Coffee_room_01_video_1,data/keypoints_le2i/Coffee_room_01_video_1.npz,56,80,1,1,0,0.24519922
Coffee_room_01_video_1,data/keypoints_le2i/Coffee_room_01_video_1.npz,61,85,1,1,0,0.099436074
Coffee_room_01_video_1,data/keypoints_le2i/Coffee_room_01_video_1.npz,66,90,1,1,0,0.078537904
Coffee_room_01_video_1,data/keypoints_le2i/Coffee_room_01_video_1.npz,71,95,0,0,0,0.06302254
Coffee_room_01_video_1,data/keypoints_le2i/Coffee_room_01_video_1.npz,76,100,0,0,0,0.022738086
Coffee_room_01_video_1,data/keypoints_le2i/Coffee_room_01_video_1.npz,81,105,0,0,0,0.023542969
Coffee_room_01_video_1,data/keypoints_le2i/Coffee_room_01_video_1.npz,86,110,0,0,0,0.024502553
Coffee_room_01_video_1,data/keypoints_le2i/Coffee_room_01_video_1.npz,91,115,0,0,0,0.024703123
Coffee_room_01_video_1,data/keypoints_le2i/Coffee_room_01_video_1.npz,96,120,0,0,0,0.011120403
Coffee_room_01_video_1,data/keypoints_le2i/Coffee_room_01_video_1.npz,101,125,0,0,0,0.011321865
Coffee_room_01_video_1,data/keypoints_le2i/Coffee_room_01_video_1.npz,106,130,0,0,0,0.0115774395
Coffee_room_01_video_1,data/keypoints_le2i/Coffee_room_01_video_1.npz,111,135,0,0,0,0.011955301
Coffee_room_01_video_1,data/keypoints_le2i/Coffee_room_01_video_1.npz,116,140,0,0,0,0.011893036
Coffee_room_01_video_1,data/keypoints_le2i/Coffee_room_01_video_1.npz,121,145,0,0,0,0.01189595
Coffee_room_01_video_1,data/keypoints_le2i/Coffee_room_01_video_1.npz,126,150,0,0,0,0.011884343
Coffee_room_01_video_1,data/keypoints_le2i/Coffee_room_01_video_1.npz,131,155,0,0,0,0.011805603
Coffee_room_01_video_17,data/keypoints_le2i/Coffee_room_01_video_17.npz,1,25,0,0,0,2.7862785e-17
Coffee_room_01_video_17,data/keypoints_le2i/Coffee_room_01_video_17.npz,6,30,0,0,0,1.0063581e-05
Coffee_room_01_video_17,data/keypoints_le2i/Coffee_room_01_video_17.npz,11,35,1,1,1,0.8517256
Coffee_room_01_video_17,data/keypoints_le2i/Coffee_room_01_video_17.npz,16,40,1,1,1,0.999701
Coffee_room_01_video_17,data/keypoints_le2i/Coffee_room_01_video_17.npz,21,45,1,1,1,0.9999411
Coffee_room_01_video_17,data/keypoints_le2i/Coffee_room_01_video_17.npz,26,50,1,1,1,0.99947864
Coffee_room_01_video_17,data/keypoints_le2i/Coffee_room_01_video_17.npz,31,55,1,1,1,0.99855155
Coffee_room_01_video_17,data/keypoints_le2i/Coffee_room_01_video_17.npz,36,60,1,1,1,0.9991535
Coffee_room_01_video_17,data/keypoints_le2i/Coffee_room_01_video_17.npz,41,65,1,1,1,0.99850583
Coffee_room_01_video_17,data/keypoints_le2i/Coffee_room_01_video_17.npz,46,70,0,0,1,0.9961832
Coffee_room_01_video_17,data/keypoints_le2i/Coffee_room_01_video_17.npz,51,75,0,0,1,0.9944296
Coffee_room_01_video_17,data/keypoints_le2i/Coffee_room_01_video_17.npz,56,80,0,0,1,0.9943362
Coffee_room_01_video_17,data/keypoints_le2i/Coffee_room_01_video_17.npz,61,85,0,0,1,0.99457896
Coffee_room_01_video_17,data/keypoints_le2i/Coffee_room_01_video_17.npz,66,90,0,0,0,0.026055671
Coffee_room_01_video_17,data/keypoints_le2i/Coffee_room_01_video_17.npz,71,95,0,0,0,0.026727287
Coffee_room_01_video_17,data/keypoints_le2i/Coffee_room_01_video_17.npz,76,100,0,0,0,0.026841043
Coffee_room_01_video_17,data/keypoints_le2i/Coffee_room_01_video_17.npz,81,105,0,0,0,0.026488036
Coffee_room_01_video_17,data/keypoints_le2i/Coffee_room_01_video_17.npz,86,110,0,0,0,0.025916573
Coffee_room_01_video_17,data/keypoints_le2i/Coffee_room_01_video_17.npz,91,115,0,0,0,0.02597031
Coffee_room_01_video_17,data/keypoints_le2i/Coffee_room_01_video_17.npz,96,120,0,0,0,0.02671431
Coffee_room_01_video_17,data/keypoints_le2i/Coffee_room_01_video_17.npz,101,125,0,0,0,0.026948385
Coffee_room_01_video_17,data/keypoints_le2i/Coffee_room_01_video_17.npz,106,130,0,0,0,0.026377229
Coffee_room_01_video_17,data/keypoints_le2i/Coffee_room_01_video_17.npz,111,135,0,0,0,0.026176425
Coffee_room_01_video_17,data/keypoints_le2i/Coffee_room_01_video_17.npz,116,140,0,0,0,0.02596054
Coffee_room_01_video_17,data/keypoints_le2i/Coffee_room_01_video_17.npz,121,145,0,0,0,0.025854776
Coffee_room_01_video_17,data/keypoints_le2i/Coffee_room_01_video_17.npz,126,150,0,0,0,0.02595611
Coffee_room_01_video_17,data/keypoints_le2i/Coffee_room_01_video_17.npz,131,155,0,0,0,0.025224574
Coffee_room_01_video_18,data/keypoints_le2i/Coffee_room_01_video_18.npz,1,25,0,0,0,3.4373358e-20
Coffee_room_01_video_18,data/keypoints_le2i/Coffee_room_01_video_18.npz,6,30,0,0,0,4.5743126e-26
Coffee_room_01_video_18,data/keypoints_le2i/Coffee_room_01_video_18.npz,11,35,0,0,0,3.6766134e-27
Coffee_room_01_video_18,data/keypoints_le2i/Coffee_room_01_video_18.npz,16,40,0,0,0,7.4504836e-28
Coffee_room_01_video_18,data/keypoints_le2i/Coffee_room_01_video_18.npz,21,45,0,0,0,8.226761e-28
Coffee_room_01_video_18,data/keypoints_le2i/Coffee_room_01_video_18.npz,26,50,0,0,0,2.6760816e-27
Coffee_room_01_video_18,data/keypoints_le2i/Coffee_room_01_video_18.npz,31,55,0,0,0,6.948646e-27
Coffee_room_01_video_18,data/keypoints_le2i/Coffee_room_01_video_18.npz,36,60,0,0,0,5.277388e-26
Coffee_room_01_video_18,data/keypoints_le2i/Coffee_room_01_video_18.npz,41,65,0,0,0,3.1946032e-26
Coffee_room_01_video_18,data/keypoints_le2i/Coffee_room_01_video_18.npz,46,70,0,0,0,9.930914e-26
Coffee_room_01_video_18,data/keypoints_le2i/Coffee_room_01_video_18.npz,51,75,0,0,0,1.295596e-25
Coffee_room_01_video_18,data/keypoints_le2i/Coffee_room_01_video_18.npz,56,80,0,0,0,4.5885737e-26
Coffee_room_01_video_18,data/keypoints_le2i/Coffee_room_01_video_18.npz,61,85,0,0,0,2.2766268e-26
Coffee_room_01_video_18,data/keypoints_le2i/Coffee_room_01_video_18.npz,66,90,0,0,0,3.3060597e-26
Coffee_room_01_video_18,data/keypoints_le2i/Coffee_room_01_video_18.npz,71,95,0,0,0,9.070079e-26
Coffee_room_01_video_18,data/keypoints_le2i/Coffee_room_01_video_18.npz,76,100,0,0,0,4.441551e-25
Coffee_room_01_video_18,data/keypoints_le2i/Coffee_room_01_video_18.npz,81,105,0,0,0,2.870669e-25
Coffee_room_01_video_18,data/keypoints_le2i/Coffee_room_01_video_18.npz,86,110,0,0,0,9.2486885e-26
Coffee_room_01_video_18,data/keypoints_le2i/Coffee_room_01_video_18.npz,91,115,0,0,0,2.916252e-26
Coffee_room_01_video_18,data/keypoints_le2i/Coffee_room_01_video_18.npz,96,120,0,0,0,5.0751536e-27
Coffee_room_01_video_18,data/keypoints_le2i/Coffee_room_01_video_18.npz,101,125,0,0,0,5.109014e-26
Coffee_room_01_video_18,data/keypoints_le2i/Coffee_room_01_video_18.npz,106,130,0,0,0,4.4054573e-25
Coffee_room_01_video_18,data/keypoints_le2i/Coffee_room_01_video_18.npz,111,135,0,0,0,6.77132e-24
Coffee_room_01_video_18,data/keypoints_le2i/Coffee_room_01_video_18.npz,116,140,0,0,0,6.916103e-24
Coffee_room_01_video_18,data/keypoints_le2i/Coffee_room_01_video_18.npz,121,145,0,0,0,4.478846e-25
Coffee_room_01_video_18,data/keypoints_le2i/Coffee_room_01_video_18.npz,126,150,0,0,0,1.6312089e-25
Coffee_room_01_video_18,data/keypoints_le2i/Coffee_room_01_video_18.npz,131,155,0,0,0,1.3067954e-23
Coffee_room_01_video_18,data/keypoints_le2i/Coffee_room_01_video_18.npz,136,160,0,0,0,2.462186e-17
Coffee_room_01_video_18,data/keypoints_le2i/Coffee_room_01_video_18.npz,141,165,0,0,0,4.0332397e-06
Coffee_room_01_video_18,data/keypoints_le2i/Coffee_room_01_video_18.npz,146,170,1,1,1,0.893069
Coffee_room_01_video_18,data/keypoints_le2i/Coffee_room_01_video_18.npz,151,175,1,1,1,0.9994419
Coffee_room_01_video_18,data/keypoints_le2i/Coffee_room_01_video_18.npz,156,180,1,1,1,0.99992895
Coffee_room_01_video_18,data/keypoints_le2i/Coffee_room_01_video_18.npz,161,185,1,1,1,0.9994636
Coffee_room_01_video_18,data/keypoints_le2i/Coffee_room_01_video_18.npz,166,190,1,1,1,0.9811798
Coffee_room_01_video_18,data/keypoints_le2i/Coffee_room_01_video_18.npz,171,195,1,1,1,0.8833781
Coffee_room_01_video_18,data/keypoints_le2i/Coffee_room_01_video_18.npz,176,200,0,0,1,0.78590924
Coffee_room_01_video_18,data/keypoints_le2i/Coffee_room_01_video_18.npz,181,205,0,0,1,0.8450234
Coffee_room_01_video_18,data/keypoints_le2i/Coffee_room_01_video_18.npz,186,210,0,0,1,0.85405356
Coffee_room_01_video_18,data/keypoints_le2i/Coffee_room_01_video_18.npz,191,215,0,0,1,0.8367669
Coffee_room_01_video_18,data/keypoints_le2i/Coffee_room_01_video_18.npz,196,220,0,0,1,0.82394767
Coffee_room_01_video_18,data/keypoints_le2i/Coffee_room_01_video_18.npz,201,225,0,0,1,0.8243576
Coffee_room_01_video_18,data/keypoints_le2i/Coffee_room_01_video_18.npz,206,230,0,0,1,0.8258084
Coffee_room_01_video_18,data/keypoints_le2i/Coffee_room_01_video_18.npz,211,235,0,0,0,0.016317934
Coffee_room_01_video_18,data/keypoints_le2i/Coffee_room_01_video_18.npz,216,240,0,0,0,0.0165768
Coffee_room_01_video_18,data/keypoints_le2i/Coffee_room_01_video_18.npz,221,245,0,0,1,0.82071936
Coffee_room_01_video_18,data/keypoints_le2i/Coffee_room_01_video_18.npz,226,250,0,0,1,0.8235074
Coffee_room_01_video_18,data/keypoints_le2i/Coffee_room_01_video_18.npz,231,255,0,0,1,0.82412404
Coffee_room_01_video_18,data/keypoints_le2i/Coffee_room_01_video_18.npz,236,260,0,0,1,0.8203797
Coffee_room_01_video_18,data/keypoints_le2i/Coffee_room_01_video_18.npz,241,265,0,0,1,0.8161573
Coffee_room_01_video_21,data/keypoints_le2i/Coffee_room_01_video_21.npz,1,25,0,0,0,3.9998485e-09
Coffee_room_01_video_21,data/keypoints_le2i/Coffee_room_01_video_21.npz,6,30,0,0,0,1.6235344e-08
Coffee_room_01_video_21,data/keypoints_le2i/Coffee_room_01_video_21.npz,11,35,0,0,0,4.5397265e-08
Coffee_room_01_video_21,data/keypoints_le2i/Coffee_room_01_video_21.npz,16,40,0,0,0,8.1456825e-08
Coffee_room_01_video_21,data/keypoints_le2i/Coffee_room_01_video_21.npz,21,45,0,0,0,9.0563117e-07
Coffee_room_01_video_21,data/keypoints_le2i/Coffee_room_01_video_21.npz,26,50,0,0,0,1.7970585e-15
Coffee_room_01_video_21,data/keypoints_le2i/Coffee_room_01_video_21.npz,31,55,0,0,0,1.0480629e-15
Coffee_room_01_video_21,data/keypoints_le2i/Coffee_room_01_video_21.npz,36,60,0,0,0,1.5840294e-16
Coffee_room_01_video_21,data/keypoints_le2i/Coffee_room_01_video_21.npz,41,65,0,0,0,1.496973e-17
Coffee_room_01_video_21,data/keypoints_le2i/Coffee_room_01_video_21.npz,46,70,0,0,0,4.349319e-17
Coffee_room_01_video_21,data/keypoints_le2i/Coffee_room_01_video_21.npz,51,75,0,0,0,1.2335499e-15
Coffee_room_01_video_21,data/keypoints_le2i/Coffee_room_01_video_21.npz,56,80,0,0,0,1.1726829e-15
Coffee_room_01_video_21,data/keypoints_le2i/Coffee_room_01_video_21.npz,61,85,0,0,0,8.190179e-15
Coffee_room_01_video_21,data/keypoints_le2i/Coffee_room_01_video_21.npz,66,90,0,0,0,4.3771518e-08
Coffee_room_01_video_21,data/keypoints_le2i/Coffee_room_01_video_21.npz,71,95,0,0,1,0.52748185
Coffee_room_01_video_21,data/keypoints_le2i/Coffee_room_01_video_21.npz,76,100,1,1,1,0.99898154
Coffee_room_01_video_21,data/keypoints_le2i/Coffee_room_01_video_21.npz,81,105,1,1,1,0.99999774
Coffee_room_01_video_21,data/keypoints_le2i/Coffee_room_01_video_21.npz,86,110,1,1,1,0.99999857
Coffee_room_01_video_21,data/keypoints_le2i/Coffee_room_01_video_21.npz,91,115,0,0,1,0.9998925
Coffee_room_01_video_21,data/keypoints_le2i/Coffee_room_01_video_21.npz,96,120,0,0,1,0.83484894
Coffee_room_01_video_21,data/keypoints_le2i/Coffee_room_01_video_21.npz,101,125,0,0,0,0.035925526
Coffee_room_01_video_21,data/keypoints_le2i/Coffee_room_01_video_21.npz,106,130,0,0,0,0.030313246
Coffee_room_01_video_21,data/keypoints_le2i/Coffee_room_01_video_21.npz,111,135,0,0,0,0.023305906
Coffee_room_01_video_21,data/keypoints_le2i/Coffee_room_01_video_21.npz,116,140,0,0,1,0.8388519
Coffee_room_01_video_21,data/keypoints_le2i/Coffee_room_01_video_21.npz,121,145,0,0,1,0.69725454
Coffee_room_01_video_21,data/keypoints_le2i/Coffee_room_01_video_21.npz,126,150,0,0,1,0.7043475
Coffee_room_01_video_21,data/keypoints_le2i/Coffee_room_01_video_21.npz,131,155,0,0,1,0.84253186
Coffee_room_01_video_21,data/keypoints_le2i/Coffee_room_01_video_21.npz,136,160,0,0,1,0.84089196
Coffee_room_01_video_21,data/keypoints_le2i/Coffee_room_01_video_21.npz,141,165,0,0,1,0.8366935
Coffee_room_01_video_21,data/keypoints_le2i/Coffee_room_01_video_21.npz,146,170,0,0,0,0.023209604
Coffee_room_01_video_21,data/keypoints_le2i/Coffee_room_01_video_21.npz,151,175,0,0,0,0.024090063
Coffee_room_01_video_21,data/keypoints_le2i/Coffee_room_01_video_21.npz,156,180,0,0,0,0.024415491
Coffee_room_01_video_29,data/keypoints_le2i/Coffee_room_01_video_29.npz,1,25,0,0,0,0.00048120134
Coffee_room_01_video_29,data/keypoints_le2i/Coffee_room_01_video_29.npz,6,30,0,0,0,1.0331163e-05
Coffee_room_01_video_29,data/keypoints_le2i/Coffee_room_01_video_29.npz,11,35,0,0,0,4.2302315e-07
Coffee_room_01_video_29,data/keypoints_le2i/Coffee_room_01_video_29.npz,16,40,0,0,0,1.678304e-08
Coffee_room_01_video_29,data/keypoints_le2i/Coffee_room_01_video_29.npz,21,45,0,0,0,1.3189474e-05
Coffee_room_01_video_29,data/keypoints_le2i/Coffee_room_01_video_29.npz,26,50,0,0,0,8.035938e-06
Coffee_room_01_video_29,data/keypoints_le2i/Coffee_room_01_video_29.npz,31,55,0,0,0,1.8773105e-09
Coffee_room_01_video_29,data/keypoints_le2i/Coffee_room_01_video_29.npz,36,60,0,0,0,3.3298708e-09
Coffee_room_01_video_29,data/keypoints_le2i/Coffee_room_01_video_29.npz,41,65,0,0,0,1.3102683e-10
Coffee_room_01_video_29,data/keypoints_le2i/Coffee_room_01_video_29.npz,46,70,0,0,0,1.2838052e-11
Coffee_room_01_video_29,data/keypoints_le2i/Coffee_room_01_video_29.npz,51,75,0,0,0,6.464868e-15
Coffee_room_01_video_29,data/keypoints_le2i/Coffee_room_01_video_29.npz,56,80,0,0,0,2.020801e-17
Coffee_room_01_video_29,data/keypoints_le2i/Coffee_room_01_video_29.npz,61,85,0,0,0,1.7906771e-19
Coffee_room_01_video_29,data/keypoints_le2i/Coffee_room_01_video_29.npz,66,90,0,0,0,6.2764924e-22
Coffee_room_01_video_29,data/keypoints_le2i/Coffee_room_01_video_29.npz,71,95,0,0,0,1.3373515e-23
Coffee_room_01_video_29,data/keypoints_le2i/Coffee_room_01_video_29.npz,76,100,0,0,0,6.1620386e-25
Coffee_room_01_video_29,data/keypoints_le2i/Coffee_room_01_video_29.npz,81,105,0,0,0,3.497334e-26
Coffee_room_01_video_29,data/keypoints_le2i/Coffee_room_01_video_29.npz,86,110,0,0,0,2.3819457e-27
Coffee_room_01_video_29,data/keypoints_le2i/Coffee_room_01_video_29.npz,91,115,0,0,0,2.5250552e-28
Coffee_room_01_video_29,data/keypoints_le2i/Coffee_room_01_video_29.npz,96,120,0,0,0,1.0378268e-29
Coffee_room_01_video_29,data/keypoints_le2i/Coffee_room_01_video_29.npz,101,125,0,0,0,1.9931946e-31
Coffee_room_01_video_29,data/keypoints_le2i/Coffee_room_01_video_29.npz,106,130,0,0,0,1.5673129e-32
Coffee_room_01_video_29,data/keypoints_le2i/Coffee_room_01_video_29.npz,111,135,0,0,0,1.7902066e-33
Coffee_room_01_video_29,data/keypoints_le2i/Coffee_room_01_video_29.npz,116,140,0,0,0,3.3643918e-34
Coffee_room_01_video_29,data/keypoints_le2i/Coffee_room_01_video_29.npz,121,145,0,0,0,4.31303e-35
Coffee_room_01_video_29,data/keypoints_le2i/Coffee_room_01_video_29.npz,126,150,0,0,0,9.666308e-37
Coffee_room_01_video_29,data/keypoints_le2i/Coffee_room_01_video_29.npz,131,155,0,0,0,2.4005498e-38
Coffee_room_01_video_29,data/keypoints_le2i/Coffee_room_01_video_29.npz,136,160,0,0,0,2.608625e-39
Coffee_room_01_video_29,data/keypoints_le2i/Coffee_room_01_video_29.npz,141,165,0,0,0,1.026192e-39
Coffee_room_01_video_29,data/keypoints_le2i/Coffee_room_01_video_29.npz,146,170,0,0,0,8.1801794e-32
Coffee_room_01_video_29,data/keypoints_le2i/Coffee_room_01_video_29.npz,151,175,0,0,0,6.600965e-35
Coffee_room_01_video_29,data/keypoints_le2i/Coffee_room_01_video_29.npz,156,180,0,0,0,1.2320566e-34
Coffee_room_01_video_29,data/keypoints_le2i/Coffee_room_01_video_29.npz,161,185,0,0,0,2.1449755e-34
Coffee_room_01_video_29,data/keypoints_le2i/Coffee_room_01_video_29.npz,166,190,0,0,0,6.7401575e-33
Coffee_room_01_video_29,data/keypoints_le2i/Coffee_room_01_video_29.npz,171,195,0,0,0,0.0
Coffee_room_01_video_29,data/keypoints_le2i/Coffee_room_01_video_29.npz,176,200,0,0,0,0.0
Coffee_room_01_video_29,data/keypoints_le2i/Coffee_room_01_video_29.npz,181,205,0,0,0,0.0
Coffee_room_01_video_29,data/keypoints_le2i/Coffee_room_01_video_29.npz,186,210,0,0,0,0.0
Coffee_room_01_video_29,data/keypoints_le2i/Coffee_room_01_video_29.npz,191,215,0,0,0,0.0
Coffee_room_01_video_29,data/keypoints_le2i/Coffee_room_01_video_29.npz,196,220,0,0,0,2.84e-43
Coffee_room_01_video_29,data/keypoints_le2i/Coffee_room_01_video_29.npz,201,225,0,0,0,1.1e-44
Coffee_room_01_video_29,data/keypoints_le2i/Coffee_room_01_video_29.npz,206,230,0,0,0,0.0
Coffee_room_01_video_29,data/keypoints_le2i/Coffee_room_01_video_29.npz,211,235,0,0,0,0.0
Coffee_room_01_video_29,data/keypoints_le2i/Coffee_room_01_video_29.npz,216,240,0,0,0,0.0
Coffee_room_01_video_29,data/keypoints_le2i/Coffee_room_01_video_29.npz,221,245,0,0,0,0.0
Coffee_room_01_video_29,data/keypoints_le2i/Coffee_room_01_video_29.npz,226,250,0,0,0,1.6097793e-30
Coffee_room_01_video_29,data/keypoints_le2i/Coffee_room_01_video_29.npz,231,255,0,0,0,8.24661e-30
Coffee_room_01_video_29,data/keypoints_le2i/Coffee_room_01_video_29.npz,236,260,0,0,0,9.72773e-40
Coffee_room_01_video_29,data/keypoints_le2i/Coffee_room_01_video_29.npz,241,265,0,0,0,7.029143e-39
Coffee_room_01_video_29,data/keypoints_le2i/Coffee_room_01_video_29.npz,246,270,0,0,0,2.8330527e-38
Coffee_room_01_video_29,data/keypoints_le2i/Coffee_room_01_video_29.npz,251,275,0,0,0,1.4025438e-37
Coffee_room_01_video_29,data/keypoints_le2i/Coffee_room_01_video_29.npz,256,280,0,0,0,3.7608713e-36
Coffee_room_01_video_29,data/keypoints_le2i/Coffee_room_01_video_29.npz,261,285,0,0,0,1.4824974e-34
Coffee_room_01_video_29,data/keypoints_le2i/Coffee_room_01_video_29.npz,266,290,0,0,0,7.062116e-33
Coffee_room_01_video_29,data/keypoints_le2i/Coffee_room_01_video_29.npz,271,295,0,0,0,2.95718e-30
Coffee_room_01_video_29,data/keypoints_le2i/Coffee_room_01_video_29.npz,276,300,0,0,0,2.226684e-24
Coffee_room_01_video_29,data/keypoints_le2i/Coffee_room_01_video_29.npz,281,305,0,0,0,4.3048533e-12
Coffee_room_01_video_29,data/keypoints_le2i/Coffee_room_01_video_29.npz,286,310,1,1,1,0.63011813
Coffee_room_01_video_29,data/keypoints_le2i/Coffee_room_01_video_29.npz,291,315,1,1,1,0.9933727
Coffee_room_01_video_29,data/keypoints_le2i/Coffee_room_01_video_29.npz,296,320,1,1,1,0.9999219
Coffee_room_01_video_29,data/keypoints_le2i/Coffee_room_01_video_29.npz,301,325,1,1,1,0.9880777
Coffee_room_01_video_34,data/keypoints_le2i/Coffee_room_01_video_34.npz,1,25,0,0,0,7.555097e-19
Coffee_room_01_video_34,data/keypoints_le2i/Coffee_room_01_video_34.npz,6,30,0,0,0,1.08067126e-13
Coffee_room_01_video_34,data/keypoints_le2i/Coffee_room_01_video_34.npz,11,35,0,0,0,5.6908887e-12
Coffee_room_01_video_34,data/keypoints_le2i/Coffee_room_01_video_34.npz,16,40,0,0,0,7.1719075e-10
Coffee_room_01_video_34,data/keypoints_le2i/Coffee_room_01_video_34.npz,21,45,0,0,0,6.812076e-08
Coffee_room_01_video_34,data/keypoints_le2i/Coffee_room_01_video_34.npz,26,50,0,0,0,2.2131564e-06
Coffee_room_01_video_34,data/keypoints_le2i/Coffee_room_01_video_34.npz,31,55,0,0,0,6.1124815e-08
Coffee_room_01_video_34,data/keypoints_le2i/Coffee_room_01_video_34.npz,36,60,0,0,0,2.3522279e-07
Coffee_room_01_video_34,data/keypoints_le2i/Coffee_room_01_video_34.npz,41,65,0,0,0,6.210409e-08
Coffee_room_01_video_34,data/keypoints_le2i/Coffee_room_01_video_34.npz,46,70,0,0,0,3.138517e-09
Coffee_room_01_video_34,data/keypoints_le2i/Coffee_room_01_video_34.npz,51,75,0,0,0,3.9755907e-10
Coffee_room_01_video_34,data/keypoints_le2i/Coffee_room_01_video_34.npz,56,80,0,0,0,1.7235921e-08
Coffee_room_01_video_34,data/keypoints_le2i/Coffee_room_01_video_34.npz,61,85,0,0,0,1.2120278e-08
Coffee_room_01_video_34,data/keypoints_le2i/Coffee_room_01_video_34.npz,66,90,0,0,0,1.6404584e-08
Coffee_room_01_video_34,data/keypoints_le2i/Coffee_room_01_video_34.npz,71,95,0,0,0,2.236543e-08
Coffee_room_01_video_34,data/keypoints_le2i/Coffee_room_01_video_34.npz,76,100,0,0,0,1.6360808e-08
Coffee_room_01_video_34,data/keypoints_le2i/Coffee_room_01_video_34.npz,81,105,0,0,0,1.9684383e-11
Coffee_room_01_video_34,data/keypoints_le2i/Coffee_room_01_video_34.npz,86,110,0,0,0,3.2169867e-16
Coffee_room_01_video_34,data/keypoints_le2i/Coffee_room_01_video_34.npz,91,115,0,0,0,3.5783775e-16
Coffee_room_01_video_34,data/keypoints_le2i/Coffee_room_01_video_34.npz,96,120,0,0,0,1.4733165e-15
Coffee_room_01_video_34,data/keypoints_le2i/Coffee_room_01_video_34.npz,101,125,0,0,0,7.668791e-15
Coffee_room_01_video_34,data/keypoints_le2i/Coffee_room_01_video_34.npz,106,130,0,0,0,1.4757022e-14
Coffee_room_01_video_34,data/keypoints_le2i/Coffee_room_01_video_34.npz,111,135,0,0,0,1.9620182e-14
Coffee_room_01_video_34,data/keypoints_le2i/Coffee_room_01_video_34.npz,116,140,0,0,0,1.253392e-14
Coffee_room_01_video_34,data/keypoints_le2i/Coffee_room_01_video_34.npz,121,145,0,0,0,9.063858e-10
Coffee_room_01_video_34,data/keypoints_le2i/Coffee_room_01_video_34.npz,126,150,0,0,0,3.572905e-10
Coffee_room_01_video_34,data/keypoints_le2i/Coffee_room_01_video_34.npz,131,155,0,0,0,2.288567e-09
Coffee_room_01_video_34,data/keypoints_le2i/Coffee_room_01_video_34.npz,136,160,0,0,0,6.704729e-11
Coffee_room_01_video_34,data/keypoints_le2i/Coffee_room_01_video_34.npz,141,165,0,0,0,9.195978e-13
Coffee_room_01_video_34,data/keypoints_le2i/Coffee_room_01_video_34.npz,146,170,0,0,0,9.510565e-15
Coffee_room_01_video_34,data/keypoints_le2i/Coffee_room_01_video_34.npz,151,175,0,0,0,3.0264056e-16
Coffee_room_01_video_34,data/keypoints_le2i/Coffee_room_01_video_34.npz,156,180,0,0,0,2.6646151e-17
Coffee_room_01_video_34,data/keypoints_le2i/Coffee_room_01_video_34.npz,161,185,0,0,0,3.559667e-18
Coffee_room_01_video_34,data/keypoints_le2i/Coffee_room_01_video_34.npz,166,190,0,0,0,4.2611763e-18
Coffee_room_01_video_34,data/keypoints_le2i/Coffee_room_01_video_34.npz,171,195,0,0,0,1.7662498e-16
Coffee_room_01_video_34,data/keypoints_le2i/Coffee_room_01_video_34.npz,176,200,0,0,0,1.0335402e-14
Coffee_room_01_video_34,data/keypoints_le2i/Coffee_room_01_video_34.npz,181,205,0,0,0,1.0366448e-12
Coffee_room_01_video_34,data/keypoints_le2i/Coffee_room_01_video_34.npz,186,210,0,0,0,4.250501e-11
Coffee_room_01_video_34,data/keypoints_le2i/Coffee_room_01_video_34.npz,191,215,0,0,0,3.6116304e-10
Coffee_room_01_video_34,data/keypoints_le2i/Coffee_room_01_video_34.npz,196,220,0,0,0,1.5920496e-09
Coffee_room_01_video_34,data/keypoints_le2i/Coffee_room_01_video_34.npz,201,225,0,0,0,2.7133795e-09
Coffee_room_01_video_34,data/keypoints_le2i/Coffee_room_01_video_34.npz,206,230,0,0,0,2.1419366e-09
Coffee_room_01_video_34,data/keypoints_le2i/Coffee_room_01_video_34.npz,211,235,0,0,0,4.818546e-10
Coffee_room_01_video_34,data/keypoints_le2i/Coffee_room_01_video_34.npz,216,240,0,0,0,5.2073162e-11
Coffee_room_01_video_34,data/keypoints_le2i/Coffee_room_01_video_34.npz,221,245,0,0,0,5.1895263e-12
Coffee_room_01_video_34,data/keypoints_le2i/Coffee_room_01_video_34.npz,226,250,0,0,0,2.4054216e-12
Coffee_room_01_video_34,data/keypoints_le2i/Coffee_room_01_video_34.npz,231,255,0,0,0,2.0774878e-11
Coffee_room_01_video_34,data/keypoints_le2i/Coffee_room_01_video_34.npz,236,260,0,0,0,1.8035391e-10
Coffee_room_01_video_34,data/keypoints_le2i/Coffee_room_01_video_34.npz,241,265,0,0,0,6.645564e-11
Coffee_room_01_video_34,data/keypoints_le2i/Coffee_room_01_video_34.npz,246,270,0,0,0,4.6624265e-14
Coffee_room_01_video_34,data/keypoints_le2i/Coffee_room_01_video_34.npz,251,275,0,0,0,1.5491167e-19
Coffee_room_01_video_34,data/keypoints_le2i/Coffee_room_01_video_34.npz,256,280,0,0,0,2.076447e-25
Coffee_room_01_video_34,data/keypoints_le2i/Coffee_room_01_video_34.npz,261,285,0,0,0,9.837649e-30
Coffee_room_01_video_34,data/keypoints_le2i/Coffee_room_01_video_34.npz,266,290,0,0,0,6.1447404e-32
Coffee_room_01_video_34,data/keypoints_le2i/Coffee_room_01_video_34.npz,271,295,0,0,0,2.295894e-32
Coffee_room_01_video_34,data/keypoints_le2i/Coffee_room_01_video_34.npz,276,300,0,0,0,1.0171236e-31
Coffee_room_01_video_34,data/keypoints_le2i/Coffee_room_01_video_34.npz,281,305,0,0,0,7.7926436e-31
Coffee_room_01_video_34,data/keypoints_le2i/Coffee_room_01_video_34.npz,286,310,0,0,0,1.6269984e-29
Coffee_room_01_video_34,data/keypoints_le2i/Coffee_room_01_video_34.npz,291,315,0,0,0,5.408185e-27
Coffee_room_01_video_34,data/keypoints_le2i/Coffee_room_01_video_34.npz,296,320,0,0,0,3.0670123e-24
Coffee_room_01_video_34,data/keypoints_le2i/Coffee_room_01_video_34.npz,301,325,0,0,0,6.8609825e-21
Coffee_room_01_video_34,data/keypoints_le2i/Coffee_room_01_video_34.npz,306,330,0,0,0,1.0362676e-15
Coffee_room_01_video_34,data/keypoints_le2i/Coffee_room_01_video_34.npz,311,335,0,0,0,5.300872e-08
Coffee_room_01_video_34,data/keypoints_le2i/Coffee_room_01_video_34.npz,316,340,0,0,0,0.09012061
Coffee_room_01_video_34,data/keypoints_le2i/Coffee_room_01_video_34.npz,321,345,1,1,1,0.97843677
Coffee_room_01_video_34,data/keypoints_le2i/Coffee_room_01_video_34.npz,326,350,1,1,1,0.9990791
Coffee_room_01_video_34,data/keypoints_le2i/Coffee_room_01_video_34.npz,331,355,1,1,1,0.9988211
Coffee_room_01_video_34,data/keypoints_le2i/Coffee_room_01_video_34.npz,336,360,1,1,1,0.99204355
Coffee_room_01_video_34,data/keypoints_le2i/Coffee_room_01_video_34.npz,341,365,1,1,1,0.9500823
Coffee_room_01_video_34,data/keypoints_le2i/Coffee_room_01_video_34.npz,346,370,0,0,0,0.24945955
Coffee_room_01_video_34,data/keypoints_le2i/Coffee_room_01_video_34.npz,351,375,0,0,0,0.18531042
Coffee_room_01_video_34,data/keypoints_le2i/Coffee_room_01_video_34.npz,356,380,0,0,0,0.20609576
Coffee_room_01_video_34,data/keypoints_le2i/Coffee_room_01_video_34.npz,361,385,0,0,0,0.2358168
Coffee_room_01_video_34,data/keypoints_le2i/Coffee_room_01_video_34.npz,366,390,0,0,0,0.24689053
Coffee_room_01_video_34,data/keypoints_le2i/Coffee_room_01_video_34.npz,371,395,0,0,0,0.23267303
Coffee_room_01_video_34,data/keypoints_le2i/Coffee_room_01_video_34.npz,376,400,0,0,0,0.226761
Coffee_room_01_video_34,data/keypoints_le2i/Coffee_room_01_video_34.npz,381,405,0,0,0,0.22812423
Coffee_room_01_video_34,data/keypoints_le2i/Coffee_room_01_video_34.npz,386,410,0,0,0,0.22663549
Coffee_room_01_video_34,data/keypoints_le2i/Coffee_room_01_video_34.npz,391,415,0,0,0,0.22430387
Coffee_room_01_video_4,data/keypoints_le2i/Coffee_room_01_video_4.npz,1,25,0,0,0,3.639027e-25
Coffee_room_01_video_4,data/keypoints_le2i/Coffee_room_01_video_4.npz,6,30,0,0,0,6.5886067e-22
Coffee_room_01_video_4,data/keypoints_le2i/Coffee_room_01_video_4.npz,11,35,0,0,0,3.708483e-08
Coffee_room_01_video_4,data/keypoints_le2i/Coffee_room_01_video_4.npz,16,40,0,0,0,9.759878e-08
Coffee_room_01_video_4,data/keypoints_le2i/Coffee_room_01_video_4.npz,21,45,0,0,0,2.0744447e-07
Coffee_room_01_video_4,data/keypoints_le2i/Coffee_room_01_video_4.npz,26,50,0,0,0,3.1907905e-07
Coffee_room_01_video_4,data/keypoints_le2i/Coffee_room_01_video_4.npz,31,55,0,0,0,3.9760428e-07
Coffee_room_01_video_4,data/keypoints_le2i/Coffee_room_01_video_4.npz,36,60,0,0,0,4.7179222e-07
Coffee_room_01_video_4,data/keypoints_le2i/Coffee_room_01_video_4.npz,41,65,0,0,0,9.316156e-08
Coffee_room_01_video_4,data/keypoints_le2i/Coffee_room_01_video_4.npz,46,70,0,0,0,9.010033e-09
Coffee_room_01_video_4,data/keypoints_le2i/Coffee_room_01_video_4.npz,51,75,0,0,0,1.4371864e-09
Coffee_room_01_video_4,data/keypoints_le2i/Coffee_room_01_video_4.npz,56,80,0,0,0,1.3946802e-10
Coffee_room_01_video_4,data/keypoints_le2i/Coffee_room_01_video_4.npz,61,85,0,0,0,8.205269e-11
Coffee_room_01_video_4,data/keypoints_le2i/Coffee_room_01_video_4.npz,66,90,0,0,0,8.1039224e-11
Coffee_room_01_video_4,data/keypoints_le2i/Coffee_room_01_video_4.npz,71,95,0,0,0,7.571313e-11
Coffee_room_01_video_4,data/keypoints_le2i/Coffee_room_01_video_4.npz,76,100,0,0,0,2.0043023e-10
Coffee_room_01_video_4,data/keypoints_le2i/Coffee_room_01_video_4.npz,81,105,0,0,0,6.429401e-16
Coffee_room_01_video_4,data/keypoints_le2i/Coffee_room_01_video_4.npz,86,110,0,0,0,9.759788e-15
Coffee_room_01_video_4,data/keypoints_le2i/Coffee_room_01_video_4.npz,91,115,0,0,0,2.477226e-14
Coffee_room_01_video_4,data/keypoints_le2i/Coffee_room_01_video_4.npz,96,120,0,0,0,2.6079136e-13
Coffee_room_01_video_4,data/keypoints_le2i/Coffee_room_01_video_4.npz,101,125,0,0,0,2.4790614e-09
Coffee_room_01_video_4,data/keypoints_le2i/Coffee_room_01_video_4.npz,106,130,0,0,0,0.048883148
Coffee_room_01_video_4,data/keypoints_le2i/Coffee_room_01_video_4.npz,111,135,1,1,1,0.86331975
Coffee_room_01_video_4,data/keypoints_le2i/Coffee_room_01_video_4.npz,116,140,1,1,1,0.998705
Coffee_room_01_video_4,data/keypoints_le2i/Coffee_room_01_video_4.npz,121,145,1,1,1,0.9999888
Coffee_room_01_video_4,data/keypoints_le2i/Coffee_room_01_video_4.npz,126,150,1,1,1,0.99995625
Coffee_room_01_video_4,data/keypoints_le2i/Coffee_room_01_video_4.npz,131,155,1,1,1,0.99731195
Coffee_room_01_video_4,data/keypoints_le2i/Coffee_room_01_video_4.npz,136,160,1,1,1,0.83561486
Coffee_room_01_video_4,data/keypoints_le2i/Coffee_room_01_video_4.npz,141,165,1,1,1,0.6937261
Coffee_room_01_video_4,data/keypoints_le2i/Coffee_room_01_video_4.npz,146,170,0,0,1,0.67637205
Coffee_room_01_video_4,data/keypoints_le2i/Coffee_room_01_video_4.npz,151,175,0,0,1,0.68824965
Coffee_room_01_video_4,data/keypoints_le2i/Coffee_room_01_video_4.npz,156,180,0,0,1,0.68386406
Coffee_room_01_video_4,data/keypoints_le2i/Coffee_room_01_video_4.npz,161,185,0,0,0,0.37081668
Coffee_room_01_video_4,data/keypoints_le2i/Coffee_room_01_video_4.npz,166,190,0,0,0,0.3697646
Coffee_room_01_video_4,data/keypoints_le2i/Coffee_room_01_video_4.npz,171,195,0,0,0,0.37972906
Coffee_room_01_video_4,data/keypoints_le2i/Coffee_room_01_video_4.npz,176,200,0,0,0,0.37429518
Coffee_room_01_video_4,data/keypoints_le2i/Coffee_room_01_video_4.npz,181,205,0,0,0,0.3706196
Coffee_room_01_video_46,data/keypoints_le2i/Coffee_room_01_video_46.npz,1,25,0,0,0,5.9890585e-26
Coffee_room_01_video_46,data/keypoints_le2i/Coffee_room_01_video_46.npz,6,30,0,0,0,1.3923113e-26
Coffee_room_01_video_46,data/keypoints_le2i/Coffee_room_01_video_46.npz,11,35,0,0,0,2.1860474e-26
Coffee_room_01_video_46,data/keypoints_le2i/Coffee_room_01_video_46.npz,16,40,0,0,0,3.1954564e-26
Coffee_room_01_video_46,data/keypoints_le2i/Coffee_room_01_video_46.npz,21,45,0,0,0,4.3760598e-26
Coffee_room_01_video_46,data/keypoints_le2i/Coffee_room_01_video_46.npz,26,50,0,0,0,5.7161113e-25
Coffee_room_01_video_46,data/keypoints_le2i/Coffee_room_01_video_46.npz,31,55,0,0,0,7.7687747e-25
Coffee_room_01_video_46,data/keypoints_le2i/Coffee_room_01_video_46.npz,36,60,0,0,0,1.1094219e-24
Coffee_room_01_video_46,data/keypoints_le2i/Coffee_room_01_video_46.npz,41,65,0,0,0,1.6948572e-24
Coffee_room_01_video_46,data/keypoints_le2i/Coffee_room_01_video_46.npz,46,70,0,0,0,2.5818165e-24
Coffee_room_01_video_46,data/keypoints_le2i/Coffee_room_01_video_46.npz,51,75,0,0,0,2.8713383e-24
Coffee_room_01_video_46,data/keypoints_le2i/Coffee_room_01_video_46.npz,56,80,0,0,0,2.942493e-24
Coffee_room_01_video_46,data/keypoints_le2i/Coffee_room_01_video_46.npz,61,85,0,0,0,2.9653224e-24
Coffee_room_01_video_46,data/keypoints_le2i/Coffee_room_01_video_46.npz,66,90,0,0,0,3.0615769e-24
Coffee_room_01_video_46,data/keypoints_le2i/Coffee_room_01_video_46.npz,71,95,0,0,0,4.072628e-24
Coffee_room_01_video_46,data/keypoints_le2i/Coffee_room_01_video_46.npz,76,100,0,0,0,9.226461e-24
Coffee_room_01_video_46,data/keypoints_le2i/Coffee_room_01_video_46.npz,81,105,0,0,0,3.1237494e-23
Coffee_room_01_video_46,data/keypoints_le2i/Coffee_room_01_video_46.npz,86,110,0,0,0,1.258763e-22
Coffee_room_01_video_46,data/keypoints_le2i/Coffee_room_01_video_46.npz,91,115,0,0,0,4.0265667e-22
Coffee_room_01_video_46,data/keypoints_le2i/Coffee_room_01_video_46.npz,96,120,0,0,0,5.27273e-22
Coffee_room_01_video_46,data/keypoints_le2i/Coffee_room_01_video_46.npz,101,125,0,0,0,4.2205462e-22
Coffee_room_01_video_46,data/keypoints_le2i/Coffee_room_01_video_46.npz,106,130,0,0,0,2.6734153e-22
Coffee_room_01_video_46,data/keypoints_le2i/Coffee_room_01_video_46.npz,111,135,0,0,0,2.5779119e-22
Coffee_room_01_video_46,data/keypoints_le2i/Coffee_room_01_video_46.npz,116,140,0,0,0,3.1137337e-22
Coffee_room_01_video_46,data/keypoints_le2i/Coffee_room_01_video_46.npz,121,145,0,0,0,3.9486406e-22
Coffee_room_01_video_46,data/keypoints_le2i/Coffee_room_01_video_46.npz,126,150,0,0,0,9.425583e-22
Coffee_room_01_video_46,data/keypoints_le2i/Coffee_room_01_video_46.npz,131,155,0,0,0,3.796518e-21
Coffee_room_01_video_46,data/keypoints_le2i/Coffee_room_01_video_46.npz,136,160,0,0,0,4.244365e-20
Coffee_room_01_video_46,data/keypoints_le2i/Coffee_room_01_video_46.npz,141,165,0,0,0,3.0210863e-17
Coffee_room_01_video_46,data/keypoints_le2i/Coffee_room_01_video_46.npz,146,170,0,0,0,3.9823225e-10
Coffee_room_01_video_46,data/keypoints_le2i/Coffee_room_01_video_46.npz,151,175,0,0,0,0.01531463
Coffee_room_01_video_46,data/keypoints_le2i/Coffee_room_01_video_46.npz,156,180,1,1,1,0.86285233
Coffee_room_01_video_46,data/keypoints_le2i/Coffee_room_01_video_46.npz,161,185,1,1,1,0.9999739
Coffee_room_01_video_46,data/keypoints_le2i/Coffee_room_01_video_46.npz,166,190,1,1,1,0.9999987
Coffee_room_01_video_46,data/keypoints_le2i/Coffee_room_01_video_46.npz,171,195,1,1,1,0.99995315
Coffee_room_01_video_46,data/keypoints_le2i/Coffee_room_01_video_46.npz,176,200,0,0,1,0.9396174
Coffee_room_01_video_46,data/keypoints_le2i/Coffee_room_01_video_46.npz,181,205,0,0,1,0.8249092
Coffee_room_01_video_46,data/keypoints_le2i/Coffee_room_01_video_46.npz,186,210,0,0,0,0.2756647
Coffee_room_01_video_46,data/keypoints_le2i/Coffee_room_01_video_46.npz,191,215,0,0,0,0.27080962
Coffee_room_01_video_46,data/keypoints_le2i/Coffee_room_01_video_46.npz,196,220,0,0,0,0.2775685
Coffee_room_01_video_46,data/keypoints_le2i/Coffee_room_01_video_46.npz,241,265,0,0,0,0.011784466
Coffee_room_01_video_46,data/keypoints_le2i/Coffee_room_01_video_46.npz,246,270,0,0,0,0.011784466
Coffee_room_01_video_46,data/keypoints_le2i/Coffee_room_01_video_46.npz,251,275,0,0,0,0.011784466
Coffee_room_01_video_46,data/keypoints_le2i/Coffee_room_01_video_46.npz,256,280,0,0,0,0.011784466
Coffee_room_01_video_46,data/keypoints_le2i/Coffee_room_01_video_46.npz,261,285,0,0,0,0.011784466
Coffee_room_01_video_47,data/keypoints_le2i/Coffee_room_01_video_47.npz,1,25,0,0,0,4.557303e-08
Coffee_room_01_video_47,data/keypoints_le2i/Coffee_room_01_video_47.npz,6,30,0,0,0,8.920779e-11
Coffee_room_01_video_47,data/keypoints_le2i/Coffee_room_01_video_47.npz,11,35,0,0,0,1.4882842e-17
Coffee_room_01_video_47,data/keypoints_le2i/Coffee_room_01_video_47.npz,16,40,0,0,0,9.903496e-24
Coffee_room_01_video_47,data/keypoints_le2i/Coffee_room_01_video_47.npz,21,45,0,0,0,5.1883436e-25
Coffee_room_01_video_47,data/keypoints_le2i/Coffee_room_01_video_47.npz,26,50,0,0,0,1.3552802e-23
Coffee_room_01_video_47,data/keypoints_le2i/Coffee_room_01_video_47.npz,31,55,0,0,0,2.7693382e-22
Coffee_room_01_video_47,data/keypoints_le2i/Coffee_room_01_video_47.npz,36,60,0,0,0,1.3172018e-21
Coffee_room_01_video_47,data/keypoints_le2i/Coffee_room_01_video_47.npz,41,65,0,0,0,4.63745e-22
Coffee_room_01_video_47,data/keypoints_le2i/Coffee_room_01_video_47.npz,46,70,0,0,0,1.0045008e-21
Coffee_room_01_video_47,data/keypoints_le2i/Coffee_room_01_video_47.npz,51,75,0,0,0,2.5457993e-22
Coffee_room_01_video_47,data/keypoints_le2i/Coffee_room_01_video_47.npz,56,80,0,0,0,6.8269834e-23
Coffee_room_01_video_47,data/keypoints_le2i/Coffee_room_01_video_47.npz,61,85,0,0,0,2.8962457e-23
Coffee_room_01_video_47,data/keypoints_le2i/Coffee_room_01_video_47.npz,66,90,0,0,0,1.4783719e-23
Coffee_room_01_video_47,data/keypoints_le2i/Coffee_room_01_video_47.npz,71,95,0,0,0,5.8511987e-24
Coffee_room_01_video_47,data/keypoints_le2i/Coffee_room_01_video_47.npz,76,100,0,0,0,2.0666018e-24
Coffee_room_01_video_47,data/keypoints_le2i/Coffee_room_01_video_47.npz,81,105,0,0,0,8.260453e-25
Coffee_room_01_video_47,data/keypoints_le2i/Coffee_room_01_video_47.npz,86,110,0,0,0,3.476121e-25
Coffee_room_01_video_47,data/keypoints_le2i/Coffee_room_01_video_47.npz,91,115,0,0,0,1.9649433e-25
Coffee_room_01_video_47,data/keypoints_le2i/Coffee_room_01_video_47.npz,96,120,0,0,0,8.678368e-26
Coffee_room_01_video_47,data/keypoints_le2i/Coffee_room_01_video_47.npz,101,125,0,0,0,4.4042785e-26
Coffee_room_01_video_47,data/keypoints_le2i/Coffee_room_01_video_47.npz,106,130,0,0,0,2.457558e-26
Coffee_room_01_video_47,data/keypoints_le2i/Coffee_room_01_video_47.npz,111,135,0,0,0,2.6532628e-26
Coffee_room_01_video_47,data/keypoints_le2i/Coffee_room_01_video_47.npz,116,140,0,0,0,2.2311116e-26
Coffee_room_01_video_47,data/keypoints_le2i/Coffee_room_01_video_47.npz,121,145,0,0,0,7.641761e-27
Coffee_room_01_video_47,data/keypoints_le2i/Coffee_room_01_video_47.npz,126,150,0,0,0,6.8768806e-38
Coffee_room_01_video_47,data/keypoints_le2i/Coffee_room_01_video_47.npz,131,155,0,0,0,1.3531468e-38
Coffee_room_01_video_47,data/keypoints_le2i/Coffee_room_01_video_47.npz,136,160,0,0,0,3.715193e-39
Coffee_room_01_video_47,data/keypoints_le2i/Coffee_room_01_video_47.npz,141,165,0,0,0,1.803334e-39
Coffee_room_01_video_47,data/keypoints_le2i/Coffee_room_01_video_47.npz,146,170,0,0,0,1.224187e-39
Coffee_room_01_video_47,data/keypoints_le2i/Coffee_room_01_video_47.npz,151,175,0,0,0,1.055719e-39
Coffee_room_01_video_47,data/keypoints_le2i/Coffee_room_01_video_47.npz,156,180,0,0,0,4.21435e-38
Coffee_room_01_video_47,data/keypoints_le2i/Coffee_room_01_video_47.npz,161,185,0,0,0,4.608066e-39
Coffee_room_01_video_47,data/keypoints_le2i/Coffee_room_01_video_47.npz,166,190,0,0,0,1.233e-42
Coffee_room_01_video_47,data/keypoints_le2i/Coffee_room_01_video_47.npz,171,195,0,0,0,1.67e-43
Coffee_room_01_video_47,data/keypoints_le2i/Coffee_room_01_video_47.npz,176,200,0,0,0,6.7e-44
Coffee_room_01_video_47,data/keypoints_le2i/Coffee_room_01_video_47.npz,181,205,0,0,0,4.8e-44
Coffee_room_01_video_47,data/keypoints_le2i/Coffee_room_01_video_47.npz,186,210,0,0,0,0.0
Coffee_room_01_video_47,data/keypoints_le2i/Coffee_room_01_video_47.npz,191,215,0,0,0,0.0
Coffee_room_01_video_47,data/keypoints_le2i/Coffee_room_01_video_47.npz,196,220,0,0,0,0.0
Coffee_room_01_video_47,data/keypoints_le2i/Coffee_room_01_video_47.npz,201,225,0,0,0,0.0
Coffee_room_01_video_47,data/keypoints_le2i/Coffee_room_01_video_47.npz,206,230,0,0,0,0.0
Coffee_room_01_video_47,data/keypoints_le2i/Coffee_room_01_video_47.npz,211,235,0,0,0,0.0
Coffee_room_01_video_47,data/keypoints_le2i/Coffee_room_01_video_47.npz,216,240,0,0,0,3e-45
Coffee_room_01_video_47,data/keypoints_le2i/Coffee_room_01_video_47.npz,221,245,0,0,0,3e-45
Coffee_room_01_video_47,data/keypoints_le2i/Coffee_room_01_video_47.npz,226,250,0,0,0,4e-45
Coffee_room_01_video_47,data/keypoints_le2i/Coffee_room_01_video_47.npz,231,255,0,0,0,4e-45
Coffee_room_01_video_47,data/keypoints_le2i/Coffee_room_01_video_47.npz,236,260,0,0,0,6e-45
Coffee_room_01_video_47,data/keypoints_le2i/Coffee_room_01_video_47.npz,241,265,0,0,0,4e-45
Coffee_room_01_video_47,data/keypoints_le2i/Coffee_room_01_video_47.npz,246,270,0,0,0,1e-45
Coffee_room_01_video_47,data/keypoints_le2i/Coffee_room_01_video_47.npz,251,275,0,0,0,1e-45
Coffee_room_01_video_47,data/keypoints_le2i/Coffee_room_01_video_47.npz,256,280,0,0,0,1e-45
Coffee_room_01_video_47,data/keypoints_le2i/Coffee_room_01_video_47.npz,261,285,0,0,0,6e-45
Coffee_room_01_video_47,data/keypoints_le2i/Coffee_room_01_video_47.npz,266,290,0,0,0,5.9e-44
Coffee_room_01_video_47,data/keypoints_le2i/Coffee_room_01_video_47.npz,271,295,0,0,0,4.09e-43
Coffee_room_01_video_47,data/keypoints_le2i/Coffee_room_01_video_47.npz,276,300,0,0,0,1.036e-42
Coffee_room_01_video_47,data/keypoints_le2i/Coffee_room_01_video_47.npz,281,305,0,0,0,5.94e-43
Coffee_room_01_video_47,data/keypoints_le2i/Coffee_room_01_video_47.npz,286,310,0,0,0,2.03e-43
Coffee_room_01_video_47,data/keypoints_le2i/Coffee_room_01_video_47.npz,291,315,0,0,0,2.31e-43
Coffee_room_01_video_47,data/keypoints_le2i/Coffee_room_01_video_47.npz,296,320,0,0,0,0.0
Coffee_room_01_video_47,data/keypoints_le2i/Coffee_room_01_video_47.npz,301,325,0,0,0,1.3153e-41
Coffee_room_01_video_47,data/keypoints_le2i/Coffee_room_01_video_47.npz,306,330,0,0,0,4.47985e-40
Coffee_room_01_video_47,data/keypoints_le2i/Coffee_room_01_video_47.npz,311,335,0,0,0,3.9478555e-38
Coffee_room_01_video_47,data/keypoints_le2i/Coffee_room_01_video_47.npz,316,340,0,0,0,8.89121e-36
Coffee_room_01_video_47,data/keypoints_le2i/Coffee_room_01_video_47.npz,321,345,0,0,0,1.1900717e-33
Coffee_room_01_video_47,data/keypoints_le2i/Coffee_room_01_video_47.npz,326,350,0,0,0,5.24701e-36
Coffee_room_01_video_47,data/keypoints_le2i/Coffee_room_01_video_47.npz,331,355,0,0,0,1.1280951e-35
Coffee_room_01_video_47,data/keypoints_le2i/Coffee_room_01_video_47.npz,336,360,0,0,0,4.07582e-36
Coffee_room_01_video_47,data/keypoints_le2i/Coffee_room_01_video_47.npz,341,365,0,0,0,1.4209e-41
Coffee_room_01_video_47,data/keypoints_le2i/Coffee_room_01_video_47.npz,346,370,0,0,0,7.31e-43
Coffee_room_01_video_47,data/keypoints_le2i/Coffee_room_01_video_47.npz,351,375,0,0,0,2.42e-43
Coffee_room_01_video_47,data/keypoints_le2i/Coffee_room_01_video_47.npz,356,380,0,0,0,5.2e-44
Coffee_room_01_video_47,data/keypoints_le2i/Coffee_room_01_video_47.npz,361,385,0,0,0,2.7e-44
Coffee_room_01_video_47,data/keypoints_le2i/Coffee_room_01_video_47.npz,366,390,0,0,0,1.5e-44
Coffee_room_01_video_47,data/keypoints_le2i/Coffee_room_01_video_47.npz,371,395,0,0,0,7e-45
Coffee_room_01_video_47,data/keypoints_le2i/Coffee_room_01_video_47.npz,376,400,0,0,0,2.944e-42
Coffee_room_01_video_47,data/keypoints_le2i/Coffee_room_01_video_47.npz,381,405,0,0,0,1.77e-43
Coffee_room_01_video_47,data/keypoints_le2i/Coffee_room_01_video_47.npz,386,410,0,0,0,2.1e-44
Coffee_room_01_video_47,data/keypoints_le2i/Coffee_room_01_video_47.npz,391,415,0,0,0,8e-45
Coffee_room_01_video_47,data/keypoints_le2i/Coffee_room_01_video_47.npz,396,420,0,0,0,1.8e-44
Coffee_room_01_video_47,data/keypoints_le2i/Coffee_room_01_video_47.npz,401,425,0,0,0,7.7e-44
Coffee_room_01_video_47,data/keypoints_le2i/Coffee_room_01_video_47.npz,406,430,0,0,0,2.38e-43
Coffee_room_01_video_47,data/keypoints_le2i/Coffee_room_01_video_47.npz,411,435,0,0,0,1.073e-42
Coffee_room_01_video_47,data/keypoints_le2i/Coffee_room_01_video_47.npz,416,440,0,0,0,8.828e-42
Coffee_room_01_video_47,data/keypoints_le2i/Coffee_room_01_video_47.npz,421,445,0,0,0,2.0822e-40
Coffee_room_01_video_47,data/keypoints_le2i/Coffee_room_01_video_47.npz,426,450,0,0,0,5.49422e-39
Coffee_room_01_video_47,data/keypoints_le2i/Coffee_room_01_video_47.npz,431,455,0,0,0,6.3156864e-38
Coffee_room_01_video_47,data/keypoints_le2i/Coffee_room_01_video_47.npz,436,460,0,0,0,2.5291215e-37
Coffee_room_01_video_47,data/keypoints_le2i/Coffee_room_01_video_47.npz,441,465,0,0,0,3.9782594e-37
Coffee_room_01_video_47,data/keypoints_le2i/Coffee_room_01_video_47.npz,446,470,0,0,0,4.9199212e-37
Coffee_room_01_video_47,data/keypoints_le2i/Coffee_room_01_video_47.npz,451,475,0,0,0,1.3954945e-36
Coffee_room_01_video_47,data/keypoints_le2i/Coffee_room_01_video_47.npz,456,480,0,0,0,6.146228e-36
Coffee_room_01_video_47,data/keypoints_le2i/Coffee_room_01_video_47.npz,461,485,0,0,0,1.6405549e-35
Coffee_room_01_video_47,data/keypoints_le2i/Coffee_room_01_video_47.npz,466,490,0,0,0,5.3147997e-35
Coffee_room_01_video_47,data/keypoints_le2i/Coffee_room_01_video_47.npz,471,495,0,0,0,2.6510364e-34
Coffee_room_01_video_47,data/keypoints_le2i/Coffee_room_01_video_47.npz,476,500,0,0,0,6.9067375e-33
Coffee_room_01_video_47,data/keypoints_le2i/Coffee_room_01_video_47.npz,481,505,0,0,0,2.9981266e-31
Coffee_room_01_video_47,data/keypoints_le2i/Coffee_room_01_video_47.npz,486,510,0,0,0,1.0067715e-29
Coffee_room_01_video_47,data/keypoints_le2i/Coffee_room_01_video_47.npz,491,515,0,0,0,1.4696302e-28
Coffee_room_01_video_47,data/keypoints_le2i/Coffee_room_01_video_47.npz,496,520,0,0,0,8.267943e-28
Coffee_room_01_video_47,data/keypoints_le2i/Coffee_room_01_video_47.npz,501,525,0,0,0,9.177235e-27
Coffee_room_01_video_47,data/keypoints_le2i/Coffee_room_01_video_47.npz,506,530,0,0,0,5.5825874e-26
Coffee_room_01_video_47,data/keypoints_le2i/Coffee_room_01_video_47.npz,511,535,0,0,0,2.7972468e-25
Coffee_room_01_video_47,data/keypoints_le2i/Coffee_room_01_video_47.npz,516,540,0,0,0,1.2408358e-24
Coffee_room_01_video_47,data/keypoints_le2i/Coffee_room_01_video_47.npz,521,545,0,0,0,5.9733447e-24
Coffee_room_01_video_47,data/keypoints_le2i/Coffee_room_01_video_47.npz,526,550,0,0,0,2.5433715e-23
Coffee_room_01_video_47,data/keypoints_le2i/Coffee_room_01_video_47.npz,531,555,0,0,0,6.990267e-23
Coffee_room_01_video_47,data/keypoints_le2i/Coffee_room_01_video_47.npz,536,560,0,0,0,1.113897e-22
Coffee_room_01_video_47,data/keypoints_le2i/Coffee_room_01_video_47.npz,541,565,0,0,0,1.0038338e-22
Coffee_room_01_video_47,data/keypoints_le2i/Coffee_room_01_video_47.npz,546,570,0,0,0,1.6210382e-22
Coffee_room_01_video_47,data/keypoints_le2i/Coffee_room_01_video_47.npz,551,575,0,0,0,3.7202738e-22
Coffee_room_01_video_47,data/keypoints_le2i/Coffee_room_01_video_47.npz,556,580,0,0,0,1.420052e-21
Coffee_room_01_video_47,data/keypoints_le2i/Coffee_room_01_video_47.npz,561,585,0,0,0,5.6308737e-21
Coffee_room_01_video_47,data/keypoints_le2i/Coffee_room_01_video_47.npz,566,590,0,0,0,1.8231683e-20
Coffee_room_01_video_47,data/keypoints_le2i/Coffee_room_01_video_47.npz,571,595,0,0,0,3.2743654e-20
Coffee_room_01_video_47,data/keypoints_le2i/Coffee_room_01_video_47.npz,576,600,0,0,0,2.6469524e-20
Coffee_room_01_video_47,data/keypoints_le2i/Coffee_room_01_video_47.npz,581,605,0,0,0,1.4208764e-20
Coffee_room_01_video_47,data/keypoints_le2i/Coffee_room_01_video_47.npz,586,610,0,0,0,8.296629e-21
Coffee_room_01_video_47,data/keypoints_le2i/Coffee_room_01_video_47.npz,591,615,0,0,0,1.2741215e-21
Coffee_room_01_video_47,data/keypoints_le2i/Coffee_room_01_video_47.npz,596,620,0,0,0,6.684026e-20
Coffee_room_01_video_47,data/keypoints_le2i/Coffee_room_01_video_47.npz,601,625,0,0,0,1.3566506e-16
Coffee_room_01_video_47,data/keypoints_le2i/Coffee_room_01_video_47.npz,606,630,0,0,0,7.007059e-07
Coffee_room_01_video_47,data/keypoints_le2i/Coffee_room_01_video_47.npz,611,635,0,0,0,0.34411937
Coffee_room_01_video_47,data/keypoints_le2i/Coffee_room_01_video_47.npz,616,640,1,1,1,0.9997284
Coffee_room_01_video_47,data/keypoints_le2i/Coffee_room_01_video_47.npz,621,645,1,1,1,0.99999917
Coffee_room_01_video_47,data/keypoints_le2i/Coffee_room_01_video_47.npz,626,650,1,1,1,0.9999802
Coffee_room_01_video_47,data/keypoints_le2i/Coffee_room_01_video_47.npz,631,655,1,1,1,0.9968947
Coffee_room_01_video_47,data/keypoints_le2i/Coffee_room_01_video_47.npz,636,660,1,1,1,0.84151024
Coffee_room_01_video_47,data/keypoints_le2i/Coffee_room_01_video_47.npz,641,665,1,1,1,0.9803545
Coffee_room_01_video_47,data/keypoints_le2i/Coffee_room_01_video_47.npz,646,670,1,1,1,0.9765778
Coffee_room_01_video_47,data/keypoints_le2i/Coffee_room_01_video_47.npz,651,675,0,0,1,0.94857764
Coffee_room_01_video_47,data/keypoints_le2i/Coffee_room_01_video_47.npz,656,680,0,0,1,0.9434149
Coffee_room_01_video_47,data/keypoints_le2i/Coffee_room_01_video_47.npz,661,685,0,0,1,0.9351207
Coffee_room_01_video_47,data/keypoints_le2i/Coffee_room_01_video_47.npz,666,690,0,0,1,0.93517536
Coffee_room_01_video_47,data/keypoints_le2i/Coffee_room_01_video_47.npz,671,695,0,0,1,0.93492585
Coffee_room_01_video_47,data/keypoints_le2i/Coffee_room_01_video_47.npz,676,700,0,0,1,0.9339795
Coffee_room_01_video_47,data/keypoints_le2i/Coffee_room_01_video_47.npz,701,725,0,0,0,0.118234746
Home_01_video_1,data/keypoints_le2i/Home_01_video_1.npz,1,25,0,0,0,3.3820394e-38
Home_01_video_1,data/keypoints_le2i/Home_01_video_1.npz,6,30,0,0,0,4.510175e-38
Home_01_video_1,data/keypoints_le2i/Home_01_video_1.npz,11,35,0,0,0,5.5701726e-38
Home_01_video_1,data/keypoints_le2i/Home_01_video_1.npz,16,40,0,0,0,6.59328e-38
Home_01_video_1,data/keypoints_le2i/Home_01_video_1.npz,21,45,0,0,0,5.776838e-38
Home_01_video_1,data/keypoints_le2i/Home_01_video_1.npz,26,50,0,0,0,5.927835e-38
Home_01_video_1,data/keypoints_le2i/Home_01_video_1.npz,31,55,0,0,0,8.833456e-31
Home_01_video_1,data/keypoints_le2i/Home_01_video_1.npz,36,60,0,0,0,1.2760035e-29
Home_01_video_1,data/keypoints_le2i/Home_01_video_1.npz,41,65,0,0,0,3.6380207e-21
Home_01_video_1,data/keypoints_le2i/Home_01_video_1.npz,46,70,0,0,0,8.558948e-21
Home_01_video_1,data/keypoints_le2i/Home_01_video_1.npz,51,75,0,0,0,4.5536584e-21
Home_01_video_1,data/keypoints_le2i/Home_01_video_1.npz,56,80,0,0,0,3.7772724e-23
Home_01_video_1,data/keypoints_le2i/Home_01_video_1.npz,61,85,0,0,0,3.8451534e-22
Home_01_video_1,data/keypoints_le2i/Home_01_video_1.npz,66,90,0,0,0,2.6972081e-24
Home_01_video_1,data/keypoints_le2i/Home_01_video_1.npz,71,95,0,0,0,4.0047563e-28
Home_01_video_1,data/keypoints_le2i/Home_01_video_1.npz,76,100,0,0,0,3.8147324e-31
Home_01_video_1,data/keypoints_le2i/Home_01_video_1.npz,81,105,0,0,0,4.297049e-36
Home_01_video_1,data/keypoints_le2i/Home_01_video_1.npz,86,110,0,0,0,8.548078e-37
Home_01_video_1,data/keypoints_le2i/Home_01_video_1.npz,91,115,0,0,0,1.6326938e-36
Home_01_video_1,data/keypoints_le2i/Home_01_video_1.npz,96,120,0,0,0,0.0
Home_01_video_1,data/keypoints_le2i/Home_01_video_1.npz,101,125,0,0,0,2.3781487e-36
Home_01_video_1,data/keypoints_le2i/Home_01_video_1.npz,106,130,0,0,0,5.1310476e-25
Home_01_video_1,data/keypoints_le2i/Home_01_video_1.npz,111,135,0,0,0,1.8564888e-22
Home_01_video_1,data/keypoints_le2i/Home_01_video_1.npz,116,140,0,0,0,6.021541e-19
Home_01_video_1,data/keypoints_le2i/Home_01_video_1.npz,121,145,0,0,0,9.301379e-13
Home_01_video_1,data/keypoints_le2i/Home_01_video_1.npz,126,150,0,0,0,9.92093e-06
Home_01_video_1,data/keypoints_le2i/Home_01_video_1.npz,131,155,0,0,0,0.30515322
Home_01_video_1,data/keypoints_le2i/Home_01_video_1.npz,136,160,1,1,1,0.88770074
Home_01_video_1,data/keypoints_le2i/Home_01_video_1.npz,141,165,1,1,1,0.9890938
Home_01_video_1,data/keypoints_le2i/Home_01_video_1.npz,146,170,1,1,1,0.8851417
Home_01_video_1,data/keypoints_le2i/Home_01_video_1.npz,151,175,1,1,0,0.21048866
Home_01_video_1,data/keypoints_le2i/Home_01_video_1.npz,156,180,0,0,0,0.046247058
Home_01_video_1,data/keypoints_le2i/Home_01_video_1.npz,161,185,0,0,0,0.02050343
Home_01_video_1,data/keypoints_le2i/Home_01_video_1.npz,166,190,0,0,0,0.018887041
Home_01_video_1,data/keypoints_le2i/Home_01_video_1.npz,171,195,0,0,0,0.020557906
Home_01_video_1,data/keypoints_le2i/Home_01_video_1.npz,176,200,0,0,0,0.020864978
Home_01_video_1,data/keypoints_le2i/Home_01_video_1.npz,181,205,0,0,0,0.01993754
Home_01_video_1,data/keypoints_le2i/Home_01_video_1.npz,186,210,0,0,0,0.020889176
Home_01_video_1,data/keypoints_le2i/Home_01_video_1.npz,191,215,0,0,0,0.021372631
Home_01_video_1,data/keypoints_le2i/Home_01_video_1.npz,196,220,0,0,0,0.021850018
Home_01_video_1,data/keypoints_le2i/Home_01_video_1.npz,201,225,0,0,0,0.021625243
Home_01_video_1,data/keypoints_le2i/Home_01_video_1.npz,206,230,0,0,0,0.02109938
Home_01_video_1,data/keypoints_le2i/Home_01_video_1.npz,211,235,0,0,0,0.02003495
Home_01_video_1,data/keypoints_le2i/Home_01_video_1.npz,216,240,0,0,0,0.02115881
Home_01_video_1,data/keypoints_le2i/Home_01_video_1.npz,221,245,0,0,0,0.02361282
Home_01_video_1,data/keypoints_le2i/Home_01_video_1.npz,226,250,0,0,0,0.022741156
Home_01_video_1,data/keypoints_le2i/Home_01_video_1.npz,231,255,0,0,0,0.021138668
Home_01_video_1,data/keypoints_le2i/Home_01_video_1.npz,236,260,0,0,0,0.019552251
Home_01_video_18,data/keypoints_le2i/Home_01_video_18.npz,1,25,0,0,0,3.3544043e-14
Home_01_video_18,data/keypoints_le2i/Home_01_video_18.npz,6,30,0,0,0,8.2017983e-14
Home_01_video_18,data/keypoints_le2i/Home_01_video_18.npz,11,35,0,0,0,3.3696516e-15
Home_01_video_18,data/keypoints_le2i/Home_01_video_18.npz,16,40,0,0,0,3.5471402e-19
Home_01_video_18,data/keypoints_le2i/Home_01_video_18.npz,21,45,0,0,0,3.0941776e-19
Home_01_video_18,data/keypoints_le2i/Home_01_video_18.npz,26,50,0,0,0,7.0427956e-19
Home_01_video_18,data/keypoints_le2i/Home_01_video_18.npz,31,55,0,0,0,6.6697054e-37
Home_01_video_18,data/keypoints_le2i/Home_01_video_18.npz,36,60,0,0,0,1.22869e-40
Home_01_video_18,data/keypoints_le2i/Home_01_video_18.npz,41,65,0,0,0,1.2124813e-15
Home_01_video_18,data/keypoints_le2i/Home_01_video_18.npz,46,70,0,0,0,2.1407386e-14
Home_01_video_18,data/keypoints_le2i/Home_01_video_18.npz,51,75,0,0,0,1.1974251e-12
Home_01_video_18,data/keypoints_le2i/Home_01_video_18.npz,56,80,0,0,0,1.14206864e-11
Home_01_video_18,data/keypoints_le2i/Home_01_video_18.npz,61,85,0,0,0,6.1335564e-10
Home_01_video_18,data/keypoints_le2i/Home_01_video_18.npz,66,90,0,0,0,5.5268963e-09
Home_01_video_18,data/keypoints_le2i/Home_01_video_18.npz,71,95,0,0,0,1.931952e-08
Home_01_video_18,data/keypoints_le2i/Home_01_video_18.npz,76,100,0,0,0,4.912555e-13
Home_01_video_18,data/keypoints_le2i/Home_01_video_18.npz,81,105,0,0,0,4.9988486e-14
Home_01_video_18,data/keypoints_le2i/Home_01_video_18.npz,86,110,0,0,0,2.463485e-15
Home_01_video_18,data/keypoints_le2i/Home_01_video_18.npz,91,115,0,0,0,1.914241e-14
Home_01_video_18,data/keypoints_le2i/Home_01_video_18.npz,96,120,0,0,0,1.2835755e-14
Home_01_video_18,data/keypoints_le2i/Home_01_video_18.npz,101,125,0,0,0,2.1143317e-12
Home_01_video_18,data/keypoints_le2i/Home_01_video_18.npz,106,130,0,0,0,1.5795879e-09
Home_01_video_18,data/keypoints_le2i/Home_01_video_18.npz,111,135,0,0,0,0.097570665
Home_01_video_18,data/keypoints_le2i/Home_01_video_18.npz,116,140,0,0,1,0.97501165
Home_01_video_18,data/keypoints_le2i/Home_01_video_18.npz,121,145,0,0,1,0.9969382
Home_01_video_18,data/keypoints_le2i/Home_01_video_18.npz,126,150,1,1,1,0.9981674
Home_01_video_18,data/keypoints_le2i/Home_01_video_18.npz,131,155,1,1,1,0.9731396
Home_01_video_18,data/keypoints_le2i/Home_01_video_18.npz,136,160,1,1,0,0.4516474
Home_01_video_18,data/keypoints_le2i/Home_01_video_18.npz,141,165,0,0,0,0.07179328
Home_01_video_18,data/keypoints_le2i/Home_01_video_18.npz,146,170,0,0,0,0.03400723
Home_01_video_18,data/keypoints_le2i/Home_01_video_18.npz,151,175,0,0,0,0.05746543
Home_01_video_18,data/keypoints_le2i/Home_01_video_18.npz,156,180,0,0,0,0.009294127
Home_01_video_18,data/keypoints_le2i/Home_01_video_18.npz,161,185,0,0,0,0.009921531
Home_01_video_18,data/keypoints_le2i/Home_01_video_18.npz,166,190,0,0,0,0.010465179
Home_01_video_18,data/keypoints_le2i/Home_01_video_18.npz,171,195,0,0,0,0.011673282
Home_01_video_18,data/keypoints_le2i/Home_01_video_18.npz,176,200,0,0,0,0.011778376
Home_01_video_18,data/keypoints_le2i/Home_01_video_18.npz,181,205,0,0,0,0.012996344
Home_01_video_18,data/keypoints_le2i/Home_01_video_18.npz,186,210,0,0,0,0.012533609
Home_01_video_18,data/keypoints_le2i/Home_01_video_18.npz,191,215,0,0,0,0.012090134
Home_01_video_21,data/keypoints_le2i/Home_01_video_21.npz,1,25,0,0,0,9.062664e-14
Home_01_video_21,data/keypoints_le2i/Home_01_video_21.npz,6,30,0,0,0,4.163759e-15
Home_01_video_21,data/keypoints_le2i/Home_01_video_21.npz,11,35,0,0,0,4.164874e-21
Home_01_video_21,data/keypoints_le2i/Home_01_video_21.npz,16,40,0,0,0,1.0146913e-36
Home_01_video_21,data/keypoints_le2i/Home_01_video_21.npz,21,45,0,0,0,9.41454e-39
Home_01_video_21,data/keypoints_le2i/Home_01_video_21.npz,26,50,0,0,0,1.2386727e-27
Home_01_video_21,data/keypoints_le2i/Home_01_video_21.npz,31,55,0,0,0,4.794858e-28
Home_01_video_21,data/keypoints_le2i/Home_01_video_21.npz,36,60,0,0,0,4.8710074e-24
Home_01_video_21,data/keypoints_le2i/Home_01_video_21.npz,41,65,0,0,0,1.1921593e-22
Home_01_video_21,data/keypoints_le2i/Home_01_video_21.npz,46,70,0,0,0,4.420771e-20
Home_01_video_21,data/keypoints_le2i/Home_01_video_21.npz,51,75,0,0,0,4.018429e-17
Home_01_video_21,data/keypoints_le2i/Home_01_video_21.npz,56,80,0,0,0,2.1771814e-10
Home_01_video_21,data/keypoints_le2i/Home_01_video_21.npz,61,85,0,0,0,2.828149e-09
Home_01_video_21,data/keypoints_le2i/Home_01_video_21.npz,66,90,0,0,0,1.7659573e-08
Home_01_video_21,data/keypoints_le2i/Home_01_video_21.npz,71,95,0,0,0,1.2211336e-07
Home_01_video_21,data/keypoints_le2i/Home_01_video_21.npz,76,100,0,0,0,1.189593e-06
Home_01_video_21,data/keypoints_le2i/Home_01_video_21.npz,81,105,0,0,0,9.586368e-29
Home_01_video_21,data/keypoints_le2i/Home_01_video_21.npz,86,110,0,0,0,4.252905e-28
Home_01_video_21,data/keypoints_le2i/Home_01_video_21.npz,91,115,0,0,0,1.1038732e-27
Home_01_video_21,data/keypoints_le2i/Home_01_video_21.npz,96,120,0,0,0,4.5894265e-28
Home_01_video_21,data/keypoints_le2i/Home_01_video_21.npz,101,125,0,0,0,1.0036818e-27
Home_01_video_21,data/keypoints_le2i/Home_01_video_21.npz,106,130,0,0,0,3.7310068e-28
Home_01_video_21,data/keypoints_le2i/Home_01_video_21.npz,111,135,0,0,0,0.0022210672
Home_01_video_21,data/keypoints_le2i/Home_01_video_21.npz,116,140,0,0,0,0.028130662
Home_01_video_21,data/keypoints_le2i/Home_01_video_21.npz,121,145,0,0,0,0.06744867
Home_01_video_21,data/keypoints_le2i/Home_01_video_21.npz,126,150,0,0,0,0.15502177
Home_01_video_21,data/keypoints_le2i/Home_01_video_21.npz,131,155,0,0,0,0.3550272
Home_01_video_21,data/keypoints_le2i/Home_01_video_21.npz,136,160,1,1,1,0.84313685
Home_01_video_21,data/keypoints_le2i/Home_01_video_21.npz,141,165,1,1,1,0.9287078
Home_01_video_21,data/keypoints_le2i/Home_01_video_21.npz,146,170,0,0,1,0.86165625
Home_01_video_21,data/keypoints_le2i/Home_01_video_21.npz,151,175,0,0,0,0.13651581
Home_01_video_21,data/keypoints_le2i/Home_01_video_21.npz,156,180,0,0,0,0.0049494766
Home_01_video_21,data/keypoints_le2i/Home_01_video_21.npz,161,185,0,0,0,0.002961395
Home_01_video_21,data/keypoints_le2i/Home_01_video_21.npz,166,190,0,0,0,0.0005261186
Home_01_video_21,data/keypoints_le2i/Home_01_video_21.npz,171,195,0,0,0,0.00051772804
Home_01_video_21,data/keypoints_le2i/Home_01_video_21.npz,176,200,0,0,0,0.00051591394
Home_01_video_21,data/keypoints_le2i/Home_01_video_21.npz,181,205,0,0,0,0.00050922617
Home_01_video_21,data/keypoints_le2i/Home_01_video_21.npz,186,210,0,0,0,0.00050686754
Home_01_video_21,data/keypoints_le2i/Home_01_video_21.npz,191,215,0,0,0,0.00050134456
Home_01_video_23,data/keypoints_le2i/Home_01_video_23.npz,1,25,0,0,0,2.0270735e-29
Home_01_video_23,data/keypoints_le2i/Home_01_video_23.npz,6,30,0,0,0,3.0675067e-37
Home_01_video_23,data/keypoints_le2i/Home_01_video_23.npz,11,35,0,0,0,5.250488e-38
Home_01_video_23,data/keypoints_le2i/Home_01_video_23.npz,16,40,0,0,0,1.5459789e-38
Home_01_video_23,data/keypoints_le2i/Home_01_video_23.npz,21,45,0,0,0,1.2885049e-38
Home_01_video_23,data/keypoints_le2i/Home_01_video_23.npz,26,50,0,0,0,2.0392952e-38
Home_01_video_23,data/keypoints_le2i/Home_01_video_23.npz,31,55,0,0,0,2.0392952e-38
Home_01_video_23,data/keypoints_le2i/Home_01_video_23.npz,46,70,0,0,0,1.4381808e-18
Home_01_video_23,data/keypoints_le2i/Home_01_video_23.npz,51,75,0,0,0,1.8560049e-17
Home_01_video_23,data/keypoints_le2i/Home_01_video_23.npz,56,80,0,0,0,1.0550813e-18
Home_01_video_23,data/keypoints_le2i/Home_01_video_23.npz,61,85,0,0,0,5.384069e-16
Home_01_video_23,data/keypoints_le2i/Home_01_video_23.npz,66,90,0,0,0,3.525412e-17
Home_01_video_23,data/keypoints_le2i/Home_01_video_23.npz,71,95,0,0,0,2.9719027e-16
Home_01_video_23,data/keypoints_le2i/Home_01_video_23.npz,76,100,0,0,0,2.6233193e-13
Home_01_video_23,data/keypoints_le2i/Home_01_video_23.npz,81,105,0,0,0,1.358606e-08
Home_01_video_23,data/keypoints_le2i/Home_01_video_23.npz,86,110,0,0,0,3.812855e-05
Home_01_video_23,data/keypoints_le2i/Home_01_video_23.npz,91,115,0,0,0,0.000155393
Home_01_video_23,data/keypoints_le2i/Home_01_video_23.npz,96,120,0,0,0,4.3417967e-05
Home_01_video_23,data/keypoints_le2i/Home_01_video_23.npz,101,125,0,0,0,1.8938618e-12
Home_01_video_23,data/keypoints_le2i/Home_01_video_23.npz,106,130,0,0,0,2.5209858e-34
Home_01_video_23,data/keypoints_le2i/Home_01_video_23.npz,111,135,0,0,0,2.7833968e-34
Home_01_video_23,data/keypoints_le2i/Home_01_video_23.npz,116,140,0,0,0,6.266959e-33
Home_01_video_23,data/keypoints_le2i/Home_01_video_23.npz,121,145,0,0,0,7.3674644e-31
Home_01_video_23,data/keypoints_le2i/Home_01_video_23.npz,126,150,0,0,0,7.0998625e-30
Home_01_video_23,data/keypoints_le2i/Home_01_video_23.npz,131,155,0,0,0,1.3268017e-24
Home_01_video_23,data/keypoints_le2i/Home_01_video_23.npz,136,160,0,0,0,9.565952e-06
Home_01_video_23,data/keypoints_le2i/Home_01_video_23.npz,141,165,0,0,0,2.8689922e-07
Home_01_video_23,data/keypoints_le2i/Home_01_video_23.npz,146,170,0,0,0,0.0010462801
Home_01_video_23,data/keypoints_le2i/Home_01_video_23.npz,151,175,0,0,0,0.41472498
Home_01_video_23,data/keypoints_le2i/Home_01_video_23.npz,156,180,1,1,1,0.9992822
Home_01_video_23,data/keypoints_le2i/Home_01_video_23.npz,161,185,1,1,1,0.9996525
Home_01_video_23,data/keypoints_le2i/Home_01_video_23.npz,166,190,0,0,1,0.94409436
Home_01_video_23,data/keypoints_le2i/Home_01_video_23.npz,171,195,0,0,0,0.15953875
Home_01_video_23,data/keypoints_le2i/Home_01_video_23.npz,176,200,0,0,0,0.009042163
Home_01_video_23,data/keypoints_le2i/Home_01_video_23.npz,181,205,0,0,0,0.00055605656
Home_01_video_23,data/keypoints_le2i/Home_01_video_23.npz,186,210,0,0,0,0.00030540104
Home_01_video_23,data/keypoints_le2i/Home_01_video_23.npz,191,215,0,0,0,0.00022666095
Home_01_video_23,data/keypoints_le2i/Home_01_video_23.npz,196,220,0,0,0,0.00083375047
Home_01_video_23,data/keypoints_le2i/Home_01_video_23.npz,201,225,0,0,0,0.00085989136
Home_01_video_23,data/keypoints_le2i/Home_01_video_23.npz,206,230,0,0,0,0.00094199704
Home_01_video_23,data/keypoints_le2i/Home_01_video_23.npz,211,235,0,0,0,0.0010743493
Home_01_video_23,data/keypoints_le2i/Home_01_video_23.npz,216,240,0,0,0,0.001346654
Home_01_video_24,data/keypoints_le2i/Home_01_video_24.npz,1,25,0,0,0,1.4495286e-23
Home_01_video_24,data/keypoints_le2i/Home_01_video_24.npz,6,30,0,0,0,8.67113e-24
Home_01_video_24,data/keypoints_le2i/Home_01_video_24.npz,11,35,0,0,0,1e-44
Home_01_video_24,data/keypoints_le2i/Home_01_video_24.npz,16,40,0,0,0,1.3e-44
Home_01_video_24,data/keypoints_le2i/Home_01_video_24.npz,21,45,0,0,0,4.3e-44
Home_01_video_24,data/keypoints_le2i/Home_01_video_24.npz,26,50,0,0,0,6.2e-44
Home_01_video_24,data/keypoints_le2i/Home_01_video_24.npz,31,55,0,0,0,4.2e-44
Home_01_video_24,data/keypoints_le2i/Home_01_video_24.npz,36,60,0,0,0,3.6e-44
Home_01_video_24,data/keypoints_le2i/Home_01_video_24.npz,41,65,0,0,0,6e-44
Home_01_video_24,data/keypoints_le2i/Home_01_video_24.npz,46,70,0,0,0,1.825681e-27
Home_01_video_24,data/keypoints_le2i/Home_01_video_24.npz,51,75,0,0,0,2.3678928e-28
Home_01_video_24,data/keypoints_le2i/Home_01_video_24.npz,56,80,0,0,0,1.0503214e-28
Home_01_video_24,data/keypoints_le2i/Home_01_video_24.npz,61,85,0,0,0,8.35411e-29
Home_01_video_24,data/keypoints_le2i/Home_01_video_24.npz,66,90,0,0,0,7.614807e-29
Home_01_video_24,data/keypoints_le2i/Home_01_video_24.npz,86,110,0,0,0,4.061346e-33
Home_01_video_24,data/keypoints_le2i/Home_01_video_24.npz,91,115,0,0,0,5.984199e-32
Home_01_video_24,data/keypoints_le2i/Home_01_video_24.npz,96,120,0,0,0,2.5692426e-30
Home_01_video_24,data/keypoints_le2i/Home_01_video_24.npz,101,125,0,0,0,1.227312e-15
Home_01_video_24,data/keypoints_le2i/Home_01_video_24.npz,106,130,0,0,0,0.0008878549
Home_01_video_24,data/keypoints_le2i/Home_01_video_24.npz,111,135,0,0,0,0.089333475
Home_01_video_24,data/keypoints_le2i/Home_01_video_24.npz,116,140,0,0,1,0.59540117
Home_01_video_24,data/keypoints_le2i/Home_01_video_24.npz,121,145,1,1,1,0.940314
Home_01_video_24,data/keypoints_le2i/Home_01_video_24.npz,126,150,1,1,1,0.9743343
Home_01_video_24,data/keypoints_le2i/Home_01_video_24.npz,131,155,0,0,1,0.78116685
Home_01_video_24,data/keypoints_le2i/Home_01_video_24.npz,136,160,0,0,0,0.081166685
Home_01_video_24,data/keypoints_le2i/Home_01_video_24.npz,141,165,0,0,0,0.01149581
Home_01_video_24,data/keypoints_le2i/Home_01_video_24.npz,146,170,0,0,0,0.010727599
Home_01_video_24,data/keypoints_le2i/Home_01_video_24.npz,151,175,0,0,0,0.001246775
Home_01_video_24,data/keypoints_le2i/Home_01_video_24.npz,156,180,0,0,0,0.0012492192
Home_01_video_24,data/keypoints_le2i/Home_01_video_24.npz,161,185,0,0,0,1.7005423e-05
Home_01_video_24,data/keypoints_le2i/Home_01_video_24.npz,166,190,0,0,0,1.6708624e-05
Home_01_video_28,data/keypoints_le2i/Home_01_video_28.npz,1,25,0,0,0,1.4883353e-17
Home_01_video_28,data/keypoints_le2i/Home_01_video_28.npz,6,30,0,0,0,1.5400268e-17
Home_01_video_28,data/keypoints_le2i/Home_01_video_28.npz,11,35,0,0,0,1.7046348e-17
Home_01_video_28,data/keypoints_le2i/Home_01_video_28.npz,16,40,0,0,0,1.6638008e-17
Home_01_video_28,data/keypoints_le2i/Home_01_video_28.npz,21,45,0,0,0,1.28938896e-17
Home_01_video_28,data/keypoints_le2i/Home_01_video_28.npz,26,50,0,0,0,9.3852376e-18
Home_01_video_28,data/keypoints_le2i/Home_01_video_28.npz,31,55,0,0,0,9.76685e-18
Home_01_video_28,data/keypoints_le2i/Home_01_video_28.npz,36,60,0,0,0,1.1164821e-17
Home_01_video_28,data/keypoints_le2i/Home_01_video_28.npz,41,65,0,0,0,4.9655412e-18
Home_01_video_28,data/keypoints_le2i/Home_01_video_28.npz,46,70,0,0,0,1.7625933e-18
Home_01_video_28,data/keypoints_le2i/Home_01_video_28.npz,51,75,0,0,0,8.4885236e-20
Home_01_video_28,data/keypoints_le2i/Home_01_video_28.npz,56,80,0,0,0,2.7547467e-21
Home_01_video_28,data/keypoints_le2i/Home_01_video_28.npz,61,85,0,0,0,5.3606163e-19
Home_01_video_28,data/keypoints_le2i/Home_01_video_28.npz,66,90,0,0,0,7.7481703e-19
Home_01_video_28,data/keypoints_le2i/Home_01_video_28.npz,71,95,0,0,0,3.0520444e-20
Home_01_video_28,data/keypoints_le2i/Home_01_video_28.npz,76,100,0,0,0,6.314241e-23
Home_01_video_28,data/keypoints_le2i/Home_01_video_28.npz,81,105,0,0,0,5.454429e-27
Home_01_video_28,data/keypoints_le2i/Home_01_video_28.npz,86,110,0,0,0,3.0357e-32
Home_01_video_28,data/keypoints_le2i/Home_01_video_28.npz,91,115,0,0,0,1.2556093e-34
Home_01_video_28,data/keypoints_le2i/Home_01_video_28.npz,96,120,0,0,0,4.693255e-32
Home_01_video_28,data/keypoints_le2i/Home_01_video_28.npz,101,125,0,0,0,4.9582423e-30
Home_01_video_28,data/keypoints_le2i/Home_01_video_28.npz,106,130,0,0,0,1.1174254e-29
Home_01_video_28,data/keypoints_le2i/Home_01_video_28.npz,111,135,0,0,0,1.1364222e-28
Home_01_video_28,data/keypoints_le2i/Home_01_video_28.npz,116,140,0,0,0,7e-45
Home_01_video_28,data/keypoints_le2i/Home_01_video_28.npz,121,145,0,0,0,1.4998502e-37
Home_01_video_28,data/keypoints_le2i/Home_01_video_28.npz,126,150,0,0,0,9.3707973e-38
Home_01_video_28,data/keypoints_le2i/Home_01_video_28.npz,131,155,0,0,0,4.5501773e-32
Home_01_video_28,data/keypoints_le2i/Home_01_video_28.npz,136,160,0,0,0,8.9206106e-33
Home_01_video_28,data/keypoints_le2i/Home_01_video_28.npz,141,165,0,0,0,3.3273447e-31
Home_01_video_28,data/keypoints_le2i/Home_01_video_28.npz,146,170,0,0,0,3.9638455e-26
Home_01_video_28,data/keypoints_le2i/Home_01_video_28.npz,151,175,0,0,0,2.0750095e-14
Home_01_video_28,data/keypoints_le2i/Home_01_video_28.npz,156,180,0,0,0,1.317675e-06
Home_01_video_28,data/keypoints_le2i/Home_01_video_28.npz,161,185,1,1,0,0.006201134
Home_01_video_28,data/keypoints_le2i/Home_01_video_28.npz,166,190,1,1,0,0.040425446
Home_01_video_28,data/keypoints_le2i/Home_01_video_28.npz,171,195,0,0,0,0.002287825
Home_01_video_5,data/keypoints_le2i/Home_01_video_5.npz,1,25,0,0,0,2.1815978e-12
Home_01_video_5,data/keypoints_le2i/Home_01_video_5.npz,6,30,0,0,0,2.8025577e-12
Home_01_video_5,data/keypoints_le2i/Home_01_video_5.npz,11,35,0,0,0,3.512822e-12
Home_01_video_5,data/keypoints_le2i/Home_01_video_5.npz,16,40,0,0,0,4.1945497e-12
Home_01_video_5,data/keypoints_le2i/Home_01_video_5.npz,21,45,0,0,0,5.5290703e-12
Home_01_video_5,data/keypoints_le2i/Home_01_video_5.npz,26,50,0,0,0,5.4404853e-12
Home_01_video_5,data/keypoints_le2i/Home_01_video_5.npz,31,55,0,0,0,3.919935e-12
Home_01_video_5,data/keypoints_le2i/Home_01_video_5.npz,36,60,0,0,0,4.1411137e-12
Home_01_video_5,data/keypoints_le2i/Home_01_video_5.npz,41,65,0,0,0,6.571346e-12
Home_01_video_5,data/keypoints_le2i/Home_01_video_5.npz,46,70,0,0,0,2.4998323e-11
Home_01_video_5,data/keypoints_le2i/Home_01_video_5.npz,51,75,0,0,0,5.041639e-11
Home_01_video_5,data/keypoints_le2i/Home_01_video_5.npz,56,80,0,0,0,9.464657e-11
Home_01_video_5,data/keypoints_le2i/Home_01_video_5.npz,61,85,0,0,0,4.3699335e-13
Home_01_video_5,data/keypoints_le2i/Home_01_video_5.npz,66,90,0,0,0,6.637624e-14
Home_01_video_5,data/keypoints_le2i/Home_01_video_5.npz,71,95,0,0,0,3.9909696e-13
Home_01_video_5,data/keypoints_le2i/Home_01_video_5.npz,76,100,0,0,0,1.4143118e-12
Home_01_video_5,data/keypoints_le2i/Home_01_video_5.npz,81,105,0,0,0,6.7724723e-12
Home_01_video_5,data/keypoints_le2i/Home_01_video_5.npz,86,110,0,0,0,2.0635825e-11
Home_01_video_5,data/keypoints_le2i/Home_01_video_5.npz,91,115,0,0,0,2.0868644e-11
Home_01_video_8,data/keypoints_le2i/Home_01_video_8.npz,46,70,0,0,0,1.22e-43
Home_01_video_8,data/keypoints_le2i/Home_01_video_8.npz,51,75,0,0,0,4.84e-41
Home_01_video_8,data/keypoints_le2i/Home_01_video_8.npz,56,80,0,0,0,2.9032477e-38
Home_01_video_8,data/keypoints_le2i/Home_01_video_8.npz,61,85,0,0,0,1.3449406e-35
Home_01_video_8,data/keypoints_le2i/Home_01_video_8.npz,66,90,0,0,0,1.9634676e-32
Home_01_video_8,data/keypoints_le2i/Home_01_video_8.npz,71,95,0,0,0,4.872644e-31
Home_01_video_8,data/keypoints_le2i/Home_01_video_8.npz,76,100,0,0,0,3.120359e-28
Home_01_video_8,data/keypoints_le2i/Home_01_video_8.npz,81,105,0,0,0,1.7970845e-24
Home_01_video_8,data/keypoints_le2i/Home_01_video_8.npz,86,110,0,0,0,1.141139e-22
Home_01_video_8,data/keypoints_le2i/Home_01_video_8.npz,91,115,0,0,0,2.455553e-18
Home_01_video_8,data/keypoints_le2i/Home_01_video_8.npz,96,120,0,0,0,2.1109572e-10
Home_01_video_8,data/keypoints_le2i/Home_01_video_8.npz,101,125,0,0,0,0.07307225
Home_01_video_8,data/keypoints_le2i/Home_01_video_8.npz,106,130,0,0,1,0.75824577
Home_01_video_8,data/keypoints_le2i/Home_01_video_8.npz,111,135,0,0,1,0.9927263
Home_01_video_8,data/keypoints_le2i/Home_01_video_8.npz,116,140,1,1,1,0.9996202
Home_01_video_8,data/keypoints_le2i/Home_01_video_8.npz,121,145,1,1,1,0.9979893
Home_01_video_8,data/keypoints_le2i/Home_01_video_8.npz,126,150,1,1,1,0.98852545
Home_01_video_8,data/keypoints_le2i/Home_01_video_8.npz,131,155,0,0,1,0.89328164
Home_01_video_8,data/keypoints_le2i/Home_01_video_8.npz,136,160,0,0,0,0.28984672
Home_01_video_8,data/keypoints_le2i/Home_01_video_8.npz,141,165,0,0,0,0.021043845
Home_01_video_8,data/keypoints_le2i/Home_01_video_8.npz,146,170,0,0,0,0.010190843
Home_01_video_8,data/keypoints_le2i/Home_01_video_8.npz,151,175,0,0,0,0.022496963
Home_01_video_8,data/keypoints_le2i/Home_01_video_8.npz,156,180,0,0,0,0.025784547
Home_01_video_8,data/keypoints_le2i/Home_01_video_8.npz,161,185,0,0,0,0.021471964
Home_01_video_8,data/keypoints_le2i/Home_01_video_8.npz,166,190,0,0,0,0.0029595343
Home_01_video_8,data/keypoints_le2i/Home_01_video_8.npz,171,195,0,0,0,3.4049205e-07
Home_01_video_8,data/keypoints_le2i/Home_01_video_8.npz,176,200,0,0,0,1.7371756e-09
Home_01_video_8,data/keypoints_le2i/Home_01_video_8.npz,181,205,0,0,0,2.8596863e-09
Home_01_video_8,data/keypoints_le2i/Home_01_video_8.npz,186,210,0,0,0,3.589024e-10
Home_01_video_8,data/keypoints_le2i/Home_01_video_8.npz,191,215,0,0,0,9.4784796e-14
Home_01_video_8,data/keypoints_le2i/Home_01_video_8.npz,196,220,0,0,0,3.838476e-19
Home_01_video_8,data/keypoints_le2i/Home_01_video_8.npz,201,225,0,0,0,1.4843853e-22
Home_01_video_8,data/keypoints_le2i/Home_01_video_8.npz,206,230,0,0,0,2.2638823e-23
Home_01_video_8,data/keypoints_le2i/Home_01_video_8.npz,211,235,0,0,0,1.8230134e-22
Home_01_video_8,data/keypoints_le2i/Home_01_video_8.npz,216,240,0,0,0,1.793307e-21
Home_01_video_8,data/keypoints_le2i/Home_01_video_8.npz,221,245,0,0,0,1.9739466e-22
Home_01_video_8,data/keypoints_le2i/Home_01_video_8.npz,226,250,0,0,0,3.955815e-23
Home_01_video_8,data/keypoints_le2i/Home_01_video_8.npz,231,255,0,0,0,1.9147747e-17
Home_01_video_8,data/keypoints_le2i/Home_01_video_8.npz,236,260,0,0,0,2.8688854e-13
Home_01_video_8,data/keypoints_le2i/Home_01_video_8.npz,241,265,0,0,0,1.2429334e-07
Home_01_video_8,data/keypoints_le2i/Home_01_video_8.npz,246,270,0,0,0,1.3085518e-07
Home_01_video_8,data/keypoints_le2i/Home_01_video_8.npz,251,275,0,0,0,1.1813773e-12
Home_01_video_8,data/keypoints_le2i/Home_01_video_8.npz,256,280,0,0,0,7.730544e-19
Home_01_video_8,data/keypoints_le2i/Home_01_video_8.npz,261,285,0,0,0,1.1972254e-25
Home_02_video_38,data/keypoints_le2i/Home_02_video_38.npz,1,25,0,0,0,3.795927e-27
Home_02_video_38,data/keypoints_le2i/Home_02_video_38.npz,6,30,0,0,0,4.7360166e-27
Home_02_video_38,data/keypoints_le2i/Home_02_video_38.npz,11,35,0,0,0,5.1585575e-27
Home_02_video_38,data/keypoints_le2i/Home_02_video_38.npz,16,40,0,0,0,3.683731e-27
Home_02_video_38,data/keypoints_le2i/Home_02_video_38.npz,21,45,0,0,0,1.2460897e-27
Home_02_video_38,data/keypoints_le2i/Home_02_video_38.npz,26,50,0,0,0,5.004194e-28
Home_02_video_38,data/keypoints_le2i/Home_02_video_38.npz,31,55,0,0,0,4.7307185e-30
Home_02_video_38,data/keypoints_le2i/Home_02_video_38.npz,36,60,0,0,0,9.046071e-32
Home_02_video_38,data/keypoints_le2i/Home_02_video_38.npz,41,65,0,0,0,1.2263947e-30
Home_02_video_38,data/keypoints_le2i/Home_02_video_38.npz,46,70,0,0,0,1.0011832e-30
Home_02_video_38,data/keypoints_le2i/Home_02_video_38.npz,51,75,0,0,0,8.556912e-31
Home_02_video_38,data/keypoints_le2i/Home_02_video_38.npz,56,80,0,0,0,4.356575e-32
Home_02_video_38,data/keypoints_le2i/Home_02_video_38.npz,61,85,0,0,0,2.0356552e-33
Home_02_video_38,data/keypoints_le2i/Home_02_video_38.npz,66,90,0,0,0,1.6192892e-37
Home_02_video_38,data/keypoints_le2i/Home_02_video_38.npz,71,95,0,0,0,1.2432909e-38
Home_02_video_38,data/keypoints_le2i/Home_02_video_38.npz,76,100,0,0,0,4.400069e-39
Home_02_video_38,data/keypoints_le2i/Home_02_video_38.npz,81,105,0,0,0,7.471132e-39
Home_02_video_38,data/keypoints_le2i/Home_02_video_38.npz,86,110,0,0,0,1.4649098e-38
Home_02_video_38,data/keypoints_le2i/Home_02_video_38.npz,91,115,0,0,0,1.3464323e-38
Home_02_video_38,data/keypoints_le2i/Home_02_video_38.npz,96,120,0,0,0,3.1282553e-24
Home_02_video_38,data/keypoints_le2i/Home_02_video_38.npz,101,125,0,0,0,1.0218642e-24
Home_02_video_38,data/keypoints_le2i/Home_02_video_38.npz,106,130,0,0,0,6.15891e-26
Home_02_video_38,data/keypoints_le2i/Home_02_video_38.npz,111,135,0,0,0,2.1719985e-27
Home_02_video_38,data/keypoints_le2i/Home_02_video_38.npz,116,140,0,0,0,8.321921e-29
Home_02_video_38,data/keypoints_le2i/Home_02_video_38.npz,121,145,0,0,0,9.716214e-30
Home_02_video_38,data/keypoints_le2i/Home_02_video_38.npz,126,150,0,0,0,4.2465785e-30
Home_02_video_38,data/keypoints_le2i/Home_02_video_38.npz,131,155,0,0,0,6.093448e-35
Home_02_video_38,data/keypoints_le2i/Home_02_video_38.npz,136,160,0,0,0,8.5373325e-35
Home_02_video_38,data/keypoints_le2i/Home_02_video_38.npz,141,165,0,0,0,1.6009576e-34
Home_02_video_38,data/keypoints_le2i/Home_02_video_38.npz,146,170,0,0,0,3.0940832e-34
Home_02_video_38,data/keypoints_le2i/Home_02_video_38.npz,151,175,0,0,0,3.992328e-34
Home_02_video_38,data/keypoints_le2i/Home_02_video_38.npz,156,180,0,0,0,1.583232e-31
Home_02_video_38,data/keypoints_le2i/Home_02_video_38.npz,161,185,0,0,0,3.6736497e-30
Home_02_video_38,data/keypoints_le2i/Home_02_video_38.npz,166,190,0,0,0,3.217025e-30
Home_02_video_39,data/keypoints_le2i/Home_02_video_39.npz,1,25,0,0,0,4.9126593e-16
Home_02_video_39,data/keypoints_le2i/Home_02_video_39.npz,6,30,0,0,0,9.934163e-13
Home_02_video_39,data/keypoints_le2i/Home_02_video_39.npz,11,35,0,0,0,4.8698936e-16
Home_02_video_39,data/keypoints_le2i/Home_02_video_39.npz,16,40,0,0,0,8.51608e-23
Home_02_video_39,data/keypoints_le2i/Home_02_video_39.npz,21,45,0,0,0,1.0989904e-28
Home_02_video_39,data/keypoints_le2i/Home_02_video_39.npz,26,50,0,0,0,5.4379427e-31
Home_02_video_39,data/keypoints_le2i/Home_02_video_39.npz,31,55,0,0,0,9.312677e-30
Home_02_video_39,data/keypoints_le2i/Home_02_video_39.npz,36,60,0,0,0,5.552211e-28
Home_02_video_39,data/keypoints_le2i/Home_02_video_39.npz,41,65,0,0,0,2.3258108e-26
Home_02_video_39,data/keypoints_le2i/Home_02_video_39.npz,46,70,0,0,0,1.1409855e-24
Home_02_video_39,data/keypoints_le2i/Home_02_video_39.npz,51,75,0,0,0,1.0126866e-24
Home_02_video_39,data/keypoints_le2i/Home_02_video_39.npz,56,80,0,0,0,7.8690507e-25
Home_02_video_39,data/keypoints_le2i/Home_02_video_39.npz,61,85,0,0,0,9.333685e-25
Home_02_video_39,data/keypoints_le2i/Home_02_video_39.npz,66,90,0,0,0,7.364453e-25
Home_02_video_39,data/keypoints_le2i/Home_02_video_39.npz,71,95,0,0,0,1.7413223e-24
Home_02_video_39,data/keypoints_le2i/Home_02_video_39.npz,76,100,0,0,0,2.0693628e-24
Home_02_video_39,data/keypoints_le2i/Home_02_video_39.npz,81,105,0,0,0,1.0079384e-24
Home_02_video_39,data/keypoints_le2i/Home_02_video_39.npz,86,110,0,0,0,1.1299706e-24
Home_02_video_39,data/keypoints_le2i/Home_02_video_39.npz,136,160,0,0,0,5.786781e-17
Home_02_video_39,data/keypoints_le2i/Home_02_video_39.npz,141,165,0,0,0,6.025221e-18
Home_02_video_39,data/keypoints_le2i/Home_02_video_39.npz,146,170,0,0,0,7.563344e-19
Home_02_video_39,data/keypoints_le2i/Home_02_video_39.npz,151,175,0,0,0,1.01222964e-19
Home_02_video_39,data/keypoints_le2i/Home_02_video_39.npz,156,180,0,0,0,6.364114e-20
Home_02_video_39,data/keypoints_le2i/Home_02_video_39.npz,161,185,0,0,0,1.6088614e-19
Home_02_video_39,data/keypoints_le2i/Home_02_video_39.npz,166,190,0,0,0,2.5602755e-19
Home_02_video_48,data/keypoints_le2i/Home_02_video_48.npz,1,25,0,0,0,7.528e-42
Home_02_video_48,data/keypoints_le2i/Home_02_video_48.npz,6,30,0,0,0,1.1321e-41
Home_02_video_48,data/keypoints_le2i/Home_02_video_48.npz,11,35,0,0,0,6.9692e-41
Home_02_video_48,data/keypoints_le2i/Home_02_video_48.npz,16,40,0,0,0,3.7573064e-33
Home_02_video_48,data/keypoints_le2i/Home_02_video_48.npz,21,45,0,0,0,1.9552818e-11
Home_02_video_48,data/keypoints_le2i/Home_02_video_48.npz,26,50,0,0,0,9.777589e-10
Home_02_video_48,data/keypoints_le2i/Home_02_video_48.npz,31,55,0,0,0,1.9207191e-09
Home_02_video_48,data/keypoints_le2i/Home_02_video_48.npz,36,60,0,0,0,9.09735e-11
Home_02_video_48,data/keypoints_le2i/Home_02_video_48.npz,41,65,0,0,0,6.3471825e-15
Home_02_video_48,data/keypoints_le2i/Home_02_video_48.npz,46,70,0,0,0,3.3378499e-21
Home_02_video_48,data/keypoints_le2i/Home_02_video_48.npz,51,75,0,0,0,0.0
Home_02_video_48,data/keypoints_le2i/Home_02_video_48.npz,56,80,0,0,0,0.0
Home_02_video_48,data/keypoints_le2i/Home_02_video_48.npz,61,85,0,0,0,0.0
Home_02_video_48,data/keypoints_le2i/Home_02_video_48.npz,66,90,0,0,0,9.7947e-41
Home_02_video_48,data/keypoints_le2i/Home_02_video_48.npz,71,95,0,0,0,1.357753e-39
Home_02_video_48,data/keypoints_le2i/Home_02_video_48.npz,76,100,0,0,0,1.9497433e-38
Home_02_video_48,data/keypoints_le2i/Home_02_video_48.npz,81,105,0,0,0,6.223018e-37
Home_02_video_48,data/keypoints_le2i/Home_02_video_48.npz,86,110,0,0,0,1.40963e-36
Home_02_video_48,data/keypoints_le2i/Home_02_video_48.npz,91,115,0,0,0,2.0078034e-36
Home_02_video_48,data/keypoints_le2i/Home_02_video_48.npz,96,120,0,0,0,3.849982e-37
Home_02_video_48,data/keypoints_le2i/Home_02_video_48.npz,101,125,0,0,0,1.8728393e-32
Home_02_video_48,data/keypoints_le2i/Home_02_video_48.npz,106,130,0,0,0,5.176675e-34
Home_02_video_48,data/keypoints_le2i/Home_02_video_48.npz,111,135,0,0,0,2.1968141e-34
Home_02_video_48,data/keypoints_le2i/Home_02_video_48.npz,116,140,0,0,0,1.8144765e-33
Home_02_video_48,data/keypoints_le2i/Home_02_video_48.npz,121,145,0,0,0,1.5178804e-33
Home_02_video_48,data/keypoints_le2i/Home_02_video_48.npz,126,150,0,0,0,1.963444e-33
Home_02_video_48,data/keypoints_le2i/Home_02_video_48.npz,131,155,0,0,0,9.280316e-34
Home_02_video_48,data/keypoints_le2i/Home_02_video_48.npz,136,160,0,0,0,7.7861835e-34
Home_02_video_48,data/keypoints_le2i/Home_02_video_48.npz,141,165,0,0,0,6.205225e-34
Home_02_video_48,data/keypoints_le2i/Home_02_video_48.npz,146,170,0,0,0,7.692387e-35
Home_02_video_48,data/keypoints_le2i/Home_02_video_48.npz,151,175,0,0,0,2.590597e-39
Home_02_video_58,data/keypoints_le2i/Home_02_video_58.npz,1,25,0,0,0,2.216439e-12
Home_02_video_58,data/keypoints_le2i/Home_02_video_58.npz,36,60,0,0,0,9.207735e-36
Home_02_video_58,data/keypoints_le2i/Home_02_video_58.npz,41,65,0,0,0,6.300004e-36
Home_02_video_58,data/keypoints_le2i/Home_02_video_58.npz,46,70,0,0,0,4.903791e-36
Home_02_video_58,data/keypoints_le2i/Home_02_video_58.npz,51,75,0,0,0,1.02294275e-35
Home_02_video_58,data/keypoints_le2i/Home_02_video_58.npz,56,80,0,0,0,1.4126522e-33
Home_02_video_58,data/keypoints_le2i/Home_02_video_58.npz,61,85,0,0,0,1.4764425e-33
Home_02_video_58,data/keypoints_le2i/Home_02_video_58.npz,66,90,0,0,0,6.117912e-10
Home_02_video_58,data/keypoints_le2i/Home_02_video_58.npz,71,95,0,0,0,1.3704445e-09
Home_02_video_58,data/keypoints_le2i/Home_02_video_58.npz,76,100,0,0,0,1.4424206e-09
Home_02_video_58,data/keypoints_le2i/Home_02_video_58.npz,81,105,0,0,0,3.5253322e-09
Home_02_video_58,data/keypoints_le2i/Home_02_video_58.npz,86,110,0,0,0,1.2694893e-08
Home_02_video_58,data/keypoints_le2i/Home_02_video_58.npz,91,115,0,0,0,3.6823334e-08
Home_02_video_58,data/keypoints_le2i/Home_02_video_58.npz,96,120,0,0,0,6.864365e-08
Home_02_video_58,data/keypoints_le2i/Home_02_video_58.npz,101,125,0,0,0,2.4822495e-21
Home_02_video_58,data/keypoints_le2i/Home_02_video_58.npz,106,130,0,0,0,7.831002e-22
Home_02_video_58,data/keypoints_le2i/Home_02_video_58.npz,111,135,0,0,0,4.659527e-22
Home_02_video_58,data/keypoints_le2i/Home_02_video_58.npz,116,140,0,0,0,2.918956e-34
Home_02_video_58,data/keypoints_le2i/Home_02_video_58.npz,121,145,0,0,0,2.918956e-34
Home_02_video_58,data/keypoints_le2i/Home_02_video_58.npz,126,150,0,0,0,2.918956e-34
Home_02_video_58,data/keypoints_le2i/Home_02_video_58.npz,151,175,0,0,0,1.7593232e-09
Home_02_video_58,data/keypoints_le2i/Home_02_video_58.npz,156,180,0,0,0,1.2733657e-10
Home_02_video_58,data/keypoints_le2i/Home_02_video_58.npz,161,185,0,0,0,2.0073675e-13
Home_02_video_58,data/keypoints_le2i/Home_02_video_58.npz,166,190,0,0,0,7.544822e-17
Home_02_video_58,data/keypoints_le2i/Home_02_video_58.npz,171,195,0,0,0,3.052698e-19
Home_02_video_58,data/keypoints_le2i/Home_02_video_58.npz,176,200,0,0,0,1.9791511e-20
Home_02_video_58,data/keypoints_le2i/Home_02_video_58.npz,181,205,0,0,0,1.2915636e-19
Home_02_video_58,data/keypoints_le2i/Home_02_video_58.npz,186,210,0,0,0,8.249799e-20
Home_02_video_58,data/keypoints_le2i/Home_02_video_58.npz,191,215,0,0,0,1.9346719e-17
Home_02_video_58,data/keypoints_le2i/Home_02_video_58.npz,196,220,0,0,0,2.2142623e-20
Home_02_video_58,data/keypoints_le2i/Home_02_video_58.npz,201,225,0,0,0,1.2135557e-21
Home_02_video_58,data/keypoints_le2i/Home_02_video_58.npz,206,230,0,0,0,2.5438759e-23
Home_02_video_58,data/keypoints_le2i/Home_02_video_58.npz,211,235,0,0,0,6.74196e-25
Home_02_video_58,data/keypoints_le2i/Home_02_video_58.npz,216,240,0,0,0,3.4166945e-27
Home_02_video_58,data/keypoints_le2i/Home_02_video_58.npz,221,245,0,0,0,4.5281613e-28
Home_02_video_58,data/keypoints_le2i/Home_02_video_58.npz,226,250,0,0,0,1.1260396e-28
Home_02_video_58,data/keypoints_le2i/Home_02_video_58.npz,231,255,0,0,0,3.885437e-29
Home_02_video_58,data/keypoints_le2i/Home_02_video_58.npz,236,260,0,0,0,5.8743536e-29
Home_02_video_58,data/keypoints_le2i/Home_02_video_58.npz,241,265,0,0,0,4.562995e-29
Home_02_video_58,data/keypoints_le2i/Home_02_video_58.npz,246,270,0,0,0,1.2144473e-32
