video_id,source_file,start_frame,end_frame,label,seed,fold,fall_probability,threshold,y_pred
adl-05-cam0-rgb,data/keypoints/adl/adl-05-cam0-rgb.npz,1,30,0,42,1,0.0009294585,0.9977752566337585,0
adl-05-cam0-rgb,data/keypoints/adl/adl-05-cam0-rgb.npz,2,31,0,42,1,0.00092725595,0.9977752566337585,0
adl-05-cam0-rgb,data/keypoints/adl/adl-05-cam0-rgb.npz,3,32,0,42,1,0.0009254615,0.9977752566337585,0
adl-05-cam0-rgb,data/keypoints/adl/adl-05-cam0-rgb.npz,4,33,0,42,1,0.00092341733,0.9977752566337585,0
adl-05-cam0-rgb,data/keypoints/adl/adl-05-cam0-rgb.npz,5,34,0,42,1,0.0009216672,0.9977752566337585,0
adl-05-cam0-rgb,data/keypoints/adl/adl-05-cam0-rgb.npz,6,35,0,42,1,0.0009197929,0.9977752566337585,0
adl-05-cam0-rgb,data/keypoints/adl/adl-05-cam0-rgb.npz,7,36,0,42,1,0.00091815693,0.9977752566337585,0
adl-05-cam0-rgb,data/keypoints/adl/adl-05-cam0-rgb.npz,8,37,0,42,1,0.00091625395,0.9977752566337585,0
adl-05-cam0-rgb,data/keypoints/adl/adl-05-cam0-rgb.npz,9,38,0,42,1,0.00091433746,0.9977752566337585,0
adl-05-cam0-rgb,data/keypoints/adl/adl-05-cam0-rgb.npz,10,39,0,42,1,0.0009122064,0.9977752566337585,0
adl-05-cam0-rgb,data/keypoints/adl/adl-05-cam0-rgb.npz,11,40,0,42,1,0.0009101497,0.9977752566337585,0
adl-05-cam0-rgb,data/keypoints/adl/adl-05-cam0-rgb.npz,12,41,0,42,1,0.0009077076,0.9977752566337585,0
adl-05-cam0-rgb,data/keypoints/adl/adl-05-cam0-rgb.npz,13,42,0,42,1,0.00090482435,0.9977752566337585,0
adl-05-cam0-rgb,data/keypoints/adl/adl-05-cam0-rgb.npz,14,43,0,42,1,0.00090136175,0.9977752566337585,0
adl-05-cam0-rgb,data/keypoints/adl/adl-05-cam0-rgb.npz,15,44,0,42,1,0.0008977387,0.9977752566337585,0
adl-05-cam0-rgb,data/keypoints/adl/adl-05-cam0-rgb.npz,16,45,0,42,1,0.00089399103,0.9977752566337585,0
adl-05-cam0-rgb,data/keypoints/adl/adl-05-cam0-rgb.npz,17,46,0,42,1,0.0008899961,0.9977752566337585,0
adl-05-cam0-rgb,data/keypoints/adl/adl-05-cam0-rgb.npz,18,47,0,42,1,0.0008855779,0.9977752566337585,0
adl-05-cam0-rgb,data/keypoints/adl/adl-05-cam0-rgb.npz,19,48,0,42,1,0.000881253,0.9977752566337585,0
adl-05-cam0-rgb,data/keypoints/adl/adl-05-cam0-rgb.npz,20,49,0,42,1,0.0008762768,0.9977752566337585,0
adl-05-cam0-rgb,data/keypoints/adl/adl-05-cam0-rgb.npz,21,50,0,42,1,0.0008711661,0.9977752566337585,0
adl-05-cam0-rgb,data/keypoints/adl/adl-05-cam0-rgb.npz,22,51,0,42,1,0.0008652576,0.9977752566337585,0
adl-05-cam0-rgb,data/keypoints/adl/adl-05-cam0-rgb.npz,23,52,0,42,1,0.0008590529,0.9977752566337585,0
adl-05-cam0-rgb,data/keypoints/adl/adl-05-cam0-rgb.npz,24,53,0,42,1,0.00085240294,0.9977752566337585,0
adl-05-cam0-rgb,data/keypoints/adl/adl-05-cam0-rgb.npz,25,54,0,42,1,0.00084517774,0.9977752566337585,0
adl-05-cam0-rgb,data/keypoints/adl/adl-05-cam0-rgb.npz,26,55,0,42,1,0.0008376182,0.9977752566337585,0
adl-05-cam0-rgb,data/keypoints/adl/adl-05-cam0-rgb.npz,27,56,0,42,1,0.0008290933,0.9977752566337585,0
adl-05-cam0-rgb,data/keypoints/adl/adl-05-cam0-rgb.npz,28,57,0,42,1,0.0008189432,0.9977752566337585,0
adl-05-cam0-rgb,data/keypoints/adl/adl-05-cam0-rgb.npz,29,58,0,42,1,0.000807696,0.9977752566337585,0
adl-05-cam0-rgb,data/keypoints/adl/adl-05-cam0-rgb.npz,30,59,0,42,1,0.0007939535,0.9977752566337585,0
adl-05-cam0-rgb,data/keypoints/adl/adl-05-cam0-rgb.npz,31,60,0,42,1,0.00078084174,0.9977752566337585,0
adl-05-cam0-rgb,data/keypoints/adl/adl-05-cam0-rgb.npz,32,61,0,42,1,0.0007613708,0.9977752566337585,0
adl-05-cam0-rgb,data/keypoints/adl/adl-05-cam0-rgb.npz,33,62,0,42,1,0.00074062916,0.9977752566337585,0
adl-05-cam0-rgb,data/keypoints/adl/adl-05-cam0-rgb.npz,34,63,0,42,1,0.00071702735,0.9977752566337585,0
adl-05-cam0-rgb,data/keypoints/adl/adl-05-cam0-rgb.npz,35,64,0,42,1,0.00069245027,0.9977752566337585,0
adl-05-cam0-rgb,data/keypoints/adl/adl-05-cam0-rgb.npz,36,65,0,42,1,0.0006654023,0.9977752566337585,0
adl-05-cam0-rgb,data/keypoints/adl/adl-05-cam0-rgb.npz,37,66,0,42,1,0.0006370382,0.9977752566337585,0
adl-05-cam0-rgb,data/keypoints/adl/adl-05-cam0-rgb.npz,38,67,0,42,1,0.000609053,0.9977752566337585,0
adl-05-cam0-rgb,data/keypoints/adl/adl-05-cam0-rgb.npz,39,68,0,42,1,0.00058354426,0.9977752566337585,0
adl-05-cam0-rgb,data/keypoints/adl/adl-05-cam0-rgb.npz,40,69,0,42,1,0.00055779016,0.9977752566337585,0
adl-05-cam0-rgb,data/keypoints/adl/adl-05-cam0-rgb.npz,41,70,0,42,1,0.00053047895,0.9977752566337585,0
adl-05-cam0-rgb,data/keypoints/adl/adl-05-cam0-rgb.npz,42,71,0,42,1,0.00050351024,0.9977752566337585,0
adl-05-cam0-rgb,data/keypoints/adl/adl-05-cam0-rgb.npz,43,72,0,42,1,0.0004784589,0.9977752566337585,0
adl-05-cam0-rgb,data/keypoints/adl/adl-05-cam0-rgb.npz,44,73,0,42,1,0.0004544541,0.9977752566337585,0
adl-05-cam0-rgb,data/keypoints/adl/adl-05-cam0-rgb.npz,45,74,0,42,1,0.000434246,0.9977752566337585,0
adl-05-cam0-rgb,data/keypoints/adl/adl-05-cam0-rgb.npz,46,75,0,42,1,0.00041535156,0.9977752566337585,0
adl-05-cam0-rgb,data/keypoints/adl/adl-05-cam0-rgb.npz,47,76,0,42,1,0.00039884413,0.9977752566337585,0
adl-05-cam0-rgb,data/keypoints/adl/adl-05-cam0-rgb.npz,48,77,0,42,1,0.00038470284,0.9977752566337585,0
adl-05-cam0-rgb,data/keypoints/adl/adl-05-cam0-rgb.npz,49,78,0,42,1,0.00037295875,0.9977752566337585,0
adl-05-cam0-rgb,data/keypoints/adl/adl-05-cam0-rgb.npz,50,79,0,42,1,0.0003637877,0.9977752566337585,0
adl-05-cam0-rgb,data/keypoints/adl/adl-05-cam0-rgb.npz,51,80,0,42,1,0.00035619488,0.9977752566337585,0
adl-05-cam0-rgb,data/keypoints/adl/adl-05-cam0-rgb.npz,52,81,0,42,1,0.00035007193,0.9977752566337585,0
adl-05-cam0-rgb,data/keypoints/adl/adl-05-cam0-rgb.npz,53,82,0,42,1,0.00034525947,0.9977752566337585,0
adl-05-cam0-rgb,data/keypoints/adl/adl-05-cam0-rgb.npz,54,83,0,42,1,0.00034147405,0.9977752566337585,0
adl-05-cam0-rgb,data/keypoints/adl/adl-05-cam0-rgb.npz,55,84,0,42,1,0.0003385612,0.9977752566337585,0
adl-05-cam0-rgb,data/keypoints/adl/adl-05-cam0-rgb.npz,56,85,0,42,1,0.00033627969,0.9977752566337585,0
adl-05-cam0-rgb,data/keypoints/adl/adl-05-cam0-rgb.npz,57,86,0,42,1,0.00033452088,0.9977752566337585,0
adl-05-cam0-rgb,data/keypoints/adl/adl-05-cam0-rgb.npz,58,87,0,42,1,0.00033317867,0.9977752566337585,0
adl-05-cam0-rgb,data/keypoints/adl/adl-05-cam0-rgb.npz,59,88,0,42,1,0.00033224202,0.9977752566337585,0
adl-05-cam0-rgb,data/keypoints/adl/adl-05-cam0-rgb.npz,60,89,0,42,1,0.0003317296,0.9977752566337585,0
adl-05-cam0-rgb,data/keypoints/adl/adl-05-cam0-rgb.npz,61,90,0,42,1,0.00033153358,0.9977752566337585,0
adl-05-cam0-rgb,data/keypoints/adl/adl-05-cam0-rgb.npz,62,91,0,42,1,0.00033141096,0.9977752566337585,0
adl-05-cam0-rgb,data/keypoints/adl/adl-05-cam0-rgb.npz,63,92,0,42,1,0.0003315513,0.9977752566337585,0
adl-05-cam0-rgb,data/keypoints/adl/adl-05-cam0-rgb.npz,64,93,0,42,1,0.00033188463,0.9977752566337585,0
adl-05-cam0-rgb,data/keypoints/adl/adl-05-cam0-rgb.npz,65,94,0,42,1,0.000332422,0.9977752566337585,0
adl-05-cam0-rgb,data/keypoints/adl/adl-05-cam0-rgb.npz,66,95,0,42,1,0.00033299357,0.9977752566337585,0
adl-05-cam0-rgb,data/keypoints/adl/adl-05-cam0-rgb.npz,67,96,0,42,1,0.000333666,0.9977752566337585,0
adl-05-cam0-rgb,data/keypoints/adl/adl-05-cam0-rgb.npz,68,97,0,42,1,0.00033435217,0.9977752566337585,0
adl-05-cam0-rgb,data/keypoints/adl/adl-05-cam0-rgb.npz,69,98,0,42,1,0.0003351897,0.9977752566337585,0
adl-05-cam0-rgb,data/keypoints/adl/adl-05-cam0-rgb.npz,70,99,0,42,1,0.00033626347,0.9977752566337585,0
adl-05-cam0-rgb,data/keypoints/adl/adl-05-cam0-rgb.npz,71,100,0,42,1,0.00033783188,0.9977752566337585,0
adl-05-cam0-rgb,data/keypoints/adl/adl-05-cam0-rgb.npz,72,101,0,42,1,0.00034028207,0.9977752566337585,0
adl-05-cam0-rgb,data/keypoints/adl/adl-05-cam0-rgb.npz,73,102,0,42,1,0.0003438572,0.9977752566337585,0
adl-05-cam0-rgb,data/keypoints/adl/adl-05-cam0-rgb.npz,74,103,0,42,1,0.0003493598,0.9977752566337585,0
adl-05-cam0-rgb,data/keypoints/adl/adl-05-cam0-rgb.npz,75,104,0,42,1,0.00035679675,0.9977752566337585,0
adl-05-cam0-rgb,data/keypoints/adl/adl-05-cam0-rgb.npz,76,105,0,42,1,0.00039180153,0.9977752566337585,0
adl-05-cam0-rgb,data/keypoints/adl/adl-05-cam0-rgb.npz,77,106,0,42,1,0.00040637993,0.9977752566337585,0
adl-05-cam0-rgb,data/keypoints/adl/adl-05-cam0-rgb.npz,78,107,0,42,1,0.00042322054,0.9977752566337585,0
adl-05-cam0-rgb,data/keypoints/adl/adl-05-cam0-rgb.npz,79,108,0,42,1,0.00044178806,0.9977752566337585,0
adl-05-cam0-rgb,data/keypoints/adl/adl-05-cam0-rgb.npz,80,109,0,42,1,0.00046148026,0.9977752566337585,0
adl-05-cam0-rgb,data/keypoints/adl/adl-05-cam0-rgb.npz,81,110,0,42,1,0.0004823343,0.9977752566337585,0
adl-05-cam0-rgb,data/keypoints/adl/adl-05-cam0-rgb.npz,82,111,0,42,1,0.0005046976,0.9977752566337585,0
adl-05-cam0-rgb,data/keypoints/adl/adl-05-cam0-rgb.npz,83,112,0,42,1,0.00052752515,0.9977752566337585,0
adl-05-cam0-rgb,data/keypoints/adl/adl-05-cam0-rgb.npz,84,113,0,42,1,0.000550694,0.9977752566337585,0
adl-05-cam0-rgb,data/keypoints/adl/adl-05-cam0-rgb.npz,85,114,0,42,1,0.0005807091,0.9977752566337585,0
adl-05-cam0-rgb,data/keypoints/adl/adl-05-cam0-rgb.npz,86,115,0,42,1,0.00060043077,0.9977752566337585,0
adl-05-cam0-rgb,data/keypoints/adl/adl-05-cam0-rgb.npz,87,116,0,42,1,0.0006197081,0.9977752566337585,0
adl-05-cam0-rgb,data/keypoints/adl/adl-05-cam0-rgb.npz,88,117,0,42,1,0.0006383711,0.9977752566337585,0
adl-05-cam0-rgb,data/keypoints/adl/adl-05-cam0-rgb.npz,89,118,0,42,1,0.0006561205,0.9977752566337585,0
adl-05-cam0-rgb,data/keypoints/adl/adl-05-cam0-rgb.npz,90,119,0,42,1,0.0006727577,0.9977752566337585,0
adl-05-cam0-rgb,data/keypoints/adl/adl-05-cam0-rgb.npz,91,120,0,42,1,0.0006867024,0.9977752566337585,0
adl-05-cam0-rgb,data/keypoints/adl/adl-05-cam0-rgb.npz,92,121,0,42,1,0.00069950346,0.9977752566337585,0
adl-05-cam0-rgb,data/keypoints/adl/adl-05-cam0-rgb.npz,93,122,0,42,1,0.0007123879,0.9977752566337585,0
adl-05-cam0-rgb,data/keypoints/adl/adl-05-cam0-rgb.npz,94,123,0,42,1,0.0007235659,0.9977752566337585,0
adl-05-cam0-rgb,data/keypoints/adl/adl-05-cam0-rgb.npz,95,124,0,42,1,0.0007327446,0.9977752566337585,0
adl-05-cam0-rgb,data/keypoints/adl/adl-05-cam0-rgb.npz,96,125,0,42,1,0.00074122014,0.9977752566337585,0
adl-05-cam0-rgb,data/keypoints/adl/adl-05-cam0-rgb.npz,97,126,0,42,1,0.00074831245,0.9977752566337585,0
adl-05-cam0-rgb,data/keypoints/adl/adl-05-cam0-rgb.npz,98,127,0,42,1,0.00075464626,0.9977752566337585,0
adl-05-cam0-rgb,data/keypoints/adl/adl-05-cam0-rgb.npz,99,128,0,42,1,0.0007637576,0.9977752566337585,0
adl-05-cam0-rgb,data/keypoints/adl/adl-05-cam0-rgb.npz,100,129,0,42,1,0.0007685468,0.9977752566337585,0
adl-05-cam0-rgb,data/keypoints/adl/adl-05-cam0-rgb.npz,101,130,0,42,1,0.00077217544,0.9977752566337585,0
adl-05-cam0-rgb,data/keypoints/adl/adl-05-cam0-rgb.npz,102,131,0,42,1,0.00077518675,0.9977752566337585,0
adl-05-cam0-rgb,data/keypoints/adl/adl-05-cam0-rgb.npz,103,132,0,42,1,0.00077703537,0.9977752566337585,0
adl-05-cam0-rgb,data/keypoints/adl/adl-05-cam0-rgb.npz,104,133,0,42,1,0.0007782851,0.9977752566337585,0
adl-05-cam0-rgb,data/keypoints/adl/adl-05-cam0-rgb.npz,105,134,0,42,1,0.0007788794,0.9977752566337585,0
adl-05-cam0-rgb,data/keypoints/adl/adl-05-cam0-rgb.npz,106,135,0,42,1,0.00077873765,0.9977752566337585,0
adl-05-cam0-rgb,data/keypoints/adl/adl-05-cam0-rgb.npz,107,136,0,42,1,0.0007796759,0.9977752566337585,0
adl-05-cam0-rgb,data/keypoints/adl/adl-05-cam0-rgb.npz,108,137,0,42,1,0.00077999727,0.9977752566337585,0
adl-05-cam0-rgb,data/keypoints/adl/adl-05-cam0-rgb.npz,109,138,0,42,1,0.00077981554,0.9977752566337585,0
adl-05-cam0-rgb,data/keypoints/adl/adl-05-cam0-rgb.npz,110,139,0,42,1,0.00077883824,0.9977752566337585,0
adl-05-cam0-rgb,data/keypoints/adl/adl-05-cam0-rgb.npz,111,140,0,42,1,0.0007772927,0.9977752566337585,0
adl-05-cam0-rgb,data/keypoints/adl/adl-05-cam0-rgb.npz,112,141,0,42,1,0.00077470194,0.9977752566337585,0
adl-05-cam0-rgb,data/keypoints/adl/adl-05-cam0-rgb.npz,113,142,0,42,1,0.0007716296,0.9977752566337585,0
adl-05-cam0-rgb,data/keypoints/adl/adl-05-cam0-rgb.npz,114,143,0,42,1,0.00076732243,0.9977752566337585,0
adl-05-cam0-rgb,data/keypoints/adl/adl-05-cam0-rgb.npz,115,144,0,42,1,0.00076235674,0.9977752566337585,0
adl-05-cam0-rgb,data/keypoints/adl/adl-05-cam0-rgb.npz,116,145,0,42,1,0.0007564714,0.9977752566337585,0
adl-05-cam0-rgb,data/keypoints/adl/adl-05-cam0-rgb.npz,117,146,0,42,1,0.0007497658,0.9977752566337585,0
adl-05-cam0-rgb,data/keypoints/adl/adl-05-cam0-rgb.npz,118,147,0,42,1,0.0007420643,0.9977752566337585,0
adl-05-cam0-rgb,data/keypoints/adl/adl-05-cam0-rgb.npz,119,148,0,42,1,0.0007350393,0.9977752566337585,0
adl-05-cam0-rgb,data/keypoints/adl/adl-05-cam0-rgb.npz,120,149,0,42,1,0.0007268618,0.9977752566337585,0
adl-05-cam0-rgb,data/keypoints/adl/adl-05-cam0-rgb.npz,121,150,0,42,1,0.00071817863,0.9977752566337585,0
adl-05-cam0-rgb,data/keypoints/adl/adl-05-cam0-rgb.npz,122,151,0,42,1,0.000713946,0.9977752566337585,0
adl-05-cam0-rgb,data/keypoints/adl/adl-05-cam0-rgb.npz,123,152,0,42,1,0.00072425476,0.9977752566337585,0
adl-05-cam0-rgb,data/keypoints/adl/adl-05-cam0-rgb.npz,124,153,0,42,1,0.00073164667,0.9977752566337585,0
adl-05-cam0-rgb,data/keypoints/adl/adl-05-cam0-rgb.npz,125,154,0,42,1,0.0007279998,0.9977752566337585,0
adl-05-cam0-rgb,data/keypoints/adl/adl-05-cam0-rgb.npz,126,155,0,42,1,0.00072215404,0.9977752566337585,0
adl-05-cam0-rgb,data/keypoints/adl/adl-05-cam0-rgb.npz,127,156,0,42,1,0.0007177014,0.9977752566337585,0
adl-05-cam0-rgb,data/keypoints/adl/adl-05-cam0-rgb.npz,128,157,0,42,1,0.0007071994,0.9977752566337585,0
adl-05-cam0-rgb,data/keypoints/adl/adl-05-cam0-rgb.npz,129,158,0,42,1,0.0007025898,0.9977752566337585,0
adl-05-cam0-rgb,data/keypoints/adl/adl-05-cam0-rgb.npz,130,159,0,42,1,0.00069822243,0.9977752566337585,0
adl-05-cam0-rgb,data/keypoints/adl/adl-05-cam0-rgb.npz,131,160,0,42,1,0.00069489464,0.9977752566337585,0
adl-05-cam0-rgb,data/keypoints/adl/adl-05-cam0-rgb.npz,132,161,0,42,1,0.00069033355,0.9977752566337585,0
adl-05-cam0-rgb,data/keypoints/adl/adl-05-cam0-rgb.npz,133,162,0,42,1,0.000687941,0.9977752566337585,0
adl-05-cam0-rgb,data/keypoints/adl/adl-05-cam0-rgb.npz,134,163,0,42,1,0.00068609725,0.9977752566337585,0
adl-05-cam0-rgb,data/keypoints/adl/adl-05-cam0-rgb.npz,135,164,0,42,1,0.00068465044,0.9977752566337585,0
adl-05-cam0-rgb,data/keypoints/adl/adl-05-cam0-rgb.npz,136,165,0,42,1,0.00068378384,0.9977752566337585,0
adl-05-cam0-rgb,data/keypoints/adl/adl-05-cam0-rgb.npz,137,166,0,42,1,0.00061492244,0.9977752566337585,0
adl-05-cam0-rgb,data/keypoints/adl/adl-05-cam0-rgb.npz,138,167,0,42,1,0.0006233268,0.9977752566337585,0
adl-05-cam0-rgb,data/keypoints/adl/adl-05-cam0-rgb.npz,139,168,0,42,1,0.00062136643,0.9977752566337585,0
adl-05-cam0-rgb,data/keypoints/adl/adl-05-cam0-rgb.npz,140,169,0,42,1,0.0006206509,0.9977752566337585,0
adl-05-cam0-rgb,data/keypoints/adl/adl-05-cam0-rgb.npz,141,170,0,42,1,0.0006205935,0.9977752566337585,0
adl-05-cam0-rgb,data/keypoints/adl/adl-05-cam0-rgb.npz,142,171,0,42,1,0.00062088517,0.9977752566337585,0
adl-05-cam0-rgb,data/keypoints/adl/adl-05-cam0-rgb.npz,143,172,0,42,1,0.00062156195,0.9977752566337585,0
adl-05-cam0-rgb,data/keypoints/adl/adl-05-cam0-rgb.npz,144,173,0,42,1,0.00062238146,0.9977752566337585,0
adl-05-cam0-rgb,data/keypoints/adl/adl-05-cam0-rgb.npz,145,174,0,42,1,0.00062353804,0.9977752566337585,0
adl-05-cam0-rgb,data/keypoints/adl/adl-05-cam0-rgb.npz,146,175,0,42,1,0.00062483223,0.9977752566337585,0
adl-05-cam0-rgb,data/keypoints/adl/adl-05-cam0-rgb.npz,147,176,0,42,1,0.0006265938,0.9977752566337585,0
adl-05-cam0-rgb,data/keypoints/adl/adl-05-cam0-rgb.npz,148,177,0,42,1,0.0006282312,0.9977752566337585,0
adl-05-cam0-rgb,data/keypoints/adl/adl-05-cam0-rgb.npz,149,178,0,42,1,0.00063045946,0.9977752566337585,0
adl-05-cam0-rgb,data/keypoints/adl/adl-05-cam0-rgb.npz,150,179,0,42,1,0.00063283974,0.9977752566337585,0
adl-05-cam0-rgb,data/keypoints/adl/adl-05-cam0-rgb.npz,151,180,0,42,1,0.0006353917,0.9977752566337585,0
adl-07-cam0-rgb,data/keypoints/adl/adl-07-cam0-rgb.npz,1,30,0,42,1,0.00092945405,0.9977752566337585,0
adl-07-cam0-rgb,data/keypoints/adl/adl-07-cam0-rgb.npz,2,31,0,42,1,0.0009271637,0.9977752566337585,0
adl-07-cam0-rgb,data/keypoints/adl/adl-07-cam0-rgb.npz,3,32,0,42,1,0.00092481374,0.9977752566337585,0
adl-07-cam0-rgb,data/keypoints/adl/adl-07-cam0-rgb.npz,4,33,0,42,1,0.0009224632,0.9977752566337585,0
adl-07-cam0-rgb,data/keypoints/adl/adl-07-cam0-rgb.npz,5,34,0,42,1,0.00092011853,0.9977752566337585,0
adl-07-cam0-rgb,data/keypoints/adl/adl-07-cam0-rgb.npz,6,35,0,42,1,0.0009178271,0.9977752566337585,0
adl-07-cam0-rgb,data/keypoints/adl/adl-07-cam0-rgb.npz,7,36,0,42,1,0.0009154608,0.9977752566337585,0
adl-07-cam0-rgb,data/keypoints/adl/adl-07-cam0-rgb.npz,8,37,0,42,1,0.0009135602,0.9977752566337585,0
adl-07-cam0-rgb,data/keypoints/adl/adl-07-cam0-rgb.npz,9,38,0,42,1,0.0009114055,0.9977752566337585,0
adl-07-cam0-rgb,data/keypoints/adl/adl-07-cam0-rgb.npz,10,39,0,42,1,0.00090919674,0.9977752566337585,0
adl-07-cam0-rgb,data/keypoints/adl/adl-07-cam0-rgb.npz,11,40,0,42,1,0.00090725784,0.9977752566337585,0
adl-07-cam0-rgb,data/keypoints/adl/adl-07-cam0-rgb.npz,12,41,0,42,1,0.0009052007,0.9977752566337585,0
adl-07-cam0-rgb,data/keypoints/adl/adl-07-cam0-rgb.npz,13,42,0,42,1,0.00090309005,0.9977752566337585,0
adl-07-cam0-rgb,data/keypoints/adl/adl-07-cam0-rgb.npz,14,43,0,42,1,0.0009010131,0.9977752566337585,0
adl-07-cam0-rgb,data/keypoints/adl/adl-07-cam0-rgb.npz,15,44,0,42,1,0.000898866,0.9977752566337585,0
adl-07-cam0-rgb,data/keypoints/adl/adl-07-cam0-rgb.npz,16,45,0,42,1,0.000896568,0.9977752566337585,0
adl-07-cam0-rgb,data/keypoints/adl/adl-07-cam0-rgb.npz,17,46,0,42,1,0.00089393987,0.9977752566337585,0
adl-07-cam0-rgb,data/keypoints/adl/adl-07-cam0-rgb.npz,18,47,0,42,1,0.00089151703,0.9977752566337585,0
adl-07-cam0-rgb,data/keypoints/adl/adl-07-cam0-rgb.npz,19,48,0,42,1,0.0008890904,0.9977752566337585,0
adl-07-cam0-rgb,data/keypoints/adl/adl-07-cam0-rgb.npz,20,49,0,42,1,0.00088671094,0.9977752566337585,0
adl-07-cam0-rgb,data/keypoints/adl/adl-07-cam0-rgb.npz,21,50,0,42,1,0.0008843835,0.9977752566337585,0
adl-07-cam0-rgb,data/keypoints/adl/adl-07-cam0-rgb.npz,22,51,0,42,1,0.0008821561,0.9977752566337585,0
adl-07-cam0-rgb,data/keypoints/adl/adl-07-cam0-rgb.npz,23,52,0,42,1,0.000879913,0.9977752566337585,0
adl-07-cam0-rgb,data/keypoints/adl/adl-07-cam0-rgb.npz,24,53,0,42,1,0.0008773772,0.9977752566337585,0
adl-07-cam0-rgb,data/keypoints/adl/adl-07-cam0-rgb.npz,25,54,0,42,1,0.0008747431,0.9977752566337585,0
adl-07-cam0-rgb,data/keypoints/adl/adl-07-cam0-rgb.npz,26,55,0,42,1,0.0008716409,0.9977752566337585,0
adl-07-cam0-rgb,data/keypoints/adl/adl-07-cam0-rgb.npz,27,56,0,42,1,0.0008681866,0.9977752566337585,0
adl-07-cam0-rgb,data/keypoints/adl/adl-07-cam0-rgb.npz,28,57,0,42,1,0.0008649213,0.9977752566337585,0
adl-07-cam0-rgb,data/keypoints/adl/adl-07-cam0-rgb.npz,29,58,0,42,1,0.0008614935,0.9977752566337585,0
adl-07-cam0-rgb,data/keypoints/adl/adl-07-cam0-rgb.npz,30,59,0,42,1,0.0008577531,0.9977752566337585,0
adl-07-cam0-rgb,data/keypoints/adl/adl-07-cam0-rgb.npz,31,60,0,42,1,0.0008541026,0.9977752566337585,0
adl-07-cam0-rgb,data/keypoints/adl/adl-07-cam0-rgb.npz,32,61,0,42,1,0.0008499029,0.9977752566337585,0
adl-07-cam0-rgb,data/keypoints/adl/adl-07-cam0-rgb.npz,33,62,0,42,1,0.0008455673,0.9977752566337585,0
adl-07-cam0-rgb,data/keypoints/adl/adl-07-cam0-rgb.npz,34,63,0,42,1,0.00084010605,0.9977752566337585,0
adl-07-cam0-rgb,data/keypoints/adl/adl-07-cam0-rgb.npz,35,64,0,42,1,0.00083436805,0.9977752566337585,0
adl-07-cam0-rgb,data/keypoints/adl/adl-07-cam0-rgb.npz,36,65,0,42,1,0.0008268365,0.9977752566337585,0
adl-07-cam0-rgb,data/keypoints/adl/adl-07-cam0-rgb.npz,37,66,0,42,1,0.0008199009,0.9977752566337585,0
adl-07-cam0-rgb,data/keypoints/adl/adl-07-cam0-rgb.npz,38,67,0,42,1,0.00081129983,0.9977752566337585,0
adl-07-cam0-rgb,data/keypoints/adl/adl-07-cam0-rgb.npz,39,68,0,42,1,0.00080173253,0.9977752566337585,0
adl-07-cam0-rgb,data/keypoints/adl/adl-07-cam0-rgb.npz,40,69,0,42,1,0.0007920567,0.9977752566337585,0
adl-07-cam0-rgb,data/keypoints/adl/adl-07-cam0-rgb.npz,41,70,0,42,1,0.0007823466,0.9977752566337585,0
adl-07-cam0-rgb,data/keypoints/adl/adl-07-cam0-rgb.npz,42,71,0,42,1,0.00077206135,0.9977752566337585,0
adl-07-cam0-rgb,data/keypoints/adl/adl-07-cam0-rgb.npz,43,72,0,42,1,0.0007605014,0.9977752566337585,0
adl-07-cam0-rgb,data/keypoints/adl/adl-07-cam0-rgb.npz,44,73,0,42,1,0.00074630347,0.9977752566337585,0
adl-07-cam0-rgb,data/keypoints/adl/adl-07-cam0-rgb.npz,45,74,0,42,1,0.0007296542,0.9977752566337585,0
adl-07-cam0-rgb,data/keypoints/adl/adl-07-cam0-rgb.npz,46,75,0,42,1,0.00071188674,0.9977752566337585,0
adl-07-cam0-rgb,data/keypoints/adl/adl-07-cam0-rgb.npz,47,76,0,42,1,0.00069444353,0.9977752566337585,0
adl-07-cam0-rgb,data/keypoints/adl/adl-07-cam0-rgb.npz,48,77,0,42,1,0.00069333153,0.9977752566337585,0
adl-07-cam0-rgb,data/keypoints/adl/adl-07-cam0-rgb.npz,49,78,0,42,1,0.0006879039,0.9977752566337585,0
adl-07-cam0-rgb,data/keypoints/adl/adl-07-cam0-rgb.npz,50,79,0,42,1,0.00065047917,0.9977752566337585,0
adl-07-cam0-rgb,data/keypoints/adl/adl-07-cam0-rgb.npz,51,80,0,42,1,0.00061666797,0.9977752566337585,0
adl-07-cam0-rgb,data/keypoints/adl/adl-07-cam0-rgb.npz,52,81,0,42,1,0.00058107503,0.9977752566337585,0
adl-07-cam0-rgb,data/keypoints/adl/adl-07-cam0-rgb.npz,53,82,0,42,1,0.00054927863,0.9977752566337585,0
adl-07-cam0-rgb,data/keypoints/adl/adl-07-cam0-rgb.npz,54,83,0,42,1,0.0005212344,0.9977752566337585,0
adl-07-cam0-rgb,data/keypoints/adl/adl-07-cam0-rgb.npz,55,84,0,42,1,0.00043131993,0.9977752566337585,0
adl-07-cam0-rgb,data/keypoints/adl/adl-07-cam0-rgb.npz,56,85,0,42,1,0.000388021,0.9977752566337585,0
adl-07-cam0-rgb,data/keypoints/adl/adl-07-cam0-rgb.npz,57,86,0,42,1,0.000362966,0.9977752566337585,0
adl-07-cam0-rgb,data/keypoints/adl/adl-07-cam0-rgb.npz,58,87,0,42,1,0.00034222327,0.9977752566337585,0
adl-07-cam0-rgb,data/keypoints/adl/adl-07-cam0-rgb.npz,59,88,0,42,1,0.00032344818,0.9977752566337585,0
adl-07-cam0-rgb,data/keypoints/adl/adl-07-cam0-rgb.npz,60,89,0,42,1,0.00030623635,0.9977752566337585,0
adl-07-cam0-rgb,data/keypoints/adl/adl-07-cam0-rgb.npz,61,90,0,42,1,0.00029140813,0.9977752566337585,0
adl-07-cam0-rgb,data/keypoints/adl/adl-07-cam0-rgb.npz,62,91,0,42,1,0.00027881298,0.9977752566337585,0
adl-07-cam0-rgb,data/keypoints/adl/adl-07-cam0-rgb.npz,63,92,0,42,1,0.0002675912,0.9977752566337585,0
adl-07-cam0-rgb,data/keypoints/adl/adl-07-cam0-rgb.npz,64,93,0,42,1,0.00025797146,0.9977752566337585,0
adl-07-cam0-rgb,data/keypoints/adl/adl-07-cam0-rgb.npz,65,94,0,42,1,0.0002491413,0.9977752566337585,0
adl-07-cam0-rgb,data/keypoints/adl/adl-07-cam0-rgb.npz,66,95,0,42,1,0.00024133793,0.9977752566337585,0
adl-07-cam0-rgb,data/keypoints/adl/adl-07-cam0-rgb.npz,67,96,0,42,1,0.00023441772,0.9977752566337585,0
adl-07-cam0-rgb,data/keypoints/adl/adl-07-cam0-rgb.npz,68,97,0,42,1,0.00022825343,0.9977752566337585,0
adl-07-cam0-rgb,data/keypoints/adl/adl-07-cam0-rgb.npz,69,98,0,42,1,0.00022273872,0.9977752566337585,0
adl-07-cam0-rgb,data/keypoints/adl/adl-07-cam0-rgb.npz,70,99,0,42,1,0.00021797337,0.9977752566337585,0
adl-07-cam0-rgb,data/keypoints/adl/adl-07-cam0-rgb.npz,71,100,0,42,1,0.00021390733,0.9977752566337585,0
adl-07-cam0-rgb,data/keypoints/adl/adl-07-cam0-rgb.npz,72,101,0,42,1,0.0002103589,0.9977752566337585,0
adl-07-cam0-rgb,data/keypoints/adl/adl-07-cam0-rgb.npz,73,102,0,42,1,0.00020766855,0.9977752566337585,0
adl-07-cam0-rgb,data/keypoints/adl/adl-07-cam0-rgb.npz,74,103,0,42,1,0.00020558298,0.9977752566337585,0
adl-07-cam0-rgb,data/keypoints/adl/adl-07-cam0-rgb.npz,75,104,0,42,1,0.00020346578,0.9977752566337585,0
adl-07-cam0-rgb,data/keypoints/adl/adl-07-cam0-rgb.npz,76,105,0,42,1,0.00020172125,0.9977752566337585,0
adl-07-cam0-rgb,data/keypoints/adl/adl-07-cam0-rgb.npz,77,106,0,42,1,0.0002003475,0.9977752566337585,0
adl-07-cam0-rgb,data/keypoints/adl/adl-07-cam0-rgb.npz,78,107,0,42,1,0.00019926178,0.9977752566337585,0
adl-07-cam0-rgb,data/keypoints/adl/adl-07-cam0-rgb.npz,79,108,0,42,1,0.00019831824,0.9977752566337585,0
adl-07-cam0-rgb,data/keypoints/adl/adl-07-cam0-rgb.npz,80,109,0,42,1,0.0001979074,0.9977752566337585,0
adl-07-cam0-rgb,data/keypoints/adl/adl-07-cam0-rgb.npz,81,110,0,42,1,0.00019774197,0.9977752566337585,0
adl-07-cam0-rgb,data/keypoints/adl/adl-07-cam0-rgb.npz,82,111,0,42,1,0.00019778984,0.9977752566337585,0
adl-07-cam0-rgb,data/keypoints/adl/adl-07-cam0-rgb.npz,83,112,0,42,1,0.00019802291,0.9977752566337585,0
adl-07-cam0-rgb,data/keypoints/adl/adl-07-cam0-rgb.npz,84,113,0,42,1,0.00019843986,0.9977752566337585,0
adl-07-cam0-rgb,data/keypoints/adl/adl-07-cam0-rgb.npz,85,114,0,42,1,0.00019888251,0.9977752566337585,0
adl-07-cam0-rgb,data/keypoints/adl/adl-07-cam0-rgb.npz,86,115,0,42,1,0.00019947904,0.9977752566337585,0
adl-07-cam0-rgb,data/keypoints/adl/adl-07-cam0-rgb.npz,87,116,0,42,1,0.00020018079,0.9977752566337585,0
adl-07-cam0-rgb,data/keypoints/adl/adl-07-cam0-rgb.npz,88,117,0,42,1,0.00020102314,0.9977752566337585,0
adl-07-cam0-rgb,data/keypoints/adl/adl-07-cam0-rgb.npz,89,118,0,42,1,0.00020192911,0.9977752566337585,0
adl-07-cam0-rgb,data/keypoints/adl/adl-07-cam0-rgb.npz,90,119,0,42,1,0.00020281806,0.9977752566337585,0
adl-07-cam0-rgb,data/keypoints/adl/adl-07-cam0-rgb.npz,91,120,0,42,1,0.00020380013,0.9977752566337585,0
adl-07-cam0-rgb,data/keypoints/adl/adl-07-cam0-rgb.npz,92,121,0,42,1,0.00020480511,0.9977752566337585,0
adl-07-cam0-rgb,data/keypoints/adl/adl-07-cam0-rgb.npz,93,122,0,42,1,0.00020577811,0.9977752566337585,0
adl-07-cam0-rgb,data/keypoints/adl/adl-07-cam0-rgb.npz,94,123,0,42,1,0.00020666311,0.9977752566337585,0
adl-07-cam0-rgb,data/keypoints/adl/adl-07-cam0-rgb.npz,95,124,0,42,1,0.00020743444,0.9977752566337585,0
adl-07-cam0-rgb,data/keypoints/adl/adl-07-cam0-rgb.npz,96,125,0,42,1,0.00020816036,0.9977752566337585,0
adl-07-cam0-rgb,data/keypoints/adl/adl-07-cam0-rgb.npz,97,126,0,42,1,0.00020880064,0.9977752566337585,0
adl-07-cam0-rgb,data/keypoints/adl/adl-07-cam0-rgb.npz,98,127,0,42,1,0.00020940436,0.9977752566337585,0
adl-07-cam0-rgb,data/keypoints/adl/adl-07-cam0-rgb.npz,99,128,0,42,1,0.00020998156,0.9977752566337585,0
adl-07-cam0-rgb,data/keypoints/adl/adl-07-cam0-rgb.npz,100,129,0,42,1,0.00021056499,0.9977752566337585,0
adl-07-cam0-rgb,data/keypoints/adl/adl-07-cam0-rgb.npz,101,130,0,42,1,0.00021118688,0.9977752566337585,0
adl-07-cam0-rgb,data/keypoints/adl/adl-07-cam0-rgb.npz,102,131,0,42,1,0.00021183952,0.9977752566337585,0
adl-07-cam0-rgb,data/keypoints/adl/adl-07-cam0-rgb.npz,103,132,0,42,1,0.00021252797,0.9977752566337585,0
adl-07-cam0-rgb,data/keypoints/adl/adl-07-cam0-rgb.npz,104,133,0,42,1,0.00021321927,0.9977752566337585,0
adl-07-cam0-rgb,data/keypoints/adl/adl-07-cam0-rgb.npz,105,134,0,42,1,0.00021401544,0.9977752566337585,0
adl-07-cam0-rgb,data/keypoints/adl/adl-07-cam0-rgb.npz,106,135,0,42,1,0.00021478141,0.9977752566337585,0
adl-07-cam0-rgb,data/keypoints/adl/adl-07-cam0-rgb.npz,107,136,0,42,1,0.0002155859,0.9977752566337585,0
adl-07-cam0-rgb,data/keypoints/adl/adl-07-cam0-rgb.npz,108,137,0,42,1,0.00021635955,0.9977752566337585,0
adl-07-cam0-rgb,data/keypoints/adl/adl-07-cam0-rgb.npz,109,138,0,42,1,0.00021710056,0.9977752566337585,0
adl-07-cam0-rgb,data/keypoints/adl/adl-07-cam0-rgb.npz,110,139,0,42,1,0.00021785496,0.9977752566337585,0
adl-07-cam0-rgb,data/keypoints/adl/adl-07-cam0-rgb.npz,111,140,0,42,1,0.00021857483,0.9977752566337585,0
adl-07-cam0-rgb,data/keypoints/adl/adl-07-cam0-rgb.npz,112,141,0,42,1,0.00021931509,0.9977752566337585,0
adl-07-cam0-rgb,data/keypoints/adl/adl-07-cam0-rgb.npz,113,142,0,42,1,0.00022001714,0.9977752566337585,0
adl-07-cam0-rgb,data/keypoints/adl/adl-07-cam0-rgb.npz,114,143,0,42,1,0.00022080034,0.9977752566337585,0
adl-07-cam0-rgb,data/keypoints/adl/adl-07-cam0-rgb.npz,115,144,0,42,1,0.00022160627,0.9977752566337585,0
adl-07-cam0-rgb,data/keypoints/adl/adl-07-cam0-rgb.npz,116,145,0,42,1,0.00022230337,0.9977752566337585,0
adl-07-cam0-rgb,data/keypoints/adl/adl-07-cam0-rgb.npz,117,146,0,42,1,0.00022295586,0.9977752566337585,0
adl-07-cam0-rgb,data/keypoints/adl/adl-07-cam0-rgb.npz,118,147,0,42,1,0.0002235476,0.9977752566337585,0
adl-07-cam0-rgb,data/keypoints/adl/adl-07-cam0-rgb.npz,119,148,0,42,1,0.000224076,0.9977752566337585,0
adl-07-cam0-rgb,data/keypoints/adl/adl-07-cam0-rgb.npz,120,149,0,42,1,0.00022457927,0.9977752566337585,0
adl-07-cam0-rgb,data/keypoints/adl/adl-07-cam0-rgb.npz,121,150,0,42,1,0.0002250281,0.9977752566337585,0
adl-07-cam0-rgb,data/keypoints/adl/adl-07-cam0-rgb.npz,122,151,0,42,1,0.00022542324,0.9977752566337585,0
adl-07-cam0-rgb,data/keypoints/adl/adl-07-cam0-rgb.npz,123,152,0,42,1,0.00022582959,0.9977752566337585,0
adl-07-cam0-rgb,data/keypoints/adl/adl-07-cam0-rgb.npz,124,153,0,42,1,0.00022619248,0.9977752566337585,0
adl-07-cam0-rgb,data/keypoints/adl/adl-07-cam0-rgb.npz,125,154,0,42,1,0.00022657971,0.9977752566337585,0
adl-07-cam0-rgb,data/keypoints/adl/adl-07-cam0-rgb.npz,126,155,0,42,1,0.00022690205,0.9977752566337585,0
adl-07-cam0-rgb,data/keypoints/adl/adl-07-cam0-rgb.npz,127,156,0,42,1,0.00022713149,0.9977752566337585,0
adl-07-cam0-rgb,data/keypoints/adl/adl-07-cam0-rgb.npz,128,157,0,42,1,0.0002273709,0.9977752566337585,0
adl-07-cam0-rgb,data/keypoints/adl/adl-07-cam0-rgb.npz,129,158,0,42,1,0.00022760603,0.9977752566337585,0
adl-07-cam0-rgb,data/keypoints/adl/adl-07-cam0-rgb.npz,130,159,0,42,1,0.00022781534,0.9977752566337585,0
adl-07-cam0-rgb,data/keypoints/adl/adl-07-cam0-rgb.npz,131,160,0,42,1,0.00022803286,0.9977752566337585,0
adl-07-cam0-rgb,data/keypoints/adl/adl-07-cam0-rgb.npz,132,161,0,42,1,0.0002281912,0.9977752566337585,0
adl-07-cam0-rgb,data/keypoints/adl/adl-07-cam0-rgb.npz,133,162,0,42,1,0.0002283612,0.9977752566337585,0
adl-07-cam0-rgb,data/keypoints/adl/adl-07-cam0-rgb.npz,134,163,0,42,1,0.0002284692,0.9977752566337585,0
adl-07-cam0-rgb,data/keypoints/adl/adl-07-cam0-rgb.npz,135,164,0,42,1,0.0002285642,0.9977752566337585,0
adl-07-cam0-rgb,data/keypoints/adl/adl-07-cam0-rgb.npz,136,165,0,42,1,0.00022865791,0.9977752566337585,0
adl-07-cam0-rgb,data/keypoints/adl/adl-07-cam0-rgb.npz,137,166,0,42,1,0.0002286771,0.9977752566337585,0
adl-07-cam0-rgb,data/keypoints/adl/adl-07-cam0-rgb.npz,138,167,0,42,1,0.00022875018,0.9977752566337585,0
adl-07-cam0-rgb,data/keypoints/adl/adl-07-cam0-rgb.npz,139,168,0,42,1,0.00022880317,0.9977752566337585,0
adl-07-cam0-rgb,data/keypoints/adl/adl-07-cam0-rgb.npz,140,169,0,42,1,0.00022883962,0.9977752566337585,0
adl-07-cam0-rgb,data/keypoints/adl/adl-07-cam0-rgb.npz,141,170,0,42,1,0.00022890071,0.9977752566337585,0
adl-07-cam0-rgb,data/keypoints/adl/adl-07-cam0-rgb.npz,142,171,0,42,1,0.00022892994,0.9977752566337585,0
adl-07-cam0-rgb,data/keypoints/adl/adl-07-cam0-rgb.npz,143,172,0,42,1,0.00022902689,0.9977752566337585,0
adl-07-cam0-rgb,data/keypoints/adl/adl-07-cam0-rgb.npz,144,173,0,42,1,0.00022904218,0.9977752566337585,0
adl-07-cam0-rgb,data/keypoints/adl/adl-07-cam0-rgb.npz,145,174,0,42,1,0.00022905986,0.9977752566337585,0
adl-07-cam0-rgb,data/keypoints/adl/adl-07-cam0-rgb.npz,146,175,0,42,1,0.00022903147,0.9977752566337585,0
adl-07-cam0-rgb,data/keypoints/adl/adl-07-cam0-rgb.npz,147,176,0,42,1,0.00022898325,0.9977752566337585,0
adl-07-cam0-rgb,data/keypoints/adl/adl-07-cam0-rgb.npz,148,177,0,42,1,0.00022892623,0.9977752566337585,0
adl-07-cam0-rgb,data/keypoints/adl/adl-07-cam0-rgb.npz,149,178,0,42,1,0.00022890572,0.9977752566337585,0
adl-07-cam0-rgb,data/keypoints/adl/adl-07-cam0-rgb.npz,150,179,0,42,1,0.0002288778,0.9977752566337585,0
adl-07-cam0-rgb,data/keypoints/adl/adl-07-cam0-rgb.npz,151,180,0,42,1,0.00022880535,0.9977752566337585,0
adl-09-cam0-rgb,data/keypoints/adl/adl-09-cam0-rgb.npz,1,30,0,42,1,0.0008840957,0.9977752566337585,0
adl-09-cam0-rgb,data/keypoints/adl/adl-09-cam0-rgb.npz,2,31,0,42,1,0.00088047417,0.9977752566337585,0
adl-09-cam0-rgb,data/keypoints/adl/adl-09-cam0-rgb.npz,3,32,0,42,1,0.0008767829,0.9977752566337585,0
adl-09-cam0-rgb,data/keypoints/adl/adl-09-cam0-rgb.npz,4,33,0,42,1,0.00087302487,0.9977752566337585,0
adl-09-cam0-rgb,data/keypoints/adl/adl-09-cam0-rgb.npz,5,34,0,42,1,0.00086918764,0.9977752566337585,0
adl-09-cam0-rgb,data/keypoints/adl/adl-09-cam0-rgb.npz,6,35,0,42,1,0.0008652749,0.9977752566337585,0
adl-09-cam0-rgb,data/keypoints/adl/adl-09-cam0-rgb.npz,7,36,0,42,1,0.0008606981,0.9977752566337585,0
adl-09-cam0-rgb,data/keypoints/adl/adl-09-cam0-rgb.npz,8,37,0,42,1,0.0008560752,0.9977752566337585,0
adl-09-cam0-rgb,data/keypoints/adl/adl-09-cam0-rgb.npz,9,38,0,42,1,0.0008510542,0.9977752566337585,0
adl-09-cam0-rgb,data/keypoints/adl/adl-09-cam0-rgb.npz,10,39,0,42,1,0.0008460206,0.9977752566337585,0
adl-09-cam0-rgb,data/keypoints/adl/adl-09-cam0-rgb.npz,11,40,0,42,1,0.0008410833,0.9977752566337585,0
adl-09-cam0-rgb,data/keypoints/adl/adl-09-cam0-rgb.npz,12,41,0,42,1,0.0008359935,0.9977752566337585,0
adl-09-cam0-rgb,data/keypoints/adl/adl-09-cam0-rgb.npz,13,42,0,42,1,0.0008307888,0.9977752566337585,0
adl-09-cam0-rgb,data/keypoints/adl/adl-09-cam0-rgb.npz,14,43,0,42,1,0.0008254542,0.9977752566337585,0
adl-09-cam0-rgb,data/keypoints/adl/adl-09-cam0-rgb.npz,15,44,0,42,1,0.00082036434,0.9977752566337585,0
adl-09-cam0-rgb,data/keypoints/adl/adl-09-cam0-rgb.npz,16,45,0,42,1,0.0008153901,0.9977752566337585,0
adl-09-cam0-rgb,data/keypoints/adl/adl-09-cam0-rgb.npz,17,46,0,42,1,0.00081057346,0.9977752566337585,0
adl-09-cam0-rgb,data/keypoints/adl/adl-09-cam0-rgb.npz,18,47,0,42,1,0.0008058525,0.9977752566337585,0
adl-09-cam0-rgb,data/keypoints/adl/adl-09-cam0-rgb.npz,19,48,0,42,1,0.00080115744,0.9977752566337585,0
adl-09-cam0-rgb,data/keypoints/adl/adl-09-cam0-rgb.npz,20,49,0,42,1,0.00079674856,0.9977752566337585,0
adl-09-cam0-rgb,data/keypoints/adl/adl-09-cam0-rgb.npz,21,50,0,42,1,0.00079254067,0.9977752566337585,0
adl-09-cam0-rgb,data/keypoints/adl/adl-09-cam0-rgb.npz,22,51,0,42,1,0.0007883625,0.9977752566337585,0
adl-09-cam0-rgb,data/keypoints/adl/adl-09-cam0-rgb.npz,23,52,0,42,1,0.00078448583,0.9977752566337585,0
adl-09-cam0-rgb,data/keypoints/adl/adl-09-cam0-rgb.npz,24,53,0,42,1,0.0007808718,0.9977752566337585,0
adl-09-cam0-rgb,data/keypoints/adl/adl-09-cam0-rgb.npz,25,54,0,42,1,0.00077766686,0.9977752566337585,0
adl-09-cam0-rgb,data/keypoints/adl/adl-09-cam0-rgb.npz,26,55,0,42,1,0.00077442,0.9977752566337585,0
adl-09-cam0-rgb,data/keypoints/adl/adl-09-cam0-rgb.npz,27,56,0,42,1,0.0007713601,0.9977752566337585,0
adl-09-cam0-rgb,data/keypoints/adl/adl-09-cam0-rgb.npz,28,57,0,42,1,0.00076862547,0.9977752566337585,0
adl-09-cam0-rgb,data/keypoints/adl/adl-09-cam0-rgb.npz,29,58,0,42,1,0.00076567964,0.9977752566337585,0
adl-09-cam0-rgb,data/keypoints/adl/adl-09-cam0-rgb.npz,30,59,0,42,1,0.0007623713,0.9977752566337585,0
adl-09-cam0-rgb,data/keypoints/adl/adl-09-cam0-rgb.npz,31,60,0,42,1,0.0007591691,0.9977752566337585,0
adl-09-cam0-rgb,data/keypoints/adl/adl-09-cam0-rgb.npz,32,61,0,42,1,0.0007559667,0.9977752566337585,0
adl-09-cam0-rgb,data/keypoints/adl/adl-09-cam0-rgb.npz,33,62,0,42,1,0.0007530855,0.9977752566337585,0
adl-09-cam0-rgb,data/keypoints/adl/adl-09-cam0-rgb.npz,34,63,0,42,1,0.00075038197,0.9977752566337585,0
adl-09-cam0-rgb,data/keypoints/adl/adl-09-cam0-rgb.npz,35,64,0,42,1,0.00074783195,0.9977752566337585,0
adl-09-cam0-rgb,data/keypoints/adl/adl-09-cam0-rgb.npz,36,65,0,42,1,0.0007454829,0.9977752566337585,0
adl-09-cam0-rgb,data/keypoints/adl/adl-09-cam0-rgb.npz,37,66,0,42,1,0.0007433316,0.9977752566337585,0
adl-09-cam0-rgb,data/keypoints/adl/adl-09-cam0-rgb.npz,38,67,0,42,1,0.00074162846,0.9977752566337585,0
adl-09-cam0-rgb,data/keypoints/adl/adl-09-cam0-rgb.npz,39,68,0,42,1,0.00073994056,0.9977752566337585,0
adl-09-cam0-rgb,data/keypoints/adl/adl-09-cam0-rgb.npz,40,69,0,42,1,0.0007384733,0.9977752566337585,0
adl-09-cam0-rgb,data/keypoints/adl/adl-09-cam0-rgb.npz,41,70,0,42,1,0.00073712505,0.9977752566337585,0
adl-09-cam0-rgb,data/keypoints/adl/adl-09-cam0-rgb.npz,42,71,0,42,1,0.0007358298,0.9977752566337585,0
adl-09-cam0-rgb,data/keypoints/adl/adl-09-cam0-rgb.npz,43,72,0,42,1,0.0007350302,0.9977752566337585,0
adl-09-cam0-rgb,data/keypoints/adl/adl-09-cam0-rgb.npz,44,73,0,42,1,0.0007344503,0.9977752566337585,0
adl-09-cam0-rgb,data/keypoints/adl/adl-09-cam0-rgb.npz,45,74,0,42,1,0.0007339229,0.9977752566337585,0
adl-09-cam0-rgb,data/keypoints/adl/adl-09-cam0-rgb.npz,46,75,0,42,1,0.0007336557,0.9977752566337585,0
adl-09-cam0-rgb,data/keypoints/adl/adl-09-cam0-rgb.npz,47,76,0,42,1,0.0007335246,0.9977752566337585,0
adl-09-cam0-rgb,data/keypoints/adl/adl-09-cam0-rgb.npz,48,77,0,42,1,0.00073388923,0.9977752566337585,0
adl-09-cam0-rgb,data/keypoints/adl/adl-09-cam0-rgb.npz,49,78,0,42,1,0.00073432515,0.9977752566337585,0
adl-09-cam0-rgb,data/keypoints/adl/adl-09-cam0-rgb.npz,50,79,0,42,1,0.0007349034,0.9977752566337585,0
adl-09-cam0-rgb,data/keypoints/adl/adl-09-cam0-rgb.npz,51,80,0,42,1,0.00073561666,0.9977752566337585,0
adl-09-cam0-rgb,data/keypoints/adl/adl-09-cam0-rgb.npz,52,81,0,42,1,0.0007365805,0.9977752566337585,0
adl-09-cam0-rgb,data/keypoints/adl/adl-09-cam0-rgb.npz,53,82,0,42,1,0.00073759124,0.9977752566337585,0
adl-09-cam0-rgb,data/keypoints/adl/adl-09-cam0-rgb.npz,54,83,0,42,1,0.00073853653,0.9977752566337585,0
adl-09-cam0-rgb,data/keypoints/adl/adl-09-cam0-rgb.npz,55,84,0,42,1,0.00073962373,0.9977752566337585,0
adl-09-cam0-rgb,data/keypoints/adl/adl-09-cam0-rgb.npz,56,85,0,42,1,0.0007408713,0.9977752566337585,0
adl-09-cam0-rgb,data/keypoints/adl/adl-09-cam0-rgb.npz,57,86,0,42,1,0.0007422995,0.9977752566337585,0
adl-09-cam0-rgb,data/keypoints/adl/adl-09-cam0-rgb.npz,58,87,0,42,1,0.00074390846,0.9977752566337585,0
adl-09-cam0-rgb,data/keypoints/adl/adl-09-cam0-rgb.npz,59,88,0,42,1,0.00074577803,0.9977752566337585,0
adl-09-cam0-rgb,data/keypoints/adl/adl-09-cam0-rgb.npz,60,89,0,42,1,0.00074843224,0.9977752566337585,0
adl-09-cam0-rgb,data/keypoints/adl/adl-09-cam0-rgb.npz,61,90,0,42,1,0.0007514496,0.9977752566337585,0
adl-09-cam0-rgb,data/keypoints/adl/adl-09-cam0-rgb.npz,62,91,0,42,1,0.0007548551,0.9977752566337585,0
adl-09-cam0-rgb,data/keypoints/adl/adl-09-cam0-rgb.npz,63,92,0,42,1,0.00075840915,0.9977752566337585,0
adl-09-cam0-rgb,data/keypoints/adl/adl-09-cam0-rgb.npz,64,93,0,42,1,0.00076220086,0.9977752566337585,0
adl-09-cam0-rgb,data/keypoints/adl/adl-09-cam0-rgb.npz,65,94,0,42,1,0.00076626503,0.9977752566337585,0
adl-09-cam0-rgb,data/keypoints/adl/adl-09-cam0-rgb.npz,66,95,0,42,1,0.00077057077,0.9977752566337585,0
adl-09-cam0-rgb,data/keypoints/adl/adl-09-cam0-rgb.npz,67,96,0,42,1,0.0007752573,0.9977752566337585,0
adl-09-cam0-rgb,data/keypoints/adl/adl-09-cam0-rgb.npz,68,97,0,42,1,0.000779872,0.9977752566337585,0
adl-09-cam0-rgb,data/keypoints/adl/adl-09-cam0-rgb.npz,69,98,0,42,1,0.00078462675,0.9977752566337585,0
adl-09-cam0-rgb,data/keypoints/adl/adl-09-cam0-rgb.npz,70,99,0,42,1,0.0007895029,0.9977752566337585,0
adl-09-cam0-rgb,data/keypoints/adl/adl-09-cam0-rgb.npz,71,100,0,42,1,0.00079460925,0.9977752566337585,0
adl-09-cam0-rgb,data/keypoints/adl/adl-09-cam0-rgb.npz,72,101,0,42,1,0.0008001503,0.9977752566337585,0
adl-09-cam0-rgb,data/keypoints/adl/adl-09-cam0-rgb.npz,73,102,0,42,1,0.0008056801,0.9977752566337585,0
adl-09-cam0-rgb,data/keypoints/adl/adl-09-cam0-rgb.npz,74,103,0,42,1,0.0008112906,0.9977752566337585,0
adl-09-cam0-rgb,data/keypoints/adl/adl-09-cam0-rgb.npz,75,104,0,42,1,0.00081722543,0.9977752566337585,0
adl-09-cam0-rgb,data/keypoints/adl/adl-09-cam0-rgb.npz,76,105,0,42,1,0.0008231057,0.9977752566337585,0
adl-09-cam0-rgb,data/keypoints/adl/adl-09-cam0-rgb.npz,77,106,0,42,1,0.0008290837,0.9977752566337585,0
adl-09-cam0-rgb,data/keypoints/adl/adl-09-cam0-rgb.npz,78,107,0,42,1,0.00083478,0.9977752566337585,0
adl-09-cam0-rgb,data/keypoints/adl/adl-09-cam0-rgb.npz,79,108,0,42,1,0.0008408905,0.9977752566337585,0
adl-09-cam0-rgb,data/keypoints/adl/adl-09-cam0-rgb.npz,80,109,0,42,1,0.00084720476,0.9977752566337585,0
adl-09-cam0-rgb,data/keypoints/adl/adl-09-cam0-rgb.npz,81,110,0,42,1,0.00085370155,0.9977752566337585,0
adl-09-cam0-rgb,data/keypoints/adl/adl-09-cam0-rgb.npz,82,111,0,42,1,0.00086015445,0.9977752566337585,0
adl-09-cam0-rgb,data/keypoints/adl/adl-09-cam0-rgb.npz,83,112,0,42,1,0.00086690654,0.9977752566337585,0
adl-09-cam0-rgb,data/keypoints/adl/adl-09-cam0-rgb.npz,84,113,0,42,1,0.00087466603,0.9977752566337585,0
adl-09-cam0-rgb,data/keypoints/adl/adl-09-cam0-rgb.npz,85,114,0,42,1,0.0008831292,0.9977752566337585,0
adl-09-cam0-rgb,data/keypoints/adl/adl-09-cam0-rgb.npz,86,115,0,42,1,0.00089197414,0.9977752566337585,0
adl-09-cam0-rgb,data/keypoints/adl/adl-09-cam0-rgb.npz,87,116,0,42,1,0.00090074784,0.9977752566337585,0
adl-09-cam0-rgb,data/keypoints/adl/adl-09-cam0-rgb.npz,88,117,0,42,1,0.00090977433,0.9977752566337585,0
adl-09-cam0-rgb,data/keypoints/adl/adl-09-cam0-rgb.npz,89,118,0,42,1,0.0009193435,0.9977752566337585,0
adl-09-cam0-rgb,data/keypoints/adl/adl-09-cam0-rgb.npz,90,119,0,42,1,0.0009291626,0.9977752566337585,0
adl-09-cam0-rgb,data/keypoints/adl/adl-09-cam0-rgb.npz,91,120,0,42,1,0.00093910156,0.9977752566337585,0
adl-09-cam0-rgb,data/keypoints/adl/adl-09-cam0-rgb.npz,92,121,0,42,1,0.00094893767,0.9977752566337585,0
adl-09-cam0-rgb,data/keypoints/adl/adl-09-cam0-rgb.npz,93,122,0,42,1,0.00095914677,0.9977752566337585,0
adl-09-cam0-rgb,data/keypoints/adl/adl-09-cam0-rgb.npz,94,123,0,42,1,0.0009689272,0.9977752566337585,0
adl-09-cam0-rgb,data/keypoints/adl/adl-09-cam0-rgb.npz,95,124,0,42,1,0.0009783744,0.9977752566337585,0
adl-09-cam0-rgb,data/keypoints/adl/adl-09-cam0-rgb.npz,96,125,0,42,1,0.0009873159,0.9977752566337585,0
adl-09-cam0-rgb,data/keypoints/adl/adl-09-cam0-rgb.npz,97,126,0,42,1,0.0009955317,0.9977752566337585,0
adl-09-cam0-rgb,data/keypoints/adl/adl-09-cam0-rgb.npz,98,127,0,42,1,0.00062907056,0.9977752566337585,0
adl-09-cam0-rgb,data/keypoints/adl/adl-09-cam0-rgb.npz,99,128,0,42,1,0.00063340785,0.9977752566337585,0
adl-09-cam0-rgb,data/keypoints/adl/adl-09-cam0-rgb.npz,100,129,0,42,1,0.00066140643,0.9977752566337585,0
adl-09-cam0-rgb,data/keypoints/adl/adl-09-cam0-rgb.npz,101,130,0,42,1,0.00066535885,0.9977752566337585,0
adl-09-cam0-rgb,data/keypoints/adl/adl-09-cam0-rgb.npz,102,131,0,42,1,0.0006689363,0.9977752566337585,0
adl-09-cam0-rgb,data/keypoints/adl/adl-09-cam0-rgb.npz,103,132,0,42,1,0.00067289616,0.9977752566337585,0
adl-09-cam0-rgb,data/keypoints/adl/adl-09-cam0-rgb.npz,104,133,0,42,1,0.0006011099,0.9977752566337585,0
adl-09-cam0-rgb,data/keypoints/adl/adl-09-cam0-rgb.npz,105,134,0,42,1,0.00060443656,0.9977752566337585,0
adl-09-cam0-rgb,data/keypoints/adl/adl-09-cam0-rgb.npz,106,135,0,42,1,0.0006076556,0.9977752566337585,0
adl-09-cam0-rgb,data/keypoints/adl/adl-09-cam0-rgb.npz,107,136,0,42,1,0.0006108842,0.9977752566337585,0
adl-09-cam0-rgb,data/keypoints/adl/adl-09-cam0-rgb.npz,108,137,0,42,1,0.0006141417,0.9977752566337585,0
adl-09-cam0-rgb,data/keypoints/adl/adl-09-cam0-rgb.npz,109,138,0,42,1,0.000682958,0.9977752566337585,0
adl-09-cam0-rgb,data/keypoints/adl/adl-09-cam0-rgb.npz,110,139,0,42,1,0.0006676835,0.9977752566337585,0
adl-09-cam0-rgb,data/keypoints/adl/adl-09-cam0-rgb.npz,111,140,0,42,1,0.000672332,0.9977752566337585,0
adl-09-cam0-rgb,data/keypoints/adl/adl-09-cam0-rgb.npz,112,141,0,42,1,0.00067721866,0.9977752566337585,0
adl-09-cam0-rgb,data/keypoints/adl/adl-09-cam0-rgb.npz,113,142,0,42,1,0.0006819531,0.9977752566337585,0
adl-09-cam0-rgb,data/keypoints/adl/adl-09-cam0-rgb.npz,114,143,0,42,1,0.00068606646,0.9977752566337585,0
adl-09-cam0-rgb,data/keypoints/adl/adl-09-cam0-rgb.npz,115,144,0,42,1,0.000689532,0.9977752566337585,0
adl-09-cam0-rgb,data/keypoints/adl/adl-09-cam0-rgb.npz,116,145,0,42,1,0.00069252716,0.9977752566337585,0
adl-09-cam0-rgb,data/keypoints/adl/adl-09-cam0-rgb.npz,117,146,0,42,1,0.00069487514,0.9977752566337585,0
adl-09-cam0-rgb,data/keypoints/adl/adl-09-cam0-rgb.npz,118,147,0,42,1,0.00069693336,0.9977752566337585,0
adl-09-cam0-rgb,data/keypoints/adl/adl-09-cam0-rgb.npz,119,148,0,42,1,0.00069883623,0.9977752566337585,0
adl-09-cam0-rgb,data/keypoints/adl/adl-09-cam0-rgb.npz,120,149,0,42,1,0.0007002545,0.9977752566337585,0
adl-09-cam0-rgb,data/keypoints/adl/adl-09-cam0-rgb.npz,121,150,0,42,1,0.0007014845,0.9977752566337585,0
adl-14-cam0-rgb,data/keypoints/adl/adl-14-cam0-rgb.npz,32,61,0,42,1,0.0002794045,0.9977752566337585,0
adl-14-cam0-rgb,data/keypoints/adl/adl-14-cam0-rgb.npz,33,62,0,42,1,0.0002794045,0.9977752566337585,0
adl-14-cam0-rgb,data/keypoints/adl/adl-14-cam0-rgb.npz,34,63,0,42,1,0.0002794045,0.9977752566337585,0
adl-14-cam0-rgb,data/keypoints/adl/adl-14-cam0-rgb.npz,35,64,0,42,1,0.0002794045,0.9977752566337585,0
adl-14-cam0-rgb,data/keypoints/adl/adl-14-cam0-rgb.npz,36,65,0,42,1,0.00027810092,0.9977752566337585,0
adl-14-cam0-rgb,data/keypoints/adl/adl-14-cam0-rgb.npz,37,66,0,42,1,0.00027758547,0.9977752566337585,0
adl-14-cam0-rgb,data/keypoints/adl/adl-14-cam0-rgb.npz,38,67,0,42,1,0.0002771589,0.9977752566337585,0
adl-14-cam0-rgb,data/keypoints/adl/adl-14-cam0-rgb.npz,39,68,0,42,1,0.00027653258,0.9977752566337585,0
adl-14-cam0-rgb,data/keypoints/adl/adl-14-cam0-rgb.npz,40,69,0,42,1,0.00027583737,0.9977752566337585,0
adl-14-cam0-rgb,data/keypoints/adl/adl-14-cam0-rgb.npz,41,70,0,42,1,0.00027486452,0.9977752566337585,0
adl-14-cam0-rgb,data/keypoints/adl/adl-14-cam0-rgb.npz,42,71,0,42,1,0.0002742475,0.9977752566337585,0
adl-14-cam0-rgb,data/keypoints/adl/adl-14-cam0-rgb.npz,43,72,0,42,1,0.0002734848,0.9977752566337585,0
adl-14-cam0-rgb,data/keypoints/adl/adl-14-cam0-rgb.npz,44,73,0,42,1,0.0002727609,0.9977752566337585,0
adl-14-cam0-rgb,data/keypoints/adl/adl-14-cam0-rgb.npz,45,74,0,42,1,0.00027205862,0.9977752566337585,0
adl-14-cam0-rgb,data/keypoints/adl/adl-14-cam0-rgb.npz,46,75,0,42,1,0.0002713263,0.9977752566337585,0
adl-14-cam0-rgb,data/keypoints/adl/adl-14-cam0-rgb.npz,47,76,0,42,1,0.00027050055,0.9977752566337585,0
adl-14-cam0-rgb,data/keypoints/adl/adl-14-cam0-rgb.npz,48,77,0,42,1,0.0002696205,0.9977752566337585,0
adl-14-cam0-rgb,data/keypoints/adl/adl-14-cam0-rgb.npz,49,78,0,42,1,0.00026873202,0.9977752566337585,0
adl-14-cam0-rgb,data/keypoints/adl/adl-14-cam0-rgb.npz,50,79,0,42,1,0.00026764965,0.9977752566337585,0
adl-14-cam0-rgb,data/keypoints/adl/adl-14-cam0-rgb.npz,51,80,0,42,1,0.00026680276,0.9977752566337585,0
adl-14-cam0-rgb,data/keypoints/adl/adl-14-cam0-rgb.npz,52,81,0,42,1,0.0002658569,0.9977752566337585,0
adl-14-cam0-rgb,data/keypoints/adl/adl-14-cam0-rgb.npz,53,82,0,42,1,0.000264923,0.9977752566337585,0
adl-14-cam0-rgb,data/keypoints/adl/adl-14-cam0-rgb.npz,54,83,0,42,1,0.00026400495,0.9977752566337585,0
adl-14-cam0-rgb,data/keypoints/adl/adl-14-cam0-rgb.npz,55,84,0,42,1,0.000263076,0.9977752566337585,0
adl-14-cam0-rgb,data/keypoints/adl/adl-14-cam0-rgb.npz,56,85,0,42,1,0.00026208034,0.9977752566337585,0
adl-14-cam0-rgb,data/keypoints/adl/adl-14-cam0-rgb.npz,57,86,0,42,1,0.00026120277,0.9977752566337585,0
adl-14-cam0-rgb,data/keypoints/adl/adl-14-cam0-rgb.npz,58,87,0,42,1,0.0002603408,0.9977752566337585,0
adl-14-cam0-rgb,data/keypoints/adl/adl-14-cam0-rgb.npz,59,88,0,42,1,0.00025944258,0.9977752566337585,0
adl-14-cam0-rgb,data/keypoints/adl/adl-14-cam0-rgb.npz,60,89,0,42,1,0.00025817056,0.9977752566337585,0
adl-14-cam0-rgb,data/keypoints/adl/adl-14-cam0-rgb.npz,61,90,0,42,1,0.00025714614,0.9977752566337585,0
adl-14-cam0-rgb,data/keypoints/adl/adl-14-cam0-rgb.npz,62,91,0,42,1,0.00025539525,0.9977752566337585,0
adl-14-cam0-rgb,data/keypoints/adl/adl-14-cam0-rgb.npz,63,92,0,42,1,0.00025489973,0.9977752566337585,0
adl-14-cam0-rgb,data/keypoints/adl/adl-14-cam0-rgb.npz,64,93,0,42,1,0.00025424585,0.9977752566337585,0
adl-14-cam0-rgb,data/keypoints/adl/adl-14-cam0-rgb.npz,65,94,0,42,1,0.0002536427,0.9977752566337585,0
adl-14-cam0-rgb,data/keypoints/adl/adl-14-cam0-rgb.npz,66,95,0,42,1,0.0002528968,0.9977752566337585,0
adl-14-cam0-rgb,data/keypoints/adl/adl-14-cam0-rgb.npz,67,96,0,42,1,0.0002523532,0.9977752566337585,0
adl-14-cam0-rgb,data/keypoints/adl/adl-14-cam0-rgb.npz,68,97,0,42,1,0.00025181362,0.9977752566337585,0
adl-14-cam0-rgb,data/keypoints/adl/adl-14-cam0-rgb.npz,69,98,0,42,1,0.00027334847,0.9977752566337585,0
adl-14-cam0-rgb,data/keypoints/adl/adl-14-cam0-rgb.npz,70,99,0,42,1,0.00027273336,0.9977752566337585,0
adl-14-cam0-rgb,data/keypoints/adl/adl-14-cam0-rgb.npz,71,100,0,42,1,0.00027232253,0.9977752566337585,0
adl-14-cam0-rgb,data/keypoints/adl/adl-14-cam0-rgb.npz,72,101,0,42,1,0.00027184782,0.9977752566337585,0
adl-14-cam0-rgb,data/keypoints/adl/adl-14-cam0-rgb.npz,73,102,0,42,1,0.0002713628,0.9977752566337585,0
adl-14-cam0-rgb,data/keypoints/adl/adl-14-cam0-rgb.npz,74,103,0,42,1,0.0002707671,0.9977752566337585,0
adl-14-cam0-rgb,data/keypoints/adl/adl-14-cam0-rgb.npz,75,104,0,42,1,0.000270131,0.9977752566337585,0
adl-14-cam0-rgb,data/keypoints/adl/adl-14-cam0-rgb.npz,76,105,0,42,1,0.00026958552,0.9977752566337585,0
adl-14-cam0-rgb,data/keypoints/adl/adl-14-cam0-rgb.npz,77,106,0,42,1,0.00026908377,0.9977752566337585,0
adl-14-cam0-rgb,data/keypoints/adl/adl-14-cam0-rgb.npz,78,107,0,42,1,0.0002683848,0.9977752566337585,0
adl-14-cam0-rgb,data/keypoints/adl/adl-14-cam0-rgb.npz,79,108,0,42,1,0.00026767136,0.9977752566337585,0
adl-14-cam0-rgb,data/keypoints/adl/adl-14-cam0-rgb.npz,80,109,0,42,1,0.00026681673,0.9977752566337585,0
adl-14-cam0-rgb,data/keypoints/adl/adl-14-cam0-rgb.npz,81,110,0,42,1,0.0002659294,0.9977752566337585,0
adl-14-cam0-rgb,data/keypoints/adl/adl-14-cam0-rgb.npz,82,111,0,42,1,0.00026494853,0.9977752566337585,0
adl-14-cam0-rgb,data/keypoints/adl/adl-14-cam0-rgb.npz,83,112,0,42,1,0.00026402558,0.9977752566337585,0
adl-14-cam0-rgb,data/keypoints/adl/adl-14-cam0-rgb.npz,84,113,0,42,1,0.00026297945,0.9977752566337585,0
adl-14-cam0-rgb,data/keypoints/adl/adl-14-cam0-rgb.npz,85,114,0,42,1,0.00026180563,0.9977752566337585,0
adl-14-cam0-rgb,data/keypoints/adl/adl-14-cam0-rgb.npz,86,115,0,42,1,0.00026058563,0.9977752566337585,0
adl-14-cam0-rgb,data/keypoints/adl/adl-14-cam0-rgb.npz,87,116,0,42,1,0.0002593167,0.9977752566337585,0
adl-14-cam0-rgb,data/keypoints/adl/adl-14-cam0-rgb.npz,88,117,0,42,1,0.0002580443,0.9977752566337585,0
adl-14-cam0-rgb,data/keypoints/adl/adl-14-cam0-rgb.npz,89,118,0,42,1,0.0002568041,0.9977752566337585,0
adl-14-cam0-rgb,data/keypoints/adl/adl-14-cam0-rgb.npz,90,119,0,42,1,0.0002554968,0.9977752566337585,0
adl-14-cam0-rgb,data/keypoints/adl/adl-14-cam0-rgb.npz,91,120,0,42,1,0.00025414405,0.9977752566337585,0
adl-14-cam0-rgb,data/keypoints/adl/adl-14-cam0-rgb.npz,92,121,0,42,1,0.00025270518,0.9977752566337585,0
adl-14-cam0-rgb,data/keypoints/adl/adl-14-cam0-rgb.npz,93,122,0,42,1,0.00025140843,0.9977752566337585,0
adl-14-cam0-rgb,data/keypoints/adl/adl-14-cam0-rgb.npz,94,123,0,42,1,0.00025013188,0.9977752566337585,0
adl-14-cam0-rgb,data/keypoints/adl/adl-14-cam0-rgb.npz,95,124,0,42,1,0.0002489442,0.9977752566337585,0
adl-14-cam0-rgb,data/keypoints/adl/adl-14-cam0-rgb.npz,96,125,0,42,1,0.00024779854,0.9977752566337585,0
adl-14-cam0-rgb,data/keypoints/adl/adl-14-cam0-rgb.npz,97,126,0,42,1,0.000246637,0.9977752566337585,0
adl-14-cam0-rgb,data/keypoints/adl/adl-14-cam0-rgb.npz,98,127,0,42,1,0.00024550542,0.9977752566337585,0
adl-14-cam0-rgb,data/keypoints/adl/adl-14-cam0-rgb.npz,99,128,0,42,1,0.00024439982,0.9977752566337585,0
adl-14-cam0-rgb,data/keypoints/adl/adl-14-cam0-rgb.npz,100,129,0,42,1,0.0002433073,0.9977752566337585,0
adl-14-cam0-rgb,data/keypoints/adl/adl-14-cam0-rgb.npz,101,130,0,42,1,0.00024226308,0.9977752566337585,0
adl-14-cam0-rgb,data/keypoints/adl/adl-14-cam0-rgb.npz,102,131,0,42,1,0.00024121646,0.9977752566337585,0
adl-14-cam0-rgb,data/keypoints/adl/adl-14-cam0-rgb.npz,103,132,0,42,1,0.00024035967,0.9977752566337585,0
adl-14-cam0-rgb,data/keypoints/adl/adl-14-cam0-rgb.npz,104,133,0,42,1,0.00023967179,0.9977752566337585,0
adl-14-cam0-rgb,data/keypoints/adl/adl-14-cam0-rgb.npz,105,134,0,42,1,0.00023899702,0.9977752566337585,0
adl-14-cam0-rgb,data/keypoints/adl/adl-14-cam0-rgb.npz,106,135,0,42,1,0.0002383296,0.9977752566337585,0
adl-14-cam0-rgb,data/keypoints/adl/adl-14-cam0-rgb.npz,107,136,0,42,1,0.00023770555,0.9977752566337585,0
adl-14-cam0-rgb,data/keypoints/adl/adl-14-cam0-rgb.npz,108,137,0,42,1,0.00023720246,0.9977752566337585,0
adl-14-cam0-rgb,data/keypoints/adl/adl-14-cam0-rgb.npz,109,138,0,42,1,0.00023675598,0.9977752566337585,0
adl-14-cam0-rgb,data/keypoints/adl/adl-14-cam0-rgb.npz,110,139,0,42,1,0.0002364014,0.9977752566337585,0
adl-14-cam0-rgb,data/keypoints/adl/adl-14-cam0-rgb.npz,111,140,0,42,1,0.00023609844,0.9977752566337585,0
adl-14-cam0-rgb,data/keypoints/adl/adl-14-cam0-rgb.npz,112,141,0,42,1,0.00023590696,0.9977752566337585,0
adl-14-cam0-rgb,data/keypoints/adl/adl-14-cam0-rgb.npz,113,142,0,42,1,0.00023580193,0.9977752566337585,0
adl-14-cam0-rgb,data/keypoints/adl/adl-14-cam0-rgb.npz,114,143,0,42,1,0.00023574439,0.9977752566337585,0
adl-14-cam0-rgb,data/keypoints/adl/adl-14-cam0-rgb.npz,115,144,0,42,1,0.00023574529,0.9977752566337585,0
adl-14-cam0-rgb,data/keypoints/adl/adl-14-cam0-rgb.npz,116,145,0,42,1,0.0002358206,0.9977752566337585,0
adl-14-cam0-rgb,data/keypoints/adl/adl-14-cam0-rgb.npz,117,146,0,42,1,0.00023594272,0.9977752566337585,0
adl-14-cam0-rgb,data/keypoints/adl/adl-14-cam0-rgb.npz,118,147,0,42,1,0.00023610833,0.9977752566337585,0
adl-14-cam0-rgb,data/keypoints/adl/adl-14-cam0-rgb.npz,119,148,0,42,1,0.00023630766,0.9977752566337585,0
adl-14-cam0-rgb,data/keypoints/adl/adl-14-cam0-rgb.npz,120,149,0,42,1,0.00023660796,0.9977752566337585,0
adl-14-cam0-rgb,data/keypoints/adl/adl-14-cam0-rgb.npz,121,150,0,42,1,0.00023694205,0.9977752566337585,0
adl-14-cam0-rgb,data/keypoints/adl/adl-14-cam0-rgb.npz,122,151,0,42,1,0.00023732259,0.9977752566337585,0
adl-14-cam0-rgb,data/keypoints/adl/adl-14-cam0-rgb.npz,123,152,0,42,1,0.00023771435,0.9977752566337585,0
adl-14-cam0-rgb,data/keypoints/adl/adl-14-cam0-rgb.npz,124,153,0,42,1,0.00023811996,0.9977752566337585,0
adl-14-cam0-rgb,data/keypoints/adl/adl-14-cam0-rgb.npz,125,154,0,42,1,0.00023848873,0.9977752566337585,0
adl-14-cam0-rgb,data/keypoints/adl/adl-14-cam0-rgb.npz,126,155,0,42,1,0.0002388961,0.9977752566337585,0
adl-14-cam0-rgb,data/keypoints/adl/adl-14-cam0-rgb.npz,127,156,0,42,1,0.00023928932,0.9977752566337585,0
adl-14-cam0-rgb,data/keypoints/adl/adl-14-cam0-rgb.npz,128,157,0,42,1,0.00023970698,0.9977752566337585,0
adl-14-cam0-rgb,data/keypoints/adl/adl-14-cam0-rgb.npz,129,158,0,42,1,0.00024012396,0.9977752566337585,0
adl-14-cam0-rgb,data/keypoints/adl/adl-14-cam0-rgb.npz,130,159,0,42,1,0.00024059767,0.9977752566337585,0
adl-14-cam0-rgb,data/keypoints/adl/adl-14-cam0-rgb.npz,131,160,0,42,1,0.00024107598,0.9977752566337585,0
adl-14-cam0-rgb,data/keypoints/adl/adl-14-cam0-rgb.npz,132,161,0,42,1,0.00024157553,0.9977752566337585,0
adl-14-cam0-rgb,data/keypoints/adl/adl-14-cam0-rgb.npz,133,162,0,42,1,0.0002420172,0.9977752566337585,0
adl-14-cam0-rgb,data/keypoints/adl/adl-14-cam0-rgb.npz,134,163,0,42,1,0.00024242808,0.9977752566337585,0
adl-14-cam0-rgb,data/keypoints/adl/adl-14-cam0-rgb.npz,135,164,0,42,1,0.0002428959,0.9977752566337585,0
adl-14-cam0-rgb,data/keypoints/adl/adl-14-cam0-rgb.npz,136,165,0,42,1,0.00024351758,0.9977752566337585,0
adl-14-cam0-rgb,data/keypoints/adl/adl-14-cam0-rgb.npz,137,166,0,42,1,0.0002442002,0.9977752566337585,0
adl-14-cam0-rgb,data/keypoints/adl/adl-14-cam0-rgb.npz,138,167,0,42,1,0.00024496418,0.9977752566337585,0
adl-14-cam0-rgb,data/keypoints/adl/adl-14-cam0-rgb.npz,139,168,0,42,1,0.00024591613,0.9977752566337585,0
adl-14-cam0-rgb,data/keypoints/adl/adl-14-cam0-rgb.npz,140,169,0,42,1,0.00024697417,0.9977752566337585,0
adl-14-cam0-rgb,data/keypoints/adl/adl-14-cam0-rgb.npz,141,170,0,42,1,0.00024821967,0.9977752566337585,0
adl-14-cam0-rgb,data/keypoints/adl/adl-14-cam0-rgb.npz,142,171,0,42,1,0.0002496497,0.9977752566337585,0
adl-14-cam0-rgb,data/keypoints/adl/adl-14-cam0-rgb.npz,143,172,0,42,1,0.00025114467,0.9977752566337585,0
adl-14-cam0-rgb,data/keypoints/adl/adl-14-cam0-rgb.npz,144,173,0,42,1,0.00025283892,0.9977752566337585,0
adl-14-cam0-rgb,data/keypoints/adl/adl-14-cam0-rgb.npz,145,174,0,42,1,0.00025499403,0.9977752566337585,0
adl-14-cam0-rgb,data/keypoints/adl/adl-14-cam0-rgb.npz,146,175,0,42,1,0.00025728298,0.9977752566337585,0
adl-14-cam0-rgb,data/keypoints/adl/adl-14-cam0-rgb.npz,147,176,0,42,1,0.00025929912,0.9977752566337585,0
adl-14-cam0-rgb,data/keypoints/adl/adl-14-cam0-rgb.npz,148,177,0,42,1,0.00026232385,0.9977752566337585,0
adl-14-cam0-rgb,data/keypoints/adl/adl-14-cam0-rgb.npz,149,178,0,42,1,0.0002648687,0.9977752566337585,0
adl-14-cam0-rgb,data/keypoints/adl/adl-14-cam0-rgb.npz,150,179,0,42,1,0.00026736938,0.9977752566337585,0
adl-14-cam0-rgb,data/keypoints/adl/adl-14-cam0-rgb.npz,151,180,0,42,1,0.00026983113,0.9977752566337585,0
adl-14-cam0-rgb,data/keypoints/adl/adl-14-cam0-rgb.npz,152,181,0,42,1,0.00027234643,0.9977752566337585,0
adl-14-cam0-rgb,data/keypoints/adl/adl-14-cam0-rgb.npz,153,182,0,42,1,0.00027525154,0.9977752566337585,0
adl-14-cam0-rgb,data/keypoints/adl/adl-14-cam0-rgb.npz,154,183,0,42,1,0.00027762091,0.9977752566337585,0
adl-14-cam0-rgb,data/keypoints/adl/adl-14-cam0-rgb.npz,155,184,0,42,1,0.0002800347,0.9977752566337585,0
adl-14-cam0-rgb,data/keypoints/adl/adl-14-cam0-rgb.npz,156,185,0,42,1,0.0002826834,0.9977752566337585,0
adl-14-cam0-rgb,data/keypoints/adl/adl-14-cam0-rgb.npz,157,186,0,42,1,0.0002848583,0.9977752566337585,0
adl-14-cam0-rgb,data/keypoints/adl/adl-14-cam0-rgb.npz,158,187,0,42,1,0.0002868962,0.9977752566337585,0
adl-14-cam0-rgb,data/keypoints/adl/adl-14-cam0-rgb.npz,159,188,0,42,1,0.00028875453,0.9977752566337585,0
adl-14-cam0-rgb,data/keypoints/adl/adl-14-cam0-rgb.npz,160,189,0,42,1,0.0002898606,0.9977752566337585,0
adl-14-cam0-rgb,data/keypoints/adl/adl-14-cam0-rgb.npz,161,190,0,42,1,0.00029117567,0.9977752566337585,0
adl-14-cam0-rgb,data/keypoints/adl/adl-14-cam0-rgb.npz,162,191,0,42,1,0.0002924103,0.9977752566337585,0
adl-14-cam0-rgb,data/keypoints/adl/adl-14-cam0-rgb.npz,163,192,0,42,1,0.00029350712,0.9977752566337585,0
adl-14-cam0-rgb,data/keypoints/adl/adl-14-cam0-rgb.npz,164,193,0,42,1,0.00029447104,0.9977752566337585,0
adl-14-cam0-rgb,data/keypoints/adl/adl-14-cam0-rgb.npz,165,194,0,42,1,0.0002941324,0.9977752566337585,0
adl-14-cam0-rgb,data/keypoints/adl/adl-14-cam0-rgb.npz,166,195,0,42,1,0.0002944191,0.9977752566337585,0
adl-14-cam0-rgb,data/keypoints/adl/adl-14-cam0-rgb.npz,167,196,0,42,1,0.0002946659,0.9977752566337585,0
adl-14-cam0-rgb,data/keypoints/adl/adl-14-cam0-rgb.npz,168,197,0,42,1,0.0002946401,0.9977752566337585,0
adl-14-cam0-rgb,data/keypoints/adl/adl-14-cam0-rgb.npz,169,198,0,42,1,0.00029467265,0.9977752566337585,0
adl-14-cam0-rgb,data/keypoints/adl/adl-14-cam0-rgb.npz,170,199,0,42,1,0.0002939583,0.9977752566337585,0
adl-14-cam0-rgb,data/keypoints/adl/adl-14-cam0-rgb.npz,171,200,0,42,1,0.00029349452,0.9977752566337585,0
adl-14-cam0-rgb,data/keypoints/adl/adl-14-cam0-rgb.npz,172,201,0,42,1,0.00029226343,0.9977752566337585,0
adl-14-cam0-rgb,data/keypoints/adl/adl-14-cam0-rgb.npz,173,202,0,42,1,0.00029139704,0.9977752566337585,0
adl-14-cam0-rgb,data/keypoints/adl/adl-14-cam0-rgb.npz,174,203,0,42,1,0.00029022948,0.9977752566337585,0
adl-14-cam0-rgb,data/keypoints/adl/adl-14-cam0-rgb.npz,175,204,0,42,1,0.0002885286,0.9977752566337585,0
adl-14-cam0-rgb,data/keypoints/adl/adl-14-cam0-rgb.npz,176,205,0,42,1,0.00028658917,0.9977752566337585,0
adl-14-cam0-rgb,data/keypoints/adl/adl-14-cam0-rgb.npz,177,206,0,42,1,0.00028439864,0.9977752566337585,0
adl-14-cam0-rgb,data/keypoints/adl/adl-14-cam0-rgb.npz,178,207,0,42,1,0.00028180613,0.9977752566337585,0
adl-14-cam0-rgb,data/keypoints/adl/adl-14-cam0-rgb.npz,179,208,0,42,1,0.00027918964,0.9977752566337585,0
adl-14-cam0-rgb,data/keypoints/adl/adl-14-cam0-rgb.npz,180,209,0,42,1,0.0002765402,0.9977752566337585,0
adl-14-cam0-rgb,data/keypoints/adl/adl-14-cam0-rgb.npz,181,210,0,42,1,0.00027389947,0.9977752566337585,0
adl-14-cam0-rgb,data/keypoints/adl/adl-14-cam0-rgb.npz,182,211,0,42,1,0.00027093987,0.9977752566337585,0
adl-14-cam0-rgb,data/keypoints/adl/adl-14-cam0-rgb.npz,183,212,0,42,1,0.00026855172,0.9977752566337585,0
adl-14-cam0-rgb,data/keypoints/adl/adl-14-cam0-rgb.npz,184,213,0,42,1,0.00026586803,0.9977752566337585,0
adl-14-cam0-rgb,data/keypoints/adl/adl-14-cam0-rgb.npz,185,214,0,42,1,0.0002631643,0.9977752566337585,0
adl-14-cam0-rgb,data/keypoints/adl/adl-14-cam0-rgb.npz,186,215,0,42,1,0.0002603651,0.9977752566337585,0
adl-14-cam0-rgb,data/keypoints/adl/adl-14-cam0-rgb.npz,187,216,0,42,1,0.00025793264,0.9977752566337585,0
adl-14-cam0-rgb,data/keypoints/adl/adl-14-cam0-rgb.npz,188,217,0,42,1,0.00025550605,0.9977752566337585,0
adl-14-cam0-rgb,data/keypoints/adl/adl-14-cam0-rgb.npz,189,218,0,42,1,0.0002532242,0.9977752566337585,0
adl-14-cam0-rgb,data/keypoints/adl/adl-14-cam0-rgb.npz,190,219,0,42,1,0.00025087444,0.9977752566337585,0
adl-14-cam0-rgb,data/keypoints/adl/adl-14-cam0-rgb.npz,191,220,0,42,1,0.00024874278,0.9977752566337585,0
adl-14-cam0-rgb,data/keypoints/adl/adl-14-cam0-rgb.npz,192,221,0,42,1,0.00024654059,0.9977752566337585,0
adl-14-cam0-rgb,data/keypoints/adl/adl-14-cam0-rgb.npz,193,222,0,42,1,0.00024443783,0.9977752566337585,0
adl-14-cam0-rgb,data/keypoints/adl/adl-14-cam0-rgb.npz,194,223,0,42,1,0.00024238254,0.9977752566337585,0
adl-14-cam0-rgb,data/keypoints/adl/adl-14-cam0-rgb.npz,195,224,0,42,1,0.00024040416,0.9977752566337585,0
adl-14-cam0-rgb,data/keypoints/adl/adl-14-cam0-rgb.npz,196,225,0,42,1,0.00023870301,0.9977752566337585,0
adl-14-cam0-rgb,data/keypoints/adl/adl-14-cam0-rgb.npz,197,226,0,42,1,0.00023703878,0.9977752566337585,0
adl-14-cam0-rgb,data/keypoints/adl/adl-14-cam0-rgb.npz,198,227,0,42,1,0.00023550671,0.9977752566337585,0
adl-14-cam0-rgb,data/keypoints/adl/adl-14-cam0-rgb.npz,199,228,0,42,1,0.00023398295,0.9977752566337585,0
adl-14-cam0-rgb,data/keypoints/adl/adl-14-cam0-rgb.npz,200,229,0,42,1,0.0002325105,0.9977752566337585,0
adl-14-cam0-rgb,data/keypoints/adl/adl-14-cam0-rgb.npz,201,230,0,42,1,0.0002310947,0.9977752566337585,0
adl-14-cam0-rgb,data/keypoints/adl/adl-14-cam0-rgb.npz,202,231,0,42,1,0.00022976223,0.9977752566337585,0
adl-14-cam0-rgb,data/keypoints/adl/adl-14-cam0-rgb.npz,203,232,0,42,1,0.00022848902,0.9977752566337585,0
adl-14-cam0-rgb,data/keypoints/adl/adl-14-cam0-rgb.npz,204,233,0,42,1,0.00022729592,0.9977752566337585,0
adl-14-cam0-rgb,data/keypoints/adl/adl-14-cam0-rgb.npz,205,234,0,42,1,0.00022620651,0.9977752566337585,0
adl-14-cam0-rgb,data/keypoints/adl/adl-14-cam0-rgb.npz,206,235,0,42,1,0.0002251618,0.9977752566337585,0
adl-18-cam0-rgb,data/keypoints/adl/adl-18-cam0-rgb.npz,65,94,0,42,1,0.00030169563,0.9977752566337585,0
adl-18-cam0-rgb,data/keypoints/adl/adl-18-cam0-rgb.npz,66,95,0,42,1,0.00024733873,0.9977752566337585,0
adl-18-cam0-rgb,data/keypoints/adl/adl-18-cam0-rgb.npz,67,96,0,42,1,0.0002472173,0.9977752566337585,0
adl-18-cam0-rgb,data/keypoints/adl/adl-18-cam0-rgb.npz,68,97,0,42,1,0.00022947762,0.9977752566337585,0
adl-18-cam0-rgb,data/keypoints/adl/adl-18-cam0-rgb.npz,69,98,0,42,1,0.00022933412,0.9977752566337585,0
adl-18-cam0-rgb,data/keypoints/adl/adl-18-cam0-rgb.npz,70,99,0,42,1,0.00022918702,0.9977752566337585,0
adl-18-cam0-rgb,data/keypoints/adl/adl-18-cam0-rgb.npz,71,100,0,42,1,0.0002613298,0.9977752566337585,0
adl-18-cam0-rgb,data/keypoints/adl/adl-18-cam0-rgb.npz,72,101,0,42,1,0.00026104317,0.9977752566337585,0
adl-18-cam0-rgb,data/keypoints/adl/adl-18-cam0-rgb.npz,73,102,0,42,1,0.00026077154,0.9977752566337585,0
adl-18-cam0-rgb,data/keypoints/adl/adl-18-cam0-rgb.npz,74,103,0,42,1,0.00026041822,0.9977752566337585,0
adl-18-cam0-rgb,data/keypoints/adl/adl-18-cam0-rgb.npz,75,104,0,42,1,0.0002602078,0.9977752566337585,0
adl-18-cam0-rgb,data/keypoints/adl/adl-18-cam0-rgb.npz,76,105,0,42,1,0.00025989066,0.9977752566337585,0
adl-18-cam0-rgb,data/keypoints/adl/adl-18-cam0-rgb.npz,77,106,0,42,1,0.00025952075,0.9977752566337585,0
adl-18-cam0-rgb,data/keypoints/adl/adl-18-cam0-rgb.npz,78,107,0,42,1,0.00025905893,0.9977752566337585,0
adl-18-cam0-rgb,data/keypoints/adl/adl-18-cam0-rgb.npz,79,108,0,42,1,0.0002586626,0.9977752566337585,0
adl-18-cam0-rgb,data/keypoints/adl/adl-18-cam0-rgb.npz,80,109,0,42,1,0.00025819542,0.9977752566337585,0
adl-18-cam0-rgb,data/keypoints/adl/adl-18-cam0-rgb.npz,81,110,0,42,1,0.00025767108,0.9977752566337585,0
adl-18-cam0-rgb,data/keypoints/adl/adl-18-cam0-rgb.npz,82,111,0,42,1,0.0002570964,0.9977752566337585,0
adl-18-cam0-rgb,data/keypoints/adl/adl-18-cam0-rgb.npz,83,112,0,42,1,0.00025646057,0.9977752566337585,0
adl-18-cam0-rgb,data/keypoints/adl/adl-18-cam0-rgb.npz,84,113,0,42,1,0.00025588687,0.9977752566337585,0
adl-18-cam0-rgb,data/keypoints/adl/adl-18-cam0-rgb.npz,85,114,0,42,1,0.00025520468,0.9977752566337585,0
adl-18-cam0-rgb,data/keypoints/adl/adl-18-cam0-rgb.npz,86,115,0,42,1,0.0002760905,0.9977752566337585,0
adl-18-cam0-rgb,data/keypoints/adl/adl-18-cam0-rgb.npz,87,116,0,42,1,0.00027531743,0.9977752566337585,0
adl-18-cam0-rgb,data/keypoints/adl/adl-18-cam0-rgb.npz,88,117,0,42,1,0.00027453605,0.9977752566337585,0
adl-18-cam0-rgb,data/keypoints/adl/adl-18-cam0-rgb.npz,89,118,0,42,1,0.00027360453,0.9977752566337585,0
adl-18-cam0-rgb,data/keypoints/adl/adl-18-cam0-rgb.npz,90,119,0,42,1,0.00027276794,0.9977752566337585,0
adl-18-cam0-rgb,data/keypoints/adl/adl-18-cam0-rgb.npz,91,120,0,42,1,0.000271887,0.9977752566337585,0
adl-18-cam0-rgb,data/keypoints/adl/adl-18-cam0-rgb.npz,92,121,0,42,1,0.0002710706,0.9977752566337585,0
adl-18-cam0-rgb,data/keypoints/adl/adl-18-cam0-rgb.npz,93,122,0,42,1,0.0002701722,0.9977752566337585,0
adl-18-cam0-rgb,data/keypoints/adl/adl-18-cam0-rgb.npz,94,123,0,42,1,0.0002692139,0.9977752566337585,0
adl-18-cam0-rgb,data/keypoints/adl/adl-18-cam0-rgb.npz,95,124,0,42,1,0.0002682523,0.9977752566337585,0
adl-18-cam0-rgb,data/keypoints/adl/adl-18-cam0-rgb.npz,96,125,0,42,1,0.0002672483,0.9977752566337585,0
adl-18-cam0-rgb,data/keypoints/adl/adl-18-cam0-rgb.npz,97,126,0,42,1,0.0002663948,0.9977752566337585,0
adl-18-cam0-rgb,data/keypoints/adl/adl-18-cam0-rgb.npz,98,127,0,42,1,0.00026552152,0.9977752566337585,0
adl-18-cam0-rgb,data/keypoints/adl/adl-18-cam0-rgb.npz,99,128,0,42,1,0.0002645489,0.9977752566337585,0
adl-18-cam0-rgb,data/keypoints/adl/adl-18-cam0-rgb.npz,100,129,0,42,1,0.00026349045,0.9977752566337585,0
adl-18-cam0-rgb,data/keypoints/adl/adl-18-cam0-rgb.npz,101,130,0,42,1,0.00026233486,0.9977752566337585,0
adl-18-cam0-rgb,data/keypoints/adl/adl-18-cam0-rgb.npz,102,131,0,42,1,0.00026133307,0.9977752566337585,0
adl-18-cam0-rgb,data/keypoints/adl/adl-18-cam0-rgb.npz,103,132,0,42,1,0.0002602177,0.9977752566337585,0
adl-18-cam0-rgb,data/keypoints/adl/adl-18-cam0-rgb.npz,104,133,0,42,1,0.00025915724,0.9977752566337585,0
adl-18-cam0-rgb,data/keypoints/adl/adl-18-cam0-rgb.npz,105,134,0,42,1,0.00025791468,0.9977752566337585,0
adl-18-cam0-rgb,data/keypoints/adl/adl-18-cam0-rgb.npz,106,135,0,42,1,0.00025667707,0.9977752566337585,0
adl-18-cam0-rgb,data/keypoints/adl/adl-18-cam0-rgb.npz,107,136,0,42,1,0.00025535605,0.9977752566337585,0
adl-18-cam0-rgb,data/keypoints/adl/adl-18-cam0-rgb.npz,108,137,0,42,1,0.00025389122,0.9977752566337585,0
adl-18-cam0-rgb,data/keypoints/adl/adl-18-cam0-rgb.npz,109,138,0,42,1,0.0002524251,0.9977752566337585,0
adl-18-cam0-rgb,data/keypoints/adl/adl-18-cam0-rgb.npz,110,139,0,42,1,0.0002508285,0.9977752566337585,0
adl-18-cam0-rgb,data/keypoints/adl/adl-18-cam0-rgb.npz,111,140,0,42,1,0.00024904654,0.9977752566337585,0
adl-18-cam0-rgb,data/keypoints/adl/adl-18-cam0-rgb.npz,112,141,0,42,1,0.00024732528,0.9977752566337585,0
adl-18-cam0-rgb,data/keypoints/adl/adl-18-cam0-rgb.npz,113,142,0,42,1,0.00024548345,0.9977752566337585,0
adl-18-cam0-rgb,data/keypoints/adl/adl-18-cam0-rgb.npz,114,143,0,42,1,0.00024369593,0.9977752566337585,0
adl-18-cam0-rgb,data/keypoints/adl/adl-18-cam0-rgb.npz,115,144,0,42,1,0.00024192217,0.9977752566337585,0
adl-18-cam0-rgb,data/keypoints/adl/adl-18-cam0-rgb.npz,116,145,0,42,1,0.00024003928,0.9977752566337585,0
adl-18-cam0-rgb,data/keypoints/adl/adl-18-cam0-rgb.npz,117,146,0,42,1,0.00023836279,0.9977752566337585,0
adl-18-cam0-rgb,data/keypoints/adl/adl-18-cam0-rgb.npz,118,147,0,42,1,0.00023659352,0.9977752566337585,0
adl-18-cam0-rgb,data/keypoints/adl/adl-18-cam0-rgb.npz,119,148,0,42,1,0.00023483808,0.9977752566337585,0
adl-18-cam0-rgb,data/keypoints/adl/adl-18-cam0-rgb.npz,120,149,0,42,1,0.00023308228,0.9977752566337585,0
adl-18-cam0-rgb,data/keypoints/adl/adl-18-cam0-rgb.npz,121,150,0,42,1,0.00023144796,0.9977752566337585,0
adl-18-cam0-rgb,data/keypoints/adl/adl-18-cam0-rgb.npz,122,151,0,42,1,0.0002295553,0.9977752566337585,0
adl-18-cam0-rgb,data/keypoints/adl/adl-18-cam0-rgb.npz,123,152,0,42,1,0.00022771455,0.9977752566337585,0
adl-18-cam0-rgb,data/keypoints/adl/adl-18-cam0-rgb.npz,124,153,0,42,1,0.00022574239,0.9977752566337585,0
adl-18-cam0-rgb,data/keypoints/adl/adl-18-cam0-rgb.npz,125,154,0,42,1,0.00022408966,0.9977752566337585,0
adl-18-cam0-rgb,data/keypoints/adl/adl-18-cam0-rgb.npz,126,155,0,42,1,0.00022242378,0.9977752566337585,0
adl-18-cam0-rgb,data/keypoints/adl/adl-18-cam0-rgb.npz,127,156,0,42,1,0.00022070503,0.9977752566337585,0
adl-18-cam0-rgb,data/keypoints/adl/adl-18-cam0-rgb.npz,128,157,0,42,1,0.00021890289,0.9977752566337585,0
adl-18-cam0-rgb,data/keypoints/adl/adl-18-cam0-rgb.npz,129,158,0,42,1,0.00021739803,0.9977752566337585,0
adl-18-cam0-rgb,data/keypoints/adl/adl-18-cam0-rgb.npz,130,159,0,42,1,0.00021577222,0.9977752566337585,0
adl-18-cam0-rgb,data/keypoints/adl/adl-18-cam0-rgb.npz,131,160,0,42,1,0.00021507117,0.9977752566337585,0
adl-18-cam0-rgb,data/keypoints/adl/adl-18-cam0-rgb.npz,132,161,0,42,1,0.00021393324,0.9977752566337585,0
adl-18-cam0-rgb,data/keypoints/adl/adl-18-cam0-rgb.npz,133,162,0,42,1,0.00021286786,0.9977752566337585,0
adl-18-cam0-rgb,data/keypoints/adl/adl-18-cam0-rgb.npz,134,163,0,42,1,0.00021186899,0.9977752566337585,0
adl-18-cam0-rgb,data/keypoints/adl/adl-18-cam0-rgb.npz,135,164,0,42,1,0.0002110134,0.9977752566337585,0
adl-18-cam0-rgb,data/keypoints/adl/adl-18-cam0-rgb.npz,136,165,0,42,1,0.00021029233,0.9977752566337585,0
adl-18-cam0-rgb,data/keypoints/adl/adl-18-cam0-rgb.npz,137,166,0,42,1,0.00020952539,0.9977752566337585,0
adl-18-cam0-rgb,data/keypoints/adl/adl-18-cam0-rgb.npz,138,167,0,42,1,0.00020888426,0.9977752566337585,0
adl-18-cam0-rgb,data/keypoints/adl/adl-18-cam0-rgb.npz,139,168,0,42,1,0.00020829556,0.9977752566337585,0
adl-18-cam0-rgb,data/keypoints/adl/adl-18-cam0-rgb.npz,140,169,0,42,1,0.00020769883,0.9977752566337585,0
adl-18-cam0-rgb,data/keypoints/adl/adl-18-cam0-rgb.npz,141,170,0,42,1,0.0002072312,0.9977752566337585,0
adl-18-cam0-rgb,data/keypoints/adl/adl-18-cam0-rgb.npz,142,171,0,42,1,0.00020689203,0.9977752566337585,0
adl-18-cam0-rgb,data/keypoints/adl/adl-18-cam0-rgb.npz,143,172,0,42,1,0.0002066107,0.9977752566337585,0
adl-18-cam0-rgb,data/keypoints/adl/adl-18-cam0-rgb.npz,144,173,0,42,1,0.0002063599,0.9977752566337585,0
adl-18-cam0-rgb,data/keypoints/adl/adl-18-cam0-rgb.npz,145,174,0,42,1,0.00020612589,0.9977752566337585,0
adl-18-cam0-rgb,data/keypoints/adl/adl-18-cam0-rgb.npz,146,175,0,42,1,0.00020570257,0.9977752566337585,0
adl-18-cam0-rgb,data/keypoints/adl/adl-18-cam0-rgb.npz,147,176,0,42,1,0.00020569377,0.9977752566337585,0
adl-18-cam0-rgb,data/keypoints/adl/adl-18-cam0-rgb.npz,148,177,0,42,1,0.00020596557,0.9977752566337585,0
adl-18-cam0-rgb,data/keypoints/adl/adl-18-cam0-rgb.npz,149,178,0,42,1,0.0002050845,0.9977752566337585,0
adl-18-cam0-rgb,data/keypoints/adl/adl-18-cam0-rgb.npz,150,179,0,42,1,0.00020692496,0.9977752566337585,0
adl-18-cam0-rgb,data/keypoints/adl/adl-18-cam0-rgb.npz,151,180,0,42,1,0.00020936779,0.9977752566337585,0
adl-18-cam0-rgb,data/keypoints/adl/adl-18-cam0-rgb.npz,152,181,0,42,1,0.00021254156,0.9977752566337585,0
adl-18-cam0-rgb,data/keypoints/adl/adl-18-cam0-rgb.npz,153,182,0,42,1,0.00021628568,0.9977752566337585,0
adl-18-cam0-rgb,data/keypoints/adl/adl-18-cam0-rgb.npz,154,183,0,42,1,0.00022065791,0.9977752566337585,0
adl-18-cam0-rgb,data/keypoints/adl/adl-18-cam0-rgb.npz,155,184,0,42,1,0.00022566601,0.9977752566337585,0
adl-18-cam0-rgb,data/keypoints/adl/adl-18-cam0-rgb.npz,156,185,0,42,1,0.00023233125,0.9977752566337585,0
adl-18-cam0-rgb,data/keypoints/adl/adl-18-cam0-rgb.npz,157,186,0,42,1,0.00024095511,0.9977752566337585,0
adl-18-cam0-rgb,data/keypoints/adl/adl-18-cam0-rgb.npz,158,187,0,42,1,0.00026077576,0.9977752566337585,0
adl-18-cam0-rgb,data/keypoints/adl/adl-18-cam0-rgb.npz,159,188,0,42,1,0.00026719604,0.9977752566337585,0
adl-18-cam0-rgb,data/keypoints/adl/adl-18-cam0-rgb.npz,160,189,0,42,1,0.0002743074,0.9977752566337585,0
adl-18-cam0-rgb,data/keypoints/adl/adl-18-cam0-rgb.npz,161,190,0,42,1,0.00025398273,0.9977752566337585,0
adl-18-cam0-rgb,data/keypoints/adl/adl-18-cam0-rgb.npz,162,191,0,42,1,0.00026190048,0.9977752566337585,0
adl-18-cam0-rgb,data/keypoints/adl/adl-18-cam0-rgb.npz,163,192,0,42,1,0.00026960354,0.9977752566337585,0
adl-18-cam0-rgb,data/keypoints/adl/adl-18-cam0-rgb.npz,164,193,0,42,1,0.00027863227,0.9977752566337585,0
adl-18-cam0-rgb,data/keypoints/adl/adl-18-cam0-rgb.npz,165,194,0,42,1,0.00028923643,0.9977752566337585,0
adl-18-cam0-rgb,data/keypoints/adl/adl-18-cam0-rgb.npz,166,195,0,42,1,0.00030003168,0.9977752566337585,0
adl-18-cam0-rgb,data/keypoints/adl/adl-18-cam0-rgb.npz,167,196,0,42,1,0.00031367654,0.9977752566337585,0
adl-18-cam0-rgb,data/keypoints/adl/adl-18-cam0-rgb.npz,168,197,0,42,1,0.000328977,0.9977752566337585,0
adl-18-cam0-rgb,data/keypoints/adl/adl-18-cam0-rgb.npz,169,198,0,42,1,0.00034536805,0.9977752566337585,0
adl-18-cam0-rgb,data/keypoints/adl/adl-18-cam0-rgb.npz,170,199,0,42,1,0.00036318024,0.9977752566337585,0
adl-18-cam0-rgb,data/keypoints/adl/adl-18-cam0-rgb.npz,171,200,0,42,1,0.00038025848,0.9977752566337585,0
adl-18-cam0-rgb,data/keypoints/adl/adl-18-cam0-rgb.npz,172,201,0,42,1,0.00039884602,0.9977752566337585,0
adl-18-cam0-rgb,data/keypoints/adl/adl-18-cam0-rgb.npz,173,202,0,42,1,0.00042226302,0.9977752566337585,0
adl-18-cam0-rgb,data/keypoints/adl/adl-18-cam0-rgb.npz,174,203,0,42,1,0.0004476599,0.9977752566337585,0
adl-18-cam0-rgb,data/keypoints/adl/adl-18-cam0-rgb.npz,175,204,0,42,1,0.00047533482,0.9977752566337585,0
adl-18-cam0-rgb,data/keypoints/adl/adl-18-cam0-rgb.npz,176,205,0,42,1,0.00049123977,0.9977752566337585,0
adl-18-cam0-rgb,data/keypoints/adl/adl-18-cam0-rgb.npz,177,206,0,42,1,0.0005110109,0.9977752566337585,0
adl-18-cam0-rgb,data/keypoints/adl/adl-18-cam0-rgb.npz,178,207,0,42,1,0.0005345919,0.9977752566337585,0
adl-18-cam0-rgb,data/keypoints/adl/adl-18-cam0-rgb.npz,179,208,0,42,1,0.0005624625,0.9977752566337585,0
adl-18-cam0-rgb,data/keypoints/adl/adl-18-cam0-rgb.npz,180,209,0,42,1,0.0005895632,0.9977752566337585,0
adl-18-cam0-rgb,data/keypoints/adl/adl-18-cam0-rgb.npz,181,210,0,42,1,0.00061518006,0.9977752566337585,0
adl-18-cam0-rgb,data/keypoints/adl/adl-18-cam0-rgb.npz,182,211,0,42,1,0.0006400296,0.9977752566337585,0
adl-18-cam0-rgb,data/keypoints/adl/adl-18-cam0-rgb.npz,183,212,0,42,1,0.0006659041,0.9977752566337585,0
adl-18-cam0-rgb,data/keypoints/adl/adl-18-cam0-rgb.npz,184,213,0,42,1,0.0006823406,0.9977752566337585,0
adl-18-cam0-rgb,data/keypoints/adl/adl-18-cam0-rgb.npz,185,214,0,42,1,0.0007044339,0.9977752566337585,0
adl-18-cam0-rgb,data/keypoints/adl/adl-18-cam0-rgb.npz,186,215,0,42,1,0.00072013633,0.9977752566337585,0
adl-18-cam0-rgb,data/keypoints/adl/adl-18-cam0-rgb.npz,187,216,0,42,1,0.0007403207,0.9977752566337585,0
adl-18-cam0-rgb,data/keypoints/adl/adl-18-cam0-rgb.npz,188,217,0,42,1,0.0007563881,0.9977752566337585,0
adl-18-cam0-rgb,data/keypoints/adl/adl-18-cam0-rgb.npz,189,218,0,42,1,0.00078593404,0.9977752566337585,0
adl-18-cam0-rgb,data/keypoints/adl/adl-18-cam0-rgb.npz,190,219,0,42,1,0.0008017088,0.9977752566337585,0
adl-18-cam0-rgb,data/keypoints/adl/adl-18-cam0-rgb.npz,191,220,0,42,1,0.00081697473,0.9977752566337585,0
adl-18-cam0-rgb,data/keypoints/adl/adl-18-cam0-rgb.npz,192,221,0,42,1,0.0008322781,0.9977752566337585,0
adl-18-cam0-rgb,data/keypoints/adl/adl-18-cam0-rgb.npz,193,222,0,42,1,0.00084901665,0.9977752566337585,0
adl-18-cam0-rgb,data/keypoints/adl/adl-18-cam0-rgb.npz,194,223,0,42,1,0.0008673071,0.9977752566337585,0
adl-18-cam0-rgb,data/keypoints/adl/adl-18-cam0-rgb.npz,195,224,0,42,1,0.00088277325,0.9977752566337585,0
adl-18-cam0-rgb,data/keypoints/adl/adl-18-cam0-rgb.npz,196,225,0,42,1,0.0008990947,0.9977752566337585,0
adl-18-cam0-rgb,data/keypoints/adl/adl-18-cam0-rgb.npz,197,226,0,42,1,0.0009123412,0.9977752566337585,0
adl-18-cam0-rgb,data/keypoints/adl/adl-18-cam0-rgb.npz,198,227,0,42,1,0.0009273015,0.9977752566337585,0
adl-18-cam0-rgb,data/keypoints/adl/adl-18-cam0-rgb.npz,199,228,0,42,1,0.0009380553,0.9977752566337585,0
adl-18-cam0-rgb,data/keypoints/adl/adl-18-cam0-rgb.npz,200,229,0,42,1,0.0009507222,0.9977752566337585,0
adl-18-cam0-rgb,data/keypoints/adl/adl-18-cam0-rgb.npz,201,230,0,42,1,0.0009648812,0.9977752566337585,0
adl-18-cam0-rgb,data/keypoints/adl/adl-18-cam0-rgb.npz,202,231,0,42,1,0.0009745907,0.9977752566337585,0
adl-18-cam0-rgb,data/keypoints/adl/adl-18-cam0-rgb.npz,203,232,0,42,1,0.000986044,0.9977752566337585,0
adl-18-cam0-rgb,data/keypoints/adl/adl-18-cam0-rgb.npz,204,233,0,42,1,0.0009956652,0.9977752566337585,0
adl-18-cam0-rgb,data/keypoints/adl/adl-18-cam0-rgb.npz,205,234,0,42,1,0.0010039376,0.9977752566337585,0
adl-18-cam0-rgb,data/keypoints/adl/adl-18-cam0-rgb.npz,206,235,0,42,1,0.0010109242,0.9977752566337585,0
adl-18-cam0-rgb,data/keypoints/adl/adl-18-cam0-rgb.npz,207,236,0,42,1,0.0010204022,0.9977752566337585,0
adl-18-cam0-rgb,data/keypoints/adl/adl-18-cam0-rgb.npz,208,237,0,42,1,0.0010287763,0.9977752566337585,0
adl-18-cam0-rgb,data/keypoints/adl/adl-18-cam0-rgb.npz,209,238,0,42,1,0.0010345653,0.9977752566337585,0
adl-18-cam0-rgb,data/keypoints/adl/adl-18-cam0-rgb.npz,210,239,0,42,1,0.0010398985,0.9977752566337585,0
adl-18-cam0-rgb,data/keypoints/adl/adl-18-cam0-rgb.npz,211,240,0,42,1,0.0010449511,0.9977752566337585,0
adl-18-cam0-rgb,data/keypoints/adl/adl-18-cam0-rgb.npz,212,241,0,42,1,0.0010500957,0.9977752566337585,0
adl-18-cam0-rgb,data/keypoints/adl/adl-18-cam0-rgb.npz,213,242,0,42,1,0.0010544463,0.9977752566337585,0
adl-18-cam0-rgb,data/keypoints/adl/adl-18-cam0-rgb.npz,214,243,0,42,1,0.0010600181,0.9977752566337585,0
adl-18-cam0-rgb,data/keypoints/adl/adl-18-cam0-rgb.npz,215,244,0,42,1,0.0008884329,0.9977752566337585,0
adl-18-cam0-rgb,data/keypoints/adl/adl-18-cam0-rgb.npz,216,245,0,42,1,0.0008894692,0.9977752566337585,0
adl-18-cam0-rgb,data/keypoints/adl/adl-18-cam0-rgb.npz,217,246,0,42,1,0.00088982686,0.9977752566337585,0
adl-18-cam0-rgb,data/keypoints/adl/adl-18-cam0-rgb.npz,218,247,0,42,1,0.00089013175,0.9977752566337585,0
adl-18-cam0-rgb,data/keypoints/adl/adl-18-cam0-rgb.npz,219,248,0,42,1,0.0008904023,0.9977752566337585,0
adl-18-cam0-rgb,data/keypoints/adl/adl-18-cam0-rgb.npz,220,249,0,42,1,0.0008905949,0.9977752566337585,0
adl-18-cam0-rgb,data/keypoints/adl/adl-18-cam0-rgb.npz,221,250,0,42,1,0.00089068746,0.9977752566337585,0
adl-18-cam0-rgb,data/keypoints/adl/adl-18-cam0-rgb.npz,222,251,0,42,1,0.00089073455,0.9977752566337585,0
adl-18-cam0-rgb,data/keypoints/adl/adl-18-cam0-rgb.npz,223,252,0,42,1,0.000891097,0.9977752566337585,0
adl-18-cam0-rgb,data/keypoints/adl/adl-18-cam0-rgb.npz,224,253,0,42,1,0.00089115393,0.9977752566337585,0
adl-18-cam0-rgb,data/keypoints/adl/adl-18-cam0-rgb.npz,225,254,0,42,1,0.0008912299,0.9977752566337585,0
adl-18-cam0-rgb,data/keypoints/adl/adl-18-cam0-rgb.npz,226,255,0,42,1,0.0008913073,0.9977752566337585,0
adl-18-cam0-rgb,data/keypoints/adl/adl-18-cam0-rgb.npz,227,256,0,42,1,0.00089133094,0.9977752566337585,0
adl-18-cam0-rgb,data/keypoints/adl/adl-18-cam0-rgb.npz,228,257,0,42,1,0.00089155516,0.9977752566337585,0
adl-18-cam0-rgb,data/keypoints/adl/adl-18-cam0-rgb.npz,229,258,0,42,1,0.000891777,0.9977752566337585,0
adl-28-cam0-rgb,data/keypoints/adl/adl-28-cam0-rgb.npz,1,30,0,42,1,0.00019650877,0.9977752566337585,0
adl-28-cam0-rgb,data/keypoints/adl/adl-28-cam0-rgb.npz,2,31,0,42,1,0.00019608169,0.9977752566337585,0
adl-28-cam0-rgb,data/keypoints/adl/adl-28-cam0-rgb.npz,3,32,0,42,1,0.0001956969,0.9977752566337585,0
adl-28-cam0-rgb,data/keypoints/adl/adl-28-cam0-rgb.npz,4,33,0,42,1,0.00019552883,0.9977752566337585,0
adl-28-cam0-rgb,data/keypoints/adl/adl-28-cam0-rgb.npz,5,34,0,42,1,0.00019627994,0.9977752566337585,0
adl-28-cam0-rgb,data/keypoints/adl/adl-28-cam0-rgb.npz,6,35,0,42,1,0.00019722,0.9977752566337585,0
adl-28-cam0-rgb,data/keypoints/adl/adl-28-cam0-rgb.npz,7,36,0,42,1,0.00019845803,0.9977752566337585,0
adl-28-cam0-rgb,data/keypoints/adl/adl-28-cam0-rgb.npz,8,37,0,42,1,0.00020044607,0.9977752566337585,0
adl-28-cam0-rgb,data/keypoints/adl/adl-28-cam0-rgb.npz,9,38,0,42,1,0.00020266035,0.9977752566337585,0
adl-28-cam0-rgb,data/keypoints/adl/adl-28-cam0-rgb.npz,10,39,0,42,1,0.00020724424,0.9977752566337585,0
adl-28-cam0-rgb,data/keypoints/adl/adl-28-cam0-rgb.npz,11,40,0,42,1,0.00020992593,0.9977752566337585,0
adl-28-cam0-rgb,data/keypoints/adl/adl-28-cam0-rgb.npz,12,41,0,42,1,0.00021382557,0.9977752566337585,0
adl-28-cam0-rgb,data/keypoints/adl/adl-28-cam0-rgb.npz,13,42,0,42,1,0.13692085,0.9977752566337585,0
adl-28-cam0-rgb,data/keypoints/adl/adl-28-cam0-rgb.npz,14,43,0,42,1,0.32691714,0.9977752566337585,0
adl-28-cam0-rgb,data/keypoints/adl/adl-28-cam0-rgb.npz,15,44,0,42,1,0.58949816,0.9977752566337585,0
adl-28-cam0-rgb,data/keypoints/adl/adl-28-cam0-rgb.npz,16,45,0,42,1,0.83164084,0.9977752566337585,0
adl-28-cam0-rgb,data/keypoints/adl/adl-28-cam0-rgb.npz,17,46,0,42,1,0.91401786,0.9977752566337585,0
adl-28-cam0-rgb,data/keypoints/adl/adl-28-cam0-rgb.npz,18,47,0,42,1,0.9610538,0.9977752566337585,0
adl-28-cam0-rgb,data/keypoints/adl/adl-28-cam0-rgb.npz,19,48,0,42,1,0.9798004,0.9977752566337585,0
adl-28-cam0-rgb,data/keypoints/adl/adl-28-cam0-rgb.npz,20,49,0,42,1,0.98748386,0.9977752566337585,0
adl-28-cam0-rgb,data/keypoints/adl/adl-28-cam0-rgb.npz,21,50,0,42,1,0.99277663,0.9977752566337585,0
adl-28-cam0-rgb,data/keypoints/adl/adl-28-cam0-rgb.npz,22,51,0,42,1,0.9951218,0.9977752566337585,0
adl-28-cam0-rgb,data/keypoints/adl/adl-28-cam0-rgb.npz,23,52,0,42,1,0.9968696,0.9977752566337585,0
adl-28-cam0-rgb,data/keypoints/adl/adl-28-cam0-rgb.npz,24,53,0,42,1,0.99829155,0.9977752566337585,1
adl-28-cam0-rgb,data/keypoints/adl/adl-28-cam0-rgb.npz,25,54,0,42,1,0.999121,0.9977752566337585,1
adl-28-cam0-rgb,data/keypoints/adl/adl-28-cam0-rgb.npz,26,55,0,42,1,0.9994967,0.9977752566337585,1
adl-28-cam0-rgb,data/keypoints/adl/adl-28-cam0-rgb.npz,27,56,0,42,1,0.9997216,0.9977752566337585,1
adl-28-cam0-rgb,data/keypoints/adl/adl-28-cam0-rgb.npz,28,57,0,42,1,0.9998105,0.9977752566337585,1
adl-28-cam0-rgb,data/keypoints/adl/adl-28-cam0-rgb.npz,29,58,0,42,1,0.99973375,0.9977752566337585,1
adl-28-cam0-rgb,data/keypoints/adl/adl-28-cam0-rgb.npz,30,59,0,42,1,0.99977714,0.9977752566337585,1
adl-28-cam0-rgb,data/keypoints/adl/adl-28-cam0-rgb.npz,31,60,0,42,1,0.9998248,0.9977752566337585,1
adl-28-cam0-rgb,data/keypoints/adl/adl-28-cam0-rgb.npz,32,61,0,42,1,0.99984956,0.9977752566337585,1
adl-28-cam0-rgb,data/keypoints/adl/adl-28-cam0-rgb.npz,33,62,0,42,1,0.9998621,0.9977752566337585,1
adl-28-cam0-rgb,data/keypoints/adl/adl-28-cam0-rgb.npz,34,63,0,42,1,0.9998722,0.9977752566337585,1
adl-28-cam0-rgb,data/keypoints/adl/adl-28-cam0-rgb.npz,35,64,0,42,1,0.99987566,0.9977752566337585,1
adl-28-cam0-rgb,data/keypoints/adl/adl-28-cam0-rgb.npz,36,65,0,42,1,0.9998802,0.9977752566337585,1
adl-28-cam0-rgb,data/keypoints/adl/adl-28-cam0-rgb.npz,37,66,0,42,1,0.9998841,0.9977752566337585,1
adl-28-cam0-rgb,data/keypoints/adl/adl-28-cam0-rgb.npz,38,67,0,42,1,0.9998869,0.9977752566337585,1
adl-28-cam0-rgb,data/keypoints/adl/adl-28-cam0-rgb.npz,39,68,0,42,1,0.9998884,0.9977752566337585,1
adl-28-cam0-rgb,data/keypoints/adl/adl-28-cam0-rgb.npz,40,69,0,42,1,0.9998896,0.9977752566337585,1
adl-28-cam0-rgb,data/keypoints/adl/adl-28-cam0-rgb.npz,41,70,0,42,1,0.99988997,0.9977752566337585,1
adl-28-cam0-rgb,data/keypoints/adl/adl-28-cam0-rgb.npz,42,71,0,42,1,0.99988985,0.9977752566337585,1
adl-28-cam0-rgb,data/keypoints/adl/adl-28-cam0-rgb.npz,43,72,0,42,1,0.99988985,0.9977752566337585,1
adl-28-cam0-rgb,data/keypoints/adl/adl-28-cam0-rgb.npz,44,73,0,42,1,0.99988675,0.9977752566337585,1
adl-28-cam0-rgb,data/keypoints/adl/adl-28-cam0-rgb.npz,45,74,0,42,1,0.9998876,0.9977752566337585,1
adl-28-cam0-rgb,data/keypoints/adl/adl-28-cam0-rgb.npz,46,75,0,42,1,0.99988794,0.9977752566337585,1
adl-28-cam0-rgb,data/keypoints/adl/adl-28-cam0-rgb.npz,47,76,0,42,1,0.99988735,0.9977752566337585,1
adl-28-cam0-rgb,data/keypoints/adl/adl-28-cam0-rgb.npz,48,77,0,42,1,0.9998876,0.9977752566337585,1
adl-28-cam0-rgb,data/keypoints/adl/adl-28-cam0-rgb.npz,49,78,0,42,1,0.99988663,0.9977752566337585,1
adl-28-cam0-rgb,data/keypoints/adl/adl-28-cam0-rgb.npz,50,79,0,42,1,0.999887,0.9977752566337585,1
adl-28-cam0-rgb,data/keypoints/adl/adl-28-cam0-rgb.npz,51,80,0,42,1,0.99988735,0.9977752566337585,1
adl-28-cam0-rgb,data/keypoints/adl/adl-28-cam0-rgb.npz,52,81,0,42,1,0.9998883,0.9977752566337585,1
adl-28-cam0-rgb,data/keypoints/adl/adl-28-cam0-rgb.npz,53,82,0,42,1,0.999889,0.9977752566337585,1
adl-28-cam0-rgb,data/keypoints/adl/adl-28-cam0-rgb.npz,54,83,0,42,1,0.9998888,0.9977752566337585,1
adl-28-cam0-rgb,data/keypoints/adl/adl-28-cam0-rgb.npz,55,84,0,42,1,0.9998889,0.9977752566337585,1
adl-28-cam0-rgb,data/keypoints/adl/adl-28-cam0-rgb.npz,56,85,0,42,1,0.9998896,0.9977752566337585,1
adl-30-cam0-rgb,data/keypoints/adl/adl-30-cam0-rgb.npz,22,51,0,42,1,0.0006945259,0.9977752566337585,0
adl-30-cam0-rgb,data/keypoints/adl/adl-30-cam0-rgb.npz,23,52,0,42,1,0.00069385144,0.9977752566337585,0
adl-30-cam0-rgb,data/keypoints/adl/adl-30-cam0-rgb.npz,24,53,0,42,1,0.0006603522,0.9977752566337585,0
adl-30-cam0-rgb,data/keypoints/adl/adl-30-cam0-rgb.npz,25,54,0,42,1,0.00042476086,0.9977752566337585,0
adl-30-cam0-rgb,data/keypoints/adl/adl-30-cam0-rgb.npz,26,55,0,42,1,0.00042416202,0.9977752566337585,0
adl-30-cam0-rgb,data/keypoints/adl/adl-30-cam0-rgb.npz,27,56,0,42,1,0.0004235269,0.9977752566337585,0
adl-30-cam0-rgb,data/keypoints/adl/adl-30-cam0-rgb.npz,28,57,0,42,1,0.00042278526,0.9977752566337585,0
adl-30-cam0-rgb,data/keypoints/adl/adl-30-cam0-rgb.npz,29,58,0,42,1,0.000288396,0.9977752566337585,0
adl-30-cam0-rgb,data/keypoints/adl/adl-30-cam0-rgb.npz,30,59,0,42,1,0.00028776622,0.9977752566337585,0
adl-30-cam0-rgb,data/keypoints/adl/adl-30-cam0-rgb.npz,31,60,0,42,1,0.00028698647,0.9977752566337585,0
adl-30-cam0-rgb,data/keypoints/adl/adl-30-cam0-rgb.npz,32,61,0,42,1,0.00028621536,0.9977752566337585,0
adl-30-cam0-rgb,data/keypoints/adl/adl-30-cam0-rgb.npz,33,62,0,42,1,0.0002854458,0.9977752566337585,0
adl-30-cam0-rgb,data/keypoints/adl/adl-30-cam0-rgb.npz,34,63,0,42,1,0.00028486265,0.9977752566337585,0
adl-30-cam0-rgb,data/keypoints/adl/adl-30-cam0-rgb.npz,35,64,0,42,1,0.00028416637,0.9977752566337585,0
adl-30-cam0-rgb,data/keypoints/adl/adl-30-cam0-rgb.npz,36,65,0,42,1,0.0002834617,0.9977752566337585,0
adl-30-cam0-rgb,data/keypoints/adl/adl-30-cam0-rgb.npz,37,66,0,42,1,0.00028254272,0.9977752566337585,0
adl-30-cam0-rgb,data/keypoints/adl/adl-30-cam0-rgb.npz,38,67,0,42,1,0.00028175456,0.9977752566337585,0
adl-30-cam0-rgb,data/keypoints/adl/adl-30-cam0-rgb.npz,39,68,0,42,1,0.00028096643,0.9977752566337585,0
adl-30-cam0-rgb,data/keypoints/adl/adl-30-cam0-rgb.npz,40,69,0,42,1,0.00028031092,0.9977752566337585,0
adl-30-cam0-rgb,data/keypoints/adl/adl-30-cam0-rgb.npz,41,70,0,42,1,0.00027957585,0.9977752566337585,0
adl-30-cam0-rgb,data/keypoints/adl/adl-30-cam0-rgb.npz,42,71,0,42,1,0.00027892546,0.9977752566337585,0
adl-30-cam0-rgb,data/keypoints/adl/adl-30-cam0-rgb.npz,43,72,0,42,1,0.00027797295,0.9977752566337585,0
adl-30-cam0-rgb,data/keypoints/adl/adl-30-cam0-rgb.npz,44,73,0,42,1,0.0002773479,0.9977752566337585,0
adl-30-cam0-rgb,data/keypoints/adl/adl-30-cam0-rgb.npz,45,74,0,42,1,0.0002765792,0.9977752566337585,0
adl-30-cam0-rgb,data/keypoints/adl/adl-30-cam0-rgb.npz,46,75,0,42,1,0.00027353907,0.9977752566337585,0
adl-30-cam0-rgb,data/keypoints/adl/adl-30-cam0-rgb.npz,47,76,0,42,1,0.00027251523,0.9977752566337585,0
adl-30-cam0-rgb,data/keypoints/adl/adl-30-cam0-rgb.npz,48,77,0,42,1,0.00027149633,0.9977752566337585,0
adl-30-cam0-rgb,data/keypoints/adl/adl-30-cam0-rgb.npz,49,78,0,42,1,0.00027050238,0.9977752566337585,0
adl-30-cam0-rgb,data/keypoints/adl/adl-30-cam0-rgb.npz,50,79,0,42,1,0.00026951,0.9977752566337585,0
adl-30-cam0-rgb,data/keypoints/adl/adl-30-cam0-rgb.npz,51,80,0,42,1,0.00026785463,0.9977752566337585,0
adl-30-cam0-rgb,data/keypoints/adl/adl-30-cam0-rgb.npz,52,81,0,42,1,0.00026666673,0.9977752566337585,0
adl-30-cam0-rgb,data/keypoints/adl/adl-30-cam0-rgb.npz,53,82,0,42,1,0.00026545677,0.9977752566337585,0
adl-30-cam0-rgb,data/keypoints/adl/adl-30-cam0-rgb.npz,54,83,0,42,1,0.00026449346,0.9977752566337585,0
adl-30-cam0-rgb,data/keypoints/adl/adl-30-cam0-rgb.npz,55,84,0,42,1,0.00026395256,0.9977752566337585,0
adl-30-cam0-rgb,data/keypoints/adl/adl-30-cam0-rgb.npz,56,85,0,42,1,0.00026309353,0.9977752566337585,0
adl-30-cam0-rgb,data/keypoints/adl/adl-30-cam0-rgb.npz,57,86,0,42,1,0.00026233986,0.9977752566337585,0
adl-30-cam0-rgb,data/keypoints/adl/adl-30-cam0-rgb.npz,58,87,0,42,1,0.0002615681,0.9977752566337585,0
adl-30-cam0-rgb,data/keypoints/adl/adl-30-cam0-rgb.npz,59,88,0,42,1,0.00025923806,0.9977752566337585,0
adl-30-cam0-rgb,data/keypoints/adl/adl-30-cam0-rgb.npz,60,89,0,42,1,0.0002587583,0.9977752566337585,0
adl-30-cam0-rgb,data/keypoints/adl/adl-30-cam0-rgb.npz,61,90,0,42,1,0.00025837444,0.9977752566337585,0
adl-30-cam0-rgb,data/keypoints/adl/adl-30-cam0-rgb.npz,62,91,0,42,1,0.00025817865,0.9977752566337585,0
adl-30-cam0-rgb,data/keypoints/adl/adl-30-cam0-rgb.npz,63,92,0,42,1,0.0002576306,0.9977752566337585,0
adl-30-cam0-rgb,data/keypoints/adl/adl-30-cam0-rgb.npz,64,93,0,42,1,0.00025869292,0.9977752566337585,0
adl-30-cam0-rgb,data/keypoints/adl/adl-30-cam0-rgb.npz,65,94,0,42,1,0.00025834067,0.9977752566337585,0
adl-30-cam0-rgb,data/keypoints/adl/adl-30-cam0-rgb.npz,66,95,0,42,1,0.00025794742,0.9977752566337585,0
adl-30-cam0-rgb,data/keypoints/adl/adl-30-cam0-rgb.npz,67,96,0,42,1,0.00025753578,0.9977752566337585,0
adl-30-cam0-rgb,data/keypoints/adl/adl-30-cam0-rgb.npz,68,97,0,42,1,0.00025721578,0.9977752566337585,0
adl-30-cam0-rgb,data/keypoints/adl/adl-30-cam0-rgb.npz,69,98,0,42,1,0.0002568781,0.9977752566337585,0
adl-30-cam0-rgb,data/keypoints/adl/adl-30-cam0-rgb.npz,70,99,0,42,1,0.00025667902,0.9977752566337585,0
adl-30-cam0-rgb,data/keypoints/adl/adl-30-cam0-rgb.npz,71,100,0,42,1,0.00025638213,0.9977752566337585,0
adl-30-cam0-rgb,data/keypoints/adl/adl-30-cam0-rgb.npz,72,101,0,42,1,0.00025612413,0.9977752566337585,0
adl-30-cam0-rgb,data/keypoints/adl/adl-30-cam0-rgb.npz,73,102,0,42,1,0.00025588443,0.9977752566337585,0
adl-30-cam0-rgb,data/keypoints/adl/adl-30-cam0-rgb.npz,74,103,0,42,1,0.0002554712,0.9977752566337585,0
adl-30-cam0-rgb,data/keypoints/adl/adl-30-cam0-rgb.npz,75,104,0,42,1,0.00025544153,0.9977752566337585,0
adl-30-cam0-rgb,data/keypoints/adl/adl-30-cam0-rgb.npz,76,105,0,42,1,0.00025541498,0.9977752566337585,0
adl-30-cam0-rgb,data/keypoints/adl/adl-30-cam0-rgb.npz,77,106,0,42,1,0.00025524726,0.9977752566337585,0
adl-30-cam0-rgb,data/keypoints/adl/adl-30-cam0-rgb.npz,78,107,0,42,1,0.00025542814,0.9977752566337585,0
adl-30-cam0-rgb,data/keypoints/adl/adl-30-cam0-rgb.npz,79,108,0,42,1,0.0002555879,0.9977752566337585,0
adl-30-cam0-rgb,data/keypoints/adl/adl-30-cam0-rgb.npz,80,109,0,42,1,0.0002557327,0.9977752566337585,0
adl-30-cam0-rgb,data/keypoints/adl/adl-30-cam0-rgb.npz,81,110,0,42,1,0.00025599936,0.9977752566337585,0
adl-30-cam0-rgb,data/keypoints/adl/adl-30-cam0-rgb.npz,82,111,0,42,1,0.00025610457,0.9977752566337585,0
adl-30-cam0-rgb,data/keypoints/adl/adl-30-cam0-rgb.npz,83,112,0,42,1,0.00025611752,0.9977752566337585,0
adl-30-cam0-rgb,data/keypoints/adl/adl-30-cam0-rgb.npz,84,113,0,42,1,0.00025633542,0.9977752566337585,0
adl-30-cam0-rgb,data/keypoints/adl/adl-30-cam0-rgb.npz,85,114,0,42,1,0.00025590422,0.9977752566337585,0
adl-30-cam0-rgb,data/keypoints/adl/adl-30-cam0-rgb.npz,86,115,0,42,1,0.00025630856,0.9977752566337585,0
adl-30-cam0-rgb,data/keypoints/adl/adl-30-cam0-rgb.npz,87,116,0,42,1,0.00025669028,0.9977752566337585,0
adl-30-cam0-rgb,data/keypoints/adl/adl-30-cam0-rgb.npz,88,117,0,42,1,0.00025700984,0.9977752566337585,0
adl-30-cam0-rgb,data/keypoints/adl/adl-30-cam0-rgb.npz,89,118,0,42,1,0.00025728322,0.9977752566337585,0
adl-30-cam0-rgb,data/keypoints/adl/adl-30-cam0-rgb.npz,90,119,0,42,1,0.00025752402,0.9977752566337585,0
adl-30-cam0-rgb,data/keypoints/adl/adl-30-cam0-rgb.npz,91,120,0,42,1,0.0002577834,0.9977752566337585,0
adl-30-cam0-rgb,data/keypoints/adl/adl-30-cam0-rgb.npz,92,121,0,42,1,0.00025822717,0.9977752566337585,0
adl-30-cam0-rgb,data/keypoints/adl/adl-30-cam0-rgb.npz,93,122,0,42,1,0.00025824958,0.9977752566337585,0
adl-30-cam0-rgb,data/keypoints/adl/adl-30-cam0-rgb.npz,94,123,0,42,1,0.0002583173,0.9977752566337585,0
adl-30-cam0-rgb,data/keypoints/adl/adl-30-cam0-rgb.npz,95,124,0,42,1,0.00025846757,0.9977752566337585,0
adl-30-cam0-rgb,data/keypoints/adl/adl-30-cam0-rgb.npz,96,125,0,42,1,0.0002586606,0.9977752566337585,0
adl-30-cam0-rgb,data/keypoints/adl/adl-30-cam0-rgb.npz,97,126,0,42,1,0.0002588676,0.9977752566337585,0
adl-30-cam0-rgb,data/keypoints/adl/adl-30-cam0-rgb.npz,98,127,0,42,1,0.00025909353,0.9977752566337585,0
adl-30-cam0-rgb,data/keypoints/adl/adl-30-cam0-rgb.npz,99,128,0,42,1,0.0002593649,0.9977752566337585,0
adl-30-cam0-rgb,data/keypoints/adl/adl-30-cam0-rgb.npz,100,129,0,42,1,0.00025958187,0.9977752566337585,0
adl-30-cam0-rgb,data/keypoints/adl/adl-30-cam0-rgb.npz,101,130,0,42,1,0.00025990256,0.9977752566337585,0
adl-30-cam0-rgb,data/keypoints/adl/adl-30-cam0-rgb.npz,102,131,0,42,1,0.00026025542,0.9977752566337585,0
adl-30-cam0-rgb,data/keypoints/adl/adl-30-cam0-rgb.npz,103,132,0,42,1,0.00026073074,0.9977752566337585,0
adl-30-cam0-rgb,data/keypoints/adl/adl-30-cam0-rgb.npz,104,133,0,42,1,0.0002611709,0.9977752566337585,0
adl-30-cam0-rgb,data/keypoints/adl/adl-30-cam0-rgb.npz,105,134,0,42,1,0.0002616155,0.9977752566337585,0
adl-30-cam0-rgb,data/keypoints/adl/adl-30-cam0-rgb.npz,106,135,0,42,1,0.00026214833,0.9977752566337585,0
adl-30-cam0-rgb,data/keypoints/adl/adl-30-cam0-rgb.npz,107,136,0,42,1,0.00026279822,0.9977752566337585,0
adl-30-cam0-rgb,data/keypoints/adl/adl-30-cam0-rgb.npz,108,137,0,42,1,0.0002634947,0.9977752566337585,0
adl-30-cam0-rgb,data/keypoints/adl/adl-30-cam0-rgb.npz,109,138,0,42,1,0.000264258,0.9977752566337585,0
adl-30-cam0-rgb,data/keypoints/adl/adl-30-cam0-rgb.npz,110,139,0,42,1,0.00026509454,0.9977752566337585,0
adl-30-cam0-rgb,data/keypoints/adl/adl-30-cam0-rgb.npz,111,140,0,42,1,0.000265992,0.9977752566337585,0
adl-30-cam0-rgb,data/keypoints/adl/adl-30-cam0-rgb.npz,112,141,0,42,1,0.0002668689,0.9977752566337585,0
adl-30-cam0-rgb,data/keypoints/adl/adl-30-cam0-rgb.npz,113,142,0,42,1,0.00026779438,0.9977752566337585,0
adl-30-cam0-rgb,data/keypoints/adl/adl-30-cam0-rgb.npz,114,143,0,42,1,0.00026878223,0.9977752566337585,0
adl-30-cam0-rgb,data/keypoints/adl/adl-30-cam0-rgb.npz,115,144,0,42,1,0.00026983704,0.9977752566337585,0
adl-30-cam0-rgb,data/keypoints/adl/adl-30-cam0-rgb.npz,116,145,0,42,1,0.00027086597,0.9977752566337585,0
adl-30-cam0-rgb,data/keypoints/adl/adl-30-cam0-rgb.npz,117,146,0,42,1,0.00027196086,0.9977752566337585,0
adl-30-cam0-rgb,data/keypoints/adl/adl-30-cam0-rgb.npz,118,147,0,42,1,0.00027312888,0.9977752566337585,0
adl-30-cam0-rgb,data/keypoints/adl/adl-30-cam0-rgb.npz,119,148,0,42,1,0.00027437645,0.9977752566337585,0
adl-30-cam0-rgb,data/keypoints/adl/adl-30-cam0-rgb.npz,120,149,0,42,1,0.00027568516,0.9977752566337585,0
adl-30-cam0-rgb,data/keypoints/adl/adl-30-cam0-rgb.npz,121,150,0,42,1,0.00027696768,0.9977752566337585,0
adl-30-cam0-rgb,data/keypoints/adl/adl-30-cam0-rgb.npz,122,151,0,42,1,0.0002782898,0.9977752566337585,0
adl-30-cam0-rgb,data/keypoints/adl/adl-30-cam0-rgb.npz,123,152,0,42,1,0.00027962972,0.9977752566337585,0
adl-30-cam0-rgb,data/keypoints/adl/adl-30-cam0-rgb.npz,124,153,0,42,1,0.0002808633,0.9977752566337585,0
adl-30-cam0-rgb,data/keypoints/adl/adl-30-cam0-rgb.npz,125,154,0,42,1,0.00028220084,0.9977752566337585,0
adl-30-cam0-rgb,data/keypoints/adl/adl-30-cam0-rgb.npz,126,155,0,42,1,0.00028351793,0.9977752566337585,0
adl-30-cam0-rgb,data/keypoints/adl/adl-30-cam0-rgb.npz,127,156,0,42,1,0.00028481486,0.9977752566337585,0
adl-30-cam0-rgb,data/keypoints/adl/adl-30-cam0-rgb.npz,128,157,0,42,1,0.00028606373,0.9977752566337585,0
adl-30-cam0-rgb,data/keypoints/adl/adl-30-cam0-rgb.npz,129,158,0,42,1,0.00028731473,0.9977752566337585,0
adl-30-cam0-rgb,data/keypoints/adl/adl-30-cam0-rgb.npz,130,159,0,42,1,0.00028847437,0.9977752566337585,0
adl-30-cam0-rgb,data/keypoints/adl/adl-30-cam0-rgb.npz,131,160,0,42,1,0.00028973902,0.9977752566337585,0
adl-30-cam0-rgb,data/keypoints/adl/adl-30-cam0-rgb.npz,132,161,0,42,1,0.00029101857,0.9977752566337585,0
adl-30-cam0-rgb,data/keypoints/adl/adl-30-cam0-rgb.npz,133,162,0,42,1,0.00029244737,0.9977752566337585,0
adl-30-cam0-rgb,data/keypoints/adl/adl-30-cam0-rgb.npz,134,163,0,42,1,0.0002937846,0.9977752566337585,0
adl-30-cam0-rgb,data/keypoints/adl/adl-30-cam0-rgb.npz,135,164,0,42,1,0.00029553502,0.9977752566337585,0
adl-30-cam0-rgb,data/keypoints/adl/adl-30-cam0-rgb.npz,136,165,0,42,1,0.00029724828,0.9977752566337585,0
adl-30-cam0-rgb,data/keypoints/adl/adl-30-cam0-rgb.npz,137,166,0,42,1,0.00029900396,0.9977752566337585,0
adl-30-cam0-rgb,data/keypoints/adl/adl-30-cam0-rgb.npz,138,167,0,42,1,0.00030093928,0.9977752566337585,0
adl-30-cam0-rgb,data/keypoints/adl/adl-30-cam0-rgb.npz,139,168,0,42,1,0.00030312073,0.9977752566337585,0
adl-30-cam0-rgb,data/keypoints/adl/adl-30-cam0-rgb.npz,140,169,0,42,1,0.00030545724,0.9977752566337585,0
adl-30-cam0-rgb,data/keypoints/adl/adl-30-cam0-rgb.npz,141,170,0,42,1,0.00030810418,0.9977752566337585,0
adl-30-cam0-rgb,data/keypoints/adl/adl-30-cam0-rgb.npz,142,171,0,42,1,0.00031105595,0.9977752566337585,0
adl-30-cam0-rgb,data/keypoints/adl/adl-30-cam0-rgb.npz,143,172,0,42,1,0.00031403682,0.9977752566337585,0
adl-30-cam0-rgb,data/keypoints/adl/adl-30-cam0-rgb.npz,144,173,0,42,1,0.00031710704,0.9977752566337585,0
adl-30-cam0-rgb,data/keypoints/adl/adl-30-cam0-rgb.npz,145,174,0,42,1,0.00032129898,0.9977752566337585,0
adl-30-cam0-rgb,data/keypoints/adl/adl-30-cam0-rgb.npz,146,175,0,42,1,0.00032579844,0.9977752566337585,0
adl-30-cam0-rgb,data/keypoints/adl/adl-30-cam0-rgb.npz,147,176,0,42,1,0.00033094749,0.9977752566337585,0
adl-30-cam0-rgb,data/keypoints/adl/adl-30-cam0-rgb.npz,148,177,0,42,1,0.000338496,0.9977752566337585,0
adl-30-cam0-rgb,data/keypoints/adl/adl-30-cam0-rgb.npz,149,178,0,42,1,0.000345456,0.9977752566337585,0
adl-30-cam0-rgb,data/keypoints/adl/adl-30-cam0-rgb.npz,150,179,0,42,1,0.00035174462,0.9977752566337585,0
adl-30-cam0-rgb,data/keypoints/adl/adl-30-cam0-rgb.npz,151,180,0,42,1,0.00035841885,0.9977752566337585,0
adl-30-cam0-rgb,data/keypoints/adl/adl-30-cam0-rgb.npz,152,181,0,42,1,0.00036571236,0.9977752566337585,0
adl-30-cam0-rgb,data/keypoints/adl/adl-30-cam0-rgb.npz,153,182,0,42,1,0.00037282513,0.9977752566337585,0
adl-30-cam0-rgb,data/keypoints/adl/adl-30-cam0-rgb.npz,154,183,0,42,1,0.00038091769,0.9977752566337585,0
adl-30-cam0-rgb,data/keypoints/adl/adl-30-cam0-rgb.npz,155,184,0,42,1,0.00038882653,0.9977752566337585,0
adl-30-cam0-rgb,data/keypoints/adl/adl-30-cam0-rgb.npz,156,185,0,42,1,0.00039774907,0.9977752566337585,0
adl-30-cam0-rgb,data/keypoints/adl/adl-30-cam0-rgb.npz,157,186,0,42,1,0.00040725016,0.9977752566337585,0
adl-30-cam0-rgb,data/keypoints/adl/adl-30-cam0-rgb.npz,158,187,0,42,1,0.00041670195,0.9977752566337585,0
adl-30-cam0-rgb,data/keypoints/adl/adl-30-cam0-rgb.npz,159,188,0,42,1,0.00042789095,0.9977752566337585,0
adl-30-cam0-rgb,data/keypoints/adl/adl-30-cam0-rgb.npz,160,189,0,42,1,0.00043844222,0.9977752566337585,0
adl-30-cam0-rgb,data/keypoints/adl/adl-30-cam0-rgb.npz,161,190,0,42,1,0.00044974723,0.9977752566337585,0
adl-30-cam0-rgb,data/keypoints/adl/adl-30-cam0-rgb.npz,162,191,0,42,1,0.00046133247,0.9977752566337585,0
adl-30-cam0-rgb,data/keypoints/adl/adl-30-cam0-rgb.npz,163,192,0,42,1,0.00047605054,0.9977752566337585,0
adl-30-cam0-rgb,data/keypoints/adl/adl-30-cam0-rgb.npz,164,193,0,42,1,0.0004536884,0.9977752566337585,0
adl-30-cam0-rgb,data/keypoints/adl/adl-30-cam0-rgb.npz,165,194,0,42,1,0.00046841003,0.9977752566337585,0
adl-30-cam0-rgb,data/keypoints/adl/adl-30-cam0-rgb.npz,166,195,0,42,1,0.0004853735,0.9977752566337585,0
adl-30-cam0-rgb,data/keypoints/adl/adl-30-cam0-rgb.npz,167,196,0,42,1,0.0008043219,0.9977752566337585,0
adl-30-cam0-rgb,data/keypoints/adl/adl-30-cam0-rgb.npz,168,197,0,42,1,0.0015589568,0.9977752566337585,0
adl-30-cam0-rgb,data/keypoints/adl/adl-30-cam0-rgb.npz,169,198,0,42,1,0.001710835,0.9977752566337585,0
adl-30-cam0-rgb,data/keypoints/adl/adl-30-cam0-rgb.npz,170,199,0,42,1,0.001927507,0.9977752566337585,0
adl-30-cam0-rgb,data/keypoints/adl/adl-30-cam0-rgb.npz,171,200,0,42,1,0.002177388,0.9977752566337585,0
adl-30-cam0-rgb,data/keypoints/adl/adl-30-cam0-rgb.npz,172,201,0,42,1,0.0024923815,0.9977752566337585,0
adl-30-cam0-rgb,data/keypoints/adl/adl-30-cam0-rgb.npz,173,202,0,42,1,0.0029068403,0.9977752566337585,0
adl-30-cam0-rgb,data/keypoints/adl/adl-30-cam0-rgb.npz,174,203,0,42,1,0.0033593073,0.9977752566337585,0
adl-30-cam0-rgb,data/keypoints/adl/adl-30-cam0-rgb.npz,175,204,0,42,1,0.0050544585,0.9977752566337585,0
adl-30-cam0-rgb,data/keypoints/adl/adl-30-cam0-rgb.npz,176,205,0,42,1,0.0035410055,0.9977752566337585,0
adl-30-cam0-rgb,data/keypoints/adl/adl-30-cam0-rgb.npz,177,206,0,42,1,0.004141191,0.9977752566337585,0
adl-30-cam0-rgb,data/keypoints/adl/adl-30-cam0-rgb.npz,178,207,0,42,1,0.0047555706,0.9977752566337585,0
adl-30-cam0-rgb,data/keypoints/adl/adl-30-cam0-rgb.npz,179,208,0,42,1,0.005492881,0.9977752566337585,0
adl-30-cam0-rgb,data/keypoints/adl/adl-30-cam0-rgb.npz,180,209,0,42,1,0.006371037,0.9977752566337585,0
adl-30-cam0-rgb,data/keypoints/adl/adl-30-cam0-rgb.npz,181,210,0,42,1,0.007496235,0.9977752566337585,0
adl-30-cam0-rgb,data/keypoints/adl/adl-30-cam0-rgb.npz,182,211,0,42,1,0.008818633,0.9977752566337585,0
adl-30-cam0-rgb,data/keypoints/adl/adl-30-cam0-rgb.npz,183,212,0,42,1,0.010321828,0.9977752566337585,0
adl-30-cam0-rgb,data/keypoints/adl/adl-30-cam0-rgb.npz,184,213,0,42,1,0.011997806,0.9977752566337585,0
adl-30-cam0-rgb,data/keypoints/adl/adl-30-cam0-rgb.npz,185,214,0,42,1,0.013668409,0.9977752566337585,0
adl-30-cam0-rgb,data/keypoints/adl/adl-30-cam0-rgb.npz,186,215,0,42,1,0.015511729,0.9977752566337585,0
adl-30-cam0-rgb,data/keypoints/adl/adl-30-cam0-rgb.npz,187,216,0,42,1,0.017876478,0.9977752566337585,0
adl-30-cam0-rgb,data/keypoints/adl/adl-30-cam0-rgb.npz,188,217,0,42,1,0.020176211,0.9977752566337585,0
adl-30-cam0-rgb,data/keypoints/adl/adl-30-cam0-rgb.npz,189,218,0,42,1,0.022644551,0.9977752566337585,0
adl-30-cam0-rgb,data/keypoints/adl/adl-30-cam0-rgb.npz,190,219,0,42,1,0.025604203,0.9977752566337585,0
adl-30-cam0-rgb,data/keypoints/adl/adl-30-cam0-rgb.npz,191,220,0,42,1,0.029162494,0.9977752566337585,0
adl-30-cam0-rgb,data/keypoints/adl/adl-30-cam0-rgb.npz,192,221,0,42,1,0.033040293,0.9977752566337585,0
adl-30-cam0-rgb,data/keypoints/adl/adl-30-cam0-rgb.npz,193,222,0,42,1,0.038315263,0.9977752566337585,0
adl-30-cam0-rgb,data/keypoints/adl/adl-30-cam0-rgb.npz,194,223,0,42,1,0.044563748,0.9977752566337585,0
adl-30-cam0-rgb,data/keypoints/adl/adl-30-cam0-rgb.npz,195,224,0,42,1,0.051164184,0.9977752566337585,0
adl-30-cam0-rgb,data/keypoints/adl/adl-30-cam0-rgb.npz,196,225,0,42,1,0.039867073,0.9977752566337585,0
adl-30-cam0-rgb,data/keypoints/adl/adl-30-cam0-rgb.npz,197,226,0,42,1,0.070586525,0.9977752566337585,0
adl-30-cam0-rgb,data/keypoints/adl/adl-30-cam0-rgb.npz,198,227,0,42,1,0.08125776,0.9977752566337585,0
adl-30-cam0-rgb,data/keypoints/adl/adl-30-cam0-rgb.npz,199,228,0,42,1,0.09724676,0.9977752566337585,0
adl-30-cam0-rgb,data/keypoints/adl/adl-30-cam0-rgb.npz,200,229,0,42,1,0.11565638,0.9977752566337585,0
adl-30-cam0-rgb,data/keypoints/adl/adl-30-cam0-rgb.npz,201,230,0,42,1,0.13623464,0.9977752566337585,0
adl-30-cam0-rgb,data/keypoints/adl/adl-30-cam0-rgb.npz,202,231,0,42,1,0.1655081,0.9977752566337585,0
adl-30-cam0-rgb,data/keypoints/adl/adl-30-cam0-rgb.npz,203,232,0,42,1,0.2008253,0.9977752566337585,0
adl-30-cam0-rgb,data/keypoints/adl/adl-30-cam0-rgb.npz,204,233,0,42,1,0.2460929,0.9977752566337585,0
adl-30-cam0-rgb,data/keypoints/adl/adl-30-cam0-rgb.npz,205,234,0,42,1,0.31707123,0.9977752566337585,0
adl-30-cam0-rgb,data/keypoints/adl/adl-30-cam0-rgb.npz,206,235,0,42,1,0.37649456,0.9977752566337585,0
adl-30-cam0-rgb,data/keypoints/adl/adl-30-cam0-rgb.npz,207,236,0,42,1,0.46759775,0.9977752566337585,0
adl-30-cam0-rgb,data/keypoints/adl/adl-30-cam0-rgb.npz,208,237,0,42,1,0.57373136,0.9977752566337585,0
adl-30-cam0-rgb,data/keypoints/adl/adl-30-cam0-rgb.npz,209,238,0,42,1,0.6688019,0.9977752566337585,0
adl-30-cam0-rgb,data/keypoints/adl/adl-30-cam0-rgb.npz,210,239,0,42,1,0.7565347,0.9977752566337585,0
adl-30-cam0-rgb,data/keypoints/adl/adl-30-cam0-rgb.npz,211,240,0,42,1,0.8259856,0.9977752566337585,0
adl-30-cam0-rgb,data/keypoints/adl/adl-30-cam0-rgb.npz,212,241,0,42,1,0.87628704,0.9977752566337585,0
adl-30-cam0-rgb,data/keypoints/adl/adl-30-cam0-rgb.npz,213,242,0,42,1,0.91844356,0.9977752566337585,0
adl-30-cam0-rgb,data/keypoints/adl/adl-30-cam0-rgb.npz,214,243,0,42,1,0.9451094,0.9977752566337585,0
adl-30-cam0-rgb,data/keypoints/adl/adl-30-cam0-rgb.npz,215,244,0,42,1,0.96214604,0.9977752566337585,0
adl-30-cam0-rgb,data/keypoints/adl/adl-30-cam0-rgb.npz,216,245,0,42,1,0.97361666,0.9977752566337585,0
adl-30-cam0-rgb,data/keypoints/adl/adl-30-cam0-rgb.npz,217,246,0,42,1,0.9813067,0.9977752566337585,0
adl-30-cam0-rgb,data/keypoints/adl/adl-30-cam0-rgb.npz,218,247,0,42,1,0.98665607,0.9977752566337585,0
adl-30-cam0-rgb,data/keypoints/adl/adl-30-cam0-rgb.npz,219,248,0,42,1,0.9901426,0.9977752566337585,0
adl-30-cam0-rgb,data/keypoints/adl/adl-30-cam0-rgb.npz,220,249,0,42,1,0.98835343,0.9977752566337585,0
adl-30-cam0-rgb,data/keypoints/adl/adl-30-cam0-rgb.npz,221,250,0,42,1,0.99123645,0.9977752566337585,0
adl-30-cam0-rgb,data/keypoints/adl/adl-30-cam0-rgb.npz,222,251,0,42,1,0.9932145,0.9977752566337585,0
adl-30-cam0-rgb,data/keypoints/adl/adl-30-cam0-rgb.npz,223,252,0,42,1,0.9947507,0.9977752566337585,0
adl-30-cam0-rgb,data/keypoints/adl/adl-30-cam0-rgb.npz,224,253,0,42,1,0.99589753,0.9977752566337585,0
adl-30-cam0-rgb,data/keypoints/adl/adl-30-cam0-rgb.npz,225,254,0,42,1,0.9966839,0.9977752566337585,0
adl-30-cam0-rgb,data/keypoints/adl/adl-30-cam0-rgb.npz,226,255,0,42,1,0.9972416,0.9977752566337585,0
adl-30-cam0-rgb,data/keypoints/adl/adl-30-cam0-rgb.npz,227,256,0,42,1,0.997658,0.9977752566337585,0
adl-30-cam0-rgb,data/keypoints/adl/adl-30-cam0-rgb.npz,228,257,0,42,1,0.9979698,0.9977752566337585,1
adl-30-cam0-rgb,data/keypoints/adl/adl-30-cam0-rgb.npz,229,258,0,42,1,0.99820554,0.9977752566337585,1
adl-30-cam0-rgb,data/keypoints/adl/adl-30-cam0-rgb.npz,230,259,0,42,1,0.9983854,0.9977752566337585,1
adl-30-cam0-rgb,data/keypoints/adl/adl-30-cam0-rgb.npz,231,260,0,42,1,0.99888235,0.9977752566337585,1
adl-30-cam0-rgb,data/keypoints/adl/adl-30-cam0-rgb.npz,232,261,0,42,1,0.99477947,0.9977752566337585,0
adl-30-cam0-rgb,data/keypoints/adl/adl-30-cam0-rgb.npz,233,262,0,42,1,0.9905075,0.9977752566337585,0
adl-30-cam0-rgb,data/keypoints/adl/adl-30-cam0-rgb.npz,234,263,0,42,1,0.35670894,0.9977752566337585,0
adl-30-cam0-rgb,data/keypoints/adl/adl-30-cam0-rgb.npz,235,264,0,42,1,0.40961197,0.9977752566337585,0
adl-30-cam0-rgb,data/keypoints/adl/adl-30-cam0-rgb.npz,236,265,0,42,1,0.0067614364,0.9977752566337585,0
adl-30-cam0-rgb,data/keypoints/adl/adl-30-cam0-rgb.npz,237,266,0,42,1,0.00677902,0.9977752566337585,0
adl-30-cam0-rgb,data/keypoints/adl/adl-30-cam0-rgb.npz,238,267,0,42,1,0.038395673,0.9977752566337585,0
adl-30-cam0-rgb,data/keypoints/adl/adl-30-cam0-rgb.npz,239,268,0,42,1,0.038445793,0.9977752566337585,0
adl-30-cam0-rgb,data/keypoints/adl/adl-30-cam0-rgb.npz,240,269,0,42,1,0.038148798,0.9977752566337585,0
adl-30-cam0-rgb,data/keypoints/adl/adl-30-cam0-rgb.npz,241,270,0,42,1,0.040739223,0.9977752566337585,0
adl-30-cam0-rgb,data/keypoints/adl/adl-30-cam0-rgb.npz,242,271,0,42,1,0.043469097,0.9977752566337585,0
adl-30-cam0-rgb,data/keypoints/adl/adl-30-cam0-rgb.npz,243,272,0,42,1,0.25463605,0.9977752566337585,0
adl-30-cam0-rgb,data/keypoints/adl/adl-30-cam0-rgb.npz,244,273,0,42,1,0.26751104,0.9977752566337585,0
adl-30-cam0-rgb,data/keypoints/adl/adl-30-cam0-rgb.npz,245,274,0,42,1,0.27902225,0.9977752566337585,0
adl-30-cam0-rgb,data/keypoints/adl/adl-30-cam0-rgb.npz,246,275,0,42,1,0.28946632,0.9977752566337585,0
adl-30-cam0-rgb,data/keypoints/adl/adl-30-cam0-rgb.npz,247,276,0,42,1,0.28339952,0.9977752566337585,0
adl-30-cam0-rgb,data/keypoints/adl/adl-30-cam0-rgb.npz,248,277,0,42,1,0.28485292,0.9977752566337585,0
adl-30-cam0-rgb,data/keypoints/adl/adl-30-cam0-rgb.npz,249,278,0,42,1,0.2866932,0.9977752566337585,0
adl-30-cam0-rgb,data/keypoints/adl/adl-30-cam0-rgb.npz,250,279,0,42,1,0.3544152,0.9977752566337585,0
adl-30-cam0-rgb,data/keypoints/adl/adl-30-cam0-rgb.npz,251,280,0,42,1,0.33458373,0.9977752566337585,0
adl-30-cam0-rgb,data/keypoints/adl/adl-30-cam0-rgb.npz,252,281,0,42,1,0.2825423,0.9977752566337585,0
adl-30-cam0-rgb,data/keypoints/adl/adl-30-cam0-rgb.npz,253,282,0,42,1,0.2634869,0.9977752566337585,0
adl-30-cam0-rgb,data/keypoints/adl/adl-30-cam0-rgb.npz,254,283,0,42,1,0.2358467,0.9977752566337585,0
adl-30-cam0-rgb,data/keypoints/adl/adl-30-cam0-rgb.npz,255,284,0,42,1,0.20970446,0.9977752566337585,0
adl-30-cam0-rgb,data/keypoints/adl/adl-30-cam0-rgb.npz,256,285,0,42,1,0.1846458,0.9977752566337585,0
adl-30-cam0-rgb,data/keypoints/adl/adl-30-cam0-rgb.npz,257,286,0,42,1,0.08199137,0.9977752566337585,0
adl-30-cam0-rgb,data/keypoints/adl/adl-30-cam0-rgb.npz,258,287,0,42,1,0.017016841,0.9977752566337585,0
adl-30-cam0-rgb,data/keypoints/adl/adl-30-cam0-rgb.npz,259,288,0,42,1,0.018381653,0.9977752566337585,0
adl-30-cam0-rgb,data/keypoints/adl/adl-30-cam0-rgb.npz,260,289,0,42,1,0.019890085,0.9977752566337585,0
adl-30-cam0-rgb,data/keypoints/adl/adl-30-cam0-rgb.npz,261,290,0,42,1,0.02139197,0.9977752566337585,0
adl-30-cam0-rgb,data/keypoints/adl/adl-30-cam0-rgb.npz,262,291,0,42,1,0.022818496,0.9977752566337585,0
adl-30-cam0-rgb,data/keypoints/adl/adl-30-cam0-rgb.npz,263,292,0,42,1,0.024092512,0.9977752566337585,0
adl-30-cam0-rgb,data/keypoints/adl/adl-30-cam0-rgb.npz,264,293,0,42,1,0.025376525,0.9977752566337585,0
adl-30-cam0-rgb,data/keypoints/adl/adl-30-cam0-rgb.npz,265,294,0,42,1,0.026854783,0.9977752566337585,0
adl-30-cam0-rgb,data/keypoints/adl/adl-30-cam0-rgb.npz,266,295,0,42,1,0.028376838,0.9977752566337585,0
adl-30-cam0-rgb,data/keypoints/adl/adl-30-cam0-rgb.npz,267,296,0,42,1,0.030338578,0.9977752566337585,0
adl-30-cam0-rgb,data/keypoints/adl/adl-30-cam0-rgb.npz,268,297,0,42,1,0.03723567,0.9977752566337585,0
adl-30-cam0-rgb,data/keypoints/adl/adl-30-cam0-rgb.npz,269,298,0,42,1,0.039834123,0.9977752566337585,0
adl-30-cam0-rgb,data/keypoints/adl/adl-30-cam0-rgb.npz,270,299,0,42,1,0.038644753,0.9977752566337585,0
adl-30-cam0-rgb,data/keypoints/adl/adl-30-cam0-rgb.npz,271,300,0,42,1,0.037423305,0.9977752566337585,0
adl-30-cam0-rgb,data/keypoints/adl/adl-30-cam0-rgb.npz,272,301,0,42,1,0.044901922,0.9977752566337585,0
adl-30-cam0-rgb,data/keypoints/adl/adl-30-cam0-rgb.npz,273,302,0,42,1,0.99777955,0.9977752566337585,1
adl-30-cam0-rgb,data/keypoints/adl/adl-30-cam0-rgb.npz,274,303,0,42,1,0.99777955,0.9977752566337585,1
adl-30-cam0-rgb,data/keypoints/adl/adl-30-cam0-rgb.npz,275,304,0,42,1,0.99777955,0.9977752566337585,1
adl-30-cam0-rgb,data/keypoints/adl/adl-30-cam0-rgb.npz,276,305,0,42,1,0.99777955,0.9977752566337585,1
adl-30-cam0-rgb,data/keypoints/adl/adl-30-cam0-rgb.npz,277,306,0,42,1,0.99777955,0.9977752566337585,1
adl-30-cam0-rgb,data/keypoints/adl/adl-30-cam0-rgb.npz,278,307,0,42,1,0.99777955,0.9977752566337585,1
adl-30-cam0-rgb,data/keypoints/adl/adl-30-cam0-rgb.npz,279,308,0,42,1,0.99777955,0.9977752566337585,1
adl-30-cam0-rgb,data/keypoints/adl/adl-30-cam0-rgb.npz,280,309,0,42,1,0.99777955,0.9977752566337585,1
adl-30-cam0-rgb,data/keypoints/adl/adl-30-cam0-rgb.npz,281,310,0,42,1,0.99777955,0.9977752566337585,1
adl-30-cam0-rgb,data/keypoints/adl/adl-30-cam0-rgb.npz,282,311,0,42,1,0.99777955,0.9977752566337585,1
adl-30-cam0-rgb,data/keypoints/adl/adl-30-cam0-rgb.npz,283,312,0,42,1,0.99777955,0.9977752566337585,1
adl-30-cam0-rgb,data/keypoints/adl/adl-30-cam0-rgb.npz,284,313,0,42,1,0.99808973,0.9977752566337585,1
adl-30-cam0-rgb,data/keypoints/adl/adl-30-cam0-rgb.npz,285,314,0,42,1,0.99803,0.9977752566337585,1
adl-30-cam0-rgb,data/keypoints/adl/adl-30-cam0-rgb.npz,286,315,0,42,1,0.9979674,0.9977752566337585,1
adl-30-cam0-rgb,data/keypoints/adl/adl-30-cam0-rgb.npz,287,316,0,42,1,0.99790204,0.9977752566337585,1
adl-30-cam0-rgb,data/keypoints/adl/adl-30-cam0-rgb.npz,288,317,0,42,1,0.9996518,0.9977752566337585,1
adl-30-cam0-rgb,data/keypoints/adl/adl-30-cam0-rgb.npz,289,318,0,42,1,0.9996518,0.9977752566337585,1
adl-30-cam0-rgb,data/keypoints/adl/adl-30-cam0-rgb.npz,290,319,0,42,1,0.9996518,0.9977752566337585,1
adl-30-cam0-rgb,data/keypoints/adl/adl-30-cam0-rgb.npz,291,320,0,42,1,0.9996518,0.9977752566337585,1
adl-30-cam0-rgb,data/keypoints/adl/adl-30-cam0-rgb.npz,292,321,0,42,1,0.9996518,0.9977752566337585,1
adl-30-cam0-rgb,data/keypoints/adl/adl-30-cam0-rgb.npz,293,322,0,42,1,0.9996518,0.9977752566337585,1
adl-30-cam0-rgb,data/keypoints/adl/adl-30-cam0-rgb.npz,294,323,0,42,1,0.9996518,0.9977752566337585,1
adl-30-cam0-rgb,data/keypoints/adl/adl-30-cam0-rgb.npz,295,324,0,42,1,0.9996518,0.9977752566337585,1
adl-30-cam0-rgb,data/keypoints/adl/adl-30-cam0-rgb.npz,296,325,0,42,1,0.9996518,0.9977752566337585,1
adl-30-cam0-rgb,data/keypoints/adl/adl-30-cam0-rgb.npz,297,326,0,42,1,0.6129374,0.9977752566337585,0
adl-30-cam0-rgb,data/keypoints/adl/adl-30-cam0-rgb.npz,298,327,0,42,1,0.61905766,0.9977752566337585,0
adl-30-cam0-rgb,data/keypoints/adl/adl-30-cam0-rgb.npz,299,328,0,42,1,0.6251083,0.9977752566337585,0
adl-30-cam0-rgb,data/keypoints/adl/adl-30-cam0-rgb.npz,300,329,0,42,1,0.6310816,0.9977752566337585,0
adl-30-cam0-rgb,data/keypoints/adl/adl-30-cam0-rgb.npz,301,330,0,42,1,0.63697165,0.9977752566337585,0
adl-30-cam0-rgb,data/keypoints/adl/adl-30-cam0-rgb.npz,302,331,0,42,1,0.6428528,0.9977752566337585,0
adl-30-cam0-rgb,data/keypoints/adl/adl-30-cam0-rgb.npz,303,332,0,42,1,0.6486753,0.9977752566337585,0
adl-30-cam0-rgb,data/keypoints/adl/adl-30-cam0-rgb.npz,304,333,0,42,1,0.6544564,0.9977752566337585,0
adl-30-cam0-rgb,data/keypoints/adl/adl-30-cam0-rgb.npz,305,334,0,42,1,0.66019094,0.9977752566337585,0
adl-30-cam0-rgb,data/keypoints/adl/adl-30-cam0-rgb.npz,306,335,0,42,1,0.66590273,0.9977752566337585,0
adl-30-cam0-rgb,data/keypoints/adl/adl-30-cam0-rgb.npz,307,336,0,42,1,0.6715777,0.9977752566337585,0
adl-30-cam0-rgb,data/keypoints/adl/adl-30-cam0-rgb.npz,308,337,0,42,1,0.6771907,0.9977752566337585,0
adl-30-cam0-rgb,data/keypoints/adl/adl-30-cam0-rgb.npz,309,338,0,42,1,0.6827374,0.9977752566337585,0
adl-30-cam0-rgb,data/keypoints/adl/adl-30-cam0-rgb.npz,310,339,0,42,1,0.68824184,0.9977752566337585,0
adl-30-cam0-rgb,data/keypoints/adl/adl-30-cam0-rgb.npz,311,340,0,42,1,0.69369864,0.9977752566337585,0
adl-30-cam0-rgb,data/keypoints/adl/adl-30-cam0-rgb.npz,312,341,0,42,1,0.6990538,0.9977752566337585,0
adl-30-cam0-rgb,data/keypoints/adl/adl-30-cam0-rgb.npz,313,342,0,42,1,0.7043001,0.9977752566337585,0
adl-30-cam0-rgb,data/keypoints/adl/adl-30-cam0-rgb.npz,314,343,0,42,1,0.7383549,0.9977752566337585,0
adl-30-cam0-rgb,data/keypoints/adl/adl-30-cam0-rgb.npz,315,344,0,42,1,0.7708155,0.9977752566337585,0
adl-30-cam0-rgb,data/keypoints/adl/adl-30-cam0-rgb.npz,316,345,0,42,1,0.77373606,0.9977752566337585,0
adl-30-cam0-rgb,data/keypoints/adl/adl-30-cam0-rgb.npz,317,346,0,42,1,0.7765278,0.9977752566337585,0
adl-30-cam0-rgb,data/keypoints/adl/adl-30-cam0-rgb.npz,318,347,0,42,1,0.7792487,0.9977752566337585,0
adl-30-cam0-rgb,data/keypoints/adl/adl-30-cam0-rgb.npz,319,348,0,42,1,0.7818895,0.9977752566337585,0
adl-30-cam0-rgb,data/keypoints/adl/adl-30-cam0-rgb.npz,320,349,0,42,1,0.78452724,0.9977752566337585,0
adl-30-cam0-rgb,data/keypoints/adl/adl-30-cam0-rgb.npz,321,350,0,42,1,0.7870846,0.9977752566337585,0
adl-30-cam0-rgb,data/keypoints/adl/adl-30-cam0-rgb.npz,322,351,0,42,1,0.78957134,0.9977752566337585,0
adl-30-cam0-rgb,data/keypoints/adl/adl-30-cam0-rgb.npz,323,352,0,42,1,0.7920805,0.9977752566337585,0
adl-30-cam0-rgb,data/keypoints/adl/adl-30-cam0-rgb.npz,324,353,0,42,1,0.7947147,0.9977752566337585,0
adl-30-cam0-rgb,data/keypoints/adl/adl-30-cam0-rgb.npz,325,354,0,42,1,0.7973844,0.9977752566337585,0
adl-30-cam0-rgb,data/keypoints/adl/adl-30-cam0-rgb.npz,326,355,0,42,1,0.80013424,0.9977752566337585,0
adl-30-cam0-rgb,data/keypoints/adl/adl-30-cam0-rgb.npz,327,356,0,42,1,0.8341151,0.9977752566337585,0
adl-30-cam0-rgb,data/keypoints/adl/adl-30-cam0-rgb.npz,328,357,0,42,1,0.8341151,0.9977752566337585,0
adl-30-cam0-rgb,data/keypoints/adl/adl-30-cam0-rgb.npz,329,358,0,42,1,0.8341151,0.9977752566337585,0
adl-30-cam0-rgb,data/keypoints/adl/adl-30-cam0-rgb.npz,330,359,0,42,1,0.8341151,0.9977752566337585,0
adl-30-cam0-rgb,data/keypoints/adl/adl-30-cam0-rgb.npz,331,360,0,42,1,0.8341151,0.9977752566337585,0
adl-30-cam0-rgb,data/keypoints/adl/adl-30-cam0-rgb.npz,332,361,0,42,1,0.8341151,0.9977752566337585,0
adl-30-cam0-rgb,data/keypoints/adl/adl-30-cam0-rgb.npz,333,362,0,42,1,0.8341151,0.9977752566337585,0
adl-30-cam0-rgb,data/keypoints/adl/adl-30-cam0-rgb.npz,334,363,0,42,1,0.8341151,0.9977752566337585,0
adl-30-cam0-rgb,data/keypoints/adl/adl-30-cam0-rgb.npz,335,364,0,42,1,0.8341151,0.9977752566337585,0
adl-30-cam0-rgb,data/keypoints/adl/adl-30-cam0-rgb.npz,336,365,0,42,1,0.8341151,0.9977752566337585,0
adl-30-cam0-rgb,data/keypoints/adl/adl-30-cam0-rgb.npz,337,366,0,42,1,0.8341151,0.9977752566337585,0
adl-30-cam0-rgb,data/keypoints/adl/adl-30-cam0-rgb.npz,338,367,0,42,1,0.8341151,0.9977752566337585,0
adl-30-cam0-rgb,data/keypoints/adl/adl-30-cam0-rgb.npz,339,368,0,42,1,0.8341151,0.9977752566337585,0
adl-30-cam0-rgb,data/keypoints/adl/adl-30-cam0-rgb.npz,340,369,0,42,1,0.8341151,0.9977752566337585,0
adl-30-cam0-rgb,data/keypoints/adl/adl-30-cam0-rgb.npz,341,370,0,42,1,0.8341151,0.9977752566337585,0
adl-30-cam0-rgb,data/keypoints/adl/adl-30-cam0-rgb.npz,342,371,0,42,1,0.8341151,0.9977752566337585,0
adl-30-cam0-rgb,data/keypoints/adl/adl-30-cam0-rgb.npz,343,372,0,42,1,0.8341151,0.9977752566337585,0
adl-30-cam0-rgb,data/keypoints/adl/adl-30-cam0-rgb.npz,344,373,0,42,1,0.8341151,0.9977752566337585,0
adl-30-cam0-rgb,data/keypoints/adl/adl-30-cam0-rgb.npz,346,375,0,42,1,0.6117932,0.9977752566337585,0
adl-30-cam0-rgb,data/keypoints/adl/adl-30-cam0-rgb.npz,347,376,0,42,1,0.6117932,0.9977752566337585,0
adl-30-cam0-rgb,data/keypoints/adl/adl-30-cam0-rgb.npz,348,377,0,42,1,0.6117932,0.9977752566337585,0
adl-30-cam0-rgb,data/keypoints/adl/adl-30-cam0-rgb.npz,349,378,0,42,1,0.6117932,0.9977752566337585,0
adl-30-cam0-rgb,data/keypoints/adl/adl-30-cam0-rgb.npz,350,379,0,42,1,0.6117932,0.9977752566337585,0
adl-30-cam0-rgb,data/keypoints/adl/adl-30-cam0-rgb.npz,351,380,0,42,1,0.6117932,0.9977752566337585,0
adl-30-cam0-rgb,data/keypoints/adl/adl-30-cam0-rgb.npz,352,381,0,42,1,0.6117932,0.9977752566337585,0
adl-30-cam0-rgb,data/keypoints/adl/adl-30-cam0-rgb.npz,353,382,0,42,1,0.6117932,0.9977752566337585,0
adl-30-cam0-rgb,data/keypoints/adl/adl-30-cam0-rgb.npz,354,383,0,42,1,0.6117932,0.9977752566337585,0
adl-30-cam0-rgb,data/keypoints/adl/adl-30-cam0-rgb.npz,355,384,0,42,1,0.6117932,0.9977752566337585,0
adl-30-cam0-rgb,data/keypoints/adl/adl-30-cam0-rgb.npz,356,385,0,42,1,0.6117932,0.9977752566337585,0
adl-30-cam0-rgb,data/keypoints/adl/adl-30-cam0-rgb.npz,357,386,0,42,1,0.6117932,0.9977752566337585,0
adl-30-cam0-rgb,data/keypoints/adl/adl-30-cam0-rgb.npz,358,387,0,42,1,0.6117932,0.9977752566337585,0
adl-30-cam0-rgb,data/keypoints/adl/adl-30-cam0-rgb.npz,359,388,0,42,1,0.6117932,0.9977752566337585,0
adl-30-cam0-rgb,data/keypoints/adl/adl-30-cam0-rgb.npz,360,389,0,42,1,0.6117932,0.9977752566337585,0
adl-30-cam0-rgb,data/keypoints/adl/adl-30-cam0-rgb.npz,361,390,0,42,1,0.6117932,0.9977752566337585,0
adl-30-cam0-rgb,data/keypoints/adl/adl-30-cam0-rgb.npz,362,391,0,42,1,0.6117932,0.9977752566337585,0
adl-30-cam0-rgb,data/keypoints/adl/adl-30-cam0-rgb.npz,363,392,0,42,1,0.6117932,0.9977752566337585,0
adl-30-cam0-rgb,data/keypoints/adl/adl-30-cam0-rgb.npz,364,393,0,42,1,0.6117932,0.9977752566337585,0
adl-30-cam0-rgb,data/keypoints/adl/adl-30-cam0-rgb.npz,365,394,0,42,1,0.6117932,0.9977752566337585,0
adl-30-cam0-rgb,data/keypoints/adl/adl-30-cam0-rgb.npz,366,395,0,42,1,0.6117932,0.9977752566337585,0
adl-30-cam0-rgb,data/keypoints/adl/adl-30-cam0-rgb.npz,367,396,0,42,1,0.6117932,0.9977752566337585,0
adl-30-cam0-rgb,data/keypoints/adl/adl-30-cam0-rgb.npz,368,397,0,42,1,0.6117932,0.9977752566337585,0
adl-30-cam0-rgb,data/keypoints/adl/adl-30-cam0-rgb.npz,369,398,0,42,1,0.6117932,0.9977752566337585,0
adl-30-cam0-rgb,data/keypoints/adl/adl-30-cam0-rgb.npz,370,399,0,42,1,0.6117932,0.9977752566337585,0
adl-30-cam0-rgb,data/keypoints/adl/adl-30-cam0-rgb.npz,371,400,0,42,1,0.6117932,0.9977752566337585,0
adl-38-cam0-rgb,data/keypoints/adl/adl-38-cam0-rgb.npz,2,31,0,42,1,0.00073915086,0.9977752566337585,0
adl-38-cam0-rgb,data/keypoints/adl/adl-38-cam0-rgb.npz,3,32,0,42,1,0.0007360921,0.9977752566337585,0
adl-38-cam0-rgb,data/keypoints/adl/adl-38-cam0-rgb.npz,4,33,0,42,1,0.00073453714,0.9977752566337585,0
adl-38-cam0-rgb,data/keypoints/adl/adl-38-cam0-rgb.npz,5,34,0,42,1,0.00073307496,0.9977752566337585,0
adl-38-cam0-rgb,data/keypoints/adl/adl-38-cam0-rgb.npz,6,35,0,42,1,0.00073157693,0.9977752566337585,0
adl-38-cam0-rgb,data/keypoints/adl/adl-38-cam0-rgb.npz,7,36,0,42,1,0.00072989764,0.9977752566337585,0
adl-38-cam0-rgb,data/keypoints/adl/adl-38-cam0-rgb.npz,8,37,0,42,1,0.00072830025,0.9977752566337585,0
adl-38-cam0-rgb,data/keypoints/adl/adl-38-cam0-rgb.npz,9,38,0,42,1,0.0007267451,0.9977752566337585,0
adl-38-cam0-rgb,data/keypoints/adl/adl-38-cam0-rgb.npz,10,39,0,42,1,0.00072509795,0.9977752566337585,0
adl-38-cam0-rgb,data/keypoints/adl/adl-38-cam0-rgb.npz,11,40,0,42,1,0.0007234197,0.9977752566337585,0
adl-38-cam0-rgb,data/keypoints/adl/adl-38-cam0-rgb.npz,12,41,0,42,1,0.0007216659,0.9977752566337585,0
adl-38-cam0-rgb,data/keypoints/adl/adl-38-cam0-rgb.npz,13,42,0,42,1,0.00071996544,0.9977752566337585,0
adl-38-cam0-rgb,data/keypoints/adl/adl-38-cam0-rgb.npz,14,43,0,42,1,0.00071834394,0.9977752566337585,0
adl-38-cam0-rgb,data/keypoints/adl/adl-38-cam0-rgb.npz,15,44,0,42,1,0.00071648567,0.9977752566337585,0
adl-38-cam0-rgb,data/keypoints/adl/adl-38-cam0-rgb.npz,16,45,0,42,1,0.0007147507,0.9977752566337585,0
adl-38-cam0-rgb,data/keypoints/adl/adl-38-cam0-rgb.npz,17,46,0,42,1,0.00071309134,0.9977752566337585,0
adl-38-cam0-rgb,data/keypoints/adl/adl-38-cam0-rgb.npz,18,47,0,42,1,0.0007114107,0.9977752566337585,0
adl-38-cam0-rgb,data/keypoints/adl/adl-38-cam0-rgb.npz,19,48,0,42,1,0.00070978946,0.9977752566337585,0
adl-38-cam0-rgb,data/keypoints/adl/adl-38-cam0-rgb.npz,20,49,0,42,1,0.00070820434,0.9977752566337585,0
adl-38-cam0-rgb,data/keypoints/adl/adl-38-cam0-rgb.npz,21,50,0,42,1,0.0003278258,0.9977752566337585,0
adl-38-cam0-rgb,data/keypoints/adl/adl-38-cam0-rgb.npz,22,51,0,42,1,0.00032700488,0.9977752566337585,0
adl-38-cam0-rgb,data/keypoints/adl/adl-38-cam0-rgb.npz,23,52,0,42,1,0.00032604794,0.9977752566337585,0
adl-38-cam0-rgb,data/keypoints/adl/adl-38-cam0-rgb.npz,24,53,0,42,1,0.00032513723,0.9977752566337585,0
adl-38-cam0-rgb,data/keypoints/adl/adl-38-cam0-rgb.npz,25,54,0,42,1,0.00030316412,0.9977752566337585,0
adl-38-cam0-rgb,data/keypoints/adl/adl-38-cam0-rgb.npz,26,55,0,42,1,0.00030228644,0.9977752566337585,0
adl-38-cam0-rgb,data/keypoints/adl/adl-38-cam0-rgb.npz,27,56,0,42,1,0.00030119586,0.9977752566337585,0
adl-38-cam0-rgb,data/keypoints/adl/adl-38-cam0-rgb.npz,28,57,0,42,1,0.00030017103,0.9977752566337585,0
adl-38-cam0-rgb,data/keypoints/adl/adl-38-cam0-rgb.npz,29,58,0,42,1,0.00029891988,0.9977752566337585,0
adl-38-cam0-rgb,data/keypoints/adl/adl-38-cam0-rgb.npz,30,59,0,42,1,0.00029776277,0.9977752566337585,0
adl-38-cam0-rgb,data/keypoints/adl/adl-38-cam0-rgb.npz,31,60,0,42,1,0.00029679632,0.9977752566337585,0
adl-38-cam0-rgb,data/keypoints/adl/adl-38-cam0-rgb.npz,32,61,0,42,1,0.00029617842,0.9977752566337585,0
adl-38-cam0-rgb,data/keypoints/adl/adl-38-cam0-rgb.npz,33,62,0,42,1,0.00029482832,0.9977752566337585,0
adl-38-cam0-rgb,data/keypoints/adl/adl-38-cam0-rgb.npz,34,63,0,42,1,0.00029062238,0.9977752566337585,0
adl-38-cam0-rgb,data/keypoints/adl/adl-38-cam0-rgb.npz,35,64,0,42,1,0.00028982272,0.9977752566337585,0
adl-38-cam0-rgb,data/keypoints/adl/adl-38-cam0-rgb.npz,36,65,0,42,1,0.00028879527,0.9977752566337585,0
adl-38-cam0-rgb,data/keypoints/adl/adl-38-cam0-rgb.npz,37,66,0,42,1,0.00028782964,0.9977752566337585,0
adl-38-cam0-rgb,data/keypoints/adl/adl-38-cam0-rgb.npz,38,67,0,42,1,0.00028693967,0.9977752566337585,0
adl-38-cam0-rgb,data/keypoints/adl/adl-38-cam0-rgb.npz,39,68,0,42,1,0.0002857693,0.9977752566337585,0
adl-38-cam0-rgb,data/keypoints/adl/adl-38-cam0-rgb.npz,40,69,0,42,1,0.00028462106,0.9977752566337585,0
adl-38-cam0-rgb,data/keypoints/adl/adl-38-cam0-rgb.npz,41,70,0,42,1,0.0002834782,0.9977752566337585,0
adl-38-cam0-rgb,data/keypoints/adl/adl-38-cam0-rgb.npz,42,71,0,42,1,0.00028249426,0.9977752566337585,0
adl-38-cam0-rgb,data/keypoints/adl/adl-38-cam0-rgb.npz,43,72,0,42,1,0.00028132426,0.9977752566337585,0
adl-38-cam0-rgb,data/keypoints/adl/adl-38-cam0-rgb.npz,44,73,0,42,1,0.0002801514,0.9977752566337585,0
adl-38-cam0-rgb,data/keypoints/adl/adl-38-cam0-rgb.npz,45,74,0,42,1,0.00027904782,0.9977752566337585,0
adl-38-cam0-rgb,data/keypoints/adl/adl-38-cam0-rgb.npz,46,75,0,42,1,0.0002779398,0.9977752566337585,0
adl-38-cam0-rgb,data/keypoints/adl/adl-38-cam0-rgb.npz,47,76,0,42,1,0.00027680898,0.9977752566337585,0
adl-38-cam0-rgb,data/keypoints/adl/adl-38-cam0-rgb.npz,48,77,0,42,1,0.0002757653,0.9977752566337585,0
adl-38-cam0-rgb,data/keypoints/adl/adl-38-cam0-rgb.npz,49,78,0,42,1,0.0002747183,0.9977752566337585,0
adl-38-cam0-rgb,data/keypoints/adl/adl-38-cam0-rgb.npz,50,79,0,42,1,0.0002737081,0.9977752566337585,0
adl-38-cam0-rgb,data/keypoints/adl/adl-38-cam0-rgb.npz,51,80,0,42,1,0.00027252824,0.9977752566337585,0
adl-38-cam0-rgb,data/keypoints/adl/adl-38-cam0-rgb.npz,52,81,0,42,1,0.00027171336,0.9977752566337585,0
adl-38-cam0-rgb,data/keypoints/adl/adl-38-cam0-rgb.npz,53,82,0,42,1,0.00027107162,0.9977752566337585,0
adl-38-cam0-rgb,data/keypoints/adl/adl-38-cam0-rgb.npz,54,83,0,42,1,0.0002711476,0.9977752566337585,0
adl-38-cam0-rgb,data/keypoints/adl/adl-38-cam0-rgb.npz,55,84,0,42,1,0.00027090684,0.9977752566337585,0
adl-38-cam0-rgb,data/keypoints/adl/adl-38-cam0-rgb.npz,56,85,0,42,1,0.00027052997,0.9977752566337585,0
adl-38-cam0-rgb,data/keypoints/adl/adl-38-cam0-rgb.npz,57,86,0,42,1,0.00027027112,0.9977752566337585,0
adl-38-cam0-rgb,data/keypoints/adl/adl-38-cam0-rgb.npz,58,87,0,42,1,0.0002699379,0.9977752566337585,0
adl-38-cam0-rgb,data/keypoints/adl/adl-38-cam0-rgb.npz,59,88,0,42,1,0.00026972592,0.9977752566337585,0
adl-38-cam0-rgb,data/keypoints/adl/adl-38-cam0-rgb.npz,60,89,0,42,1,0.00026953412,0.9977752566337585,0
adl-38-cam0-rgb,data/keypoints/adl/adl-38-cam0-rgb.npz,61,90,0,42,1,0.00026918537,0.9977752566337585,0
adl-38-cam0-rgb,data/keypoints/adl/adl-38-cam0-rgb.npz,62,91,0,42,1,0.00026892938,0.9977752566337585,0
adl-38-cam0-rgb,data/keypoints/adl/adl-38-cam0-rgb.npz,63,92,0,42,1,0.00026884786,0.9977752566337585,0
adl-38-cam0-rgb,data/keypoints/adl/adl-38-cam0-rgb.npz,64,93,0,42,1,0.00026894218,0.9977752566337585,0
adl-38-cam0-rgb,data/keypoints/adl/adl-38-cam0-rgb.npz,65,94,0,42,1,0.00026898526,0.9977752566337585,0
adl-38-cam0-rgb,data/keypoints/adl/adl-38-cam0-rgb.npz,66,95,0,42,1,0.0002691664,0.9977752566337585,0
adl-38-cam0-rgb,data/keypoints/adl/adl-38-cam0-rgb.npz,67,96,0,42,1,0.0002693014,0.9977752566337585,0
adl-38-cam0-rgb,data/keypoints/adl/adl-38-cam0-rgb.npz,68,97,0,42,1,0.0002694694,0.9977752566337585,0
adl-38-cam0-rgb,data/keypoints/adl/adl-38-cam0-rgb.npz,69,98,0,42,1,0.00026979612,0.9977752566337585,0
adl-38-cam0-rgb,data/keypoints/adl/adl-38-cam0-rgb.npz,70,99,0,42,1,0.0002700223,0.9977752566337585,0
adl-38-cam0-rgb,data/keypoints/adl/adl-38-cam0-rgb.npz,71,100,0,42,1,0.00027048867,0.9977752566337585,0
adl-38-cam0-rgb,data/keypoints/adl/adl-38-cam0-rgb.npz,72,101,0,42,1,0.0002705741,0.9977752566337585,0
adl-38-cam0-rgb,data/keypoints/adl/adl-38-cam0-rgb.npz,73,102,0,42,1,0.00027146062,0.9977752566337585,0
adl-38-cam0-rgb,data/keypoints/adl/adl-38-cam0-rgb.npz,74,103,0,42,1,0.00027149013,0.9977752566337585,0
adl-38-cam0-rgb,data/keypoints/adl/adl-38-cam0-rgb.npz,75,104,0,42,1,0.00027147148,0.9977752566337585,0
adl-38-cam0-rgb,data/keypoints/adl/adl-38-cam0-rgb.npz,76,105,0,42,1,0.00027145905,0.9977752566337585,0
adl-38-cam0-rgb,data/keypoints/adl/adl-38-cam0-rgb.npz,77,106,0,42,1,0.0002714785,0.9977752566337585,0
adl-38-cam0-rgb,data/keypoints/adl/adl-38-cam0-rgb.npz,78,107,0,42,1,0.00027149456,0.9977752566337585,0
adl-38-cam0-rgb,data/keypoints/adl/adl-38-cam0-rgb.npz,79,108,0,42,1,0.00027155303,0.9977752566337585,0
adl-38-cam0-rgb,data/keypoints/adl/adl-38-cam0-rgb.npz,80,109,0,42,1,0.00027159316,0.9977752566337585,0
adl-38-cam0-rgb,data/keypoints/adl/adl-38-cam0-rgb.npz,81,110,0,42,1,0.00027164936,0.9977752566337585,0
adl-38-cam0-rgb,data/keypoints/adl/adl-38-cam0-rgb.npz,82,111,0,42,1,0.00027174494,0.9977752566337585,0
adl-38-cam0-rgb,data/keypoints/adl/adl-38-cam0-rgb.npz,83,112,0,42,1,0.00027184264,0.9977752566337585,0
adl-38-cam0-rgb,data/keypoints/adl/adl-38-cam0-rgb.npz,84,113,0,42,1,0.00027195696,0.9977752566337585,0
adl-38-cam0-rgb,data/keypoints/adl/adl-38-cam0-rgb.npz,85,114,0,42,1,0.00027201997,0.9977752566337585,0
adl-38-cam0-rgb,data/keypoints/adl/adl-38-cam0-rgb.npz,86,115,0,42,1,0.0002721689,0.9977752566337585,0
adl-38-cam0-rgb,data/keypoints/adl/adl-38-cam0-rgb.npz,87,116,0,42,1,0.00027225012,0.9977752566337585,0
adl-38-cam0-rgb,data/keypoints/adl/adl-38-cam0-rgb.npz,88,117,0,42,1,0.00027245993,0.9977752566337585,0
adl-38-cam0-rgb,data/keypoints/adl/adl-38-cam0-rgb.npz,89,118,0,42,1,0.00027278689,0.9977752566337585,0
adl-38-cam0-rgb,data/keypoints/adl/adl-38-cam0-rgb.npz,90,119,0,42,1,0.00027314867,0.9977752566337585,0
adl-38-cam0-rgb,data/keypoints/adl/adl-38-cam0-rgb.npz,91,120,0,42,1,0.00027354847,0.9977752566337585,0
adl-38-cam0-rgb,data/keypoints/adl/adl-38-cam0-rgb.npz,92,121,0,42,1,0.00027406975,0.9977752566337585,0
adl-38-cam0-rgb,data/keypoints/adl/adl-38-cam0-rgb.npz,93,122,0,42,1,0.00027460206,0.9977752566337585,0
adl-38-cam0-rgb,data/keypoints/adl/adl-38-cam0-rgb.npz,94,123,0,42,1,0.00027517235,0.9977752566337585,0
adl-38-cam0-rgb,data/keypoints/adl/adl-38-cam0-rgb.npz,95,124,0,42,1,0.0002757627,0.9977752566337585,0
adl-38-cam0-rgb,data/keypoints/adl/adl-38-cam0-rgb.npz,96,125,0,42,1,0.00027642632,0.9977752566337585,0
adl-38-cam0-rgb,data/keypoints/adl/adl-38-cam0-rgb.npz,97,126,0,42,1,0.00027709152,0.9977752566337585,0
adl-38-cam0-rgb,data/keypoints/adl/adl-38-cam0-rgb.npz,98,127,0,42,1,0.00027782083,0.9977752566337585,0
adl-38-cam0-rgb,data/keypoints/adl/adl-38-cam0-rgb.npz,99,128,0,42,1,0.00027866097,0.9977752566337585,0
adl-38-cam0-rgb,data/keypoints/adl/adl-38-cam0-rgb.npz,100,129,0,42,1,0.0002796545,0.9977752566337585,0
adl-38-cam0-rgb,data/keypoints/adl/adl-38-cam0-rgb.npz,101,130,0,42,1,0.00028077522,0.9977752566337585,0
adl-38-cam0-rgb,data/keypoints/adl/adl-38-cam0-rgb.npz,102,131,0,42,1,0.0002819099,0.9977752566337585,0
adl-38-cam0-rgb,data/keypoints/adl/adl-38-cam0-rgb.npz,103,132,0,42,1,0.00028330856,0.9977752566337585,0
adl-38-cam0-rgb,data/keypoints/adl/adl-38-cam0-rgb.npz,104,133,0,42,1,0.00028478634,0.9977752566337585,0
adl-38-cam0-rgb,data/keypoints/adl/adl-38-cam0-rgb.npz,105,134,0,42,1,0.0002863666,0.9977752566337585,0
adl-38-cam0-rgb,data/keypoints/adl/adl-38-cam0-rgb.npz,106,135,0,42,1,0.0002880583,0.9977752566337585,0
adl-38-cam0-rgb,data/keypoints/adl/adl-38-cam0-rgb.npz,107,136,0,42,1,0.00028991004,0.9977752566337585,0
adl-38-cam0-rgb,data/keypoints/adl/adl-38-cam0-rgb.npz,108,137,0,42,1,0.00029192533,0.9977752566337585,0
adl-38-cam0-rgb,data/keypoints/adl/adl-38-cam0-rgb.npz,109,138,0,42,1,0.0002941251,0.9977752566337585,0
adl-38-cam0-rgb,data/keypoints/adl/adl-38-cam0-rgb.npz,110,139,0,42,1,0.00029649993,0.9977752566337585,0
adl-38-cam0-rgb,data/keypoints/adl/adl-38-cam0-rgb.npz,111,140,0,42,1,0.00029904474,0.9977752566337585,0
adl-38-cam0-rgb,data/keypoints/adl/adl-38-cam0-rgb.npz,112,141,0,42,1,0.0003017543,0.9977752566337585,0
adl-38-cam0-rgb,data/keypoints/adl/adl-38-cam0-rgb.npz,113,142,0,42,1,0.00030482974,0.9977752566337585,0
adl-38-cam0-rgb,data/keypoints/adl/adl-38-cam0-rgb.npz,114,143,0,42,1,0.00030810447,0.9977752566337585,0
adl-38-cam0-rgb,data/keypoints/adl/adl-38-cam0-rgb.npz,115,144,0,42,1,0.00031152632,0.9977752566337585,0
adl-38-cam0-rgb,data/keypoints/adl/adl-38-cam0-rgb.npz,116,145,0,42,1,0.00031497862,0.9977752566337585,0
adl-38-cam0-rgb,data/keypoints/adl/adl-38-cam0-rgb.npz,117,146,0,42,1,0.0003188906,0.9977752566337585,0
adl-38-cam0-rgb,data/keypoints/adl/adl-38-cam0-rgb.npz,118,147,0,42,1,0.00032336437,0.9977752566337585,0
adl-38-cam0-rgb,data/keypoints/adl/adl-38-cam0-rgb.npz,119,148,0,42,1,0.00032791178,0.9977752566337585,0
adl-38-cam0-rgb,data/keypoints/adl/adl-38-cam0-rgb.npz,120,149,0,42,1,0.00033233326,0.9977752566337585,0
adl-38-cam0-rgb,data/keypoints/adl/adl-38-cam0-rgb.npz,121,150,0,42,1,0.00033677713,0.9977752566337585,0
adl-38-cam0-rgb,data/keypoints/adl/adl-38-cam0-rgb.npz,122,151,0,42,1,0.00034106834,0.9977752566337585,0
adl-38-cam0-rgb,data/keypoints/adl/adl-38-cam0-rgb.npz,123,152,0,42,1,0.00039482623,0.9977752566337585,0
adl-38-cam0-rgb,data/keypoints/adl/adl-38-cam0-rgb.npz,124,153,0,42,1,0.00042241885,0.9977752566337585,0
adl-38-cam0-rgb,data/keypoints/adl/adl-38-cam0-rgb.npz,125,154,0,42,1,0.0004239777,0.9977752566337585,0
adl-38-cam0-rgb,data/keypoints/adl/adl-38-cam0-rgb.npz,126,155,0,42,1,0.00043058125,0.9977752566337585,0
adl-38-cam0-rgb,data/keypoints/adl/adl-38-cam0-rgb.npz,127,156,0,42,1,0.00043606263,0.9977752566337585,0
adl-38-cam0-rgb,data/keypoints/adl/adl-38-cam0-rgb.npz,128,157,0,42,1,0.0004457284,0.9977752566337585,0
adl-38-cam0-rgb,data/keypoints/adl/adl-38-cam0-rgb.npz,129,158,0,42,1,0.0004522286,0.9977752566337585,0
adl-38-cam0-rgb,data/keypoints/adl/adl-38-cam0-rgb.npz,130,159,0,42,1,0.00045753026,0.9977752566337585,0
adl-38-cam0-rgb,data/keypoints/adl/adl-38-cam0-rgb.npz,131,160,0,42,1,0.00046423875,0.9977752566337585,0
adl-38-cam0-rgb,data/keypoints/adl/adl-38-cam0-rgb.npz,132,161,0,42,1,0.0004700112,0.9977752566337585,0
adl-38-cam0-rgb,data/keypoints/adl/adl-38-cam0-rgb.npz,133,162,0,42,1,0.0004777853,0.9977752566337585,0
adl-38-cam0-rgb,data/keypoints/adl/adl-38-cam0-rgb.npz,134,163,0,42,1,0.0004825624,0.9977752566337585,0
adl-38-cam0-rgb,data/keypoints/adl/adl-38-cam0-rgb.npz,135,164,0,42,1,0.0004877855,0.9977752566337585,0
adl-38-cam0-rgb,data/keypoints/adl/adl-38-cam0-rgb.npz,136,165,0,42,1,0.00049264653,0.9977752566337585,0
adl-38-cam0-rgb,data/keypoints/adl/adl-38-cam0-rgb.npz,137,166,0,42,1,0.0004980277,0.9977752566337585,0
adl-38-cam0-rgb,data/keypoints/adl/adl-38-cam0-rgb.npz,138,167,0,42,1,0.00050348113,0.9977752566337585,0
adl-38-cam0-rgb,data/keypoints/adl/adl-38-cam0-rgb.npz,139,168,0,42,1,0.000509542,0.9977752566337585,0
adl-38-cam0-rgb,data/keypoints/adl/adl-38-cam0-rgb.npz,140,169,0,42,1,0.0005164936,0.9977752566337585,0
adl-38-cam0-rgb,data/keypoints/adl/adl-38-cam0-rgb.npz,141,170,0,42,1,0.00052197324,0.9977752566337585,0
adl-38-cam0-rgb,data/keypoints/adl/adl-38-cam0-rgb.npz,142,171,0,42,1,0.00070409046,0.9977752566337585,0
adl-38-cam0-rgb,data/keypoints/adl/adl-38-cam0-rgb.npz,143,172,0,42,1,0.00071512134,0.9977752566337585,0
adl-38-cam0-rgb,data/keypoints/adl/adl-38-cam0-rgb.npz,144,173,0,42,1,0.00071921106,0.9977752566337585,0
adl-38-cam0-rgb,data/keypoints/adl/adl-38-cam0-rgb.npz,145,174,0,42,1,0.00076371286,0.9977752566337585,0
adl-38-cam0-rgb,data/keypoints/adl/adl-38-cam0-rgb.npz,146,175,0,42,1,0.0007621781,0.9977752566337585,0
adl-38-cam0-rgb,data/keypoints/adl/adl-38-cam0-rgb.npz,147,176,0,42,1,0.000783266,0.9977752566337585,0
adl-38-cam0-rgb,data/keypoints/adl/adl-38-cam0-rgb.npz,148,177,0,42,1,0.0010862998,0.9977752566337585,0
adl-38-cam0-rgb,data/keypoints/adl/adl-38-cam0-rgb.npz,149,178,0,42,1,0.0009969373,0.9977752566337585,0
adl-38-cam0-rgb,data/keypoints/adl/adl-38-cam0-rgb.npz,150,179,0,42,1,0.00090311636,0.9977752566337585,0
adl-38-cam0-rgb,data/keypoints/adl/adl-38-cam0-rgb.npz,151,180,0,42,1,0.00082092226,0.9977752566337585,0
adl-38-cam0-rgb,data/keypoints/adl/adl-38-cam0-rgb.npz,152,181,0,42,1,0.000744678,0.9977752566337585,0
adl-38-cam0-rgb,data/keypoints/adl/adl-38-cam0-rgb.npz,153,182,0,42,1,0.00085641135,0.9977752566337585,0
adl-38-cam0-rgb,data/keypoints/adl/adl-38-cam0-rgb.npz,154,183,0,42,1,0.0008591887,0.9977752566337585,0
adl-38-cam0-rgb,data/keypoints/adl/adl-38-cam0-rgb.npz,155,184,0,42,1,0.00086140033,0.9977752566337585,0
adl-38-cam0-rgb,data/keypoints/adl/adl-38-cam0-rgb.npz,156,185,0,42,1,0.00088297855,0.9977752566337585,0
adl-38-cam0-rgb,data/keypoints/adl/adl-38-cam0-rgb.npz,157,186,0,42,1,0.00088939973,0.9977752566337585,0
adl-38-cam0-rgb,data/keypoints/adl/adl-38-cam0-rgb.npz,158,187,0,42,1,0.0008913994,0.9977752566337585,0
adl-38-cam0-rgb,data/keypoints/adl/adl-38-cam0-rgb.npz,159,188,0,42,1,0.00089754036,0.9977752566337585,0
adl-38-cam0-rgb,data/keypoints/adl/adl-38-cam0-rgb.npz,160,189,0,42,1,0.0009071931,0.9977752566337585,0
adl-38-cam0-rgb,data/keypoints/adl/adl-38-cam0-rgb.npz,161,190,0,42,1,0.0009152222,0.9977752566337585,0
adl-38-cam0-rgb,data/keypoints/adl/adl-38-cam0-rgb.npz,162,191,0,42,1,0.000919555,0.9977752566337585,0
adl-38-cam0-rgb,data/keypoints/adl/adl-38-cam0-rgb.npz,163,192,0,42,1,0.00068852474,0.9977752566337585,0
adl-38-cam0-rgb,data/keypoints/adl/adl-38-cam0-rgb.npz,164,193,0,42,1,0.00069415395,0.9977752566337585,0
adl-38-cam0-rgb,data/keypoints/adl/adl-38-cam0-rgb.npz,165,194,0,42,1,0.000701758,0.9977752566337585,0
adl-38-cam0-rgb,data/keypoints/adl/adl-38-cam0-rgb.npz,166,195,0,42,1,0.00071326084,0.9977752566337585,0
adl-38-cam0-rgb,data/keypoints/adl/adl-38-cam0-rgb.npz,167,196,0,42,1,0.0007260695,0.9977752566337585,0
adl-38-cam0-rgb,data/keypoints/adl/adl-38-cam0-rgb.npz,168,197,0,42,1,0.00073932804,0.9977752566337585,0
adl-38-cam0-rgb,data/keypoints/adl/adl-38-cam0-rgb.npz,169,198,0,42,1,0.0007526221,0.9977752566337585,0
adl-38-cam0-rgb,data/keypoints/adl/adl-38-cam0-rgb.npz,170,199,0,42,1,0.0007853711,0.9977752566337585,0
adl-38-cam0-rgb,data/keypoints/adl/adl-38-cam0-rgb.npz,171,200,0,42,1,0.00082758535,0.9977752566337585,0
adl-38-cam0-rgb,data/keypoints/adl/adl-38-cam0-rgb.npz,172,201,0,42,1,0.0008630238,0.9977752566337585,0
adl-38-cam0-rgb,data/keypoints/adl/adl-38-cam0-rgb.npz,173,202,0,42,1,0.00089874014,0.9977752566337585,0
adl-38-cam0-rgb,data/keypoints/adl/adl-38-cam0-rgb.npz,174,203,0,42,1,0.0009343776,0.9977752566337585,0
adl-38-cam0-rgb,data/keypoints/adl/adl-38-cam0-rgb.npz,175,204,0,42,1,0.0009703592,0.9977752566337585,0
adl-38-cam0-rgb,data/keypoints/adl/adl-38-cam0-rgb.npz,176,205,0,42,1,0.00081639335,0.9977752566337585,0
adl-38-cam0-rgb,data/keypoints/adl/adl-38-cam0-rgb.npz,177,206,0,42,1,0.0006156393,0.9977752566337585,0
adl-38-cam0-rgb,data/keypoints/adl/adl-38-cam0-rgb.npz,178,207,0,42,1,0.00064792135,0.9977752566337585,0
adl-38-cam0-rgb,data/keypoints/adl/adl-38-cam0-rgb.npz,179,208,0,42,1,0.0006806222,0.9977752566337585,0
adl-38-cam0-rgb,data/keypoints/adl/adl-38-cam0-rgb.npz,180,209,0,42,1,0.00071279093,0.9977752566337585,0
adl-38-cam0-rgb,data/keypoints/adl/adl-38-cam0-rgb.npz,181,210,0,42,1,0.00081623544,0.9977752566337585,0
adl-38-cam0-rgb,data/keypoints/adl/adl-38-cam0-rgb.npz,182,211,0,42,1,0.0008839197,0.9977752566337585,0
adl-38-cam0-rgb,data/keypoints/adl/adl-38-cam0-rgb.npz,183,212,0,42,1,0.0009526164,0.9977752566337585,0
adl-38-cam0-rgb,data/keypoints/adl/adl-38-cam0-rgb.npz,184,213,0,42,1,0.0010247568,0.9977752566337585,0
adl-38-cam0-rgb,data/keypoints/adl/adl-38-cam0-rgb.npz,185,214,0,42,1,0.0010993615,0.9977752566337585,0
adl-38-cam0-rgb,data/keypoints/adl/adl-38-cam0-rgb.npz,186,215,0,42,1,0.0011771742,0.9977752566337585,0
adl-38-cam0-rgb,data/keypoints/adl/adl-38-cam0-rgb.npz,187,216,0,42,1,0.0012577868,0.9977752566337585,0
adl-38-cam0-rgb,data/keypoints/adl/adl-38-cam0-rgb.npz,188,217,0,42,1,0.0013419067,0.9977752566337585,0
adl-38-cam0-rgb,data/keypoints/adl/adl-38-cam0-rgb.npz,189,218,0,42,1,0.0014278241,0.9977752566337585,0
adl-38-cam0-rgb,data/keypoints/adl/adl-38-cam0-rgb.npz,190,219,0,42,1,0.0015181324,0.9977752566337585,0
adl-38-cam0-rgb,data/keypoints/adl/adl-38-cam0-rgb.npz,191,220,0,42,1,0.0016144889,0.9977752566337585,0
adl-38-cam0-rgb,data/keypoints/adl/adl-38-cam0-rgb.npz,192,221,0,42,1,0.0017164698,0.9977752566337585,0
adl-38-cam0-rgb,data/keypoints/adl/adl-38-cam0-rgb.npz,193,222,0,42,1,0.0018322234,0.9977752566337585,0
adl-38-cam0-rgb,data/keypoints/adl/adl-38-cam0-rgb.npz,194,223,0,42,1,0.0019446164,0.9977752566337585,0
adl-38-cam0-rgb,data/keypoints/adl/adl-38-cam0-rgb.npz,195,224,0,42,1,0.0020646653,0.9977752566337585,0
adl-38-cam0-rgb,data/keypoints/adl/adl-38-cam0-rgb.npz,196,225,0,42,1,0.002194074,0.9977752566337585,0
adl-38-cam0-rgb,data/keypoints/adl/adl-38-cam0-rgb.npz,197,226,0,42,1,0.0023313775,0.9977752566337585,0
adl-38-cam0-rgb,data/keypoints/adl/adl-38-cam0-rgb.npz,198,227,0,42,1,0.002463818,0.9977752566337585,0
adl-38-cam0-rgb,data/keypoints/adl/adl-38-cam0-rgb.npz,199,228,0,42,1,0.0026028287,0.9977752566337585,0
adl-38-cam0-rgb,data/keypoints/adl/adl-38-cam0-rgb.npz,200,229,0,42,1,0.0027469432,0.9977752566337585,0
adl-38-cam0-rgb,data/keypoints/adl/adl-38-cam0-rgb.npz,201,230,0,42,1,0.0029109144,0.9977752566337585,0
adl-38-cam0-rgb,data/keypoints/adl/adl-38-cam0-rgb.npz,202,231,0,42,1,0.0030816817,0.9977752566337585,0
adl-38-cam0-rgb,data/keypoints/adl/adl-38-cam0-rgb.npz,203,232,0,42,1,0.0032110969,0.9977752566337585,0
adl-38-cam0-rgb,data/keypoints/adl/adl-38-cam0-rgb.npz,204,233,0,42,1,0.00334075,0.9977752566337585,0
adl-38-cam0-rgb,data/keypoints/adl/adl-38-cam0-rgb.npz,205,234,0,42,1,0.0034748323,0.9977752566337585,0
adl-38-cam0-rgb,data/keypoints/adl/adl-38-cam0-rgb.npz,206,235,0,42,1,0.0048142127,0.9977752566337585,0
adl-38-cam0-rgb,data/keypoints/adl/adl-38-cam0-rgb.npz,207,236,0,42,1,0.9995902,0.9977752566337585,1
adl-38-cam0-rgb,data/keypoints/adl/adl-38-cam0-rgb.npz,208,237,0,42,1,0.9995902,0.9977752566337585,1
adl-38-cam0-rgb,data/keypoints/adl/adl-38-cam0-rgb.npz,209,238,0,42,1,0.9995902,0.9977752566337585,1
adl-38-cam0-rgb,data/keypoints/adl/adl-38-cam0-rgb.npz,210,239,0,42,1,0.9995902,0.9977752566337585,1
fall-03-cam0-rgb,data/keypoints/fall/fall-03-cam0-rgb.npz,1,30,0,42,1,0.0008133619,0.9977752566337585,0
fall-03-cam0-rgb,data/keypoints/fall/fall-03-cam0-rgb.npz,2,31,0,42,1,0.00081058894,0.9977752566337585,0
fall-03-cam0-rgb,data/keypoints/fall/fall-03-cam0-rgb.npz,3,32,0,42,1,0.00080759794,0.9977752566337585,0
fall-03-cam0-rgb,data/keypoints/fall/fall-03-cam0-rgb.npz,4,33,0,42,1,0.0008048265,0.9977752566337585,0
fall-03-cam0-rgb,data/keypoints/fall/fall-03-cam0-rgb.npz,5,34,0,42,1,0.00080152624,0.9977752566337585,0
fall-03-cam0-rgb,data/keypoints/fall/fall-03-cam0-rgb.npz,6,35,0,42,1,0.00079806085,0.9977752566337585,0
fall-03-cam0-rgb,data/keypoints/fall/fall-03-cam0-rgb.npz,7,36,0,42,1,0.0007945896,0.9977752566337585,0
fall-03-cam0-rgb,data/keypoints/fall/fall-03-cam0-rgb.npz,8,37,0,42,1,0.0007914256,0.9977752566337585,0
fall-03-cam0-rgb,data/keypoints/fall/fall-03-cam0-rgb.npz,9,38,0,42,1,0.0007877369,0.9977752566337585,0
fall-03-cam0-rgb,data/keypoints/fall/fall-03-cam0-rgb.npz,10,39,0,42,1,0.00078357506,0.9977752566337585,0
fall-03-cam0-rgb,data/keypoints/fall/fall-03-cam0-rgb.npz,11,40,0,42,1,0.0007795822,0.9977752566337585,0
fall-03-cam0-rgb,data/keypoints/fall/fall-03-cam0-rgb.npz,12,41,0,42,1,0.000775456,0.9977752566337585,0
fall-03-cam0-rgb,data/keypoints/fall/fall-03-cam0-rgb.npz,13,42,0,42,1,0.00077096553,0.9977752566337585,0
fall-03-cam0-rgb,data/keypoints/fall/fall-03-cam0-rgb.npz,14,43,0,42,1,0.0007663826,0.9977752566337585,0
fall-03-cam0-rgb,data/keypoints/fall/fall-03-cam0-rgb.npz,15,44,0,42,1,0.000761529,0.9977752566337585,0
fall-03-cam0-rgb,data/keypoints/fall/fall-03-cam0-rgb.npz,16,45,0,42,1,0.0007568706,0.9977752566337585,0
fall-03-cam0-rgb,data/keypoints/fall/fall-03-cam0-rgb.npz,17,46,0,42,1,0.00075237965,0.9977752566337585,0
fall-03-cam0-rgb,data/keypoints/fall/fall-03-cam0-rgb.npz,18,47,0,42,1,0.00074802473,0.9977752566337585,0
fall-03-cam0-rgb,data/keypoints/fall/fall-03-cam0-rgb.npz,19,48,0,42,1,0.0007436291,0.9977752566337585,0
fall-03-cam0-rgb,data/keypoints/fall/fall-03-cam0-rgb.npz,20,49,0,42,1,0.0007394986,0.9977752566337585,0
fall-03-cam0-rgb,data/keypoints/fall/fall-03-cam0-rgb.npz,21,50,0,42,1,0.0007354169,0.9977752566337585,0
fall-03-cam0-rgb,data/keypoints/fall/fall-03-cam0-rgb.npz,22,51,0,42,1,0.00073140155,0.9977752566337585,0
fall-03-cam0-rgb,data/keypoints/fall/fall-03-cam0-rgb.npz,23,52,0,42,1,0.0007274422,0.9977752566337585,0
fall-03-cam0-rgb,data/keypoints/fall/fall-03-cam0-rgb.npz,24,53,0,42,1,0.0007235287,0.9977752566337585,0
fall-03-cam0-rgb,data/keypoints/fall/fall-03-cam0-rgb.npz,25,54,0,42,1,0.0007201974,0.9977752566337585,0
fall-03-cam0-rgb,data/keypoints/fall/fall-03-cam0-rgb.npz,26,55,0,42,1,0.000716599,0.9977752566337585,0
fall-03-cam0-rgb,data/keypoints/fall/fall-03-cam0-rgb.npz,27,56,0,42,1,0.0007132443,0.9977752566337585,0
fall-03-cam0-rgb,data/keypoints/fall/fall-03-cam0-rgb.npz,28,57,0,42,1,0.0007100882,0.9977752566337585,0
fall-03-cam0-rgb,data/keypoints/fall/fall-03-cam0-rgb.npz,29,58,0,42,1,0.0007070912,0.9977752566337585,0
fall-03-cam0-rgb,data/keypoints/fall/fall-03-cam0-rgb.npz,30,59,0,42,1,0.0007043086,0.9977752566337585,0
fall-03-cam0-rgb,data/keypoints/fall/fall-03-cam0-rgb.npz,31,60,0,42,1,0.0007015032,0.9977752566337585,0
fall-03-cam0-rgb,data/keypoints/fall/fall-03-cam0-rgb.npz,32,61,0,42,1,0.0006988881,0.9977752566337585,0
fall-03-cam0-rgb,data/keypoints/fall/fall-03-cam0-rgb.npz,33,62,0,42,1,0.0006959517,0.9977752566337585,0
fall-03-cam0-rgb,data/keypoints/fall/fall-03-cam0-rgb.npz,34,63,0,42,1,0.00069291727,0.9977752566337585,0
fall-03-cam0-rgb,data/keypoints/fall/fall-03-cam0-rgb.npz,35,64,0,42,1,0.0006899553,0.9977752566337585,0
fall-03-cam0-rgb,data/keypoints/fall/fall-03-cam0-rgb.npz,36,65,0,42,1,0.0006867183,0.9977752566337585,0
fall-03-cam0-rgb,data/keypoints/fall/fall-03-cam0-rgb.npz,37,66,0,42,1,0.0006830641,0.9977752566337585,0
fall-03-cam0-rgb,data/keypoints/fall/fall-03-cam0-rgb.npz,38,67,0,42,1,0.00067944714,0.9977752566337585,0
fall-03-cam0-rgb,data/keypoints/fall/fall-03-cam0-rgb.npz,39,68,0,42,1,0.0006755724,0.9977752566337585,0
fall-03-cam0-rgb,data/keypoints/fall/fall-03-cam0-rgb.npz,40,69,0,42,1,0.0006715834,0.9977752566337585,0
fall-03-cam0-rgb,data/keypoints/fall/fall-03-cam0-rgb.npz,41,70,0,42,1,0.00066713453,0.9977752566337585,0
fall-03-cam0-rgb,data/keypoints/fall/fall-03-cam0-rgb.npz,42,71,0,42,1,0.0006627839,0.9977752566337585,0
fall-03-cam0-rgb,data/keypoints/fall/fall-03-cam0-rgb.npz,43,72,0,42,1,0.0006581424,0.9977752566337585,0
fall-03-cam0-rgb,data/keypoints/fall/fall-03-cam0-rgb.npz,44,73,0,42,1,0.00065338257,0.9977752566337585,0
fall-03-cam0-rgb,data/keypoints/fall/fall-03-cam0-rgb.npz,45,74,0,42,1,0.0006482142,0.9977752566337585,0
fall-03-cam0-rgb,data/keypoints/fall/fall-03-cam0-rgb.npz,46,75,0,42,1,0.00064243097,0.9977752566337585,0
fall-03-cam0-rgb,data/keypoints/fall/fall-03-cam0-rgb.npz,47,76,0,42,1,0.00063628703,0.9977752566337585,0
fall-03-cam0-rgb,data/keypoints/fall/fall-03-cam0-rgb.npz,48,77,0,42,1,0.00062958454,0.9977752566337585,0
fall-03-cam0-rgb,data/keypoints/fall/fall-03-cam0-rgb.npz,49,78,0,42,1,0.00062169525,0.9977752566337585,0
fall-03-cam0-rgb,data/keypoints/fall/fall-03-cam0-rgb.npz,50,79,0,42,1,0.00061346084,0.9977752566337585,0
fall-03-cam0-rgb,data/keypoints/fall/fall-03-cam0-rgb.npz,51,80,0,42,1,0.00060461054,0.9977752566337585,0
fall-03-cam0-rgb,data/keypoints/fall/fall-03-cam0-rgb.npz,52,81,0,42,1,0.0005956738,0.9977752566337585,0
fall-03-cam0-rgb,data/keypoints/fall/fall-03-cam0-rgb.npz,53,82,0,42,1,0.0005866239,0.9977752566337585,0
fall-03-cam0-rgb,data/keypoints/fall/fall-03-cam0-rgb.npz,54,83,0,42,1,0.00057757815,0.9977752566337585,0
fall-03-cam0-rgb,data/keypoints/fall/fall-03-cam0-rgb.npz,55,84,0,42,1,0.00056832586,0.9977752566337585,0
fall-03-cam0-rgb,data/keypoints/fall/fall-03-cam0-rgb.npz,56,85,0,42,1,0.0005595144,0.9977752566337585,0
fall-03-cam0-rgb,data/keypoints/fall/fall-03-cam0-rgb.npz,57,86,0,42,1,0.00055133324,0.9977752566337585,0
fall-03-cam0-rgb,data/keypoints/fall/fall-03-cam0-rgb.npz,58,87,0,42,1,0.0005433172,0.9977752566337585,0
fall-03-cam0-rgb,data/keypoints/fall/fall-03-cam0-rgb.npz,59,88,0,42,1,0.00053572387,0.9977752566337585,0
fall-03-cam0-rgb,data/keypoints/fall/fall-03-cam0-rgb.npz,60,89,0,42,1,0.0005287092,0.9977752566337585,0
fall-03-cam0-rgb,data/keypoints/fall/fall-03-cam0-rgb.npz,61,90,0,42,1,0.0005224618,0.9977752566337585,0
fall-03-cam0-rgb,data/keypoints/fall/fall-03-cam0-rgb.npz,62,91,0,42,1,0.0005169639,0.9977752566337585,0
fall-03-cam0-rgb,data/keypoints/fall/fall-03-cam0-rgb.npz,63,92,0,42,1,0.0005121312,0.9977752566337585,0
fall-03-cam0-rgb,data/keypoints/fall/fall-03-cam0-rgb.npz,64,93,0,42,1,0.00050744426,0.9977752566337585,0
fall-03-cam0-rgb,data/keypoints/fall/fall-03-cam0-rgb.npz,65,94,0,42,1,0.00050283613,0.9977752566337585,0
fall-03-cam0-rgb,data/keypoints/fall/fall-03-cam0-rgb.npz,66,95,0,42,1,0.0004990869,0.9977752566337585,0
fall-03-cam0-rgb,data/keypoints/fall/fall-03-cam0-rgb.npz,67,96,0,42,1,0.00049583317,0.9977752566337585,0
fall-03-cam0-rgb,data/keypoints/fall/fall-03-cam0-rgb.npz,68,97,0,42,1,0.0004931333,0.9977752566337585,0
fall-03-cam0-rgb,data/keypoints/fall/fall-03-cam0-rgb.npz,69,98,0,42,1,0.00049105444,0.9977752566337585,0
fall-03-cam0-rgb,data/keypoints/fall/fall-03-cam0-rgb.npz,70,99,0,42,1,0.00048952136,0.9977752566337585,0
fall-03-cam0-rgb,data/keypoints/fall/fall-03-cam0-rgb.npz,71,100,0,42,1,0.000488457,0.9977752566337585,0
fall-03-cam0-rgb,data/keypoints/fall/fall-03-cam0-rgb.npz,72,101,0,42,1,0.0004878985,0.9977752566337585,0
fall-03-cam0-rgb,data/keypoints/fall/fall-03-cam0-rgb.npz,73,102,0,42,1,0.00048781344,0.9977752566337585,0
fall-03-cam0-rgb,data/keypoints/fall/fall-03-cam0-rgb.npz,74,103,0,42,1,0.00048824327,0.9977752566337585,0
fall-03-cam0-rgb,data/keypoints/fall/fall-03-cam0-rgb.npz,75,104,0,42,1,0.00048873824,0.9977752566337585,0
fall-03-cam0-rgb,data/keypoints/fall/fall-03-cam0-rgb.npz,76,105,0,42,1,0.00048939534,0.9977752566337585,0
fall-03-cam0-rgb,data/keypoints/fall/fall-03-cam0-rgb.npz,77,106,0,42,1,0.00049021264,0.9977752566337585,0
fall-03-cam0-rgb,data/keypoints/fall/fall-03-cam0-rgb.npz,78,107,0,42,1,0.0004913341,0.9977752566337585,0
fall-03-cam0-rgb,data/keypoints/fall/fall-03-cam0-rgb.npz,79,108,0,42,1,0.00049299677,0.9977752566337585,0
fall-03-cam0-rgb,data/keypoints/fall/fall-03-cam0-rgb.npz,80,109,0,42,1,0.00049496,0.9977752566337585,0
fall-03-cam0-rgb,data/keypoints/fall/fall-03-cam0-rgb.npz,81,110,0,42,1,0.0004973682,0.9977752566337585,0
fall-03-cam0-rgb,data/keypoints/fall/fall-03-cam0-rgb.npz,82,111,0,42,1,0.0005001313,0.9977752566337585,0
fall-03-cam0-rgb,data/keypoints/fall/fall-03-cam0-rgb.npz,83,112,0,42,1,0.0005031308,0.9977752566337585,0
fall-03-cam0-rgb,data/keypoints/fall/fall-03-cam0-rgb.npz,84,113,0,42,1,0.0005066485,0.9977752566337585,0
fall-03-cam0-rgb,data/keypoints/fall/fall-03-cam0-rgb.npz,85,114,0,42,1,0.00051075866,0.9977752566337585,0
fall-03-cam0-rgb,data/keypoints/fall/fall-03-cam0-rgb.npz,86,115,0,42,1,0.0005156077,0.9977752566337585,0
fall-03-cam0-rgb,data/keypoints/fall/fall-03-cam0-rgb.npz,87,116,0,42,1,0.00052083144,0.9977752566337585,0
fall-03-cam0-rgb,data/keypoints/fall/fall-03-cam0-rgb.npz,88,117,0,42,1,0.0005267494,0.9977752566337585,0
fall-03-cam0-rgb,data/keypoints/fall/fall-03-cam0-rgb.npz,89,118,0,42,1,0.0005334782,0.9977752566337585,0
fall-03-cam0-rgb,data/keypoints/fall/fall-03-cam0-rgb.npz,90,119,0,42,1,0.00054063444,0.9977752566337585,0
fall-03-cam0-rgb,data/keypoints/fall/fall-03-cam0-rgb.npz,91,120,0,42,1,0.00054822786,0.9977752566337585,0
fall-03-cam0-rgb,data/keypoints/fall/fall-03-cam0-rgb.npz,92,121,0,42,1,0.00055600196,0.9977752566337585,0
fall-03-cam0-rgb,data/keypoints/fall/fall-03-cam0-rgb.npz,93,122,0,42,1,0.0005640405,0.9977752566337585,0
fall-03-cam0-rgb,data/keypoints/fall/fall-03-cam0-rgb.npz,94,123,0,42,1,0.000573293,0.9977752566337585,0
fall-03-cam0-rgb,data/keypoints/fall/fall-03-cam0-rgb.npz,95,124,0,42,1,0.00058355957,0.9977752566337585,0
fall-03-cam0-rgb,data/keypoints/fall/fall-03-cam0-rgb.npz,96,125,0,42,1,0.00059412647,0.9977752566337585,0
fall-03-cam0-rgb,data/keypoints/fall/fall-03-cam0-rgb.npz,97,126,0,42,1,0.0006047275,0.9977752566337585,0
fall-03-cam0-rgb,data/keypoints/fall/fall-03-cam0-rgb.npz,98,127,0,42,1,0.00061531644,0.9977752566337585,0
fall-03-cam0-rgb,data/keypoints/fall/fall-03-cam0-rgb.npz,99,128,0,42,1,0.00062542805,0.9977752566337585,0
fall-03-cam0-rgb,data/keypoints/fall/fall-03-cam0-rgb.npz,100,129,0,42,1,0.00063587393,0.9977752566337585,0
fall-03-cam0-rgb,data/keypoints/fall/fall-03-cam0-rgb.npz,101,130,0,42,1,0.00064554095,0.9977752566337585,0
fall-03-cam0-rgb,data/keypoints/fall/fall-03-cam0-rgb.npz,102,131,0,42,1,0.0006546605,0.9977752566337585,0
fall-03-cam0-rgb,data/keypoints/fall/fall-03-cam0-rgb.npz,103,132,0,42,1,0.0006636733,0.9977752566337585,0
fall-03-cam0-rgb,data/keypoints/fall/fall-03-cam0-rgb.npz,104,133,0,42,1,0.0006724371,0.9977752566337585,0
fall-03-cam0-rgb,data/keypoints/fall/fall-03-cam0-rgb.npz,105,134,0,42,1,0.0006816367,0.9977752566337585,0
fall-03-cam0-rgb,data/keypoints/fall/fall-03-cam0-rgb.npz,106,135,0,42,1,0.00069112284,0.9977752566337585,0
fall-03-cam0-rgb,data/keypoints/fall/fall-03-cam0-rgb.npz,107,136,0,42,1,0.00070076756,0.9977752566337585,0
fall-03-cam0-rgb,data/keypoints/fall/fall-03-cam0-rgb.npz,108,137,0,42,1,0.0007102415,0.9977752566337585,0
fall-03-cam0-rgb,data/keypoints/fall/fall-03-cam0-rgb.npz,109,138,0,42,1,0.00071941887,0.9977752566337585,0
fall-03-cam0-rgb,data/keypoints/fall/fall-03-cam0-rgb.npz,110,139,0,42,1,0.0007279484,0.9977752566337585,0
fall-03-cam0-rgb,data/keypoints/fall/fall-03-cam0-rgb.npz,111,140,0,42,1,0.0007365637,0.9977752566337585,0
fall-03-cam0-rgb,data/keypoints/fall/fall-03-cam0-rgb.npz,112,141,0,42,1,0.00074514095,0.9977752566337585,0
fall-03-cam0-rgb,data/keypoints/fall/fall-03-cam0-rgb.npz,113,142,0,42,1,0.0007538049,0.9977752566337585,0
fall-03-cam0-rgb,data/keypoints/fall/fall-03-cam0-rgb.npz,114,143,0,42,1,0.000762449,0.9977752566337585,0
fall-03-cam0-rgb,data/keypoints/fall/fall-03-cam0-rgb.npz,115,144,0,42,1,0.0007709391,0.9977752566337585,0
fall-03-cam0-rgb,data/keypoints/fall/fall-03-cam0-rgb.npz,116,145,0,42,1,0.00078009575,0.9977752566337585,0
fall-03-cam0-rgb,data/keypoints/fall/fall-03-cam0-rgb.npz,117,146,0,42,1,0.00078953156,0.9977752566337585,0
fall-03-cam0-rgb,data/keypoints/fall/fall-03-cam0-rgb.npz,118,147,0,42,1,0.00079872075,0.9977752566337585,0
fall-03-cam0-rgb,data/keypoints/fall/fall-03-cam0-rgb.npz,119,148,0,42,1,0.00080726977,0.9977752566337585,0
fall-03-cam0-rgb,data/keypoints/fall/fall-03-cam0-rgb.npz,120,149,0,42,1,0.0008153225,0.9977752566337585,0
fall-03-cam0-rgb,data/keypoints/fall/fall-03-cam0-rgb.npz,121,150,0,42,1,0.00074258354,0.9977752566337585,0
fall-03-cam0-rgb,data/keypoints/fall/fall-03-cam0-rgb.npz,122,151,0,42,1,0.0007415812,0.9977752566337585,0
fall-03-cam0-rgb,data/keypoints/fall/fall-03-cam0-rgb.npz,123,152,0,42,1,0.0007374012,0.9977752566337585,0
fall-03-cam0-rgb,data/keypoints/fall/fall-03-cam0-rgb.npz,124,153,0,42,1,0.00067195337,0.9977752566337585,0
fall-03-cam0-rgb,data/keypoints/fall/fall-03-cam0-rgb.npz,125,154,0,42,1,0.0006657131,0.9977752566337585,0
fall-03-cam0-rgb,data/keypoints/fall/fall-03-cam0-rgb.npz,126,155,0,42,1,0.00056170195,0.9977752566337585,0
fall-03-cam0-rgb,data/keypoints/fall/fall-03-cam0-rgb.npz,127,156,0,42,1,0.0005614033,0.9977752566337585,0
fall-03-cam0-rgb,data/keypoints/fall/fall-03-cam0-rgb.npz,128,157,0,42,1,0.00056023535,0.9977752566337585,0
fall-03-cam0-rgb,data/keypoints/fall/fall-03-cam0-rgb.npz,129,158,0,42,1,0.00055946794,0.9977752566337585,0
fall-03-cam0-rgb,data/keypoints/fall/fall-03-cam0-rgb.npz,130,159,0,42,1,0.0005595693,0.9977752566337585,0
fall-03-cam0-rgb,data/keypoints/fall/fall-03-cam0-rgb.npz,131,160,0,42,1,0.0005609551,0.9977752566337585,0
fall-03-cam0-rgb,data/keypoints/fall/fall-03-cam0-rgb.npz,132,161,0,42,1,0.00055623037,0.9977752566337585,0
fall-03-cam0-rgb,data/keypoints/fall/fall-03-cam0-rgb.npz,133,162,0,42,1,0.0005582091,0.9977752566337585,0
fall-03-cam0-rgb,data/keypoints/fall/fall-03-cam0-rgb.npz,134,163,0,42,1,0.0005780242,0.9977752566337585,0
fall-03-cam0-rgb,data/keypoints/fall/fall-03-cam0-rgb.npz,135,164,0,42,1,0.0030757147,0.9977752566337585,0
fall-03-cam0-rgb,data/keypoints/fall/fall-03-cam0-rgb.npz,136,165,0,42,1,0.020482546,0.9977752566337585,0
fall-03-cam0-rgb,data/keypoints/fall/fall-03-cam0-rgb.npz,137,166,0,42,1,0.050800048,0.9977752566337585,0
fall-03-cam0-rgb,data/keypoints/fall/fall-03-cam0-rgb.npz,138,167,0,42,1,0.10592917,0.9977752566337585,0
fall-03-cam0-rgb,data/keypoints/fall/fall-03-cam0-rgb.npz,139,168,0,42,1,0.19598377,0.9977752566337585,0
fall-03-cam0-rgb,data/keypoints/fall/fall-03-cam0-rgb.npz,140,169,0,42,1,0.3128318,0.9977752566337585,0
fall-03-cam0-rgb,data/keypoints/fall/fall-03-cam0-rgb.npz,141,170,0,42,1,0.4590034,0.9977752566337585,0
fall-03-cam0-rgb,data/keypoints/fall/fall-03-cam0-rgb.npz,142,171,0,42,1,0.63472956,0.9977752566337585,0
fall-03-cam0-rgb,data/keypoints/fall/fall-03-cam0-rgb.npz,143,172,0,42,1,0.54783005,0.9977752566337585,0
fall-03-cam0-rgb,data/keypoints/fall/fall-03-cam0-rgb.npz,144,173,0,42,1,0.64524937,0.9977752566337585,0
fall-03-cam0-rgb,data/keypoints/fall/fall-03-cam0-rgb.npz,145,174,0,42,1,0.78606886,0.9977752566337585,0
fall-03-cam0-rgb,data/keypoints/fall/fall-03-cam0-rgb.npz,146,175,0,42,1,0.83717465,0.9977752566337585,0
fall-03-cam0-rgb,data/keypoints/fall/fall-03-cam0-rgb.npz,147,176,0,42,1,0.89860296,0.9977752566337585,0
fall-03-cam0-rgb,data/keypoints/fall/fall-03-cam0-rgb.npz,149,178,1,42,1,0.9622234,0.9977752566337585,0
fall-03-cam0-rgb,data/keypoints/fall/fall-03-cam0-rgb.npz,150,179,1,42,1,0.9745815,0.9977752566337585,0
fall-03-cam0-rgb,data/keypoints/fall/fall-03-cam0-rgb.npz,151,180,1,42,1,0.984632,0.9977752566337585,0
fall-03-cam0-rgb,data/keypoints/fall/fall-03-cam0-rgb.npz,152,181,1,42,1,0.99210244,0.9977752566337585,0
fall-03-cam0-rgb,data/keypoints/fall/fall-03-cam0-rgb.npz,153,182,1,42,1,0.9964394,0.9977752566337585,0
fall-03-cam0-rgb,data/keypoints/fall/fall-03-cam0-rgb.npz,154,183,1,42,1,0.9984577,0.9977752566337585,1
fall-03-cam0-rgb,data/keypoints/fall/fall-03-cam0-rgb.npz,155,184,1,42,1,0.99933213,0.9977752566337585,1
fall-03-cam0-rgb,data/keypoints/fall/fall-03-cam0-rgb.npz,156,185,1,42,1,0.9996468,0.9977752566337585,1
fall-03-cam0-rgb,data/keypoints/fall/fall-03-cam0-rgb.npz,157,186,1,42,1,0.9997892,0.9977752566337585,1
fall-03-cam0-rgb,data/keypoints/fall/fall-03-cam0-rgb.npz,158,187,1,42,1,0.99983156,0.9977752566337585,1
fall-03-cam0-rgb,data/keypoints/fall/fall-03-cam0-rgb.npz,159,188,1,42,1,0.99985075,0.9977752566337585,1
fall-03-cam0-rgb,data/keypoints/fall/fall-03-cam0-rgb.npz,160,189,1,42,1,0.9998568,0.9977752566337585,1
fall-03-cam0-rgb,data/keypoints/fall/fall-03-cam0-rgb.npz,161,190,1,42,1,0.9998586,0.9977752566337585,1
fall-03-cam0-rgb,data/keypoints/fall/fall-03-cam0-rgb.npz,162,191,1,42,1,0.9998584,0.9977752566337585,1
fall-03-cam0-rgb,data/keypoints/fall/fall-03-cam0-rgb.npz,163,192,1,42,1,0.9998103,0.9977752566337585,1
fall-03-cam0-rgb,data/keypoints/fall/fall-03-cam0-rgb.npz,164,193,1,42,1,0.9998149,0.9977752566337585,1
fall-03-cam0-rgb,data/keypoints/fall/fall-03-cam0-rgb.npz,165,194,1,42,1,0.9998141,0.9977752566337585,1
fall-03-cam0-rgb,data/keypoints/fall/fall-03-cam0-rgb.npz,166,195,1,42,1,0.9998159,0.9977752566337585,1
fall-03-cam0-rgb,data/keypoints/fall/fall-03-cam0-rgb.npz,167,196,1,42,1,0.9998167,0.9977752566337585,1
fall-03-cam0-rgb,data/keypoints/fall/fall-03-cam0-rgb.npz,168,197,1,42,1,0.9998091,0.9977752566337585,1
fall-03-cam0-rgb,data/keypoints/fall/fall-03-cam0-rgb.npz,169,198,1,42,1,0.9998061,0.9977752566337585,1
fall-03-cam0-rgb,data/keypoints/fall/fall-03-cam0-rgb.npz,170,199,1,42,1,0.99974054,0.9977752566337585,1
fall-03-cam0-rgb,data/keypoints/fall/fall-03-cam0-rgb.npz,171,200,1,42,1,0.99973506,0.9977752566337585,1
fall-03-cam0-rgb,data/keypoints/fall/fall-03-cam0-rgb.npz,172,201,1,42,1,0.99971694,0.9977752566337585,1
fall-03-cam0-rgb,data/keypoints/fall/fall-03-cam0-rgb.npz,173,202,1,42,1,0.999694,0.9977752566337585,1
fall-03-cam0-rgb,data/keypoints/fall/fall-03-cam0-rgb.npz,174,203,1,42,1,0.99969614,0.9977752566337585,1
fall-03-cam0-rgb,data/keypoints/fall/fall-03-cam0-rgb.npz,175,204,1,42,1,0.9997003,0.9977752566337585,1
fall-03-cam0-rgb,data/keypoints/fall/fall-03-cam0-rgb.npz,176,205,1,42,1,0.999701,0.9977752566337585,1
fall-03-cam0-rgb,data/keypoints/fall/fall-03-cam0-rgb.npz,177,206,1,42,1,0.99970704,0.9977752566337585,1
fall-03-cam0-rgb,data/keypoints/fall/fall-03-cam0-rgb.npz,178,207,1,42,1,0.9997112,0.9977752566337585,1
fall-03-cam0-rgb,data/keypoints/fall/fall-03-cam0-rgb.npz,179,208,1,42,1,0.99971443,0.9977752566337585,1
fall-03-cam0-rgb,data/keypoints/fall/fall-03-cam0-rgb.npz,180,209,1,42,1,0.9997503,0.9977752566337585,1
fall-03-cam0-rgb,data/keypoints/fall/fall-03-cam0-rgb.npz,181,210,1,42,1,0.99910873,0.9977752566337585,1
fall-03-cam0-rgb,data/keypoints/fall/fall-03-cam0-rgb.npz,182,211,1,42,1,0.9986952,0.9977752566337585,1
fall-03-cam0-rgb,data/keypoints/fall/fall-03-cam0-rgb.npz,183,212,1,42,1,0.9920677,0.9977752566337585,0
fall-03-cam0-rgb,data/keypoints/fall/fall-03-cam0-rgb.npz,184,213,1,42,1,0.9916033,0.9977752566337585,0
fall-03-cam0-rgb,data/keypoints/fall/fall-03-cam0-rgb.npz,185,214,1,42,1,0.9899845,0.9977752566337585,0
fall-03-cam0-rgb,data/keypoints/fall/fall-03-cam0-rgb.npz,186,215,1,42,1,0.9881982,0.9977752566337585,0
fall-12-cam0-rgb,data/keypoints/fall/fall-12-cam0-rgb.npz,1,30,0,42,1,0.0010263943,0.9977752566337585,0
fall-12-cam0-rgb,data/keypoints/fall/fall-12-cam0-rgb.npz,2,31,0,42,1,0.0010351121,0.9977752566337585,0
fall-12-cam0-rgb,data/keypoints/fall/fall-12-cam0-rgb.npz,3,32,0,42,1,0.0010446954,0.9977752566337585,0
fall-12-cam0-rgb,data/keypoints/fall/fall-12-cam0-rgb.npz,4,33,0,42,1,0.0010557465,0.9977752566337585,0
fall-12-cam0-rgb,data/keypoints/fall/fall-12-cam0-rgb.npz,5,34,0,42,1,0.0010695114,0.9977752566337585,0
fall-12-cam0-rgb,data/keypoints/fall/fall-12-cam0-rgb.npz,6,35,0,42,1,0.001086764,0.9977752566337585,0
fall-12-cam0-rgb,data/keypoints/fall/fall-12-cam0-rgb.npz,7,36,0,42,1,0.0011090867,0.9977752566337585,0
fall-12-cam0-rgb,data/keypoints/fall/fall-12-cam0-rgb.npz,8,37,0,42,1,0.0011421078,0.9977752566337585,0
fall-12-cam0-rgb,data/keypoints/fall/fall-12-cam0-rgb.npz,9,38,0,42,1,0.0011869677,0.9977752566337585,0
fall-12-cam0-rgb,data/keypoints/fall/fall-12-cam0-rgb.npz,10,39,0,42,1,0.0012722343,0.9977752566337585,0
fall-12-cam0-rgb,data/keypoints/fall/fall-12-cam0-rgb.npz,11,40,0,42,1,0.0012827805,0.9977752566337585,0
fall-12-cam0-rgb,data/keypoints/fall/fall-12-cam0-rgb.npz,12,41,0,42,1,0.0019073425,0.9977752566337585,0
fall-12-cam0-rgb,data/keypoints/fall/fall-12-cam0-rgb.npz,13,42,0,42,1,0.008875063,0.9977752566337585,0
fall-12-cam0-rgb,data/keypoints/fall/fall-12-cam0-rgb.npz,14,43,0,42,1,0.03607373,0.9977752566337585,0
fall-12-cam0-rgb,data/keypoints/fall/fall-12-cam0-rgb.npz,15,44,0,42,1,0.08563465,0.9977752566337585,0
fall-12-cam0-rgb,data/keypoints/fall/fall-12-cam0-rgb.npz,16,45,0,42,1,0.16317709,0.9977752566337585,0
fall-12-cam0-rgb,data/keypoints/fall/fall-12-cam0-rgb.npz,17,46,0,42,1,0.27768,0.9977752566337585,0
fall-12-cam0-rgb,data/keypoints/fall/fall-12-cam0-rgb.npz,18,47,0,42,1,0.42623374,0.9977752566337585,0
fall-12-cam0-rgb,data/keypoints/fall/fall-12-cam0-rgb.npz,19,48,0,42,1,0.6025978,0.9977752566337585,0
fall-12-cam0-rgb,data/keypoints/fall/fall-12-cam0-rgb.npz,20,49,0,42,1,0.752238,0.9977752566337585,0
fall-12-cam0-rgb,data/keypoints/fall/fall-12-cam0-rgb.npz,21,50,0,42,1,0.84193426,0.9977752566337585,0
fall-12-cam0-rgb,data/keypoints/fall/fall-12-cam0-rgb.npz,22,51,0,42,1,0.9175118,0.9977752566337585,0
fall-12-cam0-rgb,data/keypoints/fall/fall-12-cam0-rgb.npz,23,52,0,42,1,0.9563098,0.9977752566337585,0
fall-12-cam0-rgb,data/keypoints/fall/fall-12-cam0-rgb.npz,24,53,0,42,1,0.9769884,0.9977752566337585,0
fall-12-cam0-rgb,data/keypoints/fall/fall-12-cam0-rgb.npz,26,55,1,42,1,0.99430746,0.9977752566337585,0
fall-12-cam0-rgb,data/keypoints/fall/fall-12-cam0-rgb.npz,27,56,1,42,1,0.9972692,0.9977752566337585,0
fall-12-cam0-rgb,data/keypoints/fall/fall-12-cam0-rgb.npz,28,57,1,42,1,0.99878925,0.9977752566337585,1
fall-12-cam0-rgb,data/keypoints/fall/fall-12-cam0-rgb.npz,29,58,1,42,1,0.999445,0.9977752566337585,1
fall-12-cam0-rgb,data/keypoints/fall/fall-12-cam0-rgb.npz,30,59,1,42,1,0.9996604,0.9977752566337585,1
fall-12-cam0-rgb,data/keypoints/fall/fall-12-cam0-rgb.npz,31,60,1,42,1,0.99983656,0.9977752566337585,1
fall-12-cam0-rgb,data/keypoints/fall/fall-12-cam0-rgb.npz,32,61,1,42,1,0.99991083,0.9977752566337585,1
fall-12-cam0-rgb,data/keypoints/fall/fall-12-cam0-rgb.npz,33,62,1,42,1,0.999913,0.9977752566337585,1
fall-12-cam0-rgb,data/keypoints/fall/fall-12-cam0-rgb.npz,34,63,1,42,1,0.99991417,0.9977752566337585,1
fall-12-cam0-rgb,data/keypoints/fall/fall-12-cam0-rgb.npz,35,64,1,42,1,0.99991417,0.9977752566337585,1
fall-12-cam0-rgb,data/keypoints/fall/fall-12-cam0-rgb.npz,36,65,1,42,1,0.99991465,0.9977752566337585,1
fall-12-cam0-rgb,data/keypoints/fall/fall-12-cam0-rgb.npz,37,66,1,42,1,0.9999149,0.9977752566337585,1
fall-12-cam0-rgb,data/keypoints/fall/fall-12-cam0-rgb.npz,38,67,1,42,1,0.9999149,0.9977752566337585,1
fall-12-cam0-rgb,data/keypoints/fall/fall-12-cam0-rgb.npz,39,68,1,42,1,0.99991477,0.9977752566337585,1
fall-12-cam0-rgb,data/keypoints/fall/fall-12-cam0-rgb.npz,40,69,1,42,1,0.9999144,0.9977752566337585,1
fall-12-cam0-rgb,data/keypoints/fall/fall-12-cam0-rgb.npz,41,70,1,42,1,0.9999138,0.9977752566337585,1
fall-12-cam0-rgb,data/keypoints/fall/fall-12-cam0-rgb.npz,42,71,1,42,1,0.9999132,0.9977752566337585,1
fall-12-cam0-rgb,data/keypoints/fall/fall-12-cam0-rgb.npz,43,72,1,42,1,0.9999124,0.9977752566337585,1
fall-12-cam0-rgb,data/keypoints/fall/fall-12-cam0-rgb.npz,44,73,1,42,1,0.9999112,0.9977752566337585,1
fall-12-cam0-rgb,data/keypoints/fall/fall-12-cam0-rgb.npz,45,74,1,42,1,0.99991035,0.9977752566337585,1
fall-12-cam0-rgb,data/keypoints/fall/fall-12-cam0-rgb.npz,46,75,1,42,1,0.9999095,0.9977752566337585,1
fall-12-cam0-rgb,data/keypoints/fall/fall-12-cam0-rgb.npz,47,76,1,42,1,0.9999082,0.9977752566337585,1
fall-12-cam0-rgb,data/keypoints/fall/fall-12-cam0-rgb.npz,48,77,1,42,1,0.99990714,0.9977752566337585,1
fall-12-cam0-rgb,data/keypoints/fall/fall-12-cam0-rgb.npz,49,78,1,42,1,0.99990594,0.9977752566337585,1
fall-12-cam0-rgb,data/keypoints/fall/fall-12-cam0-rgb.npz,50,79,1,42,1,0.9999051,0.9977752566337585,1
fall-12-cam0-rgb,data/keypoints/fall/fall-12-cam0-rgb.npz,51,80,1,42,1,0.99990475,0.9977752566337585,1
fall-12-cam0-rgb,data/keypoints/fall/fall-12-cam0-rgb.npz,52,81,1,42,1,0.9999045,0.9977752566337585,1
fall-12-cam0-rgb,data/keypoints/fall/fall-12-cam0-rgb.npz,53,82,1,42,1,0.9999044,0.9977752566337585,1
fall-12-cam0-rgb,data/keypoints/fall/fall-12-cam0-rgb.npz,54,83,1,42,1,0.9999043,0.9977752566337585,1
fall-12-cam0-rgb,data/keypoints/fall/fall-12-cam0-rgb.npz,55,84,1,42,1,0.99990404,0.9977752566337585,1
fall-12-cam0-rgb,data/keypoints/fall/fall-12-cam0-rgb.npz,56,85,1,42,1,0.9999039,0.9977752566337585,1
fall-12-cam0-rgb,data/keypoints/fall/fall-12-cam0-rgb.npz,57,86,1,42,1,0.9999038,0.9977752566337585,1
fall-12-cam0-rgb,data/keypoints/fall/fall-12-cam0-rgb.npz,58,87,1,42,1,0.9999037,0.9977752566337585,1
fall-12-cam0-rgb,data/keypoints/fall/fall-12-cam0-rgb.npz,59,88,1,42,1,0.99990356,0.9977752566337585,1
fall-12-cam0-rgb,data/keypoints/fall/fall-12-cam0-rgb.npz,60,89,1,42,1,0.99990344,0.9977752566337585,1
fall-12-cam0-rgb,data/keypoints/fall/fall-12-cam0-rgb.npz,61,90,1,42,1,0.9999033,0.9977752566337585,1
fall-12-cam0-rgb,data/keypoints/fall/fall-12-cam0-rgb.npz,62,91,1,42,1,0.9999031,0.9977752566337585,1
fall-12-cam0-rgb,data/keypoints/fall/fall-12-cam0-rgb.npz,63,92,1,42,1,0.99990284,0.9977752566337585,1
fall-12-cam0-rgb,data/keypoints/fall/fall-12-cam0-rgb.npz,64,93,1,42,1,0.99990225,0.9977752566337585,1
fall-12-cam0-rgb,data/keypoints/fall/fall-12-cam0-rgb.npz,65,94,1,42,1,0.9999021,0.9977752566337585,1
fall-12-cam0-rgb,data/keypoints/fall/fall-12-cam0-rgb.npz,66,95,1,42,1,0.9999019,0.9977752566337585,1
fall-12-cam0-rgb,data/keypoints/fall/fall-12-cam0-rgb.npz,67,96,1,42,1,0.9999018,0.9977752566337585,1
fall-12-cam0-rgb,data/keypoints/fall/fall-12-cam0-rgb.npz,68,97,1,42,1,0.99990153,0.9977752566337585,1
fall-12-cam0-rgb,data/keypoints/fall/fall-12-cam0-rgb.npz,69,98,1,42,1,0.9999014,0.9977752566337585,1
fall-12-cam0-rgb,data/keypoints/fall/fall-12-cam0-rgb.npz,70,99,1,42,1,0.9999014,0.9977752566337585,1
fall-12-cam0-rgb,data/keypoints/fall/fall-12-cam0-rgb.npz,71,100,1,42,1,0.9999013,0.9977752566337585,1
fall-12-cam0-rgb,data/keypoints/fall/fall-12-cam0-rgb.npz,72,101,1,42,1,0.9999012,0.9977752566337585,1
fall-12-cam0-rgb,data/keypoints/fall/fall-12-cam0-rgb.npz,73,102,1,42,1,0.99990106,0.9977752566337585,1
fall-12-cam0-rgb,data/keypoints/fall/fall-12-cam0-rgb.npz,74,103,1,42,1,0.99990106,0.9977752566337585,1
fall-12-cam0-rgb,data/keypoints/fall/fall-12-cam0-rgb.npz,75,104,1,42,1,0.99990094,0.9977752566337585,1
fall-12-cam0-rgb,data/keypoints/fall/fall-12-cam0-rgb.npz,76,105,1,42,1,0.9999008,0.9977752566337585,1
fall-12-cam0-rgb,data/keypoints/fall/fall-12-cam0-rgb.npz,77,106,1,42,1,0.9999007,0.9977752566337585,1
fall-12-cam0-rgb,data/keypoints/fall/fall-12-cam0-rgb.npz,78,107,1,42,1,0.9999007,0.9977752566337585,1
fall-12-cam0-rgb,data/keypoints/fall/fall-12-cam0-rgb.npz,79,108,1,42,1,0.9999006,0.9977752566337585,1
fall-12-cam0-rgb,data/keypoints/fall/fall-12-cam0-rgb.npz,80,109,1,42,1,0.99990046,0.9977752566337585,1
fall-12-cam0-rgb,data/keypoints/fall/fall-12-cam0-rgb.npz,81,110,1,42,1,0.99990046,0.9977752566337585,1
fall-14-cam0-rgb,data/keypoints/fall/fall-14-cam0-rgb.npz,1,30,0,42,1,0.001372991,0.9977752566337585,0
fall-14-cam0-rgb,data/keypoints/fall/fall-14-cam0-rgb.npz,2,31,0,42,1,0.0014937817,0.9977752566337585,0
fall-14-cam0-rgb,data/keypoints/fall/fall-14-cam0-rgb.npz,3,32,0,42,1,0.0020100847,0.9977752566337585,0
fall-14-cam0-rgb,data/keypoints/fall/fall-14-cam0-rgb.npz,4,33,0,42,1,0.004809527,0.9977752566337585,0
fall-14-cam0-rgb,data/keypoints/fall/fall-14-cam0-rgb.npz,5,34,0,42,1,0.012877682,0.9977752566337585,0
fall-14-cam0-rgb,data/keypoints/fall/fall-14-cam0-rgb.npz,6,35,0,42,1,0.04285094,0.9977752566337585,0
fall-14-cam0-rgb,data/keypoints/fall/fall-14-cam0-rgb.npz,7,36,0,42,1,0.09220235,0.9977752566337585,0
fall-14-cam0-rgb,data/keypoints/fall/fall-14-cam0-rgb.npz,8,37,0,42,1,0.16485022,0.9977752566337585,0
fall-14-cam0-rgb,data/keypoints/fall/fall-14-cam0-rgb.npz,9,38,0,42,1,0.2874215,0.9977752566337585,0
fall-14-cam0-rgb,data/keypoints/fall/fall-14-cam0-rgb.npz,10,39,0,42,1,0.42708957,0.9977752566337585,0
fall-14-cam0-rgb,data/keypoints/fall/fall-14-cam0-rgb.npz,11,40,0,42,1,0.5828353,0.9977752566337585,0
fall-14-cam0-rgb,data/keypoints/fall/fall-14-cam0-rgb.npz,12,41,0,42,1,0.73625785,0.9977752566337585,0
fall-14-cam0-rgb,data/keypoints/fall/fall-14-cam0-rgb.npz,13,42,0,42,1,0.84276396,0.9977752566337585,0
fall-14-cam0-rgb,data/keypoints/fall/fall-14-cam0-rgb.npz,14,43,0,42,1,0.91374373,0.9977752566337585,0
fall-14-cam0-rgb,data/keypoints/fall/fall-14-cam0-rgb.npz,15,44,0,42,1,0.9536874,0.9977752566337585,0
fall-14-cam0-rgb,data/keypoints/fall/fall-14-cam0-rgb.npz,17,46,1,42,1,0.987523,0.9977752566337585,0
fall-14-cam0-rgb,data/keypoints/fall/fall-14-cam0-rgb.npz,18,47,1,42,1,0.99430144,0.9977752566337585,0
fall-14-cam0-rgb,data/keypoints/fall/fall-14-cam0-rgb.npz,19,48,1,42,1,0.99788326,0.9977752566337585,1
fall-14-cam0-rgb,data/keypoints/fall/fall-14-cam0-rgb.npz,20,49,1,42,1,0.9989435,0.9977752566337585,1
fall-14-cam0-rgb,data/keypoints/fall/fall-14-cam0-rgb.npz,21,50,1,42,1,0.9995384,0.9977752566337585,1
fall-14-cam0-rgb,data/keypoints/fall/fall-14-cam0-rgb.npz,22,51,1,42,1,0.9997911,0.9977752566337585,1
fall-14-cam0-rgb,data/keypoints/fall/fall-14-cam0-rgb.npz,23,52,1,42,1,0.9998815,0.9977752566337585,1
fall-14-cam0-rgb,data/keypoints/fall/fall-14-cam0-rgb.npz,24,53,1,42,1,0.99990153,0.9977752566337585,1
fall-14-cam0-rgb,data/keypoints/fall/fall-14-cam0-rgb.npz,25,54,1,42,1,0.9999074,0.9977752566337585,1
fall-14-cam0-rgb,data/keypoints/fall/fall-14-cam0-rgb.npz,26,55,1,42,1,0.99990916,0.9977752566337585,1
fall-14-cam0-rgb,data/keypoints/fall/fall-14-cam0-rgb.npz,27,56,1,42,1,0.9999093,0.9977752566337585,1
fall-14-cam0-rgb,data/keypoints/fall/fall-14-cam0-rgb.npz,28,57,1,42,1,0.99990916,0.9977752566337585,1
fall-14-cam0-rgb,data/keypoints/fall/fall-14-cam0-rgb.npz,29,58,1,42,1,0.9999063,0.9977752566337585,1
fall-14-cam0-rgb,data/keypoints/fall/fall-14-cam0-rgb.npz,30,59,1,42,1,0.9999051,0.9977752566337585,1
fall-14-cam0-rgb,data/keypoints/fall/fall-14-cam0-rgb.npz,31,60,1,42,1,0.99990404,0.9977752566337585,1
fall-14-cam0-rgb,data/keypoints/fall/fall-14-cam0-rgb.npz,32,61,1,42,1,0.99990284,0.9977752566337585,1
fall-21-cam0-rgb,data/keypoints/fall/fall-21-cam0-rgb.npz,1,30,0,42,1,0.00071689,0.9977752566337585,0
fall-21-cam0-rgb,data/keypoints/fall/fall-21-cam0-rgb.npz,2,31,0,42,1,0.0007104147,0.9977752566337585,0
fall-21-cam0-rgb,data/keypoints/fall/fall-21-cam0-rgb.npz,3,32,0,42,1,0.0007046514,0.9977752566337585,0
fall-21-cam0-rgb,data/keypoints/fall/fall-21-cam0-rgb.npz,4,33,0,42,1,0.000696101,0.9977752566337585,0
fall-21-cam0-rgb,data/keypoints/fall/fall-21-cam0-rgb.npz,5,34,0,42,1,0.0006775306,0.9977752566337585,0
fall-21-cam0-rgb,data/keypoints/fall/fall-21-cam0-rgb.npz,6,35,0,42,1,0.000634604,0.9977752566337585,0
fall-21-cam0-rgb,data/keypoints/fall/fall-21-cam0-rgb.npz,7,36,0,42,1,0.00059408235,0.9977752566337585,0
fall-21-cam0-rgb,data/keypoints/fall/fall-21-cam0-rgb.npz,8,37,0,42,1,0.0019041952,0.9977752566337585,0
fall-21-cam0-rgb,data/keypoints/fall/fall-21-cam0-rgb.npz,9,38,0,42,1,0.026930599,0.9977752566337585,0
fall-21-cam0-rgb,data/keypoints/fall/fall-21-cam0-rgb.npz,10,39,0,42,1,0.15901397,0.9977752566337585,0
fall-21-cam0-rgb,data/keypoints/fall/fall-21-cam0-rgb.npz,11,40,0,42,1,0.28617114,0.9977752566337585,0
fall-21-cam0-rgb,data/keypoints/fall/fall-21-cam0-rgb.npz,12,41,0,42,1,0.44590467,0.9977752566337585,0
fall-21-cam0-rgb,data/keypoints/fall/fall-21-cam0-rgb.npz,13,42,0,42,1,0.61471516,0.9977752566337585,0
fall-21-cam0-rgb,data/keypoints/fall/fall-21-cam0-rgb.npz,14,43,0,42,1,0.69308704,0.9977752566337585,0
fall-21-cam0-rgb,data/keypoints/fall/fall-21-cam0-rgb.npz,15,44,0,42,1,0.8347177,0.9977752566337585,0
fall-21-cam0-rgb,data/keypoints/fall/fall-21-cam0-rgb.npz,16,45,0,42,1,0.92622524,0.9977752566337585,0
fall-21-cam0-rgb,data/keypoints/fall/fall-21-cam0-rgb.npz,17,46,0,42,1,0.9582851,0.9977752566337585,0
fall-21-cam0-rgb,data/keypoints/fall/fall-21-cam0-rgb.npz,18,47,0,42,1,0.97578216,0.9977752566337585,0
fall-21-cam0-rgb,data/keypoints/fall/fall-21-cam0-rgb.npz,19,48,0,42,1,0.9883088,0.9977752566337585,0
fall-21-cam0-rgb,data/keypoints/fall/fall-21-cam0-rgb.npz,20,49,0,42,1,0.9927981,0.9977752566337585,0
fall-21-cam0-rgb,data/keypoints/fall/fall-21-cam0-rgb.npz,22,51,1,42,1,0.99732745,0.9977752566337585,0
fall-21-cam0-rgb,data/keypoints/fall/fall-21-cam0-rgb.npz,23,52,1,42,1,0.99834,0.9977752566337585,1
fall-21-cam0-rgb,data/keypoints/fall/fall-21-cam0-rgb.npz,24,53,1,42,1,0.9989699,0.9977752566337585,1
fall-21-cam0-rgb,data/keypoints/fall/fall-21-cam0-rgb.npz,25,54,1,42,1,0.99949014,0.9977752566337585,1
fall-21-cam0-rgb,data/keypoints/fall/fall-21-cam0-rgb.npz,26,55,1,42,1,0.9996817,0.9977752566337585,1
fall-23-cam0-rgb,data/keypoints/fall/fall-23-cam0-rgb.npz,1,30,0,42,1,0.00078503316,0.9977752566337585,0
fall-23-cam0-rgb,data/keypoints/fall/fall-23-cam0-rgb.npz,2,31,0,42,1,0.00077990035,0.9977752566337585,0
fall-23-cam0-rgb,data/keypoints/fall/fall-23-cam0-rgb.npz,3,32,0,42,1,0.00077607157,0.9977752566337585,0
fall-23-cam0-rgb,data/keypoints/fall/fall-23-cam0-rgb.npz,4,33,0,42,1,0.0007729167,0.9977752566337585,0
fall-23-cam0-rgb,data/keypoints/fall/fall-23-cam0-rgb.npz,5,34,0,42,1,0.00077065435,0.9977752566337585,0
fall-23-cam0-rgb,data/keypoints/fall/fall-23-cam0-rgb.npz,6,35,0,42,1,0.00076888804,0.9977752566337585,0
fall-23-cam0-rgb,data/keypoints/fall/fall-23-cam0-rgb.npz,7,36,0,42,1,0.0007681469,0.9977752566337585,0
fall-23-cam0-rgb,data/keypoints/fall/fall-23-cam0-rgb.npz,8,37,0,42,1,0.0007678725,0.9977752566337585,0
fall-23-cam0-rgb,data/keypoints/fall/fall-23-cam0-rgb.npz,9,38,0,42,1,0.00076557527,0.9977752566337585,0
fall-23-cam0-rgb,data/keypoints/fall/fall-23-cam0-rgb.npz,10,39,0,42,1,0.0007588881,0.9977752566337585,0
fall-23-cam0-rgb,data/keypoints/fall/fall-23-cam0-rgb.npz,11,40,0,42,1,0.0007410672,0.9977752566337585,0
fall-23-cam0-rgb,data/keypoints/fall/fall-23-cam0-rgb.npz,12,41,0,42,1,0.016673138,0.9977752566337585,0
fall-23-cam0-rgb,data/keypoints/fall/fall-23-cam0-rgb.npz,13,42,0,42,1,0.046459828,0.9977752566337585,0
fall-23-cam0-rgb,data/keypoints/fall/fall-23-cam0-rgb.npz,14,43,0,42,1,0.10808847,0.9977752566337585,0
fall-23-cam0-rgb,data/keypoints/fall/fall-23-cam0-rgb.npz,15,44,0,42,1,0.17267825,0.9977752566337585,0
fall-23-cam0-rgb,data/keypoints/fall/fall-23-cam0-rgb.npz,16,45,0,42,1,0.19914664,0.9977752566337585,0
fall-23-cam0-rgb,data/keypoints/fall/fall-23-cam0-rgb.npz,17,46,0,42,1,0.2898355,0.9977752566337585,0
fall-23-cam0-rgb,data/keypoints/fall/fall-23-cam0-rgb.npz,18,47,0,42,1,0.68547773,0.9977752566337585,0
fall-23-cam0-rgb,data/keypoints/fall/fall-23-cam0-rgb.npz,19,48,0,42,1,0.81570077,0.9977752566337585,0
fall-23-cam0-rgb,data/keypoints/fall/fall-23-cam0-rgb.npz,20,49,0,42,1,0.9060906,0.9977752566337585,0
fall-23-cam0-rgb,data/keypoints/fall/fall-23-cam0-rgb.npz,21,50,0,42,1,0.94775397,0.9977752566337585,0
fall-23-cam0-rgb,data/keypoints/fall/fall-23-cam0-rgb.npz,22,51,0,42,1,0.9710614,0.9977752566337585,0
fall-23-cam0-rgb,data/keypoints/fall/fall-23-cam0-rgb.npz,23,52,0,42,1,0.9853512,0.9977752566337585,0
fall-23-cam0-rgb,data/keypoints/fall/fall-23-cam0-rgb.npz,24,53,0,42,1,0.99233717,0.9977752566337585,0
fall-23-cam0-rgb,data/keypoints/fall/fall-23-cam0-rgb.npz,25,54,0,42,1,0.9954209,0.9977752566337585,0
fall-23-cam0-rgb,data/keypoints/fall/fall-23-cam0-rgb.npz,26,55,0,42,1,0.9971724,0.9977752566337585,0
fall-23-cam0-rgb,data/keypoints/fall/fall-23-cam0-rgb.npz,28,57,1,42,1,0.99892527,0.9977752566337585,1
fall-23-cam0-rgb,data/keypoints/fall/fall-23-cam0-rgb.npz,29,58,1,42,1,0.99949956,0.9977752566337585,1
fall-23-cam0-rgb,data/keypoints/fall/fall-23-cam0-rgb.npz,30,59,1,42,1,0.99970394,0.9977752566337585,1
fall-23-cam0-rgb,data/keypoints/fall/fall-23-cam0-rgb.npz,31,60,1,42,1,0.9998223,0.9977752566337585,1
fall-23-cam0-rgb,data/keypoints/fall/fall-23-cam0-rgb.npz,32,61,1,42,1,0.9999026,0.9977752566337585,1
fall-23-cam0-rgb,data/keypoints/fall/fall-23-cam0-rgb.npz,33,62,1,42,1,0.999907,0.9977752566337585,1
fall-23-cam0-rgb,data/keypoints/fall/fall-23-cam0-rgb.npz,34,63,1,42,1,0.99990773,0.9977752566337585,1
fall-23-cam0-rgb,data/keypoints/fall/fall-23-cam0-rgb.npz,35,64,1,42,1,0.9999081,0.9977752566337585,1
fall-23-cam0-rgb,data/keypoints/fall/fall-23-cam0-rgb.npz,36,65,1,42,1,0.99990785,0.9977752566337585,1
fall-23-cam0-rgb,data/keypoints/fall/fall-23-cam0-rgb.npz,37,66,1,42,1,0.9999075,0.9977752566337585,1
fall-23-cam0-rgb,data/keypoints/fall/fall-23-cam0-rgb.npz,38,67,1,42,1,0.999908,0.9977752566337585,1
fall-23-cam0-rgb,data/keypoints/fall/fall-23-cam0-rgb.npz,39,68,1,42,1,0.9999076,0.9977752566337585,1
fall-23-cam0-rgb,data/keypoints/fall/fall-23-cam0-rgb.npz,40,69,1,42,1,0.9999076,0.9977752566337585,1
fall-23-cam0-rgb,data/keypoints/fall/fall-23-cam0-rgb.npz,41,70,1,42,1,0.99990773,0.9977752566337585,1
fall-23-cam0-rgb,data/keypoints/fall/fall-23-cam0-rgb.npz,42,71,1,42,1,0.9999075,0.9977752566337585,1
fall-23-cam0-rgb,data/keypoints/fall/fall-23-cam0-rgb.npz,43,72,1,42,1,0.99990714,0.9977752566337585,1
fall-23-cam0-rgb,data/keypoints/fall/fall-23-cam0-rgb.npz,44,73,1,42,1,0.9999069,0.9977752566337585,1
fall-23-cam0-rgb,data/keypoints/fall/fall-23-cam0-rgb.npz,45,74,1,42,1,0.999907,0.9977752566337585,1
fall-23-cam0-rgb,data/keypoints/fall/fall-23-cam0-rgb.npz,46,75,1,42,1,0.9999068,0.9977752566337585,1
fall-27-cam0-rgb,data/keypoints/fall/fall-27-cam0-rgb.npz,1,30,0,42,1,0.00078558474,0.9977752566337585,0
fall-27-cam0-rgb,data/keypoints/fall/fall-27-cam0-rgb.npz,2,31,0,42,1,0.0007783285,0.9977752566337585,0
fall-27-cam0-rgb,data/keypoints/fall/fall-27-cam0-rgb.npz,3,32,0,42,1,0.0007706192,0.9977752566337585,0
fall-27-cam0-rgb,data/keypoints/fall/fall-27-cam0-rgb.npz,4,33,0,42,1,0.00076252903,0.9977752566337585,0
fall-27-cam0-rgb,data/keypoints/fall/fall-27-cam0-rgb.npz,5,34,0,42,1,0.00075329293,0.9977752566337585,0
fall-27-cam0-rgb,data/keypoints/fall/fall-27-cam0-rgb.npz,6,35,0,42,1,0.0007440963,0.9977752566337585,0
fall-27-cam0-rgb,data/keypoints/fall/fall-27-cam0-rgb.npz,7,36,0,42,1,0.00073415233,0.9977752566337585,0
fall-27-cam0-rgb,data/keypoints/fall/fall-27-cam0-rgb.npz,8,37,0,42,1,0.00072250585,0.9977752566337585,0
fall-27-cam0-rgb,data/keypoints/fall/fall-27-cam0-rgb.npz,9,38,0,42,1,0.0007095325,0.9977752566337585,0
fall-27-cam0-rgb,data/keypoints/fall/fall-27-cam0-rgb.npz,10,39,0,42,1,0.0006969414,0.9977752566337585,0
fall-27-cam0-rgb,data/keypoints/fall/fall-27-cam0-rgb.npz,11,40,0,42,1,0.00068188424,0.9977752566337585,0
fall-27-cam0-rgb,data/keypoints/fall/fall-27-cam0-rgb.npz,12,41,0,42,1,0.0006657271,0.9977752566337585,0
fall-27-cam0-rgb,data/keypoints/fall/fall-27-cam0-rgb.npz,13,42,0,42,1,0.00065003365,0.9977752566337585,0
fall-27-cam0-rgb,data/keypoints/fall/fall-27-cam0-rgb.npz,14,43,0,42,1,0.0006328793,0.9977752566337585,0
fall-27-cam0-rgb,data/keypoints/fall/fall-27-cam0-rgb.npz,15,44,0,42,1,0.00061634945,0.9977752566337585,0
fall-27-cam0-rgb,data/keypoints/fall/fall-27-cam0-rgb.npz,16,45,0,42,1,0.0006004287,0.9977752566337585,0
fall-27-cam0-rgb,data/keypoints/fall/fall-27-cam0-rgb.npz,17,46,0,42,1,0.00058538426,0.9977752566337585,0
fall-27-cam0-rgb,data/keypoints/fall/fall-27-cam0-rgb.npz,18,47,0,42,1,0.0005687366,0.9977752566337585,0
fall-27-cam0-rgb,data/keypoints/fall/fall-27-cam0-rgb.npz,19,48,0,42,1,0.0005542223,0.9977752566337585,0
fall-27-cam0-rgb,data/keypoints/fall/fall-27-cam0-rgb.npz,20,49,0,42,1,0.00053986616,0.9977752566337585,0
fall-27-cam0-rgb,data/keypoints/fall/fall-27-cam0-rgb.npz,21,50,0,42,1,0.00052746484,0.9977752566337585,0
fall-27-cam0-rgb,data/keypoints/fall/fall-27-cam0-rgb.npz,22,51,0,42,1,0.00051473797,0.9977752566337585,0
fall-27-cam0-rgb,data/keypoints/fall/fall-27-cam0-rgb.npz,23,52,0,42,1,0.0005025092,0.9977752566337585,0
fall-27-cam0-rgb,data/keypoints/fall/fall-27-cam0-rgb.npz,24,53,0,42,1,0.00048936525,0.9977752566337585,0
fall-27-cam0-rgb,data/keypoints/fall/fall-27-cam0-rgb.npz,25,54,0,42,1,0.00047626207,0.9977752566337585,0
fall-27-cam0-rgb,data/keypoints/fall/fall-27-cam0-rgb.npz,26,55,0,42,1,0.00046189994,0.9977752566337585,0
fall-27-cam0-rgb,data/keypoints/fall/fall-27-cam0-rgb.npz,27,56,0,42,1,0.0004463343,0.9977752566337585,0
fall-27-cam0-rgb,data/keypoints/fall/fall-27-cam0-rgb.npz,28,57,0,42,1,0.00042937582,0.9977752566337585,0
fall-27-cam0-rgb,data/keypoints/fall/fall-27-cam0-rgb.npz,29,58,0,42,1,0.0004111682,0.9977752566337585,0
fall-27-cam0-rgb,data/keypoints/fall/fall-27-cam0-rgb.npz,30,59,0,42,1,0.00039164472,0.9977752566337585,0
fall-27-cam0-rgb,data/keypoints/fall/fall-27-cam0-rgb.npz,31,60,0,42,1,0.0003693527,0.9977752566337585,0
fall-27-cam0-rgb,data/keypoints/fall/fall-27-cam0-rgb.npz,32,61,0,42,1,0.00034898997,0.9977752566337585,0
fall-27-cam0-rgb,data/keypoints/fall/fall-27-cam0-rgb.npz,33,62,0,42,1,0.00032941392,0.9977752566337585,0
fall-27-cam0-rgb,data/keypoints/fall/fall-27-cam0-rgb.npz,34,63,0,42,1,0.0003105013,0.9977752566337585,0
fall-27-cam0-rgb,data/keypoints/fall/fall-27-cam0-rgb.npz,35,64,0,42,1,0.00029472326,0.9977752566337585,0
fall-27-cam0-rgb,data/keypoints/fall/fall-27-cam0-rgb.npz,36,65,0,42,1,0.0002811095,0.9977752566337585,0
fall-27-cam0-rgb,data/keypoints/fall/fall-27-cam0-rgb.npz,37,66,0,42,1,0.00026935744,0.9977752566337585,0
fall-27-cam0-rgb,data/keypoints/fall/fall-27-cam0-rgb.npz,38,67,0,42,1,0.00026020381,0.9977752566337585,0
fall-27-cam0-rgb,data/keypoints/fall/fall-27-cam0-rgb.npz,39,68,0,42,1,0.00025246703,0.9977752566337585,0
fall-27-cam0-rgb,data/keypoints/fall/fall-27-cam0-rgb.npz,40,69,0,42,1,0.00024590018,0.9977752566337585,0
fall-27-cam0-rgb,data/keypoints/fall/fall-27-cam0-rgb.npz,41,70,0,42,1,0.00024023754,0.9977752566337585,0
fall-27-cam0-rgb,data/keypoints/fall/fall-27-cam0-rgb.npz,42,71,0,42,1,0.00023559362,0.9977752566337585,0
fall-27-cam0-rgb,data/keypoints/fall/fall-27-cam0-rgb.npz,43,72,0,42,1,0.7577756,0.9977752566337585,0
fall-27-cam0-rgb,data/keypoints/fall/fall-27-cam0-rgb.npz,44,73,0,42,1,0.95249164,0.9977752566337585,0
fall-27-cam0-rgb,data/keypoints/fall/fall-27-cam0-rgb.npz,45,74,0,42,1,0.9820223,0.9977752566337585,0
fall-27-cam0-rgb,data/keypoints/fall/fall-27-cam0-rgb.npz,46,75,0,42,1,0.9967355,0.9977752566337585,0
fall-27-cam0-rgb,data/keypoints/fall/fall-27-cam0-rgb.npz,47,76,0,42,1,0.9981883,0.9977752566337585,1
fall-27-cam0-rgb,data/keypoints/fall/fall-27-cam0-rgb.npz,48,77,0,42,1,0.9990482,0.9977752566337585,1
fall-27-cam0-rgb,data/keypoints/fall/fall-27-cam0-rgb.npz,49,78,0,42,1,0.99953735,0.9977752566337585,1
fall-27-cam0-rgb,data/keypoints/fall/fall-27-cam0-rgb.npz,50,79,0,42,1,0.9997255,0.9977752566337585,1
fall-27-cam0-rgb,data/keypoints/fall/fall-27-cam0-rgb.npz,52,81,1,42,1,0.99989176,0.9977752566337585,1
fall-27-cam0-rgb,data/keypoints/fall/fall-27-cam0-rgb.npz,53,82,1,42,1,0.99990404,0.9977752566337585,1
fall-27-cam0-rgb,data/keypoints/fall/fall-27-cam0-rgb.npz,54,83,1,42,1,0.99990714,0.9977752566337585,1
fall-27-cam0-rgb,data/keypoints/fall/fall-27-cam0-rgb.npz,55,84,1,42,1,0.99990785,0.9977752566337585,1
fall-27-cam0-rgb,data/keypoints/fall/fall-27-cam0-rgb.npz,56,85,1,42,1,0.9999081,0.9977752566337585,1
fall-27-cam0-rgb,data/keypoints/fall/fall-27-cam0-rgb.npz,57,86,1,42,1,0.9999083,0.9977752566337585,1
fall-27-cam0-rgb,data/keypoints/fall/fall-27-cam0-rgb.npz,58,87,1,42,1,0.99990845,0.9977752566337585,1
fall-27-cam0-rgb,data/keypoints/fall/fall-27-cam0-rgb.npz,59,88,1,42,1,0.9999087,0.9977752566337585,1
fall-27-cam0-rgb,data/keypoints/fall/fall-27-cam0-rgb.npz,60,89,1,42,1,0.9999088,0.9977752566337585,1
fall-27-cam0-rgb,data/keypoints/fall/fall-27-cam0-rgb.npz,61,90,1,42,1,0.9999089,0.9977752566337585,1
fall-27-cam0-rgb,data/keypoints/fall/fall-27-cam0-rgb.npz,62,91,1,42,1,0.99990904,0.9977752566337585,1
fall-27-cam0-rgb,data/keypoints/fall/fall-27-cam0-rgb.npz,63,92,1,42,1,0.99990916,0.9977752566337585,1
adl-03-cam0-rgb,data/keypoints/adl/adl-03-cam0-rgb.npz,1,30,0,42,2,6.729709e-05,0.8294317126274109,0
adl-03-cam0-rgb,data/keypoints/adl/adl-03-cam0-rgb.npz,2,31,0,42,2,6.6985995e-05,0.8294317126274109,0
adl-03-cam0-rgb,data/keypoints/adl/adl-03-cam0-rgb.npz,3,32,0,42,2,6.65675e-05,0.8294317126274109,0
adl-03-cam0-rgb,data/keypoints/adl/adl-03-cam0-rgb.npz,4,33,0,42,2,6.614765e-05,0.8294317126274109,0
adl-03-cam0-rgb,data/keypoints/adl/adl-03-cam0-rgb.npz,5,34,0,42,2,6.574516e-05,0.8294317126274109,0
adl-03-cam0-rgb,data/keypoints/adl/adl-03-cam0-rgb.npz,6,35,0,42,2,6.539326e-05,0.8294317126274109,0
adl-03-cam0-rgb,data/keypoints/adl/adl-03-cam0-rgb.npz,7,36,0,42,2,6.4890715e-05,0.8294317126274109,0
adl-03-cam0-rgb,data/keypoints/adl/adl-03-cam0-rgb.npz,8,37,0,42,2,6.429287e-05,0.8294317126274109,0
adl-03-cam0-rgb,data/keypoints/adl/adl-03-cam0-rgb.npz,9,38,0,42,2,6.375991e-05,0.8294317126274109,0
adl-03-cam0-rgb,data/keypoints/adl/adl-03-cam0-rgb.npz,10,39,0,42,2,6.327896e-05,0.8294317126274109,0
adl-03-cam0-rgb,data/keypoints/adl/adl-03-cam0-rgb.npz,11,40,0,42,2,6.2651736e-05,0.8294317126274109,0
adl-03-cam0-rgb,data/keypoints/adl/adl-03-cam0-rgb.npz,12,41,0,42,2,6.172007e-05,0.8294317126274109,0
adl-03-cam0-rgb,data/keypoints/adl/adl-03-cam0-rgb.npz,13,42,0,42,2,6.0730643e-05,0.8294317126274109,0
adl-03-cam0-rgb,data/keypoints/adl/adl-03-cam0-rgb.npz,14,43,0,42,2,5.9703118e-05,0.8294317126274109,0
adl-03-cam0-rgb,data/keypoints/adl/adl-03-cam0-rgb.npz,15,44,0,42,2,5.8697413e-05,0.8294317126274109,0
adl-03-cam0-rgb,data/keypoints/adl/adl-03-cam0-rgb.npz,16,45,0,42,2,5.7483994e-05,0.8294317126274109,0
adl-03-cam0-rgb,data/keypoints/adl/adl-03-cam0-rgb.npz,17,46,0,42,2,5.6183737e-05,0.8294317126274109,0
adl-03-cam0-rgb,data/keypoints/adl/adl-03-cam0-rgb.npz,18,47,0,42,2,5.505451e-05,0.8294317126274109,0
adl-03-cam0-rgb,data/keypoints/adl/adl-03-cam0-rgb.npz,19,48,0,42,2,5.4025768e-05,0.8294317126274109,0
adl-03-cam0-rgb,data/keypoints/adl/adl-03-cam0-rgb.npz,20,49,0,42,2,5.293022e-05,0.8294317126274109,0
adl-03-cam0-rgb,data/keypoints/adl/adl-03-cam0-rgb.npz,21,50,0,42,2,5.1819014e-05,0.8294317126274109,0
adl-03-cam0-rgb,data/keypoints/adl/adl-03-cam0-rgb.npz,22,51,0,42,2,5.064404e-05,0.8294317126274109,0
adl-03-cam0-rgb,data/keypoints/adl/adl-03-cam0-rgb.npz,23,52,0,42,2,4.9453854e-05,0.8294317126274109,0
adl-03-cam0-rgb,data/keypoints/adl/adl-03-cam0-rgb.npz,24,53,0,42,2,4.8149228e-05,0.8294317126274109,0
adl-03-cam0-rgb,data/keypoints/adl/adl-03-cam0-rgb.npz,25,54,0,42,2,4.641598e-05,0.8294317126274109,0
adl-03-cam0-rgb,data/keypoints/adl/adl-03-cam0-rgb.npz,26,55,0,42,2,4.4542594e-05,0.8294317126274109,0
adl-03-cam0-rgb,data/keypoints/adl/adl-03-cam0-rgb.npz,27,56,0,42,2,4.2501666e-05,0.8294317126274109,0
adl-03-cam0-rgb,data/keypoints/adl/adl-03-cam0-rgb.npz,28,57,0,42,2,4.0334035e-05,0.8294317126274109,0
adl-03-cam0-rgb,data/keypoints/adl/adl-03-cam0-rgb.npz,29,58,0,42,2,3.7944577e-05,0.8294317126274109,0
adl-03-cam0-rgb,data/keypoints/adl/adl-03-cam0-rgb.npz,30,59,0,42,2,3.558241e-05,0.8294317126274109,0
adl-03-cam0-rgb,data/keypoints/adl/adl-03-cam0-rgb.npz,31,60,0,42,2,3.2772637e-05,0.8294317126274109,0
adl-03-cam0-rgb,data/keypoints/adl/adl-03-cam0-rgb.npz,32,61,0,42,2,2.9917102e-05,0.8294317126274109,0
adl-03-cam0-rgb,data/keypoints/adl/adl-03-cam0-rgb.npz,33,62,0,42,2,2.7403139e-05,0.8294317126274109,0
adl-03-cam0-rgb,data/keypoints/adl/adl-03-cam0-rgb.npz,34,63,0,42,2,2.5277146e-05,0.8294317126274109,0
adl-03-cam0-rgb,data/keypoints/adl/adl-03-cam0-rgb.npz,35,64,0,42,2,2.3743907e-05,0.8294317126274109,0
adl-03-cam0-rgb,data/keypoints/adl/adl-03-cam0-rgb.npz,36,65,0,42,2,2.253227e-05,0.8294317126274109,0
adl-03-cam0-rgb,data/keypoints/adl/adl-03-cam0-rgb.npz,37,66,0,42,2,2.15988e-05,0.8294317126274109,0
adl-03-cam0-rgb,data/keypoints/adl/adl-03-cam0-rgb.npz,38,67,0,42,2,2.0885991e-05,0.8294317126274109,0
adl-03-cam0-rgb,data/keypoints/adl/adl-03-cam0-rgb.npz,39,68,0,42,2,2.04028e-05,0.8294317126274109,0
adl-03-cam0-rgb,data/keypoints/adl/adl-03-cam0-rgb.npz,40,69,0,42,2,2.0079386e-05,0.8294317126274109,0
adl-03-cam0-rgb,data/keypoints/adl/adl-03-cam0-rgb.npz,41,70,0,42,2,1.983333e-05,0.8294317126274109,0
adl-03-cam0-rgb,data/keypoints/adl/adl-03-cam0-rgb.npz,42,71,0,42,2,1.9639769e-05,0.8294317126274109,0
adl-03-cam0-rgb,data/keypoints/adl/adl-03-cam0-rgb.npz,43,72,0,42,2,1.9506566e-05,0.8294317126274109,0
adl-03-cam0-rgb,data/keypoints/adl/adl-03-cam0-rgb.npz,44,73,0,42,2,1.941746e-05,0.8294317126274109,0
adl-03-cam0-rgb,data/keypoints/adl/adl-03-cam0-rgb.npz,45,74,0,42,2,1.9398765e-05,0.8294317126274109,0
adl-03-cam0-rgb,data/keypoints/adl/adl-03-cam0-rgb.npz,46,75,0,42,2,1.9424146e-05,0.8294317126274109,0
adl-03-cam0-rgb,data/keypoints/adl/adl-03-cam0-rgb.npz,47,76,0,42,2,1.9484443e-05,0.8294317126274109,0
adl-03-cam0-rgb,data/keypoints/adl/adl-03-cam0-rgb.npz,48,77,0,42,2,1.9630274e-05,0.8294317126274109,0
adl-03-cam0-rgb,data/keypoints/adl/adl-03-cam0-rgb.npz,49,78,0,42,2,1.976807e-05,0.8294317126274109,0
adl-03-cam0-rgb,data/keypoints/adl/adl-03-cam0-rgb.npz,50,79,0,42,2,1.9953553e-05,0.8294317126274109,0
adl-03-cam0-rgb,data/keypoints/adl/adl-03-cam0-rgb.npz,51,80,0,42,2,2.0167605e-05,0.8294317126274109,0
adl-03-cam0-rgb,data/keypoints/adl/adl-03-cam0-rgb.npz,52,81,0,42,2,2.0437114e-05,0.8294317126274109,0
adl-03-cam0-rgb,data/keypoints/adl/adl-03-cam0-rgb.npz,53,82,0,42,2,2.0768388e-05,0.8294317126274109,0
adl-03-cam0-rgb,data/keypoints/adl/adl-03-cam0-rgb.npz,54,83,0,42,2,2.1127993e-05,0.8294317126274109,0
adl-03-cam0-rgb,data/keypoints/adl/adl-03-cam0-rgb.npz,55,84,0,42,2,2.1511723e-05,0.8294317126274109,0
adl-03-cam0-rgb,data/keypoints/adl/adl-03-cam0-rgb.npz,56,85,0,42,2,2.1882588e-05,0.8294317126274109,0
adl-03-cam0-rgb,data/keypoints/adl/adl-03-cam0-rgb.npz,57,86,0,42,2,2.2241855e-05,0.8294317126274109,0
adl-03-cam0-rgb,data/keypoints/adl/adl-03-cam0-rgb.npz,58,87,0,42,2,2.2569517e-05,0.8294317126274109,0
adl-03-cam0-rgb,data/keypoints/adl/adl-03-cam0-rgb.npz,59,88,0,42,2,2.2928622e-05,0.8294317126274109,0
adl-03-cam0-rgb,data/keypoints/adl/adl-03-cam0-rgb.npz,60,89,0,42,2,2.326467e-05,0.8294317126274109,0
adl-03-cam0-rgb,data/keypoints/adl/adl-03-cam0-rgb.npz,61,90,0,42,2,2.3646357e-05,0.8294317126274109,0
adl-03-cam0-rgb,data/keypoints/adl/adl-03-cam0-rgb.npz,62,91,0,42,2,2.4054689e-05,0.8294317126274109,0
adl-03-cam0-rgb,data/keypoints/adl/adl-03-cam0-rgb.npz,63,92,0,42,2,2.4528645e-05,0.8294317126274109,0
adl-03-cam0-rgb,data/keypoints/adl/adl-03-cam0-rgb.npz,64,93,0,42,2,2.5082263e-05,0.8294317126274109,0
adl-03-cam0-rgb,data/keypoints/adl/adl-03-cam0-rgb.npz,65,94,0,42,2,2.5693365e-05,0.8294317126274109,0
adl-03-cam0-rgb,data/keypoints/adl/adl-03-cam0-rgb.npz,66,95,0,42,2,2.6356585e-05,0.8294317126274109,0
adl-03-cam0-rgb,data/keypoints/adl/adl-03-cam0-rgb.npz,67,96,0,42,2,2.705529e-05,0.8294317126274109,0
adl-03-cam0-rgb,data/keypoints/adl/adl-03-cam0-rgb.npz,68,97,0,42,2,2.7700728e-05,0.8294317126274109,0
adl-03-cam0-rgb,data/keypoints/adl/adl-03-cam0-rgb.npz,69,98,0,42,2,2.831926e-05,0.8294317126274109,0
adl-03-cam0-rgb,data/keypoints/adl/adl-03-cam0-rgb.npz,70,99,0,42,2,2.1583768e-05,0.8294317126274109,0
adl-03-cam0-rgb,data/keypoints/adl/adl-03-cam0-rgb.npz,71,100,0,42,2,2.153545e-05,0.8294317126274109,0
adl-03-cam0-rgb,data/keypoints/adl/adl-03-cam0-rgb.npz,72,101,0,42,2,2.1754648e-05,0.8294317126274109,0
adl-03-cam0-rgb,data/keypoints/adl/adl-03-cam0-rgb.npz,73,102,0,42,2,2.1987958e-05,0.8294317126274109,0
adl-03-cam0-rgb,data/keypoints/adl/adl-03-cam0-rgb.npz,74,103,0,42,2,2.2219087e-05,0.8294317126274109,0
adl-03-cam0-rgb,data/keypoints/adl/adl-03-cam0-rgb.npz,75,104,0,42,2,2.2441964e-05,0.8294317126274109,0
adl-03-cam0-rgb,data/keypoints/adl/adl-03-cam0-rgb.npz,76,105,0,42,2,2.2663793e-05,0.8294317126274109,0
adl-03-cam0-rgb,data/keypoints/adl/adl-03-cam0-rgb.npz,77,106,0,42,2,2.2885804e-05,0.8294317126274109,0
adl-03-cam0-rgb,data/keypoints/adl/adl-03-cam0-rgb.npz,78,107,0,42,2,2.3104658e-05,0.8294317126274109,0
adl-03-cam0-rgb,data/keypoints/adl/adl-03-cam0-rgb.npz,79,108,0,42,2,2.3316265e-05,0.8294317126274109,0
adl-03-cam0-rgb,data/keypoints/adl/adl-03-cam0-rgb.npz,80,109,0,42,2,2.352106e-05,0.8294317126274109,0
adl-03-cam0-rgb,data/keypoints/adl/adl-03-cam0-rgb.npz,81,110,0,42,2,2.372469e-05,0.8294317126274109,0
adl-03-cam0-rgb,data/keypoints/adl/adl-03-cam0-rgb.npz,82,111,0,42,2,2.3924604e-05,0.8294317126274109,0
adl-03-cam0-rgb,data/keypoints/adl/adl-03-cam0-rgb.npz,83,112,0,42,2,2.4119376e-05,0.8294317126274109,0
adl-03-cam0-rgb,data/keypoints/adl/adl-03-cam0-rgb.npz,84,113,0,42,2,2.4292964e-05,0.8294317126274109,0
adl-03-cam0-rgb,data/keypoints/adl/adl-03-cam0-rgb.npz,85,114,0,42,2,2.4457217e-05,0.8294317126274109,0
adl-03-cam0-rgb,data/keypoints/adl/adl-03-cam0-rgb.npz,86,115,0,42,2,2.4606617e-05,0.8294317126274109,0
adl-03-cam0-rgb,data/keypoints/adl/adl-03-cam0-rgb.npz,87,116,0,42,2,2.473635e-05,0.8294317126274109,0
adl-03-cam0-rgb,data/keypoints/adl/adl-03-cam0-rgb.npz,88,117,0,42,2,2.4861783e-05,0.8294317126274109,0
adl-03-cam0-rgb,data/keypoints/adl/adl-03-cam0-rgb.npz,89,118,0,42,2,2.4971378e-05,0.8294317126274109,0
adl-03-cam0-rgb,data/keypoints/adl/adl-03-cam0-rgb.npz,90,119,0,42,2,2.5079129e-05,0.8294317126274109,0
adl-03-cam0-rgb,data/keypoints/adl/adl-03-cam0-rgb.npz,91,120,0,42,2,2.5175337e-05,0.8294317126274109,0
adl-03-cam0-rgb,data/keypoints/adl/adl-03-cam0-rgb.npz,92,121,0,42,2,2.5263844e-05,0.8294317126274109,0
adl-03-cam0-rgb,data/keypoints/adl/adl-03-cam0-rgb.npz,93,122,0,42,2,2.5362866e-05,0.8294317126274109,0
adl-03-cam0-rgb,data/keypoints/adl/adl-03-cam0-rgb.npz,94,123,0,42,2,2.5440942e-05,0.8294317126274109,0
adl-03-cam0-rgb,data/keypoints/adl/adl-03-cam0-rgb.npz,95,124,0,42,2,2.5517797e-05,0.8294317126274109,0
adl-03-cam0-rgb,data/keypoints/adl/adl-03-cam0-rgb.npz,96,125,0,42,2,2.5588612e-05,0.8294317126274109,0
adl-03-cam0-rgb,data/keypoints/adl/adl-03-cam0-rgb.npz,97,126,0,42,2,2.5655147e-05,0.8294317126274109,0
adl-03-cam0-rgb,data/keypoints/adl/adl-03-cam0-rgb.npz,98,127,0,42,2,2.571474e-05,0.8294317126274109,0
adl-03-cam0-rgb,data/keypoints/adl/adl-03-cam0-rgb.npz,99,128,0,42,2,2.5776664e-05,0.8294317126274109,0
adl-03-cam0-rgb,data/keypoints/adl/adl-03-cam0-rgb.npz,100,129,0,42,2,2.582671e-05,0.8294317126274109,0
adl-03-cam0-rgb,data/keypoints/adl/adl-03-cam0-rgb.npz,101,130,0,42,2,2.5872467e-05,0.8294317126274109,0
adl-03-cam0-rgb,data/keypoints/adl/adl-03-cam0-rgb.npz,102,131,0,42,2,2.5913134e-05,0.8294317126274109,0
adl-03-cam0-rgb,data/keypoints/adl/adl-03-cam0-rgb.npz,103,132,0,42,2,2.59455e-05,0.8294317126274109,0
adl-03-cam0-rgb,data/keypoints/adl/adl-03-cam0-rgb.npz,104,133,0,42,2,2.5978505e-05,0.8294317126274109,0
adl-03-cam0-rgb,data/keypoints/adl/adl-03-cam0-rgb.npz,105,134,0,42,2,2.6012493e-05,0.8294317126274109,0
adl-03-cam0-rgb,data/keypoints/adl/adl-03-cam0-rgb.npz,106,135,0,42,2,2.60389e-05,0.8294317126274109,0
adl-03-cam0-rgb,data/keypoints/adl/adl-03-cam0-rgb.npz,107,136,0,42,2,2.6064017e-05,0.8294317126274109,0
adl-03-cam0-rgb,data/keypoints/adl/adl-03-cam0-rgb.npz,108,137,0,42,2,2.5332383e-05,0.8294317126274109,0
adl-03-cam0-rgb,data/keypoints/adl/adl-03-cam0-rgb.npz,109,138,0,42,2,2.5347825e-05,0.8294317126274109,0
adl-03-cam0-rgb,data/keypoints/adl/adl-03-cam0-rgb.npz,110,139,0,42,2,2.513815e-05,0.8294317126274109,0
adl-03-cam0-rgb,data/keypoints/adl/adl-03-cam0-rgb.npz,111,140,0,42,2,2.5050564e-05,0.8294317126274109,0
adl-03-cam0-rgb,data/keypoints/adl/adl-03-cam0-rgb.npz,112,141,0,42,2,2.5091831e-05,0.8294317126274109,0
adl-03-cam0-rgb,data/keypoints/adl/adl-03-cam0-rgb.npz,113,142,0,42,2,2.5124586e-05,0.8294317126274109,0
adl-03-cam0-rgb,data/keypoints/adl/adl-03-cam0-rgb.npz,114,143,0,42,2,2.5118667e-05,0.8294317126274109,0
adl-03-cam0-rgb,data/keypoints/adl/adl-03-cam0-rgb.npz,115,144,0,42,2,2.5126552e-05,0.8294317126274109,0
adl-03-cam0-rgb,data/keypoints/adl/adl-03-cam0-rgb.npz,116,145,0,42,2,2.4886693e-05,0.8294317126274109,0
adl-03-cam0-rgb,data/keypoints/adl/adl-03-cam0-rgb.npz,117,146,0,42,2,2.4881067e-05,0.8294317126274109,0
adl-03-cam0-rgb,data/keypoints/adl/adl-03-cam0-rgb.npz,118,147,0,42,2,2.4906922e-05,0.8294317126274109,0
adl-03-cam0-rgb,data/keypoints/adl/adl-03-cam0-rgb.npz,119,148,0,42,2,3.1049698e-05,0.8294317126274109,0
adl-03-cam0-rgb,data/keypoints/adl/adl-03-cam0-rgb.npz,120,149,0,42,2,2.9527595e-05,0.8294317126274109,0
adl-03-cam0-rgb,data/keypoints/adl/adl-03-cam0-rgb.npz,121,150,0,42,2,2.9508341e-05,0.8294317126274109,0
adl-03-cam0-rgb,data/keypoints/adl/adl-03-cam0-rgb.npz,122,151,0,42,2,2.9438328e-05,0.8294317126274109,0
adl-03-cam0-rgb,data/keypoints/adl/adl-03-cam0-rgb.npz,123,152,0,42,2,2.9445853e-05,0.8294317126274109,0
adl-03-cam0-rgb,data/keypoints/adl/adl-03-cam0-rgb.npz,124,153,0,42,2,2.9522274e-05,0.8294317126274109,0
adl-03-cam0-rgb,data/keypoints/adl/adl-03-cam0-rgb.npz,125,154,0,42,2,2.950668e-05,0.8294317126274109,0
adl-03-cam0-rgb,data/keypoints/adl/adl-03-cam0-rgb.npz,126,155,0,42,2,2.9541623e-05,0.8294317126274109,0
adl-03-cam0-rgb,data/keypoints/adl/adl-03-cam0-rgb.npz,127,156,0,42,2,2.935725e-05,0.8294317126274109,0
adl-03-cam0-rgb,data/keypoints/adl/adl-03-cam0-rgb.npz,128,157,0,42,2,2.9352492e-05,0.8294317126274109,0
adl-03-cam0-rgb,data/keypoints/adl/adl-03-cam0-rgb.npz,129,158,0,42,2,2.9151612e-05,0.8294317126274109,0
adl-03-cam0-rgb,data/keypoints/adl/adl-03-cam0-rgb.npz,130,159,0,42,2,2.9109471e-05,0.8294317126274109,0
adl-03-cam0-rgb,data/keypoints/adl/adl-03-cam0-rgb.npz,131,160,0,42,2,2.8981056e-05,0.8294317126274109,0
adl-03-cam0-rgb,data/keypoints/adl/adl-03-cam0-rgb.npz,132,161,0,42,2,2.8949014e-05,0.8294317126274109,0
adl-03-cam0-rgb,data/keypoints/adl/adl-03-cam0-rgb.npz,133,162,0,42,2,2.8995211e-05,0.8294317126274109,0
adl-03-cam0-rgb,data/keypoints/adl/adl-03-cam0-rgb.npz,134,163,0,42,2,2.9045828e-05,0.8294317126274109,0
adl-03-cam0-rgb,data/keypoints/adl/adl-03-cam0-rgb.npz,135,164,0,42,2,2.9034556e-05,0.8294317126274109,0
adl-03-cam0-rgb,data/keypoints/adl/adl-03-cam0-rgb.npz,136,165,0,42,2,3.042664e-05,0.8294317126274109,0
adl-03-cam0-rgb,data/keypoints/adl/adl-03-cam0-rgb.npz,137,166,0,42,2,3.0457813e-05,0.8294317126274109,0
adl-03-cam0-rgb,data/keypoints/adl/adl-03-cam0-rgb.npz,138,167,0,42,2,3.0460516e-05,0.8294317126274109,0
adl-03-cam0-rgb,data/keypoints/adl/adl-03-cam0-rgb.npz,139,168,0,42,2,3.0540305e-05,0.8294317126274109,0
adl-03-cam0-rgb,data/keypoints/adl/adl-03-cam0-rgb.npz,140,169,0,42,2,3.0753537e-05,0.8294317126274109,0
adl-03-cam0-rgb,data/keypoints/adl/adl-03-cam0-rgb.npz,141,170,0,42,2,3.0880314e-05,0.8294317126274109,0
adl-03-cam0-rgb,data/keypoints/adl/adl-03-cam0-rgb.npz,142,171,0,42,2,3.0985153e-05,0.8294317126274109,0
adl-03-cam0-rgb,data/keypoints/adl/adl-03-cam0-rgb.npz,143,172,0,42,2,3.1128147e-05,0.8294317126274109,0
adl-03-cam0-rgb,data/keypoints/adl/adl-03-cam0-rgb.npz,144,173,0,42,2,3.1209885e-05,0.8294317126274109,0
adl-03-cam0-rgb,data/keypoints/adl/adl-03-cam0-rgb.npz,145,174,0,42,2,3.13689e-05,0.8294317126274109,0
adl-03-cam0-rgb,data/keypoints/adl/adl-03-cam0-rgb.npz,146,175,0,42,2,3.1835625e-05,0.8294317126274109,0
adl-03-cam0-rgb,data/keypoints/adl/adl-03-cam0-rgb.npz,147,176,0,42,2,3.1415806e-05,0.8294317126274109,0
adl-03-cam0-rgb,data/keypoints/adl/adl-03-cam0-rgb.npz,148,177,0,42,2,3.1401672e-05,0.8294317126274109,0
adl-03-cam0-rgb,data/keypoints/adl/adl-03-cam0-rgb.npz,149,178,0,42,2,2.470622e-05,0.8294317126274109,0
adl-03-cam0-rgb,data/keypoints/adl/adl-03-cam0-rgb.npz,150,179,0,42,2,2.4668903e-05,0.8294317126274109,0
adl-03-cam0-rgb,data/keypoints/adl/adl-03-cam0-rgb.npz,151,180,0,42,2,2.4715648e-05,0.8294317126274109,0
adl-06-cam0-rgb,data/keypoints/adl/adl-06-cam0-rgb.npz,1,30,0,42,2,7.091329e-05,0.8294317126274109,0
adl-06-cam0-rgb,data/keypoints/adl/adl-06-cam0-rgb.npz,2,31,0,42,2,7.0796734e-05,0.8294317126274109,0
adl-06-cam0-rgb,data/keypoints/adl/adl-06-cam0-rgb.npz,3,32,0,42,2,7.064398e-05,0.8294317126274109,0
adl-06-cam0-rgb,data/keypoints/adl/adl-06-cam0-rgb.npz,4,33,0,42,2,7.044607e-05,0.8294317126274109,0
adl-06-cam0-rgb,data/keypoints/adl/adl-06-cam0-rgb.npz,5,34,0,42,2,7.027545e-05,0.8294317126274109,0
adl-06-cam0-rgb,data/keypoints/adl/adl-06-cam0-rgb.npz,6,35,0,42,2,7.01043e-05,0.8294317126274109,0
adl-06-cam0-rgb,data/keypoints/adl/adl-06-cam0-rgb.npz,7,36,0,42,2,6.9920294e-05,0.8294317126274109,0
adl-06-cam0-rgb,data/keypoints/adl/adl-06-cam0-rgb.npz,8,37,0,42,2,6.971776e-05,0.8294317126274109,0
adl-06-cam0-rgb,data/keypoints/adl/adl-06-cam0-rgb.npz,9,38,0,42,2,6.9595e-05,0.8294317126274109,0
adl-06-cam0-rgb,data/keypoints/adl/adl-06-cam0-rgb.npz,10,39,0,42,2,6.9513815e-05,0.8294317126274109,0
adl-06-cam0-rgb,data/keypoints/adl/adl-06-cam0-rgb.npz,11,40,0,42,2,6.941161e-05,0.8294317126274109,0
adl-06-cam0-rgb,data/keypoints/adl/adl-06-cam0-rgb.npz,12,41,0,42,2,6.928742e-05,0.8294317126274109,0
adl-06-cam0-rgb,data/keypoints/adl/adl-06-cam0-rgb.npz,13,42,0,42,2,6.9158625e-05,0.8294317126274109,0
adl-06-cam0-rgb,data/keypoints/adl/adl-06-cam0-rgb.npz,14,43,0,42,2,6.901434e-05,0.8294317126274109,0
adl-06-cam0-rgb,data/keypoints/adl/adl-06-cam0-rgb.npz,15,44,0,42,2,6.885184e-05,0.8294317126274109,0
adl-06-cam0-rgb,data/keypoints/adl/adl-06-cam0-rgb.npz,16,45,0,42,2,6.865051e-05,0.8294317126274109,0
adl-06-cam0-rgb,data/keypoints/adl/adl-06-cam0-rgb.npz,17,46,0,42,2,6.837642e-05,0.8294317126274109,0
adl-06-cam0-rgb,data/keypoints/adl/adl-06-cam0-rgb.npz,18,47,0,42,2,6.81152e-05,0.8294317126274109,0
adl-06-cam0-rgb,data/keypoints/adl/adl-06-cam0-rgb.npz,19,48,0,42,2,6.782819e-05,0.8294317126274109,0
adl-06-cam0-rgb,data/keypoints/adl/adl-06-cam0-rgb.npz,20,49,0,42,2,6.750335e-05,0.8294317126274109,0
adl-06-cam0-rgb,data/keypoints/adl/adl-06-cam0-rgb.npz,21,50,0,42,2,6.716964e-05,0.8294317126274109,0
adl-06-cam0-rgb,data/keypoints/adl/adl-06-cam0-rgb.npz,22,51,0,42,2,6.6860266e-05,0.8294317126274109,0
adl-06-cam0-rgb,data/keypoints/adl/adl-06-cam0-rgb.npz,23,52,0,42,2,6.6549095e-05,0.8294317126274109,0
adl-06-cam0-rgb,data/keypoints/adl/adl-06-cam0-rgb.npz,24,53,0,42,2,6.618607e-05,0.8294317126274109,0
adl-06-cam0-rgb,data/keypoints/adl/adl-06-cam0-rgb.npz,25,54,0,42,2,6.582088e-05,0.8294317126274109,0
adl-06-cam0-rgb,data/keypoints/adl/adl-06-cam0-rgb.npz,26,55,0,42,2,6.5573666e-05,0.8294317126274109,0
adl-06-cam0-rgb,data/keypoints/adl/adl-06-cam0-rgb.npz,27,56,0,42,2,6.5222426e-05,0.8294317126274109,0
adl-06-cam0-rgb,data/keypoints/adl/adl-06-cam0-rgb.npz,28,57,0,42,2,6.475984e-05,0.8294317126274109,0
adl-06-cam0-rgb,data/keypoints/adl/adl-06-cam0-rgb.npz,29,58,0,42,2,6.4293665e-05,0.8294317126274109,0
adl-06-cam0-rgb,data/keypoints/adl/adl-06-cam0-rgb.npz,30,59,0,42,2,6.378655e-05,0.8294317126274109,0
adl-06-cam0-rgb,data/keypoints/adl/adl-06-cam0-rgb.npz,31,60,0,42,2,6.325103e-05,0.8294317126274109,0
adl-06-cam0-rgb,data/keypoints/adl/adl-06-cam0-rgb.npz,32,61,0,42,2,6.265604e-05,0.8294317126274109,0
adl-06-cam0-rgb,data/keypoints/adl/adl-06-cam0-rgb.npz,33,62,0,42,2,6.2031686e-05,0.8294317126274109,0
adl-06-cam0-rgb,data/keypoints/adl/adl-06-cam0-rgb.npz,34,63,0,42,2,6.135945e-05,0.8294317126274109,0
adl-06-cam0-rgb,data/keypoints/adl/adl-06-cam0-rgb.npz,35,64,0,42,2,6.0576323e-05,0.8294317126274109,0
adl-06-cam0-rgb,data/keypoints/adl/adl-06-cam0-rgb.npz,36,65,0,42,2,5.966953e-05,0.8294317126274109,0
adl-06-cam0-rgb,data/keypoints/adl/adl-06-cam0-rgb.npz,37,66,0,42,2,5.887652e-05,0.8294317126274109,0
adl-06-cam0-rgb,data/keypoints/adl/adl-06-cam0-rgb.npz,38,67,0,42,2,5.8123023e-05,0.8294317126274109,0
adl-06-cam0-rgb,data/keypoints/adl/adl-06-cam0-rgb.npz,39,68,0,42,2,5.7333717e-05,0.8294317126274109,0
adl-06-cam0-rgb,data/keypoints/adl/adl-06-cam0-rgb.npz,40,69,0,42,2,5.6439454e-05,0.8294317126274109,0
adl-06-cam0-rgb,data/keypoints/adl/adl-06-cam0-rgb.npz,41,70,0,42,2,5.5694145e-05,0.8294317126274109,0
adl-06-cam0-rgb,data/keypoints/adl/adl-06-cam0-rgb.npz,42,71,0,42,2,5.501992e-05,0.8294317126274109,0
adl-06-cam0-rgb,data/keypoints/adl/adl-06-cam0-rgb.npz,43,72,0,42,2,5.4376986e-05,0.8294317126274109,0
adl-06-cam0-rgb,data/keypoints/adl/adl-06-cam0-rgb.npz,44,73,0,42,2,5.37412e-05,0.8294317126274109,0
adl-06-cam0-rgb,data/keypoints/adl/adl-06-cam0-rgb.npz,45,74,0,42,2,5.3205214e-05,0.8294317126274109,0
adl-06-cam0-rgb,data/keypoints/adl/adl-06-cam0-rgb.npz,46,75,0,42,2,5.2693715e-05,0.8294317126274109,0
adl-06-cam0-rgb,data/keypoints/adl/adl-06-cam0-rgb.npz,47,76,0,42,2,5.2306215e-05,0.8294317126274109,0
adl-06-cam0-rgb,data/keypoints/adl/adl-06-cam0-rgb.npz,48,77,0,42,2,5.1919425e-05,0.8294317126274109,0
adl-06-cam0-rgb,data/keypoints/adl/adl-06-cam0-rgb.npz,49,78,0,42,2,5.148236e-05,0.8294317126274109,0
adl-06-cam0-rgb,data/keypoints/adl/adl-06-cam0-rgb.npz,50,79,0,42,2,5.11024e-05,0.8294317126274109,0
adl-06-cam0-rgb,data/keypoints/adl/adl-06-cam0-rgb.npz,51,80,0,42,2,5.076308e-05,0.8294317126274109,0
adl-06-cam0-rgb,data/keypoints/adl/adl-06-cam0-rgb.npz,52,81,0,42,2,5.0331477e-05,0.8294317126274109,0
adl-06-cam0-rgb,data/keypoints/adl/adl-06-cam0-rgb.npz,53,82,0,42,2,4.9838e-05,0.8294317126274109,0
adl-06-cam0-rgb,data/keypoints/adl/adl-06-cam0-rgb.npz,54,83,0,42,2,4.933233e-05,0.8294317126274109,0
adl-06-cam0-rgb,data/keypoints/adl/adl-06-cam0-rgb.npz,55,84,0,42,2,4.883337e-05,0.8294317126274109,0
adl-06-cam0-rgb,data/keypoints/adl/adl-06-cam0-rgb.npz,56,85,0,42,2,4.828547e-05,0.8294317126274109,0
adl-06-cam0-rgb,data/keypoints/adl/adl-06-cam0-rgb.npz,57,86,0,42,2,4.773333e-05,0.8294317126274109,0
adl-06-cam0-rgb,data/keypoints/adl/adl-06-cam0-rgb.npz,58,87,0,42,2,4.7220277e-05,0.8294317126274109,0
adl-06-cam0-rgb,data/keypoints/adl/adl-06-cam0-rgb.npz,59,88,0,42,2,4.664138e-05,0.8294317126274109,0
adl-06-cam0-rgb,data/keypoints/adl/adl-06-cam0-rgb.npz,60,89,0,42,2,4.5882505e-05,0.8294317126274109,0
adl-06-cam0-rgb,data/keypoints/adl/adl-06-cam0-rgb.npz,61,90,0,42,2,4.5031968e-05,0.8294317126274109,0
adl-06-cam0-rgb,data/keypoints/adl/adl-06-cam0-rgb.npz,62,91,0,42,2,4.4254688e-05,0.8294317126274109,0
adl-06-cam0-rgb,data/keypoints/adl/adl-06-cam0-rgb.npz,63,92,0,42,2,4.3533393e-05,0.8294317126274109,0
adl-06-cam0-rgb,data/keypoints/adl/adl-06-cam0-rgb.npz,64,93,0,42,2,4.2678144e-05,0.8294317126274109,0
adl-06-cam0-rgb,data/keypoints/adl/adl-06-cam0-rgb.npz,65,94,0,42,2,4.1699248e-05,0.8294317126274109,0
adl-06-cam0-rgb,data/keypoints/adl/adl-06-cam0-rgb.npz,66,95,0,42,2,4.0906863e-05,0.8294317126274109,0
adl-06-cam0-rgb,data/keypoints/adl/adl-06-cam0-rgb.npz,67,96,0,42,2,4.0121613e-05,0.8294317126274109,0
adl-06-cam0-rgb,data/keypoints/adl/adl-06-cam0-rgb.npz,68,97,0,42,2,3.9482744e-05,0.8294317126274109,0
adl-06-cam0-rgb,data/keypoints/adl/adl-06-cam0-rgb.npz,69,98,0,42,2,3.8972976e-05,0.8294317126274109,0
adl-06-cam0-rgb,data/keypoints/adl/adl-06-cam0-rgb.npz,70,99,0,42,2,3.8571136e-05,0.8294317126274109,0
adl-06-cam0-rgb,data/keypoints/adl/adl-06-cam0-rgb.npz,71,100,0,42,2,3.8057497e-05,0.8294317126274109,0
adl-06-cam0-rgb,data/keypoints/adl/adl-06-cam0-rgb.npz,72,101,0,42,2,3.7336093e-05,0.8294317126274109,0
adl-06-cam0-rgb,data/keypoints/adl/adl-06-cam0-rgb.npz,73,102,0,42,2,3.6532918e-05,0.8294317126274109,0
adl-06-cam0-rgb,data/keypoints/adl/adl-06-cam0-rgb.npz,74,103,0,42,2,3.5641497e-05,0.8294317126274109,0
adl-06-cam0-rgb,data/keypoints/adl/adl-06-cam0-rgb.npz,75,104,0,42,2,3.4536195e-05,0.8294317126274109,0
adl-06-cam0-rgb,data/keypoints/adl/adl-06-cam0-rgb.npz,76,105,0,42,2,3.3228607e-05,0.8294317126274109,0
adl-06-cam0-rgb,data/keypoints/adl/adl-06-cam0-rgb.npz,77,106,0,42,2,3.1616757e-05,0.8294317126274109,0
adl-06-cam0-rgb,data/keypoints/adl/adl-06-cam0-rgb.npz,78,107,0,42,2,2.987989e-05,0.8294317126274109,0
adl-06-cam0-rgb,data/keypoints/adl/adl-06-cam0-rgb.npz,79,108,0,42,2,2.828221e-05,0.8294317126274109,0
adl-06-cam0-rgb,data/keypoints/adl/adl-06-cam0-rgb.npz,80,109,0,42,2,2.6857706e-05,0.8294317126274109,0
adl-06-cam0-rgb,data/keypoints/adl/adl-06-cam0-rgb.npz,81,110,0,42,2,2.5823583e-05,0.8294317126274109,0
adl-06-cam0-rgb,data/keypoints/adl/adl-06-cam0-rgb.npz,82,111,0,42,2,2.4931092e-05,0.8294317126274109,0
adl-06-cam0-rgb,data/keypoints/adl/adl-06-cam0-rgb.npz,83,112,0,42,2,2.3985967e-05,0.8294317126274109,0
adl-06-cam0-rgb,data/keypoints/adl/adl-06-cam0-rgb.npz,84,113,0,42,2,2.3196502e-05,0.8294317126274109,0
adl-06-cam0-rgb,data/keypoints/adl/adl-06-cam0-rgb.npz,85,114,0,42,2,2.2472375e-05,0.8294317126274109,0
adl-06-cam0-rgb,data/keypoints/adl/adl-06-cam0-rgb.npz,86,115,0,42,2,2.1953889e-05,0.8294317126274109,0
adl-06-cam0-rgb,data/keypoints/adl/adl-06-cam0-rgb.npz,87,116,0,42,2,2.1445561e-05,0.8294317126274109,0
adl-06-cam0-rgb,data/keypoints/adl/adl-06-cam0-rgb.npz,88,117,0,42,2,2.0974732e-05,0.8294317126274109,0
adl-06-cam0-rgb,data/keypoints/adl/adl-06-cam0-rgb.npz,89,118,0,42,2,2.0623933e-05,0.8294317126274109,0
adl-06-cam0-rgb,data/keypoints/adl/adl-06-cam0-rgb.npz,90,119,0,42,2,2.0329342e-05,0.8294317126274109,0
adl-06-cam0-rgb,data/keypoints/adl/adl-06-cam0-rgb.npz,91,120,0,42,2,2.0055139e-05,0.8294317126274109,0
adl-06-cam0-rgb,data/keypoints/adl/adl-06-cam0-rgb.npz,92,121,0,42,2,1.9979903e-05,0.8294317126274109,0
adl-06-cam0-rgb,data/keypoints/adl/adl-06-cam0-rgb.npz,93,122,0,42,2,1.9800163e-05,0.8294317126274109,0
adl-06-cam0-rgb,data/keypoints/adl/adl-06-cam0-rgb.npz,94,123,0,42,2,1.9918094e-05,0.8294317126274109,0
adl-06-cam0-rgb,data/keypoints/adl/adl-06-cam0-rgb.npz,95,124,0,42,2,2.014452e-05,0.8294317126274109,0
adl-06-cam0-rgb,data/keypoints/adl/adl-06-cam0-rgb.npz,96,125,0,42,2,2.037381e-05,0.8294317126274109,0
adl-06-cam0-rgb,data/keypoints/adl/adl-06-cam0-rgb.npz,97,126,0,42,2,2.0592608e-05,0.8294317126274109,0
adl-06-cam0-rgb,data/keypoints/adl/adl-06-cam0-rgb.npz,98,127,0,42,2,2.0805515e-05,0.8294317126274109,0
adl-06-cam0-rgb,data/keypoints/adl/adl-06-cam0-rgb.npz,99,128,0,42,2,2.1053913e-05,0.8294317126274109,0
adl-06-cam0-rgb,data/keypoints/adl/adl-06-cam0-rgb.npz,100,129,0,42,2,2.1298265e-05,0.8294317126274109,0
adl-06-cam0-rgb,data/keypoints/adl/adl-06-cam0-rgb.npz,101,130,0,42,2,2.1583088e-05,0.8294317126274109,0
adl-06-cam0-rgb,data/keypoints/adl/adl-06-cam0-rgb.npz,102,131,0,42,2,2.1914042e-05,0.8294317126274109,0
adl-06-cam0-rgb,data/keypoints/adl/adl-06-cam0-rgb.npz,103,132,0,42,2,2.2275755e-05,0.8294317126274109,0
adl-06-cam0-rgb,data/keypoints/adl/adl-06-cam0-rgb.npz,104,133,0,42,2,2.2656208e-05,0.8294317126274109,0
adl-06-cam0-rgb,data/keypoints/adl/adl-06-cam0-rgb.npz,105,134,0,42,2,2.3075943e-05,0.8294317126274109,0
adl-06-cam0-rgb,data/keypoints/adl/adl-06-cam0-rgb.npz,106,135,0,42,2,2.352759e-05,0.8294317126274109,0
adl-06-cam0-rgb,data/keypoints/adl/adl-06-cam0-rgb.npz,107,136,0,42,2,2.4012656e-05,0.8294317126274109,0
adl-06-cam0-rgb,data/keypoints/adl/adl-06-cam0-rgb.npz,108,137,0,42,2,2.4500308e-05,0.8294317126274109,0
adl-06-cam0-rgb,data/keypoints/adl/adl-06-cam0-rgb.npz,109,138,0,42,2,2.5008649e-05,0.8294317126274109,0
adl-06-cam0-rgb,data/keypoints/adl/adl-06-cam0-rgb.npz,110,139,0,42,2,2.5531428e-05,0.8294317126274109,0
adl-06-cam0-rgb,data/keypoints/adl/adl-06-cam0-rgb.npz,111,140,0,42,2,2.5815925e-05,0.8294317126274109,0
adl-06-cam0-rgb,data/keypoints/adl/adl-06-cam0-rgb.npz,112,141,0,42,2,2.62632e-05,0.8294317126274109,0
adl-06-cam0-rgb,data/keypoints/adl/adl-06-cam0-rgb.npz,113,142,0,42,2,2.6543697e-05,0.8294317126274109,0
adl-06-cam0-rgb,data/keypoints/adl/adl-06-cam0-rgb.npz,114,143,0,42,2,2.6930467e-05,0.8294317126274109,0
adl-06-cam0-rgb,data/keypoints/adl/adl-06-cam0-rgb.npz,115,144,0,42,2,2.7220507e-05,0.8294317126274109,0
adl-06-cam0-rgb,data/keypoints/adl/adl-06-cam0-rgb.npz,116,145,0,42,2,2.7563909e-05,0.8294317126274109,0
adl-06-cam0-rgb,data/keypoints/adl/adl-06-cam0-rgb.npz,117,146,0,42,2,2.7853943e-05,0.8294317126274109,0
adl-06-cam0-rgb,data/keypoints/adl/adl-06-cam0-rgb.npz,118,147,0,42,2,2.8153792e-05,0.8294317126274109,0
adl-06-cam0-rgb,data/keypoints/adl/adl-06-cam0-rgb.npz,119,148,0,42,2,2.8415869e-05,0.8294317126274109,0
adl-06-cam0-rgb,data/keypoints/adl/adl-06-cam0-rgb.npz,120,149,0,42,2,2.8622404e-05,0.8294317126274109,0
adl-06-cam0-rgb,data/keypoints/adl/adl-06-cam0-rgb.npz,121,150,0,42,2,2.8815264e-05,0.8294317126274109,0
adl-06-cam0-rgb,data/keypoints/adl/adl-06-cam0-rgb.npz,122,151,0,42,2,2.9011751e-05,0.8294317126274109,0
adl-06-cam0-rgb,data/keypoints/adl/adl-06-cam0-rgb.npz,123,152,0,42,2,2.8890934e-05,0.8294317126274109,0
adl-06-cam0-rgb,data/keypoints/adl/adl-06-cam0-rgb.npz,124,153,0,42,2,2.9108694e-05,0.8294317126274109,0
adl-06-cam0-rgb,data/keypoints/adl/adl-06-cam0-rgb.npz,125,154,0,42,2,2.9234157e-05,0.8294317126274109,0
adl-06-cam0-rgb,data/keypoints/adl/adl-06-cam0-rgb.npz,126,155,0,42,2,2.9342136e-05,0.8294317126274109,0
adl-06-cam0-rgb,data/keypoints/adl/adl-06-cam0-rgb.npz,127,156,0,42,2,2.9480807e-05,0.8294317126274109,0
adl-06-cam0-rgb,data/keypoints/adl/adl-06-cam0-rgb.npz,128,157,0,42,2,2.961307e-05,0.8294317126274109,0
adl-06-cam0-rgb,data/keypoints/adl/adl-06-cam0-rgb.npz,129,158,0,42,2,2.9707147e-05,0.8294317126274109,0
adl-06-cam0-rgb,data/keypoints/adl/adl-06-cam0-rgb.npz,130,159,0,42,2,2.9801124e-05,0.8294317126274109,0
adl-06-cam0-rgb,data/keypoints/adl/adl-06-cam0-rgb.npz,131,160,0,42,2,2.9879151e-05,0.8294317126274109,0
adl-06-cam0-rgb,data/keypoints/adl/adl-06-cam0-rgb.npz,132,161,0,42,2,2.9935967e-05,0.8294317126274109,0
adl-06-cam0-rgb,data/keypoints/adl/adl-06-cam0-rgb.npz,133,162,0,42,2,2.999881e-05,0.8294317126274109,0
adl-06-cam0-rgb,data/keypoints/adl/adl-06-cam0-rgb.npz,134,163,0,42,2,3.0055051e-05,0.8294317126274109,0
adl-06-cam0-rgb,data/keypoints/adl/adl-06-cam0-rgb.npz,135,164,0,42,2,3.0095978e-05,0.8294317126274109,0
adl-06-cam0-rgb,data/keypoints/adl/adl-06-cam0-rgb.npz,136,165,0,42,2,3.0139921e-05,0.8294317126274109,0
adl-06-cam0-rgb,data/keypoints/adl/adl-06-cam0-rgb.npz,137,166,0,42,2,3.0201294e-05,0.8294317126274109,0
adl-06-cam0-rgb,data/keypoints/adl/adl-06-cam0-rgb.npz,138,167,0,42,2,3.0252428e-05,0.8294317126274109,0
adl-06-cam0-rgb,data/keypoints/adl/adl-06-cam0-rgb.npz,139,168,0,42,2,3.0322415e-05,0.8294317126274109,0
adl-06-cam0-rgb,data/keypoints/adl/adl-06-cam0-rgb.npz,140,169,0,42,2,3.0372132e-05,0.8294317126274109,0
adl-06-cam0-rgb,data/keypoints/adl/adl-06-cam0-rgb.npz,141,170,0,42,2,3.0431916e-05,0.8294317126274109,0
adl-06-cam0-rgb,data/keypoints/adl/adl-06-cam0-rgb.npz,142,171,0,42,2,3.052944e-05,0.8294317126274109,0
adl-06-cam0-rgb,data/keypoints/adl/adl-06-cam0-rgb.npz,143,172,0,42,2,3.0599887e-05,0.8294317126274109,0
adl-06-cam0-rgb,data/keypoints/adl/adl-06-cam0-rgb.npz,144,173,0,42,2,3.0685427e-05,0.8294317126274109,0
adl-06-cam0-rgb,data/keypoints/adl/adl-06-cam0-rgb.npz,145,174,0,42,2,3.0748404e-05,0.8294317126274109,0
adl-06-cam0-rgb,data/keypoints/adl/adl-06-cam0-rgb.npz,146,175,0,42,2,3.0803614e-05,0.8294317126274109,0
adl-06-cam0-rgb,data/keypoints/adl/adl-06-cam0-rgb.npz,147,176,0,42,2,3.086807e-05,0.8294317126274109,0
adl-06-cam0-rgb,data/keypoints/adl/adl-06-cam0-rgb.npz,148,177,0,42,2,3.0881904e-05,0.8294317126274109,0
adl-06-cam0-rgb,data/keypoints/adl/adl-06-cam0-rgb.npz,149,178,0,42,2,2.6965805e-05,0.8294317126274109,0
adl-06-cam0-rgb,data/keypoints/adl/adl-06-cam0-rgb.npz,150,179,0,42,2,2.696889e-05,0.8294317126274109,0
adl-06-cam0-rgb,data/keypoints/adl/adl-06-cam0-rgb.npz,151,180,0,42,2,2.6965135e-05,0.8294317126274109,0
adl-06-cam0-rgb,data/keypoints/adl/adl-06-cam0-rgb.npz,152,181,0,42,2,2.696205e-05,0.8294317126274109,0
adl-06-cam0-rgb,data/keypoints/adl/adl-06-cam0-rgb.npz,153,182,0,42,2,2.485906e-05,0.8294317126274109,0
adl-06-cam0-rgb,data/keypoints/adl/adl-06-cam0-rgb.npz,154,183,0,42,2,2.490507e-05,0.8294317126274109,0
adl-06-cam0-rgb,data/keypoints/adl/adl-06-cam0-rgb.npz,155,184,0,42,2,2.4941506e-05,0.8294317126274109,0
adl-06-cam0-rgb,data/keypoints/adl/adl-06-cam0-rgb.npz,156,185,0,42,2,2.4991434e-05,0.8294317126274109,0
adl-06-cam0-rgb,data/keypoints/adl/adl-06-cam0-rgb.npz,157,186,0,42,2,2.5037285e-05,0.8294317126274109,0
adl-06-cam0-rgb,data/keypoints/adl/adl-06-cam0-rgb.npz,158,187,0,42,2,2.5086138e-05,0.8294317126274109,0
adl-06-cam0-rgb,data/keypoints/adl/adl-06-cam0-rgb.npz,159,188,0,42,2,2.5144624e-05,0.8294317126274109,0
adl-06-cam0-rgb,data/keypoints/adl/adl-06-cam0-rgb.npz,160,189,0,42,2,2.5198085e-05,0.8294317126274109,0
adl-06-cam0-rgb,data/keypoints/adl/adl-06-cam0-rgb.npz,161,190,0,42,2,2.5259218e-05,0.8294317126274109,0
adl-06-cam0-rgb,data/keypoints/adl/adl-06-cam0-rgb.npz,162,191,0,42,2,2.5314344e-05,0.8294317126274109,0
adl-06-cam0-rgb,data/keypoints/adl/adl-06-cam0-rgb.npz,163,192,0,42,2,2.5361318e-05,0.8294317126274109,0
adl-06-cam0-rgb,data/keypoints/adl/adl-06-cam0-rgb.npz,164,193,0,42,2,2.5402805e-05,0.8294317126274109,0
adl-06-cam0-rgb,data/keypoints/adl/adl-06-cam0-rgb.npz,165,194,0,42,2,2.5446061e-05,0.8294317126274109,0
adl-06-cam0-rgb,data/keypoints/adl/adl-06-cam0-rgb.npz,166,195,0,42,2,2.4577794e-05,0.8294317126274109,0
adl-06-cam0-rgb,data/keypoints/adl/adl-06-cam0-rgb.npz,167,196,0,42,2,2.4601408e-05,0.8294317126274109,0
adl-06-cam0-rgb,data/keypoints/adl/adl-06-cam0-rgb.npz,168,197,0,42,2,2.4617295e-05,0.8294317126274109,0
adl-06-cam0-rgb,data/keypoints/adl/adl-06-cam0-rgb.npz,169,198,0,42,2,2.4623845e-05,0.8294317126274109,0
adl-06-cam0-rgb,data/keypoints/adl/adl-06-cam0-rgb.npz,170,199,0,42,2,2.459695e-05,0.8294317126274109,0
adl-06-cam0-rgb,data/keypoints/adl/adl-06-cam0-rgb.npz,171,200,0,42,2,2.4633851e-05,0.8294317126274109,0
adl-06-cam0-rgb,data/keypoints/adl/adl-06-cam0-rgb.npz,172,201,0,42,2,2.4651996e-05,0.8294317126274109,0
adl-06-cam0-rgb,data/keypoints/adl/adl-06-cam0-rgb.npz,173,202,0,42,2,2.4669067e-05,0.8294317126274109,0
adl-06-cam0-rgb,data/keypoints/adl/adl-06-cam0-rgb.npz,174,203,0,42,2,2.469058e-05,0.8294317126274109,0
adl-06-cam0-rgb,data/keypoints/adl/adl-06-cam0-rgb.npz,175,204,0,42,2,2.6027232e-05,0.8294317126274109,0
adl-06-cam0-rgb,data/keypoints/adl/adl-06-cam0-rgb.npz,176,205,0,42,2,2.6083762e-05,0.8294317126274109,0
adl-06-cam0-rgb,data/keypoints/adl/adl-06-cam0-rgb.npz,177,206,0,42,2,2.6145e-05,0.8294317126274109,0
adl-06-cam0-rgb,data/keypoints/adl/adl-06-cam0-rgb.npz,178,207,0,42,2,2.6197611e-05,0.8294317126274109,0
adl-06-cam0-rgb,data/keypoints/adl/adl-06-cam0-rgb.npz,179,208,0,42,2,2.6281039e-05,0.8294317126274109,0
adl-06-cam0-rgb,data/keypoints/adl/adl-06-cam0-rgb.npz,180,209,0,42,2,2.6363072e-05,0.8294317126274109,0
adl-06-cam0-rgb,data/keypoints/adl/adl-06-cam0-rgb.npz,181,210,0,42,2,2.6441023e-05,0.8294317126274109,0
adl-06-cam0-rgb,data/keypoints/adl/adl-06-cam0-rgb.npz,182,211,0,42,2,2.6511116e-05,0.8294317126274109,0
adl-06-cam0-rgb,data/keypoints/adl/adl-06-cam0-rgb.npz,183,212,0,42,2,2.6582382e-05,0.8294317126274109,0
adl-06-cam0-rgb,data/keypoints/adl/adl-06-cam0-rgb.npz,184,213,0,42,2,2.6654294e-05,0.8294317126274109,0
adl-06-cam0-rgb,data/keypoints/adl/adl-06-cam0-rgb.npz,185,214,0,42,2,2.6710683e-05,0.8294317126274109,0
adl-06-cam0-rgb,data/keypoints/adl/adl-06-cam0-rgb.npz,186,215,0,42,2,2.6773774e-05,0.8294317126274109,0
adl-06-cam0-rgb,data/keypoints/adl/adl-06-cam0-rgb.npz,187,216,0,42,2,2.6839934e-05,0.8294317126274109,0
adl-06-cam0-rgb,data/keypoints/adl/adl-06-cam0-rgb.npz,188,217,0,42,2,2.689038e-05,0.8294317126274109,0
adl-06-cam0-rgb,data/keypoints/adl/adl-06-cam0-rgb.npz,189,218,0,42,2,2.6936299e-05,0.8294317126274109,0
adl-06-cam0-rgb,data/keypoints/adl/adl-06-cam0-rgb.npz,190,219,0,42,2,2.7795486e-05,0.8294317126274109,0
adl-06-cam0-rgb,data/keypoints/adl/adl-06-cam0-rgb.npz,191,220,0,42,2,2.778107e-05,0.8294317126274109,0
adl-06-cam0-rgb,data/keypoints/adl/adl-06-cam0-rgb.npz,192,221,0,42,2,2.7759326e-05,0.8294317126274109,0
adl-06-cam0-rgb,data/keypoints/adl/adl-06-cam0-rgb.npz,193,222,0,42,2,2.772422e-05,0.8294317126274109,0
adl-06-cam0-rgb,data/keypoints/adl/adl-06-cam0-rgb.npz,194,223,0,42,2,3.181836e-05,0.8294317126274109,0
adl-06-cam0-rgb,data/keypoints/adl/adl-06-cam0-rgb.npz,195,224,0,42,2,3.1724914e-05,0.8294317126274109,0
adl-06-cam0-rgb,data/keypoints/adl/adl-06-cam0-rgb.npz,196,225,0,42,2,3.1577107e-05,0.8294317126274109,0
adl-06-cam0-rgb,data/keypoints/adl/adl-06-cam0-rgb.npz,197,226,0,42,2,3.1399424e-05,0.8294317126274109,0
adl-06-cam0-rgb,data/keypoints/adl/adl-06-cam0-rgb.npz,198,227,0,42,2,3.1206077e-05,0.8294317126274109,0
adl-06-cam0-rgb,data/keypoints/adl/adl-06-cam0-rgb.npz,199,228,0,42,2,3.0991774e-05,0.8294317126274109,0
adl-06-cam0-rgb,data/keypoints/adl/adl-06-cam0-rgb.npz,200,229,0,42,2,3.072958e-05,0.8294317126274109,0
adl-06-cam0-rgb,data/keypoints/adl/adl-06-cam0-rgb.npz,201,230,0,42,2,3.0432817e-05,0.8294317126274109,0
adl-08-cam0-rgb,data/keypoints/adl/adl-08-cam0-rgb.npz,1,30,0,42,2,7.1541435e-05,0.8294317126274109,0
adl-08-cam0-rgb,data/keypoints/adl/adl-08-cam0-rgb.npz,2,31,0,42,2,7.139164e-05,0.8294317126274109,0
adl-08-cam0-rgb,data/keypoints/adl/adl-08-cam0-rgb.npz,3,32,0,42,2,7.122721e-05,0.8294317126274109,0
adl-08-cam0-rgb,data/keypoints/adl/adl-08-cam0-rgb.npz,4,33,0,42,2,7.105693e-05,0.8294317126274109,0
adl-08-cam0-rgb,data/keypoints/adl/adl-08-cam0-rgb.npz,5,34,0,42,2,7.08407e-05,0.8294317126274109,0
adl-08-cam0-rgb,data/keypoints/adl/adl-08-cam0-rgb.npz,6,35,0,42,2,7.0530565e-05,0.8294317126274109,0
adl-08-cam0-rgb,data/keypoints/adl/adl-08-cam0-rgb.npz,7,36,0,42,2,7.021529e-05,0.8294317126274109,0
adl-08-cam0-rgb,data/keypoints/adl/adl-08-cam0-rgb.npz,8,37,0,42,2,6.98915e-05,0.8294317126274109,0
adl-08-cam0-rgb,data/keypoints/adl/adl-08-cam0-rgb.npz,9,38,0,42,2,6.959666e-05,0.8294317126274109,0
adl-08-cam0-rgb,data/keypoints/adl/adl-08-cam0-rgb.npz,10,39,0,42,2,6.929792e-05,0.8294317126274109,0
adl-08-cam0-rgb,data/keypoints/adl/adl-08-cam0-rgb.npz,11,40,0,42,2,6.906024e-05,0.8294317126274109,0
adl-08-cam0-rgb,data/keypoints/adl/adl-08-cam0-rgb.npz,12,41,0,42,2,6.887923e-05,0.8294317126274109,0
adl-08-cam0-rgb,data/keypoints/adl/adl-08-cam0-rgb.npz,13,42,0,42,2,6.868004e-05,0.8294317126274109,0
adl-08-cam0-rgb,data/keypoints/adl/adl-08-cam0-rgb.npz,14,43,0,42,2,6.847679e-05,0.8294317126274109,0
adl-08-cam0-rgb,data/keypoints/adl/adl-08-cam0-rgb.npz,15,44,0,42,2,6.828885e-05,0.8294317126274109,0
adl-08-cam0-rgb,data/keypoints/adl/adl-08-cam0-rgb.npz,16,45,0,42,2,6.816601e-05,0.8294317126274109,0
adl-08-cam0-rgb,data/keypoints/adl/adl-08-cam0-rgb.npz,17,46,0,42,2,6.800305e-05,0.8294317126274109,0
adl-08-cam0-rgb,data/keypoints/adl/adl-08-cam0-rgb.npz,18,47,0,42,2,6.782184e-05,0.8294317126274109,0
adl-08-cam0-rgb,data/keypoints/adl/adl-08-cam0-rgb.npz,19,48,0,42,2,6.7624875e-05,0.8294317126274109,0
adl-08-cam0-rgb,data/keypoints/adl/adl-08-cam0-rgb.npz,20,49,0,42,2,6.7439854e-05,0.8294317126274109,0
adl-08-cam0-rgb,data/keypoints/adl/adl-08-cam0-rgb.npz,21,50,0,42,2,6.7138964e-05,0.8294317126274109,0
adl-08-cam0-rgb,data/keypoints/adl/adl-08-cam0-rgb.npz,22,51,0,42,2,6.6773995e-05,0.8294317126274109,0
adl-08-cam0-rgb,data/keypoints/adl/adl-08-cam0-rgb.npz,23,52,0,42,2,6.642964e-05,0.8294317126274109,0
adl-08-cam0-rgb,data/keypoints/adl/adl-08-cam0-rgb.npz,24,53,0,42,2,6.6132445e-05,0.8294317126274109,0
adl-08-cam0-rgb,data/keypoints/adl/adl-08-cam0-rgb.npz,25,54,0,42,2,6.573871e-05,0.8294317126274109,0
adl-08-cam0-rgb,data/keypoints/adl/adl-08-cam0-rgb.npz,26,55,0,42,2,6.529238e-05,0.8294317126274109,0
adl-08-cam0-rgb,data/keypoints/adl/adl-08-cam0-rgb.npz,27,56,0,42,2,6.4865286e-05,0.8294317126274109,0
adl-08-cam0-rgb,data/keypoints/adl/adl-08-cam0-rgb.npz,28,57,0,42,2,6.451735e-05,0.8294317126274109,0
adl-08-cam0-rgb,data/keypoints/adl/adl-08-cam0-rgb.npz,29,58,0,42,2,6.40716e-05,0.8294317126274109,0
adl-08-cam0-rgb,data/keypoints/adl/adl-08-cam0-rgb.npz,30,59,0,42,2,6.349306e-05,0.8294317126274109,0
adl-08-cam0-rgb,data/keypoints/adl/adl-08-cam0-rgb.npz,31,60,0,42,2,6.293654e-05,0.8294317126274109,0
adl-08-cam0-rgb,data/keypoints/adl/adl-08-cam0-rgb.npz,32,61,0,42,2,6.240636e-05,0.8294317126274109,0
adl-08-cam0-rgb,data/keypoints/adl/adl-08-cam0-rgb.npz,33,62,0,42,2,6.177442e-05,0.8294317126274109,0
adl-08-cam0-rgb,data/keypoints/adl/adl-08-cam0-rgb.npz,34,63,0,42,2,6.1214974e-05,0.8294317126274109,0
adl-08-cam0-rgb,data/keypoints/adl/adl-08-cam0-rgb.npz,35,64,0,42,2,6.065667e-05,0.8294317126274109,0
adl-08-cam0-rgb,data/keypoints/adl/adl-08-cam0-rgb.npz,36,65,0,42,2,6.0000715e-05,0.8294317126274109,0
adl-08-cam0-rgb,data/keypoints/adl/adl-08-cam0-rgb.npz,37,66,0,42,2,5.925379e-05,0.8294317126274109,0
adl-08-cam0-rgb,data/keypoints/adl/adl-08-cam0-rgb.npz,38,67,0,42,2,5.8504276e-05,0.8294317126274109,0
adl-08-cam0-rgb,data/keypoints/adl/adl-08-cam0-rgb.npz,39,68,0,42,2,5.763132e-05,0.8294317126274109,0
adl-08-cam0-rgb,data/keypoints/adl/adl-08-cam0-rgb.npz,40,69,0,42,2,5.6684978e-05,0.8294317126274109,0
adl-08-cam0-rgb,data/keypoints/adl/adl-08-cam0-rgb.npz,41,70,0,42,2,5.541812e-05,0.8294317126274109,0
adl-08-cam0-rgb,data/keypoints/adl/adl-08-cam0-rgb.npz,42,71,0,42,2,5.3858734e-05,0.8294317126274109,0
adl-08-cam0-rgb,data/keypoints/adl/adl-08-cam0-rgb.npz,43,72,0,42,2,5.2180563e-05,0.8294317126274109,0
adl-08-cam0-rgb,data/keypoints/adl/adl-08-cam0-rgb.npz,44,73,0,42,2,5.0569575e-05,0.8294317126274109,0
adl-08-cam0-rgb,data/keypoints/adl/adl-08-cam0-rgb.npz,45,74,0,42,2,4.8879967e-05,0.8294317126274109,0
adl-08-cam0-rgb,data/keypoints/adl/adl-08-cam0-rgb.npz,46,75,0,42,2,4.7238653e-05,0.8294317126274109,0
adl-08-cam0-rgb,data/keypoints/adl/adl-08-cam0-rgb.npz,47,76,0,42,2,4.5734894e-05,0.8294317126274109,0
adl-08-cam0-rgb,data/keypoints/adl/adl-08-cam0-rgb.npz,48,77,0,42,2,4.4294877e-05,0.8294317126274109,0
adl-08-cam0-rgb,data/keypoints/adl/adl-08-cam0-rgb.npz,49,78,0,42,2,4.2738742e-05,0.8294317126274109,0
adl-08-cam0-rgb,data/keypoints/adl/adl-08-cam0-rgb.npz,50,79,0,42,2,4.1092582e-05,0.8294317126274109,0
adl-08-cam0-rgb,data/keypoints/adl/adl-08-cam0-rgb.npz,51,80,0,42,2,3.9580416e-05,0.8294317126274109,0
adl-08-cam0-rgb,data/keypoints/adl/adl-08-cam0-rgb.npz,52,81,0,42,2,3.7835383e-05,0.8294317126274109,0
adl-08-cam0-rgb,data/keypoints/adl/adl-08-cam0-rgb.npz,53,82,0,42,2,3.5804576e-05,0.8294317126274109,0
adl-08-cam0-rgb,data/keypoints/adl/adl-08-cam0-rgb.npz,54,83,0,42,2,3.3687425e-05,0.8294317126274109,0
adl-08-cam0-rgb,data/keypoints/adl/adl-08-cam0-rgb.npz,55,84,0,42,2,3.1719504e-05,0.8294317126274109,0
adl-08-cam0-rgb,data/keypoints/adl/adl-08-cam0-rgb.npz,56,85,0,42,2,2.9702103e-05,0.8294317126274109,0
adl-08-cam0-rgb,data/keypoints/adl/adl-08-cam0-rgb.npz,57,86,0,42,2,2.7952505e-05,0.8294317126274109,0
adl-08-cam0-rgb,data/keypoints/adl/adl-08-cam0-rgb.npz,58,87,0,42,2,2.6058771e-05,0.8294317126274109,0
adl-08-cam0-rgb,data/keypoints/adl/adl-08-cam0-rgb.npz,59,88,0,42,2,2.4557947e-05,0.8294317126274109,0
adl-08-cam0-rgb,data/keypoints/adl/adl-08-cam0-rgb.npz,60,89,0,42,2,2.3352024e-05,0.8294317126274109,0
adl-08-cam0-rgb,data/keypoints/adl/adl-08-cam0-rgb.npz,61,90,0,42,2,2.2358994e-05,0.8294317126274109,0
adl-08-cam0-rgb,data/keypoints/adl/adl-08-cam0-rgb.npz,62,91,0,42,2,2.1524815e-05,0.8294317126274109,0
adl-08-cam0-rgb,data/keypoints/adl/adl-08-cam0-rgb.npz,63,92,0,42,2,2.088615e-05,0.8294317126274109,0
adl-08-cam0-rgb,data/keypoints/adl/adl-08-cam0-rgb.npz,64,93,0,42,2,2.0361338e-05,0.8294317126274109,0
adl-08-cam0-rgb,data/keypoints/adl/adl-08-cam0-rgb.npz,65,94,0,42,2,1.9935882e-05,0.8294317126274109,0
adl-08-cam0-rgb,data/keypoints/adl/adl-08-cam0-rgb.npz,66,95,0,42,2,1.961025e-05,0.8294317126274109,0
adl-08-cam0-rgb,data/keypoints/adl/adl-08-cam0-rgb.npz,67,96,0,42,2,1.9338902e-05,0.8294317126274109,0
adl-08-cam0-rgb,data/keypoints/adl/adl-08-cam0-rgb.npz,68,97,0,42,2,1.9084386e-05,0.8294317126274109,0
adl-08-cam0-rgb,data/keypoints/adl/adl-08-cam0-rgb.npz,69,98,0,42,2,1.8819484e-05,0.8294317126274109,0
adl-08-cam0-rgb,data/keypoints/adl/adl-08-cam0-rgb.npz,70,99,0,42,2,1.8599525e-05,0.8294317126274109,0
adl-08-cam0-rgb,data/keypoints/adl/adl-08-cam0-rgb.npz,71,100,0,42,2,1.8410645e-05,0.8294317126274109,0
adl-08-cam0-rgb,data/keypoints/adl/adl-08-cam0-rgb.npz,72,101,0,42,2,1.8261524e-05,0.8294317126274109,0
adl-08-cam0-rgb,data/keypoints/adl/adl-08-cam0-rgb.npz,73,102,0,42,2,1.8147826e-05,0.8294317126274109,0
adl-08-cam0-rgb,data/keypoints/adl/adl-08-cam0-rgb.npz,74,103,0,42,2,1.806799e-05,0.8294317126274109,0
adl-08-cam0-rgb,data/keypoints/adl/adl-08-cam0-rgb.npz,75,104,0,42,2,1.8010827e-05,0.8294317126274109,0
adl-08-cam0-rgb,data/keypoints/adl/adl-08-cam0-rgb.npz,76,105,0,42,2,1.7984034e-05,0.8294317126274109,0
adl-08-cam0-rgb,data/keypoints/adl/adl-08-cam0-rgb.npz,77,106,0,42,2,1.7984925e-05,0.8294317126274109,0
adl-08-cam0-rgb,data/keypoints/adl/adl-08-cam0-rgb.npz,78,107,0,42,2,1.8018643e-05,0.8294317126274109,0
adl-08-cam0-rgb,data/keypoints/adl/adl-08-cam0-rgb.npz,79,108,0,42,2,1.808492e-05,0.8294317126274109,0
adl-08-cam0-rgb,data/keypoints/adl/adl-08-cam0-rgb.npz,80,109,0,42,2,1.8168537e-05,0.8294317126274109,0
adl-08-cam0-rgb,data/keypoints/adl/adl-08-cam0-rgb.npz,81,110,0,42,2,1.828772e-05,0.8294317126274109,0
adl-08-cam0-rgb,data/keypoints/adl/adl-08-cam0-rgb.npz,82,111,0,42,2,1.8431128e-05,0.8294317126274109,0
adl-08-cam0-rgb,data/keypoints/adl/adl-08-cam0-rgb.npz,83,112,0,42,2,1.8597591e-05,0.8294317126274109,0
adl-08-cam0-rgb,data/keypoints/adl/adl-08-cam0-rgb.npz,84,113,0,42,2,1.8778053e-05,0.8294317126274109,0
adl-08-cam0-rgb,data/keypoints/adl/adl-08-cam0-rgb.npz,85,114,0,42,2,1.8966051e-05,0.8294317126274109,0
adl-08-cam0-rgb,data/keypoints/adl/adl-08-cam0-rgb.npz,86,115,0,42,2,1.9174744e-05,0.8294317126274109,0
adl-08-cam0-rgb,data/keypoints/adl/adl-08-cam0-rgb.npz,87,116,0,42,2,1.940824e-05,0.8294317126274109,0
adl-08-cam0-rgb,data/keypoints/adl/adl-08-cam0-rgb.npz,88,117,0,42,2,1.9653218e-05,0.8294317126274109,0
adl-08-cam0-rgb,data/keypoints/adl/adl-08-cam0-rgb.npz,89,118,0,42,2,1.9894818e-05,0.8294317126274109,0
adl-08-cam0-rgb,data/keypoints/adl/adl-08-cam0-rgb.npz,90,119,0,42,2,2.0134032e-05,0.8294317126274109,0
adl-08-cam0-rgb,data/keypoints/adl/adl-08-cam0-rgb.npz,91,120,0,42,2,2.0360834e-05,0.8294317126274109,0
adl-08-cam0-rgb,data/keypoints/adl/adl-08-cam0-rgb.npz,92,121,0,42,2,2.0580317e-05,0.8294317126274109,0
adl-08-cam0-rgb,data/keypoints/adl/adl-08-cam0-rgb.npz,93,122,0,42,2,2.0803413e-05,0.8294317126274109,0
adl-08-cam0-rgb,data/keypoints/adl/adl-08-cam0-rgb.npz,94,123,0,42,2,2.1016342e-05,0.8294317126274109,0
adl-08-cam0-rgb,data/keypoints/adl/adl-08-cam0-rgb.npz,95,124,0,42,2,2.1224763e-05,0.8294317126274109,0
adl-08-cam0-rgb,data/keypoints/adl/adl-08-cam0-rgb.npz,96,125,0,42,2,2.140033e-05,0.8294317126274109,0
adl-08-cam0-rgb,data/keypoints/adl/adl-08-cam0-rgb.npz,97,126,0,42,2,2.1546892e-05,0.8294317126274109,0
adl-08-cam0-rgb,data/keypoints/adl/adl-08-cam0-rgb.npz,98,127,0,42,2,2.1705097e-05,0.8294317126274109,0
adl-08-cam0-rgb,data/keypoints/adl/adl-08-cam0-rgb.npz,99,128,0,42,2,2.1846832e-05,0.8294317126274109,0
adl-08-cam0-rgb,data/keypoints/adl/adl-08-cam0-rgb.npz,100,129,0,42,2,2.2030797e-05,0.8294317126274109,0
adl-08-cam0-rgb,data/keypoints/adl/adl-08-cam0-rgb.npz,101,130,0,42,2,2.2192065e-05,0.8294317126274109,0
adl-08-cam0-rgb,data/keypoints/adl/adl-08-cam0-rgb.npz,102,131,0,42,2,2.2339515e-05,0.8294317126274109,0
adl-08-cam0-rgb,data/keypoints/adl/adl-08-cam0-rgb.npz,103,132,0,42,2,2.2475655e-05,0.8294317126274109,0
adl-08-cam0-rgb,data/keypoints/adl/adl-08-cam0-rgb.npz,104,133,0,42,2,2.2598893e-05,0.8294317126274109,0
adl-08-cam0-rgb,data/keypoints/adl/adl-08-cam0-rgb.npz,105,134,0,42,2,2.272645e-05,0.8294317126274109,0
adl-08-cam0-rgb,data/keypoints/adl/adl-08-cam0-rgb.npz,106,135,0,42,2,2.287472e-05,0.8294317126274109,0
adl-08-cam0-rgb,data/keypoints/adl/adl-08-cam0-rgb.npz,107,136,0,42,2,2.3041972e-05,0.8294317126274109,0
adl-08-cam0-rgb,data/keypoints/adl/adl-08-cam0-rgb.npz,108,137,0,42,2,2.3180846e-05,0.8294317126274109,0
adl-08-cam0-rgb,data/keypoints/adl/adl-08-cam0-rgb.npz,109,138,0,42,2,2.3309838e-05,0.8294317126274109,0
adl-08-cam0-rgb,data/keypoints/adl/adl-08-cam0-rgb.npz,110,139,0,42,2,2.3445722e-05,0.8294317126274109,0
adl-08-cam0-rgb,data/keypoints/adl/adl-08-cam0-rgb.npz,111,140,0,42,2,2.3593826e-05,0.8294317126274109,0
adl-08-cam0-rgb,data/keypoints/adl/adl-08-cam0-rgb.npz,112,141,0,42,2,2.373288e-05,0.8294317126274109,0
adl-08-cam0-rgb,data/keypoints/adl/adl-08-cam0-rgb.npz,113,142,0,42,2,2.385671e-05,0.8294317126274109,0
adl-08-cam0-rgb,data/keypoints/adl/adl-08-cam0-rgb.npz,114,143,0,42,2,2.4000658e-05,0.8294317126274109,0
adl-08-cam0-rgb,data/keypoints/adl/adl-08-cam0-rgb.npz,115,144,0,42,2,2.4140772e-05,0.8294317126274109,0
adl-08-cam0-rgb,data/keypoints/adl/adl-08-cam0-rgb.npz,116,145,0,42,2,2.4283003e-05,0.8294317126274109,0
adl-08-cam0-rgb,data/keypoints/adl/adl-08-cam0-rgb.npz,117,146,0,42,2,2.443183e-05,0.8294317126274109,0
adl-08-cam0-rgb,data/keypoints/adl/adl-08-cam0-rgb.npz,118,147,0,42,2,2.454924e-05,0.8294317126274109,0
adl-08-cam0-rgb,data/keypoints/adl/adl-08-cam0-rgb.npz,119,148,0,42,2,2.4698495e-05,0.8294317126274109,0
adl-08-cam0-rgb,data/keypoints/adl/adl-08-cam0-rgb.npz,120,149,0,42,2,2.4855502e-05,0.8294317126274109,0
adl-08-cam0-rgb,data/keypoints/adl/adl-08-cam0-rgb.npz,121,150,0,42,2,2.5021673e-05,0.8294317126274109,0
adl-08-cam0-rgb,data/keypoints/adl/adl-08-cam0-rgb.npz,122,151,0,42,2,2.519018e-05,0.8294317126274109,0
adl-08-cam0-rgb,data/keypoints/adl/adl-08-cam0-rgb.npz,123,152,0,42,2,2.5378979e-05,0.8294317126274109,0
adl-08-cam0-rgb,data/keypoints/adl/adl-08-cam0-rgb.npz,124,153,0,42,2,2.5566807e-05,0.8294317126274109,0
adl-08-cam0-rgb,data/keypoints/adl/adl-08-cam0-rgb.npz,125,154,0,42,2,2.5721021e-05,0.8294317126274109,0
adl-08-cam0-rgb,data/keypoints/adl/adl-08-cam0-rgb.npz,126,155,0,42,2,2.58872e-05,0.8294317126274109,0
adl-08-cam0-rgb,data/keypoints/adl/adl-08-cam0-rgb.npz,127,156,0,42,2,2.6072445e-05,0.8294317126274109,0
adl-08-cam0-rgb,data/keypoints/adl/adl-08-cam0-rgb.npz,128,157,0,42,2,2.626831e-05,0.8294317126274109,0
adl-08-cam0-rgb,data/keypoints/adl/adl-08-cam0-rgb.npz,129,158,0,42,2,2.6459942e-05,0.8294317126274109,0
adl-08-cam0-rgb,data/keypoints/adl/adl-08-cam0-rgb.npz,130,159,0,42,2,2.660891e-05,0.8294317126274109,0
adl-08-cam0-rgb,data/keypoints/adl/adl-08-cam0-rgb.npz,131,160,0,42,2,2.67927e-05,0.8294317126274109,0
adl-08-cam0-rgb,data/keypoints/adl/adl-08-cam0-rgb.npz,132,161,0,42,2,2.6933165e-05,0.8294317126274109,0
adl-08-cam0-rgb,data/keypoints/adl/adl-08-cam0-rgb.npz,133,162,0,42,2,2.7070566e-05,0.8294317126274109,0
adl-08-cam0-rgb,data/keypoints/adl/adl-08-cam0-rgb.npz,134,163,0,42,2,2.7231674e-05,0.8294317126274109,0
adl-08-cam0-rgb,data/keypoints/adl/adl-08-cam0-rgb.npz,135,164,0,42,2,2.7431273e-05,0.8294317126274109,0
adl-08-cam0-rgb,data/keypoints/adl/adl-08-cam0-rgb.npz,136,165,0,42,2,2.7573322e-05,0.8294317126274109,0
adl-08-cam0-rgb,data/keypoints/adl/adl-08-cam0-rgb.npz,137,166,0,42,2,2.7723769e-05,0.8294317126274109,0
adl-08-cam0-rgb,data/keypoints/adl/adl-08-cam0-rgb.npz,138,167,0,42,2,2.7836626e-05,0.8294317126274109,0
adl-08-cam0-rgb,data/keypoints/adl/adl-08-cam0-rgb.npz,139,168,0,42,2,2.7961622e-05,0.8294317126274109,0
adl-08-cam0-rgb,data/keypoints/adl/adl-08-cam0-rgb.npz,140,169,0,42,2,2.8105933e-05,0.8294317126274109,0
adl-08-cam0-rgb,data/keypoints/adl/adl-08-cam0-rgb.npz,141,170,0,42,2,2.8219083e-05,0.8294317126274109,0
adl-08-cam0-rgb,data/keypoints/adl/adl-08-cam0-rgb.npz,142,171,0,42,2,2.8309489e-05,0.8294317126274109,0
adl-08-cam0-rgb,data/keypoints/adl/adl-08-cam0-rgb.npz,143,172,0,42,2,2.8448212e-05,0.8294317126274109,0
adl-08-cam0-rgb,data/keypoints/adl/adl-08-cam0-rgb.npz,144,173,0,42,2,2.853892e-05,0.8294317126274109,0
adl-08-cam0-rgb,data/keypoints/adl/adl-08-cam0-rgb.npz,145,174,0,42,2,2.8522401e-05,0.8294317126274109,0
adl-08-cam0-rgb,data/keypoints/adl/adl-08-cam0-rgb.npz,146,175,0,42,2,2.853198e-05,0.8294317126274109,0
adl-08-cam0-rgb,data/keypoints/adl/adl-08-cam0-rgb.npz,147,176,0,42,2,2.8581975e-05,0.8294317126274109,0
adl-08-cam0-rgb,data/keypoints/adl/adl-08-cam0-rgb.npz,148,177,0,42,2,2.8645341e-05,0.8294317126274109,0
adl-08-cam0-rgb,data/keypoints/adl/adl-08-cam0-rgb.npz,149,178,0,42,2,2.8639823e-05,0.8294317126274109,0
adl-08-cam0-rgb,data/keypoints/adl/adl-08-cam0-rgb.npz,150,179,0,42,2,2.870375e-05,0.8294317126274109,0
adl-08-cam0-rgb,data/keypoints/adl/adl-08-cam0-rgb.npz,151,180,0,42,2,2.870613e-05,0.8294317126274109,0
adl-25-cam0-rgb,data/keypoints/adl/adl-25-cam0-rgb.npz,1,30,0,42,2,1.815089e-05,0.8294317126274109,0
adl-25-cam0-rgb,data/keypoints/adl/adl-25-cam0-rgb.npz,2,31,0,42,2,1.8322438e-05,0.8294317126274109,0
adl-25-cam0-rgb,data/keypoints/adl/adl-25-cam0-rgb.npz,3,32,0,42,2,1.8509407e-05,0.8294317126274109,0
adl-25-cam0-rgb,data/keypoints/adl/adl-25-cam0-rgb.npz,4,33,0,42,2,1.8713445e-05,0.8294317126274109,0
adl-25-cam0-rgb,data/keypoints/adl/adl-25-cam0-rgb.npz,5,34,0,42,2,1.8868097e-05,0.8294317126274109,0
adl-25-cam0-rgb,data/keypoints/adl/adl-25-cam0-rgb.npz,6,35,0,42,2,1.9041552e-05,0.8294317126274109,0
adl-25-cam0-rgb,data/keypoints/adl/adl-25-cam0-rgb.npz,7,36,0,42,2,1.9223427e-05,0.8294317126274109,0
adl-25-cam0-rgb,data/keypoints/adl/adl-25-cam0-rgb.npz,8,37,0,42,2,1.9403391e-05,0.8294317126274109,0
adl-25-cam0-rgb,data/keypoints/adl/adl-25-cam0-rgb.npz,9,38,0,42,2,1.9607616e-05,0.8294317126274109,0
adl-25-cam0-rgb,data/keypoints/adl/adl-25-cam0-rgb.npz,10,39,0,42,2,1.982327e-05,0.8294317126274109,0
adl-25-cam0-rgb,data/keypoints/adl/adl-25-cam0-rgb.npz,11,40,0,42,2,2.0057241e-05,0.8294317126274109,0
adl-25-cam0-rgb,data/keypoints/adl/adl-25-cam0-rgb.npz,12,41,0,42,2,2.0451089e-05,0.8294317126274109,0
adl-25-cam0-rgb,data/keypoints/adl/adl-25-cam0-rgb.npz,13,42,0,42,2,2.0701471e-05,0.8294317126274109,0
adl-25-cam0-rgb,data/keypoints/adl/adl-25-cam0-rgb.npz,14,43,0,42,2,2.0960017e-05,0.8294317126274109,0
adl-25-cam0-rgb,data/keypoints/adl/adl-25-cam0-rgb.npz,15,44,0,42,2,2.120698e-05,0.8294317126274109,0
adl-25-cam0-rgb,data/keypoints/adl/adl-25-cam0-rgb.npz,16,45,0,42,2,2.1452475e-05,0.8294317126274109,0
adl-25-cam0-rgb,data/keypoints/adl/adl-25-cam0-rgb.npz,17,46,0,42,2,2.172152e-05,0.8294317126274109,0
adl-25-cam0-rgb,data/keypoints/adl/adl-25-cam0-rgb.npz,18,47,0,42,2,2.195194e-05,0.8294317126274109,0
adl-25-cam0-rgb,data/keypoints/adl/adl-25-cam0-rgb.npz,19,48,0,42,2,2.2252547e-05,0.8294317126274109,0
adl-25-cam0-rgb,data/keypoints/adl/adl-25-cam0-rgb.npz,20,49,0,42,2,2.2482365e-05,0.8294317126274109,0
adl-25-cam0-rgb,data/keypoints/adl/adl-25-cam0-rgb.npz,21,50,0,42,2,2.2697708e-05,0.8294317126274109,0
adl-25-cam0-rgb,data/keypoints/adl/adl-25-cam0-rgb.npz,22,51,0,42,2,2.2887769e-05,0.8294317126274109,0
adl-25-cam0-rgb,data/keypoints/adl/adl-25-cam0-rgb.npz,23,52,0,42,2,2.2946626e-05,0.8294317126274109,0
adl-25-cam0-rgb,data/keypoints/adl/adl-25-cam0-rgb.npz,24,53,0,42,2,2.3014036e-05,0.8294317126274109,0
adl-25-cam0-rgb,data/keypoints/adl/adl-25-cam0-rgb.npz,25,54,0,42,2,2.3101793e-05,0.8294317126274109,0
adl-25-cam0-rgb,data/keypoints/adl/adl-25-cam0-rgb.npz,26,55,0,42,2,2.3205106e-05,0.8294317126274109,0
adl-25-cam0-rgb,data/keypoints/adl/adl-25-cam0-rgb.npz,27,56,0,42,2,2.322107e-05,0.8294317126274109,0
adl-25-cam0-rgb,data/keypoints/adl/adl-25-cam0-rgb.npz,28,57,0,42,2,2.3199864e-05,0.8294317126274109,0
adl-25-cam0-rgb,data/keypoints/adl/adl-25-cam0-rgb.npz,29,58,0,42,2,2.3134953e-05,0.8294317126274109,0
adl-25-cam0-rgb,data/keypoints/adl/adl-25-cam0-rgb.npz,30,59,0,42,2,2.3192344e-05,0.8294317126274109,0
adl-25-cam0-rgb,data/keypoints/adl/adl-25-cam0-rgb.npz,31,60,0,42,2,2.3292352e-05,0.8294317126274109,0
adl-25-cam0-rgb,data/keypoints/adl/adl-25-cam0-rgb.npz,32,61,0,42,2,2.3352783e-05,0.8294317126274109,0
adl-25-cam0-rgb,data/keypoints/adl/adl-25-cam0-rgb.npz,33,62,0,42,2,2.3460461e-05,0.8294317126274109,0
adl-25-cam0-rgb,data/keypoints/adl/adl-25-cam0-rgb.npz,34,63,0,42,2,2.3480763e-05,0.8294317126274109,0
adl-25-cam0-rgb,data/keypoints/adl/adl-25-cam0-rgb.npz,35,64,0,42,2,2.3503593e-05,0.8294317126274109,0
adl-25-cam0-rgb,data/keypoints/adl/adl-25-cam0-rgb.npz,36,65,0,42,2,2.3569426e-05,0.8294317126274109,0
adl-25-cam0-rgb,data/keypoints/adl/adl-25-cam0-rgb.npz,37,66,0,42,2,2.3605688e-05,0.8294317126274109,0
adl-25-cam0-rgb,data/keypoints/adl/adl-25-cam0-rgb.npz,38,67,0,42,2,2.3654635e-05,0.8294317126274109,0
adl-25-cam0-rgb,data/keypoints/adl/adl-25-cam0-rgb.npz,39,68,0,42,2,2.366984e-05,0.8294317126274109,0
adl-25-cam0-rgb,data/keypoints/adl/adl-25-cam0-rgb.npz,40,69,0,42,2,2.3739876e-05,0.8294317126274109,0
adl-25-cam0-rgb,data/keypoints/adl/adl-25-cam0-rgb.npz,41,70,0,42,2,2.3810479e-05,0.8294317126274109,0
adl-25-cam0-rgb,data/keypoints/adl/adl-25-cam0-rgb.npz,42,71,0,42,2,2.3941404e-05,0.8294317126274109,0
adl-25-cam0-rgb,data/keypoints/adl/adl-25-cam0-rgb.npz,43,72,0,42,2,2.4123332e-05,0.8294317126274109,0
adl-25-cam0-rgb,data/keypoints/adl/adl-25-cam0-rgb.npz,44,73,0,42,2,2.4230496e-05,0.8294317126274109,0
adl-25-cam0-rgb,data/keypoints/adl/adl-25-cam0-rgb.npz,45,74,0,42,2,2.4450317e-05,0.8294317126274109,0
adl-25-cam0-rgb,data/keypoints/adl/adl-25-cam0-rgb.npz,46,75,0,42,2,2.4555606e-05,0.8294317126274109,0
adl-25-cam0-rgb,data/keypoints/adl/adl-25-cam0-rgb.npz,47,76,0,42,2,2.4543222e-05,0.8294317126274109,0
adl-25-cam0-rgb,data/keypoints/adl/adl-25-cam0-rgb.npz,48,77,0,42,2,2.4447494e-05,0.8294317126274109,0
adl-25-cam0-rgb,data/keypoints/adl/adl-25-cam0-rgb.npz,49,78,0,42,2,2.4377e-05,0.8294317126274109,0
adl-25-cam0-rgb,data/keypoints/adl/adl-25-cam0-rgb.npz,50,79,0,42,2,2.4315263e-05,0.8294317126274109,0
adl-25-cam0-rgb,data/keypoints/adl/adl-25-cam0-rgb.npz,51,80,0,42,2,2.4266268e-05,0.8294317126274109,0
adl-25-cam0-rgb,data/keypoints/adl/adl-25-cam0-rgb.npz,52,81,0,42,2,2.4038864e-05,0.8294317126274109,0
adl-25-cam0-rgb,data/keypoints/adl/adl-25-cam0-rgb.npz,53,82,0,42,2,2.3916027e-05,0.8294317126274109,0
adl-25-cam0-rgb,data/keypoints/adl/adl-25-cam0-rgb.npz,54,83,0,42,2,2.3865721e-05,0.8294317126274109,0
adl-25-cam0-rgb,data/keypoints/adl/adl-25-cam0-rgb.npz,55,84,0,42,2,2.3791752e-05,0.8294317126274109,0
adl-25-cam0-rgb,data/keypoints/adl/adl-25-cam0-rgb.npz,56,85,0,42,2,2.361492e-05,0.8294317126274109,0
adl-25-cam0-rgb,data/keypoints/adl/adl-25-cam0-rgb.npz,57,86,0,42,2,2.335579e-05,0.8294317126274109,0
adl-25-cam0-rgb,data/keypoints/adl/adl-25-cam0-rgb.npz,58,87,0,42,2,2.305575e-05,0.8294317126274109,0
adl-25-cam0-rgb,data/keypoints/adl/adl-25-cam0-rgb.npz,59,88,0,42,2,2.2736182e-05,0.8294317126274109,0
adl-25-cam0-rgb,data/keypoints/adl/adl-25-cam0-rgb.npz,60,89,0,42,2,2.2423612e-05,0.8294317126274109,0
adl-25-cam0-rgb,data/keypoints/adl/adl-25-cam0-rgb.npz,61,90,0,42,2,2.2218579e-05,0.8294317126274109,0
adl-25-cam0-rgb,data/keypoints/adl/adl-25-cam0-rgb.npz,62,91,0,42,2,2.2059558e-05,0.8294317126274109,0
adl-25-cam0-rgb,data/keypoints/adl/adl-25-cam0-rgb.npz,63,92,0,42,2,2.195906e-05,0.8294317126274109,0
adl-25-cam0-rgb,data/keypoints/adl/adl-25-cam0-rgb.npz,64,93,0,42,2,2.1854437e-05,0.8294317126274109,0
adl-25-cam0-rgb,data/keypoints/adl/adl-25-cam0-rgb.npz,65,94,0,42,2,2.18125e-05,0.8294317126274109,0
adl-25-cam0-rgb,data/keypoints/adl/adl-25-cam0-rgb.npz,66,95,0,42,2,2.1804763e-05,0.8294317126274109,0
adl-25-cam0-rgb,data/keypoints/adl/adl-25-cam0-rgb.npz,67,96,0,42,2,2.1798194e-05,0.8294317126274109,0
adl-25-cam0-rgb,data/keypoints/adl/adl-25-cam0-rgb.npz,68,97,0,42,2,2.1730366e-05,0.8294317126274109,0
adl-25-cam0-rgb,data/keypoints/adl/adl-25-cam0-rgb.npz,69,98,0,42,2,2.1720836e-05,0.8294317126274109,0
adl-25-cam0-rgb,data/keypoints/adl/adl-25-cam0-rgb.npz,70,99,0,42,2,2.1754751e-05,0.8294317126274109,0
adl-25-cam0-rgb,data/keypoints/adl/adl-25-cam0-rgb.npz,71,100,0,42,2,2.1689577e-05,0.8294317126274109,0
adl-25-cam0-rgb,data/keypoints/adl/adl-25-cam0-rgb.npz,72,101,0,42,2,2.1612812e-05,0.8294317126274109,0
adl-25-cam0-rgb,data/keypoints/adl/adl-25-cam0-rgb.npz,73,102,0,42,2,2.157278e-05,0.8294317126274109,0
adl-25-cam0-rgb,data/keypoints/adl/adl-25-cam0-rgb.npz,74,103,0,42,2,2.1563255e-05,0.8294317126274109,0
adl-25-cam0-rgb,data/keypoints/adl/adl-25-cam0-rgb.npz,75,104,0,42,2,2.1576605e-05,0.8294317126274109,0
adl-25-cam0-rgb,data/keypoints/adl/adl-25-cam0-rgb.npz,76,105,0,42,2,2.151472e-05,0.8294317126274109,0
adl-25-cam0-rgb,data/keypoints/adl/adl-25-cam0-rgb.npz,77,106,0,42,2,2.1535532e-05,0.8294317126274109,0
adl-25-cam0-rgb,data/keypoints/adl/adl-25-cam0-rgb.npz,78,107,0,42,2,2.1515007e-05,0.8294317126274109,0
adl-25-cam0-rgb,data/keypoints/adl/adl-25-cam0-rgb.npz,79,108,0,42,2,2.1516422e-05,0.8294317126274109,0
adl-25-cam0-rgb,data/keypoints/adl/adl-25-cam0-rgb.npz,80,109,0,42,2,2.1503887e-05,0.8294317126274109,0
adl-25-cam0-rgb,data/keypoints/adl/adl-25-cam0-rgb.npz,81,110,0,42,2,2.1510368e-05,0.8294317126274109,0
adl-29-cam0-rgb,data/keypoints/adl/adl-29-cam0-rgb.npz,1,30,0,42,2,2.0146423e-05,0.8294317126274109,0
adl-29-cam0-rgb,data/keypoints/adl/adl-29-cam0-rgb.npz,2,31,0,42,2,1.9743351e-05,0.8294317126274109,0
adl-29-cam0-rgb,data/keypoints/adl/adl-29-cam0-rgb.npz,3,32,0,42,2,1.9161473e-05,0.8294317126274109,0
adl-29-cam0-rgb,data/keypoints/adl/adl-29-cam0-rgb.npz,4,33,0,42,2,1.8957191e-05,0.8294317126274109,0
adl-29-cam0-rgb,data/keypoints/adl/adl-29-cam0-rgb.npz,5,34,0,42,2,1.872087e-05,0.8294317126274109,0
adl-29-cam0-rgb,data/keypoints/adl/adl-29-cam0-rgb.npz,6,35,0,42,2,1.8481767e-05,0.8294317126274109,0
adl-29-cam0-rgb,data/keypoints/adl/adl-29-cam0-rgb.npz,7,36,0,42,2,1.8218105e-05,0.8294317126274109,0
adl-29-cam0-rgb,data/keypoints/adl/adl-29-cam0-rgb.npz,8,37,0,42,2,1.796754e-05,0.8294317126274109,0
adl-29-cam0-rgb,data/keypoints/adl/adl-29-cam0-rgb.npz,9,38,0,42,2,1.773219e-05,0.8294317126274109,0
adl-29-cam0-rgb,data/keypoints/adl/adl-29-cam0-rgb.npz,10,39,0,42,2,1.748646e-05,0.8294317126274109,0
adl-29-cam0-rgb,data/keypoints/adl/adl-29-cam0-rgb.npz,11,40,0,42,2,1.7252207e-05,0.8294317126274109,0
adl-29-cam0-rgb,data/keypoints/adl/adl-29-cam0-rgb.npz,12,41,0,42,2,1.705177e-05,0.8294317126274109,0
adl-29-cam0-rgb,data/keypoints/adl/adl-29-cam0-rgb.npz,13,42,0,42,2,1.6852682e-05,0.8294317126274109,0
adl-29-cam0-rgb,data/keypoints/adl/adl-29-cam0-rgb.npz,14,43,0,42,2,1.6658982e-05,0.8294317126274109,0
adl-29-cam0-rgb,data/keypoints/adl/adl-29-cam0-rgb.npz,15,44,0,42,2,1.6476211e-05,0.8294317126274109,0
adl-29-cam0-rgb,data/keypoints/adl/adl-29-cam0-rgb.npz,16,45,0,42,2,1.629156e-05,0.8294317126274109,0
adl-29-cam0-rgb,data/keypoints/adl/adl-29-cam0-rgb.npz,17,46,0,42,2,1.6187874e-05,0.8294317126274109,0
adl-29-cam0-rgb,data/keypoints/adl/adl-29-cam0-rgb.npz,18,47,0,42,2,1.6074606e-05,0.8294317126274109,0
adl-29-cam0-rgb,data/keypoints/adl/adl-29-cam0-rgb.npz,19,48,0,42,2,1.6000457e-05,0.8294317126274109,0
adl-29-cam0-rgb,data/keypoints/adl/adl-29-cam0-rgb.npz,20,49,0,42,2,1.5977632e-05,0.8294317126274109,0
adl-29-cam0-rgb,data/keypoints/adl/adl-29-cam0-rgb.npz,21,50,0,42,2,1.5991367e-05,0.8294317126274109,0
adl-29-cam0-rgb,data/keypoints/adl/adl-29-cam0-rgb.npz,22,51,0,42,2,1.5992968e-05,0.8294317126274109,0
adl-29-cam0-rgb,data/keypoints/adl/adl-29-cam0-rgb.npz,23,52,0,42,2,1.6046652e-05,0.8294317126274109,0
adl-29-cam0-rgb,data/keypoints/adl/adl-29-cam0-rgb.npz,24,53,0,42,2,1.610531e-05,0.8294317126274109,0
adl-29-cam0-rgb,data/keypoints/adl/adl-29-cam0-rgb.npz,25,54,0,42,2,1.6203383e-05,0.8294317126274109,0
adl-29-cam0-rgb,data/keypoints/adl/adl-29-cam0-rgb.npz,26,55,0,42,2,1.6391079e-05,0.8294317126274109,0
adl-29-cam0-rgb,data/keypoints/adl/adl-29-cam0-rgb.npz,27,56,0,42,2,1.6510186e-05,0.8294317126274109,0
adl-29-cam0-rgb,data/keypoints/adl/adl-29-cam0-rgb.npz,28,57,0,42,2,1.6479511e-05,0.8294317126274109,0
adl-29-cam0-rgb,data/keypoints/adl/adl-29-cam0-rgb.npz,29,58,0,42,2,1.6591062e-05,0.8294317126274109,0
adl-29-cam0-rgb,data/keypoints/adl/adl-29-cam0-rgb.npz,30,59,0,42,2,1.673851e-05,0.8294317126274109,0
adl-29-cam0-rgb,data/keypoints/adl/adl-29-cam0-rgb.npz,31,60,0,42,2,1.6952943e-05,0.8294317126274109,0
adl-29-cam0-rgb,data/keypoints/adl/adl-29-cam0-rgb.npz,32,61,0,42,2,1.7139955e-05,0.8294317126274109,0
adl-29-cam0-rgb,data/keypoints/adl/adl-29-cam0-rgb.npz,33,62,0,42,2,1.7360146e-05,0.8294317126274109,0
adl-29-cam0-rgb,data/keypoints/adl/adl-29-cam0-rgb.npz,34,63,0,42,2,1.7555652e-05,0.8294317126274109,0
adl-29-cam0-rgb,data/keypoints/adl/adl-29-cam0-rgb.npz,35,64,0,42,2,1.783527e-05,0.8294317126274109,0
adl-29-cam0-rgb,data/keypoints/adl/adl-29-cam0-rgb.npz,36,65,0,42,2,1.8102884e-05,0.8294317126274109,0
adl-29-cam0-rgb,data/keypoints/adl/adl-29-cam0-rgb.npz,37,66,0,42,2,1.842902e-05,0.8294317126274109,0
adl-29-cam0-rgb,data/keypoints/adl/adl-29-cam0-rgb.npz,38,67,0,42,2,1.893208e-05,0.8294317126274109,0
adl-29-cam0-rgb,data/keypoints/adl/adl-29-cam0-rgb.npz,39,68,0,42,2,1.9492063e-05,0.8294317126274109,0
adl-29-cam0-rgb,data/keypoints/adl/adl-29-cam0-rgb.npz,40,69,0,42,2,1.9921818e-05,0.8294317126274109,0
adl-29-cam0-rgb,data/keypoints/adl/adl-29-cam0-rgb.npz,41,70,0,42,2,2.0462932e-05,0.8294317126274109,0
adl-29-cam0-rgb,data/keypoints/adl/adl-29-cam0-rgb.npz,42,71,0,42,2,2.092311e-05,0.8294317126274109,0
adl-29-cam0-rgb,data/keypoints/adl/adl-29-cam0-rgb.npz,43,72,0,42,2,2.134933e-05,0.8294317126274109,0
adl-29-cam0-rgb,data/keypoints/adl/adl-29-cam0-rgb.npz,44,73,0,42,2,2.1749753e-05,0.8294317126274109,0
adl-29-cam0-rgb,data/keypoints/adl/adl-29-cam0-rgb.npz,45,74,0,42,2,2.2108798e-05,0.8294317126274109,0
adl-29-cam0-rgb,data/keypoints/adl/adl-29-cam0-rgb.npz,46,75,0,42,2,2.2489976e-05,0.8294317126274109,0
adl-29-cam0-rgb,data/keypoints/adl/adl-29-cam0-rgb.npz,47,76,0,42,2,2.2772681e-05,0.8294317126274109,0
adl-29-cam0-rgb,data/keypoints/adl/adl-29-cam0-rgb.npz,48,77,0,42,2,2.2951723e-05,0.8294317126274109,0
adl-29-cam0-rgb,data/keypoints/adl/adl-29-cam0-rgb.npz,49,78,0,42,2,2.321602e-05,0.8294317126274109,0
adl-29-cam0-rgb,data/keypoints/adl/adl-29-cam0-rgb.npz,50,79,0,42,2,2.3468316e-05,0.8294317126274109,0
adl-29-cam0-rgb,data/keypoints/adl/adl-29-cam0-rgb.npz,51,80,0,42,2,2.3690503e-05,0.8294317126274109,0
adl-29-cam0-rgb,data/keypoints/adl/adl-29-cam0-rgb.npz,52,81,0,42,2,2.3982193e-05,0.8294317126274109,0
adl-29-cam0-rgb,data/keypoints/adl/adl-29-cam0-rgb.npz,53,82,0,42,2,2.431422e-05,0.8294317126274109,0
adl-29-cam0-rgb,data/keypoints/adl/adl-29-cam0-rgb.npz,54,83,0,42,2,2.468453e-05,0.8294317126274109,0
adl-29-cam0-rgb,data/keypoints/adl/adl-29-cam0-rgb.npz,55,84,0,42,2,2.496271e-05,0.8294317126274109,0
adl-29-cam0-rgb,data/keypoints/adl/adl-29-cam0-rgb.npz,56,85,0,42,2,2.5194864e-05,0.8294317126274109,0
adl-29-cam0-rgb,data/keypoints/adl/adl-29-cam0-rgb.npz,57,86,0,42,2,2.5428475e-05,0.8294317126274109,0
adl-29-cam0-rgb,data/keypoints/adl/adl-29-cam0-rgb.npz,58,87,0,42,2,2.5662097e-05,0.8294317126274109,0
adl-29-cam0-rgb,data/keypoints/adl/adl-29-cam0-rgb.npz,59,88,0,42,2,2.5810286e-05,0.8294317126274109,0
adl-29-cam0-rgb,data/keypoints/adl/adl-29-cam0-rgb.npz,60,89,0,42,2,2.587903e-05,0.8294317126274109,0
adl-29-cam0-rgb,data/keypoints/adl/adl-29-cam0-rgb.npz,61,90,0,42,2,2.6044465e-05,0.8294317126274109,0
adl-29-cam0-rgb,data/keypoints/adl/adl-29-cam0-rgb.npz,62,91,0,42,2,2.6156174e-05,0.8294317126274109,0
adl-29-cam0-rgb,data/keypoints/adl/adl-29-cam0-rgb.npz,63,92,0,42,2,2.61364e-05,0.8294317126274109,0
adl-29-cam0-rgb,data/keypoints/adl/adl-29-cam0-rgb.npz,64,93,0,42,2,2.631098e-05,0.8294317126274109,0
adl-29-cam0-rgb,data/keypoints/adl/adl-29-cam0-rgb.npz,65,94,0,42,2,2.635146e-05,0.8294317126274109,0
adl-29-cam0-rgb,data/keypoints/adl/adl-29-cam0-rgb.npz,66,95,0,42,2,2.6464006e-05,0.8294317126274109,0
adl-29-cam0-rgb,data/keypoints/adl/adl-29-cam0-rgb.npz,67,96,0,42,2,2.6708596e-05,0.8294317126274109,0
adl-29-cam0-rgb,data/keypoints/adl/adl-29-cam0-rgb.npz,68,97,0,42,2,2.6754124e-05,0.8294317126274109,0
adl-29-cam0-rgb,data/keypoints/adl/adl-29-cam0-rgb.npz,69,98,0,42,2,2.677878e-05,0.8294317126274109,0
adl-29-cam0-rgb,data/keypoints/adl/adl-29-cam0-rgb.npz,70,99,0,42,2,2.6956137e-05,0.8294317126274109,0
adl-29-cam0-rgb,data/keypoints/adl/adl-29-cam0-rgb.npz,71,100,0,42,2,2.7034035e-05,0.8294317126274109,0
adl-29-cam0-rgb,data/keypoints/adl/adl-29-cam0-rgb.npz,72,101,0,42,2,2.715698e-05,0.8294317126274109,0
adl-29-cam0-rgb,data/keypoints/adl/adl-29-cam0-rgb.npz,73,102,0,42,2,2.7463837e-05,0.8294317126274109,0
adl-29-cam0-rgb,data/keypoints/adl/adl-29-cam0-rgb.npz,74,103,0,42,2,2.7849213e-05,0.8294317126274109,0
adl-29-cam0-rgb,data/keypoints/adl/adl-29-cam0-rgb.npz,75,104,0,42,2,2.8277085e-05,0.8294317126274109,0
adl-29-cam0-rgb,data/keypoints/adl/adl-29-cam0-rgb.npz,76,105,0,42,2,2.8481114e-05,0.8294317126274109,0
adl-29-cam0-rgb,data/keypoints/adl/adl-29-cam0-rgb.npz,77,106,0,42,2,2.8519275e-05,0.8294317126274109,0
adl-29-cam0-rgb,data/keypoints/adl/adl-29-cam0-rgb.npz,78,107,0,42,2,2.8736891e-05,0.8294317126274109,0
adl-29-cam0-rgb,data/keypoints/adl/adl-29-cam0-rgb.npz,79,108,0,42,2,2.8884322e-05,0.8294317126274109,0
adl-29-cam0-rgb,data/keypoints/adl/adl-29-cam0-rgb.npz,80,109,0,42,2,2.9017008e-05,0.8294317126274109,0
adl-29-cam0-rgb,data/keypoints/adl/adl-29-cam0-rgb.npz,81,110,0,42,2,2.9167295e-05,0.8294317126274109,0
adl-29-cam0-rgb,data/keypoints/adl/adl-29-cam0-rgb.npz,82,111,0,42,2,2.8429124e-05,0.8294317126274109,0
adl-29-cam0-rgb,data/keypoints/adl/adl-29-cam0-rgb.npz,83,112,0,42,2,2.847446e-05,0.8294317126274109,0
adl-29-cam0-rgb,data/keypoints/adl/adl-29-cam0-rgb.npz,84,113,0,42,2,2.8503751e-05,0.8294317126274109,0
adl-29-cam0-rgb,data/keypoints/adl/adl-29-cam0-rgb.npz,85,114,0,42,2,2.857993e-05,0.8294317126274109,0
adl-29-cam0-rgb,data/keypoints/adl/adl-29-cam0-rgb.npz,86,115,0,42,2,2.8564891e-05,0.8294317126274109,0
adl-29-cam0-rgb,data/keypoints/adl/adl-29-cam0-rgb.npz,87,116,0,42,2,2.858819e-05,0.8294317126274109,0
adl-29-cam0-rgb,data/keypoints/adl/adl-29-cam0-rgb.npz,88,117,0,42,2,2.864974e-05,0.8294317126274109,0
adl-29-cam0-rgb,data/keypoints/adl/adl-29-cam0-rgb.npz,89,118,0,42,2,2.8566119e-05,0.8294317126274109,0
adl-29-cam0-rgb,data/keypoints/adl/adl-29-cam0-rgb.npz,90,119,0,42,2,2.85943e-05,0.8294317126274109,0
adl-29-cam0-rgb,data/keypoints/adl/adl-29-cam0-rgb.npz,91,120,0,42,2,2.8193177e-05,0.8294317126274109,0
adl-29-cam0-rgb,data/keypoints/adl/adl-29-cam0-rgb.npz,92,121,0,42,2,2.7761233e-05,0.8294317126274109,0
adl-29-cam0-rgb,data/keypoints/adl/adl-29-cam0-rgb.npz,93,122,0,42,2,2.76988e-05,0.8294317126274109,0
adl-29-cam0-rgb,data/keypoints/adl/adl-29-cam0-rgb.npz,94,123,0,42,2,2.7588945e-05,0.8294317126274109,0
adl-29-cam0-rgb,data/keypoints/adl/adl-29-cam0-rgb.npz,95,124,0,42,2,2.7566013e-05,0.8294317126274109,0
adl-29-cam0-rgb,data/keypoints/adl/adl-29-cam0-rgb.npz,96,125,0,42,2,2.7538632e-05,0.8294317126274109,0
adl-33-cam0-rgb,data/keypoints/adl/adl-33-cam0-rgb.npz,1,30,0,42,2,9.407859e-05,0.8294317126274109,0
adl-33-cam0-rgb,data/keypoints/adl/adl-33-cam0-rgb.npz,2,31,0,42,2,9.40366e-05,0.8294317126274109,0
adl-33-cam0-rgb,data/keypoints/adl/adl-33-cam0-rgb.npz,3,32,0,42,2,9.4007206e-05,0.8294317126274109,0
adl-33-cam0-rgb,data/keypoints/adl/adl-33-cam0-rgb.npz,4,33,0,42,2,9.397046e-05,0.8294317126274109,0
adl-33-cam0-rgb,data/keypoints/adl/adl-33-cam0-rgb.npz,5,34,0,42,2,9.3944924e-05,0.8294317126274109,0
adl-33-cam0-rgb,data/keypoints/adl/adl-33-cam0-rgb.npz,6,35,0,42,2,9.3922616e-05,0.8294317126274109,0
adl-33-cam0-rgb,data/keypoints/adl/adl-33-cam0-rgb.npz,7,36,0,42,2,9.390122e-05,0.8294317126274109,0
adl-33-cam0-rgb,data/keypoints/adl/adl-33-cam0-rgb.npz,8,37,0,42,2,9.3902556e-05,0.8294317126274109,0
adl-33-cam0-rgb,data/keypoints/adl/adl-33-cam0-rgb.npz,9,38,0,42,2,9.391035e-05,0.8294317126274109,0
adl-33-cam0-rgb,data/keypoints/adl/adl-33-cam0-rgb.npz,10,39,0,42,2,9.390139e-05,0.8294317126274109,0
adl-33-cam0-rgb,data/keypoints/adl/adl-33-cam0-rgb.npz,11,40,0,42,2,9.391562e-05,0.8294317126274109,0
adl-33-cam0-rgb,data/keypoints/adl/adl-33-cam0-rgb.npz,12,41,0,42,2,9.390668e-05,0.8294317126274109,0
adl-33-cam0-rgb,data/keypoints/adl/adl-33-cam0-rgb.npz,13,42,0,42,2,9.389271e-05,0.8294317126274109,0
adl-33-cam0-rgb,data/keypoints/adl/adl-33-cam0-rgb.npz,14,43,0,42,2,9.3851e-05,0.8294317126274109,0
adl-33-cam0-rgb,data/keypoints/adl/adl-33-cam0-rgb.npz,15,44,0,42,2,9.382881e-05,0.8294317126274109,0
adl-33-cam0-rgb,data/keypoints/adl/adl-33-cam0-rgb.npz,16,45,0,42,2,9.378694e-05,0.8294317126274109,0
adl-33-cam0-rgb,data/keypoints/adl/adl-33-cam0-rgb.npz,17,46,0,42,2,9.377111e-05,0.8294317126274109,0
adl-33-cam0-rgb,data/keypoints/adl/adl-33-cam0-rgb.npz,18,47,0,42,2,9.374991e-05,0.8294317126274109,0
adl-33-cam0-rgb,data/keypoints/adl/adl-33-cam0-rgb.npz,19,48,0,42,2,9.376333e-05,0.8294317126274109,0
adl-33-cam0-rgb,data/keypoints/adl/adl-33-cam0-rgb.npz,20,49,0,42,2,9.378909e-05,0.8294317126274109,0
adl-33-cam0-rgb,data/keypoints/adl/adl-33-cam0-rgb.npz,21,50,0,42,2,9.382916e-05,0.8294317126274109,0
adl-33-cam0-rgb,data/keypoints/adl/adl-33-cam0-rgb.npz,22,51,0,42,2,9.388044e-05,0.8294317126274109,0
adl-33-cam0-rgb,data/keypoints/adl/adl-33-cam0-rgb.npz,23,52,0,42,2,9.397736e-05,0.8294317126274109,0
adl-33-cam0-rgb,data/keypoints/adl/adl-33-cam0-rgb.npz,24,53,0,42,2,9.408612e-05,0.8294317126274109,0
adl-33-cam0-rgb,data/keypoints/adl/adl-33-cam0-rgb.npz,25,54,0,42,2,9.42269e-05,0.8294317126274109,0
adl-33-cam0-rgb,data/keypoints/adl/adl-33-cam0-rgb.npz,26,55,0,42,2,9.441237e-05,0.8294317126274109,0
adl-33-cam0-rgb,data/keypoints/adl/adl-33-cam0-rgb.npz,27,56,0,42,2,9.4598094e-05,0.8294317126274109,0
adl-33-cam0-rgb,data/keypoints/adl/adl-33-cam0-rgb.npz,28,57,0,42,2,9.4801566e-05,0.8294317126274109,0
adl-33-cam0-rgb,data/keypoints/adl/adl-33-cam0-rgb.npz,29,58,0,42,2,9.501723e-05,0.8294317126274109,0
adl-33-cam0-rgb,data/keypoints/adl/adl-33-cam0-rgb.npz,30,59,0,42,2,9.5245196e-05,0.8294317126274109,0
adl-33-cam0-rgb,data/keypoints/adl/adl-33-cam0-rgb.npz,31,60,0,42,2,9.545559e-05,0.8294317126274109,0
adl-33-cam0-rgb,data/keypoints/adl/adl-33-cam0-rgb.npz,32,61,0,42,2,9.5656425e-05,0.8294317126274109,0
adl-33-cam0-rgb,data/keypoints/adl/adl-33-cam0-rgb.npz,33,62,0,42,2,9.5836294e-05,0.8294317126274109,0
adl-33-cam0-rgb,data/keypoints/adl/adl-33-cam0-rgb.npz,34,63,0,42,2,9.6009455e-05,0.8294317126274109,0
adl-33-cam0-rgb,data/keypoints/adl/adl-33-cam0-rgb.npz,35,64,0,42,2,9.6133765e-05,0.8294317126274109,0
adl-33-cam0-rgb,data/keypoints/adl/adl-33-cam0-rgb.npz,36,65,0,42,2,9.620475e-05,0.8294317126274109,0
adl-33-cam0-rgb,data/keypoints/adl/adl-33-cam0-rgb.npz,37,66,0,42,2,9.627724e-05,0.8294317126274109,0
adl-33-cam0-rgb,data/keypoints/adl/adl-33-cam0-rgb.npz,38,67,0,42,2,9.633483e-05,0.8294317126274109,0
adl-33-cam0-rgb,data/keypoints/adl/adl-33-cam0-rgb.npz,39,68,0,42,2,9.6377735e-05,0.8294317126274109,0
adl-33-cam0-rgb,data/keypoints/adl/adl-33-cam0-rgb.npz,40,69,0,42,2,9.6417076e-05,0.8294317126274109,0
adl-33-cam0-rgb,data/keypoints/adl/adl-33-cam0-rgb.npz,41,70,0,42,2,9.645469e-05,0.8294317126274109,0
adl-33-cam0-rgb,data/keypoints/adl/adl-33-cam0-rgb.npz,42,71,0,42,2,9.651127e-05,0.8294317126274109,0
adl-33-cam0-rgb,data/keypoints/adl/adl-33-cam0-rgb.npz,43,72,0,42,2,9.6537224e-05,0.8294317126274109,0
adl-33-cam0-rgb,data/keypoints/adl/adl-33-cam0-rgb.npz,44,73,0,42,2,9.657968e-05,0.8294317126274109,0
adl-33-cam0-rgb,data/keypoints/adl/adl-33-cam0-rgb.npz,45,74,0,42,2,9.657323e-05,0.8294317126274109,0
adl-33-cam0-rgb,data/keypoints/adl/adl-33-cam0-rgb.npz,46,75,0,42,2,9.6584e-05,0.8294317126274109,0
adl-33-cam0-rgb,data/keypoints/adl/adl-33-cam0-rgb.npz,47,76,0,42,2,9.6561635e-05,0.8294317126274109,0
adl-33-cam0-rgb,data/keypoints/adl/adl-33-cam0-rgb.npz,48,77,0,42,2,9.653106e-05,0.8294317126274109,0
adl-33-cam0-rgb,data/keypoints/adl/adl-33-cam0-rgb.npz,49,78,0,42,2,9.653041e-05,0.8294317126274109,0
adl-33-cam0-rgb,data/keypoints/adl/adl-33-cam0-rgb.npz,50,79,0,42,2,9.649415e-05,0.8294317126274109,0
adl-33-cam0-rgb,data/keypoints/adl/adl-33-cam0-rgb.npz,51,80,0,42,2,9.6431795e-05,0.8294317126274109,0
adl-33-cam0-rgb,data/keypoints/adl/adl-33-cam0-rgb.npz,52,81,0,42,2,9.643253e-05,0.8294317126274109,0
adl-33-cam0-rgb,data/keypoints/adl/adl-33-cam0-rgb.npz,53,82,0,42,2,9.644972e-05,0.8294317126274109,0
adl-33-cam0-rgb,data/keypoints/adl/adl-33-cam0-rgb.npz,54,83,0,42,2,9.6571384e-05,0.8294317126274109,0
adl-33-cam0-rgb,data/keypoints/adl/adl-33-cam0-rgb.npz,55,84,0,42,2,9.6717275e-05,0.8294317126274109,0
adl-33-cam0-rgb,data/keypoints/adl/adl-33-cam0-rgb.npz,56,85,0,42,2,9.687733e-05,0.8294317126274109,0
adl-33-cam0-rgb,data/keypoints/adl/adl-33-cam0-rgb.npz,57,86,0,42,2,9.700924e-05,0.8294317126274109,0
adl-33-cam0-rgb,data/keypoints/adl/adl-33-cam0-rgb.npz,58,87,0,42,2,9.7013864e-05,0.8294317126274109,0
adl-33-cam0-rgb,data/keypoints/adl/adl-33-cam0-rgb.npz,59,88,0,42,2,9.709559e-05,0.8294317126274109,0
adl-33-cam0-rgb,data/keypoints/adl/adl-33-cam0-rgb.npz,60,89,0,42,2,9.7261654e-05,0.8294317126274109,0
adl-33-cam0-rgb,data/keypoints/adl/adl-33-cam0-rgb.npz,61,90,0,42,2,9.749193e-05,0.8294317126274109,0
adl-33-cam0-rgb,data/keypoints/adl/adl-33-cam0-rgb.npz,62,91,0,42,2,9.7640055e-05,0.8294317126274109,0
adl-33-cam0-rgb,data/keypoints/adl/adl-33-cam0-rgb.npz,63,92,0,42,2,9.784324e-05,0.8294317126274109,0
adl-33-cam0-rgb,data/keypoints/adl/adl-33-cam0-rgb.npz,64,93,0,42,2,9.810886e-05,0.8294317126274109,0
adl-33-cam0-rgb,data/keypoints/adl/adl-33-cam0-rgb.npz,65,94,0,42,2,9.8500794e-05,0.8294317126274109,0
adl-33-cam0-rgb,data/keypoints/adl/adl-33-cam0-rgb.npz,66,95,0,42,2,9.921923e-05,0.8294317126274109,0
adl-33-cam0-rgb,data/keypoints/adl/adl-33-cam0-rgb.npz,67,96,0,42,2,0.00010049307,0.8294317126274109,0
adl-33-cam0-rgb,data/keypoints/adl/adl-33-cam0-rgb.npz,68,97,0,42,2,0.000101574704,0.8294317126274109,0
adl-33-cam0-rgb,data/keypoints/adl/adl-33-cam0-rgb.npz,69,98,0,42,2,0.00010311176,0.8294317126274109,0
adl-33-cam0-rgb,data/keypoints/adl/adl-33-cam0-rgb.npz,70,99,0,42,2,0.000104732964,0.8294317126274109,0
adl-33-cam0-rgb,data/keypoints/adl/adl-33-cam0-rgb.npz,71,100,0,42,2,0.00010570379,0.8294317126274109,0
adl-33-cam0-rgb,data/keypoints/adl/adl-33-cam0-rgb.npz,72,101,0,42,2,0.00010723477,0.8294317126274109,0
adl-33-cam0-rgb,data/keypoints/adl/adl-33-cam0-rgb.npz,73,102,0,42,2,0.00010910677,0.8294317126274109,0
adl-33-cam0-rgb,data/keypoints/adl/adl-33-cam0-rgb.npz,74,103,0,42,2,0.000111091074,0.8294317126274109,0
adl-33-cam0-rgb,data/keypoints/adl/adl-33-cam0-rgb.npz,75,104,0,42,2,0.00011254415,0.8294317126274109,0
adl-33-cam0-rgb,data/keypoints/adl/adl-33-cam0-rgb.npz,76,105,0,42,2,0.000113827205,0.8294317126274109,0
adl-33-cam0-rgb,data/keypoints/adl/adl-33-cam0-rgb.npz,77,106,0,42,2,0.00011508801,0.8294317126274109,0
adl-33-cam0-rgb,data/keypoints/adl/adl-33-cam0-rgb.npz,78,107,0,42,2,0.0001163772,0.8294317126274109,0
adl-33-cam0-rgb,data/keypoints/adl/adl-33-cam0-rgb.npz,79,108,0,42,2,0.00011975937,0.8294317126274109,0
adl-33-cam0-rgb,data/keypoints/adl/adl-33-cam0-rgb.npz,80,109,0,42,2,0.00011437731,0.8294317126274109,0
adl-33-cam0-rgb,data/keypoints/adl/adl-33-cam0-rgb.npz,81,110,0,42,2,0.00011622604,0.8294317126274109,0
adl-33-cam0-rgb,data/keypoints/adl/adl-33-cam0-rgb.npz,82,111,0,42,2,0.00011816752,0.8294317126274109,0
adl-33-cam0-rgb,data/keypoints/adl/adl-33-cam0-rgb.npz,83,112,0,42,2,0.00011934135,0.8294317126274109,0
adl-33-cam0-rgb,data/keypoints/adl/adl-33-cam0-rgb.npz,84,113,0,42,2,0.000119271936,0.8294317126274109,0
adl-33-cam0-rgb,data/keypoints/adl/adl-33-cam0-rgb.npz,85,114,0,42,2,0.00011964158,0.8294317126274109,0
adl-33-cam0-rgb,data/keypoints/adl/adl-33-cam0-rgb.npz,86,115,0,42,2,0.00012026668,0.8294317126274109,0
adl-33-cam0-rgb,data/keypoints/adl/adl-33-cam0-rgb.npz,87,116,0,42,2,0.00012045789,0.8294317126274109,0
adl-33-cam0-rgb,data/keypoints/adl/adl-33-cam0-rgb.npz,88,117,0,42,2,0.000120352604,0.8294317126274109,0
adl-33-cam0-rgb,data/keypoints/adl/adl-33-cam0-rgb.npz,89,118,0,42,2,0.00012072064,0.8294317126274109,0
adl-33-cam0-rgb,data/keypoints/adl/adl-33-cam0-rgb.npz,90,119,0,42,2,0.00012108865,0.8294317126274109,0
adl-33-cam0-rgb,data/keypoints/adl/adl-33-cam0-rgb.npz,91,120,0,42,2,0.00012142801,0.8294317126274109,0
adl-33-cam0-rgb,data/keypoints/adl/adl-33-cam0-rgb.npz,92,121,0,42,2,0.00012206874,0.8294317126274109,0
adl-33-cam0-rgb,data/keypoints/adl/adl-33-cam0-rgb.npz,93,122,0,42,2,0.00012265891,0.8294317126274109,0
adl-33-cam0-rgb,data/keypoints/adl/adl-33-cam0-rgb.npz,94,123,0,42,2,0.00012314292,0.8294317126274109,0
adl-33-cam0-rgb,data/keypoints/adl/adl-33-cam0-rgb.npz,95,124,0,42,2,0.00012364335,0.8294317126274109,0
adl-33-cam0-rgb,data/keypoints/adl/adl-33-cam0-rgb.npz,96,125,0,42,2,0.0001246227,0.8294317126274109,0
adl-33-cam0-rgb,data/keypoints/adl/adl-33-cam0-rgb.npz,97,126,0,42,2,0.00012640056,0.8294317126274109,0
adl-33-cam0-rgb,data/keypoints/adl/adl-33-cam0-rgb.npz,98,127,0,42,2,0.0001289172,0.8294317126274109,0
adl-33-cam0-rgb,data/keypoints/adl/adl-33-cam0-rgb.npz,99,128,0,42,2,0.00013113629,0.8294317126274109,0
adl-33-cam0-rgb,data/keypoints/adl/adl-33-cam0-rgb.npz,100,129,0,42,2,0.00013306946,0.8294317126274109,0
adl-33-cam0-rgb,data/keypoints/adl/adl-33-cam0-rgb.npz,101,130,0,42,2,0.00013473096,0.8294317126274109,0
adl-33-cam0-rgb,data/keypoints/adl/adl-33-cam0-rgb.npz,102,131,0,42,2,0.0001367102,0.8294317126274109,0
adl-33-cam0-rgb,data/keypoints/adl/adl-33-cam0-rgb.npz,103,132,0,42,2,0.00013860824,0.8294317126274109,0
adl-33-cam0-rgb,data/keypoints/adl/adl-33-cam0-rgb.npz,104,133,0,42,2,0.0001426632,0.8294317126274109,0
adl-33-cam0-rgb,data/keypoints/adl/adl-33-cam0-rgb.npz,105,134,0,42,2,0.00014399846,0.8294317126274109,0
adl-33-cam0-rgb,data/keypoints/adl/adl-33-cam0-rgb.npz,106,135,0,42,2,0.0001454021,0.8294317126274109,0
adl-33-cam0-rgb,data/keypoints/adl/adl-33-cam0-rgb.npz,107,136,0,42,2,0.00014684278,0.8294317126274109,0
adl-33-cam0-rgb,data/keypoints/adl/adl-33-cam0-rgb.npz,108,137,0,42,2,0.00015142583,0.8294317126274109,0
adl-33-cam0-rgb,data/keypoints/adl/adl-33-cam0-rgb.npz,109,138,0,42,2,0.00015445761,0.8294317126274109,0
adl-33-cam0-rgb,data/keypoints/adl/adl-33-cam0-rgb.npz,110,139,0,42,2,0.00015826695,0.8294317126274109,0
adl-33-cam0-rgb,data/keypoints/adl/adl-33-cam0-rgb.npz,111,140,0,42,2,0.00016151069,0.8294317126274109,0
adl-33-cam0-rgb,data/keypoints/adl/adl-33-cam0-rgb.npz,112,141,0,42,2,0.00016491079,0.8294317126274109,0
adl-33-cam0-rgb,data/keypoints/adl/adl-33-cam0-rgb.npz,113,142,0,42,2,0.00016862284,0.8294317126274109,0
adl-33-cam0-rgb,data/keypoints/adl/adl-33-cam0-rgb.npz,114,143,0,42,2,0.00017118345,0.8294317126274109,0
adl-33-cam0-rgb,data/keypoints/adl/adl-33-cam0-rgb.npz,115,144,0,42,2,0.00017396544,0.8294317126274109,0
adl-33-cam0-rgb,data/keypoints/adl/adl-33-cam0-rgb.npz,116,145,0,42,2,0.00017599342,0.8294317126274109,0
adl-33-cam0-rgb,data/keypoints/adl/adl-33-cam0-rgb.npz,117,146,0,42,2,0.00017826007,0.8294317126274109,0
adl-33-cam0-rgb,data/keypoints/adl/adl-33-cam0-rgb.npz,118,147,0,42,2,0.00018148626,0.8294317126274109,0
adl-33-cam0-rgb,data/keypoints/adl/adl-33-cam0-rgb.npz,119,148,0,42,2,0.00018279049,0.8294317126274109,0
adl-33-cam0-rgb,data/keypoints/adl/adl-33-cam0-rgb.npz,120,149,0,42,2,0.00018593603,0.8294317126274109,0
adl-33-cam0-rgb,data/keypoints/adl/adl-33-cam0-rgb.npz,121,150,0,42,2,0.00018779097,0.8294317126274109,0
adl-33-cam0-rgb,data/keypoints/adl/adl-33-cam0-rgb.npz,122,151,0,42,2,0.00019100794,0.8294317126274109,0
adl-33-cam0-rgb,data/keypoints/adl/adl-33-cam0-rgb.npz,123,152,0,42,2,0.00016770119,0.8294317126274109,0
adl-33-cam0-rgb,data/keypoints/adl/adl-33-cam0-rgb.npz,124,153,0,42,2,0.000169043,0.8294317126274109,0
adl-33-cam0-rgb,data/keypoints/adl/adl-33-cam0-rgb.npz,125,154,0,42,2,0.0001706235,0.8294317126274109,0
adl-33-cam0-rgb,data/keypoints/adl/adl-33-cam0-rgb.npz,126,155,0,42,2,0.00017227433,0.8294317126274109,0
adl-33-cam0-rgb,data/keypoints/adl/adl-33-cam0-rgb.npz,127,156,0,42,2,0.00020092791,0.8294317126274109,0
adl-33-cam0-rgb,data/keypoints/adl/adl-33-cam0-rgb.npz,128,157,0,42,2,0.00021065895,0.8294317126274109,0
adl-33-cam0-rgb,data/keypoints/adl/adl-33-cam0-rgb.npz,129,158,0,42,2,0.00021366762,0.8294317126274109,0
adl-33-cam0-rgb,data/keypoints/adl/adl-33-cam0-rgb.npz,130,159,0,42,2,0.00021537243,0.8294317126274109,0
adl-33-cam0-rgb,data/keypoints/adl/adl-33-cam0-rgb.npz,131,160,0,42,2,0.00021943181,0.8294317126274109,0
adl-33-cam0-rgb,data/keypoints/adl/adl-33-cam0-rgb.npz,132,161,0,42,2,0.0002285533,0.8294317126274109,0
adl-33-cam0-rgb,data/keypoints/adl/adl-33-cam0-rgb.npz,133,162,0,42,2,0.00023012506,0.8294317126274109,0
adl-33-cam0-rgb,data/keypoints/adl/adl-33-cam0-rgb.npz,134,163,0,42,2,0.00023143251,0.8294317126274109,0
adl-33-cam0-rgb,data/keypoints/adl/adl-33-cam0-rgb.npz,135,164,0,42,2,0.00023337449,0.8294317126274109,0
adl-33-cam0-rgb,data/keypoints/adl/adl-33-cam0-rgb.npz,136,165,0,42,2,0.00023530291,0.8294317126274109,0
adl-33-cam0-rgb,data/keypoints/adl/adl-33-cam0-rgb.npz,137,166,0,42,2,0.00024095626,0.8294317126274109,0
adl-33-cam0-rgb,data/keypoints/adl/adl-33-cam0-rgb.npz,138,167,0,42,2,0.00023711969,0.8294317126274109,0
adl-33-cam0-rgb,data/keypoints/adl/adl-33-cam0-rgb.npz,139,168,0,42,2,0.00024215523,0.8294317126274109,0
adl-33-cam0-rgb,data/keypoints/adl/adl-33-cam0-rgb.npz,140,169,0,42,2,0.0002470507,0.8294317126274109,0
adl-33-cam0-rgb,data/keypoints/adl/adl-33-cam0-rgb.npz,141,170,0,42,2,0.00024696052,0.8294317126274109,0
adl-33-cam0-rgb,data/keypoints/adl/adl-33-cam0-rgb.npz,142,171,0,42,2,0.00025014355,0.8294317126274109,0
adl-33-cam0-rgb,data/keypoints/adl/adl-33-cam0-rgb.npz,143,172,0,42,2,0.00025208987,0.8294317126274109,0
adl-33-cam0-rgb,data/keypoints/adl/adl-33-cam0-rgb.npz,144,173,0,42,2,0.00025270422,0.8294317126274109,0
adl-33-cam0-rgb,data/keypoints/adl/adl-33-cam0-rgb.npz,145,174,0,42,2,0.00024970848,0.8294317126274109,0
adl-33-cam0-rgb,data/keypoints/adl/adl-33-cam0-rgb.npz,146,175,0,42,2,0.0002448754,0.8294317126274109,0
adl-33-cam0-rgb,data/keypoints/adl/adl-33-cam0-rgb.npz,147,176,0,42,2,0.00024141201,0.8294317126274109,0
adl-33-cam0-rgb,data/keypoints/adl/adl-33-cam0-rgb.npz,148,177,0,42,2,0.00023785923,0.8294317126274109,0
adl-33-cam0-rgb,data/keypoints/adl/adl-33-cam0-rgb.npz,149,178,0,42,2,0.00024259916,0.8294317126274109,0
adl-33-cam0-rgb,data/keypoints/adl/adl-33-cam0-rgb.npz,150,179,0,42,2,0.0002328566,0.8294317126274109,0
adl-33-cam0-rgb,data/keypoints/adl/adl-33-cam0-rgb.npz,151,180,0,42,2,0.00021280737,0.8294317126274109,0
adl-33-cam0-rgb,data/keypoints/adl/adl-33-cam0-rgb.npz,152,181,0,42,2,0.00021104053,0.8294317126274109,0
adl-33-cam0-rgb,data/keypoints/adl/adl-33-cam0-rgb.npz,153,182,0,42,2,0.00019904967,0.8294317126274109,0
adl-33-cam0-rgb,data/keypoints/adl/adl-33-cam0-rgb.npz,154,183,0,42,2,0.00019529762,0.8294317126274109,0
adl-33-cam0-rgb,data/keypoints/adl/adl-33-cam0-rgb.npz,155,184,0,42,2,0.00019128587,0.8294317126274109,0
adl-33-cam0-rgb,data/keypoints/adl/adl-33-cam0-rgb.npz,156,185,0,42,2,0.00018729459,0.8294317126274109,0
adl-33-cam0-rgb,data/keypoints/adl/adl-33-cam0-rgb.npz,157,186,0,42,2,0.00018471885,0.8294317126274109,0
adl-33-cam0-rgb,data/keypoints/adl/adl-33-cam0-rgb.npz,158,187,0,42,2,0.00017712676,0.8294317126274109,0
adl-33-cam0-rgb,data/keypoints/adl/adl-33-cam0-rgb.npz,159,188,0,42,2,0.00017655364,0.8294317126274109,0
adl-33-cam0-rgb,data/keypoints/adl/adl-33-cam0-rgb.npz,160,189,0,42,2,0.00017596356,0.8294317126274109,0
adl-33-cam0-rgb,data/keypoints/adl/adl-33-cam0-rgb.npz,161,190,0,42,2,0.00017424651,0.8294317126274109,0
adl-33-cam0-rgb,data/keypoints/adl/adl-33-cam0-rgb.npz,162,191,0,42,2,0.00017695928,0.8294317126274109,0
adl-33-cam0-rgb,data/keypoints/adl/adl-33-cam0-rgb.npz,163,192,0,42,2,0.00017750956,0.8294317126274109,0
adl-33-cam0-rgb,data/keypoints/adl/adl-33-cam0-rgb.npz,164,193,0,42,2,0.00017781158,0.8294317126274109,0
adl-33-cam0-rgb,data/keypoints/adl/adl-33-cam0-rgb.npz,165,194,0,42,2,0.00017794456,0.8294317126274109,0
adl-33-cam0-rgb,data/keypoints/adl/adl-33-cam0-rgb.npz,166,195,0,42,2,0.00017735863,0.8294317126274109,0
adl-33-cam0-rgb,data/keypoints/adl/adl-33-cam0-rgb.npz,167,196,0,42,2,0.00017605638,0.8294317126274109,0
adl-33-cam0-rgb,data/keypoints/adl/adl-33-cam0-rgb.npz,168,197,0,42,2,0.00017379137,0.8294317126274109,0
adl-33-cam0-rgb,data/keypoints/adl/adl-33-cam0-rgb.npz,169,198,0,42,2,0.00017212787,0.8294317126274109,0
adl-33-cam0-rgb,data/keypoints/adl/adl-33-cam0-rgb.npz,170,199,0,42,2,0.000170424,0.8294317126274109,0
adl-33-cam0-rgb,data/keypoints/adl/adl-33-cam0-rgb.npz,171,200,0,42,2,0.00016871163,0.8294317126274109,0
adl-37-cam0-rgb,data/keypoints/adl/adl-37-cam0-rgb.npz,4,33,0,42,2,2.8002345e-05,0.8294317126274109,0
adl-37-cam0-rgb,data/keypoints/adl/adl-37-cam0-rgb.npz,5,34,0,42,2,2.4496434e-05,0.8294317126274109,0
adl-37-cam0-rgb,data/keypoints/adl/adl-37-cam0-rgb.npz,6,35,0,42,2,2.4491435e-05,0.8294317126274109,0
adl-37-cam0-rgb,data/keypoints/adl/adl-37-cam0-rgb.npz,7,36,0,42,2,2.448688e-05,0.8294317126274109,0
adl-37-cam0-rgb,data/keypoints/adl/adl-37-cam0-rgb.npz,8,37,0,42,2,2.4481486e-05,0.8294317126274109,0
adl-37-cam0-rgb,data/keypoints/adl/adl-37-cam0-rgb.npz,9,38,0,42,2,2.4455841e-05,0.8294317126274109,0
adl-37-cam0-rgb,data/keypoints/adl/adl-37-cam0-rgb.npz,10,39,0,42,2,2.444395e-05,0.8294317126274109,0
adl-37-cam0-rgb,data/keypoints/adl/adl-37-cam0-rgb.npz,11,40,0,42,2,2.4433066e-05,0.8294317126274109,0
adl-37-cam0-rgb,data/keypoints/adl/adl-37-cam0-rgb.npz,12,41,0,42,2,2.442328e-05,0.8294317126274109,0
adl-37-cam0-rgb,data/keypoints/adl/adl-37-cam0-rgb.npz,13,42,0,42,2,2.4413173e-05,0.8294317126274109,0
adl-37-cam0-rgb,data/keypoints/adl/adl-37-cam0-rgb.npz,14,43,0,42,2,2.4361405e-05,0.8294317126274109,0
adl-37-cam0-rgb,data/keypoints/adl/adl-37-cam0-rgb.npz,15,44,0,42,2,2.7688102e-05,0.8294317126274109,0
adl-37-cam0-rgb,data/keypoints/adl/adl-37-cam0-rgb.npz,16,45,0,42,2,2.7666088e-05,0.8294317126274109,0
adl-37-cam0-rgb,data/keypoints/adl/adl-37-cam0-rgb.npz,17,46,0,42,2,2.7665428e-05,0.8294317126274109,0
adl-37-cam0-rgb,data/keypoints/adl/adl-37-cam0-rgb.npz,18,47,0,42,2,2.7661496e-05,0.8294317126274109,0
adl-37-cam0-rgb,data/keypoints/adl/adl-37-cam0-rgb.npz,19,48,0,42,2,2.7615424e-05,0.8294317126274109,0
adl-37-cam0-rgb,data/keypoints/adl/adl-37-cam0-rgb.npz,20,49,0,42,2,2.7545148e-05,0.8294317126274109,0
adl-37-cam0-rgb,data/keypoints/adl/adl-37-cam0-rgb.npz,21,50,0,42,2,2.6401745e-05,0.8294317126274109,0
adl-37-cam0-rgb,data/keypoints/adl/adl-37-cam0-rgb.npz,22,51,0,42,2,2.6339401e-05,0.8294317126274109,0
adl-37-cam0-rgb,data/keypoints/adl/adl-37-cam0-rgb.npz,23,52,0,42,2,2.6278683e-05,0.8294317126274109,0
adl-37-cam0-rgb,data/keypoints/adl/adl-37-cam0-rgb.npz,24,53,0,42,2,2.6218608e-05,0.8294317126274109,0
adl-37-cam0-rgb,data/keypoints/adl/adl-37-cam0-rgb.npz,25,54,0,42,2,2.6168545e-05,0.8294317126274109,0
adl-37-cam0-rgb,data/keypoints/adl/adl-37-cam0-rgb.npz,26,55,0,42,2,2.6104863e-05,0.8294317126274109,0
adl-37-cam0-rgb,data/keypoints/adl/adl-37-cam0-rgb.npz,27,56,0,42,2,2.6065534e-05,0.8294317126274109,0
adl-37-cam0-rgb,data/keypoints/adl/adl-37-cam0-rgb.npz,28,57,0,42,2,2.603781e-05,0.8294317126274109,0
adl-37-cam0-rgb,data/keypoints/adl/adl-37-cam0-rgb.npz,29,58,0,42,2,2.601547e-05,0.8294317126274109,0
adl-37-cam0-rgb,data/keypoints/adl/adl-37-cam0-rgb.npz,30,59,0,42,2,2.5997986e-05,0.8294317126274109,0
adl-37-cam0-rgb,data/keypoints/adl/adl-37-cam0-rgb.npz,31,60,0,42,2,2.5958345e-05,0.8294317126274109,0
adl-37-cam0-rgb,data/keypoints/adl/adl-37-cam0-rgb.npz,32,61,0,42,2,2.5914444e-05,0.8294317126274109,0
adl-37-cam0-rgb,data/keypoints/adl/adl-37-cam0-rgb.npz,33,62,0,42,2,2.5866493e-05,0.8294317126274109,0
adl-37-cam0-rgb,data/keypoints/adl/adl-37-cam0-rgb.npz,34,63,0,42,2,2.5839056e-05,0.8294317126274109,0
adl-37-cam0-rgb,data/keypoints/adl/adl-37-cam0-rgb.npz,35,64,0,42,2,2.5796044e-05,0.8294317126274109,0
adl-37-cam0-rgb,data/keypoints/adl/adl-37-cam0-rgb.npz,36,65,0,42,2,2.5755407e-05,0.8294317126274109,0
adl-37-cam0-rgb,data/keypoints/adl/adl-37-cam0-rgb.npz,37,66,0,42,2,2.5756957e-05,0.8294317126274109,0
adl-37-cam0-rgb,data/keypoints/adl/adl-37-cam0-rgb.npz,38,67,0,42,2,2.5763835e-05,0.8294317126274109,0
adl-37-cam0-rgb,data/keypoints/adl/adl-37-cam0-rgb.npz,39,68,0,42,2,2.5696625e-05,0.8294317126274109,0
adl-37-cam0-rgb,data/keypoints/adl/adl-37-cam0-rgb.npz,40,69,0,42,2,2.5740334e-05,0.8294317126274109,0
adl-37-cam0-rgb,data/keypoints/adl/adl-37-cam0-rgb.npz,41,70,0,42,2,2.5771378e-05,0.8294317126274109,0
adl-37-cam0-rgb,data/keypoints/adl/adl-37-cam0-rgb.npz,42,71,0,42,2,2.5796435e-05,0.8294317126274109,0
adl-37-cam0-rgb,data/keypoints/adl/adl-37-cam0-rgb.npz,43,72,0,42,2,2.583181e-05,0.8294317126274109,0
adl-37-cam0-rgb,data/keypoints/adl/adl-37-cam0-rgb.npz,44,73,0,42,2,2.586869e-05,0.8294317126274109,0
adl-37-cam0-rgb,data/keypoints/adl/adl-37-cam0-rgb.npz,45,74,0,42,2,2.5912936e-05,0.8294317126274109,0
adl-37-cam0-rgb,data/keypoints/adl/adl-37-cam0-rgb.npz,46,75,0,42,2,2.5953643e-05,0.8294317126274109,0
adl-37-cam0-rgb,data/keypoints/adl/adl-37-cam0-rgb.npz,47,76,0,42,2,2.5981304e-05,0.8294317126274109,0
adl-37-cam0-rgb,data/keypoints/adl/adl-37-cam0-rgb.npz,48,77,0,42,2,2.6023012e-05,0.8294317126274109,0
adl-37-cam0-rgb,data/keypoints/adl/adl-37-cam0-rgb.npz,49,78,0,42,2,2.60911e-05,0.8294317126274109,0
adl-37-cam0-rgb,data/keypoints/adl/adl-37-cam0-rgb.npz,50,79,0,42,2,2.6132537e-05,0.8294317126274109,0
adl-37-cam0-rgb,data/keypoints/adl/adl-37-cam0-rgb.npz,51,80,0,42,2,2.6171467e-05,0.8294317126274109,0
adl-37-cam0-rgb,data/keypoints/adl/adl-37-cam0-rgb.npz,52,81,0,42,2,2.6215255e-05,0.8294317126274109,0
adl-37-cam0-rgb,data/keypoints/adl/adl-37-cam0-rgb.npz,53,82,0,42,2,2.625536e-05,0.8294317126274109,0
adl-37-cam0-rgb,data/keypoints/adl/adl-37-cam0-rgb.npz,54,83,0,42,2,2.6307367e-05,0.8294317126274109,0
adl-37-cam0-rgb,data/keypoints/adl/adl-37-cam0-rgb.npz,55,84,0,42,2,2.6358271e-05,0.8294317126274109,0
adl-37-cam0-rgb,data/keypoints/adl/adl-37-cam0-rgb.npz,56,85,0,42,2,2.640776e-05,0.8294317126274109,0
adl-37-cam0-rgb,data/keypoints/adl/adl-37-cam0-rgb.npz,57,86,0,42,2,2.6438453e-05,0.8294317126274109,0
adl-37-cam0-rgb,data/keypoints/adl/adl-37-cam0-rgb.npz,58,87,0,42,2,2.6501055e-05,0.8294317126274109,0
adl-37-cam0-rgb,data/keypoints/adl/adl-37-cam0-rgb.npz,59,88,0,42,2,2.6518348e-05,0.8294317126274109,0
adl-37-cam0-rgb,data/keypoints/adl/adl-37-cam0-rgb.npz,60,89,0,42,2,2.6547039e-05,0.8294317126274109,0
adl-37-cam0-rgb,data/keypoints/adl/adl-37-cam0-rgb.npz,61,90,0,42,2,2.6600157e-05,0.8294317126274109,0
adl-37-cam0-rgb,data/keypoints/adl/adl-37-cam0-rgb.npz,62,91,0,42,2,2.6630769e-05,0.8294317126274109,0
adl-37-cam0-rgb,data/keypoints/adl/adl-37-cam0-rgb.npz,63,92,0,42,2,2.6684382e-05,0.8294317126274109,0
adl-37-cam0-rgb,data/keypoints/adl/adl-37-cam0-rgb.npz,64,93,0,42,2,2.6754098e-05,0.8294317126274109,0
adl-37-cam0-rgb,data/keypoints/adl/adl-37-cam0-rgb.npz,65,94,0,42,2,2.6798503e-05,0.8294317126274109,0
adl-37-cam0-rgb,data/keypoints/adl/adl-37-cam0-rgb.npz,66,95,0,42,2,2.6843725e-05,0.8294317126274109,0
adl-37-cam0-rgb,data/keypoints/adl/adl-37-cam0-rgb.npz,67,96,0,42,2,2.6882302e-05,0.8294317126274109,0
adl-37-cam0-rgb,data/keypoints/adl/adl-37-cam0-rgb.npz,68,97,0,42,2,2.6921914e-05,0.8294317126274109,0
adl-37-cam0-rgb,data/keypoints/adl/adl-37-cam0-rgb.npz,69,98,0,42,2,2.6987414e-05,0.8294317126274109,0
adl-37-cam0-rgb,data/keypoints/adl/adl-37-cam0-rgb.npz,70,99,0,42,2,2.7076892e-05,0.8294317126274109,0
adl-37-cam0-rgb,data/keypoints/adl/adl-37-cam0-rgb.npz,71,100,0,42,2,2.7115422e-05,0.8294317126274109,0
adl-37-cam0-rgb,data/keypoints/adl/adl-37-cam0-rgb.npz,72,101,0,42,2,2.7138469e-05,0.8294317126274109,0
adl-37-cam0-rgb,data/keypoints/adl/adl-37-cam0-rgb.npz,73,102,0,42,2,2.717745e-05,0.8294317126274109,0
adl-37-cam0-rgb,data/keypoints/adl/adl-37-cam0-rgb.npz,74,103,0,42,2,2.72032e-05,0.8294317126274109,0
adl-37-cam0-rgb,data/keypoints/adl/adl-37-cam0-rgb.npz,75,104,0,42,2,2.7246399e-05,0.8294317126274109,0
adl-37-cam0-rgb,data/keypoints/adl/adl-37-cam0-rgb.npz,76,105,0,42,2,2.725695e-05,0.8294317126274109,0
adl-37-cam0-rgb,data/keypoints/adl/adl-37-cam0-rgb.npz,77,106,0,42,2,2.727536e-05,0.8294317126274109,0
adl-37-cam0-rgb,data/keypoints/adl/adl-37-cam0-rgb.npz,78,107,0,42,2,2.7314483e-05,0.8294317126274109,0
adl-37-cam0-rgb,data/keypoints/adl/adl-37-cam0-rgb.npz,79,108,0,42,2,2.7360158e-05,0.8294317126274109,0
adl-37-cam0-rgb,data/keypoints/adl/adl-37-cam0-rgb.npz,80,109,0,42,2,2.7406275e-05,0.8294317126274109,0
adl-37-cam0-rgb,data/keypoints/adl/adl-37-cam0-rgb.npz,81,110,0,42,2,2.7439803e-05,0.8294317126274109,0
adl-37-cam0-rgb,data/keypoints/adl/adl-37-cam0-rgb.npz,82,111,0,42,2,2.7492084e-05,0.8294317126274109,0
adl-37-cam0-rgb,data/keypoints/adl/adl-37-cam0-rgb.npz,83,112,0,42,2,2.7525766e-05,0.8294317126274109,0
adl-37-cam0-rgb,data/keypoints/adl/adl-37-cam0-rgb.npz,84,113,0,42,2,2.7556918e-05,0.8294317126274109,0
adl-37-cam0-rgb,data/keypoints/adl/adl-37-cam0-rgb.npz,85,114,0,42,2,2.7574455e-05,0.8294317126274109,0
adl-37-cam0-rgb,data/keypoints/adl/adl-37-cam0-rgb.npz,86,115,0,42,2,2.7596363e-05,0.8294317126274109,0
adl-37-cam0-rgb,data/keypoints/adl/adl-37-cam0-rgb.npz,87,116,0,42,2,2.7603364e-05,0.8294317126274109,0
adl-37-cam0-rgb,data/keypoints/adl/adl-37-cam0-rgb.npz,88,117,0,42,2,2.7613896e-05,0.8294317126274109,0
adl-37-cam0-rgb,data/keypoints/adl/adl-37-cam0-rgb.npz,89,118,0,42,2,2.761611e-05,0.8294317126274109,0
adl-37-cam0-rgb,data/keypoints/adl/adl-37-cam0-rgb.npz,90,119,0,42,2,2.761561e-05,0.8294317126274109,0
adl-37-cam0-rgb,data/keypoints/adl/adl-37-cam0-rgb.npz,91,120,0,42,2,2.7614977e-05,0.8294317126274109,0
adl-37-cam0-rgb,data/keypoints/adl/adl-37-cam0-rgb.npz,92,121,0,42,2,2.761956e-05,0.8294317126274109,0
adl-37-cam0-rgb,data/keypoints/adl/adl-37-cam0-rgb.npz,93,122,0,42,2,2.7610184e-05,0.8294317126274109,0
adl-37-cam0-rgb,data/keypoints/adl/adl-37-cam0-rgb.npz,94,123,0,42,2,2.759939e-05,0.8294317126274109,0
adl-37-cam0-rgb,data/keypoints/adl/adl-37-cam0-rgb.npz,95,124,0,42,2,2.7594735e-05,0.8294317126274109,0
adl-37-cam0-rgb,data/keypoints/adl/adl-37-cam0-rgb.npz,96,125,0,42,2,2.7618426e-05,0.8294317126274109,0
adl-37-cam0-rgb,data/keypoints/adl/adl-37-cam0-rgb.npz,97,126,0,42,2,2.7625407e-05,0.8294317126274109,0
adl-37-cam0-rgb,data/keypoints/adl/adl-37-cam0-rgb.npz,98,127,0,42,2,2.7638689e-05,0.8294317126274109,0
adl-37-cam0-rgb,data/keypoints/adl/adl-37-cam0-rgb.npz,99,128,0,42,2,2.7650633e-05,0.8294317126274109,0
adl-37-cam0-rgb,data/keypoints/adl/adl-37-cam0-rgb.npz,100,129,0,42,2,2.7664082e-05,0.8294317126274109,0
adl-37-cam0-rgb,data/keypoints/adl/adl-37-cam0-rgb.npz,101,130,0,42,2,2.7668884e-05,0.8294317126274109,0
adl-37-cam0-rgb,data/keypoints/adl/adl-37-cam0-rgb.npz,102,131,0,42,2,2.7691007e-05,0.8294317126274109,0
adl-37-cam0-rgb,data/keypoints/adl/adl-37-cam0-rgb.npz,103,132,0,42,2,2.7707702e-05,0.8294317126274109,0
adl-37-cam0-rgb,data/keypoints/adl/adl-37-cam0-rgb.npz,104,133,0,42,2,2.7736569e-05,0.8294317126274109,0
adl-37-cam0-rgb,data/keypoints/adl/adl-37-cam0-rgb.npz,105,134,0,42,2,2.7763377e-05,0.8294317126274109,0
adl-37-cam0-rgb,data/keypoints/adl/adl-37-cam0-rgb.npz,106,135,0,42,2,2.7789258e-05,0.8294317126274109,0
adl-37-cam0-rgb,data/keypoints/adl/adl-37-cam0-rgb.npz,107,136,0,42,2,2.781487e-05,0.8294317126274109,0
adl-37-cam0-rgb,data/keypoints/adl/adl-37-cam0-rgb.npz,108,137,0,42,2,2.784284e-05,0.8294317126274109,0
adl-37-cam0-rgb,data/keypoints/adl/adl-37-cam0-rgb.npz,109,138,0,42,2,2.7872224e-05,0.8294317126274109,0
adl-37-cam0-rgb,data/keypoints/adl/adl-37-cam0-rgb.npz,110,139,0,42,2,2.7904565e-05,0.8294317126274109,0
adl-37-cam0-rgb,data/keypoints/adl/adl-37-cam0-rgb.npz,111,140,0,42,2,2.7941285e-05,0.8294317126274109,0
adl-37-cam0-rgb,data/keypoints/adl/adl-37-cam0-rgb.npz,112,141,0,42,2,2.7964341e-05,0.8294317126274109,0
adl-37-cam0-rgb,data/keypoints/adl/adl-37-cam0-rgb.npz,113,142,0,42,2,2.7993214e-05,0.8294317126274109,0
adl-37-cam0-rgb,data/keypoints/adl/adl-37-cam0-rgb.npz,114,143,0,42,2,2.801399e-05,0.8294317126274109,0
adl-37-cam0-rgb,data/keypoints/adl/adl-37-cam0-rgb.npz,115,144,0,42,2,2.8038927e-05,0.8294317126274109,0
adl-37-cam0-rgb,data/keypoints/adl/adl-37-cam0-rgb.npz,116,145,0,42,2,2.8061158e-05,0.8294317126274109,0
adl-37-cam0-rgb,data/keypoints/adl/adl-37-cam0-rgb.npz,117,146,0,42,2,2.8086748e-05,0.8294317126274109,0
adl-37-cam0-rgb,data/keypoints/adl/adl-37-cam0-rgb.npz,118,147,0,42,2,2.810159e-05,0.8294317126274109,0
adl-37-cam0-rgb,data/keypoints/adl/adl-37-cam0-rgb.npz,119,148,0,42,2,2.8099419e-05,0.8294317126274109,0
adl-37-cam0-rgb,data/keypoints/adl/adl-37-cam0-rgb.npz,120,149,0,42,2,2.8094999e-05,0.8294317126274109,0
adl-37-cam0-rgb,data/keypoints/adl/adl-37-cam0-rgb.npz,121,150,0,42,2,2.8055136e-05,0.8294317126274109,0
adl-37-cam0-rgb,data/keypoints/adl/adl-37-cam0-rgb.npz,122,151,0,42,2,2.7990996e-05,0.8294317126274109,0
adl-37-cam0-rgb,data/keypoints/adl/adl-37-cam0-rgb.npz,123,152,0,42,2,2.7933213e-05,0.8294317126274109,0
adl-37-cam0-rgb,data/keypoints/adl/adl-37-cam0-rgb.npz,124,153,0,42,2,2.7877008e-05,0.8294317126274109,0
adl-37-cam0-rgb,data/keypoints/adl/adl-37-cam0-rgb.npz,125,154,0,42,2,2.7836044e-05,0.8294317126274109,0
adl-37-cam0-rgb,data/keypoints/adl/adl-37-cam0-rgb.npz,126,155,0,42,2,2.7786742e-05,0.8294317126274109,0
adl-37-cam0-rgb,data/keypoints/adl/adl-37-cam0-rgb.npz,127,156,0,42,2,2.7763139e-05,0.8294317126274109,0
adl-37-cam0-rgb,data/keypoints/adl/adl-37-cam0-rgb.npz,128,157,0,42,2,2.7762291e-05,0.8294317126274109,0
adl-37-cam0-rgb,data/keypoints/adl/adl-37-cam0-rgb.npz,129,158,0,42,2,2.7782658e-05,0.8294317126274109,0
adl-37-cam0-rgb,data/keypoints/adl/adl-37-cam0-rgb.npz,130,159,0,42,2,2.7848762e-05,0.8294317126274109,0
adl-37-cam0-rgb,data/keypoints/adl/adl-37-cam0-rgb.npz,131,160,0,42,2,2.7917582e-05,0.8294317126274109,0
adl-37-cam0-rgb,data/keypoints/adl/adl-37-cam0-rgb.npz,132,161,0,42,2,2.7994389e-05,0.8294317126274109,0
adl-37-cam0-rgb,data/keypoints/adl/adl-37-cam0-rgb.npz,133,162,0,42,2,2.8060647e-05,0.8294317126274109,0
adl-37-cam0-rgb,data/keypoints/adl/adl-37-cam0-rgb.npz,134,163,0,42,2,2.8120787e-05,0.8294317126274109,0
adl-37-cam0-rgb,data/keypoints/adl/adl-37-cam0-rgb.npz,135,164,0,42,2,2.8185064e-05,0.8294317126274109,0
adl-37-cam0-rgb,data/keypoints/adl/adl-37-cam0-rgb.npz,136,165,0,42,2,2.8269695e-05,0.8294317126274109,0
adl-37-cam0-rgb,data/keypoints/adl/adl-37-cam0-rgb.npz,137,166,0,42,2,2.8390676e-05,0.8294317126274109,0
adl-37-cam0-rgb,data/keypoints/adl/adl-37-cam0-rgb.npz,138,167,0,42,2,2.850864e-05,0.8294317126274109,0
adl-37-cam0-rgb,data/keypoints/adl/adl-37-cam0-rgb.npz,139,168,0,42,2,2.8592636e-05,0.8294317126274109,0
adl-37-cam0-rgb,data/keypoints/adl/adl-37-cam0-rgb.npz,140,169,0,42,2,2.8657718e-05,0.8294317126274109,0
adl-37-cam0-rgb,data/keypoints/adl/adl-37-cam0-rgb.npz,141,170,0,42,2,2.8748567e-05,0.8294317126274109,0
adl-37-cam0-rgb,data/keypoints/adl/adl-37-cam0-rgb.npz,142,171,0,42,2,2.8813809e-05,0.8294317126274109,0
adl-37-cam0-rgb,data/keypoints/adl/adl-37-cam0-rgb.npz,143,172,0,42,2,2.8831097e-05,0.8294317126274109,0
adl-37-cam0-rgb,data/keypoints/adl/adl-37-cam0-rgb.npz,144,173,0,42,2,2.8857394e-05,0.8294317126274109,0
adl-37-cam0-rgb,data/keypoints/adl/adl-37-cam0-rgb.npz,145,174,0,42,2,2.8875507e-05,0.8294317126274109,0
adl-37-cam0-rgb,data/keypoints/adl/adl-37-cam0-rgb.npz,146,175,0,42,2,2.8892973e-05,0.8294317126274109,0
adl-37-cam0-rgb,data/keypoints/adl/adl-37-cam0-rgb.npz,147,176,0,42,2,2.8913644e-05,0.8294317126274109,0
adl-37-cam0-rgb,data/keypoints/adl/adl-37-cam0-rgb.npz,148,177,0,42,2,2.8966635e-05,0.8294317126274109,0
adl-37-cam0-rgb,data/keypoints/adl/adl-37-cam0-rgb.npz,149,178,0,42,2,2.9071462e-05,0.8294317126274109,0
adl-37-cam0-rgb,data/keypoints/adl/adl-37-cam0-rgb.npz,150,179,0,42,2,2.9220027e-05,0.8294317126274109,0
adl-37-cam0-rgb,data/keypoints/adl/adl-37-cam0-rgb.npz,151,180,0,42,2,2.937845e-05,0.8294317126274109,0
adl-37-cam0-rgb,data/keypoints/adl/adl-37-cam0-rgb.npz,152,181,0,42,2,2.964545e-05,0.8294317126274109,0
adl-37-cam0-rgb,data/keypoints/adl/adl-37-cam0-rgb.npz,153,182,0,42,2,3.0012916e-05,0.8294317126274109,0
adl-37-cam0-rgb,data/keypoints/adl/adl-37-cam0-rgb.npz,154,183,0,42,2,3.057265e-05,0.8294317126274109,0
adl-37-cam0-rgb,data/keypoints/adl/adl-37-cam0-rgb.npz,155,184,0,42,2,3.115654e-05,0.8294317126274109,0
adl-37-cam0-rgb,data/keypoints/adl/adl-37-cam0-rgb.npz,156,185,0,42,2,3.184273e-05,0.8294317126274109,0
adl-37-cam0-rgb,data/keypoints/adl/adl-37-cam0-rgb.npz,157,186,0,42,2,3.2562977e-05,0.8294317126274109,0
adl-37-cam0-rgb,data/keypoints/adl/adl-37-cam0-rgb.npz,158,187,0,42,2,3.331374e-05,0.8294317126274109,0
adl-37-cam0-rgb,data/keypoints/adl/adl-37-cam0-rgb.npz,159,188,0,42,2,3.3930944e-05,0.8294317126274109,0
adl-37-cam0-rgb,data/keypoints/adl/adl-37-cam0-rgb.npz,160,189,0,42,2,3.446507e-05,0.8294317126274109,0
adl-37-cam0-rgb,data/keypoints/adl/adl-37-cam0-rgb.npz,161,190,0,42,2,3.499681e-05,0.8294317126274109,0
adl-37-cam0-rgb,data/keypoints/adl/adl-37-cam0-rgb.npz,162,191,0,42,2,3.549239e-05,0.8294317126274109,0
adl-37-cam0-rgb,data/keypoints/adl/adl-37-cam0-rgb.npz,163,192,0,42,2,3.6161826e-05,0.8294317126274109,0
adl-37-cam0-rgb,data/keypoints/adl/adl-37-cam0-rgb.npz,164,193,0,42,2,3.683819e-05,0.8294317126274109,0
adl-37-cam0-rgb,data/keypoints/adl/adl-37-cam0-rgb.npz,165,194,0,42,2,3.768738e-05,0.8294317126274109,0
adl-37-cam0-rgb,data/keypoints/adl/adl-37-cam0-rgb.npz,166,195,0,42,2,3.8368227e-05,0.8294317126274109,0
adl-37-cam0-rgb,data/keypoints/adl/adl-37-cam0-rgb.npz,167,196,0,42,2,3.8939317e-05,0.8294317126274109,0
adl-37-cam0-rgb,data/keypoints/adl/adl-37-cam0-rgb.npz,168,197,0,42,2,3.967043e-05,0.8294317126274109,0
adl-37-cam0-rgb,data/keypoints/adl/adl-37-cam0-rgb.npz,169,198,0,42,2,4.0517534e-05,0.8294317126274109,0
adl-37-cam0-rgb,data/keypoints/adl/adl-37-cam0-rgb.npz,170,199,0,42,2,4.1520885e-05,0.8294317126274109,0
adl-37-cam0-rgb,data/keypoints/adl/adl-37-cam0-rgb.npz,171,200,0,42,2,4.273516e-05,0.8294317126274109,0
adl-37-cam0-rgb,data/keypoints/adl/adl-37-cam0-rgb.npz,172,201,0,42,2,4.4237386e-05,0.8294317126274109,0
adl-37-cam0-rgb,data/keypoints/adl/adl-37-cam0-rgb.npz,173,202,0,42,2,4.7359674e-05,0.8294317126274109,0
adl-37-cam0-rgb,data/keypoints/adl/adl-37-cam0-rgb.npz,174,203,0,42,2,5.0352603e-05,0.8294317126274109,0
adl-37-cam0-rgb,data/keypoints/adl/adl-37-cam0-rgb.npz,175,204,0,42,2,5.5192817e-05,0.8294317126274109,0
adl-37-cam0-rgb,data/keypoints/adl/adl-37-cam0-rgb.npz,176,205,0,42,2,6.065713e-05,0.8294317126274109,0
adl-37-cam0-rgb,data/keypoints/adl/adl-37-cam0-rgb.npz,177,206,0,42,2,7.095475e-05,0.8294317126274109,0
adl-37-cam0-rgb,data/keypoints/adl/adl-37-cam0-rgb.npz,178,207,0,42,2,8.60685e-05,0.8294317126274109,0
adl-37-cam0-rgb,data/keypoints/adl/adl-37-cam0-rgb.npz,179,208,0,42,2,0.00011105547,0.8294317126274109,0
adl-37-cam0-rgb,data/keypoints/adl/adl-37-cam0-rgb.npz,180,209,0,42,2,0.00013547078,0.8294317126274109,0
adl-37-cam0-rgb,data/keypoints/adl/adl-37-cam0-rgb.npz,181,210,0,42,2,0.00017743086,0.8294317126274109,0
adl-37-cam0-rgb,data/keypoints/adl/adl-37-cam0-rgb.npz,182,211,0,42,2,0.00022132181,0.8294317126274109,0
adl-37-cam0-rgb,data/keypoints/adl/adl-37-cam0-rgb.npz,183,212,0,42,2,0.0002785794,0.8294317126274109,0
adl-37-cam0-rgb,data/keypoints/adl/adl-37-cam0-rgb.npz,184,213,0,42,2,0.0003134897,0.8294317126274109,0
adl-37-cam0-rgb,data/keypoints/adl/adl-37-cam0-rgb.npz,185,214,0,42,2,0.00038454882,0.8294317126274109,0
adl-37-cam0-rgb,data/keypoints/adl/adl-37-cam0-rgb.npz,186,215,0,42,2,0.00043634043,0.8294317126274109,0
adl-37-cam0-rgb,data/keypoints/adl/adl-37-cam0-rgb.npz,187,216,0,42,2,2.3739061e-05,0.8294317126274109,0
adl-37-cam0-rgb,data/keypoints/adl/adl-37-cam0-rgb.npz,188,217,0,42,2,4.4053624e-05,0.8294317126274109,0
adl-37-cam0-rgb,data/keypoints/adl/adl-37-cam0-rgb.npz,189,218,0,42,2,3.4824625e-05,0.8294317126274109,0
adl-37-cam0-rgb,data/keypoints/adl/adl-37-cam0-rgb.npz,190,219,0,42,2,3.52617e-05,0.8294317126274109,0
adl-37-cam0-rgb,data/keypoints/adl/adl-37-cam0-rgb.npz,191,220,0,42,2,3.57387e-05,0.8294317126274109,0
adl-37-cam0-rgb,data/keypoints/adl/adl-37-cam0-rgb.npz,192,221,0,42,2,3.6177556e-05,0.8294317126274109,0
adl-37-cam0-rgb,data/keypoints/adl/adl-37-cam0-rgb.npz,193,222,0,42,2,3.665722e-05,0.8294317126274109,0
adl-37-cam0-rgb,data/keypoints/adl/adl-37-cam0-rgb.npz,194,223,0,42,2,3.7157708e-05,0.8294317126274109,0
adl-37-cam0-rgb,data/keypoints/adl/adl-37-cam0-rgb.npz,195,224,0,42,2,3.762912e-05,0.8294317126274109,0
adl-37-cam0-rgb,data/keypoints/adl/adl-37-cam0-rgb.npz,196,225,0,42,2,3.8105863e-05,0.8294317126274109,0
adl-37-cam0-rgb,data/keypoints/adl/adl-37-cam0-rgb.npz,197,226,0,42,2,3.865093e-05,0.8294317126274109,0
adl-37-cam0-rgb,data/keypoints/adl/adl-37-cam0-rgb.npz,198,227,0,42,2,3.9151706e-05,0.8294317126274109,0
adl-37-cam0-rgb,data/keypoints/adl/adl-37-cam0-rgb.npz,199,228,0,42,2,3.9650116e-05,0.8294317126274109,0
adl-37-cam0-rgb,data/keypoints/adl/adl-37-cam0-rgb.npz,200,229,0,42,2,4.013057e-05,0.8294317126274109,0
adl-37-cam0-rgb,data/keypoints/adl/adl-37-cam0-rgb.npz,201,230,0,42,2,4.059527e-05,0.8294317126274109,0
adl-37-cam0-rgb,data/keypoints/adl/adl-37-cam0-rgb.npz,202,231,0,42,2,4.0947412e-05,0.8294317126274109,0
adl-37-cam0-rgb,data/keypoints/adl/adl-37-cam0-rgb.npz,203,232,0,42,2,4.1260846e-05,0.8294317126274109,0
adl-37-cam0-rgb,data/keypoints/adl/adl-37-cam0-rgb.npz,204,233,0,42,2,4.154255e-05,0.8294317126274109,0
adl-37-cam0-rgb,data/keypoints/adl/adl-37-cam0-rgb.npz,205,234,0,42,2,4.1783955e-05,0.8294317126274109,0
adl-37-cam0-rgb,data/keypoints/adl/adl-37-cam0-rgb.npz,206,235,0,42,2,4.1999447e-05,0.8294317126274109,0
adl-37-cam0-rgb,data/keypoints/adl/adl-37-cam0-rgb.npz,207,236,0,42,2,4.218956e-05,0.8294317126274109,0
adl-37-cam0-rgb,data/keypoints/adl/adl-37-cam0-rgb.npz,208,237,0,42,2,4.2326454e-05,0.8294317126274109,0
adl-37-cam0-rgb,data/keypoints/adl/adl-37-cam0-rgb.npz,209,238,0,42,2,4.2480155e-05,0.8294317126274109,0
adl-37-cam0-rgb,data/keypoints/adl/adl-37-cam0-rgb.npz,210,239,0,42,2,4.261332e-05,0.8294317126274109,0
adl-37-cam0-rgb,data/keypoints/adl/adl-37-cam0-rgb.npz,211,240,0,42,2,4.2708394e-05,0.8294317126274109,0
adl-37-cam0-rgb,data/keypoints/adl/adl-37-cam0-rgb.npz,212,241,0,42,2,4.2799194e-05,0.8294317126274109,0
adl-37-cam0-rgb,data/keypoints/adl/adl-37-cam0-rgb.npz,213,242,0,42,2,4.287718e-05,0.8294317126274109,0
adl-37-cam0-rgb,data/keypoints/adl/adl-37-cam0-rgb.npz,214,243,0,42,2,4.2907e-05,0.8294317126274109,0
adl-37-cam0-rgb,data/keypoints/adl/adl-37-cam0-rgb.npz,215,244,0,42,2,4.2934753e-05,0.8294317126274109,0
adl-37-cam0-rgb,data/keypoints/adl/adl-37-cam0-rgb.npz,216,245,0,42,2,4.2927873e-05,0.8294317126274109,0
adl-37-cam0-rgb,data/keypoints/adl/adl-37-cam0-rgb.npz,217,246,0,42,2,4.2907082e-05,0.8294317126274109,0
adl-37-cam0-rgb,data/keypoints/adl/adl-37-cam0-rgb.npz,218,247,0,42,2,4.0029317e-05,0.8294317126274109,0
adl-37-cam0-rgb,data/keypoints/adl/adl-37-cam0-rgb.npz,219,248,0,42,2,3.9943527e-05,0.8294317126274109,0
adl-37-cam0-rgb,data/keypoints/adl/adl-37-cam0-rgb.npz,220,249,0,42,2,3.98811e-05,0.8294317126274109,0
adl-37-cam0-rgb,data/keypoints/adl/adl-37-cam0-rgb.npz,221,250,0,42,2,3.9768533e-05,0.8294317126274109,0
adl-37-cam0-rgb,data/keypoints/adl/adl-37-cam0-rgb.npz,222,251,0,42,2,3.96556e-05,0.8294317126274109,0
adl-37-cam0-rgb,data/keypoints/adl/adl-37-cam0-rgb.npz,223,252,0,42,2,3.9528175e-05,0.8294317126274109,0
adl-37-cam0-rgb,data/keypoints/adl/adl-37-cam0-rgb.npz,224,253,0,42,2,3.27458e-05,0.8294317126274109,0
adl-37-cam0-rgb,data/keypoints/adl/adl-37-cam0-rgb.npz,225,254,0,42,2,3.265515e-05,0.8294317126274109,0
adl-37-cam0-rgb,data/keypoints/adl/adl-37-cam0-rgb.npz,226,255,0,42,2,3.2479555e-05,0.8294317126274109,0
adl-37-cam0-rgb,data/keypoints/adl/adl-37-cam0-rgb.npz,227,256,0,42,2,3.224715e-05,0.8294317126274109,0
adl-37-cam0-rgb,data/keypoints/adl/adl-37-cam0-rgb.npz,228,257,0,42,2,3.212113e-05,0.8294317126274109,0
adl-37-cam0-rgb,data/keypoints/adl/adl-37-cam0-rgb.npz,229,258,0,42,2,3.206267e-05,0.8294317126274109,0
adl-37-cam0-rgb,data/keypoints/adl/adl-37-cam0-rgb.npz,230,259,0,42,2,0.0001550641,0.8294317126274109,0
adl-37-cam0-rgb,data/keypoints/adl/adl-37-cam0-rgb.npz,231,260,0,42,2,0.00015443434,0.8294317126274109,0
adl-37-cam0-rgb,data/keypoints/adl/adl-37-cam0-rgb.npz,232,261,0,42,2,0.00015454054,0.8294317126274109,0
adl-37-cam0-rgb,data/keypoints/adl/adl-37-cam0-rgb.npz,233,262,0,42,2,0.00015480115,0.8294317126274109,0
adl-37-cam0-rgb,data/keypoints/adl/adl-37-cam0-rgb.npz,234,263,0,42,2,0.00015511204,0.8294317126274109,0
adl-37-cam0-rgb,data/keypoints/adl/adl-37-cam0-rgb.npz,235,264,0,42,2,0.00015697128,0.8294317126274109,0
adl-37-cam0-rgb,data/keypoints/adl/adl-37-cam0-rgb.npz,236,265,0,42,2,0.00016140785,0.8294317126274109,0
adl-37-cam0-rgb,data/keypoints/adl/adl-37-cam0-rgb.npz,237,266,0,42,2,0.0001654531,0.8294317126274109,0
adl-37-cam0-rgb,data/keypoints/adl/adl-37-cam0-rgb.npz,238,267,0,42,2,0.00017454935,0.8294317126274109,0
adl-37-cam0-rgb,data/keypoints/adl/adl-37-cam0-rgb.npz,239,268,0,42,2,0.0001780384,0.8294317126274109,0
adl-37-cam0-rgb,data/keypoints/adl/adl-37-cam0-rgb.npz,240,269,0,42,2,0.00018159911,0.8294317126274109,0
adl-37-cam0-rgb,data/keypoints/adl/adl-37-cam0-rgb.npz,241,270,0,42,2,0.00018494268,0.8294317126274109,0
adl-37-cam0-rgb,data/keypoints/adl/adl-37-cam0-rgb.npz,242,271,0,42,2,0.00018386536,0.8294317126274109,0
adl-37-cam0-rgb,data/keypoints/adl/adl-37-cam0-rgb.npz,243,272,0,42,2,0.00017281328,0.8294317126274109,0
adl-37-cam0-rgb,data/keypoints/adl/adl-37-cam0-rgb.npz,244,273,0,42,2,0.00016565119,0.8294317126274109,0
adl-37-cam0-rgb,data/keypoints/adl/adl-37-cam0-rgb.npz,245,274,0,42,2,0.00016116395,0.8294317126274109,0
adl-37-cam0-rgb,data/keypoints/adl/adl-37-cam0-rgb.npz,246,275,0,42,2,0.00016031973,0.8294317126274109,0
adl-37-cam0-rgb,data/keypoints/adl/adl-37-cam0-rgb.npz,247,276,0,42,2,0.00015886524,0.8294317126274109,0
adl-37-cam0-rgb,data/keypoints/adl/adl-37-cam0-rgb.npz,248,277,0,42,2,0.00015665102,0.8294317126274109,0
adl-37-cam0-rgb,data/keypoints/adl/adl-37-cam0-rgb.npz,249,278,0,42,2,0.00015616542,0.8294317126274109,0
adl-37-cam0-rgb,data/keypoints/adl/adl-37-cam0-rgb.npz,250,279,0,42,2,0.0001582045,0.8294317126274109,0
adl-37-cam0-rgb,data/keypoints/adl/adl-37-cam0-rgb.npz,251,280,0,42,2,0.00016027523,0.8294317126274109,0
adl-37-cam0-rgb,data/keypoints/adl/adl-37-cam0-rgb.npz,252,281,0,42,2,0.00016387108,0.8294317126274109,0
adl-37-cam0-rgb,data/keypoints/adl/adl-37-cam0-rgb.npz,253,282,0,42,2,0.00016715823,0.8294317126274109,0
adl-37-cam0-rgb,data/keypoints/adl/adl-37-cam0-rgb.npz,254,283,0,42,2,0.00017097773,0.8294317126274109,0
adl-37-cam0-rgb,data/keypoints/adl/adl-37-cam0-rgb.npz,255,284,0,42,2,0.00017423538,0.8294317126274109,0
adl-37-cam0-rgb,data/keypoints/adl/adl-37-cam0-rgb.npz,256,285,0,42,2,0.00017723268,0.8294317126274109,0
adl-37-cam0-rgb,data/keypoints/adl/adl-37-cam0-rgb.npz,257,286,0,42,2,0.00017806083,0.8294317126274109,0
adl-37-cam0-rgb,data/keypoints/adl/adl-37-cam0-rgb.npz,258,287,0,42,2,0.00017676706,0.8294317126274109,0
adl-37-cam0-rgb,data/keypoints/adl/adl-37-cam0-rgb.npz,259,288,0,42,2,0.00017445465,0.8294317126274109,0
adl-37-cam0-rgb,data/keypoints/adl/adl-37-cam0-rgb.npz,260,289,0,42,2,0.00017226725,0.8294317126274109,0
adl-37-cam0-rgb,data/keypoints/adl/adl-37-cam0-rgb.npz,261,290,0,42,2,0.0001753034,0.8294317126274109,0
adl-37-cam0-rgb,data/keypoints/adl/adl-37-cam0-rgb.npz,262,291,0,42,2,0.00017906571,0.8294317126274109,0
adl-37-cam0-rgb,data/keypoints/adl/adl-37-cam0-rgb.npz,263,292,0,42,2,0.00018059864,0.8294317126274109,0
adl-37-cam0-rgb,data/keypoints/adl/adl-37-cam0-rgb.npz,264,293,0,42,2,0.00019261905,0.8294317126274109,0
adl-37-cam0-rgb,data/keypoints/adl/adl-37-cam0-rgb.npz,265,294,0,42,2,0.00019346224,0.8294317126274109,0
adl-37-cam0-rgb,data/keypoints/adl/adl-37-cam0-rgb.npz,266,295,0,42,2,0.00019203973,0.8294317126274109,0
adl-37-cam0-rgb,data/keypoints/adl/adl-37-cam0-rgb.npz,267,296,0,42,2,0.00019071513,0.8294317126274109,0
adl-37-cam0-rgb,data/keypoints/adl/adl-37-cam0-rgb.npz,268,297,0,42,2,0.00019228122,0.8294317126274109,0
adl-37-cam0-rgb,data/keypoints/adl/adl-37-cam0-rgb.npz,269,298,0,42,2,0.00020081147,0.8294317126274109,0
adl-37-cam0-rgb,data/keypoints/adl/adl-37-cam0-rgb.npz,270,299,0,42,2,0.00020966587,0.8294317126274109,0
adl-37-cam0-rgb,data/keypoints/adl/adl-37-cam0-rgb.npz,271,300,0,42,2,0.00021723268,0.8294317126274109,0
adl-37-cam0-rgb,data/keypoints/adl/adl-37-cam0-rgb.npz,272,301,0,42,2,0.00022761624,0.8294317126274109,0
adl-37-cam0-rgb,data/keypoints/adl/adl-37-cam0-rgb.npz,273,302,0,42,2,0.00023187314,0.8294317126274109,0
adl-37-cam0-rgb,data/keypoints/adl/adl-37-cam0-rgb.npz,274,303,0,42,2,0.00023705325,0.8294317126274109,0
adl-37-cam0-rgb,data/keypoints/adl/adl-37-cam0-rgb.npz,275,304,0,42,2,0.00023943673,0.8294317126274109,0
adl-37-cam0-rgb,data/keypoints/adl/adl-37-cam0-rgb.npz,276,305,0,42,2,0.00024279354,0.8294317126274109,0
adl-37-cam0-rgb,data/keypoints/adl/adl-37-cam0-rgb.npz,277,306,0,42,2,0.0002440829,0.8294317126274109,0
adl-37-cam0-rgb,data/keypoints/adl/adl-37-cam0-rgb.npz,278,307,0,42,2,0.0002465082,0.8294317126274109,0
adl-37-cam0-rgb,data/keypoints/adl/adl-37-cam0-rgb.npz,279,308,0,42,2,0.00024681576,0.8294317126274109,0
adl-37-cam0-rgb,data/keypoints/adl/adl-37-cam0-rgb.npz,280,309,0,42,2,0.00024371035,0.8294317126274109,0
adl-37-cam0-rgb,data/keypoints/adl/adl-37-cam0-rgb.npz,281,310,0,42,2,0.00024514922,0.8294317126274109,0
adl-37-cam0-rgb,data/keypoints/adl/adl-37-cam0-rgb.npz,282,311,0,42,2,0.00024399516,0.8294317126274109,0
adl-37-cam0-rgb,data/keypoints/adl/adl-37-cam0-rgb.npz,283,312,0,42,2,0.0002443064,0.8294317126274109,0
adl-37-cam0-rgb,data/keypoints/adl/adl-37-cam0-rgb.npz,284,313,0,42,2,0.00024193832,0.8294317126274109,0
adl-37-cam0-rgb,data/keypoints/adl/adl-37-cam0-rgb.npz,285,314,0,42,2,0.0002433565,0.8294317126274109,0
adl-37-cam0-rgb,data/keypoints/adl/adl-37-cam0-rgb.npz,286,315,0,42,2,0.00024567192,0.8294317126274109,0
adl-37-cam0-rgb,data/keypoints/adl/adl-37-cam0-rgb.npz,287,316,0,42,2,0.0002458575,0.8294317126274109,0
adl-37-cam0-rgb,data/keypoints/adl/adl-37-cam0-rgb.npz,288,317,0,42,2,0.00024800724,0.8294317126274109,0
adl-37-cam0-rgb,data/keypoints/adl/adl-37-cam0-rgb.npz,289,318,0,42,2,0.00024631503,0.8294317126274109,0
adl-37-cam0-rgb,data/keypoints/adl/adl-37-cam0-rgb.npz,290,319,0,42,2,0.00024564101,0.8294317126274109,0
adl-37-cam0-rgb,data/keypoints/adl/adl-37-cam0-rgb.npz,291,320,0,42,2,0.00024264104,0.8294317126274109,0
adl-37-cam0-rgb,data/keypoints/adl/adl-37-cam0-rgb.npz,292,321,0,42,2,0.0002440289,0.8294317126274109,0
adl-37-cam0-rgb,data/keypoints/adl/adl-37-cam0-rgb.npz,293,322,0,42,2,0.0002431749,0.8294317126274109,0
adl-37-cam0-rgb,data/keypoints/adl/adl-37-cam0-rgb.npz,294,323,0,42,2,0.00024413085,0.8294317126274109,0
adl-37-cam0-rgb,data/keypoints/adl/adl-37-cam0-rgb.npz,295,324,0,42,2,0.00024097487,0.8294317126274109,0
adl-37-cam0-rgb,data/keypoints/adl/adl-37-cam0-rgb.npz,296,325,0,42,2,0.00024024077,0.8294317126274109,0
adl-37-cam0-rgb,data/keypoints/adl/adl-37-cam0-rgb.npz,297,326,0,42,2,0.00023986789,0.8294317126274109,0
adl-37-cam0-rgb,data/keypoints/adl/adl-37-cam0-rgb.npz,298,327,0,42,2,0.00023521653,0.8294317126274109,0
adl-37-cam0-rgb,data/keypoints/adl/adl-37-cam0-rgb.npz,299,328,0,42,2,0.00023474293,0.8294317126274109,0
adl-37-cam0-rgb,data/keypoints/adl/adl-37-cam0-rgb.npz,300,329,0,42,2,0.00023294098,0.8294317126274109,0
adl-37-cam0-rgb,data/keypoints/adl/adl-37-cam0-rgb.npz,301,330,0,42,2,0.00023283396,0.8294317126274109,0
adl-37-cam0-rgb,data/keypoints/adl/adl-37-cam0-rgb.npz,302,331,0,42,2,0.00023192866,0.8294317126274109,0
adl-37-cam0-rgb,data/keypoints/adl/adl-37-cam0-rgb.npz,303,332,0,42,2,0.00023319233,0.8294317126274109,0
adl-37-cam0-rgb,data/keypoints/adl/adl-37-cam0-rgb.npz,304,333,0,42,2,0.00023184995,0.8294317126274109,0
adl-37-cam0-rgb,data/keypoints/adl/adl-37-cam0-rgb.npz,305,334,0,42,2,0.0002311333,0.8294317126274109,0
adl-37-cam0-rgb,data/keypoints/adl/adl-37-cam0-rgb.npz,306,335,0,42,2,0.0002292386,0.8294317126274109,0
adl-37-cam0-rgb,data/keypoints/adl/adl-37-cam0-rgb.npz,307,336,0,42,2,0.00023004391,0.8294317126274109,0
adl-37-cam0-rgb,data/keypoints/adl/adl-37-cam0-rgb.npz,308,337,0,42,2,0.00022846942,0.8294317126274109,0
adl-37-cam0-rgb,data/keypoints/adl/adl-37-cam0-rgb.npz,309,338,0,42,2,0.0002281142,0.8294317126274109,0
adl-37-cam0-rgb,data/keypoints/adl/adl-37-cam0-rgb.npz,310,339,0,42,2,0.00022818075,0.8294317126274109,0
adl-37-cam0-rgb,data/keypoints/adl/adl-37-cam0-rgb.npz,311,340,0,42,2,0.00022537766,0.8294317126274109,0
adl-37-cam0-rgb,data/keypoints/adl/adl-37-cam0-rgb.npz,312,341,0,42,2,0.00022634133,0.8294317126274109,0
adl-37-cam0-rgb,data/keypoints/adl/adl-37-cam0-rgb.npz,313,342,0,42,2,0.00022725495,0.8294317126274109,0
adl-37-cam0-rgb,data/keypoints/adl/adl-37-cam0-rgb.npz,314,343,0,42,2,0.00022578654,0.8294317126274109,0
adl-37-cam0-rgb,data/keypoints/adl/adl-37-cam0-rgb.npz,315,344,0,42,2,0.0002241405,0.8294317126274109,0
adl-37-cam0-rgb,data/keypoints/adl/adl-37-cam0-rgb.npz,316,345,0,42,2,0.00022307472,0.8294317126274109,0
adl-37-cam0-rgb,data/keypoints/adl/adl-37-cam0-rgb.npz,317,346,0,42,2,0.00022204533,0.8294317126274109,0
adl-37-cam0-rgb,data/keypoints/adl/adl-37-cam0-rgb.npz,318,347,0,42,2,0.00021984748,0.8294317126274109,0
adl-37-cam0-rgb,data/keypoints/adl/adl-37-cam0-rgb.npz,319,348,0,42,2,0.00021921557,0.8294317126274109,0
adl-37-cam0-rgb,data/keypoints/adl/adl-37-cam0-rgb.npz,320,349,0,42,2,0.00021835155,0.8294317126274109,0
adl-37-cam0-rgb,data/keypoints/adl/adl-37-cam0-rgb.npz,321,350,0,42,2,0.00021776232,0.8294317126274109,0
adl-39-cam0-rgb,data/keypoints/adl/adl-39-cam0-rgb.npz,9,38,0,42,2,2.1822072e-05,0.8294317126274109,0
adl-39-cam0-rgb,data/keypoints/adl/adl-39-cam0-rgb.npz,10,39,0,42,2,2.1818993e-05,0.8294317126274109,0
adl-39-cam0-rgb,data/keypoints/adl/adl-39-cam0-rgb.npz,11,40,0,42,2,2.2509996e-05,0.8294317126274109,0
adl-39-cam0-rgb,data/keypoints/adl/adl-39-cam0-rgb.npz,12,41,0,42,2,2.247664e-05,0.8294317126274109,0
adl-39-cam0-rgb,data/keypoints/adl/adl-39-cam0-rgb.npz,13,42,0,42,2,2.364543e-05,0.8294317126274109,0
adl-39-cam0-rgb,data/keypoints/adl/adl-39-cam0-rgb.npz,14,43,0,42,2,2.3644665e-05,0.8294317126274109,0
adl-39-cam0-rgb,data/keypoints/adl/adl-39-cam0-rgb.npz,15,44,0,42,2,2.3649534e-05,0.8294317126274109,0
adl-39-cam0-rgb,data/keypoints/adl/adl-39-cam0-rgb.npz,16,45,0,42,2,2.3640223e-05,0.8294317126274109,0
adl-39-cam0-rgb,data/keypoints/adl/adl-39-cam0-rgb.npz,17,46,0,42,2,2.3637043e-05,0.8294317126274109,0
adl-39-cam0-rgb,data/keypoints/adl/adl-39-cam0-rgb.npz,18,47,0,42,2,2.3645973e-05,0.8294317126274109,0
adl-39-cam0-rgb,data/keypoints/adl/adl-39-cam0-rgb.npz,19,48,0,42,2,2.3643537e-05,0.8294317126274109,0
adl-39-cam0-rgb,data/keypoints/adl/adl-39-cam0-rgb.npz,20,49,0,42,2,2.3639524e-05,0.8294317126274109,0
adl-39-cam0-rgb,data/keypoints/adl/adl-39-cam0-rgb.npz,21,50,0,42,2,2.3636887e-05,0.8294317126274109,0
adl-39-cam0-rgb,data/keypoints/adl/adl-39-cam0-rgb.npz,22,51,0,42,2,2.3633955e-05,0.8294317126274109,0
adl-39-cam0-rgb,data/keypoints/adl/adl-39-cam0-rgb.npz,23,52,0,42,2,2.3630282e-05,0.8294317126274109,0
adl-39-cam0-rgb,data/keypoints/adl/adl-39-cam0-rgb.npz,24,53,0,42,2,2.3605147e-05,0.8294317126274109,0
adl-39-cam0-rgb,data/keypoints/adl/adl-39-cam0-rgb.npz,25,54,0,42,2,2.359639e-05,0.8294317126274109,0
adl-39-cam0-rgb,data/keypoints/adl/adl-39-cam0-rgb.npz,26,55,0,42,2,2.3605193e-05,0.8294317126274109,0
adl-39-cam0-rgb,data/keypoints/adl/adl-39-cam0-rgb.npz,27,56,0,42,2,2.360589e-05,0.8294317126274109,0
adl-39-cam0-rgb,data/keypoints/adl/adl-39-cam0-rgb.npz,28,57,0,42,2,2.3603032e-05,0.8294317126274109,0
adl-39-cam0-rgb,data/keypoints/adl/adl-39-cam0-rgb.npz,29,58,0,42,2,2.36015e-05,0.8294317126274109,0
adl-39-cam0-rgb,data/keypoints/adl/adl-39-cam0-rgb.npz,30,59,0,42,2,2.2351383e-05,0.8294317126274109,0
adl-39-cam0-rgb,data/keypoints/adl/adl-39-cam0-rgb.npz,31,60,0,42,2,2.2347016e-05,0.8294317126274109,0
adl-39-cam0-rgb,data/keypoints/adl/adl-39-cam0-rgb.npz,32,61,0,42,2,2.2333741e-05,0.8294317126274109,0
adl-39-cam0-rgb,data/keypoints/adl/adl-39-cam0-rgb.npz,33,62,0,42,2,2.2320944e-05,0.8294317126274109,0
adl-39-cam0-rgb,data/keypoints/adl/adl-39-cam0-rgb.npz,34,63,0,42,2,2.232537e-05,0.8294317126274109,0
adl-39-cam0-rgb,data/keypoints/adl/adl-39-cam0-rgb.npz,35,64,0,42,2,2.2308837e-05,0.8294317126274109,0
adl-39-cam0-rgb,data/keypoints/adl/adl-39-cam0-rgb.npz,36,65,0,42,2,2.2291184e-05,0.8294317126274109,0
adl-39-cam0-rgb,data/keypoints/adl/adl-39-cam0-rgb.npz,37,66,0,42,2,2.2275352e-05,0.8294317126274109,0
adl-39-cam0-rgb,data/keypoints/adl/adl-39-cam0-rgb.npz,38,67,0,42,2,2.5455452e-05,0.8294317126274109,0
adl-39-cam0-rgb,data/keypoints/adl/adl-39-cam0-rgb.npz,39,68,0,42,2,2.5431968e-05,0.8294317126274109,0
adl-39-cam0-rgb,data/keypoints/adl/adl-39-cam0-rgb.npz,40,69,0,42,2,2.5441817e-05,0.8294317126274109,0
adl-39-cam0-rgb,data/keypoints/adl/adl-39-cam0-rgb.npz,41,70,0,42,2,2.5442423e-05,0.8294317126274109,0
adl-39-cam0-rgb,data/keypoints/adl/adl-39-cam0-rgb.npz,42,71,0,42,2,2.5454507e-05,0.8294317126274109,0
adl-39-cam0-rgb,data/keypoints/adl/adl-39-cam0-rgb.npz,43,72,0,42,2,2.5450334e-05,0.8294317126274109,0
adl-39-cam0-rgb,data/keypoints/adl/adl-39-cam0-rgb.npz,44,73,0,42,2,2.5435387e-05,0.8294317126274109,0
adl-39-cam0-rgb,data/keypoints/adl/adl-39-cam0-rgb.npz,45,74,0,42,2,2.5446281e-05,0.8294317126274109,0
adl-39-cam0-rgb,data/keypoints/adl/adl-39-cam0-rgb.npz,46,75,0,42,2,2.5448877e-05,0.8294317126274109,0
adl-39-cam0-rgb,data/keypoints/adl/adl-39-cam0-rgb.npz,47,76,0,42,2,2.5452417e-05,0.8294317126274109,0
adl-39-cam0-rgb,data/keypoints/adl/adl-39-cam0-rgb.npz,48,77,0,42,2,2.544514e-05,0.8294317126274109,0
adl-39-cam0-rgb,data/keypoints/adl/adl-39-cam0-rgb.npz,49,78,0,42,2,2.7405127e-05,0.8294317126274109,0
adl-39-cam0-rgb,data/keypoints/adl/adl-39-cam0-rgb.npz,50,79,0,42,2,2.7432425e-05,0.8294317126274109,0
adl-39-cam0-rgb,data/keypoints/adl/adl-39-cam0-rgb.npz,51,80,0,42,2,2.7473163e-05,0.8294317126274109,0
adl-39-cam0-rgb,data/keypoints/adl/adl-39-cam0-rgb.npz,52,81,0,42,2,2.74833e-05,0.8294317126274109,0
adl-39-cam0-rgb,data/keypoints/adl/adl-39-cam0-rgb.npz,53,82,0,42,2,2.751574e-05,0.8294317126274109,0
adl-39-cam0-rgb,data/keypoints/adl/adl-39-cam0-rgb.npz,54,83,0,42,2,2.5851796e-05,0.8294317126274109,0
adl-39-cam0-rgb,data/keypoints/adl/adl-39-cam0-rgb.npz,55,84,0,42,2,2.5875352e-05,0.8294317126274109,0
adl-39-cam0-rgb,data/keypoints/adl/adl-39-cam0-rgb.npz,56,85,0,42,2,2.5888805e-05,0.8294317126274109,0
adl-39-cam0-rgb,data/keypoints/adl/adl-39-cam0-rgb.npz,57,86,0,42,2,2.5912615e-05,0.8294317126274109,0
adl-39-cam0-rgb,data/keypoints/adl/adl-39-cam0-rgb.npz,58,87,0,42,2,2.5924726e-05,0.8294317126274109,0
adl-39-cam0-rgb,data/keypoints/adl/adl-39-cam0-rgb.npz,59,88,0,42,2,2.5952602e-05,0.8294317126274109,0
adl-39-cam0-rgb,data/keypoints/adl/adl-39-cam0-rgb.npz,60,89,0,42,2,2.599915e-05,0.8294317126274109,0
adl-39-cam0-rgb,data/keypoints/adl/adl-39-cam0-rgb.npz,61,90,0,42,2,2.5996349e-05,0.8294317126274109,0
adl-39-cam0-rgb,data/keypoints/adl/adl-39-cam0-rgb.npz,62,91,0,42,2,2.6026935e-05,0.8294317126274109,0
adl-39-cam0-rgb,data/keypoints/adl/adl-39-cam0-rgb.npz,63,92,0,42,2,2.6051219e-05,0.8294317126274109,0
adl-39-cam0-rgb,data/keypoints/adl/adl-39-cam0-rgb.npz,64,93,0,42,2,2.607488e-05,0.8294317126274109,0
adl-39-cam0-rgb,data/keypoints/adl/adl-39-cam0-rgb.npz,65,94,0,42,2,2.6107376e-05,0.8294317126274109,0
adl-39-cam0-rgb,data/keypoints/adl/adl-39-cam0-rgb.npz,66,95,0,42,2,2.6140937e-05,0.8294317126274109,0
adl-39-cam0-rgb,data/keypoints/adl/adl-39-cam0-rgb.npz,67,96,0,42,2,2.6215557e-05,0.8294317126274109,0
adl-39-cam0-rgb,data/keypoints/adl/adl-39-cam0-rgb.npz,68,97,0,42,2,2.6283296e-05,0.8294317126274109,0
adl-39-cam0-rgb,data/keypoints/adl/adl-39-cam0-rgb.npz,69,98,0,42,2,2.6331012e-05,0.8294317126274109,0
adl-39-cam0-rgb,data/keypoints/adl/adl-39-cam0-rgb.npz,70,99,0,42,2,2.6385609e-05,0.8294317126274109,0
adl-39-cam0-rgb,data/keypoints/adl/adl-39-cam0-rgb.npz,71,100,0,42,2,2.6415166e-05,0.8294317126274109,0
adl-39-cam0-rgb,data/keypoints/adl/adl-39-cam0-rgb.npz,72,101,0,42,2,2.6434114e-05,0.8294317126274109,0
adl-39-cam0-rgb,data/keypoints/adl/adl-39-cam0-rgb.npz,73,102,0,42,2,2.6465039e-05,0.8294317126274109,0
adl-39-cam0-rgb,data/keypoints/adl/adl-39-cam0-rgb.npz,74,103,0,42,2,2.6487944e-05,0.8294317126274109,0
adl-39-cam0-rgb,data/keypoints/adl/adl-39-cam0-rgb.npz,75,104,0,42,2,2.6483269e-05,0.8294317126274109,0
adl-39-cam0-rgb,data/keypoints/adl/adl-39-cam0-rgb.npz,76,105,0,42,2,2.6498881e-05,0.8294317126274109,0
adl-39-cam0-rgb,data/keypoints/adl/adl-39-cam0-rgb.npz,77,106,0,42,2,2.6510965e-05,0.8294317126274109,0
adl-39-cam0-rgb,data/keypoints/adl/adl-39-cam0-rgb.npz,78,107,0,42,2,2.6503227e-05,0.8294317126274109,0
adl-39-cam0-rgb,data/keypoints/adl/adl-39-cam0-rgb.npz,79,108,0,42,2,2.6515718e-05,0.8294317126274109,0
adl-39-cam0-rgb,data/keypoints/adl/adl-39-cam0-rgb.npz,80,109,0,42,2,2.6516022e-05,0.8294317126274109,0
adl-39-cam0-rgb,data/keypoints/adl/adl-39-cam0-rgb.npz,81,110,0,42,2,2.6513366e-05,0.8294317126274109,0
adl-39-cam0-rgb,data/keypoints/adl/adl-39-cam0-rgb.npz,82,111,0,42,2,2.6518703e-05,0.8294317126274109,0
adl-39-cam0-rgb,data/keypoints/adl/adl-39-cam0-rgb.npz,83,112,0,42,2,2.6526286e-05,0.8294317126274109,0
adl-39-cam0-rgb,data/keypoints/adl/adl-39-cam0-rgb.npz,84,113,0,42,2,2.6537902e-05,0.8294317126274109,0
adl-39-cam0-rgb,data/keypoints/adl/adl-39-cam0-rgb.npz,85,114,0,42,2,2.6552636e-05,0.8294317126274109,0
adl-39-cam0-rgb,data/keypoints/adl/adl-39-cam0-rgb.npz,86,115,0,42,2,2.658433e-05,0.8294317126274109,0
adl-39-cam0-rgb,data/keypoints/adl/adl-39-cam0-rgb.npz,87,116,0,42,2,2.6604697e-05,0.8294317126274109,0
adl-39-cam0-rgb,data/keypoints/adl/adl-39-cam0-rgb.npz,88,117,0,42,2,2.6648931e-05,0.8294317126274109,0
adl-39-cam0-rgb,data/keypoints/adl/adl-39-cam0-rgb.npz,89,118,0,42,2,2.667863e-05,0.8294317126274109,0
adl-39-cam0-rgb,data/keypoints/adl/adl-39-cam0-rgb.npz,90,119,0,42,2,2.671705e-05,0.8294317126274109,0
adl-39-cam0-rgb,data/keypoints/adl/adl-39-cam0-rgb.npz,91,120,0,42,2,2.6756828e-05,0.8294317126274109,0
adl-39-cam0-rgb,data/keypoints/adl/adl-39-cam0-rgb.npz,92,121,0,42,2,2.6787668e-05,0.8294317126274109,0
adl-39-cam0-rgb,data/keypoints/adl/adl-39-cam0-rgb.npz,93,122,0,42,2,2.682791e-05,0.8294317126274109,0
adl-39-cam0-rgb,data/keypoints/adl/adl-39-cam0-rgb.npz,94,123,0,42,2,2.6876181e-05,0.8294317126274109,0
adl-39-cam0-rgb,data/keypoints/adl/adl-39-cam0-rgb.npz,95,124,0,42,2,2.6933934e-05,0.8294317126274109,0
adl-39-cam0-rgb,data/keypoints/adl/adl-39-cam0-rgb.npz,96,125,0,42,2,2.697568e-05,0.8294317126274109,0
adl-39-cam0-rgb,data/keypoints/adl/adl-39-cam0-rgb.npz,97,126,0,42,2,2.7024447e-05,0.8294317126274109,0
adl-39-cam0-rgb,data/keypoints/adl/adl-39-cam0-rgb.npz,98,127,0,42,2,2.7077125e-05,0.8294317126274109,0
adl-39-cam0-rgb,data/keypoints/adl/adl-39-cam0-rgb.npz,99,128,0,42,2,2.7137618e-05,0.8294317126274109,0
adl-39-cam0-rgb,data/keypoints/adl/adl-39-cam0-rgb.npz,100,129,0,42,2,2.7176284e-05,0.8294317126274109,0
adl-39-cam0-rgb,data/keypoints/adl/adl-39-cam0-rgb.npz,101,130,0,42,2,2.7225726e-05,0.8294317126274109,0
adl-39-cam0-rgb,data/keypoints/adl/adl-39-cam0-rgb.npz,102,131,0,42,2,2.7257443e-05,0.8294317126274109,0
adl-39-cam0-rgb,data/keypoints/adl/adl-39-cam0-rgb.npz,103,132,0,42,2,2.7324073e-05,0.8294317126274109,0
adl-39-cam0-rgb,data/keypoints/adl/adl-39-cam0-rgb.npz,104,133,0,42,2,2.7355463e-05,0.8294317126274109,0
adl-39-cam0-rgb,data/keypoints/adl/adl-39-cam0-rgb.npz,105,134,0,42,2,2.7418695e-05,0.8294317126274109,0
adl-39-cam0-rgb,data/keypoints/adl/adl-39-cam0-rgb.npz,106,135,0,42,2,2.7497432e-05,0.8294317126274109,0
adl-39-cam0-rgb,data/keypoints/adl/adl-39-cam0-rgb.npz,107,136,0,42,2,2.7584474e-05,0.8294317126274109,0
adl-39-cam0-rgb,data/keypoints/adl/adl-39-cam0-rgb.npz,108,137,0,42,2,2.7694201e-05,0.8294317126274109,0
adl-39-cam0-rgb,data/keypoints/adl/adl-39-cam0-rgb.npz,109,138,0,42,2,2.7807258e-05,0.8294317126274109,0
adl-39-cam0-rgb,data/keypoints/adl/adl-39-cam0-rgb.npz,110,139,0,42,2,2.7926688e-05,0.8294317126274109,0
adl-39-cam0-rgb,data/keypoints/adl/adl-39-cam0-rgb.npz,111,140,0,42,2,2.8026601e-05,0.8294317126274109,0
adl-39-cam0-rgb,data/keypoints/adl/adl-39-cam0-rgb.npz,112,141,0,42,2,2.8149094e-05,0.8294317126274109,0
adl-39-cam0-rgb,data/keypoints/adl/adl-39-cam0-rgb.npz,113,142,0,42,2,2.8296829e-05,0.8294317126274109,0
adl-39-cam0-rgb,data/keypoints/adl/adl-39-cam0-rgb.npz,114,143,0,42,2,2.8422157e-05,0.8294317126274109,0
adl-39-cam0-rgb,data/keypoints/adl/adl-39-cam0-rgb.npz,115,144,0,42,2,2.8534047e-05,0.8294317126274109,0
adl-39-cam0-rgb,data/keypoints/adl/adl-39-cam0-rgb.npz,116,145,0,42,2,2.8652443e-05,0.8294317126274109,0
adl-39-cam0-rgb,data/keypoints/adl/adl-39-cam0-rgb.npz,117,146,0,42,2,2.8814771e-05,0.8294317126274109,0
adl-39-cam0-rgb,data/keypoints/adl/adl-39-cam0-rgb.npz,118,147,0,42,2,2.8990262e-05,0.8294317126274109,0
adl-39-cam0-rgb,data/keypoints/adl/adl-39-cam0-rgb.npz,119,148,0,42,2,2.9160814e-05,0.8294317126274109,0
adl-39-cam0-rgb,data/keypoints/adl/adl-39-cam0-rgb.npz,120,149,0,42,2,2.9337743e-05,0.8294317126274109,0
adl-39-cam0-rgb,data/keypoints/adl/adl-39-cam0-rgb.npz,121,150,0,42,2,2.954244e-05,0.8294317126274109,0
adl-39-cam0-rgb,data/keypoints/adl/adl-39-cam0-rgb.npz,122,151,0,42,2,2.980442e-05,0.8294317126274109,0
adl-39-cam0-rgb,data/keypoints/adl/adl-39-cam0-rgb.npz,123,152,0,42,2,3.0090985e-05,0.8294317126274109,0
adl-39-cam0-rgb,data/keypoints/adl/adl-39-cam0-rgb.npz,124,153,0,42,2,3.0376883e-05,0.8294317126274109,0
adl-39-cam0-rgb,data/keypoints/adl/adl-39-cam0-rgb.npz,125,154,0,42,2,3.0644806e-05,0.8294317126274109,0
adl-39-cam0-rgb,data/keypoints/adl/adl-39-cam0-rgb.npz,126,155,0,42,2,3.0958185e-05,0.8294317126274109,0
adl-39-cam0-rgb,data/keypoints/adl/adl-39-cam0-rgb.npz,127,156,0,42,2,3.1165277e-05,0.8294317126274109,0
adl-39-cam0-rgb,data/keypoints/adl/adl-39-cam0-rgb.npz,128,157,0,42,2,3.148906e-05,0.8294317126274109,0
adl-39-cam0-rgb,data/keypoints/adl/adl-39-cam0-rgb.npz,129,158,0,42,2,3.1782965e-05,0.8294317126274109,0
adl-39-cam0-rgb,data/keypoints/adl/adl-39-cam0-rgb.npz,130,159,0,42,2,3.2056618e-05,0.8294317126274109,0
adl-39-cam0-rgb,data/keypoints/adl/adl-39-cam0-rgb.npz,131,160,0,42,2,3.2786265e-05,0.8294317126274109,0
adl-39-cam0-rgb,data/keypoints/adl/adl-39-cam0-rgb.npz,132,161,0,42,2,3.3435128e-05,0.8294317126274109,0
adl-39-cam0-rgb,data/keypoints/adl/adl-39-cam0-rgb.npz,133,162,0,42,2,3.4142646e-05,0.8294317126274109,0
adl-39-cam0-rgb,data/keypoints/adl/adl-39-cam0-rgb.npz,134,163,0,42,2,3.4920267e-05,0.8294317126274109,0
adl-39-cam0-rgb,data/keypoints/adl/adl-39-cam0-rgb.npz,135,164,0,42,2,3.5610206e-05,0.8294317126274109,0
adl-39-cam0-rgb,data/keypoints/adl/adl-39-cam0-rgb.npz,136,165,0,42,2,3.626218e-05,0.8294317126274109,0
adl-39-cam0-rgb,data/keypoints/adl/adl-39-cam0-rgb.npz,137,166,0,42,2,4.1820393e-05,0.8294317126274109,0
adl-39-cam0-rgb,data/keypoints/adl/adl-39-cam0-rgb.npz,138,167,0,42,2,4.2328877e-05,0.8294317126274109,0
adl-39-cam0-rgb,data/keypoints/adl/adl-39-cam0-rgb.npz,139,168,0,42,2,4.2715932e-05,0.8294317126274109,0
adl-39-cam0-rgb,data/keypoints/adl/adl-39-cam0-rgb.npz,140,169,0,42,2,4.3088523e-05,0.8294317126274109,0
adl-39-cam0-rgb,data/keypoints/adl/adl-39-cam0-rgb.npz,141,170,0,42,2,4.333978e-05,0.8294317126274109,0
adl-39-cam0-rgb,data/keypoints/adl/adl-39-cam0-rgb.npz,142,171,0,42,2,4.352567e-05,0.8294317126274109,0
adl-39-cam0-rgb,data/keypoints/adl/adl-39-cam0-rgb.npz,143,172,0,42,2,4.3652868e-05,0.8294317126274109,0
adl-39-cam0-rgb,data/keypoints/adl/adl-39-cam0-rgb.npz,144,173,0,42,2,4.379422e-05,0.8294317126274109,0
adl-39-cam0-rgb,data/keypoints/adl/adl-39-cam0-rgb.npz,145,174,0,42,2,4.3916883e-05,0.8294317126274109,0
adl-39-cam0-rgb,data/keypoints/adl/adl-39-cam0-rgb.npz,146,175,0,42,2,4.403326e-05,0.8294317126274109,0
adl-39-cam0-rgb,data/keypoints/adl/adl-39-cam0-rgb.npz,147,176,0,42,2,4.416922e-05,0.8294317126274109,0
adl-39-cam0-rgb,data/keypoints/adl/adl-39-cam0-rgb.npz,148,177,0,42,2,4.4291584e-05,0.8294317126274109,0
adl-39-cam0-rgb,data/keypoints/adl/adl-39-cam0-rgb.npz,149,178,0,42,2,4.4415516e-05,0.8294317126274109,0
adl-39-cam0-rgb,data/keypoints/adl/adl-39-cam0-rgb.npz,150,179,0,42,2,4.453741e-05,0.8294317126274109,0
adl-39-cam0-rgb,data/keypoints/adl/adl-39-cam0-rgb.npz,151,180,0,42,2,4.464938e-05,0.8294317126274109,0
adl-39-cam0-rgb,data/keypoints/adl/adl-39-cam0-rgb.npz,152,181,0,42,2,4.7601872e-05,0.8294317126274109,0
adl-39-cam0-rgb,data/keypoints/adl/adl-39-cam0-rgb.npz,153,182,0,42,2,4.7744754e-05,0.8294317126274109,0
adl-39-cam0-rgb,data/keypoints/adl/adl-39-cam0-rgb.npz,154,183,0,42,2,4.8050377e-05,0.8294317126274109,0
adl-39-cam0-rgb,data/keypoints/adl/adl-39-cam0-rgb.npz,155,184,0,42,2,4.8328504e-05,0.8294317126274109,0
adl-39-cam0-rgb,data/keypoints/adl/adl-39-cam0-rgb.npz,156,185,0,42,2,4.8583104e-05,0.8294317126274109,0
adl-39-cam0-rgb,data/keypoints/adl/adl-39-cam0-rgb.npz,157,186,0,42,2,4.8802605e-05,0.8294317126274109,0
adl-39-cam0-rgb,data/keypoints/adl/adl-39-cam0-rgb.npz,158,187,0,42,2,4.905592e-05,0.8294317126274109,0
adl-39-cam0-rgb,data/keypoints/adl/adl-39-cam0-rgb.npz,159,188,0,42,2,4.9227765e-05,0.8294317126274109,0
adl-39-cam0-rgb,data/keypoints/adl/adl-39-cam0-rgb.npz,160,189,0,42,2,4.932029e-05,0.8294317126274109,0
adl-39-cam0-rgb,data/keypoints/adl/adl-39-cam0-rgb.npz,161,190,0,42,2,5.597698e-05,0.8294317126274109,0
adl-39-cam0-rgb,data/keypoints/adl/adl-39-cam0-rgb.npz,162,191,0,42,2,5.6685414e-05,0.8294317126274109,0
adl-39-cam0-rgb,data/keypoints/adl/adl-39-cam0-rgb.npz,163,192,0,42,2,5.7617577e-05,0.8294317126274109,0
adl-39-cam0-rgb,data/keypoints/adl/adl-39-cam0-rgb.npz,164,193,0,42,2,5.8527323e-05,0.8294317126274109,0
adl-39-cam0-rgb,data/keypoints/adl/adl-39-cam0-rgb.npz,165,194,0,42,2,5.9445763e-05,0.8294317126274109,0
adl-39-cam0-rgb,data/keypoints/adl/adl-39-cam0-rgb.npz,166,195,0,42,2,6.01838e-05,0.8294317126274109,0
adl-39-cam0-rgb,data/keypoints/adl/adl-39-cam0-rgb.npz,167,196,0,42,2,6.085841e-05,0.8294317126274109,0
adl-39-cam0-rgb,data/keypoints/adl/adl-39-cam0-rgb.npz,168,197,0,42,2,6.1572166e-05,0.8294317126274109,0
adl-39-cam0-rgb,data/keypoints/adl/adl-39-cam0-rgb.npz,169,198,0,42,2,6.242881e-05,0.8294317126274109,0
adl-39-cam0-rgb,data/keypoints/adl/adl-39-cam0-rgb.npz,170,199,0,42,2,6.314779e-05,0.8294317126274109,0
adl-39-cam0-rgb,data/keypoints/adl/adl-39-cam0-rgb.npz,171,200,0,42,2,6.393289e-05,0.8294317126274109,0
adl-39-cam0-rgb,data/keypoints/adl/adl-39-cam0-rgb.npz,172,201,0,42,2,6.4549225e-05,0.8294317126274109,0
adl-39-cam0-rgb,data/keypoints/adl/adl-39-cam0-rgb.npz,173,202,0,42,2,6.527357e-05,0.8294317126274109,0
adl-39-cam0-rgb,data/keypoints/adl/adl-39-cam0-rgb.npz,174,203,0,42,2,6.600788e-05,0.8294317126274109,0
adl-39-cam0-rgb,data/keypoints/adl/adl-39-cam0-rgb.npz,175,204,0,42,2,6.6731096e-05,0.8294317126274109,0
adl-39-cam0-rgb,data/keypoints/adl/adl-39-cam0-rgb.npz,176,205,0,42,2,6.7476125e-05,0.8294317126274109,0
adl-39-cam0-rgb,data/keypoints/adl/adl-39-cam0-rgb.npz,177,206,0,42,2,6.818317e-05,0.8294317126274109,0
adl-39-cam0-rgb,data/keypoints/adl/adl-39-cam0-rgb.npz,178,207,0,42,2,6.875087e-05,0.8294317126274109,0
adl-39-cam0-rgb,data/keypoints/adl/adl-39-cam0-rgb.npz,179,208,0,42,2,6.930235e-05,0.8294317126274109,0
adl-39-cam0-rgb,data/keypoints/adl/adl-39-cam0-rgb.npz,180,209,0,42,2,6.98899e-05,0.8294317126274109,0
adl-39-cam0-rgb,data/keypoints/adl/adl-39-cam0-rgb.npz,181,210,0,42,2,7.040255e-05,0.8294317126274109,0
adl-39-cam0-rgb,data/keypoints/adl/adl-39-cam0-rgb.npz,182,211,0,42,2,7.090815e-05,0.8294317126274109,0
adl-39-cam0-rgb,data/keypoints/adl/adl-39-cam0-rgb.npz,183,212,0,42,2,7.12709e-05,0.8294317126274109,0
adl-39-cam0-rgb,data/keypoints/adl/adl-39-cam0-rgb.npz,184,213,0,42,2,7.154751e-05,0.8294317126274109,0
adl-39-cam0-rgb,data/keypoints/adl/adl-39-cam0-rgb.npz,185,214,0,42,2,7.173067e-05,0.8294317126274109,0
adl-39-cam0-rgb,data/keypoints/adl/adl-39-cam0-rgb.npz,186,215,0,42,2,7.193452e-05,0.8294317126274109,0
adl-39-cam0-rgb,data/keypoints/adl/adl-39-cam0-rgb.npz,187,216,0,42,2,7.21724e-05,0.8294317126274109,0
adl-39-cam0-rgb,data/keypoints/adl/adl-39-cam0-rgb.npz,188,217,0,42,2,3.738433e-05,0.8294317126274109,0
adl-39-cam0-rgb,data/keypoints/adl/adl-39-cam0-rgb.npz,189,218,0,42,2,3.7363665e-05,0.8294317126274109,0
adl-39-cam0-rgb,data/keypoints/adl/adl-39-cam0-rgb.npz,190,219,0,42,2,3.733702e-05,0.8294317126274109,0
adl-39-cam0-rgb,data/keypoints/adl/adl-39-cam0-rgb.npz,191,220,0,42,2,3.732313e-05,0.8294317126274109,0
adl-39-cam0-rgb,data/keypoints/adl/adl-39-cam0-rgb.npz,192,221,0,42,2,3.730662e-05,0.8294317126274109,0
adl-39-cam0-rgb,data/keypoints/adl/adl-39-cam0-rgb.npz,193,222,0,42,2,3.726772e-05,0.8294317126274109,0
adl-39-cam0-rgb,data/keypoints/adl/adl-39-cam0-rgb.npz,194,223,0,42,2,3.7241076e-05,0.8294317126274109,0
adl-39-cam0-rgb,data/keypoints/adl/adl-39-cam0-rgb.npz,195,224,0,42,2,3.7214595e-05,0.8294317126274109,0
adl-39-cam0-rgb,data/keypoints/adl/adl-39-cam0-rgb.npz,196,225,0,42,2,3.717086e-05,0.8294317126274109,0
adl-39-cam0-rgb,data/keypoints/adl/adl-39-cam0-rgb.npz,197,226,0,42,2,3.0736795e-05,0.8294317126274109,0
adl-39-cam0-rgb,data/keypoints/adl/adl-39-cam0-rgb.npz,198,227,0,42,2,3.0732746e-05,0.8294317126274109,0
adl-39-cam0-rgb,data/keypoints/adl/adl-39-cam0-rgb.npz,199,228,0,42,2,3.074928e-05,0.8294317126274109,0
adl-39-cam0-rgb,data/keypoints/adl/adl-39-cam0-rgb.npz,200,229,0,42,2,3.0769348e-05,0.8294317126274109,0
adl-39-cam0-rgb,data/keypoints/adl/adl-39-cam0-rgb.npz,201,230,0,42,2,3.0786607e-05,0.8294317126274109,0
adl-39-cam0-rgb,data/keypoints/adl/adl-39-cam0-rgb.npz,202,231,0,42,2,5.140529e-05,0.8294317126274109,0
adl-39-cam0-rgb,data/keypoints/adl/adl-39-cam0-rgb.npz,203,232,0,42,2,5.140529e-05,0.8294317126274109,0
adl-39-cam0-rgb,data/keypoints/adl/adl-39-cam0-rgb.npz,204,233,0,42,2,5.140529e-05,0.8294317126274109,0
adl-39-cam0-rgb,data/keypoints/adl/adl-39-cam0-rgb.npz,205,234,0,42,2,5.140529e-05,0.8294317126274109,0
adl-39-cam0-rgb,data/keypoints/adl/adl-39-cam0-rgb.npz,206,235,0,42,2,5.140529e-05,0.8294317126274109,0
adl-39-cam0-rgb,data/keypoints/adl/adl-39-cam0-rgb.npz,207,236,0,42,2,5.140529e-05,0.8294317126274109,0
adl-39-cam0-rgb,data/keypoints/adl/adl-39-cam0-rgb.npz,208,237,0,42,2,5.140529e-05,0.8294317126274109,0
adl-39-cam0-rgb,data/keypoints/adl/adl-39-cam0-rgb.npz,209,238,0,42,2,5.140529e-05,0.8294317126274109,0
adl-39-cam0-rgb,data/keypoints/adl/adl-39-cam0-rgb.npz,210,239,0,42,2,5.140529e-05,0.8294317126274109,0
adl-39-cam0-rgb,data/keypoints/adl/adl-39-cam0-rgb.npz,211,240,0,42,2,5.140529e-05,0.8294317126274109,0
adl-39-cam0-rgb,data/keypoints/adl/adl-39-cam0-rgb.npz,212,241,0,42,2,5.140529e-05,0.8294317126274109,0
adl-39-cam0-rgb,data/keypoints/adl/adl-39-cam0-rgb.npz,213,242,0,42,2,5.140529e-05,0.8294317126274109,0
adl-39-cam0-rgb,data/keypoints/adl/adl-39-cam0-rgb.npz,214,243,0,42,2,5.140529e-05,0.8294317126274109,0
adl-39-cam0-rgb,data/keypoints/adl/adl-39-cam0-rgb.npz,215,244,0,42,2,5.140529e-05,0.8294317126274109,0
adl-39-cam0-rgb,data/keypoints/adl/adl-39-cam0-rgb.npz,216,245,0,42,2,5.140529e-05,0.8294317126274109,0
adl-39-cam0-rgb,data/keypoints/adl/adl-39-cam0-rgb.npz,217,246,0,42,2,5.140529e-05,0.8294317126274109,0
fall-09-cam0-rgb,data/keypoints/fall/fall-09-cam0-rgb.npz,1,30,0,42,2,2.105345e-05,0.8294317126274109,0
fall-09-cam0-rgb,data/keypoints/fall/fall-09-cam0-rgb.npz,2,31,0,42,2,2.0692038e-05,0.8294317126274109,0
fall-09-cam0-rgb,data/keypoints/fall/fall-09-cam0-rgb.npz,3,32,0,42,2,2.036841e-05,0.8294317126274109,0
fall-09-cam0-rgb,data/keypoints/fall/fall-09-cam0-rgb.npz,4,33,0,42,2,2.0068932e-05,0.8294317126274109,0
fall-09-cam0-rgb,data/keypoints/fall/fall-09-cam0-rgb.npz,5,34,0,42,2,1.9762527e-05,0.8294317126274109,0
fall-09-cam0-rgb,data/keypoints/fall/fall-09-cam0-rgb.npz,6,35,0,42,2,1.951829e-05,0.8294317126274109,0
fall-09-cam0-rgb,data/keypoints/fall/fall-09-cam0-rgb.npz,7,36,0,42,2,1.9299805e-05,0.8294317126274109,0
fall-09-cam0-rgb,data/keypoints/fall/fall-09-cam0-rgb.npz,8,37,0,42,2,1.908748e-05,0.8294317126274109,0
fall-09-cam0-rgb,data/keypoints/fall/fall-09-cam0-rgb.npz,9,38,0,42,2,1.890819e-05,0.8294317126274109,0
fall-09-cam0-rgb,data/keypoints/fall/fall-09-cam0-rgb.npz,10,39,0,42,2,1.874431e-05,0.8294317126274109,0
fall-09-cam0-rgb,data/keypoints/fall/fall-09-cam0-rgb.npz,11,40,0,42,2,1.8606037e-05,0.8294317126274109,0
fall-09-cam0-rgb,data/keypoints/fall/fall-09-cam0-rgb.npz,12,41,0,42,2,1.8500266e-05,0.8294317126274109,0
fall-09-cam0-rgb,data/keypoints/fall/fall-09-cam0-rgb.npz,13,42,0,42,2,1.843547e-05,0.8294317126274109,0
fall-09-cam0-rgb,data/keypoints/fall/fall-09-cam0-rgb.npz,14,43,0,42,2,1.8401272e-05,0.8294317126274109,0
fall-09-cam0-rgb,data/keypoints/fall/fall-09-cam0-rgb.npz,15,44,0,42,2,1.8408926e-05,0.8294317126274109,0
fall-09-cam0-rgb,data/keypoints/fall/fall-09-cam0-rgb.npz,16,45,0,42,2,1.8448609e-05,0.8294317126274109,0
fall-09-cam0-rgb,data/keypoints/fall/fall-09-cam0-rgb.npz,17,46,0,42,2,1.8517776e-05,0.8294317126274109,0
fall-09-cam0-rgb,data/keypoints/fall/fall-09-cam0-rgb.npz,18,47,0,42,2,1.8604493e-05,0.8294317126274109,0
fall-09-cam0-rgb,data/keypoints/fall/fall-09-cam0-rgb.npz,19,48,0,42,2,1.8706041e-05,0.8294317126274109,0
fall-09-cam0-rgb,data/keypoints/fall/fall-09-cam0-rgb.npz,20,49,0,42,2,1.8809398e-05,0.8294317126274109,0
fall-09-cam0-rgb,data/keypoints/fall/fall-09-cam0-rgb.npz,21,50,0,42,2,1.8919716e-05,0.8294317126274109,0
fall-09-cam0-rgb,data/keypoints/fall/fall-09-cam0-rgb.npz,22,51,0,42,2,1.9025994e-05,0.8294317126274109,0
fall-09-cam0-rgb,data/keypoints/fall/fall-09-cam0-rgb.npz,23,52,0,42,2,1.9170848e-05,0.8294317126274109,0
fall-09-cam0-rgb,data/keypoints/fall/fall-09-cam0-rgb.npz,24,53,0,42,2,1.9312361e-05,0.8294317126274109,0
fall-09-cam0-rgb,data/keypoints/fall/fall-09-cam0-rgb.npz,25,54,0,42,2,1.9478368e-05,0.8294317126274109,0
fall-09-cam0-rgb,data/keypoints/fall/fall-09-cam0-rgb.npz,26,55,0,42,2,1.9568593e-05,0.8294317126274109,0
fall-09-cam0-rgb,data/keypoints/fall/fall-09-cam0-rgb.npz,27,56,0,42,2,1.9780025e-05,0.8294317126274109,0
fall-09-cam0-rgb,data/keypoints/fall/fall-09-cam0-rgb.npz,28,57,0,42,2,2.0039002e-05,0.8294317126274109,0
fall-09-cam0-rgb,data/keypoints/fall/fall-09-cam0-rgb.npz,29,58,0,42,2,2.0297439e-05,0.8294317126274109,0
fall-09-cam0-rgb,data/keypoints/fall/fall-09-cam0-rgb.npz,30,59,0,42,2,2.0560465e-05,0.8294317126274109,0
fall-09-cam0-rgb,data/keypoints/fall/fall-09-cam0-rgb.npz,31,60,0,42,2,2.0868094e-05,0.8294317126274109,0
fall-09-cam0-rgb,data/keypoints/fall/fall-09-cam0-rgb.npz,32,61,0,42,2,2.1157874e-05,0.8294317126274109,0
fall-09-cam0-rgb,data/keypoints/fall/fall-09-cam0-rgb.npz,33,62,0,42,2,2.1398513e-05,0.8294317126274109,0
fall-09-cam0-rgb,data/keypoints/fall/fall-09-cam0-rgb.npz,34,63,0,42,2,2.1597029e-05,0.8294317126274109,0
fall-09-cam0-rgb,data/keypoints/fall/fall-09-cam0-rgb.npz,35,64,0,42,2,2.1754773e-05,0.8294317126274109,0
fall-09-cam0-rgb,data/keypoints/fall/fall-09-cam0-rgb.npz,36,65,0,42,2,2.1887807e-05,0.8294317126274109,0
fall-09-cam0-rgb,data/keypoints/fall/fall-09-cam0-rgb.npz,37,66,0,42,2,2.19758e-05,0.8294317126274109,0
fall-09-cam0-rgb,data/keypoints/fall/fall-09-cam0-rgb.npz,38,67,0,42,2,2.2045087e-05,0.8294317126274109,0
fall-09-cam0-rgb,data/keypoints/fall/fall-09-cam0-rgb.npz,39,68,0,42,2,2.2082415e-05,0.8294317126274109,0
fall-09-cam0-rgb,data/keypoints/fall/fall-09-cam0-rgb.npz,40,69,0,42,2,2.2105676e-05,0.8294317126274109,0
fall-09-cam0-rgb,data/keypoints/fall/fall-09-cam0-rgb.npz,41,70,0,42,2,2.2142873e-05,0.8294317126274109,0
fall-09-cam0-rgb,data/keypoints/fall/fall-09-cam0-rgb.npz,42,71,0,42,2,2.2179416e-05,0.8294317126274109,0
fall-09-cam0-rgb,data/keypoints/fall/fall-09-cam0-rgb.npz,43,72,0,42,2,2.2207372e-05,0.8294317126274109,0
fall-09-cam0-rgb,data/keypoints/fall/fall-09-cam0-rgb.npz,44,73,0,42,2,2.2230492e-05,0.8294317126274109,0
fall-09-cam0-rgb,data/keypoints/fall/fall-09-cam0-rgb.npz,45,74,0,42,2,2.2237866e-05,0.8294317126274109,0
fall-09-cam0-rgb,data/keypoints/fall/fall-09-cam0-rgb.npz,46,75,0,42,2,2.229703e-05,0.8294317126274109,0
fall-09-cam0-rgb,data/keypoints/fall/fall-09-cam0-rgb.npz,47,76,0,42,2,2.234499e-05,0.8294317126274109,0
fall-09-cam0-rgb,data/keypoints/fall/fall-09-cam0-rgb.npz,48,77,0,42,2,2.244342e-05,0.8294317126274109,0
fall-09-cam0-rgb,data/keypoints/fall/fall-09-cam0-rgb.npz,49,78,0,42,2,2.256162e-05,0.8294317126274109,0
fall-09-cam0-rgb,data/keypoints/fall/fall-09-cam0-rgb.npz,50,79,0,42,2,2.268931e-05,0.8294317126274109,0
fall-09-cam0-rgb,data/keypoints/fall/fall-09-cam0-rgb.npz,51,80,0,42,2,2.2816594e-05,0.8294317126274109,0
fall-09-cam0-rgb,data/keypoints/fall/fall-09-cam0-rgb.npz,52,81,0,42,2,2.2940829e-05,0.8294317126274109,0
fall-09-cam0-rgb,data/keypoints/fall/fall-09-cam0-rgb.npz,53,82,0,42,2,2.3050608e-05,0.8294317126274109,0
fall-09-cam0-rgb,data/keypoints/fall/fall-09-cam0-rgb.npz,54,83,0,42,2,2.314899e-05,0.8294317126274109,0
fall-09-cam0-rgb,data/keypoints/fall/fall-09-cam0-rgb.npz,55,84,0,42,2,2.3224879e-05,0.8294317126274109,0
fall-09-cam0-rgb,data/keypoints/fall/fall-09-cam0-rgb.npz,56,85,0,42,2,2.333958e-05,0.8294317126274109,0
fall-09-cam0-rgb,data/keypoints/fall/fall-09-cam0-rgb.npz,57,86,0,42,2,2.3409708e-05,0.8294317126274109,0
fall-09-cam0-rgb,data/keypoints/fall/fall-09-cam0-rgb.npz,58,87,0,42,2,2.3442592e-05,0.8294317126274109,0
fall-09-cam0-rgb,data/keypoints/fall/fall-09-cam0-rgb.npz,59,88,0,42,2,2.349286e-05,0.8294317126274109,0
fall-09-cam0-rgb,data/keypoints/fall/fall-09-cam0-rgb.npz,60,89,0,42,2,2.3530392e-05,0.8294317126274109,0
fall-09-cam0-rgb,data/keypoints/fall/fall-09-cam0-rgb.npz,61,90,0,42,2,2.3501914e-05,0.8294317126274109,0
fall-09-cam0-rgb,data/keypoints/fall/fall-09-cam0-rgb.npz,62,91,0,42,2,2.3426412e-05,0.8294317126274109,0
fall-09-cam0-rgb,data/keypoints/fall/fall-09-cam0-rgb.npz,63,92,0,42,2,2.3337108e-05,0.8294317126274109,0
fall-09-cam0-rgb,data/keypoints/fall/fall-09-cam0-rgb.npz,64,93,0,42,2,2.323928e-05,0.8294317126274109,0
fall-09-cam0-rgb,data/keypoints/fall/fall-09-cam0-rgb.npz,65,94,0,42,2,2.316096e-05,0.8294317126274109,0
fall-09-cam0-rgb,data/keypoints/fall/fall-09-cam0-rgb.npz,66,95,0,42,2,2.3069431e-05,0.8294317126274109,0
fall-09-cam0-rgb,data/keypoints/fall/fall-09-cam0-rgb.npz,67,96,0,42,2,2.297314e-05,0.8294317126274109,0
fall-09-cam0-rgb,data/keypoints/fall/fall-09-cam0-rgb.npz,68,97,0,42,2,2.285492e-05,0.8294317126274109,0
fall-09-cam0-rgb,data/keypoints/fall/fall-09-cam0-rgb.npz,69,98,0,42,2,2.2695196e-05,0.8294317126274109,0
fall-09-cam0-rgb,data/keypoints/fall/fall-09-cam0-rgb.npz,70,99,0,42,2,2.2503515e-05,0.8294317126274109,0
fall-09-cam0-rgb,data/keypoints/fall/fall-09-cam0-rgb.npz,71,100,0,42,2,2.2283424e-05,0.8294317126274109,0
fall-09-cam0-rgb,data/keypoints/fall/fall-09-cam0-rgb.npz,72,101,0,42,2,2.203958e-05,0.8294317126274109,0
fall-09-cam0-rgb,data/keypoints/fall/fall-09-cam0-rgb.npz,73,102,0,42,2,2.173105e-05,0.8294317126274109,0
fall-09-cam0-rgb,data/keypoints/fall/fall-09-cam0-rgb.npz,74,103,0,42,2,2.140486e-05,0.8294317126274109,0
fall-09-cam0-rgb,data/keypoints/fall/fall-09-cam0-rgb.npz,75,104,0,42,2,2.1123882e-05,0.8294317126274109,0
fall-09-cam0-rgb,data/keypoints/fall/fall-09-cam0-rgb.npz,76,105,0,42,2,2.0869466e-05,0.8294317126274109,0
fall-09-cam0-rgb,data/keypoints/fall/fall-09-cam0-rgb.npz,77,106,0,42,2,2.0587699e-05,0.8294317126274109,0
fall-09-cam0-rgb,data/keypoints/fall/fall-09-cam0-rgb.npz,78,107,0,42,2,2.0345404e-05,0.8294317126274109,0
fall-09-cam0-rgb,data/keypoints/fall/fall-09-cam0-rgb.npz,79,108,0,42,2,2.0131152e-05,0.8294317126274109,0
fall-09-cam0-rgb,data/keypoints/fall/fall-09-cam0-rgb.npz,80,109,0,42,2,1.9951669e-05,0.8294317126274109,0
fall-09-cam0-rgb,data/keypoints/fall/fall-09-cam0-rgb.npz,81,110,0,42,2,1.9803374e-05,0.8294317126274109,0
fall-09-cam0-rgb,data/keypoints/fall/fall-09-cam0-rgb.npz,82,111,0,42,2,1.9698573e-05,0.8294317126274109,0
fall-09-cam0-rgb,data/keypoints/fall/fall-09-cam0-rgb.npz,83,112,0,42,2,1.9651905e-05,0.8294317126274109,0
fall-09-cam0-rgb,data/keypoints/fall/fall-09-cam0-rgb.npz,84,113,0,42,2,1.9848276e-05,0.8294317126274109,0
fall-09-cam0-rgb,data/keypoints/fall/fall-09-cam0-rgb.npz,85,114,0,42,2,2.0047299e-05,0.8294317126274109,0
fall-09-cam0-rgb,data/keypoints/fall/fall-09-cam0-rgb.npz,86,115,0,42,2,2.0348236e-05,0.8294317126274109,0
fall-09-cam0-rgb,data/keypoints/fall/fall-09-cam0-rgb.npz,87,116,0,42,2,2.0690952e-05,0.8294317126274109,0
fall-09-cam0-rgb,data/keypoints/fall/fall-09-cam0-rgb.npz,88,117,0,42,2,2.113692e-05,0.8294317126274109,0
fall-09-cam0-rgb,data/keypoints/fall/fall-09-cam0-rgb.npz,89,118,0,42,2,2.1624934e-05,0.8294317126274109,0
fall-09-cam0-rgb,data/keypoints/fall/fall-09-cam0-rgb.npz,90,119,0,42,2,2.2231934e-05,0.8294317126274109,0
fall-09-cam0-rgb,data/keypoints/fall/fall-09-cam0-rgb.npz,91,120,0,42,2,2.2793867e-05,0.8294317126274109,0
fall-09-cam0-rgb,data/keypoints/fall/fall-09-cam0-rgb.npz,92,121,0,42,2,2.3352872e-05,0.8294317126274109,0
fall-09-cam0-rgb,data/keypoints/fall/fall-09-cam0-rgb.npz,93,122,0,42,2,2.380755e-05,0.8294317126274109,0
fall-09-cam0-rgb,data/keypoints/fall/fall-09-cam0-rgb.npz,94,123,0,42,2,2.424989e-05,0.8294317126274109,0
fall-09-cam0-rgb,data/keypoints/fall/fall-09-cam0-rgb.npz,95,124,0,42,2,2.4619641e-05,0.8294317126274109,0
fall-09-cam0-rgb,data/keypoints/fall/fall-09-cam0-rgb.npz,96,125,0,42,2,2.6434922e-05,0.8294317126274109,0
fall-09-cam0-rgb,data/keypoints/fall/fall-09-cam0-rgb.npz,97,126,0,42,2,2.6682244e-05,0.8294317126274109,0
fall-09-cam0-rgb,data/keypoints/fall/fall-09-cam0-rgb.npz,98,127,0,42,2,2.6970742e-05,0.8294317126274109,0
fall-09-cam0-rgb,data/keypoints/fall/fall-09-cam0-rgb.npz,99,128,0,42,2,2.722505e-05,0.8294317126274109,0
fall-09-cam0-rgb,data/keypoints/fall/fall-09-cam0-rgb.npz,100,129,0,42,2,2.7598995e-05,0.8294317126274109,0
fall-09-cam0-rgb,data/keypoints/fall/fall-09-cam0-rgb.npz,101,130,0,42,2,2.801514e-05,0.8294317126274109,0
fall-09-cam0-rgb,data/keypoints/fall/fall-09-cam0-rgb.npz,102,131,0,42,2,1.9770407e-05,0.8294317126274109,0
fall-09-cam0-rgb,data/keypoints/fall/fall-09-cam0-rgb.npz,103,132,0,42,2,1.9812458e-05,0.8294317126274109,0
fall-09-cam0-rgb,data/keypoints/fall/fall-09-cam0-rgb.npz,104,133,0,42,2,1.9869905e-05,0.8294317126274109,0
fall-09-cam0-rgb,data/keypoints/fall/fall-09-cam0-rgb.npz,105,134,0,42,2,1.9960842e-05,0.8294317126274109,0
fall-09-cam0-rgb,data/keypoints/fall/fall-09-cam0-rgb.npz,106,135,0,42,2,2.0083733e-05,0.8294317126274109,0
fall-09-cam0-rgb,data/keypoints/fall/fall-09-cam0-rgb.npz,107,136,0,42,2,2.0248177e-05,0.8294317126274109,0
fall-09-cam0-rgb,data/keypoints/fall/fall-09-cam0-rgb.npz,108,137,0,42,2,2.0514322e-05,0.8294317126274109,0
fall-09-cam0-rgb,data/keypoints/fall/fall-09-cam0-rgb.npz,109,138,0,42,2,2.100456e-05,0.8294317126274109,0
fall-09-cam0-rgb,data/keypoints/fall/fall-09-cam0-rgb.npz,110,139,0,42,2,6.47286e-05,0.8294317126274109,0
fall-09-cam0-rgb,data/keypoints/fall/fall-09-cam0-rgb.npz,111,140,0,42,2,6.775804e-05,0.8294317126274109,0
fall-09-cam0-rgb,data/keypoints/fall/fall-09-cam0-rgb.npz,112,141,0,42,2,0.00011094985,0.8294317126274109,0
fall-09-cam0-rgb,data/keypoints/fall/fall-09-cam0-rgb.npz,113,142,0,42,2,0.0005713696,0.8294317126274109,0
fall-09-cam0-rgb,data/keypoints/fall/fall-09-cam0-rgb.npz,114,143,0,42,2,0.0012545974,0.8294317126274109,0
fall-09-cam0-rgb,data/keypoints/fall/fall-09-cam0-rgb.npz,115,144,0,42,2,0.0056269616,0.8294317126274109,0
fall-09-cam0-rgb,data/keypoints/fall/fall-09-cam0-rgb.npz,116,145,0,42,2,0.018950421,0.8294317126274109,0
fall-09-cam0-rgb,data/keypoints/fall/fall-09-cam0-rgb.npz,117,146,0,42,2,0.064233445,0.8294317126274109,0
fall-09-cam0-rgb,data/keypoints/fall/fall-09-cam0-rgb.npz,118,147,0,42,2,0.12756366,0.8294317126274109,0
fall-09-cam0-rgb,data/keypoints/fall/fall-09-cam0-rgb.npz,119,148,0,42,2,0.2401492,0.8294317126274109,0
fall-09-cam0-rgb,data/keypoints/fall/fall-09-cam0-rgb.npz,120,149,0,42,2,0.42038038,0.8294317126274109,0
fall-09-cam0-rgb,data/keypoints/fall/fall-09-cam0-rgb.npz,122,151,1,42,2,0.8176267,0.8294317126274109,0
fall-09-cam0-rgb,data/keypoints/fall/fall-09-cam0-rgb.npz,123,152,1,42,2,0.8727953,0.8294317126274109,1
fall-09-cam0-rgb,data/keypoints/fall/fall-09-cam0-rgb.npz,124,153,1,42,2,0.9099601,0.8294317126274109,1
fall-09-cam0-rgb,data/keypoints/fall/fall-09-cam0-rgb.npz,125,154,1,42,2,0.91746616,0.8294317126274109,1
fall-09-cam0-rgb,data/keypoints/fall/fall-09-cam0-rgb.npz,126,155,1,42,2,0.92341423,0.8294317126274109,1
fall-09-cam0-rgb,data/keypoints/fall/fall-09-cam0-rgb.npz,127,156,1,42,2,0.9819926,0.8294317126274109,1
fall-09-cam0-rgb,data/keypoints/fall/fall-09-cam0-rgb.npz,128,157,1,42,2,0.99383014,0.8294317126274109,1
fall-09-cam0-rgb,data/keypoints/fall/fall-09-cam0-rgb.npz,129,158,1,42,2,0.99146944,0.8294317126274109,1
fall-09-cam0-rgb,data/keypoints/fall/fall-09-cam0-rgb.npz,130,159,1,42,2,0.99686,0.8294317126274109,1
fall-09-cam0-rgb,data/keypoints/fall/fall-09-cam0-rgb.npz,131,160,1,42,2,0.9959715,0.8294317126274109,1
fall-09-cam0-rgb,data/keypoints/fall/fall-09-cam0-rgb.npz,132,161,1,42,2,0.9967469,0.8294317126274109,1
fall-09-cam0-rgb,data/keypoints/fall/fall-09-cam0-rgb.npz,133,162,1,42,2,0.9972115,0.8294317126274109,1
fall-09-cam0-rgb,data/keypoints/fall/fall-09-cam0-rgb.npz,134,163,1,42,2,0.99772924,0.8294317126274109,1
fall-09-cam0-rgb,data/keypoints/fall/fall-09-cam0-rgb.npz,135,164,1,42,2,0.99957496,0.8294317126274109,1
fall-09-cam0-rgb,data/keypoints/fall/fall-09-cam0-rgb.npz,136,165,1,42,2,0.9997402,0.8294317126274109,1
fall-09-cam0-rgb,data/keypoints/fall/fall-09-cam0-rgb.npz,137,166,1,42,2,0.99980444,0.8294317126274109,1
fall-09-cam0-rgb,data/keypoints/fall/fall-09-cam0-rgb.npz,138,167,1,42,2,0.9973667,0.8294317126274109,1
fall-09-cam0-rgb,data/keypoints/fall/fall-09-cam0-rgb.npz,139,168,1,42,2,0.9954521,0.8294317126274109,1
fall-09-cam0-rgb,data/keypoints/fall/fall-09-cam0-rgb.npz,140,169,1,42,2,0.9957237,0.8294317126274109,1
fall-09-cam0-rgb,data/keypoints/fall/fall-09-cam0-rgb.npz,141,170,1,42,2,0.9924148,0.8294317126274109,1
fall-09-cam0-rgb,data/keypoints/fall/fall-09-cam0-rgb.npz,142,171,1,42,2,0.99741876,0.8294317126274109,1
fall-09-cam0-rgb,data/keypoints/fall/fall-09-cam0-rgb.npz,143,172,1,42,2,0.99779093,0.8294317126274109,1
fall-09-cam0-rgb,data/keypoints/fall/fall-09-cam0-rgb.npz,144,173,1,42,2,0.99756205,0.8294317126274109,1
fall-09-cam0-rgb,data/keypoints/fall/fall-09-cam0-rgb.npz,145,174,1,42,2,0.5384969,0.8294317126274109,0
fall-09-cam0-rgb,data/keypoints/fall/fall-09-cam0-rgb.npz,146,175,1,42,2,0.54601985,0.8294317126274109,0
fall-09-cam0-rgb,data/keypoints/fall/fall-09-cam0-rgb.npz,147,176,1,42,2,0.3540827,0.8294317126274109,0
fall-09-cam0-rgb,data/keypoints/fall/fall-09-cam0-rgb.npz,148,177,1,42,2,0.21750468,0.8294317126274109,0
fall-09-cam0-rgb,data/keypoints/fall/fall-09-cam0-rgb.npz,149,178,1,42,2,0.0138576655,0.8294317126274109,0
fall-09-cam0-rgb,data/keypoints/fall/fall-09-cam0-rgb.npz,150,179,1,42,2,0.013985012,0.8294317126274109,0
fall-09-cam0-rgb,data/keypoints/fall/fall-09-cam0-rgb.npz,151,180,1,42,2,0.018038211,0.8294317126274109,0
fall-09-cam0-rgb,data/keypoints/fall/fall-09-cam0-rgb.npz,152,181,1,42,2,0.99930286,0.8294317126274109,1
fall-09-cam0-rgb,data/keypoints/fall/fall-09-cam0-rgb.npz,153,182,1,42,2,0.99964774,0.8294317126274109,1
fall-09-cam0-rgb,data/keypoints/fall/fall-09-cam0-rgb.npz,154,183,1,42,2,0.99978286,0.8294317126274109,1
fall-09-cam0-rgb,data/keypoints/fall/fall-09-cam0-rgb.npz,155,184,1,42,2,0.9998522,0.8294317126274109,1
fall-09-cam0-rgb,data/keypoints/fall/fall-09-cam0-rgb.npz,156,185,1,42,2,0.99988055,0.8294317126274109,1
fall-16-cam0-rgb,data/keypoints/fall/fall-16-cam0-rgb.npz,1,30,0,42,2,7.314741e-05,0.8294317126274109,0
fall-16-cam0-rgb,data/keypoints/fall/fall-16-cam0-rgb.npz,2,31,0,42,2,8.210945e-05,0.8294317126274109,0
fall-16-cam0-rgb,data/keypoints/fall/fall-16-cam0-rgb.npz,3,32,0,42,2,8.2884806e-05,0.8294317126274109,0
fall-16-cam0-rgb,data/keypoints/fall/fall-16-cam0-rgb.npz,4,33,0,42,2,8.3779894e-05,0.8294317126274109,0
fall-16-cam0-rgb,data/keypoints/fall/fall-16-cam0-rgb.npz,5,34,0,42,2,8.529174e-05,0.8294317126274109,0
fall-16-cam0-rgb,data/keypoints/fall/fall-16-cam0-rgb.npz,6,35,0,42,2,8.590246e-05,0.8294317126274109,0
fall-16-cam0-rgb,data/keypoints/fall/fall-16-cam0-rgb.npz,7,36,0,42,2,8.669809e-05,0.8294317126274109,0
fall-16-cam0-rgb,data/keypoints/fall/fall-16-cam0-rgb.npz,8,37,0,42,2,0.000542246,0.8294317126274109,0
fall-16-cam0-rgb,data/keypoints/fall/fall-16-cam0-rgb.npz,9,38,0,42,2,0.0028361576,0.8294317126274109,0
fall-16-cam0-rgb,data/keypoints/fall/fall-16-cam0-rgb.npz,10,39,0,42,2,0.018855507,0.8294317126274109,0
fall-16-cam0-rgb,data/keypoints/fall/fall-16-cam0-rgb.npz,11,40,0,42,2,0.06344067,0.8294317126274109,0
fall-16-cam0-rgb,data/keypoints/fall/fall-16-cam0-rgb.npz,12,41,0,42,2,0.16751938,0.8294317126274109,0
fall-16-cam0-rgb,data/keypoints/fall/fall-16-cam0-rgb.npz,13,42,0,42,2,0.3935016,0.8294317126274109,0
fall-16-cam0-rgb,data/keypoints/fall/fall-16-cam0-rgb.npz,14,43,0,42,2,0.69734746,0.8294317126274109,0
fall-16-cam0-rgb,data/keypoints/fall/fall-16-cam0-rgb.npz,15,44,0,42,2,0.89804906,0.8294317126274109,1
fall-16-cam0-rgb,data/keypoints/fall/fall-16-cam0-rgb.npz,16,45,0,42,2,0.9709854,0.8294317126274109,1
fall-16-cam0-rgb,data/keypoints/fall/fall-16-cam0-rgb.npz,18,47,1,42,2,0.9994474,0.8294317126274109,1
fall-16-cam0-rgb,data/keypoints/fall/fall-16-cam0-rgb.npz,19,48,1,42,2,0.999931,0.8294317126274109,1
fall-16-cam0-rgb,data/keypoints/fall/fall-16-cam0-rgb.npz,20,49,1,42,2,0.9999832,0.8294317126274109,1
fall-16-cam0-rgb,data/keypoints/fall/fall-16-cam0-rgb.npz,21,50,1,42,2,0.99999,0.8294317126274109,1
fall-16-cam0-rgb,data/keypoints/fall/fall-16-cam0-rgb.npz,22,51,1,42,2,0.9999912,0.8294317126274109,1
fall-16-cam0-rgb,data/keypoints/fall/fall-16-cam0-rgb.npz,23,52,1,42,2,0.9999914,0.8294317126274109,1
fall-16-cam0-rgb,data/keypoints/fall/fall-16-cam0-rgb.npz,24,53,1,42,2,0.99999154,0.8294317126274109,1
fall-16-cam0-rgb,data/keypoints/fall/fall-16-cam0-rgb.npz,25,54,1,42,2,0.99999154,0.8294317126274109,1
fall-16-cam0-rgb,data/keypoints/fall/fall-16-cam0-rgb.npz,26,55,1,42,2,0.99999154,0.8294317126274109,1
fall-17-cam0-rgb,data/keypoints/fall/fall-17-cam0-rgb.npz,1,30,0,42,2,5.842227e-05,0.8294317126274109,0
fall-17-cam0-rgb,data/keypoints/fall/fall-17-cam0-rgb.npz,2,31,0,42,2,5.8149297e-05,0.8294317126274109,0
fall-17-cam0-rgb,data/keypoints/fall/fall-17-cam0-rgb.npz,3,32,0,42,2,5.783375e-05,0.8294317126274109,0
fall-17-cam0-rgb,data/keypoints/fall/fall-17-cam0-rgb.npz,4,33,0,42,2,5.7532747e-05,0.8294317126274109,0
fall-17-cam0-rgb,data/keypoints/fall/fall-17-cam0-rgb.npz,5,34,0,42,2,5.7181645e-05,0.8294317126274109,0
fall-17-cam0-rgb,data/keypoints/fall/fall-17-cam0-rgb.npz,6,35,0,42,2,5.669136e-05,0.8294317126274109,0
fall-17-cam0-rgb,data/keypoints/fall/fall-17-cam0-rgb.npz,7,36,0,42,2,5.6243505e-05,0.8294317126274109,0
fall-17-cam0-rgb,data/keypoints/fall/fall-17-cam0-rgb.npz,8,37,0,42,2,5.55797e-05,0.8294317126274109,0
fall-17-cam0-rgb,data/keypoints/fall/fall-17-cam0-rgb.npz,9,38,0,42,2,5.4773143e-05,0.8294317126274109,0
fall-17-cam0-rgb,data/keypoints/fall/fall-17-cam0-rgb.npz,10,39,0,42,2,5.3852986e-05,0.8294317126274109,0
fall-17-cam0-rgb,data/keypoints/fall/fall-17-cam0-rgb.npz,11,40,0,42,2,5.29229e-05,0.8294317126274109,0
fall-17-cam0-rgb,data/keypoints/fall/fall-17-cam0-rgb.npz,12,41,0,42,2,5.209092e-05,0.8294317126274109,0
fall-17-cam0-rgb,data/keypoints/fall/fall-17-cam0-rgb.npz,13,42,0,42,2,5.134062e-05,0.8294317126274109,0
fall-17-cam0-rgb,data/keypoints/fall/fall-17-cam0-rgb.npz,14,43,0,42,2,5.0290455e-05,0.8294317126274109,0
fall-17-cam0-rgb,data/keypoints/fall/fall-17-cam0-rgb.npz,15,44,0,42,2,4.9317514e-05,0.8294317126274109,0
fall-17-cam0-rgb,data/keypoints/fall/fall-17-cam0-rgb.npz,16,45,0,42,2,4.8227208e-05,0.8294317126274109,0
fall-17-cam0-rgb,data/keypoints/fall/fall-17-cam0-rgb.npz,17,46,0,42,2,4.7002562e-05,0.8294317126274109,0
fall-17-cam0-rgb,data/keypoints/fall/fall-17-cam0-rgb.npz,18,47,0,42,2,4.5842746e-05,0.8294317126274109,0
fall-17-cam0-rgb,data/keypoints/fall/fall-17-cam0-rgb.npz,19,48,0,42,2,4.4840424e-05,0.8294317126274109,0
fall-17-cam0-rgb,data/keypoints/fall/fall-17-cam0-rgb.npz,20,49,0,42,2,4.364729e-05,0.8294317126274109,0
fall-17-cam0-rgb,data/keypoints/fall/fall-17-cam0-rgb.npz,21,50,0,42,2,4.2614538e-05,0.8294317126274109,0
fall-17-cam0-rgb,data/keypoints/fall/fall-17-cam0-rgb.npz,22,51,0,42,2,4.130513e-05,0.8294317126274109,0
fall-17-cam0-rgb,data/keypoints/fall/fall-17-cam0-rgb.npz,23,52,0,42,2,4.000932e-05,0.8294317126274109,0
fall-17-cam0-rgb,data/keypoints/fall/fall-17-cam0-rgb.npz,24,53,0,42,2,3.8768023e-05,0.8294317126274109,0
fall-17-cam0-rgb,data/keypoints/fall/fall-17-cam0-rgb.npz,25,54,0,42,2,3.7710604e-05,0.8294317126274109,0
fall-17-cam0-rgb,data/keypoints/fall/fall-17-cam0-rgb.npz,26,55,0,42,2,3.6104284e-05,0.8294317126274109,0
fall-17-cam0-rgb,data/keypoints/fall/fall-17-cam0-rgb.npz,27,56,0,42,2,3.395247e-05,0.8294317126274109,0
fall-17-cam0-rgb,data/keypoints/fall/fall-17-cam0-rgb.npz,28,57,0,42,2,3.211286e-05,0.8294317126274109,0
fall-17-cam0-rgb,data/keypoints/fall/fall-17-cam0-rgb.npz,29,58,0,42,2,3.0918156e-05,0.8294317126274109,0
fall-17-cam0-rgb,data/keypoints/fall/fall-17-cam0-rgb.npz,30,59,0,42,2,2.9123019e-05,0.8294317126274109,0
fall-17-cam0-rgb,data/keypoints/fall/fall-17-cam0-rgb.npz,31,60,0,42,2,2.7166618e-05,0.8294317126274109,0
fall-17-cam0-rgb,data/keypoints/fall/fall-17-cam0-rgb.npz,32,61,0,42,2,2.5408403e-05,0.8294317126274109,0
fall-17-cam0-rgb,data/keypoints/fall/fall-17-cam0-rgb.npz,33,62,0,42,2,2.4424398e-05,0.8294317126274109,0
fall-17-cam0-rgb,data/keypoints/fall/fall-17-cam0-rgb.npz,34,63,0,42,2,2.3213961e-05,0.8294317126274109,0
fall-17-cam0-rgb,data/keypoints/fall/fall-17-cam0-rgb.npz,35,64,0,42,2,2.2277922e-05,0.8294317126274109,0
fall-17-cam0-rgb,data/keypoints/fall/fall-17-cam0-rgb.npz,36,65,0,42,2,2.1489395e-05,0.8294317126274109,0
fall-17-cam0-rgb,data/keypoints/fall/fall-17-cam0-rgb.npz,37,66,0,42,2,2.1468091e-05,0.8294317126274109,0
fall-17-cam0-rgb,data/keypoints/fall/fall-17-cam0-rgb.npz,38,67,0,42,2,2.1790547e-05,0.8294317126274109,0
fall-17-cam0-rgb,data/keypoints/fall/fall-17-cam0-rgb.npz,39,68,0,42,2,2.2176455e-05,0.8294317126274109,0
fall-17-cam0-rgb,data/keypoints/fall/fall-17-cam0-rgb.npz,40,69,0,42,2,2.2579765e-05,0.8294317126274109,0
fall-17-cam0-rgb,data/keypoints/fall/fall-17-cam0-rgb.npz,41,70,0,42,2,2.3343808e-05,0.8294317126274109,0
fall-17-cam0-rgb,data/keypoints/fall/fall-17-cam0-rgb.npz,42,71,0,42,2,2.4206338e-05,0.8294317126274109,0
fall-17-cam0-rgb,data/keypoints/fall/fall-17-cam0-rgb.npz,43,72,0,42,2,2.4853942e-05,0.8294317126274109,0
fall-17-cam0-rgb,data/keypoints/fall/fall-17-cam0-rgb.npz,44,73,0,42,2,2.5324342e-05,0.8294317126274109,0
fall-17-cam0-rgb,data/keypoints/fall/fall-17-cam0-rgb.npz,45,74,0,42,2,7.305316e-05,0.8294317126274109,0
fall-17-cam0-rgb,data/keypoints/fall/fall-17-cam0-rgb.npz,46,75,0,42,2,0.000355613,0.8294317126274109,0
fall-17-cam0-rgb,data/keypoints/fall/fall-17-cam0-rgb.npz,47,76,0,42,2,0.0017380351,0.8294317126274109,0
fall-17-cam0-rgb,data/keypoints/fall/fall-17-cam0-rgb.npz,48,77,0,42,2,0.0032317583,0.8294317126274109,0
fall-17-cam0-rgb,data/keypoints/fall/fall-17-cam0-rgb.npz,49,78,0,42,2,0.006328724,0.8294317126274109,0
fall-17-cam0-rgb,data/keypoints/fall/fall-17-cam0-rgb.npz,50,79,0,42,2,0.012330542,0.8294317126274109,0
fall-17-cam0-rgb,data/keypoints/fall/fall-17-cam0-rgb.npz,51,80,0,42,2,0.021144642,0.8294317126274109,0
fall-17-cam0-rgb,data/keypoints/fall/fall-17-cam0-rgb.npz,52,81,0,42,2,0.048154775,0.8294317126274109,0
fall-17-cam0-rgb,data/keypoints/fall/fall-17-cam0-rgb.npz,53,82,0,42,2,0.0560956,0.8294317126274109,0
fall-17-cam0-rgb,data/keypoints/fall/fall-17-cam0-rgb.npz,54,83,0,42,2,0.104720496,0.8294317126274109,0
fall-17-cam0-rgb,data/keypoints/fall/fall-17-cam0-rgb.npz,55,84,0,42,2,0.20008488,0.8294317126274109,0
fall-17-cam0-rgb,data/keypoints/fall/fall-17-cam0-rgb.npz,56,85,0,42,2,0.529955,0.8294317126274109,0
fall-17-cam0-rgb,data/keypoints/fall/fall-17-cam0-rgb.npz,57,86,0,42,2,0.9363924,0.8294317126274109,1
fall-17-cam0-rgb,data/keypoints/fall/fall-17-cam0-rgb.npz,58,87,0,42,2,0.98213667,0.8294317126274109,1
fall-17-cam0-rgb,data/keypoints/fall/fall-17-cam0-rgb.npz,60,89,1,42,2,0.9907719,0.8294317126274109,1
fall-17-cam0-rgb,data/keypoints/fall/fall-17-cam0-rgb.npz,61,90,1,42,2,0.9982495,0.8294317126274109,1
fall-17-cam0-rgb,data/keypoints/fall/fall-17-cam0-rgb.npz,62,91,1,42,2,0.9997036,0.8294317126274109,1
fall-17-cam0-rgb,data/keypoints/fall/fall-17-cam0-rgb.npz,63,92,1,42,2,0.9999869,0.8294317126274109,1
fall-17-cam0-rgb,data/keypoints/fall/fall-17-cam0-rgb.npz,64,93,1,42,2,0.9999876,0.8294317126274109,1
fall-17-cam0-rgb,data/keypoints/fall/fall-17-cam0-rgb.npz,65,94,1,42,2,0.99998796,0.8294317126274109,1
fall-17-cam0-rgb,data/keypoints/fall/fall-17-cam0-rgb.npz,66,95,1,42,2,0.9999851,0.8294317126274109,1
fall-18-cam0-rgb,data/keypoints/fall/fall-18-cam0-rgb.npz,1,30,0,42,2,7.485694e-05,0.8294317126274109,0
fall-18-cam0-rgb,data/keypoints/fall/fall-18-cam0-rgb.npz,2,31,0,42,2,7.490249e-05,0.8294317126274109,0
fall-18-cam0-rgb,data/keypoints/fall/fall-18-cam0-rgb.npz,3,32,0,42,2,7.542415e-05,0.8294317126274109,0
fall-18-cam0-rgb,data/keypoints/fall/fall-18-cam0-rgb.npz,4,33,0,42,2,7.574497e-05,0.8294317126274109,0
fall-18-cam0-rgb,data/keypoints/fall/fall-18-cam0-rgb.npz,5,34,0,42,2,7.692367e-05,0.8294317126274109,0
fall-18-cam0-rgb,data/keypoints/fall/fall-18-cam0-rgb.npz,6,35,0,42,2,7.8575125e-05,0.8294317126274109,0
fall-18-cam0-rgb,data/keypoints/fall/fall-18-cam0-rgb.npz,7,36,0,42,2,8.1300095e-05,0.8294317126274109,0
fall-18-cam0-rgb,data/keypoints/fall/fall-18-cam0-rgb.npz,8,37,0,42,2,8.618332e-05,0.8294317126274109,0
fall-18-cam0-rgb,data/keypoints/fall/fall-18-cam0-rgb.npz,9,38,0,42,2,0.00010598801,0.8294317126274109,0
fall-18-cam0-rgb,data/keypoints/fall/fall-18-cam0-rgb.npz,10,39,0,42,2,0.00022315366,0.8294317126274109,0
fall-18-cam0-rgb,data/keypoints/fall/fall-18-cam0-rgb.npz,11,40,0,42,2,0.0035754507,0.8294317126274109,0
fall-18-cam0-rgb,data/keypoints/fall/fall-18-cam0-rgb.npz,12,41,0,42,2,0.014594453,0.8294317126274109,0
fall-18-cam0-rgb,data/keypoints/fall/fall-18-cam0-rgb.npz,13,42,0,42,2,0.042257227,0.8294317126274109,0
fall-18-cam0-rgb,data/keypoints/fall/fall-18-cam0-rgb.npz,14,43,0,42,2,0.110972896,0.8294317126274109,0
fall-18-cam0-rgb,data/keypoints/fall/fall-18-cam0-rgb.npz,15,44,0,42,2,0.2637433,0.8294317126274109,0
fall-18-cam0-rgb,data/keypoints/fall/fall-18-cam0-rgb.npz,17,46,1,42,2,0.74863344,0.8294317126274109,0
fall-18-cam0-rgb,data/keypoints/fall/fall-18-cam0-rgb.npz,18,47,1,42,2,0.901365,0.8294317126274109,1
fall-18-cam0-rgb,data/keypoints/fall/fall-18-cam0-rgb.npz,19,48,1,42,2,0.96841776,0.8294317126274109,1
fall-18-cam0-rgb,data/keypoints/fall/fall-18-cam0-rgb.npz,20,49,1,42,2,0.9929557,0.8294317126274109,1
fall-18-cam0-rgb,data/keypoints/fall/fall-18-cam0-rgb.npz,21,50,1,42,2,0.99873024,0.8294317126274109,1
fall-18-cam0-rgb,data/keypoints/fall/fall-18-cam0-rgb.npz,22,51,1,42,2,0.9999341,0.8294317126274109,1
fall-18-cam0-rgb,data/keypoints/fall/fall-18-cam0-rgb.npz,23,52,1,42,2,0.9999833,0.8294317126274109,1
fall-18-cam0-rgb,data/keypoints/fall/fall-18-cam0-rgb.npz,24,53,1,42,2,0.9999893,0.8294317126274109,1
fall-18-cam0-rgb,data/keypoints/fall/fall-18-cam0-rgb.npz,25,54,1,42,2,0.99994445,0.8294317126274109,1
fall-18-cam0-rgb,data/keypoints/fall/fall-18-cam0-rgb.npz,26,55,1,42,2,0.99997795,0.8294317126274109,1
fall-18-cam0-rgb,data/keypoints/fall/fall-18-cam0-rgb.npz,27,56,1,42,2,0.9999863,0.8294317126274109,1
fall-18-cam0-rgb,data/keypoints/fall/fall-18-cam0-rgb.npz,28,57,1,42,2,0.9999875,0.8294317126274109,1
fall-18-cam0-rgb,data/keypoints/fall/fall-18-cam0-rgb.npz,29,58,1,42,2,0.9999877,0.8294317126274109,1
fall-18-cam0-rgb,data/keypoints/fall/fall-18-cam0-rgb.npz,30,59,1,42,2,0.9999831,0.8294317126274109,1
fall-18-cam0-rgb,data/keypoints/fall/fall-18-cam0-rgb.npz,31,60,1,42,2,0.9999831,0.8294317126274109,1
fall-18-cam0-rgb,data/keypoints/fall/fall-18-cam0-rgb.npz,32,61,1,42,2,0.99998283,0.8294317126274109,1
fall-18-cam0-rgb,data/keypoints/fall/fall-18-cam0-rgb.npz,33,62,1,42,2,0.9999827,0.8294317126274109,1
fall-18-cam0-rgb,data/keypoints/fall/fall-18-cam0-rgb.npz,34,63,1,42,2,0.999946,0.8294317126274109,1
fall-18-cam0-rgb,data/keypoints/fall/fall-18-cam0-rgb.npz,35,64,1,42,2,0.99994695,0.8294317126274109,1
fall-18-cam0-rgb,data/keypoints/fall/fall-18-cam0-rgb.npz,36,65,1,42,2,0.99376476,0.8294317126274109,1
fall-19-cam0-rgb,data/keypoints/fall/fall-19-cam0-rgb.npz,1,30,0,42,2,3.4889108e-05,0.8294317126274109,0
fall-19-cam0-rgb,data/keypoints/fall/fall-19-cam0-rgb.npz,2,31,0,42,2,3.3501834e-05,0.8294317126274109,0
fall-19-cam0-rgb,data/keypoints/fall/fall-19-cam0-rgb.npz,3,32,0,42,2,3.2014155e-05,0.8294317126274109,0
fall-19-cam0-rgb,data/keypoints/fall/fall-19-cam0-rgb.npz,4,33,0,42,2,3.0242998e-05,0.8294317126274109,0
fall-19-cam0-rgb,data/keypoints/fall/fall-19-cam0-rgb.npz,5,34,0,42,2,2.8893965e-05,0.8294317126274109,0
fall-19-cam0-rgb,data/keypoints/fall/fall-19-cam0-rgb.npz,6,35,0,42,2,2.8329498e-05,0.8294317126274109,0
fall-19-cam0-rgb,data/keypoints/fall/fall-19-cam0-rgb.npz,7,36,0,42,2,2.7635606e-05,0.8294317126274109,0
fall-19-cam0-rgb,data/keypoints/fall/fall-19-cam0-rgb.npz,8,37,0,42,2,2.6760044e-05,0.8294317126274109,0
fall-19-cam0-rgb,data/keypoints/fall/fall-19-cam0-rgb.npz,9,38,0,42,2,2.6047863e-05,0.8294317126274109,0
fall-19-cam0-rgb,data/keypoints/fall/fall-19-cam0-rgb.npz,10,39,0,42,2,2.557729e-05,0.8294317126274109,0
fall-19-cam0-rgb,data/keypoints/fall/fall-19-cam0-rgb.npz,11,40,0,42,2,2.5241543e-05,0.8294317126274109,0
fall-19-cam0-rgb,data/keypoints/fall/fall-19-cam0-rgb.npz,12,41,0,42,2,2.481077e-05,0.8294317126274109,0
fall-19-cam0-rgb,data/keypoints/fall/fall-19-cam0-rgb.npz,13,42,0,42,2,2.4851808e-05,0.8294317126274109,0
fall-19-cam0-rgb,data/keypoints/fall/fall-19-cam0-rgb.npz,14,43,0,42,2,2.5413758e-05,0.8294317126274109,0
fall-19-cam0-rgb,data/keypoints/fall/fall-19-cam0-rgb.npz,15,44,0,42,2,2.6104388e-05,0.8294317126274109,0
fall-19-cam0-rgb,data/keypoints/fall/fall-19-cam0-rgb.npz,16,45,0,42,2,2.7378948e-05,0.8294317126274109,0
fall-19-cam0-rgb,data/keypoints/fall/fall-19-cam0-rgb.npz,17,46,0,42,2,2.7943788e-05,0.8294317126274109,0
fall-19-cam0-rgb,data/keypoints/fall/fall-19-cam0-rgb.npz,18,47,0,42,2,2.847981e-05,0.8294317126274109,0
fall-19-cam0-rgb,data/keypoints/fall/fall-19-cam0-rgb.npz,19,48,0,42,2,2.8925886e-05,0.8294317126274109,0
fall-19-cam0-rgb,data/keypoints/fall/fall-19-cam0-rgb.npz,20,49,0,42,2,2.8921362e-05,0.8294317126274109,0
fall-19-cam0-rgb,data/keypoints/fall/fall-19-cam0-rgb.npz,21,50,0,42,2,2.908605e-05,0.8294317126274109,0
fall-19-cam0-rgb,data/keypoints/fall/fall-19-cam0-rgb.npz,22,51,0,42,2,2.9529116e-05,0.8294317126274109,0
fall-19-cam0-rgb,data/keypoints/fall/fall-19-cam0-rgb.npz,23,52,0,42,2,2.9914676e-05,0.8294317126274109,0
fall-19-cam0-rgb,data/keypoints/fall/fall-19-cam0-rgb.npz,24,53,0,42,2,3.0047227e-05,0.8294317126274109,0
fall-19-cam0-rgb,data/keypoints/fall/fall-19-cam0-rgb.npz,26,55,1,42,2,3.021858e-05,0.8294317126274109,0
fall-19-cam0-rgb,data/keypoints/fall/fall-19-cam0-rgb.npz,27,56,1,42,2,3.0813862e-05,0.8294317126274109,0
fall-19-cam0-rgb,data/keypoints/fall/fall-19-cam0-rgb.npz,28,57,1,42,2,3.138802e-05,0.8294317126274109,0
fall-19-cam0-rgb,data/keypoints/fall/fall-19-cam0-rgb.npz,29,58,1,42,2,3.3208365e-05,0.8294317126274109,0
fall-19-cam0-rgb,data/keypoints/fall/fall-19-cam0-rgb.npz,30,59,1,42,2,3.614955e-05,0.8294317126274109,0
fall-19-cam0-rgb,data/keypoints/fall/fall-19-cam0-rgb.npz,31,60,1,42,2,4.131577e-05,0.8294317126274109,0
fall-19-cam0-rgb,data/keypoints/fall/fall-19-cam0-rgb.npz,32,61,1,42,2,4.71348e-05,0.8294317126274109,0
fall-19-cam0-rgb,data/keypoints/fall/fall-19-cam0-rgb.npz,33,62,1,42,2,5.4118995e-05,0.8294317126274109,0
fall-19-cam0-rgb,data/keypoints/fall/fall-19-cam0-rgb.npz,34,63,1,42,2,6.608686e-05,0.8294317126274109,0
fall-19-cam0-rgb,data/keypoints/fall/fall-19-cam0-rgb.npz,35,64,1,42,2,0.00010299747,0.8294317126274109,0
fall-19-cam0-rgb,data/keypoints/fall/fall-19-cam0-rgb.npz,36,65,1,42,2,0.000849794,0.8294317126274109,0
fall-19-cam0-rgb,data/keypoints/fall/fall-19-cam0-rgb.npz,37,66,1,42,2,0.9702013,0.8294317126274109,1
fall-19-cam0-rgb,data/keypoints/fall/fall-19-cam0-rgb.npz,38,67,1,42,2,0.99763775,0.8294317126274109,1
fall-19-cam0-rgb,data/keypoints/fall/fall-19-cam0-rgb.npz,39,68,1,42,2,0.9997371,0.8294317126274109,1
fall-19-cam0-rgb,data/keypoints/fall/fall-19-cam0-rgb.npz,40,69,1,42,2,0.9999902,0.8294317126274109,1
fall-19-cam0-rgb,data/keypoints/fall/fall-19-cam0-rgb.npz,41,70,1,42,2,0.9999902,0.8294317126274109,1
fall-19-cam0-rgb,data/keypoints/fall/fall-19-cam0-rgb.npz,42,71,1,42,2,0.99999034,0.8294317126274109,1
fall-19-cam0-rgb,data/keypoints/fall/fall-19-cam0-rgb.npz,43,72,1,42,2,0.9999528,0.8294317126274109,1
fall-19-cam0-rgb,data/keypoints/fall/fall-19-cam0-rgb.npz,44,73,1,42,2,0.9999635,0.8294317126274109,1
fall-19-cam0-rgb,data/keypoints/fall/fall-19-cam0-rgb.npz,45,74,1,42,2,0.9999819,0.8294317126274109,1
fall-19-cam0-rgb,data/keypoints/fall/fall-19-cam0-rgb.npz,46,75,1,42,2,0.9999839,0.8294317126274109,1
fall-19-cam0-rgb,data/keypoints/fall/fall-19-cam0-rgb.npz,47,76,1,42,2,0.9999856,0.8294317126274109,1
fall-19-cam0-rgb,data/keypoints/fall/fall-19-cam0-rgb.npz,48,77,1,42,2,0.9999857,0.8294317126274109,1
fall-19-cam0-rgb,data/keypoints/fall/fall-19-cam0-rgb.npz,49,78,1,42,2,0.9999776,0.8294317126274109,1
fall-19-cam0-rgb,data/keypoints/fall/fall-19-cam0-rgb.npz,50,79,1,42,2,0.9364929,0.8294317126274109,1
fall-19-cam0-rgb,data/keypoints/fall/fall-19-cam0-rgb.npz,51,80,1,42,2,0.94057053,0.8294317126274109,1
fall-20-cam0-rgb,data/keypoints/fall/fall-20-cam0-rgb.npz,1,30,0,42,2,0.0001241492,0.8294317126274109,0
fall-20-cam0-rgb,data/keypoints/fall/fall-20-cam0-rgb.npz,2,31,0,42,2,0.0001248612,0.8294317126274109,0
fall-20-cam0-rgb,data/keypoints/fall/fall-20-cam0-rgb.npz,3,32,0,42,2,0.0001250236,0.8294317126274109,0
fall-20-cam0-rgb,data/keypoints/fall/fall-20-cam0-rgb.npz,4,33,0,42,2,0.00012449229,0.8294317126274109,0
fall-20-cam0-rgb,data/keypoints/fall/fall-20-cam0-rgb.npz,5,34,0,42,2,0.0001231899,0.8294317126274109,0
fall-20-cam0-rgb,data/keypoints/fall/fall-20-cam0-rgb.npz,6,35,0,42,2,0.0001206004,0.8294317126274109,0
fall-20-cam0-rgb,data/keypoints/fall/fall-20-cam0-rgb.npz,7,36,0,42,2,0.000118376716,0.8294317126274109,0
fall-20-cam0-rgb,data/keypoints/fall/fall-20-cam0-rgb.npz,8,37,0,42,2,0.000117027535,0.8294317126274109,0
fall-20-cam0-rgb,data/keypoints/fall/fall-20-cam0-rgb.npz,9,38,0,42,2,0.000116029274,0.8294317126274109,0
fall-20-cam0-rgb,data/keypoints/fall/fall-20-cam0-rgb.npz,10,39,0,42,2,0.00011388475,0.8294317126274109,0
fall-20-cam0-rgb,data/keypoints/fall/fall-20-cam0-rgb.npz,11,40,0,42,2,0.00011349794,0.8294317126274109,0
fall-20-cam0-rgb,data/keypoints/fall/fall-20-cam0-rgb.npz,12,41,0,42,2,0.00011271716,0.8294317126274109,0
fall-20-cam0-rgb,data/keypoints/fall/fall-20-cam0-rgb.npz,13,42,0,42,2,0.000114069284,0.8294317126274109,0
fall-20-cam0-rgb,data/keypoints/fall/fall-20-cam0-rgb.npz,14,43,0,42,2,0.000115449184,0.8294317126274109,0
fall-20-cam0-rgb,data/keypoints/fall/fall-20-cam0-rgb.npz,15,44,0,42,2,0.00011949143,0.8294317126274109,0
fall-20-cam0-rgb,data/keypoints/fall/fall-20-cam0-rgb.npz,16,45,0,42,2,0.00012563138,0.8294317126274109,0
fall-20-cam0-rgb,data/keypoints/fall/fall-20-cam0-rgb.npz,17,46,0,42,2,0.00013959216,0.8294317126274109,0
fall-20-cam0-rgb,data/keypoints/fall/fall-20-cam0-rgb.npz,19,48,1,42,2,0.0001654747,0.8294317126274109,0
fall-20-cam0-rgb,data/keypoints/fall/fall-20-cam0-rgb.npz,20,49,1,42,2,0.00016887274,0.8294317126274109,0
fall-20-cam0-rgb,data/keypoints/fall/fall-20-cam0-rgb.npz,21,50,1,42,2,0.00016860515,0.8294317126274109,0
fall-20-cam0-rgb,data/keypoints/fall/fall-20-cam0-rgb.npz,22,51,1,42,2,0.00016713688,0.8294317126274109,0
fall-20-cam0-rgb,data/keypoints/fall/fall-20-cam0-rgb.npz,23,52,1,42,2,0.00016436151,0.8294317126274109,0
fall-20-cam0-rgb,data/keypoints/fall/fall-20-cam0-rgb.npz,24,53,1,42,2,0.00016929611,0.8294317126274109,0
fall-20-cam0-rgb,data/keypoints/fall/fall-20-cam0-rgb.npz,25,54,1,42,2,0.00017334154,0.8294317126274109,0
fall-20-cam0-rgb,data/keypoints/fall/fall-20-cam0-rgb.npz,26,55,1,42,2,0.00018153057,0.8294317126274109,0
fall-20-cam0-rgb,data/keypoints/fall/fall-20-cam0-rgb.npz,27,56,1,42,2,0.00019356408,0.8294317126274109,0
fall-20-cam0-rgb,data/keypoints/fall/fall-20-cam0-rgb.npz,28,57,1,42,2,0.00021282402,0.8294317126274109,0
fall-20-cam0-rgb,data/keypoints/fall/fall-20-cam0-rgb.npz,29,58,1,42,2,0.0002489428,0.8294317126274109,0
fall-20-cam0-rgb,data/keypoints/fall/fall-20-cam0-rgb.npz,30,59,1,42,2,0.00029434613,0.8294317126274109,0
fall-20-cam0-rgb,data/keypoints/fall/fall-20-cam0-rgb.npz,31,60,1,42,2,0.00035824775,0.8294317126274109,0
fall-20-cam0-rgb,data/keypoints/fall/fall-20-cam0-rgb.npz,32,61,1,42,2,0.0004619849,0.8294317126274109,0
fall-20-cam0-rgb,data/keypoints/fall/fall-20-cam0-rgb.npz,33,62,1,42,2,0.00067253906,0.8294317126274109,0
fall-20-cam0-rgb,data/keypoints/fall/fall-20-cam0-rgb.npz,34,63,1,42,2,0.0013472096,0.8294317126274109,0
fall-20-cam0-rgb,data/keypoints/fall/fall-20-cam0-rgb.npz,35,64,1,42,2,0.005148554,0.8294317126274109,0
fall-20-cam0-rgb,data/keypoints/fall/fall-20-cam0-rgb.npz,36,65,1,42,2,0.23703615,0.8294317126274109,0
fall-20-cam0-rgb,data/keypoints/fall/fall-20-cam0-rgb.npz,37,66,1,42,2,0.9359505,0.8294317126274109,1
fall-20-cam0-rgb,data/keypoints/fall/fall-20-cam0-rgb.npz,38,67,1,42,2,0.9976343,0.8294317126274109,1
fall-20-cam0-rgb,data/keypoints/fall/fall-20-cam0-rgb.npz,39,68,1,42,2,0.99963903,0.8294317126274109,1
fall-20-cam0-rgb,data/keypoints/fall/fall-20-cam0-rgb.npz,40,69,1,42,2,0.9998667,0.8294317126274109,1
fall-20-cam0-rgb,data/keypoints/fall/fall-20-cam0-rgb.npz,41,70,1,42,2,0.9999372,0.8294317126274109,1
fall-20-cam0-rgb,data/keypoints/fall/fall-20-cam0-rgb.npz,42,71,1,42,2,0.9999672,0.8294317126274109,1
fall-20-cam0-rgb,data/keypoints/fall/fall-20-cam0-rgb.npz,43,72,1,42,2,0.9999728,0.8294317126274109,1
fall-20-cam0-rgb,data/keypoints/fall/fall-20-cam0-rgb.npz,44,73,1,42,2,0.99997556,0.8294317126274109,1
fall-20-cam0-rgb,data/keypoints/fall/fall-20-cam0-rgb.npz,45,74,1,42,2,0.9999753,0.8294317126274109,1
fall-20-cam0-rgb,data/keypoints/fall/fall-20-cam0-rgb.npz,46,75,1,42,2,0.99997485,0.8294317126274109,1
fall-20-cam0-rgb,data/keypoints/fall/fall-20-cam0-rgb.npz,47,76,1,42,2,0.9999745,0.8294317126274109,1
fall-20-cam0-rgb,data/keypoints/fall/fall-20-cam0-rgb.npz,48,77,1,42,2,0.9999746,0.8294317126274109,1
fall-20-cam0-rgb,data/keypoints/fall/fall-20-cam0-rgb.npz,49,78,1,42,2,0.99997437,0.8294317126274109,1
fall-20-cam0-rgb,data/keypoints/fall/fall-20-cam0-rgb.npz,50,79,1,42,2,0.99997354,0.8294317126274109,1
fall-20-cam0-rgb,data/keypoints/fall/fall-20-cam0-rgb.npz,51,80,1,42,2,0.99997234,0.8294317126274109,1
fall-20-cam0-rgb,data/keypoints/fall/fall-20-cam0-rgb.npz,52,81,1,42,2,0.99997187,0.8294317126274109,1
fall-20-cam0-rgb,data/keypoints/fall/fall-20-cam0-rgb.npz,53,82,1,42,2,0.9999716,0.8294317126274109,1
fall-20-cam0-rgb,data/keypoints/fall/fall-20-cam0-rgb.npz,54,83,1,42,2,0.9999678,0.8294317126274109,1
fall-20-cam0-rgb,data/keypoints/fall/fall-20-cam0-rgb.npz,55,84,1,42,2,0.9999639,0.8294317126274109,1
fall-20-cam0-rgb,data/keypoints/fall/fall-20-cam0-rgb.npz,56,85,1,42,2,0.99996054,0.8294317126274109,1
fall-20-cam0-rgb,data/keypoints/fall/fall-20-cam0-rgb.npz,57,86,1,42,2,0.999951,0.8294317126274109,1
fall-20-cam0-rgb,data/keypoints/fall/fall-20-cam0-rgb.npz,58,87,1,42,2,0.9999174,0.8294317126274109,1
fall-20-cam0-rgb,data/keypoints/fall/fall-20-cam0-rgb.npz,59,88,1,42,2,0.9999199,0.8294317126274109,1
fall-20-cam0-rgb,data/keypoints/fall/fall-20-cam0-rgb.npz,60,89,1,42,2,0.99991024,0.8294317126274109,1
fall-20-cam0-rgb,data/keypoints/fall/fall-20-cam0-rgb.npz,61,90,1,42,2,0.99991024,0.8294317126274109,1
fall-20-cam0-rgb,data/keypoints/fall/fall-20-cam0-rgb.npz,62,91,1,42,2,0.99989414,0.8294317126274109,1
fall-20-cam0-rgb,data/keypoints/fall/fall-20-cam0-rgb.npz,63,92,1,42,2,0.99987805,0.8294317126274109,1
fall-20-cam0-rgb,data/keypoints/fall/fall-20-cam0-rgb.npz,64,93,1,42,2,0.9998404,0.8294317126274109,1
fall-20-cam0-rgb,data/keypoints/fall/fall-20-cam0-rgb.npz,65,94,1,42,2,0.99977714,0.8294317126274109,1
fall-20-cam0-rgb,data/keypoints/fall/fall-20-cam0-rgb.npz,66,95,1,42,2,0.9997203,0.8294317126274109,1
fall-20-cam0-rgb,data/keypoints/fall/fall-20-cam0-rgb.npz,67,96,1,42,2,0.99959654,0.8294317126274109,1
fall-20-cam0-rgb,data/keypoints/fall/fall-20-cam0-rgb.npz,68,97,1,42,2,0.99947494,0.8294317126274109,1
fall-20-cam0-rgb,data/keypoints/fall/fall-20-cam0-rgb.npz,69,98,1,42,2,0.99927944,0.8294317126274109,1
fall-20-cam0-rgb,data/keypoints/fall/fall-20-cam0-rgb.npz,70,99,1,42,2,0.9990374,0.8294317126274109,1
fall-20-cam0-rgb,data/keypoints/fall/fall-20-cam0-rgb.npz,71,100,1,42,2,0.99875915,0.8294317126274109,1
fall-20-cam0-rgb,data/keypoints/fall/fall-20-cam0-rgb.npz,72,101,1,42,2,0.99870896,0.8294317126274109,1
fall-20-cam0-rgb,data/keypoints/fall/fall-20-cam0-rgb.npz,73,102,1,42,2,0.9983047,0.8294317126274109,1
fall-20-cam0-rgb,data/keypoints/fall/fall-20-cam0-rgb.npz,74,103,1,42,2,0.9982187,0.8294317126274109,1
fall-20-cam0-rgb,data/keypoints/fall/fall-20-cam0-rgb.npz,75,104,1,42,2,0.997883,0.8294317126274109,1
fall-20-cam0-rgb,data/keypoints/fall/fall-20-cam0-rgb.npz,76,105,1,42,2,0.9974865,0.8294317126274109,1
fall-20-cam0-rgb,data/keypoints/fall/fall-20-cam0-rgb.npz,77,106,1,42,2,0.9965714,0.8294317126274109,1
fall-20-cam0-rgb,data/keypoints/fall/fall-20-cam0-rgb.npz,78,107,1,42,2,0.99680424,0.8294317126274109,1
fall-20-cam0-rgb,data/keypoints/fall/fall-20-cam0-rgb.npz,79,108,1,42,2,0.99571157,0.8294317126274109,1
fall-20-cam0-rgb,data/keypoints/fall/fall-20-cam0-rgb.npz,80,109,1,42,2,0.99632263,0.8294317126274109,1
fall-20-cam0-rgb,data/keypoints/fall/fall-20-cam0-rgb.npz,81,110,1,42,2,0.99593747,0.8294317126274109,1
adl-04-cam0-rgb,data/keypoints/adl/adl-04-cam0-rgb.npz,1,30,0,42,3,2.8811326e-06,0.9999991655349731,0
adl-04-cam0-rgb,data/keypoints/adl/adl-04-cam0-rgb.npz,2,31,0,42,3,2.8728302e-06,0.9999991655349731,0
adl-04-cam0-rgb,data/keypoints/adl/adl-04-cam0-rgb.npz,3,32,0,42,3,2.8635575e-06,0.9999991655349731,0
adl-04-cam0-rgb,data/keypoints/adl/adl-04-cam0-rgb.npz,4,33,0,42,3,2.8520726e-06,0.9999991655349731,0
adl-04-cam0-rgb,data/keypoints/adl/adl-04-cam0-rgb.npz,5,34,0,42,3,2.839033e-06,0.9999991655349731,0
adl-04-cam0-rgb,data/keypoints/adl/adl-04-cam0-rgb.npz,6,35,0,42,3,2.829273e-06,0.9999991655349731,0
adl-04-cam0-rgb,data/keypoints/adl/adl-04-cam0-rgb.npz,7,36,0,42,3,2.8162224e-06,0.9999991655349731,0
adl-04-cam0-rgb,data/keypoints/adl/adl-04-cam0-rgb.npz,8,37,0,42,3,2.8013105e-06,0.9999991655349731,0
adl-04-cam0-rgb,data/keypoints/adl/adl-04-cam0-rgb.npz,9,38,0,42,3,2.7870517e-06,0.9999991655349731,0
adl-04-cam0-rgb,data/keypoints/adl/adl-04-cam0-rgb.npz,10,39,0,42,3,2.773659e-06,0.9999991655349731,0
adl-04-cam0-rgb,data/keypoints/adl/adl-04-cam0-rgb.npz,11,40,0,42,3,2.7627375e-06,0.9999991655349731,0
adl-04-cam0-rgb,data/keypoints/adl/adl-04-cam0-rgb.npz,12,41,0,42,3,2.7526014e-06,0.9999991655349731,0
adl-04-cam0-rgb,data/keypoints/adl/adl-04-cam0-rgb.npz,13,42,0,42,3,2.7432566e-06,0.9999991655349731,0
adl-04-cam0-rgb,data/keypoints/adl/adl-04-cam0-rgb.npz,14,43,0,42,3,2.7357792e-06,0.9999991655349731,0
adl-04-cam0-rgb,data/keypoints/adl/adl-04-cam0-rgb.npz,15,44,0,42,3,2.7291678e-06,0.9999991655349731,0
adl-04-cam0-rgb,data/keypoints/adl/adl-04-cam0-rgb.npz,16,45,0,42,3,2.721306e-06,0.9999991655349731,0
adl-04-cam0-rgb,data/keypoints/adl/adl-04-cam0-rgb.npz,17,46,0,42,3,2.713925e-06,0.9999991655349731,0
adl-04-cam0-rgb,data/keypoints/adl/adl-04-cam0-rgb.npz,18,47,0,42,3,2.7015942e-06,0.9999991655349731,0
adl-04-cam0-rgb,data/keypoints/adl/adl-04-cam0-rgb.npz,19,48,0,42,3,2.6848047e-06,0.9999991655349731,0
adl-04-cam0-rgb,data/keypoints/adl/adl-04-cam0-rgb.npz,20,49,0,42,3,2.6661733e-06,0.9999991655349731,0
adl-04-cam0-rgb,data/keypoints/adl/adl-04-cam0-rgb.npz,21,50,0,42,3,2.643221e-06,0.9999991655349731,0
adl-04-cam0-rgb,data/keypoints/adl/adl-04-cam0-rgb.npz,22,51,0,42,3,2.6151238e-06,0.9999991655349731,0
adl-04-cam0-rgb,data/keypoints/adl/adl-04-cam0-rgb.npz,23,52,0,42,3,2.5852382e-06,0.9999991655349731,0
adl-04-cam0-rgb,data/keypoints/adl/adl-04-cam0-rgb.npz,24,53,0,42,3,2.5541233e-06,0.9999991655349731,0
adl-04-cam0-rgb,data/keypoints/adl/adl-04-cam0-rgb.npz,25,54,0,42,3,2.517844e-06,0.9999991655349731,0
adl-04-cam0-rgb,data/keypoints/adl/adl-04-cam0-rgb.npz,26,55,0,42,3,2.4774306e-06,0.9999991655349731,0
adl-04-cam0-rgb,data/keypoints/adl/adl-04-cam0-rgb.npz,27,56,0,42,3,2.4291817e-06,0.9999991655349731,0
adl-04-cam0-rgb,data/keypoints/adl/adl-04-cam0-rgb.npz,28,57,0,42,3,2.3738353e-06,0.9999991655349731,0
adl-04-cam0-rgb,data/keypoints/adl/adl-04-cam0-rgb.npz,29,58,0,42,3,2.3234436e-06,0.9999991655349731,0
adl-04-cam0-rgb,data/keypoints/adl/adl-04-cam0-rgb.npz,30,59,0,42,3,2.2754423e-06,0.9999991655349731,0
adl-04-cam0-rgb,data/keypoints/adl/adl-04-cam0-rgb.npz,31,60,0,42,3,2.2313504e-06,0.9999991655349731,0
adl-04-cam0-rgb,data/keypoints/adl/adl-04-cam0-rgb.npz,32,61,0,42,3,2.2080355e-06,0.9999991655349731,0
adl-04-cam0-rgb,data/keypoints/adl/adl-04-cam0-rgb.npz,33,62,0,42,3,2.2059814e-06,0.9999991655349731,0
adl-04-cam0-rgb,data/keypoints/adl/adl-04-cam0-rgb.npz,34,63,0,42,3,2.2153672e-06,0.9999991655349731,0
adl-04-cam0-rgb,data/keypoints/adl/adl-04-cam0-rgb.npz,35,64,0,42,3,2.235521e-06,0.9999991655349731,0
adl-04-cam0-rgb,data/keypoints/adl/adl-04-cam0-rgb.npz,36,65,0,42,3,2.2314441e-06,0.9999991655349731,0
adl-04-cam0-rgb,data/keypoints/adl/adl-04-cam0-rgb.npz,37,66,0,42,3,2.2345575e-06,0.9999991655349731,0
adl-04-cam0-rgb,data/keypoints/adl/adl-04-cam0-rgb.npz,38,67,0,42,3,2.2361264e-06,0.9999991655349731,0
adl-04-cam0-rgb,data/keypoints/adl/adl-04-cam0-rgb.npz,39,68,0,42,3,2.2263425e-06,0.9999991655349731,0
adl-04-cam0-rgb,data/keypoints/adl/adl-04-cam0-rgb.npz,40,69,0,42,3,2.2148054e-06,0.9999991655349731,0
adl-04-cam0-rgb,data/keypoints/adl/adl-04-cam0-rgb.npz,41,70,0,42,3,2.2117279e-06,0.9999991655349731,0
adl-04-cam0-rgb,data/keypoints/adl/adl-04-cam0-rgb.npz,42,71,0,42,3,2.207947e-06,0.9999991655349731,0
adl-04-cam0-rgb,data/keypoints/adl/adl-04-cam0-rgb.npz,43,72,0,42,3,2.201799e-06,0.9999991655349731,0
adl-04-cam0-rgb,data/keypoints/adl/adl-04-cam0-rgb.npz,44,73,0,42,3,2.1940434e-06,0.9999991655349731,0
adl-04-cam0-rgb,data/keypoints/adl/adl-04-cam0-rgb.npz,45,74,0,42,3,2.189758e-06,0.9999991655349731,0
adl-04-cam0-rgb,data/keypoints/adl/adl-04-cam0-rgb.npz,46,75,0,42,3,2.1826818e-06,0.9999991655349731,0
adl-04-cam0-rgb,data/keypoints/adl/adl-04-cam0-rgb.npz,47,76,0,42,3,2.1803246e-06,0.9999991655349731,0
adl-04-cam0-rgb,data/keypoints/adl/adl-04-cam0-rgb.npz,48,77,0,42,3,2.1788364e-06,0.9999991655349731,0
adl-04-cam0-rgb,data/keypoints/adl/adl-04-cam0-rgb.npz,49,78,0,42,3,2.264618e-06,0.9999991655349731,0
adl-04-cam0-rgb,data/keypoints/adl/adl-04-cam0-rgb.npz,50,79,0,42,3,2.2783172e-06,0.9999991655349731,0
adl-04-cam0-rgb,data/keypoints/adl/adl-04-cam0-rgb.npz,51,80,0,42,3,2.2988618e-06,0.9999991655349731,0
adl-04-cam0-rgb,data/keypoints/adl/adl-04-cam0-rgb.npz,52,81,0,42,3,2.3636271e-06,0.9999991655349731,0
adl-04-cam0-rgb,data/keypoints/adl/adl-04-cam0-rgb.npz,53,82,0,42,3,2.4103329e-06,0.9999991655349731,0
adl-04-cam0-rgb,data/keypoints/adl/adl-04-cam0-rgb.npz,54,83,0,42,3,2.5950128e-06,0.9999991655349731,0
adl-04-cam0-rgb,data/keypoints/adl/adl-04-cam0-rgb.npz,55,84,0,42,3,2.7029214e-06,0.9999991655349731,0
adl-04-cam0-rgb,data/keypoints/adl/adl-04-cam0-rgb.npz,56,85,0,42,3,2.8314594e-06,0.9999991655349731,0
adl-04-cam0-rgb,data/keypoints/adl/adl-04-cam0-rgb.npz,57,86,0,42,3,2.911366e-06,0.9999991655349731,0
adl-04-cam0-rgb,data/keypoints/adl/adl-04-cam0-rgb.npz,58,87,0,42,3,3.0306085e-06,0.9999991655349731,0
adl-04-cam0-rgb,data/keypoints/adl/adl-04-cam0-rgb.npz,59,88,0,42,3,3.2248868e-06,0.9999991655349731,0
adl-04-cam0-rgb,data/keypoints/adl/adl-04-cam0-rgb.npz,60,89,0,42,3,3.4770246e-06,0.9999991655349731,0
adl-04-cam0-rgb,data/keypoints/adl/adl-04-cam0-rgb.npz,61,90,0,42,3,3.935563e-06,0.9999991655349731,0
adl-04-cam0-rgb,data/keypoints/adl/adl-04-cam0-rgb.npz,62,91,0,42,3,5.91427e-06,0.9999991655349731,0
adl-04-cam0-rgb,data/keypoints/adl/adl-04-cam0-rgb.npz,63,92,0,42,3,5.7339657e-06,0.9999991655349731,0
adl-04-cam0-rgb,data/keypoints/adl/adl-04-cam0-rgb.npz,64,93,0,42,3,5.782972e-06,0.9999991655349731,0
adl-04-cam0-rgb,data/keypoints/adl/adl-04-cam0-rgb.npz,65,94,0,42,3,5.841952e-06,0.9999991655349731,0
adl-04-cam0-rgb,data/keypoints/adl/adl-04-cam0-rgb.npz,66,95,0,42,3,6.8060117e-06,0.9999991655349731,0
adl-04-cam0-rgb,data/keypoints/adl/adl-04-cam0-rgb.npz,67,96,0,42,3,8.090919e-06,0.9999991655349731,0
adl-04-cam0-rgb,data/keypoints/adl/adl-04-cam0-rgb.npz,68,97,0,42,3,9.736552e-06,0.9999991655349731,0
adl-04-cam0-rgb,data/keypoints/adl/adl-04-cam0-rgb.npz,69,98,0,42,3,1.18750995e-05,0.9999991655349731,0
adl-04-cam0-rgb,data/keypoints/adl/adl-04-cam0-rgb.npz,70,99,0,42,3,1.3867756e-05,0.9999991655349731,0
adl-04-cam0-rgb,data/keypoints/adl/adl-04-cam0-rgb.npz,71,100,0,42,3,1.5562777e-05,0.9999991655349731,0
adl-04-cam0-rgb,data/keypoints/adl/adl-04-cam0-rgb.npz,72,101,0,42,3,1.7040276e-05,0.9999991655349731,0
adl-04-cam0-rgb,data/keypoints/adl/adl-04-cam0-rgb.npz,73,102,0,42,3,1.7744336e-05,0.9999991655349731,0
adl-04-cam0-rgb,data/keypoints/adl/adl-04-cam0-rgb.npz,74,103,0,42,3,1.8146598e-05,0.9999991655349731,0
adl-04-cam0-rgb,data/keypoints/adl/adl-04-cam0-rgb.npz,75,104,0,42,3,1.8342964e-05,0.9999991655349731,0
adl-04-cam0-rgb,data/keypoints/adl/adl-04-cam0-rgb.npz,76,105,0,42,3,1.8404256e-05,0.9999991655349731,0
adl-04-cam0-rgb,data/keypoints/adl/adl-04-cam0-rgb.npz,77,106,0,42,3,1.83817e-05,0.9999991655349731,0
adl-04-cam0-rgb,data/keypoints/adl/adl-04-cam0-rgb.npz,78,107,0,42,3,1.8374338e-05,0.9999991655349731,0
adl-04-cam0-rgb,data/keypoints/adl/adl-04-cam0-rgb.npz,79,108,0,42,3,1.8305007e-05,0.9999991655349731,0
adl-04-cam0-rgb,data/keypoints/adl/adl-04-cam0-rgb.npz,80,109,0,42,3,1.8237854e-05,0.9999991655349731,0
adl-04-cam0-rgb,data/keypoints/adl/adl-04-cam0-rgb.npz,81,110,0,42,3,1.817358e-05,0.9999991655349731,0
adl-04-cam0-rgb,data/keypoints/adl/adl-04-cam0-rgb.npz,82,111,0,42,3,1.8170877e-05,0.9999991655349731,0
adl-04-cam0-rgb,data/keypoints/adl/adl-04-cam0-rgb.npz,83,112,0,42,3,1.814324e-05,0.9999991655349731,0
adl-04-cam0-rgb,data/keypoints/adl/adl-04-cam0-rgb.npz,84,113,0,42,3,1.1770928e-05,0.9999991655349731,0
adl-04-cam0-rgb,data/keypoints/adl/adl-04-cam0-rgb.npz,85,114,0,42,3,1.1803799e-05,0.9999991655349731,0
adl-04-cam0-rgb,data/keypoints/adl/adl-04-cam0-rgb.npz,86,115,0,42,3,1.18471835e-05,0.9999991655349731,0
adl-04-cam0-rgb,data/keypoints/adl/adl-04-cam0-rgb.npz,87,116,0,42,3,1.1869777e-05,0.9999991655349731,0
adl-04-cam0-rgb,data/keypoints/adl/adl-04-cam0-rgb.npz,88,117,0,42,3,1.1866213e-05,0.9999991655349731,0
adl-04-cam0-rgb,data/keypoints/adl/adl-04-cam0-rgb.npz,89,118,0,42,3,1.1876368e-05,0.9999991655349731,0
adl-04-cam0-rgb,data/keypoints/adl/adl-04-cam0-rgb.npz,90,119,0,42,3,1.1917439e-05,0.9999991655349731,0
adl-04-cam0-rgb,data/keypoints/adl/adl-04-cam0-rgb.npz,91,120,0,42,3,1.1925785e-05,0.9999991655349731,0
adl-04-cam0-rgb,data/keypoints/adl/adl-04-cam0-rgb.npz,92,121,0,42,3,1.20291115e-05,0.9999991655349731,0
adl-04-cam0-rgb,data/keypoints/adl/adl-04-cam0-rgb.npz,93,122,0,42,3,1.2133055e-05,0.9999991655349731,0
adl-04-cam0-rgb,data/keypoints/adl/adl-04-cam0-rgb.npz,94,123,0,42,3,1.2220427e-05,0.9999991655349731,0
adl-04-cam0-rgb,data/keypoints/adl/adl-04-cam0-rgb.npz,95,124,0,42,3,1.2328589e-05,0.9999991655349731,0
adl-04-cam0-rgb,data/keypoints/adl/adl-04-cam0-rgb.npz,96,125,0,42,3,1.2442689e-05,0.9999991655349731,0
adl-04-cam0-rgb,data/keypoints/adl/adl-04-cam0-rgb.npz,97,126,0,42,3,1.2558887e-05,0.9999991655349731,0
adl-04-cam0-rgb,data/keypoints/adl/adl-04-cam0-rgb.npz,98,127,0,42,3,1.2632014e-05,0.9999991655349731,0
adl-04-cam0-rgb,data/keypoints/adl/adl-04-cam0-rgb.npz,99,128,0,42,3,1.2659282e-05,0.9999991655349731,0
adl-04-cam0-rgb,data/keypoints/adl/adl-04-cam0-rgb.npz,100,129,0,42,3,1.2749033e-05,0.9999991655349731,0
adl-04-cam0-rgb,data/keypoints/adl/adl-04-cam0-rgb.npz,101,130,0,42,3,1.27219e-05,0.9999991655349731,0
adl-04-cam0-rgb,data/keypoints/adl/adl-04-cam0-rgb.npz,102,131,0,42,3,1.998745e-05,0.9999991655349731,0
adl-04-cam0-rgb,data/keypoints/adl/adl-04-cam0-rgb.npz,103,132,0,42,3,2.0095915e-05,0.9999991655349731,0
adl-04-cam0-rgb,data/keypoints/adl/adl-04-cam0-rgb.npz,104,133,0,42,3,2.0089974e-05,0.9999991655349731,0
adl-04-cam0-rgb,data/keypoints/adl/adl-04-cam0-rgb.npz,105,134,0,42,3,1.9995667e-05,0.9999991655349731,0
adl-04-cam0-rgb,data/keypoints/adl/adl-04-cam0-rgb.npz,106,135,0,42,3,1.9932992e-05,0.9999991655349731,0
adl-04-cam0-rgb,data/keypoints/adl/adl-04-cam0-rgb.npz,107,136,0,42,3,1.975337e-05,0.9999991655349731,0
adl-04-cam0-rgb,data/keypoints/adl/adl-04-cam0-rgb.npz,108,137,0,42,3,1.9715995e-05,0.9999991655349731,0
adl-04-cam0-rgb,data/keypoints/adl/adl-04-cam0-rgb.npz,109,138,0,42,3,1.962243e-05,0.9999991655349731,0
adl-04-cam0-rgb,data/keypoints/adl/adl-04-cam0-rgb.npz,110,139,0,42,3,1.9547702e-05,0.9999991655349731,0
adl-04-cam0-rgb,data/keypoints/adl/adl-04-cam0-rgb.npz,111,140,0,42,3,1.9534677e-05,0.9999991655349731,0
adl-04-cam0-rgb,data/keypoints/adl/adl-04-cam0-rgb.npz,112,141,0,42,3,1.9383508e-05,0.9999991655349731,0
adl-04-cam0-rgb,data/keypoints/adl/adl-04-cam0-rgb.npz,113,142,0,42,3,1.892098e-05,0.9999991655349731,0
adl-04-cam0-rgb,data/keypoints/adl/adl-04-cam0-rgb.npz,114,143,0,42,3,1.8400218e-05,0.9999991655349731,0
adl-04-cam0-rgb,data/keypoints/adl/adl-04-cam0-rgb.npz,115,144,0,42,3,1.7791646e-05,0.9999991655349731,0
adl-04-cam0-rgb,data/keypoints/adl/adl-04-cam0-rgb.npz,116,145,0,42,3,1.2164824e-05,0.9999991655349731,0
adl-04-cam0-rgb,data/keypoints/adl/adl-04-cam0-rgb.npz,117,146,0,42,3,1.1694186e-05,0.9999991655349731,0
adl-04-cam0-rgb,data/keypoints/adl/adl-04-cam0-rgb.npz,118,147,0,42,3,1.1044209e-05,0.9999991655349731,0
adl-04-cam0-rgb,data/keypoints/adl/adl-04-cam0-rgb.npz,119,148,0,42,3,9.548469e-06,0.9999991655349731,0
adl-04-cam0-rgb,data/keypoints/adl/adl-04-cam0-rgb.npz,120,149,0,42,3,8.245195e-06,0.9999991655349731,0
adl-04-cam0-rgb,data/keypoints/adl/adl-04-cam0-rgb.npz,121,150,0,42,3,7.44919e-06,0.9999991655349731,0
adl-16-cam0-rgb,data/keypoints/adl/adl-16-cam0-rgb.npz,49,78,0,42,3,1.22200545e-05,0.9999991655349731,0
adl-16-cam0-rgb,data/keypoints/adl/adl-16-cam0-rgb.npz,50,79,0,42,3,1.7211636e-05,0.9999991655349731,0
adl-16-cam0-rgb,data/keypoints/adl/adl-16-cam0-rgb.npz,51,80,0,42,3,1.7213753e-05,0.9999991655349731,0
adl-16-cam0-rgb,data/keypoints/adl/adl-16-cam0-rgb.npz,52,81,0,42,3,1.7234399e-05,0.9999991655349731,0
adl-16-cam0-rgb,data/keypoints/adl/adl-16-cam0-rgb.npz,53,82,0,42,3,1.72528e-05,0.9999991655349731,0
adl-16-cam0-rgb,data/keypoints/adl/adl-16-cam0-rgb.npz,54,83,0,42,3,1.7291197e-05,0.9999991655349731,0
adl-16-cam0-rgb,data/keypoints/adl/adl-16-cam0-rgb.npz,55,84,0,42,3,1.7303306e-05,0.9999991655349731,0
adl-16-cam0-rgb,data/keypoints/adl/adl-16-cam0-rgb.npz,56,85,0,42,3,1.7323926e-05,0.9999991655349731,0
adl-16-cam0-rgb,data/keypoints/adl/adl-16-cam0-rgb.npz,57,86,0,42,3,1.733925e-05,0.9999991655349731,0
adl-16-cam0-rgb,data/keypoints/adl/adl-16-cam0-rgb.npz,58,87,0,42,3,1.7353954e-05,0.9999991655349731,0
adl-16-cam0-rgb,data/keypoints/adl/adl-16-cam0-rgb.npz,59,88,0,42,3,1.7371258e-05,0.9999991655349731,0
adl-16-cam0-rgb,data/keypoints/adl/adl-16-cam0-rgb.npz,60,89,0,42,3,1.7404935e-05,0.9999991655349731,0
adl-16-cam0-rgb,data/keypoints/adl/adl-16-cam0-rgb.npz,61,90,0,42,3,1.7410763e-05,0.9999991655349731,0
adl-16-cam0-rgb,data/keypoints/adl/adl-16-cam0-rgb.npz,62,91,0,42,3,1.8504024e-05,0.9999991655349731,0
adl-16-cam0-rgb,data/keypoints/adl/adl-16-cam0-rgb.npz,63,92,0,42,3,1.8526838e-05,0.9999991655349731,0
adl-16-cam0-rgb,data/keypoints/adl/adl-16-cam0-rgb.npz,64,93,0,42,3,1.8545343e-05,0.9999991655349731,0
adl-16-cam0-rgb,data/keypoints/adl/adl-16-cam0-rgb.npz,65,94,0,42,3,1.8582947e-05,0.9999991655349731,0
adl-16-cam0-rgb,data/keypoints/adl/adl-16-cam0-rgb.npz,66,95,0,42,3,1.8603376e-05,0.9999991655349731,0
adl-16-cam0-rgb,data/keypoints/adl/adl-16-cam0-rgb.npz,67,96,0,42,3,1.8644243e-05,0.9999991655349731,0
adl-16-cam0-rgb,data/keypoints/adl/adl-16-cam0-rgb.npz,68,97,0,42,3,1.8685538e-05,0.9999991655349731,0
adl-16-cam0-rgb,data/keypoints/adl/adl-16-cam0-rgb.npz,69,98,0,42,3,1.9233696e-05,0.9999991655349731,0
adl-16-cam0-rgb,data/keypoints/adl/adl-16-cam0-rgb.npz,70,99,0,42,3,1.929318e-05,0.9999991655349731,0
adl-16-cam0-rgb,data/keypoints/adl/adl-16-cam0-rgb.npz,71,100,0,42,3,1.9357094e-05,0.9999991655349731,0
adl-16-cam0-rgb,data/keypoints/adl/adl-16-cam0-rgb.npz,72,101,0,42,3,1.9396195e-05,0.9999991655349731,0
adl-16-cam0-rgb,data/keypoints/adl/adl-16-cam0-rgb.npz,73,102,0,42,3,1.9434114e-05,0.9999991655349731,0
adl-16-cam0-rgb,data/keypoints/adl/adl-16-cam0-rgb.npz,74,103,0,42,3,1.9490317e-05,0.9999991655349731,0
adl-16-cam0-rgb,data/keypoints/adl/adl-16-cam0-rgb.npz,75,104,0,42,3,1.9581232e-05,0.9999991655349731,0
adl-16-cam0-rgb,data/keypoints/adl/adl-16-cam0-rgb.npz,76,105,0,42,3,1.9656349e-05,0.9999991655349731,0
adl-16-cam0-rgb,data/keypoints/adl/adl-16-cam0-rgb.npz,77,106,0,42,3,1.9739698e-05,0.9999991655349731,0
adl-16-cam0-rgb,data/keypoints/adl/adl-16-cam0-rgb.npz,78,107,0,42,3,1.9871915e-05,0.9999991655349731,0
adl-16-cam0-rgb,data/keypoints/adl/adl-16-cam0-rgb.npz,79,108,0,42,3,1.9994466e-05,0.9999991655349731,0
adl-16-cam0-rgb,data/keypoints/adl/adl-16-cam0-rgb.npz,80,109,0,42,3,2.0106248e-05,0.9999991655349731,0
adl-16-cam0-rgb,data/keypoints/adl/adl-16-cam0-rgb.npz,81,110,0,42,3,2.020574e-05,0.9999991655349731,0
adl-16-cam0-rgb,data/keypoints/adl/adl-16-cam0-rgb.npz,82,111,0,42,3,2.0348023e-05,0.9999991655349731,0
adl-16-cam0-rgb,data/keypoints/adl/adl-16-cam0-rgb.npz,83,112,0,42,3,2.0390933e-05,0.9999991655349731,0
adl-16-cam0-rgb,data/keypoints/adl/adl-16-cam0-rgb.npz,84,113,0,42,3,2.0436197e-05,0.9999991655349731,0
adl-16-cam0-rgb,data/keypoints/adl/adl-16-cam0-rgb.npz,85,114,0,42,3,2.0525986e-05,0.9999991655349731,0
adl-16-cam0-rgb,data/keypoints/adl/adl-16-cam0-rgb.npz,86,115,0,42,3,2.0608166e-05,0.9999991655349731,0
adl-16-cam0-rgb,data/keypoints/adl/adl-16-cam0-rgb.npz,87,116,0,42,3,2.0712432e-05,0.9999991655349731,0
adl-16-cam0-rgb,data/keypoints/adl/adl-16-cam0-rgb.npz,88,117,0,42,3,2.0779997e-05,0.9999991655349731,0
adl-16-cam0-rgb,data/keypoints/adl/adl-16-cam0-rgb.npz,89,118,0,42,3,2.0845795e-05,0.9999991655349731,0
adl-16-cam0-rgb,data/keypoints/adl/adl-16-cam0-rgb.npz,90,119,0,42,3,2.0906795e-05,0.9999991655349731,0
adl-16-cam0-rgb,data/keypoints/adl/adl-16-cam0-rgb.npz,91,120,0,42,3,2.0950723e-05,0.9999991655349731,0
adl-16-cam0-rgb,data/keypoints/adl/adl-16-cam0-rgb.npz,92,121,0,42,3,2.0974392e-05,0.9999991655349731,0
adl-16-cam0-rgb,data/keypoints/adl/adl-16-cam0-rgb.npz,93,122,0,42,3,2.105345e-05,0.9999991655349731,0
adl-16-cam0-rgb,data/keypoints/adl/adl-16-cam0-rgb.npz,94,123,0,42,3,2.1105134e-05,0.9999991655349731,0
adl-16-cam0-rgb,data/keypoints/adl/adl-16-cam0-rgb.npz,95,124,0,42,3,2.1209873e-05,0.9999991655349731,0
adl-16-cam0-rgb,data/keypoints/adl/adl-16-cam0-rgb.npz,96,125,0,42,3,2.127048e-05,0.9999991655349731,0
adl-16-cam0-rgb,data/keypoints/adl/adl-16-cam0-rgb.npz,97,126,0,42,3,2.1242604e-05,0.9999991655349731,0
adl-16-cam0-rgb,data/keypoints/adl/adl-16-cam0-rgb.npz,98,127,0,42,3,2.1191878e-05,0.9999991655349731,0
adl-16-cam0-rgb,data/keypoints/adl/adl-16-cam0-rgb.npz,99,128,0,42,3,2.1222942e-05,0.9999991655349731,0
adl-16-cam0-rgb,data/keypoints/adl/adl-16-cam0-rgb.npz,100,129,0,42,3,2.125306e-05,0.9999991655349731,0
adl-16-cam0-rgb,data/keypoints/adl/adl-16-cam0-rgb.npz,101,130,0,42,3,2.0722035e-05,0.9999991655349731,0
adl-16-cam0-rgb,data/keypoints/adl/adl-16-cam0-rgb.npz,102,131,0,42,3,1.9250727e-05,0.9999991655349731,0
adl-16-cam0-rgb,data/keypoints/adl/adl-16-cam0-rgb.npz,103,132,0,42,3,1.8651303e-05,0.9999991655349731,0
adl-16-cam0-rgb,data/keypoints/adl/adl-16-cam0-rgb.npz,104,133,0,42,3,1.8426206e-05,0.9999991655349731,0
adl-16-cam0-rgb,data/keypoints/adl/adl-16-cam0-rgb.npz,105,134,0,42,3,1.9137164e-05,0.9999991655349731,0
adl-16-cam0-rgb,data/keypoints/adl/adl-16-cam0-rgb.npz,106,135,0,42,3,1.8912122e-05,0.9999991655349731,0
adl-16-cam0-rgb,data/keypoints/adl/adl-16-cam0-rgb.npz,107,136,0,42,3,1.814587e-05,0.9999991655349731,0
adl-16-cam0-rgb,data/keypoints/adl/adl-16-cam0-rgb.npz,108,137,0,42,3,1.7415878e-05,0.9999991655349731,0
adl-16-cam0-rgb,data/keypoints/adl/adl-16-cam0-rgb.npz,109,138,0,42,3,1.8221024e-05,0.9999991655349731,0
adl-16-cam0-rgb,data/keypoints/adl/adl-16-cam0-rgb.npz,110,139,0,42,3,1.7592622e-05,0.9999991655349731,0
adl-16-cam0-rgb,data/keypoints/adl/adl-16-cam0-rgb.npz,111,140,0,42,3,1.5908165e-05,0.9999991655349731,0
adl-16-cam0-rgb,data/keypoints/adl/adl-16-cam0-rgb.npz,112,141,0,42,3,1.4445062e-05,0.9999991655349731,0
adl-16-cam0-rgb,data/keypoints/adl/adl-16-cam0-rgb.npz,113,142,0,42,3,1.3975428e-05,0.9999991655349731,0
adl-16-cam0-rgb,data/keypoints/adl/adl-16-cam0-rgb.npz,114,143,0,42,3,1.3699894e-05,0.9999991655349731,0
adl-16-cam0-rgb,data/keypoints/adl/adl-16-cam0-rgb.npz,115,144,0,42,3,1.2511799e-05,0.9999991655349731,0
adl-16-cam0-rgb,data/keypoints/adl/adl-16-cam0-rgb.npz,116,145,0,42,3,1.19103715e-05,0.9999991655349731,0
adl-16-cam0-rgb,data/keypoints/adl/adl-16-cam0-rgb.npz,117,146,0,42,3,1.010129e-05,0.9999991655349731,0
adl-16-cam0-rgb,data/keypoints/adl/adl-16-cam0-rgb.npz,118,147,0,42,3,5.998756e-06,0.9999991655349731,0
adl-16-cam0-rgb,data/keypoints/adl/adl-16-cam0-rgb.npz,119,148,0,42,3,5.9945237e-06,0.9999991655349731,0
adl-16-cam0-rgb,data/keypoints/adl/adl-16-cam0-rgb.npz,120,149,0,42,3,6.602745e-06,0.9999991655349731,0
adl-16-cam0-rgb,data/keypoints/adl/adl-16-cam0-rgb.npz,121,150,0,42,3,6.7597866e-06,0.9999991655349731,0
adl-16-cam0-rgb,data/keypoints/adl/adl-16-cam0-rgb.npz,122,151,0,42,3,6.5051536e-06,0.9999991655349731,0
adl-16-cam0-rgb,data/keypoints/adl/adl-16-cam0-rgb.npz,123,152,0,42,3,6.0185603e-06,0.9999991655349731,0
adl-16-cam0-rgb,data/keypoints/adl/adl-16-cam0-rgb.npz,124,153,0,42,3,4.1847e-06,0.9999991655349731,0
adl-16-cam0-rgb,data/keypoints/adl/adl-16-cam0-rgb.npz,125,154,0,42,3,4.2950965e-06,0.9999991655349731,0
adl-16-cam0-rgb,data/keypoints/adl/adl-16-cam0-rgb.npz,126,155,0,42,3,3.994852e-06,0.9999991655349731,0
adl-16-cam0-rgb,data/keypoints/adl/adl-16-cam0-rgb.npz,127,156,0,42,3,4.115287e-06,0.9999991655349731,0
adl-16-cam0-rgb,data/keypoints/adl/adl-16-cam0-rgb.npz,128,157,0,42,3,3.6886993e-06,0.9999991655349731,0
adl-16-cam0-rgb,data/keypoints/adl/adl-16-cam0-rgb.npz,129,158,0,42,3,3.4674147e-06,0.9999991655349731,0
adl-16-cam0-rgb,data/keypoints/adl/adl-16-cam0-rgb.npz,130,159,0,42,3,3.6526294e-06,0.9999991655349731,0
adl-16-cam0-rgb,data/keypoints/adl/adl-16-cam0-rgb.npz,131,160,0,42,3,3.4348122e-06,0.9999991655349731,0
adl-16-cam0-rgb,data/keypoints/adl/adl-16-cam0-rgb.npz,132,161,0,42,3,3.3671088e-06,0.9999991655349731,0
adl-16-cam0-rgb,data/keypoints/adl/adl-16-cam0-rgb.npz,133,162,0,42,3,2.7398708e-06,0.9999991655349731,0
adl-16-cam0-rgb,data/keypoints/adl/adl-16-cam0-rgb.npz,134,163,0,42,3,2.5255563e-06,0.9999991655349731,0
adl-16-cam0-rgb,data/keypoints/adl/adl-16-cam0-rgb.npz,135,164,0,42,3,2.5826557e-06,0.9999991655349731,0
adl-16-cam0-rgb,data/keypoints/adl/adl-16-cam0-rgb.npz,136,165,0,42,3,2.4809108e-06,0.9999991655349731,0
adl-16-cam0-rgb,data/keypoints/adl/adl-16-cam0-rgb.npz,137,166,0,42,3,2.4656595e-06,0.9999991655349731,0
adl-16-cam0-rgb,data/keypoints/adl/adl-16-cam0-rgb.npz,138,167,0,42,3,2.4828496e-06,0.9999991655349731,0
adl-16-cam0-rgb,data/keypoints/adl/adl-16-cam0-rgb.npz,139,168,0,42,3,2.4809938e-06,0.9999991655349731,0
adl-16-cam0-rgb,data/keypoints/adl/adl-16-cam0-rgb.npz,140,169,0,42,3,2.409099e-06,0.9999991655349731,0
adl-16-cam0-rgb,data/keypoints/adl/adl-16-cam0-rgb.npz,141,170,0,42,3,2.377068e-06,0.9999991655349731,0
adl-16-cam0-rgb,data/keypoints/adl/adl-16-cam0-rgb.npz,142,171,0,42,3,2.3336988e-06,0.9999991655349731,0
adl-16-cam0-rgb,data/keypoints/adl/adl-16-cam0-rgb.npz,143,172,0,42,3,2.265603e-06,0.9999991655349731,0
adl-16-cam0-rgb,data/keypoints/adl/adl-16-cam0-rgb.npz,144,173,0,42,3,2.207785e-06,0.9999991655349731,0
adl-16-cam0-rgb,data/keypoints/adl/adl-16-cam0-rgb.npz,145,174,0,42,3,2.1619364e-06,0.9999991655349731,0
adl-16-cam0-rgb,data/keypoints/adl/adl-16-cam0-rgb.npz,146,175,0,42,3,2.1123667e-06,0.9999991655349731,0
adl-16-cam0-rgb,data/keypoints/adl/adl-16-cam0-rgb.npz,147,176,0,42,3,2.0802484e-06,0.9999991655349731,0
adl-16-cam0-rgb,data/keypoints/adl/adl-16-cam0-rgb.npz,148,177,0,42,3,2.0849714e-06,0.9999991655349731,0
adl-16-cam0-rgb,data/keypoints/adl/adl-16-cam0-rgb.npz,149,178,0,42,3,2.09843e-06,0.9999991655349731,0
adl-16-cam0-rgb,data/keypoints/adl/adl-16-cam0-rgb.npz,150,179,0,42,3,2.0854884e-06,0.9999991655349731,0
adl-16-cam0-rgb,data/keypoints/adl/adl-16-cam0-rgb.npz,151,180,0,42,3,2.1041596e-06,0.9999991655349731,0
adl-16-cam0-rgb,data/keypoints/adl/adl-16-cam0-rgb.npz,152,181,0,42,3,2.1724686e-06,0.9999991655349731,0
adl-16-cam0-rgb,data/keypoints/adl/adl-16-cam0-rgb.npz,153,182,0,42,3,2.2840343e-06,0.9999991655349731,0
adl-16-cam0-rgb,data/keypoints/adl/adl-16-cam0-rgb.npz,154,183,0,42,3,2.4199512e-06,0.9999991655349731,0
adl-16-cam0-rgb,data/keypoints/adl/adl-16-cam0-rgb.npz,155,184,0,42,3,3.1324716e-06,0.9999991655349731,0
adl-16-cam0-rgb,data/keypoints/adl/adl-16-cam0-rgb.npz,156,185,0,42,3,3.1881125e-06,0.9999991655349731,0
adl-16-cam0-rgb,data/keypoints/adl/adl-16-cam0-rgb.npz,157,186,0,42,3,3.337444e-06,0.9999991655349731,0
adl-16-cam0-rgb,data/keypoints/adl/adl-16-cam0-rgb.npz,158,187,0,42,3,3.3891154e-06,0.9999991655349731,0
adl-16-cam0-rgb,data/keypoints/adl/adl-16-cam0-rgb.npz,159,188,0,42,3,3.4418688e-06,0.9999991655349731,0
adl-16-cam0-rgb,data/keypoints/adl/adl-16-cam0-rgb.npz,160,189,0,42,3,3.4406842e-06,0.9999991655349731,0
adl-16-cam0-rgb,data/keypoints/adl/adl-16-cam0-rgb.npz,161,190,0,42,3,3.4700813e-06,0.9999991655349731,0
adl-16-cam0-rgb,data/keypoints/adl/adl-16-cam0-rgb.npz,162,191,0,42,3,3.320681e-06,0.9999991655349731,0
adl-16-cam0-rgb,data/keypoints/adl/adl-16-cam0-rgb.npz,163,192,0,42,3,3.2723399e-06,0.9999991655349731,0
adl-16-cam0-rgb,data/keypoints/adl/adl-16-cam0-rgb.npz,164,193,0,42,3,3.1860304e-06,0.9999991655349731,0
adl-16-cam0-rgb,data/keypoints/adl/adl-16-cam0-rgb.npz,165,194,0,42,3,3.1042616e-06,0.9999991655349731,0
adl-16-cam0-rgb,data/keypoints/adl/adl-16-cam0-rgb.npz,166,195,0,42,3,3.0330689e-06,0.9999991655349731,0
adl-16-cam0-rgb,data/keypoints/adl/adl-16-cam0-rgb.npz,167,196,0,42,3,3.0594238e-06,0.9999991655349731,0
adl-16-cam0-rgb,data/keypoints/adl/adl-16-cam0-rgb.npz,168,197,0,42,3,3.162877e-06,0.9999991655349731,0
adl-16-cam0-rgb,data/keypoints/adl/adl-16-cam0-rgb.npz,169,198,0,42,3,3.3292806e-06,0.9999991655349731,0
adl-16-cam0-rgb,data/keypoints/adl/adl-16-cam0-rgb.npz,170,199,0,42,3,3.311137e-06,0.9999991655349731,0
adl-16-cam0-rgb,data/keypoints/adl/adl-16-cam0-rgb.npz,171,200,0,42,3,3.2521643e-06,0.9999991655349731,0
adl-16-cam0-rgb,data/keypoints/adl/adl-16-cam0-rgb.npz,172,201,0,42,3,3.343344e-06,0.9999991655349731,0
adl-16-cam0-rgb,data/keypoints/adl/adl-16-cam0-rgb.npz,173,202,0,42,3,3.3345298e-06,0.9999991655349731,0
adl-16-cam0-rgb,data/keypoints/adl/adl-16-cam0-rgb.npz,174,203,0,42,3,3.416061e-06,0.9999991655349731,0
adl-16-cam0-rgb,data/keypoints/adl/adl-16-cam0-rgb.npz,175,204,0,42,3,3.3774127e-06,0.9999991655349731,0
adl-16-cam0-rgb,data/keypoints/adl/adl-16-cam0-rgb.npz,176,205,0,42,3,3.2834528e-06,0.9999991655349731,0
adl-16-cam0-rgb,data/keypoints/adl/adl-16-cam0-rgb.npz,177,206,0,42,3,3.2564099e-06,0.9999991655349731,0
adl-16-cam0-rgb,data/keypoints/adl/adl-16-cam0-rgb.npz,178,207,0,42,3,3.2763153e-06,0.9999991655349731,0
adl-16-cam0-rgb,data/keypoints/adl/adl-16-cam0-rgb.npz,179,208,0,42,3,3.4646448e-06,0.9999991655349731,0
adl-16-cam0-rgb,data/keypoints/adl/adl-16-cam0-rgb.npz,180,209,0,42,3,3.4374796e-06,0.9999991655349731,0
adl-16-cam0-rgb,data/keypoints/adl/adl-16-cam0-rgb.npz,181,210,0,42,3,3.4380173e-06,0.9999991655349731,0
adl-16-cam0-rgb,data/keypoints/adl/adl-16-cam0-rgb.npz,182,211,0,42,3,3.4908562e-06,0.9999991655349731,0
adl-16-cam0-rgb,data/keypoints/adl/adl-16-cam0-rgb.npz,183,212,0,42,3,3.548721e-06,0.9999991655349731,0
adl-16-cam0-rgb,data/keypoints/adl/adl-16-cam0-rgb.npz,184,213,0,42,3,3.3831027e-06,0.9999991655349731,0
adl-16-cam0-rgb,data/keypoints/adl/adl-16-cam0-rgb.npz,185,214,0,42,3,3.070783e-06,0.9999991655349731,0
adl-16-cam0-rgb,data/keypoints/adl/adl-16-cam0-rgb.npz,186,215,0,42,3,3.015441e-06,0.9999991655349731,0
adl-16-cam0-rgb,data/keypoints/adl/adl-16-cam0-rgb.npz,187,216,0,42,3,2.9472237e-06,0.9999991655349731,0
adl-16-cam0-rgb,data/keypoints/adl/adl-16-cam0-rgb.npz,188,217,0,42,3,2.8541567e-06,0.9999991655349731,0
adl-16-cam0-rgb,data/keypoints/adl/adl-16-cam0-rgb.npz,189,218,0,42,3,2.8075071e-06,0.9999991655349731,0
adl-16-cam0-rgb,data/keypoints/adl/adl-16-cam0-rgb.npz,190,219,0,42,3,2.5132138e-06,0.9999991655349731,0
adl-16-cam0-rgb,data/keypoints/adl/adl-16-cam0-rgb.npz,191,220,0,42,3,2.4024087e-06,0.9999991655349731,0
adl-16-cam0-rgb,data/keypoints/adl/adl-16-cam0-rgb.npz,192,221,0,42,3,2.375167e-06,0.9999991655349731,0
adl-16-cam0-rgb,data/keypoints/adl/adl-16-cam0-rgb.npz,193,222,0,42,3,2.354466e-06,0.9999991655349731,0
adl-16-cam0-rgb,data/keypoints/adl/adl-16-cam0-rgb.npz,194,223,0,42,3,2.2719034e-06,0.9999991655349731,0
adl-16-cam0-rgb,data/keypoints/adl/adl-16-cam0-rgb.npz,195,224,0,42,3,2.1200963e-06,0.9999991655349731,0
adl-16-cam0-rgb,data/keypoints/adl/adl-16-cam0-rgb.npz,196,225,0,42,3,2.0878445e-06,0.9999991655349731,0
adl-16-cam0-rgb,data/keypoints/adl/adl-16-cam0-rgb.npz,197,226,0,42,3,2.0636073e-06,0.9999991655349731,0
adl-16-cam0-rgb,data/keypoints/adl/adl-16-cam0-rgb.npz,198,227,0,42,3,2.0501705e-06,0.9999991655349731,0
adl-16-cam0-rgb,data/keypoints/adl/adl-16-cam0-rgb.npz,199,228,0,42,3,2.0307868e-06,0.9999991655349731,0
adl-16-cam0-rgb,data/keypoints/adl/adl-16-cam0-rgb.npz,200,229,0,42,3,2.0224047e-06,0.9999991655349731,0
adl-16-cam0-rgb,data/keypoints/adl/adl-16-cam0-rgb.npz,201,230,0,42,3,2.0203381e-06,0.9999991655349731,0
adl-16-cam0-rgb,data/keypoints/adl/adl-16-cam0-rgb.npz,202,231,0,42,3,2.0203208e-06,0.9999991655349731,0
adl-16-cam0-rgb,data/keypoints/adl/adl-16-cam0-rgb.npz,203,232,0,42,3,2.0185894e-06,0.9999991655349731,0
adl-16-cam0-rgb,data/keypoints/adl/adl-16-cam0-rgb.npz,204,233,0,42,3,2.0174384e-06,0.9999991655349731,0
adl-16-cam0-rgb,data/keypoints/adl/adl-16-cam0-rgb.npz,205,234,0,42,3,2.0165269e-06,0.9999991655349731,0
adl-16-cam0-rgb,data/keypoints/adl/adl-16-cam0-rgb.npz,206,235,0,42,3,2.0243654e-06,0.9999991655349731,0
adl-16-cam0-rgb,data/keypoints/adl/adl-16-cam0-rgb.npz,207,236,0,42,3,2.0374425e-06,0.9999991655349731,0
adl-16-cam0-rgb,data/keypoints/adl/adl-16-cam0-rgb.npz,208,237,0,42,3,2.0703965e-06,0.9999991655349731,0
adl-16-cam0-rgb,data/keypoints/adl/adl-16-cam0-rgb.npz,209,238,0,42,3,2.1097876e-06,0.9999991655349731,0
adl-16-cam0-rgb,data/keypoints/adl/adl-16-cam0-rgb.npz,210,239,0,42,3,2.1282035e-06,0.9999991655349731,0
adl-16-cam0-rgb,data/keypoints/adl/adl-16-cam0-rgb.npz,211,240,0,42,3,2.190723e-06,0.9999991655349731,0
adl-20-cam0-rgb,data/keypoints/adl/adl-20-cam0-rgb.npz,48,77,0,42,3,1.5790993e-05,0.9999991655349731,0
adl-20-cam0-rgb,data/keypoints/adl/adl-20-cam0-rgb.npz,49,78,0,42,3,1.5790993e-05,0.9999991655349731,0
adl-20-cam0-rgb,data/keypoints/adl/adl-20-cam0-rgb.npz,50,79,0,42,3,1.5790993e-05,0.9999991655349731,0
adl-20-cam0-rgb,data/keypoints/adl/adl-20-cam0-rgb.npz,51,80,0,42,3,1.5790993e-05,0.9999991655349731,0
adl-20-cam0-rgb,data/keypoints/adl/adl-20-cam0-rgb.npz,52,81,0,42,3,1.5790993e-05,0.9999991655349731,0
adl-20-cam0-rgb,data/keypoints/adl/adl-20-cam0-rgb.npz,53,82,0,42,3,1.5790993e-05,0.9999991655349731,0
adl-20-cam0-rgb,data/keypoints/adl/adl-20-cam0-rgb.npz,54,83,0,42,3,1.5790993e-05,0.9999991655349731,0
adl-20-cam0-rgb,data/keypoints/adl/adl-20-cam0-rgb.npz,55,84,0,42,3,1.7009137e-05,0.9999991655349731,0
adl-20-cam0-rgb,data/keypoints/adl/adl-20-cam0-rgb.npz,56,85,0,42,3,1.7260601e-05,0.9999991655349731,0
adl-20-cam0-rgb,data/keypoints/adl/adl-20-cam0-rgb.npz,57,86,0,42,3,1.7295419e-05,0.9999991655349731,0
adl-20-cam0-rgb,data/keypoints/adl/adl-20-cam0-rgb.npz,58,87,0,42,3,1.733267e-05,0.9999991655349731,0
adl-20-cam0-rgb,data/keypoints/adl/adl-20-cam0-rgb.npz,59,88,0,42,3,1.736099e-05,0.9999991655349731,0
adl-20-cam0-rgb,data/keypoints/adl/adl-20-cam0-rgb.npz,60,89,0,42,3,1.7411196e-05,0.9999991655349731,0
adl-20-cam0-rgb,data/keypoints/adl/adl-20-cam0-rgb.npz,61,90,0,42,3,1.7507266e-05,0.9999991655349731,0
adl-20-cam0-rgb,data/keypoints/adl/adl-20-cam0-rgb.npz,62,91,0,42,3,1.7573744e-05,0.9999991655349731,0
adl-20-cam0-rgb,data/keypoints/adl/adl-20-cam0-rgb.npz,63,92,0,42,3,1.7643095e-05,0.9999991655349731,0
adl-20-cam0-rgb,data/keypoints/adl/adl-20-cam0-rgb.npz,64,93,0,42,3,1.7697323e-05,0.9999991655349731,0
adl-20-cam0-rgb,data/keypoints/adl/adl-20-cam0-rgb.npz,65,94,0,42,3,1.7763266e-05,0.9999991655349731,0
adl-20-cam0-rgb,data/keypoints/adl/adl-20-cam0-rgb.npz,66,95,0,42,3,1.7818185e-05,0.9999991655349731,0
adl-20-cam0-rgb,data/keypoints/adl/adl-20-cam0-rgb.npz,67,96,0,42,3,1.7900311e-05,0.9999991655349731,0
adl-20-cam0-rgb,data/keypoints/adl/adl-20-cam0-rgb.npz,68,97,0,42,3,1.7962573e-05,0.9999991655349731,0
adl-20-cam0-rgb,data/keypoints/adl/adl-20-cam0-rgb.npz,69,98,0,42,3,1.8037264e-05,0.9999991655349731,0
adl-20-cam0-rgb,data/keypoints/adl/adl-20-cam0-rgb.npz,70,99,0,42,3,1.8104802e-05,0.9999991655349731,0
adl-20-cam0-rgb,data/keypoints/adl/adl-20-cam0-rgb.npz,71,100,0,42,3,1.817656e-05,0.9999991655349731,0
adl-20-cam0-rgb,data/keypoints/adl/adl-20-cam0-rgb.npz,72,101,0,42,3,1.826074e-05,0.9999991655349731,0
adl-20-cam0-rgb,data/keypoints/adl/adl-20-cam0-rgb.npz,73,102,0,42,3,1.8320026e-05,0.9999991655349731,0
adl-20-cam0-rgb,data/keypoints/adl/adl-20-cam0-rgb.npz,74,103,0,42,3,1.8380086e-05,0.9999991655349731,0
adl-20-cam0-rgb,data/keypoints/adl/adl-20-cam0-rgb.npz,75,104,0,42,3,1.843598e-05,0.9999991655349731,0
adl-20-cam0-rgb,data/keypoints/adl/adl-20-cam0-rgb.npz,76,105,0,42,3,1.8496348e-05,0.9999991655349731,0
adl-20-cam0-rgb,data/keypoints/adl/adl-20-cam0-rgb.npz,77,106,0,42,3,1.8561092e-05,0.9999991655349731,0
adl-20-cam0-rgb,data/keypoints/adl/adl-20-cam0-rgb.npz,78,107,0,42,3,1.88021e-05,0.9999991655349731,0
adl-20-cam0-rgb,data/keypoints/adl/adl-20-cam0-rgb.npz,79,108,0,42,3,1.8847306e-05,0.9999991655349731,0
adl-20-cam0-rgb,data/keypoints/adl/adl-20-cam0-rgb.npz,80,109,0,42,3,1.8896726e-05,0.9999991655349731,0
adl-20-cam0-rgb,data/keypoints/adl/adl-20-cam0-rgb.npz,81,110,0,42,3,1.8954226e-05,0.9999991655349731,0
adl-20-cam0-rgb,data/keypoints/adl/adl-20-cam0-rgb.npz,82,111,0,42,3,1.9024654e-05,0.9999991655349731,0
adl-20-cam0-rgb,data/keypoints/adl/adl-20-cam0-rgb.npz,83,112,0,42,3,1.9062067e-05,0.9999991655349731,0
adl-20-cam0-rgb,data/keypoints/adl/adl-20-cam0-rgb.npz,84,113,0,42,3,1.911178e-05,0.9999991655349731,0
adl-20-cam0-rgb,data/keypoints/adl/adl-20-cam0-rgb.npz,85,114,0,42,3,1.9159406e-05,0.9999991655349731,0
adl-20-cam0-rgb,data/keypoints/adl/adl-20-cam0-rgb.npz,86,115,0,42,3,1.9224362e-05,0.9999991655349731,0
adl-20-cam0-rgb,data/keypoints/adl/adl-20-cam0-rgb.npz,87,116,0,42,3,1.9272693e-05,0.9999991655349731,0
adl-20-cam0-rgb,data/keypoints/adl/adl-20-cam0-rgb.npz,88,117,0,42,3,1.9307297e-05,0.9999991655349731,0
adl-20-cam0-rgb,data/keypoints/adl/adl-20-cam0-rgb.npz,89,118,0,42,3,1.9317282e-05,0.9999991655349731,0
adl-20-cam0-rgb,data/keypoints/adl/adl-20-cam0-rgb.npz,90,119,0,42,3,1.939353e-05,0.9999991655349731,0
adl-20-cam0-rgb,data/keypoints/adl/adl-20-cam0-rgb.npz,91,120,0,42,3,1.9440324e-05,0.9999991655349731,0
adl-20-cam0-rgb,data/keypoints/adl/adl-20-cam0-rgb.npz,92,121,0,42,3,1.9488496e-05,0.9999991655349731,0
adl-20-cam0-rgb,data/keypoints/adl/adl-20-cam0-rgb.npz,93,122,0,42,3,1.9544403e-05,0.9999991655349731,0
adl-20-cam0-rgb,data/keypoints/adl/adl-20-cam0-rgb.npz,94,123,0,42,3,1.9608682e-05,0.9999991655349731,0
adl-20-cam0-rgb,data/keypoints/adl/adl-20-cam0-rgb.npz,95,124,0,42,3,1.9688656e-05,0.9999991655349731,0
adl-20-cam0-rgb,data/keypoints/adl/adl-20-cam0-rgb.npz,96,125,0,42,3,1.976053e-05,0.9999991655349731,0
adl-20-cam0-rgb,data/keypoints/adl/adl-20-cam0-rgb.npz,97,126,0,42,3,1.9735518e-05,0.9999991655349731,0
adl-20-cam0-rgb,data/keypoints/adl/adl-20-cam0-rgb.npz,98,127,0,42,3,1.9810965e-05,0.9999991655349731,0
adl-20-cam0-rgb,data/keypoints/adl/adl-20-cam0-rgb.npz,99,128,0,42,3,1.9887895e-05,0.9999991655349731,0
adl-20-cam0-rgb,data/keypoints/adl/adl-20-cam0-rgb.npz,100,129,0,42,3,1.9958978e-05,0.9999991655349731,0
adl-20-cam0-rgb,data/keypoints/adl/adl-20-cam0-rgb.npz,101,130,0,42,3,2.0037587e-05,0.9999991655349731,0
adl-20-cam0-rgb,data/keypoints/adl/adl-20-cam0-rgb.npz,102,131,0,42,3,2.0123494e-05,0.9999991655349731,0
adl-20-cam0-rgb,data/keypoints/adl/adl-20-cam0-rgb.npz,103,132,0,42,3,2.0214202e-05,0.9999991655349731,0
adl-20-cam0-rgb,data/keypoints/adl/adl-20-cam0-rgb.npz,104,133,0,42,3,2.031853e-05,0.9999991655349731,0
adl-20-cam0-rgb,data/keypoints/adl/adl-20-cam0-rgb.npz,105,134,0,42,3,2.0428304e-05,0.9999991655349731,0
adl-20-cam0-rgb,data/keypoints/adl/adl-20-cam0-rgb.npz,106,135,0,42,3,2.0571526e-05,0.9999991655349731,0
adl-20-cam0-rgb,data/keypoints/adl/adl-20-cam0-rgb.npz,107,136,0,42,3,2.0725176e-05,0.9999991655349731,0
adl-20-cam0-rgb,data/keypoints/adl/adl-20-cam0-rgb.npz,108,137,0,42,3,2.0864929e-05,0.9999991655349731,0
adl-20-cam0-rgb,data/keypoints/adl/adl-20-cam0-rgb.npz,109,138,0,42,3,2.1012915e-05,0.9999991655349731,0
adl-20-cam0-rgb,data/keypoints/adl/adl-20-cam0-rgb.npz,110,139,0,42,3,2.1159847e-05,0.9999991655349731,0
adl-20-cam0-rgb,data/keypoints/adl/adl-20-cam0-rgb.npz,111,140,0,42,3,2.126472e-05,0.9999991655349731,0
adl-20-cam0-rgb,data/keypoints/adl/adl-20-cam0-rgb.npz,112,141,0,42,3,2.1345788e-05,0.9999991655349731,0
adl-20-cam0-rgb,data/keypoints/adl/adl-20-cam0-rgb.npz,113,142,0,42,3,2.1422422e-05,0.9999991655349731,0
adl-20-cam0-rgb,data/keypoints/adl/adl-20-cam0-rgb.npz,114,143,0,42,3,2.1488515e-05,0.9999991655349731,0
adl-20-cam0-rgb,data/keypoints/adl/adl-20-cam0-rgb.npz,115,144,0,42,3,2.156015e-05,0.9999991655349731,0
adl-20-cam0-rgb,data/keypoints/adl/adl-20-cam0-rgb.npz,116,145,0,42,3,2.1596576e-05,0.9999991655349731,0
adl-20-cam0-rgb,data/keypoints/adl/adl-20-cam0-rgb.npz,117,146,0,42,3,2.1631986e-05,0.9999991655349731,0
adl-20-cam0-rgb,data/keypoints/adl/adl-20-cam0-rgb.npz,118,147,0,42,3,2.1614378e-05,0.9999991655349731,0
adl-20-cam0-rgb,data/keypoints/adl/adl-20-cam0-rgb.npz,119,148,0,42,3,2.1555894e-05,0.9999991655349731,0
adl-20-cam0-rgb,data/keypoints/adl/adl-20-cam0-rgb.npz,120,149,0,42,3,2.1375203e-05,0.9999991655349731,0
adl-20-cam0-rgb,data/keypoints/adl/adl-20-cam0-rgb.npz,121,150,0,42,3,2.131442e-05,0.9999991655349731,0
adl-20-cam0-rgb,data/keypoints/adl/adl-20-cam0-rgb.npz,122,151,0,42,3,2.1216872e-05,0.9999991655349731,0
adl-20-cam0-rgb,data/keypoints/adl/adl-20-cam0-rgb.npz,123,152,0,42,3,2.1138432e-05,0.9999991655349731,0
adl-20-cam0-rgb,data/keypoints/adl/adl-20-cam0-rgb.npz,124,153,0,42,3,2.0981895e-05,0.9999991655349731,0
adl-20-cam0-rgb,data/keypoints/adl/adl-20-cam0-rgb.npz,125,154,0,42,3,2.0916128e-05,0.9999991655349731,0
adl-20-cam0-rgb,data/keypoints/adl/adl-20-cam0-rgb.npz,126,155,0,42,3,2.0582005e-05,0.9999991655349731,0
adl-20-cam0-rgb,data/keypoints/adl/adl-20-cam0-rgb.npz,127,156,0,42,3,2.0008352e-05,0.9999991655349731,0
adl-20-cam0-rgb,data/keypoints/adl/adl-20-cam0-rgb.npz,128,157,0,42,3,1.9755971e-05,0.9999991655349731,0
adl-20-cam0-rgb,data/keypoints/adl/adl-20-cam0-rgb.npz,129,158,0,42,3,1.8885268e-05,0.9999991655349731,0
adl-20-cam0-rgb,data/keypoints/adl/adl-20-cam0-rgb.npz,130,159,0,42,3,1.9082476e-05,0.9999991655349731,0
adl-20-cam0-rgb,data/keypoints/adl/adl-20-cam0-rgb.npz,131,160,0,42,3,1.8700139e-05,0.9999991655349731,0
adl-20-cam0-rgb,data/keypoints/adl/adl-20-cam0-rgb.npz,132,161,0,42,3,1.7481172e-05,0.9999991655349731,0
adl-20-cam0-rgb,data/keypoints/adl/adl-20-cam0-rgb.npz,133,162,0,42,3,1.7518323e-05,0.9999991655349731,0
adl-20-cam0-rgb,data/keypoints/adl/adl-20-cam0-rgb.npz,134,163,0,42,3,1.6651135e-05,0.9999991655349731,0
adl-20-cam0-rgb,data/keypoints/adl/adl-20-cam0-rgb.npz,135,164,0,42,3,1.7085938e-05,0.9999991655349731,0
adl-20-cam0-rgb,data/keypoints/adl/adl-20-cam0-rgb.npz,136,165,0,42,3,1.5524698e-05,0.9999991655349731,0
adl-20-cam0-rgb,data/keypoints/adl/adl-20-cam0-rgb.npz,137,166,0,42,3,1.4573857e-05,0.9999991655349731,0
adl-20-cam0-rgb,data/keypoints/adl/adl-20-cam0-rgb.npz,138,167,0,42,3,1.4343767e-05,0.9999991655349731,0
adl-20-cam0-rgb,data/keypoints/adl/adl-20-cam0-rgb.npz,139,168,0,42,3,1.3223757e-05,0.9999991655349731,0
adl-20-cam0-rgb,data/keypoints/adl/adl-20-cam0-rgb.npz,140,169,0,42,3,1.3553904e-05,0.9999991655349731,0
adl-20-cam0-rgb,data/keypoints/adl/adl-20-cam0-rgb.npz,141,170,0,42,3,1.2941624e-05,0.9999991655349731,0
adl-20-cam0-rgb,data/keypoints/adl/adl-20-cam0-rgb.npz,142,171,0,42,3,1.1415559e-05,0.9999991655349731,0
adl-20-cam0-rgb,data/keypoints/adl/adl-20-cam0-rgb.npz,143,172,0,42,3,1.024594e-05,0.9999991655349731,0
adl-20-cam0-rgb,data/keypoints/adl/adl-20-cam0-rgb.npz,144,173,0,42,3,1.0684509e-05,0.9999991655349731,0
adl-20-cam0-rgb,data/keypoints/adl/adl-20-cam0-rgb.npz,145,174,0,42,3,9.458076e-06,0.9999991655349731,0
adl-20-cam0-rgb,data/keypoints/adl/adl-20-cam0-rgb.npz,146,175,0,42,3,7.3699703e-06,0.9999991655349731,0
adl-20-cam0-rgb,data/keypoints/adl/adl-20-cam0-rgb.npz,147,176,0,42,3,7.316726e-06,0.9999991655349731,0
adl-20-cam0-rgb,data/keypoints/adl/adl-20-cam0-rgb.npz,148,177,0,42,3,5.205644e-06,0.9999991655349731,0
adl-20-cam0-rgb,data/keypoints/adl/adl-20-cam0-rgb.npz,149,178,0,42,3,5.4189727e-06,0.9999991655349731,0
adl-20-cam0-rgb,data/keypoints/adl/adl-20-cam0-rgb.npz,150,179,0,42,3,5.3547724e-06,0.9999991655349731,0
adl-20-cam0-rgb,data/keypoints/adl/adl-20-cam0-rgb.npz,151,180,0,42,3,4.90663e-06,0.9999991655349731,0
adl-20-cam0-rgb,data/keypoints/adl/adl-20-cam0-rgb.npz,152,181,0,42,3,6.8270747e-06,0.9999991655349731,0
adl-20-cam0-rgb,data/keypoints/adl/adl-20-cam0-rgb.npz,153,182,0,42,3,5.792566e-06,0.9999991655349731,0
adl-20-cam0-rgb,data/keypoints/adl/adl-20-cam0-rgb.npz,154,183,0,42,3,2.4926526e-06,0.9999991655349731,0
adl-20-cam0-rgb,data/keypoints/adl/adl-20-cam0-rgb.npz,155,184,0,42,3,2.4085177e-06,0.9999991655349731,0
adl-20-cam0-rgb,data/keypoints/adl/adl-20-cam0-rgb.npz,156,185,0,42,3,2.4485794e-06,0.9999991655349731,0
adl-20-cam0-rgb,data/keypoints/adl/adl-20-cam0-rgb.npz,157,186,0,42,3,2.3184282e-06,0.9999991655349731,0
adl-20-cam0-rgb,data/keypoints/adl/adl-20-cam0-rgb.npz,158,187,0,42,3,2.2339268e-06,0.9999991655349731,0
adl-20-cam0-rgb,data/keypoints/adl/adl-20-cam0-rgb.npz,159,188,0,42,3,2.1415615e-06,0.9999991655349731,0
adl-20-cam0-rgb,data/keypoints/adl/adl-20-cam0-rgb.npz,160,189,0,42,3,2.123429e-06,0.9999991655349731,0
adl-20-cam0-rgb,data/keypoints/adl/adl-20-cam0-rgb.npz,161,190,0,42,3,2.1281546e-06,0.9999991655349731,0
adl-20-cam0-rgb,data/keypoints/adl/adl-20-cam0-rgb.npz,162,191,0,42,3,2.1124754e-06,0.9999991655349731,0
adl-20-cam0-rgb,data/keypoints/adl/adl-20-cam0-rgb.npz,163,192,0,42,3,2.1161009e-06,0.9999991655349731,0
adl-20-cam0-rgb,data/keypoints/adl/adl-20-cam0-rgb.npz,164,193,0,42,3,2.1331512e-06,0.9999991655349731,0
adl-20-cam0-rgb,data/keypoints/adl/adl-20-cam0-rgb.npz,165,194,0,42,3,2.1578949e-06,0.9999991655349731,0
adl-20-cam0-rgb,data/keypoints/adl/adl-20-cam0-rgb.npz,166,195,0,42,3,2.18914e-06,0.9999991655349731,0
adl-20-cam0-rgb,data/keypoints/adl/adl-20-cam0-rgb.npz,167,196,0,42,3,2.1918077e-06,0.9999991655349731,0
adl-20-cam0-rgb,data/keypoints/adl/adl-20-cam0-rgb.npz,168,197,0,42,3,2.1584608e-06,0.9999991655349731,0
adl-20-cam0-rgb,data/keypoints/adl/adl-20-cam0-rgb.npz,169,198,0,42,3,2.1269718e-06,0.9999991655349731,0
adl-20-cam0-rgb,data/keypoints/adl/adl-20-cam0-rgb.npz,170,199,0,42,3,2.1242736e-06,0.9999991655349731,0
adl-20-cam0-rgb,data/keypoints/adl/adl-20-cam0-rgb.npz,171,200,0,42,3,2.129856e-06,0.9999991655349731,0
adl-20-cam0-rgb,data/keypoints/adl/adl-20-cam0-rgb.npz,172,201,0,42,3,2.1436008e-06,0.9999991655349731,0
adl-20-cam0-rgb,data/keypoints/adl/adl-20-cam0-rgb.npz,173,202,0,42,3,2.1461476e-06,0.9999991655349731,0
adl-20-cam0-rgb,data/keypoints/adl/adl-20-cam0-rgb.npz,174,203,0,42,3,2.1483015e-06,0.9999991655349731,0
adl-20-cam0-rgb,data/keypoints/adl/adl-20-cam0-rgb.npz,175,204,0,42,3,2.1497199e-06,0.9999991655349731,0
adl-20-cam0-rgb,data/keypoints/adl/adl-20-cam0-rgb.npz,176,205,0,42,3,2.1476503e-06,0.9999991655349731,0
adl-20-cam0-rgb,data/keypoints/adl/adl-20-cam0-rgb.npz,177,206,0,42,3,2.1443286e-06,0.9999991655349731,0
adl-20-cam0-rgb,data/keypoints/adl/adl-20-cam0-rgb.npz,178,207,0,42,3,2.140857e-06,0.9999991655349731,0
adl-20-cam0-rgb,data/keypoints/adl/adl-20-cam0-rgb.npz,179,208,0,42,3,2.138643e-06,0.9999991655349731,0
adl-20-cam0-rgb,data/keypoints/adl/adl-20-cam0-rgb.npz,180,209,0,42,3,2.1360177e-06,0.9999991655349731,0
adl-20-cam0-rgb,data/keypoints/adl/adl-20-cam0-rgb.npz,181,210,0,42,3,2.121854e-06,0.9999991655349731,0
adl-20-cam0-rgb,data/keypoints/adl/adl-20-cam0-rgb.npz,182,211,0,42,3,2.1476585e-06,0.9999991655349731,0
adl-20-cam0-rgb,data/keypoints/adl/adl-20-cam0-rgb.npz,183,212,0,42,3,2.161788e-06,0.9999991655349731,0
adl-20-cam0-rgb,data/keypoints/adl/adl-20-cam0-rgb.npz,184,213,0,42,3,2.1734695e-06,0.9999991655349731,0
adl-20-cam0-rgb,data/keypoints/adl/adl-20-cam0-rgb.npz,185,214,0,42,3,2.201652e-06,0.9999991655349731,0
adl-20-cam0-rgb,data/keypoints/adl/adl-20-cam0-rgb.npz,186,215,0,42,3,2.2640781e-06,0.9999991655349731,0
adl-20-cam0-rgb,data/keypoints/adl/adl-20-cam0-rgb.npz,187,216,0,42,3,2.3270138e-06,0.9999991655349731,0
adl-20-cam0-rgb,data/keypoints/adl/adl-20-cam0-rgb.npz,188,217,0,42,3,2.391361e-06,0.9999991655349731,0
adl-20-cam0-rgb,data/keypoints/adl/adl-20-cam0-rgb.npz,189,218,0,42,3,2.4175479e-06,0.9999991655349731,0
adl-20-cam0-rgb,data/keypoints/adl/adl-20-cam0-rgb.npz,190,219,0,42,3,2.4544474e-06,0.9999991655349731,0
adl-20-cam0-rgb,data/keypoints/adl/adl-20-cam0-rgb.npz,191,220,0,42,3,2.5161685e-06,0.9999991655349731,0
adl-20-cam0-rgb,data/keypoints/adl/adl-20-cam0-rgb.npz,192,221,0,42,3,2.5803859e-06,0.9999991655349731,0
adl-20-cam0-rgb,data/keypoints/adl/adl-20-cam0-rgb.npz,193,222,0,42,3,2.6546215e-06,0.9999991655349731,0
adl-20-cam0-rgb,data/keypoints/adl/adl-20-cam0-rgb.npz,194,223,0,42,3,2.6791572e-06,0.9999991655349731,0
adl-20-cam0-rgb,data/keypoints/adl/adl-20-cam0-rgb.npz,195,224,0,42,3,2.704288e-06,0.9999991655349731,0
adl-20-cam0-rgb,data/keypoints/adl/adl-20-cam0-rgb.npz,196,225,0,42,3,2.7328585e-06,0.9999991655349731,0
adl-20-cam0-rgb,data/keypoints/adl/adl-20-cam0-rgb.npz,197,226,0,42,3,2.7668636e-06,0.9999991655349731,0
adl-20-cam0-rgb,data/keypoints/adl/adl-20-cam0-rgb.npz,198,227,0,42,3,2.888517e-06,0.9999991655349731,0
adl-20-cam0-rgb,data/keypoints/adl/adl-20-cam0-rgb.npz,199,228,0,42,3,2.9692235e-06,0.9999991655349731,0
adl-20-cam0-rgb,data/keypoints/adl/adl-20-cam0-rgb.npz,200,229,0,42,3,3.0590184e-06,0.9999991655349731,0
adl-20-cam0-rgb,data/keypoints/adl/adl-20-cam0-rgb.npz,201,230,0,42,3,3.1590905e-06,0.9999991655349731,0
adl-20-cam0-rgb,data/keypoints/adl/adl-20-cam0-rgb.npz,202,231,0,42,3,3.2508033e-06,0.9999991655349731,0
adl-20-cam0-rgb,data/keypoints/adl/adl-20-cam0-rgb.npz,203,232,0,42,3,3.333287e-06,0.9999991655349731,0
adl-20-cam0-rgb,data/keypoints/adl/adl-20-cam0-rgb.npz,204,233,0,42,3,3.4233337e-06,0.9999991655349731,0
adl-20-cam0-rgb,data/keypoints/adl/adl-20-cam0-rgb.npz,205,234,0,42,3,2.8528968e-06,0.9999991655349731,0
adl-20-cam0-rgb,data/keypoints/adl/adl-20-cam0-rgb.npz,206,235,0,42,3,2.8714717e-06,0.9999991655349731,0
adl-20-cam0-rgb,data/keypoints/adl/adl-20-cam0-rgb.npz,207,236,0,42,3,2.8862203e-06,0.9999991655349731,0
adl-20-cam0-rgb,data/keypoints/adl/adl-20-cam0-rgb.npz,208,237,0,42,3,2.8972847e-06,0.9999991655349731,0
adl-20-cam0-rgb,data/keypoints/adl/adl-20-cam0-rgb.npz,209,238,0,42,3,2.9059568e-06,0.9999991655349731,0
adl-20-cam0-rgb,data/keypoints/adl/adl-20-cam0-rgb.npz,210,239,0,42,3,2.9116936e-06,0.9999991655349731,0
adl-20-cam0-rgb,data/keypoints/adl/adl-20-cam0-rgb.npz,211,240,0,42,3,2.915923e-06,0.9999991655349731,0
adl-20-cam0-rgb,data/keypoints/adl/adl-20-cam0-rgb.npz,212,241,0,42,3,2.9174e-06,0.9999991655349731,0
adl-20-cam0-rgb,data/keypoints/adl/adl-20-cam0-rgb.npz,213,242,0,42,3,2.9199134e-06,0.9999991655349731,0
adl-20-cam0-rgb,data/keypoints/adl/adl-20-cam0-rgb.npz,214,243,0,42,3,2.9223957e-06,0.9999991655349731,0
adl-20-cam0-rgb,data/keypoints/adl/adl-20-cam0-rgb.npz,215,244,0,42,3,2.92558e-06,0.9999991655349731,0
adl-20-cam0-rgb,data/keypoints/adl/adl-20-cam0-rgb.npz,216,245,0,42,3,2.9276762e-06,0.9999991655349731,0
adl-20-cam0-rgb,data/keypoints/adl/adl-20-cam0-rgb.npz,217,246,0,42,3,2.9296368e-06,0.9999991655349731,0
adl-20-cam0-rgb,data/keypoints/adl/adl-20-cam0-rgb.npz,218,247,0,42,3,2.9311961e-06,0.9999991655349731,0
adl-20-cam0-rgb,data/keypoints/adl/adl-20-cam0-rgb.npz,219,248,0,42,3,2.9381422e-06,0.9999991655349731,0
adl-20-cam0-rgb,data/keypoints/adl/adl-20-cam0-rgb.npz,220,249,0,42,3,2.938787e-06,0.9999991655349731,0
adl-20-cam0-rgb,data/keypoints/adl/adl-20-cam0-rgb.npz,221,250,0,42,3,2.9385235e-06,0.9999991655349731,0
adl-20-cam0-rgb,data/keypoints/adl/adl-20-cam0-rgb.npz,222,251,0,42,3,2.9360756e-06,0.9999991655349731,0
adl-20-cam0-rgb,data/keypoints/adl/adl-20-cam0-rgb.npz,223,252,0,42,3,2.9370165e-06,0.9999991655349731,0
adl-20-cam0-rgb,data/keypoints/adl/adl-20-cam0-rgb.npz,224,253,0,42,3,2.9379573e-06,0.9999991655349731,0
adl-20-cam0-rgb,data/keypoints/adl/adl-20-cam0-rgb.npz,225,254,0,42,3,2.9388877e-06,0.9999991655349731,0
adl-20-cam0-rgb,data/keypoints/adl/adl-20-cam0-rgb.npz,226,255,0,42,3,2.9398577e-06,0.9999991655349731,0
adl-20-cam0-rgb,data/keypoints/adl/adl-20-cam0-rgb.npz,227,256,0,42,3,2.9408445e-06,0.9999991655349731,0
adl-20-cam0-rgb,data/keypoints/adl/adl-20-cam0-rgb.npz,228,257,0,42,3,1.7464675e-06,0.9999991655349731,0
adl-20-cam0-rgb,data/keypoints/adl/adl-20-cam0-rgb.npz,229,258,0,42,3,1.7464675e-06,0.9999991655349731,0
adl-20-cam0-rgb,data/keypoints/adl/adl-20-cam0-rgb.npz,230,259,0,42,3,1.7464675e-06,0.9999991655349731,0
adl-20-cam0-rgb,data/keypoints/adl/adl-20-cam0-rgb.npz,231,260,0,42,3,1.7464675e-06,0.9999991655349731,0
adl-20-cam0-rgb,data/keypoints/adl/adl-20-cam0-rgb.npz,232,261,0,42,3,1.7464675e-06,0.9999991655349731,0
adl-20-cam0-rgb,data/keypoints/adl/adl-20-cam0-rgb.npz,233,262,0,42,3,1.7464675e-06,0.9999991655349731,0
adl-21-cam0-rgb,data/keypoints/adl/adl-21-cam0-rgb.npz,49,78,0,42,3,1.3142265e-05,0.9999991655349731,0
adl-21-cam0-rgb,data/keypoints/adl/adl-21-cam0-rgb.npz,50,79,0,42,3,1.6853002e-05,0.9999991655349731,0
adl-21-cam0-rgb,data/keypoints/adl/adl-21-cam0-rgb.npz,51,80,0,42,3,1.6855638e-05,0.9999991655349731,0
adl-21-cam0-rgb,data/keypoints/adl/adl-21-cam0-rgb.npz,52,81,0,42,3,1.6864127e-05,0.9999991655349731,0
adl-21-cam0-rgb,data/keypoints/adl/adl-21-cam0-rgb.npz,53,82,0,42,3,1.6880604e-05,0.9999991655349731,0
adl-21-cam0-rgb,data/keypoints/adl/adl-21-cam0-rgb.npz,54,83,0,42,3,1.6890652e-05,0.9999991655349731,0
adl-21-cam0-rgb,data/keypoints/adl/adl-21-cam0-rgb.npz,55,84,0,42,3,1.6913124e-05,0.9999991655349731,0
adl-21-cam0-rgb,data/keypoints/adl/adl-21-cam0-rgb.npz,56,85,0,42,3,1.6921706e-05,0.9999991655349731,0
adl-21-cam0-rgb,data/keypoints/adl/adl-21-cam0-rgb.npz,57,86,0,42,3,1.6951295e-05,0.9999991655349731,0
adl-21-cam0-rgb,data/keypoints/adl/adl-21-cam0-rgb.npz,58,87,0,42,3,1.6955159e-05,0.9999991655349731,0
adl-21-cam0-rgb,data/keypoints/adl/adl-21-cam0-rgb.npz,59,88,0,42,3,1.6958247e-05,0.9999991655349731,0
adl-21-cam0-rgb,data/keypoints/adl/adl-21-cam0-rgb.npz,60,89,0,42,3,1.6951424e-05,0.9999991655349731,0
adl-21-cam0-rgb,data/keypoints/adl/adl-21-cam0-rgb.npz,61,90,0,42,3,1.697582e-05,0.9999991655349731,0
adl-21-cam0-rgb,data/keypoints/adl/adl-21-cam0-rgb.npz,62,91,0,42,3,1.699059e-05,0.9999991655349731,0
adl-21-cam0-rgb,data/keypoints/adl/adl-21-cam0-rgb.npz,63,92,0,42,3,1.7001872e-05,0.9999991655349731,0
adl-21-cam0-rgb,data/keypoints/adl/adl-21-cam0-rgb.npz,64,93,0,42,3,1.7035141e-05,0.9999991655349731,0
adl-21-cam0-rgb,data/keypoints/adl/adl-21-cam0-rgb.npz,65,94,0,42,3,1.7049542e-05,0.9999991655349731,0
adl-21-cam0-rgb,data/keypoints/adl/adl-21-cam0-rgb.npz,66,95,0,42,3,1.7113169e-05,0.9999991655349731,0
adl-21-cam0-rgb,data/keypoints/adl/adl-21-cam0-rgb.npz,67,96,0,42,3,1.7089948e-05,0.9999991655349731,0
adl-21-cam0-rgb,data/keypoints/adl/adl-21-cam0-rgb.npz,68,97,0,42,3,1.7123273e-05,0.9999991655349731,0
adl-21-cam0-rgb,data/keypoints/adl/adl-21-cam0-rgb.npz,69,98,0,42,3,1.7157816e-05,0.9999991655349731,0
adl-21-cam0-rgb,data/keypoints/adl/adl-21-cam0-rgb.npz,70,99,0,42,3,1.7225491e-05,0.9999991655349731,0
adl-21-cam0-rgb,data/keypoints/adl/adl-21-cam0-rgb.npz,71,100,0,42,3,1.728592e-05,0.9999991655349731,0
adl-21-cam0-rgb,data/keypoints/adl/adl-21-cam0-rgb.npz,72,101,0,42,3,1.7850245e-05,0.9999991655349731,0
adl-21-cam0-rgb,data/keypoints/adl/adl-21-cam0-rgb.npz,73,102,0,42,3,1.7931563e-05,0.9999991655349731,0
adl-21-cam0-rgb,data/keypoints/adl/adl-21-cam0-rgb.npz,74,103,0,42,3,1.8016615e-05,0.9999991655349731,0
adl-21-cam0-rgb,data/keypoints/adl/adl-21-cam0-rgb.npz,75,104,0,42,3,1.9065139e-05,0.9999991655349731,0
adl-21-cam0-rgb,data/keypoints/adl/adl-21-cam0-rgb.npz,76,105,0,42,3,1.9129922e-05,0.9999991655349731,0
adl-21-cam0-rgb,data/keypoints/adl/adl-21-cam0-rgb.npz,77,106,0,42,3,1.9213969e-05,0.9999991655349731,0
adl-21-cam0-rgb,data/keypoints/adl/adl-21-cam0-rgb.npz,78,107,0,42,3,1.9290825e-05,0.9999991655349731,0
adl-21-cam0-rgb,data/keypoints/adl/adl-21-cam0-rgb.npz,79,108,0,42,3,1.9385468e-05,0.9999991655349731,0
adl-21-cam0-rgb,data/keypoints/adl/adl-21-cam0-rgb.npz,80,109,0,42,3,1.9466797e-05,0.9999991655349731,0
adl-21-cam0-rgb,data/keypoints/adl/adl-21-cam0-rgb.npz,81,110,0,42,3,1.9597035e-05,0.9999991655349731,0
adl-21-cam0-rgb,data/keypoints/adl/adl-21-cam0-rgb.npz,82,111,0,42,3,1.9701636e-05,0.9999991655349731,0
adl-21-cam0-rgb,data/keypoints/adl/adl-21-cam0-rgb.npz,83,112,0,42,3,1.9832667e-05,0.9999991655349731,0
adl-21-cam0-rgb,data/keypoints/adl/adl-21-cam0-rgb.npz,84,113,0,42,3,1.9896754e-05,0.9999991655349731,0
adl-21-cam0-rgb,data/keypoints/adl/adl-21-cam0-rgb.npz,85,114,0,42,3,1.9955474e-05,0.9999991655349731,0
adl-21-cam0-rgb,data/keypoints/adl/adl-21-cam0-rgb.npz,86,115,0,42,3,2.0047373e-05,0.9999991655349731,0
adl-21-cam0-rgb,data/keypoints/adl/adl-21-cam0-rgb.npz,87,116,0,42,3,2.0130059e-05,0.9999991655349731,0
adl-21-cam0-rgb,data/keypoints/adl/adl-21-cam0-rgb.npz,88,117,0,42,3,2.0222049e-05,0.9999991655349731,0
adl-21-cam0-rgb,data/keypoints/adl/adl-21-cam0-rgb.npz,89,118,0,42,3,2.0322173e-05,0.9999991655349731,0
adl-21-cam0-rgb,data/keypoints/adl/adl-21-cam0-rgb.npz,90,119,0,42,3,2.047152e-05,0.9999991655349731,0
adl-21-cam0-rgb,data/keypoints/adl/adl-21-cam0-rgb.npz,91,120,0,42,3,2.0584674e-05,0.9999991655349731,0
adl-21-cam0-rgb,data/keypoints/adl/adl-21-cam0-rgb.npz,92,121,0,42,3,2.068377e-05,0.9999991655349731,0
adl-21-cam0-rgb,data/keypoints/adl/adl-21-cam0-rgb.npz,93,122,0,42,3,2.0780612e-05,0.9999991655349731,0
adl-21-cam0-rgb,data/keypoints/adl/adl-21-cam0-rgb.npz,94,123,0,42,3,2.0858999e-05,0.9999991655349731,0
adl-21-cam0-rgb,data/keypoints/adl/adl-21-cam0-rgb.npz,95,124,0,42,3,2.0963653e-05,0.9999991655349731,0
adl-21-cam0-rgb,data/keypoints/adl/adl-21-cam0-rgb.npz,96,125,0,42,3,2.105305e-05,0.9999991655349731,0
adl-21-cam0-rgb,data/keypoints/adl/adl-21-cam0-rgb.npz,97,126,0,42,3,2.1205058e-05,0.9999991655349731,0
adl-21-cam0-rgb,data/keypoints/adl/adl-21-cam0-rgb.npz,98,127,0,42,3,2.1302389e-05,0.9999991655349731,0
adl-21-cam0-rgb,data/keypoints/adl/adl-21-cam0-rgb.npz,99,128,0,42,3,2.1372389e-05,0.9999991655349731,0
adl-21-cam0-rgb,data/keypoints/adl/adl-21-cam0-rgb.npz,100,129,0,42,3,2.1403655e-05,0.9999991655349731,0
adl-21-cam0-rgb,data/keypoints/adl/adl-21-cam0-rgb.npz,101,130,0,42,3,2.133838e-05,0.9999991655349731,0
adl-21-cam0-rgb,data/keypoints/adl/adl-21-cam0-rgb.npz,102,131,0,42,3,2.1460619e-05,0.9999991655349731,0
adl-21-cam0-rgb,data/keypoints/adl/adl-21-cam0-rgb.npz,103,132,0,42,3,2.1531714e-05,0.9999991655349731,0
adl-21-cam0-rgb,data/keypoints/adl/adl-21-cam0-rgb.npz,104,133,0,42,3,2.154278e-05,0.9999991655349731,0
adl-21-cam0-rgb,data/keypoints/adl/adl-21-cam0-rgb.npz,105,134,0,42,3,2.1523912e-05,0.9999991655349731,0
adl-21-cam0-rgb,data/keypoints/adl/adl-21-cam0-rgb.npz,106,135,0,42,3,2.1484006e-05,0.9999991655349731,0
adl-21-cam0-rgb,data/keypoints/adl/adl-21-cam0-rgb.npz,107,136,0,42,3,2.1426755e-05,0.9999991655349731,0
adl-21-cam0-rgb,data/keypoints/adl/adl-21-cam0-rgb.npz,108,137,0,42,3,2.1306249e-05,0.9999991655349731,0
adl-21-cam0-rgb,data/keypoints/adl/adl-21-cam0-rgb.npz,109,138,0,42,3,2.1167216e-05,0.9999991655349731,0
adl-21-cam0-rgb,data/keypoints/adl/adl-21-cam0-rgb.npz,110,139,0,42,3,2.1001877e-05,0.9999991655349731,0
adl-21-cam0-rgb,data/keypoints/adl/adl-21-cam0-rgb.npz,111,140,0,42,3,2.0859317e-05,0.9999991655349731,0
adl-21-cam0-rgb,data/keypoints/adl/adl-21-cam0-rgb.npz,112,141,0,42,3,2.0437852e-05,0.9999991655349731,0
adl-21-cam0-rgb,data/keypoints/adl/adl-21-cam0-rgb.npz,113,142,0,42,3,2.0532565e-05,0.9999991655349731,0
adl-21-cam0-rgb,data/keypoints/adl/adl-21-cam0-rgb.npz,114,143,0,42,3,2.0491952e-05,0.9999991655349731,0
adl-21-cam0-rgb,data/keypoints/adl/adl-21-cam0-rgb.npz,115,144,0,42,3,1.984154e-05,0.9999991655349731,0
adl-21-cam0-rgb,data/keypoints/adl/adl-21-cam0-rgb.npz,116,145,0,42,3,1.9043222e-05,0.9999991655349731,0
adl-21-cam0-rgb,data/keypoints/adl/adl-21-cam0-rgb.npz,117,146,0,42,3,1.8404397e-05,0.9999991655349731,0
adl-21-cam0-rgb,data/keypoints/adl/adl-21-cam0-rgb.npz,118,147,0,42,3,1.7502842e-05,0.9999991655349731,0
adl-21-cam0-rgb,data/keypoints/adl/adl-21-cam0-rgb.npz,119,148,0,42,3,1.7510773e-05,0.9999991655349731,0
adl-21-cam0-rgb,data/keypoints/adl/adl-21-cam0-rgb.npz,120,149,0,42,3,1.7800912e-05,0.9999991655349731,0
adl-21-cam0-rgb,data/keypoints/adl/adl-21-cam0-rgb.npz,121,150,0,42,3,1.6505275e-05,0.9999991655349731,0
adl-21-cam0-rgb,data/keypoints/adl/adl-21-cam0-rgb.npz,122,151,0,42,3,1.6220836e-05,0.9999991655349731,0
adl-21-cam0-rgb,data/keypoints/adl/adl-21-cam0-rgb.npz,123,152,0,42,3,1.443958e-05,0.9999991655349731,0
adl-21-cam0-rgb,data/keypoints/adl/adl-21-cam0-rgb.npz,124,153,0,42,3,1.17881955e-05,0.9999991655349731,0
adl-21-cam0-rgb,data/keypoints/adl/adl-21-cam0-rgb.npz,125,154,0,42,3,6.666243e-06,0.9999991655349731,0
adl-21-cam0-rgb,data/keypoints/adl/adl-21-cam0-rgb.npz,126,155,0,42,3,5.4055217e-06,0.9999991655349731,0
adl-21-cam0-rgb,data/keypoints/adl/adl-21-cam0-rgb.npz,127,156,0,42,3,4.6533705e-06,0.9999991655349731,0
adl-21-cam0-rgb,data/keypoints/adl/adl-21-cam0-rgb.npz,128,157,0,42,3,4.041233e-06,0.9999991655349731,0
adl-21-cam0-rgb,data/keypoints/adl/adl-21-cam0-rgb.npz,129,158,0,42,3,3.7504165e-06,0.9999991655349731,0
adl-21-cam0-rgb,data/keypoints/adl/adl-21-cam0-rgb.npz,130,159,0,42,3,3.6149124e-06,0.9999991655349731,0
adl-21-cam0-rgb,data/keypoints/adl/adl-21-cam0-rgb.npz,131,160,0,42,3,3.6304937e-06,0.9999991655349731,0
adl-21-cam0-rgb,data/keypoints/adl/adl-21-cam0-rgb.npz,132,161,0,42,3,3.5103358e-06,0.9999991655349731,0
adl-21-cam0-rgb,data/keypoints/adl/adl-21-cam0-rgb.npz,133,162,0,42,3,3.1449058e-06,0.9999991655349731,0
adl-21-cam0-rgb,data/keypoints/adl/adl-21-cam0-rgb.npz,134,163,0,42,3,3.132161e-06,0.9999991655349731,0
adl-21-cam0-rgb,data/keypoints/adl/adl-21-cam0-rgb.npz,135,164,0,42,3,3.1687673e-06,0.9999991655349731,0
adl-21-cam0-rgb,data/keypoints/adl/adl-21-cam0-rgb.npz,136,165,0,42,3,3.1910508e-06,0.9999991655349731,0
adl-21-cam0-rgb,data/keypoints/adl/adl-21-cam0-rgb.npz,137,166,0,42,3,3.1021132e-06,0.9999991655349731,0
adl-21-cam0-rgb,data/keypoints/adl/adl-21-cam0-rgb.npz,138,167,0,42,3,3.1355264e-06,0.9999991655349731,0
adl-21-cam0-rgb,data/keypoints/adl/adl-21-cam0-rgb.npz,139,168,0,42,3,3.2993546e-06,0.9999991655349731,0
adl-21-cam0-rgb,data/keypoints/adl/adl-21-cam0-rgb.npz,140,169,0,42,3,3.4048498e-06,0.9999991655349731,0
adl-21-cam0-rgb,data/keypoints/adl/adl-21-cam0-rgb.npz,141,170,0,42,3,3.4584352e-06,0.9999991655349731,0
adl-21-cam0-rgb,data/keypoints/adl/adl-21-cam0-rgb.npz,142,171,0,42,3,3.428973e-06,0.9999991655349731,0
adl-21-cam0-rgb,data/keypoints/adl/adl-21-cam0-rgb.npz,143,172,0,42,3,3.423892e-06,0.9999991655349731,0
adl-21-cam0-rgb,data/keypoints/adl/adl-21-cam0-rgb.npz,144,173,0,42,3,3.4701077e-06,0.9999991655349731,0
adl-21-cam0-rgb,data/keypoints/adl/adl-21-cam0-rgb.npz,145,174,0,42,3,3.5034363e-06,0.9999991655349731,0
adl-21-cam0-rgb,data/keypoints/adl/adl-21-cam0-rgb.npz,146,175,0,42,3,3.498812e-06,0.9999991655349731,0
adl-21-cam0-rgb,data/keypoints/adl/adl-21-cam0-rgb.npz,147,176,0,42,3,3.486328e-06,0.9999991655349731,0
adl-21-cam0-rgb,data/keypoints/adl/adl-21-cam0-rgb.npz,148,177,0,42,3,3.4234904e-06,0.9999991655349731,0
adl-21-cam0-rgb,data/keypoints/adl/adl-21-cam0-rgb.npz,149,178,0,42,3,3.4098052e-06,0.9999991655349731,0
adl-21-cam0-rgb,data/keypoints/adl/adl-21-cam0-rgb.npz,150,179,0,42,3,3.518963e-06,0.9999991655349731,0
adl-21-cam0-rgb,data/keypoints/adl/adl-21-cam0-rgb.npz,151,180,0,42,3,3.53217e-06,0.9999991655349731,0
adl-21-cam0-rgb,data/keypoints/adl/adl-21-cam0-rgb.npz,152,181,0,42,3,3.4951602e-06,0.9999991655349731,0
adl-21-cam0-rgb,data/keypoints/adl/adl-21-cam0-rgb.npz,153,182,0,42,3,3.4108264e-06,0.9999991655349731,0
adl-21-cam0-rgb,data/keypoints/adl/adl-21-cam0-rgb.npz,154,183,0,42,3,3.2081875e-06,0.9999991655349731,0
adl-21-cam0-rgb,data/keypoints/adl/adl-21-cam0-rgb.npz,155,184,0,42,3,3.079202e-06,0.9999991655349731,0
adl-21-cam0-rgb,data/keypoints/adl/adl-21-cam0-rgb.npz,156,185,0,42,3,2.9630453e-06,0.9999991655349731,0
adl-21-cam0-rgb,data/keypoints/adl/adl-21-cam0-rgb.npz,157,186,0,42,3,2.8268455e-06,0.9999991655349731,0
adl-21-cam0-rgb,data/keypoints/adl/adl-21-cam0-rgb.npz,158,187,0,42,3,2.727885e-06,0.9999991655349731,0
adl-21-cam0-rgb,data/keypoints/adl/adl-21-cam0-rgb.npz,159,188,0,42,3,2.6304492e-06,0.9999991655349731,0
adl-21-cam0-rgb,data/keypoints/adl/adl-21-cam0-rgb.npz,160,189,0,42,3,2.5566262e-06,0.9999991655349731,0
adl-21-cam0-rgb,data/keypoints/adl/adl-21-cam0-rgb.npz,161,190,0,42,3,2.4780238e-06,0.9999991655349731,0
adl-21-cam0-rgb,data/keypoints/adl/adl-21-cam0-rgb.npz,162,191,0,42,3,2.380328e-06,0.9999991655349731,0
adl-21-cam0-rgb,data/keypoints/adl/adl-21-cam0-rgb.npz,163,192,0,42,3,2.331096e-06,0.9999991655349731,0
adl-21-cam0-rgb,data/keypoints/adl/adl-21-cam0-rgb.npz,164,193,0,42,3,2.2726058e-06,0.9999991655349731,0
adl-21-cam0-rgb,data/keypoints/adl/adl-21-cam0-rgb.npz,165,194,0,42,3,2.2169313e-06,0.9999991655349731,0
adl-21-cam0-rgb,data/keypoints/adl/adl-21-cam0-rgb.npz,166,195,0,42,3,2.1485064e-06,0.9999991655349731,0
adl-21-cam0-rgb,data/keypoints/adl/adl-21-cam0-rgb.npz,167,196,0,42,3,2.0975876e-06,0.9999991655349731,0
adl-21-cam0-rgb,data/keypoints/adl/adl-21-cam0-rgb.npz,168,197,0,42,3,2.0818363e-06,0.9999991655349731,0
adl-21-cam0-rgb,data/keypoints/adl/adl-21-cam0-rgb.npz,169,198,0,42,3,2.087677e-06,0.9999991655349731,0
adl-21-cam0-rgb,data/keypoints/adl/adl-21-cam0-rgb.npz,170,199,0,42,3,2.1066332e-06,0.9999991655349731,0
adl-21-cam0-rgb,data/keypoints/adl/adl-21-cam0-rgb.npz,171,200,0,42,3,2.1140334e-06,0.9999991655349731,0
adl-21-cam0-rgb,data/keypoints/adl/adl-21-cam0-rgb.npz,172,201,0,42,3,2.169984e-06,0.9999991655349731,0
adl-21-cam0-rgb,data/keypoints/adl/adl-21-cam0-rgb.npz,173,202,0,42,3,2.167684e-06,0.9999991655349731,0
adl-21-cam0-rgb,data/keypoints/adl/adl-21-cam0-rgb.npz,174,203,0,42,3,2.1976496e-06,0.9999991655349731,0
adl-21-cam0-rgb,data/keypoints/adl/adl-21-cam0-rgb.npz,175,204,0,42,3,2.281039e-06,0.9999991655349731,0
adl-21-cam0-rgb,data/keypoints/adl/adl-21-cam0-rgb.npz,176,205,0,42,3,2.3205848e-06,0.9999991655349731,0
adl-21-cam0-rgb,data/keypoints/adl/adl-21-cam0-rgb.npz,177,206,0,42,3,2.3758037e-06,0.9999991655349731,0
adl-21-cam0-rgb,data/keypoints/adl/adl-21-cam0-rgb.npz,178,207,0,42,3,2.4237067e-06,0.9999991655349731,0
adl-21-cam0-rgb,data/keypoints/adl/adl-21-cam0-rgb.npz,179,208,0,42,3,2.6247483e-06,0.9999991655349731,0
adl-21-cam0-rgb,data/keypoints/adl/adl-21-cam0-rgb.npz,180,209,0,42,3,2.7983415e-06,0.9999991655349731,0
adl-21-cam0-rgb,data/keypoints/adl/adl-21-cam0-rgb.npz,181,210,0,42,3,2.811832e-06,0.9999991655349731,0
adl-21-cam0-rgb,data/keypoints/adl/adl-21-cam0-rgb.npz,182,211,0,42,3,2.930978e-06,0.9999991655349731,0
adl-21-cam0-rgb,data/keypoints/adl/adl-21-cam0-rgb.npz,183,212,0,42,3,2.9113103e-06,0.9999991655349731,0
adl-21-cam0-rgb,data/keypoints/adl/adl-21-cam0-rgb.npz,184,213,0,42,3,2.772149e-06,0.9999991655349731,0
adl-21-cam0-rgb,data/keypoints/adl/adl-21-cam0-rgb.npz,185,214,0,42,3,2.743628e-06,0.9999991655349731,0
adl-21-cam0-rgb,data/keypoints/adl/adl-21-cam0-rgb.npz,186,215,0,42,3,2.794256e-06,0.9999991655349731,0
adl-21-cam0-rgb,data/keypoints/adl/adl-21-cam0-rgb.npz,187,216,0,42,3,2.7219187e-06,0.9999991655349731,0
adl-21-cam0-rgb,data/keypoints/adl/adl-21-cam0-rgb.npz,188,217,0,42,3,2.7867538e-06,0.9999991655349731,0
adl-21-cam0-rgb,data/keypoints/adl/adl-21-cam0-rgb.npz,189,218,0,42,3,2.7773779e-06,0.9999991655349731,0
adl-21-cam0-rgb,data/keypoints/adl/adl-21-cam0-rgb.npz,190,219,0,42,3,2.8509194e-06,0.9999991655349731,0
adl-21-cam0-rgb,data/keypoints/adl/adl-21-cam0-rgb.npz,191,220,0,42,3,2.972629e-06,0.9999991655349731,0
adl-21-cam0-rgb,data/keypoints/adl/adl-21-cam0-rgb.npz,192,221,0,42,3,2.8995732e-06,0.9999991655349731,0
adl-21-cam0-rgb,data/keypoints/adl/adl-21-cam0-rgb.npz,193,222,0,42,3,3.0138253e-06,0.9999991655349731,0
adl-21-cam0-rgb,data/keypoints/adl/adl-21-cam0-rgb.npz,194,223,0,42,3,3.0686838e-06,0.9999991655349731,0
adl-21-cam0-rgb,data/keypoints/adl/adl-21-cam0-rgb.npz,195,224,0,42,3,3.069717e-06,0.9999991655349731,0
adl-21-cam0-rgb,data/keypoints/adl/adl-21-cam0-rgb.npz,196,225,0,42,3,3.1029595e-06,0.9999991655349731,0
adl-21-cam0-rgb,data/keypoints/adl/adl-21-cam0-rgb.npz,197,226,0,42,3,3.1139868e-06,0.9999991655349731,0
adl-21-cam0-rgb,data/keypoints/adl/adl-21-cam0-rgb.npz,198,227,0,42,3,3.146862e-06,0.9999991655349731,0
adl-21-cam0-rgb,data/keypoints/adl/adl-21-cam0-rgb.npz,199,228,0,42,3,3.1207296e-06,0.9999991655349731,0
adl-21-cam0-rgb,data/keypoints/adl/adl-21-cam0-rgb.npz,200,229,0,42,3,3.183458e-06,0.9999991655349731,0
adl-21-cam0-rgb,data/keypoints/adl/adl-21-cam0-rgb.npz,201,230,0,42,3,3.2085486e-06,0.9999991655349731,0
adl-21-cam0-rgb,data/keypoints/adl/adl-21-cam0-rgb.npz,202,231,0,42,3,3.1586903e-06,0.9999991655349731,0
adl-21-cam0-rgb,data/keypoints/adl/adl-21-cam0-rgb.npz,203,232,0,42,3,3.1334876e-06,0.9999991655349731,0
adl-21-cam0-rgb,data/keypoints/adl/adl-21-cam0-rgb.npz,204,233,0,42,3,3.103486e-06,0.9999991655349731,0
adl-21-cam0-rgb,data/keypoints/adl/adl-21-cam0-rgb.npz,205,234,0,42,3,3.0786944e-06,0.9999991655349731,0
adl-21-cam0-rgb,data/keypoints/adl/adl-21-cam0-rgb.npz,206,235,0,42,3,3.0437263e-06,0.9999991655349731,0
adl-21-cam0-rgb,data/keypoints/adl/adl-21-cam0-rgb.npz,207,236,0,42,3,3.0163844e-06,0.9999991655349731,0
adl-21-cam0-rgb,data/keypoints/adl/adl-21-cam0-rgb.npz,208,237,0,42,3,2.980168e-06,0.9999991655349731,0
adl-21-cam0-rgb,data/keypoints/adl/adl-21-cam0-rgb.npz,209,238,0,42,3,2.9529745e-06,0.9999991655349731,0
adl-21-cam0-rgb,data/keypoints/adl/adl-21-cam0-rgb.npz,210,239,0,42,3,2.933036e-06,0.9999991655349731,0
adl-21-cam0-rgb,data/keypoints/adl/adl-21-cam0-rgb.npz,211,240,0,42,3,2.916596e-06,0.9999991655349731,0
adl-21-cam0-rgb,data/keypoints/adl/adl-21-cam0-rgb.npz,212,241,0,42,3,2.8989928e-06,0.9999991655349731,0
adl-21-cam0-rgb,data/keypoints/adl/adl-21-cam0-rgb.npz,213,242,0,42,3,2.8798636e-06,0.9999991655349731,0
adl-21-cam0-rgb,data/keypoints/adl/adl-21-cam0-rgb.npz,214,243,0,42,3,2.8407096e-06,0.9999991655349731,0
adl-21-cam0-rgb,data/keypoints/adl/adl-21-cam0-rgb.npz,215,244,0,42,3,2.8183827e-06,0.9999991655349731,0
adl-21-cam0-rgb,data/keypoints/adl/adl-21-cam0-rgb.npz,216,245,0,42,3,2.820601e-06,0.9999991655349731,0
adl-21-cam0-rgb,data/keypoints/adl/adl-21-cam0-rgb.npz,217,246,0,42,3,2.819775e-06,0.9999991655349731,0
adl-21-cam0-rgb,data/keypoints/adl/adl-21-cam0-rgb.npz,218,247,0,42,3,2.81727e-06,0.9999991655349731,0
adl-21-cam0-rgb,data/keypoints/adl/adl-21-cam0-rgb.npz,219,248,0,42,3,2.818275e-06,0.9999991655349731,0
adl-21-cam0-rgb,data/keypoints/adl/adl-21-cam0-rgb.npz,220,249,0,42,3,2.8199743e-06,0.9999991655349731,0
adl-21-cam0-rgb,data/keypoints/adl/adl-21-cam0-rgb.npz,221,250,0,42,3,2.8213137e-06,0.9999991655349731,0
adl-21-cam0-rgb,data/keypoints/adl/adl-21-cam0-rgb.npz,222,251,0,42,3,2.0010725e-06,0.9999991655349731,0
adl-21-cam0-rgb,data/keypoints/adl/adl-21-cam0-rgb.npz,223,252,0,42,3,2.0010725e-06,0.9999991655349731,0
adl-22-cam0-rgb,data/keypoints/adl/adl-22-cam0-rgb.npz,26,55,0,42,3,7.9878104e-05,0.9999991655349731,0
adl-22-cam0-rgb,data/keypoints/adl/adl-22-cam0-rgb.npz,27,56,0,42,3,1.8005296e-05,0.9999991655349731,0
adl-22-cam0-rgb,data/keypoints/adl/adl-22-cam0-rgb.npz,28,57,0,42,3,1.8053628e-05,0.9999991655349731,0
adl-22-cam0-rgb,data/keypoints/adl/adl-22-cam0-rgb.npz,29,58,0,42,3,1.8081264e-05,0.9999991655349731,0
adl-22-cam0-rgb,data/keypoints/adl/adl-22-cam0-rgb.npz,30,59,0,42,3,1.8099347e-05,0.9999991655349731,0
adl-22-cam0-rgb,data/keypoints/adl/adl-22-cam0-rgb.npz,31,60,0,42,3,1.8110326e-05,0.9999991655349731,0
adl-22-cam0-rgb,data/keypoints/adl/adl-22-cam0-rgb.npz,32,61,0,42,3,1.8137738e-05,0.9999991655349731,0
adl-22-cam0-rgb,data/keypoints/adl/adl-22-cam0-rgb.npz,33,62,0,42,3,1.8170045e-05,0.9999991655349731,0
adl-22-cam0-rgb,data/keypoints/adl/adl-22-cam0-rgb.npz,34,63,0,42,3,1.8290597e-05,0.9999991655349731,0
adl-22-cam0-rgb,data/keypoints/adl/adl-22-cam0-rgb.npz,35,64,0,42,3,1.8346884e-05,0.9999991655349731,0
adl-22-cam0-rgb,data/keypoints/adl/adl-22-cam0-rgb.npz,36,65,0,42,3,1.8400886e-05,0.9999991655349731,0
adl-22-cam0-rgb,data/keypoints/adl/adl-22-cam0-rgb.npz,37,66,0,42,3,1.850623e-05,0.9999991655349731,0
adl-22-cam0-rgb,data/keypoints/adl/adl-22-cam0-rgb.npz,38,67,0,42,3,1.861548e-05,0.9999991655349731,0
adl-22-cam0-rgb,data/keypoints/adl/adl-22-cam0-rgb.npz,39,68,0,42,3,1.8702582e-05,0.9999991655349731,0
adl-22-cam0-rgb,data/keypoints/adl/adl-22-cam0-rgb.npz,40,69,0,42,3,1.8777264e-05,0.9999991655349731,0
adl-22-cam0-rgb,data/keypoints/adl/adl-22-cam0-rgb.npz,41,70,0,42,3,1.8882549e-05,0.9999991655349731,0
adl-22-cam0-rgb,data/keypoints/adl/adl-22-cam0-rgb.npz,42,71,0,42,3,1.8967825e-05,0.9999991655349731,0
adl-22-cam0-rgb,data/keypoints/adl/adl-22-cam0-rgb.npz,43,72,0,42,3,1.9072104e-05,0.9999991655349731,0
adl-22-cam0-rgb,data/keypoints/adl/adl-22-cam0-rgb.npz,44,73,0,42,3,1.921177e-05,0.9999991655349731,0
adl-22-cam0-rgb,data/keypoints/adl/adl-22-cam0-rgb.npz,45,74,0,42,3,1.9343846e-05,0.9999991655349731,0
adl-22-cam0-rgb,data/keypoints/adl/adl-22-cam0-rgb.npz,46,75,0,42,3,1.942859e-05,0.9999991655349731,0
adl-22-cam0-rgb,data/keypoints/adl/adl-22-cam0-rgb.npz,47,76,0,42,3,1.9538887e-05,0.9999991655349731,0
adl-22-cam0-rgb,data/keypoints/adl/adl-22-cam0-rgb.npz,48,77,0,42,3,1.9673209e-05,0.9999991655349731,0
adl-22-cam0-rgb,data/keypoints/adl/adl-22-cam0-rgb.npz,49,78,0,42,3,1.9787534e-05,0.9999991655349731,0
adl-22-cam0-rgb,data/keypoints/adl/adl-22-cam0-rgb.npz,50,79,0,42,3,1.993018e-05,0.9999991655349731,0
adl-22-cam0-rgb,data/keypoints/adl/adl-22-cam0-rgb.npz,51,80,0,42,3,2.0054908e-05,0.9999991655349731,0
adl-22-cam0-rgb,data/keypoints/adl/adl-22-cam0-rgb.npz,52,81,0,42,3,2.0175436e-05,0.9999991655349731,0
adl-22-cam0-rgb,data/keypoints/adl/adl-22-cam0-rgb.npz,53,82,0,42,3,2.0253681e-05,0.9999991655349731,0
adl-22-cam0-rgb,data/keypoints/adl/adl-22-cam0-rgb.npz,54,83,0,42,3,2.033869e-05,0.9999991655349731,0
adl-22-cam0-rgb,data/keypoints/adl/adl-22-cam0-rgb.npz,55,84,0,42,3,2.0424779e-05,0.9999991655349731,0
adl-22-cam0-rgb,data/keypoints/adl/adl-22-cam0-rgb.npz,56,85,0,42,3,2.0501337e-05,0.9999991655349731,0
adl-22-cam0-rgb,data/keypoints/adl/adl-22-cam0-rgb.npz,57,86,0,42,3,2.0547097e-05,0.9999991655349731,0
adl-22-cam0-rgb,data/keypoints/adl/adl-22-cam0-rgb.npz,58,87,0,42,3,2.0629914e-05,0.9999991655349731,0
adl-22-cam0-rgb,data/keypoints/adl/adl-22-cam0-rgb.npz,59,88,0,42,3,2.0711228e-05,0.9999991655349731,0
adl-22-cam0-rgb,data/keypoints/adl/adl-22-cam0-rgb.npz,60,89,0,42,3,2.0798258e-05,0.9999991655349731,0
adl-22-cam0-rgb,data/keypoints/adl/adl-22-cam0-rgb.npz,61,90,0,42,3,2.0878424e-05,0.9999991655349731,0
adl-22-cam0-rgb,data/keypoints/adl/adl-22-cam0-rgb.npz,62,91,0,42,3,2.094435e-05,0.9999991655349731,0
adl-22-cam0-rgb,data/keypoints/adl/adl-22-cam0-rgb.npz,63,92,0,42,3,2.1014539e-05,0.9999991655349731,0
adl-22-cam0-rgb,data/keypoints/adl/adl-22-cam0-rgb.npz,64,93,0,42,3,2.1070888e-05,0.9999991655349731,0
adl-22-cam0-rgb,data/keypoints/adl/adl-22-cam0-rgb.npz,65,94,0,42,3,2.1111899e-05,0.9999991655349731,0
adl-22-cam0-rgb,data/keypoints/adl/adl-22-cam0-rgb.npz,66,95,0,42,3,2.1157572e-05,0.9999991655349731,0
adl-22-cam0-rgb,data/keypoints/adl/adl-22-cam0-rgb.npz,67,96,0,42,3,2.1215943e-05,0.9999991655349731,0
adl-22-cam0-rgb,data/keypoints/adl/adl-22-cam0-rgb.npz,68,97,0,42,3,2.1232861e-05,0.9999991655349731,0
adl-22-cam0-rgb,data/keypoints/adl/adl-22-cam0-rgb.npz,69,98,0,42,3,2.1317712e-05,0.9999991655349731,0
adl-22-cam0-rgb,data/keypoints/adl/adl-22-cam0-rgb.npz,70,99,0,42,3,2.1342732e-05,0.9999991655349731,0
adl-22-cam0-rgb,data/keypoints/adl/adl-22-cam0-rgb.npz,71,100,0,42,3,2.137834e-05,0.9999991655349731,0
adl-22-cam0-rgb,data/keypoints/adl/adl-22-cam0-rgb.npz,72,101,0,42,3,2.140429e-05,0.9999991655349731,0
adl-22-cam0-rgb,data/keypoints/adl/adl-22-cam0-rgb.npz,73,102,0,42,3,2.1083912e-05,0.9999991655349731,0
adl-22-cam0-rgb,data/keypoints/adl/adl-22-cam0-rgb.npz,74,103,0,42,3,2.0822547e-05,0.9999991655349731,0
adl-22-cam0-rgb,data/keypoints/adl/adl-22-cam0-rgb.npz,75,104,0,42,3,1.978431e-05,0.9999991655349731,0
adl-22-cam0-rgb,data/keypoints/adl/adl-22-cam0-rgb.npz,76,105,0,42,3,1.825966e-05,0.9999991655349731,0
adl-22-cam0-rgb,data/keypoints/adl/adl-22-cam0-rgb.npz,77,106,0,42,3,1.7132716e-05,0.9999991655349731,0
adl-22-cam0-rgb,data/keypoints/adl/adl-22-cam0-rgb.npz,78,107,0,42,3,1.3783319e-05,0.9999991655349731,0
adl-22-cam0-rgb,data/keypoints/adl/adl-22-cam0-rgb.npz,79,108,0,42,3,1.0664659e-05,0.9999991655349731,0
adl-22-cam0-rgb,data/keypoints/adl/adl-22-cam0-rgb.npz,80,109,0,42,3,9.388358e-06,0.9999991655349731,0
adl-22-cam0-rgb,data/keypoints/adl/adl-22-cam0-rgb.npz,81,110,0,42,3,7.2250455e-06,0.9999991655349731,0
adl-22-cam0-rgb,data/keypoints/adl/adl-22-cam0-rgb.npz,82,111,0,42,3,6.7373126e-06,0.9999991655349731,0
adl-22-cam0-rgb,data/keypoints/adl/adl-22-cam0-rgb.npz,83,112,0,42,3,5.6066224e-06,0.9999991655349731,0
adl-22-cam0-rgb,data/keypoints/adl/adl-22-cam0-rgb.npz,84,113,0,42,3,4.9490473e-06,0.9999991655349731,0
adl-22-cam0-rgb,data/keypoints/adl/adl-22-cam0-rgb.npz,85,114,0,42,3,4.482279e-06,0.9999991655349731,0
adl-22-cam0-rgb,data/keypoints/adl/adl-22-cam0-rgb.npz,86,115,0,42,3,4.232776e-06,0.9999991655349731,0
adl-22-cam0-rgb,data/keypoints/adl/adl-22-cam0-rgb.npz,87,116,0,42,3,3.950375e-06,0.9999991655349731,0
adl-22-cam0-rgb,data/keypoints/adl/adl-22-cam0-rgb.npz,88,117,0,42,3,3.894764e-06,0.9999991655349731,0
adl-22-cam0-rgb,data/keypoints/adl/adl-22-cam0-rgb.npz,89,118,0,42,3,3.884237e-06,0.9999991655349731,0
adl-22-cam0-rgb,data/keypoints/adl/adl-22-cam0-rgb.npz,90,119,0,42,3,3.833826e-06,0.9999991655349731,0
adl-22-cam0-rgb,data/keypoints/adl/adl-22-cam0-rgb.npz,91,120,0,42,3,3.774446e-06,0.9999991655349731,0
adl-22-cam0-rgb,data/keypoints/adl/adl-22-cam0-rgb.npz,92,121,0,42,3,3.6877218e-06,0.9999991655349731,0
adl-22-cam0-rgb,data/keypoints/adl/adl-22-cam0-rgb.npz,93,122,0,42,3,3.5418575e-06,0.9999991655349731,0
adl-22-cam0-rgb,data/keypoints/adl/adl-22-cam0-rgb.npz,94,123,0,42,3,3.5896214e-06,0.9999991655349731,0
adl-22-cam0-rgb,data/keypoints/adl/adl-22-cam0-rgb.npz,95,124,0,42,3,3.7126558e-06,0.9999991655349731,0
adl-22-cam0-rgb,data/keypoints/adl/adl-22-cam0-rgb.npz,96,125,0,42,3,3.6136369e-06,0.9999991655349731,0
adl-22-cam0-rgb,data/keypoints/adl/adl-22-cam0-rgb.npz,97,126,0,42,3,3.492678e-06,0.9999991655349731,0
adl-22-cam0-rgb,data/keypoints/adl/adl-22-cam0-rgb.npz,98,127,0,42,3,3.3723884e-06,0.9999991655349731,0
adl-22-cam0-rgb,data/keypoints/adl/adl-22-cam0-rgb.npz,99,128,0,42,3,3.295075e-06,0.9999991655349731,0
adl-22-cam0-rgb,data/keypoints/adl/adl-22-cam0-rgb.npz,100,129,0,42,3,3.2263388e-06,0.9999991655349731,0
adl-22-cam0-rgb,data/keypoints/adl/adl-22-cam0-rgb.npz,101,130,0,42,3,3.2019032e-06,0.9999991655349731,0
adl-22-cam0-rgb,data/keypoints/adl/adl-22-cam0-rgb.npz,102,131,0,42,3,3.197875e-06,0.9999991655349731,0
adl-22-cam0-rgb,data/keypoints/adl/adl-22-cam0-rgb.npz,103,132,0,42,3,3.144345e-06,0.9999991655349731,0
adl-22-cam0-rgb,data/keypoints/adl/adl-22-cam0-rgb.npz,104,133,0,42,3,3.1269917e-06,0.9999991655349731,0
adl-22-cam0-rgb,data/keypoints/adl/adl-22-cam0-rgb.npz,105,134,0,42,3,3.1301306e-06,0.9999991655349731,0
adl-22-cam0-rgb,data/keypoints/adl/adl-22-cam0-rgb.npz,106,135,0,42,3,3.179186e-06,0.9999991655349731,0
adl-22-cam0-rgb,data/keypoints/adl/adl-22-cam0-rgb.npz,107,136,0,42,3,2.9839105e-06,0.9999991655349731,0
adl-22-cam0-rgb,data/keypoints/adl/adl-22-cam0-rgb.npz,108,137,0,42,3,2.9095452e-06,0.9999991655349731,0
adl-22-cam0-rgb,data/keypoints/adl/adl-22-cam0-rgb.npz,109,138,0,42,3,3.0280544e-06,0.9999991655349731,0
adl-22-cam0-rgb,data/keypoints/adl/adl-22-cam0-rgb.npz,110,139,0,42,3,2.9913242e-06,0.9999991655349731,0
adl-22-cam0-rgb,data/keypoints/adl/adl-22-cam0-rgb.npz,111,140,0,42,3,2.8866443e-06,0.9999991655349731,0
adl-22-cam0-rgb,data/keypoints/adl/adl-22-cam0-rgb.npz,112,141,0,42,3,2.8316863e-06,0.9999991655349731,0
adl-22-cam0-rgb,data/keypoints/adl/adl-22-cam0-rgb.npz,113,142,0,42,3,2.841441e-06,0.9999991655349731,0
adl-22-cam0-rgb,data/keypoints/adl/adl-22-cam0-rgb.npz,114,143,0,42,3,3.0559654e-06,0.9999991655349731,0
adl-22-cam0-rgb,data/keypoints/adl/adl-22-cam0-rgb.npz,115,144,0,42,3,3.2334171e-06,0.9999991655349731,0
adl-22-cam0-rgb,data/keypoints/adl/adl-22-cam0-rgb.npz,116,145,0,42,3,4.0802297e-06,0.9999991655349731,0
adl-22-cam0-rgb,data/keypoints/adl/adl-22-cam0-rgb.npz,117,146,0,42,3,4.906307e-06,0.9999991655349731,0
adl-22-cam0-rgb,data/keypoints/adl/adl-22-cam0-rgb.npz,118,147,0,42,3,5.068309e-06,0.9999991655349731,0
adl-22-cam0-rgb,data/keypoints/adl/adl-22-cam0-rgb.npz,119,148,0,42,3,4.5960046e-06,0.9999991655349731,0
adl-22-cam0-rgb,data/keypoints/adl/adl-22-cam0-rgb.npz,120,149,0,42,3,4.088043e-06,0.9999991655349731,0
adl-22-cam0-rgb,data/keypoints/adl/adl-22-cam0-rgb.npz,121,150,0,42,3,3.8524377e-06,0.9999991655349731,0
adl-22-cam0-rgb,data/keypoints/adl/adl-22-cam0-rgb.npz,122,151,0,42,3,3.546999e-06,0.9999991655349731,0
adl-22-cam0-rgb,data/keypoints/adl/adl-22-cam0-rgb.npz,123,152,0,42,3,3.2416765e-06,0.9999991655349731,0
adl-22-cam0-rgb,data/keypoints/adl/adl-22-cam0-rgb.npz,124,153,0,42,3,3.052761e-06,0.9999991655349731,0
adl-22-cam0-rgb,data/keypoints/adl/adl-22-cam0-rgb.npz,125,154,0,42,3,2.9148441e-06,0.9999991655349731,0
adl-22-cam0-rgb,data/keypoints/adl/adl-22-cam0-rgb.npz,126,155,0,42,3,2.9411983e-06,0.9999991655349731,0
adl-22-cam0-rgb,data/keypoints/adl/adl-22-cam0-rgb.npz,127,156,0,42,3,3.0081285e-06,0.9999991655349731,0
adl-22-cam0-rgb,data/keypoints/adl/adl-22-cam0-rgb.npz,128,157,0,42,3,3.163402e-06,0.9999991655349731,0
adl-22-cam0-rgb,data/keypoints/adl/adl-22-cam0-rgb.npz,129,158,0,42,3,3.422475e-06,0.9999991655349731,0
adl-22-cam0-rgb,data/keypoints/adl/adl-22-cam0-rgb.npz,130,159,0,42,3,3.6067304e-06,0.9999991655349731,0
adl-22-cam0-rgb,data/keypoints/adl/adl-22-cam0-rgb.npz,131,160,0,42,3,3.780552e-06,0.9999991655349731,0
adl-22-cam0-rgb,data/keypoints/adl/adl-22-cam0-rgb.npz,132,161,0,42,3,4.106149e-06,0.9999991655349731,0
adl-22-cam0-rgb,data/keypoints/adl/adl-22-cam0-rgb.npz,133,162,0,42,3,4.8573806e-06,0.9999991655349731,0
adl-22-cam0-rgb,data/keypoints/adl/adl-22-cam0-rgb.npz,134,163,0,42,3,4.8348643e-06,0.9999991655349731,0
adl-22-cam0-rgb,data/keypoints/adl/adl-22-cam0-rgb.npz,135,164,0,42,3,4.756422e-06,0.9999991655349731,0
adl-22-cam0-rgb,data/keypoints/adl/adl-22-cam0-rgb.npz,136,165,0,42,3,4.546491e-06,0.9999991655349731,0
adl-22-cam0-rgb,data/keypoints/adl/adl-22-cam0-rgb.npz,137,166,0,42,3,4.542066e-06,0.9999991655349731,0
adl-22-cam0-rgb,data/keypoints/adl/adl-22-cam0-rgb.npz,138,167,0,42,3,4.2643956e-06,0.9999991655349731,0
adl-22-cam0-rgb,data/keypoints/adl/adl-22-cam0-rgb.npz,139,168,0,42,3,4.3774126e-06,0.9999991655349731,0
adl-22-cam0-rgb,data/keypoints/adl/adl-22-cam0-rgb.npz,140,169,0,42,3,4.2809597e-06,0.9999991655349731,0
adl-22-cam0-rgb,data/keypoints/adl/adl-22-cam0-rgb.npz,141,170,0,42,3,3.7568418e-06,0.9999991655349731,0
adl-22-cam0-rgb,data/keypoints/adl/adl-22-cam0-rgb.npz,142,171,0,42,3,3.2614512e-06,0.9999991655349731,0
adl-22-cam0-rgb,data/keypoints/adl/adl-22-cam0-rgb.npz,143,172,0,42,3,2.8937527e-06,0.9999991655349731,0
adl-22-cam0-rgb,data/keypoints/adl/adl-22-cam0-rgb.npz,144,173,0,42,3,2.661697e-06,0.9999991655349731,0
adl-22-cam0-rgb,data/keypoints/adl/adl-22-cam0-rgb.npz,145,174,0,42,3,2.5172533e-06,0.9999991655349731,0
adl-22-cam0-rgb,data/keypoints/adl/adl-22-cam0-rgb.npz,146,175,0,42,3,2.3883981e-06,0.9999991655349731,0
adl-22-cam0-rgb,data/keypoints/adl/adl-22-cam0-rgb.npz,147,176,0,42,3,2.373403e-06,0.9999991655349731,0
adl-22-cam0-rgb,data/keypoints/adl/adl-22-cam0-rgb.npz,148,177,0,42,3,2.3298317e-06,0.9999991655349731,0
adl-22-cam0-rgb,data/keypoints/adl/adl-22-cam0-rgb.npz,149,178,0,42,3,2.3133923e-06,0.9999991655349731,0
adl-22-cam0-rgb,data/keypoints/adl/adl-22-cam0-rgb.npz,150,179,0,42,3,2.3055825e-06,0.9999991655349731,0
adl-22-cam0-rgb,data/keypoints/adl/adl-22-cam0-rgb.npz,151,180,0,42,3,2.3014347e-06,0.9999991655349731,0
adl-22-cam0-rgb,data/keypoints/adl/adl-22-cam0-rgb.npz,152,181,0,42,3,2.2559698e-06,0.9999991655349731,0
adl-22-cam0-rgb,data/keypoints/adl/adl-22-cam0-rgb.npz,153,182,0,42,3,2.2424222e-06,0.9999991655349731,0
adl-22-cam0-rgb,data/keypoints/adl/adl-22-cam0-rgb.npz,154,183,0,42,3,2.1924516e-06,0.9999991655349731,0
adl-22-cam0-rgb,data/keypoints/adl/adl-22-cam0-rgb.npz,155,184,0,42,3,2.1853518e-06,0.9999991655349731,0
adl-22-cam0-rgb,data/keypoints/adl/adl-22-cam0-rgb.npz,156,185,0,42,3,2.1502387e-06,0.9999991655349731,0
adl-22-cam0-rgb,data/keypoints/adl/adl-22-cam0-rgb.npz,157,186,0,42,3,2.1040712e-06,0.9999991655349731,0
adl-22-cam0-rgb,data/keypoints/adl/adl-22-cam0-rgb.npz,158,187,0,42,3,2.0813875e-06,0.9999991655349731,0
adl-22-cam0-rgb,data/keypoints/adl/adl-22-cam0-rgb.npz,159,188,0,42,3,2.0570092e-06,0.9999991655349731,0
adl-22-cam0-rgb,data/keypoints/adl/adl-22-cam0-rgb.npz,160,189,0,42,3,2.0522323e-06,0.9999991655349731,0
adl-22-cam0-rgb,data/keypoints/adl/adl-22-cam0-rgb.npz,161,190,0,42,3,2.039826e-06,0.9999991655349731,0
adl-22-cam0-rgb,data/keypoints/adl/adl-22-cam0-rgb.npz,162,191,0,42,3,2.037151e-06,0.9999991655349731,0
adl-22-cam0-rgb,data/keypoints/adl/adl-22-cam0-rgb.npz,163,192,0,42,3,2.0344912e-06,0.9999991655349731,0
adl-22-cam0-rgb,data/keypoints/adl/adl-22-cam0-rgb.npz,164,193,0,42,3,2.032211e-06,0.9999991655349731,0
adl-22-cam0-rgb,data/keypoints/adl/adl-22-cam0-rgb.npz,165,194,0,42,3,2.0310947e-06,0.9999991655349731,0
adl-22-cam0-rgb,data/keypoints/adl/adl-22-cam0-rgb.npz,166,195,0,42,3,2.0302891e-06,0.9999991655349731,0
adl-26-cam0-rgb,data/keypoints/adl/adl-26-cam0-rgb.npz,1,30,0,42,3,9.146763e-06,0.9999991655349731,0
adl-26-cam0-rgb,data/keypoints/adl/adl-26-cam0-rgb.npz,2,31,0,42,3,9.899853e-06,0.9999991655349731,0
adl-26-cam0-rgb,data/keypoints/adl/adl-26-cam0-rgb.npz,3,32,0,42,3,1.0514452e-05,0.9999991655349731,0
adl-26-cam0-rgb,data/keypoints/adl/adl-26-cam0-rgb.npz,4,33,0,42,3,1.1788555e-05,0.9999991655349731,0
adl-26-cam0-rgb,data/keypoints/adl/adl-26-cam0-rgb.npz,5,34,0,42,3,1.1855094e-05,0.9999991655349731,0
adl-26-cam0-rgb,data/keypoints/adl/adl-26-cam0-rgb.npz,6,35,0,42,3,1.1364096e-05,0.9999991655349731,0
adl-26-cam0-rgb,data/keypoints/adl/adl-26-cam0-rgb.npz,7,36,0,42,3,9.7426455e-06,0.9999991655349731,0
adl-26-cam0-rgb,data/keypoints/adl/adl-26-cam0-rgb.npz,8,37,0,42,3,8.587015e-06,0.9999991655349731,0
adl-26-cam0-rgb,data/keypoints/adl/adl-26-cam0-rgb.npz,9,38,0,42,3,8.506454e-06,0.9999991655349731,0
adl-26-cam0-rgb,data/keypoints/adl/adl-26-cam0-rgb.npz,10,39,0,42,3,8.777454e-06,0.9999991655349731,0
adl-26-cam0-rgb,data/keypoints/adl/adl-26-cam0-rgb.npz,11,40,0,42,3,9.7462325e-06,0.9999991655349731,0
adl-26-cam0-rgb,data/keypoints/adl/adl-26-cam0-rgb.npz,12,41,0,42,3,1.1282039e-05,0.9999991655349731,0
adl-26-cam0-rgb,data/keypoints/adl/adl-26-cam0-rgb.npz,13,42,0,42,3,1.2063162e-05,0.9999991655349731,0
adl-26-cam0-rgb,data/keypoints/adl/adl-26-cam0-rgb.npz,14,43,0,42,3,1.3297851e-05,0.9999991655349731,0
adl-26-cam0-rgb,data/keypoints/adl/adl-26-cam0-rgb.npz,15,44,0,42,3,2.0095953e-05,0.9999991655349731,0
adl-26-cam0-rgb,data/keypoints/adl/adl-26-cam0-rgb.npz,16,45,0,42,3,5.695411e-05,0.9999991655349731,0
adl-26-cam0-rgb,data/keypoints/adl/adl-26-cam0-rgb.npz,17,46,0,42,3,1.884993e-05,0.9999991655349731,0
adl-26-cam0-rgb,data/keypoints/adl/adl-26-cam0-rgb.npz,18,47,0,42,3,2.4565303e-05,0.9999991655349731,0
adl-26-cam0-rgb,data/keypoints/adl/adl-26-cam0-rgb.npz,19,48,0,42,3,3.7194794e-05,0.9999991655349731,0
adl-26-cam0-rgb,data/keypoints/adl/adl-26-cam0-rgb.npz,20,49,0,42,3,4.7510577e-05,0.9999991655349731,0
adl-26-cam0-rgb,data/keypoints/adl/adl-26-cam0-rgb.npz,21,50,0,42,3,4.541311e-05,0.9999991655349731,0
adl-26-cam0-rgb,data/keypoints/adl/adl-26-cam0-rgb.npz,22,51,0,42,3,4.9009726e-05,0.9999991655349731,0
adl-26-cam0-rgb,data/keypoints/adl/adl-26-cam0-rgb.npz,23,52,0,42,3,7.647371e-05,0.9999991655349731,0
adl-26-cam0-rgb,data/keypoints/adl/adl-26-cam0-rgb.npz,24,53,0,42,3,8.168788e-05,0.9999991655349731,0
adl-26-cam0-rgb,data/keypoints/adl/adl-26-cam0-rgb.npz,25,54,0,42,3,0.0001786402,0.9999991655349731,0
adl-26-cam0-rgb,data/keypoints/adl/adl-26-cam0-rgb.npz,26,55,0,42,3,0.0002582481,0.9999991655349731,0
adl-26-cam0-rgb,data/keypoints/adl/adl-26-cam0-rgb.npz,27,56,0,42,3,0.0013485316,0.9999991655349731,0
adl-26-cam0-rgb,data/keypoints/adl/adl-26-cam0-rgb.npz,28,57,0,42,3,0.006205687,0.9999991655349731,0
adl-26-cam0-rgb,data/keypoints/adl/adl-26-cam0-rgb.npz,29,58,0,42,3,0.017114962,0.9999991655349731,0
adl-26-cam0-rgb,data/keypoints/adl/adl-26-cam0-rgb.npz,30,59,0,42,3,0.015116169,0.9999991655349731,0
adl-26-cam0-rgb,data/keypoints/adl/adl-26-cam0-rgb.npz,31,60,0,42,3,0.052723877,0.9999991655349731,0
adl-26-cam0-rgb,data/keypoints/adl/adl-26-cam0-rgb.npz,32,61,0,42,3,0.08188505,0.9999991655349731,0
adl-26-cam0-rgb,data/keypoints/adl/adl-26-cam0-rgb.npz,33,62,0,42,3,0.08231151,0.9999991655349731,0
adl-26-cam0-rgb,data/keypoints/adl/adl-26-cam0-rgb.npz,34,63,0,42,3,0.0067888997,0.9999991655349731,0
adl-26-cam0-rgb,data/keypoints/adl/adl-26-cam0-rgb.npz,35,64,0,42,3,0.0017783273,0.9999991655349731,0
adl-26-cam0-rgb,data/keypoints/adl/adl-26-cam0-rgb.npz,36,65,0,42,3,0.0007757466,0.9999991655349731,0
adl-26-cam0-rgb,data/keypoints/adl/adl-26-cam0-rgb.npz,37,66,0,42,3,0.0022476462,0.9999991655349731,0
adl-26-cam0-rgb,data/keypoints/adl/adl-26-cam0-rgb.npz,38,67,0,42,3,0.0006781217,0.9999991655349731,0
adl-26-cam0-rgb,data/keypoints/adl/adl-26-cam0-rgb.npz,39,68,0,42,3,0.0005549674,0.9999991655349731,0
adl-26-cam0-rgb,data/keypoints/adl/adl-26-cam0-rgb.npz,40,69,0,42,3,0.0024183227,0.9999991655349731,0
adl-26-cam0-rgb,data/keypoints/adl/adl-26-cam0-rgb.npz,41,70,0,42,3,0.01418627,0.9999991655349731,0
adl-26-cam0-rgb,data/keypoints/adl/adl-26-cam0-rgb.npz,42,71,0,42,3,0.26125062,0.9999991655349731,0
adl-26-cam0-rgb,data/keypoints/adl/adl-26-cam0-rgb.npz,43,72,0,42,3,0.9914243,0.9999991655349731,0
adl-26-cam0-rgb,data/keypoints/adl/adl-26-cam0-rgb.npz,44,73,0,42,3,0.91300243,0.9999991655349731,0
adl-26-cam0-rgb,data/keypoints/adl/adl-26-cam0-rgb.npz,45,74,0,42,3,0.9997068,0.9999991655349731,0
adl-26-cam0-rgb,data/keypoints/adl/adl-26-cam0-rgb.npz,46,75,0,42,3,0.9995653,0.9999991655349731,0
adl-26-cam0-rgb,data/keypoints/adl/adl-26-cam0-rgb.npz,47,76,0,42,3,0.9999237,0.9999991655349731,0
adl-26-cam0-rgb,data/keypoints/adl/adl-26-cam0-rgb.npz,48,77,0,42,3,0.9995427,0.9999991655349731,0
adl-26-cam0-rgb,data/keypoints/adl/adl-26-cam0-rgb.npz,49,78,0,42,3,0.9989042,0.9999991655349731,0
adl-26-cam0-rgb,data/keypoints/adl/adl-26-cam0-rgb.npz,50,79,0,42,3,0.9897494,0.9999991655349731,0
adl-26-cam0-rgb,data/keypoints/adl/adl-26-cam0-rgb.npz,51,80,0,42,3,0.9859169,0.9999991655349731,0
adl-26-cam0-rgb,data/keypoints/adl/adl-26-cam0-rgb.npz,52,81,0,42,3,0.9697955,0.9999991655349731,0
adl-26-cam0-rgb,data/keypoints/adl/adl-26-cam0-rgb.npz,53,82,0,42,3,0.9549281,0.9999991655349731,0
adl-26-cam0-rgb,data/keypoints/adl/adl-26-cam0-rgb.npz,54,83,0,42,3,0.9251895,0.9999991655349731,0
adl-26-cam0-rgb,data/keypoints/adl/adl-26-cam0-rgb.npz,55,84,0,42,3,0.94565326,0.9999991655349731,0
adl-26-cam0-rgb,data/keypoints/adl/adl-26-cam0-rgb.npz,56,85,0,42,3,0.89454633,0.9999991655349731,0
adl-26-cam0-rgb,data/keypoints/adl/adl-26-cam0-rgb.npz,57,86,0,42,3,0.90210444,0.9999991655349731,0
adl-26-cam0-rgb,data/keypoints/adl/adl-26-cam0-rgb.npz,58,87,0,42,3,0.6690267,0.9999991655349731,0
adl-26-cam0-rgb,data/keypoints/adl/adl-26-cam0-rgb.npz,59,88,0,42,3,0.6182248,0.9999991655349731,0
adl-26-cam0-rgb,data/keypoints/adl/adl-26-cam0-rgb.npz,60,89,0,42,3,0.45130584,0.9999991655349731,0
adl-26-cam0-rgb,data/keypoints/adl/adl-26-cam0-rgb.npz,61,90,0,42,3,0.3138965,0.9999991655349731,0
adl-26-cam0-rgb,data/keypoints/adl/adl-26-cam0-rgb.npz,62,91,0,42,3,0.10780642,0.9999991655349731,0
adl-26-cam0-rgb,data/keypoints/adl/adl-26-cam0-rgb.npz,63,92,0,42,3,0.00068745005,0.9999991655349731,0
adl-26-cam0-rgb,data/keypoints/adl/adl-26-cam0-rgb.npz,64,93,0,42,3,0.0020684514,0.9999991655349731,0
adl-26-cam0-rgb,data/keypoints/adl/adl-26-cam0-rgb.npz,65,94,0,42,3,0.0053226487,0.9999991655349731,0
adl-26-cam0-rgb,data/keypoints/adl/adl-26-cam0-rgb.npz,66,95,0,42,3,0.00035219797,0.9999991655349731,0
adl-31-cam0-rgb,data/keypoints/adl/adl-31-cam0-rgb.npz,1,30,0,42,3,3.6648557e-06,0.9999991655349731,0
adl-31-cam0-rgb,data/keypoints/adl/adl-31-cam0-rgb.npz,2,31,0,42,3,3.6711733e-06,0.9999991655349731,0
adl-31-cam0-rgb,data/keypoints/adl/adl-31-cam0-rgb.npz,3,32,0,42,3,3.67612e-06,0.9999991655349731,0
adl-31-cam0-rgb,data/keypoints/adl/adl-31-cam0-rgb.npz,4,33,0,42,3,3.6818883e-06,0.9999991655349731,0
adl-31-cam0-rgb,data/keypoints/adl/adl-31-cam0-rgb.npz,5,34,0,42,3,3.6872786e-06,0.9999991655349731,0
adl-31-cam0-rgb,data/keypoints/adl/adl-31-cam0-rgb.npz,6,35,0,42,3,3.691881e-06,0.9999991655349731,0
adl-31-cam0-rgb,data/keypoints/adl/adl-31-cam0-rgb.npz,7,36,0,42,3,3.6977938e-06,0.9999991655349731,0
adl-31-cam0-rgb,data/keypoints/adl/adl-31-cam0-rgb.npz,8,37,0,42,3,3.7038783e-06,0.9999991655349731,0
adl-31-cam0-rgb,data/keypoints/adl/adl-31-cam0-rgb.npz,9,38,0,42,3,3.7087702e-06,0.9999991655349731,0
adl-31-cam0-rgb,data/keypoints/adl/adl-31-cam0-rgb.npz,10,39,0,42,3,3.7130312e-06,0.9999991655349731,0
adl-31-cam0-rgb,data/keypoints/adl/adl-31-cam0-rgb.npz,11,40,0,42,3,3.7182685e-06,0.9999991655349731,0
adl-31-cam0-rgb,data/keypoints/adl/adl-31-cam0-rgb.npz,12,41,0,42,3,3.7227853e-06,0.9999991655349731,0
adl-31-cam0-rgb,data/keypoints/adl/adl-31-cam0-rgb.npz,13,42,0,42,3,3.7266784e-06,0.9999991655349731,0
adl-31-cam0-rgb,data/keypoints/adl/adl-31-cam0-rgb.npz,14,43,0,42,3,3.730647e-06,0.9999991655349731,0
adl-31-cam0-rgb,data/keypoints/adl/adl-31-cam0-rgb.npz,15,44,0,42,3,3.7349364e-06,0.9999991655349731,0
adl-31-cam0-rgb,data/keypoints/adl/adl-31-cam0-rgb.npz,16,45,0,42,3,3.7392633e-06,0.9999991655349731,0
adl-31-cam0-rgb,data/keypoints/adl/adl-31-cam0-rgb.npz,17,46,0,42,3,3.7433983e-06,0.9999991655349731,0
adl-31-cam0-rgb,data/keypoints/adl/adl-31-cam0-rgb.npz,18,47,0,42,3,3.7488253e-06,0.9999991655349731,0
adl-31-cam0-rgb,data/keypoints/adl/adl-31-cam0-rgb.npz,19,48,0,42,3,3.7522198e-06,0.9999991655349731,0
adl-31-cam0-rgb,data/keypoints/adl/adl-31-cam0-rgb.npz,20,49,0,42,3,3.7567343e-06,0.9999991655349731,0
adl-31-cam0-rgb,data/keypoints/adl/adl-31-cam0-rgb.npz,21,50,0,42,3,3.7622772e-06,0.9999991655349731,0
adl-31-cam0-rgb,data/keypoints/adl/adl-31-cam0-rgb.npz,22,51,0,42,3,3.7645634e-06,0.9999991655349731,0
adl-31-cam0-rgb,data/keypoints/adl/adl-31-cam0-rgb.npz,23,52,0,42,3,3.7704378e-06,0.9999991655349731,0
adl-31-cam0-rgb,data/keypoints/adl/adl-31-cam0-rgb.npz,24,53,0,42,3,3.7743305e-06,0.9999991655349731,0
adl-31-cam0-rgb,data/keypoints/adl/adl-31-cam0-rgb.npz,25,54,0,42,3,3.7780976e-06,0.9999991655349731,0
adl-31-cam0-rgb,data/keypoints/adl/adl-31-cam0-rgb.npz,26,55,0,42,3,3.7861553e-06,0.9999991655349731,0
adl-31-cam0-rgb,data/keypoints/adl/adl-31-cam0-rgb.npz,27,56,0,42,3,3.7939046e-06,0.9999991655349731,0
adl-31-cam0-rgb,data/keypoints/adl/adl-31-cam0-rgb.npz,28,57,0,42,3,3.8023916e-06,0.9999991655349731,0
adl-31-cam0-rgb,data/keypoints/adl/adl-31-cam0-rgb.npz,29,58,0,42,3,3.813333e-06,0.9999991655349731,0
adl-31-cam0-rgb,data/keypoints/adl/adl-31-cam0-rgb.npz,30,59,0,42,3,3.824806e-06,0.9999991655349731,0
adl-31-cam0-rgb,data/keypoints/adl/adl-31-cam0-rgb.npz,31,60,0,42,3,3.836789e-06,0.9999991655349731,0
adl-31-cam0-rgb,data/keypoints/adl/adl-31-cam0-rgb.npz,32,61,0,42,3,3.8519674e-06,0.9999991655349731,0
adl-31-cam0-rgb,data/keypoints/adl/adl-31-cam0-rgb.npz,33,62,0,42,3,3.8733883e-06,0.9999991655349731,0
adl-31-cam0-rgb,data/keypoints/adl/adl-31-cam0-rgb.npz,34,63,0,42,3,3.897588e-06,0.9999991655349731,0
adl-31-cam0-rgb,data/keypoints/adl/adl-31-cam0-rgb.npz,35,64,0,42,3,3.925244e-06,0.9999991655349731,0
adl-31-cam0-rgb,data/keypoints/adl/adl-31-cam0-rgb.npz,36,65,0,42,3,3.951268e-06,0.9999991655349731,0
adl-31-cam0-rgb,data/keypoints/adl/adl-31-cam0-rgb.npz,37,66,0,42,3,3.9792553e-06,0.9999991655349731,0
adl-31-cam0-rgb,data/keypoints/adl/adl-31-cam0-rgb.npz,38,67,0,42,3,4.006748e-06,0.9999991655349731,0
adl-31-cam0-rgb,data/keypoints/adl/adl-31-cam0-rgb.npz,39,68,0,42,3,4.045247e-06,0.9999991655349731,0
adl-31-cam0-rgb,data/keypoints/adl/adl-31-cam0-rgb.npz,40,69,0,42,3,4.0757573e-06,0.9999991655349731,0
adl-31-cam0-rgb,data/keypoints/adl/adl-31-cam0-rgb.npz,41,70,0,42,3,4.1536873e-06,0.9999991655349731,0
adl-31-cam0-rgb,data/keypoints/adl/adl-31-cam0-rgb.npz,42,71,0,42,3,4.3821615e-06,0.9999991655349731,0
adl-31-cam0-rgb,data/keypoints/adl/adl-31-cam0-rgb.npz,43,72,0,42,3,4.555245e-06,0.9999991655349731,0
adl-31-cam0-rgb,data/keypoints/adl/adl-31-cam0-rgb.npz,44,73,0,42,3,4.8437946e-06,0.9999991655349731,0
adl-31-cam0-rgb,data/keypoints/adl/adl-31-cam0-rgb.npz,45,74,0,42,3,5.3115964e-06,0.9999991655349731,0
adl-31-cam0-rgb,data/keypoints/adl/adl-31-cam0-rgb.npz,46,75,0,42,3,5.4659445e-06,0.9999991655349731,0
adl-31-cam0-rgb,data/keypoints/adl/adl-31-cam0-rgb.npz,47,76,0,42,3,5.442091e-06,0.9999991655349731,0
adl-31-cam0-rgb,data/keypoints/adl/adl-31-cam0-rgb.npz,48,77,0,42,3,5.61195e-06,0.9999991655349731,0
adl-31-cam0-rgb,data/keypoints/adl/adl-31-cam0-rgb.npz,49,78,0,42,3,5.5821974e-06,0.9999991655349731,0
adl-31-cam0-rgb,data/keypoints/adl/adl-31-cam0-rgb.npz,50,79,0,42,3,5.433705e-06,0.9999991655349731,0
adl-31-cam0-rgb,data/keypoints/adl/adl-31-cam0-rgb.npz,51,80,0,42,3,5.5094397e-06,0.9999991655349731,0
adl-31-cam0-rgb,data/keypoints/adl/adl-31-cam0-rgb.npz,52,81,0,42,3,5.0634253e-06,0.9999991655349731,0
adl-31-cam0-rgb,data/keypoints/adl/adl-31-cam0-rgb.npz,53,82,0,42,3,5.007175e-06,0.9999991655349731,0
adl-31-cam0-rgb,data/keypoints/adl/adl-31-cam0-rgb.npz,54,83,0,42,3,5.0508665e-06,0.9999991655349731,0
adl-31-cam0-rgb,data/keypoints/adl/adl-31-cam0-rgb.npz,55,84,0,42,3,5.1004617e-06,0.9999991655349731,0
adl-31-cam0-rgb,data/keypoints/adl/adl-31-cam0-rgb.npz,56,85,0,42,3,5.2205887e-06,0.9999991655349731,0
adl-31-cam0-rgb,data/keypoints/adl/adl-31-cam0-rgb.npz,57,86,0,42,3,5.3007275e-06,0.9999991655349731,0
adl-31-cam0-rgb,data/keypoints/adl/adl-31-cam0-rgb.npz,58,87,0,42,3,5.3642643e-06,0.9999991655349731,0
adl-31-cam0-rgb,data/keypoints/adl/adl-31-cam0-rgb.npz,59,88,0,42,3,5.473404e-06,0.9999991655349731,0
adl-31-cam0-rgb,data/keypoints/adl/adl-31-cam0-rgb.npz,60,89,0,42,3,5.54786e-06,0.9999991655349731,0
adl-31-cam0-rgb,data/keypoints/adl/adl-31-cam0-rgb.npz,61,90,0,42,3,5.5546734e-06,0.9999991655349731,0
adl-31-cam0-rgb,data/keypoints/adl/adl-31-cam0-rgb.npz,62,91,0,42,3,5.590295e-06,0.9999991655349731,0
adl-31-cam0-rgb,data/keypoints/adl/adl-31-cam0-rgb.npz,63,92,0,42,3,5.494795e-06,0.9999991655349731,0
adl-31-cam0-rgb,data/keypoints/adl/adl-31-cam0-rgb.npz,64,93,0,42,3,5.5808396e-06,0.9999991655349731,0
adl-31-cam0-rgb,data/keypoints/adl/adl-31-cam0-rgb.npz,65,94,0,42,3,5.68146e-06,0.9999991655349731,0
adl-31-cam0-rgb,data/keypoints/adl/adl-31-cam0-rgb.npz,66,95,0,42,3,5.8141163e-06,0.9999991655349731,0
adl-31-cam0-rgb,data/keypoints/adl/adl-31-cam0-rgb.npz,67,96,0,42,3,5.679098e-06,0.9999991655349731,0
adl-31-cam0-rgb,data/keypoints/adl/adl-31-cam0-rgb.npz,68,97,0,42,3,5.7531474e-06,0.9999991655349731,0
adl-31-cam0-rgb,data/keypoints/adl/adl-31-cam0-rgb.npz,69,98,0,42,3,5.9496897e-06,0.9999991655349731,0
adl-31-cam0-rgb,data/keypoints/adl/adl-31-cam0-rgb.npz,70,99,0,42,3,6.007217e-06,0.9999991655349731,0
adl-31-cam0-rgb,data/keypoints/adl/adl-31-cam0-rgb.npz,71,100,0,42,3,6.0762313e-06,0.9999991655349731,0
adl-31-cam0-rgb,data/keypoints/adl/adl-31-cam0-rgb.npz,72,101,0,42,3,6.1052565e-06,0.9999991655349731,0
adl-31-cam0-rgb,data/keypoints/adl/adl-31-cam0-rgb.npz,73,102,0,42,3,6.2227805e-06,0.9999991655349731,0
adl-31-cam0-rgb,data/keypoints/adl/adl-31-cam0-rgb.npz,74,103,0,42,3,6.2964446e-06,0.9999991655349731,0
adl-31-cam0-rgb,data/keypoints/adl/adl-31-cam0-rgb.npz,75,104,0,42,3,6.2812046e-06,0.9999991655349731,0
adl-31-cam0-rgb,data/keypoints/adl/adl-31-cam0-rgb.npz,76,105,0,42,3,6.2525e-06,0.9999991655349731,0
adl-31-cam0-rgb,data/keypoints/adl/adl-31-cam0-rgb.npz,77,106,0,42,3,6.2406216e-06,0.9999991655349731,0
adl-31-cam0-rgb,data/keypoints/adl/adl-31-cam0-rgb.npz,78,107,0,42,3,6.201062e-06,0.9999991655349731,0
adl-31-cam0-rgb,data/keypoints/adl/adl-31-cam0-rgb.npz,79,108,0,42,3,1.7309143e-06,0.9999991655349731,0
adl-31-cam0-rgb,data/keypoints/adl/adl-31-cam0-rgb.npz,80,109,0,42,3,1.7298498e-06,0.9999991655349731,0
adl-31-cam0-rgb,data/keypoints/adl/adl-31-cam0-rgb.npz,81,110,0,42,3,1.7288124e-06,0.9999991655349731,0
adl-31-cam0-rgb,data/keypoints/adl/adl-31-cam0-rgb.npz,82,111,0,42,3,1.7280512e-06,0.9999991655349731,0
adl-31-cam0-rgb,data/keypoints/adl/adl-31-cam0-rgb.npz,83,112,0,42,3,1.7272868e-06,0.9999991655349731,0
adl-31-cam0-rgb,data/keypoints/adl/adl-31-cam0-rgb.npz,84,113,0,42,3,1.726684e-06,0.9999991655349731,0
adl-31-cam0-rgb,data/keypoints/adl/adl-31-cam0-rgb.npz,85,114,0,42,3,1.7261866e-06,0.9999991655349731,0
adl-31-cam0-rgb,data/keypoints/adl/adl-31-cam0-rgb.npz,86,115,0,42,3,1.7258492e-06,0.9999991655349731,0
adl-31-cam0-rgb,data/keypoints/adl/adl-31-cam0-rgb.npz,87,116,0,42,3,1.7254379e-06,0.9999991655349731,0
adl-31-cam0-rgb,data/keypoints/adl/adl-31-cam0-rgb.npz,88,117,0,42,3,1.7249376e-06,0.9999991655349731,0
adl-31-cam0-rgb,data/keypoints/adl/adl-31-cam0-rgb.npz,89,118,0,42,3,1.7246088e-06,0.9999991655349731,0
adl-31-cam0-rgb,data/keypoints/adl/adl-31-cam0-rgb.npz,90,119,0,42,3,1.724436e-06,0.9999991655349731,0
adl-31-cam0-rgb,data/keypoints/adl/adl-31-cam0-rgb.npz,91,120,0,42,3,1.7243176e-06,0.9999991655349731,0
adl-31-cam0-rgb,data/keypoints/adl/adl-31-cam0-rgb.npz,92,121,0,42,3,1.8137611e-06,0.9999991655349731,0
adl-31-cam0-rgb,data/keypoints/adl/adl-31-cam0-rgb.npz,93,122,0,42,3,1.811609e-06,0.9999991655349731,0
adl-31-cam0-rgb,data/keypoints/adl/adl-31-cam0-rgb.npz,94,123,0,42,3,1.8107609e-06,0.9999991655349731,0
adl-31-cam0-rgb,data/keypoints/adl/adl-31-cam0-rgb.npz,95,124,0,42,3,1.808312e-06,0.9999991655349731,0
adl-31-cam0-rgb,data/keypoints/adl/adl-31-cam0-rgb.npz,96,125,0,42,3,1.8080017e-06,0.9999991655349731,0
adl-31-cam0-rgb,data/keypoints/adl/adl-31-cam0-rgb.npz,97,126,0,42,3,1.8074172e-06,0.9999991655349731,0
adl-31-cam0-rgb,data/keypoints/adl/adl-31-cam0-rgb.npz,98,127,0,42,3,1.8075896e-06,0.9999991655349731,0
adl-31-cam0-rgb,data/keypoints/adl/adl-31-cam0-rgb.npz,99,128,0,42,3,1.8077517e-06,0.9999991655349731,0
adl-31-cam0-rgb,data/keypoints/adl/adl-31-cam0-rgb.npz,100,129,0,42,3,1.8078103e-06,0.9999991655349731,0
adl-31-cam0-rgb,data/keypoints/adl/adl-31-cam0-rgb.npz,101,130,0,42,3,1.8078568e-06,0.9999991655349731,0
adl-31-cam0-rgb,data/keypoints/adl/adl-31-cam0-rgb.npz,102,131,0,42,3,1.8075137e-06,0.9999991655349731,0
adl-31-cam0-rgb,data/keypoints/adl/adl-31-cam0-rgb.npz,103,132,0,42,3,1.8074104e-06,0.9999991655349731,0
adl-31-cam0-rgb,data/keypoints/adl/adl-31-cam0-rgb.npz,104,133,0,42,3,1.8074396e-06,0.9999991655349731,0
adl-31-cam0-rgb,data/keypoints/adl/adl-31-cam0-rgb.npz,105,134,0,42,3,1.8070449e-06,0.9999991655349731,0
adl-31-cam0-rgb,data/keypoints/adl/adl-31-cam0-rgb.npz,106,135,0,42,3,1.8067054e-06,0.9999991655349731,0
adl-31-cam0-rgb,data/keypoints/adl/adl-31-cam0-rgb.npz,107,136,0,42,3,1.8066487e-06,0.9999991655349731,0
adl-31-cam0-rgb,data/keypoints/adl/adl-31-cam0-rgb.npz,108,137,0,42,3,1.8066745e-06,0.9999991655349731,0
adl-31-cam0-rgb,data/keypoints/adl/adl-31-cam0-rgb.npz,109,138,0,42,3,1.8126353e-06,0.9999991655349731,0
adl-31-cam0-rgb,data/keypoints/adl/adl-31-cam0-rgb.npz,110,139,0,42,3,1.81396e-06,0.9999991655349731,0
adl-31-cam0-rgb,data/keypoints/adl/adl-31-cam0-rgb.npz,111,140,0,42,3,1.8153809e-06,0.9999991655349731,0
adl-31-cam0-rgb,data/keypoints/adl/adl-31-cam0-rgb.npz,112,141,0,42,3,1.8202938e-06,0.9999991655349731,0
adl-31-cam0-rgb,data/keypoints/adl/adl-31-cam0-rgb.npz,113,142,0,42,3,1.8207628e-06,0.9999991655349731,0
adl-31-cam0-rgb,data/keypoints/adl/adl-31-cam0-rgb.npz,114,143,0,42,3,1.8211048e-06,0.9999991655349731,0
adl-31-cam0-rgb,data/keypoints/adl/adl-31-cam0-rgb.npz,115,144,0,42,3,1.821374e-06,0.9999991655349731,0
adl-31-cam0-rgb,data/keypoints/adl/adl-31-cam0-rgb.npz,116,145,0,42,3,1.8214122e-06,0.9999991655349731,0
adl-31-cam0-rgb,data/keypoints/adl/adl-31-cam0-rgb.npz,117,146,0,42,3,1.821051e-06,0.9999991655349731,0
adl-31-cam0-rgb,data/keypoints/adl/adl-31-cam0-rgb.npz,118,147,0,42,3,1.8205996e-06,0.9999991655349731,0
adl-31-cam0-rgb,data/keypoints/adl/adl-31-cam0-rgb.npz,119,148,0,42,3,1.8197645e-06,0.9999991655349731,0
adl-31-cam0-rgb,data/keypoints/adl/adl-31-cam0-rgb.npz,120,149,0,42,3,1.8190409e-06,0.9999991655349731,0
adl-31-cam0-rgb,data/keypoints/adl/adl-31-cam0-rgb.npz,121,150,0,42,3,1.8180906e-06,0.9999991655349731,0
adl-31-cam0-rgb,data/keypoints/adl/adl-31-cam0-rgb.npz,122,151,0,42,3,1.8127581e-06,0.9999991655349731,0
adl-31-cam0-rgb,data/keypoints/adl/adl-31-cam0-rgb.npz,123,152,0,42,3,1.8124227e-06,0.9999991655349731,0
adl-31-cam0-rgb,data/keypoints/adl/adl-31-cam0-rgb.npz,124,153,0,42,3,1.8107039e-06,0.9999991655349731,0
adl-31-cam0-rgb,data/keypoints/adl/adl-31-cam0-rgb.npz,125,154,0,42,3,1.8150207e-06,0.9999991655349731,0
adl-31-cam0-rgb,data/keypoints/adl/adl-31-cam0-rgb.npz,126,155,0,42,3,2.4196697e-06,0.9999991655349731,0
adl-31-cam0-rgb,data/keypoints/adl/adl-31-cam0-rgb.npz,127,156,0,42,3,2.4469427e-06,0.9999991655349731,0
adl-31-cam0-rgb,data/keypoints/adl/adl-31-cam0-rgb.npz,128,157,0,42,3,2.4722074e-06,0.9999991655349731,0
adl-31-cam0-rgb,data/keypoints/adl/adl-31-cam0-rgb.npz,129,158,0,42,3,2.48428e-06,0.9999991655349731,0
adl-31-cam0-rgb,data/keypoints/adl/adl-31-cam0-rgb.npz,130,159,0,42,3,2.4934136e-06,0.9999991655349731,0
adl-31-cam0-rgb,data/keypoints/adl/adl-31-cam0-rgb.npz,131,160,0,42,3,2.4966328e-06,0.9999991655349731,0
adl-31-cam0-rgb,data/keypoints/adl/adl-31-cam0-rgb.npz,132,161,0,42,3,2.4895667e-06,0.9999991655349731,0
adl-31-cam0-rgb,data/keypoints/adl/adl-31-cam0-rgb.npz,133,162,0,42,3,2.4866029e-06,0.9999991655349731,0
adl-31-cam0-rgb,data/keypoints/adl/adl-31-cam0-rgb.npz,134,163,0,42,3,2.4835906e-06,0.9999991655349731,0
adl-31-cam0-rgb,data/keypoints/adl/adl-31-cam0-rgb.npz,135,164,0,42,3,2.481926e-06,0.9999991655349731,0
adl-31-cam0-rgb,data/keypoints/adl/adl-31-cam0-rgb.npz,136,165,0,42,3,2.4702256e-06,0.9999991655349731,0
adl-31-cam0-rgb,data/keypoints/adl/adl-31-cam0-rgb.npz,137,166,0,42,3,2.4667368e-06,0.9999991655349731,0
adl-31-cam0-rgb,data/keypoints/adl/adl-31-cam0-rgb.npz,138,167,0,42,3,2.4635794e-06,0.9999991655349731,0
adl-31-cam0-rgb,data/keypoints/adl/adl-31-cam0-rgb.npz,139,168,0,42,3,2.466819e-06,0.9999991655349731,0
adl-31-cam0-rgb,data/keypoints/adl/adl-31-cam0-rgb.npz,140,169,0,42,3,2.4682076e-06,0.9999991655349731,0
adl-31-cam0-rgb,data/keypoints/adl/adl-31-cam0-rgb.npz,141,170,0,42,3,2.472302e-06,0.9999991655349731,0
adl-31-cam0-rgb,data/keypoints/adl/adl-31-cam0-rgb.npz,142,171,0,42,3,2.476351e-06,0.9999991655349731,0
adl-31-cam0-rgb,data/keypoints/adl/adl-31-cam0-rgb.npz,143,172,0,42,3,2.4806318e-06,0.9999991655349731,0
adl-31-cam0-rgb,data/keypoints/adl/adl-31-cam0-rgb.npz,144,173,0,42,3,2.488947e-06,0.9999991655349731,0
adl-31-cam0-rgb,data/keypoints/adl/adl-31-cam0-rgb.npz,145,174,0,42,3,2.4960875e-06,0.9999991655349731,0
adl-31-cam0-rgb,data/keypoints/adl/adl-31-cam0-rgb.npz,146,175,0,42,3,2.5028858e-06,0.9999991655349731,0
adl-31-cam0-rgb,data/keypoints/adl/adl-31-cam0-rgb.npz,147,176,0,42,3,2.5094105e-06,0.9999991655349731,0
adl-31-cam0-rgb,data/keypoints/adl/adl-31-cam0-rgb.npz,148,177,0,42,3,2.5325967e-06,0.9999991655349731,0
adl-31-cam0-rgb,data/keypoints/adl/adl-31-cam0-rgb.npz,149,178,0,42,3,2.5452723e-06,0.9999991655349731,0
adl-31-cam0-rgb,data/keypoints/adl/adl-31-cam0-rgb.npz,150,179,0,42,3,2.5759136e-06,0.9999991655349731,0
adl-31-cam0-rgb,data/keypoints/adl/adl-31-cam0-rgb.npz,151,180,0,42,3,2.5671657e-06,0.9999991655349731,0
adl-31-cam0-rgb,data/keypoints/adl/adl-31-cam0-rgb.npz,152,181,0,42,3,2.5515744e-06,0.9999991655349731,0
adl-31-cam0-rgb,data/keypoints/adl/adl-31-cam0-rgb.npz,153,182,0,42,3,2.5614413e-06,0.9999991655349731,0
adl-31-cam0-rgb,data/keypoints/adl/adl-31-cam0-rgb.npz,154,183,0,42,3,2.54104e-06,0.9999991655349731,0
adl-31-cam0-rgb,data/keypoints/adl/adl-31-cam0-rgb.npz,155,184,0,42,3,2.530839e-06,0.9999991655349731,0
adl-31-cam0-rgb,data/keypoints/adl/adl-31-cam0-rgb.npz,156,185,0,42,3,2.5223576e-06,0.9999991655349731,0
adl-31-cam0-rgb,data/keypoints/adl/adl-31-cam0-rgb.npz,157,186,0,42,3,2.5847798e-06,0.9999991655349731,0
adl-31-cam0-rgb,data/keypoints/adl/adl-31-cam0-rgb.npz,158,187,0,42,3,2.2904017e-06,0.9999991655349731,0
adl-31-cam0-rgb,data/keypoints/adl/adl-31-cam0-rgb.npz,159,188,0,42,3,2.2969375e-06,0.9999991655349731,0
adl-31-cam0-rgb,data/keypoints/adl/adl-31-cam0-rgb.npz,160,189,0,42,3,2.2873216e-06,0.9999991655349731,0
adl-31-cam0-rgb,data/keypoints/adl/adl-31-cam0-rgb.npz,161,190,0,42,3,2.287723e-06,0.9999991655349731,0
adl-31-cam0-rgb,data/keypoints/adl/adl-31-cam0-rgb.npz,162,191,0,42,3,2.2795864e-06,0.9999991655349731,0
adl-31-cam0-rgb,data/keypoints/adl/adl-31-cam0-rgb.npz,163,192,0,42,3,1.9249765e-06,0.9999991655349731,0
adl-31-cam0-rgb,data/keypoints/adl/adl-31-cam0-rgb.npz,164,193,0,42,3,1.9264824e-06,0.9999991655349731,0
adl-31-cam0-rgb,data/keypoints/adl/adl-31-cam0-rgb.npz,165,194,0,42,3,1.9269253e-06,0.9999991655349731,0
adl-31-cam0-rgb,data/keypoints/adl/adl-31-cam0-rgb.npz,166,195,0,42,3,1.9317145e-06,0.9999991655349731,0
adl-31-cam0-rgb,data/keypoints/adl/adl-31-cam0-rgb.npz,167,196,0,42,3,1.9350223e-06,0.9999991655349731,0
adl-31-cam0-rgb,data/keypoints/adl/adl-31-cam0-rgb.npz,168,197,0,42,3,2.0000004e-06,0.9999991655349731,0
adl-31-cam0-rgb,data/keypoints/adl/adl-31-cam0-rgb.npz,169,198,0,42,3,2.0048585e-06,0.9999991655349731,0
adl-31-cam0-rgb,data/keypoints/adl/adl-31-cam0-rgb.npz,170,199,0,42,3,2.0087723e-06,0.9999991655349731,0
adl-31-cam0-rgb,data/keypoints/adl/adl-31-cam0-rgb.npz,171,200,0,42,3,2.020134e-06,0.9999991655349731,0
adl-31-cam0-rgb,data/keypoints/adl/adl-31-cam0-rgb.npz,172,201,0,42,3,2.026575e-06,0.9999991655349731,0
adl-31-cam0-rgb,data/keypoints/adl/adl-31-cam0-rgb.npz,173,202,0,42,3,2.0301964e-06,0.9999991655349731,0
adl-31-cam0-rgb,data/keypoints/adl/adl-31-cam0-rgb.npz,174,203,0,42,3,2.0345883e-06,0.9999991655349731,0
adl-31-cam0-rgb,data/keypoints/adl/adl-31-cam0-rgb.npz,175,204,0,42,3,3.6739752e-06,0.9999991655349731,0
adl-31-cam0-rgb,data/keypoints/adl/adl-31-cam0-rgb.npz,176,205,0,42,3,3.6875492e-06,0.9999991655349731,0
adl-31-cam0-rgb,data/keypoints/adl/adl-31-cam0-rgb.npz,177,206,0,42,3,3.7046555e-06,0.9999991655349731,0
adl-31-cam0-rgb,data/keypoints/adl/adl-31-cam0-rgb.npz,178,207,0,42,3,3.7034404e-06,0.9999991655349731,0
adl-31-cam0-rgb,data/keypoints/adl/adl-31-cam0-rgb.npz,179,208,0,42,3,3.7295904e-06,0.9999991655349731,0
adl-31-cam0-rgb,data/keypoints/adl/adl-31-cam0-rgb.npz,180,209,0,42,3,2.079556e-06,0.9999991655349731,0
adl-31-cam0-rgb,data/keypoints/adl/adl-31-cam0-rgb.npz,181,210,0,42,3,2.0830773e-06,0.9999991655349731,0
adl-31-cam0-rgb,data/keypoints/adl/adl-31-cam0-rgb.npz,182,211,0,42,3,2.081205e-06,0.9999991655349731,0
adl-31-cam0-rgb,data/keypoints/adl/adl-31-cam0-rgb.npz,183,212,0,42,3,2.08298e-06,0.9999991655349731,0
adl-31-cam0-rgb,data/keypoints/adl/adl-31-cam0-rgb.npz,184,213,0,42,3,2.0740188e-06,0.9999991655349731,0
adl-31-cam0-rgb,data/keypoints/adl/adl-31-cam0-rgb.npz,185,214,0,42,3,2.0867415e-06,0.9999991655349731,0
adl-31-cam0-rgb,data/keypoints/adl/adl-31-cam0-rgb.npz,186,215,0,42,3,2.0978898e-06,0.9999991655349731,0
adl-31-cam0-rgb,data/keypoints/adl/adl-31-cam0-rgb.npz,187,216,0,42,3,2.1090332e-06,0.9999991655349731,0
adl-31-cam0-rgb,data/keypoints/adl/adl-31-cam0-rgb.npz,188,217,0,42,3,2.1191827e-06,0.9999991655349731,0
adl-31-cam0-rgb,data/keypoints/adl/adl-31-cam0-rgb.npz,189,218,0,42,3,2.1281262e-06,0.9999991655349731,0
adl-31-cam0-rgb,data/keypoints/adl/adl-31-cam0-rgb.npz,190,219,0,42,3,2.1403998e-06,0.9999991655349731,0
adl-31-cam0-rgb,data/keypoints/adl/adl-31-cam0-rgb.npz,191,220,0,42,3,2.144617e-06,0.9999991655349731,0
adl-31-cam0-rgb,data/keypoints/adl/adl-31-cam0-rgb.npz,192,221,0,42,3,2.1406242e-06,0.9999991655349731,0
adl-31-cam0-rgb,data/keypoints/adl/adl-31-cam0-rgb.npz,193,222,0,42,3,2.1314654e-06,0.9999991655349731,0
adl-31-cam0-rgb,data/keypoints/adl/adl-31-cam0-rgb.npz,194,223,0,42,3,2.1291046e-06,0.9999991655349731,0
adl-31-cam0-rgb,data/keypoints/adl/adl-31-cam0-rgb.npz,195,224,0,42,3,2.1271483e-06,0.9999991655349731,0
adl-31-cam0-rgb,data/keypoints/adl/adl-31-cam0-rgb.npz,196,225,0,42,3,2.1251126e-06,0.9999991655349731,0
adl-31-cam0-rgb,data/keypoints/adl/adl-31-cam0-rgb.npz,197,226,0,42,3,2.1205615e-06,0.9999991655349731,0
adl-31-cam0-rgb,data/keypoints/adl/adl-31-cam0-rgb.npz,198,227,0,42,3,2.1177443e-06,0.9999991655349731,0
adl-31-cam0-rgb,data/keypoints/adl/adl-31-cam0-rgb.npz,199,228,0,42,3,2.1163812e-06,0.9999991655349731,0
adl-31-cam0-rgb,data/keypoints/adl/adl-31-cam0-rgb.npz,200,229,0,42,3,2.1164924e-06,0.9999991655349731,0
adl-31-cam0-rgb,data/keypoints/adl/adl-31-cam0-rgb.npz,201,230,0,42,3,2.1176593e-06,0.9999991655349731,0
adl-31-cam0-rgb,data/keypoints/adl/adl-31-cam0-rgb.npz,202,231,0,42,3,2.1202702e-06,0.9999991655349731,0
adl-31-cam0-rgb,data/keypoints/adl/adl-31-cam0-rgb.npz,203,232,0,42,3,2.12203e-06,0.9999991655349731,0
adl-31-cam0-rgb,data/keypoints/adl/adl-31-cam0-rgb.npz,204,233,0,42,3,2.1249402e-06,0.9999991655349731,0
adl-31-cam0-rgb,data/keypoints/adl/adl-31-cam0-rgb.npz,205,234,0,42,3,1.7421092e-06,0.9999991655349731,0
adl-31-cam0-rgb,data/keypoints/adl/adl-31-cam0-rgb.npz,206,235,0,42,3,1.7450691e-06,0.9999991655349731,0
adl-31-cam0-rgb,data/keypoints/adl/adl-31-cam0-rgb.npz,207,236,0,42,3,1.7468441e-06,0.9999991655349731,0
adl-31-cam0-rgb,data/keypoints/adl/adl-31-cam0-rgb.npz,208,237,0,42,3,1.7469473e-06,0.9999991655349731,0
adl-31-cam0-rgb,data/keypoints/adl/adl-31-cam0-rgb.npz,209,238,0,42,3,1.7469939e-06,0.9999991655349731,0
adl-31-cam0-rgb,data/keypoints/adl/adl-31-cam0-rgb.npz,210,239,0,42,3,1.7473405e-06,0.9999991655349731,0
adl-31-cam0-rgb,data/keypoints/adl/adl-31-cam0-rgb.npz,211,240,0,42,3,1.7477571e-06,0.9999991655349731,0
adl-31-cam0-rgb,data/keypoints/adl/adl-31-cam0-rgb.npz,212,241,0,42,3,1.7495298e-06,0.9999991655349731,0
adl-31-cam0-rgb,data/keypoints/adl/adl-31-cam0-rgb.npz,213,242,0,42,3,1.7491611e-06,0.9999991655349731,0
adl-31-cam0-rgb,data/keypoints/adl/adl-31-cam0-rgb.npz,214,243,0,42,3,1.7476639e-06,0.9999991655349731,0
adl-31-cam0-rgb,data/keypoints/adl/adl-31-cam0-rgb.npz,215,244,0,42,3,1.7444634e-06,0.9999991655349731,0
adl-31-cam0-rgb,data/keypoints/adl/adl-31-cam0-rgb.npz,216,245,0,42,3,1.7452488e-06,0.9999991655349731,0
adl-31-cam0-rgb,data/keypoints/adl/adl-31-cam0-rgb.npz,217,246,0,42,3,2.1654794e-06,0.9999991655349731,0
adl-31-cam0-rgb,data/keypoints/adl/adl-31-cam0-rgb.npz,218,247,0,42,3,2.1600074e-06,0.9999991655349731,0
adl-31-cam0-rgb,data/keypoints/adl/adl-31-cam0-rgb.npz,219,248,0,42,3,2.153861e-06,0.9999991655349731,0
adl-31-cam0-rgb,data/keypoints/adl/adl-31-cam0-rgb.npz,220,249,0,42,3,2.1490455e-06,0.9999991655349731,0
adl-31-cam0-rgb,data/keypoints/adl/adl-31-cam0-rgb.npz,221,250,0,42,3,2.144482e-06,0.9999991655349731,0
adl-36-cam0-rgb,data/keypoints/adl/adl-36-cam0-rgb.npz,3,32,0,42,3,1.184341e-05,0.9999991655349731,0
adl-36-cam0-rgb,data/keypoints/adl/adl-36-cam0-rgb.npz,4,33,0,42,3,1.184341e-05,0.9999991655349731,0
adl-36-cam0-rgb,data/keypoints/adl/adl-36-cam0-rgb.npz,5,34,0,42,3,1.184341e-05,0.9999991655349731,0
adl-36-cam0-rgb,data/keypoints/adl/adl-36-cam0-rgb.npz,6,35,0,42,3,1.184341e-05,0.9999991655349731,0
adl-36-cam0-rgb,data/keypoints/adl/adl-36-cam0-rgb.npz,7,36,0,42,3,1.184341e-05,0.9999991655349731,0
adl-36-cam0-rgb,data/keypoints/adl/adl-36-cam0-rgb.npz,8,37,0,42,3,1.184341e-05,0.9999991655349731,0
adl-36-cam0-rgb,data/keypoints/adl/adl-36-cam0-rgb.npz,9,38,0,42,3,1.184341e-05,0.9999991655349731,0
adl-36-cam0-rgb,data/keypoints/adl/adl-36-cam0-rgb.npz,10,39,0,42,3,1.184341e-05,0.9999991655349731,0
adl-36-cam0-rgb,data/keypoints/adl/adl-36-cam0-rgb.npz,11,40,0,42,3,1.184341e-05,0.9999991655349731,0
adl-36-cam0-rgb,data/keypoints/adl/adl-36-cam0-rgb.npz,12,41,0,42,3,1.184341e-05,0.9999991655349731,0
adl-36-cam0-rgb,data/keypoints/adl/adl-36-cam0-rgb.npz,13,42,0,42,3,1.184341e-05,0.9999991655349731,0
adl-36-cam0-rgb,data/keypoints/adl/adl-36-cam0-rgb.npz,14,43,0,42,3,1.184341e-05,0.9999991655349731,0
adl-36-cam0-rgb,data/keypoints/adl/adl-36-cam0-rgb.npz,15,44,0,42,3,1.184341e-05,0.9999991655349731,0
adl-36-cam0-rgb,data/keypoints/adl/adl-36-cam0-rgb.npz,16,45,0,42,3,1.184341e-05,0.9999991655349731,0
adl-36-cam0-rgb,data/keypoints/adl/adl-36-cam0-rgb.npz,17,46,0,42,3,1.184341e-05,0.9999991655349731,0
adl-36-cam0-rgb,data/keypoints/adl/adl-36-cam0-rgb.npz,18,47,0,42,3,1.1682615e-05,0.9999991655349731,0
adl-36-cam0-rgb,data/keypoints/adl/adl-36-cam0-rgb.npz,19,48,0,42,3,1.1660975e-05,0.9999991655349731,0
adl-36-cam0-rgb,data/keypoints/adl/adl-36-cam0-rgb.npz,20,49,0,42,3,1.1643629e-05,0.9999991655349731,0
adl-36-cam0-rgb,data/keypoints/adl/adl-36-cam0-rgb.npz,21,50,0,42,3,1.1624646e-05,0.9999991655349731,0
adl-36-cam0-rgb,data/keypoints/adl/adl-36-cam0-rgb.npz,22,51,0,42,3,1.1605018e-05,0.9999991655349731,0
adl-36-cam0-rgb,data/keypoints/adl/adl-36-cam0-rgb.npz,23,52,0,42,3,1.1484922e-05,0.9999991655349731,0
adl-36-cam0-rgb,data/keypoints/adl/adl-36-cam0-rgb.npz,24,53,0,42,3,1.1450559e-05,0.9999991655349731,0
adl-36-cam0-rgb,data/keypoints/adl/adl-36-cam0-rgb.npz,25,54,0,42,3,1.1430245e-05,0.9999991655349731,0
adl-36-cam0-rgb,data/keypoints/adl/adl-36-cam0-rgb.npz,26,55,0,42,3,1.1410421e-05,0.9999991655349731,0
adl-36-cam0-rgb,data/keypoints/adl/adl-36-cam0-rgb.npz,27,56,0,42,3,1.0847705e-05,0.9999991655349731,0
adl-36-cam0-rgb,data/keypoints/adl/adl-36-cam0-rgb.npz,28,57,0,42,3,1.0835039e-05,0.9999991655349731,0
adl-36-cam0-rgb,data/keypoints/adl/adl-36-cam0-rgb.npz,29,58,0,42,3,1.2069099e-05,0.9999991655349731,0
adl-36-cam0-rgb,data/keypoints/adl/adl-36-cam0-rgb.npz,30,59,0,42,3,1.332198e-05,0.9999991655349731,0
adl-36-cam0-rgb,data/keypoints/adl/adl-36-cam0-rgb.npz,31,60,0,42,3,1.7176577e-05,0.9999991655349731,0
adl-36-cam0-rgb,data/keypoints/adl/adl-36-cam0-rgb.npz,32,61,0,42,3,1.7314494e-05,0.9999991655349731,0
adl-36-cam0-rgb,data/keypoints/adl/adl-36-cam0-rgb.npz,33,62,0,42,3,1.4638907e-05,0.9999991655349731,0
adl-36-cam0-rgb,data/keypoints/adl/adl-36-cam0-rgb.npz,34,63,0,42,3,1.4628859e-05,0.9999991655349731,0
adl-36-cam0-rgb,data/keypoints/adl/adl-36-cam0-rgb.npz,35,64,0,42,3,1.6978945e-05,0.9999991655349731,0
adl-36-cam0-rgb,data/keypoints/adl/adl-36-cam0-rgb.npz,36,65,0,42,3,1.7071085e-05,0.9999991655349731,0
adl-36-cam0-rgb,data/keypoints/adl/adl-36-cam0-rgb.npz,37,66,0,42,3,1.7155622e-05,0.9999991655349731,0
adl-36-cam0-rgb,data/keypoints/adl/adl-36-cam0-rgb.npz,38,67,0,42,3,1.813039e-05,0.9999991655349731,0
adl-36-cam0-rgb,data/keypoints/adl/adl-36-cam0-rgb.npz,39,68,0,42,3,1.828758e-05,0.9999991655349731,0
adl-36-cam0-rgb,data/keypoints/adl/adl-36-cam0-rgb.npz,40,69,0,42,3,1.839408e-05,0.9999991655349731,0
adl-36-cam0-rgb,data/keypoints/adl/adl-36-cam0-rgb.npz,41,70,0,42,3,1.8529294e-05,0.9999991655349731,0
adl-36-cam0-rgb,data/keypoints/adl/adl-36-cam0-rgb.npz,42,71,0,42,3,1.8697534e-05,0.9999991655349731,0
adl-36-cam0-rgb,data/keypoints/adl/adl-36-cam0-rgb.npz,43,72,0,42,3,1.989721e-05,0.9999991655349731,0
adl-36-cam0-rgb,data/keypoints/adl/adl-36-cam0-rgb.npz,44,73,0,42,3,1.9987318e-05,0.9999991655349731,0
adl-36-cam0-rgb,data/keypoints/adl/adl-36-cam0-rgb.npz,45,74,0,42,3,2.0074925e-05,0.9999991655349731,0
adl-36-cam0-rgb,data/keypoints/adl/adl-36-cam0-rgb.npz,46,75,0,42,3,2.0150688e-05,0.9999991655349731,0
adl-36-cam0-rgb,data/keypoints/adl/adl-36-cam0-rgb.npz,47,76,0,42,3,2.0248659e-05,0.9999991655349731,0
adl-36-cam0-rgb,data/keypoints/adl/adl-36-cam0-rgb.npz,48,77,0,42,3,2.0118505e-05,0.9999991655349731,0
adl-36-cam0-rgb,data/keypoints/adl/adl-36-cam0-rgb.npz,49,78,0,42,3,2.021474e-05,0.9999991655349731,0
adl-36-cam0-rgb,data/keypoints/adl/adl-36-cam0-rgb.npz,50,79,0,42,3,2.027231e-05,0.9999991655349731,0
adl-36-cam0-rgb,data/keypoints/adl/adl-36-cam0-rgb.npz,51,80,0,42,3,2.0323241e-05,0.9999991655349731,0
adl-36-cam0-rgb,data/keypoints/adl/adl-36-cam0-rgb.npz,52,81,0,42,3,2.0425305e-05,0.9999991655349731,0
adl-36-cam0-rgb,data/keypoints/adl/adl-36-cam0-rgb.npz,53,82,0,42,3,2.0586009e-05,0.9999991655349731,0
adl-36-cam0-rgb,data/keypoints/adl/adl-36-cam0-rgb.npz,54,83,0,42,3,2.0623895e-05,0.9999991655349731,0
adl-36-cam0-rgb,data/keypoints/adl/adl-36-cam0-rgb.npz,55,84,0,42,3,2.068452e-05,0.9999991655349731,0
adl-36-cam0-rgb,data/keypoints/adl/adl-36-cam0-rgb.npz,56,85,0,42,3,2.071745e-05,0.9999991655349731,0
adl-36-cam0-rgb,data/keypoints/adl/adl-36-cam0-rgb.npz,57,86,0,42,3,2.0737692e-05,0.9999991655349731,0
adl-36-cam0-rgb,data/keypoints/adl/adl-36-cam0-rgb.npz,58,87,0,42,3,2.077435e-05,0.9999991655349731,0
adl-36-cam0-rgb,data/keypoints/adl/adl-36-cam0-rgb.npz,59,88,0,42,3,2.0832756e-05,0.9999991655349731,0
adl-36-cam0-rgb,data/keypoints/adl/adl-36-cam0-rgb.npz,60,89,0,42,3,2.0876214e-05,0.9999991655349731,0
adl-36-cam0-rgb,data/keypoints/adl/adl-36-cam0-rgb.npz,61,90,0,42,3,2.0940355e-05,0.9999991655349731,0
adl-36-cam0-rgb,data/keypoints/adl/adl-36-cam0-rgb.npz,62,91,0,42,3,2.103186e-05,0.9999991655349731,0
adl-36-cam0-rgb,data/keypoints/adl/adl-36-cam0-rgb.npz,63,92,0,42,3,2.1095093e-05,0.9999991655349731,0
adl-36-cam0-rgb,data/keypoints/adl/adl-36-cam0-rgb.npz,64,93,0,42,3,2.110435e-05,0.9999991655349731,0
adl-36-cam0-rgb,data/keypoints/adl/adl-36-cam0-rgb.npz,65,94,0,42,3,2.1109101e-05,0.9999991655349731,0
adl-36-cam0-rgb,data/keypoints/adl/adl-36-cam0-rgb.npz,66,95,0,42,3,2.1124586e-05,0.9999991655349731,0
adl-36-cam0-rgb,data/keypoints/adl/adl-36-cam0-rgb.npz,67,96,0,42,3,2.1121787e-05,0.9999991655349731,0
adl-36-cam0-rgb,data/keypoints/adl/adl-36-cam0-rgb.npz,68,97,0,42,3,2.114787e-05,0.9999991655349731,0
adl-36-cam0-rgb,data/keypoints/adl/adl-36-cam0-rgb.npz,69,98,0,42,3,2.1145792e-05,0.9999991655349731,0
adl-36-cam0-rgb,data/keypoints/adl/adl-36-cam0-rgb.npz,70,99,0,42,3,2.1153961e-05,0.9999991655349731,0
adl-36-cam0-rgb,data/keypoints/adl/adl-36-cam0-rgb.npz,71,100,0,42,3,2.1163763e-05,0.9999991655349731,0
adl-36-cam0-rgb,data/keypoints/adl/adl-36-cam0-rgb.npz,72,101,0,42,3,2.1164005e-05,0.9999991655349731,0
adl-36-cam0-rgb,data/keypoints/adl/adl-36-cam0-rgb.npz,73,102,0,42,3,2.117527e-05,0.9999991655349731,0
adl-36-cam0-rgb,data/keypoints/adl/adl-36-cam0-rgb.npz,74,103,0,42,3,2.1185451e-05,0.9999991655349731,0
adl-36-cam0-rgb,data/keypoints/adl/adl-36-cam0-rgb.npz,75,104,0,42,3,2.1201258e-05,0.9999991655349731,0
adl-36-cam0-rgb,data/keypoints/adl/adl-36-cam0-rgb.npz,76,105,0,42,3,2.121495e-05,0.9999991655349731,0
adl-36-cam0-rgb,data/keypoints/adl/adl-36-cam0-rgb.npz,77,106,0,42,3,2.1234036e-05,0.9999991655349731,0
adl-36-cam0-rgb,data/keypoints/adl/adl-36-cam0-rgb.npz,78,107,0,42,3,2.1250244e-05,0.9999991655349731,0
adl-36-cam0-rgb,data/keypoints/adl/adl-36-cam0-rgb.npz,79,108,0,42,3,2.1296091e-05,0.9999991655349731,0
adl-36-cam0-rgb,data/keypoints/adl/adl-36-cam0-rgb.npz,80,109,0,42,3,2.1330321e-05,0.9999991655349731,0
adl-36-cam0-rgb,data/keypoints/adl/adl-36-cam0-rgb.npz,81,110,0,42,3,2.1380787e-05,0.9999991655349731,0
adl-36-cam0-rgb,data/keypoints/adl/adl-36-cam0-rgb.npz,82,111,0,42,3,2.141511e-05,0.9999991655349731,0
adl-36-cam0-rgb,data/keypoints/adl/adl-36-cam0-rgb.npz,83,112,0,42,3,2.14401e-05,0.9999991655349731,0
adl-36-cam0-rgb,data/keypoints/adl/adl-36-cam0-rgb.npz,84,113,0,42,3,2.1474256e-05,0.9999991655349731,0
adl-36-cam0-rgb,data/keypoints/adl/adl-36-cam0-rgb.npz,85,114,0,42,3,2.1501017e-05,0.9999991655349731,0
adl-36-cam0-rgb,data/keypoints/adl/adl-36-cam0-rgb.npz,86,115,0,42,3,2.1525677e-05,0.9999991655349731,0
adl-36-cam0-rgb,data/keypoints/adl/adl-36-cam0-rgb.npz,87,116,0,42,3,2.155756e-05,0.9999991655349731,0
adl-36-cam0-rgb,data/keypoints/adl/adl-36-cam0-rgb.npz,88,117,0,42,3,2.159365e-05,0.9999991655349731,0
adl-36-cam0-rgb,data/keypoints/adl/adl-36-cam0-rgb.npz,89,118,0,42,3,2.164288e-05,0.9999991655349731,0
adl-36-cam0-rgb,data/keypoints/adl/adl-36-cam0-rgb.npz,90,119,0,42,3,2.169293e-05,0.9999991655349731,0
adl-36-cam0-rgb,data/keypoints/adl/adl-36-cam0-rgb.npz,91,120,0,42,3,2.1741975e-05,0.9999991655349731,0
adl-36-cam0-rgb,data/keypoints/adl/adl-36-cam0-rgb.npz,92,121,0,42,3,2.182101e-05,0.9999991655349731,0
adl-36-cam0-rgb,data/keypoints/adl/adl-36-cam0-rgb.npz,93,122,0,42,3,2.1853395e-05,0.9999991655349731,0
adl-36-cam0-rgb,data/keypoints/adl/adl-36-cam0-rgb.npz,94,123,0,42,3,2.1876622e-05,0.9999991655349731,0
adl-36-cam0-rgb,data/keypoints/adl/adl-36-cam0-rgb.npz,95,124,0,42,3,2.189332e-05,0.9999991655349731,0
adl-36-cam0-rgb,data/keypoints/adl/adl-36-cam0-rgb.npz,96,125,0,42,3,2.1940305e-05,0.9999991655349731,0
adl-36-cam0-rgb,data/keypoints/adl/adl-36-cam0-rgb.npz,97,126,0,42,3,2.1967062e-05,0.9999991655349731,0
adl-36-cam0-rgb,data/keypoints/adl/adl-36-cam0-rgb.npz,98,127,0,42,3,2.1996637e-05,0.9999991655349731,0
adl-36-cam0-rgb,data/keypoints/adl/adl-36-cam0-rgb.npz,99,128,0,42,3,2.204082e-05,0.9999991655349731,0
adl-36-cam0-rgb,data/keypoints/adl/adl-36-cam0-rgb.npz,100,129,0,42,3,2.2091472e-05,0.9999991655349731,0
adl-36-cam0-rgb,data/keypoints/adl/adl-36-cam0-rgb.npz,101,130,0,42,3,2.2139515e-05,0.9999991655349731,0
adl-36-cam0-rgb,data/keypoints/adl/adl-36-cam0-rgb.npz,102,131,0,42,3,2.2168884e-05,0.9999991655349731,0
adl-36-cam0-rgb,data/keypoints/adl/adl-36-cam0-rgb.npz,103,132,0,42,3,2.218606e-05,0.9999991655349731,0
adl-36-cam0-rgb,data/keypoints/adl/adl-36-cam0-rgb.npz,104,133,0,42,3,2.2204407e-05,0.9999991655349731,0
adl-36-cam0-rgb,data/keypoints/adl/adl-36-cam0-rgb.npz,105,134,0,42,3,2.2150876e-05,0.9999991655349731,0
adl-36-cam0-rgb,data/keypoints/adl/adl-36-cam0-rgb.npz,106,135,0,42,3,2.2074288e-05,0.9999991655349731,0
adl-36-cam0-rgb,data/keypoints/adl/adl-36-cam0-rgb.npz,107,136,0,42,3,2.1837477e-05,0.9999991655349731,0
adl-36-cam0-rgb,data/keypoints/adl/adl-36-cam0-rgb.npz,108,137,0,42,3,2.1615739e-05,0.9999991655349731,0
adl-36-cam0-rgb,data/keypoints/adl/adl-36-cam0-rgb.npz,109,138,0,42,3,2.1311005e-05,0.9999991655349731,0
adl-36-cam0-rgb,data/keypoints/adl/adl-36-cam0-rgb.npz,110,139,0,42,3,2.0454796e-05,0.9999991655349731,0
adl-36-cam0-rgb,data/keypoints/adl/adl-36-cam0-rgb.npz,111,140,0,42,3,1.967711e-05,0.9999991655349731,0
adl-36-cam0-rgb,data/keypoints/adl/adl-36-cam0-rgb.npz,112,141,0,42,3,1.7149308e-05,0.9999991655349731,0
adl-36-cam0-rgb,data/keypoints/adl/adl-36-cam0-rgb.npz,113,142,0,42,3,1.4844127e-05,0.9999991655349731,0
adl-36-cam0-rgb,data/keypoints/adl/adl-36-cam0-rgb.npz,114,143,0,42,3,1.1011418e-05,0.9999991655349731,0
adl-36-cam0-rgb,data/keypoints/adl/adl-36-cam0-rgb.npz,115,144,0,42,3,8.5380925e-06,0.9999991655349731,0
adl-36-cam0-rgb,data/keypoints/adl/adl-36-cam0-rgb.npz,116,145,0,42,3,5.8126034e-06,0.9999991655349731,0
adl-36-cam0-rgb,data/keypoints/adl/adl-36-cam0-rgb.npz,117,146,0,42,3,4.561583e-06,0.9999991655349731,0
adl-36-cam0-rgb,data/keypoints/adl/adl-36-cam0-rgb.npz,118,147,0,42,3,3.7973507e-06,0.9999991655349731,0
adl-36-cam0-rgb,data/keypoints/adl/adl-36-cam0-rgb.npz,119,148,0,42,3,3.3581327e-06,0.9999991655349731,0
adl-36-cam0-rgb,data/keypoints/adl/adl-36-cam0-rgb.npz,120,149,0,42,3,3.0275e-06,0.9999991655349731,0
adl-36-cam0-rgb,data/keypoints/adl/adl-36-cam0-rgb.npz,121,150,0,42,3,2.8089669e-06,0.9999991655349731,0
adl-36-cam0-rgb,data/keypoints/adl/adl-36-cam0-rgb.npz,122,151,0,42,3,2.7091796e-06,0.9999991655349731,0
adl-36-cam0-rgb,data/keypoints/adl/adl-36-cam0-rgb.npz,123,152,0,42,3,2.6491261e-06,0.9999991655349731,0
adl-36-cam0-rgb,data/keypoints/adl/adl-36-cam0-rgb.npz,124,153,0,42,3,2.6138546e-06,0.9999991655349731,0
adl-36-cam0-rgb,data/keypoints/adl/adl-36-cam0-rgb.npz,125,154,0,42,3,2.5753902e-06,0.9999991655349731,0
adl-36-cam0-rgb,data/keypoints/adl/adl-36-cam0-rgb.npz,126,155,0,42,3,2.5754935e-06,0.9999991655349731,0
adl-36-cam0-rgb,data/keypoints/adl/adl-36-cam0-rgb.npz,127,156,0,42,3,2.5967283e-06,0.9999991655349731,0
adl-36-cam0-rgb,data/keypoints/adl/adl-36-cam0-rgb.npz,128,157,0,42,3,2.6124762e-06,0.9999991655349731,0
adl-36-cam0-rgb,data/keypoints/adl/adl-36-cam0-rgb.npz,129,158,0,42,3,2.6396995e-06,0.9999991655349731,0
adl-36-cam0-rgb,data/keypoints/adl/adl-36-cam0-rgb.npz,130,159,0,42,3,2.668992e-06,0.9999991655349731,0
adl-36-cam0-rgb,data/keypoints/adl/adl-36-cam0-rgb.npz,131,160,0,42,3,2.7014937e-06,0.9999991655349731,0
adl-36-cam0-rgb,data/keypoints/adl/adl-36-cam0-rgb.npz,132,161,0,42,3,2.7246144e-06,0.9999991655349731,0
adl-36-cam0-rgb,data/keypoints/adl/adl-36-cam0-rgb.npz,133,162,0,42,3,2.739633e-06,0.9999991655349731,0
adl-36-cam0-rgb,data/keypoints/adl/adl-36-cam0-rgb.npz,134,163,0,42,3,2.7611727e-06,0.9999991655349731,0
adl-36-cam0-rgb,data/keypoints/adl/adl-36-cam0-rgb.npz,135,164,0,42,3,2.7835824e-06,0.9999991655349731,0
adl-36-cam0-rgb,data/keypoints/adl/adl-36-cam0-rgb.npz,136,165,0,42,3,2.8111458e-06,0.9999991655349731,0
adl-36-cam0-rgb,data/keypoints/adl/adl-36-cam0-rgb.npz,137,166,0,42,3,2.8485983e-06,0.9999991655349731,0
adl-36-cam0-rgb,data/keypoints/adl/adl-36-cam0-rgb.npz,138,167,0,42,3,2.9195126e-06,0.9999991655349731,0
adl-36-cam0-rgb,data/keypoints/adl/adl-36-cam0-rgb.npz,139,168,0,42,3,2.899687e-06,0.9999991655349731,0
adl-36-cam0-rgb,data/keypoints/adl/adl-36-cam0-rgb.npz,140,169,0,42,3,2.8549352e-06,0.9999991655349731,0
adl-36-cam0-rgb,data/keypoints/adl/adl-36-cam0-rgb.npz,141,170,0,42,3,2.7958845e-06,0.9999991655349731,0
adl-36-cam0-rgb,data/keypoints/adl/adl-36-cam0-rgb.npz,142,171,0,42,3,2.7316496e-06,0.9999991655349731,0
adl-36-cam0-rgb,data/keypoints/adl/adl-36-cam0-rgb.npz,143,172,0,42,3,2.6508446e-06,0.9999991655349731,0
adl-36-cam0-rgb,data/keypoints/adl/adl-36-cam0-rgb.npz,144,173,0,42,3,2.5515012e-06,0.9999991655349731,0
adl-36-cam0-rgb,data/keypoints/adl/adl-36-cam0-rgb.npz,145,174,0,42,3,2.46934e-06,0.9999991655349731,0
adl-36-cam0-rgb,data/keypoints/adl/adl-36-cam0-rgb.npz,146,175,0,42,3,2.4074982e-06,0.9999991655349731,0
adl-36-cam0-rgb,data/keypoints/adl/adl-36-cam0-rgb.npz,147,176,0,42,3,2.3863581e-06,0.9999991655349731,0
adl-36-cam0-rgb,data/keypoints/adl/adl-36-cam0-rgb.npz,148,177,0,42,3,2.3981602e-06,0.9999991655349731,0
adl-36-cam0-rgb,data/keypoints/adl/adl-36-cam0-rgb.npz,149,178,0,42,3,2.4308133e-06,0.9999991655349731,0
adl-36-cam0-rgb,data/keypoints/adl/adl-36-cam0-rgb.npz,150,179,0,42,3,2.4761387e-06,0.9999991655349731,0
adl-36-cam0-rgb,data/keypoints/adl/adl-36-cam0-rgb.npz,151,180,0,42,3,2.5231802e-06,0.9999991655349731,0
adl-36-cam0-rgb,data/keypoints/adl/adl-36-cam0-rgb.npz,152,181,0,42,3,2.576744e-06,0.9999991655349731,0
adl-36-cam0-rgb,data/keypoints/adl/adl-36-cam0-rgb.npz,153,182,0,42,3,2.627919e-06,0.9999991655349731,0
adl-36-cam0-rgb,data/keypoints/adl/adl-36-cam0-rgb.npz,154,183,0,42,3,2.6864182e-06,0.9999991655349731,0
adl-36-cam0-rgb,data/keypoints/adl/adl-36-cam0-rgb.npz,155,184,0,42,3,2.7437432e-06,0.9999991655349731,0
adl-36-cam0-rgb,data/keypoints/adl/adl-36-cam0-rgb.npz,156,185,0,42,3,2.8060726e-06,0.9999991655349731,0
adl-36-cam0-rgb,data/keypoints/adl/adl-36-cam0-rgb.npz,157,186,0,42,3,2.8712636e-06,0.9999991655349731,0
adl-36-cam0-rgb,data/keypoints/adl/adl-36-cam0-rgb.npz,158,187,0,42,3,2.932432e-06,0.9999991655349731,0
adl-36-cam0-rgb,data/keypoints/adl/adl-36-cam0-rgb.npz,159,188,0,42,3,2.9897328e-06,0.9999991655349731,0
adl-36-cam0-rgb,data/keypoints/adl/adl-36-cam0-rgb.npz,160,189,0,42,3,3.0473914e-06,0.9999991655349731,0
adl-36-cam0-rgb,data/keypoints/adl/adl-36-cam0-rgb.npz,161,190,0,42,3,3.1291634e-06,0.9999991655349731,0
adl-36-cam0-rgb,data/keypoints/adl/adl-36-cam0-rgb.npz,162,191,0,42,3,3.21989e-06,0.9999991655349731,0
adl-36-cam0-rgb,data/keypoints/adl/adl-36-cam0-rgb.npz,163,192,0,42,3,3.3385613e-06,0.9999991655349731,0
adl-36-cam0-rgb,data/keypoints/adl/adl-36-cam0-rgb.npz,164,193,0,42,3,3.4455995e-06,0.9999991655349731,0
adl-36-cam0-rgb,data/keypoints/adl/adl-36-cam0-rgb.npz,165,194,0,42,3,3.5310316e-06,0.9999991655349731,0
adl-36-cam0-rgb,data/keypoints/adl/adl-36-cam0-rgb.npz,166,195,0,42,3,3.5977298e-06,0.9999991655349731,0
adl-36-cam0-rgb,data/keypoints/adl/adl-36-cam0-rgb.npz,167,196,0,42,3,3.6513861e-06,0.9999991655349731,0
adl-36-cam0-rgb,data/keypoints/adl/adl-36-cam0-rgb.npz,168,197,0,42,3,3.6900365e-06,0.9999991655349731,0
adl-36-cam0-rgb,data/keypoints/adl/adl-36-cam0-rgb.npz,169,198,0,42,3,3.759408e-06,0.9999991655349731,0
adl-36-cam0-rgb,data/keypoints/adl/adl-36-cam0-rgb.npz,170,199,0,42,3,3.8324406e-06,0.9999991655349731,0
adl-36-cam0-rgb,data/keypoints/adl/adl-36-cam0-rgb.npz,171,200,0,42,3,3.926513e-06,0.9999991655349731,0
adl-36-cam0-rgb,data/keypoints/adl/adl-36-cam0-rgb.npz,172,201,0,42,3,4.022691e-06,0.9999991655349731,0
adl-36-cam0-rgb,data/keypoints/adl/adl-36-cam0-rgb.npz,173,202,0,42,3,4.147338e-06,0.9999991655349731,0
adl-36-cam0-rgb,data/keypoints/adl/adl-36-cam0-rgb.npz,174,203,0,42,3,4.2827483e-06,0.9999991655349731,0
adl-36-cam0-rgb,data/keypoints/adl/adl-36-cam0-rgb.npz,175,204,0,42,3,4.393275e-06,0.9999991655349731,0
adl-36-cam0-rgb,data/keypoints/adl/adl-36-cam0-rgb.npz,176,205,0,42,3,4.597333e-06,0.9999991655349731,0
adl-36-cam0-rgb,data/keypoints/adl/adl-36-cam0-rgb.npz,177,206,0,42,3,4.7687126e-06,0.9999991655349731,0
adl-36-cam0-rgb,data/keypoints/adl/adl-36-cam0-rgb.npz,178,207,0,42,3,4.9827377e-06,0.9999991655349731,0
adl-36-cam0-rgb,data/keypoints/adl/adl-36-cam0-rgb.npz,179,208,0,42,3,5.1504267e-06,0.9999991655349731,0
adl-36-cam0-rgb,data/keypoints/adl/adl-36-cam0-rgb.npz,180,209,0,42,3,5.2943415e-06,0.9999991655349731,0
adl-36-cam0-rgb,data/keypoints/adl/adl-36-cam0-rgb.npz,181,210,0,42,3,5.3742287e-06,0.9999991655349731,0
adl-36-cam0-rgb,data/keypoints/adl/adl-36-cam0-rgb.npz,182,211,0,42,3,5.471755e-06,0.9999991655349731,0
adl-36-cam0-rgb,data/keypoints/adl/adl-36-cam0-rgb.npz,183,212,0,42,3,3.9696465e-06,0.9999991655349731,0
adl-36-cam0-rgb,data/keypoints/adl/adl-36-cam0-rgb.npz,184,213,0,42,3,5.0432614e-06,0.9999991655349731,0
adl-36-cam0-rgb,data/keypoints/adl/adl-36-cam0-rgb.npz,185,214,0,42,3,5.0248887e-06,0.9999991655349731,0
adl-36-cam0-rgb,data/keypoints/adl/adl-36-cam0-rgb.npz,186,215,0,42,3,4.982633e-06,0.9999991655349731,0
adl-36-cam0-rgb,data/keypoints/adl/adl-36-cam0-rgb.npz,187,216,0,42,3,4.943972e-06,0.9999991655349731,0
adl-36-cam0-rgb,data/keypoints/adl/adl-36-cam0-rgb.npz,188,217,0,42,3,4.9091477e-06,0.9999991655349731,0
adl-36-cam0-rgb,data/keypoints/adl/adl-36-cam0-rgb.npz,189,218,0,42,3,4.87642e-06,0.9999991655349731,0
adl-36-cam0-rgb,data/keypoints/adl/adl-36-cam0-rgb.npz,190,219,0,42,3,4.8258357e-06,0.9999991655349731,0
adl-36-cam0-rgb,data/keypoints/adl/adl-36-cam0-rgb.npz,191,220,0,42,3,4.7799044e-06,0.9999991655349731,0
adl-36-cam0-rgb,data/keypoints/adl/adl-36-cam0-rgb.npz,192,221,0,42,3,4.736505e-06,0.9999991655349731,0
adl-36-cam0-rgb,data/keypoints/adl/adl-36-cam0-rgb.npz,193,222,0,42,3,4.678619e-06,0.9999991655349731,0
adl-36-cam0-rgb,data/keypoints/adl/adl-36-cam0-rgb.npz,194,223,0,42,3,4.633806e-06,0.9999991655349731,0
adl-36-cam0-rgb,data/keypoints/adl/adl-36-cam0-rgb.npz,195,224,0,42,3,4.5909974e-06,0.9999991655349731,0
adl-36-cam0-rgb,data/keypoints/adl/adl-36-cam0-rgb.npz,196,225,0,42,3,4.543704e-06,0.9999991655349731,0
adl-36-cam0-rgb,data/keypoints/adl/adl-36-cam0-rgb.npz,197,226,0,42,3,4.4919416e-06,0.9999991655349731,0
adl-36-cam0-rgb,data/keypoints/adl/adl-36-cam0-rgb.npz,198,227,0,42,3,4.441244e-06,0.9999991655349731,0
adl-36-cam0-rgb,data/keypoints/adl/adl-36-cam0-rgb.npz,199,228,0,42,3,4.384828e-06,0.9999991655349731,0
adl-36-cam0-rgb,data/keypoints/adl/adl-36-cam0-rgb.npz,200,229,0,42,3,4.327545e-06,0.9999991655349731,0
adl-36-cam0-rgb,data/keypoints/adl/adl-36-cam0-rgb.npz,201,230,0,42,3,4.271812e-06,0.9999991655349731,0
adl-36-cam0-rgb,data/keypoints/adl/adl-36-cam0-rgb.npz,202,231,0,42,3,4.2195084e-06,0.9999991655349731,0
adl-36-cam0-rgb,data/keypoints/adl/adl-36-cam0-rgb.npz,203,232,0,42,3,4.1557196e-06,0.9999991655349731,0
adl-36-cam0-rgb,data/keypoints/adl/adl-36-cam0-rgb.npz,204,233,0,42,3,4.1065523e-06,0.9999991655349731,0
adl-36-cam0-rgb,data/keypoints/adl/adl-36-cam0-rgb.npz,205,234,0,42,3,5.4999537e-06,0.9999991655349731,0
adl-36-cam0-rgb,data/keypoints/adl/adl-36-cam0-rgb.npz,206,235,0,42,3,5.333214e-06,0.9999991655349731,0
adl-36-cam0-rgb,data/keypoints/adl/adl-36-cam0-rgb.npz,207,236,0,42,3,5.2705836e-06,0.9999991655349731,0
adl-36-cam0-rgb,data/keypoints/adl/adl-36-cam0-rgb.npz,208,237,0,42,3,5.109507e-06,0.9999991655349731,0
adl-36-cam0-rgb,data/keypoints/adl/adl-36-cam0-rgb.npz,209,238,0,42,3,4.81193e-06,0.9999991655349731,0
adl-36-cam0-rgb,data/keypoints/adl/adl-36-cam0-rgb.npz,210,239,0,42,3,4.710792e-06,0.9999991655349731,0
adl-36-cam0-rgb,data/keypoints/adl/adl-36-cam0-rgb.npz,211,240,0,42,3,4.656758e-06,0.9999991655349731,0
adl-36-cam0-rgb,data/keypoints/adl/adl-36-cam0-rgb.npz,212,241,0,42,3,4.6835476e-06,0.9999991655349731,0
adl-36-cam0-rgb,data/keypoints/adl/adl-36-cam0-rgb.npz,213,242,0,42,3,4.707029e-06,0.9999991655349731,0
adl-36-cam0-rgb,data/keypoints/adl/adl-36-cam0-rgb.npz,214,243,0,42,3,4.67227e-06,0.9999991655349731,0
adl-36-cam0-rgb,data/keypoints/adl/adl-36-cam0-rgb.npz,215,244,0,42,3,4.595562e-06,0.9999991655349731,0
adl-36-cam0-rgb,data/keypoints/adl/adl-36-cam0-rgb.npz,216,245,0,42,3,4.5415463e-06,0.9999991655349731,0
adl-36-cam0-rgb,data/keypoints/adl/adl-36-cam0-rgb.npz,217,246,0,42,3,4.4616213e-06,0.9999991655349731,0
adl-36-cam0-rgb,data/keypoints/adl/adl-36-cam0-rgb.npz,218,247,0,42,3,4.3987043e-06,0.9999991655349731,0
adl-36-cam0-rgb,data/keypoints/adl/adl-36-cam0-rgb.npz,219,248,0,42,3,4.347019e-06,0.9999991655349731,0
adl-36-cam0-rgb,data/keypoints/adl/adl-36-cam0-rgb.npz,220,249,0,42,3,4.319002e-06,0.9999991655349731,0
adl-36-cam0-rgb,data/keypoints/adl/adl-36-cam0-rgb.npz,221,250,0,42,3,4.2134243e-06,0.9999991655349731,0
adl-36-cam0-rgb,data/keypoints/adl/adl-36-cam0-rgb.npz,222,251,0,42,3,4.238067e-06,0.9999991655349731,0
adl-36-cam0-rgb,data/keypoints/adl/adl-36-cam0-rgb.npz,223,252,0,42,3,4.2746487e-06,0.9999991655349731,0
adl-36-cam0-rgb,data/keypoints/adl/adl-36-cam0-rgb.npz,224,253,0,42,3,4.2401452e-06,0.9999991655349731,0
adl-36-cam0-rgb,data/keypoints/adl/adl-36-cam0-rgb.npz,225,254,0,42,3,4.1992757e-06,0.9999991655349731,0
adl-36-cam0-rgb,data/keypoints/adl/adl-36-cam0-rgb.npz,226,255,0,42,3,4.1227545e-06,0.9999991655349731,0
adl-36-cam0-rgb,data/keypoints/adl/adl-36-cam0-rgb.npz,227,256,0,42,3,4.083118e-06,0.9999991655349731,0
adl-36-cam0-rgb,data/keypoints/adl/adl-36-cam0-rgb.npz,228,257,0,42,3,4.0462073e-06,0.9999991655349731,0
adl-36-cam0-rgb,data/keypoints/adl/adl-36-cam0-rgb.npz,229,258,0,42,3,4.0176074e-06,0.9999991655349731,0
adl-36-cam0-rgb,data/keypoints/adl/adl-36-cam0-rgb.npz,230,259,0,42,3,3.988723e-06,0.9999991655349731,0
adl-36-cam0-rgb,data/keypoints/adl/adl-36-cam0-rgb.npz,231,260,0,42,3,3.9772826e-06,0.9999991655349731,0
adl-36-cam0-rgb,data/keypoints/adl/adl-36-cam0-rgb.npz,232,261,0,42,3,3.9862134e-06,0.9999991655349731,0
adl-36-cam0-rgb,data/keypoints/adl/adl-36-cam0-rgb.npz,233,262,0,42,3,4.023186e-06,0.9999991655349731,0
adl-36-cam0-rgb,data/keypoints/adl/adl-36-cam0-rgb.npz,234,263,0,42,3,4.0562836e-06,0.9999991655349731,0
adl-36-cam0-rgb,data/keypoints/adl/adl-36-cam0-rgb.npz,235,264,0,42,3,4.0643226e-06,0.9999991655349731,0
adl-36-cam0-rgb,data/keypoints/adl/adl-36-cam0-rgb.npz,236,265,0,42,3,4.1275225e-06,0.9999991655349731,0
adl-36-cam0-rgb,data/keypoints/adl/adl-36-cam0-rgb.npz,237,266,0,42,3,4.1141016e-06,0.9999991655349731,0
adl-36-cam0-rgb,data/keypoints/adl/adl-36-cam0-rgb.npz,238,267,0,42,3,4.1100275e-06,0.9999991655349731,0
adl-36-cam0-rgb,data/keypoints/adl/adl-36-cam0-rgb.npz,239,268,0,42,3,4.059341e-06,0.9999991655349731,0
adl-36-cam0-rgb,data/keypoints/adl/adl-36-cam0-rgb.npz,240,269,0,42,3,4.088815e-06,0.9999991655349731,0
adl-36-cam0-rgb,data/keypoints/adl/adl-36-cam0-rgb.npz,241,270,0,42,3,4.1109292e-06,0.9999991655349731,0
adl-36-cam0-rgb,data/keypoints/adl/adl-36-cam0-rgb.npz,242,271,0,42,3,4.1670423e-06,0.9999991655349731,0
adl-36-cam0-rgb,data/keypoints/adl/adl-36-cam0-rgb.npz,243,272,0,42,3,4.22929e-06,0.9999991655349731,0
adl-36-cam0-rgb,data/keypoints/adl/adl-36-cam0-rgb.npz,244,273,0,42,3,4.2933398e-06,0.9999991655349731,0
adl-36-cam0-rgb,data/keypoints/adl/adl-36-cam0-rgb.npz,245,274,0,42,3,4.330534e-06,0.9999991655349731,0
adl-36-cam0-rgb,data/keypoints/adl/adl-36-cam0-rgb.npz,246,275,0,42,3,4.3251557e-06,0.9999991655349731,0
adl-36-cam0-rgb,data/keypoints/adl/adl-36-cam0-rgb.npz,247,276,0,42,3,4.3546866e-06,0.9999991655349731,0
adl-36-cam0-rgb,data/keypoints/adl/adl-36-cam0-rgb.npz,248,277,0,42,3,4.310879e-06,0.9999991655349731,0
adl-36-cam0-rgb,data/keypoints/adl/adl-36-cam0-rgb.npz,249,278,0,42,3,4.299219e-06,0.9999991655349731,0
adl-36-cam0-rgb,data/keypoints/adl/adl-36-cam0-rgb.npz,250,279,0,42,3,4.278727e-06,0.9999991655349731,0
adl-36-cam0-rgb,data/keypoints/adl/adl-36-cam0-rgb.npz,251,280,0,42,3,4.3543873e-06,0.9999991655349731,0
adl-36-cam0-rgb,data/keypoints/adl/adl-36-cam0-rgb.npz,252,281,0,42,3,4.3241375e-06,0.9999991655349731,0
adl-36-cam0-rgb,data/keypoints/adl/adl-36-cam0-rgb.npz,253,282,0,42,3,6.6337975e-06,0.9999991655349731,0
adl-36-cam0-rgb,data/keypoints/adl/adl-36-cam0-rgb.npz,254,283,0,42,3,6.6088055e-06,0.9999991655349731,0
adl-36-cam0-rgb,data/keypoints/adl/adl-36-cam0-rgb.npz,255,284,0,42,3,6.6193006e-06,0.9999991655349731,0
adl-36-cam0-rgb,data/keypoints/adl/adl-36-cam0-rgb.npz,256,285,0,42,3,6.696675e-06,0.9999991655349731,0
adl-36-cam0-rgb,data/keypoints/adl/adl-36-cam0-rgb.npz,257,286,0,42,3,6.7533947e-06,0.9999991655349731,0
adl-36-cam0-rgb,data/keypoints/adl/adl-36-cam0-rgb.npz,258,287,0,42,3,6.7360015e-06,0.9999991655349731,0
adl-36-cam0-rgb,data/keypoints/adl/adl-36-cam0-rgb.npz,259,288,0,42,3,6.766185e-06,0.9999991655349731,0
adl-36-cam0-rgb,data/keypoints/adl/adl-36-cam0-rgb.npz,260,289,0,42,3,6.806882e-06,0.9999991655349731,0
adl-36-cam0-rgb,data/keypoints/adl/adl-36-cam0-rgb.npz,261,290,0,42,3,6.7462815e-06,0.9999991655349731,0
adl-36-cam0-rgb,data/keypoints/adl/adl-36-cam0-rgb.npz,262,291,0,42,3,6.7549663e-06,0.9999991655349731,0
adl-36-cam0-rgb,data/keypoints/adl/adl-36-cam0-rgb.npz,263,292,0,42,3,6.7015817e-06,0.9999991655349731,0
adl-36-cam0-rgb,data/keypoints/adl/adl-36-cam0-rgb.npz,264,293,0,42,3,6.5762624e-06,0.9999991655349731,0
adl-36-cam0-rgb,data/keypoints/adl/adl-36-cam0-rgb.npz,265,294,0,42,3,6.5651466e-06,0.9999991655349731,0
adl-36-cam0-rgb,data/keypoints/adl/adl-36-cam0-rgb.npz,266,295,0,42,3,6.5642575e-06,0.9999991655349731,0
adl-36-cam0-rgb,data/keypoints/adl/adl-36-cam0-rgb.npz,267,296,0,42,3,6.5822737e-06,0.9999991655349731,0
adl-36-cam0-rgb,data/keypoints/adl/adl-36-cam0-rgb.npz,268,297,0,42,3,6.594759e-06,0.9999991655349731,0
adl-36-cam0-rgb,data/keypoints/adl/adl-36-cam0-rgb.npz,269,298,0,42,3,1.027265e-05,0.9999991655349731,0
adl-36-cam0-rgb,data/keypoints/adl/adl-36-cam0-rgb.npz,270,299,0,42,3,1.0336879e-05,0.9999991655349731,0
adl-36-cam0-rgb,data/keypoints/adl/adl-36-cam0-rgb.npz,271,300,0,42,3,1.0560154e-05,0.9999991655349731,0
adl-36-cam0-rgb,data/keypoints/adl/adl-36-cam0-rgb.npz,272,301,0,42,3,1.0718577e-05,0.9999991655349731,0
adl-36-cam0-rgb,data/keypoints/adl/adl-36-cam0-rgb.npz,273,302,0,42,3,1.0825909e-05,0.9999991655349731,0
adl-36-cam0-rgb,data/keypoints/adl/adl-36-cam0-rgb.npz,274,303,0,42,3,1.0963072e-05,0.9999991655349731,0
adl-36-cam0-rgb,data/keypoints/adl/adl-36-cam0-rgb.npz,275,304,0,42,3,1.1043661e-05,0.9999991655349731,0
adl-36-cam0-rgb,data/keypoints/adl/adl-36-cam0-rgb.npz,276,305,0,42,3,1.107375e-05,0.9999991655349731,0
adl-36-cam0-rgb,data/keypoints/adl/adl-36-cam0-rgb.npz,277,306,0,42,3,1.1129088e-05,0.9999991655349731,0
adl-36-cam0-rgb,data/keypoints/adl/adl-36-cam0-rgb.npz,278,307,0,42,3,1.091273e-05,0.9999991655349731,0
adl-36-cam0-rgb,data/keypoints/adl/adl-36-cam0-rgb.npz,279,308,0,42,3,1.1001289e-05,0.9999991655349731,0
adl-36-cam0-rgb,data/keypoints/adl/adl-36-cam0-rgb.npz,280,309,0,42,3,1.061251e-05,0.9999991655349731,0
adl-36-cam0-rgb,data/keypoints/adl/adl-36-cam0-rgb.npz,281,310,0,42,3,1.0414933e-05,0.9999991655349731,0
adl-36-cam0-rgb,data/keypoints/adl/adl-36-cam0-rgb.npz,282,311,0,42,3,1.0223822e-05,0.9999991655349731,0
adl-36-cam0-rgb,data/keypoints/adl/adl-36-cam0-rgb.npz,283,312,0,42,3,1.0085822e-05,0.9999991655349731,0
adl-36-cam0-rgb,data/keypoints/adl/adl-36-cam0-rgb.npz,284,313,0,42,3,9.991124e-06,0.9999991655349731,0
adl-36-cam0-rgb,data/keypoints/adl/adl-36-cam0-rgb.npz,285,314,0,42,3,9.799926e-06,0.9999991655349731,0
adl-36-cam0-rgb,data/keypoints/adl/adl-36-cam0-rgb.npz,286,315,0,42,3,7.884345e-05,0.9999991655349731,0
adl-36-cam0-rgb,data/keypoints/adl/adl-36-cam0-rgb.npz,287,316,0,42,3,7.771814e-05,0.9999991655349731,0
adl-36-cam0-rgb,data/keypoints/adl/adl-36-cam0-rgb.npz,288,317,0,42,3,8.138044e-05,0.9999991655349731,0
adl-36-cam0-rgb,data/keypoints/adl/adl-36-cam0-rgb.npz,289,318,0,42,3,8.435259e-05,0.9999991655349731,0
adl-36-cam0-rgb,data/keypoints/adl/adl-36-cam0-rgb.npz,290,319,0,42,3,8.0939e-05,0.9999991655349731,0
adl-36-cam0-rgb,data/keypoints/adl/adl-36-cam0-rgb.npz,291,320,0,42,3,8.355697e-05,0.9999991655349731,0
adl-36-cam0-rgb,data/keypoints/adl/adl-36-cam0-rgb.npz,292,321,0,42,3,8.054432e-05,0.9999991655349731,0
adl-36-cam0-rgb,data/keypoints/adl/adl-36-cam0-rgb.npz,293,322,0,42,3,8.6715205e-05,0.9999991655349731,0
adl-36-cam0-rgb,data/keypoints/adl/adl-36-cam0-rgb.npz,294,323,0,42,3,9.534997e-05,0.9999991655349731,0
adl-36-cam0-rgb,data/keypoints/adl/adl-36-cam0-rgb.npz,295,324,0,42,3,0.00012063146,0.9999991655349731,0
adl-36-cam0-rgb,data/keypoints/adl/adl-36-cam0-rgb.npz,296,325,0,42,3,0.0001314202,0.9999991655349731,0
adl-36-cam0-rgb,data/keypoints/adl/adl-36-cam0-rgb.npz,297,326,0,42,3,0.00014004971,0.9999991655349731,0
adl-36-cam0-rgb,data/keypoints/adl/adl-36-cam0-rgb.npz,298,327,0,42,3,0.0001376465,0.9999991655349731,0
adl-36-cam0-rgb,data/keypoints/adl/adl-36-cam0-rgb.npz,299,328,0,42,3,0.00015624554,0.9999991655349731,0
adl-36-cam0-rgb,data/keypoints/adl/adl-36-cam0-rgb.npz,300,329,0,42,3,0.000206894,0.9999991655349731,0
adl-36-cam0-rgb,data/keypoints/adl/adl-36-cam0-rgb.npz,301,330,0,42,3,0.00013163267,0.9999991655349731,0
adl-36-cam0-rgb,data/keypoints/adl/adl-36-cam0-rgb.npz,302,331,0,42,3,0.00010415641,0.9999991655349731,0
adl-36-cam0-rgb,data/keypoints/adl/adl-36-cam0-rgb.npz,303,332,0,42,3,0.00011077226,0.9999991655349731,0
adl-36-cam0-rgb,data/keypoints/adl/adl-36-cam0-rgb.npz,304,333,0,42,3,0.00011554391,0.9999991655349731,0
adl-36-cam0-rgb,data/keypoints/adl/adl-36-cam0-rgb.npz,305,334,0,42,3,0.00012036374,0.9999991655349731,0
adl-36-cam0-rgb,data/keypoints/adl/adl-36-cam0-rgb.npz,306,335,0,42,3,0.00012607529,0.9999991655349731,0
adl-36-cam0-rgb,data/keypoints/adl/adl-36-cam0-rgb.npz,307,336,0,42,3,0.00013297166,0.9999991655349731,0
adl-36-cam0-rgb,data/keypoints/adl/adl-36-cam0-rgb.npz,308,337,0,42,3,0.00013932593,0.9999991655349731,0
adl-36-cam0-rgb,data/keypoints/adl/adl-36-cam0-rgb.npz,309,338,0,42,3,0.00014403858,0.9999991655349731,0
adl-36-cam0-rgb,data/keypoints/adl/adl-36-cam0-rgb.npz,310,339,0,42,3,0.00015562966,0.9999991655349731,0
adl-36-cam0-rgb,data/keypoints/adl/adl-36-cam0-rgb.npz,311,340,0,42,3,0.00016534774,0.9999991655349731,0
fall-04-cam0-rgb,data/keypoints/fall/fall-04-cam0-rgb.npz,1,30,0,42,3,6.4281962e-06,0.9999991655349731,0
fall-04-cam0-rgb,data/keypoints/fall/fall-04-cam0-rgb.npz,2,31,0,42,3,1.0057623e-05,0.9999991655349731,0
fall-04-cam0-rgb,data/keypoints/fall/fall-04-cam0-rgb.npz,3,32,0,42,3,1.4919802e-05,0.9999991655349731,0
fall-04-cam0-rgb,data/keypoints/fall/fall-04-cam0-rgb.npz,4,33,0,42,3,2.2531303e-05,0.9999991655349731,0
fall-04-cam0-rgb,data/keypoints/fall/fall-04-cam0-rgb.npz,5,34,0,42,3,4.3672962e-06,0.9999991655349731,0
fall-04-cam0-rgb,data/keypoints/fall/fall-04-cam0-rgb.npz,6,35,0,42,3,5.0836206e-06,0.9999991655349731,0
fall-04-cam0-rgb,data/keypoints/fall/fall-04-cam0-rgb.npz,7,36,0,42,3,9.585448e-05,0.9999991655349731,0
fall-04-cam0-rgb,data/keypoints/fall/fall-04-cam0-rgb.npz,8,37,0,42,3,0.001025848,0.9999991655349731,0
fall-04-cam0-rgb,data/keypoints/fall/fall-04-cam0-rgb.npz,9,38,0,42,3,7.086793e-05,0.9999991655349731,0
fall-04-cam0-rgb,data/keypoints/fall/fall-04-cam0-rgb.npz,10,39,0,42,3,0.00069237774,0.9999991655349731,0
fall-04-cam0-rgb,data/keypoints/fall/fall-04-cam0-rgb.npz,11,40,0,42,3,0.0033357495,0.9999991655349731,0
fall-04-cam0-rgb,data/keypoints/fall/fall-04-cam0-rgb.npz,12,41,0,42,3,0.0133358855,0.9999991655349731,0
fall-04-cam0-rgb,data/keypoints/fall/fall-04-cam0-rgb.npz,13,42,0,42,3,0.058438912,0.9999991655349731,0
fall-04-cam0-rgb,data/keypoints/fall/fall-04-cam0-rgb.npz,15,44,1,42,3,0.80789953,0.9999991655349731,0
fall-04-cam0-rgb,data/keypoints/fall/fall-04-cam0-rgb.npz,16,45,1,42,3,0.99309313,0.9999991655349731,0
fall-04-cam0-rgb,data/keypoints/fall/fall-04-cam0-rgb.npz,17,46,1,42,3,0.99999964,0.9999991655349731,1
fall-04-cam0-rgb,data/keypoints/fall/fall-04-cam0-rgb.npz,18,47,1,42,3,0.99999964,0.9999991655349731,1
fall-04-cam0-rgb,data/keypoints/fall/fall-04-cam0-rgb.npz,19,48,1,42,3,0.99999964,0.9999991655349731,1
fall-04-cam0-rgb,data/keypoints/fall/fall-04-cam0-rgb.npz,20,49,1,42,3,0.99999964,0.9999991655349731,1
fall-04-cam0-rgb,data/keypoints/fall/fall-04-cam0-rgb.npz,21,50,1,42,3,0.99999964,0.9999991655349731,1
fall-04-cam0-rgb,data/keypoints/fall/fall-04-cam0-rgb.npz,22,51,1,42,3,0.99999964,0.9999991655349731,1
fall-04-cam0-rgb,data/keypoints/fall/fall-04-cam0-rgb.npz,23,52,1,42,3,0.99999964,0.9999991655349731,1
fall-04-cam0-rgb,data/keypoints/fall/fall-04-cam0-rgb.npz,24,53,1,42,3,0.99999964,0.9999991655349731,1
fall-04-cam0-rgb,data/keypoints/fall/fall-04-cam0-rgb.npz,25,54,1,42,3,0.99999964,0.9999991655349731,1
fall-04-cam0-rgb,data/keypoints/fall/fall-04-cam0-rgb.npz,26,55,1,42,3,0.99999964,0.9999991655349731,1
fall-04-cam0-rgb,data/keypoints/fall/fall-04-cam0-rgb.npz,27,56,1,42,3,0.99999964,0.9999991655349731,1
fall-04-cam0-rgb,data/keypoints/fall/fall-04-cam0-rgb.npz,28,57,1,42,3,0.99999964,0.9999991655349731,1
fall-04-cam0-rgb,data/keypoints/fall/fall-04-cam0-rgb.npz,29,58,1,42,3,0.99999964,0.9999991655349731,1
fall-04-cam0-rgb,data/keypoints/fall/fall-04-cam0-rgb.npz,30,59,1,42,3,0.99999964,0.9999991655349731,1
fall-04-cam0-rgb,data/keypoints/fall/fall-04-cam0-rgb.npz,31,60,1,42,3,0.99999964,0.9999991655349731,1
fall-04-cam0-rgb,data/keypoints/fall/fall-04-cam0-rgb.npz,32,61,1,42,3,0.99999964,0.9999991655349731,1
fall-04-cam0-rgb,data/keypoints/fall/fall-04-cam0-rgb.npz,33,62,1,42,3,0.99999964,0.9999991655349731,1
fall-04-cam0-rgb,data/keypoints/fall/fall-04-cam0-rgb.npz,34,63,1,42,3,0.99999964,0.9999991655349731,1
fall-04-cam0-rgb,data/keypoints/fall/fall-04-cam0-rgb.npz,35,64,1,42,3,0.99999964,0.9999991655349731,1
fall-04-cam0-rgb,data/keypoints/fall/fall-04-cam0-rgb.npz,36,65,1,42,3,0.99999964,0.9999991655349731,1
fall-04-cam0-rgb,data/keypoints/fall/fall-04-cam0-rgb.npz,37,66,1,42,3,0.99999964,0.9999991655349731,1
fall-04-cam0-rgb,data/keypoints/fall/fall-04-cam0-rgb.npz,38,67,1,42,3,0.99999964,0.9999991655349731,1
fall-04-cam0-rgb,data/keypoints/fall/fall-04-cam0-rgb.npz,39,68,1,42,3,0.99999964,0.9999991655349731,1
fall-04-cam0-rgb,data/keypoints/fall/fall-04-cam0-rgb.npz,40,69,1,42,3,0.99999964,0.9999991655349731,1
fall-04-cam0-rgb,data/keypoints/fall/fall-04-cam0-rgb.npz,41,70,1,42,3,0.99999964,0.9999991655349731,1
fall-04-cam0-rgb,data/keypoints/fall/fall-04-cam0-rgb.npz,42,71,1,42,3,0.99999964,0.9999991655349731,1
fall-04-cam0-rgb,data/keypoints/fall/fall-04-cam0-rgb.npz,43,72,1,42,3,0.99999964,0.9999991655349731,1
fall-04-cam0-rgb,data/keypoints/fall/fall-04-cam0-rgb.npz,44,73,1,42,3,0.99999964,0.9999991655349731,1
fall-04-cam0-rgb,data/keypoints/fall/fall-04-cam0-rgb.npz,45,74,1,42,3,0.99999964,0.9999991655349731,1
fall-04-cam0-rgb,data/keypoints/fall/fall-04-cam0-rgb.npz,46,75,1,42,3,0.99999964,0.9999991655349731,1
fall-04-cam0-rgb,data/keypoints/fall/fall-04-cam0-rgb.npz,47,76,1,42,3,0.99999905,0.9999991655349731,0
fall-04-cam0-rgb,data/keypoints/fall/fall-04-cam0-rgb.npz,48,77,1,42,3,0.9999993,0.9999991655349731,1
fall-04-cam0-rgb,data/keypoints/fall/fall-04-cam0-rgb.npz,49,78,1,42,3,0.9999993,0.9999991655349731,1
fall-04-cam0-rgb,data/keypoints/fall/fall-04-cam0-rgb.npz,50,79,1,42,3,0.99999964,0.9999991655349731,1
fall-04-cam0-rgb,data/keypoints/fall/fall-04-cam0-rgb.npz,51,80,1,42,3,0.9999995,0.9999991655349731,1
fall-04-cam0-rgb,data/keypoints/fall/fall-04-cam0-rgb.npz,52,81,1,42,3,0.9999995,0.9999991655349731,1
fall-04-cam0-rgb,data/keypoints/fall/fall-04-cam0-rgb.npz,53,82,1,42,3,0.9999995,0.9999991655349731,1
fall-04-cam0-rgb,data/keypoints/fall/fall-04-cam0-rgb.npz,54,83,1,42,3,0.9999993,0.9999991655349731,1
fall-04-cam0-rgb,data/keypoints/fall/fall-04-cam0-rgb.npz,55,84,1,42,3,0.9999993,0.9999991655349731,1
fall-04-cam0-rgb,data/keypoints/fall/fall-04-cam0-rgb.npz,56,85,1,42,3,0.99999964,0.9999991655349731,1
fall-04-cam0-rgb,data/keypoints/fall/fall-04-cam0-rgb.npz,57,86,1,42,3,0.99999964,0.9999991655349731,1
fall-04-cam0-rgb,data/keypoints/fall/fall-04-cam0-rgb.npz,58,87,1,42,3,0.99999964,0.9999991655349731,1
fall-04-cam0-rgb,data/keypoints/fall/fall-04-cam0-rgb.npz,59,88,1,42,3,0.99999964,0.9999991655349731,1
fall-04-cam0-rgb,data/keypoints/fall/fall-04-cam0-rgb.npz,60,89,1,42,3,0.99999964,0.9999991655349731,1
fall-04-cam0-rgb,data/keypoints/fall/fall-04-cam0-rgb.npz,61,90,1,42,3,0.99999964,0.9999991655349731,1
fall-04-cam0-rgb,data/keypoints/fall/fall-04-cam0-rgb.npz,62,91,1,42,3,0.9999995,0.9999991655349731,1
fall-04-cam0-rgb,data/keypoints/fall/fall-04-cam0-rgb.npz,63,92,1,42,3,0.9999994,0.9999991655349731,1
fall-04-cam0-rgb,data/keypoints/fall/fall-04-cam0-rgb.npz,64,93,1,42,3,0.9999993,0.9999991655349731,1
fall-04-cam0-rgb,data/keypoints/fall/fall-04-cam0-rgb.npz,65,94,1,42,3,0.9999988,0.9999991655349731,0
fall-04-cam0-rgb,data/keypoints/fall/fall-04-cam0-rgb.npz,66,95,1,42,3,0.99999714,0.9999991655349731,0
fall-04-cam0-rgb,data/keypoints/fall/fall-04-cam0-rgb.npz,67,96,1,42,3,0.9999945,0.9999991655349731,0
fall-07-cam0-rgb,data/keypoints/fall/fall-07-cam0-rgb.npz,1,30,0,42,3,4.1011945e-06,0.9999991655349731,0
fall-07-cam0-rgb,data/keypoints/fall/fall-07-cam0-rgb.npz,2,31,0,42,3,4.073721e-06,0.9999991655349731,0
fall-07-cam0-rgb,data/keypoints/fall/fall-07-cam0-rgb.npz,3,32,0,42,3,4.0448494e-06,0.9999991655349731,0
fall-07-cam0-rgb,data/keypoints/fall/fall-07-cam0-rgb.npz,4,33,0,42,3,4.0456675e-06,0.9999991655349731,0
fall-07-cam0-rgb,data/keypoints/fall/fall-07-cam0-rgb.npz,5,34,0,42,3,3.984405e-06,0.9999991655349731,0
fall-07-cam0-rgb,data/keypoints/fall/fall-07-cam0-rgb.npz,6,35,0,42,3,3.9111937e-06,0.9999991655349731,0
fall-07-cam0-rgb,data/keypoints/fall/fall-07-cam0-rgb.npz,7,36,0,42,3,3.8838148e-06,0.9999991655349731,0
fall-07-cam0-rgb,data/keypoints/fall/fall-07-cam0-rgb.npz,8,37,0,42,3,3.8526546e-06,0.9999991655349731,0
fall-07-cam0-rgb,data/keypoints/fall/fall-07-cam0-rgb.npz,9,38,0,42,3,3.7385998e-06,0.9999991655349731,0
fall-07-cam0-rgb,data/keypoints/fall/fall-07-cam0-rgb.npz,10,39,0,42,3,3.6271163e-06,0.9999991655349731,0
fall-07-cam0-rgb,data/keypoints/fall/fall-07-cam0-rgb.npz,11,40,0,42,3,3.5369835e-06,0.9999991655349731,0
fall-07-cam0-rgb,data/keypoints/fall/fall-07-cam0-rgb.npz,12,41,0,42,3,3.4146344e-06,0.9999991655349731,0
fall-07-cam0-rgb,data/keypoints/fall/fall-07-cam0-rgb.npz,13,42,0,42,3,3.3860722e-06,0.9999991655349731,0
fall-07-cam0-rgb,data/keypoints/fall/fall-07-cam0-rgb.npz,14,43,0,42,3,3.3504266e-06,0.9999991655349731,0
fall-07-cam0-rgb,data/keypoints/fall/fall-07-cam0-rgb.npz,15,44,0,42,3,3.2606301e-06,0.9999991655349731,0
fall-07-cam0-rgb,data/keypoints/fall/fall-07-cam0-rgb.npz,16,45,0,42,3,3.1488555e-06,0.9999991655349731,0
fall-07-cam0-rgb,data/keypoints/fall/fall-07-cam0-rgb.npz,17,46,0,42,3,3.0337026e-06,0.9999991655349731,0
fall-07-cam0-rgb,data/keypoints/fall/fall-07-cam0-rgb.npz,18,47,0,42,3,2.9094565e-06,0.9999991655349731,0
fall-07-cam0-rgb,data/keypoints/fall/fall-07-cam0-rgb.npz,19,48,0,42,3,2.8162062e-06,0.9999991655349731,0
fall-07-cam0-rgb,data/keypoints/fall/fall-07-cam0-rgb.npz,20,49,0,42,3,2.7353408e-06,0.9999991655349731,0
fall-07-cam0-rgb,data/keypoints/fall/fall-07-cam0-rgb.npz,21,50,0,42,3,2.6762666e-06,0.9999991655349731,0
fall-07-cam0-rgb,data/keypoints/fall/fall-07-cam0-rgb.npz,22,51,0,42,3,2.60764e-06,0.9999991655349731,0
fall-07-cam0-rgb,data/keypoints/fall/fall-07-cam0-rgb.npz,23,52,0,42,3,2.3807982e-06,0.9999991655349731,0
fall-07-cam0-rgb,data/keypoints/fall/fall-07-cam0-rgb.npz,24,53,0,42,3,2.3569148e-06,0.9999991655349731,0
fall-07-cam0-rgb,data/keypoints/fall/fall-07-cam0-rgb.npz,25,54,0,42,3,2.3336854e-06,0.9999991655349731,0
fall-07-cam0-rgb,data/keypoints/fall/fall-07-cam0-rgb.npz,26,55,0,42,3,2.3038283e-06,0.9999991655349731,0
fall-07-cam0-rgb,data/keypoints/fall/fall-07-cam0-rgb.npz,27,56,0,42,3,2.2712343e-06,0.9999991655349731,0
fall-07-cam0-rgb,data/keypoints/fall/fall-07-cam0-rgb.npz,28,57,0,42,3,2.230093e-06,0.9999991655349731,0
fall-07-cam0-rgb,data/keypoints/fall/fall-07-cam0-rgb.npz,29,58,0,42,3,2.1999854e-06,0.9999991655349731,0
fall-07-cam0-rgb,data/keypoints/fall/fall-07-cam0-rgb.npz,30,59,0,42,3,2.168873e-06,0.9999991655349731,0
fall-07-cam0-rgb,data/keypoints/fall/fall-07-cam0-rgb.npz,31,60,0,42,3,2.151176e-06,0.9999991655349731,0
fall-07-cam0-rgb,data/keypoints/fall/fall-07-cam0-rgb.npz,32,61,0,42,3,2.125307e-06,0.9999991655349731,0
fall-07-cam0-rgb,data/keypoints/fall/fall-07-cam0-rgb.npz,33,62,0,42,3,2.1071132e-06,0.9999991655349731,0
fall-07-cam0-rgb,data/keypoints/fall/fall-07-cam0-rgb.npz,34,63,0,42,3,2.0968998e-06,0.9999991655349731,0
fall-07-cam0-rgb,data/keypoints/fall/fall-07-cam0-rgb.npz,35,64,0,42,3,2.0905022e-06,0.9999991655349731,0
fall-07-cam0-rgb,data/keypoints/fall/fall-07-cam0-rgb.npz,36,65,0,42,3,2.089685e-06,0.9999991655349731,0
fall-07-cam0-rgb,data/keypoints/fall/fall-07-cam0-rgb.npz,37,66,0,42,3,2.0914833e-06,0.9999991655349731,0
fall-07-cam0-rgb,data/keypoints/fall/fall-07-cam0-rgb.npz,38,67,0,42,3,2.0961918e-06,0.9999991655349731,0
fall-07-cam0-rgb,data/keypoints/fall/fall-07-cam0-rgb.npz,39,68,0,42,3,2.1027513e-06,0.9999991655349731,0
fall-07-cam0-rgb,data/keypoints/fall/fall-07-cam0-rgb.npz,40,69,0,42,3,2.1120566e-06,0.9999991655349731,0
fall-07-cam0-rgb,data/keypoints/fall/fall-07-cam0-rgb.npz,41,70,0,42,3,2.1223136e-06,0.9999991655349731,0
fall-07-cam0-rgb,data/keypoints/fall/fall-07-cam0-rgb.npz,42,71,0,42,3,2.133031e-06,0.9999991655349731,0
fall-07-cam0-rgb,data/keypoints/fall/fall-07-cam0-rgb.npz,43,72,0,42,3,2.144797e-06,0.9999991655349731,0
fall-07-cam0-rgb,data/keypoints/fall/fall-07-cam0-rgb.npz,44,73,0,42,3,2.1570802e-06,0.9999991655349731,0
fall-07-cam0-rgb,data/keypoints/fall/fall-07-cam0-rgb.npz,45,74,0,42,3,2.1701371e-06,0.9999991655349731,0
fall-07-cam0-rgb,data/keypoints/fall/fall-07-cam0-rgb.npz,46,75,0,42,3,2.1835021e-06,0.9999991655349731,0
fall-07-cam0-rgb,data/keypoints/fall/fall-07-cam0-rgb.npz,47,76,0,42,3,2.1951087e-06,0.9999991655349731,0
fall-07-cam0-rgb,data/keypoints/fall/fall-07-cam0-rgb.npz,48,77,0,42,3,2.2065155e-06,0.9999991655349731,0
fall-07-cam0-rgb,data/keypoints/fall/fall-07-cam0-rgb.npz,49,78,0,42,3,2.2167662e-06,0.9999991655349731,0
fall-07-cam0-rgb,data/keypoints/fall/fall-07-cam0-rgb.npz,50,79,0,42,3,2.2267864e-06,0.9999991655349731,0
fall-07-cam0-rgb,data/keypoints/fall/fall-07-cam0-rgb.npz,51,80,0,42,3,2.2366044e-06,0.9999991655349731,0
fall-07-cam0-rgb,data/keypoints/fall/fall-07-cam0-rgb.npz,52,81,0,42,3,2.2454738e-06,0.9999991655349731,0
fall-07-cam0-rgb,data/keypoints/fall/fall-07-cam0-rgb.npz,53,82,0,42,3,2.253482e-06,0.9999991655349731,0
fall-07-cam0-rgb,data/keypoints/fall/fall-07-cam0-rgb.npz,54,83,0,42,3,2.2609624e-06,0.9999991655349731,0
fall-07-cam0-rgb,data/keypoints/fall/fall-07-cam0-rgb.npz,55,84,0,42,3,2.2681497e-06,0.9999991655349731,0
fall-07-cam0-rgb,data/keypoints/fall/fall-07-cam0-rgb.npz,56,85,0,42,3,2.2764234e-06,0.9999991655349731,0
fall-07-cam0-rgb,data/keypoints/fall/fall-07-cam0-rgb.npz,57,86,0,42,3,2.285706e-06,0.9999991655349731,0
fall-07-cam0-rgb,data/keypoints/fall/fall-07-cam0-rgb.npz,58,87,0,42,3,2.2958623e-06,0.9999991655349731,0
fall-07-cam0-rgb,data/keypoints/fall/fall-07-cam0-rgb.npz,59,88,0,42,3,2.3062905e-06,0.9999991655349731,0
fall-07-cam0-rgb,data/keypoints/fall/fall-07-cam0-rgb.npz,60,89,0,42,3,2.3171174e-06,0.9999991655349731,0
fall-07-cam0-rgb,data/keypoints/fall/fall-07-cam0-rgb.npz,61,90,0,42,3,2.3285545e-06,0.9999991655349731,0
fall-07-cam0-rgb,data/keypoints/fall/fall-07-cam0-rgb.npz,62,91,0,42,3,2.3400455e-06,0.9999991655349731,0
fall-07-cam0-rgb,data/keypoints/fall/fall-07-cam0-rgb.npz,63,92,0,42,3,2.3512528e-06,0.9999991655349731,0
fall-07-cam0-rgb,data/keypoints/fall/fall-07-cam0-rgb.npz,64,93,0,42,3,2.3006446e-06,0.9999991655349731,0
fall-07-cam0-rgb,data/keypoints/fall/fall-07-cam0-rgb.npz,65,94,0,42,3,2.381961e-06,0.9999991655349731,0
fall-07-cam0-rgb,data/keypoints/fall/fall-07-cam0-rgb.npz,66,95,0,42,3,2.702009e-06,0.9999991655349731,0
fall-07-cam0-rgb,data/keypoints/fall/fall-07-cam0-rgb.npz,67,96,0,42,3,2.6477876e-06,0.9999991655349731,0
fall-07-cam0-rgb,data/keypoints/fall/fall-07-cam0-rgb.npz,68,97,0,42,3,2.7522e-06,0.9999991655349731,0
fall-07-cam0-rgb,data/keypoints/fall/fall-07-cam0-rgb.npz,69,98,0,42,3,2.7542455e-06,0.9999991655349731,0
fall-07-cam0-rgb,data/keypoints/fall/fall-07-cam0-rgb.npz,70,99,0,42,3,2.7514784e-06,0.9999991655349731,0
fall-07-cam0-rgb,data/keypoints/fall/fall-07-cam0-rgb.npz,71,100,0,42,3,2.7554697e-06,0.9999991655349731,0
fall-07-cam0-rgb,data/keypoints/fall/fall-07-cam0-rgb.npz,72,101,0,42,3,2.7932383e-06,0.9999991655349731,0
fall-07-cam0-rgb,data/keypoints/fall/fall-07-cam0-rgb.npz,73,102,0,42,3,2.9365347e-06,0.9999991655349731,0
fall-07-cam0-rgb,data/keypoints/fall/fall-07-cam0-rgb.npz,74,103,0,42,3,3.3197628e-06,0.9999991655349731,0
fall-07-cam0-rgb,data/keypoints/fall/fall-07-cam0-rgb.npz,75,104,0,42,3,3.7139023e-06,0.9999991655349731,0
fall-07-cam0-rgb,data/keypoints/fall/fall-07-cam0-rgb.npz,76,105,0,42,3,4.130515e-06,0.9999991655349731,0
fall-07-cam0-rgb,data/keypoints/fall/fall-07-cam0-rgb.npz,77,106,0,42,3,5.019017e-06,0.9999991655349731,0
fall-07-cam0-rgb,data/keypoints/fall/fall-07-cam0-rgb.npz,78,107,0,42,3,8.18228e-06,0.9999991655349731,0
fall-07-cam0-rgb,data/keypoints/fall/fall-07-cam0-rgb.npz,79,108,0,42,3,1.686178e-05,0.9999991655349731,0
fall-07-cam0-rgb,data/keypoints/fall/fall-07-cam0-rgb.npz,80,109,0,42,3,0.00061424915,0.9999991655349731,0
fall-07-cam0-rgb,data/keypoints/fall/fall-07-cam0-rgb.npz,81,110,0,42,3,0.038886692,0.9999991655349731,0
fall-07-cam0-rgb,data/keypoints/fall/fall-07-cam0-rgb.npz,82,111,0,42,3,0.114455946,0.9999991655349731,0
fall-07-cam0-rgb,data/keypoints/fall/fall-07-cam0-rgb.npz,83,112,0,42,3,0.49546313,0.9999991655349731,0
fall-07-cam0-rgb,data/keypoints/fall/fall-07-cam0-rgb.npz,84,113,0,42,3,0.90706843,0.9999991655349731,0
fall-07-cam0-rgb,data/keypoints/fall/fall-07-cam0-rgb.npz,86,115,1,42,3,0.99577266,0.9999991655349731,0
fall-07-cam0-rgb,data/keypoints/fall/fall-07-cam0-rgb.npz,87,116,1,42,3,0.9984805,0.9999991655349731,0
fall-07-cam0-rgb,data/keypoints/fall/fall-07-cam0-rgb.npz,88,117,1,42,3,0.9995832,0.9999991655349731,0
fall-07-cam0-rgb,data/keypoints/fall/fall-07-cam0-rgb.npz,89,118,1,42,3,0.9998691,0.9999991655349731,0
fall-07-cam0-rgb,data/keypoints/fall/fall-07-cam0-rgb.npz,90,119,1,42,3,0.99995875,0.9999991655349731,0
fall-07-cam0-rgb,data/keypoints/fall/fall-07-cam0-rgb.npz,91,120,1,42,3,0.99998486,0.9999991655349731,0
fall-07-cam0-rgb,data/keypoints/fall/fall-07-cam0-rgb.npz,92,121,1,42,3,0.9999944,0.9999991655349731,0
fall-07-cam0-rgb,data/keypoints/fall/fall-07-cam0-rgb.npz,93,122,1,42,3,0.99999774,0.9999991655349731,0
fall-07-cam0-rgb,data/keypoints/fall/fall-07-cam0-rgb.npz,94,123,1,42,3,0.9999989,0.9999991655349731,0
fall-07-cam0-rgb,data/keypoints/fall/fall-07-cam0-rgb.npz,95,124,1,42,3,0.9999994,0.9999991655349731,1
fall-07-cam0-rgb,data/keypoints/fall/fall-07-cam0-rgb.npz,96,125,1,42,3,0.99999964,0.9999991655349731,1
fall-07-cam0-rgb,data/keypoints/fall/fall-07-cam0-rgb.npz,97,126,1,42,3,0.99999964,0.9999991655349731,1
fall-07-cam0-rgb,data/keypoints/fall/fall-07-cam0-rgb.npz,98,127,1,42,3,0.99999964,0.9999991655349731,1
fall-07-cam0-rgb,data/keypoints/fall/fall-07-cam0-rgb.npz,99,128,1,42,3,0.99999964,0.9999991655349731,1
fall-07-cam0-rgb,data/keypoints/fall/fall-07-cam0-rgb.npz,100,129,1,42,3,0.99999964,0.9999991655349731,1
fall-07-cam0-rgb,data/keypoints/fall/fall-07-cam0-rgb.npz,101,130,1,42,3,0.99999964,0.9999991655349731,1
fall-07-cam0-rgb,data/keypoints/fall/fall-07-cam0-rgb.npz,102,131,1,42,3,0.99999964,0.9999991655349731,1
fall-07-cam0-rgb,data/keypoints/fall/fall-07-cam0-rgb.npz,103,132,1,42,3,0.99999964,0.9999991655349731,1
fall-07-cam0-rgb,data/keypoints/fall/fall-07-cam0-rgb.npz,104,133,1,42,3,0.99999964,0.9999991655349731,1
fall-07-cam0-rgb,data/keypoints/fall/fall-07-cam0-rgb.npz,105,134,1,42,3,0.99999964,0.9999991655349731,1
fall-07-cam0-rgb,data/keypoints/fall/fall-07-cam0-rgb.npz,106,135,1,42,3,0.99999964,0.9999991655349731,1
fall-07-cam0-rgb,data/keypoints/fall/fall-07-cam0-rgb.npz,107,136,1,42,3,0.99999964,0.9999991655349731,1
fall-07-cam0-rgb,data/keypoints/fall/fall-07-cam0-rgb.npz,108,137,1,42,3,0.99999964,0.9999991655349731,1
fall-07-cam0-rgb,data/keypoints/fall/fall-07-cam0-rgb.npz,109,138,1,42,3,0.99999964,0.9999991655349731,1
fall-07-cam0-rgb,data/keypoints/fall/fall-07-cam0-rgb.npz,110,139,1,42,3,0.99999964,0.9999991655349731,1
fall-07-cam0-rgb,data/keypoints/fall/fall-07-cam0-rgb.npz,111,140,1,42,3,0.99999964,0.9999991655349731,1
fall-07-cam0-rgb,data/keypoints/fall/fall-07-cam0-rgb.npz,112,141,1,42,3,0.99999964,0.9999991655349731,1
fall-07-cam0-rgb,data/keypoints/fall/fall-07-cam0-rgb.npz,113,142,1,42,3,0.99999964,0.9999991655349731,1
fall-07-cam0-rgb,data/keypoints/fall/fall-07-cam0-rgb.npz,114,143,1,42,3,0.99999964,0.9999991655349731,1
fall-07-cam0-rgb,data/keypoints/fall/fall-07-cam0-rgb.npz,115,144,1,42,3,0.99999964,0.9999991655349731,1
fall-07-cam0-rgb,data/keypoints/fall/fall-07-cam0-rgb.npz,116,145,1,42,3,0.99999964,0.9999991655349731,1
fall-07-cam0-rgb,data/keypoints/fall/fall-07-cam0-rgb.npz,117,146,1,42,3,0.99999964,0.9999991655349731,1
fall-07-cam0-rgb,data/keypoints/fall/fall-07-cam0-rgb.npz,118,147,1,42,3,0.99999964,0.9999991655349731,1
fall-07-cam0-rgb,data/keypoints/fall/fall-07-cam0-rgb.npz,119,148,1,42,3,0.99999964,0.9999991655349731,1
fall-07-cam0-rgb,data/keypoints/fall/fall-07-cam0-rgb.npz,120,149,1,42,3,0.99999964,0.9999991655349731,1
fall-07-cam0-rgb,data/keypoints/fall/fall-07-cam0-rgb.npz,121,150,1,42,3,0.99999964,0.9999991655349731,1
fall-07-cam0-rgb,data/keypoints/fall/fall-07-cam0-rgb.npz,122,151,1,42,3,0.99999964,0.9999991655349731,1
fall-07-cam0-rgb,data/keypoints/fall/fall-07-cam0-rgb.npz,123,152,1,42,3,0.99999964,0.9999991655349731,1
fall-07-cam0-rgb,data/keypoints/fall/fall-07-cam0-rgb.npz,124,153,1,42,3,0.99999964,0.9999991655349731,1
fall-07-cam0-rgb,data/keypoints/fall/fall-07-cam0-rgb.npz,125,154,1,42,3,0.99999964,0.9999991655349731,1
fall-07-cam0-rgb,data/keypoints/fall/fall-07-cam0-rgb.npz,126,155,1,42,3,0.99999964,0.9999991655349731,1
fall-07-cam0-rgb,data/keypoints/fall/fall-07-cam0-rgb.npz,127,156,1,42,3,0.99999964,0.9999991655349731,1
fall-11-cam0-rgb,data/keypoints/fall/fall-11-cam0-rgb.npz,1,30,0,42,3,2.3825241e-06,0.9999991655349731,0
fall-11-cam0-rgb,data/keypoints/fall/fall-11-cam0-rgb.npz,2,31,0,42,3,2.3733783e-06,0.9999991655349731,0
fall-11-cam0-rgb,data/keypoints/fall/fall-11-cam0-rgb.npz,3,32,0,42,3,2.3734938e-06,0.9999991655349731,0
fall-11-cam0-rgb,data/keypoints/fall/fall-11-cam0-rgb.npz,4,33,0,42,3,2.380117e-06,0.9999991655349731,0
fall-11-cam0-rgb,data/keypoints/fall/fall-11-cam0-rgb.npz,5,34,0,42,3,2.3936245e-06,0.9999991655349731,0
fall-11-cam0-rgb,data/keypoints/fall/fall-11-cam0-rgb.npz,6,35,0,42,3,2.4078906e-06,0.9999991655349731,0
fall-11-cam0-rgb,data/keypoints/fall/fall-11-cam0-rgb.npz,7,36,0,42,3,2.4240535e-06,0.9999991655349731,0
fall-11-cam0-rgb,data/keypoints/fall/fall-11-cam0-rgb.npz,8,37,0,42,3,2.438317e-06,0.9999991655349731,0
fall-11-cam0-rgb,data/keypoints/fall/fall-11-cam0-rgb.npz,9,38,0,42,3,2.4523629e-06,0.9999991655349731,0
fall-11-cam0-rgb,data/keypoints/fall/fall-11-cam0-rgb.npz,10,39,0,42,3,2.466137e-06,0.9999991655349731,0
fall-11-cam0-rgb,data/keypoints/fall/fall-11-cam0-rgb.npz,11,40,0,42,3,2.484735e-06,0.9999991655349731,0
fall-11-cam0-rgb,data/keypoints/fall/fall-11-cam0-rgb.npz,12,41,0,42,3,2.504273e-06,0.9999991655349731,0
fall-11-cam0-rgb,data/keypoints/fall/fall-11-cam0-rgb.npz,13,42,0,42,3,2.52474e-06,0.9999991655349731,0
fall-11-cam0-rgb,data/keypoints/fall/fall-11-cam0-rgb.npz,14,43,0,42,3,2.5459278e-06,0.9999991655349731,0
fall-11-cam0-rgb,data/keypoints/fall/fall-11-cam0-rgb.npz,15,44,0,42,3,2.5678662e-06,0.9999991655349731,0
fall-11-cam0-rgb,data/keypoints/fall/fall-11-cam0-rgb.npz,16,45,0,42,3,2.5868117e-06,0.9999991655349731,0
fall-11-cam0-rgb,data/keypoints/fall/fall-11-cam0-rgb.npz,17,46,0,42,3,2.6068021e-06,0.9999991655349731,0
fall-11-cam0-rgb,data/keypoints/fall/fall-11-cam0-rgb.npz,18,47,0,42,3,2.6251337e-06,0.9999991655349731,0
fall-11-cam0-rgb,data/keypoints/fall/fall-11-cam0-rgb.npz,19,48,0,42,3,2.641296e-06,0.9999991655349731,0
fall-11-cam0-rgb,data/keypoints/fall/fall-11-cam0-rgb.npz,20,49,0,42,3,2.6574307e-06,0.9999991655349731,0
fall-11-cam0-rgb,data/keypoints/fall/fall-11-cam0-rgb.npz,21,50,0,42,3,2.6777216e-06,0.9999991655349731,0
fall-11-cam0-rgb,data/keypoints/fall/fall-11-cam0-rgb.npz,22,51,0,42,3,2.6961297e-06,0.9999991655349731,0
fall-11-cam0-rgb,data/keypoints/fall/fall-11-cam0-rgb.npz,23,52,0,42,3,2.7174626e-06,0.9999991655349731,0
fall-11-cam0-rgb,data/keypoints/fall/fall-11-cam0-rgb.npz,24,53,0,42,3,2.741614e-06,0.9999991655349731,0
fall-11-cam0-rgb,data/keypoints/fall/fall-11-cam0-rgb.npz,25,54,0,42,3,2.7625397e-06,0.9999991655349731,0
fall-11-cam0-rgb,data/keypoints/fall/fall-11-cam0-rgb.npz,26,55,0,42,3,2.7787605e-06,0.9999991655349731,0
fall-11-cam0-rgb,data/keypoints/fall/fall-11-cam0-rgb.npz,27,56,0,42,3,2.793614e-06,0.9999991655349731,0
fall-11-cam0-rgb,data/keypoints/fall/fall-11-cam0-rgb.npz,28,57,0,42,3,2.8028312e-06,0.9999991655349731,0
fall-11-cam0-rgb,data/keypoints/fall/fall-11-cam0-rgb.npz,29,58,0,42,3,2.8126044e-06,0.9999991655349731,0
fall-11-cam0-rgb,data/keypoints/fall/fall-11-cam0-rgb.npz,30,59,0,42,3,2.8273498e-06,0.9999991655349731,0
fall-11-cam0-rgb,data/keypoints/fall/fall-11-cam0-rgb.npz,31,60,0,42,3,2.8377283e-06,0.9999991655349731,0
fall-11-cam0-rgb,data/keypoints/fall/fall-11-cam0-rgb.npz,32,61,0,42,3,2.848968e-06,0.9999991655349731,0
fall-11-cam0-rgb,data/keypoints/fall/fall-11-cam0-rgb.npz,33,62,0,42,3,2.8640873e-06,0.9999991655349731,0
fall-11-cam0-rgb,data/keypoints/fall/fall-11-cam0-rgb.npz,34,63,0,42,3,2.8784493e-06,0.9999991655349731,0
fall-11-cam0-rgb,data/keypoints/fall/fall-11-cam0-rgb.npz,35,64,0,42,3,2.9052308e-06,0.9999991655349731,0
fall-11-cam0-rgb,data/keypoints/fall/fall-11-cam0-rgb.npz,36,65,0,42,3,2.9891742e-06,0.9999991655349731,0
fall-11-cam0-rgb,data/keypoints/fall/fall-11-cam0-rgb.npz,37,66,0,42,3,3.2030944e-06,0.9999991655349731,0
fall-11-cam0-rgb,data/keypoints/fall/fall-11-cam0-rgb.npz,38,67,0,42,3,3.1943696e-06,0.9999991655349731,0
fall-11-cam0-rgb,data/keypoints/fall/fall-11-cam0-rgb.npz,39,68,0,42,3,3.6007916e-06,0.9999991655349731,0
fall-11-cam0-rgb,data/keypoints/fall/fall-11-cam0-rgb.npz,40,69,0,42,3,3.537453e-05,0.9999991655349731,0
fall-11-cam0-rgb,data/keypoints/fall/fall-11-cam0-rgb.npz,41,70,0,42,3,0.00075761025,0.9999991655349731,0
fall-11-cam0-rgb,data/keypoints/fall/fall-11-cam0-rgb.npz,42,71,0,42,3,0.003158734,0.9999991655349731,0
fall-11-cam0-rgb,data/keypoints/fall/fall-11-cam0-rgb.npz,43,72,0,42,3,0.008574315,0.9999991655349731,0
fall-11-cam0-rgb,data/keypoints/fall/fall-11-cam0-rgb.npz,44,73,0,42,3,0.024682695,0.9999991655349731,0
fall-11-cam0-rgb,data/keypoints/fall/fall-11-cam0-rgb.npz,45,74,0,42,3,0.053913165,0.9999991655349731,0
fall-11-cam0-rgb,data/keypoints/fall/fall-11-cam0-rgb.npz,46,75,0,42,3,0.124956556,0.9999991655349731,0
fall-11-cam0-rgb,data/keypoints/fall/fall-11-cam0-rgb.npz,47,76,0,42,3,0.2605283,0.9999991655349731,0
fall-11-cam0-rgb,data/keypoints/fall/fall-11-cam0-rgb.npz,48,77,0,42,3,0.94226307,0.9999991655349731,0
fall-11-cam0-rgb,data/keypoints/fall/fall-11-cam0-rgb.npz,50,79,1,42,3,0.9967108,0.9999991655349731,0
fall-11-cam0-rgb,data/keypoints/fall/fall-11-cam0-rgb.npz,51,80,1,42,3,0.9993492,0.9999991655349731,0
fall-11-cam0-rgb,data/keypoints/fall/fall-11-cam0-rgb.npz,52,81,1,42,3,0.99972373,0.9999991655349731,0
fall-11-cam0-rgb,data/keypoints/fall/fall-11-cam0-rgb.npz,53,82,1,42,3,0.9999497,0.9999991655349731,0
fall-11-cam0-rgb,data/keypoints/fall/fall-11-cam0-rgb.npz,54,83,1,42,3,0.9999852,0.9999991655349731,0
fall-11-cam0-rgb,data/keypoints/fall/fall-11-cam0-rgb.npz,55,84,1,42,3,0.999995,0.9999991655349731,0
fall-11-cam0-rgb,data/keypoints/fall/fall-11-cam0-rgb.npz,56,85,1,42,3,0.9999988,0.9999991655349731,0
fall-11-cam0-rgb,data/keypoints/fall/fall-11-cam0-rgb.npz,57,86,1,42,3,0.99999964,0.9999991655349731,1
fall-11-cam0-rgb,data/keypoints/fall/fall-11-cam0-rgb.npz,58,87,1,42,3,0.99999964,0.9999991655349731,1
fall-11-cam0-rgb,data/keypoints/fall/fall-11-cam0-rgb.npz,59,88,1,42,3,0.99999964,0.9999991655349731,1
fall-11-cam0-rgb,data/keypoints/fall/fall-11-cam0-rgb.npz,60,89,1,42,3,0.99999964,0.9999991655349731,1
fall-11-cam0-rgb,data/keypoints/fall/fall-11-cam0-rgb.npz,61,90,1,42,3,0.99999964,0.9999991655349731,1
fall-11-cam0-rgb,data/keypoints/fall/fall-11-cam0-rgb.npz,62,91,1,42,3,0.99999964,0.9999991655349731,1
fall-11-cam0-rgb,data/keypoints/fall/fall-11-cam0-rgb.npz,63,92,1,42,3,0.99999964,0.9999991655349731,1
fall-11-cam0-rgb,data/keypoints/fall/fall-11-cam0-rgb.npz,64,93,1,42,3,0.99999964,0.9999991655349731,1
fall-11-cam0-rgb,data/keypoints/fall/fall-11-cam0-rgb.npz,65,94,1,42,3,0.99999964,0.9999991655349731,1
fall-11-cam0-rgb,data/keypoints/fall/fall-11-cam0-rgb.npz,66,95,1,42,3,0.99999964,0.9999991655349731,1
fall-11-cam0-rgb,data/keypoints/fall/fall-11-cam0-rgb.npz,67,96,1,42,3,0.99999964,0.9999991655349731,1
fall-11-cam0-rgb,data/keypoints/fall/fall-11-cam0-rgb.npz,68,97,1,42,3,0.99999964,0.9999991655349731,1
fall-11-cam0-rgb,data/keypoints/fall/fall-11-cam0-rgb.npz,69,98,1,42,3,0.99999964,0.9999991655349731,1
fall-11-cam0-rgb,data/keypoints/fall/fall-11-cam0-rgb.npz,70,99,1,42,3,0.99999964,0.9999991655349731,1
fall-11-cam0-rgb,data/keypoints/fall/fall-11-cam0-rgb.npz,71,100,1,42,3,0.99999964,0.9999991655349731,1
fall-11-cam0-rgb,data/keypoints/fall/fall-11-cam0-rgb.npz,72,101,1,42,3,0.99999964,0.9999991655349731,1
fall-11-cam0-rgb,data/keypoints/fall/fall-11-cam0-rgb.npz,73,102,1,42,3,0.99999964,0.9999991655349731,1
fall-11-cam0-rgb,data/keypoints/fall/fall-11-cam0-rgb.npz,74,103,1,42,3,0.99999964,0.9999991655349731,1
fall-11-cam0-rgb,data/keypoints/fall/fall-11-cam0-rgb.npz,75,104,1,42,3,0.99999964,0.9999991655349731,1
fall-11-cam0-rgb,data/keypoints/fall/fall-11-cam0-rgb.npz,76,105,1,42,3,0.99999964,0.9999991655349731,1
fall-11-cam0-rgb,data/keypoints/fall/fall-11-cam0-rgb.npz,77,106,1,42,3,0.99999964,0.9999991655349731,1
fall-11-cam0-rgb,data/keypoints/fall/fall-11-cam0-rgb.npz,78,107,1,42,3,0.99999964,0.9999991655349731,1
fall-11-cam0-rgb,data/keypoints/fall/fall-11-cam0-rgb.npz,79,108,1,42,3,0.99999964,0.9999991655349731,1
fall-11-cam0-rgb,data/keypoints/fall/fall-11-cam0-rgb.npz,80,109,1,42,3,0.99999964,0.9999991655349731,1
fall-11-cam0-rgb,data/keypoints/fall/fall-11-cam0-rgb.npz,81,110,1,42,3,0.99999964,0.9999991655349731,1
fall-11-cam0-rgb,data/keypoints/fall/fall-11-cam0-rgb.npz,82,111,1,42,3,0.99999964,0.9999991655349731,1
fall-11-cam0-rgb,data/keypoints/fall/fall-11-cam0-rgb.npz,83,112,1,42,3,0.99999964,0.9999991655349731,1
fall-11-cam0-rgb,data/keypoints/fall/fall-11-cam0-rgb.npz,84,113,1,42,3,0.99999964,0.9999991655349731,1
fall-11-cam0-rgb,data/keypoints/fall/fall-11-cam0-rgb.npz,85,114,1,42,3,0.99999964,0.9999991655349731,1
fall-11-cam0-rgb,data/keypoints/fall/fall-11-cam0-rgb.npz,86,115,1,42,3,0.99999964,0.9999991655349731,1
fall-11-cam0-rgb,data/keypoints/fall/fall-11-cam0-rgb.npz,87,116,1,42,3,0.99999964,0.9999991655349731,1
fall-11-cam0-rgb,data/keypoints/fall/fall-11-cam0-rgb.npz,88,117,1,42,3,0.99999964,0.9999991655349731,1
fall-11-cam0-rgb,data/keypoints/fall/fall-11-cam0-rgb.npz,89,118,1,42,3,0.99999964,0.9999991655349731,1
fall-11-cam0-rgb,data/keypoints/fall/fall-11-cam0-rgb.npz,90,119,1,42,3,0.99999964,0.9999991655349731,1
fall-11-cam0-rgb,data/keypoints/fall/fall-11-cam0-rgb.npz,91,120,1,42,3,0.99999964,0.9999991655349731,1
fall-11-cam0-rgb,data/keypoints/fall/fall-11-cam0-rgb.npz,92,121,1,42,3,0.99999964,0.9999991655349731,1
fall-11-cam0-rgb,data/keypoints/fall/fall-11-cam0-rgb.npz,93,122,1,42,3,0.99999964,0.9999991655349731,1
fall-11-cam0-rgb,data/keypoints/fall/fall-11-cam0-rgb.npz,94,123,1,42,3,0.99999964,0.9999991655349731,1
fall-11-cam0-rgb,data/keypoints/fall/fall-11-cam0-rgb.npz,95,124,1,42,3,0.99999964,0.9999991655349731,1
fall-11-cam0-rgb,data/keypoints/fall/fall-11-cam0-rgb.npz,96,125,1,42,3,0.99999964,0.9999991655349731,1
fall-11-cam0-rgb,data/keypoints/fall/fall-11-cam0-rgb.npz,97,126,1,42,3,0.99999964,0.9999991655349731,1
fall-11-cam0-rgb,data/keypoints/fall/fall-11-cam0-rgb.npz,98,127,1,42,3,0.99999964,0.9999991655349731,1
fall-11-cam0-rgb,data/keypoints/fall/fall-11-cam0-rgb.npz,99,128,1,42,3,0.99999964,0.9999991655349731,1
fall-11-cam0-rgb,data/keypoints/fall/fall-11-cam0-rgb.npz,100,129,1,42,3,0.99999964,0.9999991655349731,1
fall-11-cam0-rgb,data/keypoints/fall/fall-11-cam0-rgb.npz,101,130,1,42,3,0.99999964,0.9999991655349731,1
fall-13-cam0-rgb,data/keypoints/fall/fall-13-cam0-rgb.npz,1,30,0,42,3,1.5628295e-05,0.9999991655349731,0
fall-13-cam0-rgb,data/keypoints/fall/fall-13-cam0-rgb.npz,2,31,0,42,3,1.50182295e-05,0.9999991655349731,0
fall-13-cam0-rgb,data/keypoints/fall/fall-13-cam0-rgb.npz,3,32,0,42,3,1.5020765e-05,0.9999991655349731,0
fall-13-cam0-rgb,data/keypoints/fall/fall-13-cam0-rgb.npz,4,33,0,42,3,9.856548e-06,0.9999991655349731,0
fall-13-cam0-rgb,data/keypoints/fall/fall-13-cam0-rgb.npz,5,34,0,42,3,9.475031e-06,0.9999991655349731,0
fall-13-cam0-rgb,data/keypoints/fall/fall-13-cam0-rgb.npz,6,35,0,42,3,1.0361297e-05,0.9999991655349731,0
fall-13-cam0-rgb,data/keypoints/fall/fall-13-cam0-rgb.npz,7,36,0,42,3,1.00068e-05,0.9999991655349731,0
fall-13-cam0-rgb,data/keypoints/fall/fall-13-cam0-rgb.npz,8,37,0,42,3,1.0206675e-05,0.9999991655349731,0
fall-13-cam0-rgb,data/keypoints/fall/fall-13-cam0-rgb.npz,9,38,0,42,3,7.843725e-06,0.9999991655349731,0
fall-13-cam0-rgb,data/keypoints/fall/fall-13-cam0-rgb.npz,10,39,0,42,3,5.9450613e-06,0.9999991655349731,0
fall-13-cam0-rgb,data/keypoints/fall/fall-13-cam0-rgb.npz,11,40,0,42,3,4.9688906e-06,0.9999991655349731,0
fall-13-cam0-rgb,data/keypoints/fall/fall-13-cam0-rgb.npz,12,41,0,42,3,4.009623e-06,0.9999991655349731,0
fall-13-cam0-rgb,data/keypoints/fall/fall-13-cam0-rgb.npz,13,42,0,42,3,3.5773662e-06,0.9999991655349731,0
fall-13-cam0-rgb,data/keypoints/fall/fall-13-cam0-rgb.npz,14,43,0,42,3,3.0051806e-06,0.9999991655349731,0
fall-13-cam0-rgb,data/keypoints/fall/fall-13-cam0-rgb.npz,15,44,0,42,3,2.9705375e-06,0.9999991655349731,0
fall-13-cam0-rgb,data/keypoints/fall/fall-13-cam0-rgb.npz,16,45,0,42,3,2.955262e-06,0.9999991655349731,0
fall-13-cam0-rgb,data/keypoints/fall/fall-13-cam0-rgb.npz,17,46,0,42,3,2.941574e-06,0.9999991655349731,0
fall-13-cam0-rgb,data/keypoints/fall/fall-13-cam0-rgb.npz,18,47,0,42,3,2.9344687e-06,0.9999991655349731,0
fall-13-cam0-rgb,data/keypoints/fall/fall-13-cam0-rgb.npz,19,48,0,42,3,2.9200194e-06,0.9999991655349731,0
fall-13-cam0-rgb,data/keypoints/fall/fall-13-cam0-rgb.npz,20,49,0,42,3,2.916123e-06,0.9999991655349731,0
fall-13-cam0-rgb,data/keypoints/fall/fall-13-cam0-rgb.npz,21,50,0,42,3,2.9350845e-06,0.9999991655349731,0
fall-13-cam0-rgb,data/keypoints/fall/fall-13-cam0-rgb.npz,22,51,0,42,3,2.972598e-06,0.9999991655349731,0
fall-13-cam0-rgb,data/keypoints/fall/fall-13-cam0-rgb.npz,23,52,0,42,3,3.085684e-06,0.9999991655349731,0
fall-13-cam0-rgb,data/keypoints/fall/fall-13-cam0-rgb.npz,24,53,0,42,3,3.1556012e-06,0.9999991655349731,0
fall-13-cam0-rgb,data/keypoints/fall/fall-13-cam0-rgb.npz,25,54,0,42,3,3.1414766e-06,0.9999991655349731,0
fall-13-cam0-rgb,data/keypoints/fall/fall-13-cam0-rgb.npz,26,55,0,42,3,3.0706246e-06,0.9999991655349731,0
fall-13-cam0-rgb,data/keypoints/fall/fall-13-cam0-rgb.npz,27,56,0,42,3,2.9972668e-06,0.9999991655349731,0
fall-13-cam0-rgb,data/keypoints/fall/fall-13-cam0-rgb.npz,28,57,0,42,3,3.0722008e-06,0.9999991655349731,0
fall-13-cam0-rgb,data/keypoints/fall/fall-13-cam0-rgb.npz,29,58,0,42,3,3.060527e-06,0.9999991655349731,0
fall-13-cam0-rgb,data/keypoints/fall/fall-13-cam0-rgb.npz,30,59,0,42,3,3.0618698e-06,0.9999991655349731,0
fall-13-cam0-rgb,data/keypoints/fall/fall-13-cam0-rgb.npz,31,60,0,42,3,3.0631315e-06,0.9999991655349731,0
fall-13-cam0-rgb,data/keypoints/fall/fall-13-cam0-rgb.npz,32,61,0,42,3,3.06912e-06,0.9999991655349731,0
fall-13-cam0-rgb,data/keypoints/fall/fall-13-cam0-rgb.npz,33,62,0,42,3,3.0085587e-06,0.9999991655349731,0
fall-13-cam0-rgb,data/keypoints/fall/fall-13-cam0-rgb.npz,34,63,0,42,3,2.9880566e-06,0.9999991655349731,0
fall-13-cam0-rgb,data/keypoints/fall/fall-13-cam0-rgb.npz,35,64,0,42,3,5.8578294e-06,0.9999991655349731,0
fall-13-cam0-rgb,data/keypoints/fall/fall-13-cam0-rgb.npz,36,65,0,42,3,5.3020117e-06,0.9999991655349731,0
fall-13-cam0-rgb,data/keypoints/fall/fall-13-cam0-rgb.npz,37,66,0,42,3,5.0799176e-06,0.9999991655349731,0
fall-13-cam0-rgb,data/keypoints/fall/fall-13-cam0-rgb.npz,38,67,0,42,3,6.2796057e-06,0.9999991655349731,0
fall-13-cam0-rgb,data/keypoints/fall/fall-13-cam0-rgb.npz,39,68,0,42,3,7.469421e-06,0.9999991655349731,0
fall-13-cam0-rgb,data/keypoints/fall/fall-13-cam0-rgb.npz,40,69,0,42,3,1.0308235e-05,0.9999991655349731,0
fall-13-cam0-rgb,data/keypoints/fall/fall-13-cam0-rgb.npz,41,70,0,42,3,2.1182623e-05,0.9999991655349731,0
fall-13-cam0-rgb,data/keypoints/fall/fall-13-cam0-rgb.npz,42,71,0,42,3,7.046106e-05,0.9999991655349731,0
fall-13-cam0-rgb,data/keypoints/fall/fall-13-cam0-rgb.npz,43,72,0,42,3,0.015351517,0.9999991655349731,0
fall-13-cam0-rgb,data/keypoints/fall/fall-13-cam0-rgb.npz,45,74,1,42,3,0.74145806,0.9999991655349731,0
fall-13-cam0-rgb,data/keypoints/fall/fall-13-cam0-rgb.npz,46,75,1,42,3,0.023398994,0.9999991655349731,0
fall-13-cam0-rgb,data/keypoints/fall/fall-13-cam0-rgb.npz,47,76,1,42,3,0.00074237277,0.9999991655349731,0
fall-13-cam0-rgb,data/keypoints/fall/fall-13-cam0-rgb.npz,48,77,1,42,3,0.00019877919,0.9999991655349731,0
fall-13-cam0-rgb,data/keypoints/fall/fall-13-cam0-rgb.npz,49,78,1,42,3,1.26258365e-05,0.9999991655349731,0
fall-13-cam0-rgb,data/keypoints/fall/fall-13-cam0-rgb.npz,50,79,1,42,3,4.53562e-05,0.9999991655349731,0
fall-13-cam0-rgb,data/keypoints/fall/fall-13-cam0-rgb.npz,51,80,1,42,3,1.4767092e-05,0.9999991655349731,0
fall-13-cam0-rgb,data/keypoints/fall/fall-13-cam0-rgb.npz,52,81,1,42,3,1.739629e-05,0.9999991655349731,0
fall-13-cam0-rgb,data/keypoints/fall/fall-13-cam0-rgb.npz,53,82,1,42,3,1.8753608e-05,0.9999991655349731,0
fall-13-cam0-rgb,data/keypoints/fall/fall-13-cam0-rgb.npz,54,83,1,42,3,8.560293e-05,0.9999991655349731,0
fall-13-cam0-rgb,data/keypoints/fall/fall-13-cam0-rgb.npz,55,84,1,42,3,8.425387e-05,0.9999991655349731,0
fall-13-cam0-rgb,data/keypoints/fall/fall-13-cam0-rgb.npz,56,85,1,42,3,3.7343285e-05,0.9999991655349731,0
fall-24-cam0-rgb,data/keypoints/fall/fall-24-cam0-rgb.npz,1,30,0,42,3,4.2403235e-06,0.9999991655349731,0
fall-24-cam0-rgb,data/keypoints/fall/fall-24-cam0-rgb.npz,2,31,0,42,3,4.411812e-06,0.9999991655349731,0
fall-24-cam0-rgb,data/keypoints/fall/fall-24-cam0-rgb.npz,3,32,0,42,3,5.1326665e-06,0.9999991655349731,0
fall-24-cam0-rgb,data/keypoints/fall/fall-24-cam0-rgb.npz,4,33,0,42,3,0.00019780739,0.9999991655349731,0
fall-24-cam0-rgb,data/keypoints/fall/fall-24-cam0-rgb.npz,5,34,0,42,3,0.0017178211,0.9999991655349731,0
fall-24-cam0-rgb,data/keypoints/fall/fall-24-cam0-rgb.npz,6,35,0,42,3,0.018278588,0.9999991655349731,0
fall-24-cam0-rgb,data/keypoints/fall/fall-24-cam0-rgb.npz,7,36,0,42,3,0.112068236,0.9999991655349731,0
fall-24-cam0-rgb,data/keypoints/fall/fall-24-cam0-rgb.npz,8,37,0,42,3,0.4427149,0.9999991655349731,0
fall-24-cam0-rgb,data/keypoints/fall/fall-24-cam0-rgb.npz,9,38,0,42,3,0.88302624,0.9999991655349731,0
fall-24-cam0-rgb,data/keypoints/fall/fall-24-cam0-rgb.npz,10,39,0,42,3,0.9825112,0.9999991655349731,0
fall-24-cam0-rgb,data/keypoints/fall/fall-24-cam0-rgb.npz,11,40,0,42,3,0.99850994,0.9999991655349731,0
fall-24-cam0-rgb,data/keypoints/fall/fall-24-cam0-rgb.npz,13,42,1,42,3,0.9999876,0.9999991655349731,0
fall-24-cam0-rgb,data/keypoints/fall/fall-24-cam0-rgb.npz,14,43,1,42,3,0.99999857,0.9999991655349731,0
fall-24-cam0-rgb,data/keypoints/fall/fall-24-cam0-rgb.npz,15,44,1,42,3,0.9999995,0.9999991655349731,1
fall-24-cam0-rgb,data/keypoints/fall/fall-24-cam0-rgb.npz,16,45,1,42,3,0.99999964,0.9999991655349731,1
fall-24-cam0-rgb,data/keypoints/fall/fall-24-cam0-rgb.npz,17,46,1,42,3,0.99999964,0.9999991655349731,1
fall-24-cam0-rgb,data/keypoints/fall/fall-24-cam0-rgb.npz,18,47,1,42,3,0.99999964,0.9999991655349731,1
fall-24-cam0-rgb,data/keypoints/fall/fall-24-cam0-rgb.npz,19,48,1,42,3,0.99999964,0.9999991655349731,1
fall-24-cam0-rgb,data/keypoints/fall/fall-24-cam0-rgb.npz,20,49,1,42,3,0.99999964,0.9999991655349731,1
fall-24-cam0-rgb,data/keypoints/fall/fall-24-cam0-rgb.npz,21,50,1,42,3,0.99999964,0.9999991655349731,1
fall-24-cam0-rgb,data/keypoints/fall/fall-24-cam0-rgb.npz,22,51,1,42,3,0.99999964,0.9999991655349731,1
fall-24-cam0-rgb,data/keypoints/fall/fall-24-cam0-rgb.npz,23,52,1,42,3,0.99999964,0.9999991655349731,1
fall-24-cam0-rgb,data/keypoints/fall/fall-24-cam0-rgb.npz,24,53,1,42,3,0.99999964,0.9999991655349731,1
fall-24-cam0-rgb,data/keypoints/fall/fall-24-cam0-rgb.npz,25,54,1,42,3,0.99999964,0.9999991655349731,1
fall-24-cam0-rgb,data/keypoints/fall/fall-24-cam0-rgb.npz,26,55,1,42,3,0.99999964,0.9999991655349731,1
fall-24-cam0-rgb,data/keypoints/fall/fall-24-cam0-rgb.npz,27,56,1,42,3,0.99999964,0.9999991655349731,1
fall-24-cam0-rgb,data/keypoints/fall/fall-24-cam0-rgb.npz,28,57,1,42,3,0.99999964,0.9999991655349731,1
fall-24-cam0-rgb,data/keypoints/fall/fall-24-cam0-rgb.npz,29,58,1,42,3,0.99999964,0.9999991655349731,1
fall-24-cam0-rgb,data/keypoints/fall/fall-24-cam0-rgb.npz,30,59,1,42,3,0.99999964,0.9999991655349731,1
fall-24-cam0-rgb,data/keypoints/fall/fall-24-cam0-rgb.npz,31,60,1,42,3,0.99999964,0.9999991655349731,1
fall-28-cam0-rgb,data/keypoints/fall/fall-28-cam0-rgb.npz,1,30,0,42,3,4.355617e-06,0.9999991655349731,0
fall-28-cam0-rgb,data/keypoints/fall/fall-28-cam0-rgb.npz,2,31,0,42,3,4.377684e-06,0.9999991655349731,0
fall-28-cam0-rgb,data/keypoints/fall/fall-28-cam0-rgb.npz,3,32,0,42,3,4.3945365e-06,0.9999991655349731,0
fall-28-cam0-rgb,data/keypoints/fall/fall-28-cam0-rgb.npz,4,33,0,42,3,4.4247226e-06,0.9999991655349731,0
fall-28-cam0-rgb,data/keypoints/fall/fall-28-cam0-rgb.npz,5,34,0,42,3,4.4552685e-06,0.9999991655349731,0
fall-28-cam0-rgb,data/keypoints/fall/fall-28-cam0-rgb.npz,6,35,0,42,3,4.5105894e-06,0.9999991655349731,0
fall-28-cam0-rgb,data/keypoints/fall/fall-28-cam0-rgb.npz,7,36,0,42,3,4.575608e-06,0.9999991655349731,0
fall-28-cam0-rgb,data/keypoints/fall/fall-28-cam0-rgb.npz,8,37,0,42,3,4.64968e-06,0.9999991655349731,0
fall-28-cam0-rgb,data/keypoints/fall/fall-28-cam0-rgb.npz,9,38,0,42,3,4.7293192e-06,0.9999991655349731,0
fall-28-cam0-rgb,data/keypoints/fall/fall-28-cam0-rgb.npz,10,39,0,42,3,4.8266966e-06,0.9999991655349731,0
fall-28-cam0-rgb,data/keypoints/fall/fall-28-cam0-rgb.npz,11,40,0,42,3,4.9367163e-06,0.9999991655349731,0
fall-28-cam0-rgb,data/keypoints/fall/fall-28-cam0-rgb.npz,12,41,0,42,3,5.0564763e-06,0.9999991655349731,0
fall-28-cam0-rgb,data/keypoints/fall/fall-28-cam0-rgb.npz,13,42,0,42,3,5.2208475e-06,0.9999991655349731,0
fall-28-cam0-rgb,data/keypoints/fall/fall-28-cam0-rgb.npz,14,43,0,42,3,5.394712e-06,0.9999991655349731,0
fall-28-cam0-rgb,data/keypoints/fall/fall-28-cam0-rgb.npz,15,44,0,42,3,5.6306812e-06,0.9999991655349731,0
fall-28-cam0-rgb,data/keypoints/fall/fall-28-cam0-rgb.npz,16,45,0,42,3,5.9560534e-06,0.9999991655349731,0
fall-28-cam0-rgb,data/keypoints/fall/fall-28-cam0-rgb.npz,17,46,0,42,3,6.2930585e-06,0.9999991655349731,0
fall-28-cam0-rgb,data/keypoints/fall/fall-28-cam0-rgb.npz,18,47,0,42,3,6.803507e-06,0.9999991655349731,0
fall-28-cam0-rgb,data/keypoints/fall/fall-28-cam0-rgb.npz,19,48,0,42,3,7.573701e-06,0.9999991655349731,0
fall-28-cam0-rgb,data/keypoints/fall/fall-28-cam0-rgb.npz,20,49,0,42,3,0.00047988084,0.9999991655349731,0
fall-28-cam0-rgb,data/keypoints/fall/fall-28-cam0-rgb.npz,21,50,0,42,3,0.0019167182,0.9999991655349731,0
fall-28-cam0-rgb,data/keypoints/fall/fall-28-cam0-rgb.npz,22,51,0,42,3,0.013734052,0.9999991655349731,0
fall-28-cam0-rgb,data/keypoints/fall/fall-28-cam0-rgb.npz,23,52,0,42,3,0.114356115,0.9999991655349731,0
fall-28-cam0-rgb,data/keypoints/fall/fall-28-cam0-rgb.npz,24,53,0,42,3,0.9183969,0.9999991655349731,0
fall-28-cam0-rgb,data/keypoints/fall/fall-28-cam0-rgb.npz,25,54,0,42,3,0.9995709,0.9999991655349731,0
fall-28-cam0-rgb,data/keypoints/fall/fall-28-cam0-rgb.npz,26,55,0,42,3,0.9999994,0.9999991655349731,1
fall-28-cam0-rgb,data/keypoints/fall/fall-28-cam0-rgb.npz,28,57,1,42,3,0.99999964,0.9999991655349731,1
fall-28-cam0-rgb,data/keypoints/fall/fall-28-cam0-rgb.npz,29,58,1,42,3,0.99999964,0.9999991655349731,1
fall-28-cam0-rgb,data/keypoints/fall/fall-28-cam0-rgb.npz,30,59,1,42,3,0.99999964,0.9999991655349731,1
fall-28-cam0-rgb,data/keypoints/fall/fall-28-cam0-rgb.npz,31,60,1,42,3,0.99999964,0.9999991655349731,1
fall-28-cam0-rgb,data/keypoints/fall/fall-28-cam0-rgb.npz,32,61,1,42,3,0.99999964,0.9999991655349731,1
fall-28-cam0-rgb,data/keypoints/fall/fall-28-cam0-rgb.npz,33,62,1,42,3,0.99999964,0.9999991655349731,1
fall-28-cam0-rgb,data/keypoints/fall/fall-28-cam0-rgb.npz,34,63,1,42,3,0.99999964,0.9999991655349731,1
fall-28-cam0-rgb,data/keypoints/fall/fall-28-cam0-rgb.npz,35,64,1,42,3,0.99999964,0.9999991655349731,1
fall-28-cam0-rgb,data/keypoints/fall/fall-28-cam0-rgb.npz,36,65,1,42,3,0.99999964,0.9999991655349731,1
fall-28-cam0-rgb,data/keypoints/fall/fall-28-cam0-rgb.npz,37,66,1,42,3,0.99999964,0.9999991655349731,1
adl-02-cam0-rgb,data/keypoints/adl/adl-02-cam0-rgb.npz,13,42,0,42,4,0.00043974613,0.998492956161499,0
adl-02-cam0-rgb,data/keypoints/adl/adl-02-cam0-rgb.npz,14,43,0,42,4,0.00049137586,0.998492956161499,0
adl-02-cam0-rgb,data/keypoints/adl/adl-02-cam0-rgb.npz,15,44,0,42,4,0.0004905288,0.998492956161499,0
adl-02-cam0-rgb,data/keypoints/adl/adl-02-cam0-rgb.npz,16,45,0,42,4,0.0004896359,0.998492956161499,0
adl-02-cam0-rgb,data/keypoints/adl/adl-02-cam0-rgb.npz,17,46,0,42,4,0.0004887352,0.998492956161499,0
adl-02-cam0-rgb,data/keypoints/adl/adl-02-cam0-rgb.npz,18,47,0,42,4,0.000487766,0.998492956161499,0
adl-02-cam0-rgb,data/keypoints/adl/adl-02-cam0-rgb.npz,19,48,0,42,4,0.00048665886,0.998492956161499,0
adl-02-cam0-rgb,data/keypoints/adl/adl-02-cam0-rgb.npz,20,49,0,42,4,0.0004855662,0.998492956161499,0
adl-02-cam0-rgb,data/keypoints/adl/adl-02-cam0-rgb.npz,21,50,0,42,4,0.00048159764,0.998492956161499,0
adl-02-cam0-rgb,data/keypoints/adl/adl-02-cam0-rgb.npz,22,51,0,42,4,0.0004802043,0.998492956161499,0
adl-02-cam0-rgb,data/keypoints/adl/adl-02-cam0-rgb.npz,23,52,0,42,4,0.0005161293,0.998492956161499,0
adl-02-cam0-rgb,data/keypoints/adl/adl-02-cam0-rgb.npz,24,53,0,42,4,0.0005143496,0.998492956161499,0
adl-02-cam0-rgb,data/keypoints/adl/adl-02-cam0-rgb.npz,25,54,0,42,4,0.0005125998,0.998492956161499,0
adl-02-cam0-rgb,data/keypoints/adl/adl-02-cam0-rgb.npz,26,55,0,42,4,0.0005107214,0.998492956161499,0
adl-02-cam0-rgb,data/keypoints/adl/adl-02-cam0-rgb.npz,27,56,0,42,4,0.0005088377,0.998492956161499,0
adl-02-cam0-rgb,data/keypoints/adl/adl-02-cam0-rgb.npz,28,57,0,42,4,0.0005068753,0.998492956161499,0
adl-02-cam0-rgb,data/keypoints/adl/adl-02-cam0-rgb.npz,29,58,0,42,4,0.0005049006,0.998492956161499,0
adl-02-cam0-rgb,data/keypoints/adl/adl-02-cam0-rgb.npz,30,59,0,42,4,0.0005030205,0.998492956161499,0
adl-02-cam0-rgb,data/keypoints/adl/adl-02-cam0-rgb.npz,31,60,0,42,4,0.0005011131,0.998492956161499,0
adl-02-cam0-rgb,data/keypoints/adl/adl-02-cam0-rgb.npz,32,61,0,42,4,0.00049925584,0.998492956161499,0
adl-02-cam0-rgb,data/keypoints/adl/adl-02-cam0-rgb.npz,33,62,0,42,4,0.0004974446,0.998492956161499,0
adl-02-cam0-rgb,data/keypoints/adl/adl-02-cam0-rgb.npz,34,63,0,42,4,0.000495579,0.998492956161499,0
adl-02-cam0-rgb,data/keypoints/adl/adl-02-cam0-rgb.npz,35,64,0,42,4,0.00049381587,0.998492956161499,0
adl-02-cam0-rgb,data/keypoints/adl/adl-02-cam0-rgb.npz,36,65,0,42,4,0.00049197837,0.998492956161499,0
adl-02-cam0-rgb,data/keypoints/adl/adl-02-cam0-rgb.npz,37,66,0,42,4,0.0004902056,0.998492956161499,0
adl-02-cam0-rgb,data/keypoints/adl/adl-02-cam0-rgb.npz,38,67,0,42,4,0.00048851955,0.998492956161499,0
adl-02-cam0-rgb,data/keypoints/adl/adl-02-cam0-rgb.npz,39,68,0,42,4,0.00048681424,0.998492956161499,0
adl-02-cam0-rgb,data/keypoints/adl/adl-02-cam0-rgb.npz,40,69,0,42,4,0.00048506522,0.998492956161499,0
adl-02-cam0-rgb,data/keypoints/adl/adl-02-cam0-rgb.npz,41,70,0,42,4,0.00048335834,0.998492956161499,0
adl-02-cam0-rgb,data/keypoints/adl/adl-02-cam0-rgb.npz,42,71,0,42,4,0.00048169194,0.998492956161499,0
adl-02-cam0-rgb,data/keypoints/adl/adl-02-cam0-rgb.npz,43,72,0,42,4,0.00047998695,0.998492956161499,0
adl-02-cam0-rgb,data/keypoints/adl/adl-02-cam0-rgb.npz,44,73,0,42,4,0.0004792095,0.998492956161499,0
adl-02-cam0-rgb,data/keypoints/adl/adl-02-cam0-rgb.npz,45,74,0,42,4,0.00047855588,0.998492956161499,0
adl-02-cam0-rgb,data/keypoints/adl/adl-02-cam0-rgb.npz,46,75,0,42,4,0.00047814116,0.998492956161499,0
adl-02-cam0-rgb,data/keypoints/adl/adl-02-cam0-rgb.npz,47,76,0,42,4,0.0004775524,0.998492956161499,0
adl-02-cam0-rgb,data/keypoints/adl/adl-02-cam0-rgb.npz,48,77,0,42,4,0.0004768981,0.998492956161499,0
adl-02-cam0-rgb,data/keypoints/adl/adl-02-cam0-rgb.npz,49,78,0,42,4,0.00047635898,0.998492956161499,0
adl-02-cam0-rgb,data/keypoints/adl/adl-02-cam0-rgb.npz,50,79,0,42,4,0.0004757983,0.998492956161499,0
adl-02-cam0-rgb,data/keypoints/adl/adl-02-cam0-rgb.npz,51,80,0,42,4,0.00047530714,0.998492956161499,0
adl-02-cam0-rgb,data/keypoints/adl/adl-02-cam0-rgb.npz,52,81,0,42,4,0.0004750134,0.998492956161499,0
adl-02-cam0-rgb,data/keypoints/adl/adl-02-cam0-rgb.npz,53,82,0,42,4,0.0004747586,0.998492956161499,0
adl-02-cam0-rgb,data/keypoints/adl/adl-02-cam0-rgb.npz,54,83,0,42,4,0.0004744283,0.998492956161499,0
adl-02-cam0-rgb,data/keypoints/adl/adl-02-cam0-rgb.npz,55,84,0,42,4,0.00047410917,0.998492956161499,0
adl-02-cam0-rgb,data/keypoints/adl/adl-02-cam0-rgb.npz,56,85,0,42,4,0.00047376988,0.998492956161499,0
adl-02-cam0-rgb,data/keypoints/adl/adl-02-cam0-rgb.npz,57,86,0,42,4,0.00047337983,0.998492956161499,0
adl-02-cam0-rgb,data/keypoints/adl/adl-02-cam0-rgb.npz,58,87,0,42,4,0.00047309924,0.998492956161499,0
adl-02-cam0-rgb,data/keypoints/adl/adl-02-cam0-rgb.npz,59,88,0,42,4,0.00047274985,0.998492956161499,0
adl-02-cam0-rgb,data/keypoints/adl/adl-02-cam0-rgb.npz,60,89,0,42,4,0.000472254,0.998492956161499,0
adl-02-cam0-rgb,data/keypoints/adl/adl-02-cam0-rgb.npz,61,90,0,42,4,0.00047166104,0.998492956161499,0
adl-02-cam0-rgb,data/keypoints/adl/adl-02-cam0-rgb.npz,62,91,0,42,4,0.00047099005,0.998492956161499,0
adl-02-cam0-rgb,data/keypoints/adl/adl-02-cam0-rgb.npz,63,92,0,42,4,0.0004702185,0.998492956161499,0
adl-02-cam0-rgb,data/keypoints/adl/adl-02-cam0-rgb.npz,64,93,0,42,4,0.00046948553,0.998492956161499,0
adl-02-cam0-rgb,data/keypoints/adl/adl-02-cam0-rgb.npz,65,94,0,42,4,0.00046866326,0.998492956161499,0
adl-02-cam0-rgb,data/keypoints/adl/adl-02-cam0-rgb.npz,66,95,0,42,4,0.0004678411,0.998492956161499,0
adl-02-cam0-rgb,data/keypoints/adl/adl-02-cam0-rgb.npz,67,96,0,42,4,0.0004669431,0.998492956161499,0
adl-02-cam0-rgb,data/keypoints/adl/adl-02-cam0-rgb.npz,68,97,0,42,4,0.0004660147,0.998492956161499,0
adl-02-cam0-rgb,data/keypoints/adl/adl-02-cam0-rgb.npz,69,98,0,42,4,0.00046514013,0.998492956161499,0
adl-02-cam0-rgb,data/keypoints/adl/adl-02-cam0-rgb.npz,70,99,0,42,4,0.00046429798,0.998492956161499,0
adl-02-cam0-rgb,data/keypoints/adl/adl-02-cam0-rgb.npz,71,100,0,42,4,0.00046346712,0.998492956161499,0
adl-02-cam0-rgb,data/keypoints/adl/adl-02-cam0-rgb.npz,72,101,0,42,4,0.0004626984,0.998492956161499,0
adl-02-cam0-rgb,data/keypoints/adl/adl-02-cam0-rgb.npz,73,102,0,42,4,0.00046193486,0.998492956161499,0
adl-02-cam0-rgb,data/keypoints/adl/adl-02-cam0-rgb.npz,74,103,0,42,4,0.00046115002,0.998492956161499,0
adl-02-cam0-rgb,data/keypoints/adl/adl-02-cam0-rgb.npz,75,104,0,42,4,0.0004604257,0.998492956161499,0
adl-02-cam0-rgb,data/keypoints/adl/adl-02-cam0-rgb.npz,76,105,0,42,4,0.00045952247,0.998492956161499,0
adl-02-cam0-rgb,data/keypoints/adl/adl-02-cam0-rgb.npz,77,106,0,42,4,0.00045894858,0.998492956161499,0
adl-02-cam0-rgb,data/keypoints/adl/adl-02-cam0-rgb.npz,78,107,0,42,4,0.00045842872,0.998492956161499,0
adl-02-cam0-rgb,data/keypoints/adl/adl-02-cam0-rgb.npz,79,108,0,42,4,0.00045803603,0.998492956161499,0
adl-02-cam0-rgb,data/keypoints/adl/adl-02-cam0-rgb.npz,80,109,0,42,4,0.00045756603,0.998492956161499,0
adl-02-cam0-rgb,data/keypoints/adl/adl-02-cam0-rgb.npz,81,110,0,42,4,0.00045724513,0.998492956161499,0
adl-02-cam0-rgb,data/keypoints/adl/adl-02-cam0-rgb.npz,82,111,0,42,4,0.00045685953,0.998492956161499,0
adl-02-cam0-rgb,data/keypoints/adl/adl-02-cam0-rgb.npz,83,112,0,42,4,0.00045658243,0.998492956161499,0
adl-02-cam0-rgb,data/keypoints/adl/adl-02-cam0-rgb.npz,84,113,0,42,4,0.0004563612,0.998492956161499,0
adl-02-cam0-rgb,data/keypoints/adl/adl-02-cam0-rgb.npz,85,114,0,42,4,0.00045622155,0.998492956161499,0
adl-02-cam0-rgb,data/keypoints/adl/adl-02-cam0-rgb.npz,86,115,0,42,4,0.00045605938,0.998492956161499,0
adl-02-cam0-rgb,data/keypoints/adl/adl-02-cam0-rgb.npz,87,116,0,42,4,0.0004561189,0.998492956161499,0
adl-02-cam0-rgb,data/keypoints/adl/adl-02-cam0-rgb.npz,88,117,0,42,4,0.00045618069,0.998492956161499,0
adl-02-cam0-rgb,data/keypoints/adl/adl-02-cam0-rgb.npz,89,118,0,42,4,0.00045644987,0.998492956161499,0
adl-02-cam0-rgb,data/keypoints/adl/adl-02-cam0-rgb.npz,90,119,0,42,4,0.00045694574,0.998492956161499,0
adl-02-cam0-rgb,data/keypoints/adl/adl-02-cam0-rgb.npz,91,120,0,42,4,0.0004577288,0.998492956161499,0
adl-02-cam0-rgb,data/keypoints/adl/adl-02-cam0-rgb.npz,92,121,0,42,4,0.00045869447,0.998492956161499,0
adl-02-cam0-rgb,data/keypoints/adl/adl-02-cam0-rgb.npz,93,122,0,42,4,0.00045989078,0.998492956161499,0
adl-02-cam0-rgb,data/keypoints/adl/adl-02-cam0-rgb.npz,94,123,0,42,4,0.0004610889,0.998492956161499,0
adl-02-cam0-rgb,data/keypoints/adl/adl-02-cam0-rgb.npz,95,124,0,42,4,0.00046247375,0.998492956161499,0
adl-02-cam0-rgb,data/keypoints/adl/adl-02-cam0-rgb.npz,96,125,0,42,4,0.0004639339,0.998492956161499,0
adl-02-cam0-rgb,data/keypoints/adl/adl-02-cam0-rgb.npz,97,126,0,42,4,0.0004654218,0.998492956161499,0
adl-02-cam0-rgb,data/keypoints/adl/adl-02-cam0-rgb.npz,98,127,0,42,4,0.00046722518,0.998492956161499,0
adl-02-cam0-rgb,data/keypoints/adl/adl-02-cam0-rgb.npz,99,128,0,42,4,0.00046900983,0.998492956161499,0
adl-02-cam0-rgb,data/keypoints/adl/adl-02-cam0-rgb.npz,100,129,0,42,4,0.00047106147,0.998492956161499,0
adl-02-cam0-rgb,data/keypoints/adl/adl-02-cam0-rgb.npz,101,130,0,42,4,0.00047419863,0.998492956161499,0
adl-02-cam0-rgb,data/keypoints/adl/adl-02-cam0-rgb.npz,102,131,0,42,4,0.00047815824,0.998492956161499,0
adl-02-cam0-rgb,data/keypoints/adl/adl-02-cam0-rgb.npz,103,132,0,42,4,0.0004834243,0.998492956161499,0
adl-02-cam0-rgb,data/keypoints/adl/adl-02-cam0-rgb.npz,104,133,0,42,4,0.00049082236,0.998492956161499,0
adl-02-cam0-rgb,data/keypoints/adl/adl-02-cam0-rgb.npz,105,134,0,42,4,0.0005014966,0.998492956161499,0
adl-02-cam0-rgb,data/keypoints/adl/adl-02-cam0-rgb.npz,106,135,0,42,4,0.00051595084,0.998492956161499,0
adl-02-cam0-rgb,data/keypoints/adl/adl-02-cam0-rgb.npz,107,136,0,42,4,0.00053726847,0.998492956161499,0
adl-02-cam0-rgb,data/keypoints/adl/adl-02-cam0-rgb.npz,108,137,0,42,4,0.0005680117,0.998492956161499,0
adl-02-cam0-rgb,data/keypoints/adl/adl-02-cam0-rgb.npz,109,138,0,42,4,0.00062305183,0.998492956161499,0
adl-02-cam0-rgb,data/keypoints/adl/adl-02-cam0-rgb.npz,110,139,0,42,4,0.00072414504,0.998492956161499,0
adl-02-cam0-rgb,data/keypoints/adl/adl-02-cam0-rgb.npz,111,140,0,42,4,0.0009520149,0.998492956161499,0
adl-02-cam0-rgb,data/keypoints/adl/adl-02-cam0-rgb.npz,112,141,0,42,4,0.0015142723,0.998492956161499,0
adl-02-cam0-rgb,data/keypoints/adl/adl-02-cam0-rgb.npz,113,142,0,42,4,0.0035216976,0.998492956161499,0
adl-02-cam0-rgb,data/keypoints/adl/adl-02-cam0-rgb.npz,114,143,0,42,4,0.00996164,0.998492956161499,0
adl-02-cam0-rgb,data/keypoints/adl/adl-02-cam0-rgb.npz,115,144,0,42,4,0.016911695,0.998492956161499,0
adl-02-cam0-rgb,data/keypoints/adl/adl-02-cam0-rgb.npz,116,145,0,42,4,0.040085535,0.998492956161499,0
adl-02-cam0-rgb,data/keypoints/adl/adl-02-cam0-rgb.npz,117,146,0,42,4,0.0895531,0.998492956161499,0
adl-02-cam0-rgb,data/keypoints/adl/adl-02-cam0-rgb.npz,118,147,0,42,4,0.15232114,0.998492956161499,0
adl-02-cam0-rgb,data/keypoints/adl/adl-02-cam0-rgb.npz,119,148,0,42,4,0.23852958,0.998492956161499,0
adl-02-cam0-rgb,data/keypoints/adl/adl-02-cam0-rgb.npz,120,149,0,42,4,0.36093,0.998492956161499,0
adl-02-cam0-rgb,data/keypoints/adl/adl-02-cam0-rgb.npz,121,150,0,42,4,0.49494985,0.998492956161499,0
adl-02-cam0-rgb,data/keypoints/adl/adl-02-cam0-rgb.npz,122,151,0,42,4,0.62599915,0.998492956161499,0
adl-02-cam0-rgb,data/keypoints/adl/adl-02-cam0-rgb.npz,123,152,0,42,4,0.74677145,0.998492956161499,0
adl-02-cam0-rgb,data/keypoints/adl/adl-02-cam0-rgb.npz,124,153,0,42,4,0.8247075,0.998492956161499,0
adl-02-cam0-rgb,data/keypoints/adl/adl-02-cam0-rgb.npz,125,154,0,42,4,0.8890398,0.998492956161499,0
adl-02-cam0-rgb,data/keypoints/adl/adl-02-cam0-rgb.npz,126,155,0,42,4,0.926295,0.998492956161499,0
adl-02-cam0-rgb,data/keypoints/adl/adl-02-cam0-rgb.npz,127,156,0,42,4,0.9549166,0.998492956161499,0
adl-02-cam0-rgb,data/keypoints/adl/adl-02-cam0-rgb.npz,128,157,0,42,4,0.9702326,0.998492956161499,0
adl-02-cam0-rgb,data/keypoints/adl/adl-02-cam0-rgb.npz,129,158,0,42,4,0.97923124,0.998492956161499,0
adl-02-cam0-rgb,data/keypoints/adl/adl-02-cam0-rgb.npz,130,159,0,42,4,0.98582494,0.998492956161499,0
adl-02-cam0-rgb,data/keypoints/adl/adl-02-cam0-rgb.npz,131,160,0,42,4,0.98969275,0.998492956161499,0
adl-02-cam0-rgb,data/keypoints/adl/adl-02-cam0-rgb.npz,132,161,0,42,4,0.9918264,0.998492956161499,0
adl-02-cam0-rgb,data/keypoints/adl/adl-02-cam0-rgb.npz,133,162,0,42,4,0.99297875,0.998492956161499,0
adl-02-cam0-rgb,data/keypoints/adl/adl-02-cam0-rgb.npz,134,163,0,42,4,0.9941565,0.998492956161499,0
adl-02-cam0-rgb,data/keypoints/adl/adl-02-cam0-rgb.npz,135,164,0,42,4,0.99476975,0.998492956161499,0
adl-02-cam0-rgb,data/keypoints/adl/adl-02-cam0-rgb.npz,136,165,0,42,4,0.9955642,0.998492956161499,0
adl-02-cam0-rgb,data/keypoints/adl/adl-02-cam0-rgb.npz,137,166,0,42,4,0.99621326,0.998492956161499,0
adl-02-cam0-rgb,data/keypoints/adl/adl-02-cam0-rgb.npz,138,167,0,42,4,0.99647945,0.998492956161499,0
adl-02-cam0-rgb,data/keypoints/adl/adl-02-cam0-rgb.npz,139,168,0,42,4,0.99710804,0.998492956161499,0
adl-02-cam0-rgb,data/keypoints/adl/adl-02-cam0-rgb.npz,140,169,0,42,4,0.9972059,0.998492956161499,0
adl-02-cam0-rgb,data/keypoints/adl/adl-02-cam0-rgb.npz,141,170,0,42,4,0.997267,0.998492956161499,0
adl-02-cam0-rgb,data/keypoints/adl/adl-02-cam0-rgb.npz,142,171,0,42,4,0.99736315,0.998492956161499,0
adl-02-cam0-rgb,data/keypoints/adl/adl-02-cam0-rgb.npz,143,172,0,42,4,0.9973686,0.998492956161499,0
adl-02-cam0-rgb,data/keypoints/adl/adl-02-cam0-rgb.npz,144,173,0,42,4,0.9973878,0.998492956161499,0
adl-02-cam0-rgb,data/keypoints/adl/adl-02-cam0-rgb.npz,145,174,0,42,4,0.99735105,0.998492956161499,0
adl-02-cam0-rgb,data/keypoints/adl/adl-02-cam0-rgb.npz,146,175,0,42,4,0.99736905,0.998492956161499,0
adl-02-cam0-rgb,data/keypoints/adl/adl-02-cam0-rgb.npz,147,176,0,42,4,0.99730563,0.998492956161499,0
adl-02-cam0-rgb,data/keypoints/adl/adl-02-cam0-rgb.npz,148,177,0,42,4,0.99722075,0.998492956161499,0
adl-02-cam0-rgb,data/keypoints/adl/adl-02-cam0-rgb.npz,149,178,0,42,4,0.99723876,0.998492956161499,0
adl-02-cam0-rgb,data/keypoints/adl/adl-02-cam0-rgb.npz,150,179,0,42,4,0.99719715,0.998492956161499,0
adl-02-cam0-rgb,data/keypoints/adl/adl-02-cam0-rgb.npz,151,180,0,42,4,0.9971852,0.998492956161499,0
adl-11-cam0-rgb,data/keypoints/adl/adl-11-cam0-rgb.npz,1,30,0,42,4,0.000490674,0.998492956161499,0
adl-11-cam0-rgb,data/keypoints/adl/adl-11-cam0-rgb.npz,2,31,0,42,4,0.0004902738,0.998492956161499,0
adl-11-cam0-rgb,data/keypoints/adl/adl-11-cam0-rgb.npz,3,32,0,42,4,0.00048976426,0.998492956161499,0
adl-11-cam0-rgb,data/keypoints/adl/adl-11-cam0-rgb.npz,4,33,0,42,4,0.00048922945,0.998492956161499,0
adl-11-cam0-rgb,data/keypoints/adl/adl-11-cam0-rgb.npz,5,34,0,42,4,0.0004886428,0.998492956161499,0
adl-11-cam0-rgb,data/keypoints/adl/adl-11-cam0-rgb.npz,6,35,0,42,4,0.00048811713,0.998492956161499,0
adl-11-cam0-rgb,data/keypoints/adl/adl-11-cam0-rgb.npz,7,36,0,42,4,0.00048754472,0.998492956161499,0
adl-11-cam0-rgb,data/keypoints/adl/adl-11-cam0-rgb.npz,8,37,0,42,4,0.00048695973,0.998492956161499,0
adl-11-cam0-rgb,data/keypoints/adl/adl-11-cam0-rgb.npz,9,38,0,42,4,0.00048637408,0.998492956161499,0
adl-11-cam0-rgb,data/keypoints/adl/adl-11-cam0-rgb.npz,10,39,0,42,4,0.0004857949,0.998492956161499,0
adl-11-cam0-rgb,data/keypoints/adl/adl-11-cam0-rgb.npz,11,40,0,42,4,0.0004851734,0.998492956161499,0
adl-11-cam0-rgb,data/keypoints/adl/adl-11-cam0-rgb.npz,12,41,0,42,4,0.000484579,0.998492956161499,0
adl-11-cam0-rgb,data/keypoints/adl/adl-11-cam0-rgb.npz,13,42,0,42,4,0.00048403986,0.998492956161499,0
adl-11-cam0-rgb,data/keypoints/adl/adl-11-cam0-rgb.npz,14,43,0,42,4,0.00048345147,0.998492956161499,0
adl-11-cam0-rgb,data/keypoints/adl/adl-11-cam0-rgb.npz,15,44,0,42,4,0.0004827692,0.998492956161499,0
adl-11-cam0-rgb,data/keypoints/adl/adl-11-cam0-rgb.npz,16,45,0,42,4,0.00048212515,0.998492956161499,0
adl-11-cam0-rgb,data/keypoints/adl/adl-11-cam0-rgb.npz,17,46,0,42,4,0.000481518,0.998492956161499,0
adl-11-cam0-rgb,data/keypoints/adl/adl-11-cam0-rgb.npz,18,47,0,42,4,0.00048092674,0.998492956161499,0
adl-11-cam0-rgb,data/keypoints/adl/adl-11-cam0-rgb.npz,19,48,0,42,4,0.0004803055,0.998492956161499,0
adl-11-cam0-rgb,data/keypoints/adl/adl-11-cam0-rgb.npz,20,49,0,42,4,0.00047968733,0.998492956161499,0
adl-11-cam0-rgb,data/keypoints/adl/adl-11-cam0-rgb.npz,21,50,0,42,4,0.00047908575,0.998492956161499,0
adl-11-cam0-rgb,data/keypoints/adl/adl-11-cam0-rgb.npz,22,51,0,42,4,0.0004785214,0.998492956161499,0
adl-11-cam0-rgb,data/keypoints/adl/adl-11-cam0-rgb.npz,23,52,0,42,4,0.00047800853,0.998492956161499,0
adl-11-cam0-rgb,data/keypoints/adl/adl-11-cam0-rgb.npz,24,53,0,42,4,0.00047747823,0.998492956161499,0
adl-11-cam0-rgb,data/keypoints/adl/adl-11-cam0-rgb.npz,25,54,0,42,4,0.00047706263,0.998492956161499,0
adl-11-cam0-rgb,data/keypoints/adl/adl-11-cam0-rgb.npz,26,55,0,42,4,0.00047667077,0.998492956161499,0
adl-11-cam0-rgb,data/keypoints/adl/adl-11-cam0-rgb.npz,27,56,0,42,4,0.000476213,0.998492956161499,0
adl-11-cam0-rgb,data/keypoints/adl/adl-11-cam0-rgb.npz,28,57,0,42,4,0.0004756686,0.998492956161499,0
adl-11-cam0-rgb,data/keypoints/adl/adl-11-cam0-rgb.npz,29,58,0,42,4,0.00047518505,0.998492956161499,0
adl-11-cam0-rgb,data/keypoints/adl/adl-11-cam0-rgb.npz,30,59,0,42,4,0.00047464768,0.998492956161499,0
adl-11-cam0-rgb,data/keypoints/adl/adl-11-cam0-rgb.npz,31,60,0,42,4,0.00047413065,0.998492956161499,0
adl-11-cam0-rgb,data/keypoints/adl/adl-11-cam0-rgb.npz,32,61,0,42,4,0.00047375227,0.998492956161499,0
adl-11-cam0-rgb,data/keypoints/adl/adl-11-cam0-rgb.npz,33,62,0,42,4,0.0004735209,0.998492956161499,0
adl-11-cam0-rgb,data/keypoints/adl/adl-11-cam0-rgb.npz,34,63,0,42,4,0.00047324674,0.998492956161499,0
adl-11-cam0-rgb,data/keypoints/adl/adl-11-cam0-rgb.npz,35,64,0,42,4,0.00047303792,0.998492956161499,0
adl-11-cam0-rgb,data/keypoints/adl/adl-11-cam0-rgb.npz,36,65,0,42,4,0.000472687,0.998492956161499,0
adl-11-cam0-rgb,data/keypoints/adl/adl-11-cam0-rgb.npz,37,66,0,42,4,0.00047233008,0.998492956161499,0
adl-11-cam0-rgb,data/keypoints/adl/adl-11-cam0-rgb.npz,38,67,0,42,4,0.00047198712,0.998492956161499,0
adl-11-cam0-rgb,data/keypoints/adl/adl-11-cam0-rgb.npz,39,68,0,42,4,0.00047150732,0.998492956161499,0
adl-11-cam0-rgb,data/keypoints/adl/adl-11-cam0-rgb.npz,40,69,0,42,4,0.0004710579,0.998492956161499,0
adl-11-cam0-rgb,data/keypoints/adl/adl-11-cam0-rgb.npz,41,70,0,42,4,0.00047062183,0.998492956161499,0
adl-11-cam0-rgb,data/keypoints/adl/adl-11-cam0-rgb.npz,42,71,0,42,4,0.00047014878,0.998492956161499,0
adl-11-cam0-rgb,data/keypoints/adl/adl-11-cam0-rgb.npz,43,72,0,42,4,0.00046967194,0.998492956161499,0
adl-11-cam0-rgb,data/keypoints/adl/adl-11-cam0-rgb.npz,44,73,0,42,4,0.0004692851,0.998492956161499,0
adl-11-cam0-rgb,data/keypoints/adl/adl-11-cam0-rgb.npz,45,74,0,42,4,0.00046902907,0.998492956161499,0
adl-11-cam0-rgb,data/keypoints/adl/adl-11-cam0-rgb.npz,46,75,0,42,4,0.00046872802,0.998492956161499,0
adl-11-cam0-rgb,data/keypoints/adl/adl-11-cam0-rgb.npz,47,76,0,42,4,0.00046849644,0.998492956161499,0
adl-11-cam0-rgb,data/keypoints/adl/adl-11-cam0-rgb.npz,48,77,0,42,4,0.00046827388,0.998492956161499,0
adl-11-cam0-rgb,data/keypoints/adl/adl-11-cam0-rgb.npz,49,78,0,42,4,0.00046808377,0.998492956161499,0
adl-11-cam0-rgb,data/keypoints/adl/adl-11-cam0-rgb.npz,50,79,0,42,4,0.00046794012,0.998492956161499,0
adl-11-cam0-rgb,data/keypoints/adl/adl-11-cam0-rgb.npz,51,80,0,42,4,0.0004677563,0.998492956161499,0
adl-11-cam0-rgb,data/keypoints/adl/adl-11-cam0-rgb.npz,52,81,0,42,4,0.0004675943,0.998492956161499,0
adl-11-cam0-rgb,data/keypoints/adl/adl-11-cam0-rgb.npz,53,82,0,42,4,0.00046747038,0.998492956161499,0
adl-11-cam0-rgb,data/keypoints/adl/adl-11-cam0-rgb.npz,54,83,0,42,4,0.0004673882,0.998492956161499,0
adl-11-cam0-rgb,data/keypoints/adl/adl-11-cam0-rgb.npz,55,84,0,42,4,0.00046731601,0.998492956161499,0
adl-11-cam0-rgb,data/keypoints/adl/adl-11-cam0-rgb.npz,56,85,0,42,4,0.00046725236,0.998492956161499,0
adl-11-cam0-rgb,data/keypoints/adl/adl-11-cam0-rgb.npz,57,86,0,42,4,0.00046723476,0.998492956161499,0
adl-11-cam0-rgb,data/keypoints/adl/adl-11-cam0-rgb.npz,58,87,0,42,4,0.00046721223,0.998492956161499,0
adl-11-cam0-rgb,data/keypoints/adl/adl-11-cam0-rgb.npz,59,88,0,42,4,0.0004672256,0.998492956161499,0
adl-11-cam0-rgb,data/keypoints/adl/adl-11-cam0-rgb.npz,60,89,0,42,4,0.00046731916,0.998492956161499,0
adl-11-cam0-rgb,data/keypoints/adl/adl-11-cam0-rgb.npz,61,90,0,42,4,0.00046744166,0.998492956161499,0
adl-11-cam0-rgb,data/keypoints/adl/adl-11-cam0-rgb.npz,62,91,0,42,4,0.0004676146,0.998492956161499,0
adl-11-cam0-rgb,data/keypoints/adl/adl-11-cam0-rgb.npz,63,92,0,42,4,0.00046783037,0.998492956161499,0
adl-11-cam0-rgb,data/keypoints/adl/adl-11-cam0-rgb.npz,64,93,0,42,4,0.00046818345,0.998492956161499,0
adl-11-cam0-rgb,data/keypoints/adl/adl-11-cam0-rgb.npz,65,94,0,42,4,0.00046853506,0.998492956161499,0
adl-11-cam0-rgb,data/keypoints/adl/adl-11-cam0-rgb.npz,66,95,0,42,4,0.0004689924,0.998492956161499,0
adl-11-cam0-rgb,data/keypoints/adl/adl-11-cam0-rgb.npz,67,96,0,42,4,0.00046952316,0.998492956161499,0
adl-11-cam0-rgb,data/keypoints/adl/adl-11-cam0-rgb.npz,68,97,0,42,4,0.00047011254,0.998492956161499,0
adl-11-cam0-rgb,data/keypoints/adl/adl-11-cam0-rgb.npz,69,98,0,42,4,0.0004708211,0.998492956161499,0
adl-11-cam0-rgb,data/keypoints/adl/adl-11-cam0-rgb.npz,70,99,0,42,4,0.0004715601,0.998492956161499,0
adl-11-cam0-rgb,data/keypoints/adl/adl-11-cam0-rgb.npz,71,100,0,42,4,0.00047245258,0.998492956161499,0
adl-11-cam0-rgb,data/keypoints/adl/adl-11-cam0-rgb.npz,72,101,0,42,4,0.00047345605,0.998492956161499,0
adl-11-cam0-rgb,data/keypoints/adl/adl-11-cam0-rgb.npz,73,102,0,42,4,0.00047453455,0.998492956161499,0
adl-11-cam0-rgb,data/keypoints/adl/adl-11-cam0-rgb.npz,74,103,0,42,4,0.00047552714,0.998492956161499,0
adl-11-cam0-rgb,data/keypoints/adl/adl-11-cam0-rgb.npz,75,104,0,42,4,0.00047633515,0.998492956161499,0
adl-11-cam0-rgb,data/keypoints/adl/adl-11-cam0-rgb.npz,76,105,0,42,4,0.00047739016,0.998492956161499,0
adl-11-cam0-rgb,data/keypoints/adl/adl-11-cam0-rgb.npz,77,106,0,42,4,0.0004783112,0.998492956161499,0
adl-11-cam0-rgb,data/keypoints/adl/adl-11-cam0-rgb.npz,78,107,0,42,4,0.0004791344,0.998492956161499,0
adl-11-cam0-rgb,data/keypoints/adl/adl-11-cam0-rgb.npz,79,108,0,42,4,0.0004801002,0.998492956161499,0
adl-11-cam0-rgb,data/keypoints/adl/adl-11-cam0-rgb.npz,80,109,0,42,4,0.00048113073,0.998492956161499,0
adl-11-cam0-rgb,data/keypoints/adl/adl-11-cam0-rgb.npz,81,110,0,42,4,0.00048233478,0.998492956161499,0
adl-11-cam0-rgb,data/keypoints/adl/adl-11-cam0-rgb.npz,82,111,0,42,4,0.0004838046,0.998492956161499,0
adl-11-cam0-rgb,data/keypoints/adl/adl-11-cam0-rgb.npz,83,112,0,42,4,0.00048548062,0.998492956161499,0
adl-11-cam0-rgb,data/keypoints/adl/adl-11-cam0-rgb.npz,84,113,0,42,4,0.00048732146,0.998492956161499,0
adl-11-cam0-rgb,data/keypoints/adl/adl-11-cam0-rgb.npz,85,114,0,42,4,0.00048930803,0.998492956161499,0
adl-11-cam0-rgb,data/keypoints/adl/adl-11-cam0-rgb.npz,86,115,0,42,4,0.0004914754,0.998492956161499,0
adl-11-cam0-rgb,data/keypoints/adl/adl-11-cam0-rgb.npz,87,116,0,42,4,0.00049389014,0.998492956161499,0
adl-11-cam0-rgb,data/keypoints/adl/adl-11-cam0-rgb.npz,88,117,0,42,4,0.0004965629,0.998492956161499,0
adl-11-cam0-rgb,data/keypoints/adl/adl-11-cam0-rgb.npz,89,118,0,42,4,0.0004994403,0.998492956161499,0
adl-11-cam0-rgb,data/keypoints/adl/adl-11-cam0-rgb.npz,90,119,0,42,4,0.0005024109,0.998492956161499,0
adl-11-cam0-rgb,data/keypoints/adl/adl-11-cam0-rgb.npz,91,120,0,42,4,0.00050545443,0.998492956161499,0
adl-11-cam0-rgb,data/keypoints/adl/adl-11-cam0-rgb.npz,92,121,0,42,4,0.0005087694,0.998492956161499,0
adl-11-cam0-rgb,data/keypoints/adl/adl-11-cam0-rgb.npz,93,122,0,42,4,0.00051230326,0.998492956161499,0
adl-11-cam0-rgb,data/keypoints/adl/adl-11-cam0-rgb.npz,94,123,0,42,4,0.0005158829,0.998492956161499,0
adl-11-cam0-rgb,data/keypoints/adl/adl-11-cam0-rgb.npz,95,124,0,42,4,0.00051961234,0.998492956161499,0
adl-11-cam0-rgb,data/keypoints/adl/adl-11-cam0-rgb.npz,96,125,0,42,4,0.0005235369,0.998492956161499,0
adl-11-cam0-rgb,data/keypoints/adl/adl-11-cam0-rgb.npz,97,126,0,42,4,0.00052767503,0.998492956161499,0
adl-11-cam0-rgb,data/keypoints/adl/adl-11-cam0-rgb.npz,98,127,0,42,4,0.000532069,0.998492956161499,0
adl-11-cam0-rgb,data/keypoints/adl/adl-11-cam0-rgb.npz,99,128,0,42,4,0.0005364495,0.998492956161499,0
adl-11-cam0-rgb,data/keypoints/adl/adl-11-cam0-rgb.npz,100,129,0,42,4,0.00054082804,0.998492956161499,0
adl-11-cam0-rgb,data/keypoints/adl/adl-11-cam0-rgb.npz,101,130,0,42,4,0.00054559694,0.998492956161499,0
adl-11-cam0-rgb,data/keypoints/adl/adl-11-cam0-rgb.npz,102,131,0,42,4,0.00055009703,0.998492956161499,0
adl-11-cam0-rgb,data/keypoints/adl/adl-11-cam0-rgb.npz,103,132,0,42,4,0.00055409054,0.998492956161499,0
adl-11-cam0-rgb,data/keypoints/adl/adl-11-cam0-rgb.npz,104,133,0,42,4,0.0005580356,0.998492956161499,0
adl-11-cam0-rgb,data/keypoints/adl/adl-11-cam0-rgb.npz,105,134,0,42,4,0.00056187547,0.998492956161499,0
adl-11-cam0-rgb,data/keypoints/adl/adl-11-cam0-rgb.npz,106,135,0,42,4,0.0005651679,0.998492956161499,0
adl-11-cam0-rgb,data/keypoints/adl/adl-11-cam0-rgb.npz,107,136,0,42,4,0.0005682793,0.998492956161499,0
adl-11-cam0-rgb,data/keypoints/adl/adl-11-cam0-rgb.npz,108,137,0,42,4,0.0005710571,0.998492956161499,0
adl-11-cam0-rgb,data/keypoints/adl/adl-11-cam0-rgb.npz,109,138,0,42,4,0.00057357945,0.998492956161499,0
adl-11-cam0-rgb,data/keypoints/adl/adl-11-cam0-rgb.npz,110,139,0,42,4,0.0005758157,0.998492956161499,0
adl-11-cam0-rgb,data/keypoints/adl/adl-11-cam0-rgb.npz,111,140,0,42,4,0.00057748705,0.998492956161499,0
adl-11-cam0-rgb,data/keypoints/adl/adl-11-cam0-rgb.npz,112,141,0,42,4,0.00057866477,0.998492956161499,0
adl-11-cam0-rgb,data/keypoints/adl/adl-11-cam0-rgb.npz,113,142,0,42,4,0.0005793602,0.998492956161499,0
adl-11-cam0-rgb,data/keypoints/adl/adl-11-cam0-rgb.npz,114,143,0,42,4,0.0005796186,0.998492956161499,0
adl-11-cam0-rgb,data/keypoints/adl/adl-11-cam0-rgb.npz,115,144,0,42,4,0.0005791647,0.998492956161499,0
adl-11-cam0-rgb,data/keypoints/adl/adl-11-cam0-rgb.npz,116,145,0,42,4,0.00057840283,0.998492956161499,0
adl-11-cam0-rgb,data/keypoints/adl/adl-11-cam0-rgb.npz,117,146,0,42,4,0.0005773332,0.998492956161499,0
adl-11-cam0-rgb,data/keypoints/adl/adl-11-cam0-rgb.npz,118,147,0,42,4,0.00057563215,0.998492956161499,0
adl-11-cam0-rgb,data/keypoints/adl/adl-11-cam0-rgb.npz,119,148,0,42,4,0.0005741968,0.998492956161499,0
adl-11-cam0-rgb,data/keypoints/adl/adl-11-cam0-rgb.npz,120,149,0,42,4,0.000573051,0.998492956161499,0
adl-11-cam0-rgb,data/keypoints/adl/adl-11-cam0-rgb.npz,121,150,0,42,4,0.0005720703,0.998492956161499,0
adl-11-cam0-rgb,data/keypoints/adl/adl-11-cam0-rgb.npz,122,151,0,42,4,0.0005704837,0.998492956161499,0
adl-11-cam0-rgb,data/keypoints/adl/adl-11-cam0-rgb.npz,123,152,0,42,4,0.00056895515,0.998492956161499,0
adl-11-cam0-rgb,data/keypoints/adl/adl-11-cam0-rgb.npz,124,153,0,42,4,0.0005676586,0.998492956161499,0
adl-11-cam0-rgb,data/keypoints/adl/adl-11-cam0-rgb.npz,125,154,0,42,4,0.000565832,0.998492956161499,0
adl-11-cam0-rgb,data/keypoints/adl/adl-11-cam0-rgb.npz,126,155,0,42,4,0.0005641311,0.998492956161499,0
adl-11-cam0-rgb,data/keypoints/adl/adl-11-cam0-rgb.npz,127,156,0,42,4,0.0005646433,0.998492956161499,0
adl-11-cam0-rgb,data/keypoints/adl/adl-11-cam0-rgb.npz,128,157,0,42,4,0.00046870744,0.998492956161499,0
adl-11-cam0-rgb,data/keypoints/adl/adl-11-cam0-rgb.npz,129,158,0,42,4,0.00046908652,0.998492956161499,0
adl-11-cam0-rgb,data/keypoints/adl/adl-11-cam0-rgb.npz,130,159,0,42,4,0.00046112493,0.998492956161499,0
adl-11-cam0-rgb,data/keypoints/adl/adl-11-cam0-rgb.npz,131,160,0,42,4,0.00055535155,0.998492956161499,0
adl-11-cam0-rgb,data/keypoints/adl/adl-11-cam0-rgb.npz,132,161,0,42,4,0.00048310086,0.998492956161499,0
adl-11-cam0-rgb,data/keypoints/adl/adl-11-cam0-rgb.npz,133,162,0,42,4,0.00048309352,0.998492956161499,0
adl-11-cam0-rgb,data/keypoints/adl/adl-11-cam0-rgb.npz,134,163,0,42,4,0.00048304608,0.998492956161499,0
adl-11-cam0-rgb,data/keypoints/adl/adl-11-cam0-rgb.npz,135,164,0,42,4,0.00048284678,0.998492956161499,0
adl-11-cam0-rgb,data/keypoints/adl/adl-11-cam0-rgb.npz,136,165,0,42,4,0.0004828859,0.998492956161499,0
adl-11-cam0-rgb,data/keypoints/adl/adl-11-cam0-rgb.npz,137,166,0,42,4,0.0004828521,0.998492956161499,0
adl-11-cam0-rgb,data/keypoints/adl/adl-11-cam0-rgb.npz,138,167,0,42,4,0.0004828716,0.998492956161499,0
adl-11-cam0-rgb,data/keypoints/adl/adl-11-cam0-rgb.npz,139,168,0,42,4,0.0004827248,0.998492956161499,0
adl-11-cam0-rgb,data/keypoints/adl/adl-11-cam0-rgb.npz,140,169,0,42,4,0.00048267926,0.998492956161499,0
adl-11-cam0-rgb,data/keypoints/adl/adl-11-cam0-rgb.npz,141,170,0,42,4,0.00048253938,0.998492956161499,0
adl-11-cam0-rgb,data/keypoints/adl/adl-11-cam0-rgb.npz,142,171,0,42,4,0.0004824419,0.998492956161499,0
adl-11-cam0-rgb,data/keypoints/adl/adl-11-cam0-rgb.npz,143,172,0,42,4,0.00048243382,0.998492956161499,0
adl-11-cam0-rgb,data/keypoints/adl/adl-11-cam0-rgb.npz,144,173,0,42,4,0.00048224558,0.998492956161499,0
adl-11-cam0-rgb,data/keypoints/adl/adl-11-cam0-rgb.npz,145,174,0,42,4,0.00048202527,0.998492956161499,0
adl-11-cam0-rgb,data/keypoints/adl/adl-11-cam0-rgb.npz,146,175,0,42,4,0.00048190533,0.998492956161499,0
adl-11-cam0-rgb,data/keypoints/adl/adl-11-cam0-rgb.npz,147,176,0,42,4,0.0004815937,0.998492956161499,0
adl-11-cam0-rgb,data/keypoints/adl/adl-11-cam0-rgb.npz,148,177,0,42,4,0.00048127203,0.998492956161499,0
adl-11-cam0-rgb,data/keypoints/adl/adl-11-cam0-rgb.npz,149,178,0,42,4,0.00048080043,0.998492956161499,0
adl-11-cam0-rgb,data/keypoints/adl/adl-11-cam0-rgb.npz,150,179,0,42,4,0.00048022516,0.998492956161499,0
adl-11-cam0-rgb,data/keypoints/adl/adl-11-cam0-rgb.npz,151,180,0,42,4,0.00047943636,0.998492956161499,0
adl-11-cam0-rgb,data/keypoints/adl/adl-11-cam0-rgb.npz,152,181,0,42,4,0.0004786165,0.998492956161499,0
adl-11-cam0-rgb,data/keypoints/adl/adl-11-cam0-rgb.npz,153,182,0,42,4,0.00047782998,0.998492956161499,0
adl-11-cam0-rgb,data/keypoints/adl/adl-11-cam0-rgb.npz,154,183,0,42,4,0.0004767617,0.998492956161499,0
adl-11-cam0-rgb,data/keypoints/adl/adl-11-cam0-rgb.npz,155,184,0,42,4,0.000614183,0.998492956161499,0
adl-11-cam0-rgb,data/keypoints/adl/adl-11-cam0-rgb.npz,156,185,0,42,4,0.0006117486,0.998492956161499,0
adl-11-cam0-rgb,data/keypoints/adl/adl-11-cam0-rgb.npz,157,186,0,42,4,0.00060900685,0.998492956161499,0
adl-11-cam0-rgb,data/keypoints/adl/adl-11-cam0-rgb.npz,158,187,0,42,4,0.00060639495,0.998492956161499,0
adl-11-cam0-rgb,data/keypoints/adl/adl-11-cam0-rgb.npz,159,188,0,42,4,0.0006039263,0.998492956161499,0
adl-11-cam0-rgb,data/keypoints/adl/adl-11-cam0-rgb.npz,160,189,0,42,4,0.0006015145,0.998492956161499,0
adl-11-cam0-rgb,data/keypoints/adl/adl-11-cam0-rgb.npz,161,190,0,42,4,0.00059926795,0.998492956161499,0
adl-11-cam0-rgb,data/keypoints/adl/adl-11-cam0-rgb.npz,162,191,0,42,4,0.000596766,0.998492956161499,0
adl-11-cam0-rgb,data/keypoints/adl/adl-11-cam0-rgb.npz,163,192,0,42,4,0.0005940608,0.998492956161499,0
adl-11-cam0-rgb,data/keypoints/adl/adl-11-cam0-rgb.npz,164,193,0,42,4,0.0005920048,0.998492956161499,0
adl-11-cam0-rgb,data/keypoints/adl/adl-11-cam0-rgb.npz,165,194,0,42,4,0.00059043913,0.998492956161499,0
adl-11-cam0-rgb,data/keypoints/adl/adl-11-cam0-rgb.npz,166,195,0,42,4,0.000588235,0.998492956161499,0
adl-11-cam0-rgb,data/keypoints/adl/adl-11-cam0-rgb.npz,167,196,0,42,4,0.0005858805,0.998492956161499,0
adl-11-cam0-rgb,data/keypoints/adl/adl-11-cam0-rgb.npz,168,197,0,42,4,0.0005837509,0.998492956161499,0
adl-11-cam0-rgb,data/keypoints/adl/adl-11-cam0-rgb.npz,169,198,0,42,4,0.0005819935,0.998492956161499,0
adl-11-cam0-rgb,data/keypoints/adl/adl-11-cam0-rgb.npz,170,199,0,42,4,0.0005804258,0.998492956161499,0
adl-11-cam0-rgb,data/keypoints/adl/adl-11-cam0-rgb.npz,171,200,0,42,4,0.00058068725,0.998492956161499,0
adl-11-cam0-rgb,data/keypoints/adl/adl-11-cam0-rgb.npz,172,201,0,42,4,0.0005799416,0.998492956161499,0
adl-11-cam0-rgb,data/keypoints/adl/adl-11-cam0-rgb.npz,173,202,0,42,4,0.0005789462,0.998492956161499,0
adl-11-cam0-rgb,data/keypoints/adl/adl-11-cam0-rgb.npz,174,203,0,42,4,0.0005786761,0.998492956161499,0
adl-11-cam0-rgb,data/keypoints/adl/adl-11-cam0-rgb.npz,175,204,0,42,4,0.0005784806,0.998492956161499,0
adl-11-cam0-rgb,data/keypoints/adl/adl-11-cam0-rgb.npz,176,205,0,42,4,0.0005780187,0.998492956161499,0
adl-11-cam0-rgb,data/keypoints/adl/adl-11-cam0-rgb.npz,177,206,0,42,4,0.0005778706,0.998492956161499,0
adl-11-cam0-rgb,data/keypoints/adl/adl-11-cam0-rgb.npz,178,207,0,42,4,0.0005783511,0.998492956161499,0
adl-11-cam0-rgb,data/keypoints/adl/adl-11-cam0-rgb.npz,179,208,0,42,4,0.0005784927,0.998492956161499,0
adl-11-cam0-rgb,data/keypoints/adl/adl-11-cam0-rgb.npz,180,209,0,42,4,0.0005786841,0.998492956161499,0
adl-11-cam0-rgb,data/keypoints/adl/adl-11-cam0-rgb.npz,181,210,0,42,4,0.0005788887,0.998492956161499,0
adl-11-cam0-rgb,data/keypoints/adl/adl-11-cam0-rgb.npz,182,211,0,42,4,0.0005792044,0.998492956161499,0
adl-11-cam0-rgb,data/keypoints/adl/adl-11-cam0-rgb.npz,183,212,0,42,4,0.0005793922,0.998492956161499,0
adl-11-cam0-rgb,data/keypoints/adl/adl-11-cam0-rgb.npz,184,213,0,42,4,0.000580943,0.998492956161499,0
adl-11-cam0-rgb,data/keypoints/adl/adl-11-cam0-rgb.npz,185,214,0,42,4,0.00058227393,0.998492956161499,0
adl-11-cam0-rgb,data/keypoints/adl/adl-11-cam0-rgb.npz,186,215,0,42,4,0.0005842299,0.998492956161499,0
adl-11-cam0-rgb,data/keypoints/adl/adl-11-cam0-rgb.npz,187,216,0,42,4,0.00058709126,0.998492956161499,0
adl-11-cam0-rgb,data/keypoints/adl/adl-11-cam0-rgb.npz,188,217,0,42,4,0.0005894259,0.998492956161499,0
adl-11-cam0-rgb,data/keypoints/adl/adl-11-cam0-rgb.npz,189,218,0,42,4,0.000591745,0.998492956161499,0
adl-11-cam0-rgb,data/keypoints/adl/adl-11-cam0-rgb.npz,190,219,0,42,4,0.0005609524,0.998492956161499,0
adl-11-cam0-rgb,data/keypoints/adl/adl-11-cam0-rgb.npz,191,220,0,42,4,0.00060409907,0.998492956161499,0
adl-11-cam0-rgb,data/keypoints/adl/adl-11-cam0-rgb.npz,192,221,0,42,4,0.00060722715,0.998492956161499,0
adl-11-cam0-rgb,data/keypoints/adl/adl-11-cam0-rgb.npz,193,222,0,42,4,0.0006100926,0.998492956161499,0
adl-11-cam0-rgb,data/keypoints/adl/adl-11-cam0-rgb.npz,194,223,0,42,4,0.0006135634,0.998492956161499,0
adl-11-cam0-rgb,data/keypoints/adl/adl-11-cam0-rgb.npz,195,224,0,42,4,0.0005958317,0.998492956161499,0
adl-11-cam0-rgb,data/keypoints/adl/adl-11-cam0-rgb.npz,196,225,0,42,4,0.000598062,0.998492956161499,0
adl-11-cam0-rgb,data/keypoints/adl/adl-11-cam0-rgb.npz,197,226,0,42,4,0.00060126197,0.998492956161499,0
adl-11-cam0-rgb,data/keypoints/adl/adl-11-cam0-rgb.npz,198,227,0,42,4,0.00060491863,0.998492956161499,0
adl-11-cam0-rgb,data/keypoints/adl/adl-11-cam0-rgb.npz,199,228,0,42,4,0.00060944265,0.998492956161499,0
adl-11-cam0-rgb,data/keypoints/adl/adl-11-cam0-rgb.npz,200,229,0,42,4,0.00061056844,0.998492956161499,0
adl-11-cam0-rgb,data/keypoints/adl/adl-11-cam0-rgb.npz,201,230,0,42,4,0.0006113811,0.998492956161499,0
adl-11-cam0-rgb,data/keypoints/adl/adl-11-cam0-rgb.npz,202,231,0,42,4,0.0006129833,0.998492956161499,0
adl-11-cam0-rgb,data/keypoints/adl/adl-11-cam0-rgb.npz,203,232,0,42,4,0.0006151107,0.998492956161499,0
adl-11-cam0-rgb,data/keypoints/adl/adl-11-cam0-rgb.npz,204,233,0,42,4,0.0006356632,0.998492956161499,0
adl-11-cam0-rgb,data/keypoints/adl/adl-11-cam0-rgb.npz,205,234,0,42,4,0.0006418554,0.998492956161499,0
adl-11-cam0-rgb,data/keypoints/adl/adl-11-cam0-rgb.npz,206,235,0,42,4,0.0006235051,0.998492956161499,0
adl-11-cam0-rgb,data/keypoints/adl/adl-11-cam0-rgb.npz,207,236,0,42,4,0.0006314565,0.998492956161499,0
adl-11-cam0-rgb,data/keypoints/adl/adl-11-cam0-rgb.npz,208,237,0,42,4,0.0006383464,0.998492956161499,0
adl-11-cam0-rgb,data/keypoints/adl/adl-11-cam0-rgb.npz,209,238,0,42,4,0.0006458598,0.998492956161499,0
adl-11-cam0-rgb,data/keypoints/adl/adl-11-cam0-rgb.npz,210,239,0,42,4,0.00065411284,0.998492956161499,0
adl-11-cam0-rgb,data/keypoints/adl/adl-11-cam0-rgb.npz,211,240,0,42,4,0.0006574228,0.998492956161499,0
adl-11-cam0-rgb,data/keypoints/adl/adl-11-cam0-rgb.npz,212,241,0,42,4,0.0006616514,0.998492956161499,0
adl-11-cam0-rgb,data/keypoints/adl/adl-11-cam0-rgb.npz,213,242,0,42,4,0.00066597364,0.998492956161499,0
adl-11-cam0-rgb,data/keypoints/adl/adl-11-cam0-rgb.npz,214,243,0,42,4,0.00067020423,0.998492956161499,0
adl-11-cam0-rgb,data/keypoints/adl/adl-11-cam0-rgb.npz,215,244,0,42,4,0.0006745289,0.998492956161499,0
adl-11-cam0-rgb,data/keypoints/adl/adl-11-cam0-rgb.npz,216,245,0,42,4,0.0006824622,0.998492956161499,0
adl-11-cam0-rgb,data/keypoints/adl/adl-11-cam0-rgb.npz,217,246,0,42,4,0.0006861319,0.998492956161499,0
adl-11-cam0-rgb,data/keypoints/adl/adl-11-cam0-rgb.npz,218,247,0,42,4,0.00068883126,0.998492956161499,0
adl-11-cam0-rgb,data/keypoints/adl/adl-11-cam0-rgb.npz,219,248,0,42,4,0.00069118507,0.998492956161499,0
adl-11-cam0-rgb,data/keypoints/adl/adl-11-cam0-rgb.npz,220,249,0,42,4,0.00069356215,0.998492956161499,0
adl-11-cam0-rgb,data/keypoints/adl/adl-11-cam0-rgb.npz,221,250,0,42,4,0.0006955638,0.998492956161499,0
adl-11-cam0-rgb,data/keypoints/adl/adl-11-cam0-rgb.npz,222,251,0,42,4,0.00069820776,0.998492956161499,0
adl-11-cam0-rgb,data/keypoints/adl/adl-11-cam0-rgb.npz,223,252,0,42,4,0.0007253565,0.998492956161499,0
adl-11-cam0-rgb,data/keypoints/adl/adl-11-cam0-rgb.npz,224,253,0,42,4,0.0007314288,0.998492956161499,0
adl-11-cam0-rgb,data/keypoints/adl/adl-11-cam0-rgb.npz,225,254,0,42,4,0.000745938,0.998492956161499,0
adl-11-cam0-rgb,data/keypoints/adl/adl-11-cam0-rgb.npz,226,255,0,42,4,0.00074995443,0.998492956161499,0
adl-11-cam0-rgb,data/keypoints/adl/adl-11-cam0-rgb.npz,227,256,0,42,4,0.00075315934,0.998492956161499,0
adl-11-cam0-rgb,data/keypoints/adl/adl-11-cam0-rgb.npz,228,257,0,42,4,0.0007641715,0.998492956161499,0
adl-11-cam0-rgb,data/keypoints/adl/adl-11-cam0-rgb.npz,229,258,0,42,4,0.00076475646,0.998492956161499,0
adl-11-cam0-rgb,data/keypoints/adl/adl-11-cam0-rgb.npz,230,259,0,42,4,0.0007642556,0.998492956161499,0
adl-11-cam0-rgb,data/keypoints/adl/adl-11-cam0-rgb.npz,231,260,0,42,4,0.00076478673,0.998492956161499,0
adl-11-cam0-rgb,data/keypoints/adl/adl-11-cam0-rgb.npz,232,261,0,42,4,0.0007648286,0.998492956161499,0
adl-11-cam0-rgb,data/keypoints/adl/adl-11-cam0-rgb.npz,233,262,0,42,4,0.00076449633,0.998492956161499,0
adl-11-cam0-rgb,data/keypoints/adl/adl-11-cam0-rgb.npz,234,263,0,42,4,0.0007635236,0.998492956161499,0
adl-11-cam0-rgb,data/keypoints/adl/adl-11-cam0-rgb.npz,235,264,0,42,4,0.00076406373,0.998492956161499,0
adl-11-cam0-rgb,data/keypoints/adl/adl-11-cam0-rgb.npz,236,265,0,42,4,0.0007654951,0.998492956161499,0
adl-11-cam0-rgb,data/keypoints/adl/adl-11-cam0-rgb.npz,237,266,0,42,4,0.00077035965,0.998492956161499,0
adl-11-cam0-rgb,data/keypoints/adl/adl-11-cam0-rgb.npz,238,267,0,42,4,0.00077654014,0.998492956161499,0
adl-11-cam0-rgb,data/keypoints/adl/adl-11-cam0-rgb.npz,239,268,0,42,4,0.00077479286,0.998492956161499,0
adl-11-cam0-rgb,data/keypoints/adl/adl-11-cam0-rgb.npz,240,269,0,42,4,0.00077157485,0.998492956161499,0
adl-11-cam0-rgb,data/keypoints/adl/adl-11-cam0-rgb.npz,241,270,0,42,4,0.0008247001,0.998492956161499,0
adl-11-cam0-rgb,data/keypoints/adl/adl-11-cam0-rgb.npz,242,271,0,42,4,0.00083280954,0.998492956161499,0
adl-11-cam0-rgb,data/keypoints/adl/adl-11-cam0-rgb.npz,243,272,0,42,4,0.00083465275,0.998492956161499,0
adl-11-cam0-rgb,data/keypoints/adl/adl-11-cam0-rgb.npz,244,273,0,42,4,0.00083781616,0.998492956161499,0
adl-11-cam0-rgb,data/keypoints/adl/adl-11-cam0-rgb.npz,245,274,0,42,4,0.0008398744,0.998492956161499,0
adl-11-cam0-rgb,data/keypoints/adl/adl-11-cam0-rgb.npz,246,275,0,42,4,0.000842038,0.998492956161499,0
adl-11-cam0-rgb,data/keypoints/adl/adl-11-cam0-rgb.npz,247,276,0,42,4,0.000844082,0.998492956161499,0
adl-11-cam0-rgb,data/keypoints/adl/adl-11-cam0-rgb.npz,248,277,0,42,4,0.00084634876,0.998492956161499,0
adl-11-cam0-rgb,data/keypoints/adl/adl-11-cam0-rgb.npz,249,278,0,42,4,0.0008487432,0.998492956161499,0
adl-11-cam0-rgb,data/keypoints/adl/adl-11-cam0-rgb.npz,250,279,0,42,4,0.00085033686,0.998492956161499,0
adl-11-cam0-rgb,data/keypoints/adl/adl-11-cam0-rgb.npz,251,280,0,42,4,0.00085240457,0.998492956161499,0
adl-11-cam0-rgb,data/keypoints/adl/adl-11-cam0-rgb.npz,252,281,0,42,4,0.00085544406,0.998492956161499,0
adl-11-cam0-rgb,data/keypoints/adl/adl-11-cam0-rgb.npz,253,282,0,42,4,0.0008590537,0.998492956161499,0
adl-11-cam0-rgb,data/keypoints/adl/adl-11-cam0-rgb.npz,254,283,0,42,4,0.00086151937,0.998492956161499,0
adl-11-cam0-rgb,data/keypoints/adl/adl-11-cam0-rgb.npz,255,284,0,42,4,0.0008626694,0.998492956161499,0
adl-11-cam0-rgb,data/keypoints/adl/adl-11-cam0-rgb.npz,256,285,0,42,4,0.0008665803,0.998492956161499,0
adl-11-cam0-rgb,data/keypoints/adl/adl-11-cam0-rgb.npz,257,286,0,42,4,0.00086865696,0.998492956161499,0
adl-11-cam0-rgb,data/keypoints/adl/adl-11-cam0-rgb.npz,258,287,0,42,4,0.0008679033,0.998492956161499,0
adl-11-cam0-rgb,data/keypoints/adl/adl-11-cam0-rgb.npz,259,288,0,42,4,0.000869446,0.998492956161499,0
adl-11-cam0-rgb,data/keypoints/adl/adl-11-cam0-rgb.npz,260,289,0,42,4,0.0008729526,0.998492956161499,0
adl-11-cam0-rgb,data/keypoints/adl/adl-11-cam0-rgb.npz,261,290,0,42,4,0.0008744606,0.998492956161499,0
adl-11-cam0-rgb,data/keypoints/adl/adl-11-cam0-rgb.npz,262,291,0,42,4,0.0008767144,0.998492956161499,0
adl-11-cam0-rgb,data/keypoints/adl/adl-11-cam0-rgb.npz,263,292,0,42,4,0.0008790607,0.998492956161499,0
adl-11-cam0-rgb,data/keypoints/adl/adl-11-cam0-rgb.npz,264,293,0,42,4,0.00088132726,0.998492956161499,0
adl-11-cam0-rgb,data/keypoints/adl/adl-11-cam0-rgb.npz,265,294,0,42,4,0.00088339724,0.998492956161499,0
adl-11-cam0-rgb,data/keypoints/adl/adl-11-cam0-rgb.npz,266,295,0,42,4,0.0008817696,0.998492956161499,0
adl-11-cam0-rgb,data/keypoints/adl/adl-11-cam0-rgb.npz,267,296,0,42,4,0.0008805034,0.998492956161499,0
adl-11-cam0-rgb,data/keypoints/adl/adl-11-cam0-rgb.npz,268,297,0,42,4,0.0008813205,0.998492956161499,0
adl-11-cam0-rgb,data/keypoints/adl/adl-11-cam0-rgb.npz,269,298,0,42,4,0.00089480024,0.998492956161499,0
adl-11-cam0-rgb,data/keypoints/adl/adl-11-cam0-rgb.npz,270,299,0,42,4,0.00089457084,0.998492956161499,0
adl-11-cam0-rgb,data/keypoints/adl/adl-11-cam0-rgb.npz,271,300,0,42,4,0.000893727,0.998492956161499,0
adl-12-cam0-rgb,data/keypoints/adl/adl-12-cam0-rgb.npz,36,65,0,42,4,0.0007998389,0.998492956161499,0
adl-12-cam0-rgb,data/keypoints/adl/adl-12-cam0-rgb.npz,37,66,0,42,4,0.0007998389,0.998492956161499,0
adl-12-cam0-rgb,data/keypoints/adl/adl-12-cam0-rgb.npz,38,67,0,42,4,0.0005348906,0.998492956161499,0
adl-12-cam0-rgb,data/keypoints/adl/adl-12-cam0-rgb.npz,39,68,0,42,4,0.00053438667,0.998492956161499,0
adl-12-cam0-rgb,data/keypoints/adl/adl-12-cam0-rgb.npz,40,69,0,42,4,0.0005338549,0.998492956161499,0
adl-12-cam0-rgb,data/keypoints/adl/adl-12-cam0-rgb.npz,41,70,0,42,4,0.0005332004,0.998492956161499,0
adl-12-cam0-rgb,data/keypoints/adl/adl-12-cam0-rgb.npz,42,71,0,42,4,0.0005321271,0.998492956161499,0
adl-12-cam0-rgb,data/keypoints/adl/adl-12-cam0-rgb.npz,43,72,0,42,4,0.000531202,0.998492956161499,0
adl-12-cam0-rgb,data/keypoints/adl/adl-12-cam0-rgb.npz,44,73,0,42,4,0.0005302235,0.998492956161499,0
adl-12-cam0-rgb,data/keypoints/adl/adl-12-cam0-rgb.npz,45,74,0,42,4,0.00052920653,0.998492956161499,0
adl-12-cam0-rgb,data/keypoints/adl/adl-12-cam0-rgb.npz,46,75,0,42,4,0.0005281871,0.998492956161499,0
adl-12-cam0-rgb,data/keypoints/adl/adl-12-cam0-rgb.npz,47,76,0,42,4,0.00052712864,0.998492956161499,0
adl-12-cam0-rgb,data/keypoints/adl/adl-12-cam0-rgb.npz,48,77,0,42,4,0.00052612566,0.998492956161499,0
adl-12-cam0-rgb,data/keypoints/adl/adl-12-cam0-rgb.npz,49,78,0,42,4,0.00052506785,0.998492956161499,0
adl-12-cam0-rgb,data/keypoints/adl/adl-12-cam0-rgb.npz,50,79,0,42,4,0.00052428746,0.998492956161499,0
adl-12-cam0-rgb,data/keypoints/adl/adl-12-cam0-rgb.npz,51,80,0,42,4,0.0005232729,0.998492956161499,0
adl-12-cam0-rgb,data/keypoints/adl/adl-12-cam0-rgb.npz,52,81,0,42,4,0.00052215566,0.998492956161499,0
adl-12-cam0-rgb,data/keypoints/adl/adl-12-cam0-rgb.npz,53,82,0,42,4,0.00052103924,0.998492956161499,0
adl-12-cam0-rgb,data/keypoints/adl/adl-12-cam0-rgb.npz,54,83,0,42,4,0.0005547548,0.998492956161499,0
adl-12-cam0-rgb,data/keypoints/adl/adl-12-cam0-rgb.npz,55,84,0,42,4,0.0005545671,0.998492956161499,0
adl-12-cam0-rgb,data/keypoints/adl/adl-12-cam0-rgb.npz,56,85,0,42,4,0.0005543319,0.998492956161499,0
adl-12-cam0-rgb,data/keypoints/adl/adl-12-cam0-rgb.npz,57,86,0,42,4,0.0005539382,0.998492956161499,0
adl-12-cam0-rgb,data/keypoints/adl/adl-12-cam0-rgb.npz,58,87,0,42,4,0.0005538136,0.998492956161499,0
adl-12-cam0-rgb,data/keypoints/adl/adl-12-cam0-rgb.npz,59,88,0,42,4,0.0005541252,0.998492956161499,0
adl-12-cam0-rgb,data/keypoints/adl/adl-12-cam0-rgb.npz,60,89,0,42,4,0.0005541877,0.998492956161499,0
adl-12-cam0-rgb,data/keypoints/adl/adl-12-cam0-rgb.npz,61,90,0,42,4,0.0005544378,0.998492956161499,0
adl-12-cam0-rgb,data/keypoints/adl/adl-12-cam0-rgb.npz,62,91,0,42,4,0.00055467023,0.998492956161499,0
adl-12-cam0-rgb,data/keypoints/adl/adl-12-cam0-rgb.npz,63,92,0,42,4,0.00055541244,0.998492956161499,0
adl-12-cam0-rgb,data/keypoints/adl/adl-12-cam0-rgb.npz,64,93,0,42,4,0.00055575103,0.998492956161499,0
adl-12-cam0-rgb,data/keypoints/adl/adl-12-cam0-rgb.npz,65,94,0,42,4,0.0005559434,0.998492956161499,0
adl-12-cam0-rgb,data/keypoints/adl/adl-12-cam0-rgb.npz,66,95,0,42,4,0.0005561116,0.998492956161499,0
adl-12-cam0-rgb,data/keypoints/adl/adl-12-cam0-rgb.npz,67,96,0,42,4,0.00055610476,0.998492956161499,0
adl-12-cam0-rgb,data/keypoints/adl/adl-12-cam0-rgb.npz,68,97,0,42,4,0.0005560655,0.998492956161499,0
adl-12-cam0-rgb,data/keypoints/adl/adl-12-cam0-rgb.npz,69,98,0,42,4,0.0005559212,0.998492956161499,0
adl-12-cam0-rgb,data/keypoints/adl/adl-12-cam0-rgb.npz,70,99,0,42,4,0.00055627944,0.998492956161499,0
adl-12-cam0-rgb,data/keypoints/adl/adl-12-cam0-rgb.npz,71,100,0,42,4,0.0005562336,0.998492956161499,0
adl-12-cam0-rgb,data/keypoints/adl/adl-12-cam0-rgb.npz,72,101,0,42,4,0.00055693917,0.998492956161499,0
adl-12-cam0-rgb,data/keypoints/adl/adl-12-cam0-rgb.npz,73,102,0,42,4,0.0005561249,0.998492956161499,0
adl-12-cam0-rgb,data/keypoints/adl/adl-12-cam0-rgb.npz,74,103,0,42,4,0.0005542643,0.998492956161499,0
adl-12-cam0-rgb,data/keypoints/adl/adl-12-cam0-rgb.npz,75,104,0,42,4,0.0005538643,0.998492956161499,0
adl-12-cam0-rgb,data/keypoints/adl/adl-12-cam0-rgb.npz,76,105,0,42,4,0.00055337563,0.998492956161499,0
adl-12-cam0-rgb,data/keypoints/adl/adl-12-cam0-rgb.npz,77,106,0,42,4,0.00055259425,0.998492956161499,0
adl-12-cam0-rgb,data/keypoints/adl/adl-12-cam0-rgb.npz,78,107,0,42,4,0.0005520502,0.998492956161499,0
adl-12-cam0-rgb,data/keypoints/adl/adl-12-cam0-rgb.npz,79,108,0,42,4,0.0005512309,0.998492956161499,0
adl-12-cam0-rgb,data/keypoints/adl/adl-12-cam0-rgb.npz,80,109,0,42,4,0.00054999645,0.998492956161499,0
adl-12-cam0-rgb,data/keypoints/adl/adl-12-cam0-rgb.npz,81,110,0,42,4,0.000548981,0.998492956161499,0
adl-12-cam0-rgb,data/keypoints/adl/adl-12-cam0-rgb.npz,82,111,0,42,4,0.0005476351,0.998492956161499,0
adl-12-cam0-rgb,data/keypoints/adl/adl-12-cam0-rgb.npz,83,112,0,42,4,0.00054641784,0.998492956161499,0
adl-12-cam0-rgb,data/keypoints/adl/adl-12-cam0-rgb.npz,84,113,0,42,4,0.0005448862,0.998492956161499,0
adl-12-cam0-rgb,data/keypoints/adl/adl-12-cam0-rgb.npz,85,114,0,42,4,0.0005428905,0.998492956161499,0
adl-12-cam0-rgb,data/keypoints/adl/adl-12-cam0-rgb.npz,86,115,0,42,4,0.00054091593,0.998492956161499,0
adl-12-cam0-rgb,data/keypoints/adl/adl-12-cam0-rgb.npz,87,116,0,42,4,0.0005388976,0.998492956161499,0
adl-12-cam0-rgb,data/keypoints/adl/adl-12-cam0-rgb.npz,88,117,0,42,4,0.0005365589,0.998492956161499,0
adl-12-cam0-rgb,data/keypoints/adl/adl-12-cam0-rgb.npz,89,118,0,42,4,0.0005343291,0.998492956161499,0
adl-12-cam0-rgb,data/keypoints/adl/adl-12-cam0-rgb.npz,90,119,0,42,4,0.0005318885,0.998492956161499,0
adl-12-cam0-rgb,data/keypoints/adl/adl-12-cam0-rgb.npz,91,120,0,42,4,0.00052930764,0.998492956161499,0
adl-12-cam0-rgb,data/keypoints/adl/adl-12-cam0-rgb.npz,92,121,0,42,4,0.0005266984,0.998492956161499,0
adl-12-cam0-rgb,data/keypoints/adl/adl-12-cam0-rgb.npz,93,122,0,42,4,0.0005243264,0.998492956161499,0
adl-12-cam0-rgb,data/keypoints/adl/adl-12-cam0-rgb.npz,94,123,0,42,4,0.0005218708,0.998492956161499,0
adl-12-cam0-rgb,data/keypoints/adl/adl-12-cam0-rgb.npz,95,124,0,42,4,0.00051983277,0.998492956161499,0
adl-12-cam0-rgb,data/keypoints/adl/adl-12-cam0-rgb.npz,96,125,0,42,4,0.00051736145,0.998492956161499,0
adl-12-cam0-rgb,data/keypoints/adl/adl-12-cam0-rgb.npz,97,126,0,42,4,0.000514683,0.998492956161499,0
adl-12-cam0-rgb,data/keypoints/adl/adl-12-cam0-rgb.npz,98,127,0,42,4,0.0005129669,0.998492956161499,0
adl-12-cam0-rgb,data/keypoints/adl/adl-12-cam0-rgb.npz,99,128,0,42,4,0.0005107742,0.998492956161499,0
adl-12-cam0-rgb,data/keypoints/adl/adl-12-cam0-rgb.npz,100,129,0,42,4,0.00050854904,0.998492956161499,0
adl-12-cam0-rgb,data/keypoints/adl/adl-12-cam0-rgb.npz,101,130,0,42,4,0.00050687435,0.998492956161499,0
adl-12-cam0-rgb,data/keypoints/adl/adl-12-cam0-rgb.npz,102,131,0,42,4,0.00050495984,0.998492956161499,0
adl-12-cam0-rgb,data/keypoints/adl/adl-12-cam0-rgb.npz,103,132,0,42,4,0.00050370506,0.998492956161499,0
adl-12-cam0-rgb,data/keypoints/adl/adl-12-cam0-rgb.npz,104,133,0,42,4,0.0005025182,0.998492956161499,0
adl-12-cam0-rgb,data/keypoints/adl/adl-12-cam0-rgb.npz,105,134,0,42,4,0.00050128397,0.998492956161499,0
adl-12-cam0-rgb,data/keypoints/adl/adl-12-cam0-rgb.npz,106,135,0,42,4,0.0004998201,0.998492956161499,0
adl-12-cam0-rgb,data/keypoints/adl/adl-12-cam0-rgb.npz,107,136,0,42,4,0.0004986968,0.998492956161499,0
adl-12-cam0-rgb,data/keypoints/adl/adl-12-cam0-rgb.npz,108,137,0,42,4,0.00049729785,0.998492956161499,0
adl-12-cam0-rgb,data/keypoints/adl/adl-12-cam0-rgb.npz,109,138,0,42,4,0.000496039,0.998492956161499,0
adl-12-cam0-rgb,data/keypoints/adl/adl-12-cam0-rgb.npz,110,139,0,42,4,0.00049486617,0.998492956161499,0
adl-12-cam0-rgb,data/keypoints/adl/adl-12-cam0-rgb.npz,111,140,0,42,4,0.0004938031,0.998492956161499,0
adl-12-cam0-rgb,data/keypoints/adl/adl-12-cam0-rgb.npz,112,141,0,42,4,0.0004928748,0.998492956161499,0
adl-12-cam0-rgb,data/keypoints/adl/adl-12-cam0-rgb.npz,113,142,0,42,4,0.00049211294,0.998492956161499,0
adl-12-cam0-rgb,data/keypoints/adl/adl-12-cam0-rgb.npz,114,143,0,42,4,0.00049139716,0.998492956161499,0
adl-12-cam0-rgb,data/keypoints/adl/adl-12-cam0-rgb.npz,115,144,0,42,4,0.0004912813,0.998492956161499,0
adl-12-cam0-rgb,data/keypoints/adl/adl-12-cam0-rgb.npz,116,145,0,42,4,0.0004911176,0.998492956161499,0
adl-12-cam0-rgb,data/keypoints/adl/adl-12-cam0-rgb.npz,117,146,0,42,4,0.0004913665,0.998492956161499,0
adl-12-cam0-rgb,data/keypoints/adl/adl-12-cam0-rgb.npz,118,147,0,42,4,0.0004916839,0.998492956161499,0
adl-12-cam0-rgb,data/keypoints/adl/adl-12-cam0-rgb.npz,119,148,0,42,4,0.00049193465,0.998492956161499,0
adl-12-cam0-rgb,data/keypoints/adl/adl-12-cam0-rgb.npz,120,149,0,42,4,0.0004920501,0.998492956161499,0
adl-12-cam0-rgb,data/keypoints/adl/adl-12-cam0-rgb.npz,121,150,0,42,4,0.0005172313,0.998492956161499,0
adl-12-cam0-rgb,data/keypoints/adl/adl-12-cam0-rgb.npz,122,151,0,42,4,0.0005203077,0.998492956161499,0
adl-12-cam0-rgb,data/keypoints/adl/adl-12-cam0-rgb.npz,123,152,0,42,4,0.0005236422,0.998492956161499,0
adl-12-cam0-rgb,data/keypoints/adl/adl-12-cam0-rgb.npz,124,153,0,42,4,0.0005265832,0.998492956161499,0
adl-12-cam0-rgb,data/keypoints/adl/adl-12-cam0-rgb.npz,125,154,0,42,4,0.0005295862,0.998492956161499,0
adl-12-cam0-rgb,data/keypoints/adl/adl-12-cam0-rgb.npz,126,155,0,42,4,0.0005302515,0.998492956161499,0
adl-12-cam0-rgb,data/keypoints/adl/adl-12-cam0-rgb.npz,127,156,0,42,4,0.0005326769,0.998492956161499,0
adl-12-cam0-rgb,data/keypoints/adl/adl-12-cam0-rgb.npz,128,157,0,42,4,0.0005343357,0.998492956161499,0
adl-12-cam0-rgb,data/keypoints/adl/adl-12-cam0-rgb.npz,129,158,0,42,4,0.00052256614,0.998492956161499,0
adl-12-cam0-rgb,data/keypoints/adl/adl-12-cam0-rgb.npz,130,159,0,42,4,0.0005205647,0.998492956161499,0
adl-12-cam0-rgb,data/keypoints/adl/adl-12-cam0-rgb.npz,131,160,0,42,4,0.0005179746,0.998492956161499,0
adl-12-cam0-rgb,data/keypoints/adl/adl-12-cam0-rgb.npz,132,161,0,42,4,0.0005158254,0.998492956161499,0
adl-12-cam0-rgb,data/keypoints/adl/adl-12-cam0-rgb.npz,133,162,0,42,4,0.0005141074,0.998492956161499,0
adl-12-cam0-rgb,data/keypoints/adl/adl-12-cam0-rgb.npz,134,163,0,42,4,0.0005123795,0.998492956161499,0
adl-12-cam0-rgb,data/keypoints/adl/adl-12-cam0-rgb.npz,135,164,0,42,4,0.0005282301,0.998492956161499,0
adl-12-cam0-rgb,data/keypoints/adl/adl-12-cam0-rgb.npz,136,165,0,42,4,0.0005246969,0.998492956161499,0
adl-12-cam0-rgb,data/keypoints/adl/adl-12-cam0-rgb.npz,137,166,0,42,4,0.00052126026,0.998492956161499,0
adl-12-cam0-rgb,data/keypoints/adl/adl-12-cam0-rgb.npz,138,167,0,42,4,0.0005177564,0.998492956161499,0
adl-12-cam0-rgb,data/keypoints/adl/adl-12-cam0-rgb.npz,139,168,0,42,4,0.0005145849,0.998492956161499,0
adl-12-cam0-rgb,data/keypoints/adl/adl-12-cam0-rgb.npz,140,169,0,42,4,0.0005109086,0.998492956161499,0
adl-12-cam0-rgb,data/keypoints/adl/adl-12-cam0-rgb.npz,141,170,0,42,4,0.0005070058,0.998492956161499,0
adl-12-cam0-rgb,data/keypoints/adl/adl-12-cam0-rgb.npz,142,171,0,42,4,0.000502055,0.998492956161499,0
adl-12-cam0-rgb,data/keypoints/adl/adl-12-cam0-rgb.npz,143,172,0,42,4,0.0004969545,0.998492956161499,0
adl-12-cam0-rgb,data/keypoints/adl/adl-12-cam0-rgb.npz,144,173,0,42,4,0.00049183203,0.998492956161499,0
adl-12-cam0-rgb,data/keypoints/adl/adl-12-cam0-rgb.npz,145,174,0,42,4,0.00048610292,0.998492956161499,0
adl-12-cam0-rgb,data/keypoints/adl/adl-12-cam0-rgb.npz,146,175,0,42,4,0.00048056422,0.998492956161499,0
adl-12-cam0-rgb,data/keypoints/adl/adl-12-cam0-rgb.npz,147,176,0,42,4,0.00047465943,0.998492956161499,0
adl-12-cam0-rgb,data/keypoints/adl/adl-12-cam0-rgb.npz,148,177,0,42,4,0.00046890634,0.998492956161499,0
adl-12-cam0-rgb,data/keypoints/adl/adl-12-cam0-rgb.npz,149,178,0,42,4,0.00046300658,0.998492956161499,0
adl-12-cam0-rgb,data/keypoints/adl/adl-12-cam0-rgb.npz,150,179,0,42,4,0.0004580098,0.998492956161499,0
adl-12-cam0-rgb,data/keypoints/adl/adl-12-cam0-rgb.npz,151,180,0,42,4,0.000443251,0.998492956161499,0
adl-12-cam0-rgb,data/keypoints/adl/adl-12-cam0-rgb.npz,152,181,0,42,4,0.00044090502,0.998492956161499,0
adl-12-cam0-rgb,data/keypoints/adl/adl-12-cam0-rgb.npz,153,182,0,42,4,0.0004391339,0.998492956161499,0
adl-12-cam0-rgb,data/keypoints/adl/adl-12-cam0-rgb.npz,154,183,0,42,4,0.0004371539,0.998492956161499,0
adl-12-cam0-rgb,data/keypoints/adl/adl-12-cam0-rgb.npz,155,184,0,42,4,0.00043503422,0.998492956161499,0
adl-12-cam0-rgb,data/keypoints/adl/adl-12-cam0-rgb.npz,156,185,0,42,4,0.00043321747,0.998492956161499,0
adl-12-cam0-rgb,data/keypoints/adl/adl-12-cam0-rgb.npz,157,186,0,42,4,0.00043194083,0.998492956161499,0
adl-12-cam0-rgb,data/keypoints/adl/adl-12-cam0-rgb.npz,158,187,0,42,4,0.00043113332,0.998492956161499,0
adl-12-cam0-rgb,data/keypoints/adl/adl-12-cam0-rgb.npz,159,188,0,42,4,0.00043000578,0.998492956161499,0
adl-12-cam0-rgb,data/keypoints/adl/adl-12-cam0-rgb.npz,160,189,0,42,4,0.0004315017,0.998492956161499,0
adl-12-cam0-rgb,data/keypoints/adl/adl-12-cam0-rgb.npz,161,190,0,42,4,0.00043359594,0.998492956161499,0
adl-12-cam0-rgb,data/keypoints/adl/adl-12-cam0-rgb.npz,162,191,0,42,4,0.00043566045,0.998492956161499,0
adl-12-cam0-rgb,data/keypoints/adl/adl-12-cam0-rgb.npz,163,192,0,42,4,0.0004390031,0.998492956161499,0
adl-12-cam0-rgb,data/keypoints/adl/adl-12-cam0-rgb.npz,164,193,0,42,4,0.0004440279,0.998492956161499,0
adl-12-cam0-rgb,data/keypoints/adl/adl-12-cam0-rgb.npz,165,194,0,42,4,0.00045178088,0.998492956161499,0
adl-12-cam0-rgb,data/keypoints/adl/adl-12-cam0-rgb.npz,166,195,0,42,4,0.00045755118,0.998492956161499,0
adl-12-cam0-rgb,data/keypoints/adl/adl-12-cam0-rgb.npz,167,196,0,42,4,0.00046398214,0.998492956161499,0
adl-12-cam0-rgb,data/keypoints/adl/adl-12-cam0-rgb.npz,168,197,0,42,4,0.00047187062,0.998492956161499,0
adl-12-cam0-rgb,data/keypoints/adl/adl-12-cam0-rgb.npz,169,198,0,42,4,0.00047744202,0.998492956161499,0
adl-12-cam0-rgb,data/keypoints/adl/adl-12-cam0-rgb.npz,170,199,0,42,4,0.0004838885,0.998492956161499,0
adl-12-cam0-rgb,data/keypoints/adl/adl-12-cam0-rgb.npz,171,200,0,42,4,0.00048742365,0.998492956161499,0
adl-12-cam0-rgb,data/keypoints/adl/adl-12-cam0-rgb.npz,172,201,0,42,4,0.0004962916,0.998492956161499,0
adl-12-cam0-rgb,data/keypoints/adl/adl-12-cam0-rgb.npz,173,202,0,42,4,0.00050202606,0.998492956161499,0
adl-12-cam0-rgb,data/keypoints/adl/adl-12-cam0-rgb.npz,174,203,0,42,4,0.0005104124,0.998492956161499,0
adl-12-cam0-rgb,data/keypoints/adl/adl-12-cam0-rgb.npz,175,204,0,42,4,0.00051262625,0.998492956161499,0
adl-12-cam0-rgb,data/keypoints/adl/adl-12-cam0-rgb.npz,176,205,0,42,4,0.0005150452,0.998492956161499,0
adl-12-cam0-rgb,data/keypoints/adl/adl-12-cam0-rgb.npz,177,206,0,42,4,0.00051610125,0.998492956161499,0
adl-12-cam0-rgb,data/keypoints/adl/adl-12-cam0-rgb.npz,178,207,0,42,4,0.00051545654,0.998492956161499,0
adl-12-cam0-rgb,data/keypoints/adl/adl-12-cam0-rgb.npz,179,208,0,42,4,0.0005157202,0.998492956161499,0
adl-12-cam0-rgb,data/keypoints/adl/adl-12-cam0-rgb.npz,180,209,0,42,4,0.0005137009,0.998492956161499,0
adl-12-cam0-rgb,data/keypoints/adl/adl-12-cam0-rgb.npz,181,210,0,42,4,0.00050926616,0.998492956161499,0
adl-12-cam0-rgb,data/keypoints/adl/adl-12-cam0-rgb.npz,182,211,0,42,4,0.0005020265,0.998492956161499,0
adl-12-cam0-rgb,data/keypoints/adl/adl-12-cam0-rgb.npz,183,212,0,42,4,0.00048996595,0.998492956161499,0
adl-12-cam0-rgb,data/keypoints/adl/adl-12-cam0-rgb.npz,184,213,0,42,4,0.0004818348,0.998492956161499,0
adl-12-cam0-rgb,data/keypoints/adl/adl-12-cam0-rgb.npz,185,214,0,42,4,0.000474063,0.998492956161499,0
adl-12-cam0-rgb,data/keypoints/adl/adl-12-cam0-rgb.npz,186,215,0,42,4,0.0004648839,0.998492956161499,0
adl-12-cam0-rgb,data/keypoints/adl/adl-12-cam0-rgb.npz,187,216,0,42,4,0.00046085645,0.998492956161499,0
adl-12-cam0-rgb,data/keypoints/adl/adl-12-cam0-rgb.npz,188,217,0,42,4,0.00045610347,0.998492956161499,0
adl-12-cam0-rgb,data/keypoints/adl/adl-12-cam0-rgb.npz,189,218,0,42,4,0.00044995733,0.998492956161499,0
adl-12-cam0-rgb,data/keypoints/adl/adl-12-cam0-rgb.npz,190,219,0,42,4,0.0004431306,0.998492956161499,0
adl-12-cam0-rgb,data/keypoints/adl/adl-12-cam0-rgb.npz,191,220,0,42,4,0.00043774938,0.998492956161499,0
adl-12-cam0-rgb,data/keypoints/adl/adl-12-cam0-rgb.npz,192,221,0,42,4,0.0004325783,0.998492956161499,0
adl-12-cam0-rgb,data/keypoints/adl/adl-12-cam0-rgb.npz,193,222,0,42,4,0.0004297038,0.998492956161499,0
adl-12-cam0-rgb,data/keypoints/adl/adl-12-cam0-rgb.npz,194,223,0,42,4,0.00042688142,0.998492956161499,0
adl-12-cam0-rgb,data/keypoints/adl/adl-12-cam0-rgb.npz,195,224,0,42,4,0.00042420166,0.998492956161499,0
adl-12-cam0-rgb,data/keypoints/adl/adl-12-cam0-rgb.npz,196,225,0,42,4,0.000422987,0.998492956161499,0
adl-12-cam0-rgb,data/keypoints/adl/adl-12-cam0-rgb.npz,197,226,0,42,4,0.00042244061,0.998492956161499,0
adl-12-cam0-rgb,data/keypoints/adl/adl-12-cam0-rgb.npz,198,227,0,42,4,0.0004222683,0.998492956161499,0
adl-12-cam0-rgb,data/keypoints/adl/adl-12-cam0-rgb.npz,199,228,0,42,4,0.00042288785,0.998492956161499,0
adl-12-cam0-rgb,data/keypoints/adl/adl-12-cam0-rgb.npz,200,229,0,42,4,0.00042343003,0.998492956161499,0
adl-12-cam0-rgb,data/keypoints/adl/adl-12-cam0-rgb.npz,201,230,0,42,4,0.00042460623,0.998492956161499,0
adl-12-cam0-rgb,data/keypoints/adl/adl-12-cam0-rgb.npz,202,231,0,42,4,0.0004253342,0.998492956161499,0
adl-12-cam0-rgb,data/keypoints/adl/adl-12-cam0-rgb.npz,203,232,0,42,4,0.00042584253,0.998492956161499,0
adl-12-cam0-rgb,data/keypoints/adl/adl-12-cam0-rgb.npz,204,233,0,42,4,0.0004269909,0.998492956161499,0
adl-12-cam0-rgb,data/keypoints/adl/adl-12-cam0-rgb.npz,205,234,0,42,4,0.0004290597,0.998492956161499,0
adl-12-cam0-rgb,data/keypoints/adl/adl-12-cam0-rgb.npz,206,235,0,42,4,0.00043024687,0.998492956161499,0
adl-12-cam0-rgb,data/keypoints/adl/adl-12-cam0-rgb.npz,207,236,0,42,4,0.0004321039,0.998492956161499,0
adl-12-cam0-rgb,data/keypoints/adl/adl-12-cam0-rgb.npz,208,237,0,42,4,0.00043348517,0.998492956161499,0
adl-12-cam0-rgb,data/keypoints/adl/adl-12-cam0-rgb.npz,209,238,0,42,4,0.0004346044,0.998492956161499,0
adl-12-cam0-rgb,data/keypoints/adl/adl-12-cam0-rgb.npz,210,239,0,42,4,0.00043601694,0.998492956161499,0
adl-12-cam0-rgb,data/keypoints/adl/adl-12-cam0-rgb.npz,211,240,0,42,4,0.00043758587,0.998492956161499,0
adl-12-cam0-rgb,data/keypoints/adl/adl-12-cam0-rgb.npz,212,241,0,42,4,0.0004390035,0.998492956161499,0
adl-12-cam0-rgb,data/keypoints/adl/adl-12-cam0-rgb.npz,213,242,0,42,4,0.00044025737,0.998492956161499,0
adl-12-cam0-rgb,data/keypoints/adl/adl-12-cam0-rgb.npz,214,243,0,42,4,0.00044138776,0.998492956161499,0
adl-12-cam0-rgb,data/keypoints/adl/adl-12-cam0-rgb.npz,215,244,0,42,4,0.0004430301,0.998492956161499,0
adl-12-cam0-rgb,data/keypoints/adl/adl-12-cam0-rgb.npz,216,245,0,42,4,0.00044391022,0.998492956161499,0
adl-12-cam0-rgb,data/keypoints/adl/adl-12-cam0-rgb.npz,217,246,0,42,4,0.00044388164,0.998492956161499,0
adl-12-cam0-rgb,data/keypoints/adl/adl-12-cam0-rgb.npz,218,247,0,42,4,0.00044400906,0.998492956161499,0
adl-12-cam0-rgb,data/keypoints/adl/adl-12-cam0-rgb.npz,219,248,0,42,4,0.00044466194,0.998492956161499,0
adl-12-cam0-rgb,data/keypoints/adl/adl-12-cam0-rgb.npz,220,249,0,42,4,0.00044578387,0.998492956161499,0
adl-12-cam0-rgb,data/keypoints/adl/adl-12-cam0-rgb.npz,221,250,0,42,4,0.00044665183,0.998492956161499,0
adl-23-cam0-rgb,data/keypoints/adl/adl-23-cam0-rgb.npz,8,37,0,42,4,0.0007857775,0.998492956161499,0
adl-23-cam0-rgb,data/keypoints/adl/adl-23-cam0-rgb.npz,9,38,0,42,4,0.0007586592,0.998492956161499,0
adl-23-cam0-rgb,data/keypoints/adl/adl-23-cam0-rgb.npz,10,39,0,42,4,0.00075868674,0.998492956161499,0
adl-23-cam0-rgb,data/keypoints/adl/adl-23-cam0-rgb.npz,11,40,0,42,4,0.0005300352,0.998492956161499,0
adl-23-cam0-rgb,data/keypoints/adl/adl-23-cam0-rgb.npz,12,41,0,42,4,0.0005293271,0.998492956161499,0
adl-23-cam0-rgb,data/keypoints/adl/adl-23-cam0-rgb.npz,13,42,0,42,4,0.00052886613,0.998492956161499,0
adl-23-cam0-rgb,data/keypoints/adl/adl-23-cam0-rgb.npz,14,43,0,42,4,0.00052840286,0.998492956161499,0
adl-23-cam0-rgb,data/keypoints/adl/adl-23-cam0-rgb.npz,15,44,0,42,4,0.00052790693,0.998492956161499,0
adl-23-cam0-rgb,data/keypoints/adl/adl-23-cam0-rgb.npz,16,45,0,42,4,0.00052735326,0.998492956161499,0
adl-23-cam0-rgb,data/keypoints/adl/adl-23-cam0-rgb.npz,17,46,0,42,4,0.0005270168,0.998492956161499,0
adl-23-cam0-rgb,data/keypoints/adl/adl-23-cam0-rgb.npz,18,47,0,42,4,0.0005251177,0.998492956161499,0
adl-23-cam0-rgb,data/keypoints/adl/adl-23-cam0-rgb.npz,19,48,0,42,4,0.0005243047,0.998492956161499,0
adl-23-cam0-rgb,data/keypoints/adl/adl-23-cam0-rgb.npz,20,49,0,42,4,0.0005235159,0.998492956161499,0
adl-23-cam0-rgb,data/keypoints/adl/adl-23-cam0-rgb.npz,21,50,0,42,4,0.00052250095,0.998492956161499,0
adl-23-cam0-rgb,data/keypoints/adl/adl-23-cam0-rgb.npz,22,51,0,42,4,0.0005212806,0.998492956161499,0
adl-23-cam0-rgb,data/keypoints/adl/adl-23-cam0-rgb.npz,23,52,0,42,4,0.00052009994,0.998492956161499,0
adl-23-cam0-rgb,data/keypoints/adl/adl-23-cam0-rgb.npz,24,53,0,42,4,0.0005188161,0.998492956161499,0
adl-23-cam0-rgb,data/keypoints/adl/adl-23-cam0-rgb.npz,25,54,0,42,4,0.000517384,0.998492956161499,0
adl-23-cam0-rgb,data/keypoints/adl/adl-23-cam0-rgb.npz,26,55,0,42,4,0.0005159272,0.998492956161499,0
adl-23-cam0-rgb,data/keypoints/adl/adl-23-cam0-rgb.npz,27,56,0,42,4,0.00051659695,0.998492956161499,0
adl-23-cam0-rgb,data/keypoints/adl/adl-23-cam0-rgb.npz,28,57,0,42,4,0.00051517977,0.998492956161499,0
adl-23-cam0-rgb,data/keypoints/adl/adl-23-cam0-rgb.npz,29,58,0,42,4,0.00051380077,0.998492956161499,0
adl-23-cam0-rgb,data/keypoints/adl/adl-23-cam0-rgb.npz,30,59,0,42,4,0.0005034373,0.998492956161499,0
adl-23-cam0-rgb,data/keypoints/adl/adl-23-cam0-rgb.npz,31,60,0,42,4,0.0005536283,0.998492956161499,0
adl-23-cam0-rgb,data/keypoints/adl/adl-23-cam0-rgb.npz,32,61,0,42,4,0.0005527628,0.998492956161499,0
adl-23-cam0-rgb,data/keypoints/adl/adl-23-cam0-rgb.npz,33,62,0,42,4,0.00055226096,0.998492956161499,0
adl-23-cam0-rgb,data/keypoints/adl/adl-23-cam0-rgb.npz,34,63,0,42,4,0.0005514378,0.998492956161499,0
adl-23-cam0-rgb,data/keypoints/adl/adl-23-cam0-rgb.npz,35,64,0,42,4,0.00055057695,0.998492956161499,0
adl-23-cam0-rgb,data/keypoints/adl/adl-23-cam0-rgb.npz,36,65,0,42,4,0.0005496162,0.998492956161499,0
adl-23-cam0-rgb,data/keypoints/adl/adl-23-cam0-rgb.npz,37,66,0,42,4,0.00054878514,0.998492956161499,0
adl-23-cam0-rgb,data/keypoints/adl/adl-23-cam0-rgb.npz,38,67,0,42,4,0.0005477118,0.998492956161499,0
adl-23-cam0-rgb,data/keypoints/adl/adl-23-cam0-rgb.npz,39,68,0,42,4,0.0005469566,0.998492956161499,0
adl-23-cam0-rgb,data/keypoints/adl/adl-23-cam0-rgb.npz,40,69,0,42,4,0.00054640014,0.998492956161499,0
adl-23-cam0-rgb,data/keypoints/adl/adl-23-cam0-rgb.npz,41,70,0,42,4,0.0005459314,0.998492956161499,0
adl-23-cam0-rgb,data/keypoints/adl/adl-23-cam0-rgb.npz,42,71,0,42,4,0.00054570194,0.998492956161499,0
adl-23-cam0-rgb,data/keypoints/adl/adl-23-cam0-rgb.npz,43,72,0,42,4,0.0005448389,0.998492956161499,0
adl-23-cam0-rgb,data/keypoints/adl/adl-23-cam0-rgb.npz,44,73,0,42,4,0.00054391194,0.998492956161499,0
adl-23-cam0-rgb,data/keypoints/adl/adl-23-cam0-rgb.npz,45,74,0,42,4,0.0005428694,0.998492956161499,0
adl-23-cam0-rgb,data/keypoints/adl/adl-23-cam0-rgb.npz,46,75,0,42,4,0.00054148416,0.998492956161499,0
adl-23-cam0-rgb,data/keypoints/adl/adl-23-cam0-rgb.npz,47,76,0,42,4,0.00054035475,0.998492956161499,0
adl-23-cam0-rgb,data/keypoints/adl/adl-23-cam0-rgb.npz,48,77,0,42,4,0.0005393847,0.998492956161499,0
adl-23-cam0-rgb,data/keypoints/adl/adl-23-cam0-rgb.npz,49,78,0,42,4,0.0005384088,0.998492956161499,0
adl-23-cam0-rgb,data/keypoints/adl/adl-23-cam0-rgb.npz,50,79,0,42,4,0.00053725747,0.998492956161499,0
adl-23-cam0-rgb,data/keypoints/adl/adl-23-cam0-rgb.npz,51,80,0,42,4,0.00053590204,0.998492956161499,0
adl-23-cam0-rgb,data/keypoints/adl/adl-23-cam0-rgb.npz,52,81,0,42,4,0.00053452776,0.998492956161499,0
adl-23-cam0-rgb,data/keypoints/adl/adl-23-cam0-rgb.npz,53,82,0,42,4,0.00053286535,0.998492956161499,0
adl-23-cam0-rgb,data/keypoints/adl/adl-23-cam0-rgb.npz,54,83,0,42,4,0.0005318101,0.998492956161499,0
adl-23-cam0-rgb,data/keypoints/adl/adl-23-cam0-rgb.npz,55,84,0,42,4,0.0005301766,0.998492956161499,0
adl-23-cam0-rgb,data/keypoints/adl/adl-23-cam0-rgb.npz,56,85,0,42,4,0.0005284834,0.998492956161499,0
adl-23-cam0-rgb,data/keypoints/adl/adl-23-cam0-rgb.npz,57,86,0,42,4,0.00052626204,0.998492956161499,0
adl-23-cam0-rgb,data/keypoints/adl/adl-23-cam0-rgb.npz,58,87,0,42,4,0.0005224451,0.998492956161499,0
adl-23-cam0-rgb,data/keypoints/adl/adl-23-cam0-rgb.npz,59,88,0,42,4,0.0005183917,0.998492956161499,0
adl-23-cam0-rgb,data/keypoints/adl/adl-23-cam0-rgb.npz,60,89,0,42,4,0.0005138208,0.998492956161499,0
adl-23-cam0-rgb,data/keypoints/adl/adl-23-cam0-rgb.npz,61,90,0,42,4,0.0005086707,0.998492956161499,0
adl-23-cam0-rgb,data/keypoints/adl/adl-23-cam0-rgb.npz,62,91,0,42,4,0.00050309004,0.998492956161499,0
adl-23-cam0-rgb,data/keypoints/adl/adl-23-cam0-rgb.npz,63,92,0,42,4,0.0004966969,0.998492956161499,0
adl-23-cam0-rgb,data/keypoints/adl/adl-23-cam0-rgb.npz,64,93,0,42,4,0.0004928868,0.998492956161499,0
adl-23-cam0-rgb,data/keypoints/adl/adl-23-cam0-rgb.npz,65,94,0,42,4,0.00048660827,0.998492956161499,0
adl-23-cam0-rgb,data/keypoints/adl/adl-23-cam0-rgb.npz,66,95,0,42,4,0.00048233225,0.998492956161499,0
adl-23-cam0-rgb,data/keypoints/adl/adl-23-cam0-rgb.npz,67,96,0,42,4,0.00047850318,0.998492956161499,0
adl-23-cam0-rgb,data/keypoints/adl/adl-23-cam0-rgb.npz,68,97,0,42,4,0.00047545193,0.998492956161499,0
adl-23-cam0-rgb,data/keypoints/adl/adl-23-cam0-rgb.npz,69,98,0,42,4,0.00047190126,0.998492956161499,0
adl-23-cam0-rgb,data/keypoints/adl/adl-23-cam0-rgb.npz,70,99,0,42,4,0.00046895575,0.998492956161499,0
adl-23-cam0-rgb,data/keypoints/adl/adl-23-cam0-rgb.npz,71,100,0,42,4,0.00046649622,0.998492956161499,0
adl-23-cam0-rgb,data/keypoints/adl/adl-23-cam0-rgb.npz,72,101,0,42,4,0.00046511335,0.998492956161499,0
adl-23-cam0-rgb,data/keypoints/adl/adl-23-cam0-rgb.npz,73,102,0,42,4,0.00046413165,0.998492956161499,0
adl-23-cam0-rgb,data/keypoints/adl/adl-23-cam0-rgb.npz,74,103,0,42,4,0.0004634919,0.998492956161499,0
adl-23-cam0-rgb,data/keypoints/adl/adl-23-cam0-rgb.npz,75,104,0,42,4,0.00046291878,0.998492956161499,0
adl-23-cam0-rgb,data/keypoints/adl/adl-23-cam0-rgb.npz,76,105,0,42,4,0.00046201993,0.998492956161499,0
adl-23-cam0-rgb,data/keypoints/adl/adl-23-cam0-rgb.npz,77,106,0,42,4,0.00046033447,0.998492956161499,0
adl-23-cam0-rgb,data/keypoints/adl/adl-23-cam0-rgb.npz,78,107,0,42,4,0.0004601002,0.998492956161499,0
adl-23-cam0-rgb,data/keypoints/adl/adl-23-cam0-rgb.npz,79,108,0,42,4,0.00045943004,0.998492956161499,0
adl-23-cam0-rgb,data/keypoints/adl/adl-23-cam0-rgb.npz,80,109,0,42,4,0.0004585777,0.998492956161499,0
adl-23-cam0-rgb,data/keypoints/adl/adl-23-cam0-rgb.npz,81,110,0,42,4,0.00045448056,0.998492956161499,0
adl-23-cam0-rgb,data/keypoints/adl/adl-23-cam0-rgb.npz,82,111,0,42,4,0.00045239736,0.998492956161499,0
adl-23-cam0-rgb,data/keypoints/adl/adl-23-cam0-rgb.npz,83,112,0,42,4,0.00045088388,0.998492956161499,0
adl-23-cam0-rgb,data/keypoints/adl/adl-23-cam0-rgb.npz,84,113,0,42,4,0.00044954443,0.998492956161499,0
adl-23-cam0-rgb,data/keypoints/adl/adl-23-cam0-rgb.npz,85,114,0,42,4,0.00044841843,0.998492956161499,0
adl-23-cam0-rgb,data/keypoints/adl/adl-23-cam0-rgb.npz,86,115,0,42,4,0.00044746106,0.998492956161499,0
adl-23-cam0-rgb,data/keypoints/adl/adl-23-cam0-rgb.npz,87,116,0,42,4,0.00044775123,0.998492956161499,0
adl-23-cam0-rgb,data/keypoints/adl/adl-23-cam0-rgb.npz,88,117,0,42,4,0.00044942938,0.998492956161499,0
adl-23-cam0-rgb,data/keypoints/adl/adl-23-cam0-rgb.npz,89,118,0,42,4,0.00044854885,0.998492956161499,0
adl-23-cam0-rgb,data/keypoints/adl/adl-23-cam0-rgb.npz,90,119,0,42,4,0.00044786112,0.998492956161499,0
adl-23-cam0-rgb,data/keypoints/adl/adl-23-cam0-rgb.npz,91,120,0,42,4,0.00047988357,0.998492956161499,0
adl-23-cam0-rgb,data/keypoints/adl/adl-23-cam0-rgb.npz,92,121,0,42,4,0.000492172,0.998492956161499,0
adl-23-cam0-rgb,data/keypoints/adl/adl-23-cam0-rgb.npz,93,122,0,42,4,0.00050223764,0.998492956161499,0
adl-23-cam0-rgb,data/keypoints/adl/adl-23-cam0-rgb.npz,94,123,0,42,4,0.0005115713,0.998492956161499,0
adl-23-cam0-rgb,data/keypoints/adl/adl-23-cam0-rgb.npz,95,124,0,42,4,0.0005149485,0.998492956161499,0
adl-23-cam0-rgb,data/keypoints/adl/adl-23-cam0-rgb.npz,96,125,0,42,4,0.0005416008,0.998492956161499,0
adl-23-cam0-rgb,data/keypoints/adl/adl-23-cam0-rgb.npz,97,126,0,42,4,0.00054182875,0.998492956161499,0
adl-23-cam0-rgb,data/keypoints/adl/adl-23-cam0-rgb.npz,98,127,0,42,4,0.0005533854,0.998492956161499,0
adl-23-cam0-rgb,data/keypoints/adl/adl-23-cam0-rgb.npz,99,128,0,42,4,0.00055533304,0.998492956161499,0
adl-23-cam0-rgb,data/keypoints/adl/adl-23-cam0-rgb.npz,100,129,0,42,4,0.00055371935,0.998492956161499,0
adl-23-cam0-rgb,data/keypoints/adl/adl-23-cam0-rgb.npz,101,130,0,42,4,0.0005587832,0.998492956161499,0
adl-23-cam0-rgb,data/keypoints/adl/adl-23-cam0-rgb.npz,102,131,0,42,4,0.00056201476,0.998492956161499,0
adl-23-cam0-rgb,data/keypoints/adl/adl-23-cam0-rgb.npz,103,132,0,42,4,0.00056974194,0.998492956161499,0
adl-23-cam0-rgb,data/keypoints/adl/adl-23-cam0-rgb.npz,104,133,0,42,4,0.0005689128,0.998492956161499,0
adl-23-cam0-rgb,data/keypoints/adl/adl-23-cam0-rgb.npz,105,134,0,42,4,0.00056927674,0.998492956161499,0
adl-23-cam0-rgb,data/keypoints/adl/adl-23-cam0-rgb.npz,106,135,0,42,4,0.0005683489,0.998492956161499,0
adl-23-cam0-rgb,data/keypoints/adl/adl-23-cam0-rgb.npz,107,136,0,42,4,0.00056734786,0.998492956161499,0
adl-23-cam0-rgb,data/keypoints/adl/adl-23-cam0-rgb.npz,108,137,0,42,4,0.0005574066,0.998492956161499,0
adl-23-cam0-rgb,data/keypoints/adl/adl-23-cam0-rgb.npz,109,138,0,42,4,0.000552874,0.998492956161499,0
adl-23-cam0-rgb,data/keypoints/adl/adl-23-cam0-rgb.npz,110,139,0,42,4,0.0005503015,0.998492956161499,0
adl-23-cam0-rgb,data/keypoints/adl/adl-23-cam0-rgb.npz,111,140,0,42,4,0.00054656295,0.998492956161499,0
adl-23-cam0-rgb,data/keypoints/adl/adl-23-cam0-rgb.npz,112,141,0,42,4,0.00053899625,0.998492956161499,0
adl-23-cam0-rgb,data/keypoints/adl/adl-23-cam0-rgb.npz,113,142,0,42,4,0.0005357831,0.998492956161499,0
adl-23-cam0-rgb,data/keypoints/adl/adl-23-cam0-rgb.npz,114,143,0,42,4,0.00052769465,0.998492956161499,0
adl-23-cam0-rgb,data/keypoints/adl/adl-23-cam0-rgb.npz,115,144,0,42,4,0.0005140293,0.998492956161499,0
adl-23-cam0-rgb,data/keypoints/adl/adl-23-cam0-rgb.npz,116,145,0,42,4,0.00050021854,0.998492956161499,0
adl-23-cam0-rgb,data/keypoints/adl/adl-23-cam0-rgb.npz,117,146,0,42,4,0.00047715404,0.998492956161499,0
adl-23-cam0-rgb,data/keypoints/adl/adl-23-cam0-rgb.npz,118,147,0,42,4,0.00046633257,0.998492956161499,0
adl-23-cam0-rgb,data/keypoints/adl/adl-23-cam0-rgb.npz,119,148,0,42,4,0.00045760465,0.998492956161499,0
adl-23-cam0-rgb,data/keypoints/adl/adl-23-cam0-rgb.npz,120,149,0,42,4,0.00045018556,0.998492956161499,0
adl-23-cam0-rgb,data/keypoints/adl/adl-23-cam0-rgb.npz,121,150,0,42,4,0.00044242613,0.998492956161499,0
adl-23-cam0-rgb,data/keypoints/adl/adl-23-cam0-rgb.npz,122,151,0,42,4,0.0004376601,0.998492956161499,0
adl-23-cam0-rgb,data/keypoints/adl/adl-23-cam0-rgb.npz,123,152,0,42,4,0.0004340285,0.998492956161499,0
adl-23-cam0-rgb,data/keypoints/adl/adl-23-cam0-rgb.npz,124,153,0,42,4,0.00043092784,0.998492956161499,0
adl-23-cam0-rgb,data/keypoints/adl/adl-23-cam0-rgb.npz,125,154,0,42,4,0.00042891107,0.998492956161499,0
adl-23-cam0-rgb,data/keypoints/adl/adl-23-cam0-rgb.npz,126,155,0,42,4,0.00042725692,0.998492956161499,0
adl-23-cam0-rgb,data/keypoints/adl/adl-23-cam0-rgb.npz,127,156,0,42,4,0.0004257023,0.998492956161499,0
adl-23-cam0-rgb,data/keypoints/adl/adl-23-cam0-rgb.npz,128,157,0,42,4,0.00042446316,0.998492956161499,0
adl-23-cam0-rgb,data/keypoints/adl/adl-23-cam0-rgb.npz,129,158,0,42,4,0.0004233642,0.998492956161499,0
adl-23-cam0-rgb,data/keypoints/adl/adl-23-cam0-rgb.npz,130,159,0,42,4,0.00042227673,0.998492956161499,0
adl-23-cam0-rgb,data/keypoints/adl/adl-23-cam0-rgb.npz,131,160,0,42,4,0.0004211198,0.998492956161499,0
adl-23-cam0-rgb,data/keypoints/adl/adl-23-cam0-rgb.npz,132,161,0,42,4,0.00042014764,0.998492956161499,0
adl-23-cam0-rgb,data/keypoints/adl/adl-23-cam0-rgb.npz,133,162,0,42,4,0.00041920206,0.998492956161499,0
adl-23-cam0-rgb,data/keypoints/adl/adl-23-cam0-rgb.npz,134,163,0,42,4,0.00041905142,0.998492956161499,0
adl-23-cam0-rgb,data/keypoints/adl/adl-23-cam0-rgb.npz,135,164,0,42,4,0.00041853564,0.998492956161499,0
adl-23-cam0-rgb,data/keypoints/adl/adl-23-cam0-rgb.npz,136,165,0,42,4,0.00041771412,0.998492956161499,0
adl-23-cam0-rgb,data/keypoints/adl/adl-23-cam0-rgb.npz,137,166,0,42,4,0.00045032165,0.998492956161499,0
adl-24-cam0-rgb,data/keypoints/adl/adl-24-cam0-rgb.npz,1,30,0,42,4,0.0056244778,0.998492956161499,0
adl-24-cam0-rgb,data/keypoints/adl/adl-24-cam0-rgb.npz,2,31,0,42,4,0.0069624535,0.998492956161499,0
adl-24-cam0-rgb,data/keypoints/adl/adl-24-cam0-rgb.npz,3,32,0,42,4,0.0088421805,0.998492956161499,0
adl-24-cam0-rgb,data/keypoints/adl/adl-24-cam0-rgb.npz,4,33,0,42,4,0.011193432,0.998492956161499,0
adl-24-cam0-rgb,data/keypoints/adl/adl-24-cam0-rgb.npz,5,34,0,42,4,0.013379284,0.998492956161499,0
adl-24-cam0-rgb,data/keypoints/adl/adl-24-cam0-rgb.npz,6,35,0,42,4,0.016110506,0.998492956161499,0
adl-24-cam0-rgb,data/keypoints/adl/adl-24-cam0-rgb.npz,7,36,0,42,4,0.020113774,0.998492956161499,0
adl-24-cam0-rgb,data/keypoints/adl/adl-24-cam0-rgb.npz,8,37,0,42,4,0.022569029,0.998492956161499,0
adl-24-cam0-rgb,data/keypoints/adl/adl-24-cam0-rgb.npz,9,38,0,42,4,0.026212532,0.998492956161499,0
adl-24-cam0-rgb,data/keypoints/adl/adl-24-cam0-rgb.npz,10,39,0,42,4,0.031595666,0.998492956161499,0
adl-24-cam0-rgb,data/keypoints/adl/adl-24-cam0-rgb.npz,11,40,0,42,4,0.03724335,0.998492956161499,0
adl-24-cam0-rgb,data/keypoints/adl/adl-24-cam0-rgb.npz,12,41,0,42,4,0.044010967,0.998492956161499,0
adl-24-cam0-rgb,data/keypoints/adl/adl-24-cam0-rgb.npz,13,42,0,42,4,0.047612384,0.998492956161499,0
adl-24-cam0-rgb,data/keypoints/adl/adl-24-cam0-rgb.npz,14,43,0,42,4,0.047605652,0.998492956161499,0
adl-24-cam0-rgb,data/keypoints/adl/adl-24-cam0-rgb.npz,15,44,0,42,4,0.05002984,0.998492956161499,0
adl-24-cam0-rgb,data/keypoints/adl/adl-24-cam0-rgb.npz,16,45,0,42,4,0.052478455,0.998492956161499,0
adl-24-cam0-rgb,data/keypoints/adl/adl-24-cam0-rgb.npz,17,46,0,42,4,0.053138908,0.998492956161499,0
adl-24-cam0-rgb,data/keypoints/adl/adl-24-cam0-rgb.npz,18,47,0,42,4,0.053731598,0.998492956161499,0
adl-24-cam0-rgb,data/keypoints/adl/adl-24-cam0-rgb.npz,19,48,0,42,4,0.052491654,0.998492956161499,0
adl-24-cam0-rgb,data/keypoints/adl/adl-24-cam0-rgb.npz,20,49,0,42,4,0.053561095,0.998492956161499,0
adl-24-cam0-rgb,data/keypoints/adl/adl-24-cam0-rgb.npz,21,50,0,42,4,0.041087046,0.998492956161499,0
adl-24-cam0-rgb,data/keypoints/adl/adl-24-cam0-rgb.npz,22,51,0,42,4,0.04135584,0.998492956161499,0
adl-24-cam0-rgb,data/keypoints/adl/adl-24-cam0-rgb.npz,23,52,0,42,4,0.041366413,0.998492956161499,0
adl-24-cam0-rgb,data/keypoints/adl/adl-24-cam0-rgb.npz,24,53,0,42,4,0.9982317,0.998492956161499,0
adl-24-cam0-rgb,data/keypoints/adl/adl-24-cam0-rgb.npz,25,54,0,42,4,0.86874133,0.998492956161499,0
adl-24-cam0-rgb,data/keypoints/adl/adl-24-cam0-rgb.npz,26,55,0,42,4,0.78950506,0.998492956161499,0
adl-24-cam0-rgb,data/keypoints/adl/adl-24-cam0-rgb.npz,27,56,0,42,4,0.015944578,0.998492956161499,0
adl-24-cam0-rgb,data/keypoints/adl/adl-24-cam0-rgb.npz,28,57,0,42,4,0.013468264,0.998492956161499,0
adl-24-cam0-rgb,data/keypoints/adl/adl-24-cam0-rgb.npz,29,58,0,42,4,0.053310763,0.998492956161499,0
adl-24-cam0-rgb,data/keypoints/adl/adl-24-cam0-rgb.npz,30,59,0,42,4,0.04937193,0.998492956161499,0
adl-24-cam0-rgb,data/keypoints/adl/adl-24-cam0-rgb.npz,31,60,0,42,4,0.04276682,0.998492956161499,0
adl-24-cam0-rgb,data/keypoints/adl/adl-24-cam0-rgb.npz,32,61,0,42,4,0.036970384,0.998492956161499,0
adl-24-cam0-rgb,data/keypoints/adl/adl-24-cam0-rgb.npz,33,62,0,42,4,0.029003771,0.998492956161499,0
adl-24-cam0-rgb,data/keypoints/adl/adl-24-cam0-rgb.npz,34,63,0,42,4,0.022552894,0.998492956161499,0
adl-24-cam0-rgb,data/keypoints/adl/adl-24-cam0-rgb.npz,35,64,0,42,4,0.016717445,0.998492956161499,0
adl-24-cam0-rgb,data/keypoints/adl/adl-24-cam0-rgb.npz,36,65,0,42,4,0.013143166,0.998492956161499,0
adl-24-cam0-rgb,data/keypoints/adl/adl-24-cam0-rgb.npz,37,66,0,42,4,0.009513693,0.998492956161499,0
adl-24-cam0-rgb,data/keypoints/adl/adl-24-cam0-rgb.npz,38,67,0,42,4,0.0071180644,0.998492956161499,0
adl-24-cam0-rgb,data/keypoints/adl/adl-24-cam0-rgb.npz,39,68,0,42,4,0.005173736,0.998492956161499,0
adl-24-cam0-rgb,data/keypoints/adl/adl-24-cam0-rgb.npz,40,69,0,42,4,0.003665157,0.998492956161499,0
adl-24-cam0-rgb,data/keypoints/adl/adl-24-cam0-rgb.npz,41,70,0,42,4,0.0024574695,0.998492956161499,0
adl-32-cam0-rgb,data/keypoints/adl/adl-32-cam0-rgb.npz,1,30,0,42,4,0.0005421705,0.998492956161499,0
adl-32-cam0-rgb,data/keypoints/adl/adl-32-cam0-rgb.npz,2,31,0,42,4,0.00054206897,0.998492956161499,0
adl-32-cam0-rgb,data/keypoints/adl/adl-32-cam0-rgb.npz,3,32,0,42,4,0.00054195634,0.998492956161499,0
adl-32-cam0-rgb,data/keypoints/adl/adl-32-cam0-rgb.npz,4,33,0,42,4,0.00054178125,0.998492956161499,0
adl-32-cam0-rgb,data/keypoints/adl/adl-32-cam0-rgb.npz,5,34,0,42,4,0.00054159615,0.998492956161499,0
adl-32-cam0-rgb,data/keypoints/adl/adl-32-cam0-rgb.npz,6,35,0,42,4,0.0005414942,0.998492956161499,0
adl-32-cam0-rgb,data/keypoints/adl/adl-32-cam0-rgb.npz,7,36,0,42,4,0.0005413533,0.998492956161499,0
adl-32-cam0-rgb,data/keypoints/adl/adl-32-cam0-rgb.npz,8,37,0,42,4,0.00054132956,0.998492956161499,0
adl-32-cam0-rgb,data/keypoints/adl/adl-32-cam0-rgb.npz,9,38,0,42,4,0.0005413533,0.998492956161499,0
adl-32-cam0-rgb,data/keypoints/adl/adl-32-cam0-rgb.npz,10,39,0,42,4,0.0005413706,0.998492956161499,0
adl-32-cam0-rgb,data/keypoints/adl/adl-32-cam0-rgb.npz,11,40,0,42,4,0.00054140727,0.998492956161499,0
adl-32-cam0-rgb,data/keypoints/adl/adl-32-cam0-rgb.npz,12,41,0,42,4,0.0005415391,0.998492956161499,0
adl-32-cam0-rgb,data/keypoints/adl/adl-32-cam0-rgb.npz,13,42,0,42,4,0.0005417195,0.998492956161499,0
adl-32-cam0-rgb,data/keypoints/adl/adl-32-cam0-rgb.npz,14,43,0,42,4,0.00054187165,0.998492956161499,0
adl-32-cam0-rgb,data/keypoints/adl/adl-32-cam0-rgb.npz,15,44,0,42,4,0.0005420245,0.998492956161499,0
adl-32-cam0-rgb,data/keypoints/adl/adl-32-cam0-rgb.npz,16,45,0,42,4,0.0005422296,0.998492956161499,0
adl-32-cam0-rgb,data/keypoints/adl/adl-32-cam0-rgb.npz,17,46,0,42,4,0.00054242014,0.998492956161499,0
adl-32-cam0-rgb,data/keypoints/adl/adl-32-cam0-rgb.npz,18,47,0,42,4,0.000542695,0.998492956161499,0
adl-32-cam0-rgb,data/keypoints/adl/adl-32-cam0-rgb.npz,19,48,0,42,4,0.0005430052,0.998492956161499,0
adl-32-cam0-rgb,data/keypoints/adl/adl-32-cam0-rgb.npz,20,49,0,42,4,0.0005433226,0.998492956161499,0
adl-32-cam0-rgb,data/keypoints/adl/adl-32-cam0-rgb.npz,21,50,0,42,4,0.00054368493,0.998492956161499,0
adl-32-cam0-rgb,data/keypoints/adl/adl-32-cam0-rgb.npz,22,51,0,42,4,0.00054411805,0.998492956161499,0
adl-32-cam0-rgb,data/keypoints/adl/adl-32-cam0-rgb.npz,23,52,0,42,4,0.0005444986,0.998492956161499,0
adl-32-cam0-rgb,data/keypoints/adl/adl-32-cam0-rgb.npz,24,53,0,42,4,0.00054492586,0.998492956161499,0
adl-32-cam0-rgb,data/keypoints/adl/adl-32-cam0-rgb.npz,25,54,0,42,4,0.0005455018,0.998492956161499,0
adl-32-cam0-rgb,data/keypoints/adl/adl-32-cam0-rgb.npz,26,55,0,42,4,0.0005460911,0.998492956161499,0
adl-32-cam0-rgb,data/keypoints/adl/adl-32-cam0-rgb.npz,27,56,0,42,4,0.00054676377,0.998492956161499,0
adl-32-cam0-rgb,data/keypoints/adl/adl-32-cam0-rgb.npz,28,57,0,42,4,0.0005474848,0.998492956161499,0
adl-32-cam0-rgb,data/keypoints/adl/adl-32-cam0-rgb.npz,29,58,0,42,4,0.00054824847,0.998492956161499,0
adl-32-cam0-rgb,data/keypoints/adl/adl-32-cam0-rgb.npz,30,59,0,42,4,0.0005490138,0.998492956161499,0
adl-32-cam0-rgb,data/keypoints/adl/adl-32-cam0-rgb.npz,31,60,0,42,4,0.00054988585,0.998492956161499,0
adl-32-cam0-rgb,data/keypoints/adl/adl-32-cam0-rgb.npz,32,61,0,42,4,0.0005507554,0.998492956161499,0
adl-32-cam0-rgb,data/keypoints/adl/adl-32-cam0-rgb.npz,33,62,0,42,4,0.0005516964,0.998492956161499,0
adl-32-cam0-rgb,data/keypoints/adl/adl-32-cam0-rgb.npz,34,63,0,42,4,0.0005527984,0.998492956161499,0
adl-32-cam0-rgb,data/keypoints/adl/adl-32-cam0-rgb.npz,35,64,0,42,4,0.00055402634,0.998492956161499,0
adl-32-cam0-rgb,data/keypoints/adl/adl-32-cam0-rgb.npz,36,65,0,42,4,0.0005551957,0.998492956161499,0
adl-32-cam0-rgb,data/keypoints/adl/adl-32-cam0-rgb.npz,37,66,0,42,4,0.0005568033,0.998492956161499,0
adl-32-cam0-rgb,data/keypoints/adl/adl-32-cam0-rgb.npz,38,67,0,42,4,0.00055851,0.998492956161499,0
adl-32-cam0-rgb,data/keypoints/adl/adl-32-cam0-rgb.npz,39,68,0,42,4,0.0005610545,0.998492956161499,0
adl-32-cam0-rgb,data/keypoints/adl/adl-32-cam0-rgb.npz,40,69,0,42,4,0.0005637484,0.998492956161499,0
adl-32-cam0-rgb,data/keypoints/adl/adl-32-cam0-rgb.npz,41,70,0,42,4,0.00056719023,0.998492956161499,0
adl-32-cam0-rgb,data/keypoints/adl/adl-32-cam0-rgb.npz,42,71,0,42,4,0.00057130697,0.998492956161499,0
adl-32-cam0-rgb,data/keypoints/adl/adl-32-cam0-rgb.npz,43,72,0,42,4,0.00057599455,0.998492956161499,0
adl-32-cam0-rgb,data/keypoints/adl/adl-32-cam0-rgb.npz,44,73,0,42,4,0.0005814928,0.998492956161499,0
adl-32-cam0-rgb,data/keypoints/adl/adl-32-cam0-rgb.npz,45,74,0,42,4,0.0005878718,0.998492956161499,0
adl-32-cam0-rgb,data/keypoints/adl/adl-32-cam0-rgb.npz,46,75,0,42,4,0.00059482903,0.998492956161499,0
adl-32-cam0-rgb,data/keypoints/adl/adl-32-cam0-rgb.npz,47,76,0,42,4,0.0006026688,0.998492956161499,0
adl-32-cam0-rgb,data/keypoints/adl/adl-32-cam0-rgb.npz,48,77,0,42,4,0.00061095564,0.998492956161499,0
adl-32-cam0-rgb,data/keypoints/adl/adl-32-cam0-rgb.npz,49,78,0,42,4,0.000620213,0.998492956161499,0
adl-32-cam0-rgb,data/keypoints/adl/adl-32-cam0-rgb.npz,50,79,0,42,4,0.0006312645,0.998492956161499,0
adl-32-cam0-rgb,data/keypoints/adl/adl-32-cam0-rgb.npz,51,80,0,42,4,0.00064401637,0.998492956161499,0
adl-32-cam0-rgb,data/keypoints/adl/adl-32-cam0-rgb.npz,52,81,0,42,4,0.00065838394,0.998492956161499,0
adl-32-cam0-rgb,data/keypoints/adl/adl-32-cam0-rgb.npz,53,82,0,42,4,0.0006763029,0.998492956161499,0
adl-32-cam0-rgb,data/keypoints/adl/adl-32-cam0-rgb.npz,54,83,0,42,4,0.0006978405,0.998492956161499,0
adl-32-cam0-rgb,data/keypoints/adl/adl-32-cam0-rgb.npz,55,84,0,42,4,0.00072298595,0.998492956161499,0
adl-32-cam0-rgb,data/keypoints/adl/adl-32-cam0-rgb.npz,56,85,0,42,4,0.0007499283,0.998492956161499,0
adl-32-cam0-rgb,data/keypoints/adl/adl-32-cam0-rgb.npz,57,86,0,42,4,0.00078418315,0.998492956161499,0
adl-32-cam0-rgb,data/keypoints/adl/adl-32-cam0-rgb.npz,58,87,0,42,4,0.0008237451,0.998492956161499,0
adl-32-cam0-rgb,data/keypoints/adl/adl-32-cam0-rgb.npz,59,88,0,42,4,0.00087388547,0.998492956161499,0
adl-32-cam0-rgb,data/keypoints/adl/adl-32-cam0-rgb.npz,60,89,0,42,4,0.0009434889,0.998492956161499,0
adl-32-cam0-rgb,data/keypoints/adl/adl-32-cam0-rgb.npz,61,90,0,42,4,0.0009270351,0.998492956161499,0
adl-32-cam0-rgb,data/keypoints/adl/adl-32-cam0-rgb.npz,62,91,0,42,4,0.0010117191,0.998492956161499,0
adl-32-cam0-rgb,data/keypoints/adl/adl-32-cam0-rgb.npz,63,92,0,42,4,0.0010864877,0.998492956161499,0
adl-32-cam0-rgb,data/keypoints/adl/adl-32-cam0-rgb.npz,64,93,0,42,4,0.0012216641,0.998492956161499,0
adl-32-cam0-rgb,data/keypoints/adl/adl-32-cam0-rgb.npz,65,94,0,42,4,0.0013710277,0.998492956161499,0
adl-32-cam0-rgb,data/keypoints/adl/adl-32-cam0-rgb.npz,66,95,0,42,4,0.001534956,0.998492956161499,0
adl-32-cam0-rgb,data/keypoints/adl/adl-32-cam0-rgb.npz,67,96,0,42,4,0.0017377067,0.998492956161499,0
adl-32-cam0-rgb,data/keypoints/adl/adl-32-cam0-rgb.npz,68,97,0,42,4,0.001933501,0.998492956161499,0
adl-32-cam0-rgb,data/keypoints/adl/adl-32-cam0-rgb.npz,69,98,0,42,4,0.0024145013,0.998492956161499,0
adl-32-cam0-rgb,data/keypoints/adl/adl-32-cam0-rgb.npz,70,99,0,42,4,0.0027346069,0.998492956161499,0
adl-32-cam0-rgb,data/keypoints/adl/adl-32-cam0-rgb.npz,71,100,0,42,4,0.0031265782,0.998492956161499,0
adl-32-cam0-rgb,data/keypoints/adl/adl-32-cam0-rgb.npz,72,101,0,42,4,0.0035931196,0.998492956161499,0
adl-32-cam0-rgb,data/keypoints/adl/adl-32-cam0-rgb.npz,73,102,0,42,4,0.0041269856,0.998492956161499,0
adl-32-cam0-rgb,data/keypoints/adl/adl-32-cam0-rgb.npz,74,103,0,42,4,0.0045683747,0.998492956161499,0
adl-32-cam0-rgb,data/keypoints/adl/adl-32-cam0-rgb.npz,75,104,0,42,4,0.0052478607,0.998492956161499,0
adl-32-cam0-rgb,data/keypoints/adl/adl-32-cam0-rgb.npz,76,105,0,42,4,0.005918664,0.998492956161499,0
adl-32-cam0-rgb,data/keypoints/adl/adl-32-cam0-rgb.npz,77,106,0,42,4,0.006645326,0.998492956161499,0
adl-32-cam0-rgb,data/keypoints/adl/adl-32-cam0-rgb.npz,78,107,0,42,4,0.0073297694,0.998492956161499,0
adl-32-cam0-rgb,data/keypoints/adl/adl-32-cam0-rgb.npz,79,108,0,42,4,0.008101961,0.998492956161499,0
adl-32-cam0-rgb,data/keypoints/adl/adl-32-cam0-rgb.npz,80,109,0,42,4,0.009020757,0.998492956161499,0
adl-32-cam0-rgb,data/keypoints/adl/adl-32-cam0-rgb.npz,81,110,0,42,4,0.010178032,0.998492956161499,0
adl-32-cam0-rgb,data/keypoints/adl/adl-32-cam0-rgb.npz,82,111,0,42,4,0.0114624,0.998492956161499,0
adl-32-cam0-rgb,data/keypoints/adl/adl-32-cam0-rgb.npz,83,112,0,42,4,0.012827685,0.998492956161499,0
adl-32-cam0-rgb,data/keypoints/adl/adl-32-cam0-rgb.npz,84,113,0,42,4,0.007843512,0.998492956161499,0
adl-32-cam0-rgb,data/keypoints/adl/adl-32-cam0-rgb.npz,85,114,0,42,4,0.006683968,0.998492956161499,0
adl-32-cam0-rgb,data/keypoints/adl/adl-32-cam0-rgb.npz,86,115,0,42,4,0.008595476,0.998492956161499,0
adl-32-cam0-rgb,data/keypoints/adl/adl-32-cam0-rgb.npz,87,116,0,42,4,0.009043719,0.998492956161499,0
adl-32-cam0-rgb,data/keypoints/adl/adl-32-cam0-rgb.npz,88,117,0,42,4,0.009609928,0.998492956161499,0
adl-32-cam0-rgb,data/keypoints/adl/adl-32-cam0-rgb.npz,89,118,0,42,4,0.009791537,0.998492956161499,0
adl-32-cam0-rgb,data/keypoints/adl/adl-32-cam0-rgb.npz,90,119,0,42,4,0.010918036,0.998492956161499,0
adl-32-cam0-rgb,data/keypoints/adl/adl-32-cam0-rgb.npz,91,120,0,42,4,0.0121499635,0.998492956161499,0
adl-32-cam0-rgb,data/keypoints/adl/adl-32-cam0-rgb.npz,92,121,0,42,4,0.013500526,0.998492956161499,0
adl-32-cam0-rgb,data/keypoints/adl/adl-32-cam0-rgb.npz,93,122,0,42,4,0.014461303,0.998492956161499,0
adl-32-cam0-rgb,data/keypoints/adl/adl-32-cam0-rgb.npz,94,123,0,42,4,0.01738639,0.998492956161499,0
adl-32-cam0-rgb,data/keypoints/adl/adl-32-cam0-rgb.npz,95,124,0,42,4,0.00066621834,0.998492956161499,0
adl-32-cam0-rgb,data/keypoints/adl/adl-32-cam0-rgb.npz,96,125,0,42,4,0.000669331,0.998492956161499,0
adl-32-cam0-rgb,data/keypoints/adl/adl-32-cam0-rgb.npz,97,126,0,42,4,0.000673009,0.998492956161499,0
adl-32-cam0-rgb,data/keypoints/adl/adl-32-cam0-rgb.npz,98,127,0,42,4,0.0006770416,0.998492956161499,0
adl-32-cam0-rgb,data/keypoints/adl/adl-32-cam0-rgb.npz,99,128,0,42,4,0.0006822473,0.998492956161499,0
adl-32-cam0-rgb,data/keypoints/adl/adl-32-cam0-rgb.npz,100,129,0,42,4,0.00068777124,0.998492956161499,0
adl-32-cam0-rgb,data/keypoints/adl/adl-32-cam0-rgb.npz,101,130,0,42,4,0.0006942423,0.998492956161499,0
adl-32-cam0-rgb,data/keypoints/adl/adl-32-cam0-rgb.npz,102,131,0,42,4,0.00070076354,0.998492956161499,0
adl-32-cam0-rgb,data/keypoints/adl/adl-32-cam0-rgb.npz,103,132,0,42,4,0.00070710405,0.998492956161499,0
adl-32-cam0-rgb,data/keypoints/adl/adl-32-cam0-rgb.npz,104,133,0,42,4,0.00071182835,0.998492956161499,0
adl-32-cam0-rgb,data/keypoints/adl/adl-32-cam0-rgb.npz,105,134,0,42,4,0.0007162017,0.998492956161499,0
adl-32-cam0-rgb,data/keypoints/adl/adl-32-cam0-rgb.npz,106,135,0,42,4,0.0007319894,0.998492956161499,0
adl-32-cam0-rgb,data/keypoints/adl/adl-32-cam0-rgb.npz,107,136,0,42,4,0.00073816185,0.998492956161499,0
adl-32-cam0-rgb,data/keypoints/adl/adl-32-cam0-rgb.npz,108,137,0,42,4,0.0007524642,0.998492956161499,0
adl-32-cam0-rgb,data/keypoints/adl/adl-32-cam0-rgb.npz,109,138,0,42,4,0.00076326536,0.998492956161499,0
adl-32-cam0-rgb,data/keypoints/adl/adl-32-cam0-rgb.npz,110,139,0,42,4,0.6763834,0.998492956161499,0
adl-32-cam0-rgb,data/keypoints/adl/adl-32-cam0-rgb.npz,111,140,0,42,4,0.7573239,0.998492956161499,0
adl-32-cam0-rgb,data/keypoints/adl/adl-32-cam0-rgb.npz,112,141,0,42,4,0.81817377,0.998492956161499,0
adl-32-cam0-rgb,data/keypoints/adl/adl-32-cam0-rgb.npz,113,142,0,42,4,0.90373904,0.998492956161499,0
adl-32-cam0-rgb,data/keypoints/adl/adl-32-cam0-rgb.npz,114,143,0,42,4,0.9560113,0.998492956161499,0
adl-32-cam0-rgb,data/keypoints/adl/adl-32-cam0-rgb.npz,115,144,0,42,4,0.9553135,0.998492956161499,0
adl-32-cam0-rgb,data/keypoints/adl/adl-32-cam0-rgb.npz,116,145,0,42,4,0.9525032,0.998492956161499,0
adl-32-cam0-rgb,data/keypoints/adl/adl-32-cam0-rgb.npz,117,146,0,42,4,0.95141953,0.998492956161499,0
adl-32-cam0-rgb,data/keypoints/adl/adl-32-cam0-rgb.npz,118,147,0,42,4,0.9517907,0.998492956161499,0
adl-32-cam0-rgb,data/keypoints/adl/adl-32-cam0-rgb.npz,119,148,0,42,4,0.9515541,0.998492956161499,0
adl-32-cam0-rgb,data/keypoints/adl/adl-32-cam0-rgb.npz,120,149,0,42,4,0.9494182,0.998492956161499,0
adl-32-cam0-rgb,data/keypoints/adl/adl-32-cam0-rgb.npz,121,150,0,42,4,0.9753143,0.998492956161499,0
adl-32-cam0-rgb,data/keypoints/adl/adl-32-cam0-rgb.npz,122,151,0,42,4,0.9785463,0.998492956161499,0
adl-32-cam0-rgb,data/keypoints/adl/adl-32-cam0-rgb.npz,123,152,0,42,4,0.98123574,0.998492956161499,0
adl-32-cam0-rgb,data/keypoints/adl/adl-32-cam0-rgb.npz,124,153,0,42,4,0.98347706,0.998492956161499,0
adl-32-cam0-rgb,data/keypoints/adl/adl-32-cam0-rgb.npz,125,154,0,42,4,0.97861314,0.998492956161499,0
adl-32-cam0-rgb,data/keypoints/adl/adl-32-cam0-rgb.npz,126,155,0,42,4,0.97788733,0.998492956161499,0
adl-32-cam0-rgb,data/keypoints/adl/adl-32-cam0-rgb.npz,127,156,0,42,4,0.9764832,0.998492956161499,0
adl-32-cam0-rgb,data/keypoints/adl/adl-32-cam0-rgb.npz,128,157,0,42,4,0.98029476,0.998492956161499,0
adl-32-cam0-rgb,data/keypoints/adl/adl-32-cam0-rgb.npz,129,158,0,42,4,0.9794096,0.998492956161499,0
adl-32-cam0-rgb,data/keypoints/adl/adl-32-cam0-rgb.npz,130,159,0,42,4,0.9781486,0.998492956161499,0
adl-32-cam0-rgb,data/keypoints/adl/adl-32-cam0-rgb.npz,131,160,0,42,4,0.9762573,0.998492956161499,0
adl-32-cam0-rgb,data/keypoints/adl/adl-32-cam0-rgb.npz,132,161,0,42,4,0.97728515,0.998492956161499,0
adl-32-cam0-rgb,data/keypoints/adl/adl-32-cam0-rgb.npz,133,162,0,42,4,0.9745671,0.998492956161499,0
adl-32-cam0-rgb,data/keypoints/adl/adl-32-cam0-rgb.npz,134,163,0,42,4,0.9681055,0.998492956161499,0
adl-32-cam0-rgb,data/keypoints/adl/adl-32-cam0-rgb.npz,135,164,0,42,4,0.96174693,0.998492956161499,0
adl-32-cam0-rgb,data/keypoints/adl/adl-32-cam0-rgb.npz,136,165,0,42,4,0.95194304,0.998492956161499,0
adl-32-cam0-rgb,data/keypoints/adl/adl-32-cam0-rgb.npz,137,166,0,42,4,0.9424948,0.998492956161499,0
adl-32-cam0-rgb,data/keypoints/adl/adl-32-cam0-rgb.npz,138,167,0,42,4,0.9346206,0.998492956161499,0
adl-32-cam0-rgb,data/keypoints/adl/adl-32-cam0-rgb.npz,139,168,0,42,4,0.95238304,0.998492956161499,0
adl-32-cam0-rgb,data/keypoints/adl/adl-32-cam0-rgb.npz,140,169,0,42,4,0.9443791,0.998492956161499,0
adl-32-cam0-rgb,data/keypoints/adl/adl-32-cam0-rgb.npz,141,170,0,42,4,0.96062887,0.998492956161499,0
adl-32-cam0-rgb,data/keypoints/adl/adl-32-cam0-rgb.npz,142,171,0,42,4,0.9720495,0.998492956161499,0
adl-32-cam0-rgb,data/keypoints/adl/adl-32-cam0-rgb.npz,143,172,0,42,4,0.9792812,0.998492956161499,0
adl-32-cam0-rgb,data/keypoints/adl/adl-32-cam0-rgb.npz,144,173,0,42,4,0.9853099,0.998492956161499,0
adl-32-cam0-rgb,data/keypoints/adl/adl-32-cam0-rgb.npz,145,174,0,42,4,0.9906282,0.998492956161499,0
adl-32-cam0-rgb,data/keypoints/adl/adl-32-cam0-rgb.npz,146,175,0,42,4,0.9924516,0.998492956161499,0
adl-32-cam0-rgb,data/keypoints/adl/adl-32-cam0-rgb.npz,147,176,0,42,4,0.99308914,0.998492956161499,0
adl-32-cam0-rgb,data/keypoints/adl/adl-32-cam0-rgb.npz,148,177,0,42,4,0.9935662,0.998492956161499,0
adl-32-cam0-rgb,data/keypoints/adl/adl-32-cam0-rgb.npz,149,178,0,42,4,0.9940597,0.998492956161499,0
adl-32-cam0-rgb,data/keypoints/adl/adl-32-cam0-rgb.npz,150,179,0,42,4,0.9944922,0.998492956161499,0
adl-32-cam0-rgb,data/keypoints/adl/adl-32-cam0-rgb.npz,151,180,0,42,4,0.99425185,0.998492956161499,0
adl-32-cam0-rgb,data/keypoints/adl/adl-32-cam0-rgb.npz,152,181,0,42,4,0.9949744,0.998492956161499,0
adl-32-cam0-rgb,data/keypoints/adl/adl-32-cam0-rgb.npz,153,182,0,42,4,0.9955676,0.998492956161499,0
adl-32-cam0-rgb,data/keypoints/adl/adl-32-cam0-rgb.npz,154,183,0,42,4,0.99605405,0.998492956161499,0
adl-32-cam0-rgb,data/keypoints/adl/adl-32-cam0-rgb.npz,155,184,0,42,4,0.99586594,0.998492956161499,0
adl-32-cam0-rgb,data/keypoints/adl/adl-32-cam0-rgb.npz,156,185,0,42,4,0.9962664,0.998492956161499,0
adl-32-cam0-rgb,data/keypoints/adl/adl-32-cam0-rgb.npz,157,186,0,42,4,0.9965706,0.998492956161499,0
adl-32-cam0-rgb,data/keypoints/adl/adl-32-cam0-rgb.npz,158,187,0,42,4,0.9967272,0.998492956161499,0
adl-32-cam0-rgb,data/keypoints/adl/adl-32-cam0-rgb.npz,159,188,0,42,4,0.99695516,0.998492956161499,0
adl-32-cam0-rgb,data/keypoints/adl/adl-32-cam0-rgb.npz,160,189,0,42,4,0.997148,0.998492956161499,0
adl-32-cam0-rgb,data/keypoints/adl/adl-32-cam0-rgb.npz,161,190,0,42,4,0.9972946,0.998492956161499,0
adl-32-cam0-rgb,data/keypoints/adl/adl-32-cam0-rgb.npz,162,191,0,42,4,0.99732935,0.998492956161499,0
adl-32-cam0-rgb,data/keypoints/adl/adl-32-cam0-rgb.npz,163,192,0,42,4,0.9975956,0.998492956161499,0
adl-32-cam0-rgb,data/keypoints/adl/adl-32-cam0-rgb.npz,164,193,0,42,4,0.99768543,0.998492956161499,0
adl-32-cam0-rgb,data/keypoints/adl/adl-32-cam0-rgb.npz,165,194,0,42,4,0.9979215,0.998492956161499,0
adl-32-cam0-rgb,data/keypoints/adl/adl-32-cam0-rgb.npz,166,195,0,42,4,0.9979267,0.998492956161499,0
adl-32-cam0-rgb,data/keypoints/adl/adl-32-cam0-rgb.npz,167,196,0,42,4,0.9979108,0.998492956161499,0
adl-32-cam0-rgb,data/keypoints/adl/adl-32-cam0-rgb.npz,168,197,0,42,4,0.9980075,0.998492956161499,0
adl-32-cam0-rgb,data/keypoints/adl/adl-32-cam0-rgb.npz,169,198,0,42,4,0.9978771,0.998492956161499,0
adl-32-cam0-rgb,data/keypoints/adl/adl-32-cam0-rgb.npz,170,199,0,42,4,0.9978097,0.998492956161499,0
adl-32-cam0-rgb,data/keypoints/adl/adl-32-cam0-rgb.npz,171,200,0,42,4,0.9977325,0.998492956161499,0
adl-34-cam0-rgb,data/keypoints/adl/adl-34-cam0-rgb.npz,1,30,0,42,4,0.0007143939,0.998492956161499,0
adl-34-cam0-rgb,data/keypoints/adl/adl-34-cam0-rgb.npz,2,31,0,42,4,0.00074647483,0.998492956161499,0
adl-34-cam0-rgb,data/keypoints/adl/adl-34-cam0-rgb.npz,3,32,0,42,4,0.00078404974,0.998492956161499,0
adl-34-cam0-rgb,data/keypoints/adl/adl-34-cam0-rgb.npz,4,33,0,42,4,0.00082925014,0.998492956161499,0
adl-34-cam0-rgb,data/keypoints/adl/adl-34-cam0-rgb.npz,5,34,0,42,4,0.00089598185,0.998492956161499,0
adl-34-cam0-rgb,data/keypoints/adl/adl-34-cam0-rgb.npz,6,35,0,42,4,0.0009694772,0.998492956161499,0
adl-34-cam0-rgb,data/keypoints/adl/adl-34-cam0-rgb.npz,7,36,0,42,4,0.001061631,0.998492956161499,0
adl-34-cam0-rgb,data/keypoints/adl/adl-34-cam0-rgb.npz,8,37,0,42,4,0.001194985,0.998492956161499,0
adl-34-cam0-rgb,data/keypoints/adl/adl-34-cam0-rgb.npz,9,38,0,42,4,0.0013607427,0.998492956161499,0
adl-34-cam0-rgb,data/keypoints/adl/adl-34-cam0-rgb.npz,10,39,0,42,4,0.001567574,0.998492956161499,0
adl-34-cam0-rgb,data/keypoints/adl/adl-34-cam0-rgb.npz,11,40,0,42,4,0.0018425682,0.998492956161499,0
adl-34-cam0-rgb,data/keypoints/adl/adl-34-cam0-rgb.npz,12,41,0,42,4,0.0021807484,0.998492956161499,0
adl-34-cam0-rgb,data/keypoints/adl/adl-34-cam0-rgb.npz,13,42,0,42,4,0.0030210458,0.998492956161499,0
adl-34-cam0-rgb,data/keypoints/adl/adl-34-cam0-rgb.npz,14,43,0,42,4,0.0040381523,0.998492956161499,0
adl-34-cam0-rgb,data/keypoints/adl/adl-34-cam0-rgb.npz,15,44,0,42,4,0.0056737936,0.998492956161499,0
adl-34-cam0-rgb,data/keypoints/adl/adl-34-cam0-rgb.npz,16,45,0,42,4,0.008334193,0.998492956161499,0
adl-34-cam0-rgb,data/keypoints/adl/adl-34-cam0-rgb.npz,17,46,0,42,4,0.012638997,0.998492956161499,0
adl-34-cam0-rgb,data/keypoints/adl/adl-34-cam0-rgb.npz,18,47,0,42,4,0.02012389,0.998492956161499,0
adl-34-cam0-rgb,data/keypoints/adl/adl-34-cam0-rgb.npz,19,48,0,42,4,0.03245702,0.998492956161499,0
adl-34-cam0-rgb,data/keypoints/adl/adl-34-cam0-rgb.npz,20,49,0,42,4,0.05490838,0.998492956161499,0
adl-34-cam0-rgb,data/keypoints/adl/adl-34-cam0-rgb.npz,21,50,0,42,4,0.09343929,0.998492956161499,0
adl-34-cam0-rgb,data/keypoints/adl/adl-34-cam0-rgb.npz,22,51,0,42,4,0.13458136,0.998492956161499,0
adl-34-cam0-rgb,data/keypoints/adl/adl-34-cam0-rgb.npz,23,52,0,42,4,0.20256607,0.998492956161499,0
adl-34-cam0-rgb,data/keypoints/adl/adl-34-cam0-rgb.npz,24,53,0,42,4,0.2806646,0.998492956161499,0
adl-34-cam0-rgb,data/keypoints/adl/adl-34-cam0-rgb.npz,25,54,0,42,4,0.37240073,0.998492956161499,0
adl-34-cam0-rgb,data/keypoints/adl/adl-34-cam0-rgb.npz,26,55,0,42,4,0.47046685,0.998492956161499,0
adl-34-cam0-rgb,data/keypoints/adl/adl-34-cam0-rgb.npz,27,56,0,42,4,0.55524725,0.998492956161499,0
adl-34-cam0-rgb,data/keypoints/adl/adl-34-cam0-rgb.npz,28,57,0,42,4,0.632779,0.998492956161499,0
adl-34-cam0-rgb,data/keypoints/adl/adl-34-cam0-rgb.npz,29,58,0,42,4,0.0019790337,0.998492956161499,0
adl-34-cam0-rgb,data/keypoints/adl/adl-34-cam0-rgb.npz,30,59,0,42,4,0.0007864873,0.998492956161499,0
adl-34-cam0-rgb,data/keypoints/adl/adl-34-cam0-rgb.npz,31,60,0,42,4,0.0007997654,0.998492956161499,0
adl-34-cam0-rgb,data/keypoints/adl/adl-34-cam0-rgb.npz,32,61,0,42,4,0.0008087665,0.998492956161499,0
adl-34-cam0-rgb,data/keypoints/adl/adl-34-cam0-rgb.npz,33,62,0,42,4,0.0008185582,0.998492956161499,0
adl-34-cam0-rgb,data/keypoints/adl/adl-34-cam0-rgb.npz,34,63,0,42,4,0.0008288836,0.998492956161499,0
adl-34-cam0-rgb,data/keypoints/adl/adl-34-cam0-rgb.npz,35,64,0,42,4,0.00083929,0.998492956161499,0
adl-34-cam0-rgb,data/keypoints/adl/adl-34-cam0-rgb.npz,36,65,0,42,4,0.0008495726,0.998492956161499,0
adl-34-cam0-rgb,data/keypoints/adl/adl-34-cam0-rgb.npz,37,66,0,42,4,0.0008584179,0.998492956161499,0
adl-34-cam0-rgb,data/keypoints/adl/adl-34-cam0-rgb.npz,38,67,0,42,4,0.000866997,0.998492956161499,0
adl-34-cam0-rgb,data/keypoints/adl/adl-34-cam0-rgb.npz,39,68,0,42,4,0.00087609736,0.998492956161499,0
adl-34-cam0-rgb,data/keypoints/adl/adl-34-cam0-rgb.npz,40,69,0,42,4,0.00089447544,0.998492956161499,0
adl-34-cam0-rgb,data/keypoints/adl/adl-34-cam0-rgb.npz,41,70,0,42,4,0.0008973017,0.998492956161499,0
adl-34-cam0-rgb,data/keypoints/adl/adl-34-cam0-rgb.npz,42,71,0,42,4,0.00090002886,0.998492956161499,0
adl-34-cam0-rgb,data/keypoints/adl/adl-34-cam0-rgb.npz,43,72,0,42,4,0.0008969209,0.998492956161499,0
adl-34-cam0-rgb,data/keypoints/adl/adl-34-cam0-rgb.npz,44,73,0,42,4,0.00089850463,0.998492956161499,0
adl-34-cam0-rgb,data/keypoints/adl/adl-34-cam0-rgb.npz,45,74,0,42,4,0.00089970056,0.998492956161499,0
adl-34-cam0-rgb,data/keypoints/adl/adl-34-cam0-rgb.npz,46,75,0,42,4,0.00090069295,0.998492956161499,0
adl-34-cam0-rgb,data/keypoints/adl/adl-34-cam0-rgb.npz,47,76,0,42,4,0.0008997571,0.998492956161499,0
adl-34-cam0-rgb,data/keypoints/adl/adl-34-cam0-rgb.npz,48,77,0,42,4,0.00089803303,0.998492956161499,0
adl-34-cam0-rgb,data/keypoints/adl/adl-34-cam0-rgb.npz,49,78,0,42,4,0.00089641777,0.998492956161499,0
adl-34-cam0-rgb,data/keypoints/adl/adl-34-cam0-rgb.npz,50,79,0,42,4,0.0008937657,0.998492956161499,0
adl-34-cam0-rgb,data/keypoints/adl/adl-34-cam0-rgb.npz,51,80,0,42,4,0.0008904609,0.998492956161499,0
adl-34-cam0-rgb,data/keypoints/adl/adl-34-cam0-rgb.npz,52,81,0,42,4,0.0008898354,0.998492956161499,0
adl-34-cam0-rgb,data/keypoints/adl/adl-34-cam0-rgb.npz,53,82,0,42,4,0.00088787894,0.998492956161499,0
adl-34-cam0-rgb,data/keypoints/adl/adl-34-cam0-rgb.npz,54,83,0,42,4,0.00088574074,0.998492956161499,0
adl-34-cam0-rgb,data/keypoints/adl/adl-34-cam0-rgb.npz,55,84,0,42,4,0.00088356854,0.998492956161499,0
adl-34-cam0-rgb,data/keypoints/adl/adl-34-cam0-rgb.npz,56,85,0,42,4,0.0008810263,0.998492956161499,0
adl-34-cam0-rgb,data/keypoints/adl/adl-34-cam0-rgb.npz,57,86,0,42,4,0.00087719905,0.998492956161499,0
adl-34-cam0-rgb,data/keypoints/adl/adl-34-cam0-rgb.npz,58,87,0,42,4,0.00087424566,0.998492956161499,0
adl-34-cam0-rgb,data/keypoints/adl/adl-34-cam0-rgb.npz,59,88,0,42,4,0.0008708664,0.998492956161499,0
adl-34-cam0-rgb,data/keypoints/adl/adl-34-cam0-rgb.npz,60,89,0,42,4,0.00086837885,0.998492956161499,0
adl-34-cam0-rgb,data/keypoints/adl/adl-34-cam0-rgb.npz,61,90,0,42,4,0.0008662728,0.998492956161499,0
adl-34-cam0-rgb,data/keypoints/adl/adl-34-cam0-rgb.npz,62,91,0,42,4,0.0008622536,0.998492956161499,0
adl-34-cam0-rgb,data/keypoints/adl/adl-34-cam0-rgb.npz,63,92,0,42,4,0.0008251796,0.998492956161499,0
adl-34-cam0-rgb,data/keypoints/adl/adl-34-cam0-rgb.npz,64,93,0,42,4,0.0007156473,0.998492956161499,0
adl-34-cam0-rgb,data/keypoints/adl/adl-34-cam0-rgb.npz,65,94,0,42,4,0.00071292615,0.998492956161499,0
adl-34-cam0-rgb,data/keypoints/adl/adl-34-cam0-rgb.npz,66,95,0,42,4,0.0044091837,0.998492956161499,0
adl-34-cam0-rgb,data/keypoints/adl/adl-34-cam0-rgb.npz,67,96,0,42,4,0.0040447647,0.998492956161499,0
adl-34-cam0-rgb,data/keypoints/adl/adl-34-cam0-rgb.npz,68,97,0,42,4,0.00390756,0.998492956161499,0
adl-34-cam0-rgb,data/keypoints/adl/adl-34-cam0-rgb.npz,69,98,0,42,4,0.0037052175,0.998492956161499,0
adl-34-cam0-rgb,data/keypoints/adl/adl-34-cam0-rgb.npz,70,99,0,42,4,0.003680724,0.998492956161499,0
adl-34-cam0-rgb,data/keypoints/adl/adl-34-cam0-rgb.npz,71,100,0,42,4,0.003634263,0.998492956161499,0
adl-34-cam0-rgb,data/keypoints/adl/adl-34-cam0-rgb.npz,72,101,0,42,4,0.004024683,0.998492956161499,0
adl-34-cam0-rgb,data/keypoints/adl/adl-34-cam0-rgb.npz,73,102,0,42,4,0.0043005478,0.998492956161499,0
adl-34-cam0-rgb,data/keypoints/adl/adl-34-cam0-rgb.npz,74,103,0,42,4,0.0046246806,0.998492956161499,0
adl-34-cam0-rgb,data/keypoints/adl/adl-34-cam0-rgb.npz,75,104,0,42,4,0.0047897203,0.998492956161499,0
adl-34-cam0-rgb,data/keypoints/adl/adl-34-cam0-rgb.npz,76,105,0,42,4,0.0049781865,0.998492956161499,0
adl-34-cam0-rgb,data/keypoints/adl/adl-34-cam0-rgb.npz,77,106,0,42,4,0.0052417205,0.998492956161499,0
adl-34-cam0-rgb,data/keypoints/adl/adl-34-cam0-rgb.npz,78,107,0,42,4,0.0054990575,0.998492956161499,0
adl-34-cam0-rgb,data/keypoints/adl/adl-34-cam0-rgb.npz,79,108,0,42,4,0.0057790983,0.998492956161499,0
adl-34-cam0-rgb,data/keypoints/adl/adl-34-cam0-rgb.npz,80,109,0,42,4,0.0060912883,0.998492956161499,0
adl-34-cam0-rgb,data/keypoints/adl/adl-34-cam0-rgb.npz,81,110,0,42,4,0.006372384,0.998492956161499,0
adl-34-cam0-rgb,data/keypoints/adl/adl-34-cam0-rgb.npz,82,111,0,42,4,0.006721723,0.998492956161499,0
adl-34-cam0-rgb,data/keypoints/adl/adl-34-cam0-rgb.npz,83,112,0,42,4,0.009527902,0.998492956161499,0
adl-34-cam0-rgb,data/keypoints/adl/adl-34-cam0-rgb.npz,84,113,0,42,4,0.010869796,0.998492956161499,0
adl-34-cam0-rgb,data/keypoints/adl/adl-34-cam0-rgb.npz,85,114,0,42,4,0.012581685,0.998492956161499,0
adl-34-cam0-rgb,data/keypoints/adl/adl-34-cam0-rgb.npz,86,115,0,42,4,0.013784659,0.998492956161499,0
adl-34-cam0-rgb,data/keypoints/adl/adl-34-cam0-rgb.npz,87,116,0,42,4,0.015622428,0.998492956161499,0
adl-34-cam0-rgb,data/keypoints/adl/adl-34-cam0-rgb.npz,88,117,0,42,4,0.01783074,0.998492956161499,0
adl-34-cam0-rgb,data/keypoints/adl/adl-34-cam0-rgb.npz,89,118,0,42,4,0.8622222,0.998492956161499,0
adl-34-cam0-rgb,data/keypoints/adl/adl-34-cam0-rgb.npz,90,119,0,42,4,0.88547254,0.998492956161499,0
adl-34-cam0-rgb,data/keypoints/adl/adl-34-cam0-rgb.npz,91,120,0,42,4,0.91864073,0.998492956161499,0
adl-34-cam0-rgb,data/keypoints/adl/adl-34-cam0-rgb.npz,92,121,0,42,4,0.93580204,0.998492956161499,0
adl-34-cam0-rgb,data/keypoints/adl/adl-34-cam0-rgb.npz,93,122,0,42,4,0.94958204,0.998492956161499,0
adl-34-cam0-rgb,data/keypoints/adl/adl-34-cam0-rgb.npz,94,123,0,42,4,0.9604075,0.998492956161499,0
adl-34-cam0-rgb,data/keypoints/adl/adl-34-cam0-rgb.npz,95,124,0,42,4,0.9682262,0.998492956161499,0
adl-34-cam0-rgb,data/keypoints/adl/adl-34-cam0-rgb.npz,96,125,0,42,4,0.98679024,0.998492956161499,0
adl-34-cam0-rgb,data/keypoints/adl/adl-34-cam0-rgb.npz,97,126,0,42,4,0.98685735,0.998492956161499,0
adl-34-cam0-rgb,data/keypoints/adl/adl-34-cam0-rgb.npz,98,127,0,42,4,0.98782754,0.998492956161499,0
adl-34-cam0-rgb,data/keypoints/adl/adl-34-cam0-rgb.npz,99,128,0,42,4,0.9871466,0.998492956161499,0
adl-34-cam0-rgb,data/keypoints/adl/adl-34-cam0-rgb.npz,100,129,0,42,4,0.98621213,0.998492956161499,0
adl-34-cam0-rgb,data/keypoints/adl/adl-34-cam0-rgb.npz,101,130,0,42,4,0.9837901,0.998492956161499,0
adl-34-cam0-rgb,data/keypoints/adl/adl-34-cam0-rgb.npz,102,131,0,42,4,0.9819202,0.998492956161499,0
adl-34-cam0-rgb,data/keypoints/adl/adl-34-cam0-rgb.npz,103,132,0,42,4,0.9791048,0.998492956161499,0
adl-34-cam0-rgb,data/keypoints/adl/adl-34-cam0-rgb.npz,104,133,0,42,4,0.97565776,0.998492956161499,0
adl-34-cam0-rgb,data/keypoints/adl/adl-34-cam0-rgb.npz,105,134,0,42,4,0.97462463,0.998492956161499,0
adl-34-cam0-rgb,data/keypoints/adl/adl-34-cam0-rgb.npz,106,135,0,42,4,0.97766113,0.998492956161499,0
adl-34-cam0-rgb,data/keypoints/adl/adl-34-cam0-rgb.npz,107,136,0,42,4,0.9725146,0.998492956161499,0
adl-34-cam0-rgb,data/keypoints/adl/adl-34-cam0-rgb.npz,108,137,0,42,4,0.96519977,0.998492956161499,0
adl-34-cam0-rgb,data/keypoints/adl/adl-34-cam0-rgb.npz,109,138,0,42,4,0.9553144,0.998492956161499,0
adl-34-cam0-rgb,data/keypoints/adl/adl-34-cam0-rgb.npz,110,139,0,42,4,0.9430166,0.998492956161499,0
adl-34-cam0-rgb,data/keypoints/adl/adl-34-cam0-rgb.npz,111,140,0,42,4,0.9341878,0.998492956161499,0
adl-34-cam0-rgb,data/keypoints/adl/adl-34-cam0-rgb.npz,112,141,0,42,4,0.9121801,0.998492956161499,0
adl-34-cam0-rgb,data/keypoints/adl/adl-34-cam0-rgb.npz,113,142,0,42,4,0.87891996,0.998492956161499,0
adl-34-cam0-rgb,data/keypoints/adl/adl-34-cam0-rgb.npz,114,143,0,42,4,0.8509466,0.998492956161499,0
adl-34-cam0-rgb,data/keypoints/adl/adl-34-cam0-rgb.npz,115,144,0,42,4,0.8170678,0.998492956161499,0
adl-34-cam0-rgb,data/keypoints/adl/adl-34-cam0-rgb.npz,116,145,0,42,4,0.77194905,0.998492956161499,0
adl-34-cam0-rgb,data/keypoints/adl/adl-34-cam0-rgb.npz,117,146,0,42,4,0.7067428,0.998492956161499,0
adl-34-cam0-rgb,data/keypoints/adl/adl-34-cam0-rgb.npz,118,147,0,42,4,0.6285073,0.998492956161499,0
adl-34-cam0-rgb,data/keypoints/adl/adl-34-cam0-rgb.npz,119,148,0,42,4,0.0008995497,0.998492956161499,0
adl-34-cam0-rgb,data/keypoints/adl/adl-34-cam0-rgb.npz,120,149,0,42,4,0.0008957197,0.998492956161499,0
adl-34-cam0-rgb,data/keypoints/adl/adl-34-cam0-rgb.npz,121,150,0,42,4,0.00084975804,0.998492956161499,0
adl-34-cam0-rgb,data/keypoints/adl/adl-34-cam0-rgb.npz,122,151,0,42,4,0.00084700994,0.998492956161499,0
adl-34-cam0-rgb,data/keypoints/adl/adl-34-cam0-rgb.npz,123,152,0,42,4,0.0008433368,0.998492956161499,0
adl-34-cam0-rgb,data/keypoints/adl/adl-34-cam0-rgb.npz,124,153,0,42,4,0.0008447692,0.998492956161499,0
adl-34-cam0-rgb,data/keypoints/adl/adl-34-cam0-rgb.npz,125,154,0,42,4,0.0009933558,0.998492956161499,0
adl-34-cam0-rgb,data/keypoints/adl/adl-34-cam0-rgb.npz,126,155,0,42,4,0.0010002423,0.998492956161499,0
adl-34-cam0-rgb,data/keypoints/adl/adl-34-cam0-rgb.npz,127,156,0,42,4,0.0010068389,0.998492956161499,0
adl-34-cam0-rgb,data/keypoints/adl/adl-34-cam0-rgb.npz,128,157,0,42,4,0.0010140685,0.998492956161499,0
adl-34-cam0-rgb,data/keypoints/adl/adl-34-cam0-rgb.npz,129,158,0,42,4,0.001021332,0.998492956161499,0
adl-34-cam0-rgb,data/keypoints/adl/adl-34-cam0-rgb.npz,130,159,0,42,4,0.0010311479,0.998492956161499,0
adl-34-cam0-rgb,data/keypoints/adl/adl-34-cam0-rgb.npz,131,160,0,42,4,0.0010402402,0.998492956161499,0
adl-34-cam0-rgb,data/keypoints/adl/adl-34-cam0-rgb.npz,132,161,0,42,4,0.0010487174,0.998492956161499,0
adl-34-cam0-rgb,data/keypoints/adl/adl-34-cam0-rgb.npz,133,162,0,42,4,0.0010570724,0.998492956161499,0
adl-34-cam0-rgb,data/keypoints/adl/adl-34-cam0-rgb.npz,134,163,0,42,4,0.0010657863,0.998492956161499,0
adl-34-cam0-rgb,data/keypoints/adl/adl-34-cam0-rgb.npz,135,164,0,42,4,0.0010748402,0.998492956161499,0
adl-34-cam0-rgb,data/keypoints/adl/adl-34-cam0-rgb.npz,136,165,0,42,4,0.001084605,0.998492956161499,0
adl-34-cam0-rgb,data/keypoints/adl/adl-34-cam0-rgb.npz,137,166,0,42,4,0.0010968006,0.998492956161499,0
adl-34-cam0-rgb,data/keypoints/adl/adl-34-cam0-rgb.npz,138,167,0,42,4,0.0011074027,0.998492956161499,0
adl-34-cam0-rgb,data/keypoints/adl/adl-34-cam0-rgb.npz,139,168,0,42,4,0.0011179934,0.998492956161499,0
adl-34-cam0-rgb,data/keypoints/adl/adl-34-cam0-rgb.npz,140,169,0,42,4,0.0011298993,0.998492956161499,0
adl-34-cam0-rgb,data/keypoints/adl/adl-34-cam0-rgb.npz,141,170,0,42,4,0.0011386859,0.998492956161499,0
adl-34-cam0-rgb,data/keypoints/adl/adl-34-cam0-rgb.npz,142,171,0,42,4,0.0011557235,0.998492956161499,0
adl-34-cam0-rgb,data/keypoints/adl/adl-34-cam0-rgb.npz,143,172,0,42,4,0.0011739095,0.998492956161499,0
adl-34-cam0-rgb,data/keypoints/adl/adl-34-cam0-rgb.npz,144,173,0,42,4,0.0011918964,0.998492956161499,0
adl-34-cam0-rgb,data/keypoints/adl/adl-34-cam0-rgb.npz,145,174,0,42,4,0.0012102626,0.998492956161499,0
adl-34-cam0-rgb,data/keypoints/adl/adl-34-cam0-rgb.npz,146,175,0,42,4,0.0012598839,0.998492956161499,0
adl-34-cam0-rgb,data/keypoints/adl/adl-34-cam0-rgb.npz,147,176,0,42,4,0.001270844,0.998492956161499,0
adl-34-cam0-rgb,data/keypoints/adl/adl-34-cam0-rgb.npz,148,177,0,42,4,0.0012773655,0.998492956161499,0
adl-34-cam0-rgb,data/keypoints/adl/adl-34-cam0-rgb.npz,149,178,0,42,4,0.0012820679,0.998492956161499,0
adl-34-cam0-rgb,data/keypoints/adl/adl-34-cam0-rgb.npz,150,179,0,42,4,0.0013786198,0.998492956161499,0
adl-34-cam0-rgb,data/keypoints/adl/adl-34-cam0-rgb.npz,151,180,0,42,4,0.0013937524,0.998492956161499,0
adl-34-cam0-rgb,data/keypoints/adl/adl-34-cam0-rgb.npz,152,181,0,42,4,0.0014101752,0.998492956161499,0
adl-34-cam0-rgb,data/keypoints/adl/adl-34-cam0-rgb.npz,153,182,0,42,4,0.0014254873,0.998492956161499,0
adl-34-cam0-rgb,data/keypoints/adl/adl-34-cam0-rgb.npz,154,183,0,42,4,0.0014347209,0.998492956161499,0
adl-34-cam0-rgb,data/keypoints/adl/adl-34-cam0-rgb.npz,155,184,0,42,4,0.0010617337,0.998492956161499,0
adl-34-cam0-rgb,data/keypoints/adl/adl-34-cam0-rgb.npz,156,185,0,42,4,0.0010598131,0.998492956161499,0
adl-34-cam0-rgb,data/keypoints/adl/adl-34-cam0-rgb.npz,157,186,0,42,4,0.0010564362,0.998492956161499,0
adl-34-cam0-rgb,data/keypoints/adl/adl-34-cam0-rgb.npz,158,187,0,42,4,0.0010525304,0.998492956161499,0
adl-34-cam0-rgb,data/keypoints/adl/adl-34-cam0-rgb.npz,159,188,0,42,4,0.0010507331,0.998492956161499,0
adl-34-cam0-rgb,data/keypoints/adl/adl-34-cam0-rgb.npz,160,189,0,42,4,0.0010485722,0.998492956161499,0
adl-34-cam0-rgb,data/keypoints/adl/adl-34-cam0-rgb.npz,161,190,0,42,4,0.0010467817,0.998492956161499,0
adl-34-cam0-rgb,data/keypoints/adl/adl-34-cam0-rgb.npz,162,191,0,42,4,0.0010448238,0.998492956161499,0
adl-40-cam0-rgb,data/keypoints/adl/adl-40-cam0-rgb.npz,37,66,0,42,4,0.0021422429,0.998492956161499,0
adl-40-cam0-rgb,data/keypoints/adl/adl-40-cam0-rgb.npz,38,67,0,42,4,0.0021422429,0.998492956161499,0
adl-40-cam0-rgb,data/keypoints/adl/adl-40-cam0-rgb.npz,39,68,0,42,4,0.0021422429,0.998492956161499,0
adl-40-cam0-rgb,data/keypoints/adl/adl-40-cam0-rgb.npz,40,69,0,42,4,0.0021422429,0.998492956161499,0
adl-40-cam0-rgb,data/keypoints/adl/adl-40-cam0-rgb.npz,41,70,0,42,4,0.0021422429,0.998492956161499,0
adl-40-cam0-rgb,data/keypoints/adl/adl-40-cam0-rgb.npz,42,71,0,42,4,0.0021422429,0.998492956161499,0
adl-40-cam0-rgb,data/keypoints/adl/adl-40-cam0-rgb.npz,43,72,0,42,4,0.0021422429,0.998492956161499,0
adl-40-cam0-rgb,data/keypoints/adl/adl-40-cam0-rgb.npz,44,73,0,42,4,0.0021422429,0.998492956161499,0
adl-40-cam0-rgb,data/keypoints/adl/adl-40-cam0-rgb.npz,45,74,0,42,4,0.0021422429,0.998492956161499,0
adl-40-cam0-rgb,data/keypoints/adl/adl-40-cam0-rgb.npz,46,75,0,42,4,0.0021422429,0.998492956161499,0
adl-40-cam0-rgb,data/keypoints/adl/adl-40-cam0-rgb.npz,47,76,0,42,4,0.0021422429,0.998492956161499,0
adl-40-cam0-rgb,data/keypoints/adl/adl-40-cam0-rgb.npz,48,77,0,42,4,0.0021422429,0.998492956161499,0
adl-40-cam0-rgb,data/keypoints/adl/adl-40-cam0-rgb.npz,49,78,0,42,4,0.0020636055,0.998492956161499,0
adl-40-cam0-rgb,data/keypoints/adl/adl-40-cam0-rgb.npz,50,79,0,42,4,0.0013760817,0.998492956161499,0
adl-40-cam0-rgb,data/keypoints/adl/adl-40-cam0-rgb.npz,51,80,0,42,4,0.0013665349,0.998492956161499,0
adl-40-cam0-rgb,data/keypoints/adl/adl-40-cam0-rgb.npz,52,81,0,42,4,0.0013570609,0.998492956161499,0
adl-40-cam0-rgb,data/keypoints/adl/adl-40-cam0-rgb.npz,53,82,0,42,4,0.0013435353,0.998492956161499,0
adl-40-cam0-rgb,data/keypoints/adl/adl-40-cam0-rgb.npz,54,83,0,42,4,0.0013299804,0.998492956161499,0
adl-40-cam0-rgb,data/keypoints/adl/adl-40-cam0-rgb.npz,55,84,0,42,4,0.0013270538,0.998492956161499,0
adl-40-cam0-rgb,data/keypoints/adl/adl-40-cam0-rgb.npz,56,85,0,42,4,0.0013206613,0.998492956161499,0
adl-40-cam0-rgb,data/keypoints/adl/adl-40-cam0-rgb.npz,57,86,0,42,4,0.0013141838,0.998492956161499,0
adl-40-cam0-rgb,data/keypoints/adl/adl-40-cam0-rgb.npz,58,87,0,42,4,0.0013078165,0.998492956161499,0
adl-40-cam0-rgb,data/keypoints/adl/adl-40-cam0-rgb.npz,59,88,0,42,4,0.001301351,0.998492956161499,0
adl-40-cam0-rgb,data/keypoints/adl/adl-40-cam0-rgb.npz,60,89,0,42,4,0.0012950752,0.998492956161499,0
adl-40-cam0-rgb,data/keypoints/adl/adl-40-cam0-rgb.npz,61,90,0,42,4,0.0012887586,0.998492956161499,0
adl-40-cam0-rgb,data/keypoints/adl/adl-40-cam0-rgb.npz,62,91,0,42,4,0.0009512804,0.998492956161499,0
adl-40-cam0-rgb,data/keypoints/adl/adl-40-cam0-rgb.npz,63,92,0,42,4,0.0009436575,0.998492956161499,0
adl-40-cam0-rgb,data/keypoints/adl/adl-40-cam0-rgb.npz,64,93,0,42,4,0.0009361276,0.998492956161499,0
adl-40-cam0-rgb,data/keypoints/adl/adl-40-cam0-rgb.npz,65,94,0,42,4,0.00092881,0.998492956161499,0
adl-40-cam0-rgb,data/keypoints/adl/adl-40-cam0-rgb.npz,66,95,0,42,4,0.00056559476,0.998492956161499,0
adl-40-cam0-rgb,data/keypoints/adl/adl-40-cam0-rgb.npz,67,96,0,42,4,0.0005472098,0.998492956161499,0
adl-40-cam0-rgb,data/keypoints/adl/adl-40-cam0-rgb.npz,68,97,0,42,4,0.0005461817,0.998492956161499,0
adl-40-cam0-rgb,data/keypoints/adl/adl-40-cam0-rgb.npz,69,98,0,42,4,0.0005451795,0.998492956161499,0
adl-40-cam0-rgb,data/keypoints/adl/adl-40-cam0-rgb.npz,70,99,0,42,4,0.0005441567,0.998492956161499,0
adl-40-cam0-rgb,data/keypoints/adl/adl-40-cam0-rgb.npz,71,100,0,42,4,0.00054308336,0.998492956161499,0
adl-40-cam0-rgb,data/keypoints/adl/adl-40-cam0-rgb.npz,72,101,0,42,4,0.0005415551,0.998492956161499,0
adl-40-cam0-rgb,data/keypoints/adl/adl-40-cam0-rgb.npz,73,102,0,42,4,0.0005406263,0.998492956161499,0
adl-40-cam0-rgb,data/keypoints/adl/adl-40-cam0-rgb.npz,74,103,0,42,4,0.00053968147,0.998492956161499,0
adl-40-cam0-rgb,data/keypoints/adl/adl-40-cam0-rgb.npz,75,104,0,42,4,0.00053875917,0.998492956161499,0
adl-40-cam0-rgb,data/keypoints/adl/adl-40-cam0-rgb.npz,76,105,0,42,4,0.00053784694,0.998492956161499,0
adl-40-cam0-rgb,data/keypoints/adl/adl-40-cam0-rgb.npz,77,106,0,42,4,0.0005369137,0.998492956161499,0
adl-40-cam0-rgb,data/keypoints/adl/adl-40-cam0-rgb.npz,78,107,0,42,4,0.00053772645,0.998492956161499,0
adl-40-cam0-rgb,data/keypoints/adl/adl-40-cam0-rgb.npz,79,108,0,42,4,0.0005371954,0.998492956161499,0
adl-40-cam0-rgb,data/keypoints/adl/adl-40-cam0-rgb.npz,80,109,0,42,4,0.00054498675,0.998492956161499,0
adl-40-cam0-rgb,data/keypoints/adl/adl-40-cam0-rgb.npz,81,110,0,42,4,0.0005898395,0.998492956161499,0
adl-40-cam0-rgb,data/keypoints/adl/adl-40-cam0-rgb.npz,82,111,0,42,4,0.0005889458,0.998492956161499,0
adl-40-cam0-rgb,data/keypoints/adl/adl-40-cam0-rgb.npz,83,112,0,42,4,0.0005550838,0.998492956161499,0
adl-40-cam0-rgb,data/keypoints/adl/adl-40-cam0-rgb.npz,84,113,0,42,4,0.000553783,0.998492956161499,0
adl-40-cam0-rgb,data/keypoints/adl/adl-40-cam0-rgb.npz,85,114,0,42,4,0.0005493773,0.998492956161499,0
adl-40-cam0-rgb,data/keypoints/adl/adl-40-cam0-rgb.npz,86,115,0,42,4,0.00055076217,0.998492956161499,0
adl-40-cam0-rgb,data/keypoints/adl/adl-40-cam0-rgb.npz,87,116,0,42,4,0.0005300503,0.998492956161499,0
adl-40-cam0-rgb,data/keypoints/adl/adl-40-cam0-rgb.npz,88,117,0,42,4,0.0005300518,0.998492956161499,0
adl-40-cam0-rgb,data/keypoints/adl/adl-40-cam0-rgb.npz,89,118,0,42,4,0.00052999327,0.998492956161499,0
adl-40-cam0-rgb,data/keypoints/adl/adl-40-cam0-rgb.npz,90,119,0,42,4,0.0004916986,0.998492956161499,0
adl-40-cam0-rgb,data/keypoints/adl/adl-40-cam0-rgb.npz,91,120,0,42,4,0.00049146224,0.998492956161499,0
adl-40-cam0-rgb,data/keypoints/adl/adl-40-cam0-rgb.npz,92,121,0,42,4,0.00048940635,0.998492956161499,0
adl-40-cam0-rgb,data/keypoints/adl/adl-40-cam0-rgb.npz,93,122,0,42,4,0.0004900045,0.998492956161499,0
adl-40-cam0-rgb,data/keypoints/adl/adl-40-cam0-rgb.npz,94,123,0,42,4,0.0004902121,0.998492956161499,0
adl-40-cam0-rgb,data/keypoints/adl/adl-40-cam0-rgb.npz,95,124,0,42,4,0.00049038057,0.998492956161499,0
adl-40-cam0-rgb,data/keypoints/adl/adl-40-cam0-rgb.npz,96,125,0,42,4,0.00049069064,0.998492956161499,0
adl-40-cam0-rgb,data/keypoints/adl/adl-40-cam0-rgb.npz,97,126,0,42,4,0.00049028546,0.998492956161499,0
adl-40-cam0-rgb,data/keypoints/adl/adl-40-cam0-rgb.npz,98,127,0,42,4,0.0004894931,0.998492956161499,0
adl-40-cam0-rgb,data/keypoints/adl/adl-40-cam0-rgb.npz,99,128,0,42,4,0.0004893977,0.998492956161499,0
adl-40-cam0-rgb,data/keypoints/adl/adl-40-cam0-rgb.npz,100,129,0,42,4,0.0004892379,0.998492956161499,0
adl-40-cam0-rgb,data/keypoints/adl/adl-40-cam0-rgb.npz,101,130,0,42,4,0.00048909563,0.998492956161499,0
adl-40-cam0-rgb,data/keypoints/adl/adl-40-cam0-rgb.npz,102,131,0,42,4,0.00054283754,0.998492956161499,0
adl-40-cam0-rgb,data/keypoints/adl/adl-40-cam0-rgb.npz,103,132,0,42,4,0.00054244726,0.998492956161499,0
adl-40-cam0-rgb,data/keypoints/adl/adl-40-cam0-rgb.npz,104,133,0,42,4,0.0005425471,0.998492956161499,0
adl-40-cam0-rgb,data/keypoints/adl/adl-40-cam0-rgb.npz,105,134,0,42,4,0.0005427747,0.998492956161499,0
adl-40-cam0-rgb,data/keypoints/adl/adl-40-cam0-rgb.npz,106,135,0,42,4,0.00054319494,0.998492956161499,0
adl-40-cam0-rgb,data/keypoints/adl/adl-40-cam0-rgb.npz,107,136,0,42,4,0.00054361136,0.998492956161499,0
adl-40-cam0-rgb,data/keypoints/adl/adl-40-cam0-rgb.npz,108,137,0,42,4,0.00054375746,0.998492956161499,0
adl-40-cam0-rgb,data/keypoints/adl/adl-40-cam0-rgb.npz,109,138,0,42,4,0.00054408045,0.998492956161499,0
adl-40-cam0-rgb,data/keypoints/adl/adl-40-cam0-rgb.npz,110,139,0,42,4,0.00054448616,0.998492956161499,0
adl-40-cam0-rgb,data/keypoints/adl/adl-40-cam0-rgb.npz,111,140,0,42,4,0.0005450086,0.998492956161499,0
adl-40-cam0-rgb,data/keypoints/adl/adl-40-cam0-rgb.npz,112,141,0,42,4,0.00054479344,0.998492956161499,0
adl-40-cam0-rgb,data/keypoints/adl/adl-40-cam0-rgb.npz,113,142,0,42,4,0.0005446066,0.998492956161499,0
adl-40-cam0-rgb,data/keypoints/adl/adl-40-cam0-rgb.npz,114,143,0,42,4,0.00054462324,0.998492956161499,0
adl-40-cam0-rgb,data/keypoints/adl/adl-40-cam0-rgb.npz,115,144,0,42,4,0.0005448735,0.998492956161499,0
adl-40-cam0-rgb,data/keypoints/adl/adl-40-cam0-rgb.npz,116,145,0,42,4,0.0005450417,0.998492956161499,0
adl-40-cam0-rgb,data/keypoints/adl/adl-40-cam0-rgb.npz,117,146,0,42,4,0.00054505107,0.998492956161499,0
adl-40-cam0-rgb,data/keypoints/adl/adl-40-cam0-rgb.npz,118,147,0,42,4,0.0005454893,0.998492956161499,0
adl-40-cam0-rgb,data/keypoints/adl/adl-40-cam0-rgb.npz,119,148,0,42,4,0.00054601044,0.998492956161499,0
adl-40-cam0-rgb,data/keypoints/adl/adl-40-cam0-rgb.npz,120,149,0,42,4,0.00054662337,0.998492956161499,0
adl-40-cam0-rgb,data/keypoints/adl/adl-40-cam0-rgb.npz,121,150,0,42,4,0.0005476769,0.998492956161499,0
adl-40-cam0-rgb,data/keypoints/adl/adl-40-cam0-rgb.npz,122,151,0,42,4,0.0005483366,0.998492956161499,0
adl-40-cam0-rgb,data/keypoints/adl/adl-40-cam0-rgb.npz,123,152,0,42,4,0.00054867164,0.998492956161499,0
adl-40-cam0-rgb,data/keypoints/adl/adl-40-cam0-rgb.npz,124,153,0,42,4,0.0005497684,0.998492956161499,0
adl-40-cam0-rgb,data/keypoints/adl/adl-40-cam0-rgb.npz,125,154,0,42,4,0.000550714,0.998492956161499,0
adl-40-cam0-rgb,data/keypoints/adl/adl-40-cam0-rgb.npz,126,155,0,42,4,0.0005517014,0.998492956161499,0
adl-40-cam0-rgb,data/keypoints/adl/adl-40-cam0-rgb.npz,127,156,0,42,4,0.00055288663,0.998492956161499,0
adl-40-cam0-rgb,data/keypoints/adl/adl-40-cam0-rgb.npz,128,157,0,42,4,0.0005537811,0.998492956161499,0
adl-40-cam0-rgb,data/keypoints/adl/adl-40-cam0-rgb.npz,129,158,0,42,4,0.0005546797,0.998492956161499,0
adl-40-cam0-rgb,data/keypoints/adl/adl-40-cam0-rgb.npz,130,159,0,42,4,0.00055555435,0.998492956161499,0
adl-40-cam0-rgb,data/keypoints/adl/adl-40-cam0-rgb.npz,131,160,0,42,4,0.0005563922,0.998492956161499,0
adl-40-cam0-rgb,data/keypoints/adl/adl-40-cam0-rgb.npz,132,161,0,42,4,0.00055700954,0.998492956161499,0
adl-40-cam0-rgb,data/keypoints/adl/adl-40-cam0-rgb.npz,133,162,0,42,4,0.00055782794,0.998492956161499,0
adl-40-cam0-rgb,data/keypoints/adl/adl-40-cam0-rgb.npz,134,163,0,42,4,0.0005584808,0.998492956161499,0
adl-40-cam0-rgb,data/keypoints/adl/adl-40-cam0-rgb.npz,135,164,0,42,4,0.00055911613,0.998492956161499,0
adl-40-cam0-rgb,data/keypoints/adl/adl-40-cam0-rgb.npz,136,165,0,42,4,0.0005595251,0.998492956161499,0
adl-40-cam0-rgb,data/keypoints/adl/adl-40-cam0-rgb.npz,137,166,0,42,4,0.0005599682,0.998492956161499,0
adl-40-cam0-rgb,data/keypoints/adl/adl-40-cam0-rgb.npz,138,167,0,42,4,0.00056062656,0.998492956161499,0
adl-40-cam0-rgb,data/keypoints/adl/adl-40-cam0-rgb.npz,139,168,0,42,4,0.00056090264,0.998492956161499,0
adl-40-cam0-rgb,data/keypoints/adl/adl-40-cam0-rgb.npz,140,169,0,42,4,0.00056128186,0.998492956161499,0
adl-40-cam0-rgb,data/keypoints/adl/adl-40-cam0-rgb.npz,141,170,0,42,4,0.00056154246,0.998492956161499,0
adl-40-cam0-rgb,data/keypoints/adl/adl-40-cam0-rgb.npz,142,171,0,42,4,0.0005617529,0.998492956161499,0
adl-40-cam0-rgb,data/keypoints/adl/adl-40-cam0-rgb.npz,143,172,0,42,4,0.000561785,0.998492956161499,0
adl-40-cam0-rgb,data/keypoints/adl/adl-40-cam0-rgb.npz,144,173,0,42,4,0.00056179083,0.998492956161499,0
adl-40-cam0-rgb,data/keypoints/adl/adl-40-cam0-rgb.npz,145,174,0,42,4,0.00056171505,0.998492956161499,0
adl-40-cam0-rgb,data/keypoints/adl/adl-40-cam0-rgb.npz,146,175,0,42,4,0.00056152535,0.998492956161499,0
adl-40-cam0-rgb,data/keypoints/adl/adl-40-cam0-rgb.npz,147,176,0,42,4,0.0005613541,0.998492956161499,0
adl-40-cam0-rgb,data/keypoints/adl/adl-40-cam0-rgb.npz,148,177,0,42,4,0.0005609198,0.998492956161499,0
adl-40-cam0-rgb,data/keypoints/adl/adl-40-cam0-rgb.npz,149,178,0,42,4,0.00056056865,0.998492956161499,0
adl-40-cam0-rgb,data/keypoints/adl/adl-40-cam0-rgb.npz,150,179,0,42,4,0.0005603133,0.998492956161499,0
adl-40-cam0-rgb,data/keypoints/adl/adl-40-cam0-rgb.npz,151,180,0,42,4,0.00056004577,0.998492956161499,0
adl-40-cam0-rgb,data/keypoints/adl/adl-40-cam0-rgb.npz,152,181,0,42,4,0.00055984914,0.998492956161499,0
adl-40-cam0-rgb,data/keypoints/adl/adl-40-cam0-rgb.npz,153,182,0,42,4,0.0005595096,0.998492956161499,0
adl-40-cam0-rgb,data/keypoints/adl/adl-40-cam0-rgb.npz,154,183,0,42,4,0.0005591881,0.998492956161499,0
adl-40-cam0-rgb,data/keypoints/adl/adl-40-cam0-rgb.npz,155,184,0,42,4,0.0005586804,0.998492956161499,0
adl-40-cam0-rgb,data/keypoints/adl/adl-40-cam0-rgb.npz,156,185,0,42,4,0.00055802206,0.998492956161499,0
adl-40-cam0-rgb,data/keypoints/adl/adl-40-cam0-rgb.npz,157,186,0,42,4,0.000557202,0.998492956161499,0
adl-40-cam0-rgb,data/keypoints/adl/adl-40-cam0-rgb.npz,158,187,0,42,4,0.0005564165,0.998492956161499,0
adl-40-cam0-rgb,data/keypoints/adl/adl-40-cam0-rgb.npz,159,188,0,42,4,0.0005556385,0.998492956161499,0
adl-40-cam0-rgb,data/keypoints/adl/adl-40-cam0-rgb.npz,160,189,0,42,4,0.0005548021,0.998492956161499,0
adl-40-cam0-rgb,data/keypoints/adl/adl-40-cam0-rgb.npz,161,190,0,42,4,0.0005539538,0.998492956161499,0
adl-40-cam0-rgb,data/keypoints/adl/adl-40-cam0-rgb.npz,162,191,0,42,4,0.0005537012,0.998492956161499,0
adl-40-cam0-rgb,data/keypoints/adl/adl-40-cam0-rgb.npz,163,192,0,42,4,0.0005530674,0.998492956161499,0
adl-40-cam0-rgb,data/keypoints/adl/adl-40-cam0-rgb.npz,164,193,0,42,4,0.00055319344,0.998492956161499,0
adl-40-cam0-rgb,data/keypoints/adl/adl-40-cam0-rgb.npz,165,194,0,42,4,0.0005533743,0.998492956161499,0
adl-40-cam0-rgb,data/keypoints/adl/adl-40-cam0-rgb.npz,166,195,0,42,4,0.0005539099,0.998492956161499,0
adl-40-cam0-rgb,data/keypoints/adl/adl-40-cam0-rgb.npz,167,196,0,42,4,0.0005546501,0.998492956161499,0
adl-40-cam0-rgb,data/keypoints/adl/adl-40-cam0-rgb.npz,168,197,0,42,4,0.00055537146,0.998492956161499,0
adl-40-cam0-rgb,data/keypoints/adl/adl-40-cam0-rgb.npz,169,198,0,42,4,0.0005565316,0.998492956161499,0
adl-40-cam0-rgb,data/keypoints/adl/adl-40-cam0-rgb.npz,170,199,0,42,4,0.0005578019,0.998492956161499,0
adl-40-cam0-rgb,data/keypoints/adl/adl-40-cam0-rgb.npz,171,200,0,42,4,0.0005595507,0.998492956161499,0
adl-40-cam0-rgb,data/keypoints/adl/adl-40-cam0-rgb.npz,172,201,0,42,4,0.00056150765,0.998492956161499,0
adl-40-cam0-rgb,data/keypoints/adl/adl-40-cam0-rgb.npz,173,202,0,42,4,0.0005640927,0.998492956161499,0
adl-40-cam0-rgb,data/keypoints/adl/adl-40-cam0-rgb.npz,174,203,0,42,4,0.0005670076,0.998492956161499,0
adl-40-cam0-rgb,data/keypoints/adl/adl-40-cam0-rgb.npz,175,204,0,42,4,0.000570304,0.998492956161499,0
adl-40-cam0-rgb,data/keypoints/adl/adl-40-cam0-rgb.npz,176,205,0,42,4,0.00057425443,0.998492956161499,0
adl-40-cam0-rgb,data/keypoints/adl/adl-40-cam0-rgb.npz,177,206,0,42,4,0.0005786408,0.998492956161499,0
adl-40-cam0-rgb,data/keypoints/adl/adl-40-cam0-rgb.npz,178,207,0,42,4,0.0005839732,0.998492956161499,0
adl-40-cam0-rgb,data/keypoints/adl/adl-40-cam0-rgb.npz,179,208,0,42,4,0.0005906831,0.998492956161499,0
adl-40-cam0-rgb,data/keypoints/adl/adl-40-cam0-rgb.npz,180,209,0,42,4,0.00059777225,0.998492956161499,0
adl-40-cam0-rgb,data/keypoints/adl/adl-40-cam0-rgb.npz,181,210,0,42,4,0.0006073342,0.998492956161499,0
adl-40-cam0-rgb,data/keypoints/adl/adl-40-cam0-rgb.npz,182,211,0,42,4,0.00061751076,0.998492956161499,0
adl-40-cam0-rgb,data/keypoints/adl/adl-40-cam0-rgb.npz,183,212,0,42,4,0.000629001,0.998492956161499,0
adl-40-cam0-rgb,data/keypoints/adl/adl-40-cam0-rgb.npz,184,213,0,42,4,0.0006420354,0.998492956161499,0
adl-40-cam0-rgb,data/keypoints/adl/adl-40-cam0-rgb.npz,185,214,0,42,4,0.0006562668,0.998492956161499,0
adl-40-cam0-rgb,data/keypoints/adl/adl-40-cam0-rgb.npz,186,215,0,42,4,0.00067391584,0.998492956161499,0
adl-40-cam0-rgb,data/keypoints/adl/adl-40-cam0-rgb.npz,187,216,0,42,4,0.0006937314,0.998492956161499,0
adl-40-cam0-rgb,data/keypoints/adl/adl-40-cam0-rgb.npz,188,217,0,42,4,0.0007152168,0.998492956161499,0
adl-40-cam0-rgb,data/keypoints/adl/adl-40-cam0-rgb.npz,189,218,0,42,4,0.0007424736,0.998492956161499,0
adl-40-cam0-rgb,data/keypoints/adl/adl-40-cam0-rgb.npz,190,219,0,42,4,0.000769762,0.998492956161499,0
adl-40-cam0-rgb,data/keypoints/adl/adl-40-cam0-rgb.npz,191,220,0,42,4,0.0007992481,0.998492956161499,0
adl-40-cam0-rgb,data/keypoints/adl/adl-40-cam0-rgb.npz,192,221,0,42,4,0.0008286313,0.998492956161499,0
adl-40-cam0-rgb,data/keypoints/adl/adl-40-cam0-rgb.npz,193,222,0,42,4,0.00086184574,0.998492956161499,0
adl-40-cam0-rgb,data/keypoints/adl/adl-40-cam0-rgb.npz,194,223,0,42,4,0.00089629175,0.998492956161499,0
adl-40-cam0-rgb,data/keypoints/adl/adl-40-cam0-rgb.npz,195,224,0,42,4,0.0009339084,0.998492956161499,0
adl-40-cam0-rgb,data/keypoints/adl/adl-40-cam0-rgb.npz,196,225,0,42,4,0.00097321684,0.998492956161499,0
adl-40-cam0-rgb,data/keypoints/adl/adl-40-cam0-rgb.npz,197,226,0,42,4,0.0010166353,0.998492956161499,0
adl-40-cam0-rgb,data/keypoints/adl/adl-40-cam0-rgb.npz,198,227,0,42,4,0.0010600302,0.998492956161499,0
adl-40-cam0-rgb,data/keypoints/adl/adl-40-cam0-rgb.npz,199,228,0,42,4,0.001107658,0.998492956161499,0
adl-40-cam0-rgb,data/keypoints/adl/adl-40-cam0-rgb.npz,200,229,0,42,4,0.0011570278,0.998492956161499,0
adl-40-cam0-rgb,data/keypoints/adl/adl-40-cam0-rgb.npz,201,230,0,42,4,0.0012089844,0.998492956161499,0
adl-40-cam0-rgb,data/keypoints/adl/adl-40-cam0-rgb.npz,202,231,0,42,4,0.0012603615,0.998492956161499,0
adl-40-cam0-rgb,data/keypoints/adl/adl-40-cam0-rgb.npz,203,232,0,42,4,0.0013011422,0.998492956161499,0
adl-40-cam0-rgb,data/keypoints/adl/adl-40-cam0-rgb.npz,204,233,0,42,4,0.0013563837,0.998492956161499,0
adl-40-cam0-rgb,data/keypoints/adl/adl-40-cam0-rgb.npz,205,234,0,42,4,0.0014122174,0.998492956161499,0
adl-40-cam0-rgb,data/keypoints/adl/adl-40-cam0-rgb.npz,206,235,0,42,4,0.0014680821,0.998492956161499,0
adl-40-cam0-rgb,data/keypoints/adl/adl-40-cam0-rgb.npz,207,236,0,42,4,0.0015360513,0.998492956161499,0
adl-40-cam0-rgb,data/keypoints/adl/adl-40-cam0-rgb.npz,208,237,0,42,4,0.0018865732,0.998492956161499,0
adl-40-cam0-rgb,data/keypoints/adl/adl-40-cam0-rgb.npz,209,238,0,42,4,0.0019462153,0.998492956161499,0
adl-40-cam0-rgb,data/keypoints/adl/adl-40-cam0-rgb.npz,210,239,0,42,4,0.0020121902,0.998492956161499,0
adl-40-cam0-rgb,data/keypoints/adl/adl-40-cam0-rgb.npz,211,240,0,42,4,0.0040112496,0.998492956161499,0
adl-40-cam0-rgb,data/keypoints/adl/adl-40-cam0-rgb.npz,212,241,0,42,4,0.0042175665,0.998492956161499,0
adl-40-cam0-rgb,data/keypoints/adl/adl-40-cam0-rgb.npz,213,242,0,42,4,0.004420147,0.998492956161499,0
adl-40-cam0-rgb,data/keypoints/adl/adl-40-cam0-rgb.npz,214,243,0,42,4,0.007929951,0.998492956161499,0
adl-40-cam0-rgb,data/keypoints/adl/adl-40-cam0-rgb.npz,215,244,0,42,4,0.00836215,0.998492956161499,0
adl-40-cam0-rgb,data/keypoints/adl/adl-40-cam0-rgb.npz,216,245,0,42,4,0.008753141,0.998492956161499,0
adl-40-cam0-rgb,data/keypoints/adl/adl-40-cam0-rgb.npz,217,246,0,42,4,0.009162519,0.998492956161499,0
adl-40-cam0-rgb,data/keypoints/adl/adl-40-cam0-rgb.npz,218,247,0,42,4,0.0034224568,0.998492956161499,0
adl-40-cam0-rgb,data/keypoints/adl/adl-40-cam0-rgb.npz,219,248,0,42,4,0.0037788528,0.998492956161499,0
adl-40-cam0-rgb,data/keypoints/adl/adl-40-cam0-rgb.npz,220,249,0,42,4,0.004177366,0.998492956161499,0
adl-40-cam0-rgb,data/keypoints/adl/adl-40-cam0-rgb.npz,221,250,0,42,4,0.00459735,0.998492956161499,0
adl-40-cam0-rgb,data/keypoints/adl/adl-40-cam0-rgb.npz,222,251,0,42,4,0.005122844,0.998492956161499,0
adl-40-cam0-rgb,data/keypoints/adl/adl-40-cam0-rgb.npz,223,252,0,42,4,0.005049229,0.998492956161499,0
adl-40-cam0-rgb,data/keypoints/adl/adl-40-cam0-rgb.npz,224,253,0,42,4,0.005318019,0.998492956161499,0
adl-40-cam0-rgb,data/keypoints/adl/adl-40-cam0-rgb.npz,225,254,0,42,4,0.005754318,0.998492956161499,0
adl-40-cam0-rgb,data/keypoints/adl/adl-40-cam0-rgb.npz,226,255,0,42,4,0.006227578,0.998492956161499,0
adl-40-cam0-rgb,data/keypoints/adl/adl-40-cam0-rgb.npz,227,256,0,42,4,0.0067737987,0.998492956161499,0
adl-40-cam0-rgb,data/keypoints/adl/adl-40-cam0-rgb.npz,228,257,0,42,4,0.0074464874,0.998492956161499,0
adl-40-cam0-rgb,data/keypoints/adl/adl-40-cam0-rgb.npz,229,258,0,42,4,0.008181292,0.998492956161499,0
adl-40-cam0-rgb,data/keypoints/adl/adl-40-cam0-rgb.npz,230,259,0,42,4,0.009013825,0.998492956161499,0
adl-40-cam0-rgb,data/keypoints/adl/adl-40-cam0-rgb.npz,231,260,0,42,4,0.010112548,0.998492956161499,0
adl-40-cam0-rgb,data/keypoints/adl/adl-40-cam0-rgb.npz,232,261,0,42,4,0.011431064,0.998492956161499,0
adl-40-cam0-rgb,data/keypoints/adl/adl-40-cam0-rgb.npz,233,262,0,42,4,0.013349834,0.998492956161499,0
adl-40-cam0-rgb,data/keypoints/adl/adl-40-cam0-rgb.npz,234,263,0,42,4,0.014034196,0.998492956161499,0
adl-40-cam0-rgb,data/keypoints/adl/adl-40-cam0-rgb.npz,235,264,0,42,4,0.01645813,0.998492956161499,0
adl-40-cam0-rgb,data/keypoints/adl/adl-40-cam0-rgb.npz,236,265,0,42,4,0.018929863,0.998492956161499,0
adl-40-cam0-rgb,data/keypoints/adl/adl-40-cam0-rgb.npz,237,266,0,42,4,0.021133507,0.998492956161499,0
adl-40-cam0-rgb,data/keypoints/adl/adl-40-cam0-rgb.npz,238,267,0,42,4,0.022094076,0.998492956161499,0
adl-40-cam0-rgb,data/keypoints/adl/adl-40-cam0-rgb.npz,239,268,0,42,4,0.025329642,0.998492956161499,0
adl-40-cam0-rgb,data/keypoints/adl/adl-40-cam0-rgb.npz,240,269,0,42,4,0.030197814,0.998492956161499,0
adl-40-cam0-rgb,data/keypoints/adl/adl-40-cam0-rgb.npz,241,270,0,42,4,0.033779416,0.998492956161499,0
adl-40-cam0-rgb,data/keypoints/adl/adl-40-cam0-rgb.npz,242,271,0,42,4,0.037816264,0.998492956161499,0
adl-40-cam0-rgb,data/keypoints/adl/adl-40-cam0-rgb.npz,243,272,0,42,4,0.045904726,0.998492956161499,0
adl-40-cam0-rgb,data/keypoints/adl/adl-40-cam0-rgb.npz,244,273,0,42,4,0.04828878,0.998492956161499,0
adl-40-cam0-rgb,data/keypoints/adl/adl-40-cam0-rgb.npz,245,274,0,42,4,0.048443597,0.998492956161499,0
adl-40-cam0-rgb,data/keypoints/adl/adl-40-cam0-rgb.npz,246,275,0,42,4,0.051764376,0.998492956161499,0
adl-40-cam0-rgb,data/keypoints/adl/adl-40-cam0-rgb.npz,247,276,0,42,4,0.05530412,0.998492956161499,0
adl-40-cam0-rgb,data/keypoints/adl/adl-40-cam0-rgb.npz,248,277,0,42,4,0.05614719,0.998492956161499,0
adl-40-cam0-rgb,data/keypoints/adl/adl-40-cam0-rgb.npz,249,278,0,42,4,0.06144054,0.998492956161499,0
adl-40-cam0-rgb,data/keypoints/adl/adl-40-cam0-rgb.npz,250,279,0,42,4,0.019743117,0.998492956161499,0
adl-40-cam0-rgb,data/keypoints/adl/adl-40-cam0-rgb.npz,251,280,0,42,4,0.021590102,0.998492956161499,0
adl-40-cam0-rgb,data/keypoints/adl/adl-40-cam0-rgb.npz,252,281,0,42,4,0.023715314,0.998492956161499,0
adl-40-cam0-rgb,data/keypoints/adl/adl-40-cam0-rgb.npz,253,282,0,42,4,0.02610056,0.998492956161499,0
adl-40-cam0-rgb,data/keypoints/adl/adl-40-cam0-rgb.npz,254,283,0,42,4,0.23700061,0.998492956161499,0
adl-40-cam0-rgb,data/keypoints/adl/adl-40-cam0-rgb.npz,255,284,0,42,4,0.24978726,0.998492956161499,0
adl-40-cam0-rgb,data/keypoints/adl/adl-40-cam0-rgb.npz,256,285,0,42,4,0.2653355,0.998492956161499,0
adl-40-cam0-rgb,data/keypoints/adl/adl-40-cam0-rgb.npz,257,286,0,42,4,0.3291927,0.998492956161499,0
adl-40-cam0-rgb,data/keypoints/adl/adl-40-cam0-rgb.npz,258,287,0,42,4,0.3676348,0.998492956161499,0
adl-40-cam0-rgb,data/keypoints/adl/adl-40-cam0-rgb.npz,259,288,0,42,4,0.4067518,0.998492956161499,0
adl-40-cam0-rgb,data/keypoints/adl/adl-40-cam0-rgb.npz,260,289,0,42,4,0.446653,0.998492956161499,0
adl-40-cam0-rgb,data/keypoints/adl/adl-40-cam0-rgb.npz,261,290,0,42,4,0.48852247,0.998492956161499,0
adl-40-cam0-rgb,data/keypoints/adl/adl-40-cam0-rgb.npz,262,291,0,42,4,0.50569636,0.998492956161499,0
adl-40-cam0-rgb,data/keypoints/adl/adl-40-cam0-rgb.npz,263,292,0,42,4,0.5428099,0.998492956161499,0
adl-40-cam0-rgb,data/keypoints/adl/adl-40-cam0-rgb.npz,264,293,0,42,4,0.57378364,0.998492956161499,0
adl-40-cam0-rgb,data/keypoints/adl/adl-40-cam0-rgb.npz,265,294,0,42,4,0.5850328,0.998492956161499,0
adl-40-cam0-rgb,data/keypoints/adl/adl-40-cam0-rgb.npz,266,295,0,42,4,0.61011726,0.998492956161499,0
adl-40-cam0-rgb,data/keypoints/adl/adl-40-cam0-rgb.npz,267,296,0,42,4,0.6277885,0.998492956161499,0
adl-40-cam0-rgb,data/keypoints/adl/adl-40-cam0-rgb.npz,268,297,0,42,4,0.7236746,0.998492956161499,0
adl-40-cam0-rgb,data/keypoints/adl/adl-40-cam0-rgb.npz,269,298,0,42,4,0.72920847,0.998492956161499,0
adl-40-cam0-rgb,data/keypoints/adl/adl-40-cam0-rgb.npz,270,299,0,42,4,0.7230046,0.998492956161499,0
adl-40-cam0-rgb,data/keypoints/adl/adl-40-cam0-rgb.npz,271,300,0,42,4,0.7257354,0.998492956161499,0
adl-40-cam0-rgb,data/keypoints/adl/adl-40-cam0-rgb.npz,272,301,0,42,4,0.7259152,0.998492956161499,0
adl-40-cam0-rgb,data/keypoints/adl/adl-40-cam0-rgb.npz,273,302,0,42,4,0.7283015,0.998492956161499,0
adl-40-cam0-rgb,data/keypoints/adl/adl-40-cam0-rgb.npz,274,303,0,42,4,0.7272306,0.998492956161499,0
adl-40-cam0-rgb,data/keypoints/adl/adl-40-cam0-rgb.npz,275,304,0,42,4,0.72741276,0.998492956161499,0
adl-40-cam0-rgb,data/keypoints/adl/adl-40-cam0-rgb.npz,276,305,0,42,4,0.72346604,0.998492956161499,0
adl-40-cam0-rgb,data/keypoints/adl/adl-40-cam0-rgb.npz,277,306,0,42,4,0.720332,0.998492956161499,0
adl-40-cam0-rgb,data/keypoints/adl/adl-40-cam0-rgb.npz,278,307,0,42,4,0.715527,0.998492956161499,0
adl-40-cam0-rgb,data/keypoints/adl/adl-40-cam0-rgb.npz,279,308,0,42,4,0.7109894,0.998492956161499,0
adl-40-cam0-rgb,data/keypoints/adl/adl-40-cam0-rgb.npz,280,309,0,42,4,0.7066365,0.998492956161499,0
adl-40-cam0-rgb,data/keypoints/adl/adl-40-cam0-rgb.npz,281,310,0,42,4,0.6806396,0.998492956161499,0
adl-40-cam0-rgb,data/keypoints/adl/adl-40-cam0-rgb.npz,282,311,0,42,4,0.6994533,0.998492956161499,0
adl-40-cam0-rgb,data/keypoints/adl/adl-40-cam0-rgb.npz,283,312,0,42,4,0.71855867,0.998492956161499,0
adl-40-cam0-rgb,data/keypoints/adl/adl-40-cam0-rgb.npz,284,313,0,42,4,0.012891375,0.998492956161499,0
adl-40-cam0-rgb,data/keypoints/adl/adl-40-cam0-rgb.npz,285,314,0,42,4,0.01282133,0.998492956161499,0
adl-40-cam0-rgb,data/keypoints/adl/adl-40-cam0-rgb.npz,286,315,0,42,4,0.012772048,0.998492956161499,0
adl-40-cam0-rgb,data/keypoints/adl/adl-40-cam0-rgb.npz,287,316,0,42,4,0.012778851,0.998492956161499,0
adl-40-cam0-rgb,data/keypoints/adl/adl-40-cam0-rgb.npz,288,317,0,42,4,0.012823816,0.998492956161499,0
adl-40-cam0-rgb,data/keypoints/adl/adl-40-cam0-rgb.npz,289,318,0,42,4,0.01280235,0.998492956161499,0
adl-40-cam0-rgb,data/keypoints/adl/adl-40-cam0-rgb.npz,290,319,0,42,4,0.012774718,0.998492956161499,0
adl-40-cam0-rgb,data/keypoints/adl/adl-40-cam0-rgb.npz,291,320,0,42,4,0.0127748875,0.998492956161499,0
adl-40-cam0-rgb,data/keypoints/adl/adl-40-cam0-rgb.npz,292,321,0,42,4,0.029360065,0.998492956161499,0
adl-40-cam0-rgb,data/keypoints/adl/adl-40-cam0-rgb.npz,293,322,0,42,4,0.029483836,0.998492956161499,0
adl-40-cam0-rgb,data/keypoints/adl/adl-40-cam0-rgb.npz,294,323,0,42,4,0.012904343,0.998492956161499,0
adl-40-cam0-rgb,data/keypoints/adl/adl-40-cam0-rgb.npz,295,324,0,42,4,0.01295225,0.998492956161499,0
adl-40-cam0-rgb,data/keypoints/adl/adl-40-cam0-rgb.npz,296,325,0,42,4,0.013007609,0.998492956161499,0
adl-40-cam0-rgb,data/keypoints/adl/adl-40-cam0-rgb.npz,297,326,0,42,4,0.013084725,0.998492956161499,0
adl-40-cam0-rgb,data/keypoints/adl/adl-40-cam0-rgb.npz,298,327,0,42,4,0.013043821,0.998492956161499,0
adl-40-cam0-rgb,data/keypoints/adl/adl-40-cam0-rgb.npz,299,328,0,42,4,0.013052388,0.998492956161499,0
adl-40-cam0-rgb,data/keypoints/adl/adl-40-cam0-rgb.npz,300,329,0,42,4,0.013060271,0.998492956161499,0
adl-40-cam0-rgb,data/keypoints/adl/adl-40-cam0-rgb.npz,301,330,0,42,4,0.013053505,0.998492956161499,0
fall-05-cam0-rgb,data/keypoints/fall/fall-05-cam0-rgb.npz,1,30,0,42,4,0.0004728238,0.998492956161499,0
fall-05-cam0-rgb,data/keypoints/fall/fall-05-cam0-rgb.npz,2,31,0,42,4,0.00047234044,0.998492956161499,0
fall-05-cam0-rgb,data/keypoints/fall/fall-05-cam0-rgb.npz,3,32,0,42,4,0.0004719484,0.998492956161499,0
fall-05-cam0-rgb,data/keypoints/fall/fall-05-cam0-rgb.npz,4,33,0,42,4,0.00047163272,0.998492956161499,0
fall-05-cam0-rgb,data/keypoints/fall/fall-05-cam0-rgb.npz,5,34,0,42,4,0.0004714327,0.998492956161499,0
fall-05-cam0-rgb,data/keypoints/fall/fall-05-cam0-rgb.npz,6,35,0,42,4,0.00047128828,0.998492956161499,0
fall-05-cam0-rgb,data/keypoints/fall/fall-05-cam0-rgb.npz,7,36,0,42,4,0.0004712213,0.998492956161499,0
fall-05-cam0-rgb,data/keypoints/fall/fall-05-cam0-rgb.npz,8,37,0,42,4,0.00047118837,0.998492956161499,0
fall-05-cam0-rgb,data/keypoints/fall/fall-05-cam0-rgb.npz,9,38,0,42,4,0.00047130152,0.998492956161499,0
fall-05-cam0-rgb,data/keypoints/fall/fall-05-cam0-rgb.npz,10,39,0,42,4,0.00047145426,0.998492956161499,0
fall-05-cam0-rgb,data/keypoints/fall/fall-05-cam0-rgb.npz,11,40,0,42,4,0.00047164963,0.998492956161499,0
fall-05-cam0-rgb,data/keypoints/fall/fall-05-cam0-rgb.npz,12,41,0,42,4,0.00047134145,0.998492956161499,0
fall-05-cam0-rgb,data/keypoints/fall/fall-05-cam0-rgb.npz,13,42,0,42,4,0.00047048097,0.998492956161499,0
fall-05-cam0-rgb,data/keypoints/fall/fall-05-cam0-rgb.npz,14,43,0,42,4,0.00047025766,0.998492956161499,0
fall-05-cam0-rgb,data/keypoints/fall/fall-05-cam0-rgb.npz,15,44,0,42,4,0.00047008315,0.998492956161499,0
fall-05-cam0-rgb,data/keypoints/fall/fall-05-cam0-rgb.npz,16,45,0,42,4,0.0004698625,0.998492956161499,0
fall-05-cam0-rgb,data/keypoints/fall/fall-05-cam0-rgb.npz,17,46,0,42,4,0.00046964042,0.998492956161499,0
fall-05-cam0-rgb,data/keypoints/fall/fall-05-cam0-rgb.npz,18,47,0,42,4,0.00046937456,0.998492956161499,0
fall-05-cam0-rgb,data/keypoints/fall/fall-05-cam0-rgb.npz,19,48,0,42,4,0.0004689725,0.998492956161499,0
fall-05-cam0-rgb,data/keypoints/fall/fall-05-cam0-rgb.npz,20,49,0,42,4,0.00046839082,0.998492956161499,0
fall-05-cam0-rgb,data/keypoints/fall/fall-05-cam0-rgb.npz,21,50,0,42,4,0.00046769058,0.998492956161499,0
fall-05-cam0-rgb,data/keypoints/fall/fall-05-cam0-rgb.npz,22,51,0,42,4,0.00046703478,0.998492956161499,0
fall-05-cam0-rgb,data/keypoints/fall/fall-05-cam0-rgb.npz,23,52,0,42,4,0.00046633038,0.998492956161499,0
fall-05-cam0-rgb,data/keypoints/fall/fall-05-cam0-rgb.npz,24,53,0,42,4,0.00046576816,0.998492956161499,0
fall-05-cam0-rgb,data/keypoints/fall/fall-05-cam0-rgb.npz,25,54,0,42,4,0.00046517915,0.998492956161499,0
fall-05-cam0-rgb,data/keypoints/fall/fall-05-cam0-rgb.npz,26,55,0,42,4,0.00046490744,0.998492956161499,0
fall-05-cam0-rgb,data/keypoints/fall/fall-05-cam0-rgb.npz,27,56,0,42,4,0.0004649092,0.998492956161499,0
fall-05-cam0-rgb,data/keypoints/fall/fall-05-cam0-rgb.npz,28,57,0,42,4,0.0004647517,0.998492956161499,0
fall-05-cam0-rgb,data/keypoints/fall/fall-05-cam0-rgb.npz,29,58,0,42,4,0.00046469006,0.998492956161499,0
fall-05-cam0-rgb,data/keypoints/fall/fall-05-cam0-rgb.npz,30,59,0,42,4,0.0004645818,0.998492956161499,0
fall-05-cam0-rgb,data/keypoints/fall/fall-05-cam0-rgb.npz,31,60,0,42,4,0.00046416436,0.998492956161499,0
fall-05-cam0-rgb,data/keypoints/fall/fall-05-cam0-rgb.npz,32,61,0,42,4,0.0004642166,0.998492956161499,0
fall-05-cam0-rgb,data/keypoints/fall/fall-05-cam0-rgb.npz,33,62,0,42,4,0.0004641268,0.998492956161499,0
fall-05-cam0-rgb,data/keypoints/fall/fall-05-cam0-rgb.npz,34,63,0,42,4,0.00046406835,0.998492956161499,0
fall-05-cam0-rgb,data/keypoints/fall/fall-05-cam0-rgb.npz,35,64,0,42,4,0.00046409405,0.998492956161499,0
fall-05-cam0-rgb,data/keypoints/fall/fall-05-cam0-rgb.npz,36,65,0,42,4,0.00046373406,0.998492956161499,0
fall-05-cam0-rgb,data/keypoints/fall/fall-05-cam0-rgb.npz,37,66,0,42,4,0.00046381715,0.998492956161499,0
fall-05-cam0-rgb,data/keypoints/fall/fall-05-cam0-rgb.npz,38,67,0,42,4,0.00046404253,0.998492956161499,0
fall-05-cam0-rgb,data/keypoints/fall/fall-05-cam0-rgb.npz,39,68,0,42,4,0.00046435423,0.998492956161499,0
fall-05-cam0-rgb,data/keypoints/fall/fall-05-cam0-rgb.npz,40,69,0,42,4,0.00046472708,0.998492956161499,0
fall-05-cam0-rgb,data/keypoints/fall/fall-05-cam0-rgb.npz,41,70,0,42,4,0.0004651672,0.998492956161499,0
fall-05-cam0-rgb,data/keypoints/fall/fall-05-cam0-rgb.npz,42,71,0,42,4,0.00046550075,0.998492956161499,0
fall-05-cam0-rgb,data/keypoints/fall/fall-05-cam0-rgb.npz,43,72,0,42,4,0.000465574,0.998492956161499,0
fall-05-cam0-rgb,data/keypoints/fall/fall-05-cam0-rgb.npz,44,73,0,42,4,0.00046555736,0.998492956161499,0
fall-05-cam0-rgb,data/keypoints/fall/fall-05-cam0-rgb.npz,45,74,0,42,4,0.0004656554,0.998492956161499,0
fall-05-cam0-rgb,data/keypoints/fall/fall-05-cam0-rgb.npz,46,75,0,42,4,0.00046559615,0.998492956161499,0
fall-05-cam0-rgb,data/keypoints/fall/fall-05-cam0-rgb.npz,47,76,0,42,4,0.00046541024,0.998492956161499,0
fall-05-cam0-rgb,data/keypoints/fall/fall-05-cam0-rgb.npz,48,77,0,42,4,0.00046531373,0.998492956161499,0
fall-05-cam0-rgb,data/keypoints/fall/fall-05-cam0-rgb.npz,49,78,0,42,4,0.00046509138,0.998492956161499,0
fall-05-cam0-rgb,data/keypoints/fall/fall-05-cam0-rgb.npz,50,79,0,42,4,0.00046506742,0.998492956161499,0
fall-05-cam0-rgb,data/keypoints/fall/fall-05-cam0-rgb.npz,51,80,0,42,4,0.0004650905,0.998492956161499,0
fall-05-cam0-rgb,data/keypoints/fall/fall-05-cam0-rgb.npz,52,81,0,42,4,0.00046499868,0.998492956161499,0
fall-05-cam0-rgb,data/keypoints/fall/fall-05-cam0-rgb.npz,53,82,0,42,4,0.00046501734,0.998492956161499,0
fall-05-cam0-rgb,data/keypoints/fall/fall-05-cam0-rgb.npz,54,83,0,42,4,0.00046514143,0.998492956161499,0
fall-05-cam0-rgb,data/keypoints/fall/fall-05-cam0-rgb.npz,55,84,0,42,4,0.0004653437,0.998492956161499,0
fall-05-cam0-rgb,data/keypoints/fall/fall-05-cam0-rgb.npz,56,85,0,42,4,0.00046548477,0.998492956161499,0
fall-05-cam0-rgb,data/keypoints/fall/fall-05-cam0-rgb.npz,57,86,0,42,4,0.00046553358,0.998492956161499,0
fall-05-cam0-rgb,data/keypoints/fall/fall-05-cam0-rgb.npz,58,87,0,42,4,0.00046590006,0.998492956161499,0
fall-05-cam0-rgb,data/keypoints/fall/fall-05-cam0-rgb.npz,59,88,0,42,4,0.0004664873,0.998492956161499,0
fall-05-cam0-rgb,data/keypoints/fall/fall-05-cam0-rgb.npz,60,89,0,42,4,0.00046709736,0.998492956161499,0
fall-05-cam0-rgb,data/keypoints/fall/fall-05-cam0-rgb.npz,61,90,0,42,4,0.00046742696,0.998492956161499,0
fall-05-cam0-rgb,data/keypoints/fall/fall-05-cam0-rgb.npz,62,91,0,42,4,0.00046757894,0.998492956161499,0
fall-05-cam0-rgb,data/keypoints/fall/fall-05-cam0-rgb.npz,63,92,0,42,4,0.00046761901,0.998492956161499,0
fall-05-cam0-rgb,data/keypoints/fall/fall-05-cam0-rgb.npz,64,93,0,42,4,0.00046749914,0.998492956161499,0
fall-05-cam0-rgb,data/keypoints/fall/fall-05-cam0-rgb.npz,65,94,0,42,4,0.00046692774,0.998492956161499,0
fall-05-cam0-rgb,data/keypoints/fall/fall-05-cam0-rgb.npz,66,95,0,42,4,0.00046620815,0.998492956161499,0
fall-05-cam0-rgb,data/keypoints/fall/fall-05-cam0-rgb.npz,67,96,0,42,4,0.000465059,0.998492956161499,0
fall-05-cam0-rgb,data/keypoints/fall/fall-05-cam0-rgb.npz,68,97,0,42,4,0.00046366692,0.998492956161499,0
fall-05-cam0-rgb,data/keypoints/fall/fall-05-cam0-rgb.npz,69,98,0,42,4,0.00046182616,0.998492956161499,0
fall-05-cam0-rgb,data/keypoints/fall/fall-05-cam0-rgb.npz,70,99,0,42,4,0.00045950105,0.998492956161499,0
fall-05-cam0-rgb,data/keypoints/fall/fall-05-cam0-rgb.npz,71,100,0,42,4,0.00045670758,0.998492956161499,0
fall-05-cam0-rgb,data/keypoints/fall/fall-05-cam0-rgb.npz,72,101,0,42,4,0.00045408212,0.998492956161499,0
fall-05-cam0-rgb,data/keypoints/fall/fall-05-cam0-rgb.npz,73,102,0,42,4,0.0004547358,0.998492956161499,0
fall-05-cam0-rgb,data/keypoints/fall/fall-05-cam0-rgb.npz,74,103,0,42,4,0.00046852833,0.998492956161499,0
fall-05-cam0-rgb,data/keypoints/fall/fall-05-cam0-rgb.npz,75,104,0,42,4,0.00051493256,0.998492956161499,0
fall-05-cam0-rgb,data/keypoints/fall/fall-05-cam0-rgb.npz,76,105,0,42,4,0.00070556626,0.998492956161499,0
fall-05-cam0-rgb,data/keypoints/fall/fall-05-cam0-rgb.npz,77,106,0,42,4,0.0013934207,0.998492956161499,0
fall-05-cam0-rgb,data/keypoints/fall/fall-05-cam0-rgb.npz,78,107,0,42,4,0.003574065,0.998492956161499,0
fall-05-cam0-rgb,data/keypoints/fall/fall-05-cam0-rgb.npz,80,109,1,42,4,0.021635914,0.998492956161499,0
fall-05-cam0-rgb,data/keypoints/fall/fall-05-cam0-rgb.npz,81,110,1,42,4,0.044084333,0.998492956161499,0
fall-05-cam0-rgb,data/keypoints/fall/fall-05-cam0-rgb.npz,82,111,1,42,4,0.08801428,0.998492956161499,0
fall-05-cam0-rgb,data/keypoints/fall/fall-05-cam0-rgb.npz,83,112,1,42,4,0.16723149,0.998492956161499,0
fall-05-cam0-rgb,data/keypoints/fall/fall-05-cam0-rgb.npz,84,113,1,42,4,0.404789,0.998492956161499,0
fall-05-cam0-rgb,data/keypoints/fall/fall-05-cam0-rgb.npz,85,114,1,42,4,0.62217855,0.998492956161499,0
fall-05-cam0-rgb,data/keypoints/fall/fall-05-cam0-rgb.npz,86,115,1,42,4,0.67253155,0.998492956161499,0
fall-05-cam0-rgb,data/keypoints/fall/fall-05-cam0-rgb.npz,87,116,1,42,4,0.77451783,0.998492956161499,0
fall-05-cam0-rgb,data/keypoints/fall/fall-05-cam0-rgb.npz,88,117,1,42,4,0.85880613,0.998492956161499,0
fall-05-cam0-rgb,data/keypoints/fall/fall-05-cam0-rgb.npz,89,118,1,42,4,0.9117388,0.998492956161499,0
fall-05-cam0-rgb,data/keypoints/fall/fall-05-cam0-rgb.npz,90,119,1,42,4,0.9454867,0.998492956161499,0
fall-05-cam0-rgb,data/keypoints/fall/fall-05-cam0-rgb.npz,91,120,1,42,4,0.966314,0.998492956161499,0
fall-05-cam0-rgb,data/keypoints/fall/fall-05-cam0-rgb.npz,92,121,1,42,4,0.97819304,0.998492956161499,0
fall-05-cam0-rgb,data/keypoints/fall/fall-05-cam0-rgb.npz,93,122,1,42,4,0.98652565,0.998492956161499,0
fall-05-cam0-rgb,data/keypoints/fall/fall-05-cam0-rgb.npz,94,123,1,42,4,0.9917734,0.998492956161499,0
fall-05-cam0-rgb,data/keypoints/fall/fall-05-cam0-rgb.npz,95,124,1,42,4,0.9952113,0.998492956161499,0
fall-05-cam0-rgb,data/keypoints/fall/fall-05-cam0-rgb.npz,96,125,1,42,4,0.99749595,0.998492956161499,0
fall-05-cam0-rgb,data/keypoints/fall/fall-05-cam0-rgb.npz,97,126,1,42,4,0.99840325,0.998492956161499,0
fall-05-cam0-rgb,data/keypoints/fall/fall-05-cam0-rgb.npz,98,127,1,42,4,0.99861956,0.998492956161499,1
fall-05-cam0-rgb,data/keypoints/fall/fall-05-cam0-rgb.npz,99,128,1,42,4,0.99835616,0.998492956161499,0
fall-05-cam0-rgb,data/keypoints/fall/fall-05-cam0-rgb.npz,100,129,1,42,4,0.9984028,0.998492956161499,0
fall-05-cam0-rgb,data/keypoints/fall/fall-05-cam0-rgb.npz,101,130,1,42,4,0.9984149,0.998492956161499,0
fall-05-cam0-rgb,data/keypoints/fall/fall-05-cam0-rgb.npz,102,131,1,42,4,0.99841714,0.998492956161499,0
fall-05-cam0-rgb,data/keypoints/fall/fall-05-cam0-rgb.npz,103,132,1,42,4,0.9990453,0.998492956161499,1
fall-05-cam0-rgb,data/keypoints/fall/fall-05-cam0-rgb.npz,104,133,1,42,4,0.9990784,0.998492956161499,1
fall-05-cam0-rgb,data/keypoints/fall/fall-05-cam0-rgb.npz,105,134,1,42,4,0.42273757,0.998492956161499,0
fall-05-cam0-rgb,data/keypoints/fall/fall-05-cam0-rgb.npz,106,135,1,42,4,0.46937367,0.998492956161499,0
fall-05-cam0-rgb,data/keypoints/fall/fall-05-cam0-rgb.npz,107,136,1,42,4,0.5112091,0.998492956161499,0
fall-05-cam0-rgb,data/keypoints/fall/fall-05-cam0-rgb.npz,108,137,1,42,4,0.012622345,0.998492956161499,0
fall-05-cam0-rgb,data/keypoints/fall/fall-05-cam0-rgb.npz,109,138,1,42,4,0.019005883,0.998492956161499,0
fall-05-cam0-rgb,data/keypoints/fall/fall-05-cam0-rgb.npz,110,139,1,42,4,0.022394406,0.998492956161499,0
fall-05-cam0-rgb,data/keypoints/fall/fall-05-cam0-rgb.npz,111,140,1,42,4,0.026493557,0.998492956161499,0
fall-05-cam0-rgb,data/keypoints/fall/fall-05-cam0-rgb.npz,112,141,1,42,4,0.031346906,0.998492956161499,0
fall-05-cam0-rgb,data/keypoints/fall/fall-05-cam0-rgb.npz,113,142,1,42,4,0.037147485,0.998492956161499,0
fall-05-cam0-rgb,data/keypoints/fall/fall-05-cam0-rgb.npz,114,143,1,42,4,0.045515012,0.998492956161499,0
fall-05-cam0-rgb,data/keypoints/fall/fall-05-cam0-rgb.npz,115,144,1,42,4,0.049894318,0.998492956161499,0
fall-05-cam0-rgb,data/keypoints/fall/fall-05-cam0-rgb.npz,116,145,1,42,4,0.01038855,0.998492956161499,0
fall-05-cam0-rgb,data/keypoints/fall/fall-05-cam0-rgb.npz,117,146,1,42,4,0.011089278,0.998492956161499,0
fall-05-cam0-rgb,data/keypoints/fall/fall-05-cam0-rgb.npz,118,147,1,42,4,0.0488017,0.998492956161499,0
fall-05-cam0-rgb,data/keypoints/fall/fall-05-cam0-rgb.npz,119,148,1,42,4,0.060791805,0.998492956161499,0
fall-05-cam0-rgb,data/keypoints/fall/fall-05-cam0-rgb.npz,120,149,1,42,4,0.19246273,0.998492956161499,0
fall-05-cam0-rgb,data/keypoints/fall/fall-05-cam0-rgb.npz,121,150,1,42,4,0.23964936,0.998492956161499,0
fall-05-cam0-rgb,data/keypoints/fall/fall-05-cam0-rgb.npz,122,151,1,42,4,0.039238468,0.998492956161499,0
fall-10-cam0-rgb,data/keypoints/fall/fall-10-cam0-rgb.npz,1,30,0,42,4,0.0005111015,0.998492956161499,0
fall-10-cam0-rgb,data/keypoints/fall/fall-10-cam0-rgb.npz,2,31,0,42,4,0.0005113218,0.998492956161499,0
fall-10-cam0-rgb,data/keypoints/fall/fall-10-cam0-rgb.npz,3,32,0,42,4,0.00051163964,0.998492956161499,0
fall-10-cam0-rgb,data/keypoints/fall/fall-10-cam0-rgb.npz,4,33,0,42,4,0.0005119543,0.998492956161499,0
fall-10-cam0-rgb,data/keypoints/fall/fall-10-cam0-rgb.npz,5,34,0,42,4,0.00051230716,0.998492956161499,0
fall-10-cam0-rgb,data/keypoints/fall/fall-10-cam0-rgb.npz,6,35,0,42,4,0.0005127811,0.998492956161499,0
fall-10-cam0-rgb,data/keypoints/fall/fall-10-cam0-rgb.npz,7,36,0,42,4,0.0005134893,0.998492956161499,0
fall-10-cam0-rgb,data/keypoints/fall/fall-10-cam0-rgb.npz,8,37,0,42,4,0.00051452854,0.998492956161499,0
fall-10-cam0-rgb,data/keypoints/fall/fall-10-cam0-rgb.npz,9,38,0,42,4,0.0005160115,0.998492956161499,0
fall-10-cam0-rgb,data/keypoints/fall/fall-10-cam0-rgb.npz,10,39,0,42,4,0.0005178968,0.998492956161499,0
fall-10-cam0-rgb,data/keypoints/fall/fall-10-cam0-rgb.npz,11,40,0,42,4,0.0005204302,0.998492956161499,0
fall-10-cam0-rgb,data/keypoints/fall/fall-10-cam0-rgb.npz,12,41,0,42,4,0.000523763,0.998492956161499,0
fall-10-cam0-rgb,data/keypoints/fall/fall-10-cam0-rgb.npz,13,42,0,42,4,0.00052816415,0.998492956161499,0
fall-10-cam0-rgb,data/keypoints/fall/fall-10-cam0-rgb.npz,14,43,0,42,4,0.00053364964,0.998492956161499,0
fall-10-cam0-rgb,data/keypoints/fall/fall-10-cam0-rgb.npz,15,44,0,42,4,0.00054105103,0.998492956161499,0
fall-10-cam0-rgb,data/keypoints/fall/fall-10-cam0-rgb.npz,16,45,0,42,4,0.0005514872,0.998492956161499,0
fall-10-cam0-rgb,data/keypoints/fall/fall-10-cam0-rgb.npz,17,46,0,42,4,0.0005667563,0.998492956161499,0
fall-10-cam0-rgb,data/keypoints/fall/fall-10-cam0-rgb.npz,18,47,0,42,4,0.00058756705,0.998492956161499,0
fall-10-cam0-rgb,data/keypoints/fall/fall-10-cam0-rgb.npz,19,48,0,42,4,0.0005069104,0.998492956161499,0
fall-10-cam0-rgb,data/keypoints/fall/fall-10-cam0-rgb.npz,20,49,0,42,4,0.00050883554,0.998492956161499,0
fall-10-cam0-rgb,data/keypoints/fall/fall-10-cam0-rgb.npz,21,50,0,42,4,0.0005111602,0.998492956161499,0
fall-10-cam0-rgb,data/keypoints/fall/fall-10-cam0-rgb.npz,22,51,0,42,4,0.0005140087,0.998492956161499,0
fall-10-cam0-rgb,data/keypoints/fall/fall-10-cam0-rgb.npz,23,52,0,42,4,0.00051723677,0.998492956161499,0
fall-10-cam0-rgb,data/keypoints/fall/fall-10-cam0-rgb.npz,24,53,0,42,4,0.0005216919,0.998492956161499,0
fall-10-cam0-rgb,data/keypoints/fall/fall-10-cam0-rgb.npz,25,54,0,42,4,0.00052779977,0.998492956161499,0
fall-10-cam0-rgb,data/keypoints/fall/fall-10-cam0-rgb.npz,26,55,0,42,4,0.000536039,0.998492956161499,0
fall-10-cam0-rgb,data/keypoints/fall/fall-10-cam0-rgb.npz,27,56,0,42,4,0.00056182616,0.998492956161499,0
fall-10-cam0-rgb,data/keypoints/fall/fall-10-cam0-rgb.npz,28,57,0,42,4,0.00059020845,0.998492956161499,0
fall-10-cam0-rgb,data/keypoints/fall/fall-10-cam0-rgb.npz,29,58,0,42,4,0.0006443228,0.998492956161499,0
fall-10-cam0-rgb,data/keypoints/fall/fall-10-cam0-rgb.npz,30,59,0,42,4,0.00077301316,0.998492956161499,0
fall-10-cam0-rgb,data/keypoints/fall/fall-10-cam0-rgb.npz,31,60,0,42,4,0.0015265181,0.998492956161499,0
fall-10-cam0-rgb,data/keypoints/fall/fall-10-cam0-rgb.npz,32,61,0,42,4,0.0051009753,0.998492956161499,0
fall-10-cam0-rgb,data/keypoints/fall/fall-10-cam0-rgb.npz,33,62,0,42,4,0.016496196,0.998492956161499,0
fall-10-cam0-rgb,data/keypoints/fall/fall-10-cam0-rgb.npz,34,63,0,42,4,0.046249848,0.998492956161499,0
fall-10-cam0-rgb,data/keypoints/fall/fall-10-cam0-rgb.npz,35,64,0,42,4,0.9985398,0.998492956161499,1
fall-10-cam0-rgb,data/keypoints/fall/fall-10-cam0-rgb.npz,36,65,0,42,4,0.9987954,0.998492956161499,1
fall-10-cam0-rgb,data/keypoints/fall/fall-10-cam0-rgb.npz,37,66,0,42,4,0.999019,0.998492956161499,1
fall-10-cam0-rgb,data/keypoints/fall/fall-10-cam0-rgb.npz,38,67,0,42,4,0.9991487,0.998492956161499,1
fall-10-cam0-rgb,data/keypoints/fall/fall-10-cam0-rgb.npz,39,68,0,42,4,0.99925596,0.998492956161499,1
fall-10-cam0-rgb,data/keypoints/fall/fall-10-cam0-rgb.npz,41,70,1,42,4,0.999398,0.998492956161499,1
fall-10-cam0-rgb,data/keypoints/fall/fall-10-cam0-rgb.npz,42,71,1,42,4,0.9994417,0.998492956161499,1
fall-10-cam0-rgb,data/keypoints/fall/fall-10-cam0-rgb.npz,43,72,1,42,4,0.9994715,0.998492956161499,1
fall-10-cam0-rgb,data/keypoints/fall/fall-10-cam0-rgb.npz,44,73,1,42,4,0.9994948,0.998492956161499,1
fall-10-cam0-rgb,data/keypoints/fall/fall-10-cam0-rgb.npz,45,74,1,42,4,0.99951696,0.998492956161499,1
fall-10-cam0-rgb,data/keypoints/fall/fall-10-cam0-rgb.npz,46,75,1,42,4,0.99952507,0.998492956161499,1
fall-10-cam0-rgb,data/keypoints/fall/fall-10-cam0-rgb.npz,47,76,1,42,4,0.99952865,0.998492956161499,1
fall-10-cam0-rgb,data/keypoints/fall/fall-10-cam0-rgb.npz,48,77,1,42,4,0.9995315,0.998492956161499,1
fall-10-cam0-rgb,data/keypoints/fall/fall-10-cam0-rgb.npz,49,78,1,42,4,0.9995321,0.998492956161499,1
fall-10-cam0-rgb,data/keypoints/fall/fall-10-cam0-rgb.npz,50,79,1,42,4,0.9995183,0.998492956161499,1
fall-10-cam0-rgb,data/keypoints/fall/fall-10-cam0-rgb.npz,51,80,1,42,4,0.9995204,0.998492956161499,1
fall-10-cam0-rgb,data/keypoints/fall/fall-10-cam0-rgb.npz,52,81,1,42,4,0.99952126,0.998492956161499,1
fall-10-cam0-rgb,data/keypoints/fall/fall-10-cam0-rgb.npz,53,82,1,42,4,0.9995215,0.998492956161499,1
fall-10-cam0-rgb,data/keypoints/fall/fall-10-cam0-rgb.npz,54,83,1,42,4,0.99949956,0.998492956161499,1
fall-10-cam0-rgb,data/keypoints/fall/fall-10-cam0-rgb.npz,55,84,1,42,4,0.99949515,0.998492956161499,1
fall-10-cam0-rgb,data/keypoints/fall/fall-10-cam0-rgb.npz,56,85,1,42,4,0.99949074,0.998492956161499,1
fall-10-cam0-rgb,data/keypoints/fall/fall-10-cam0-rgb.npz,57,86,1,42,4,0.9994885,0.998492956161499,1
fall-10-cam0-rgb,data/keypoints/fall/fall-10-cam0-rgb.npz,58,87,1,42,4,0.999485,0.998492956161499,1
fall-10-cam0-rgb,data/keypoints/fall/fall-10-cam0-rgb.npz,59,88,1,42,4,0.99948066,0.998492956161499,1
fall-10-cam0-rgb,data/keypoints/fall/fall-10-cam0-rgb.npz,60,89,1,42,4,0.99947566,0.998492956161499,1
fall-10-cam0-rgb,data/keypoints/fall/fall-10-cam0-rgb.npz,61,90,1,42,4,0.9994703,0.998492956161499,1
fall-10-cam0-rgb,data/keypoints/fall/fall-10-cam0-rgb.npz,62,91,1,42,4,0.99947065,0.998492956161499,1
fall-10-cam0-rgb,data/keypoints/fall/fall-10-cam0-rgb.npz,63,92,1,42,4,0.99946433,0.998492956161499,1
fall-10-cam0-rgb,data/keypoints/fall/fall-10-cam0-rgb.npz,64,93,1,42,4,0.9994574,0.998492956161499,1
fall-10-cam0-rgb,data/keypoints/fall/fall-10-cam0-rgb.npz,65,94,1,42,4,0.99941146,0.998492956161499,1
fall-10-cam0-rgb,data/keypoints/fall/fall-10-cam0-rgb.npz,66,95,1,42,4,0.9994562,0.998492956161499,1
fall-10-cam0-rgb,data/keypoints/fall/fall-10-cam0-rgb.npz,67,96,1,42,4,0.99945134,0.998492956161499,1
fall-10-cam0-rgb,data/keypoints/fall/fall-10-cam0-rgb.npz,68,97,1,42,4,0.99944955,0.998492956161499,1
fall-10-cam0-rgb,data/keypoints/fall/fall-10-cam0-rgb.npz,69,98,1,42,4,0.999443,0.998492956161499,1
fall-10-cam0-rgb,data/keypoints/fall/fall-10-cam0-rgb.npz,70,99,1,42,4,0.99943656,0.998492956161499,1
fall-10-cam0-rgb,data/keypoints/fall/fall-10-cam0-rgb.npz,71,100,1,42,4,0.99942976,0.998492956161499,1
fall-10-cam0-rgb,data/keypoints/fall/fall-10-cam0-rgb.npz,72,101,1,42,4,0.9994217,0.998492956161499,1
fall-10-cam0-rgb,data/keypoints/fall/fall-10-cam0-rgb.npz,73,102,1,42,4,0.99941313,0.998492956161499,1
fall-10-cam0-rgb,data/keypoints/fall/fall-10-cam0-rgb.npz,74,103,1,42,4,0.9994622,0.998492956161499,1
fall-10-cam0-rgb,data/keypoints/fall/fall-10-cam0-rgb.npz,75,104,1,42,4,0.99945253,0.998492956161499,1
fall-10-cam0-rgb,data/keypoints/fall/fall-10-cam0-rgb.npz,76,105,1,42,4,0.9994429,0.998492956161499,1
fall-10-cam0-rgb,data/keypoints/fall/fall-10-cam0-rgb.npz,77,106,1,42,4,0.99957746,0.998492956161499,1
fall-10-cam0-rgb,data/keypoints/fall/fall-10-cam0-rgb.npz,78,107,1,42,4,0.9995765,0.998492956161499,1
fall-10-cam0-rgb,data/keypoints/fall/fall-10-cam0-rgb.npz,79,108,1,42,4,0.9995759,0.998492956161499,1
fall-10-cam0-rgb,data/keypoints/fall/fall-10-cam0-rgb.npz,80,109,1,42,4,0.99957377,0.998492956161499,1
fall-10-cam0-rgb,data/keypoints/fall/fall-10-cam0-rgb.npz,81,110,1,42,4,0.9995722,0.998492956161499,1
fall-10-cam0-rgb,data/keypoints/fall/fall-10-cam0-rgb.npz,82,111,1,42,4,0.999574,0.998492956161499,1
fall-10-cam0-rgb,data/keypoints/fall/fall-10-cam0-rgb.npz,83,112,1,42,4,0.999577,0.998492956161499,1
fall-10-cam0-rgb,data/keypoints/fall/fall-10-cam0-rgb.npz,84,113,1,42,4,0.9995796,0.998492956161499,1
fall-10-cam0-rgb,data/keypoints/fall/fall-10-cam0-rgb.npz,85,114,1,42,4,0.99958247,0.998492956161499,1
fall-10-cam0-rgb,data/keypoints/fall/fall-10-cam0-rgb.npz,86,115,1,42,4,0.99958104,0.998492956161499,1
fall-10-cam0-rgb,data/keypoints/fall/fall-10-cam0-rgb.npz,87,116,1,42,4,0.99957985,0.998492956161499,1
fall-10-cam0-rgb,data/keypoints/fall/fall-10-cam0-rgb.npz,88,117,1,42,4,0.99957925,0.998492956161499,1
fall-10-cam0-rgb,data/keypoints/fall/fall-10-cam0-rgb.npz,89,118,1,42,4,0.9995777,0.998492956161499,1
fall-10-cam0-rgb,data/keypoints/fall/fall-10-cam0-rgb.npz,90,119,1,42,4,0.99957615,0.998492956161499,1
fall-10-cam0-rgb,data/keypoints/fall/fall-10-cam0-rgb.npz,91,120,1,42,4,0.9995747,0.998492956161499,1
fall-10-cam0-rgb,data/keypoints/fall/fall-10-cam0-rgb.npz,92,121,1,42,4,0.9995566,0.998492956161499,1
fall-10-cam0-rgb,data/keypoints/fall/fall-10-cam0-rgb.npz,93,122,1,42,4,0.9995566,0.998492956161499,1
fall-10-cam0-rgb,data/keypoints/fall/fall-10-cam0-rgb.npz,94,123,1,42,4,0.9995566,0.998492956161499,1
fall-10-cam0-rgb,data/keypoints/fall/fall-10-cam0-rgb.npz,95,124,1,42,4,0.9995565,0.998492956161499,1
fall-10-cam0-rgb,data/keypoints/fall/fall-10-cam0-rgb.npz,96,125,1,42,4,0.9995565,0.998492956161499,1
fall-10-cam0-rgb,data/keypoints/fall/fall-10-cam0-rgb.npz,97,126,1,42,4,0.9995565,0.998492956161499,1
fall-10-cam0-rgb,data/keypoints/fall/fall-10-cam0-rgb.npz,98,127,1,42,4,0.99955636,0.998492956161499,1
fall-10-cam0-rgb,data/keypoints/fall/fall-10-cam0-rgb.npz,99,128,1,42,4,0.99955636,0.998492956161499,1
fall-10-cam0-rgb,data/keypoints/fall/fall-10-cam0-rgb.npz,100,129,1,42,4,0.99955624,0.998492956161499,1
fall-10-cam0-rgb,data/keypoints/fall/fall-10-cam0-rgb.npz,101,130,1,42,4,0.99955624,0.998492956161499,1
fall-22-cam0-rgb,data/keypoints/fall/fall-22-cam0-rgb.npz,1,30,0,42,4,0.99843615,0.998492956161499,0
fall-22-cam0-rgb,data/keypoints/fall/fall-22-cam0-rgb.npz,2,31,0,42,4,0.9987575,0.998492956161499,1
fall-22-cam0-rgb,data/keypoints/fall/fall-22-cam0-rgb.npz,3,32,0,42,4,0.99897647,0.998492956161499,1
fall-22-cam0-rgb,data/keypoints/fall/fall-22-cam0-rgb.npz,5,34,1,42,4,0.99924797,0.998492956161499,1
fall-22-cam0-rgb,data/keypoints/fall/fall-22-cam0-rgb.npz,6,35,1,42,4,0.9993247,0.998492956161499,1
fall-22-cam0-rgb,data/keypoints/fall/fall-22-cam0-rgb.npz,7,36,1,42,4,0.9993806,0.998492956161499,1
fall-22-cam0-rgb,data/keypoints/fall/fall-22-cam0-rgb.npz,8,37,1,42,4,0.99942064,0.998492956161499,1
fall-22-cam0-rgb,data/keypoints/fall/fall-22-cam0-rgb.npz,9,38,1,42,4,0.99945265,0.998492956161499,1
fall-22-cam0-rgb,data/keypoints/fall/fall-22-cam0-rgb.npz,10,39,1,42,4,0.9994764,0.998492956161499,1
fall-22-cam0-rgb,data/keypoints/fall/fall-22-cam0-rgb.npz,11,40,1,42,4,0.99949336,0.998492956161499,1
fall-22-cam0-rgb,data/keypoints/fall/fall-22-cam0-rgb.npz,12,41,1,42,4,0.99950576,0.998492956161499,1
fall-22-cam0-rgb,data/keypoints/fall/fall-22-cam0-rgb.npz,13,42,1,42,4,0.9995148,0.998492956161499,1
fall-22-cam0-rgb,data/keypoints/fall/fall-22-cam0-rgb.npz,14,43,1,42,4,0.999521,0.998492956161499,1
fall-22-cam0-rgb,data/keypoints/fall/fall-22-cam0-rgb.npz,15,44,1,42,4,0.9995394,0.998492956161499,1
fall-22-cam0-rgb,data/keypoints/fall/fall-22-cam0-rgb.npz,16,45,1,42,4,0.9995442,0.998492956161499,1
fall-22-cam0-rgb,data/keypoints/fall/fall-22-cam0-rgb.npz,17,46,1,42,4,0.9995577,0.998492956161499,1
fall-22-cam0-rgb,data/keypoints/fall/fall-22-cam0-rgb.npz,18,47,1,42,4,0.99956197,0.998492956161499,1
fall-22-cam0-rgb,data/keypoints/fall/fall-22-cam0-rgb.npz,19,48,1,42,4,0.9995652,0.998492956161499,1
fall-22-cam0-rgb,data/keypoints/fall/fall-22-cam0-rgb.npz,20,49,1,42,4,0.9995677,0.998492956161499,1
fall-22-cam0-rgb,data/keypoints/fall/fall-22-cam0-rgb.npz,21,50,1,42,4,0.9995696,0.998492956161499,1
fall-22-cam0-rgb,data/keypoints/fall/fall-22-cam0-rgb.npz,22,51,1,42,4,0.99957114,0.998492956161499,1
fall-22-cam0-rgb,data/keypoints/fall/fall-22-cam0-rgb.npz,23,52,1,42,4,0.9995555,0.998492956161499,1
fall-22-cam0-rgb,data/keypoints/fall/fall-22-cam0-rgb.npz,24,53,1,42,4,0.99955875,0.998492956161499,1
fall-22-cam0-rgb,data/keypoints/fall/fall-22-cam0-rgb.npz,25,54,1,42,4,0.99943286,0.998492956161499,1
fall-22-cam0-rgb,data/keypoints/fall/fall-22-cam0-rgb.npz,26,55,1,42,4,0.99890304,0.998492956161499,1
fall-22-cam0-rgb,data/keypoints/fall/fall-22-cam0-rgb.npz,27,56,1,42,4,0.99881977,0.998492956161499,1
fall-25-cam0-rgb,data/keypoints/fall/fall-25-cam0-rgb.npz,1,30,0,42,4,0.00048361783,0.998492956161499,0
fall-25-cam0-rgb,data/keypoints/fall/fall-25-cam0-rgb.npz,2,31,0,42,4,0.00048390974,0.998492956161499,0
fall-25-cam0-rgb,data/keypoints/fall/fall-25-cam0-rgb.npz,3,32,0,42,4,0.00048418468,0.998492956161499,0
fall-25-cam0-rgb,data/keypoints/fall/fall-25-cam0-rgb.npz,4,33,0,42,4,0.00048455407,0.998492956161499,0
fall-25-cam0-rgb,data/keypoints/fall/fall-25-cam0-rgb.npz,5,34,0,42,4,0.00048508696,0.998492956161499,0
fall-25-cam0-rgb,data/keypoints/fall/fall-25-cam0-rgb.npz,6,35,0,42,4,0.00048559447,0.998492956161499,0
fall-25-cam0-rgb,data/keypoints/fall/fall-25-cam0-rgb.npz,7,36,0,42,4,0.00048622064,0.998492956161499,0
fall-25-cam0-rgb,data/keypoints/fall/fall-25-cam0-rgb.npz,8,37,0,42,4,0.00048704678,0.998492956161499,0
fall-25-cam0-rgb,data/keypoints/fall/fall-25-cam0-rgb.npz,9,38,0,42,4,0.00048808972,0.998492956161499,0
fall-25-cam0-rgb,data/keypoints/fall/fall-25-cam0-rgb.npz,10,39,0,42,4,0.00048958353,0.998492956161499,0
fall-25-cam0-rgb,data/keypoints/fall/fall-25-cam0-rgb.npz,11,40,0,42,4,0.00049172237,0.998492956161499,0
fall-25-cam0-rgb,data/keypoints/fall/fall-25-cam0-rgb.npz,12,41,0,42,4,0.00049471564,0.998492956161499,0
fall-25-cam0-rgb,data/keypoints/fall/fall-25-cam0-rgb.npz,13,42,0,42,4,0.00049858814,0.998492956161499,0
fall-25-cam0-rgb,data/keypoints/fall/fall-25-cam0-rgb.npz,14,43,0,42,4,0.00050352875,0.998492956161499,0
fall-25-cam0-rgb,data/keypoints/fall/fall-25-cam0-rgb.npz,15,44,0,42,4,0.00050956244,0.998492956161499,0
fall-25-cam0-rgb,data/keypoints/fall/fall-25-cam0-rgb.npz,16,45,0,42,4,0.00051744556,0.998492956161499,0
fall-25-cam0-rgb,data/keypoints/fall/fall-25-cam0-rgb.npz,17,46,0,42,4,0.0005269477,0.998492956161499,0
fall-25-cam0-rgb,data/keypoints/fall/fall-25-cam0-rgb.npz,18,47,0,42,4,0.00053923624,0.998492956161499,0
fall-25-cam0-rgb,data/keypoints/fall/fall-25-cam0-rgb.npz,19,48,0,42,4,0.0005539965,0.998492956161499,0
fall-25-cam0-rgb,data/keypoints/fall/fall-25-cam0-rgb.npz,20,49,0,42,4,0.0005702326,0.998492956161499,0
fall-25-cam0-rgb,data/keypoints/fall/fall-25-cam0-rgb.npz,21,50,0,42,4,0.00059443124,0.998492956161499,0
fall-25-cam0-rgb,data/keypoints/fall/fall-25-cam0-rgb.npz,22,51,0,42,4,0.00062703266,0.998492956161499,0
fall-25-cam0-rgb,data/keypoints/fall/fall-25-cam0-rgb.npz,23,52,0,42,4,0.0006708125,0.998492956161499,0
fall-25-cam0-rgb,data/keypoints/fall/fall-25-cam0-rgb.npz,24,53,0,42,4,0.00074575114,0.998492956161499,0
fall-25-cam0-rgb,data/keypoints/fall/fall-25-cam0-rgb.npz,25,54,0,42,4,0.00087134284,0.998492956161499,0
fall-25-cam0-rgb,data/keypoints/fall/fall-25-cam0-rgb.npz,26,55,0,42,4,0.0011770184,0.998492956161499,0
fall-25-cam0-rgb,data/keypoints/fall/fall-25-cam0-rgb.npz,27,56,0,42,4,0.0022817934,0.998492956161499,0
fall-25-cam0-rgb,data/keypoints/fall/fall-25-cam0-rgb.npz,28,57,0,42,4,0.0098557,0.998492956161499,0
fall-25-cam0-rgb,data/keypoints/fall/fall-25-cam0-rgb.npz,29,58,0,42,4,0.04036592,0.998492956161499,0
fall-25-cam0-rgb,data/keypoints/fall/fall-25-cam0-rgb.npz,30,59,0,42,4,0.13077506,0.998492956161499,0
fall-25-cam0-rgb,data/keypoints/fall/fall-25-cam0-rgb.npz,31,60,0,42,4,0.3010219,0.998492956161499,0
fall-25-cam0-rgb,data/keypoints/fall/fall-25-cam0-rgb.npz,32,61,0,42,4,0.49963352,0.998492956161499,0
fall-25-cam0-rgb,data/keypoints/fall/fall-25-cam0-rgb.npz,33,62,0,42,4,0.67255276,0.998492956161499,0
fall-25-cam0-rgb,data/keypoints/fall/fall-25-cam0-rgb.npz,34,63,0,42,4,0.8023091,0.998492956161499,0
fall-25-cam0-rgb,data/keypoints/fall/fall-25-cam0-rgb.npz,35,64,0,42,4,0.87432325,0.998492956161499,0
fall-25-cam0-rgb,data/keypoints/fall/fall-25-cam0-rgb.npz,36,65,0,42,4,0.91970944,0.998492956161499,0
fall-25-cam0-rgb,data/keypoints/fall/fall-25-cam0-rgb.npz,37,66,0,42,4,0.93784237,0.998492956161499,0
fall-25-cam0-rgb,data/keypoints/fall/fall-25-cam0-rgb.npz,38,67,0,42,4,0.9590982,0.998492956161499,0
fall-25-cam0-rgb,data/keypoints/fall/fall-25-cam0-rgb.npz,39,68,0,42,4,0.9719045,0.998492956161499,0
fall-25-cam0-rgb,data/keypoints/fall/fall-25-cam0-rgb.npz,40,69,0,42,4,0.9801823,0.998492956161499,0
fall-25-cam0-rgb,data/keypoints/fall/fall-25-cam0-rgb.npz,41,70,0,42,4,0.9857086,0.998492956161499,0
fall-25-cam0-rgb,data/keypoints/fall/fall-25-cam0-rgb.npz,42,71,0,42,4,0.98932755,0.998492956161499,0
fall-25-cam0-rgb,data/keypoints/fall/fall-25-cam0-rgb.npz,43,72,0,42,4,0.9917395,0.998492956161499,0
fall-25-cam0-rgb,data/keypoints/fall/fall-25-cam0-rgb.npz,44,73,0,42,4,0.99323225,0.998492956161499,0
fall-25-cam0-rgb,data/keypoints/fall/fall-25-cam0-rgb.npz,46,75,1,42,4,0.99485695,0.998492956161499,0
fall-25-cam0-rgb,data/keypoints/fall/fall-25-cam0-rgb.npz,47,76,1,42,4,0.9952023,0.998492956161499,0
fall-25-cam0-rgb,data/keypoints/fall/fall-25-cam0-rgb.npz,48,77,1,42,4,0.99540186,0.998492956161499,0
fall-25-cam0-rgb,data/keypoints/fall/fall-25-cam0-rgb.npz,49,78,1,42,4,0.9955259,0.998492956161499,0
fall-25-cam0-rgb,data/keypoints/fall/fall-25-cam0-rgb.npz,50,79,1,42,4,0.9955384,0.998492956161499,0
fall-25-cam0-rgb,data/keypoints/fall/fall-25-cam0-rgb.npz,51,80,1,42,4,0.99562955,0.998492956161499,0
fall-25-cam0-rgb,data/keypoints/fall/fall-25-cam0-rgb.npz,52,81,1,42,4,0.99558,0.998492956161499,0
fall-25-cam0-rgb,data/keypoints/fall/fall-25-cam0-rgb.npz,53,82,1,42,4,0.99558455,0.998492956161499,0
fall-25-cam0-rgb,data/keypoints/fall/fall-25-cam0-rgb.npz,54,83,1,42,4,0.9955481,0.998492956161499,0
fall-25-cam0-rgb,data/keypoints/fall/fall-25-cam0-rgb.npz,55,84,1,42,4,0.99548537,0.998492956161499,0
fall-25-cam0-rgb,data/keypoints/fall/fall-25-cam0-rgb.npz,56,85,1,42,4,0.995265,0.998492956161499,0
fall-29-cam0-rgb,data/keypoints/fall/fall-29-cam0-rgb.npz,1,30,0,42,4,0.00050322287,0.998492956161499,0
fall-29-cam0-rgb,data/keypoints/fall/fall-29-cam0-rgb.npz,2,31,0,42,4,0.000503066,0.998492956161499,0
fall-29-cam0-rgb,data/keypoints/fall/fall-29-cam0-rgb.npz,3,32,0,42,4,0.0005028829,0.998492956161499,0
fall-29-cam0-rgb,data/keypoints/fall/fall-29-cam0-rgb.npz,4,33,0,42,4,0.0005027504,0.998492956161499,0
fall-29-cam0-rgb,data/keypoints/fall/fall-29-cam0-rgb.npz,5,34,0,42,4,0.00050273456,0.998492956161499,0
fall-29-cam0-rgb,data/keypoints/fall/fall-29-cam0-rgb.npz,6,35,0,42,4,0.00050248904,0.998492956161499,0
fall-29-cam0-rgb,data/keypoints/fall/fall-29-cam0-rgb.npz,7,36,0,42,4,0.0005021782,0.998492956161499,0
fall-29-cam0-rgb,data/keypoints/fall/fall-29-cam0-rgb.npz,8,37,0,42,4,0.0005018811,0.998492956161499,0
fall-29-cam0-rgb,data/keypoints/fall/fall-29-cam0-rgb.npz,9,38,0,42,4,0.00050161895,0.998492956161499,0
fall-29-cam0-rgb,data/keypoints/fall/fall-29-cam0-rgb.npz,10,39,0,42,4,0.00050140003,0.998492956161499,0
fall-29-cam0-rgb,data/keypoints/fall/fall-29-cam0-rgb.npz,11,40,0,42,4,0.00050116115,0.998492956161499,0
fall-29-cam0-rgb,data/keypoints/fall/fall-29-cam0-rgb.npz,12,41,0,42,4,0.00050090277,0.998492956161499,0
fall-29-cam0-rgb,data/keypoints/fall/fall-29-cam0-rgb.npz,13,42,0,42,4,0.0005005343,0.998492956161499,0
fall-29-cam0-rgb,data/keypoints/fall/fall-29-cam0-rgb.npz,14,43,0,42,4,0.00050036306,0.998492956161499,0
fall-29-cam0-rgb,data/keypoints/fall/fall-29-cam0-rgb.npz,15,44,0,42,4,0.00050069415,0.998492956161499,0
fall-29-cam0-rgb,data/keypoints/fall/fall-29-cam0-rgb.npz,16,45,0,42,4,0.0005009367,0.998492956161499,0
fall-29-cam0-rgb,data/keypoints/fall/fall-29-cam0-rgb.npz,17,46,0,42,4,0.0005017639,0.998492956161499,0
fall-29-cam0-rgb,data/keypoints/fall/fall-29-cam0-rgb.npz,18,47,0,42,4,0.00050302455,0.998492956161499,0
fall-29-cam0-rgb,data/keypoints/fall/fall-29-cam0-rgb.npz,19,48,0,42,4,0.00050484866,0.998492956161499,0
fall-29-cam0-rgb,data/keypoints/fall/fall-29-cam0-rgb.npz,20,49,0,42,4,0.00050716347,0.998492956161499,0
fall-29-cam0-rgb,data/keypoints/fall/fall-29-cam0-rgb.npz,21,50,0,42,4,0.00051095005,0.998492956161499,0
fall-29-cam0-rgb,data/keypoints/fall/fall-29-cam0-rgb.npz,22,51,0,42,4,0.00051718124,0.998492956161499,0
fall-29-cam0-rgb,data/keypoints/fall/fall-29-cam0-rgb.npz,23,52,0,42,4,0.00052780553,0.998492956161499,0
fall-29-cam0-rgb,data/keypoints/fall/fall-29-cam0-rgb.npz,24,53,0,42,4,0.000547526,0.998492956161499,0
fall-29-cam0-rgb,data/keypoints/fall/fall-29-cam0-rgb.npz,25,54,0,42,4,0.0005873988,0.998492956161499,0
fall-29-cam0-rgb,data/keypoints/fall/fall-29-cam0-rgb.npz,26,55,0,42,4,0.00067005126,0.998492956161499,0
fall-29-cam0-rgb,data/keypoints/fall/fall-29-cam0-rgb.npz,27,56,0,42,4,0.0008170938,0.998492956161499,0
fall-29-cam0-rgb,data/keypoints/fall/fall-29-cam0-rgb.npz,28,57,0,42,4,0.0010818467,0.998492956161499,0
fall-29-cam0-rgb,data/keypoints/fall/fall-29-cam0-rgb.npz,29,58,0,42,4,0.00153414,0.998492956161499,0
fall-29-cam0-rgb,data/keypoints/fall/fall-29-cam0-rgb.npz,30,59,0,42,4,0.0022585823,0.998492956161499,0
fall-29-cam0-rgb,data/keypoints/fall/fall-29-cam0-rgb.npz,31,60,0,42,4,0.0038388206,0.998492956161499,0
fall-29-cam0-rgb,data/keypoints/fall/fall-29-cam0-rgb.npz,32,61,0,42,4,0.007355774,0.998492956161499,0
fall-29-cam0-rgb,data/keypoints/fall/fall-29-cam0-rgb.npz,33,62,0,42,4,0.014156566,0.998492956161499,0
fall-29-cam0-rgb,data/keypoints/fall/fall-29-cam0-rgb.npz,34,63,0,42,4,0.025262872,0.998492956161499,0
fall-29-cam0-rgb,data/keypoints/fall/fall-29-cam0-rgb.npz,35,64,0,42,4,0.046177052,0.998492956161499,0
fall-29-cam0-rgb,data/keypoints/fall/fall-29-cam0-rgb.npz,36,65,0,42,4,0.07693661,0.998492956161499,0
fall-29-cam0-rgb,data/keypoints/fall/fall-29-cam0-rgb.npz,37,66,0,42,4,0.13566598,0.998492956161499,0
fall-29-cam0-rgb,data/keypoints/fall/fall-29-cam0-rgb.npz,38,67,0,42,4,0.2219613,0.998492956161499,0
fall-29-cam0-rgb,data/keypoints/fall/fall-29-cam0-rgb.npz,39,68,0,42,4,0.3194559,0.998492956161499,0
fall-29-cam0-rgb,data/keypoints/fall/fall-29-cam0-rgb.npz,40,69,0,42,4,0.4252104,0.998492956161499,0
fall-29-cam0-rgb,data/keypoints/fall/fall-29-cam0-rgb.npz,41,70,0,42,4,0.489737,0.998492956161499,0
fall-29-cam0-rgb,data/keypoints/fall/fall-29-cam0-rgb.npz,42,71,0,42,4,0.564234,0.998492956161499,0
fall-29-cam0-rgb,data/keypoints/fall/fall-29-cam0-rgb.npz,43,72,0,42,4,0.63912576,0.998492956161499,0
fall-29-cam0-rgb,data/keypoints/fall/fall-29-cam0-rgb.npz,44,73,0,42,4,0.6981558,0.998492956161499,0
fall-29-cam0-rgb,data/keypoints/fall/fall-29-cam0-rgb.npz,45,74,0,42,4,0.7485008,0.998492956161499,0
fall-29-cam0-rgb,data/keypoints/fall/fall-29-cam0-rgb.npz,46,75,0,42,4,0.9529186,0.998492956161499,0
fall-29-cam0-rgb,data/keypoints/fall/fall-29-cam0-rgb.npz,47,76,0,42,4,0.9743671,0.998492956161499,0
fall-29-cam0-rgb,data/keypoints/fall/fall-29-cam0-rgb.npz,48,77,0,42,4,0.9852341,0.998492956161499,0
fall-29-cam0-rgb,data/keypoints/fall/fall-29-cam0-rgb.npz,50,79,1,42,4,0.9936727,0.998492956161499,0
fall-29-cam0-rgb,data/keypoints/fall/fall-29-cam0-rgb.npz,51,80,1,42,4,0.99534863,0.998492956161499,0
fall-29-cam0-rgb,data/keypoints/fall/fall-29-cam0-rgb.npz,52,81,1,42,4,0.996212,0.998492956161499,0
fall-29-cam0-rgb,data/keypoints/fall/fall-29-cam0-rgb.npz,53,82,1,42,4,0.99668354,0.998492956161499,0
fall-29-cam0-rgb,data/keypoints/fall/fall-29-cam0-rgb.npz,54,83,1,42,4,0.99691594,0.998492956161499,0
fall-29-cam0-rgb,data/keypoints/fall/fall-29-cam0-rgb.npz,55,84,1,42,4,0.9971173,0.998492956161499,0
fall-29-cam0-rgb,data/keypoints/fall/fall-29-cam0-rgb.npz,56,85,1,42,4,0.99733245,0.998492956161499,0
fall-29-cam0-rgb,data/keypoints/fall/fall-29-cam0-rgb.npz,57,86,1,42,4,0.99751115,0.998492956161499,0
fall-29-cam0-rgb,data/keypoints/fall/fall-29-cam0-rgb.npz,58,87,1,42,4,0.98578763,0.998492956161499,0
fall-29-cam0-rgb,data/keypoints/fall/fall-29-cam0-rgb.npz,59,88,1,42,4,0.98830634,0.998492956161499,0
fall-29-cam0-rgb,data/keypoints/fall/fall-29-cam0-rgb.npz,60,89,1,42,4,0.99012893,0.998492956161499,0
fall-29-cam0-rgb,data/keypoints/fall/fall-29-cam0-rgb.npz,61,90,1,42,4,0.93535614,0.998492956161499,0
fall-29-cam0-rgb,data/keypoints/fall/fall-29-cam0-rgb.npz,62,91,1,42,4,0.94387436,0.998492956161499,0
fall-29-cam0-rgb,data/keypoints/fall/fall-29-cam0-rgb.npz,63,92,1,42,4,0.9510485,0.998492956161499,0
fall-29-cam0-rgb,data/keypoints/fall/fall-29-cam0-rgb.npz,64,93,1,42,4,0.06255008,0.998492956161499,0
fall-29-cam0-rgb,data/keypoints/fall/fall-29-cam0-rgb.npz,65,94,1,42,4,0.07121374,0.998492956161499,0
fall-29-cam0-rgb,data/keypoints/fall/fall-29-cam0-rgb.npz,66,95,1,42,4,0.011840143,0.998492956161499,0
fall-29-cam0-rgb,data/keypoints/fall/fall-29-cam0-rgb.npz,67,96,1,42,4,0.013153839,0.998492956161499,0
fall-29-cam0-rgb,data/keypoints/fall/fall-29-cam0-rgb.npz,68,97,1,42,4,0.014530308,0.998492956161499,0
fall-29-cam0-rgb,data/keypoints/fall/fall-29-cam0-rgb.npz,69,98,1,42,4,0.016057858,0.998492956161499,0
fall-29-cam0-rgb,data/keypoints/fall/fall-29-cam0-rgb.npz,70,99,1,42,4,0.017583216,0.998492956161499,0
fall-30-cam0-rgb,data/keypoints/fall/fall-30-cam0-rgb.npz,1,30,0,42,4,0.00087483437,0.998492956161499,0
fall-30-cam0-rgb,data/keypoints/fall/fall-30-cam0-rgb.npz,2,31,0,42,4,0.0009398078,0.998492956161499,0
fall-30-cam0-rgb,data/keypoints/fall/fall-30-cam0-rgb.npz,3,32,0,42,4,0.0010245562,0.998492956161499,0
fall-30-cam0-rgb,data/keypoints/fall/fall-30-cam0-rgb.npz,4,33,0,42,4,0.0011445791,0.998492956161499,0
fall-30-cam0-rgb,data/keypoints/fall/fall-30-cam0-rgb.npz,5,34,0,42,4,0.0013377018,0.998492956161499,0
fall-30-cam0-rgb,data/keypoints/fall/fall-30-cam0-rgb.npz,6,35,0,42,4,0.0017461907,0.998492956161499,0
fall-30-cam0-rgb,data/keypoints/fall/fall-30-cam0-rgb.npz,7,36,0,42,4,0.0036771917,0.998492956161499,0
fall-30-cam0-rgb,data/keypoints/fall/fall-30-cam0-rgb.npz,8,37,0,42,4,0.012914958,0.998492956161499,0
fall-30-cam0-rgb,data/keypoints/fall/fall-30-cam0-rgb.npz,9,38,0,42,4,0.13811722,0.998492956161499,0
fall-30-cam0-rgb,data/keypoints/fall/fall-30-cam0-rgb.npz,10,39,0,42,4,0.51259655,0.998492956161499,0
fall-30-cam0-rgb,data/keypoints/fall/fall-30-cam0-rgb.npz,11,40,0,42,4,0.85212487,0.998492956161499,0
fall-30-cam0-rgb,data/keypoints/fall/fall-30-cam0-rgb.npz,12,41,0,42,4,0.9581053,0.998492956161499,0
fall-30-cam0-rgb,data/keypoints/fall/fall-30-cam0-rgb.npz,13,42,0,42,4,0.98519206,0.998492956161499,0
fall-30-cam0-rgb,data/keypoints/fall/fall-30-cam0-rgb.npz,14,43,0,42,4,0.99359506,0.998492956161499,0
fall-30-cam0-rgb,data/keypoints/fall/fall-30-cam0-rgb.npz,15,44,0,42,4,0.99614257,0.998492956161499,0
fall-30-cam0-rgb,data/keypoints/fall/fall-30-cam0-rgb.npz,16,45,0,42,4,0.99726117,0.998492956161499,0
fall-30-cam0-rgb,data/keypoints/fall/fall-30-cam0-rgb.npz,17,46,0,42,4,0.9978777,0.998492956161499,0
fall-30-cam0-rgb,data/keypoints/fall/fall-30-cam0-rgb.npz,18,47,0,42,4,0.99828076,0.998492956161499,0
fall-30-cam0-rgb,data/keypoints/fall/fall-30-cam0-rgb.npz,19,48,0,42,4,0.9985493,0.998492956161499,1
fall-30-cam0-rgb,data/keypoints/fall/fall-30-cam0-rgb.npz,20,49,0,42,4,0.9987388,0.998492956161499,1
fall-30-cam0-rgb,data/keypoints/fall/fall-30-cam0-rgb.npz,21,50,0,42,4,0.9988757,0.998492956161499,1
fall-30-cam0-rgb,data/keypoints/fall/fall-30-cam0-rgb.npz,22,51,0,42,4,0.99907947,0.998492956161499,1
fall-30-cam0-rgb,data/keypoints/fall/fall-30-cam0-rgb.npz,23,52,0,42,4,0.9991653,0.998492956161499,1
fall-30-cam0-rgb,data/keypoints/fall/fall-30-cam0-rgb.npz,24,53,0,42,4,0.9992262,0.998492956161499,1
fall-30-cam0-rgb,data/keypoints/fall/fall-30-cam0-rgb.npz,26,55,1,42,4,0.9992907,0.998492956161499,1
fall-30-cam0-rgb,data/keypoints/fall/fall-30-cam0-rgb.npz,27,56,1,42,4,0.99932134,0.998492956161499,1
fall-30-cam0-rgb,data/keypoints/fall/fall-30-cam0-rgb.npz,28,57,1,42,4,0.9993455,0.998492956161499,1
fall-30-cam0-rgb,data/keypoints/fall/fall-30-cam0-rgb.npz,29,58,1,42,4,0.99936515,0.998492956161499,1
fall-30-cam0-rgb,data/keypoints/fall/fall-30-cam0-rgb.npz,30,59,1,42,4,0.9993808,0.998492956161499,1
fall-30-cam0-rgb,data/keypoints/fall/fall-30-cam0-rgb.npz,31,60,1,42,4,0.9993917,0.998492956161499,1
fall-30-cam0-rgb,data/keypoints/fall/fall-30-cam0-rgb.npz,32,61,1,42,4,0.9993981,0.998492956161499,1
fall-30-cam0-rgb,data/keypoints/fall/fall-30-cam0-rgb.npz,33,62,1,42,4,0.99939466,0.998492956161499,1
fall-30-cam0-rgb,data/keypoints/fall/fall-30-cam0-rgb.npz,34,63,1,42,4,0.99939024,0.998492956161499,1
fall-30-cam0-rgb,data/keypoints/fall/fall-30-cam0-rgb.npz,35,64,1,42,4,0.9993799,0.998492956161499,1
fall-30-cam0-rgb,data/keypoints/fall/fall-30-cam0-rgb.npz,36,65,1,42,4,0.9993643,0.998492956161499,1
fall-30-cam0-rgb,data/keypoints/fall/fall-30-cam0-rgb.npz,37,66,1,42,4,0.9993488,0.998492956161499,1
fall-30-cam0-rgb,data/keypoints/fall/fall-30-cam0-rgb.npz,38,67,1,42,4,0.882352,0.998492956161499,0
fall-30-cam0-rgb,data/keypoints/fall/fall-30-cam0-rgb.npz,39,68,1,42,4,0.89496416,0.998492956161499,0
fall-30-cam0-rgb,data/keypoints/fall/fall-30-cam0-rgb.npz,40,69,1,42,4,0.907895,0.998492956161499,0
fall-30-cam0-rgb,data/keypoints/fall/fall-30-cam0-rgb.npz,41,70,1,42,4,0.9182669,0.998492956161499,0
adl-01-cam0-rgb,data/keypoints/adl/adl-01-cam0-rgb.npz,1,30,0,42,5,7.919965e-05,0.20958133041858673,0
adl-01-cam0-rgb,data/keypoints/adl/adl-01-cam0-rgb.npz,2,31,0,42,5,7.8951874e-05,0.20958133041858673,0
adl-01-cam0-rgb,data/keypoints/adl/adl-01-cam0-rgb.npz,3,32,0,42,5,7.864071e-05,0.20958133041858673,0
adl-01-cam0-rgb,data/keypoints/adl/adl-01-cam0-rgb.npz,4,33,0,42,5,7.831801e-05,0.20958133041858673,0
adl-01-cam0-rgb,data/keypoints/adl/adl-01-cam0-rgb.npz,5,34,0,42,5,7.79055e-05,0.20958133041858673,0
adl-01-cam0-rgb,data/keypoints/adl/adl-01-cam0-rgb.npz,6,35,0,42,5,7.7551485e-05,0.20958133041858673,0
adl-01-cam0-rgb,data/keypoints/adl/adl-01-cam0-rgb.npz,7,36,0,42,5,7.7122866e-05,0.20958133041858673,0
adl-01-cam0-rgb,data/keypoints/adl/adl-01-cam0-rgb.npz,8,37,0,42,5,7.667964e-05,0.20958133041858673,0
adl-01-cam0-rgb,data/keypoints/adl/adl-01-cam0-rgb.npz,9,38,0,42,5,7.62954e-05,0.20958133041858673,0
adl-01-cam0-rgb,data/keypoints/adl/adl-01-cam0-rgb.npz,10,39,0,42,5,7.579633e-05,0.20958133041858673,0
adl-01-cam0-rgb,data/keypoints/adl/adl-01-cam0-rgb.npz,11,40,0,42,5,7.5356715e-05,0.20958133041858673,0
adl-01-cam0-rgb,data/keypoints/adl/adl-01-cam0-rgb.npz,12,41,0,42,5,7.482953e-05,0.20958133041858673,0
adl-01-cam0-rgb,data/keypoints/adl/adl-01-cam0-rgb.npz,13,42,0,42,5,7.429052e-05,0.20958133041858673,0
adl-01-cam0-rgb,data/keypoints/adl/adl-01-cam0-rgb.npz,14,43,0,42,5,7.37798e-05,0.20958133041858673,0
adl-01-cam0-rgb,data/keypoints/adl/adl-01-cam0-rgb.npz,15,44,0,42,5,7.309666e-05,0.20958133041858673,0
adl-01-cam0-rgb,data/keypoints/adl/adl-01-cam0-rgb.npz,16,45,0,42,5,7.257047e-05,0.20958133041858673,0
adl-01-cam0-rgb,data/keypoints/adl/adl-01-cam0-rgb.npz,17,46,0,42,5,7.20737e-05,0.20958133041858673,0
adl-01-cam0-rgb,data/keypoints/adl/adl-01-cam0-rgb.npz,18,47,0,42,5,7.1635644e-05,0.20958133041858673,0
adl-01-cam0-rgb,data/keypoints/adl/adl-01-cam0-rgb.npz,19,48,0,42,5,7.1134964e-05,0.20958133041858673,0
adl-01-cam0-rgb,data/keypoints/adl/adl-01-cam0-rgb.npz,20,49,0,42,5,7.0689406e-05,0.20958133041858673,0
adl-01-cam0-rgb,data/keypoints/adl/adl-01-cam0-rgb.npz,21,50,0,42,5,7.0289054e-05,0.20958133041858673,0
adl-01-cam0-rgb,data/keypoints/adl/adl-01-cam0-rgb.npz,22,51,0,42,5,6.988163e-05,0.20958133041858673,0
adl-01-cam0-rgb,data/keypoints/adl/adl-01-cam0-rgb.npz,23,52,0,42,5,6.9549766e-05,0.20958133041858673,0
adl-01-cam0-rgb,data/keypoints/adl/adl-01-cam0-rgb.npz,24,53,0,42,5,6.923497e-05,0.20958133041858673,0
adl-01-cam0-rgb,data/keypoints/adl/adl-01-cam0-rgb.npz,25,54,0,42,5,6.8995716e-05,0.20958133041858673,0
adl-01-cam0-rgb,data/keypoints/adl/adl-01-cam0-rgb.npz,26,55,0,42,5,6.8762616e-05,0.20958133041858673,0
adl-01-cam0-rgb,data/keypoints/adl/adl-01-cam0-rgb.npz,27,56,0,42,5,6.8488735e-05,0.20958133041858673,0
adl-01-cam0-rgb,data/keypoints/adl/adl-01-cam0-rgb.npz,28,57,0,42,5,6.8292626e-05,0.20958133041858673,0
adl-01-cam0-rgb,data/keypoints/adl/adl-01-cam0-rgb.npz,29,58,0,42,5,6.810305e-05,0.20958133041858673,0
adl-01-cam0-rgb,data/keypoints/adl/adl-01-cam0-rgb.npz,30,59,0,42,5,6.790792e-05,0.20958133041858673,0
adl-01-cam0-rgb,data/keypoints/adl/adl-01-cam0-rgb.npz,31,60,0,42,5,6.774907e-05,0.20958133041858673,0
adl-01-cam0-rgb,data/keypoints/adl/adl-01-cam0-rgb.npz,32,61,0,42,5,6.7592504e-05,0.20958133041858673,0
adl-01-cam0-rgb,data/keypoints/adl/adl-01-cam0-rgb.npz,33,62,0,42,5,6.7385336e-05,0.20958133041858673,0
adl-01-cam0-rgb,data/keypoints/adl/adl-01-cam0-rgb.npz,34,63,0,42,5,6.725175e-05,0.20958133041858673,0
adl-01-cam0-rgb,data/keypoints/adl/adl-01-cam0-rgb.npz,35,64,0,42,5,6.7046014e-05,0.20958133041858673,0
adl-01-cam0-rgb,data/keypoints/adl/adl-01-cam0-rgb.npz,36,65,0,42,5,6.6874934e-05,0.20958133041858673,0
adl-01-cam0-rgb,data/keypoints/adl/adl-01-cam0-rgb.npz,37,66,0,42,5,6.671213e-05,0.20958133041858673,0
adl-01-cam0-rgb,data/keypoints/adl/adl-01-cam0-rgb.npz,38,67,0,42,5,6.653329e-05,0.20958133041858673,0
adl-01-cam0-rgb,data/keypoints/adl/adl-01-cam0-rgb.npz,39,68,0,42,5,6.635524e-05,0.20958133041858673,0
adl-01-cam0-rgb,data/keypoints/adl/adl-01-cam0-rgb.npz,40,69,0,42,5,6.609764e-05,0.20958133041858673,0
adl-01-cam0-rgb,data/keypoints/adl/adl-01-cam0-rgb.npz,41,70,0,42,5,6.567178e-05,0.20958133041858673,0
adl-01-cam0-rgb,data/keypoints/adl/adl-01-cam0-rgb.npz,42,71,0,42,5,6.507209e-05,0.20958133041858673,0
adl-01-cam0-rgb,data/keypoints/adl/adl-01-cam0-rgb.npz,43,72,0,42,5,6.449551e-05,0.20958133041858673,0
adl-01-cam0-rgb,data/keypoints/adl/adl-01-cam0-rgb.npz,44,73,0,42,5,6.401005e-05,0.20958133041858673,0
adl-01-cam0-rgb,data/keypoints/adl/adl-01-cam0-rgb.npz,45,74,0,42,5,6.358559e-05,0.20958133041858673,0
adl-01-cam0-rgb,data/keypoints/adl/adl-01-cam0-rgb.npz,46,75,0,42,5,6.31499e-05,0.20958133041858673,0
adl-01-cam0-rgb,data/keypoints/adl/adl-01-cam0-rgb.npz,47,76,0,42,5,6.2760926e-05,0.20958133041858673,0
adl-01-cam0-rgb,data/keypoints/adl/adl-01-cam0-rgb.npz,48,77,0,42,5,6.23683e-05,0.20958133041858673,0
adl-01-cam0-rgb,data/keypoints/adl/adl-01-cam0-rgb.npz,49,78,0,42,5,6.167354e-05,0.20958133041858673,0
adl-01-cam0-rgb,data/keypoints/adl/adl-01-cam0-rgb.npz,50,79,0,42,5,6.1006696e-05,0.20958133041858673,0
adl-01-cam0-rgb,data/keypoints/adl/adl-01-cam0-rgb.npz,51,80,0,42,5,6.0355364e-05,0.20958133041858673,0
adl-01-cam0-rgb,data/keypoints/adl/adl-01-cam0-rgb.npz,52,81,0,42,5,5.9623864e-05,0.20958133041858673,0
adl-01-cam0-rgb,data/keypoints/adl/adl-01-cam0-rgb.npz,53,82,0,42,5,5.8733407e-05,0.20958133041858673,0
adl-01-cam0-rgb,data/keypoints/adl/adl-01-cam0-rgb.npz,54,83,0,42,5,5.811831e-05,0.20958133041858673,0
adl-01-cam0-rgb,data/keypoints/adl/adl-01-cam0-rgb.npz,55,84,0,42,5,5.7305835e-05,0.20958133041858673,0
adl-01-cam0-rgb,data/keypoints/adl/adl-01-cam0-rgb.npz,56,85,0,42,5,5.60693e-05,0.20958133041858673,0
adl-01-cam0-rgb,data/keypoints/adl/adl-01-cam0-rgb.npz,57,86,0,42,5,5.4973407e-05,0.20958133041858673,0
adl-01-cam0-rgb,data/keypoints/adl/adl-01-cam0-rgb.npz,58,87,0,42,5,5.3952343e-05,0.20958133041858673,0
adl-01-cam0-rgb,data/keypoints/adl/adl-01-cam0-rgb.npz,59,88,0,42,5,5.311898e-05,0.20958133041858673,0
adl-01-cam0-rgb,data/keypoints/adl/adl-01-cam0-rgb.npz,60,89,0,42,5,5.1963463e-05,0.20958133041858673,0
adl-01-cam0-rgb,data/keypoints/adl/adl-01-cam0-rgb.npz,61,90,0,42,5,5.105788e-05,0.20958133041858673,0
adl-01-cam0-rgb,data/keypoints/adl/adl-01-cam0-rgb.npz,62,91,0,42,5,5.0051185e-05,0.20958133041858673,0
adl-01-cam0-rgb,data/keypoints/adl/adl-01-cam0-rgb.npz,63,92,0,42,5,4.904554e-05,0.20958133041858673,0
adl-01-cam0-rgb,data/keypoints/adl/adl-01-cam0-rgb.npz,64,93,0,42,5,4.781926e-05,0.20958133041858673,0
adl-01-cam0-rgb,data/keypoints/adl/adl-01-cam0-rgb.npz,65,94,0,42,5,4.6803252e-05,0.20958133041858673,0
adl-01-cam0-rgb,data/keypoints/adl/adl-01-cam0-rgb.npz,66,95,0,42,5,4.590084e-05,0.20958133041858673,0
adl-01-cam0-rgb,data/keypoints/adl/adl-01-cam0-rgb.npz,67,96,0,42,5,4.4705328e-05,0.20958133041858673,0
adl-01-cam0-rgb,data/keypoints/adl/adl-01-cam0-rgb.npz,68,97,0,42,5,4.37559e-05,0.20958133041858673,0
adl-01-cam0-rgb,data/keypoints/adl/adl-01-cam0-rgb.npz,69,98,0,42,5,4.279532e-05,0.20958133041858673,0
adl-01-cam0-rgb,data/keypoints/adl/adl-01-cam0-rgb.npz,70,99,0,42,5,4.21442e-05,0.20958133041858673,0
adl-01-cam0-rgb,data/keypoints/adl/adl-01-cam0-rgb.npz,71,100,0,42,5,4.1496936e-05,0.20958133041858673,0
adl-01-cam0-rgb,data/keypoints/adl/adl-01-cam0-rgb.npz,72,101,0,42,5,4.0788134e-05,0.20958133041858673,0
adl-01-cam0-rgb,data/keypoints/adl/adl-01-cam0-rgb.npz,73,102,0,42,5,4.0005623e-05,0.20958133041858673,0
adl-01-cam0-rgb,data/keypoints/adl/adl-01-cam0-rgb.npz,74,103,0,42,5,3.9530627e-05,0.20958133041858673,0
adl-01-cam0-rgb,data/keypoints/adl/adl-01-cam0-rgb.npz,75,104,0,42,5,3.9101e-05,0.20958133041858673,0
adl-01-cam0-rgb,data/keypoints/adl/adl-01-cam0-rgb.npz,76,105,0,42,5,3.8287926e-05,0.20958133041858673,0
adl-01-cam0-rgb,data/keypoints/adl/adl-01-cam0-rgb.npz,77,106,0,42,5,3.7759037e-05,0.20958133041858673,0
adl-01-cam0-rgb,data/keypoints/adl/adl-01-cam0-rgb.npz,78,107,0,42,5,3.66174e-05,0.20958133041858673,0
adl-01-cam0-rgb,data/keypoints/adl/adl-01-cam0-rgb.npz,79,108,0,42,5,3.5360095e-05,0.20958133041858673,0
adl-01-cam0-rgb,data/keypoints/adl/adl-01-cam0-rgb.npz,80,109,0,42,5,3.3540833e-05,0.20958133041858673,0
adl-01-cam0-rgb,data/keypoints/adl/adl-01-cam0-rgb.npz,81,110,0,42,5,8.586098e-06,0.20958133041858673,0
adl-01-cam0-rgb,data/keypoints/adl/adl-01-cam0-rgb.npz,82,111,0,42,5,8.332083e-06,0.20958133041858673,0
adl-01-cam0-rgb,data/keypoints/adl/adl-01-cam0-rgb.npz,83,112,0,42,5,8.100084e-06,0.20958133041858673,0
adl-01-cam0-rgb,data/keypoints/adl/adl-01-cam0-rgb.npz,84,113,0,42,5,7.967413e-06,0.20958133041858673,0
adl-01-cam0-rgb,data/keypoints/adl/adl-01-cam0-rgb.npz,85,114,0,42,5,7.722931e-06,0.20958133041858673,0
adl-01-cam0-rgb,data/keypoints/adl/adl-01-cam0-rgb.npz,86,115,0,42,5,7.4792856e-06,0.20958133041858673,0
adl-01-cam0-rgb,data/keypoints/adl/adl-01-cam0-rgb.npz,87,116,0,42,5,6.2831523e-06,0.20958133041858673,0
adl-01-cam0-rgb,data/keypoints/adl/adl-01-cam0-rgb.npz,88,117,0,42,5,5.3551917e-06,0.20958133041858673,0
adl-01-cam0-rgb,data/keypoints/adl/adl-01-cam0-rgb.npz,89,118,0,42,5,5.0015624e-06,0.20958133041858673,0
adl-01-cam0-rgb,data/keypoints/adl/adl-01-cam0-rgb.npz,90,119,0,42,5,4.656403e-06,0.20958133041858673,0
adl-01-cam0-rgb,data/keypoints/adl/adl-01-cam0-rgb.npz,91,120,0,42,5,4.3417904e-06,0.20958133041858673,0
adl-01-cam0-rgb,data/keypoints/adl/adl-01-cam0-rgb.npz,92,121,0,42,5,4.0863592e-06,0.20958133041858673,0
adl-01-cam0-rgb,data/keypoints/adl/adl-01-cam0-rgb.npz,93,122,0,42,5,3.8804533e-06,0.20958133041858673,0
adl-01-cam0-rgb,data/keypoints/adl/adl-01-cam0-rgb.npz,94,123,0,42,5,3.7412465e-06,0.20958133041858673,0
adl-01-cam0-rgb,data/keypoints/adl/adl-01-cam0-rgb.npz,95,124,0,42,5,3.6351537e-06,0.20958133041858673,0
adl-01-cam0-rgb,data/keypoints/adl/adl-01-cam0-rgb.npz,96,125,0,42,5,3.5469143e-06,0.20958133041858673,0
adl-01-cam0-rgb,data/keypoints/adl/adl-01-cam0-rgb.npz,97,126,0,42,5,3.2677713e-06,0.20958133041858673,0
adl-01-cam0-rgb,data/keypoints/adl/adl-01-cam0-rgb.npz,98,127,0,42,5,3.229522e-06,0.20958133041858673,0
adl-01-cam0-rgb,data/keypoints/adl/adl-01-cam0-rgb.npz,99,128,0,42,5,3.2171245e-06,0.20958133041858673,0
adl-01-cam0-rgb,data/keypoints/adl/adl-01-cam0-rgb.npz,100,129,0,42,5,3.2631249e-06,0.20958133041858673,0
adl-01-cam0-rgb,data/keypoints/adl/adl-01-cam0-rgb.npz,101,130,0,42,5,3.317639e-06,0.20958133041858673,0
adl-01-cam0-rgb,data/keypoints/adl/adl-01-cam0-rgb.npz,102,131,0,42,5,3.389374e-06,0.20958133041858673,0
adl-01-cam0-rgb,data/keypoints/adl/adl-01-cam0-rgb.npz,103,132,0,42,5,3.5037438e-06,0.20958133041858673,0
adl-01-cam0-rgb,data/keypoints/adl/adl-01-cam0-rgb.npz,104,133,0,42,5,3.6197214e-06,0.20958133041858673,0
adl-01-cam0-rgb,data/keypoints/adl/adl-01-cam0-rgb.npz,105,134,0,42,5,3.7412892e-06,0.20958133041858673,0
adl-01-cam0-rgb,data/keypoints/adl/adl-01-cam0-rgb.npz,106,135,0,42,5,3.872986e-06,0.20958133041858673,0
adl-01-cam0-rgb,data/keypoints/adl/adl-01-cam0-rgb.npz,107,136,0,42,5,3.993336e-06,0.20958133041858673,0
adl-01-cam0-rgb,data/keypoints/adl/adl-01-cam0-rgb.npz,108,137,0,42,5,4.1323397e-06,0.20958133041858673,0
adl-01-cam0-rgb,data/keypoints/adl/adl-01-cam0-rgb.npz,109,138,0,42,5,4.2793763e-06,0.20958133041858673,0
adl-01-cam0-rgb,data/keypoints/adl/adl-01-cam0-rgb.npz,110,139,0,42,5,4.4324092e-06,0.20958133041858673,0
adl-01-cam0-rgb,data/keypoints/adl/adl-01-cam0-rgb.npz,111,140,0,42,5,4.5678385e-06,0.20958133041858673,0
adl-01-cam0-rgb,data/keypoints/adl/adl-01-cam0-rgb.npz,112,141,0,42,5,4.7001568e-06,0.20958133041858673,0
adl-01-cam0-rgb,data/keypoints/adl/adl-01-cam0-rgb.npz,113,142,0,42,5,4.828717e-06,0.20958133041858673,0
adl-01-cam0-rgb,data/keypoints/adl/adl-01-cam0-rgb.npz,114,143,0,42,5,4.9262753e-06,0.20958133041858673,0
adl-01-cam0-rgb,data/keypoints/adl/adl-01-cam0-rgb.npz,115,144,0,42,5,5.026552e-06,0.20958133041858673,0
adl-01-cam0-rgb,data/keypoints/adl/adl-01-cam0-rgb.npz,116,145,0,42,5,5.132838e-06,0.20958133041858673,0
adl-01-cam0-rgb,data/keypoints/adl/adl-01-cam0-rgb.npz,117,146,0,42,5,5.233689e-06,0.20958133041858673,0
adl-01-cam0-rgb,data/keypoints/adl/adl-01-cam0-rgb.npz,118,147,0,42,5,7.3426245e-06,0.20958133041858673,0
adl-01-cam0-rgb,data/keypoints/adl/adl-01-cam0-rgb.npz,119,148,0,42,5,7.2893617e-06,0.20958133041858673,0
adl-01-cam0-rgb,data/keypoints/adl/adl-01-cam0-rgb.npz,120,149,0,42,5,7.408948e-06,0.20958133041858673,0
adl-01-cam0-rgb,data/keypoints/adl/adl-01-cam0-rgb.npz,121,150,0,42,5,7.604489e-06,0.20958133041858673,0
adl-10-cam0-rgb,data/keypoints/adl/adl-10-cam0-rgb.npz,1,30,0,42,5,7.8253586e-05,0.20958133041858673,0
adl-10-cam0-rgb,data/keypoints/adl/adl-10-cam0-rgb.npz,2,31,0,42,5,7.78446e-05,0.20958133041858673,0
adl-10-cam0-rgb,data/keypoints/adl/adl-10-cam0-rgb.npz,3,32,0,42,5,7.737192e-05,0.20958133041858673,0
adl-10-cam0-rgb,data/keypoints/adl/adl-10-cam0-rgb.npz,4,33,0,42,5,7.68925e-05,0.20958133041858673,0
adl-10-cam0-rgb,data/keypoints/adl/adl-10-cam0-rgb.npz,5,34,0,42,5,7.645564e-05,0.20958133041858673,0
adl-10-cam0-rgb,data/keypoints/adl/adl-10-cam0-rgb.npz,6,35,0,42,5,7.599058e-05,0.20958133041858673,0
adl-10-cam0-rgb,data/keypoints/adl/adl-10-cam0-rgb.npz,7,36,0,42,5,7.552059e-05,0.20958133041858673,0
adl-10-cam0-rgb,data/keypoints/adl/adl-10-cam0-rgb.npz,8,37,0,42,5,7.495173e-05,0.20958133041858673,0
adl-10-cam0-rgb,data/keypoints/adl/adl-10-cam0-rgb.npz,9,38,0,42,5,7.444135e-05,0.20958133041858673,0
adl-10-cam0-rgb,data/keypoints/adl/adl-10-cam0-rgb.npz,10,39,0,42,5,7.386448e-05,0.20958133041858673,0
adl-10-cam0-rgb,data/keypoints/adl/adl-10-cam0-rgb.npz,11,40,0,42,5,7.330243e-05,0.20958133041858673,0
adl-10-cam0-rgb,data/keypoints/adl/adl-10-cam0-rgb.npz,12,41,0,42,5,7.277614e-05,0.20958133041858673,0
adl-10-cam0-rgb,data/keypoints/adl/adl-10-cam0-rgb.npz,13,42,0,42,5,7.2259165e-05,0.20958133041858673,0
adl-10-cam0-rgb,data/keypoints/adl/adl-10-cam0-rgb.npz,14,43,0,42,5,7.179006e-05,0.20958133041858673,0
adl-10-cam0-rgb,data/keypoints/adl/adl-10-cam0-rgb.npz,15,44,0,42,5,7.133978e-05,0.20958133041858673,0
adl-10-cam0-rgb,data/keypoints/adl/adl-10-cam0-rgb.npz,16,45,0,42,5,7.093966e-05,0.20958133041858673,0
adl-10-cam0-rgb,data/keypoints/adl/adl-10-cam0-rgb.npz,17,46,0,42,5,7.049493e-05,0.20958133041858673,0
adl-10-cam0-rgb,data/keypoints/adl/adl-10-cam0-rgb.npz,18,47,0,42,5,7.006006e-05,0.20958133041858673,0
adl-10-cam0-rgb,data/keypoints/adl/adl-10-cam0-rgb.npz,19,48,0,42,5,6.9669906e-05,0.20958133041858673,0
adl-10-cam0-rgb,data/keypoints/adl/adl-10-cam0-rgb.npz,20,49,0,42,5,6.9287875e-05,0.20958133041858673,0
adl-10-cam0-rgb,data/keypoints/adl/adl-10-cam0-rgb.npz,21,50,0,42,5,6.893002e-05,0.20958133041858673,0
adl-10-cam0-rgb,data/keypoints/adl/adl-10-cam0-rgb.npz,22,51,0,42,5,6.855572e-05,0.20958133041858673,0
adl-10-cam0-rgb,data/keypoints/adl/adl-10-cam0-rgb.npz,23,52,0,42,5,6.822981e-05,0.20958133041858673,0
adl-10-cam0-rgb,data/keypoints/adl/adl-10-cam0-rgb.npz,24,53,0,42,5,6.781402e-05,0.20958133041858673,0
adl-10-cam0-rgb,data/keypoints/adl/adl-10-cam0-rgb.npz,25,54,0,42,5,6.7363166e-05,0.20958133041858673,0
adl-10-cam0-rgb,data/keypoints/adl/adl-10-cam0-rgb.npz,26,55,0,42,5,6.692739e-05,0.20958133041858673,0
adl-10-cam0-rgb,data/keypoints/adl/adl-10-cam0-rgb.npz,27,56,0,42,5,6.6493776e-05,0.20958133041858673,0
adl-10-cam0-rgb,data/keypoints/adl/adl-10-cam0-rgb.npz,28,57,0,42,5,6.603981e-05,0.20958133041858673,0
adl-10-cam0-rgb,data/keypoints/adl/adl-10-cam0-rgb.npz,29,58,0,42,5,6.5544846e-05,0.20958133041858673,0
adl-10-cam0-rgb,data/keypoints/adl/adl-10-cam0-rgb.npz,30,59,0,42,5,6.497437e-05,0.20958133041858673,0
adl-10-cam0-rgb,data/keypoints/adl/adl-10-cam0-rgb.npz,31,60,0,42,5,6.433396e-05,0.20958133041858673,0
adl-10-cam0-rgb,data/keypoints/adl/adl-10-cam0-rgb.npz,32,61,0,42,5,6.373328e-05,0.20958133041858673,0
adl-10-cam0-rgb,data/keypoints/adl/adl-10-cam0-rgb.npz,33,62,0,42,5,6.312021e-05,0.20958133041858673,0
adl-10-cam0-rgb,data/keypoints/adl/adl-10-cam0-rgb.npz,34,63,0,42,5,6.241738e-05,0.20958133041858673,0
adl-10-cam0-rgb,data/keypoints/adl/adl-10-cam0-rgb.npz,35,64,0,42,5,6.171872e-05,0.20958133041858673,0
adl-10-cam0-rgb,data/keypoints/adl/adl-10-cam0-rgb.npz,36,65,0,42,5,6.0966224e-05,0.20958133041858673,0
adl-10-cam0-rgb,data/keypoints/adl/adl-10-cam0-rgb.npz,37,66,0,42,5,6.0116294e-05,0.20958133041858673,0
adl-10-cam0-rgb,data/keypoints/adl/adl-10-cam0-rgb.npz,38,67,0,42,5,5.9194706e-05,0.20958133041858673,0
adl-10-cam0-rgb,data/keypoints/adl/adl-10-cam0-rgb.npz,39,68,0,42,5,5.830928e-05,0.20958133041858673,0
adl-10-cam0-rgb,data/keypoints/adl/adl-10-cam0-rgb.npz,40,69,0,42,5,5.7484547e-05,0.20958133041858673,0
adl-10-cam0-rgb,data/keypoints/adl/adl-10-cam0-rgb.npz,41,70,0,42,5,5.6589815e-05,0.20958133041858673,0
adl-10-cam0-rgb,data/keypoints/adl/adl-10-cam0-rgb.npz,42,71,0,42,5,5.5729735e-05,0.20958133041858673,0
adl-10-cam0-rgb,data/keypoints/adl/adl-10-cam0-rgb.npz,43,72,0,42,5,5.478646e-05,0.20958133041858673,0
adl-10-cam0-rgb,data/keypoints/adl/adl-10-cam0-rgb.npz,44,73,0,42,5,5.369372e-05,0.20958133041858673,0
adl-10-cam0-rgb,data/keypoints/adl/adl-10-cam0-rgb.npz,45,74,0,42,5,5.2497508e-05,0.20958133041858673,0
adl-10-cam0-rgb,data/keypoints/adl/adl-10-cam0-rgb.npz,46,75,0,42,5,5.1320494e-05,0.20958133041858673,0
adl-10-cam0-rgb,data/keypoints/adl/adl-10-cam0-rgb.npz,47,76,0,42,5,5.0313814e-05,0.20958133041858673,0
adl-10-cam0-rgb,data/keypoints/adl/adl-10-cam0-rgb.npz,48,77,0,42,5,4.946046e-05,0.20958133041858673,0
adl-10-cam0-rgb,data/keypoints/adl/adl-10-cam0-rgb.npz,49,78,0,42,5,4.873382e-05,0.20958133041858673,0
adl-10-cam0-rgb,data/keypoints/adl/adl-10-cam0-rgb.npz,50,79,0,42,5,4.8112095e-05,0.20958133041858673,0
adl-10-cam0-rgb,data/keypoints/adl/adl-10-cam0-rgb.npz,51,80,0,42,5,4.753156e-05,0.20958133041858673,0
adl-10-cam0-rgb,data/keypoints/adl/adl-10-cam0-rgb.npz,52,81,0,42,5,4.699521e-05,0.20958133041858673,0
adl-10-cam0-rgb,data/keypoints/adl/adl-10-cam0-rgb.npz,53,82,0,42,5,4.6457822e-05,0.20958133041858673,0
adl-10-cam0-rgb,data/keypoints/adl/adl-10-cam0-rgb.npz,54,83,0,42,5,4.593929e-05,0.20958133041858673,0
adl-10-cam0-rgb,data/keypoints/adl/adl-10-cam0-rgb.npz,55,84,0,42,5,4.5432953e-05,0.20958133041858673,0
adl-10-cam0-rgb,data/keypoints/adl/adl-10-cam0-rgb.npz,56,85,0,42,5,4.497112e-05,0.20958133041858673,0
adl-10-cam0-rgb,data/keypoints/adl/adl-10-cam0-rgb.npz,57,86,0,42,5,4.4535416e-05,0.20958133041858673,0
adl-10-cam0-rgb,data/keypoints/adl/adl-10-cam0-rgb.npz,58,87,0,42,5,4.4108525e-05,0.20958133041858673,0
adl-10-cam0-rgb,data/keypoints/adl/adl-10-cam0-rgb.npz,59,88,0,42,5,4.3756358e-05,0.20958133041858673,0
adl-10-cam0-rgb,data/keypoints/adl/adl-10-cam0-rgb.npz,60,89,0,42,5,4.348659e-05,0.20958133041858673,0
adl-10-cam0-rgb,data/keypoints/adl/adl-10-cam0-rgb.npz,61,90,0,42,5,4.3242395e-05,0.20958133041858673,0
adl-10-cam0-rgb,data/keypoints/adl/adl-10-cam0-rgb.npz,62,91,0,42,5,4.3007403e-05,0.20958133041858673,0
adl-10-cam0-rgb,data/keypoints/adl/adl-10-cam0-rgb.npz,63,92,0,42,5,4.2782667e-05,0.20958133041858673,0
adl-10-cam0-rgb,data/keypoints/adl/adl-10-cam0-rgb.npz,64,93,0,42,5,4.257278e-05,0.20958133041858673,0
adl-10-cam0-rgb,data/keypoints/adl/adl-10-cam0-rgb.npz,65,94,0,42,5,4.2362593e-05,0.20958133041858673,0
adl-10-cam0-rgb,data/keypoints/adl/adl-10-cam0-rgb.npz,66,95,0,42,5,4.2137854e-05,0.20958133041858673,0
adl-10-cam0-rgb,data/keypoints/adl/adl-10-cam0-rgb.npz,67,96,0,42,5,4.1935007e-05,0.20958133041858673,0
adl-10-cam0-rgb,data/keypoints/adl/adl-10-cam0-rgb.npz,68,97,0,42,5,4.1759024e-05,0.20958133041858673,0
adl-10-cam0-rgb,data/keypoints/adl/adl-10-cam0-rgb.npz,69,98,0,42,5,4.157219e-05,0.20958133041858673,0
adl-10-cam0-rgb,data/keypoints/adl/adl-10-cam0-rgb.npz,70,99,0,42,5,4.1380554e-05,0.20958133041858673,0
adl-10-cam0-rgb,data/keypoints/adl/adl-10-cam0-rgb.npz,71,100,0,42,5,4.1219984e-05,0.20958133041858673,0
adl-10-cam0-rgb,data/keypoints/adl/adl-10-cam0-rgb.npz,72,101,0,42,5,4.1083807e-05,0.20958133041858673,0
adl-10-cam0-rgb,data/keypoints/adl/adl-10-cam0-rgb.npz,73,102,0,42,5,4.0961357e-05,0.20958133041858673,0
adl-10-cam0-rgb,data/keypoints/adl/adl-10-cam0-rgb.npz,74,103,0,42,5,4.085112e-05,0.20958133041858673,0
adl-10-cam0-rgb,data/keypoints/adl/adl-10-cam0-rgb.npz,75,104,0,42,5,4.0827126e-05,0.20958133041858673,0
adl-10-cam0-rgb,data/keypoints/adl/adl-10-cam0-rgb.npz,76,105,0,42,5,4.0813895e-05,0.20958133041858673,0
adl-10-cam0-rgb,data/keypoints/adl/adl-10-cam0-rgb.npz,77,106,0,42,5,4.0805335e-05,0.20958133041858673,0
adl-10-cam0-rgb,data/keypoints/adl/adl-10-cam0-rgb.npz,78,107,0,42,5,4.0795214e-05,0.20958133041858673,0
adl-10-cam0-rgb,data/keypoints/adl/adl-10-cam0-rgb.npz,79,108,0,42,5,4.0757026e-05,0.20958133041858673,0
adl-10-cam0-rgb,data/keypoints/adl/adl-10-cam0-rgb.npz,80,109,0,42,5,4.075252e-05,0.20958133041858673,0
adl-10-cam0-rgb,data/keypoints/adl/adl-10-cam0-rgb.npz,81,110,0,42,5,4.0692794e-05,0.20958133041858673,0
adl-10-cam0-rgb,data/keypoints/adl/adl-10-cam0-rgb.npz,82,111,0,42,5,4.0638733e-05,0.20958133041858673,0
adl-10-cam0-rgb,data/keypoints/adl/adl-10-cam0-rgb.npz,83,112,0,42,5,4.0655596e-05,0.20958133041858673,0
adl-10-cam0-rgb,data/keypoints/adl/adl-10-cam0-rgb.npz,84,113,0,42,5,4.0645205e-05,0.20958133041858673,0
adl-10-cam0-rgb,data/keypoints/adl/adl-10-cam0-rgb.npz,85,114,0,42,5,4.0671144e-05,0.20958133041858673,0
adl-10-cam0-rgb,data/keypoints/adl/adl-10-cam0-rgb.npz,86,115,0,42,5,4.0680956e-05,0.20958133041858673,0
adl-10-cam0-rgb,data/keypoints/adl/adl-10-cam0-rgb.npz,87,116,0,42,5,4.0732317e-05,0.20958133041858673,0
adl-10-cam0-rgb,data/keypoints/adl/adl-10-cam0-rgb.npz,88,117,0,42,5,4.0822422e-05,0.20958133041858673,0
adl-10-cam0-rgb,data/keypoints/adl/adl-10-cam0-rgb.npz,89,118,0,42,5,4.0822888e-05,0.20958133041858673,0
adl-10-cam0-rgb,data/keypoints/adl/adl-10-cam0-rgb.npz,90,119,0,42,5,4.0897816e-05,0.20958133041858673,0
adl-10-cam0-rgb,data/keypoints/adl/adl-10-cam0-rgb.npz,91,120,0,42,5,4.0994106e-05,0.20958133041858673,0
adl-10-cam0-rgb,data/keypoints/adl/adl-10-cam0-rgb.npz,92,121,0,42,5,4.1090385e-05,0.20958133041858673,0
adl-10-cam0-rgb,data/keypoints/adl/adl-10-cam0-rgb.npz,93,122,0,42,5,4.1218413e-05,0.20958133041858673,0
adl-10-cam0-rgb,data/keypoints/adl/adl-10-cam0-rgb.npz,94,123,0,42,5,4.1372667e-05,0.20958133041858673,0
adl-10-cam0-rgb,data/keypoints/adl/adl-10-cam0-rgb.npz,95,124,0,42,5,4.1520372e-05,0.20958133041858673,0
adl-10-cam0-rgb,data/keypoints/adl/adl-10-cam0-rgb.npz,96,125,0,42,5,4.1707364e-05,0.20958133041858673,0
adl-10-cam0-rgb,data/keypoints/adl/adl-10-cam0-rgb.npz,97,126,0,42,5,4.1899355e-05,0.20958133041858673,0
adl-10-cam0-rgb,data/keypoints/adl/adl-10-cam0-rgb.npz,98,127,0,42,5,4.213287e-05,0.20958133041858673,0
adl-10-cam0-rgb,data/keypoints/adl/adl-10-cam0-rgb.npz,99,128,0,42,5,4.238886e-05,0.20958133041858673,0
adl-10-cam0-rgb,data/keypoints/adl/adl-10-cam0-rgb.npz,100,129,0,42,5,4.264893e-05,0.20958133041858673,0
adl-10-cam0-rgb,data/keypoints/adl/adl-10-cam0-rgb.npz,101,130,0,42,5,4.2969896e-05,0.20958133041858673,0
adl-10-cam0-rgb,data/keypoints/adl/adl-10-cam0-rgb.npz,102,131,0,42,5,4.325835e-05,0.20958133041858673,0
adl-10-cam0-rgb,data/keypoints/adl/adl-10-cam0-rgb.npz,103,132,0,42,5,4.357696e-05,0.20958133041858673,0
adl-10-cam0-rgb,data/keypoints/adl/adl-10-cam0-rgb.npz,104,133,0,42,5,4.3923923e-05,0.20958133041858673,0
adl-10-cam0-rgb,data/keypoints/adl/adl-10-cam0-rgb.npz,105,134,0,42,5,4.420736e-05,0.20958133041858673,0
adl-10-cam0-rgb,data/keypoints/adl/adl-10-cam0-rgb.npz,106,135,0,42,5,4.4556953e-05,0.20958133041858673,0
adl-10-cam0-rgb,data/keypoints/adl/adl-10-cam0-rgb.npz,107,136,0,42,5,4.491934e-05,0.20958133041858673,0
adl-10-cam0-rgb,data/keypoints/adl/adl-10-cam0-rgb.npz,108,137,0,42,5,4.5264806e-05,0.20958133041858673,0
adl-10-cam0-rgb,data/keypoints/adl/adl-10-cam0-rgb.npz,109,138,0,42,5,4.5678233e-05,0.20958133041858673,0
adl-10-cam0-rgb,data/keypoints/adl/adl-10-cam0-rgb.npz,110,139,0,42,5,4.6155423e-05,0.20958133041858673,0
adl-10-cam0-rgb,data/keypoints/adl/adl-10-cam0-rgb.npz,111,140,0,42,5,4.677515e-05,0.20958133041858673,0
adl-10-cam0-rgb,data/keypoints/adl/adl-10-cam0-rgb.npz,112,141,0,42,5,4.7363967e-05,0.20958133041858673,0
adl-10-cam0-rgb,data/keypoints/adl/adl-10-cam0-rgb.npz,113,142,0,42,5,4.8206337e-05,0.20958133041858673,0
adl-10-cam0-rgb,data/keypoints/adl/adl-10-cam0-rgb.npz,114,143,0,42,5,4.9117996e-05,0.20958133041858673,0
adl-10-cam0-rgb,data/keypoints/adl/adl-10-cam0-rgb.npz,115,144,0,42,5,5.000381e-05,0.20958133041858673,0
adl-10-cam0-rgb,data/keypoints/adl/adl-10-cam0-rgb.npz,116,145,0,42,5,5.1191168e-05,0.20958133041858673,0
adl-10-cam0-rgb,data/keypoints/adl/adl-10-cam0-rgb.npz,117,146,0,42,5,5.215917e-05,0.20958133041858673,0
adl-10-cam0-rgb,data/keypoints/adl/adl-10-cam0-rgb.npz,118,147,0,42,5,5.348495e-05,0.20958133041858673,0
adl-10-cam0-rgb,data/keypoints/adl/adl-10-cam0-rgb.npz,119,148,0,42,5,5.5316636e-05,0.20958133041858673,0
adl-10-cam0-rgb,data/keypoints/adl/adl-10-cam0-rgb.npz,120,149,0,42,5,5.7033743e-05,0.20958133041858673,0
adl-10-cam0-rgb,data/keypoints/adl/adl-10-cam0-rgb.npz,121,150,0,42,5,5.8813563e-05,0.20958133041858673,0
adl-10-cam0-rgb,data/keypoints/adl/adl-10-cam0-rgb.npz,122,151,0,42,5,6.0551025e-05,0.20958133041858673,0
adl-10-cam0-rgb,data/keypoints/adl/adl-10-cam0-rgb.npz,123,152,0,42,5,6.200359e-05,0.20958133041858673,0
adl-10-cam0-rgb,data/keypoints/adl/adl-10-cam0-rgb.npz,124,153,0,42,5,6.363393e-05,0.20958133041858673,0
adl-10-cam0-rgb,data/keypoints/adl/adl-10-cam0-rgb.npz,125,154,0,42,5,6.5181885e-05,0.20958133041858673,0
adl-10-cam0-rgb,data/keypoints/adl/adl-10-cam0-rgb.npz,126,155,0,42,5,6.695725e-05,0.20958133041858673,0
adl-10-cam0-rgb,data/keypoints/adl/adl-10-cam0-rgb.npz,127,156,0,42,5,6.897131e-05,0.20958133041858673,0
adl-10-cam0-rgb,data/keypoints/adl/adl-10-cam0-rgb.npz,128,157,0,42,5,7.085042e-05,0.20958133041858673,0
adl-10-cam0-rgb,data/keypoints/adl/adl-10-cam0-rgb.npz,129,158,0,42,5,7.268364e-05,0.20958133041858673,0
adl-10-cam0-rgb,data/keypoints/adl/adl-10-cam0-rgb.npz,130,159,0,42,5,7.489749e-05,0.20958133041858673,0
adl-10-cam0-rgb,data/keypoints/adl/adl-10-cam0-rgb.npz,131,160,0,42,5,7.72589e-05,0.20958133041858673,0
adl-10-cam0-rgb,data/keypoints/adl/adl-10-cam0-rgb.npz,132,161,0,42,5,7.958507e-05,0.20958133041858673,0
adl-10-cam0-rgb,data/keypoints/adl/adl-10-cam0-rgb.npz,133,162,0,42,5,8.19005e-05,0.20958133041858673,0
adl-10-cam0-rgb,data/keypoints/adl/adl-10-cam0-rgb.npz,134,163,0,42,5,8.382457e-05,0.20958133041858673,0
adl-10-cam0-rgb,data/keypoints/adl/adl-10-cam0-rgb.npz,135,164,0,42,5,8.5559186e-05,0.20958133041858673,0
adl-10-cam0-rgb,data/keypoints/adl/adl-10-cam0-rgb.npz,136,165,0,42,5,6.713757e-05,0.20958133041858673,0
adl-10-cam0-rgb,data/keypoints/adl/adl-10-cam0-rgb.npz,137,166,0,42,5,7.009641e-05,0.20958133041858673,0
adl-10-cam0-rgb,data/keypoints/adl/adl-10-cam0-rgb.npz,138,167,0,42,5,7.016074e-05,0.20958133041858673,0
adl-10-cam0-rgb,data/keypoints/adl/adl-10-cam0-rgb.npz,139,168,0,42,5,7.026667e-05,0.20958133041858673,0
adl-10-cam0-rgb,data/keypoints/adl/adl-10-cam0-rgb.npz,140,169,0,42,5,7.012971e-05,0.20958133041858673,0
adl-10-cam0-rgb,data/keypoints/adl/adl-10-cam0-rgb.npz,141,170,0,42,5,6.996358e-05,0.20958133041858673,0
adl-10-cam0-rgb,data/keypoints/adl/adl-10-cam0-rgb.npz,142,171,0,42,5,6.9664326e-05,0.20958133041858673,0
adl-10-cam0-rgb,data/keypoints/adl/adl-10-cam0-rgb.npz,143,172,0,42,5,9.423966e-05,0.20958133041858673,0
adl-10-cam0-rgb,data/keypoints/adl/adl-10-cam0-rgb.npz,144,173,0,42,5,9.369862e-05,0.20958133041858673,0
adl-10-cam0-rgb,data/keypoints/adl/adl-10-cam0-rgb.npz,145,174,0,42,5,9.299621e-05,0.20958133041858673,0
adl-10-cam0-rgb,data/keypoints/adl/adl-10-cam0-rgb.npz,146,175,0,42,5,9.245074e-05,0.20958133041858673,0
adl-10-cam0-rgb,data/keypoints/adl/adl-10-cam0-rgb.npz,147,176,0,42,5,9.216942e-05,0.20958133041858673,0
adl-10-cam0-rgb,data/keypoints/adl/adl-10-cam0-rgb.npz,148,177,0,42,5,9.110701e-05,0.20958133041858673,0
adl-10-cam0-rgb,data/keypoints/adl/adl-10-cam0-rgb.npz,149,178,0,42,5,9.067589e-05,0.20958133041858673,0
adl-10-cam0-rgb,data/keypoints/adl/adl-10-cam0-rgb.npz,150,179,0,42,5,9.010304e-05,0.20958133041858673,0
adl-10-cam0-rgb,data/keypoints/adl/adl-10-cam0-rgb.npz,151,180,0,42,5,8.9526475e-05,0.20958133041858673,0
adl-10-cam0-rgb,data/keypoints/adl/adl-10-cam0-rgb.npz,152,181,0,42,5,8.893426e-05,0.20958133041858673,0
adl-10-cam0-rgb,data/keypoints/adl/adl-10-cam0-rgb.npz,153,182,0,42,5,8.837352e-05,0.20958133041858673,0
adl-10-cam0-rgb,data/keypoints/adl/adl-10-cam0-rgb.npz,154,183,0,42,5,8.775025e-05,0.20958133041858673,0
adl-10-cam0-rgb,data/keypoints/adl/adl-10-cam0-rgb.npz,155,184,0,42,5,8.73043e-05,0.20958133041858673,0
adl-10-cam0-rgb,data/keypoints/adl/adl-10-cam0-rgb.npz,156,185,0,42,5,8.685258e-05,0.20958133041858673,0
adl-10-cam0-rgb,data/keypoints/adl/adl-10-cam0-rgb.npz,157,186,0,42,5,8.642148e-05,0.20958133041858673,0
adl-10-cam0-rgb,data/keypoints/adl/adl-10-cam0-rgb.npz,158,187,0,42,5,8.609445e-05,0.20958133041858673,0
adl-10-cam0-rgb,data/keypoints/adl/adl-10-cam0-rgb.npz,159,188,0,42,5,8.580177e-05,0.20958133041858673,0
adl-10-cam0-rgb,data/keypoints/adl/adl-10-cam0-rgb.npz,160,189,0,42,5,8.562693e-05,0.20958133041858673,0
adl-10-cam0-rgb,data/keypoints/adl/adl-10-cam0-rgb.npz,161,190,0,42,5,8.5443644e-05,0.20958133041858673,0
adl-10-cam0-rgb,data/keypoints/adl/adl-10-cam0-rgb.npz,162,191,0,42,5,8.546532e-05,0.20958133041858673,0
adl-10-cam0-rgb,data/keypoints/adl/adl-10-cam0-rgb.npz,163,192,0,42,5,8.5630774e-05,0.20958133041858673,0
adl-10-cam0-rgb,data/keypoints/adl/adl-10-cam0-rgb.npz,164,193,0,42,5,8.579726e-05,0.20958133041858673,0
adl-10-cam0-rgb,data/keypoints/adl/adl-10-cam0-rgb.npz,165,194,0,42,5,8.607244e-05,0.20958133041858673,0
adl-10-cam0-rgb,data/keypoints/adl/adl-10-cam0-rgb.npz,166,195,0,42,5,8.634225e-05,0.20958133041858673,0
adl-10-cam0-rgb,data/keypoints/adl/adl-10-cam0-rgb.npz,167,196,0,42,5,8.6288324e-05,0.20958133041858673,0
adl-10-cam0-rgb,data/keypoints/adl/adl-10-cam0-rgb.npz,168,197,0,42,5,8.684694e-05,0.20958133041858673,0
adl-10-cam0-rgb,data/keypoints/adl/adl-10-cam0-rgb.npz,169,198,0,42,5,8.738101e-05,0.20958133041858673,0
adl-10-cam0-rgb,data/keypoints/adl/adl-10-cam0-rgb.npz,170,199,0,42,5,8.7956585e-05,0.20958133041858673,0
adl-10-cam0-rgb,data/keypoints/adl/adl-10-cam0-rgb.npz,171,200,0,42,5,8.859669e-05,0.20958133041858673,0
adl-10-cam0-rgb,data/keypoints/adl/adl-10-cam0-rgb.npz,172,201,0,42,5,8.937183e-05,0.20958133041858673,0
adl-10-cam0-rgb,data/keypoints/adl/adl-10-cam0-rgb.npz,173,202,0,42,5,9.01137e-05,0.20958133041858673,0
adl-10-cam0-rgb,data/keypoints/adl/adl-10-cam0-rgb.npz,174,203,0,42,5,9.095526e-05,0.20958133041858673,0
adl-10-cam0-rgb,data/keypoints/adl/adl-10-cam0-rgb.npz,175,204,0,42,5,9.175103e-05,0.20958133041858673,0
adl-10-cam0-rgb,data/keypoints/adl/adl-10-cam0-rgb.npz,176,205,0,42,5,9.25995e-05,0.20958133041858673,0
adl-10-cam0-rgb,data/keypoints/adl/adl-10-cam0-rgb.npz,177,206,0,42,5,9.348567e-05,0.20958133041858673,0
adl-10-cam0-rgb,data/keypoints/adl/adl-10-cam0-rgb.npz,178,207,0,42,5,9.463708e-05,0.20958133041858673,0
adl-10-cam0-rgb,data/keypoints/adl/adl-10-cam0-rgb.npz,179,208,0,42,5,9.576321e-05,0.20958133041858673,0
adl-10-cam0-rgb,data/keypoints/adl/adl-10-cam0-rgb.npz,180,209,0,42,5,9.713134e-05,0.20958133041858673,0
adl-10-cam0-rgb,data/keypoints/adl/adl-10-cam0-rgb.npz,181,210,0,42,5,9.88841e-05,0.20958133041858673,0
adl-10-cam0-rgb,data/keypoints/adl/adl-10-cam0-rgb.npz,182,211,0,42,5,0.00010053247,0.20958133041858673,0
adl-10-cam0-rgb,data/keypoints/adl/adl-10-cam0-rgb.npz,183,212,0,42,5,0.000102344835,0.20958133041858673,0
adl-10-cam0-rgb,data/keypoints/adl/adl-10-cam0-rgb.npz,184,213,0,42,5,0.00010449175,0.20958133041858673,0
adl-10-cam0-rgb,data/keypoints/adl/adl-10-cam0-rgb.npz,185,214,0,42,5,0.000106680454,0.20958133041858673,0
adl-10-cam0-rgb,data/keypoints/adl/adl-10-cam0-rgb.npz,186,215,0,42,5,0.00010898428,0.20958133041858673,0
adl-10-cam0-rgb,data/keypoints/adl/adl-10-cam0-rgb.npz,187,216,0,42,5,0.00011123927,0.20958133041858673,0
adl-10-cam0-rgb,data/keypoints/adl/adl-10-cam0-rgb.npz,188,217,0,42,5,0.000113769485,0.20958133041858673,0
adl-10-cam0-rgb,data/keypoints/adl/adl-10-cam0-rgb.npz,189,218,0,42,5,0.00011637011,0.20958133041858673,0
adl-10-cam0-rgb,data/keypoints/adl/adl-10-cam0-rgb.npz,190,219,0,42,5,0.00011934203,0.20958133041858673,0
adl-10-cam0-rgb,data/keypoints/adl/adl-10-cam0-rgb.npz,191,220,0,42,5,0.00012204068,0.20958133041858673,0
adl-10-cam0-rgb,data/keypoints/adl/adl-10-cam0-rgb.npz,192,221,0,42,5,0.0001243089,0.20958133041858673,0
adl-10-cam0-rgb,data/keypoints/adl/adl-10-cam0-rgb.npz,193,222,0,42,5,0.00012706411,0.20958133041858673,0
adl-10-cam0-rgb,data/keypoints/adl/adl-10-cam0-rgb.npz,194,223,0,42,5,0.0001289514,0.20958133041858673,0
adl-10-cam0-rgb,data/keypoints/adl/adl-10-cam0-rgb.npz,195,224,0,42,5,0.00013123511,0.20958133041858673,0
adl-10-cam0-rgb,data/keypoints/adl/adl-10-cam0-rgb.npz,196,225,0,42,5,0.00013429932,0.20958133041858673,0
adl-10-cam0-rgb,data/keypoints/adl/adl-10-cam0-rgb.npz,197,226,0,42,5,0.00013606591,0.20958133041858673,0
adl-10-cam0-rgb,data/keypoints/adl/adl-10-cam0-rgb.npz,198,227,0,42,5,0.00013787243,0.20958133041858673,0
adl-10-cam0-rgb,data/keypoints/adl/adl-10-cam0-rgb.npz,199,228,0,42,5,0.00014011463,0.20958133041858673,0
adl-10-cam0-rgb,data/keypoints/adl/adl-10-cam0-rgb.npz,200,229,0,42,5,0.00014108016,0.20958133041858673,0
adl-10-cam0-rgb,data/keypoints/adl/adl-10-cam0-rgb.npz,201,230,0,42,5,0.00014318599,0.20958133041858673,0
adl-10-cam0-rgb,data/keypoints/adl/adl-10-cam0-rgb.npz,202,231,0,42,5,0.00014791643,0.20958133041858673,0
adl-10-cam0-rgb,data/keypoints/adl/adl-10-cam0-rgb.npz,203,232,0,42,5,0.00014891387,0.20958133041858673,0
adl-10-cam0-rgb,data/keypoints/adl/adl-10-cam0-rgb.npz,204,233,0,42,5,0.00015041688,0.20958133041858673,0
adl-10-cam0-rgb,data/keypoints/adl/adl-10-cam0-rgb.npz,205,234,0,42,5,0.00015348657,0.20958133041858673,0
adl-10-cam0-rgb,data/keypoints/adl/adl-10-cam0-rgb.npz,206,235,0,42,5,0.00015439975,0.20958133041858673,0
adl-10-cam0-rgb,data/keypoints/adl/adl-10-cam0-rgb.npz,207,236,0,42,5,0.00015490508,0.20958133041858673,0
adl-10-cam0-rgb,data/keypoints/adl/adl-10-cam0-rgb.npz,208,237,0,42,5,0.00015530635,0.20958133041858673,0
adl-10-cam0-rgb,data/keypoints/adl/adl-10-cam0-rgb.npz,209,238,0,42,5,0.00015542768,0.20958133041858673,0
adl-10-cam0-rgb,data/keypoints/adl/adl-10-cam0-rgb.npz,210,239,0,42,5,0.0001555359,0.20958133041858673,0
adl-10-cam0-rgb,data/keypoints/adl/adl-10-cam0-rgb.npz,211,240,0,42,5,0.00015584959,0.20958133041858673,0
adl-10-cam0-rgb,data/keypoints/adl/adl-10-cam0-rgb.npz,212,241,0,42,5,0.00015578527,0.20958133041858673,0
adl-10-cam0-rgb,data/keypoints/adl/adl-10-cam0-rgb.npz,213,242,0,42,5,0.00015595084,0.20958133041858673,0
adl-10-cam0-rgb,data/keypoints/adl/adl-10-cam0-rgb.npz,214,243,0,42,5,0.0001562764,0.20958133041858673,0
adl-10-cam0-rgb,data/keypoints/adl/adl-10-cam0-rgb.npz,215,244,0,42,5,8.957788e-05,0.20958133041858673,0
adl-10-cam0-rgb,data/keypoints/adl/adl-10-cam0-rgb.npz,216,245,0,42,5,8.987822e-05,0.20958133041858673,0
adl-10-cam0-rgb,data/keypoints/adl/adl-10-cam0-rgb.npz,217,246,0,42,5,8.97566e-05,0.20958133041858673,0
adl-10-cam0-rgb,data/keypoints/adl/adl-10-cam0-rgb.npz,218,247,0,42,5,8.971004e-05,0.20958133041858673,0
adl-10-cam0-rgb,data/keypoints/adl/adl-10-cam0-rgb.npz,219,248,0,42,5,8.9726476e-05,0.20958133041858673,0
adl-10-cam0-rgb,data/keypoints/adl/adl-10-cam0-rgb.npz,220,249,0,42,5,9.1682385e-05,0.20958133041858673,0
adl-10-cam0-rgb,data/keypoints/adl/adl-10-cam0-rgb.npz,221,250,0,42,5,9.1718764e-05,0.20958133041858673,0
adl-10-cam0-rgb,data/keypoints/adl/adl-10-cam0-rgb.npz,222,251,0,42,5,6.093612e-05,0.20958133041858673,0
adl-10-cam0-rgb,data/keypoints/adl/adl-10-cam0-rgb.npz,223,252,0,42,5,6.08605e-05,0.20958133041858673,0
adl-10-cam0-rgb,data/keypoints/adl/adl-10-cam0-rgb.npz,224,253,0,42,5,6.0784634e-05,0.20958133041858673,0
adl-10-cam0-rgb,data/keypoints/adl/adl-10-cam0-rgb.npz,225,254,0,42,5,6.0738108e-05,0.20958133041858673,0
adl-10-cam0-rgb,data/keypoints/adl/adl-10-cam0-rgb.npz,226,255,0,42,5,6.070742e-05,0.20958133041858673,0
adl-10-cam0-rgb,data/keypoints/adl/adl-10-cam0-rgb.npz,227,256,0,42,5,6.064429e-05,0.20958133041858673,0
adl-10-cam0-rgb,data/keypoints/adl/adl-10-cam0-rgb.npz,228,257,0,42,5,3.3724613e-05,0.20958133041858673,0
adl-10-cam0-rgb,data/keypoints/adl/adl-10-cam0-rgb.npz,229,258,0,42,5,3.774312e-05,0.20958133041858673,0
adl-10-cam0-rgb,data/keypoints/adl/adl-10-cam0-rgb.npz,230,259,0,42,5,3.7725637e-05,0.20958133041858673,0
adl-10-cam0-rgb,data/keypoints/adl/adl-10-cam0-rgb.npz,231,260,0,42,5,3.768831e-05,0.20958133041858673,0
adl-10-cam0-rgb,data/keypoints/adl/adl-10-cam0-rgb.npz,232,261,0,42,5,2.0429514e-05,0.20958133041858673,0
adl-10-cam0-rgb,data/keypoints/adl/adl-10-cam0-rgb.npz,233,262,0,42,5,2.0444362e-05,0.20958133041858673,0
adl-10-cam0-rgb,data/keypoints/adl/adl-10-cam0-rgb.npz,234,263,0,42,5,2.044372e-05,0.20958133041858673,0
adl-10-cam0-rgb,data/keypoints/adl/adl-10-cam0-rgb.npz,235,264,0,42,5,2.044832e-05,0.20958133041858673,0
adl-10-cam0-rgb,data/keypoints/adl/adl-10-cam0-rgb.npz,236,265,0,42,5,2.0380941e-05,0.20958133041858673,0
adl-10-cam0-rgb,data/keypoints/adl/adl-10-cam0-rgb.npz,237,266,0,42,5,2.0344822e-05,0.20958133041858673,0
adl-10-cam0-rgb,data/keypoints/adl/adl-10-cam0-rgb.npz,238,267,0,42,5,1.717779e-05,0.20958133041858673,0
adl-10-cam0-rgb,data/keypoints/adl/adl-10-cam0-rgb.npz,239,268,0,42,5,1.7183558e-05,0.20958133041858673,0
adl-10-cam0-rgb,data/keypoints/adl/adl-10-cam0-rgb.npz,240,269,0,42,5,1.715703e-05,0.20958133041858673,0
adl-10-cam0-rgb,data/keypoints/adl/adl-10-cam0-rgb.npz,241,270,0,42,5,1.7152744e-05,0.20958133041858673,0
adl-10-cam0-rgb,data/keypoints/adl/adl-10-cam0-rgb.npz,242,271,0,42,5,1.7117854e-05,0.20958133041858673,0
adl-10-cam0-rgb,data/keypoints/adl/adl-10-cam0-rgb.npz,243,272,0,42,5,1.7113805e-05,0.20958133041858673,0
adl-10-cam0-rgb,data/keypoints/adl/adl-10-cam0-rgb.npz,244,273,0,42,5,1.7091024e-05,0.20958133041858673,0
adl-10-cam0-rgb,data/keypoints/adl/adl-10-cam0-rgb.npz,245,274,0,42,5,1.7083461e-05,0.20958133041858673,0
adl-10-cam0-rgb,data/keypoints/adl/adl-10-cam0-rgb.npz,246,275,0,42,5,1.7093013e-05,0.20958133041858673,0
adl-10-cam0-rgb,data/keypoints/adl/adl-10-cam0-rgb.npz,247,276,0,42,5,1.7106124e-05,0.20958133041858673,0
adl-10-cam0-rgb,data/keypoints/adl/adl-10-cam0-rgb.npz,248,277,0,42,5,1.7113985e-05,0.20958133041858673,0
adl-10-cam0-rgb,data/keypoints/adl/adl-10-cam0-rgb.npz,249,278,0,42,5,1.7119437e-05,0.20958133041858673,0
adl-10-cam0-rgb,data/keypoints/adl/adl-10-cam0-rgb.npz,250,279,0,42,5,1.7147788e-05,0.20958133041858673,0
adl-10-cam0-rgb,data/keypoints/adl/adl-10-cam0-rgb.npz,251,280,0,42,5,1.716816e-05,0.20958133041858673,0
adl-10-cam0-rgb,data/keypoints/adl/adl-10-cam0-rgb.npz,252,281,0,42,5,1.7203596e-05,0.20958133041858673,0
adl-10-cam0-rgb,data/keypoints/adl/adl-10-cam0-rgb.npz,253,282,0,42,5,1.721886e-05,0.20958133041858673,0
adl-10-cam0-rgb,data/keypoints/adl/adl-10-cam0-rgb.npz,254,283,0,42,5,1.720156e-05,0.20958133041858673,0
adl-10-cam0-rgb,data/keypoints/adl/adl-10-cam0-rgb.npz,255,284,0,42,5,1.718713e-05,0.20958133041858673,0
adl-10-cam0-rgb,data/keypoints/adl/adl-10-cam0-rgb.npz,256,285,0,42,5,1.7191935e-05,0.20958133041858673,0
adl-10-cam0-rgb,data/keypoints/adl/adl-10-cam0-rgb.npz,257,286,0,42,5,1.7219383e-05,0.20958133041858673,0
adl-10-cam0-rgb,data/keypoints/adl/adl-10-cam0-rgb.npz,258,287,0,42,5,1.7236205e-05,0.20958133041858673,0
adl-10-cam0-rgb,data/keypoints/adl/adl-10-cam0-rgb.npz,259,288,0,42,5,1.7234413e-05,0.20958133041858673,0
adl-10-cam0-rgb,data/keypoints/adl/adl-10-cam0-rgb.npz,260,289,0,42,5,1.7221257e-05,0.20958133041858673,0
adl-10-cam0-rgb,data/keypoints/adl/adl-10-cam0-rgb.npz,261,290,0,42,5,1.721057e-05,0.20958133041858673,0
adl-10-cam0-rgb,data/keypoints/adl/adl-10-cam0-rgb.npz,262,291,0,42,5,1.7208042e-05,0.20958133041858673,0
adl-10-cam0-rgb,data/keypoints/adl/adl-10-cam0-rgb.npz,263,292,0,42,5,1.719582e-05,0.20958133041858673,0
adl-10-cam0-rgb,data/keypoints/adl/adl-10-cam0-rgb.npz,264,293,0,42,5,1.7193492e-05,0.20958133041858673,0
adl-10-cam0-rgb,data/keypoints/adl/adl-10-cam0-rgb.npz,265,294,0,42,5,1.7194787e-05,0.20958133041858673,0
adl-10-cam0-rgb,data/keypoints/adl/adl-10-cam0-rgb.npz,266,295,0,42,5,1.7193262e-05,0.20958133041858673,0
adl-10-cam0-rgb,data/keypoints/adl/adl-10-cam0-rgb.npz,267,296,0,42,5,1.7170321e-05,0.20958133041858673,0
adl-10-cam0-rgb,data/keypoints/adl/adl-10-cam0-rgb.npz,268,297,0,42,5,1.7138404e-05,0.20958133041858673,0
adl-10-cam0-rgb,data/keypoints/adl/adl-10-cam0-rgb.npz,269,298,0,42,5,1.7124728e-05,0.20958133041858673,0
adl-10-cam0-rgb,data/keypoints/adl/adl-10-cam0-rgb.npz,270,299,0,42,5,1.710415e-05,0.20958133041858673,0
adl-10-cam0-rgb,data/keypoints/adl/adl-10-cam0-rgb.npz,271,300,0,42,5,1.7109727e-05,0.20958133041858673,0
adl-13-cam0-rgb,data/keypoints/adl/adl-13-cam0-rgb.npz,44,73,0,42,5,4.7672893e-06,0.20958133041858673,0
adl-13-cam0-rgb,data/keypoints/adl/adl-13-cam0-rgb.npz,45,74,0,42,5,3.8508765e-06,0.20958133041858673,0
adl-13-cam0-rgb,data/keypoints/adl/adl-13-cam0-rgb.npz,46,75,0,42,5,3.169281e-06,0.20958133041858673,0
adl-13-cam0-rgb,data/keypoints/adl/adl-13-cam0-rgb.npz,47,76,0,42,5,3.1675345e-06,0.20958133041858673,0
adl-13-cam0-rgb,data/keypoints/adl/adl-13-cam0-rgb.npz,48,77,0,42,5,3.16829e-06,0.20958133041858673,0
adl-13-cam0-rgb,data/keypoints/adl/adl-13-cam0-rgb.npz,49,78,0,42,5,3.1677039e-06,0.20958133041858673,0
adl-13-cam0-rgb,data/keypoints/adl/adl-13-cam0-rgb.npz,50,79,0,42,5,3.1679967e-06,0.20958133041858673,0
adl-13-cam0-rgb,data/keypoints/adl/adl-13-cam0-rgb.npz,51,80,0,42,5,3.1683626e-06,0.20958133041858673,0
adl-13-cam0-rgb,data/keypoints/adl/adl-13-cam0-rgb.npz,52,81,0,42,5,3.1686343e-06,0.20958133041858673,0
adl-13-cam0-rgb,data/keypoints/adl/adl-13-cam0-rgb.npz,53,82,0,42,5,3.1621985e-06,0.20958133041858673,0
adl-13-cam0-rgb,data/keypoints/adl/adl-13-cam0-rgb.npz,54,83,0,42,5,3.1587385e-06,0.20958133041858673,0
adl-13-cam0-rgb,data/keypoints/adl/adl-13-cam0-rgb.npz,55,84,0,42,5,3.1552554e-06,0.20958133041858673,0
adl-13-cam0-rgb,data/keypoints/adl/adl-13-cam0-rgb.npz,56,85,0,42,5,3.1506395e-06,0.20958133041858673,0
adl-13-cam0-rgb,data/keypoints/adl/adl-13-cam0-rgb.npz,57,86,0,42,5,3.146412e-06,0.20958133041858673,0
adl-13-cam0-rgb,data/keypoints/adl/adl-13-cam0-rgb.npz,58,87,0,42,5,3.1428851e-06,0.20958133041858673,0
adl-13-cam0-rgb,data/keypoints/adl/adl-13-cam0-rgb.npz,59,88,0,42,5,3.138647e-06,0.20958133041858673,0
adl-13-cam0-rgb,data/keypoints/adl/adl-13-cam0-rgb.npz,60,89,0,42,5,3.1337208e-06,0.20958133041858673,0
adl-13-cam0-rgb,data/keypoints/adl/adl-13-cam0-rgb.npz,61,90,0,42,5,3.1582506e-06,0.20958133041858673,0
adl-13-cam0-rgb,data/keypoints/adl/adl-13-cam0-rgb.npz,62,91,0,42,5,3.161535e-06,0.20958133041858673,0
adl-13-cam0-rgb,data/keypoints/adl/adl-13-cam0-rgb.npz,63,92,0,42,5,2.6992993e-06,0.20958133041858673,0
adl-13-cam0-rgb,data/keypoints/adl/adl-13-cam0-rgb.npz,64,93,0,42,5,2.696464e-06,0.20958133041858673,0
adl-13-cam0-rgb,data/keypoints/adl/adl-13-cam0-rgb.npz,65,94,0,42,5,2.6870202e-06,0.20958133041858673,0
adl-13-cam0-rgb,data/keypoints/adl/adl-13-cam0-rgb.npz,66,95,0,42,5,2.6831535e-06,0.20958133041858673,0
adl-13-cam0-rgb,data/keypoints/adl/adl-13-cam0-rgb.npz,67,96,0,42,5,2.6764324e-06,0.20958133041858673,0
adl-13-cam0-rgb,data/keypoints/adl/adl-13-cam0-rgb.npz,68,97,0,42,5,2.668086e-06,0.20958133041858673,0
adl-13-cam0-rgb,data/keypoints/adl/adl-13-cam0-rgb.npz,69,98,0,42,5,2.667089e-06,0.20958133041858673,0
adl-13-cam0-rgb,data/keypoints/adl/adl-13-cam0-rgb.npz,70,99,0,42,5,2.6622251e-06,0.20958133041858673,0
adl-13-cam0-rgb,data/keypoints/adl/adl-13-cam0-rgb.npz,71,100,0,42,5,2.6603593e-06,0.20958133041858673,0
adl-13-cam0-rgb,data/keypoints/adl/adl-13-cam0-rgb.npz,72,101,0,42,5,2.6575854e-06,0.20958133041858673,0
adl-13-cam0-rgb,data/keypoints/adl/adl-13-cam0-rgb.npz,73,102,0,42,5,2.419259e-06,0.20958133041858673,0
adl-13-cam0-rgb,data/keypoints/adl/adl-13-cam0-rgb.npz,74,103,0,42,5,2.4194208e-06,0.20958133041858673,0
adl-13-cam0-rgb,data/keypoints/adl/adl-13-cam0-rgb.npz,75,104,0,42,5,2.4168055e-06,0.20958133041858673,0
adl-13-cam0-rgb,data/keypoints/adl/adl-13-cam0-rgb.npz,76,105,0,42,5,2.4184772e-06,0.20958133041858673,0
adl-13-cam0-rgb,data/keypoints/adl/adl-13-cam0-rgb.npz,77,106,0,42,5,2.417723e-06,0.20958133041858673,0
adl-13-cam0-rgb,data/keypoints/adl/adl-13-cam0-rgb.npz,78,107,0,42,5,2.4139583e-06,0.20958133041858673,0
adl-13-cam0-rgb,data/keypoints/adl/adl-13-cam0-rgb.npz,79,108,0,42,5,2.4132862e-06,0.20958133041858673,0
adl-13-cam0-rgb,data/keypoints/adl/adl-13-cam0-rgb.npz,80,109,0,42,5,2.4121173e-06,0.20958133041858673,0
adl-13-cam0-rgb,data/keypoints/adl/adl-13-cam0-rgb.npz,81,110,0,42,5,2.4111284e-06,0.20958133041858673,0
adl-13-cam0-rgb,data/keypoints/adl/adl-13-cam0-rgb.npz,82,111,0,42,5,2.4108756e-06,0.20958133041858673,0
adl-13-cam0-rgb,data/keypoints/adl/adl-13-cam0-rgb.npz,83,112,0,42,5,2.410756e-06,0.20958133041858673,0
adl-13-cam0-rgb,data/keypoints/adl/adl-13-cam0-rgb.npz,84,113,0,42,5,2.4075944e-06,0.20958133041858673,0
adl-13-cam0-rgb,data/keypoints/adl/adl-13-cam0-rgb.npz,85,114,0,42,5,2.4036692e-06,0.20958133041858673,0
adl-13-cam0-rgb,data/keypoints/adl/adl-13-cam0-rgb.npz,86,115,0,42,5,2.3986563e-06,0.20958133041858673,0
adl-13-cam0-rgb,data/keypoints/adl/adl-13-cam0-rgb.npz,87,116,0,42,5,2.3923444e-06,0.20958133041858673,0
adl-13-cam0-rgb,data/keypoints/adl/adl-13-cam0-rgb.npz,88,117,0,42,5,2.3855278e-06,0.20958133041858673,0
adl-13-cam0-rgb,data/keypoints/adl/adl-13-cam0-rgb.npz,89,118,0,42,5,2.377261e-06,0.20958133041858673,0
adl-13-cam0-rgb,data/keypoints/adl/adl-13-cam0-rgb.npz,90,119,0,42,5,2.3674374e-06,0.20958133041858673,0
adl-13-cam0-rgb,data/keypoints/adl/adl-13-cam0-rgb.npz,91,120,0,42,5,2.3531595e-06,0.20958133041858673,0
adl-13-cam0-rgb,data/keypoints/adl/adl-13-cam0-rgb.npz,92,121,0,42,5,2.3391597e-06,0.20958133041858673,0
adl-13-cam0-rgb,data/keypoints/adl/adl-13-cam0-rgb.npz,93,122,0,42,5,2.3260684e-06,0.20958133041858673,0
adl-13-cam0-rgb,data/keypoints/adl/adl-13-cam0-rgb.npz,94,123,0,42,5,2.312766e-06,0.20958133041858673,0
adl-13-cam0-rgb,data/keypoints/adl/adl-13-cam0-rgb.npz,95,124,0,42,5,2.3006075e-06,0.20958133041858673,0
adl-13-cam0-rgb,data/keypoints/adl/adl-13-cam0-rgb.npz,96,125,0,42,5,2.2871602e-06,0.20958133041858673,0
adl-13-cam0-rgb,data/keypoints/adl/adl-13-cam0-rgb.npz,97,126,0,42,5,2.277105e-06,0.20958133041858673,0
adl-13-cam0-rgb,data/keypoints/adl/adl-13-cam0-rgb.npz,98,127,0,42,5,2.2663032e-06,0.20958133041858673,0
adl-13-cam0-rgb,data/keypoints/adl/adl-13-cam0-rgb.npz,99,128,0,42,5,2.2542279e-06,0.20958133041858673,0
adl-13-cam0-rgb,data/keypoints/adl/adl-13-cam0-rgb.npz,100,129,0,42,5,2.2441766e-06,0.20958133041858673,0
adl-13-cam0-rgb,data/keypoints/adl/adl-13-cam0-rgb.npz,101,130,0,42,5,2.2337074e-06,0.20958133041858673,0
adl-13-cam0-rgb,data/keypoints/adl/adl-13-cam0-rgb.npz,102,131,0,42,5,2.2236754e-06,0.20958133041858673,0
adl-13-cam0-rgb,data/keypoints/adl/adl-13-cam0-rgb.npz,103,132,0,42,5,2.2145266e-06,0.20958133041858673,0
adl-13-cam0-rgb,data/keypoints/adl/adl-13-cam0-rgb.npz,104,133,0,42,5,2.2060128e-06,0.20958133041858673,0
adl-13-cam0-rgb,data/keypoints/adl/adl-13-cam0-rgb.npz,105,134,0,42,5,2.199243e-06,0.20958133041858673,0
adl-13-cam0-rgb,data/keypoints/adl/adl-13-cam0-rgb.npz,106,135,0,42,5,2.1921276e-06,0.20958133041858673,0
adl-13-cam0-rgb,data/keypoints/adl/adl-13-cam0-rgb.npz,107,136,0,42,5,2.1863984e-06,0.20958133041858673,0
adl-13-cam0-rgb,data/keypoints/adl/adl-13-cam0-rgb.npz,108,137,0,42,5,2.1812668e-06,0.20958133041858673,0
adl-13-cam0-rgb,data/keypoints/adl/adl-13-cam0-rgb.npz,109,138,0,42,5,2.1759706e-06,0.20958133041858673,0
adl-13-cam0-rgb,data/keypoints/adl/adl-13-cam0-rgb.npz,110,139,0,42,5,2.1715366e-06,0.20958133041858673,0
adl-13-cam0-rgb,data/keypoints/adl/adl-13-cam0-rgb.npz,111,140,0,42,5,2.1685255e-06,0.20958133041858673,0
adl-13-cam0-rgb,data/keypoints/adl/adl-13-cam0-rgb.npz,112,141,0,42,5,2.1654278e-06,0.20958133041858673,0
adl-13-cam0-rgb,data/keypoints/adl/adl-13-cam0-rgb.npz,113,142,0,42,5,2.1640983e-06,0.20958133041858673,0
adl-13-cam0-rgb,data/keypoints/adl/adl-13-cam0-rgb.npz,114,143,0,42,5,2.1630376e-06,0.20958133041858673,0
adl-13-cam0-rgb,data/keypoints/adl/adl-13-cam0-rgb.npz,115,144,0,42,5,2.1626663e-06,0.20958133041858673,0
adl-13-cam0-rgb,data/keypoints/adl/adl-13-cam0-rgb.npz,116,145,0,42,5,2.165023e-06,0.20958133041858673,0
adl-13-cam0-rgb,data/keypoints/adl/adl-13-cam0-rgb.npz,117,146,0,42,5,2.16688e-06,0.20958133041858673,0
adl-13-cam0-rgb,data/keypoints/adl/adl-13-cam0-rgb.npz,118,147,0,42,5,2.1700255e-06,0.20958133041858673,0
adl-13-cam0-rgb,data/keypoints/adl/adl-13-cam0-rgb.npz,119,148,0,42,5,2.1728456e-06,0.20958133041858673,0
adl-13-cam0-rgb,data/keypoints/adl/adl-13-cam0-rgb.npz,120,149,0,42,5,2.1756575e-06,0.20958133041858673,0
adl-13-cam0-rgb,data/keypoints/adl/adl-13-cam0-rgb.npz,121,150,0,42,5,2.1805388e-06,0.20958133041858673,0
adl-13-cam0-rgb,data/keypoints/adl/adl-13-cam0-rgb.npz,122,151,0,42,5,2.185081e-06,0.20958133041858673,0
adl-13-cam0-rgb,data/keypoints/adl/adl-13-cam0-rgb.npz,123,152,0,42,5,2.189278e-06,0.20958133041858673,0
adl-13-cam0-rgb,data/keypoints/adl/adl-13-cam0-rgb.npz,124,153,0,42,5,2.194826e-06,0.20958133041858673,0
adl-13-cam0-rgb,data/keypoints/adl/adl-13-cam0-rgb.npz,125,154,0,42,5,2.1995618e-06,0.20958133041858673,0
adl-13-cam0-rgb,data/keypoints/adl/adl-13-cam0-rgb.npz,126,155,0,42,5,2.2048753e-06,0.20958133041858673,0
adl-13-cam0-rgb,data/keypoints/adl/adl-13-cam0-rgb.npz,127,156,0,42,5,2.2102436e-06,0.20958133041858673,0
adl-13-cam0-rgb,data/keypoints/adl/adl-13-cam0-rgb.npz,128,157,0,42,5,2.216407e-06,0.20958133041858673,0
adl-13-cam0-rgb,data/keypoints/adl/adl-13-cam0-rgb.npz,129,158,0,42,5,2.2237348e-06,0.20958133041858673,0
adl-13-cam0-rgb,data/keypoints/adl/adl-13-cam0-rgb.npz,130,159,0,42,5,2.231178e-06,0.20958133041858673,0
adl-13-cam0-rgb,data/keypoints/adl/adl-13-cam0-rgb.npz,131,160,0,42,5,2.2389688e-06,0.20958133041858673,0
adl-13-cam0-rgb,data/keypoints/adl/adl-13-cam0-rgb.npz,132,161,0,42,5,2.2498123e-06,0.20958133041858673,0
adl-13-cam0-rgb,data/keypoints/adl/adl-13-cam0-rgb.npz,133,162,0,42,5,2.2603974e-06,0.20958133041858673,0
adl-13-cam0-rgb,data/keypoints/adl/adl-13-cam0-rgb.npz,134,163,0,42,5,2.2710979e-06,0.20958133041858673,0
adl-13-cam0-rgb,data/keypoints/adl/adl-13-cam0-rgb.npz,135,164,0,42,5,2.28386e-06,0.20958133041858673,0
adl-13-cam0-rgb,data/keypoints/adl/adl-13-cam0-rgb.npz,136,165,0,42,5,2.2975094e-06,0.20958133041858673,0
adl-13-cam0-rgb,data/keypoints/adl/adl-13-cam0-rgb.npz,137,166,0,42,5,2.3116456e-06,0.20958133041858673,0
adl-13-cam0-rgb,data/keypoints/adl/adl-13-cam0-rgb.npz,138,167,0,42,5,2.3265145e-06,0.20958133041858673,0
adl-13-cam0-rgb,data/keypoints/adl/adl-13-cam0-rgb.npz,139,168,0,42,5,2.342906e-06,0.20958133041858673,0
adl-13-cam0-rgb,data/keypoints/adl/adl-13-cam0-rgb.npz,140,169,0,42,5,2.3586326e-06,0.20958133041858673,0
adl-13-cam0-rgb,data/keypoints/adl/adl-13-cam0-rgb.npz,141,170,0,42,5,2.3745804e-06,0.20958133041858673,0
adl-13-cam0-rgb,data/keypoints/adl/adl-13-cam0-rgb.npz,142,171,0,42,5,2.3904536e-06,0.20958133041858673,0
adl-13-cam0-rgb,data/keypoints/adl/adl-13-cam0-rgb.npz,143,172,0,42,5,2.4070068e-06,0.20958133041858673,0
adl-13-cam0-rgb,data/keypoints/adl/adl-13-cam0-rgb.npz,144,173,0,42,5,2.42496e-06,0.20958133041858673,0
adl-13-cam0-rgb,data/keypoints/adl/adl-13-cam0-rgb.npz,145,174,0,42,5,2.4430421e-06,0.20958133041858673,0
adl-13-cam0-rgb,data/keypoints/adl/adl-13-cam0-rgb.npz,146,175,0,42,5,2.4610154e-06,0.20958133041858673,0
adl-13-cam0-rgb,data/keypoints/adl/adl-13-cam0-rgb.npz,147,176,0,42,5,2.480317e-06,0.20958133041858673,0
adl-13-cam0-rgb,data/keypoints/adl/adl-13-cam0-rgb.npz,148,177,0,42,5,2.5018237e-06,0.20958133041858673,0
adl-13-cam0-rgb,data/keypoints/adl/adl-13-cam0-rgb.npz,149,178,0,42,5,2.52698e-06,0.20958133041858673,0
adl-13-cam0-rgb,data/keypoints/adl/adl-13-cam0-rgb.npz,150,179,0,42,5,2.555154e-06,0.20958133041858673,0
adl-13-cam0-rgb,data/keypoints/adl/adl-13-cam0-rgb.npz,151,180,0,42,5,2.5813679e-06,0.20958133041858673,0
adl-13-cam0-rgb,data/keypoints/adl/adl-13-cam0-rgb.npz,152,181,0,42,5,2.6153157e-06,0.20958133041858673,0
adl-13-cam0-rgb,data/keypoints/adl/adl-13-cam0-rgb.npz,153,182,0,42,5,2.6354987e-06,0.20958133041858673,0
adl-13-cam0-rgb,data/keypoints/adl/adl-13-cam0-rgb.npz,154,183,0,42,5,2.6680048e-06,0.20958133041858673,0
adl-13-cam0-rgb,data/keypoints/adl/adl-13-cam0-rgb.npz,155,184,0,42,5,2.701272e-06,0.20958133041858673,0
adl-13-cam0-rgb,data/keypoints/adl/adl-13-cam0-rgb.npz,156,185,0,42,5,2.7358e-06,0.20958133041858673,0
adl-13-cam0-rgb,data/keypoints/adl/adl-13-cam0-rgb.npz,157,186,0,42,5,2.7698338e-06,0.20958133041858673,0
adl-13-cam0-rgb,data/keypoints/adl/adl-13-cam0-rgb.npz,158,187,0,42,5,2.802021e-06,0.20958133041858673,0
adl-13-cam0-rgb,data/keypoints/adl/adl-13-cam0-rgb.npz,159,188,0,42,5,2.8370328e-06,0.20958133041858673,0
adl-13-cam0-rgb,data/keypoints/adl/adl-13-cam0-rgb.npz,160,189,0,42,5,2.8736304e-06,0.20958133041858673,0
adl-13-cam0-rgb,data/keypoints/adl/adl-13-cam0-rgb.npz,161,190,0,42,5,2.9089015e-06,0.20958133041858673,0
adl-13-cam0-rgb,data/keypoints/adl/adl-13-cam0-rgb.npz,162,191,0,42,5,2.9437854e-06,0.20958133041858673,0
adl-13-cam0-rgb,data/keypoints/adl/adl-13-cam0-rgb.npz,163,192,0,42,5,2.978094e-06,0.20958133041858673,0
adl-13-cam0-rgb,data/keypoints/adl/adl-13-cam0-rgb.npz,164,193,0,42,5,3.0145093e-06,0.20958133041858673,0
adl-13-cam0-rgb,data/keypoints/adl/adl-13-cam0-rgb.npz,165,194,0,42,5,2.8330314e-06,0.20958133041858673,0
adl-13-cam0-rgb,data/keypoints/adl/adl-13-cam0-rgb.npz,166,195,0,42,5,2.8648658e-06,0.20958133041858673,0
adl-13-cam0-rgb,data/keypoints/adl/adl-13-cam0-rgb.npz,167,196,0,42,5,2.899341e-06,0.20958133041858673,0
adl-13-cam0-rgb,data/keypoints/adl/adl-13-cam0-rgb.npz,168,197,0,42,5,2.9352523e-06,0.20958133041858673,0
adl-13-cam0-rgb,data/keypoints/adl/adl-13-cam0-rgb.npz,169,198,0,42,5,2.971379e-06,0.20958133041858673,0
adl-13-cam0-rgb,data/keypoints/adl/adl-13-cam0-rgb.npz,170,199,0,42,5,3.0118258e-06,0.20958133041858673,0
adl-13-cam0-rgb,data/keypoints/adl/adl-13-cam0-rgb.npz,171,200,0,42,5,3.0519723e-06,0.20958133041858673,0
adl-13-cam0-rgb,data/keypoints/adl/adl-13-cam0-rgb.npz,172,201,0,42,5,3.0414571e-06,0.20958133041858673,0
adl-13-cam0-rgb,data/keypoints/adl/adl-13-cam0-rgb.npz,173,202,0,42,5,3.0633478e-06,0.20958133041858673,0
adl-13-cam0-rgb,data/keypoints/adl/adl-13-cam0-rgb.npz,174,203,0,42,5,3.1076027e-06,0.20958133041858673,0
adl-13-cam0-rgb,data/keypoints/adl/adl-13-cam0-rgb.npz,175,204,0,42,5,3.1499037e-06,0.20958133041858673,0
adl-13-cam0-rgb,data/keypoints/adl/adl-13-cam0-rgb.npz,176,205,0,42,5,3.18717e-06,0.20958133041858673,0
adl-13-cam0-rgb,data/keypoints/adl/adl-13-cam0-rgb.npz,177,206,0,42,5,3.2160356e-06,0.20958133041858673,0
adl-13-cam0-rgb,data/keypoints/adl/adl-13-cam0-rgb.npz,178,207,0,42,5,3.239436e-06,0.20958133041858673,0
adl-13-cam0-rgb,data/keypoints/adl/adl-13-cam0-rgb.npz,179,208,0,42,5,3.258945e-06,0.20958133041858673,0
adl-13-cam0-rgb,data/keypoints/adl/adl-13-cam0-rgb.npz,180,209,0,42,5,3.2729424e-06,0.20958133041858673,0
adl-13-cam0-rgb,data/keypoints/adl/adl-13-cam0-rgb.npz,181,210,0,42,5,3.276784e-06,0.20958133041858673,0
adl-13-cam0-rgb,data/keypoints/adl/adl-13-cam0-rgb.npz,182,211,0,42,5,3.2806045e-06,0.20958133041858673,0
adl-13-cam0-rgb,data/keypoints/adl/adl-13-cam0-rgb.npz,210,239,0,42,5,5.400024e-06,0.20958133041858673,0
adl-13-cam0-rgb,data/keypoints/adl/adl-13-cam0-rgb.npz,211,240,0,42,5,5.405001e-06,0.20958133041858673,0
adl-13-cam0-rgb,data/keypoints/adl/adl-13-cam0-rgb.npz,212,241,0,42,5,5.396302e-06,0.20958133041858673,0
adl-13-cam0-rgb,data/keypoints/adl/adl-13-cam0-rgb.npz,213,242,0,42,5,5.374526e-06,0.20958133041858673,0
adl-13-cam0-rgb,data/keypoints/adl/adl-13-cam0-rgb.npz,214,243,0,42,5,5.3412823e-06,0.20958133041858673,0
adl-13-cam0-rgb,data/keypoints/adl/adl-13-cam0-rgb.npz,215,244,0,42,5,5.2945693e-06,0.20958133041858673,0
adl-13-cam0-rgb,data/keypoints/adl/adl-13-cam0-rgb.npz,216,245,0,42,5,5.243201e-06,0.20958133041858673,0
adl-13-cam0-rgb,data/keypoints/adl/adl-13-cam0-rgb.npz,217,246,0,42,5,5.1779866e-06,0.20958133041858673,0
adl-13-cam0-rgb,data/keypoints/adl/adl-13-cam0-rgb.npz,218,247,0,42,5,5.0998005e-06,0.20958133041858673,0
adl-13-cam0-rgb,data/keypoints/adl/adl-13-cam0-rgb.npz,219,248,0,42,5,5.1527554e-06,0.20958133041858673,0
adl-13-cam0-rgb,data/keypoints/adl/adl-13-cam0-rgb.npz,220,249,0,42,5,3.8996104e-06,0.20958133041858673,0
adl-13-cam0-rgb,data/keypoints/adl/adl-13-cam0-rgb.npz,221,250,0,42,5,3.841322e-06,0.20958133041858673,0
adl-13-cam0-rgb,data/keypoints/adl/adl-13-cam0-rgb.npz,222,251,0,42,5,3.7847549e-06,0.20958133041858673,0
adl-13-cam0-rgb,data/keypoints/adl/adl-13-cam0-rgb.npz,223,252,0,42,5,3.721639e-06,0.20958133041858673,0
adl-13-cam0-rgb,data/keypoints/adl/adl-13-cam0-rgb.npz,224,253,0,42,5,3.6591632e-06,0.20958133041858673,0
adl-13-cam0-rgb,data/keypoints/adl/adl-13-cam0-rgb.npz,225,254,0,42,5,3.1001257e-06,0.20958133041858673,0
adl-13-cam0-rgb,data/keypoints/adl/adl-13-cam0-rgb.npz,226,255,0,42,5,3.0530814e-06,0.20958133041858673,0
adl-13-cam0-rgb,data/keypoints/adl/adl-13-cam0-rgb.npz,227,256,0,42,5,3.2691303e-06,0.20958133041858673,0
adl-13-cam0-rgb,data/keypoints/adl/adl-13-cam0-rgb.npz,228,257,0,42,5,2.8785182e-06,0.20958133041858673,0
adl-13-cam0-rgb,data/keypoints/adl/adl-13-cam0-rgb.npz,229,258,0,42,5,2.8359507e-06,0.20958133041858673,0
adl-13-cam0-rgb,data/keypoints/adl/adl-13-cam0-rgb.npz,230,259,0,42,5,2.7937258e-06,0.20958133041858673,0
adl-13-cam0-rgb,data/keypoints/adl/adl-13-cam0-rgb.npz,231,260,0,42,5,2.7554593e-06,0.20958133041858673,0
adl-13-cam0-rgb,data/keypoints/adl/adl-13-cam0-rgb.npz,232,261,0,42,5,2.7179499e-06,0.20958133041858673,0
adl-13-cam0-rgb,data/keypoints/adl/adl-13-cam0-rgb.npz,233,262,0,42,5,2.6790908e-06,0.20958133041858673,0
adl-13-cam0-rgb,data/keypoints/adl/adl-13-cam0-rgb.npz,234,263,0,42,5,2.6429161e-06,0.20958133041858673,0
adl-13-cam0-rgb,data/keypoints/adl/adl-13-cam0-rgb.npz,235,264,0,42,5,2.6063447e-06,0.20958133041858673,0
adl-13-cam0-rgb,data/keypoints/adl/adl-13-cam0-rgb.npz,236,265,0,42,5,2.5734066e-06,0.20958133041858673,0
adl-15-cam0-rgb,data/keypoints/adl/adl-15-cam0-rgb.npz,39,68,0,42,5,3.2208573e-06,0.20958133041858673,0
adl-15-cam0-rgb,data/keypoints/adl/adl-15-cam0-rgb.npz,40,69,0,42,5,3.2208573e-06,0.20958133041858673,0
adl-15-cam0-rgb,data/keypoints/adl/adl-15-cam0-rgb.npz,41,70,0,42,5,3.2208573e-06,0.20958133041858673,0
adl-15-cam0-rgb,data/keypoints/adl/adl-15-cam0-rgb.npz,42,71,0,42,5,3.2208573e-06,0.20958133041858673,0
adl-15-cam0-rgb,data/keypoints/adl/adl-15-cam0-rgb.npz,43,72,0,42,5,3.3537353e-06,0.20958133041858673,0
adl-15-cam0-rgb,data/keypoints/adl/adl-15-cam0-rgb.npz,44,73,0,42,5,3.3497076e-06,0.20958133041858673,0
adl-15-cam0-rgb,data/keypoints/adl/adl-15-cam0-rgb.npz,45,74,0,42,5,2.86746e-06,0.20958133041858673,0
adl-15-cam0-rgb,data/keypoints/adl/adl-15-cam0-rgb.npz,46,75,0,42,5,2.8605823e-06,0.20958133041858673,0
adl-15-cam0-rgb,data/keypoints/adl/adl-15-cam0-rgb.npz,47,76,0,42,5,2.8546738e-06,0.20958133041858673,0
adl-15-cam0-rgb,data/keypoints/adl/adl-15-cam0-rgb.npz,48,77,0,42,5,2.8484926e-06,0.20958133041858673,0
adl-15-cam0-rgb,data/keypoints/adl/adl-15-cam0-rgb.npz,49,78,0,42,5,2.8409154e-06,0.20958133041858673,0
adl-15-cam0-rgb,data/keypoints/adl/adl-15-cam0-rgb.npz,50,79,0,42,5,2.833091e-06,0.20958133041858673,0
adl-15-cam0-rgb,data/keypoints/adl/adl-15-cam0-rgb.npz,51,80,0,42,5,2.8267377e-06,0.20958133041858673,0
adl-15-cam0-rgb,data/keypoints/adl/adl-15-cam0-rgb.npz,52,81,0,42,5,2.8176275e-06,0.20958133041858673,0
adl-15-cam0-rgb,data/keypoints/adl/adl-15-cam0-rgb.npz,53,82,0,42,5,2.809634e-06,0.20958133041858673,0
adl-15-cam0-rgb,data/keypoints/adl/adl-15-cam0-rgb.npz,54,83,0,42,5,2.80064e-06,0.20958133041858673,0
adl-15-cam0-rgb,data/keypoints/adl/adl-15-cam0-rgb.npz,55,84,0,42,5,2.7920955e-06,0.20958133041858673,0
adl-15-cam0-rgb,data/keypoints/adl/adl-15-cam0-rgb.npz,56,85,0,42,5,2.7839806e-06,0.20958133041858673,0
adl-15-cam0-rgb,data/keypoints/adl/adl-15-cam0-rgb.npz,57,86,0,42,5,2.7753867e-06,0.20958133041858673,0
adl-15-cam0-rgb,data/keypoints/adl/adl-15-cam0-rgb.npz,58,87,0,42,5,2.7662861e-06,0.20958133041858673,0
adl-15-cam0-rgb,data/keypoints/adl/adl-15-cam0-rgb.npz,59,88,0,42,5,2.7630376e-06,0.20958133041858673,0
adl-15-cam0-rgb,data/keypoints/adl/adl-15-cam0-rgb.npz,60,89,0,42,5,2.7673861e-06,0.20958133041858673,0
adl-15-cam0-rgb,data/keypoints/adl/adl-15-cam0-rgb.npz,61,90,0,42,5,2.7629376e-06,0.20958133041858673,0
adl-15-cam0-rgb,data/keypoints/adl/adl-15-cam0-rgb.npz,62,91,0,42,5,2.7596354e-06,0.20958133041858673,0
adl-15-cam0-rgb,data/keypoints/adl/adl-15-cam0-rgb.npz,63,92,0,42,5,2.7491728e-06,0.20958133041858673,0
adl-15-cam0-rgb,data/keypoints/adl/adl-15-cam0-rgb.npz,64,93,0,42,5,2.7435392e-06,0.20958133041858673,0
adl-15-cam0-rgb,data/keypoints/adl/adl-15-cam0-rgb.npz,65,94,0,42,5,2.7372275e-06,0.20958133041858673,0
adl-15-cam0-rgb,data/keypoints/adl/adl-15-cam0-rgb.npz,66,95,0,42,5,2.7304984e-06,0.20958133041858673,0
adl-15-cam0-rgb,data/keypoints/adl/adl-15-cam0-rgb.npz,67,96,0,42,5,2.4462734e-06,0.20958133041858673,0
adl-15-cam0-rgb,data/keypoints/adl/adl-15-cam0-rgb.npz,68,97,0,42,5,2.4417309e-06,0.20958133041858673,0
adl-15-cam0-rgb,data/keypoints/adl/adl-15-cam0-rgb.npz,69,98,0,42,5,2.429411e-06,0.20958133041858673,0
adl-15-cam0-rgb,data/keypoints/adl/adl-15-cam0-rgb.npz,70,99,0,42,5,2.4249646e-06,0.20958133041858673,0
adl-15-cam0-rgb,data/keypoints/adl/adl-15-cam0-rgb.npz,71,100,0,42,5,2.4214057e-06,0.20958133041858673,0
adl-15-cam0-rgb,data/keypoints/adl/adl-15-cam0-rgb.npz,72,101,0,42,5,2.4174878e-06,0.20958133041858673,0
adl-15-cam0-rgb,data/keypoints/adl/adl-15-cam0-rgb.npz,73,102,0,42,5,2.4138158e-06,0.20958133041858673,0
adl-15-cam0-rgb,data/keypoints/adl/adl-15-cam0-rgb.npz,74,103,0,42,5,2.4085405e-06,0.20958133041858673,0
adl-15-cam0-rgb,data/keypoints/adl/adl-15-cam0-rgb.npz,75,104,0,42,5,2.4065223e-06,0.20958133041858673,0
adl-15-cam0-rgb,data/keypoints/adl/adl-15-cam0-rgb.npz,76,105,0,42,5,2.4055564e-06,0.20958133041858673,0
adl-15-cam0-rgb,data/keypoints/adl/adl-15-cam0-rgb.npz,77,106,0,42,5,2.4020421e-06,0.20958133041858673,0
adl-15-cam0-rgb,data/keypoints/adl/adl-15-cam0-rgb.npz,78,107,0,42,5,2.3979703e-06,0.20958133041858673,0
adl-15-cam0-rgb,data/keypoints/adl/adl-15-cam0-rgb.npz,79,108,0,42,5,2.3922416e-06,0.20958133041858673,0
adl-15-cam0-rgb,data/keypoints/adl/adl-15-cam0-rgb.npz,80,109,0,42,5,2.3888174e-06,0.20958133041858673,0
adl-15-cam0-rgb,data/keypoints/adl/adl-15-cam0-rgb.npz,81,110,0,42,5,2.3848793e-06,0.20958133041858673,0
adl-15-cam0-rgb,data/keypoints/adl/adl-15-cam0-rgb.npz,82,111,0,42,5,2.3843472e-06,0.20958133041858673,0
adl-15-cam0-rgb,data/keypoints/adl/adl-15-cam0-rgb.npz,83,112,0,42,5,2.3790321e-06,0.20958133041858673,0
adl-15-cam0-rgb,data/keypoints/adl/adl-15-cam0-rgb.npz,84,113,0,42,5,2.374311e-06,0.20958133041858673,0
adl-15-cam0-rgb,data/keypoints/adl/adl-15-cam0-rgb.npz,85,114,0,42,5,2.368989e-06,0.20958133041858673,0
adl-15-cam0-rgb,data/keypoints/adl/adl-15-cam0-rgb.npz,86,115,0,42,5,2.3619148e-06,0.20958133041858673,0
adl-15-cam0-rgb,data/keypoints/adl/adl-15-cam0-rgb.npz,87,116,0,42,5,2.3546006e-06,0.20958133041858673,0
adl-15-cam0-rgb,data/keypoints/adl/adl-15-cam0-rgb.npz,88,117,0,42,5,2.346562e-06,0.20958133041858673,0
adl-15-cam0-rgb,data/keypoints/adl/adl-15-cam0-rgb.npz,89,118,0,42,5,2.3380692e-06,0.20958133041858673,0
adl-15-cam0-rgb,data/keypoints/adl/adl-15-cam0-rgb.npz,90,119,0,42,5,2.3224911e-06,0.20958133041858673,0
adl-15-cam0-rgb,data/keypoints/adl/adl-15-cam0-rgb.npz,91,120,0,42,5,2.3126777e-06,0.20958133041858673,0
adl-15-cam0-rgb,data/keypoints/adl/adl-15-cam0-rgb.npz,92,121,0,42,5,2.3017772e-06,0.20958133041858673,0
adl-15-cam0-rgb,data/keypoints/adl/adl-15-cam0-rgb.npz,93,122,0,42,5,2.2891263e-06,0.20958133041858673,0
adl-15-cam0-rgb,data/keypoints/adl/adl-15-cam0-rgb.npz,94,123,0,42,5,2.2759198e-06,0.20958133041858673,0
adl-15-cam0-rgb,data/keypoints/adl/adl-15-cam0-rgb.npz,95,124,0,42,5,2.260747e-06,0.20958133041858673,0
adl-15-cam0-rgb,data/keypoints/adl/adl-15-cam0-rgb.npz,96,125,0,42,5,2.2489328e-06,0.20958133041858673,0
adl-15-cam0-rgb,data/keypoints/adl/adl-15-cam0-rgb.npz,97,126,0,42,5,2.236069e-06,0.20958133041858673,0
adl-15-cam0-rgb,data/keypoints/adl/adl-15-cam0-rgb.npz,98,127,0,42,5,2.2235504e-06,0.20958133041858673,0
adl-15-cam0-rgb,data/keypoints/adl/adl-15-cam0-rgb.npz,99,128,0,42,5,2.2117238e-06,0.20958133041858673,0
adl-15-cam0-rgb,data/keypoints/adl/adl-15-cam0-rgb.npz,100,129,0,42,5,2.2013874e-06,0.20958133041858673,0
adl-15-cam0-rgb,data/keypoints/adl/adl-15-cam0-rgb.npz,101,130,0,42,5,2.1930248e-06,0.20958133041858673,0
adl-15-cam0-rgb,data/keypoints/adl/adl-15-cam0-rgb.npz,102,131,0,42,5,2.185373e-06,0.20958133041858673,0
adl-15-cam0-rgb,data/keypoints/adl/adl-15-cam0-rgb.npz,103,132,0,42,5,2.1783771e-06,0.20958133041858673,0
adl-15-cam0-rgb,data/keypoints/adl/adl-15-cam0-rgb.npz,104,133,0,42,5,2.1723174e-06,0.20958133041858673,0
adl-15-cam0-rgb,data/keypoints/adl/adl-15-cam0-rgb.npz,105,134,0,42,5,2.1651551e-06,0.20958133041858673,0
adl-15-cam0-rgb,data/keypoints/adl/adl-15-cam0-rgb.npz,106,135,0,42,5,2.159303e-06,0.20958133041858673,0
adl-15-cam0-rgb,data/keypoints/adl/adl-15-cam0-rgb.npz,107,136,0,42,5,2.1537542e-06,0.20958133041858673,0
adl-15-cam0-rgb,data/keypoints/adl/adl-15-cam0-rgb.npz,108,137,0,42,5,2.1494493e-06,0.20958133041858673,0
adl-15-cam0-rgb,data/keypoints/adl/adl-15-cam0-rgb.npz,109,138,0,42,5,2.1458568e-06,0.20958133041858673,0
adl-15-cam0-rgb,data/keypoints/adl/adl-15-cam0-rgb.npz,110,139,0,42,5,2.142489e-06,0.20958133041858673,0
adl-15-cam0-rgb,data/keypoints/adl/adl-15-cam0-rgb.npz,111,140,0,42,5,2.1396854e-06,0.20958133041858673,0
adl-15-cam0-rgb,data/keypoints/adl/adl-15-cam0-rgb.npz,112,141,0,42,5,2.1418616e-06,0.20958133041858673,0
adl-15-cam0-rgb,data/keypoints/adl/adl-15-cam0-rgb.npz,113,142,0,42,5,2.140114e-06,0.20958133041858673,0
adl-15-cam0-rgb,data/keypoints/adl/adl-15-cam0-rgb.npz,114,143,0,42,5,2.1410674e-06,0.20958133041858673,0
adl-15-cam0-rgb,data/keypoints/adl/adl-15-cam0-rgb.npz,115,144,0,42,5,2.1421192e-06,0.20958133041858673,0
adl-15-cam0-rgb,data/keypoints/adl/adl-15-cam0-rgb.npz,116,145,0,42,5,2.1428914e-06,0.20958133041858673,0
adl-15-cam0-rgb,data/keypoints/adl/adl-15-cam0-rgb.npz,117,146,0,42,5,2.1454086e-06,0.20958133041858673,0
adl-15-cam0-rgb,data/keypoints/adl/adl-15-cam0-rgb.npz,118,147,0,42,5,2.1470441e-06,0.20958133041858673,0
adl-15-cam0-rgb,data/keypoints/adl/adl-15-cam0-rgb.npz,119,148,0,42,5,2.148945e-06,0.20958133041858673,0
adl-15-cam0-rgb,data/keypoints/adl/adl-15-cam0-rgb.npz,120,149,0,42,5,2.1541239e-06,0.20958133041858673,0
adl-15-cam0-rgb,data/keypoints/adl/adl-15-cam0-rgb.npz,121,150,0,42,5,2.1587657e-06,0.20958133041858673,0
adl-15-cam0-rgb,data/keypoints/adl/adl-15-cam0-rgb.npz,122,151,0,42,5,2.1635121e-06,0.20958133041858673,0
adl-15-cam0-rgb,data/keypoints/adl/adl-15-cam0-rgb.npz,123,152,0,42,5,2.1689164e-06,0.20958133041858673,0
adl-15-cam0-rgb,data/keypoints/adl/adl-15-cam0-rgb.npz,124,153,0,42,5,2.1738779e-06,0.20958133041858673,0
adl-15-cam0-rgb,data/keypoints/adl/adl-15-cam0-rgb.npz,125,154,0,42,5,2.1793787e-06,0.20958133041858673,0
adl-15-cam0-rgb,data/keypoints/adl/adl-15-cam0-rgb.npz,126,155,0,42,5,2.1845644e-06,0.20958133041858673,0
adl-15-cam0-rgb,data/keypoints/adl/adl-15-cam0-rgb.npz,127,156,0,42,5,2.1891192e-06,0.20958133041858673,0
adl-15-cam0-rgb,data/keypoints/adl/adl-15-cam0-rgb.npz,128,157,0,42,5,2.1939723e-06,0.20958133041858673,0
adl-15-cam0-rgb,data/keypoints/adl/adl-15-cam0-rgb.npz,129,158,0,42,5,2.1997191e-06,0.20958133041858673,0
adl-15-cam0-rgb,data/keypoints/adl/adl-15-cam0-rgb.npz,130,159,0,42,5,2.2043812e-06,0.20958133041858673,0
adl-15-cam0-rgb,data/keypoints/adl/adl-15-cam0-rgb.npz,131,160,0,42,5,2.2068125e-06,0.20958133041858673,0
adl-15-cam0-rgb,data/keypoints/adl/adl-15-cam0-rgb.npz,132,161,0,42,5,2.211171e-06,0.20958133041858673,0
adl-15-cam0-rgb,data/keypoints/adl/adl-15-cam0-rgb.npz,133,162,0,42,5,2.215025e-06,0.20958133041858673,0
adl-15-cam0-rgb,data/keypoints/adl/adl-15-cam0-rgb.npz,134,163,0,42,5,2.2189386e-06,0.20958133041858673,0
adl-15-cam0-rgb,data/keypoints/adl/adl-15-cam0-rgb.npz,135,164,0,42,5,2.224704e-06,0.20958133041858673,0
adl-15-cam0-rgb,data/keypoints/adl/adl-15-cam0-rgb.npz,136,165,0,42,5,2.2261006e-06,0.20958133041858673,0
adl-15-cam0-rgb,data/keypoints/adl/adl-15-cam0-rgb.npz,137,166,0,42,5,2.2317931e-06,0.20958133041858673,0
adl-15-cam0-rgb,data/keypoints/adl/adl-15-cam0-rgb.npz,138,167,0,42,5,2.2343188e-06,0.20958133041858673,0
adl-15-cam0-rgb,data/keypoints/adl/adl-15-cam0-rgb.npz,139,168,0,42,5,2.2367983e-06,0.20958133041858673,0
adl-15-cam0-rgb,data/keypoints/adl/adl-15-cam0-rgb.npz,140,169,0,42,5,2.240122e-06,0.20958133041858673,0
adl-15-cam0-rgb,data/keypoints/adl/adl-15-cam0-rgb.npz,141,170,0,42,5,2.244247e-06,0.20958133041858673,0
adl-15-cam0-rgb,data/keypoints/adl/adl-15-cam0-rgb.npz,142,171,0,42,5,2.2449685e-06,0.20958133041858673,0
adl-15-cam0-rgb,data/keypoints/adl/adl-15-cam0-rgb.npz,143,172,0,42,5,2.2472198e-06,0.20958133041858673,0
adl-15-cam0-rgb,data/keypoints/adl/adl-15-cam0-rgb.npz,144,173,0,42,5,2.2497543e-06,0.20958133041858673,0
adl-15-cam0-rgb,data/keypoints/adl/adl-15-cam0-rgb.npz,145,174,0,42,5,2.2539828e-06,0.20958133041858673,0
adl-15-cam0-rgb,data/keypoints/adl/adl-15-cam0-rgb.npz,146,175,0,42,5,2.2566112e-06,0.20958133041858673,0
adl-15-cam0-rgb,data/keypoints/adl/adl-15-cam0-rgb.npz,147,176,0,42,5,2.2621055e-06,0.20958133041858673,0
adl-15-cam0-rgb,data/keypoints/adl/adl-15-cam0-rgb.npz,148,177,0,42,5,2.2672477e-06,0.20958133041858673,0
adl-15-cam0-rgb,data/keypoints/adl/adl-15-cam0-rgb.npz,149,178,0,42,5,2.2731865e-06,0.20958133041858673,0
adl-15-cam0-rgb,data/keypoints/adl/adl-15-cam0-rgb.npz,150,179,0,42,5,2.2800562e-06,0.20958133041858673,0
adl-15-cam0-rgb,data/keypoints/adl/adl-15-cam0-rgb.npz,151,180,0,42,5,2.283969e-06,0.20958133041858673,0
adl-15-cam0-rgb,data/keypoints/adl/adl-15-cam0-rgb.npz,152,181,0,42,5,2.289386e-06,0.20958133041858673,0
adl-15-cam0-rgb,data/keypoints/adl/adl-15-cam0-rgb.npz,153,182,0,42,5,2.2964339e-06,0.20958133041858673,0
adl-15-cam0-rgb,data/keypoints/adl/adl-15-cam0-rgb.npz,154,183,0,42,5,2.3002146e-06,0.20958133041858673,0
adl-15-cam0-rgb,data/keypoints/adl/adl-15-cam0-rgb.npz,155,184,0,42,5,2.306075e-06,0.20958133041858673,0
adl-15-cam0-rgb,data/keypoints/adl/adl-15-cam0-rgb.npz,156,185,0,42,5,2.3121618e-06,0.20958133041858673,0
adl-15-cam0-rgb,data/keypoints/adl/adl-15-cam0-rgb.npz,157,186,0,42,5,2.3228476e-06,0.20958133041858673,0
adl-15-cam0-rgb,data/keypoints/adl/adl-15-cam0-rgb.npz,158,187,0,42,5,2.3318655e-06,0.20958133041858673,0
adl-15-cam0-rgb,data/keypoints/adl/adl-15-cam0-rgb.npz,159,188,0,42,5,2.3441196e-06,0.20958133041858673,0
adl-15-cam0-rgb,data/keypoints/adl/adl-15-cam0-rgb.npz,160,189,0,42,5,2.3569396e-06,0.20958133041858673,0
adl-15-cam0-rgb,data/keypoints/adl/adl-15-cam0-rgb.npz,161,190,0,42,5,2.3764608e-06,0.20958133041858673,0
adl-15-cam0-rgb,data/keypoints/adl/adl-15-cam0-rgb.npz,162,191,0,42,5,2.3920272e-06,0.20958133041858673,0
adl-15-cam0-rgb,data/keypoints/adl/adl-15-cam0-rgb.npz,163,192,0,42,5,2.4203323e-06,0.20958133041858673,0
adl-15-cam0-rgb,data/keypoints/adl/adl-15-cam0-rgb.npz,164,193,0,42,5,2.44191e-06,0.20958133041858673,0
adl-15-cam0-rgb,data/keypoints/adl/adl-15-cam0-rgb.npz,165,194,0,42,5,2.4765777e-06,0.20958133041858673,0
adl-15-cam0-rgb,data/keypoints/adl/adl-15-cam0-rgb.npz,166,195,0,42,5,2.5098152e-06,0.20958133041858673,0
adl-15-cam0-rgb,data/keypoints/adl/adl-15-cam0-rgb.npz,167,196,0,42,5,2.5342783e-06,0.20958133041858673,0
adl-15-cam0-rgb,data/keypoints/adl/adl-15-cam0-rgb.npz,168,197,0,42,5,2.5743223e-06,0.20958133041858673,0
adl-15-cam0-rgb,data/keypoints/adl/adl-15-cam0-rgb.npz,169,198,0,42,5,2.64571e-06,0.20958133041858673,0
adl-15-cam0-rgb,data/keypoints/adl/adl-15-cam0-rgb.npz,170,199,0,42,5,2.7472097e-06,0.20958133041858673,0
adl-15-cam0-rgb,data/keypoints/adl/adl-15-cam0-rgb.npz,171,200,0,42,5,2.8428938e-06,0.20958133041858673,0
adl-15-cam0-rgb,data/keypoints/adl/adl-15-cam0-rgb.npz,172,201,0,42,5,2.8558231e-06,0.20958133041858673,0
adl-15-cam0-rgb,data/keypoints/adl/adl-15-cam0-rgb.npz,173,202,0,42,5,2.9063253e-06,0.20958133041858673,0
adl-15-cam0-rgb,data/keypoints/adl/adl-15-cam0-rgb.npz,174,203,0,42,5,2.9461137e-06,0.20958133041858673,0
adl-15-cam0-rgb,data/keypoints/adl/adl-15-cam0-rgb.npz,175,204,0,42,5,2.9866408e-06,0.20958133041858673,0
adl-15-cam0-rgb,data/keypoints/adl/adl-15-cam0-rgb.npz,176,205,0,42,5,3.025223e-06,0.20958133041858673,0
adl-15-cam0-rgb,data/keypoints/adl/adl-15-cam0-rgb.npz,177,206,0,42,5,3.0524527e-06,0.20958133041858673,0
adl-15-cam0-rgb,data/keypoints/adl/adl-15-cam0-rgb.npz,178,207,0,42,5,3.0504882e-06,0.20958133041858673,0
adl-15-cam0-rgb,data/keypoints/adl/adl-15-cam0-rgb.npz,179,208,0,42,5,4.649343e-06,0.20958133041858673,0
adl-15-cam0-rgb,data/keypoints/adl/adl-15-cam0-rgb.npz,180,209,0,42,5,4.7217213e-06,0.20958133041858673,0
adl-15-cam0-rgb,data/keypoints/adl/adl-15-cam0-rgb.npz,181,210,0,42,5,4.6968635e-06,0.20958133041858673,0
adl-15-cam0-rgb,data/keypoints/adl/adl-15-cam0-rgb.npz,182,211,0,42,5,4.750891e-06,0.20958133041858673,0
adl-15-cam0-rgb,data/keypoints/adl/adl-15-cam0-rgb.npz,183,212,0,42,5,4.8001502e-06,0.20958133041858673,0
adl-15-cam0-rgb,data/keypoints/adl/adl-15-cam0-rgb.npz,184,213,0,42,5,4.855028e-06,0.20958133041858673,0
adl-15-cam0-rgb,data/keypoints/adl/adl-15-cam0-rgb.npz,185,214,0,42,5,4.7379594e-06,0.20958133041858673,0
adl-15-cam0-rgb,data/keypoints/adl/adl-15-cam0-rgb.npz,186,215,0,42,5,5.4260317e-06,0.20958133041858673,0
adl-15-cam0-rgb,data/keypoints/adl/adl-15-cam0-rgb.npz,187,216,0,42,5,5.3813683e-06,0.20958133041858673,0
adl-15-cam0-rgb,data/keypoints/adl/adl-15-cam0-rgb.npz,188,217,0,42,5,5.764131e-06,0.20958133041858673,0
adl-15-cam0-rgb,data/keypoints/adl/adl-15-cam0-rgb.npz,189,218,0,42,5,5.7962015e-06,0.20958133041858673,0
adl-15-cam0-rgb,data/keypoints/adl/adl-15-cam0-rgb.npz,190,219,0,42,5,5.775042e-06,0.20958133041858673,0
adl-15-cam0-rgb,data/keypoints/adl/adl-15-cam0-rgb.npz,191,220,0,42,5,5.782366e-06,0.20958133041858673,0
adl-15-cam0-rgb,data/keypoints/adl/adl-15-cam0-rgb.npz,192,221,0,42,5,5.9155727e-06,0.20958133041858673,0
adl-15-cam0-rgb,data/keypoints/adl/adl-15-cam0-rgb.npz,193,222,0,42,5,5.965257e-06,0.20958133041858673,0
adl-15-cam0-rgb,data/keypoints/adl/adl-15-cam0-rgb.npz,194,223,0,42,5,7.460778e-06,0.20958133041858673,0
adl-15-cam0-rgb,data/keypoints/adl/adl-15-cam0-rgb.npz,195,224,0,42,5,3.4937937e-06,0.20958133041858673,0
adl-15-cam0-rgb,data/keypoints/adl/adl-15-cam0-rgb.npz,196,225,0,42,5,3.5709e-06,0.20958133041858673,0
adl-15-cam0-rgb,data/keypoints/adl/adl-15-cam0-rgb.npz,197,226,0,42,5,3.6289775e-06,0.20958133041858673,0
adl-15-cam0-rgb,data/keypoints/adl/adl-15-cam0-rgb.npz,198,227,0,42,5,3.7296115e-06,0.20958133041858673,0
adl-15-cam0-rgb,data/keypoints/adl/adl-15-cam0-rgb.npz,199,228,0,42,5,3.759064e-06,0.20958133041858673,0
adl-15-cam0-rgb,data/keypoints/adl/adl-15-cam0-rgb.npz,200,229,0,42,5,3.8344883e-06,0.20958133041858673,0
adl-15-cam0-rgb,data/keypoints/adl/adl-15-cam0-rgb.npz,201,230,0,42,5,3.8467547e-06,0.20958133041858673,0
adl-15-cam0-rgb,data/keypoints/adl/adl-15-cam0-rgb.npz,202,231,0,42,5,4.1986827e-06,0.20958133041858673,0
adl-15-cam0-rgb,data/keypoints/adl/adl-15-cam0-rgb.npz,203,232,0,42,5,4.1741855e-06,0.20958133041858673,0
adl-15-cam0-rgb,data/keypoints/adl/adl-15-cam0-rgb.npz,204,233,0,42,5,4.0609593e-06,0.20958133041858673,0
adl-15-cam0-rgb,data/keypoints/adl/adl-15-cam0-rgb.npz,205,234,0,42,5,4.008128e-06,0.20958133041858673,0
adl-15-cam0-rgb,data/keypoints/adl/adl-15-cam0-rgb.npz,206,235,0,42,5,3.9803067e-06,0.20958133041858673,0
adl-15-cam0-rgb,data/keypoints/adl/adl-15-cam0-rgb.npz,207,236,0,42,5,3.966464e-06,0.20958133041858673,0
adl-15-cam0-rgb,data/keypoints/adl/adl-15-cam0-rgb.npz,208,237,0,42,5,3.9250494e-06,0.20958133041858673,0
adl-15-cam0-rgb,data/keypoints/adl/adl-15-cam0-rgb.npz,209,238,0,42,5,3.923242e-06,0.20958133041858673,0
adl-15-cam0-rgb,data/keypoints/adl/adl-15-cam0-rgb.npz,210,239,0,42,5,3.824813e-06,0.20958133041858673,0
adl-15-cam0-rgb,data/keypoints/adl/adl-15-cam0-rgb.npz,211,240,0,42,5,3.7475313e-06,0.20958133041858673,0
adl-15-cam0-rgb,data/keypoints/adl/adl-15-cam0-rgb.npz,212,241,0,42,5,3.6690524e-06,0.20958133041858673,0
adl-15-cam0-rgb,data/keypoints/adl/adl-15-cam0-rgb.npz,213,242,0,42,5,3.6592749e-06,0.20958133041858673,0
adl-15-cam0-rgb,data/keypoints/adl/adl-15-cam0-rgb.npz,214,243,0,42,5,3.6262031e-06,0.20958133041858673,0
adl-15-cam0-rgb,data/keypoints/adl/adl-15-cam0-rgb.npz,215,244,0,42,5,3.6146296e-06,0.20958133041858673,0
adl-15-cam0-rgb,data/keypoints/adl/adl-15-cam0-rgb.npz,216,245,0,42,5,3.5590924e-06,0.20958133041858673,0
adl-15-cam0-rgb,data/keypoints/adl/adl-15-cam0-rgb.npz,217,246,0,42,5,3.5093317e-06,0.20958133041858673,0
adl-15-cam0-rgb,data/keypoints/adl/adl-15-cam0-rgb.npz,218,247,0,42,5,3.463885e-06,0.20958133041858673,0
adl-15-cam0-rgb,data/keypoints/adl/adl-15-cam0-rgb.npz,219,248,0,42,5,3.9328766e-06,0.20958133041858673,0
adl-15-cam0-rgb,data/keypoints/adl/adl-15-cam0-rgb.npz,220,249,0,42,5,3.936055e-06,0.20958133041858673,0
adl-15-cam0-rgb,data/keypoints/adl/adl-15-cam0-rgb.npz,221,250,0,42,5,3.7351717e-06,0.20958133041858673,0
adl-15-cam0-rgb,data/keypoints/adl/adl-15-cam0-rgb.npz,222,251,0,42,5,3.399266e-06,0.20958133041858673,0
adl-15-cam0-rgb,data/keypoints/adl/adl-15-cam0-rgb.npz,223,252,0,42,5,3.278878e-06,0.20958133041858673,0
adl-15-cam0-rgb,data/keypoints/adl/adl-15-cam0-rgb.npz,224,253,0,42,5,2.4946742e-06,0.20958133041858673,0
adl-15-cam0-rgb,data/keypoints/adl/adl-15-cam0-rgb.npz,225,254,0,42,5,2.4707838e-06,0.20958133041858673,0
adl-15-cam0-rgb,data/keypoints/adl/adl-15-cam0-rgb.npz,226,255,0,42,5,2.4463013e-06,0.20958133041858673,0
adl-15-cam0-rgb,data/keypoints/adl/adl-15-cam0-rgb.npz,227,256,0,42,5,2.4233093e-06,0.20958133041858673,0
adl-15-cam0-rgb,data/keypoints/adl/adl-15-cam0-rgb.npz,228,257,0,42,5,2.39148e-06,0.20958133041858673,0
adl-15-cam0-rgb,data/keypoints/adl/adl-15-cam0-rgb.npz,229,258,0,42,5,2.361437e-06,0.20958133041858673,0
adl-15-cam0-rgb,data/keypoints/adl/adl-15-cam0-rgb.npz,230,259,0,42,5,2.318574e-06,0.20958133041858673,0
adl-15-cam0-rgb,data/keypoints/adl/adl-15-cam0-rgb.npz,231,260,0,42,5,2.2938314e-06,0.20958133041858673,0
adl-15-cam0-rgb,data/keypoints/adl/adl-15-cam0-rgb.npz,232,261,0,42,5,2.2874196e-06,0.20958133041858673,0
adl-15-cam0-rgb,data/keypoints/adl/adl-15-cam0-rgb.npz,233,262,0,42,5,2.2745508e-06,0.20958133041858673,0
adl-15-cam0-rgb,data/keypoints/adl/adl-15-cam0-rgb.npz,234,263,0,42,5,2.2766949e-06,0.20958133041858673,0
adl-15-cam0-rgb,data/keypoints/adl/adl-15-cam0-rgb.npz,235,264,0,42,5,2.2783195e-06,0.20958133041858673,0
adl-15-cam0-rgb,data/keypoints/adl/adl-15-cam0-rgb.npz,236,265,0,42,5,2.2880286e-06,0.20958133041858673,0
adl-15-cam0-rgb,data/keypoints/adl/adl-15-cam0-rgb.npz,237,266,0,42,5,2.2890674e-06,0.20958133041858673,0
adl-15-cam0-rgb,data/keypoints/adl/adl-15-cam0-rgb.npz,238,267,0,42,5,2.303514e-06,0.20958133041858673,0
adl-15-cam0-rgb,data/keypoints/adl/adl-15-cam0-rgb.npz,239,268,0,42,5,2.321014e-06,0.20958133041858673,0
adl-15-cam0-rgb,data/keypoints/adl/adl-15-cam0-rgb.npz,240,269,0,42,5,2.3373311e-06,0.20958133041858673,0
adl-15-cam0-rgb,data/keypoints/adl/adl-15-cam0-rgb.npz,241,270,0,42,5,2.3570497e-06,0.20958133041858673,0
adl-15-cam0-rgb,data/keypoints/adl/adl-15-cam0-rgb.npz,242,271,0,42,5,2.3700554e-06,0.20958133041858673,0
adl-15-cam0-rgb,data/keypoints/adl/adl-15-cam0-rgb.npz,243,272,0,42,5,2.3936657e-06,0.20958133041858673,0
adl-15-cam0-rgb,data/keypoints/adl/adl-15-cam0-rgb.npz,244,273,0,42,5,2.418258e-06,0.20958133041858673,0
adl-15-cam0-rgb,data/keypoints/adl/adl-15-cam0-rgb.npz,245,274,0,42,5,2.4502751e-06,0.20958133041858673,0
adl-15-cam0-rgb,data/keypoints/adl/adl-15-cam0-rgb.npz,246,275,0,42,5,2.4780097e-06,0.20958133041858673,0
adl-17-cam0-rgb,data/keypoints/adl/adl-17-cam0-rgb.npz,40,69,0,42,5,2.897865e-06,0.20958133041858673,0
adl-17-cam0-rgb,data/keypoints/adl/adl-17-cam0-rgb.npz,41,70,0,42,5,2.8959807e-06,0.20958133041858673,0
adl-17-cam0-rgb,data/keypoints/adl/adl-17-cam0-rgb.npz,42,71,0,42,5,2.8892414e-06,0.20958133041858673,0
adl-17-cam0-rgb,data/keypoints/adl/adl-17-cam0-rgb.npz,43,72,0,42,5,2.88466e-06,0.20958133041858673,0
adl-17-cam0-rgb,data/keypoints/adl/adl-17-cam0-rgb.npz,44,73,0,42,5,2.8779525e-06,0.20958133041858673,0
adl-17-cam0-rgb,data/keypoints/adl/adl-17-cam0-rgb.npz,45,74,0,42,5,2.8709158e-06,0.20958133041858673,0
adl-17-cam0-rgb,data/keypoints/adl/adl-17-cam0-rgb.npz,46,75,0,42,5,2.864333e-06,0.20958133041858673,0
adl-17-cam0-rgb,data/keypoints/adl/adl-17-cam0-rgb.npz,47,76,0,42,5,2.8568418e-06,0.20958133041858673,0
adl-17-cam0-rgb,data/keypoints/adl/adl-17-cam0-rgb.npz,48,77,0,42,5,2.8474576e-06,0.20958133041858673,0
adl-17-cam0-rgb,data/keypoints/adl/adl-17-cam0-rgb.npz,49,78,0,42,5,2.8390114e-06,0.20958133041858673,0
adl-17-cam0-rgb,data/keypoints/adl/adl-17-cam0-rgb.npz,50,79,0,42,5,2.8276975e-06,0.20958133041858673,0
adl-17-cam0-rgb,data/keypoints/adl/adl-17-cam0-rgb.npz,51,80,0,42,5,2.8169989e-06,0.20958133041858673,0
adl-17-cam0-rgb,data/keypoints/adl/adl-17-cam0-rgb.npz,52,81,0,42,5,2.8101645e-06,0.20958133041858673,0
adl-17-cam0-rgb,data/keypoints/adl/adl-17-cam0-rgb.npz,53,82,0,42,5,2.8005816e-06,0.20958133041858673,0
adl-17-cam0-rgb,data/keypoints/adl/adl-17-cam0-rgb.npz,54,83,0,42,5,2.79061e-06,0.20958133041858673,0
adl-17-cam0-rgb,data/keypoints/adl/adl-17-cam0-rgb.npz,55,84,0,42,5,2.7850003e-06,0.20958133041858673,0
adl-17-cam0-rgb,data/keypoints/adl/adl-17-cam0-rgb.npz,56,85,0,42,5,2.7760007e-06,0.20958133041858673,0
adl-17-cam0-rgb,data/keypoints/adl/adl-17-cam0-rgb.npz,57,86,0,42,5,2.7667002e-06,0.20958133041858673,0
adl-17-cam0-rgb,data/keypoints/adl/adl-17-cam0-rgb.npz,58,87,0,42,5,2.759125e-06,0.20958133041858673,0
adl-17-cam0-rgb,data/keypoints/adl/adl-17-cam0-rgb.npz,59,88,0,42,5,2.7512947e-06,0.20958133041858673,0
adl-17-cam0-rgb,data/keypoints/adl/adl-17-cam0-rgb.npz,60,89,0,42,5,2.742336e-06,0.20958133041858673,0
adl-17-cam0-rgb,data/keypoints/adl/adl-17-cam0-rgb.npz,61,90,0,42,5,2.7352653e-06,0.20958133041858673,0
adl-17-cam0-rgb,data/keypoints/adl/adl-17-cam0-rgb.npz,62,91,0,42,5,2.7236272e-06,0.20958133041858673,0
adl-17-cam0-rgb,data/keypoints/adl/adl-17-cam0-rgb.npz,63,92,0,42,5,2.7158976e-06,0.20958133041858673,0
adl-17-cam0-rgb,data/keypoints/adl/adl-17-cam0-rgb.npz,64,93,0,42,5,2.708074e-06,0.20958133041858673,0
adl-17-cam0-rgb,data/keypoints/adl/adl-17-cam0-rgb.npz,65,94,0,42,5,2.6962225e-06,0.20958133041858673,0
adl-17-cam0-rgb,data/keypoints/adl/adl-17-cam0-rgb.npz,66,95,0,42,5,2.6872765e-06,0.20958133041858673,0
adl-17-cam0-rgb,data/keypoints/adl/adl-17-cam0-rgb.npz,67,96,0,42,5,2.4224428e-06,0.20958133041858673,0
adl-17-cam0-rgb,data/keypoints/adl/adl-17-cam0-rgb.npz,68,97,0,42,5,2.4157894e-06,0.20958133041858673,0
adl-17-cam0-rgb,data/keypoints/adl/adl-17-cam0-rgb.npz,69,98,0,42,5,2.410549e-06,0.20958133041858673,0
adl-17-cam0-rgb,data/keypoints/adl/adl-17-cam0-rgb.npz,70,99,0,42,5,2.4053247e-06,0.20958133041858673,0
adl-17-cam0-rgb,data/keypoints/adl/adl-17-cam0-rgb.npz,71,100,0,42,5,2.4041024e-06,0.20958133041858673,0
adl-17-cam0-rgb,data/keypoints/adl/adl-17-cam0-rgb.npz,72,101,0,42,5,2.4069286e-06,0.20958133041858673,0
adl-17-cam0-rgb,data/keypoints/adl/adl-17-cam0-rgb.npz,73,102,0,42,5,2.404648e-06,0.20958133041858673,0
adl-17-cam0-rgb,data/keypoints/adl/adl-17-cam0-rgb.npz,74,103,0,42,5,2.4043316e-06,0.20958133041858673,0
adl-17-cam0-rgb,data/keypoints/adl/adl-17-cam0-rgb.npz,75,104,0,42,5,2.4047101e-06,0.20958133041858673,0
adl-17-cam0-rgb,data/keypoints/adl/adl-17-cam0-rgb.npz,76,105,0,42,5,2.404616e-06,0.20958133041858673,0
adl-17-cam0-rgb,data/keypoints/adl/adl-17-cam0-rgb.npz,77,106,0,42,5,2.4063847e-06,0.20958133041858673,0
adl-17-cam0-rgb,data/keypoints/adl/adl-17-cam0-rgb.npz,78,107,0,42,5,2.4127937e-06,0.20958133041858673,0
adl-17-cam0-rgb,data/keypoints/adl/adl-17-cam0-rgb.npz,79,108,0,42,5,2.4142116e-06,0.20958133041858673,0
adl-17-cam0-rgb,data/keypoints/adl/adl-17-cam0-rgb.npz,80,109,0,42,5,2.4133162e-06,0.20958133041858673,0
adl-17-cam0-rgb,data/keypoints/adl/adl-17-cam0-rgb.npz,81,110,0,42,5,2.4137144e-06,0.20958133041858673,0
adl-17-cam0-rgb,data/keypoints/adl/adl-17-cam0-rgb.npz,82,111,0,42,5,2.4126098e-06,0.20958133041858673,0
adl-17-cam0-rgb,data/keypoints/adl/adl-17-cam0-rgb.npz,83,112,0,42,5,2.4097722e-06,0.20958133041858673,0
adl-17-cam0-rgb,data/keypoints/adl/adl-17-cam0-rgb.npz,84,113,0,42,5,2.407234e-06,0.20958133041858673,0
adl-17-cam0-rgb,data/keypoints/adl/adl-17-cam0-rgb.npz,85,114,0,42,5,2.4044004e-06,0.20958133041858673,0
adl-17-cam0-rgb,data/keypoints/adl/adl-17-cam0-rgb.npz,86,115,0,42,5,2.4003223e-06,0.20958133041858673,0
adl-17-cam0-rgb,data/keypoints/adl/adl-17-cam0-rgb.npz,87,116,0,42,5,2.395287e-06,0.20958133041858673,0
adl-17-cam0-rgb,data/keypoints/adl/adl-17-cam0-rgb.npz,88,117,0,42,5,2.3896011e-06,0.20958133041858673,0
adl-17-cam0-rgb,data/keypoints/adl/adl-17-cam0-rgb.npz,89,118,0,42,5,2.3842745e-06,0.20958133041858673,0
adl-17-cam0-rgb,data/keypoints/adl/adl-17-cam0-rgb.npz,90,119,0,42,5,2.3776986e-06,0.20958133041858673,0
adl-17-cam0-rgb,data/keypoints/adl/adl-17-cam0-rgb.npz,91,120,0,42,5,2.3696805e-06,0.20958133041858673,0
adl-17-cam0-rgb,data/keypoints/adl/adl-17-cam0-rgb.npz,92,121,0,42,5,2.36278e-06,0.20958133041858673,0
adl-17-cam0-rgb,data/keypoints/adl/adl-17-cam0-rgb.npz,93,122,0,42,5,2.355306e-06,0.20958133041858673,0
adl-17-cam0-rgb,data/keypoints/adl/adl-17-cam0-rgb.npz,94,123,0,42,5,2.3502573e-06,0.20958133041858673,0
adl-17-cam0-rgb,data/keypoints/adl/adl-17-cam0-rgb.npz,95,124,0,42,5,2.3448306e-06,0.20958133041858673,0
adl-17-cam0-rgb,data/keypoints/adl/adl-17-cam0-rgb.npz,96,125,0,42,5,2.3399427e-06,0.20958133041858673,0
adl-17-cam0-rgb,data/keypoints/adl/adl-17-cam0-rgb.npz,97,126,0,42,5,2.3356201e-06,0.20958133041858673,0
adl-17-cam0-rgb,data/keypoints/adl/adl-17-cam0-rgb.npz,98,127,0,42,5,2.3298205e-06,0.20958133041858673,0
adl-17-cam0-rgb,data/keypoints/adl/adl-17-cam0-rgb.npz,99,128,0,42,5,2.3255118e-06,0.20958133041858673,0
adl-17-cam0-rgb,data/keypoints/adl/adl-17-cam0-rgb.npz,100,129,0,42,5,2.3212156e-06,0.20958133041858673,0
adl-17-cam0-rgb,data/keypoints/adl/adl-17-cam0-rgb.npz,101,130,0,42,5,2.316523e-06,0.20958133041858673,0
adl-17-cam0-rgb,data/keypoints/adl/adl-17-cam0-rgb.npz,102,131,0,42,5,2.3136042e-06,0.20958133041858673,0
adl-17-cam0-rgb,data/keypoints/adl/adl-17-cam0-rgb.npz,103,132,0,42,5,2.3101911e-06,0.20958133041858673,0
adl-17-cam0-rgb,data/keypoints/adl/adl-17-cam0-rgb.npz,104,133,0,42,5,2.308786e-06,0.20958133041858673,0
adl-17-cam0-rgb,data/keypoints/adl/adl-17-cam0-rgb.npz,105,134,0,42,5,2.3085217e-06,0.20958133041858673,0
adl-17-cam0-rgb,data/keypoints/adl/adl-17-cam0-rgb.npz,106,135,0,42,5,2.3081873e-06,0.20958133041858673,0
adl-17-cam0-rgb,data/keypoints/adl/adl-17-cam0-rgb.npz,107,136,0,42,5,2.3086495e-06,0.20958133041858673,0
adl-17-cam0-rgb,data/keypoints/adl/adl-17-cam0-rgb.npz,108,137,0,42,5,2.3106495e-06,0.20958133041858673,0
adl-17-cam0-rgb,data/keypoints/adl/adl-17-cam0-rgb.npz,109,138,0,42,5,2.3122764e-06,0.20958133041858673,0
adl-17-cam0-rgb,data/keypoints/adl/adl-17-cam0-rgb.npz,110,139,0,42,5,2.3162754e-06,0.20958133041858673,0
adl-17-cam0-rgb,data/keypoints/adl/adl-17-cam0-rgb.npz,111,140,0,42,5,2.3207906e-06,0.20958133041858673,0
adl-17-cam0-rgb,data/keypoints/adl/adl-17-cam0-rgb.npz,112,141,0,42,5,2.327724e-06,0.20958133041858673,0
adl-17-cam0-rgb,data/keypoints/adl/adl-17-cam0-rgb.npz,113,142,0,42,5,2.336743e-06,0.20958133041858673,0
adl-17-cam0-rgb,data/keypoints/adl/adl-17-cam0-rgb.npz,114,143,0,42,5,2.3452153e-06,0.20958133041858673,0
adl-17-cam0-rgb,data/keypoints/adl/adl-17-cam0-rgb.npz,115,144,0,42,5,2.3558632e-06,0.20958133041858673,0
adl-17-cam0-rgb,data/keypoints/adl/adl-17-cam0-rgb.npz,116,145,0,42,5,2.3555779e-06,0.20958133041858673,0
adl-17-cam0-rgb,data/keypoints/adl/adl-17-cam0-rgb.npz,117,146,0,42,5,2.3679138e-06,0.20958133041858673,0
adl-17-cam0-rgb,data/keypoints/adl/adl-17-cam0-rgb.npz,118,147,0,42,5,2.3800171e-06,0.20958133041858673,0
adl-17-cam0-rgb,data/keypoints/adl/adl-17-cam0-rgb.npz,119,148,0,42,5,2.3938985e-06,0.20958133041858673,0
adl-17-cam0-rgb,data/keypoints/adl/adl-17-cam0-rgb.npz,120,149,0,42,5,2.4098204e-06,0.20958133041858673,0
adl-17-cam0-rgb,data/keypoints/adl/adl-17-cam0-rgb.npz,121,150,0,42,5,2.4264937e-06,0.20958133041858673,0
adl-17-cam0-rgb,data/keypoints/adl/adl-17-cam0-rgb.npz,122,151,0,42,5,2.4453193e-06,0.20958133041858673,0
adl-17-cam0-rgb,data/keypoints/adl/adl-17-cam0-rgb.npz,123,152,0,42,5,2.4659394e-06,0.20958133041858673,0
adl-17-cam0-rgb,data/keypoints/adl/adl-17-cam0-rgb.npz,124,153,0,42,5,2.490115e-06,0.20958133041858673,0
adl-17-cam0-rgb,data/keypoints/adl/adl-17-cam0-rgb.npz,125,154,0,42,5,2.5274792e-06,0.20958133041858673,0
adl-17-cam0-rgb,data/keypoints/adl/adl-17-cam0-rgb.npz,126,155,0,42,5,2.5616562e-06,0.20958133041858673,0
adl-17-cam0-rgb,data/keypoints/adl/adl-17-cam0-rgb.npz,127,156,0,42,5,2.5712552e-06,0.20958133041858673,0
adl-17-cam0-rgb,data/keypoints/adl/adl-17-cam0-rgb.npz,128,157,0,42,5,2.6185e-06,0.20958133041858673,0
adl-17-cam0-rgb,data/keypoints/adl/adl-17-cam0-rgb.npz,129,158,0,42,5,2.6655835e-06,0.20958133041858673,0
adl-17-cam0-rgb,data/keypoints/adl/adl-17-cam0-rgb.npz,130,159,0,42,5,2.71371e-06,0.20958133041858673,0
adl-17-cam0-rgb,data/keypoints/adl/adl-17-cam0-rgb.npz,131,160,0,42,5,2.764904e-06,0.20958133041858673,0
adl-17-cam0-rgb,data/keypoints/adl/adl-17-cam0-rgb.npz,132,161,0,42,5,2.818103e-06,0.20958133041858673,0
adl-17-cam0-rgb,data/keypoints/adl/adl-17-cam0-rgb.npz,133,162,0,42,5,2.8363513e-06,0.20958133041858673,0
adl-17-cam0-rgb,data/keypoints/adl/adl-17-cam0-rgb.npz,134,163,0,42,5,2.8860195e-06,0.20958133041858673,0
adl-17-cam0-rgb,data/keypoints/adl/adl-17-cam0-rgb.npz,135,164,0,42,5,2.9255577e-06,0.20958133041858673,0
adl-17-cam0-rgb,data/keypoints/adl/adl-17-cam0-rgb.npz,136,165,0,42,5,2.9798894e-06,0.20958133041858673,0
adl-17-cam0-rgb,data/keypoints/adl/adl-17-cam0-rgb.npz,137,166,0,42,5,3.0317965e-06,0.20958133041858673,0
adl-17-cam0-rgb,data/keypoints/adl/adl-17-cam0-rgb.npz,138,167,0,42,5,3.0837632e-06,0.20958133041858673,0
adl-17-cam0-rgb,data/keypoints/adl/adl-17-cam0-rgb.npz,139,168,0,42,5,3.1054844e-06,0.20958133041858673,0
adl-17-cam0-rgb,data/keypoints/adl/adl-17-cam0-rgb.npz,140,169,0,42,5,3.1512527e-06,0.20958133041858673,0
adl-17-cam0-rgb,data/keypoints/adl/adl-17-cam0-rgb.npz,141,170,0,42,5,3.1973352e-06,0.20958133041858673,0
adl-17-cam0-rgb,data/keypoints/adl/adl-17-cam0-rgb.npz,142,171,0,42,5,3.2421865e-06,0.20958133041858673,0
adl-17-cam0-rgb,data/keypoints/adl/adl-17-cam0-rgb.npz,143,172,0,42,5,3.283553e-06,0.20958133041858673,0
adl-17-cam0-rgb,data/keypoints/adl/adl-17-cam0-rgb.npz,144,173,0,42,5,3.338036e-06,0.20958133041858673,0
adl-17-cam0-rgb,data/keypoints/adl/adl-17-cam0-rgb.npz,145,174,0,42,5,3.381193e-06,0.20958133041858673,0
adl-17-cam0-rgb,data/keypoints/adl/adl-17-cam0-rgb.npz,146,175,0,42,5,3.4280024e-06,0.20958133041858673,0
adl-17-cam0-rgb,data/keypoints/adl/adl-17-cam0-rgb.npz,147,176,0,42,5,3.5018363e-06,0.20958133041858673,0
adl-17-cam0-rgb,data/keypoints/adl/adl-17-cam0-rgb.npz,148,177,0,42,5,3.5601786e-06,0.20958133041858673,0
adl-17-cam0-rgb,data/keypoints/adl/adl-17-cam0-rgb.npz,149,178,0,42,5,3.6262895e-06,0.20958133041858673,0
adl-17-cam0-rgb,data/keypoints/adl/adl-17-cam0-rgb.npz,150,179,0,42,5,3.7829504e-06,0.20958133041858673,0
adl-17-cam0-rgb,data/keypoints/adl/adl-17-cam0-rgb.npz,151,180,0,42,5,4.0098066e-06,0.20958133041858673,0
adl-17-cam0-rgb,data/keypoints/adl/adl-17-cam0-rgb.npz,152,181,0,42,5,4.2641886e-06,0.20958133041858673,0
adl-17-cam0-rgb,data/keypoints/adl/adl-17-cam0-rgb.npz,153,182,0,42,5,4.468213e-06,0.20958133041858673,0
adl-17-cam0-rgb,data/keypoints/adl/adl-17-cam0-rgb.npz,154,183,0,42,5,4.7008293e-06,0.20958133041858673,0
adl-17-cam0-rgb,data/keypoints/adl/adl-17-cam0-rgb.npz,155,184,0,42,5,4.864019e-06,0.20958133041858673,0
adl-17-cam0-rgb,data/keypoints/adl/adl-17-cam0-rgb.npz,156,185,0,42,5,4.978254e-06,0.20958133041858673,0
adl-17-cam0-rgb,data/keypoints/adl/adl-17-cam0-rgb.npz,157,186,0,42,5,5.031113e-06,0.20958133041858673,0
adl-17-cam0-rgb,data/keypoints/adl/adl-17-cam0-rgb.npz,158,187,0,42,5,5.1504658e-06,0.20958133041858673,0
adl-17-cam0-rgb,data/keypoints/adl/adl-17-cam0-rgb.npz,159,188,0,42,5,5.152706e-06,0.20958133041858673,0
adl-17-cam0-rgb,data/keypoints/adl/adl-17-cam0-rgb.npz,160,189,0,42,5,5.159187e-06,0.20958133041858673,0
adl-17-cam0-rgb,data/keypoints/adl/adl-17-cam0-rgb.npz,161,190,0,42,5,5.1452325e-06,0.20958133041858673,0
adl-17-cam0-rgb,data/keypoints/adl/adl-17-cam0-rgb.npz,162,191,0,42,5,5.1478532e-06,0.20958133041858673,0
adl-17-cam0-rgb,data/keypoints/adl/adl-17-cam0-rgb.npz,163,192,0,42,5,5.1481675e-06,0.20958133041858673,0
adl-17-cam0-rgb,data/keypoints/adl/adl-17-cam0-rgb.npz,164,193,0,42,5,5.1508687e-06,0.20958133041858673,0
adl-17-cam0-rgb,data/keypoints/adl/adl-17-cam0-rgb.npz,165,194,0,42,5,5.1553507e-06,0.20958133041858673,0
adl-17-cam0-rgb,data/keypoints/adl/adl-17-cam0-rgb.npz,166,195,0,42,5,5.135942e-06,0.20958133041858673,0
adl-17-cam0-rgb,data/keypoints/adl/adl-17-cam0-rgb.npz,167,196,0,42,5,5.136682e-06,0.20958133041858673,0
adl-17-cam0-rgb,data/keypoints/adl/adl-17-cam0-rgb.npz,168,197,0,42,5,5.14885e-06,0.20958133041858673,0
adl-17-cam0-rgb,data/keypoints/adl/adl-17-cam0-rgb.npz,169,198,0,42,5,4.633174e-06,0.20958133041858673,0
adl-17-cam0-rgb,data/keypoints/adl/adl-17-cam0-rgb.npz,170,199,0,42,5,5.232626e-06,0.20958133041858673,0
adl-17-cam0-rgb,data/keypoints/adl/adl-17-cam0-rgb.npz,171,200,0,42,5,5.243251e-06,0.20958133041858673,0
adl-17-cam0-rgb,data/keypoints/adl/adl-17-cam0-rgb.npz,172,201,0,42,5,5.2271344e-06,0.20958133041858673,0
adl-17-cam0-rgb,data/keypoints/adl/adl-17-cam0-rgb.npz,173,202,0,42,5,5.1802585e-06,0.20958133041858673,0
adl-17-cam0-rgb,data/keypoints/adl/adl-17-cam0-rgb.npz,174,203,0,42,5,5.1277348e-06,0.20958133041858673,0
adl-17-cam0-rgb,data/keypoints/adl/adl-17-cam0-rgb.npz,175,204,0,42,5,5.09182e-06,0.20958133041858673,0
adl-17-cam0-rgb,data/keypoints/adl/adl-17-cam0-rgb.npz,176,205,0,42,5,5.0646904e-06,0.20958133041858673,0
adl-17-cam0-rgb,data/keypoints/adl/adl-17-cam0-rgb.npz,177,206,0,42,5,5.01594e-06,0.20958133041858673,0
adl-17-cam0-rgb,data/keypoints/adl/adl-17-cam0-rgb.npz,178,207,0,42,5,4.9877012e-06,0.20958133041858673,0
adl-17-cam0-rgb,data/keypoints/adl/adl-17-cam0-rgb.npz,179,208,0,42,5,4.973271e-06,0.20958133041858673,0
adl-17-cam0-rgb,data/keypoints/adl/adl-17-cam0-rgb.npz,180,209,0,42,5,4.926689e-06,0.20958133041858673,0
adl-17-cam0-rgb,data/keypoints/adl/adl-17-cam0-rgb.npz,181,210,0,42,5,4.76658e-06,0.20958133041858673,0
adl-17-cam0-rgb,data/keypoints/adl/adl-17-cam0-rgb.npz,182,211,0,42,5,4.5509764e-06,0.20958133041858673,0
adl-17-cam0-rgb,data/keypoints/adl/adl-17-cam0-rgb.npz,183,212,0,42,5,4.337246e-06,0.20958133041858673,0
adl-17-cam0-rgb,data/keypoints/adl/adl-17-cam0-rgb.npz,184,213,0,42,5,4.10067e-06,0.20958133041858673,0
adl-17-cam0-rgb,data/keypoints/adl/adl-17-cam0-rgb.npz,185,214,0,42,5,3.8623516e-06,0.20958133041858673,0
adl-17-cam0-rgb,data/keypoints/adl/adl-17-cam0-rgb.npz,186,215,0,42,5,3.6053514e-06,0.20958133041858673,0
adl-17-cam0-rgb,data/keypoints/adl/adl-17-cam0-rgb.npz,187,216,0,42,5,3.5246292e-06,0.20958133041858673,0
adl-17-cam0-rgb,data/keypoints/adl/adl-17-cam0-rgb.npz,188,217,0,42,5,3.4651043e-06,0.20958133041858673,0
adl-17-cam0-rgb,data/keypoints/adl/adl-17-cam0-rgb.npz,189,218,0,42,5,3.4101208e-06,0.20958133041858673,0
adl-17-cam0-rgb,data/keypoints/adl/adl-17-cam0-rgb.npz,190,219,0,42,5,3.2594921e-06,0.20958133041858673,0
adl-17-cam0-rgb,data/keypoints/adl/adl-17-cam0-rgb.npz,191,220,0,42,5,3.2279884e-06,0.20958133041858673,0
adl-17-cam0-rgb,data/keypoints/adl/adl-17-cam0-rgb.npz,192,221,0,42,5,3.1837735e-06,0.20958133041858673,0
adl-17-cam0-rgb,data/keypoints/adl/adl-17-cam0-rgb.npz,193,222,0,42,5,3.1404163e-06,0.20958133041858673,0
adl-17-cam0-rgb,data/keypoints/adl/adl-17-cam0-rgb.npz,194,223,0,42,5,3.099227e-06,0.20958133041858673,0
adl-17-cam0-rgb,data/keypoints/adl/adl-17-cam0-rgb.npz,195,224,0,42,5,3.0557846e-06,0.20958133041858673,0
adl-17-cam0-rgb,data/keypoints/adl/adl-17-cam0-rgb.npz,196,225,0,42,5,3.004115e-06,0.20958133041858673,0
adl-17-cam0-rgb,data/keypoints/adl/adl-17-cam0-rgb.npz,197,226,0,42,5,2.9531377e-06,0.20958133041858673,0
adl-17-cam0-rgb,data/keypoints/adl/adl-17-cam0-rgb.npz,198,227,0,42,5,2.9151333e-06,0.20958133041858673,0
adl-17-cam0-rgb,data/keypoints/adl/adl-17-cam0-rgb.npz,199,228,0,42,5,2.8765671e-06,0.20958133041858673,0
adl-17-cam0-rgb,data/keypoints/adl/adl-17-cam0-rgb.npz,200,229,0,42,5,2.7340734e-06,0.20958133041858673,0
adl-17-cam0-rgb,data/keypoints/adl/adl-17-cam0-rgb.npz,201,230,0,42,5,2.7039757e-06,0.20958133041858673,0
adl-19-cam0-rgb,data/keypoints/adl/adl-19-cam0-rgb.npz,52,81,0,42,5,3.1484167e-06,0.20958133041858673,0
adl-19-cam0-rgb,data/keypoints/adl/adl-19-cam0-rgb.npz,53,82,0,42,5,3.1476363e-06,0.20958133041858673,0
adl-19-cam0-rgb,data/keypoints/adl/adl-19-cam0-rgb.npz,54,83,0,42,5,3.1472882e-06,0.20958133041858673,0
adl-19-cam0-rgb,data/keypoints/adl/adl-19-cam0-rgb.npz,55,84,0,42,5,3.146739e-06,0.20958133041858673,0
adl-19-cam0-rgb,data/keypoints/adl/adl-19-cam0-rgb.npz,56,85,0,42,5,3.1461477e-06,0.20958133041858673,0
adl-19-cam0-rgb,data/keypoints/adl/adl-19-cam0-rgb.npz,57,86,0,42,5,3.1448308e-06,0.20958133041858673,0
adl-19-cam0-rgb,data/keypoints/adl/adl-19-cam0-rgb.npz,58,87,0,42,5,3.1448517e-06,0.20958133041858673,0
adl-19-cam0-rgb,data/keypoints/adl/adl-19-cam0-rgb.npz,59,88,0,42,5,3.1448758e-06,0.20958133041858673,0
adl-19-cam0-rgb,data/keypoints/adl/adl-19-cam0-rgb.npz,60,89,0,42,5,3.1434963e-06,0.20958133041858673,0
adl-19-cam0-rgb,data/keypoints/adl/adl-19-cam0-rgb.npz,61,90,0,42,5,3.1421357e-06,0.20958133041858673,0
adl-19-cam0-rgb,data/keypoints/adl/adl-19-cam0-rgb.npz,62,91,0,42,5,3.1404281e-06,0.20958133041858673,0
adl-19-cam0-rgb,data/keypoints/adl/adl-19-cam0-rgb.npz,63,92,0,42,5,3.1357297e-06,0.20958133041858673,0
adl-19-cam0-rgb,data/keypoints/adl/adl-19-cam0-rgb.npz,64,93,0,42,5,3.132857e-06,0.20958133041858673,0
adl-19-cam0-rgb,data/keypoints/adl/adl-19-cam0-rgb.npz,65,94,0,42,5,3.1300767e-06,0.20958133041858673,0
adl-19-cam0-rgb,data/keypoints/adl/adl-19-cam0-rgb.npz,66,95,0,42,5,3.1285786e-06,0.20958133041858673,0
adl-19-cam0-rgb,data/keypoints/adl/adl-19-cam0-rgb.npz,67,96,0,42,5,3.1252507e-06,0.20958133041858673,0
adl-19-cam0-rgb,data/keypoints/adl/adl-19-cam0-rgb.npz,68,97,0,42,5,3.1228014e-06,0.20958133041858673,0
adl-19-cam0-rgb,data/keypoints/adl/adl-19-cam0-rgb.npz,69,98,0,42,5,3.1190216e-06,0.20958133041858673,0
adl-19-cam0-rgb,data/keypoints/adl/adl-19-cam0-rgb.npz,70,99,0,42,5,3.115098e-06,0.20958133041858673,0
adl-19-cam0-rgb,data/keypoints/adl/adl-19-cam0-rgb.npz,71,100,0,42,5,3.1100546e-06,0.20958133041858673,0
adl-19-cam0-rgb,data/keypoints/adl/adl-19-cam0-rgb.npz,72,101,0,42,5,3.1094762e-06,0.20958133041858673,0
adl-19-cam0-rgb,data/keypoints/adl/adl-19-cam0-rgb.npz,73,102,0,42,5,3.1068766e-06,0.20958133041858673,0
adl-19-cam0-rgb,data/keypoints/adl/adl-19-cam0-rgb.npz,74,103,0,42,5,3.1422376e-06,0.20958133041858673,0
adl-19-cam0-rgb,data/keypoints/adl/adl-19-cam0-rgb.npz,75,104,0,42,5,3.1452958e-06,0.20958133041858673,0
adl-19-cam0-rgb,data/keypoints/adl/adl-19-cam0-rgb.npz,76,105,0,42,5,3.1490326e-06,0.20958133041858673,0
adl-19-cam0-rgb,data/keypoints/adl/adl-19-cam0-rgb.npz,77,106,0,42,5,2.7123826e-06,0.20958133041858673,0
adl-19-cam0-rgb,data/keypoints/adl/adl-19-cam0-rgb.npz,78,107,0,42,5,2.4562553e-06,0.20958133041858673,0
adl-19-cam0-rgb,data/keypoints/adl/adl-19-cam0-rgb.npz,79,108,0,42,5,2.4584513e-06,0.20958133041858673,0
adl-19-cam0-rgb,data/keypoints/adl/adl-19-cam0-rgb.npz,80,109,0,42,5,2.4595745e-06,0.20958133041858673,0
adl-19-cam0-rgb,data/keypoints/adl/adl-19-cam0-rgb.npz,81,110,0,42,5,2.458334e-06,0.20958133041858673,0
adl-19-cam0-rgb,data/keypoints/adl/adl-19-cam0-rgb.npz,82,111,0,42,5,2.459401e-06,0.20958133041858673,0
adl-19-cam0-rgb,data/keypoints/adl/adl-19-cam0-rgb.npz,83,112,0,42,5,2.4735352e-06,0.20958133041858673,0
adl-19-cam0-rgb,data/keypoints/adl/adl-19-cam0-rgb.npz,84,113,0,42,5,2.4706544e-06,0.20958133041858673,0
adl-19-cam0-rgb,data/keypoints/adl/adl-19-cam0-rgb.npz,85,114,0,42,5,2.4698134e-06,0.20958133041858673,0
adl-19-cam0-rgb,data/keypoints/adl/adl-19-cam0-rgb.npz,86,115,0,42,5,2.4676121e-06,0.20958133041858673,0
adl-19-cam0-rgb,data/keypoints/adl/adl-19-cam0-rgb.npz,87,116,0,42,5,2.466617e-06,0.20958133041858673,0
adl-19-cam0-rgb,data/keypoints/adl/adl-19-cam0-rgb.npz,88,117,0,42,5,2.4654807e-06,0.20958133041858673,0
adl-19-cam0-rgb,data/keypoints/adl/adl-19-cam0-rgb.npz,89,118,0,42,5,2.4627668e-06,0.20958133041858673,0
adl-19-cam0-rgb,data/keypoints/adl/adl-19-cam0-rgb.npz,90,119,0,42,5,2.4606773e-06,0.20958133041858673,0
adl-19-cam0-rgb,data/keypoints/adl/adl-19-cam0-rgb.npz,91,120,0,42,5,2.4587653e-06,0.20958133041858673,0
adl-19-cam0-rgb,data/keypoints/adl/adl-19-cam0-rgb.npz,92,121,0,42,5,2.4559065e-06,0.20958133041858673,0
adl-19-cam0-rgb,data/keypoints/adl/adl-19-cam0-rgb.npz,93,122,0,42,5,2.4548128e-06,0.20958133041858673,0
adl-19-cam0-rgb,data/keypoints/adl/adl-19-cam0-rgb.npz,94,123,0,42,5,2.452239e-06,0.20958133041858673,0
adl-19-cam0-rgb,data/keypoints/adl/adl-19-cam0-rgb.npz,95,124,0,42,5,2.4491048e-06,0.20958133041858673,0
adl-19-cam0-rgb,data/keypoints/adl/adl-19-cam0-rgb.npz,96,125,0,42,5,2.447174e-06,0.20958133041858673,0
adl-19-cam0-rgb,data/keypoints/adl/adl-19-cam0-rgb.npz,97,126,0,42,5,2.4459466e-06,0.20958133041858673,0
adl-19-cam0-rgb,data/keypoints/adl/adl-19-cam0-rgb.npz,98,127,0,42,5,2.4423152e-06,0.20958133041858673,0
adl-19-cam0-rgb,data/keypoints/adl/adl-19-cam0-rgb.npz,99,128,0,42,5,2.4394592e-06,0.20958133041858673,0
adl-19-cam0-rgb,data/keypoints/adl/adl-19-cam0-rgb.npz,100,129,0,42,5,2.4369408e-06,0.20958133041858673,0
adl-19-cam0-rgb,data/keypoints/adl/adl-19-cam0-rgb.npz,101,130,0,42,5,2.4335477e-06,0.20958133041858673,0
adl-19-cam0-rgb,data/keypoints/adl/adl-19-cam0-rgb.npz,102,131,0,42,5,2.431444e-06,0.20958133041858673,0
adl-19-cam0-rgb,data/keypoints/adl/adl-19-cam0-rgb.npz,103,132,0,42,5,2.4293995e-06,0.20958133041858673,0
adl-19-cam0-rgb,data/keypoints/adl/adl-19-cam0-rgb.npz,104,133,0,42,5,2.4276926e-06,0.20958133041858673,0
adl-19-cam0-rgb,data/keypoints/adl/adl-19-cam0-rgb.npz,105,134,0,42,5,2.4251449e-06,0.20958133041858673,0
adl-19-cam0-rgb,data/keypoints/adl/adl-19-cam0-rgb.npz,106,135,0,42,5,2.422334e-06,0.20958133041858673,0
adl-19-cam0-rgb,data/keypoints/adl/adl-19-cam0-rgb.npz,107,136,0,42,5,2.41901e-06,0.20958133041858673,0
adl-19-cam0-rgb,data/keypoints/adl/adl-19-cam0-rgb.npz,108,137,0,42,5,2.416861e-06,0.20958133041858673,0
adl-19-cam0-rgb,data/keypoints/adl/adl-19-cam0-rgb.npz,109,138,0,42,5,2.413834e-06,0.20958133041858673,0
adl-19-cam0-rgb,data/keypoints/adl/adl-19-cam0-rgb.npz,110,139,0,42,5,2.4113538e-06,0.20958133041858673,0
adl-19-cam0-rgb,data/keypoints/adl/adl-19-cam0-rgb.npz,111,140,0,42,5,2.4097974e-06,0.20958133041858673,0
adl-19-cam0-rgb,data/keypoints/adl/adl-19-cam0-rgb.npz,112,141,0,42,5,2.4081914e-06,0.20958133041858673,0
adl-19-cam0-rgb,data/keypoints/adl/adl-19-cam0-rgb.npz,113,142,0,42,5,2.4059693e-06,0.20958133041858673,0
adl-19-cam0-rgb,data/keypoints/adl/adl-19-cam0-rgb.npz,114,143,0,42,5,2.405155e-06,0.20958133041858673,0
adl-19-cam0-rgb,data/keypoints/adl/adl-19-cam0-rgb.npz,115,144,0,42,5,2.401765e-06,0.20958133041858673,0
adl-19-cam0-rgb,data/keypoints/adl/adl-19-cam0-rgb.npz,116,145,0,42,5,2.4005833e-06,0.20958133041858673,0
adl-19-cam0-rgb,data/keypoints/adl/adl-19-cam0-rgb.npz,117,146,0,42,5,2.3993198e-06,0.20958133041858673,0
adl-19-cam0-rgb,data/keypoints/adl/adl-19-cam0-rgb.npz,118,147,0,42,5,2.3976045e-06,0.20958133041858673,0
adl-19-cam0-rgb,data/keypoints/adl/adl-19-cam0-rgb.npz,119,148,0,42,5,2.396434e-06,0.20958133041858673,0
adl-19-cam0-rgb,data/keypoints/adl/adl-19-cam0-rgb.npz,120,149,0,42,5,2.3964728e-06,0.20958133041858673,0
adl-19-cam0-rgb,data/keypoints/adl/adl-19-cam0-rgb.npz,121,150,0,42,5,2.3973369e-06,0.20958133041858673,0
adl-19-cam0-rgb,data/keypoints/adl/adl-19-cam0-rgb.npz,122,151,0,42,5,2.3969162e-06,0.20958133041858673,0
adl-19-cam0-rgb,data/keypoints/adl/adl-19-cam0-rgb.npz,123,152,0,42,5,2.3969642e-06,0.20958133041858673,0
adl-19-cam0-rgb,data/keypoints/adl/adl-19-cam0-rgb.npz,124,153,0,42,5,2.3966852e-06,0.20958133041858673,0
adl-19-cam0-rgb,data/keypoints/adl/adl-19-cam0-rgb.npz,125,154,0,42,5,2.397353e-06,0.20958133041858673,0
adl-19-cam0-rgb,data/keypoints/adl/adl-19-cam0-rgb.npz,126,155,0,42,5,2.3993243e-06,0.20958133041858673,0
adl-19-cam0-rgb,data/keypoints/adl/adl-19-cam0-rgb.npz,127,156,0,42,5,2.4010458e-06,0.20958133041858673,0
adl-19-cam0-rgb,data/keypoints/adl/adl-19-cam0-rgb.npz,128,157,0,42,5,2.4052354e-06,0.20958133041858673,0
adl-19-cam0-rgb,data/keypoints/adl/adl-19-cam0-rgb.npz,129,158,0,42,5,2.4079757e-06,0.20958133041858673,0
adl-19-cam0-rgb,data/keypoints/adl/adl-19-cam0-rgb.npz,130,159,0,42,5,2.410595e-06,0.20958133041858673,0
adl-19-cam0-rgb,data/keypoints/adl/adl-19-cam0-rgb.npz,131,160,0,42,5,2.4135072e-06,0.20958133041858673,0
adl-19-cam0-rgb,data/keypoints/adl/adl-19-cam0-rgb.npz,132,161,0,42,5,2.4161234e-06,0.20958133041858673,0
adl-19-cam0-rgb,data/keypoints/adl/adl-19-cam0-rgb.npz,133,162,0,42,5,2.4177023e-06,0.20958133041858673,0
adl-19-cam0-rgb,data/keypoints/adl/adl-19-cam0-rgb.npz,134,163,0,42,5,2.4193262e-06,0.20958133041858673,0
adl-19-cam0-rgb,data/keypoints/adl/adl-19-cam0-rgb.npz,135,164,0,42,5,2.4216943e-06,0.20958133041858673,0
adl-19-cam0-rgb,data/keypoints/adl/adl-19-cam0-rgb.npz,136,165,0,42,5,2.4239287e-06,0.20958133041858673,0
adl-19-cam0-rgb,data/keypoints/adl/adl-19-cam0-rgb.npz,137,166,0,42,5,2.4259778e-06,0.20958133041858673,0
adl-19-cam0-rgb,data/keypoints/adl/adl-19-cam0-rgb.npz,138,167,0,42,5,2.427299e-06,0.20958133041858673,0
adl-19-cam0-rgb,data/keypoints/adl/adl-19-cam0-rgb.npz,139,168,0,42,5,2.4296105e-06,0.20958133041858673,0
adl-19-cam0-rgb,data/keypoints/adl/adl-19-cam0-rgb.npz,140,169,0,42,5,2.4197068e-06,0.20958133041858673,0
adl-19-cam0-rgb,data/keypoints/adl/adl-19-cam0-rgb.npz,141,170,0,42,5,2.418288e-06,0.20958133041858673,0
adl-19-cam0-rgb,data/keypoints/adl/adl-19-cam0-rgb.npz,142,171,0,42,5,2.4164322e-06,0.20958133041858673,0
adl-19-cam0-rgb,data/keypoints/adl/adl-19-cam0-rgb.npz,143,172,0,42,5,2.414382e-06,0.20958133041858673,0
adl-19-cam0-rgb,data/keypoints/adl/adl-19-cam0-rgb.npz,144,173,0,42,5,2.4210824e-06,0.20958133041858673,0
adl-19-cam0-rgb,data/keypoints/adl/adl-19-cam0-rgb.npz,145,174,0,42,5,2.4198314e-06,0.20958133041858673,0
adl-19-cam0-rgb,data/keypoints/adl/adl-19-cam0-rgb.npz,146,175,0,42,5,2.4251033e-06,0.20958133041858673,0
adl-19-cam0-rgb,data/keypoints/adl/adl-19-cam0-rgb.npz,147,176,0,42,5,2.428413e-06,0.20958133041858673,0
adl-19-cam0-rgb,data/keypoints/adl/adl-19-cam0-rgb.npz,148,177,0,42,5,2.4323667e-06,0.20958133041858673,0
adl-19-cam0-rgb,data/keypoints/adl/adl-19-cam0-rgb.npz,149,178,0,42,5,2.4378428e-06,0.20958133041858673,0
adl-19-cam0-rgb,data/keypoints/adl/adl-19-cam0-rgb.npz,150,179,0,42,5,2.4429862e-06,0.20958133041858673,0
adl-19-cam0-rgb,data/keypoints/adl/adl-19-cam0-rgb.npz,151,180,0,42,5,2.4519768e-06,0.20958133041858673,0
adl-19-cam0-rgb,data/keypoints/adl/adl-19-cam0-rgb.npz,152,181,0,42,5,2.4584535e-06,0.20958133041858673,0
adl-19-cam0-rgb,data/keypoints/adl/adl-19-cam0-rgb.npz,153,182,0,42,5,2.4656338e-06,0.20958133041858673,0
adl-19-cam0-rgb,data/keypoints/adl/adl-19-cam0-rgb.npz,154,183,0,42,5,2.4804544e-06,0.20958133041858673,0
adl-19-cam0-rgb,data/keypoints/adl/adl-19-cam0-rgb.npz,155,184,0,42,5,2.4926053e-06,0.20958133041858673,0
adl-19-cam0-rgb,data/keypoints/adl/adl-19-cam0-rgb.npz,156,185,0,42,5,2.5015638e-06,0.20958133041858673,0
adl-19-cam0-rgb,data/keypoints/adl/adl-19-cam0-rgb.npz,157,186,0,42,5,2.5183458e-06,0.20958133041858673,0
adl-19-cam0-rgb,data/keypoints/adl/adl-19-cam0-rgb.npz,158,187,0,42,5,2.53481e-06,0.20958133041858673,0
adl-19-cam0-rgb,data/keypoints/adl/adl-19-cam0-rgb.npz,159,188,0,42,5,2.5516813e-06,0.20958133041858673,0
adl-19-cam0-rgb,data/keypoints/adl/adl-19-cam0-rgb.npz,160,189,0,42,5,2.5596341e-06,0.20958133041858673,0
adl-19-cam0-rgb,data/keypoints/adl/adl-19-cam0-rgb.npz,161,190,0,42,5,2.5729403e-06,0.20958133041858673,0
adl-19-cam0-rgb,data/keypoints/adl/adl-19-cam0-rgb.npz,162,191,0,42,5,2.5921681e-06,0.20958133041858673,0
adl-19-cam0-rgb,data/keypoints/adl/adl-19-cam0-rgb.npz,163,192,0,42,5,2.6109074e-06,0.20958133041858673,0
adl-19-cam0-rgb,data/keypoints/adl/adl-19-cam0-rgb.npz,164,193,0,42,5,2.6286561e-06,0.20958133041858673,0
adl-19-cam0-rgb,data/keypoints/adl/adl-19-cam0-rgb.npz,165,194,0,42,5,2.6456823e-06,0.20958133041858673,0
adl-19-cam0-rgb,data/keypoints/adl/adl-19-cam0-rgb.npz,166,195,0,42,5,2.6635328e-06,0.20958133041858673,0
adl-19-cam0-rgb,data/keypoints/adl/adl-19-cam0-rgb.npz,167,196,0,42,5,2.6812431e-06,0.20958133041858673,0
adl-19-cam0-rgb,data/keypoints/adl/adl-19-cam0-rgb.npz,168,197,0,42,5,2.6978378e-06,0.20958133041858673,0
adl-19-cam0-rgb,data/keypoints/adl/adl-19-cam0-rgb.npz,169,198,0,42,5,2.7160559e-06,0.20958133041858673,0
adl-19-cam0-rgb,data/keypoints/adl/adl-19-cam0-rgb.npz,170,199,0,42,5,2.7399988e-06,0.20958133041858673,0
adl-19-cam0-rgb,data/keypoints/adl/adl-19-cam0-rgb.npz,171,200,0,42,5,2.7572362e-06,0.20958133041858673,0
adl-19-cam0-rgb,data/keypoints/adl/adl-19-cam0-rgb.npz,172,201,0,42,5,2.7764827e-06,0.20958133041858673,0
adl-19-cam0-rgb,data/keypoints/adl/adl-19-cam0-rgb.npz,173,202,0,42,5,2.789269e-06,0.20958133041858673,0
adl-19-cam0-rgb,data/keypoints/adl/adl-19-cam0-rgb.npz,174,203,0,42,5,2.80064e-06,0.20958133041858673,0
adl-19-cam0-rgb,data/keypoints/adl/adl-19-cam0-rgb.npz,175,204,0,42,5,2.812913e-06,0.20958133041858673,0
adl-19-cam0-rgb,data/keypoints/adl/adl-19-cam0-rgb.npz,176,205,0,42,5,2.8266193e-06,0.20958133041858673,0
adl-19-cam0-rgb,data/keypoints/adl/adl-19-cam0-rgb.npz,177,206,0,42,5,2.834642e-06,0.20958133041858673,0
adl-19-cam0-rgb,data/keypoints/adl/adl-19-cam0-rgb.npz,178,207,0,42,5,2.8453187e-06,0.20958133041858673,0
adl-19-cam0-rgb,data/keypoints/adl/adl-19-cam0-rgb.npz,179,208,0,42,5,2.8545921e-06,0.20958133041858673,0
adl-19-cam0-rgb,data/keypoints/adl/adl-19-cam0-rgb.npz,180,209,0,42,5,2.8636503e-06,0.20958133041858673,0
adl-19-cam0-rgb,data/keypoints/adl/adl-19-cam0-rgb.npz,181,210,0,42,5,2.8729808e-06,0.20958133041858673,0
adl-19-cam0-rgb,data/keypoints/adl/adl-19-cam0-rgb.npz,182,211,0,42,5,2.884616e-06,0.20958133041858673,0
adl-19-cam0-rgb,data/keypoints/adl/adl-19-cam0-rgb.npz,183,212,0,42,5,2.8897127e-06,0.20958133041858673,0
adl-19-cam0-rgb,data/keypoints/adl/adl-19-cam0-rgb.npz,184,213,0,42,5,2.8949978e-06,0.20958133041858673,0
adl-19-cam0-rgb,data/keypoints/adl/adl-19-cam0-rgb.npz,185,214,0,42,5,2.9090845e-06,0.20958133041858673,0
adl-19-cam0-rgb,data/keypoints/adl/adl-19-cam0-rgb.npz,186,215,0,42,5,2.912477e-06,0.20958133041858673,0
adl-19-cam0-rgb,data/keypoints/adl/adl-19-cam0-rgb.npz,187,216,0,42,5,3.091042e-06,0.20958133041858673,0
adl-27-cam0-rgb,data/keypoints/adl/adl-27-cam0-rgb.npz,1,30,0,42,5,4.7185795e-06,0.20958133041858673,0
adl-27-cam0-rgb,data/keypoints/adl/adl-27-cam0-rgb.npz,2,31,0,42,5,4.688924e-06,0.20958133041858673,0
adl-27-cam0-rgb,data/keypoints/adl/adl-27-cam0-rgb.npz,3,32,0,42,5,4.6455402e-06,0.20958133041858673,0
adl-27-cam0-rgb,data/keypoints/adl/adl-27-cam0-rgb.npz,4,33,0,42,5,4.6078367e-06,0.20958133041858673,0
adl-27-cam0-rgb,data/keypoints/adl/adl-27-cam0-rgb.npz,5,34,0,42,5,4.563963e-06,0.20958133041858673,0
adl-27-cam0-rgb,data/keypoints/adl/adl-27-cam0-rgb.npz,6,35,0,42,5,4.496725e-06,0.20958133041858673,0
adl-27-cam0-rgb,data/keypoints/adl/adl-27-cam0-rgb.npz,7,36,0,42,5,4.38838e-06,0.20958133041858673,0
adl-27-cam0-rgb,data/keypoints/adl/adl-27-cam0-rgb.npz,8,37,0,42,5,4.2362894e-06,0.20958133041858673,0
adl-27-cam0-rgb,data/keypoints/adl/adl-27-cam0-rgb.npz,9,38,0,42,5,4.094333e-06,0.20958133041858673,0
adl-27-cam0-rgb,data/keypoints/adl/adl-27-cam0-rgb.npz,10,39,0,42,5,3.9865217e-06,0.20958133041858673,0
adl-27-cam0-rgb,data/keypoints/adl/adl-27-cam0-rgb.npz,11,40,0,42,5,3.8946823e-06,0.20958133041858673,0
adl-27-cam0-rgb,data/keypoints/adl/adl-27-cam0-rgb.npz,12,41,0,42,5,3.8051012e-06,0.20958133041858673,0
adl-27-cam0-rgb,data/keypoints/adl/adl-27-cam0-rgb.npz,13,42,0,42,5,3.7284879e-06,0.20958133041858673,0
adl-27-cam0-rgb,data/keypoints/adl/adl-27-cam0-rgb.npz,14,43,0,42,5,3.670508e-06,0.20958133041858673,0
adl-27-cam0-rgb,data/keypoints/adl/adl-27-cam0-rgb.npz,15,44,0,42,5,3.6179129e-06,0.20958133041858673,0
adl-27-cam0-rgb,data/keypoints/adl/adl-27-cam0-rgb.npz,16,45,0,42,5,3.5745186e-06,0.20958133041858673,0
adl-27-cam0-rgb,data/keypoints/adl/adl-27-cam0-rgb.npz,17,46,0,42,5,3.5264482e-06,0.20958133041858673,0
adl-27-cam0-rgb,data/keypoints/adl/adl-27-cam0-rgb.npz,18,47,0,42,5,3.4831644e-06,0.20958133041858673,0
adl-27-cam0-rgb,data/keypoints/adl/adl-27-cam0-rgb.npz,19,48,0,42,5,3.4430702e-06,0.20958133041858673,0
adl-27-cam0-rgb,data/keypoints/adl/adl-27-cam0-rgb.npz,20,49,0,42,5,3.3971405e-06,0.20958133041858673,0
adl-27-cam0-rgb,data/keypoints/adl/adl-27-cam0-rgb.npz,21,50,0,42,5,3.3667618e-06,0.20958133041858673,0
adl-27-cam0-rgb,data/keypoints/adl/adl-27-cam0-rgb.npz,22,51,0,42,5,3.3364258e-06,0.20958133041858673,0
adl-27-cam0-rgb,data/keypoints/adl/adl-27-cam0-rgb.npz,23,52,0,42,5,3.3107613e-06,0.20958133041858673,0
adl-27-cam0-rgb,data/keypoints/adl/adl-27-cam0-rgb.npz,24,53,0,42,5,3.2898847e-06,0.20958133041858673,0
adl-27-cam0-rgb,data/keypoints/adl/adl-27-cam0-rgb.npz,25,54,0,42,5,3.2709954e-06,0.20958133041858673,0
adl-27-cam0-rgb,data/keypoints/adl/adl-27-cam0-rgb.npz,26,55,0,42,5,3.2646815e-06,0.20958133041858673,0
adl-27-cam0-rgb,data/keypoints/adl/adl-27-cam0-rgb.npz,27,56,0,42,5,3.2568323e-06,0.20958133041858673,0
adl-27-cam0-rgb,data/keypoints/adl/adl-27-cam0-rgb.npz,28,57,0,42,5,3.2621106e-06,0.20958133041858673,0
adl-27-cam0-rgb,data/keypoints/adl/adl-27-cam0-rgb.npz,29,58,0,42,5,3.2657088e-06,0.20958133041858673,0
adl-27-cam0-rgb,data/keypoints/adl/adl-27-cam0-rgb.npz,30,59,0,42,5,3.263623e-06,0.20958133041858673,0
adl-27-cam0-rgb,data/keypoints/adl/adl-27-cam0-rgb.npz,31,60,0,42,5,3.2665812e-06,0.20958133041858673,0
adl-27-cam0-rgb,data/keypoints/adl/adl-27-cam0-rgb.npz,32,61,0,42,5,3.272181e-06,0.20958133041858673,0
adl-27-cam0-rgb,data/keypoints/adl/adl-27-cam0-rgb.npz,33,62,0,42,5,3.2760718e-06,0.20958133041858673,0
adl-27-cam0-rgb,data/keypoints/adl/adl-27-cam0-rgb.npz,34,63,0,42,5,3.2883884e-06,0.20958133041858673,0
adl-27-cam0-rgb,data/keypoints/adl/adl-27-cam0-rgb.npz,35,64,0,42,5,3.2996754e-06,0.20958133041858673,0
adl-27-cam0-rgb,data/keypoints/adl/adl-27-cam0-rgb.npz,36,65,0,42,5,3.3102342e-06,0.20958133041858673,0
adl-27-cam0-rgb,data/keypoints/adl/adl-27-cam0-rgb.npz,37,66,0,42,5,3.3268586e-06,0.20958133041858673,0
adl-27-cam0-rgb,data/keypoints/adl/adl-27-cam0-rgb.npz,38,67,0,42,5,3.3427955e-06,0.20958133041858673,0
adl-27-cam0-rgb,data/keypoints/adl/adl-27-cam0-rgb.npz,39,68,0,42,5,3.3462402e-06,0.20958133041858673,0
adl-27-cam0-rgb,data/keypoints/adl/adl-27-cam0-rgb.npz,40,69,0,42,5,3.362988e-06,0.20958133041858673,0
adl-27-cam0-rgb,data/keypoints/adl/adl-27-cam0-rgb.npz,41,70,0,42,5,3.3614747e-06,0.20958133041858673,0
adl-27-cam0-rgb,data/keypoints/adl/adl-27-cam0-rgb.npz,42,71,0,42,5,3.3673687e-06,0.20958133041858673,0
adl-27-cam0-rgb,data/keypoints/adl/adl-27-cam0-rgb.npz,43,72,0,42,5,3.3805482e-06,0.20958133041858673,0
adl-27-cam0-rgb,data/keypoints/adl/adl-27-cam0-rgb.npz,44,73,0,42,5,3.382296e-06,0.20958133041858673,0
adl-27-cam0-rgb,data/keypoints/adl/adl-27-cam0-rgb.npz,45,74,0,42,5,3.3846354e-06,0.20958133041858673,0
adl-27-cam0-rgb,data/keypoints/adl/adl-27-cam0-rgb.npz,46,75,0,42,5,3.393624e-06,0.20958133041858673,0
adl-27-cam0-rgb,data/keypoints/adl/adl-27-cam0-rgb.npz,47,76,0,42,5,3.384261e-06,0.20958133041858673,0
adl-27-cam0-rgb,data/keypoints/adl/adl-27-cam0-rgb.npz,48,77,0,42,5,3.4022887e-06,0.20958133041858673,0
adl-27-cam0-rgb,data/keypoints/adl/adl-27-cam0-rgb.npz,49,78,0,42,5,3.3886727e-06,0.20958133041858673,0
adl-27-cam0-rgb,data/keypoints/adl/adl-27-cam0-rgb.npz,50,79,0,42,5,3.4142893e-06,0.20958133041858673,0
adl-27-cam0-rgb,data/keypoints/adl/adl-27-cam0-rgb.npz,51,80,0,42,5,3.406282e-06,0.20958133041858673,0
adl-27-cam0-rgb,data/keypoints/adl/adl-27-cam0-rgb.npz,52,81,0,42,5,3.455007e-06,0.20958133041858673,0
adl-27-cam0-rgb,data/keypoints/adl/adl-27-cam0-rgb.npz,53,82,0,42,5,3.461032e-06,0.20958133041858673,0
adl-27-cam0-rgb,data/keypoints/adl/adl-27-cam0-rgb.npz,54,83,0,42,5,3.5047296e-06,0.20958133041858673,0
adl-27-cam0-rgb,data/keypoints/adl/adl-27-cam0-rgb.npz,55,84,0,42,5,3.5303783e-06,0.20958133041858673,0
adl-27-cam0-rgb,data/keypoints/adl/adl-27-cam0-rgb.npz,56,85,0,42,5,3.568459e-06,0.20958133041858673,0
adl-27-cam0-rgb,data/keypoints/adl/adl-27-cam0-rgb.npz,57,86,0,42,5,3.5885123e-06,0.20958133041858673,0
adl-27-cam0-rgb,data/keypoints/adl/adl-27-cam0-rgb.npz,58,87,0,42,5,3.580175e-06,0.20958133041858673,0
adl-27-cam0-rgb,data/keypoints/adl/adl-27-cam0-rgb.npz,59,88,0,42,5,3.605114e-06,0.20958133041858673,0
adl-27-cam0-rgb,data/keypoints/adl/adl-27-cam0-rgb.npz,60,89,0,42,5,3.5272553e-06,0.20958133041858673,0
adl-27-cam0-rgb,data/keypoints/adl/adl-27-cam0-rgb.npz,61,90,0,42,5,3.6065517e-06,0.20958133041858673,0
adl-27-cam0-rgb,data/keypoints/adl/adl-27-cam0-rgb.npz,62,91,0,42,5,3.5015826e-06,0.20958133041858673,0
adl-27-cam0-rgb,data/keypoints/adl/adl-27-cam0-rgb.npz,63,92,0,42,5,3.4980446e-06,0.20958133041858673,0
adl-27-cam0-rgb,data/keypoints/adl/adl-27-cam0-rgb.npz,64,93,0,42,5,3.433656e-06,0.20958133041858673,0
adl-27-cam0-rgb,data/keypoints/adl/adl-27-cam0-rgb.npz,65,94,0,42,5,3.3335157e-06,0.20958133041858673,0
adl-27-cam0-rgb,data/keypoints/adl/adl-27-cam0-rgb.npz,66,95,0,42,5,3.292829e-06,0.20958133041858673,0
adl-27-cam0-rgb,data/keypoints/adl/adl-27-cam0-rgb.npz,67,96,0,42,5,3.246918e-06,0.20958133041858673,0
adl-27-cam0-rgb,data/keypoints/adl/adl-27-cam0-rgb.npz,68,97,0,42,5,3.1873099e-06,0.20958133041858673,0
adl-27-cam0-rgb,data/keypoints/adl/adl-27-cam0-rgb.npz,69,98,0,42,5,3.1931572e-06,0.20958133041858673,0
adl-27-cam0-rgb,data/keypoints/adl/adl-27-cam0-rgb.npz,70,99,0,42,5,3.1640927e-06,0.20958133041858673,0
adl-27-cam0-rgb,data/keypoints/adl/adl-27-cam0-rgb.npz,71,100,0,42,5,3.176592e-06,0.20958133041858673,0
adl-35-cam0-rgb,data/keypoints/adl/adl-35-cam0-rgb.npz,1,30,0,42,5,0.000104875275,0.20958133041858673,0
adl-35-cam0-rgb,data/keypoints/adl/adl-35-cam0-rgb.npz,2,31,0,42,5,0.000105985586,0.20958133041858673,0
adl-35-cam0-rgb,data/keypoints/adl/adl-35-cam0-rgb.npz,3,32,0,42,5,0.000107182335,0.20958133041858673,0
adl-35-cam0-rgb,data/keypoints/adl/adl-35-cam0-rgb.npz,4,33,0,42,5,0.00010860448,0.20958133041858673,0
adl-35-cam0-rgb,data/keypoints/adl/adl-35-cam0-rgb.npz,5,34,0,42,5,0.00011010269,0.20958133041858673,0
adl-35-cam0-rgb,data/keypoints/adl/adl-35-cam0-rgb.npz,6,35,0,42,5,0.00011170058,0.20958133041858673,0
adl-35-cam0-rgb,data/keypoints/adl/adl-35-cam0-rgb.npz,7,36,0,42,5,0.00011316659,0.20958133041858673,0
adl-35-cam0-rgb,data/keypoints/adl/adl-35-cam0-rgb.npz,8,37,0,42,5,0.000114776325,0.20958133041858673,0
adl-35-cam0-rgb,data/keypoints/adl/adl-35-cam0-rgb.npz,9,38,0,42,5,0.000116605705,0.20958133041858673,0
adl-35-cam0-rgb,data/keypoints/adl/adl-35-cam0-rgb.npz,10,39,0,42,5,0.0001184762,0.20958133041858673,0
adl-35-cam0-rgb,data/keypoints/adl/adl-35-cam0-rgb.npz,11,40,0,42,5,0.0001203658,0.20958133041858673,0
adl-35-cam0-rgb,data/keypoints/adl/adl-35-cam0-rgb.npz,12,41,0,42,5,0.00012245055,0.20958133041858673,0
adl-35-cam0-rgb,data/keypoints/adl/adl-35-cam0-rgb.npz,13,42,0,42,5,0.00012463292,0.20958133041858673,0
adl-35-cam0-rgb,data/keypoints/adl/adl-35-cam0-rgb.npz,14,43,0,42,5,0.00012689266,0.20958133041858673,0
adl-35-cam0-rgb,data/keypoints/adl/adl-35-cam0-rgb.npz,15,44,0,42,5,0.00012917638,0.20958133041858673,0
adl-35-cam0-rgb,data/keypoints/adl/adl-35-cam0-rgb.npz,16,45,0,42,5,0.00013155134,0.20958133041858673,0
adl-35-cam0-rgb,data/keypoints/adl/adl-35-cam0-rgb.npz,17,46,0,42,5,0.0001340391,0.20958133041858673,0
adl-35-cam0-rgb,data/keypoints/adl/adl-35-cam0-rgb.npz,18,47,0,42,5,0.000136592,0.20958133041858673,0
adl-35-cam0-rgb,data/keypoints/adl/adl-35-cam0-rgb.npz,19,48,0,42,5,0.00013921078,0.20958133041858673,0
adl-35-cam0-rgb,data/keypoints/adl/adl-35-cam0-rgb.npz,20,49,0,42,5,0.00014184932,0.20958133041858673,0
adl-35-cam0-rgb,data/keypoints/adl/adl-35-cam0-rgb.npz,21,50,0,42,5,0.00014455123,0.20958133041858673,0
adl-35-cam0-rgb,data/keypoints/adl/adl-35-cam0-rgb.npz,22,51,0,42,5,0.00014716224,0.20958133041858673,0
adl-35-cam0-rgb,data/keypoints/adl/adl-35-cam0-rgb.npz,23,52,0,42,5,0.00014990613,0.20958133041858673,0
adl-35-cam0-rgb,data/keypoints/adl/adl-35-cam0-rgb.npz,24,53,0,42,5,0.00015262811,0.20958133041858673,0
adl-35-cam0-rgb,data/keypoints/adl/adl-35-cam0-rgb.npz,25,54,0,42,5,0.0001551147,0.20958133041858673,0
adl-35-cam0-rgb,data/keypoints/adl/adl-35-cam0-rgb.npz,26,55,0,42,5,0.00015771574,0.20958133041858673,0
adl-35-cam0-rgb,data/keypoints/adl/adl-35-cam0-rgb.npz,27,56,0,42,5,0.00017798529,0.20958133041858673,0
adl-35-cam0-rgb,data/keypoints/adl/adl-35-cam0-rgb.npz,28,57,0,42,5,0.00017310289,0.20958133041858673,0
adl-35-cam0-rgb,data/keypoints/adl/adl-35-cam0-rgb.npz,29,58,0,42,5,0.00014360137,0.20958133041858673,0
adl-35-cam0-rgb,data/keypoints/adl/adl-35-cam0-rgb.npz,30,59,0,42,5,0.00014442226,0.20958133041858673,0
adl-35-cam0-rgb,data/keypoints/adl/adl-35-cam0-rgb.npz,31,60,0,42,5,7.4473086e-05,0.20958133041858673,0
adl-35-cam0-rgb,data/keypoints/adl/adl-35-cam0-rgb.npz,32,61,0,42,5,7.456611e-05,0.20958133041858673,0
adl-35-cam0-rgb,data/keypoints/adl/adl-35-cam0-rgb.npz,33,62,0,42,5,7.4644515e-05,0.20958133041858673,0
adl-35-cam0-rgb,data/keypoints/adl/adl-35-cam0-rgb.npz,34,63,0,42,5,7.4716154e-05,0.20958133041858673,0
adl-35-cam0-rgb,data/keypoints/adl/adl-35-cam0-rgb.npz,35,64,0,42,5,7.47898e-05,0.20958133041858673,0
adl-35-cam0-rgb,data/keypoints/adl/adl-35-cam0-rgb.npz,36,65,0,42,5,7.514832e-05,0.20958133041858673,0
adl-35-cam0-rgb,data/keypoints/adl/adl-35-cam0-rgb.npz,37,66,0,42,5,0.00014533516,0.20958133041858673,0
adl-35-cam0-rgb,data/keypoints/adl/adl-35-cam0-rgb.npz,38,67,0,42,5,0.00014679812,0.20958133041858673,0
adl-35-cam0-rgb,data/keypoints/adl/adl-35-cam0-rgb.npz,39,68,0,42,5,0.00014794056,0.20958133041858673,0
adl-35-cam0-rgb,data/keypoints/adl/adl-35-cam0-rgb.npz,40,69,0,42,5,0.00014927825,0.20958133041858673,0
adl-35-cam0-rgb,data/keypoints/adl/adl-35-cam0-rgb.npz,41,70,0,42,5,0.0001519294,0.20958133041858673,0
adl-35-cam0-rgb,data/keypoints/adl/adl-35-cam0-rgb.npz,42,71,0,42,5,0.00015199011,0.20958133041858673,0
adl-35-cam0-rgb,data/keypoints/adl/adl-35-cam0-rgb.npz,43,72,0,42,5,0.00015316698,0.20958133041858673,0
adl-35-cam0-rgb,data/keypoints/adl/adl-35-cam0-rgb.npz,44,73,0,42,5,0.00015418744,0.20958133041858673,0
adl-35-cam0-rgb,data/keypoints/adl/adl-35-cam0-rgb.npz,45,74,0,42,5,0.000161877,0.20958133041858673,0
adl-35-cam0-rgb,data/keypoints/adl/adl-35-cam0-rgb.npz,46,75,0,42,5,0.00016607711,0.20958133041858673,0
adl-35-cam0-rgb,data/keypoints/adl/adl-35-cam0-rgb.npz,47,76,0,42,5,0.00017061214,0.20958133041858673,0
adl-35-cam0-rgb,data/keypoints/adl/adl-35-cam0-rgb.npz,48,77,0,42,5,0.00017454385,0.20958133041858673,0
adl-35-cam0-rgb,data/keypoints/adl/adl-35-cam0-rgb.npz,49,78,0,42,5,0.00017841194,0.20958133041858673,0
adl-35-cam0-rgb,data/keypoints/adl/adl-35-cam0-rgb.npz,50,79,0,42,5,0.00018212071,0.20958133041858673,0
adl-35-cam0-rgb,data/keypoints/adl/adl-35-cam0-rgb.npz,51,80,0,42,5,0.00018528808,0.20958133041858673,0
adl-35-cam0-rgb,data/keypoints/adl/adl-35-cam0-rgb.npz,52,81,0,42,5,0.0001866234,0.20958133041858673,0
adl-35-cam0-rgb,data/keypoints/adl/adl-35-cam0-rgb.npz,53,82,0,42,5,0.00018898062,0.20958133041858673,0
adl-35-cam0-rgb,data/keypoints/adl/adl-35-cam0-rgb.npz,54,83,0,42,5,0.00019171134,0.20958133041858673,0
adl-35-cam0-rgb,data/keypoints/adl/adl-35-cam0-rgb.npz,55,84,0,42,5,0.00019404436,0.20958133041858673,0
adl-35-cam0-rgb,data/keypoints/adl/adl-35-cam0-rgb.npz,56,85,0,42,5,0.0001961226,0.20958133041858673,0
adl-35-cam0-rgb,data/keypoints/adl/adl-35-cam0-rgb.npz,57,86,0,42,5,0.00019896087,0.20958133041858673,0
adl-35-cam0-rgb,data/keypoints/adl/adl-35-cam0-rgb.npz,58,87,0,42,5,0.00022021167,0.20958133041858673,0
adl-35-cam0-rgb,data/keypoints/adl/adl-35-cam0-rgb.npz,59,88,0,42,5,0.00023667226,0.20958133041858673,0
adl-35-cam0-rgb,data/keypoints/adl/adl-35-cam0-rgb.npz,60,89,0,42,5,0.00025908314,0.20958133041858673,0
adl-35-cam0-rgb,data/keypoints/adl/adl-35-cam0-rgb.npz,61,90,0,42,5,0.00027057357,0.20958133041858673,0
adl-35-cam0-rgb,data/keypoints/adl/adl-35-cam0-rgb.npz,62,91,0,42,5,0.00028063473,0.20958133041858673,0
adl-35-cam0-rgb,data/keypoints/adl/adl-35-cam0-rgb.npz,63,92,0,42,5,0.00028945407,0.20958133041858673,0
adl-35-cam0-rgb,data/keypoints/adl/adl-35-cam0-rgb.npz,64,93,0,42,5,0.00030000738,0.20958133041858673,0
adl-35-cam0-rgb,data/keypoints/adl/adl-35-cam0-rgb.npz,65,94,0,42,5,0.00031077402,0.20958133041858673,0
adl-35-cam0-rgb,data/keypoints/adl/adl-35-cam0-rgb.npz,66,95,0,42,5,0.0003211376,0.20958133041858673,0
adl-35-cam0-rgb,data/keypoints/adl/adl-35-cam0-rgb.npz,67,96,0,42,5,0.00033220212,0.20958133041858673,0
adl-35-cam0-rgb,data/keypoints/adl/adl-35-cam0-rgb.npz,68,97,0,42,5,0.00034322767,0.20958133041858673,0
adl-35-cam0-rgb,data/keypoints/adl/adl-35-cam0-rgb.npz,69,98,0,42,5,0.00035368532,0.20958133041858673,0
adl-35-cam0-rgb,data/keypoints/adl/adl-35-cam0-rgb.npz,70,99,0,42,5,0.0003647889,0.20958133041858673,0
adl-35-cam0-rgb,data/keypoints/adl/adl-35-cam0-rgb.npz,71,100,0,42,5,0.0003798038,0.20958133041858673,0
adl-35-cam0-rgb,data/keypoints/adl/adl-35-cam0-rgb.npz,72,101,0,42,5,0.0003883774,0.20958133041858673,0
adl-35-cam0-rgb,data/keypoints/adl/adl-35-cam0-rgb.npz,73,102,0,42,5,0.0003972434,0.20958133041858673,0
adl-35-cam0-rgb,data/keypoints/adl/adl-35-cam0-rgb.npz,74,103,0,42,5,0.00040650586,0.20958133041858673,0
adl-35-cam0-rgb,data/keypoints/adl/adl-35-cam0-rgb.npz,75,104,0,42,5,0.00025658114,0.20958133041858673,0
adl-35-cam0-rgb,data/keypoints/adl/adl-35-cam0-rgb.npz,76,105,0,42,5,0.00042987647,0.20958133041858673,0
adl-35-cam0-rgb,data/keypoints/adl/adl-35-cam0-rgb.npz,77,106,0,42,5,0.0004331632,0.20958133041858673,0
adl-35-cam0-rgb,data/keypoints/adl/adl-35-cam0-rgb.npz,78,107,0,42,5,0.0004195771,0.20958133041858673,0
adl-35-cam0-rgb,data/keypoints/adl/adl-35-cam0-rgb.npz,79,108,0,42,5,0.00042141776,0.20958133041858673,0
adl-35-cam0-rgb,data/keypoints/adl/adl-35-cam0-rgb.npz,80,109,0,42,5,0.00042404394,0.20958133041858673,0
adl-35-cam0-rgb,data/keypoints/adl/adl-35-cam0-rgb.npz,81,110,0,42,5,0.00042538124,0.20958133041858673,0
adl-35-cam0-rgb,data/keypoints/adl/adl-35-cam0-rgb.npz,82,111,0,42,5,0.00040519875,0.20958133041858673,0
adl-35-cam0-rgb,data/keypoints/adl/adl-35-cam0-rgb.npz,83,112,0,42,5,0.00040353733,0.20958133041858673,0
adl-35-cam0-rgb,data/keypoints/adl/adl-35-cam0-rgb.npz,84,113,0,42,5,0.000401345,0.20958133041858673,0
adl-35-cam0-rgb,data/keypoints/adl/adl-35-cam0-rgb.npz,85,114,0,42,5,0.0004018798,0.20958133041858673,0
adl-35-cam0-rgb,data/keypoints/adl/adl-35-cam0-rgb.npz,86,115,0,42,5,0.00040278732,0.20958133041858673,0
adl-35-cam0-rgb,data/keypoints/adl/adl-35-cam0-rgb.npz,87,116,0,42,5,0.00040157078,0.20958133041858673,0
adl-35-cam0-rgb,data/keypoints/adl/adl-35-cam0-rgb.npz,88,117,0,42,5,0.00059297105,0.20958133041858673,0
adl-35-cam0-rgb,data/keypoints/adl/adl-35-cam0-rgb.npz,89,118,0,42,5,0.00059972936,0.20958133041858673,0
adl-35-cam0-rgb,data/keypoints/adl/adl-35-cam0-rgb.npz,90,119,0,42,5,0.00010682735,0.20958133041858673,0
adl-35-cam0-rgb,data/keypoints/adl/adl-35-cam0-rgb.npz,91,120,0,42,5,0.00010760116,0.20958133041858673,0
adl-35-cam0-rgb,data/keypoints/adl/adl-35-cam0-rgb.npz,92,121,0,42,5,0.0001082135,0.20958133041858673,0
adl-35-cam0-rgb,data/keypoints/adl/adl-35-cam0-rgb.npz,93,122,0,42,5,0.000108577755,0.20958133041858673,0
adl-35-cam0-rgb,data/keypoints/adl/adl-35-cam0-rgb.npz,94,123,0,42,5,0.00010899853,0.20958133041858673,0
adl-35-cam0-rgb,data/keypoints/adl/adl-35-cam0-rgb.npz,95,124,0,42,5,0.00010978524,0.20958133041858673,0
adl-35-cam0-rgb,data/keypoints/adl/adl-35-cam0-rgb.npz,96,125,0,42,5,0.00011038505,0.20958133041858673,0
adl-35-cam0-rgb,data/keypoints/adl/adl-35-cam0-rgb.npz,97,126,0,42,5,0.00011091197,0.20958133041858673,0
adl-35-cam0-rgb,data/keypoints/adl/adl-35-cam0-rgb.npz,98,127,0,42,5,0.00011212617,0.20958133041858673,0
adl-35-cam0-rgb,data/keypoints/adl/adl-35-cam0-rgb.npz,99,128,0,42,5,0.00011301228,0.20958133041858673,0
adl-35-cam0-rgb,data/keypoints/adl/adl-35-cam0-rgb.npz,100,129,0,42,5,0.000113835784,0.20958133041858673,0
adl-35-cam0-rgb,data/keypoints/adl/adl-35-cam0-rgb.npz,101,130,0,42,5,0.000114613795,0.20958133041858673,0
adl-35-cam0-rgb,data/keypoints/adl/adl-35-cam0-rgb.npz,102,131,0,42,5,0.000115420575,0.20958133041858673,0
adl-35-cam0-rgb,data/keypoints/adl/adl-35-cam0-rgb.npz,103,132,0,42,5,0.00011622704,0.20958133041858673,0
adl-35-cam0-rgb,data/keypoints/adl/adl-35-cam0-rgb.npz,104,133,0,42,5,0.00011704719,0.20958133041858673,0
adl-35-cam0-rgb,data/keypoints/adl/adl-35-cam0-rgb.npz,105,134,0,42,5,0.00011787524,0.20958133041858673,0
adl-35-cam0-rgb,data/keypoints/adl/adl-35-cam0-rgb.npz,106,135,0,42,5,8.87505e-05,0.20958133041858673,0
adl-35-cam0-rgb,data/keypoints/adl/adl-35-cam0-rgb.npz,107,136,0,42,5,8.903914e-05,0.20958133041858673,0
adl-35-cam0-rgb,data/keypoints/adl/adl-35-cam0-rgb.npz,108,137,0,42,5,8.9327965e-05,0.20958133041858673,0
adl-35-cam0-rgb,data/keypoints/adl/adl-35-cam0-rgb.npz,109,138,0,42,5,8.963514e-05,0.20958133041858673,0
adl-35-cam0-rgb,data/keypoints/adl/adl-35-cam0-rgb.npz,110,139,0,42,5,8.976858e-05,0.20958133041858673,0
adl-35-cam0-rgb,data/keypoints/adl/adl-35-cam0-rgb.npz,111,140,0,42,5,8.951659e-05,0.20958133041858673,0
adl-35-cam0-rgb,data/keypoints/adl/adl-35-cam0-rgb.npz,112,141,0,42,5,8.971141e-05,0.20958133041858673,0
adl-35-cam0-rgb,data/keypoints/adl/adl-35-cam0-rgb.npz,113,142,0,42,5,9.018195e-05,0.20958133041858673,0
adl-35-cam0-rgb,data/keypoints/adl/adl-35-cam0-rgb.npz,114,143,0,42,5,9.059033e-05,0.20958133041858673,0
adl-35-cam0-rgb,data/keypoints/adl/adl-35-cam0-rgb.npz,115,144,0,42,5,9.090107e-05,0.20958133041858673,0
adl-35-cam0-rgb,data/keypoints/adl/adl-35-cam0-rgb.npz,116,145,0,42,5,9.1009395e-05,0.20958133041858673,0
adl-35-cam0-rgb,data/keypoints/adl/adl-35-cam0-rgb.npz,117,146,0,42,5,9.06605e-05,0.20958133041858673,0
adl-35-cam0-rgb,data/keypoints/adl/adl-35-cam0-rgb.npz,118,147,0,42,5,9.1132024e-05,0.20958133041858673,0
adl-35-cam0-rgb,data/keypoints/adl/adl-35-cam0-rgb.npz,119,148,0,42,5,9.1651615e-05,0.20958133041858673,0
adl-35-cam0-rgb,data/keypoints/adl/adl-35-cam0-rgb.npz,120,149,0,42,5,9.215879e-05,0.20958133041858673,0
adl-35-cam0-rgb,data/keypoints/adl/adl-35-cam0-rgb.npz,121,150,0,42,5,9.2669114e-05,0.20958133041858673,0
adl-35-cam0-rgb,data/keypoints/adl/adl-35-cam0-rgb.npz,122,151,0,42,5,9.230944e-05,0.20958133041858673,0
adl-35-cam0-rgb,data/keypoints/adl/adl-35-cam0-rgb.npz,123,152,0,42,5,9.294461e-05,0.20958133041858673,0
adl-35-cam0-rgb,data/keypoints/adl/adl-35-cam0-rgb.npz,124,153,0,42,5,9.324307e-05,0.20958133041858673,0
adl-35-cam0-rgb,data/keypoints/adl/adl-35-cam0-rgb.npz,125,154,0,42,5,9.3216746e-05,0.20958133041858673,0
adl-35-cam0-rgb,data/keypoints/adl/adl-35-cam0-rgb.npz,126,155,0,42,5,0.00012995325,0.20958133041858673,0
adl-35-cam0-rgb,data/keypoints/adl/adl-35-cam0-rgb.npz,127,156,0,42,5,0.00012989005,0.20958133041858673,0
adl-35-cam0-rgb,data/keypoints/adl/adl-35-cam0-rgb.npz,128,157,0,42,5,0.000104999344,0.20958133041858673,0
adl-35-cam0-rgb,data/keypoints/adl/adl-35-cam0-rgb.npz,129,158,0,42,5,0.00010503281,0.20958133041858673,0
adl-35-cam0-rgb,data/keypoints/adl/adl-35-cam0-rgb.npz,130,159,0,42,5,0.00010506676,0.20958133041858673,0
adl-35-cam0-rgb,data/keypoints/adl/adl-35-cam0-rgb.npz,131,160,0,42,5,0.000105004765,0.20958133041858673,0
adl-35-cam0-rgb,data/keypoints/adl/adl-35-cam0-rgb.npz,132,161,0,42,5,0.00010531382,0.20958133041858673,0
adl-35-cam0-rgb,data/keypoints/adl/adl-35-cam0-rgb.npz,133,162,0,42,5,0.000105504296,0.20958133041858673,0
adl-35-cam0-rgb,data/keypoints/adl/adl-35-cam0-rgb.npz,134,163,0,42,5,0.00010568685,0.20958133041858673,0
adl-35-cam0-rgb,data/keypoints/adl/adl-35-cam0-rgb.npz,135,164,0,42,5,0.00010613608,0.20958133041858673,0
adl-35-cam0-rgb,data/keypoints/adl/adl-35-cam0-rgb.npz,136,165,0,42,5,0.00010649009,0.20958133041858673,0
adl-35-cam0-rgb,data/keypoints/adl/adl-35-cam0-rgb.npz,137,166,0,42,5,0.00010688114,0.20958133041858673,0
adl-35-cam0-rgb,data/keypoints/adl/adl-35-cam0-rgb.npz,138,167,0,42,5,0.000107216576,0.20958133041858673,0
adl-35-cam0-rgb,data/keypoints/adl/adl-35-cam0-rgb.npz,139,168,0,42,5,0.00010718713,0.20958133041858673,0
adl-35-cam0-rgb,data/keypoints/adl/adl-35-cam0-rgb.npz,140,169,0,42,5,0.000107495216,0.20958133041858673,0
adl-35-cam0-rgb,data/keypoints/adl/adl-35-cam0-rgb.npz,141,170,0,42,5,0.000111930574,0.20958133041858673,0
adl-35-cam0-rgb,data/keypoints/adl/adl-35-cam0-rgb.npz,142,171,0,42,5,0.00011256755,0.20958133041858673,0
adl-35-cam0-rgb,data/keypoints/adl/adl-35-cam0-rgb.npz,143,172,0,42,5,0.00011301174,0.20958133041858673,0
adl-35-cam0-rgb,data/keypoints/adl/adl-35-cam0-rgb.npz,144,173,0,42,5,0.00011289584,0.20958133041858673,0
adl-35-cam0-rgb,data/keypoints/adl/adl-35-cam0-rgb.npz,145,174,0,42,5,0.000113396025,0.20958133041858673,0
adl-35-cam0-rgb,data/keypoints/adl/adl-35-cam0-rgb.npz,146,175,0,42,5,0.00011360664,0.20958133041858673,0
adl-35-cam0-rgb,data/keypoints/adl/adl-35-cam0-rgb.npz,147,176,0,42,5,0.00017568494,0.20958133041858673,0
adl-35-cam0-rgb,data/keypoints/adl/adl-35-cam0-rgb.npz,148,177,0,42,5,0.0001749751,0.20958133041858673,0
adl-35-cam0-rgb,data/keypoints/adl/adl-35-cam0-rgb.npz,149,178,0,42,5,0.00017407282,0.20958133041858673,0
adl-35-cam0-rgb,data/keypoints/adl/adl-35-cam0-rgb.npz,150,179,0,42,5,0.00017324768,0.20958133041858673,0
adl-35-cam0-rgb,data/keypoints/adl/adl-35-cam0-rgb.npz,151,180,0,42,5,0.00017209584,0.20958133041858673,0
adl-35-cam0-rgb,data/keypoints/adl/adl-35-cam0-rgb.npz,152,181,0,42,5,0.00017101246,0.20958133041858673,0
adl-35-cam0-rgb,data/keypoints/adl/adl-35-cam0-rgb.npz,153,182,0,42,5,0.00016826323,0.20958133041858673,0
adl-35-cam0-rgb,data/keypoints/adl/adl-35-cam0-rgb.npz,154,183,0,42,5,0.00015155583,0.20958133041858673,0
adl-35-cam0-rgb,data/keypoints/adl/adl-35-cam0-rgb.npz,155,184,0,42,5,0.0001504163,0.20958133041858673,0
adl-35-cam0-rgb,data/keypoints/adl/adl-35-cam0-rgb.npz,156,185,0,42,5,0.00028094504,0.20958133041858673,0
adl-35-cam0-rgb,data/keypoints/adl/adl-35-cam0-rgb.npz,157,186,0,42,5,0.00027887386,0.20958133041858673,0
adl-35-cam0-rgb,data/keypoints/adl/adl-35-cam0-rgb.npz,158,187,0,42,5,0.00027731882,0.20958133041858673,0
adl-35-cam0-rgb,data/keypoints/adl/adl-35-cam0-rgb.npz,159,188,0,42,5,0.00027592713,0.20958133041858673,0
adl-35-cam0-rgb,data/keypoints/adl/adl-35-cam0-rgb.npz,160,189,0,42,5,0.00027416178,0.20958133041858673,0
adl-35-cam0-rgb,data/keypoints/adl/adl-35-cam0-rgb.npz,161,190,0,42,5,0.00027261637,0.20958133041858673,0
adl-35-cam0-rgb,data/keypoints/adl/adl-35-cam0-rgb.npz,162,191,0,42,5,0.00026975115,0.20958133041858673,0
adl-35-cam0-rgb,data/keypoints/adl/adl-35-cam0-rgb.npz,163,192,0,42,5,0.00026768664,0.20958133041858673,0
adl-35-cam0-rgb,data/keypoints/adl/adl-35-cam0-rgb.npz,164,193,0,42,5,0.00026347788,0.20958133041858673,0
adl-35-cam0-rgb,data/keypoints/adl/adl-35-cam0-rgb.npz,165,194,0,42,5,0.0002587985,0.20958133041858673,0
adl-35-cam0-rgb,data/keypoints/adl/adl-35-cam0-rgb.npz,166,195,0,42,5,0.0002553154,0.20958133041858673,0
adl-35-cam0-rgb,data/keypoints/adl/adl-35-cam0-rgb.npz,167,196,0,42,5,0.00025177997,0.20958133041858673,0
adl-35-cam0-rgb,data/keypoints/adl/adl-35-cam0-rgb.npz,168,197,0,42,5,0.0004457879,0.20958133041858673,0
adl-35-cam0-rgb,data/keypoints/adl/adl-35-cam0-rgb.npz,169,198,0,42,5,0.00043673327,0.20958133041858673,0
adl-35-cam0-rgb,data/keypoints/adl/adl-35-cam0-rgb.npz,170,199,0,42,5,0.00042529168,0.20958133041858673,0
adl-35-cam0-rgb,data/keypoints/adl/adl-35-cam0-rgb.npz,171,200,0,42,5,0.00041451224,0.20958133041858673,0
adl-35-cam0-rgb,data/keypoints/adl/adl-35-cam0-rgb.npz,172,201,0,42,5,0.00040402386,0.20958133041858673,0
adl-35-cam0-rgb,data/keypoints/adl/adl-35-cam0-rgb.npz,173,202,0,42,5,0.00039375873,0.20958133041858673,0
adl-35-cam0-rgb,data/keypoints/adl/adl-35-cam0-rgb.npz,174,203,0,42,5,0.00038377495,0.20958133041858673,0
adl-35-cam0-rgb,data/keypoints/adl/adl-35-cam0-rgb.npz,175,204,0,42,5,0.0003723323,0.20958133041858673,0
adl-35-cam0-rgb,data/keypoints/adl/adl-35-cam0-rgb.npz,176,205,0,42,5,0.0003631733,0.20958133041858673,0
adl-35-cam0-rgb,data/keypoints/adl/adl-35-cam0-rgb.npz,177,206,0,42,5,0.00035368413,0.20958133041858673,0
adl-35-cam0-rgb,data/keypoints/adl/adl-35-cam0-rgb.npz,178,207,0,42,5,0.00034587688,0.20958133041858673,0
adl-35-cam0-rgb,data/keypoints/adl/adl-35-cam0-rgb.npz,179,208,0,42,5,0.00033575547,0.20958133041858673,0
adl-35-cam0-rgb,data/keypoints/adl/adl-35-cam0-rgb.npz,180,209,0,42,5,0.0003260103,0.20958133041858673,0
adl-35-cam0-rgb,data/keypoints/adl/adl-35-cam0-rgb.npz,181,210,0,42,5,0.00031725736,0.20958133041858673,0
adl-35-cam0-rgb,data/keypoints/adl/adl-35-cam0-rgb.npz,182,211,0,42,5,0.00030870046,0.20958133041858673,0
adl-35-cam0-rgb,data/keypoints/adl/adl-35-cam0-rgb.npz,183,212,0,42,5,0.00029262007,0.20958133041858673,0
adl-35-cam0-rgb,data/keypoints/adl/adl-35-cam0-rgb.npz,184,213,0,42,5,0.00028751668,0.20958133041858673,0
adl-35-cam0-rgb,data/keypoints/adl/adl-35-cam0-rgb.npz,185,214,0,42,5,0.0002813162,0.20958133041858673,0
adl-35-cam0-rgb,data/keypoints/adl/adl-35-cam0-rgb.npz,186,215,0,42,5,0.00023852078,0.20958133041858673,0
adl-35-cam0-rgb,data/keypoints/adl/adl-35-cam0-rgb.npz,187,216,0,42,5,0.00023509972,0.20958133041858673,0
adl-35-cam0-rgb,data/keypoints/adl/adl-35-cam0-rgb.npz,188,217,0,42,5,0.00023176726,0.20958133041858673,0
adl-35-cam0-rgb,data/keypoints/adl/adl-35-cam0-rgb.npz,189,218,0,42,5,0.00022847553,0.20958133041858673,0
adl-35-cam0-rgb,data/keypoints/adl/adl-35-cam0-rgb.npz,190,219,0,42,5,0.00022543632,0.20958133041858673,0
adl-35-cam0-rgb,data/keypoints/adl/adl-35-cam0-rgb.npz,191,220,0,42,5,0.000222484,0.20958133041858673,0
adl-35-cam0-rgb,data/keypoints/adl/adl-35-cam0-rgb.npz,192,221,0,42,5,0.00024078769,0.20958133041858673,0
adl-35-cam0-rgb,data/keypoints/adl/adl-35-cam0-rgb.npz,193,222,0,42,5,0.0002390082,0.20958133041858673,0
adl-35-cam0-rgb,data/keypoints/adl/adl-35-cam0-rgb.npz,194,223,0,42,5,0.00023731332,0.20958133041858673,0
adl-35-cam0-rgb,data/keypoints/adl/adl-35-cam0-rgb.npz,195,224,0,42,5,0.00023510758,0.20958133041858673,0
adl-35-cam0-rgb,data/keypoints/adl/adl-35-cam0-rgb.npz,196,225,0,42,5,0.0002356718,0.20958133041858673,0
adl-35-cam0-rgb,data/keypoints/adl/adl-35-cam0-rgb.npz,197,226,0,42,5,0.00024059537,0.20958133041858673,0
adl-35-cam0-rgb,data/keypoints/adl/adl-35-cam0-rgb.npz,198,227,0,42,5,0.00022702778,0.20958133041858673,0
adl-35-cam0-rgb,data/keypoints/adl/adl-35-cam0-rgb.npz,199,228,0,42,5,0.00022432758,0.20958133041858673,0
adl-35-cam0-rgb,data/keypoints/adl/adl-35-cam0-rgb.npz,200,229,0,42,5,0.00022231882,0.20958133041858673,0
adl-35-cam0-rgb,data/keypoints/adl/adl-35-cam0-rgb.npz,201,230,0,42,5,0.00022001001,0.20958133041858673,0
adl-35-cam0-rgb,data/keypoints/adl/adl-35-cam0-rgb.npz,202,231,0,42,5,0.0002174057,0.20958133041858673,0
adl-35-cam0-rgb,data/keypoints/adl/adl-35-cam0-rgb.npz,203,232,0,42,5,0.0002128494,0.20958133041858673,0
adl-35-cam0-rgb,data/keypoints/adl/adl-35-cam0-rgb.npz,204,233,0,42,5,0.0002096091,0.20958133041858673,0
adl-35-cam0-rgb,data/keypoints/adl/adl-35-cam0-rgb.npz,205,234,0,42,5,0.00020627215,0.20958133041858673,0
adl-35-cam0-rgb,data/keypoints/adl/adl-35-cam0-rgb.npz,206,235,0,42,5,0.00020265726,0.20958133041858673,0
adl-35-cam0-rgb,data/keypoints/adl/adl-35-cam0-rgb.npz,207,236,0,42,5,0.00019907359,0.20958133041858673,0
adl-35-cam0-rgb,data/keypoints/adl/adl-35-cam0-rgb.npz,208,237,0,42,5,0.00019556987,0.20958133041858673,0
adl-35-cam0-rgb,data/keypoints/adl/adl-35-cam0-rgb.npz,209,238,0,42,5,0.00019137781,0.20958133041858673,0
adl-35-cam0-rgb,data/keypoints/adl/adl-35-cam0-rgb.npz,210,239,0,42,5,0.0001864251,0.20958133041858673,0
adl-35-cam0-rgb,data/keypoints/adl/adl-35-cam0-rgb.npz,211,240,0,42,5,0.00018212767,0.20958133041858673,0
adl-35-cam0-rgb,data/keypoints/adl/adl-35-cam0-rgb.npz,212,241,0,42,5,0.00017748601,0.20958133041858673,0
adl-35-cam0-rgb,data/keypoints/adl/adl-35-cam0-rgb.npz,213,242,0,42,5,0.0001726945,0.20958133041858673,0
adl-35-cam0-rgb,data/keypoints/adl/adl-35-cam0-rgb.npz,214,243,0,42,5,0.00016811554,0.20958133041858673,0
adl-35-cam0-rgb,data/keypoints/adl/adl-35-cam0-rgb.npz,215,244,0,42,5,0.00016359163,0.20958133041858673,0
adl-35-cam0-rgb,data/keypoints/adl/adl-35-cam0-rgb.npz,216,245,0,42,5,0.00015930423,0.20958133041858673,0
adl-35-cam0-rgb,data/keypoints/adl/adl-35-cam0-rgb.npz,217,246,0,42,5,0.00015489564,0.20958133041858673,0
adl-35-cam0-rgb,data/keypoints/adl/adl-35-cam0-rgb.npz,218,247,0,42,5,0.00015081873,0.20958133041858673,0
adl-35-cam0-rgb,data/keypoints/adl/adl-35-cam0-rgb.npz,219,248,0,42,5,0.0001466761,0.20958133041858673,0
adl-35-cam0-rgb,data/keypoints/adl/adl-35-cam0-rgb.npz,220,249,0,42,5,0.00014276674,0.20958133041858673,0
adl-35-cam0-rgb,data/keypoints/adl/adl-35-cam0-rgb.npz,221,250,0,42,5,0.00013877859,0.20958133041858673,0
adl-35-cam0-rgb,data/keypoints/adl/adl-35-cam0-rgb.npz,222,251,0,42,5,0.00013485795,0.20958133041858673,0
adl-35-cam0-rgb,data/keypoints/adl/adl-35-cam0-rgb.npz,223,252,0,42,5,0.00013111778,0.20958133041858673,0
adl-35-cam0-rgb,data/keypoints/adl/adl-35-cam0-rgb.npz,224,253,0,42,5,0.00012742521,0.20958133041858673,0
adl-35-cam0-rgb,data/keypoints/adl/adl-35-cam0-rgb.npz,225,254,0,42,5,0.00012392802,0.20958133041858673,0
adl-35-cam0-rgb,data/keypoints/adl/adl-35-cam0-rgb.npz,226,255,0,42,5,0.00012060271,0.20958133041858673,0
adl-35-cam0-rgb,data/keypoints/adl/adl-35-cam0-rgb.npz,227,256,0,42,5,0.00011745103,0.20958133041858673,0
adl-35-cam0-rgb,data/keypoints/adl/adl-35-cam0-rgb.npz,228,257,0,42,5,0.00011442073,0.20958133041858673,0
adl-35-cam0-rgb,data/keypoints/adl/adl-35-cam0-rgb.npz,229,258,0,42,5,0.00011156794,0.20958133041858673,0
adl-35-cam0-rgb,data/keypoints/adl/adl-35-cam0-rgb.npz,230,259,0,42,5,0.00010895695,0.20958133041858673,0
adl-35-cam0-rgb,data/keypoints/adl/adl-35-cam0-rgb.npz,231,260,0,42,5,0.00010639954,0.20958133041858673,0
adl-35-cam0-rgb,data/keypoints/adl/adl-35-cam0-rgb.npz,232,261,0,42,5,0.00010408512,0.20958133041858673,0
adl-35-cam0-rgb,data/keypoints/adl/adl-35-cam0-rgb.npz,233,262,0,42,5,0.000102023376,0.20958133041858673,0
adl-35-cam0-rgb,data/keypoints/adl/adl-35-cam0-rgb.npz,234,263,0,42,5,0.00010000534,0.20958133041858673,0
adl-35-cam0-rgb,data/keypoints/adl/adl-35-cam0-rgb.npz,235,264,0,42,5,9.818176e-05,0.20958133041858673,0
adl-35-cam0-rgb,data/keypoints/adl/adl-35-cam0-rgb.npz,236,265,0,42,5,9.6460484e-05,0.20958133041858673,0
adl-35-cam0-rgb,data/keypoints/adl/adl-35-cam0-rgb.npz,237,266,0,42,5,9.490123e-05,0.20958133041858673,0
adl-35-cam0-rgb,data/keypoints/adl/adl-35-cam0-rgb.npz,238,267,0,42,5,9.347489e-05,0.20958133041858673,0
adl-35-cam0-rgb,data/keypoints/adl/adl-35-cam0-rgb.npz,239,268,0,42,5,9.2225855e-05,0.20958133041858673,0
adl-35-cam0-rgb,data/keypoints/adl/adl-35-cam0-rgb.npz,240,269,0,42,5,9.1129936e-05,0.20958133041858673,0
adl-35-cam0-rgb,data/keypoints/adl/adl-35-cam0-rgb.npz,241,270,0,42,5,9.003365e-05,0.20958133041858673,0
adl-35-cam0-rgb,data/keypoints/adl/adl-35-cam0-rgb.npz,242,271,0,42,5,8.908475e-05,0.20958133041858673,0
adl-35-cam0-rgb,data/keypoints/adl/adl-35-cam0-rgb.npz,243,272,0,42,5,8.8189314e-05,0.20958133041858673,0
adl-35-cam0-rgb,data/keypoints/adl/adl-35-cam0-rgb.npz,244,273,0,42,5,8.732811e-05,0.20958133041858673,0
adl-35-cam0-rgb,data/keypoints/adl/adl-35-cam0-rgb.npz,245,274,0,42,5,8.654396e-05,0.20958133041858673,0
adl-35-cam0-rgb,data/keypoints/adl/adl-35-cam0-rgb.npz,246,275,0,42,5,8.5880594e-05,0.20958133041858673,0
adl-35-cam0-rgb,data/keypoints/adl/adl-35-cam0-rgb.npz,247,276,0,42,5,8.5227766e-05,0.20958133041858673,0
adl-35-cam0-rgb,data/keypoints/adl/adl-35-cam0-rgb.npz,248,277,0,42,5,8.4626365e-05,0.20958133041858673,0
adl-35-cam0-rgb,data/keypoints/adl/adl-35-cam0-rgb.npz,249,278,0,42,5,8.4102874e-05,0.20958133041858673,0
adl-35-cam0-rgb,data/keypoints/adl/adl-35-cam0-rgb.npz,250,279,0,42,5,8.360584e-05,0.20958133041858673,0
adl-35-cam0-rgb,data/keypoints/adl/adl-35-cam0-rgb.npz,251,280,0,42,5,8.312147e-05,0.20958133041858673,0
fall-01-cam0-rgb,data/keypoints/fall/fall-01-cam0-rgb.npz,1,30,0,42,5,6.9288144e-05,0.20958133041858673,0
fall-01-cam0-rgb,data/keypoints/fall/fall-01-cam0-rgb.npz,2,31,0,42,5,6.916285e-05,0.20958133041858673,0
fall-01-cam0-rgb,data/keypoints/fall/fall-01-cam0-rgb.npz,3,32,0,42,5,6.902428e-05,0.20958133041858673,0
fall-01-cam0-rgb,data/keypoints/fall/fall-01-cam0-rgb.npz,4,33,0,42,5,6.885644e-05,0.20958133041858673,0
fall-01-cam0-rgb,data/keypoints/fall/fall-01-cam0-rgb.npz,5,34,0,42,5,6.872052e-05,0.20958133041858673,0
fall-01-cam0-rgb,data/keypoints/fall/fall-01-cam0-rgb.npz,6,35,0,42,5,6.86009e-05,0.20958133041858673,0
fall-01-cam0-rgb,data/keypoints/fall/fall-01-cam0-rgb.npz,7,36,0,42,5,6.835289e-05,0.20958133041858673,0
fall-01-cam0-rgb,data/keypoints/fall/fall-01-cam0-rgb.npz,8,37,0,42,5,6.8039626e-05,0.20958133041858673,0
fall-01-cam0-rgb,data/keypoints/fall/fall-01-cam0-rgb.npz,9,38,0,42,5,6.7784014e-05,0.20958133041858673,0
fall-01-cam0-rgb,data/keypoints/fall/fall-01-cam0-rgb.npz,10,39,0,42,5,6.752248e-05,0.20958133041858673,0
fall-01-cam0-rgb,data/keypoints/fall/fall-01-cam0-rgb.npz,11,40,0,42,5,6.729332e-05,0.20958133041858673,0
fall-01-cam0-rgb,data/keypoints/fall/fall-01-cam0-rgb.npz,12,41,0,42,5,6.718731e-05,0.20958133041858673,0
fall-01-cam0-rgb,data/keypoints/fall/fall-01-cam0-rgb.npz,13,42,0,42,5,6.712053e-05,0.20958133041858673,0
fall-01-cam0-rgb,data/keypoints/fall/fall-01-cam0-rgb.npz,14,43,0,42,5,6.7074776e-05,0.20958133041858673,0
fall-01-cam0-rgb,data/keypoints/fall/fall-01-cam0-rgb.npz,15,44,0,42,5,6.698299e-05,0.20958133041858673,0
fall-01-cam0-rgb,data/keypoints/fall/fall-01-cam0-rgb.npz,16,45,0,42,5,6.6948574e-05,0.20958133041858673,0
fall-01-cam0-rgb,data/keypoints/fall/fall-01-cam0-rgb.npz,17,46,0,42,5,6.691641e-05,0.20958133041858673,0
fall-01-cam0-rgb,data/keypoints/fall/fall-01-cam0-rgb.npz,18,47,0,42,5,6.691749e-05,0.20958133041858673,0
fall-01-cam0-rgb,data/keypoints/fall/fall-01-cam0-rgb.npz,19,48,0,42,5,6.68771e-05,0.20958133041858673,0
fall-01-cam0-rgb,data/keypoints/fall/fall-01-cam0-rgb.npz,20,49,0,42,5,6.685326e-05,0.20958133041858673,0
fall-01-cam0-rgb,data/keypoints/fall/fall-01-cam0-rgb.npz,21,50,0,42,5,6.687748e-05,0.20958133041858673,0
fall-01-cam0-rgb,data/keypoints/fall/fall-01-cam0-rgb.npz,22,51,0,42,5,6.6881636e-05,0.20958133041858673,0
fall-01-cam0-rgb,data/keypoints/fall/fall-01-cam0-rgb.npz,23,52,0,42,5,6.68875e-05,0.20958133041858673,0
fall-01-cam0-rgb,data/keypoints/fall/fall-01-cam0-rgb.npz,24,53,0,42,5,6.6859946e-05,0.20958133041858673,0
fall-01-cam0-rgb,data/keypoints/fall/fall-01-cam0-rgb.npz,25,54,0,42,5,6.688737e-05,0.20958133041858673,0
fall-01-cam0-rgb,data/keypoints/fall/fall-01-cam0-rgb.npz,26,55,0,42,5,6.6908935e-05,0.20958133041858673,0
fall-01-cam0-rgb,data/keypoints/fall/fall-01-cam0-rgb.npz,27,56,0,42,5,6.6833054e-05,0.20958133041858673,0
fall-01-cam0-rgb,data/keypoints/fall/fall-01-cam0-rgb.npz,28,57,0,42,5,6.674338e-05,0.20958133041858673,0
fall-01-cam0-rgb,data/keypoints/fall/fall-01-cam0-rgb.npz,29,58,0,42,5,6.662459e-05,0.20958133041858673,0
fall-01-cam0-rgb,data/keypoints/fall/fall-01-cam0-rgb.npz,30,59,0,42,5,6.6424574e-05,0.20958133041858673,0
fall-01-cam0-rgb,data/keypoints/fall/fall-01-cam0-rgb.npz,31,60,0,42,5,6.61737e-05,0.20958133041858673,0
fall-01-cam0-rgb,data/keypoints/fall/fall-01-cam0-rgb.npz,32,61,0,42,5,6.591749e-05,0.20958133041858673,0
fall-01-cam0-rgb,data/keypoints/fall/fall-01-cam0-rgb.npz,33,62,0,42,5,6.562239e-05,0.20958133041858673,0
fall-01-cam0-rgb,data/keypoints/fall/fall-01-cam0-rgb.npz,34,63,0,42,5,6.5203276e-05,0.20958133041858673,0
fall-01-cam0-rgb,data/keypoints/fall/fall-01-cam0-rgb.npz,35,64,0,42,5,6.4823726e-05,0.20958133041858673,0
fall-01-cam0-rgb,data/keypoints/fall/fall-01-cam0-rgb.npz,36,65,0,42,5,6.4458065e-05,0.20958133041858673,0
fall-01-cam0-rgb,data/keypoints/fall/fall-01-cam0-rgb.npz,37,66,0,42,5,6.3979656e-05,0.20958133041858673,0
fall-01-cam0-rgb,data/keypoints/fall/fall-01-cam0-rgb.npz,38,67,0,42,5,6.348967e-05,0.20958133041858673,0
fall-01-cam0-rgb,data/keypoints/fall/fall-01-cam0-rgb.npz,39,68,0,42,5,6.304755e-05,0.20958133041858673,0
fall-01-cam0-rgb,data/keypoints/fall/fall-01-cam0-rgb.npz,40,69,0,42,5,6.256266e-05,0.20958133041858673,0
fall-01-cam0-rgb,data/keypoints/fall/fall-01-cam0-rgb.npz,41,70,0,42,5,6.1990526e-05,0.20958133041858673,0
fall-01-cam0-rgb,data/keypoints/fall/fall-01-cam0-rgb.npz,42,71,0,42,5,6.1569226e-05,0.20958133041858673,0
fall-01-cam0-rgb,data/keypoints/fall/fall-01-cam0-rgb.npz,43,72,0,42,5,6.1143335e-05,0.20958133041858673,0
fall-01-cam0-rgb,data/keypoints/fall/fall-01-cam0-rgb.npz,44,73,0,42,5,6.054444e-05,0.20958133041858673,0
fall-01-cam0-rgb,data/keypoints/fall/fall-01-cam0-rgb.npz,45,74,0,42,5,5.9718437e-05,0.20958133041858673,0
fall-01-cam0-rgb,data/keypoints/fall/fall-01-cam0-rgb.npz,46,75,0,42,5,5.895529e-05,0.20958133041858673,0
fall-01-cam0-rgb,data/keypoints/fall/fall-01-cam0-rgb.npz,47,76,0,42,5,5.8207224e-05,0.20958133041858673,0
fall-01-cam0-rgb,data/keypoints/fall/fall-01-cam0-rgb.npz,48,77,0,42,5,5.734952e-05,0.20958133041858673,0
fall-01-cam0-rgb,data/keypoints/fall/fall-01-cam0-rgb.npz,49,78,0,42,5,5.651259e-05,0.20958133041858673,0
fall-01-cam0-rgb,data/keypoints/fall/fall-01-cam0-rgb.npz,50,79,0,42,5,5.5685752e-05,0.20958133041858673,0
fall-01-cam0-rgb,data/keypoints/fall/fall-01-cam0-rgb.npz,51,80,0,42,5,5.476155e-05,0.20958133041858673,0
fall-01-cam0-rgb,data/keypoints/fall/fall-01-cam0-rgb.npz,52,81,0,42,5,5.381818e-05,0.20958133041858673,0
fall-01-cam0-rgb,data/keypoints/fall/fall-01-cam0-rgb.npz,53,82,0,42,5,5.287044e-05,0.20958133041858673,0
fall-01-cam0-rgb,data/keypoints/fall/fall-01-cam0-rgb.npz,54,83,0,42,5,5.1840223e-05,0.20958133041858673,0
fall-01-cam0-rgb,data/keypoints/fall/fall-01-cam0-rgb.npz,55,84,0,42,5,5.073743e-05,0.20958133041858673,0
fall-01-cam0-rgb,data/keypoints/fall/fall-01-cam0-rgb.npz,56,85,0,42,5,4.9573457e-05,0.20958133041858673,0
fall-01-cam0-rgb,data/keypoints/fall/fall-01-cam0-rgb.npz,57,86,0,42,5,4.844986e-05,0.20958133041858673,0
fall-01-cam0-rgb,data/keypoints/fall/fall-01-cam0-rgb.npz,58,87,0,42,5,4.7139743e-05,0.20958133041858673,0
fall-01-cam0-rgb,data/keypoints/fall/fall-01-cam0-rgb.npz,59,88,0,42,5,4.575509e-05,0.20958133041858673,0
fall-01-cam0-rgb,data/keypoints/fall/fall-01-cam0-rgb.npz,60,89,0,42,5,4.442585e-05,0.20958133041858673,0
fall-01-cam0-rgb,data/keypoints/fall/fall-01-cam0-rgb.npz,61,90,0,42,5,4.27814e-05,0.20958133041858673,0
fall-01-cam0-rgb,data/keypoints/fall/fall-01-cam0-rgb.npz,62,91,0,42,5,4.0419895e-05,0.20958133041858673,0
fall-01-cam0-rgb,data/keypoints/fall/fall-01-cam0-rgb.npz,63,92,0,42,5,3.739417e-05,0.20958133041858673,0
fall-01-cam0-rgb,data/keypoints/fall/fall-01-cam0-rgb.npz,64,93,0,42,5,3.5079378e-05,0.20958133041858673,0
fall-01-cam0-rgb,data/keypoints/fall/fall-01-cam0-rgb.npz,65,94,0,42,5,3.425183e-05,0.20958133041858673,0
fall-01-cam0-rgb,data/keypoints/fall/fall-01-cam0-rgb.npz,66,95,0,42,5,3.3933826e-05,0.20958133041858673,0
fall-01-cam0-rgb,data/keypoints/fall/fall-01-cam0-rgb.npz,67,96,0,42,5,3.309017e-05,0.20958133041858673,0
fall-01-cam0-rgb,data/keypoints/fall/fall-01-cam0-rgb.npz,68,97,0,42,5,3.2014093e-05,0.20958133041858673,0
fall-01-cam0-rgb,data/keypoints/fall/fall-01-cam0-rgb.npz,69,98,0,42,5,3.10288e-05,0.20958133041858673,0
fall-01-cam0-rgb,data/keypoints/fall/fall-01-cam0-rgb.npz,70,99,0,42,5,2.9932484e-05,0.20958133041858673,0
fall-01-cam0-rgb,data/keypoints/fall/fall-01-cam0-rgb.npz,71,100,0,42,5,2.9366885e-05,0.20958133041858673,0
fall-01-cam0-rgb,data/keypoints/fall/fall-01-cam0-rgb.npz,72,101,0,42,5,2.9089017e-05,0.20958133041858673,0
fall-01-cam0-rgb,data/keypoints/fall/fall-01-cam0-rgb.npz,73,102,0,42,5,2.9300694e-05,0.20958133041858673,0
fall-01-cam0-rgb,data/keypoints/fall/fall-01-cam0-rgb.npz,74,103,0,42,5,3.0552947e-05,0.20958133041858673,0
fall-01-cam0-rgb,data/keypoints/fall/fall-01-cam0-rgb.npz,75,104,0,42,5,0.00016463069,0.20958133041858673,0
fall-01-cam0-rgb,data/keypoints/fall/fall-01-cam0-rgb.npz,76,105,0,42,5,0.00039896867,0.20958133041858673,0
fall-01-cam0-rgb,data/keypoints/fall/fall-01-cam0-rgb.npz,77,106,0,42,5,0.00095724285,0.20958133041858673,0
fall-01-cam0-rgb,data/keypoints/fall/fall-01-cam0-rgb.npz,78,107,0,42,5,0.0022812246,0.20958133041858673,0
fall-01-cam0-rgb,data/keypoints/fall/fall-01-cam0-rgb.npz,79,108,0,42,5,0.0055258106,0.20958133041858673,0
fall-01-cam0-rgb,data/keypoints/fall/fall-01-cam0-rgb.npz,80,109,0,42,5,0.013964295,0.20958133041858673,0
fall-01-cam0-rgb,data/keypoints/fall/fall-01-cam0-rgb.npz,81,110,0,42,5,0.0358842,0.20958133041858673,0
fall-01-cam0-rgb,data/keypoints/fall/fall-01-cam0-rgb.npz,82,111,0,42,5,0.0830437,0.20958133041858673,0
fall-01-cam0-rgb,data/keypoints/fall/fall-01-cam0-rgb.npz,84,113,1,42,5,0.36462313,0.20958133041858673,1
fall-01-cam0-rgb,data/keypoints/fall/fall-01-cam0-rgb.npz,85,114,1,42,5,0.5932856,0.20958133041858673,1
fall-01-cam0-rgb,data/keypoints/fall/fall-01-cam0-rgb.npz,86,115,1,42,5,0.9527074,0.20958133041858673,1
fall-01-cam0-rgb,data/keypoints/fall/fall-01-cam0-rgb.npz,87,116,1,42,5,0.98011357,0.20958133041858673,1
fall-01-cam0-rgb,data/keypoints/fall/fall-01-cam0-rgb.npz,88,117,1,42,5,0.9918514,0.20958133041858673,1
fall-01-cam0-rgb,data/keypoints/fall/fall-01-cam0-rgb.npz,89,118,1,42,5,0.99673235,0.20958133041858673,1
fall-01-cam0-rgb,data/keypoints/fall/fall-01-cam0-rgb.npz,90,119,1,42,5,0.99943775,0.20958133041858673,1
fall-01-cam0-rgb,data/keypoints/fall/fall-01-cam0-rgb.npz,91,120,1,42,5,0.99976665,0.20958133041858673,1
fall-01-cam0-rgb,data/keypoints/fall/fall-01-cam0-rgb.npz,92,121,1,42,5,0.99990666,0.20958133041858673,1
fall-01-cam0-rgb,data/keypoints/fall/fall-01-cam0-rgb.npz,93,122,1,42,5,0.9999573,0.20958133041858673,1
fall-01-cam0-rgb,data/keypoints/fall/fall-01-cam0-rgb.npz,94,123,1,42,5,0.9999831,0.20958133041858673,1
fall-01-cam0-rgb,data/keypoints/fall/fall-01-cam0-rgb.npz,95,124,1,42,5,0.99999356,0.20958133041858673,1
fall-01-cam0-rgb,data/keypoints/fall/fall-01-cam0-rgb.npz,96,125,1,42,5,0.99999857,0.20958133041858673,1
fall-01-cam0-rgb,data/keypoints/fall/fall-01-cam0-rgb.npz,97,126,1,42,5,0.9999995,0.20958133041858673,1
fall-01-cam0-rgb,data/keypoints/fall/fall-01-cam0-rgb.npz,98,127,1,42,5,0.9999999,0.20958133041858673,1
fall-01-cam0-rgb,data/keypoints/fall/fall-01-cam0-rgb.npz,99,128,1,42,5,0.9999999,0.20958133041858673,1
fall-01-cam0-rgb,data/keypoints/fall/fall-01-cam0-rgb.npz,100,129,1,42,5,1.0,0.20958133041858673,1
fall-01-cam0-rgb,data/keypoints/fall/fall-01-cam0-rgb.npz,101,130,1,42,5,1.0,0.20958133041858673,1
fall-01-cam0-rgb,data/keypoints/fall/fall-01-cam0-rgb.npz,102,131,1,42,5,1.0,0.20958133041858673,1
fall-01-cam0-rgb,data/keypoints/fall/fall-01-cam0-rgb.npz,103,132,1,42,5,1.0,0.20958133041858673,1
fall-01-cam0-rgb,data/keypoints/fall/fall-01-cam0-rgb.npz,104,133,1,42,5,1.0,0.20958133041858673,1
fall-01-cam0-rgb,data/keypoints/fall/fall-01-cam0-rgb.npz,105,134,1,42,5,1.0,0.20958133041858673,1
fall-01-cam0-rgb,data/keypoints/fall/fall-01-cam0-rgb.npz,106,135,1,42,5,1.0,0.20958133041858673,1
fall-01-cam0-rgb,data/keypoints/fall/fall-01-cam0-rgb.npz,107,136,1,42,5,1.0,0.20958133041858673,1
fall-01-cam0-rgb,data/keypoints/fall/fall-01-cam0-rgb.npz,108,137,1,42,5,1.0,0.20958133041858673,1
fall-01-cam0-rgb,data/keypoints/fall/fall-01-cam0-rgb.npz,109,138,1,42,5,1.0,0.20958133041858673,1
fall-01-cam0-rgb,data/keypoints/fall/fall-01-cam0-rgb.npz,110,139,1,42,5,1.0,0.20958133041858673,1
fall-01-cam0-rgb,data/keypoints/fall/fall-01-cam0-rgb.npz,111,140,1,42,5,1.0,0.20958133041858673,1
fall-01-cam0-rgb,data/keypoints/fall/fall-01-cam0-rgb.npz,112,141,1,42,5,1.0,0.20958133041858673,1
fall-01-cam0-rgb,data/keypoints/fall/fall-01-cam0-rgb.npz,113,142,1,42,5,1.0,0.20958133041858673,1
fall-01-cam0-rgb,data/keypoints/fall/fall-01-cam0-rgb.npz,114,143,1,42,5,1.0,0.20958133041858673,1
fall-01-cam0-rgb,data/keypoints/fall/fall-01-cam0-rgb.npz,115,144,1,42,5,1.0,0.20958133041858673,1
fall-01-cam0-rgb,data/keypoints/fall/fall-01-cam0-rgb.npz,116,145,1,42,5,1.0,0.20958133041858673,1
fall-01-cam0-rgb,data/keypoints/fall/fall-01-cam0-rgb.npz,117,146,1,42,5,1.0,0.20958133041858673,1
fall-01-cam0-rgb,data/keypoints/fall/fall-01-cam0-rgb.npz,118,147,1,42,5,0.99999976,0.20958133041858673,1
fall-01-cam0-rgb,data/keypoints/fall/fall-01-cam0-rgb.npz,119,148,1,42,5,0.99999964,0.20958133041858673,1
fall-01-cam0-rgb,data/keypoints/fall/fall-01-cam0-rgb.npz,120,149,1,42,5,0.9999999,0.20958133041858673,1
fall-01-cam0-rgb,data/keypoints/fall/fall-01-cam0-rgb.npz,121,150,1,42,5,0.9999999,0.20958133041858673,1
fall-01-cam0-rgb,data/keypoints/fall/fall-01-cam0-rgb.npz,122,151,1,42,5,6.2774025e-06,0.20958133041858673,0
fall-01-cam0-rgb,data/keypoints/fall/fall-01-cam0-rgb.npz,123,152,1,42,5,3.6905433e-06,0.20958133041858673,0
fall-01-cam0-rgb,data/keypoints/fall/fall-01-cam0-rgb.npz,124,153,1,42,5,3.962366e-06,0.20958133041858673,0
fall-01-cam0-rgb,data/keypoints/fall/fall-01-cam0-rgb.npz,125,154,1,42,5,3.9604843e-06,0.20958133041858673,0
fall-01-cam0-rgb,data/keypoints/fall/fall-01-cam0-rgb.npz,126,155,1,42,5,3.9588795e-06,0.20958133041858673,0
fall-01-cam0-rgb,data/keypoints/fall/fall-01-cam0-rgb.npz,127,156,1,42,5,3.9572224e-06,0.20958133041858673,0
fall-01-cam0-rgb,data/keypoints/fall/fall-01-cam0-rgb.npz,128,157,1,42,5,3.955562e-06,0.20958133041858673,0
fall-01-cam0-rgb,data/keypoints/fall/fall-01-cam0-rgb.npz,129,158,1,42,5,3.9539404e-06,0.20958133041858673,0
fall-01-cam0-rgb,data/keypoints/fall/fall-01-cam0-rgb.npz,130,159,1,42,5,3.9373685e-06,0.20958133041858673,0
fall-01-cam0-rgb,data/keypoints/fall/fall-01-cam0-rgb.npz,131,160,1,42,5,3.9335027e-06,0.20958133041858673,0
fall-02-cam0-rgb,data/keypoints/fall/fall-02-cam0-rgb.npz,1,30,0,42,5,9.265409e-05,0.20958133041858673,0
fall-02-cam0-rgb,data/keypoints/fall/fall-02-cam0-rgb.npz,2,31,0,42,5,9.313412e-05,0.20958133041858673,0
fall-02-cam0-rgb,data/keypoints/fall/fall-02-cam0-rgb.npz,3,32,0,42,5,9.3615214e-05,0.20958133041858673,0
fall-02-cam0-rgb,data/keypoints/fall/fall-02-cam0-rgb.npz,4,33,0,42,5,9.415496e-05,0.20958133041858673,0
fall-02-cam0-rgb,data/keypoints/fall/fall-02-cam0-rgb.npz,5,34,0,42,5,9.473658e-05,0.20958133041858673,0
fall-02-cam0-rgb,data/keypoints/fall/fall-02-cam0-rgb.npz,6,35,0,42,5,9.538671e-05,0.20958133041858673,0
fall-02-cam0-rgb,data/keypoints/fall/fall-02-cam0-rgb.npz,7,36,0,42,5,9.603096e-05,0.20958133041858673,0
fall-02-cam0-rgb,data/keypoints/fall/fall-02-cam0-rgb.npz,8,37,0,42,5,9.674909e-05,0.20958133041858673,0
fall-02-cam0-rgb,data/keypoints/fall/fall-02-cam0-rgb.npz,9,38,0,42,5,9.752672e-05,0.20958133041858673,0
fall-02-cam0-rgb,data/keypoints/fall/fall-02-cam0-rgb.npz,10,39,0,42,5,9.835381e-05,0.20958133041858673,0
fall-02-cam0-rgb,data/keypoints/fall/fall-02-cam0-rgb.npz,11,40,0,42,5,9.922064e-05,0.20958133041858673,0
fall-02-cam0-rgb,data/keypoints/fall/fall-02-cam0-rgb.npz,12,41,0,42,5,0.000100154604,0.20958133041858673,0
fall-02-cam0-rgb,data/keypoints/fall/fall-02-cam0-rgb.npz,13,42,0,42,5,0.00010123666,0.20958133041858673,0
fall-02-cam0-rgb,data/keypoints/fall/fall-02-cam0-rgb.npz,14,43,0,42,5,0.0001022823,0.20958133041858673,0
fall-02-cam0-rgb,data/keypoints/fall/fall-02-cam0-rgb.npz,15,44,0,42,5,0.00010346042,0.20958133041858673,0
fall-02-cam0-rgb,data/keypoints/fall/fall-02-cam0-rgb.npz,16,45,0,42,5,0.00010472797,0.20958133041858673,0
fall-02-cam0-rgb,data/keypoints/fall/fall-02-cam0-rgb.npz,17,46,0,42,5,0.00010605048,0.20958133041858673,0
fall-02-cam0-rgb,data/keypoints/fall/fall-02-cam0-rgb.npz,18,47,0,42,5,0.00010751614,0.20958133041858673,0
fall-02-cam0-rgb,data/keypoints/fall/fall-02-cam0-rgb.npz,19,48,0,42,5,0.00010914787,0.20958133041858673,0
fall-02-cam0-rgb,data/keypoints/fall/fall-02-cam0-rgb.npz,20,49,0,42,5,0.00011094741,0.20958133041858673,0
fall-02-cam0-rgb,data/keypoints/fall/fall-02-cam0-rgb.npz,21,50,0,42,5,0.00011291242,0.20958133041858673,0
fall-02-cam0-rgb,data/keypoints/fall/fall-02-cam0-rgb.npz,22,51,0,42,5,0.00011507057,0.20958133041858673,0
fall-02-cam0-rgb,data/keypoints/fall/fall-02-cam0-rgb.npz,23,52,0,42,5,0.0001175021,0.20958133041858673,0
fall-02-cam0-rgb,data/keypoints/fall/fall-02-cam0-rgb.npz,24,53,0,42,5,0.00012038509,0.20958133041858673,0
fall-02-cam0-rgb,data/keypoints/fall/fall-02-cam0-rgb.npz,25,54,0,42,5,0.00012374713,0.20958133041858673,0
fall-02-cam0-rgb,data/keypoints/fall/fall-02-cam0-rgb.npz,26,55,0,42,5,0.0001275621,0.20958133041858673,0
fall-02-cam0-rgb,data/keypoints/fall/fall-02-cam0-rgb.npz,27,56,0,42,5,0.00013269213,0.20958133041858673,0
fall-02-cam0-rgb,data/keypoints/fall/fall-02-cam0-rgb.npz,28,57,0,42,5,0.00013824867,0.20958133041858673,0
fall-02-cam0-rgb,data/keypoints/fall/fall-02-cam0-rgb.npz,29,58,0,42,5,8.177158e-05,0.20958133041858673,0
fall-02-cam0-rgb,data/keypoints/fall/fall-02-cam0-rgb.npz,30,59,0,42,5,8.417228e-05,0.20958133041858673,0
fall-02-cam0-rgb,data/keypoints/fall/fall-02-cam0-rgb.npz,31,60,0,42,5,8.770432e-05,0.20958133041858673,0
fall-02-cam0-rgb,data/keypoints/fall/fall-02-cam0-rgb.npz,32,61,0,42,5,9.753193e-05,0.20958133041858673,0
fall-02-cam0-rgb,data/keypoints/fall/fall-02-cam0-rgb.npz,33,62,0,42,5,9.565424e-05,0.20958133041858673,0
fall-02-cam0-rgb,data/keypoints/fall/fall-02-cam0-rgb.npz,34,63,0,42,5,0.00010433215,0.20958133041858673,0
fall-02-cam0-rgb,data/keypoints/fall/fall-02-cam0-rgb.npz,35,64,0,42,5,0.00026523942,0.20958133041858673,0
fall-02-cam0-rgb,data/keypoints/fall/fall-02-cam0-rgb.npz,36,65,0,42,5,0.0007616829,0.20958133041858673,0
fall-02-cam0-rgb,data/keypoints/fall/fall-02-cam0-rgb.npz,37,66,0,42,5,0.0021156976,0.20958133041858673,0
fall-02-cam0-rgb,data/keypoints/fall/fall-02-cam0-rgb.npz,38,67,0,42,5,0.008172149,0.20958133041858673,0
fall-02-cam0-rgb,data/keypoints/fall/fall-02-cam0-rgb.npz,39,68,0,42,5,0.018470977,0.20958133041858673,0
fall-02-cam0-rgb,data/keypoints/fall/fall-02-cam0-rgb.npz,41,70,1,42,5,0.09739469,0.20958133041858673,0
fall-02-cam0-rgb,data/keypoints/fall/fall-02-cam0-rgb.npz,42,71,1,42,5,0.231861,0.20958133041858673,1
fall-02-cam0-rgb,data/keypoints/fall/fall-02-cam0-rgb.npz,43,72,1,42,5,0.5656014,0.20958133041858673,1
fall-02-cam0-rgb,data/keypoints/fall/fall-02-cam0-rgb.npz,44,73,1,42,5,0.656082,0.20958133041858673,1
fall-02-cam0-rgb,data/keypoints/fall/fall-02-cam0-rgb.npz,45,74,1,42,5,0.83899295,0.20958133041858673,1
fall-02-cam0-rgb,data/keypoints/fall/fall-02-cam0-rgb.npz,46,75,1,42,5,0.97876877,0.20958133041858673,1
fall-02-cam0-rgb,data/keypoints/fall/fall-02-cam0-rgb.npz,47,76,1,42,5,0.9911471,0.20958133041858673,1
fall-02-cam0-rgb,data/keypoints/fall/fall-02-cam0-rgb.npz,48,77,1,42,5,0.9950358,0.20958133041858673,1
fall-02-cam0-rgb,data/keypoints/fall/fall-02-cam0-rgb.npz,49,78,1,42,5,0.9987355,0.20958133041858673,1
fall-02-cam0-rgb,data/keypoints/fall/fall-02-cam0-rgb.npz,50,79,1,42,5,0.99952424,0.20958133041858673,1
fall-02-cam0-rgb,data/keypoints/fall/fall-02-cam0-rgb.npz,51,80,1,42,5,0.99983966,0.20958133041858673,1
fall-02-cam0-rgb,data/keypoints/fall/fall-02-cam0-rgb.npz,52,81,1,42,5,0.99996173,0.20958133041858673,1
fall-02-cam0-rgb,data/keypoints/fall/fall-02-cam0-rgb.npz,53,82,1,42,5,0.9999994,0.20958133041858673,1
fall-02-cam0-rgb,data/keypoints/fall/fall-02-cam0-rgb.npz,54,83,1,42,5,0.9999999,0.20958133041858673,1
fall-02-cam0-rgb,data/keypoints/fall/fall-02-cam0-rgb.npz,55,84,1,42,5,1.0,0.20958133041858673,1
fall-02-cam0-rgb,data/keypoints/fall/fall-02-cam0-rgb.npz,56,85,1,42,5,1.0,0.20958133041858673,1
fall-02-cam0-rgb,data/keypoints/fall/fall-02-cam0-rgb.npz,57,86,1,42,5,1.0,0.20958133041858673,1
fall-02-cam0-rgb,data/keypoints/fall/fall-02-cam0-rgb.npz,58,87,1,42,5,1.0,0.20958133041858673,1
fall-02-cam0-rgb,data/keypoints/fall/fall-02-cam0-rgb.npz,59,88,1,42,5,1.0,0.20958133041858673,1
fall-02-cam0-rgb,data/keypoints/fall/fall-02-cam0-rgb.npz,60,89,1,42,5,1.0,0.20958133041858673,1
fall-02-cam0-rgb,data/keypoints/fall/fall-02-cam0-rgb.npz,61,90,1,42,5,1.0,0.20958133041858673,1
fall-02-cam0-rgb,data/keypoints/fall/fall-02-cam0-rgb.npz,62,91,1,42,5,1.0,0.20958133041858673,1
fall-02-cam0-rgb,data/keypoints/fall/fall-02-cam0-rgb.npz,63,92,1,42,5,1.0,0.20958133041858673,1
fall-02-cam0-rgb,data/keypoints/fall/fall-02-cam0-rgb.npz,64,93,1,42,5,1.0,0.20958133041858673,1
fall-02-cam0-rgb,data/keypoints/fall/fall-02-cam0-rgb.npz,65,94,1,42,5,1.0,0.20958133041858673,1
fall-02-cam0-rgb,data/keypoints/fall/fall-02-cam0-rgb.npz,66,95,1,42,5,1.0,0.20958133041858673,1
fall-02-cam0-rgb,data/keypoints/fall/fall-02-cam0-rgb.npz,67,96,1,42,5,1.0,0.20958133041858673,1
fall-02-cam0-rgb,data/keypoints/fall/fall-02-cam0-rgb.npz,68,97,1,42,5,1.0,0.20958133041858673,1
fall-02-cam0-rgb,data/keypoints/fall/fall-02-cam0-rgb.npz,69,98,1,42,5,1.0,0.20958133041858673,1
fall-02-cam0-rgb,data/keypoints/fall/fall-02-cam0-rgb.npz,70,99,1,42,5,1.0,0.20958133041858673,1
fall-02-cam0-rgb,data/keypoints/fall/fall-02-cam0-rgb.npz,71,100,1,42,5,1.0,0.20958133041858673,1
fall-02-cam0-rgb,data/keypoints/fall/fall-02-cam0-rgb.npz,72,101,1,42,5,1.0,0.20958133041858673,1
fall-02-cam0-rgb,data/keypoints/fall/fall-02-cam0-rgb.npz,73,102,1,42,5,1.0,0.20958133041858673,1
fall-02-cam0-rgb,data/keypoints/fall/fall-02-cam0-rgb.npz,74,103,1,42,5,1.0,0.20958133041858673,1
fall-02-cam0-rgb,data/keypoints/fall/fall-02-cam0-rgb.npz,75,104,1,42,5,1.0,0.20958133041858673,1
fall-02-cam0-rgb,data/keypoints/fall/fall-02-cam0-rgb.npz,76,105,1,42,5,0.9999999,0.20958133041858673,1
fall-02-cam0-rgb,data/keypoints/fall/fall-02-cam0-rgb.npz,77,106,1,42,5,0.9999999,0.20958133041858673,1
fall-02-cam0-rgb,data/keypoints/fall/fall-02-cam0-rgb.npz,78,107,1,42,5,0.9999999,0.20958133041858673,1
fall-02-cam0-rgb,data/keypoints/fall/fall-02-cam0-rgb.npz,79,108,1,42,5,0.9999999,0.20958133041858673,1
fall-02-cam0-rgb,data/keypoints/fall/fall-02-cam0-rgb.npz,80,109,1,42,5,0.9999999,0.20958133041858673,1
fall-02-cam0-rgb,data/keypoints/fall/fall-02-cam0-rgb.npz,81,110,1,42,5,0.9999999,0.20958133041858673,1
fall-06-cam0-rgb,data/keypoints/fall/fall-06-cam0-rgb.npz,1,30,0,42,5,9.212267e-05,0.20958133041858673,0
fall-06-cam0-rgb,data/keypoints/fall/fall-06-cam0-rgb.npz,2,31,0,42,5,9.32532e-05,0.20958133041858673,0
fall-06-cam0-rgb,data/keypoints/fall/fall-06-cam0-rgb.npz,3,32,0,42,5,9.456464e-05,0.20958133041858673,0
fall-06-cam0-rgb,data/keypoints/fall/fall-06-cam0-rgb.npz,4,33,0,42,5,9.6336946e-05,0.20958133041858673,0
fall-06-cam0-rgb,data/keypoints/fall/fall-06-cam0-rgb.npz,5,34,0,42,5,9.867085e-05,0.20958133041858673,0
fall-06-cam0-rgb,data/keypoints/fall/fall-06-cam0-rgb.npz,6,35,0,42,5,0.000103538776,0.20958133041858673,0
fall-06-cam0-rgb,data/keypoints/fall/fall-06-cam0-rgb.npz,7,36,0,42,5,0.000106639454,0.20958133041858673,0
fall-06-cam0-rgb,data/keypoints/fall/fall-06-cam0-rgb.npz,8,37,0,42,5,0.00024598834,0.20958133041858673,0
fall-06-cam0-rgb,data/keypoints/fall/fall-06-cam0-rgb.npz,9,38,0,42,5,0.000630448,0.20958133041858673,0
fall-06-cam0-rgb,data/keypoints/fall/fall-06-cam0-rgb.npz,10,39,0,42,5,0.0016282768,0.20958133041858673,0
fall-06-cam0-rgb,data/keypoints/fall/fall-06-cam0-rgb.npz,12,41,1,42,5,0.012152836,0.20958133041858673,0
fall-06-cam0-rgb,data/keypoints/fall/fall-06-cam0-rgb.npz,13,42,1,42,5,0.043551095,0.20958133041858673,0
fall-06-cam0-rgb,data/keypoints/fall/fall-06-cam0-rgb.npz,14,43,1,42,5,0.09760818,0.20958133041858673,0
fall-06-cam0-rgb,data/keypoints/fall/fall-06-cam0-rgb.npz,15,44,1,42,5,0.10938216,0.20958133041858673,0
fall-06-cam0-rgb,data/keypoints/fall/fall-06-cam0-rgb.npz,16,45,1,42,5,0.32335246,0.20958133041858673,1
fall-06-cam0-rgb,data/keypoints/fall/fall-06-cam0-rgb.npz,17,46,1,42,5,0.61833584,0.20958133041858673,1
fall-06-cam0-rgb,data/keypoints/fall/fall-06-cam0-rgb.npz,18,47,1,42,5,0.65079015,0.20958133041858673,1
fall-06-cam0-rgb,data/keypoints/fall/fall-06-cam0-rgb.npz,19,48,1,42,5,0.8263156,0.20958133041858673,1
fall-06-cam0-rgb,data/keypoints/fall/fall-06-cam0-rgb.npz,20,49,1,42,5,0.98200077,0.20958133041858673,1
fall-06-cam0-rgb,data/keypoints/fall/fall-06-cam0-rgb.npz,21,50,1,42,5,0.9922787,0.20958133041858673,1
fall-06-cam0-rgb,data/keypoints/fall/fall-06-cam0-rgb.npz,22,51,1,42,5,0.9935592,0.20958133041858673,1
fall-06-cam0-rgb,data/keypoints/fall/fall-06-cam0-rgb.npz,23,52,1,42,5,0.9982323,0.20958133041858673,1
fall-06-cam0-rgb,data/keypoints/fall/fall-06-cam0-rgb.npz,24,53,1,42,5,0.9995497,0.20958133041858673,1
fall-06-cam0-rgb,data/keypoints/fall/fall-06-cam0-rgb.npz,25,54,1,42,5,0.99988353,0.20958133041858673,1
fall-06-cam0-rgb,data/keypoints/fall/fall-06-cam0-rgb.npz,26,55,1,42,5,0.9999548,0.20958133041858673,1
fall-06-cam0-rgb,data/keypoints/fall/fall-06-cam0-rgb.npz,27,56,1,42,5,0.999984,0.20958133041858673,1
fall-06-cam0-rgb,data/keypoints/fall/fall-06-cam0-rgb.npz,28,57,1,42,5,0.9999956,0.20958133041858673,1
fall-06-cam0-rgb,data/keypoints/fall/fall-06-cam0-rgb.npz,29,58,1,42,5,0.9999988,0.20958133041858673,1
fall-06-cam0-rgb,data/keypoints/fall/fall-06-cam0-rgb.npz,30,59,1,42,5,0.99999976,0.20958133041858673,1
fall-06-cam0-rgb,data/keypoints/fall/fall-06-cam0-rgb.npz,31,60,1,42,5,1.0,0.20958133041858673,1
fall-06-cam0-rgb,data/keypoints/fall/fall-06-cam0-rgb.npz,32,61,1,42,5,1.0,0.20958133041858673,1
fall-06-cam0-rgb,data/keypoints/fall/fall-06-cam0-rgb.npz,33,62,1,42,5,1.0,0.20958133041858673,1
fall-06-cam0-rgb,data/keypoints/fall/fall-06-cam0-rgb.npz,34,63,1,42,5,1.0,0.20958133041858673,1
fall-06-cam0-rgb,data/keypoints/fall/fall-06-cam0-rgb.npz,35,64,1,42,5,1.0,0.20958133041858673,1
fall-06-cam0-rgb,data/keypoints/fall/fall-06-cam0-rgb.npz,36,65,1,42,5,1.0,0.20958133041858673,1
fall-06-cam0-rgb,data/keypoints/fall/fall-06-cam0-rgb.npz,37,66,1,42,5,1.0,0.20958133041858673,1
fall-06-cam0-rgb,data/keypoints/fall/fall-06-cam0-rgb.npz,38,67,1,42,5,1.0,0.20958133041858673,1
fall-06-cam0-rgb,data/keypoints/fall/fall-06-cam0-rgb.npz,39,68,1,42,5,1.0,0.20958133041858673,1
fall-06-cam0-rgb,data/keypoints/fall/fall-06-cam0-rgb.npz,40,69,1,42,5,1.0,0.20958133041858673,1
fall-06-cam0-rgb,data/keypoints/fall/fall-06-cam0-rgb.npz,41,70,1,42,5,1.0,0.20958133041858673,1
fall-06-cam0-rgb,data/keypoints/fall/fall-06-cam0-rgb.npz,42,71,1,42,5,1.0,0.20958133041858673,1
fall-06-cam0-rgb,data/keypoints/fall/fall-06-cam0-rgb.npz,43,72,1,42,5,1.0,0.20958133041858673,1
fall-06-cam0-rgb,data/keypoints/fall/fall-06-cam0-rgb.npz,44,73,1,42,5,1.0,0.20958133041858673,1
fall-06-cam0-rgb,data/keypoints/fall/fall-06-cam0-rgb.npz,45,74,1,42,5,1.0,0.20958133041858673,1
fall-06-cam0-rgb,data/keypoints/fall/fall-06-cam0-rgb.npz,46,75,1,42,5,1.0,0.20958133041858673,1
fall-06-cam0-rgb,data/keypoints/fall/fall-06-cam0-rgb.npz,47,76,1,42,5,1.0,0.20958133041858673,1
fall-06-cam0-rgb,data/keypoints/fall/fall-06-cam0-rgb.npz,48,77,1,42,5,1.0,0.20958133041858673,1
fall-06-cam0-rgb,data/keypoints/fall/fall-06-cam0-rgb.npz,49,78,1,42,5,1.0,0.20958133041858673,1
fall-06-cam0-rgb,data/keypoints/fall/fall-06-cam0-rgb.npz,50,79,1,42,5,1.0,0.20958133041858673,1
fall-06-cam0-rgb,data/keypoints/fall/fall-06-cam0-rgb.npz,51,80,1,42,5,0.9999999,0.20958133041858673,1
fall-06-cam0-rgb,data/keypoints/fall/fall-06-cam0-rgb.npz,52,81,1,42,5,0.9999999,0.20958133041858673,1
fall-06-cam0-rgb,data/keypoints/fall/fall-06-cam0-rgb.npz,53,82,1,42,5,0.9999999,0.20958133041858673,1
fall-06-cam0-rgb,data/keypoints/fall/fall-06-cam0-rgb.npz,54,83,1,42,5,0.9999999,0.20958133041858673,1
fall-06-cam0-rgb,data/keypoints/fall/fall-06-cam0-rgb.npz,55,84,1,42,5,0.9999999,0.20958133041858673,1
fall-06-cam0-rgb,data/keypoints/fall/fall-06-cam0-rgb.npz,56,85,1,42,5,0.9999999,0.20958133041858673,1
fall-06-cam0-rgb,data/keypoints/fall/fall-06-cam0-rgb.npz,57,86,1,42,5,0.9999999,0.20958133041858673,1
fall-06-cam0-rgb,data/keypoints/fall/fall-06-cam0-rgb.npz,58,87,1,42,5,0.99999976,0.20958133041858673,1
fall-06-cam0-rgb,data/keypoints/fall/fall-06-cam0-rgb.npz,59,88,1,42,5,0.99999976,0.20958133041858673,1
fall-06-cam0-rgb,data/keypoints/fall/fall-06-cam0-rgb.npz,60,89,1,42,5,0.99999964,0.20958133041858673,1
fall-06-cam0-rgb,data/keypoints/fall/fall-06-cam0-rgb.npz,61,90,1,42,5,0.99999964,0.20958133041858673,1
fall-06-cam0-rgb,data/keypoints/fall/fall-06-cam0-rgb.npz,62,91,1,42,5,0.9999995,0.20958133041858673,1
fall-06-cam0-rgb,data/keypoints/fall/fall-06-cam0-rgb.npz,63,92,1,42,5,0.9999994,0.20958133041858673,1
fall-06-cam0-rgb,data/keypoints/fall/fall-06-cam0-rgb.npz,64,93,1,42,5,0.99999917,0.20958133041858673,1
fall-06-cam0-rgb,data/keypoints/fall/fall-06-cam0-rgb.npz,65,94,1,42,5,0.9999988,0.20958133041858673,1
fall-06-cam0-rgb,data/keypoints/fall/fall-06-cam0-rgb.npz,66,95,1,42,5,0.99999917,0.20958133041858673,1
fall-06-cam0-rgb,data/keypoints/fall/fall-06-cam0-rgb.npz,67,96,1,42,5,0.9999989,0.20958133041858673,1
fall-06-cam0-rgb,data/keypoints/fall/fall-06-cam0-rgb.npz,68,97,1,42,5,0.9999989,0.20958133041858673,1
fall-06-cam0-rgb,data/keypoints/fall/fall-06-cam0-rgb.npz,69,98,1,42,5,0.99999905,0.20958133041858673,1
fall-06-cam0-rgb,data/keypoints/fall/fall-06-cam0-rgb.npz,70,99,1,42,5,0.99999905,0.20958133041858673,1
fall-06-cam0-rgb,data/keypoints/fall/fall-06-cam0-rgb.npz,71,100,1,42,5,0.99999917,0.20958133041858673,1
fall-08-cam0-rgb,data/keypoints/fall/fall-08-cam0-rgb.npz,1,30,0,42,5,7.29452e-05,0.20958133041858673,0
fall-08-cam0-rgb,data/keypoints/fall/fall-08-cam0-rgb.npz,2,31,0,42,5,7.3860465e-05,0.20958133041858673,0
fall-08-cam0-rgb,data/keypoints/fall/fall-08-cam0-rgb.npz,3,32,0,42,5,7.4830525e-05,0.20958133041858673,0
fall-08-cam0-rgb,data/keypoints/fall/fall-08-cam0-rgb.npz,4,33,0,42,5,7.586106e-05,0.20958133041858673,0
fall-08-cam0-rgb,data/keypoints/fall/fall-08-cam0-rgb.npz,5,34,0,42,5,7.695118e-05,0.20958133041858673,0
fall-08-cam0-rgb,data/keypoints/fall/fall-08-cam0-rgb.npz,6,35,0,42,5,7.812541e-05,0.20958133041858673,0
fall-08-cam0-rgb,data/keypoints/fall/fall-08-cam0-rgb.npz,7,36,0,42,5,7.9357495e-05,0.20958133041858673,0
fall-08-cam0-rgb,data/keypoints/fall/fall-08-cam0-rgb.npz,8,37,0,42,5,8.075428e-05,0.20958133041858673,0
fall-08-cam0-rgb,data/keypoints/fall/fall-08-cam0-rgb.npz,9,38,0,42,5,8.220535e-05,0.20958133041858673,0
fall-08-cam0-rgb,data/keypoints/fall/fall-08-cam0-rgb.npz,10,39,0,42,5,8.377518e-05,0.20958133041858673,0
fall-08-cam0-rgb,data/keypoints/fall/fall-08-cam0-rgb.npz,11,40,0,42,5,8.557827e-05,0.20958133041858673,0
fall-08-cam0-rgb,data/keypoints/fall/fall-08-cam0-rgb.npz,12,41,0,42,5,8.7524284e-05,0.20958133041858673,0
fall-08-cam0-rgb,data/keypoints/fall/fall-08-cam0-rgb.npz,13,42,0,42,5,8.976251e-05,0.20958133041858673,0
fall-08-cam0-rgb,data/keypoints/fall/fall-08-cam0-rgb.npz,14,43,0,42,5,9.2265094e-05,0.20958133041858673,0
fall-08-cam0-rgb,data/keypoints/fall/fall-08-cam0-rgb.npz,15,44,0,42,5,9.5245916e-05,0.20958133041858673,0
fall-08-cam0-rgb,data/keypoints/fall/fall-08-cam0-rgb.npz,16,45,0,42,5,9.8698794e-05,0.20958133041858673,0
fall-08-cam0-rgb,data/keypoints/fall/fall-08-cam0-rgb.npz,17,46,0,42,5,0.00010295632,0.20958133041858673,0
fall-08-cam0-rgb,data/keypoints/fall/fall-08-cam0-rgb.npz,18,47,0,42,5,0.000108294116,0.20958133041858673,0
fall-08-cam0-rgb,data/keypoints/fall/fall-08-cam0-rgb.npz,19,48,0,42,5,0.000115022835,0.20958133041858673,0
fall-08-cam0-rgb,data/keypoints/fall/fall-08-cam0-rgb.npz,20,49,0,42,5,0.00012378818,0.20958133041858673,0
fall-08-cam0-rgb,data/keypoints/fall/fall-08-cam0-rgb.npz,21,50,0,42,5,0.00013606058,0.20958133041858673,0
fall-08-cam0-rgb,data/keypoints/fall/fall-08-cam0-rgb.npz,22,51,0,42,5,0.00015470598,0.20958133041858673,0
fall-08-cam0-rgb,data/keypoints/fall/fall-08-cam0-rgb.npz,23,52,0,42,5,0.00020918724,0.20958133041858673,0
fall-08-cam0-rgb,data/keypoints/fall/fall-08-cam0-rgb.npz,24,53,0,42,5,0.0011490932,0.20958133041858673,0
fall-08-cam0-rgb,data/keypoints/fall/fall-08-cam0-rgb.npz,25,54,0,42,5,0.008945866,0.20958133041858673,0
fall-08-cam0-rgb,data/keypoints/fall/fall-08-cam0-rgb.npz,26,55,0,42,5,0.020873196,0.20958133041858673,0
fall-08-cam0-rgb,data/keypoints/fall/fall-08-cam0-rgb.npz,27,56,0,42,5,0.075787805,0.20958133041858673,0
fall-08-cam0-rgb,data/keypoints/fall/fall-08-cam0-rgb.npz,28,57,0,42,5,0.18240035,0.20958133041858673,0
fall-08-cam0-rgb,data/keypoints/fall/fall-08-cam0-rgb.npz,29,58,0,42,5,0.30281115,0.20958133041858673,1
fall-08-cam0-rgb,data/keypoints/fall/fall-08-cam0-rgb.npz,31,60,1,42,5,0.9103039,0.20958133041858673,1
fall-08-cam0-rgb,data/keypoints/fall/fall-08-cam0-rgb.npz,32,61,1,42,5,0.99483514,0.20958133041858673,1
fall-08-cam0-rgb,data/keypoints/fall/fall-08-cam0-rgb.npz,33,62,1,42,5,0.99984443,0.20958133041858673,1
fall-08-cam0-rgb,data/keypoints/fall/fall-08-cam0-rgb.npz,34,63,1,42,5,0.9999932,0.20958133041858673,1
fall-08-cam0-rgb,data/keypoints/fall/fall-08-cam0-rgb.npz,35,64,1,42,5,0.9999995,0.20958133041858673,1
fall-08-cam0-rgb,data/keypoints/fall/fall-08-cam0-rgb.npz,36,65,1,42,5,0.9999999,0.20958133041858673,1
fall-08-cam0-rgb,data/keypoints/fall/fall-08-cam0-rgb.npz,37,66,1,42,5,0.9999999,0.20958133041858673,1
fall-08-cam0-rgb,data/keypoints/fall/fall-08-cam0-rgb.npz,38,67,1,42,5,1.0,0.20958133041858673,1
fall-08-cam0-rgb,data/keypoints/fall/fall-08-cam0-rgb.npz,39,68,1,42,5,1.0,0.20958133041858673,1
fall-08-cam0-rgb,data/keypoints/fall/fall-08-cam0-rgb.npz,40,69,1,42,5,1.0,0.20958133041858673,1
fall-08-cam0-rgb,data/keypoints/fall/fall-08-cam0-rgb.npz,41,70,1,42,5,1.0,0.20958133041858673,1
fall-08-cam0-rgb,data/keypoints/fall/fall-08-cam0-rgb.npz,42,71,1,42,5,1.0,0.20958133041858673,1
fall-08-cam0-rgb,data/keypoints/fall/fall-08-cam0-rgb.npz,43,72,1,42,5,1.0,0.20958133041858673,1
fall-08-cam0-rgb,data/keypoints/fall/fall-08-cam0-rgb.npz,44,73,1,42,5,1.0,0.20958133041858673,1
fall-08-cam0-rgb,data/keypoints/fall/fall-08-cam0-rgb.npz,45,74,1,42,5,0.9999999,0.20958133041858673,1
fall-08-cam0-rgb,data/keypoints/fall/fall-08-cam0-rgb.npz,46,75,1,42,5,0.9999999,0.20958133041858673,1
fall-08-cam0-rgb,data/keypoints/fall/fall-08-cam0-rgb.npz,47,76,1,42,5,0.9999999,0.20958133041858673,1
fall-08-cam0-rgb,data/keypoints/fall/fall-08-cam0-rgb.npz,48,77,1,42,5,0.9999999,0.20958133041858673,1
fall-08-cam0-rgb,data/keypoints/fall/fall-08-cam0-rgb.npz,49,78,1,42,5,0.9999999,0.20958133041858673,1
fall-08-cam0-rgb,data/keypoints/fall/fall-08-cam0-rgb.npz,50,79,1,42,5,0.9999999,0.20958133041858673,1
fall-08-cam0-rgb,data/keypoints/fall/fall-08-cam0-rgb.npz,51,80,1,42,5,0.9999999,0.20958133041858673,1
fall-08-cam0-rgb,data/keypoints/fall/fall-08-cam0-rgb.npz,52,81,1,42,5,0.9999999,0.20958133041858673,1
fall-08-cam0-rgb,data/keypoints/fall/fall-08-cam0-rgb.npz,53,82,1,42,5,0.9999999,0.20958133041858673,1
fall-08-cam0-rgb,data/keypoints/fall/fall-08-cam0-rgb.npz,54,83,1,42,5,0.9999999,0.20958133041858673,1
fall-08-cam0-rgb,data/keypoints/fall/fall-08-cam0-rgb.npz,55,84,1,42,5,0.9999999,0.20958133041858673,1
fall-08-cam0-rgb,data/keypoints/fall/fall-08-cam0-rgb.npz,56,85,1,42,5,0.9999999,0.20958133041858673,1
fall-08-cam0-rgb,data/keypoints/fall/fall-08-cam0-rgb.npz,57,86,1,42,5,0.9999999,0.20958133041858673,1
fall-08-cam0-rgb,data/keypoints/fall/fall-08-cam0-rgb.npz,58,87,1,42,5,0.9999999,0.20958133041858673,1
fall-08-cam0-rgb,data/keypoints/fall/fall-08-cam0-rgb.npz,59,88,1,42,5,0.9999999,0.20958133041858673,1
fall-08-cam0-rgb,data/keypoints/fall/fall-08-cam0-rgb.npz,60,89,1,42,5,0.9999999,0.20958133041858673,1
fall-08-cam0-rgb,data/keypoints/fall/fall-08-cam0-rgb.npz,61,90,1,42,5,0.9999999,0.20958133041858673,1
fall-08-cam0-rgb,data/keypoints/fall/fall-08-cam0-rgb.npz,62,91,1,42,5,0.9999999,0.20958133041858673,1
fall-15-cam0-rgb,data/keypoints/fall/fall-15-cam0-rgb.npz,1,30,0,42,5,7.406607e-05,0.20958133041858673,0
fall-15-cam0-rgb,data/keypoints/fall/fall-15-cam0-rgb.npz,2,31,0,42,5,7.4205054e-05,0.20958133041858673,0
fall-15-cam0-rgb,data/keypoints/fall/fall-15-cam0-rgb.npz,3,32,0,42,5,7.421637e-05,0.20958133041858673,0
fall-15-cam0-rgb,data/keypoints/fall/fall-15-cam0-rgb.npz,4,33,0,42,5,7.424157e-05,0.20958133041858673,0
fall-15-cam0-rgb,data/keypoints/fall/fall-15-cam0-rgb.npz,5,34,0,42,5,7.414522e-05,0.20958133041858673,0
fall-15-cam0-rgb,data/keypoints/fall/fall-15-cam0-rgb.npz,6,35,0,42,5,7.39767e-05,0.20958133041858673,0
fall-15-cam0-rgb,data/keypoints/fall/fall-15-cam0-rgb.npz,7,36,0,42,5,7.3695e-05,0.20958133041858673,0
fall-15-cam0-rgb,data/keypoints/fall/fall-15-cam0-rgb.npz,8,37,0,42,5,7.3657124e-05,0.20958133041858673,0
fall-15-cam0-rgb,data/keypoints/fall/fall-15-cam0-rgb.npz,9,38,0,42,5,7.35064e-05,0.20958133041858673,0
fall-15-cam0-rgb,data/keypoints/fall/fall-15-cam0-rgb.npz,10,39,0,42,5,7.327391e-05,0.20958133041858673,0
fall-15-cam0-rgb,data/keypoints/fall/fall-15-cam0-rgb.npz,11,40,0,42,5,7.345231e-05,0.20958133041858673,0
fall-15-cam0-rgb,data/keypoints/fall/fall-15-cam0-rgb.npz,12,41,0,42,5,7.3909716e-05,0.20958133041858673,0
fall-15-cam0-rgb,data/keypoints/fall/fall-15-cam0-rgb.npz,13,42,0,42,5,7.505328e-05,0.20958133041858673,0
fall-15-cam0-rgb,data/keypoints/fall/fall-15-cam0-rgb.npz,14,43,0,42,5,7.6622695e-05,0.20958133041858673,0
fall-15-cam0-rgb,data/keypoints/fall/fall-15-cam0-rgb.npz,15,44,0,42,5,7.825082e-05,0.20958133041858673,0
fall-15-cam0-rgb,data/keypoints/fall/fall-15-cam0-rgb.npz,16,45,0,42,5,7.9942874e-05,0.20958133041858673,0
fall-15-cam0-rgb,data/keypoints/fall/fall-15-cam0-rgb.npz,17,46,0,42,5,8.263779e-05,0.20958133041858673,0
fall-15-cam0-rgb,data/keypoints/fall/fall-15-cam0-rgb.npz,18,47,0,42,5,0.00014539863,0.20958133041858673,0
fall-15-cam0-rgb,data/keypoints/fall/fall-15-cam0-rgb.npz,19,48,0,42,5,0.00032755433,0.20958133041858673,0
fall-15-cam0-rgb,data/keypoints/fall/fall-15-cam0-rgb.npz,20,49,0,42,5,0.0006537657,0.20958133041858673,0
fall-15-cam0-rgb,data/keypoints/fall/fall-15-cam0-rgb.npz,21,50,0,42,5,0.0016770301,0.20958133041858673,0
fall-15-cam0-rgb,data/keypoints/fall/fall-15-cam0-rgb.npz,22,51,0,42,5,0.0060655284,0.20958133041858673,0
fall-15-cam0-rgb,data/keypoints/fall/fall-15-cam0-rgb.npz,23,52,0,42,5,0.00868641,0.20958133041858673,0
fall-15-cam0-rgb,data/keypoints/fall/fall-15-cam0-rgb.npz,24,53,0,42,5,0.024691414,0.20958133041858673,0
fall-15-cam0-rgb,data/keypoints/fall/fall-15-cam0-rgb.npz,25,54,0,42,5,0.081597604,0.20958133041858673,0
fall-15-cam0-rgb,data/keypoints/fall/fall-15-cam0-rgb.npz,26,55,0,42,5,0.09621718,0.20958133041858673,0
fall-15-cam0-rgb,data/keypoints/fall/fall-15-cam0-rgb.npz,27,56,0,42,5,0.54688215,0.20958133041858673,1
fall-15-cam0-rgb,data/keypoints/fall/fall-15-cam0-rgb.npz,29,58,1,42,5,0.976724,0.20958133041858673,1
fall-15-cam0-rgb,data/keypoints/fall/fall-15-cam0-rgb.npz,30,59,1,42,5,0.9899941,0.20958133041858673,1
fall-15-cam0-rgb,data/keypoints/fall/fall-15-cam0-rgb.npz,31,60,1,42,5,0.99420965,0.20958133041858673,1
fall-15-cam0-rgb,data/keypoints/fall/fall-15-cam0-rgb.npz,32,61,1,42,5,0.9996903,0.20958133041858673,1
fall-15-cam0-rgb,data/keypoints/fall/fall-15-cam0-rgb.npz,33,62,1,42,5,0.9998745,0.20958133041858673,1
fall-15-cam0-rgb,data/keypoints/fall/fall-15-cam0-rgb.npz,34,63,1,42,5,0.999949,0.20958133041858673,1
fall-15-cam0-rgb,data/keypoints/fall/fall-15-cam0-rgb.npz,35,64,1,42,5,0.9999831,0.20958133041858673,1
fall-15-cam0-rgb,data/keypoints/fall/fall-15-cam0-rgb.npz,36,65,1,42,5,0.9999893,0.20958133041858673,1
fall-15-cam0-rgb,data/keypoints/fall/fall-15-cam0-rgb.npz,37,66,1,42,5,0.9999999,0.20958133041858673,1
fall-15-cam0-rgb,data/keypoints/fall/fall-15-cam0-rgb.npz,38,67,1,42,5,0.9999999,0.20958133041858673,1
fall-15-cam0-rgb,data/keypoints/fall/fall-15-cam0-rgb.npz,39,68,1,42,5,1.0,0.20958133041858673,1
fall-15-cam0-rgb,data/keypoints/fall/fall-15-cam0-rgb.npz,40,69,1,42,5,1.0,0.20958133041858673,1
fall-15-cam0-rgb,data/keypoints/fall/fall-15-cam0-rgb.npz,41,70,1,42,5,1.0,0.20958133041858673,1
fall-15-cam0-rgb,data/keypoints/fall/fall-15-cam0-rgb.npz,42,71,1,42,5,0.9999999,0.20958133041858673,1
fall-26-cam0-rgb,data/keypoints/fall/fall-26-cam0-rgb.npz,1,30,0,42,5,0.00014035935,0.20958133041858673,0
fall-26-cam0-rgb,data/keypoints/fall/fall-26-cam0-rgb.npz,2,31,0,42,5,0.0001475091,0.20958133041858673,0
fall-26-cam0-rgb,data/keypoints/fall/fall-26-cam0-rgb.npz,3,32,0,42,5,0.00015624479,0.20958133041858673,0
fall-26-cam0-rgb,data/keypoints/fall/fall-26-cam0-rgb.npz,4,33,0,42,5,0.00016798575,0.20958133041858673,0
fall-26-cam0-rgb,data/keypoints/fall/fall-26-cam0-rgb.npz,5,34,0,42,5,0.00018317942,0.20958133041858673,0
fall-26-cam0-rgb,data/keypoints/fall/fall-26-cam0-rgb.npz,6,35,0,42,5,0.00021018728,0.20958133041858673,0
fall-26-cam0-rgb,data/keypoints/fall/fall-26-cam0-rgb.npz,7,36,0,42,5,0.0002542819,0.20958133041858673,0
fall-26-cam0-rgb,data/keypoints/fall/fall-26-cam0-rgb.npz,8,37,0,42,5,0.001958078,0.20958133041858673,0
fall-26-cam0-rgb,data/keypoints/fall/fall-26-cam0-rgb.npz,9,38,0,42,5,0.0064175744,0.20958133041858673,0
fall-26-cam0-rgb,data/keypoints/fall/fall-26-cam0-rgb.npz,10,39,0,42,5,0.021578727,0.20958133041858673,0
fall-26-cam0-rgb,data/keypoints/fall/fall-26-cam0-rgb.npz,11,40,0,42,5,0.0610533,0.20958133041858673,0
fall-26-cam0-rgb,data/keypoints/fall/fall-26-cam0-rgb.npz,12,41,0,42,5,0.16488706,0.20958133041858673,0
fall-26-cam0-rgb,data/keypoints/fall/fall-26-cam0-rgb.npz,14,43,1,42,5,0.7511852,0.20958133041858673,1
fall-26-cam0-rgb,data/keypoints/fall/fall-26-cam0-rgb.npz,15,44,1,42,5,0.9283438,0.20958133041858673,1
fall-26-cam0-rgb,data/keypoints/fall/fall-26-cam0-rgb.npz,16,45,1,42,5,0.98890495,0.20958133041858673,1
fall-26-cam0-rgb,data/keypoints/fall/fall-26-cam0-rgb.npz,17,46,1,42,5,0.9989366,0.20958133041858673,1
fall-26-cam0-rgb,data/keypoints/fall/fall-26-cam0-rgb.npz,18,47,1,42,5,0.9999106,0.20958133041858673,1
fall-26-cam0-rgb,data/keypoints/fall/fall-26-cam0-rgb.npz,19,48,1,42,5,0.9999968,0.20958133041858673,1
fall-26-cam0-rgb,data/keypoints/fall/fall-26-cam0-rgb.npz,20,49,1,42,5,0.9999999,0.20958133041858673,1
fall-26-cam0-rgb,data/keypoints/fall/fall-26-cam0-rgb.npz,21,50,1,42,5,0.9999999,0.20958133041858673,1
fall-26-cam0-rgb,data/keypoints/fall/fall-26-cam0-rgb.npz,22,51,1,42,5,0.9999999,0.20958133041858673,1
fall-26-cam0-rgb,data/keypoints/fall/fall-26-cam0-rgb.npz,23,52,1,42,5,0.9999999,0.20958133041858673,1
fall-26-cam0-rgb,data/keypoints/fall/fall-26-cam0-rgb.npz,24,53,1,42,5,1.0,0.20958133041858673,1
fall-26-cam0-rgb,data/keypoints/fall/fall-26-cam0-rgb.npz,25,54,1,42,5,1.0,0.20958133041858673,1
fall-26-cam0-rgb,data/keypoints/fall/fall-26-cam0-rgb.npz,26,55,1,42,5,1.0,0.20958133041858673,1
fall-26-cam0-rgb,data/keypoints/fall/fall-26-cam0-rgb.npz,27,56,1,42,5,1.0,0.20958133041858673,1
fall-26-cam0-rgb,data/keypoints/fall/fall-26-cam0-rgb.npz,28,57,1,42,5,1.0,0.20958133041858673,1
fall-26-cam0-rgb,data/keypoints/fall/fall-26-cam0-rgb.npz,29,58,1,42,5,1.0,0.20958133041858673,1
fall-26-cam0-rgb,data/keypoints/fall/fall-26-cam0-rgb.npz,30,59,1,42,5,1.0,0.20958133041858673,1
fall-26-cam0-rgb,data/keypoints/fall/fall-26-cam0-rgb.npz,31,60,1,42,5,1.0,0.20958133041858673,1
fall-26-cam0-rgb,data/keypoints/fall/fall-26-cam0-rgb.npz,32,61,1,42,5,1.0,0.20958133041858673,1
