video_id,source_file,start_frame,end_frame,label,y_true,y_pred,fall_probability
adl-05-cam0-rgb,data/keypoints_normalized/adl/adl-05-cam0-rgb.npz,1,30,0,0,0,0.00010320934
adl-05-cam0-rgb,data/keypoints_normalized/adl/adl-05-cam0-rgb.npz,2,31,0,0,0,0.000103234044
adl-05-cam0-rgb,data/keypoints_normalized/adl/adl-05-cam0-rgb.npz,3,32,0,0,0,0.00010314145
adl-05-cam0-rgb,data/keypoints_normalized/adl/adl-05-cam0-rgb.npz,4,33,0,0,0,0.00010308678
adl-05-cam0-rgb,data/keypoints_normalized/adl/adl-05-cam0-rgb.npz,5,34,0,0,0,0.00010336447
adl-05-cam0-rgb,data/keypoints_normalized/adl/adl-05-cam0-rgb.npz,6,35,0,0,0,0.00010335855
adl-05-cam0-rgb,data/keypoints_normalized/adl/adl-05-cam0-rgb.npz,7,36,0,0,0,0.00010315917
adl-05-cam0-rgb,data/keypoints_normalized/adl/adl-05-cam0-rgb.npz,8,37,0,0,0,0.00010274928
adl-05-cam0-rgb,data/keypoints_normalized/adl/adl-05-cam0-rgb.npz,9,38,0,0,0,0.00010255234
adl-05-cam0-rgb,data/keypoints_normalized/adl/adl-05-cam0-rgb.npz,10,39,0,0,0,0.000101982136
adl-05-cam0-rgb,data/keypoints_normalized/adl/adl-05-cam0-rgb.npz,11,40,0,0,0,0.00010199157
adl-05-cam0-rgb,data/keypoints_normalized/adl/adl-05-cam0-rgb.npz,12,41,0,0,0,0.000102131526
adl-05-cam0-rgb,data/keypoints_normalized/adl/adl-05-cam0-rgb.npz,13,42,0,0,0,0.00010233995
adl-05-cam0-rgb,data/keypoints_normalized/adl/adl-05-cam0-rgb.npz,14,43,0,0,0,0.00010221132
adl-05-cam0-rgb,data/keypoints_normalized/adl/adl-05-cam0-rgb.npz,15,44,0,0,0,0.00010270235
adl-05-cam0-rgb,data/keypoints_normalized/adl/adl-05-cam0-rgb.npz,16,45,0,0,0,0.00010296388
adl-05-cam0-rgb,data/keypoints_normalized/adl/adl-05-cam0-rgb.npz,17,46,0,0,0,0.00010328201
adl-05-cam0-rgb,data/keypoints_normalized/adl/adl-05-cam0-rgb.npz,18,47,0,0,0,0.00010302999
adl-05-cam0-rgb,data/keypoints_normalized/adl/adl-05-cam0-rgb.npz,19,48,0,0,0,0.000102976344
adl-05-cam0-rgb,data/keypoints_normalized/adl/adl-05-cam0-rgb.npz,20,49,0,0,0,0.00010325669
adl-05-cam0-rgb,data/keypoints_normalized/adl/adl-05-cam0-rgb.npz,21,50,0,0,0,0.000103329876
adl-05-cam0-rgb,data/keypoints_normalized/adl/adl-05-cam0-rgb.npz,22,51,0,0,0,0.000102716556
adl-05-cam0-rgb,data/keypoints_normalized/adl/adl-05-cam0-rgb.npz,23,52,0,0,0,0.00010163245
adl-05-cam0-rgb,data/keypoints_normalized/adl/adl-05-cam0-rgb.npz,24,53,0,0,0,0.000100697966
adl-05-cam0-rgb,data/keypoints_normalized/adl/adl-05-cam0-rgb.npz,25,54,0,0,0,9.977855e-05
adl-05-cam0-rgb,data/keypoints_normalized/adl/adl-05-cam0-rgb.npz,26,55,0,0,0,9.90418e-05
adl-05-cam0-rgb,data/keypoints_normalized/adl/adl-05-cam0-rgb.npz,27,56,0,0,0,9.813384e-05
adl-05-cam0-rgb,data/keypoints_normalized/adl/adl-05-cam0-rgb.npz,28,57,0,0,0,9.7515556e-05
adl-05-cam0-rgb,data/keypoints_normalized/adl/adl-05-cam0-rgb.npz,29,58,0,0,0,9.672531e-05
adl-05-cam0-rgb,data/keypoints_normalized/adl/adl-05-cam0-rgb.npz,30,59,0,0,0,9.577553e-05
adl-05-cam0-rgb,data/keypoints_normalized/adl/adl-05-cam0-rgb.npz,31,60,0,0,0,9.512339e-05
adl-05-cam0-rgb,data/keypoints_normalized/adl/adl-05-cam0-rgb.npz,32,61,0,0,0,9.4949384e-05
adl-05-cam0-rgb,data/keypoints_normalized/adl/adl-05-cam0-rgb.npz,33,62,0,0,0,9.428326e-05
adl-05-cam0-rgb,data/keypoints_normalized/adl/adl-05-cam0-rgb.npz,34,63,0,0,0,9.4411735e-05
adl-05-cam0-rgb,data/keypoints_normalized/adl/adl-05-cam0-rgb.npz,35,64,0,0,0,9.3906594e-05
adl-05-cam0-rgb,data/keypoints_normalized/adl/adl-05-cam0-rgb.npz,36,65,0,0,0,9.40358e-05
adl-05-cam0-rgb,data/keypoints_normalized/adl/adl-05-cam0-rgb.npz,37,66,0,0,0,9.404728e-05
adl-05-cam0-rgb,data/keypoints_normalized/adl/adl-05-cam0-rgb.npz,38,67,0,0,0,9.459801e-05
adl-05-cam0-rgb,data/keypoints_normalized/adl/adl-05-cam0-rgb.npz,39,68,0,0,0,9.505966e-05
adl-05-cam0-rgb,data/keypoints_normalized/adl/adl-05-cam0-rgb.npz,40,69,0,0,0,9.5116215e-05
adl-05-cam0-rgb,data/keypoints_normalized/adl/adl-05-cam0-rgb.npz,41,70,0,0,0,9.516976e-05
adl-05-cam0-rgb,data/keypoints_normalized/adl/adl-05-cam0-rgb.npz,42,71,0,0,0,9.564858e-05
adl-05-cam0-rgb,data/keypoints_normalized/adl/adl-05-cam0-rgb.npz,43,72,0,0,0,9.6507676e-05
adl-05-cam0-rgb,data/keypoints_normalized/adl/adl-05-cam0-rgb.npz,44,73,0,0,0,9.728475e-05
adl-05-cam0-rgb,data/keypoints_normalized/adl/adl-05-cam0-rgb.npz,45,74,0,0,0,9.8274315e-05
adl-05-cam0-rgb,data/keypoints_normalized/adl/adl-05-cam0-rgb.npz,46,75,0,0,0,9.920703e-05
adl-05-cam0-rgb,data/keypoints_normalized/adl/adl-05-cam0-rgb.npz,47,76,0,0,0,9.98703e-05
adl-05-cam0-rgb,data/keypoints_normalized/adl/adl-05-cam0-rgb.npz,48,77,0,0,0,0.000101123966
adl-05-cam0-rgb,data/keypoints_normalized/adl/adl-05-cam0-rgb.npz,49,78,0,0,0,0.00010211672
adl-05-cam0-rgb,data/keypoints_normalized/adl/adl-05-cam0-rgb.npz,50,79,0,0,0,0.00010322381
adl-05-cam0-rgb,data/keypoints_normalized/adl/adl-05-cam0-rgb.npz,51,80,0,0,0,0.00010483497
adl-05-cam0-rgb,data/keypoints_normalized/adl/adl-05-cam0-rgb.npz,52,81,0,0,0,0.00010604624
adl-05-cam0-rgb,data/keypoints_normalized/adl/adl-05-cam0-rgb.npz,53,82,0,0,0,0.00010769222
adl-05-cam0-rgb,data/keypoints_normalized/adl/adl-05-cam0-rgb.npz,54,83,0,0,0,0.000109039785
adl-05-cam0-rgb,data/keypoints_normalized/adl/adl-05-cam0-rgb.npz,55,84,0,0,0,0.000110905
adl-05-cam0-rgb,data/keypoints_normalized/adl/adl-05-cam0-rgb.npz,56,85,0,0,0,0.000112309586
adl-05-cam0-rgb,data/keypoints_normalized/adl/adl-05-cam0-rgb.npz,57,86,0,0,0,0.00011321992
adl-05-cam0-rgb,data/keypoints_normalized/adl/adl-05-cam0-rgb.npz,58,87,0,0,0,0.000114702365
adl-05-cam0-rgb,data/keypoints_normalized/adl/adl-05-cam0-rgb.npz,59,88,0,0,0,0.00011525076
adl-05-cam0-rgb,data/keypoints_normalized/adl/adl-05-cam0-rgb.npz,60,89,0,0,0,0.000116242445
adl-05-cam0-rgb,data/keypoints_normalized/adl/adl-05-cam0-rgb.npz,61,90,0,0,0,0.00011771203
adl-05-cam0-rgb,data/keypoints_normalized/adl/adl-05-cam0-rgb.npz,62,91,0,0,0,0.00011921168
adl-05-cam0-rgb,data/keypoints_normalized/adl/adl-05-cam0-rgb.npz,63,92,0,0,0,0.000120079334
adl-05-cam0-rgb,data/keypoints_normalized/adl/adl-05-cam0-rgb.npz,64,93,0,0,0,0.00012050523
adl-05-cam0-rgb,data/keypoints_normalized/adl/adl-05-cam0-rgb.npz,65,94,0,0,0,0.00012000297
adl-05-cam0-rgb,data/keypoints_normalized/adl/adl-05-cam0-rgb.npz,66,95,0,0,0,0.00011892669
adl-05-cam0-rgb,data/keypoints_normalized/adl/adl-05-cam0-rgb.npz,67,96,0,0,0,0.00011748238
adl-05-cam0-rgb,data/keypoints_normalized/adl/adl-05-cam0-rgb.npz,68,97,0,0,0,0.00011546273
adl-05-cam0-rgb,data/keypoints_normalized/adl/adl-05-cam0-rgb.npz,69,98,0,0,0,0.00011421699
adl-05-cam0-rgb,data/keypoints_normalized/adl/adl-05-cam0-rgb.npz,70,99,0,0,0,0.00011280825
adl-05-cam0-rgb,data/keypoints_normalized/adl/adl-05-cam0-rgb.npz,71,100,0,0,0,0.0001123732
adl-05-cam0-rgb,data/keypoints_normalized/adl/adl-05-cam0-rgb.npz,72,101,0,0,0,0.0001126556
adl-05-cam0-rgb,data/keypoints_normalized/adl/adl-05-cam0-rgb.npz,73,102,0,0,0,0.00011518145
adl-05-cam0-rgb,data/keypoints_normalized/adl/adl-05-cam0-rgb.npz,74,103,0,0,0,0.00011900724
adl-05-cam0-rgb,data/keypoints_normalized/adl/adl-05-cam0-rgb.npz,75,104,0,0,0,0.00012535305
adl-05-cam0-rgb,data/keypoints_normalized/adl/adl-05-cam0-rgb.npz,76,105,0,0,0,0.00027405878
adl-05-cam0-rgb,data/keypoints_normalized/adl/adl-05-cam0-rgb.npz,77,106,0,0,0,0.000424771
adl-05-cam0-rgb,data/keypoints_normalized/adl/adl-05-cam0-rgb.npz,78,107,0,0,0,0.0007914954
adl-05-cam0-rgb,data/keypoints_normalized/adl/adl-05-cam0-rgb.npz,79,108,0,0,0,0.0018811973
adl-05-cam0-rgb,data/keypoints_normalized/adl/adl-05-cam0-rgb.npz,80,109,0,0,0,0.006060557
adl-05-cam0-rgb,data/keypoints_normalized/adl/adl-05-cam0-rgb.npz,81,110,0,0,0,0.02718127
adl-05-cam0-rgb,data/keypoints_normalized/adl/adl-05-cam0-rgb.npz,82,111,0,0,0,0.14458744
adl-05-cam0-rgb,data/keypoints_normalized/adl/adl-05-cam0-rgb.npz,83,112,0,0,1,0.5317252
adl-05-cam0-rgb,data/keypoints_normalized/adl/adl-05-cam0-rgb.npz,84,113,0,0,1,0.87673163
adl-05-cam0-rgb,data/keypoints_normalized/adl/adl-05-cam0-rgb.npz,85,114,0,0,1,0.99586606
adl-05-cam0-rgb,data/keypoints_normalized/adl/adl-05-cam0-rgb.npz,86,115,0,0,1,0.99870265
adl-05-cam0-rgb,data/keypoints_normalized/adl/adl-05-cam0-rgb.npz,87,116,0,0,1,0.99950755
adl-05-cam0-rgb,data/keypoints_normalized/adl/adl-05-cam0-rgb.npz,88,117,0,0,1,0.9997745
adl-05-cam0-rgb,data/keypoints_normalized/adl/adl-05-cam0-rgb.npz,89,118,0,0,1,0.9998778
adl-05-cam0-rgb,data/keypoints_normalized/adl/adl-05-cam0-rgb.npz,90,119,0,0,1,0.99992406
adl-05-cam0-rgb,data/keypoints_normalized/adl/adl-05-cam0-rgb.npz,91,120,0,0,1,0.9999471
adl-05-cam0-rgb,data/keypoints_normalized/adl/adl-05-cam0-rgb.npz,92,121,0,0,1,0.9999596
adl-05-cam0-rgb,data/keypoints_normalized/adl/adl-05-cam0-rgb.npz,93,122,0,0,1,0.99996686
adl-05-cam0-rgb,data/keypoints_normalized/adl/adl-05-cam0-rgb.npz,94,123,0,0,1,0.99997175
adl-05-cam0-rgb,data/keypoints_normalized/adl/adl-05-cam0-rgb.npz,95,124,0,0,1,0.9999752
adl-05-cam0-rgb,data/keypoints_normalized/adl/adl-05-cam0-rgb.npz,96,125,0,0,1,0.99997735
adl-05-cam0-rgb,data/keypoints_normalized/adl/adl-05-cam0-rgb.npz,97,126,0,0,1,0.9999789
adl-05-cam0-rgb,data/keypoints_normalized/adl/adl-05-cam0-rgb.npz,98,127,0,0,1,0.99997973
adl-05-cam0-rgb,data/keypoints_normalized/adl/adl-05-cam0-rgb.npz,99,128,0,0,1,0.9999801
adl-05-cam0-rgb,data/keypoints_normalized/adl/adl-05-cam0-rgb.npz,100,129,0,0,1,0.99998033
adl-05-cam0-rgb,data/keypoints_normalized/adl/adl-05-cam0-rgb.npz,101,130,0,0,1,0.99998057
adl-05-cam0-rgb,data/keypoints_normalized/adl/adl-05-cam0-rgb.npz,102,131,0,0,1,0.9999807
adl-05-cam0-rgb,data/keypoints_normalized/adl/adl-05-cam0-rgb.npz,103,132,0,0,1,0.9999807
adl-05-cam0-rgb,data/keypoints_normalized/adl/adl-05-cam0-rgb.npz,104,133,0,0,1,0.9999807
adl-05-cam0-rgb,data/keypoints_normalized/adl/adl-05-cam0-rgb.npz,105,134,0,0,1,0.9999807
adl-05-cam0-rgb,data/keypoints_normalized/adl/adl-05-cam0-rgb.npz,106,135,0,0,1,0.9999808
adl-05-cam0-rgb,data/keypoints_normalized/adl/adl-05-cam0-rgb.npz,107,136,0,0,1,0.9999808
adl-05-cam0-rgb,data/keypoints_normalized/adl/adl-05-cam0-rgb.npz,108,137,0,0,1,0.9999808
adl-05-cam0-rgb,data/keypoints_normalized/adl/adl-05-cam0-rgb.npz,109,138,0,0,1,0.9999808
adl-05-cam0-rgb,data/keypoints_normalized/adl/adl-05-cam0-rgb.npz,110,139,0,0,1,0.9999808
adl-05-cam0-rgb,data/keypoints_normalized/adl/adl-05-cam0-rgb.npz,111,140,0,0,1,0.9999808
adl-05-cam0-rgb,data/keypoints_normalized/adl/adl-05-cam0-rgb.npz,112,141,0,0,1,0.9999808
adl-05-cam0-rgb,data/keypoints_normalized/adl/adl-05-cam0-rgb.npz,113,142,0,0,1,0.9999808
adl-05-cam0-rgb,data/keypoints_normalized/adl/adl-05-cam0-rgb.npz,114,143,0,0,1,0.9999808
adl-05-cam0-rgb,data/keypoints_normalized/adl/adl-05-cam0-rgb.npz,115,144,0,0,1,0.9999808
adl-05-cam0-rgb,data/keypoints_normalized/adl/adl-05-cam0-rgb.npz,116,145,0,0,1,0.9999808
adl-05-cam0-rgb,data/keypoints_normalized/adl/adl-05-cam0-rgb.npz,117,146,0,0,1,0.9999808
adl-05-cam0-rgb,data/keypoints_normalized/adl/adl-05-cam0-rgb.npz,118,147,0,0,1,0.9999808
adl-05-cam0-rgb,data/keypoints_normalized/adl/adl-05-cam0-rgb.npz,119,148,0,0,1,0.9999808
adl-05-cam0-rgb,data/keypoints_normalized/adl/adl-05-cam0-rgb.npz,120,149,0,0,1,0.9999808
adl-05-cam0-rgb,data/keypoints_normalized/adl/adl-05-cam0-rgb.npz,121,150,0,0,1,0.9999808
adl-05-cam0-rgb,data/keypoints_normalized/adl/adl-05-cam0-rgb.npz,122,151,0,0,1,0.9999808
adl-05-cam0-rgb,data/keypoints_normalized/adl/adl-05-cam0-rgb.npz,123,152,0,0,1,0.9999808
adl-05-cam0-rgb,data/keypoints_normalized/adl/adl-05-cam0-rgb.npz,124,153,0,0,1,0.9999809
adl-05-cam0-rgb,data/keypoints_normalized/adl/adl-05-cam0-rgb.npz,125,154,0,0,1,0.9999809
adl-05-cam0-rgb,data/keypoints_normalized/adl/adl-05-cam0-rgb.npz,126,155,0,0,1,0.9999809
adl-05-cam0-rgb,data/keypoints_normalized/adl/adl-05-cam0-rgb.npz,127,156,0,0,1,0.9999809
adl-05-cam0-rgb,data/keypoints_normalized/adl/adl-05-cam0-rgb.npz,128,157,0,0,1,0.9999808
adl-05-cam0-rgb,data/keypoints_normalized/adl/adl-05-cam0-rgb.npz,129,158,0,0,1,0.9999808
adl-05-cam0-rgb,data/keypoints_normalized/adl/adl-05-cam0-rgb.npz,130,159,0,0,1,0.9999807
adl-05-cam0-rgb,data/keypoints_normalized/adl/adl-05-cam0-rgb.npz,131,160,0,0,1,0.99998045
adl-05-cam0-rgb,data/keypoints_normalized/adl/adl-05-cam0-rgb.npz,132,161,0,0,1,0.9999802
adl-05-cam0-rgb,data/keypoints_normalized/adl/adl-05-cam0-rgb.npz,133,162,0,0,1,0.99997914
adl-05-cam0-rgb,data/keypoints_normalized/adl/adl-05-cam0-rgb.npz,134,163,0,0,1,0.99997544
adl-05-cam0-rgb,data/keypoints_normalized/adl/adl-05-cam0-rgb.npz,135,164,0,0,1,0.99996316
adl-05-cam0-rgb,data/keypoints_normalized/adl/adl-05-cam0-rgb.npz,136,165,0,0,1,0.99990964
adl-05-cam0-rgb,data/keypoints_normalized/adl/adl-05-cam0-rgb.npz,137,166,0,0,1,0.99770015
adl-05-cam0-rgb,data/keypoints_normalized/adl/adl-05-cam0-rgb.npz,138,167,0,0,0,0.00069599523
adl-05-cam0-rgb,data/keypoints_normalized/adl/adl-05-cam0-rgb.npz,139,168,0,0,0,0.00027365776
adl-05-cam0-rgb,data/keypoints_normalized/adl/adl-05-cam0-rgb.npz,140,169,0,0,0,0.00017170214
adl-05-cam0-rgb,data/keypoints_normalized/adl/adl-05-cam0-rgb.npz,141,170,0,0,0,0.00012861936
adl-05-cam0-rgb,data/keypoints_normalized/adl/adl-05-cam0-rgb.npz,142,171,0,0,0,0.00010392088
adl-05-cam0-rgb,data/keypoints_normalized/adl/adl-05-cam0-rgb.npz,143,172,0,0,0,9.178928e-05
adl-05-cam0-rgb,data/keypoints_normalized/adl/adl-05-cam0-rgb.npz,144,173,0,0,0,8.510902e-05
adl-05-cam0-rgb,data/keypoints_normalized/adl/adl-05-cam0-rgb.npz,145,174,0,0,0,8.178461e-05
adl-05-cam0-rgb,data/keypoints_normalized/adl/adl-05-cam0-rgb.npz,146,175,0,0,0,7.971792e-05
adl-05-cam0-rgb,data/keypoints_normalized/adl/adl-05-cam0-rgb.npz,147,176,0,0,0,7.851647e-05
adl-05-cam0-rgb,data/keypoints_normalized/adl/adl-05-cam0-rgb.npz,148,177,0,0,0,7.724851e-05
adl-05-cam0-rgb,data/keypoints_normalized/adl/adl-05-cam0-rgb.npz,149,178,0,0,0,7.684712e-05
adl-05-cam0-rgb,data/keypoints_normalized/adl/adl-05-cam0-rgb.npz,150,179,0,0,0,7.6975324e-05
adl-05-cam0-rgb,data/keypoints_normalized/adl/adl-05-cam0-rgb.npz,151,180,0,0,0,7.695493e-05
adl-07-cam0-rgb,data/keypoints_normalized/adl/adl-07-cam0-rgb.npz,1,30,0,0,0,0.00010204304
adl-07-cam0-rgb,data/keypoints_normalized/adl/adl-07-cam0-rgb.npz,2,31,0,0,0,0.00010250306
adl-07-cam0-rgb,data/keypoints_normalized/adl/adl-07-cam0-rgb.npz,3,32,0,0,0,0.00010311146
adl-07-cam0-rgb,data/keypoints_normalized/adl/adl-07-cam0-rgb.npz,4,33,0,0,0,0.00010349703
adl-07-cam0-rgb,data/keypoints_normalized/adl/adl-07-cam0-rgb.npz,5,34,0,0,0,0.00010366058
adl-07-cam0-rgb,data/keypoints_normalized/adl/adl-07-cam0-rgb.npz,6,35,0,0,0,0.00010398056
adl-07-cam0-rgb,data/keypoints_normalized/adl/adl-07-cam0-rgb.npz,7,36,0,0,0,0.00010434917
adl-07-cam0-rgb,data/keypoints_normalized/adl/adl-07-cam0-rgb.npz,8,37,0,0,0,0.0001047921
adl-07-cam0-rgb,data/keypoints_normalized/adl/adl-07-cam0-rgb.npz,9,38,0,0,0,0.00010473086
adl-07-cam0-rgb,data/keypoints_normalized/adl/adl-07-cam0-rgb.npz,10,39,0,0,0,0.000104744344
adl-07-cam0-rgb,data/keypoints_normalized/adl/adl-07-cam0-rgb.npz,11,40,0,0,0,0.00010498153
adl-07-cam0-rgb,data/keypoints_normalized/adl/adl-07-cam0-rgb.npz,12,41,0,0,0,0.000104916886
adl-07-cam0-rgb,data/keypoints_normalized/adl/adl-07-cam0-rgb.npz,13,42,0,0,0,0.00010512619
adl-07-cam0-rgb,data/keypoints_normalized/adl/adl-07-cam0-rgb.npz,14,43,0,0,0,0.0001056661
adl-07-cam0-rgb,data/keypoints_normalized/adl/adl-07-cam0-rgb.npz,15,44,0,0,0,0.00010584995
adl-07-cam0-rgb,data/keypoints_normalized/adl/adl-07-cam0-rgb.npz,16,45,0,0,0,0.00010642055
adl-07-cam0-rgb,data/keypoints_normalized/adl/adl-07-cam0-rgb.npz,17,46,0,0,0,0.000106629894
adl-07-cam0-rgb,data/keypoints_normalized/adl/adl-07-cam0-rgb.npz,18,47,0,0,0,0.00010660683
adl-07-cam0-rgb,data/keypoints_normalized/adl/adl-07-cam0-rgb.npz,19,48,0,0,0,0.0001066537
adl-07-cam0-rgb,data/keypoints_normalized/adl/adl-07-cam0-rgb.npz,20,49,0,0,0,0.00010660175
adl-07-cam0-rgb,data/keypoints_normalized/adl/adl-07-cam0-rgb.npz,21,50,0,0,0,0.0001069002
adl-07-cam0-rgb,data/keypoints_normalized/adl/adl-07-cam0-rgb.npz,22,51,0,0,0,0.00010686687
adl-07-cam0-rgb,data/keypoints_normalized/adl/adl-07-cam0-rgb.npz,23,52,0,0,0,0.000106821135
adl-07-cam0-rgb,data/keypoints_normalized/adl/adl-07-cam0-rgb.npz,24,53,0,0,0,0.000107069245
adl-07-cam0-rgb,data/keypoints_normalized/adl/adl-07-cam0-rgb.npz,25,54,0,0,0,0.00010733258
adl-07-cam0-rgb,data/keypoints_normalized/adl/adl-07-cam0-rgb.npz,26,55,0,0,0,0.0001075668
adl-07-cam0-rgb,data/keypoints_normalized/adl/adl-07-cam0-rgb.npz,27,56,0,0,0,0.00010786447
adl-07-cam0-rgb,data/keypoints_normalized/adl/adl-07-cam0-rgb.npz,28,57,0,0,0,0.00010803936
adl-07-cam0-rgb,data/keypoints_normalized/adl/adl-07-cam0-rgb.npz,29,58,0,0,0,0.000108206994
adl-07-cam0-rgb,data/keypoints_normalized/adl/adl-07-cam0-rgb.npz,30,59,0,0,0,0.00010829618
adl-07-cam0-rgb,data/keypoints_normalized/adl/adl-07-cam0-rgb.npz,31,60,0,0,0,0.000108339875
adl-07-cam0-rgb,data/keypoints_normalized/adl/adl-07-cam0-rgb.npz,32,61,0,0,0,0.00010822981
adl-07-cam0-rgb,data/keypoints_normalized/adl/adl-07-cam0-rgb.npz,33,62,0,0,0,0.000108058826
adl-07-cam0-rgb,data/keypoints_normalized/adl/adl-07-cam0-rgb.npz,34,63,0,0,0,0.00010775683
adl-07-cam0-rgb,data/keypoints_normalized/adl/adl-07-cam0-rgb.npz,35,64,0,0,0,0.000107198386
adl-07-cam0-rgb,data/keypoints_normalized/adl/adl-07-cam0-rgb.npz,36,65,0,0,0,0.0001062347
adl-07-cam0-rgb,data/keypoints_normalized/adl/adl-07-cam0-rgb.npz,37,66,0,0,0,0.000105259904
adl-07-cam0-rgb,data/keypoints_normalized/adl/adl-07-cam0-rgb.npz,38,67,0,0,0,0.00010391473
adl-07-cam0-rgb,data/keypoints_normalized/adl/adl-07-cam0-rgb.npz,39,68,0,0,0,0.0001028321
adl-07-cam0-rgb,data/keypoints_normalized/adl/adl-07-cam0-rgb.npz,40,69,0,0,0,0.00010147074
adl-07-cam0-rgb,data/keypoints_normalized/adl/adl-07-cam0-rgb.npz,41,70,0,0,0,0.000100085286
adl-07-cam0-rgb,data/keypoints_normalized/adl/adl-07-cam0-rgb.npz,42,71,0,0,0,9.862674e-05
adl-07-cam0-rgb,data/keypoints_normalized/adl/adl-07-cam0-rgb.npz,43,72,0,0,0,9.740171e-05
adl-07-cam0-rgb,data/keypoints_normalized/adl/adl-07-cam0-rgb.npz,44,73,0,0,0,9.601018e-05
adl-07-cam0-rgb,data/keypoints_normalized/adl/adl-07-cam0-rgb.npz,45,74,0,0,0,9.4830124e-05
adl-07-cam0-rgb,data/keypoints_normalized/adl/adl-07-cam0-rgb.npz,46,75,0,0,0,9.368602e-05
adl-07-cam0-rgb,data/keypoints_normalized/adl/adl-07-cam0-rgb.npz,47,76,0,0,0,9.265303e-05
adl-07-cam0-rgb,data/keypoints_normalized/adl/adl-07-cam0-rgb.npz,48,77,0,0,0,9.165537e-05
adl-07-cam0-rgb,data/keypoints_normalized/adl/adl-07-cam0-rgb.npz,49,78,0,0,0,9.075029e-05
adl-07-cam0-rgb,data/keypoints_normalized/adl/adl-07-cam0-rgb.npz,50,79,0,0,0,9.0211885e-05
adl-07-cam0-rgb,data/keypoints_normalized/adl/adl-07-cam0-rgb.npz,51,80,0,0,0,8.9642665e-05
adl-07-cam0-rgb,data/keypoints_normalized/adl/adl-07-cam0-rgb.npz,52,81,0,0,0,8.865584e-05
adl-07-cam0-rgb,data/keypoints_normalized/adl/adl-07-cam0-rgb.npz,53,82,0,0,0,8.792128e-05
adl-07-cam0-rgb,data/keypoints_normalized/adl/adl-07-cam0-rgb.npz,54,83,0,0,0,8.751385e-05
adl-07-cam0-rgb,data/keypoints_normalized/adl/adl-07-cam0-rgb.npz,55,84,0,0,0,8.698901e-05
adl-07-cam0-rgb,data/keypoints_normalized/adl/adl-07-cam0-rgb.npz,56,85,0,0,0,8.65759e-05
adl-07-cam0-rgb,data/keypoints_normalized/adl/adl-07-cam0-rgb.npz,57,86,0,0,0,8.689392e-05
adl-07-cam0-rgb,data/keypoints_normalized/adl/adl-07-cam0-rgb.npz,58,87,0,0,0,8.672463e-05
adl-07-cam0-rgb,data/keypoints_normalized/adl/adl-07-cam0-rgb.npz,59,88,0,0,0,8.6328575e-05
adl-07-cam0-rgb,data/keypoints_normalized/adl/adl-07-cam0-rgb.npz,60,89,0,0,0,8.596524e-05
adl-07-cam0-rgb,data/keypoints_normalized/adl/adl-07-cam0-rgb.npz,61,90,0,0,0,8.548277e-05
adl-07-cam0-rgb,data/keypoints_normalized/adl/adl-07-cam0-rgb.npz,62,91,0,0,0,8.50172e-05
adl-07-cam0-rgb,data/keypoints_normalized/adl/adl-07-cam0-rgb.npz,63,92,0,0,0,8.485391e-05
adl-07-cam0-rgb,data/keypoints_normalized/adl/adl-07-cam0-rgb.npz,64,93,0,0,0,8.471953e-05
adl-07-cam0-rgb,data/keypoints_normalized/adl/adl-07-cam0-rgb.npz,65,94,0,0,0,8.4508865e-05
adl-07-cam0-rgb,data/keypoints_normalized/adl/adl-07-cam0-rgb.npz,66,95,0,0,0,8.456312e-05
adl-07-cam0-rgb,data/keypoints_normalized/adl/adl-07-cam0-rgb.npz,67,96,0,0,0,8.498842e-05
adl-07-cam0-rgb,data/keypoints_normalized/adl/adl-07-cam0-rgb.npz,68,97,0,0,0,8.562685e-05
adl-07-cam0-rgb,data/keypoints_normalized/adl/adl-07-cam0-rgb.npz,69,98,0,0,0,8.6411346e-05
adl-07-cam0-rgb,data/keypoints_normalized/adl/adl-07-cam0-rgb.npz,70,99,0,0,0,8.730605e-05
adl-07-cam0-rgb,data/keypoints_normalized/adl/adl-07-cam0-rgb.npz,71,100,0,0,0,8.839491e-05
adl-07-cam0-rgb,data/keypoints_normalized/adl/adl-07-cam0-rgb.npz,72,101,0,0,0,8.928537e-05
adl-07-cam0-rgb,data/keypoints_normalized/adl/adl-07-cam0-rgb.npz,73,102,0,0,0,9.063302e-05
adl-07-cam0-rgb,data/keypoints_normalized/adl/adl-07-cam0-rgb.npz,74,103,0,0,0,9.22915e-05
adl-07-cam0-rgb,data/keypoints_normalized/adl/adl-07-cam0-rgb.npz,75,104,0,0,0,9.368736e-05
adl-07-cam0-rgb,data/keypoints_normalized/adl/adl-07-cam0-rgb.npz,76,105,0,0,0,9.570898e-05
adl-07-cam0-rgb,data/keypoints_normalized/adl/adl-07-cam0-rgb.npz,77,106,0,0,0,9.7378215e-05
adl-07-cam0-rgb,data/keypoints_normalized/adl/adl-07-cam0-rgb.npz,78,107,0,0,0,9.993975e-05
adl-07-cam0-rgb,data/keypoints_normalized/adl/adl-07-cam0-rgb.npz,79,108,0,0,0,0.00010405514
adl-07-cam0-rgb,data/keypoints_normalized/adl/adl-07-cam0-rgb.npz,80,109,0,0,0,0.000112198686
adl-07-cam0-rgb,data/keypoints_normalized/adl/adl-07-cam0-rgb.npz,81,110,0,0,0,0.00012273366
adl-07-cam0-rgb,data/keypoints_normalized/adl/adl-07-cam0-rgb.npz,82,111,0,0,0,0.00013028874
adl-07-cam0-rgb,data/keypoints_normalized/adl/adl-07-cam0-rgb.npz,83,112,0,0,0,0.00013514102
adl-07-cam0-rgb,data/keypoints_normalized/adl/adl-07-cam0-rgb.npz,84,113,0,0,0,0.00013748882
adl-07-cam0-rgb,data/keypoints_normalized/adl/adl-07-cam0-rgb.npz,85,114,0,0,0,0.00013924624
adl-07-cam0-rgb,data/keypoints_normalized/adl/adl-07-cam0-rgb.npz,86,115,0,0,0,0.00014050129
adl-07-cam0-rgb,data/keypoints_normalized/adl/adl-07-cam0-rgb.npz,87,116,0,0,0,0.00014180009
adl-07-cam0-rgb,data/keypoints_normalized/adl/adl-07-cam0-rgb.npz,88,117,0,0,0,0.00014260228
adl-07-cam0-rgb,data/keypoints_normalized/adl/adl-07-cam0-rgb.npz,89,118,0,0,0,0.00014352334
adl-07-cam0-rgb,data/keypoints_normalized/adl/adl-07-cam0-rgb.npz,90,119,0,0,0,0.00014412348
adl-07-cam0-rgb,data/keypoints_normalized/adl/adl-07-cam0-rgb.npz,91,120,0,0,0,0.00014490935
adl-07-cam0-rgb,data/keypoints_normalized/adl/adl-07-cam0-rgb.npz,92,121,0,0,0,0.00014643939
adl-07-cam0-rgb,data/keypoints_normalized/adl/adl-07-cam0-rgb.npz,93,122,0,0,0,0.00014845296
adl-07-cam0-rgb,data/keypoints_normalized/adl/adl-07-cam0-rgb.npz,94,123,0,0,0,0.00015086173
adl-07-cam0-rgb,data/keypoints_normalized/adl/adl-07-cam0-rgb.npz,95,124,0,0,0,0.00015357937
adl-07-cam0-rgb,data/keypoints_normalized/adl/adl-07-cam0-rgb.npz,96,125,0,0,0,0.00015665071
adl-07-cam0-rgb,data/keypoints_normalized/adl/adl-07-cam0-rgb.npz,97,126,0,0,0,0.00015914057
adl-07-cam0-rgb,data/keypoints_normalized/adl/adl-07-cam0-rgb.npz,98,127,0,0,0,0.00016112874
adl-07-cam0-rgb,data/keypoints_normalized/adl/adl-07-cam0-rgb.npz,99,128,0,0,0,0.00016410658
adl-07-cam0-rgb,data/keypoints_normalized/adl/adl-07-cam0-rgb.npz,100,129,0,0,0,0.0001675685
adl-07-cam0-rgb,data/keypoints_normalized/adl/adl-07-cam0-rgb.npz,101,130,0,0,0,0.00017158725
adl-07-cam0-rgb,data/keypoints_normalized/adl/adl-07-cam0-rgb.npz,102,131,0,0,0,0.00017722051
adl-07-cam0-rgb,data/keypoints_normalized/adl/adl-07-cam0-rgb.npz,103,132,0,0,0,0.00018077761
adl-07-cam0-rgb,data/keypoints_normalized/adl/adl-07-cam0-rgb.npz,104,133,0,0,0,0.00018457658
adl-07-cam0-rgb,data/keypoints_normalized/adl/adl-07-cam0-rgb.npz,105,134,0,0,0,0.00018817437
adl-07-cam0-rgb,data/keypoints_normalized/adl/adl-07-cam0-rgb.npz,106,135,0,0,0,0.00019164881
adl-07-cam0-rgb,data/keypoints_normalized/adl/adl-07-cam0-rgb.npz,107,136,0,0,0,0.00019403658
adl-07-cam0-rgb,data/keypoints_normalized/adl/adl-07-cam0-rgb.npz,108,137,0,0,0,0.00019554283
adl-07-cam0-rgb,data/keypoints_normalized/adl/adl-07-cam0-rgb.npz,109,138,0,0,0,0.00019693814
adl-07-cam0-rgb,data/keypoints_normalized/adl/adl-07-cam0-rgb.npz,110,139,0,0,0,0.00019736165
adl-07-cam0-rgb,data/keypoints_normalized/adl/adl-07-cam0-rgb.npz,111,140,0,0,0,0.0001970871
adl-07-cam0-rgb,data/keypoints_normalized/adl/adl-07-cam0-rgb.npz,112,141,0,0,0,0.0001962397
adl-07-cam0-rgb,data/keypoints_normalized/adl/adl-07-cam0-rgb.npz,113,142,0,0,0,0.00019566706
adl-07-cam0-rgb,data/keypoints_normalized/adl/adl-07-cam0-rgb.npz,114,143,0,0,0,0.00019496272
adl-07-cam0-rgb,data/keypoints_normalized/adl/adl-07-cam0-rgb.npz,115,144,0,0,0,0.00019412965
adl-07-cam0-rgb,data/keypoints_normalized/adl/adl-07-cam0-rgb.npz,116,145,0,0,0,0.0001936682
adl-07-cam0-rgb,data/keypoints_normalized/adl/adl-07-cam0-rgb.npz,117,146,0,0,0,0.00019392338
adl-07-cam0-rgb,data/keypoints_normalized/adl/adl-07-cam0-rgb.npz,118,147,0,0,0,0.00019397736
adl-07-cam0-rgb,data/keypoints_normalized/adl/adl-07-cam0-rgb.npz,119,148,0,0,0,0.00019462469
adl-07-cam0-rgb,data/keypoints_normalized/adl/adl-07-cam0-rgb.npz,120,149,0,0,0,0.00019595047
adl-07-cam0-rgb,data/keypoints_normalized/adl/adl-07-cam0-rgb.npz,121,150,0,0,0,0.00019829044
adl-07-cam0-rgb,data/keypoints_normalized/adl/adl-07-cam0-rgb.npz,122,151,0,0,0,0.00020113759
adl-07-cam0-rgb,data/keypoints_normalized/adl/adl-07-cam0-rgb.npz,123,152,0,0,0,0.00020430754
adl-07-cam0-rgb,data/keypoints_normalized/adl/adl-07-cam0-rgb.npz,124,153,0,0,0,0.0002063601
adl-07-cam0-rgb,data/keypoints_normalized/adl/adl-07-cam0-rgb.npz,125,154,0,0,0,0.00020842749
adl-07-cam0-rgb,data/keypoints_normalized/adl/adl-07-cam0-rgb.npz,126,155,0,0,0,0.00021013057
adl-07-cam0-rgb,data/keypoints_normalized/adl/adl-07-cam0-rgb.npz,127,156,0,0,0,0.0002119308
adl-07-cam0-rgb,data/keypoints_normalized/adl/adl-07-cam0-rgb.npz,128,157,0,0,0,0.00021376093
adl-07-cam0-rgb,data/keypoints_normalized/adl/adl-07-cam0-rgb.npz,129,158,0,0,0,0.00021528456
adl-07-cam0-rgb,data/keypoints_normalized/adl/adl-07-cam0-rgb.npz,130,159,0,0,0,0.00021629436
adl-07-cam0-rgb,data/keypoints_normalized/adl/adl-07-cam0-rgb.npz,131,160,0,0,0,0.00021836779
adl-07-cam0-rgb,data/keypoints_normalized/adl/adl-07-cam0-rgb.npz,132,161,0,0,0,0.00022292697
adl-07-cam0-rgb,data/keypoints_normalized/adl/adl-07-cam0-rgb.npz,133,162,0,0,0,0.00022739627
adl-07-cam0-rgb,data/keypoints_normalized/adl/adl-07-cam0-rgb.npz,134,163,0,0,0,0.00023287215
adl-07-cam0-rgb,data/keypoints_normalized/adl/adl-07-cam0-rgb.npz,135,164,0,0,0,0.00023546313
adl-07-cam0-rgb,data/keypoints_normalized/adl/adl-07-cam0-rgb.npz,136,165,0,0,0,0.00023716335
adl-07-cam0-rgb,data/keypoints_normalized/adl/adl-07-cam0-rgb.npz,137,166,0,0,0,0.00023700307
adl-07-cam0-rgb,data/keypoints_normalized/adl/adl-07-cam0-rgb.npz,138,167,0,0,0,0.00023724836
adl-07-cam0-rgb,data/keypoints_normalized/adl/adl-07-cam0-rgb.npz,139,168,0,0,0,0.0002380035
adl-07-cam0-rgb,data/keypoints_normalized/adl/adl-07-cam0-rgb.npz,140,169,0,0,0,0.00024072136
adl-07-cam0-rgb,data/keypoints_normalized/adl/adl-07-cam0-rgb.npz,141,170,0,0,0,0.00024087311
adl-07-cam0-rgb,data/keypoints_normalized/adl/adl-07-cam0-rgb.npz,142,171,0,0,0,0.00024229381
adl-07-cam0-rgb,data/keypoints_normalized/adl/adl-07-cam0-rgb.npz,143,172,0,0,0,0.0002464701
adl-07-cam0-rgb,data/keypoints_normalized/adl/adl-07-cam0-rgb.npz,144,173,0,0,0,0.00024675837
adl-07-cam0-rgb,data/keypoints_normalized/adl/adl-07-cam0-rgb.npz,145,174,0,0,0,0.00024611971
adl-07-cam0-rgb,data/keypoints_normalized/adl/adl-07-cam0-rgb.npz,146,175,0,0,0,0.0002447361
adl-07-cam0-rgb,data/keypoints_normalized/adl/adl-07-cam0-rgb.npz,147,176,0,0,0,0.00024321614
adl-07-cam0-rgb,data/keypoints_normalized/adl/adl-07-cam0-rgb.npz,148,177,0,0,0,0.00024259268
adl-07-cam0-rgb,data/keypoints_normalized/adl/adl-07-cam0-rgb.npz,149,178,0,0,0,0.00024576797
adl-07-cam0-rgb,data/keypoints_normalized/adl/adl-07-cam0-rgb.npz,150,179,0,0,0,0.00024881723
adl-07-cam0-rgb,data/keypoints_normalized/adl/adl-07-cam0-rgb.npz,151,180,0,0,0,0.00025205282
adl-09-cam0-rgb,data/keypoints_normalized/adl/adl-09-cam0-rgb.npz,1,30,0,0,0,9.964932e-05
adl-09-cam0-rgb,data/keypoints_normalized/adl/adl-09-cam0-rgb.npz,2,31,0,0,0,9.984068e-05
adl-09-cam0-rgb,data/keypoints_normalized/adl/adl-09-cam0-rgb.npz,3,32,0,0,0,0.0001000207
adl-09-cam0-rgb,data/keypoints_normalized/adl/adl-09-cam0-rgb.npz,4,33,0,0,0,0.00010037029
adl-09-cam0-rgb,data/keypoints_normalized/adl/adl-09-cam0-rgb.npz,5,34,0,0,0,0.00010100302
adl-09-cam0-rgb,data/keypoints_normalized/adl/adl-09-cam0-rgb.npz,6,35,0,0,0,0.000101871134
adl-09-cam0-rgb,data/keypoints_normalized/adl/adl-09-cam0-rgb.npz,7,36,0,0,0,0.000102619335
adl-09-cam0-rgb,data/keypoints_normalized/adl/adl-09-cam0-rgb.npz,8,37,0,0,0,0.000103478866
adl-09-cam0-rgb,data/keypoints_normalized/adl/adl-09-cam0-rgb.npz,9,38,0,0,0,0.000104568106
adl-09-cam0-rgb,data/keypoints_normalized/adl/adl-09-cam0-rgb.npz,10,39,0,0,0,0.00010546959
adl-09-cam0-rgb,data/keypoints_normalized/adl/adl-09-cam0-rgb.npz,11,40,0,0,0,0.00010662786
adl-09-cam0-rgb,data/keypoints_normalized/adl/adl-09-cam0-rgb.npz,12,41,0,0,0,0.00010808965
adl-09-cam0-rgb,data/keypoints_normalized/adl/adl-09-cam0-rgb.npz,13,42,0,0,0,0.00010896173
adl-09-cam0-rgb,data/keypoints_normalized/adl/adl-09-cam0-rgb.npz,14,43,0,0,0,0.00010996943
adl-09-cam0-rgb,data/keypoints_normalized/adl/adl-09-cam0-rgb.npz,15,44,0,0,0,0.00011093916
adl-09-cam0-rgb,data/keypoints_normalized/adl/adl-09-cam0-rgb.npz,16,45,0,0,0,0.00011200787
adl-09-cam0-rgb,data/keypoints_normalized/adl/adl-09-cam0-rgb.npz,17,46,0,0,0,0.000112678805
adl-09-cam0-rgb,data/keypoints_normalized/adl/adl-09-cam0-rgb.npz,18,47,0,0,0,0.00011306013
adl-09-cam0-rgb,data/keypoints_normalized/adl/adl-09-cam0-rgb.npz,19,48,0,0,0,0.00011326257
adl-09-cam0-rgb,data/keypoints_normalized/adl/adl-09-cam0-rgb.npz,20,49,0,0,0,0.00011315991
adl-09-cam0-rgb,data/keypoints_normalized/adl/adl-09-cam0-rgb.npz,21,50,0,0,0,0.000112958296
adl-09-cam0-rgb,data/keypoints_normalized/adl/adl-09-cam0-rgb.npz,22,51,0,0,0,0.00011271039
adl-09-cam0-rgb,data/keypoints_normalized/adl/adl-09-cam0-rgb.npz,23,52,0,0,0,0.00011250841
adl-09-cam0-rgb,data/keypoints_normalized/adl/adl-09-cam0-rgb.npz,24,53,0,0,0,0.00011236248
adl-09-cam0-rgb,data/keypoints_normalized/adl/adl-09-cam0-rgb.npz,25,54,0,0,0,0.00011210467
adl-09-cam0-rgb,data/keypoints_normalized/adl/adl-09-cam0-rgb.npz,26,55,0,0,0,0.00011198363
adl-09-cam0-rgb,data/keypoints_normalized/adl/adl-09-cam0-rgb.npz,27,56,0,0,0,0.00011157997
adl-09-cam0-rgb,data/keypoints_normalized/adl/adl-09-cam0-rgb.npz,28,57,0,0,0,0.00011132203
adl-09-cam0-rgb,data/keypoints_normalized/adl/adl-09-cam0-rgb.npz,29,58,0,0,0,0.00011118008
adl-09-cam0-rgb,data/keypoints_normalized/adl/adl-09-cam0-rgb.npz,30,59,0,0,0,0.00011087497
adl-09-cam0-rgb,data/keypoints_normalized/adl/adl-09-cam0-rgb.npz,31,60,0,0,0,0.0001103978
adl-09-cam0-rgb,data/keypoints_normalized/adl/adl-09-cam0-rgb.npz,32,61,0,0,0,0.00011040601
adl-09-cam0-rgb,data/keypoints_normalized/adl/adl-09-cam0-rgb.npz,33,62,0,0,0,0.000110170855
adl-09-cam0-rgb,data/keypoints_normalized/adl/adl-09-cam0-rgb.npz,34,63,0,0,0,0.000109636676
adl-09-cam0-rgb,data/keypoints_normalized/adl/adl-09-cam0-rgb.npz,35,64,0,0,0,0.000109469125
adl-09-cam0-rgb,data/keypoints_normalized/adl/adl-09-cam0-rgb.npz,36,65,0,0,0,0.000109129345
adl-09-cam0-rgb,data/keypoints_normalized/adl/adl-09-cam0-rgb.npz,37,66,0,0,0,0.00010862643
adl-09-cam0-rgb,data/keypoints_normalized/adl/adl-09-cam0-rgb.npz,38,67,0,0,0,0.000107776665
adl-09-cam0-rgb,data/keypoints_normalized/adl/adl-09-cam0-rgb.npz,39,68,0,0,0,0.00010716312
adl-09-cam0-rgb,data/keypoints_normalized/adl/adl-09-cam0-rgb.npz,40,69,0,0,0,0.00010662116
adl-09-cam0-rgb,data/keypoints_normalized/adl/adl-09-cam0-rgb.npz,41,70,0,0,0,0.00010586882
adl-09-cam0-rgb,data/keypoints_normalized/adl/adl-09-cam0-rgb.npz,42,71,0,0,0,0.00010530448
adl-09-cam0-rgb,data/keypoints_normalized/adl/adl-09-cam0-rgb.npz,43,72,0,0,0,0.00010509972
adl-09-cam0-rgb,data/keypoints_normalized/adl/adl-09-cam0-rgb.npz,44,73,0,0,0,0.00010483857
adl-09-cam0-rgb,data/keypoints_normalized/adl/adl-09-cam0-rgb.npz,45,74,0,0,0,0.0001046551
adl-09-cam0-rgb,data/keypoints_normalized/adl/adl-09-cam0-rgb.npz,46,75,0,0,0,0.0001042857
adl-09-cam0-rgb,data/keypoints_normalized/adl/adl-09-cam0-rgb.npz,47,76,0,0,0,0.00010414687
adl-09-cam0-rgb,data/keypoints_normalized/adl/adl-09-cam0-rgb.npz,48,77,0,0,0,0.000103704384
adl-09-cam0-rgb,data/keypoints_normalized/adl/adl-09-cam0-rgb.npz,49,78,0,0,0,0.00010336269
adl-09-cam0-rgb,data/keypoints_normalized/adl/adl-09-cam0-rgb.npz,50,79,0,0,0,0.00010308078
adl-09-cam0-rgb,data/keypoints_normalized/adl/adl-09-cam0-rgb.npz,51,80,0,0,0,0.000102945916
adl-09-cam0-rgb,data/keypoints_normalized/adl/adl-09-cam0-rgb.npz,52,81,0,0,0,0.000102724975
adl-09-cam0-rgb,data/keypoints_normalized/adl/adl-09-cam0-rgb.npz,53,82,0,0,0,0.00010242265
adl-09-cam0-rgb,data/keypoints_normalized/adl/adl-09-cam0-rgb.npz,54,83,0,0,0,0.000101872305
adl-09-cam0-rgb,data/keypoints_normalized/adl/adl-09-cam0-rgb.npz,55,84,0,0,0,0.0001014301
adl-09-cam0-rgb,data/keypoints_normalized/adl/adl-09-cam0-rgb.npz,56,85,0,0,0,0.00010104192
adl-09-cam0-rgb,data/keypoints_normalized/adl/adl-09-cam0-rgb.npz,57,86,0,0,0,0.00010072246
adl-09-cam0-rgb,data/keypoints_normalized/adl/adl-09-cam0-rgb.npz,58,87,0,0,0,0.00010002022
adl-09-cam0-rgb,data/keypoints_normalized/adl/adl-09-cam0-rgb.npz,59,88,0,0,0,9.937271e-05
adl-09-cam0-rgb,data/keypoints_normalized/adl/adl-09-cam0-rgb.npz,60,89,0,0,0,9.923408e-05
adl-09-cam0-rgb,data/keypoints_normalized/adl/adl-09-cam0-rgb.npz,61,90,0,0,0,9.910283e-05
adl-09-cam0-rgb,data/keypoints_normalized/adl/adl-09-cam0-rgb.npz,62,91,0,0,0,9.921375e-05
adl-09-cam0-rgb,data/keypoints_normalized/adl/adl-09-cam0-rgb.npz,63,92,0,0,0,9.927203e-05
adl-09-cam0-rgb,data/keypoints_normalized/adl/adl-09-cam0-rgb.npz,64,93,0,0,0,9.945471e-05
adl-09-cam0-rgb,data/keypoints_normalized/adl/adl-09-cam0-rgb.npz,65,94,0,0,0,9.9939476e-05
adl-09-cam0-rgb,data/keypoints_normalized/adl/adl-09-cam0-rgb.npz,66,95,0,0,0,0.000100286015
adl-09-cam0-rgb,data/keypoints_normalized/adl/adl-09-cam0-rgb.npz,67,96,0,0,0,0.00010057215
adl-09-cam0-rgb,data/keypoints_normalized/adl/adl-09-cam0-rgb.npz,68,97,0,0,0,0.00010003882
adl-09-cam0-rgb,data/keypoints_normalized/adl/adl-09-cam0-rgb.npz,69,98,0,0,0,0.000100424855
adl-09-cam0-rgb,data/keypoints_normalized/adl/adl-09-cam0-rgb.npz,70,99,0,0,0,9.982327e-05
adl-09-cam0-rgb,data/keypoints_normalized/adl/adl-09-cam0-rgb.npz,71,100,0,0,0,9.959174e-05
adl-09-cam0-rgb,data/keypoints_normalized/adl/adl-09-cam0-rgb.npz,72,101,0,0,0,9.911955e-05
adl-09-cam0-rgb,data/keypoints_normalized/adl/adl-09-cam0-rgb.npz,73,102,0,0,0,9.857746e-05
adl-09-cam0-rgb,data/keypoints_normalized/adl/adl-09-cam0-rgb.npz,74,103,0,0,0,9.786899e-05
adl-09-cam0-rgb,data/keypoints_normalized/adl/adl-09-cam0-rgb.npz,75,104,0,0,0,9.759099e-05
adl-09-cam0-rgb,data/keypoints_normalized/adl/adl-09-cam0-rgb.npz,76,105,0,0,0,9.728085e-05
adl-09-cam0-rgb,data/keypoints_normalized/adl/adl-09-cam0-rgb.npz,77,106,0,0,0,9.718563e-05
adl-09-cam0-rgb,data/keypoints_normalized/adl/adl-09-cam0-rgb.npz,78,107,0,0,0,9.6515774e-05
adl-09-cam0-rgb,data/keypoints_normalized/adl/adl-09-cam0-rgb.npz,79,108,0,0,0,9.599105e-05
adl-09-cam0-rgb,data/keypoints_normalized/adl/adl-09-cam0-rgb.npz,80,109,0,0,0,9.638802e-05
adl-09-cam0-rgb,data/keypoints_normalized/adl/adl-09-cam0-rgb.npz,81,110,0,0,0,9.662223e-05
adl-09-cam0-rgb,data/keypoints_normalized/adl/adl-09-cam0-rgb.npz,82,111,0,0,0,9.7276024e-05
adl-09-cam0-rgb,data/keypoints_normalized/adl/adl-09-cam0-rgb.npz,83,112,0,0,0,9.7346645e-05
adl-09-cam0-rgb,data/keypoints_normalized/adl/adl-09-cam0-rgb.npz,84,113,0,0,0,9.74739e-05
adl-09-cam0-rgb,data/keypoints_normalized/adl/adl-09-cam0-rgb.npz,85,114,0,0,0,9.7439246e-05
adl-09-cam0-rgb,data/keypoints_normalized/adl/adl-09-cam0-rgb.npz,86,115,0,0,0,9.7277974e-05
adl-09-cam0-rgb,data/keypoints_normalized/adl/adl-09-cam0-rgb.npz,87,116,0,0,0,9.6977055e-05
adl-09-cam0-rgb,data/keypoints_normalized/adl/adl-09-cam0-rgb.npz,88,117,0,0,0,9.5847805e-05
adl-09-cam0-rgb,data/keypoints_normalized/adl/adl-09-cam0-rgb.npz,89,118,0,0,0,9.502321e-05
adl-09-cam0-rgb,data/keypoints_normalized/adl/adl-09-cam0-rgb.npz,90,119,0,0,0,9.455995e-05
adl-09-cam0-rgb,data/keypoints_normalized/adl/adl-09-cam0-rgb.npz,91,120,0,0,0,9.4229865e-05
adl-09-cam0-rgb,data/keypoints_normalized/adl/adl-09-cam0-rgb.npz,92,121,0,0,0,9.374859e-05
adl-09-cam0-rgb,data/keypoints_normalized/adl/adl-09-cam0-rgb.npz,93,122,0,0,0,9.3480325e-05
adl-09-cam0-rgb,data/keypoints_normalized/adl/adl-09-cam0-rgb.npz,94,123,0,0,0,9.340734e-05
adl-09-cam0-rgb,data/keypoints_normalized/adl/adl-09-cam0-rgb.npz,95,124,0,0,0,9.350057e-05
adl-09-cam0-rgb,data/keypoints_normalized/adl/adl-09-cam0-rgb.npz,96,125,0,0,0,9.533242e-05
adl-09-cam0-rgb,data/keypoints_normalized/adl/adl-09-cam0-rgb.npz,97,126,0,0,0,9.801993e-05
adl-09-cam0-rgb,data/keypoints_normalized/adl/adl-09-cam0-rgb.npz,98,127,0,0,0,9.482164e-05
adl-09-cam0-rgb,data/keypoints_normalized/adl/adl-09-cam0-rgb.npz,99,128,0,0,0,9.4991956e-05
adl-09-cam0-rgb,data/keypoints_normalized/adl/adl-09-cam0-rgb.npz,100,129,0,0,0,9.9783305e-05
adl-09-cam0-rgb,data/keypoints_normalized/adl/adl-09-cam0-rgb.npz,101,130,0,0,0,0.00010061331
adl-09-cam0-rgb,data/keypoints_normalized/adl/adl-09-cam0-rgb.npz,102,131,0,0,0,0.00010217088
adl-09-cam0-rgb,data/keypoints_normalized/adl/adl-09-cam0-rgb.npz,103,132,0,0,0,0.00010391424
adl-09-cam0-rgb,data/keypoints_normalized/adl/adl-09-cam0-rgb.npz,104,133,0,0,0,0.000115443894
adl-09-cam0-rgb,data/keypoints_normalized/adl/adl-09-cam0-rgb.npz,105,134,0,0,0,0.00011699741
adl-09-cam0-rgb,data/keypoints_normalized/adl/adl-09-cam0-rgb.npz,106,135,0,0,0,0.000118306634
adl-09-cam0-rgb,data/keypoints_normalized/adl/adl-09-cam0-rgb.npz,107,136,0,0,0,0.00011933509
adl-09-cam0-rgb,data/keypoints_normalized/adl/adl-09-cam0-rgb.npz,108,137,0,0,0,0.00011974395
adl-09-cam0-rgb,data/keypoints_normalized/adl/adl-09-cam0-rgb.npz,109,138,0,0,0,8.957345e-05
adl-09-cam0-rgb,data/keypoints_normalized/adl/adl-09-cam0-rgb.npz,110,139,0,0,0,7.968525e-05
adl-09-cam0-rgb,data/keypoints_normalized/adl/adl-09-cam0-rgb.npz,111,140,0,0,0,8.260635e-05
adl-09-cam0-rgb,data/keypoints_normalized/adl/adl-09-cam0-rgb.npz,112,141,0,0,0,8.569457e-05
adl-09-cam0-rgb,data/keypoints_normalized/adl/adl-09-cam0-rgb.npz,113,142,0,0,0,8.881291e-05
adl-09-cam0-rgb,data/keypoints_normalized/adl/adl-09-cam0-rgb.npz,114,143,0,0,0,9.233154e-05
adl-09-cam0-rgb,data/keypoints_normalized/adl/adl-09-cam0-rgb.npz,115,144,0,0,0,9.61764e-05
adl-09-cam0-rgb,data/keypoints_normalized/adl/adl-09-cam0-rgb.npz,116,145,0,0,0,0.00010015738
adl-09-cam0-rgb,data/keypoints_normalized/adl/adl-09-cam0-rgb.npz,117,146,0,0,0,0.0001043834
adl-09-cam0-rgb,data/keypoints_normalized/adl/adl-09-cam0-rgb.npz,118,147,0,0,0,0.00010878171
adl-09-cam0-rgb,data/keypoints_normalized/adl/adl-09-cam0-rgb.npz,119,148,0,0,0,0.000112955924
adl-09-cam0-rgb,data/keypoints_normalized/adl/adl-09-cam0-rgb.npz,120,149,0,0,0,0.00011743994
adl-09-cam0-rgb,data/keypoints_normalized/adl/adl-09-cam0-rgb.npz,121,150,0,0,0,0.00012176949
adl-14-cam0-rgb,data/keypoints_normalized/adl/adl-14-cam0-rgb.npz,32,61,0,0,0,0.00012633958
adl-14-cam0-rgb,data/keypoints_normalized/adl/adl-14-cam0-rgb.npz,33,62,0,0,0,0.00012633958
adl-14-cam0-rgb,data/keypoints_normalized/adl/adl-14-cam0-rgb.npz,34,63,0,0,0,0.00012633958
adl-14-cam0-rgb,data/keypoints_normalized/adl/adl-14-cam0-rgb.npz,35,64,0,0,0,0.00012633958
adl-14-cam0-rgb,data/keypoints_normalized/adl/adl-14-cam0-rgb.npz,36,65,0,0,0,0.0001264314
adl-14-cam0-rgb,data/keypoints_normalized/adl/adl-14-cam0-rgb.npz,37,66,0,0,0,0.00012644345
adl-14-cam0-rgb,data/keypoints_normalized/adl/adl-14-cam0-rgb.npz,38,67,0,0,0,0.000126641
adl-14-cam0-rgb,data/keypoints_normalized/adl/adl-14-cam0-rgb.npz,39,68,0,0,0,0.00012664087
adl-14-cam0-rgb,data/keypoints_normalized/adl/adl-14-cam0-rgb.npz,40,69,0,0,0,0.00012669088
adl-14-cam0-rgb,data/keypoints_normalized/adl/adl-14-cam0-rgb.npz,41,70,0,0,0,0.00012677268
adl-14-cam0-rgb,data/keypoints_normalized/adl/adl-14-cam0-rgb.npz,42,71,0,0,0,0.00012698442
adl-14-cam0-rgb,data/keypoints_normalized/adl/adl-14-cam0-rgb.npz,43,72,0,0,0,0.00012740078
adl-14-cam0-rgb,data/keypoints_normalized/adl/adl-14-cam0-rgb.npz,44,73,0,0,0,0.00012750531
adl-14-cam0-rgb,data/keypoints_normalized/adl/adl-14-cam0-rgb.npz,45,74,0,0,0,0.00012756819
adl-14-cam0-rgb,data/keypoints_normalized/adl/adl-14-cam0-rgb.npz,46,75,0,0,0,0.00012783814
adl-14-cam0-rgb,data/keypoints_normalized/adl/adl-14-cam0-rgb.npz,47,76,0,0,0,0.0001279579
adl-14-cam0-rgb,data/keypoints_normalized/adl/adl-14-cam0-rgb.npz,48,77,0,0,0,0.0001281055
adl-14-cam0-rgb,data/keypoints_normalized/adl/adl-14-cam0-rgb.npz,49,78,0,0,0,0.00012833145
adl-14-cam0-rgb,data/keypoints_normalized/adl/adl-14-cam0-rgb.npz,50,79,0,0,0,0.0001285741
adl-14-cam0-rgb,data/keypoints_normalized/adl/adl-14-cam0-rgb.npz,51,80,0,0,0,0.00012895891
adl-14-cam0-rgb,data/keypoints_normalized/adl/adl-14-cam0-rgb.npz,52,81,0,0,0,0.00012928988
adl-14-cam0-rgb,data/keypoints_normalized/adl/adl-14-cam0-rgb.npz,53,82,0,0,0,0.00012946468
adl-14-cam0-rgb,data/keypoints_normalized/adl/adl-14-cam0-rgb.npz,54,83,0,0,0,0.00012978284
adl-14-cam0-rgb,data/keypoints_normalized/adl/adl-14-cam0-rgb.npz,55,84,0,0,0,0.00012995349
adl-14-cam0-rgb,data/keypoints_normalized/adl/adl-14-cam0-rgb.npz,56,85,0,0,0,0.00013014062
adl-14-cam0-rgb,data/keypoints_normalized/adl/adl-14-cam0-rgb.npz,57,86,0,0,0,0.00013029556
adl-14-cam0-rgb,data/keypoints_normalized/adl/adl-14-cam0-rgb.npz,58,87,0,0,0,0.0001305062
adl-14-cam0-rgb,data/keypoints_normalized/adl/adl-14-cam0-rgb.npz,59,88,0,0,0,0.00013063806
adl-14-cam0-rgb,data/keypoints_normalized/adl/adl-14-cam0-rgb.npz,60,89,0,0,0,0.00013115504
adl-14-cam0-rgb,data/keypoints_normalized/adl/adl-14-cam0-rgb.npz,61,90,0,0,0,0.00013148275
adl-14-cam0-rgb,data/keypoints_normalized/adl/adl-14-cam0-rgb.npz,62,91,0,0,0,0.00013512722
adl-14-cam0-rgb,data/keypoints_normalized/adl/adl-14-cam0-rgb.npz,63,92,0,0,0,0.00013517826
adl-14-cam0-rgb,data/keypoints_normalized/adl/adl-14-cam0-rgb.npz,64,93,0,0,0,0.00013536257
adl-14-cam0-rgb,data/keypoints_normalized/adl/adl-14-cam0-rgb.npz,65,94,0,0,0,0.00013553281
adl-14-cam0-rgb,data/keypoints_normalized/adl/adl-14-cam0-rgb.npz,66,95,0,0,0,0.00013625158
adl-14-cam0-rgb,data/keypoints_normalized/adl/adl-14-cam0-rgb.npz,67,96,0,0,0,0.00013634398
adl-14-cam0-rgb,data/keypoints_normalized/adl/adl-14-cam0-rgb.npz,68,97,0,0,0,0.00013693224
adl-14-cam0-rgb,data/keypoints_normalized/adl/adl-14-cam0-rgb.npz,69,98,0,0,0,9.973554e-05
adl-14-cam0-rgb,data/keypoints_normalized/adl/adl-14-cam0-rgb.npz,70,99,0,0,0,9.9643614e-05
adl-14-cam0-rgb,data/keypoints_normalized/adl/adl-14-cam0-rgb.npz,71,100,0,0,0,9.958539e-05
adl-14-cam0-rgb,data/keypoints_normalized/adl/adl-14-cam0-rgb.npz,72,101,0,0,0,9.96573e-05
adl-14-cam0-rgb,data/keypoints_normalized/adl/adl-14-cam0-rgb.npz,73,102,0,0,0,9.967193e-05
adl-14-cam0-rgb,data/keypoints_normalized/adl/adl-14-cam0-rgb.npz,74,103,0,0,0,0.00010027721
adl-14-cam0-rgb,data/keypoints_normalized/adl/adl-14-cam0-rgb.npz,75,104,0,0,0,0.000101167265
adl-14-cam0-rgb,data/keypoints_normalized/adl/adl-14-cam0-rgb.npz,76,105,0,0,0,0.00010133285
adl-14-cam0-rgb,data/keypoints_normalized/adl/adl-14-cam0-rgb.npz,77,106,0,0,0,0.00010152464
adl-14-cam0-rgb,data/keypoints_normalized/adl/adl-14-cam0-rgb.npz,78,107,0,0,0,0.00010220363
adl-14-cam0-rgb,data/keypoints_normalized/adl/adl-14-cam0-rgb.npz,79,108,0,0,0,0.000102917256
adl-14-cam0-rgb,data/keypoints_normalized/adl/adl-14-cam0-rgb.npz,80,109,0,0,0,0.0001034617
adl-14-cam0-rgb,data/keypoints_normalized/adl/adl-14-cam0-rgb.npz,81,110,0,0,0,0.00010453621
adl-14-cam0-rgb,data/keypoints_normalized/adl/adl-14-cam0-rgb.npz,82,111,0,0,0,0.00010531291
adl-14-cam0-rgb,data/keypoints_normalized/adl/adl-14-cam0-rgb.npz,83,112,0,0,0,0.00010586912
adl-14-cam0-rgb,data/keypoints_normalized/adl/adl-14-cam0-rgb.npz,84,113,0,0,0,0.00010693558
adl-14-cam0-rgb,data/keypoints_normalized/adl/adl-14-cam0-rgb.npz,85,114,0,0,0,0.00010779136
adl-14-cam0-rgb,data/keypoints_normalized/adl/adl-14-cam0-rgb.npz,86,115,0,0,0,0.00010849134
adl-14-cam0-rgb,data/keypoints_normalized/adl/adl-14-cam0-rgb.npz,87,116,0,0,0,0.000109927074
adl-14-cam0-rgb,data/keypoints_normalized/adl/adl-14-cam0-rgb.npz,88,117,0,0,0,0.00011031991
adl-14-cam0-rgb,data/keypoints_normalized/adl/adl-14-cam0-rgb.npz,89,118,0,0,0,0.00011145874
adl-14-cam0-rgb,data/keypoints_normalized/adl/adl-14-cam0-rgb.npz,90,119,0,0,0,0.00011219719
adl-14-cam0-rgb,data/keypoints_normalized/adl/adl-14-cam0-rgb.npz,91,120,0,0,0,0.00011285601
adl-14-cam0-rgb,data/keypoints_normalized/adl/adl-14-cam0-rgb.npz,92,121,0,0,0,0.00011316681
adl-14-cam0-rgb,data/keypoints_normalized/adl/adl-14-cam0-rgb.npz,93,122,0,0,0,0.000113555085
adl-14-cam0-rgb,data/keypoints_normalized/adl/adl-14-cam0-rgb.npz,94,123,0,0,0,0.00011341592
adl-14-cam0-rgb,data/keypoints_normalized/adl/adl-14-cam0-rgb.npz,95,124,0,0,0,0.0001133021
adl-14-cam0-rgb,data/keypoints_normalized/adl/adl-14-cam0-rgb.npz,96,125,0,0,0,0.00011350357
adl-14-cam0-rgb,data/keypoints_normalized/adl/adl-14-cam0-rgb.npz,97,126,0,0,0,0.00011322251
adl-14-cam0-rgb,data/keypoints_normalized/adl/adl-14-cam0-rgb.npz,98,127,0,0,0,0.00011322801
adl-14-cam0-rgb,data/keypoints_normalized/adl/adl-14-cam0-rgb.npz,99,128,0,0,0,0.000112900685
adl-14-cam0-rgb,data/keypoints_normalized/adl/adl-14-cam0-rgb.npz,100,129,0,0,0,0.00011205445
adl-14-cam0-rgb,data/keypoints_normalized/adl/adl-14-cam0-rgb.npz,101,130,0,0,0,0.000111535504
adl-14-cam0-rgb,data/keypoints_normalized/adl/adl-14-cam0-rgb.npz,102,131,0,0,0,0.00011138129
adl-14-cam0-rgb,data/keypoints_normalized/adl/adl-14-cam0-rgb.npz,103,132,0,0,0,0.00011108409
adl-14-cam0-rgb,data/keypoints_normalized/adl/adl-14-cam0-rgb.npz,104,133,0,0,0,0.00011077056
adl-14-cam0-rgb,data/keypoints_normalized/adl/adl-14-cam0-rgb.npz,105,134,0,0,0,0.000110780704
adl-14-cam0-rgb,data/keypoints_normalized/adl/adl-14-cam0-rgb.npz,106,135,0,0,0,0.00011100023
adl-14-cam0-rgb,data/keypoints_normalized/adl/adl-14-cam0-rgb.npz,107,136,0,0,0,0.00011113314
adl-14-cam0-rgb,data/keypoints_normalized/adl/adl-14-cam0-rgb.npz,108,137,0,0,0,0.00011133976
adl-14-cam0-rgb,data/keypoints_normalized/adl/adl-14-cam0-rgb.npz,109,138,0,0,0,0.000111607
adl-14-cam0-rgb,data/keypoints_normalized/adl/adl-14-cam0-rgb.npz,110,139,0,0,0,0.00011196922
adl-14-cam0-rgb,data/keypoints_normalized/adl/adl-14-cam0-rgb.npz,111,140,0,0,0,0.00011245586
adl-14-cam0-rgb,data/keypoints_normalized/adl/adl-14-cam0-rgb.npz,112,141,0,0,0,0.00011285644
adl-14-cam0-rgb,data/keypoints_normalized/adl/adl-14-cam0-rgb.npz,113,142,0,0,0,0.000113643386
adl-14-cam0-rgb,data/keypoints_normalized/adl/adl-14-cam0-rgb.npz,114,143,0,0,0,0.00011388203
adl-14-cam0-rgb,data/keypoints_normalized/adl/adl-14-cam0-rgb.npz,115,144,0,0,0,0.00011459752
adl-14-cam0-rgb,data/keypoints_normalized/adl/adl-14-cam0-rgb.npz,116,145,0,0,0,0.00011497108
adl-14-cam0-rgb,data/keypoints_normalized/adl/adl-14-cam0-rgb.npz,117,146,0,0,0,0.00011535412
adl-14-cam0-rgb,data/keypoints_normalized/adl/adl-14-cam0-rgb.npz,118,147,0,0,0,0.00011631152
adl-14-cam0-rgb,data/keypoints_normalized/adl/adl-14-cam0-rgb.npz,119,148,0,0,0,0.00011692068
adl-14-cam0-rgb,data/keypoints_normalized/adl/adl-14-cam0-rgb.npz,120,149,0,0,0,0.00011782368
adl-14-cam0-rgb,data/keypoints_normalized/adl/adl-14-cam0-rgb.npz,121,150,0,0,0,0.00011786389
adl-14-cam0-rgb,data/keypoints_normalized/adl/adl-14-cam0-rgb.npz,122,151,0,0,0,0.0001181887
adl-14-cam0-rgb,data/keypoints_normalized/adl/adl-14-cam0-rgb.npz,123,152,0,0,0,0.000118378746
adl-14-cam0-rgb,data/keypoints_normalized/adl/adl-14-cam0-rgb.npz,124,153,0,0,0,0.00011807863
adl-14-cam0-rgb,data/keypoints_normalized/adl/adl-14-cam0-rgb.npz,125,154,0,0,0,0.00011849462
adl-14-cam0-rgb,data/keypoints_normalized/adl/adl-14-cam0-rgb.npz,126,155,0,0,0,0.00011859285
adl-14-cam0-rgb,data/keypoints_normalized/adl/adl-14-cam0-rgb.npz,127,156,0,0,0,0.00011866321
adl-14-cam0-rgb,data/keypoints_normalized/adl/adl-14-cam0-rgb.npz,128,157,0,0,0,0.0001186149
adl-14-cam0-rgb,data/keypoints_normalized/adl/adl-14-cam0-rgb.npz,129,158,0,0,0,0.000118400996
adl-14-cam0-rgb,data/keypoints_normalized/adl/adl-14-cam0-rgb.npz,130,159,0,0,0,0.00011761431
adl-14-cam0-rgb,data/keypoints_normalized/adl/adl-14-cam0-rgb.npz,131,160,0,0,0,0.000116528
adl-14-cam0-rgb,data/keypoints_normalized/adl/adl-14-cam0-rgb.npz,132,161,0,0,0,0.000115709394
adl-14-cam0-rgb,data/keypoints_normalized/adl/adl-14-cam0-rgb.npz,133,162,0,0,0,0.00011523747
adl-14-cam0-rgb,data/keypoints_normalized/adl/adl-14-cam0-rgb.npz,134,163,0,0,0,0.00011566793
adl-14-cam0-rgb,data/keypoints_normalized/adl/adl-14-cam0-rgb.npz,135,164,0,0,0,0.00011575752
adl-14-cam0-rgb,data/keypoints_normalized/adl/adl-14-cam0-rgb.npz,136,165,0,0,0,0.00011551868
adl-14-cam0-rgb,data/keypoints_normalized/adl/adl-14-cam0-rgb.npz,137,166,0,0,0,0.00011500069
adl-14-cam0-rgb,data/keypoints_normalized/adl/adl-14-cam0-rgb.npz,138,167,0,0,0,0.00011512401
adl-14-cam0-rgb,data/keypoints_normalized/adl/adl-14-cam0-rgb.npz,139,168,0,0,0,0.00011575873
adl-14-cam0-rgb,data/keypoints_normalized/adl/adl-14-cam0-rgb.npz,140,169,0,0,0,0.00011648701
adl-14-cam0-rgb,data/keypoints_normalized/adl/adl-14-cam0-rgb.npz,141,170,0,0,0,0.000117738644
adl-14-cam0-rgb,data/keypoints_normalized/adl/adl-14-cam0-rgb.npz,142,171,0,0,0,0.00011985248
adl-14-cam0-rgb,data/keypoints_normalized/adl/adl-14-cam0-rgb.npz,143,172,0,0,0,0.00012345459
adl-14-cam0-rgb,data/keypoints_normalized/adl/adl-14-cam0-rgb.npz,144,173,0,0,0,0.00012837355
adl-14-cam0-rgb,data/keypoints_normalized/adl/adl-14-cam0-rgb.npz,145,174,0,0,0,0.00013610654
adl-14-cam0-rgb,data/keypoints_normalized/adl/adl-14-cam0-rgb.npz,146,175,0,0,0,0.00014822748
adl-14-cam0-rgb,data/keypoints_normalized/adl/adl-14-cam0-rgb.npz,147,176,0,0,0,0.00016159478
adl-14-cam0-rgb,data/keypoints_normalized/adl/adl-14-cam0-rgb.npz,148,177,0,0,0,0.0001799585
adl-14-cam0-rgb,data/keypoints_normalized/adl/adl-14-cam0-rgb.npz,149,178,0,0,0,0.00020186827
adl-14-cam0-rgb,data/keypoints_normalized/adl/adl-14-cam0-rgb.npz,150,179,0,0,0,0.00022727707
adl-14-cam0-rgb,data/keypoints_normalized/adl/adl-14-cam0-rgb.npz,151,180,0,0,0,0.0002548142
adl-14-cam0-rgb,data/keypoints_normalized/adl/adl-14-cam0-rgb.npz,152,181,0,0,0,0.00028395615
adl-14-cam0-rgb,data/keypoints_normalized/adl/adl-14-cam0-rgb.npz,153,182,0,0,0,0.00031135854
adl-14-cam0-rgb,data/keypoints_normalized/adl/adl-14-cam0-rgb.npz,154,183,0,0,0,0.00033574313
adl-14-cam0-rgb,data/keypoints_normalized/adl/adl-14-cam0-rgb.npz,155,184,0,0,0,0.00035559604
adl-14-cam0-rgb,data/keypoints_normalized/adl/adl-14-cam0-rgb.npz,156,185,0,0,0,0.00036804378
adl-14-cam0-rgb,data/keypoints_normalized/adl/adl-14-cam0-rgb.npz,157,186,0,0,0,0.00036980162
adl-14-cam0-rgb,data/keypoints_normalized/adl/adl-14-cam0-rgb.npz,158,187,0,0,0,0.00034849296
adl-14-cam0-rgb,data/keypoints_normalized/adl/adl-14-cam0-rgb.npz,159,188,0,0,0,0.00030510974
adl-14-cam0-rgb,data/keypoints_normalized/adl/adl-14-cam0-rgb.npz,160,189,0,0,0,0.00024945362
adl-14-cam0-rgb,data/keypoints_normalized/adl/adl-14-cam0-rgb.npz,161,190,0,0,0,0.00019619071
adl-14-cam0-rgb,data/keypoints_normalized/adl/adl-14-cam0-rgb.npz,162,191,0,0,0,0.0001514667
adl-14-cam0-rgb,data/keypoints_normalized/adl/adl-14-cam0-rgb.npz,163,192,0,0,0,0.00011259094
adl-14-cam0-rgb,data/keypoints_normalized/adl/adl-14-cam0-rgb.npz,164,193,0,0,0,8.361525e-05
adl-14-cam0-rgb,data/keypoints_normalized/adl/adl-14-cam0-rgb.npz,165,194,0,0,0,5.550586e-05
adl-14-cam0-rgb,data/keypoints_normalized/adl/adl-14-cam0-rgb.npz,166,195,0,0,0,4.6521003e-05
adl-14-cam0-rgb,data/keypoints_normalized/adl/adl-14-cam0-rgb.npz,167,196,0,0,0,4.1760057e-05
adl-14-cam0-rgb,data/keypoints_normalized/adl/adl-14-cam0-rgb.npz,168,197,0,0,0,4.015496e-05
adl-14-cam0-rgb,data/keypoints_normalized/adl/adl-14-cam0-rgb.npz,169,198,0,0,0,3.8744405e-05
adl-14-cam0-rgb,data/keypoints_normalized/adl/adl-14-cam0-rgb.npz,170,199,0,0,0,3.8355825e-05
adl-14-cam0-rgb,data/keypoints_normalized/adl/adl-14-cam0-rgb.npz,171,200,0,0,0,3.9038965e-05
adl-14-cam0-rgb,data/keypoints_normalized/adl/adl-14-cam0-rgb.npz,172,201,0,0,0,3.911122e-05
adl-14-cam0-rgb,data/keypoints_normalized/adl/adl-14-cam0-rgb.npz,173,202,0,0,0,3.9549443e-05
adl-14-cam0-rgb,data/keypoints_normalized/adl/adl-14-cam0-rgb.npz,174,203,0,0,0,4.047042e-05
adl-14-cam0-rgb,data/keypoints_normalized/adl/adl-14-cam0-rgb.npz,175,204,0,0,0,4.1813095e-05
adl-14-cam0-rgb,data/keypoints_normalized/adl/adl-14-cam0-rgb.npz,176,205,0,0,0,4.366765e-05
adl-14-cam0-rgb,data/keypoints_normalized/adl/adl-14-cam0-rgb.npz,177,206,0,0,0,4.6346046e-05
adl-14-cam0-rgb,data/keypoints_normalized/adl/adl-14-cam0-rgb.npz,178,207,0,0,0,4.854634e-05
adl-14-cam0-rgb,data/keypoints_normalized/adl/adl-14-cam0-rgb.npz,179,208,0,0,0,5.194067e-05
adl-14-cam0-rgb,data/keypoints_normalized/adl/adl-14-cam0-rgb.npz,180,209,0,0,0,5.6907702e-05
adl-14-cam0-rgb,data/keypoints_normalized/adl/adl-14-cam0-rgb.npz,181,210,0,0,0,6.552041e-05
adl-14-cam0-rgb,data/keypoints_normalized/adl/adl-14-cam0-rgb.npz,182,211,0,0,0,7.3144336e-05
adl-14-cam0-rgb,data/keypoints_normalized/adl/adl-14-cam0-rgb.npz,183,212,0,0,0,7.900112e-05
adl-14-cam0-rgb,data/keypoints_normalized/adl/adl-14-cam0-rgb.npz,184,213,0,0,0,9.066759e-05
adl-14-cam0-rgb,data/keypoints_normalized/adl/adl-14-cam0-rgb.npz,185,214,0,0,0,0.0001044277
adl-14-cam0-rgb,data/keypoints_normalized/adl/adl-14-cam0-rgb.npz,186,215,0,0,0,0.00012072754
adl-14-cam0-rgb,data/keypoints_normalized/adl/adl-14-cam0-rgb.npz,187,216,0,0,0,0.00013751452
adl-14-cam0-rgb,data/keypoints_normalized/adl/adl-14-cam0-rgb.npz,188,217,0,0,0,0.00015626596
adl-14-cam0-rgb,data/keypoints_normalized/adl/adl-14-cam0-rgb.npz,189,218,0,0,0,0.00017422723
adl-14-cam0-rgb,data/keypoints_normalized/adl/adl-14-cam0-rgb.npz,190,219,0,0,0,0.00018944032
adl-14-cam0-rgb,data/keypoints_normalized/adl/adl-14-cam0-rgb.npz,191,220,0,0,0,0.00020793958
adl-14-cam0-rgb,data/keypoints_normalized/adl/adl-14-cam0-rgb.npz,192,221,0,0,0,0.00022069576
adl-14-cam0-rgb,data/keypoints_normalized/adl/adl-14-cam0-rgb.npz,193,222,0,0,0,0.00022869499
adl-14-cam0-rgb,data/keypoints_normalized/adl/adl-14-cam0-rgb.npz,194,223,0,0,0,0.00022964375
adl-14-cam0-rgb,data/keypoints_normalized/adl/adl-14-cam0-rgb.npz,195,224,0,0,0,0.0002337629
adl-14-cam0-rgb,data/keypoints_normalized/adl/adl-14-cam0-rgb.npz,196,225,0,0,0,0.00023002306
adl-14-cam0-rgb,data/keypoints_normalized/adl/adl-14-cam0-rgb.npz,197,226,0,0,0,0.00022110416
adl-14-cam0-rgb,data/keypoints_normalized/adl/adl-14-cam0-rgb.npz,198,227,0,0,0,0.00020917607
adl-14-cam0-rgb,data/keypoints_normalized/adl/adl-14-cam0-rgb.npz,199,228,0,0,0,0.00019370495
adl-14-cam0-rgb,data/keypoints_normalized/adl/adl-14-cam0-rgb.npz,200,229,0,0,0,0.00018067613
adl-14-cam0-rgb,data/keypoints_normalized/adl/adl-14-cam0-rgb.npz,201,230,0,0,0,0.00016796411
adl-14-cam0-rgb,data/keypoints_normalized/adl/adl-14-cam0-rgb.npz,202,231,0,0,0,0.00015738465
adl-14-cam0-rgb,data/keypoints_normalized/adl/adl-14-cam0-rgb.npz,203,232,0,0,0,0.0001477218
adl-14-cam0-rgb,data/keypoints_normalized/adl/adl-14-cam0-rgb.npz,204,233,0,0,0,0.00013943465
adl-14-cam0-rgb,data/keypoints_normalized/adl/adl-14-cam0-rgb.npz,205,234,0,0,0,0.00013315554
adl-14-cam0-rgb,data/keypoints_normalized/adl/adl-14-cam0-rgb.npz,206,235,0,0,0,0.00012713611
adl-18-cam0-rgb,data/keypoints_normalized/adl/adl-18-cam0-rgb.npz,65,94,0,0,0,0.00020777846
adl-18-cam0-rgb,data/keypoints_normalized/adl/adl-18-cam0-rgb.npz,66,95,0,0,0,0.00020546872
adl-18-cam0-rgb,data/keypoints_normalized/adl/adl-18-cam0-rgb.npz,67,96,0,0,0,0.00020543621
adl-18-cam0-rgb,data/keypoints_normalized/adl/adl-18-cam0-rgb.npz,68,97,0,0,0,0.00013019449
adl-18-cam0-rgb,data/keypoints_normalized/adl/adl-18-cam0-rgb.npz,69,98,0,0,0,0.00013018455
adl-18-cam0-rgb,data/keypoints_normalized/adl/adl-18-cam0-rgb.npz,70,99,0,0,0,0.00013041253
adl-18-cam0-rgb,data/keypoints_normalized/adl/adl-18-cam0-rgb.npz,71,100,0,0,0,0.00010816358
adl-18-cam0-rgb,data/keypoints_normalized/adl/adl-18-cam0-rgb.npz,72,101,0,0,0,0.00010838856
adl-18-cam0-rgb,data/keypoints_normalized/adl/adl-18-cam0-rgb.npz,73,102,0,0,0,0.000108516484
adl-18-cam0-rgb,data/keypoints_normalized/adl/adl-18-cam0-rgb.npz,74,103,0,0,0,0.00010892122
adl-18-cam0-rgb,data/keypoints_normalized/adl/adl-18-cam0-rgb.npz,75,104,0,0,0,0.00010913861
adl-18-cam0-rgb,data/keypoints_normalized/adl/adl-18-cam0-rgb.npz,76,105,0,0,0,0.00010953282
adl-18-cam0-rgb,data/keypoints_normalized/adl/adl-18-cam0-rgb.npz,77,106,0,0,0,0.00010992697
adl-18-cam0-rgb,data/keypoints_normalized/adl/adl-18-cam0-rgb.npz,78,107,0,0,0,0.0001104654
adl-18-cam0-rgb,data/keypoints_normalized/adl/adl-18-cam0-rgb.npz,79,108,0,0,0,0.00011110823
adl-18-cam0-rgb,data/keypoints_normalized/adl/adl-18-cam0-rgb.npz,80,109,0,0,0,0.00011195822
adl-18-cam0-rgb,data/keypoints_normalized/adl/adl-18-cam0-rgb.npz,81,110,0,0,0,0.00011295064
adl-18-cam0-rgb,data/keypoints_normalized/adl/adl-18-cam0-rgb.npz,82,111,0,0,0,0.00011389995
adl-18-cam0-rgb,data/keypoints_normalized/adl/adl-18-cam0-rgb.npz,83,112,0,0,0,0.00011501922
adl-18-cam0-rgb,data/keypoints_normalized/adl/adl-18-cam0-rgb.npz,84,113,0,0,0,0.0001160608
adl-18-cam0-rgb,data/keypoints_normalized/adl/adl-18-cam0-rgb.npz,85,114,0,0,0,0.00011745338
adl-18-cam0-rgb,data/keypoints_normalized/adl/adl-18-cam0-rgb.npz,86,115,0,0,0,8.9457535e-05
adl-18-cam0-rgb,data/keypoints_normalized/adl/adl-18-cam0-rgb.npz,87,116,0,0,0,9.025965e-05
adl-18-cam0-rgb,data/keypoints_normalized/adl/adl-18-cam0-rgb.npz,88,117,0,0,0,9.0933754e-05
adl-18-cam0-rgb,data/keypoints_normalized/adl/adl-18-cam0-rgb.npz,89,118,0,0,0,9.185241e-05
adl-18-cam0-rgb,data/keypoints_normalized/adl/adl-18-cam0-rgb.npz,90,119,0,0,0,9.240712e-05
adl-18-cam0-rgb,data/keypoints_normalized/adl/adl-18-cam0-rgb.npz,91,120,0,0,0,9.3282724e-05
adl-18-cam0-rgb,data/keypoints_normalized/adl/adl-18-cam0-rgb.npz,92,121,0,0,0,9.419556e-05
adl-18-cam0-rgb,data/keypoints_normalized/adl/adl-18-cam0-rgb.npz,93,122,0,0,0,9.493635e-05
adl-18-cam0-rgb,data/keypoints_normalized/adl/adl-18-cam0-rgb.npz,94,123,0,0,0,9.599553e-05
adl-18-cam0-rgb,data/keypoints_normalized/adl/adl-18-cam0-rgb.npz,95,124,0,0,0,9.687696e-05
adl-18-cam0-rgb,data/keypoints_normalized/adl/adl-18-cam0-rgb.npz,96,125,0,0,0,9.7766584e-05
adl-18-cam0-rgb,data/keypoints_normalized/adl/adl-18-cam0-rgb.npz,97,126,0,0,0,9.8826975e-05
adl-18-cam0-rgb,data/keypoints_normalized/adl/adl-18-cam0-rgb.npz,98,127,0,0,0,0.00010074138
adl-18-cam0-rgb,data/keypoints_normalized/adl/adl-18-cam0-rgb.npz,99,128,0,0,0,0.000101538586
adl-18-cam0-rgb,data/keypoints_normalized/adl/adl-18-cam0-rgb.npz,100,129,0,0,0,0.000101690326
adl-18-cam0-rgb,data/keypoints_normalized/adl/adl-18-cam0-rgb.npz,101,130,0,0,0,0.00010411321
adl-18-cam0-rgb,data/keypoints_normalized/adl/adl-18-cam0-rgb.npz,102,131,0,0,0,0.000104323495
adl-18-cam0-rgb,data/keypoints_normalized/adl/adl-18-cam0-rgb.npz,103,132,0,0,0,0.00010422625
adl-18-cam0-rgb,data/keypoints_normalized/adl/adl-18-cam0-rgb.npz,104,133,0,0,0,0.00010473596
adl-18-cam0-rgb,data/keypoints_normalized/adl/adl-18-cam0-rgb.npz,105,134,0,0,0,0.000105305495
adl-18-cam0-rgb,data/keypoints_normalized/adl/adl-18-cam0-rgb.npz,106,135,0,0,0,0.00010519598
adl-18-cam0-rgb,data/keypoints_normalized/adl/adl-18-cam0-rgb.npz,107,136,0,0,0,0.00010496782
adl-18-cam0-rgb,data/keypoints_normalized/adl/adl-18-cam0-rgb.npz,108,137,0,0,0,0.00010451307
adl-18-cam0-rgb,data/keypoints_normalized/adl/adl-18-cam0-rgb.npz,109,138,0,0,0,0.000104780614
adl-18-cam0-rgb,data/keypoints_normalized/adl/adl-18-cam0-rgb.npz,110,139,0,0,0,0.00010572878
adl-18-cam0-rgb,data/keypoints_normalized/adl/adl-18-cam0-rgb.npz,111,140,0,0,0,0.00010604219
adl-18-cam0-rgb,data/keypoints_normalized/adl/adl-18-cam0-rgb.npz,112,141,0,0,0,0.00010617565
adl-18-cam0-rgb,data/keypoints_normalized/adl/adl-18-cam0-rgb.npz,113,142,0,0,0,0.0001049327
adl-18-cam0-rgb,data/keypoints_normalized/adl/adl-18-cam0-rgb.npz,114,143,0,0,0,0.000105307
adl-18-cam0-rgb,data/keypoints_normalized/adl/adl-18-cam0-rgb.npz,115,144,0,0,0,0.00010564413
adl-18-cam0-rgb,data/keypoints_normalized/adl/adl-18-cam0-rgb.npz,116,145,0,0,0,0.00010557766
adl-18-cam0-rgb,data/keypoints_normalized/adl/adl-18-cam0-rgb.npz,117,146,0,0,0,0.000105435596
adl-18-cam0-rgb,data/keypoints_normalized/adl/adl-18-cam0-rgb.npz,118,147,0,0,0,0.00010572969
adl-18-cam0-rgb,data/keypoints_normalized/adl/adl-18-cam0-rgb.npz,119,148,0,0,0,0.000104907784
adl-18-cam0-rgb,data/keypoints_normalized/adl/adl-18-cam0-rgb.npz,120,149,0,0,0,0.000104688734
adl-18-cam0-rgb,data/keypoints_normalized/adl/adl-18-cam0-rgb.npz,121,150,0,0,0,0.00010431067
adl-18-cam0-rgb,data/keypoints_normalized/adl/adl-18-cam0-rgb.npz,122,151,0,0,0,0.000104079954
adl-18-cam0-rgb,data/keypoints_normalized/adl/adl-18-cam0-rgb.npz,123,152,0,0,0,0.00010349653
adl-18-cam0-rgb,data/keypoints_normalized/adl/adl-18-cam0-rgb.npz,124,153,0,0,0,0.0001029467
adl-18-cam0-rgb,data/keypoints_normalized/adl/adl-18-cam0-rgb.npz,125,154,0,0,0,0.00010225128
adl-18-cam0-rgb,data/keypoints_normalized/adl/adl-18-cam0-rgb.npz,126,155,0,0,0,0.00010164524
adl-18-cam0-rgb,data/keypoints_normalized/adl/adl-18-cam0-rgb.npz,127,156,0,0,0,0.00010054952
adl-18-cam0-rgb,data/keypoints_normalized/adl/adl-18-cam0-rgb.npz,128,157,0,0,0,9.92885e-05
adl-18-cam0-rgb,data/keypoints_normalized/adl/adl-18-cam0-rgb.npz,129,158,0,0,0,9.8135155e-05
adl-18-cam0-rgb,data/keypoints_normalized/adl/adl-18-cam0-rgb.npz,130,159,0,0,0,9.6629046e-05
adl-18-cam0-rgb,data/keypoints_normalized/adl/adl-18-cam0-rgb.npz,131,160,0,0,0,9.4817115e-05
adl-18-cam0-rgb,data/keypoints_normalized/adl/adl-18-cam0-rgb.npz,132,161,0,0,0,9.352998e-05
adl-18-cam0-rgb,data/keypoints_normalized/adl/adl-18-cam0-rgb.npz,133,162,0,0,0,9.173004e-05
adl-18-cam0-rgb,data/keypoints_normalized/adl/adl-18-cam0-rgb.npz,134,163,0,0,0,9.000412e-05
adl-18-cam0-rgb,data/keypoints_normalized/adl/adl-18-cam0-rgb.npz,135,164,0,0,0,8.820572e-05
adl-18-cam0-rgb,data/keypoints_normalized/adl/adl-18-cam0-rgb.npz,136,165,0,0,0,8.677881e-05
adl-18-cam0-rgb,data/keypoints_normalized/adl/adl-18-cam0-rgb.npz,137,166,0,0,0,8.5898035e-05
adl-18-cam0-rgb,data/keypoints_normalized/adl/adl-18-cam0-rgb.npz,138,167,0,0,0,8.517429e-05
adl-18-cam0-rgb,data/keypoints_normalized/adl/adl-18-cam0-rgb.npz,139,168,0,0,0,8.4856176e-05
adl-18-cam0-rgb,data/keypoints_normalized/adl/adl-18-cam0-rgb.npz,140,169,0,0,0,8.534682e-05
adl-18-cam0-rgb,data/keypoints_normalized/adl/adl-18-cam0-rgb.npz,141,170,0,0,0,8.5571584e-05
adl-18-cam0-rgb,data/keypoints_normalized/adl/adl-18-cam0-rgb.npz,142,171,0,0,0,8.666536e-05
adl-18-cam0-rgb,data/keypoints_normalized/adl/adl-18-cam0-rgb.npz,143,172,0,0,0,8.7960114e-05
adl-18-cam0-rgb,data/keypoints_normalized/adl/adl-18-cam0-rgb.npz,144,173,0,0,0,8.9677116e-05
adl-18-cam0-rgb,data/keypoints_normalized/adl/adl-18-cam0-rgb.npz,145,174,0,0,0,9.151005e-05
adl-18-cam0-rgb,data/keypoints_normalized/adl/adl-18-cam0-rgb.npz,146,175,0,0,0,9.3030896e-05
adl-18-cam0-rgb,data/keypoints_normalized/adl/adl-18-cam0-rgb.npz,147,176,0,0,0,9.435e-05
adl-18-cam0-rgb,data/keypoints_normalized/adl/adl-18-cam0-rgb.npz,148,177,0,0,0,9.636827e-05
adl-18-cam0-rgb,data/keypoints_normalized/adl/adl-18-cam0-rgb.npz,149,178,0,0,0,9.063751e-05
adl-18-cam0-rgb,data/keypoints_normalized/adl/adl-18-cam0-rgb.npz,150,179,0,0,0,9.1117865e-05
adl-18-cam0-rgb,data/keypoints_normalized/adl/adl-18-cam0-rgb.npz,151,180,0,0,0,9.169061e-05
adl-18-cam0-rgb,data/keypoints_normalized/adl/adl-18-cam0-rgb.npz,152,181,0,0,0,9.235311e-05
adl-18-cam0-rgb,data/keypoints_normalized/adl/adl-18-cam0-rgb.npz,153,182,0,0,0,9.283034e-05
adl-18-cam0-rgb,data/keypoints_normalized/adl/adl-18-cam0-rgb.npz,154,183,0,0,0,9.3877396e-05
adl-18-cam0-rgb,data/keypoints_normalized/adl/adl-18-cam0-rgb.npz,155,184,0,0,0,9.380518e-05
adl-18-cam0-rgb,data/keypoints_normalized/adl/adl-18-cam0-rgb.npz,156,185,0,0,0,9.445866e-05
adl-18-cam0-rgb,data/keypoints_normalized/adl/adl-18-cam0-rgb.npz,157,186,0,0,0,9.544284e-05
adl-18-cam0-rgb,data/keypoints_normalized/adl/adl-18-cam0-rgb.npz,158,187,0,0,0,0.000100480895
adl-18-cam0-rgb,data/keypoints_normalized/adl/adl-18-cam0-rgb.npz,159,188,0,0,0,9.938664e-05
adl-18-cam0-rgb,data/keypoints_normalized/adl/adl-18-cam0-rgb.npz,160,189,0,0,0,9.83539e-05
adl-18-cam0-rgb,data/keypoints_normalized/adl/adl-18-cam0-rgb.npz,161,190,0,0,0,9.123324e-05
adl-18-cam0-rgb,data/keypoints_normalized/adl/adl-18-cam0-rgb.npz,162,191,0,0,0,9.171946e-05
adl-18-cam0-rgb,data/keypoints_normalized/adl/adl-18-cam0-rgb.npz,163,192,0,0,0,9.227636e-05
adl-18-cam0-rgb,data/keypoints_normalized/adl/adl-18-cam0-rgb.npz,164,193,0,0,0,9.220071e-05
adl-18-cam0-rgb,data/keypoints_normalized/adl/adl-18-cam0-rgb.npz,165,194,0,0,0,9.356308e-05
adl-18-cam0-rgb,data/keypoints_normalized/adl/adl-18-cam0-rgb.npz,166,195,0,0,0,9.417158e-05
adl-18-cam0-rgb,data/keypoints_normalized/adl/adl-18-cam0-rgb.npz,167,196,0,0,0,9.502294e-05
adl-18-cam0-rgb,data/keypoints_normalized/adl/adl-18-cam0-rgb.npz,168,197,0,0,0,9.553072e-05
adl-18-cam0-rgb,data/keypoints_normalized/adl/adl-18-cam0-rgb.npz,169,198,0,0,0,9.6923344e-05
adl-18-cam0-rgb,data/keypoints_normalized/adl/adl-18-cam0-rgb.npz,170,199,0,0,0,9.741527e-05
adl-18-cam0-rgb,data/keypoints_normalized/adl/adl-18-cam0-rgb.npz,171,200,0,0,0,9.881209e-05
adl-18-cam0-rgb,data/keypoints_normalized/adl/adl-18-cam0-rgb.npz,172,201,0,0,0,0.000100325604
adl-18-cam0-rgb,data/keypoints_normalized/adl/adl-18-cam0-rgb.npz,173,202,0,0,0,0.000102657905
adl-18-cam0-rgb,data/keypoints_normalized/adl/adl-18-cam0-rgb.npz,174,203,0,0,0,0.00010614296
adl-18-cam0-rgb,data/keypoints_normalized/adl/adl-18-cam0-rgb.npz,175,204,0,0,0,0.00010945629
adl-18-cam0-rgb,data/keypoints_normalized/adl/adl-18-cam0-rgb.npz,176,205,0,0,0,0.00011164872
adl-18-cam0-rgb,data/keypoints_normalized/adl/adl-18-cam0-rgb.npz,177,206,0,0,0,0.00011777907
adl-18-cam0-rgb,data/keypoints_normalized/adl/adl-18-cam0-rgb.npz,178,207,0,0,0,0.00012569658
adl-18-cam0-rgb,data/keypoints_normalized/adl/adl-18-cam0-rgb.npz,179,208,0,0,0,0.0001321139
adl-18-cam0-rgb,data/keypoints_normalized/adl/adl-18-cam0-rgb.npz,180,209,0,0,0,0.00013821335
adl-18-cam0-rgb,data/keypoints_normalized/adl/adl-18-cam0-rgb.npz,181,210,0,0,0,0.00014366384
adl-18-cam0-rgb,data/keypoints_normalized/adl/adl-18-cam0-rgb.npz,182,211,0,0,0,0.00014871222
adl-18-cam0-rgb,data/keypoints_normalized/adl/adl-18-cam0-rgb.npz,183,212,0,0,0,0.0001622912
adl-18-cam0-rgb,data/keypoints_normalized/adl/adl-18-cam0-rgb.npz,184,213,0,0,0,0.00016900305
adl-18-cam0-rgb,data/keypoints_normalized/adl/adl-18-cam0-rgb.npz,185,214,0,0,0,0.00018766621
adl-18-cam0-rgb,data/keypoints_normalized/adl/adl-18-cam0-rgb.npz,186,215,0,0,0,0.00019345725
adl-18-cam0-rgb,data/keypoints_normalized/adl/adl-18-cam0-rgb.npz,187,216,0,0,0,0.00019670825
adl-18-cam0-rgb,data/keypoints_normalized/adl/adl-18-cam0-rgb.npz,188,217,0,0,0,0.00020068743
adl-18-cam0-rgb,data/keypoints_normalized/adl/adl-18-cam0-rgb.npz,189,218,0,0,0,0.00021138108
adl-18-cam0-rgb,data/keypoints_normalized/adl/adl-18-cam0-rgb.npz,190,219,0,0,0,0.00021333642
adl-18-cam0-rgb,data/keypoints_normalized/adl/adl-18-cam0-rgb.npz,191,220,0,0,0,0.00021331607
adl-18-cam0-rgb,data/keypoints_normalized/adl/adl-18-cam0-rgb.npz,192,221,0,0,0,0.00021161039
adl-18-cam0-rgb,data/keypoints_normalized/adl/adl-18-cam0-rgb.npz,193,222,0,0,0,0.00020905065
adl-18-cam0-rgb,data/keypoints_normalized/adl/adl-18-cam0-rgb.npz,194,223,0,0,0,0.0001979221
adl-18-cam0-rgb,data/keypoints_normalized/adl/adl-18-cam0-rgb.npz,195,224,0,0,0,0.00017580927
adl-18-cam0-rgb,data/keypoints_normalized/adl/adl-18-cam0-rgb.npz,196,225,0,0,0,0.0001677447
adl-18-cam0-rgb,data/keypoints_normalized/adl/adl-18-cam0-rgb.npz,197,226,0,0,0,0.00016446404
adl-18-cam0-rgb,data/keypoints_normalized/adl/adl-18-cam0-rgb.npz,198,227,0,0,0,0.00016024927
adl-18-cam0-rgb,data/keypoints_normalized/adl/adl-18-cam0-rgb.npz,199,228,0,0,0,0.00015239471
adl-18-cam0-rgb,data/keypoints_normalized/adl/adl-18-cam0-rgb.npz,200,229,0,0,0,0.00015411676
adl-18-cam0-rgb,data/keypoints_normalized/adl/adl-18-cam0-rgb.npz,201,230,0,0,0,0.00014694307
adl-18-cam0-rgb,data/keypoints_normalized/adl/adl-18-cam0-rgb.npz,202,231,0,0,0,0.00015612491
adl-18-cam0-rgb,data/keypoints_normalized/adl/adl-18-cam0-rgb.npz,203,232,0,0,0,0.00015609112
adl-18-cam0-rgb,data/keypoints_normalized/adl/adl-18-cam0-rgb.npz,204,233,0,0,0,0.0001494959
adl-18-cam0-rgb,data/keypoints_normalized/adl/adl-18-cam0-rgb.npz,205,234,0,0,0,0.00014025446
adl-18-cam0-rgb,data/keypoints_normalized/adl/adl-18-cam0-rgb.npz,206,235,0,0,0,0.0001319126
adl-18-cam0-rgb,data/keypoints_normalized/adl/adl-18-cam0-rgb.npz,207,236,0,0,0,0.00013767392
adl-18-cam0-rgb,data/keypoints_normalized/adl/adl-18-cam0-rgb.npz,208,237,0,0,0,0.00013848658
adl-18-cam0-rgb,data/keypoints_normalized/adl/adl-18-cam0-rgb.npz,209,238,0,0,0,0.00013732884
adl-18-cam0-rgb,data/keypoints_normalized/adl/adl-18-cam0-rgb.npz,210,239,0,0,0,0.00013941097
adl-18-cam0-rgb,data/keypoints_normalized/adl/adl-18-cam0-rgb.npz,211,240,0,0,0,0.0001420716
adl-18-cam0-rgb,data/keypoints_normalized/adl/adl-18-cam0-rgb.npz,212,241,0,0,0,0.00013656648
adl-18-cam0-rgb,data/keypoints_normalized/adl/adl-18-cam0-rgb.npz,213,242,0,0,0,0.00013445335
adl-18-cam0-rgb,data/keypoints_normalized/adl/adl-18-cam0-rgb.npz,214,243,0,0,0,0.00013707556
adl-18-cam0-rgb,data/keypoints_normalized/adl/adl-18-cam0-rgb.npz,215,244,0,0,0,0.00014764236
adl-18-cam0-rgb,data/keypoints_normalized/adl/adl-18-cam0-rgb.npz,216,245,0,0,0,0.00014752541
adl-18-cam0-rgb,data/keypoints_normalized/adl/adl-18-cam0-rgb.npz,217,246,0,0,0,0.00014728184
adl-18-cam0-rgb,data/keypoints_normalized/adl/adl-18-cam0-rgb.npz,218,247,0,0,0,0.00014828898
adl-18-cam0-rgb,data/keypoints_normalized/adl/adl-18-cam0-rgb.npz,219,248,0,0,0,0.00014906388
adl-18-cam0-rgb,data/keypoints_normalized/adl/adl-18-cam0-rgb.npz,220,249,0,0,0,0.00014866544
adl-18-cam0-rgb,data/keypoints_normalized/adl/adl-18-cam0-rgb.npz,221,250,0,0,0,0.00014854869
adl-18-cam0-rgb,data/keypoints_normalized/adl/adl-18-cam0-rgb.npz,222,251,0,0,0,0.00014885495
adl-18-cam0-rgb,data/keypoints_normalized/adl/adl-18-cam0-rgb.npz,223,252,0,0,0,0.00015099197
adl-18-cam0-rgb,data/keypoints_normalized/adl/adl-18-cam0-rgb.npz,224,253,0,0,0,0.00015084764
adl-18-cam0-rgb,data/keypoints_normalized/adl/adl-18-cam0-rgb.npz,225,254,0,0,0,0.00015051746
adl-18-cam0-rgb,data/keypoints_normalized/adl/adl-18-cam0-rgb.npz,226,255,0,0,0,0.00015011012
adl-18-cam0-rgb,data/keypoints_normalized/adl/adl-18-cam0-rgb.npz,227,256,0,0,0,0.00014887426
adl-18-cam0-rgb,data/keypoints_normalized/adl/adl-18-cam0-rgb.npz,228,257,0,0,0,0.00014933718
adl-18-cam0-rgb,data/keypoints_normalized/adl/adl-18-cam0-rgb.npz,229,258,0,0,0,0.00015053611
adl-28-cam0-rgb,data/keypoints_normalized/adl/adl-28-cam0-rgb.npz,1,30,0,0,0,9.739994e-05
adl-28-cam0-rgb,data/keypoints_normalized/adl/adl-28-cam0-rgb.npz,2,31,0,0,0,9.693925e-05
adl-28-cam0-rgb,data/keypoints_normalized/adl/adl-28-cam0-rgb.npz,3,32,0,0,0,9.650491e-05
adl-28-cam0-rgb,data/keypoints_normalized/adl/adl-28-cam0-rgb.npz,4,33,0,0,0,9.61466e-05
adl-28-cam0-rgb,data/keypoints_normalized/adl/adl-28-cam0-rgb.npz,5,34,0,0,0,9.551532e-05
adl-28-cam0-rgb,data/keypoints_normalized/adl/adl-28-cam0-rgb.npz,6,35,0,0,0,9.5254014e-05
adl-28-cam0-rgb,data/keypoints_normalized/adl/adl-28-cam0-rgb.npz,7,36,0,0,0,9.536743e-05
adl-28-cam0-rgb,data/keypoints_normalized/adl/adl-28-cam0-rgb.npz,8,37,0,0,0,9.537516e-05
adl-28-cam0-rgb,data/keypoints_normalized/adl/adl-28-cam0-rgb.npz,9,38,0,0,0,9.641303e-05
adl-28-cam0-rgb,data/keypoints_normalized/adl/adl-28-cam0-rgb.npz,10,39,0,0,0,9.871923e-05
adl-28-cam0-rgb,data/keypoints_normalized/adl/adl-28-cam0-rgb.npz,11,40,0,0,0,0.00010253395
adl-28-cam0-rgb,data/keypoints_normalized/adl/adl-28-cam0-rgb.npz,12,41,0,0,0,0.00010920045
adl-28-cam0-rgb,data/keypoints_normalized/adl/adl-28-cam0-rgb.npz,13,42,0,0,0,0.000117642696
adl-28-cam0-rgb,data/keypoints_normalized/adl/adl-28-cam0-rgb.npz,14,43,0,0,0,0.00012944356
adl-28-cam0-rgb,data/keypoints_normalized/adl/adl-28-cam0-rgb.npz,15,44,0,0,0,0.00014332382
adl-28-cam0-rgb,data/keypoints_normalized/adl/adl-28-cam0-rgb.npz,16,45,0,0,0,0.0001582671
adl-28-cam0-rgb,data/keypoints_normalized/adl/adl-28-cam0-rgb.npz,17,46,0,0,0,0.00017392068
adl-28-cam0-rgb,data/keypoints_normalized/adl/adl-28-cam0-rgb.npz,18,47,0,0,0,0.00018788608
adl-28-cam0-rgb,data/keypoints_normalized/adl/adl-28-cam0-rgb.npz,19,48,0,0,0,0.00019942524
adl-28-cam0-rgb,data/keypoints_normalized/adl/adl-28-cam0-rgb.npz,20,49,0,0,0,0.00020662587
adl-28-cam0-rgb,data/keypoints_normalized/adl/adl-28-cam0-rgb.npz,21,50,0,0,0,0.00020868142
adl-28-cam0-rgb,data/keypoints_normalized/adl/adl-28-cam0-rgb.npz,22,51,0,0,0,0.00020634593
adl-28-cam0-rgb,data/keypoints_normalized/adl/adl-28-cam0-rgb.npz,23,52,0,0,0,0.00019575757
adl-28-cam0-rgb,data/keypoints_normalized/adl/adl-28-cam0-rgb.npz,24,53,0,0,0,0.00017484283
adl-28-cam0-rgb,data/keypoints_normalized/adl/adl-28-cam0-rgb.npz,25,54,0,0,0,0.00014230315
adl-28-cam0-rgb,data/keypoints_normalized/adl/adl-28-cam0-rgb.npz,26,55,0,0,0,0.000104832885
adl-28-cam0-rgb,data/keypoints_normalized/adl/adl-28-cam0-rgb.npz,27,56,0,0,0,8.100833e-05
adl-28-cam0-rgb,data/keypoints_normalized/adl/adl-28-cam0-rgb.npz,28,57,0,0,0,6.712206e-05
adl-28-cam0-rgb,data/keypoints_normalized/adl/adl-28-cam0-rgb.npz,29,58,0,0,0,5.9591406e-05
adl-28-cam0-rgb,data/keypoints_normalized/adl/adl-28-cam0-rgb.npz,30,59,0,0,0,5.5879376e-05
adl-28-cam0-rgb,data/keypoints_normalized/adl/adl-28-cam0-rgb.npz,31,60,0,0,0,5.3956715e-05
adl-28-cam0-rgb,data/keypoints_normalized/adl/adl-28-cam0-rgb.npz,32,61,0,0,0,5.292396e-05
adl-28-cam0-rgb,data/keypoints_normalized/adl/adl-28-cam0-rgb.npz,33,62,0,0,0,5.29175e-05
adl-28-cam0-rgb,data/keypoints_normalized/adl/adl-28-cam0-rgb.npz,34,63,0,0,0,5.357526e-05
adl-28-cam0-rgb,data/keypoints_normalized/adl/adl-28-cam0-rgb.npz,35,64,0,0,0,5.359718e-05
adl-28-cam0-rgb,data/keypoints_normalized/adl/adl-28-cam0-rgb.npz,36,65,0,0,0,5.425102e-05
adl-28-cam0-rgb,data/keypoints_normalized/adl/adl-28-cam0-rgb.npz,37,66,0,0,0,5.5400153e-05
adl-28-cam0-rgb,data/keypoints_normalized/adl/adl-28-cam0-rgb.npz,38,67,0,0,0,5.394509e-05
adl-28-cam0-rgb,data/keypoints_normalized/adl/adl-28-cam0-rgb.npz,39,68,0,0,0,5.2867865e-05
adl-28-cam0-rgb,data/keypoints_normalized/adl/adl-28-cam0-rgb.npz,40,69,0,0,0,5.203308e-05
adl-28-cam0-rgb,data/keypoints_normalized/adl/adl-28-cam0-rgb.npz,41,70,0,0,0,5.0219143e-05
adl-28-cam0-rgb,data/keypoints_normalized/adl/adl-28-cam0-rgb.npz,42,71,0,0,0,5.0139468e-05
adl-28-cam0-rgb,data/keypoints_normalized/adl/adl-28-cam0-rgb.npz,43,72,0,0,0,5.0359373e-05
adl-28-cam0-rgb,data/keypoints_normalized/adl/adl-28-cam0-rgb.npz,44,73,0,0,0,5.0565188e-05
adl-28-cam0-rgb,data/keypoints_normalized/adl/adl-28-cam0-rgb.npz,45,74,0,0,0,5.0661332e-05
adl-28-cam0-rgb,data/keypoints_normalized/adl/adl-28-cam0-rgb.npz,46,75,0,0,0,5.0741935e-05
adl-28-cam0-rgb,data/keypoints_normalized/adl/adl-28-cam0-rgb.npz,47,76,0,0,0,5.0908035e-05
adl-28-cam0-rgb,data/keypoints_normalized/adl/adl-28-cam0-rgb.npz,48,77,0,0,0,5.1047362e-05
adl-28-cam0-rgb,data/keypoints_normalized/adl/adl-28-cam0-rgb.npz,49,78,0,0,0,5.1231895e-05
adl-28-cam0-rgb,data/keypoints_normalized/adl/adl-28-cam0-rgb.npz,50,79,0,0,0,5.1558214e-05
adl-28-cam0-rgb,data/keypoints_normalized/adl/adl-28-cam0-rgb.npz,51,80,0,0,0,5.1841904e-05
adl-28-cam0-rgb,data/keypoints_normalized/adl/adl-28-cam0-rgb.npz,52,81,0,0,0,5.2146144e-05
adl-28-cam0-rgb,data/keypoints_normalized/adl/adl-28-cam0-rgb.npz,53,82,0,0,0,5.2491097e-05
adl-28-cam0-rgb,data/keypoints_normalized/adl/adl-28-cam0-rgb.npz,54,83,0,0,0,5.287397e-05
adl-28-cam0-rgb,data/keypoints_normalized/adl/adl-28-cam0-rgb.npz,55,84,0,0,0,5.3140713e-05
adl-28-cam0-rgb,data/keypoints_normalized/adl/adl-28-cam0-rgb.npz,56,85,0,0,0,5.339857e-05
adl-30-cam0-rgb,data/keypoints_normalized/adl/adl-30-cam0-rgb.npz,22,51,0,0,0,4.772741e-05
adl-30-cam0-rgb,data/keypoints_normalized/adl/adl-30-cam0-rgb.npz,23,52,0,0,0,4.7727684e-05
adl-30-cam0-rgb,data/keypoints_normalized/adl/adl-30-cam0-rgb.npz,24,53,0,0,0,5.338146e-05
adl-30-cam0-rgb,data/keypoints_normalized/adl/adl-30-cam0-rgb.npz,25,54,0,0,0,6.851989e-05
adl-30-cam0-rgb,data/keypoints_normalized/adl/adl-30-cam0-rgb.npz,26,55,0,0,0,6.868286e-05
adl-30-cam0-rgb,data/keypoints_normalized/adl/adl-30-cam0-rgb.npz,27,56,0,0,0,6.8835434e-05
adl-30-cam0-rgb,data/keypoints_normalized/adl/adl-30-cam0-rgb.npz,28,57,0,0,0,6.9049565e-05
adl-30-cam0-rgb,data/keypoints_normalized/adl/adl-30-cam0-rgb.npz,29,58,0,0,0,7.0987306e-05
adl-30-cam0-rgb,data/keypoints_normalized/adl/adl-30-cam0-rgb.npz,30,59,0,0,0,7.1507806e-05
adl-30-cam0-rgb,data/keypoints_normalized/adl/adl-30-cam0-rgb.npz,31,60,0,0,0,7.222465e-05
adl-30-cam0-rgb,data/keypoints_normalized/adl/adl-30-cam0-rgb.npz,32,61,0,0,0,7.2792805e-05
adl-30-cam0-rgb,data/keypoints_normalized/adl/adl-30-cam0-rgb.npz,33,62,0,0,0,7.367153e-05
adl-30-cam0-rgb,data/keypoints_normalized/adl/adl-30-cam0-rgb.npz,34,63,0,0,0,7.4755786e-05
adl-30-cam0-rgb,data/keypoints_normalized/adl/adl-30-cam0-rgb.npz,35,64,0,0,0,7.5640375e-05
adl-30-cam0-rgb,data/keypoints_normalized/adl/adl-30-cam0-rgb.npz,36,65,0,0,0,7.677271e-05
adl-30-cam0-rgb,data/keypoints_normalized/adl/adl-30-cam0-rgb.npz,37,66,0,0,0,7.7745564e-05
adl-30-cam0-rgb,data/keypoints_normalized/adl/adl-30-cam0-rgb.npz,38,67,0,0,0,7.902297e-05
adl-30-cam0-rgb,data/keypoints_normalized/adl/adl-30-cam0-rgb.npz,39,68,0,0,0,8.03379e-05
adl-30-cam0-rgb,data/keypoints_normalized/adl/adl-30-cam0-rgb.npz,40,69,0,0,0,8.1517144e-05
adl-30-cam0-rgb,data/keypoints_normalized/adl/adl-30-cam0-rgb.npz,41,70,0,0,0,8.280785e-05
adl-30-cam0-rgb,data/keypoints_normalized/adl/adl-30-cam0-rgb.npz,42,71,0,0,0,8.41531e-05
adl-30-cam0-rgb,data/keypoints_normalized/adl/adl-30-cam0-rgb.npz,43,72,0,0,0,8.522256e-05
adl-30-cam0-rgb,data/keypoints_normalized/adl/adl-30-cam0-rgb.npz,44,73,0,0,0,8.642049e-05
adl-30-cam0-rgb,data/keypoints_normalized/adl/adl-30-cam0-rgb.npz,45,74,0,0,0,8.740026e-05
adl-30-cam0-rgb,data/keypoints_normalized/adl/adl-30-cam0-rgb.npz,46,75,0,0,0,8.754891e-05
adl-30-cam0-rgb,data/keypoints_normalized/adl/adl-30-cam0-rgb.npz,47,76,0,0,0,8.82573e-05
adl-30-cam0-rgb,data/keypoints_normalized/adl/adl-30-cam0-rgb.npz,48,77,0,0,0,8.901995e-05
adl-30-cam0-rgb,data/keypoints_normalized/adl/adl-30-cam0-rgb.npz,49,78,0,0,0,8.9718254e-05
adl-30-cam0-rgb,data/keypoints_normalized/adl/adl-30-cam0-rgb.npz,50,79,0,0,0,9.042083e-05
adl-30-cam0-rgb,data/keypoints_normalized/adl/adl-30-cam0-rgb.npz,51,80,0,0,0,9.149408e-05
adl-30-cam0-rgb,data/keypoints_normalized/adl/adl-30-cam0-rgb.npz,52,81,0,0,0,9.3005256e-05
adl-30-cam0-rgb,data/keypoints_normalized/adl/adl-30-cam0-rgb.npz,53,82,0,0,0,9.331583e-05
adl-30-cam0-rgb,data/keypoints_normalized/adl/adl-30-cam0-rgb.npz,54,83,0,0,0,9.4267525e-05
adl-30-cam0-rgb,data/keypoints_normalized/adl/adl-30-cam0-rgb.npz,55,84,0,0,0,9.524402e-05
adl-30-cam0-rgb,data/keypoints_normalized/adl/adl-30-cam0-rgb.npz,56,85,0,0,0,9.427355e-05
adl-30-cam0-rgb,data/keypoints_normalized/adl/adl-30-cam0-rgb.npz,57,86,0,0,0,9.4721676e-05
adl-30-cam0-rgb,data/keypoints_normalized/adl/adl-30-cam0-rgb.npz,58,87,0,0,0,9.406863e-05
adl-30-cam0-rgb,data/keypoints_normalized/adl/adl-30-cam0-rgb.npz,59,88,0,0,0,9.26169e-05
adl-30-cam0-rgb,data/keypoints_normalized/adl/adl-30-cam0-rgb.npz,60,89,0,0,0,9.378372e-05
adl-30-cam0-rgb,data/keypoints_normalized/adl/adl-30-cam0-rgb.npz,61,90,0,0,0,9.560189e-05
adl-30-cam0-rgb,data/keypoints_normalized/adl/adl-30-cam0-rgb.npz,62,91,0,0,0,9.703562e-05
adl-30-cam0-rgb,data/keypoints_normalized/adl/adl-30-cam0-rgb.npz,63,92,0,0,0,9.7024145e-05
adl-30-cam0-rgb,data/keypoints_normalized/adl/adl-30-cam0-rgb.npz,64,93,0,0,0,9.466822e-05
adl-30-cam0-rgb,data/keypoints_normalized/adl/adl-30-cam0-rgb.npz,65,94,0,0,0,9.515951e-05
adl-30-cam0-rgb,data/keypoints_normalized/adl/adl-30-cam0-rgb.npz,66,95,0,0,0,9.560782e-05
adl-30-cam0-rgb,data/keypoints_normalized/adl/adl-30-cam0-rgb.npz,67,96,0,0,0,9.623604e-05
adl-30-cam0-rgb,data/keypoints_normalized/adl/adl-30-cam0-rgb.npz,68,97,0,0,0,9.6684445e-05
adl-30-cam0-rgb,data/keypoints_normalized/adl/adl-30-cam0-rgb.npz,69,98,0,0,0,9.756448e-05
adl-30-cam0-rgb,data/keypoints_normalized/adl/adl-30-cam0-rgb.npz,70,99,0,0,0,9.890286e-05
adl-30-cam0-rgb,data/keypoints_normalized/adl/adl-30-cam0-rgb.npz,71,100,0,0,0,9.912796e-05
adl-30-cam0-rgb,data/keypoints_normalized/adl/adl-30-cam0-rgb.npz,72,101,0,0,0,9.953241e-05
adl-30-cam0-rgb,data/keypoints_normalized/adl/adl-30-cam0-rgb.npz,73,102,0,0,0,0.000100766076
adl-30-cam0-rgb,data/keypoints_normalized/adl/adl-30-cam0-rgb.npz,74,103,0,0,0,0.00010236562
adl-30-cam0-rgb,data/keypoints_normalized/adl/adl-30-cam0-rgb.npz,75,104,0,0,0,0.00010311274
adl-30-cam0-rgb,data/keypoints_normalized/adl/adl-30-cam0-rgb.npz,76,105,0,0,0,0.00010422099
adl-30-cam0-rgb,data/keypoints_normalized/adl/adl-30-cam0-rgb.npz,77,106,0,0,0,0.00010483697
adl-30-cam0-rgb,data/keypoints_normalized/adl/adl-30-cam0-rgb.npz,78,107,0,0,0,0.00010609317
adl-30-cam0-rgb,data/keypoints_normalized/adl/adl-30-cam0-rgb.npz,79,108,0,0,0,0.00010709222
adl-30-cam0-rgb,data/keypoints_normalized/adl/adl-30-cam0-rgb.npz,80,109,0,0,0,0.000108101085
adl-30-cam0-rgb,data/keypoints_normalized/adl/adl-30-cam0-rgb.npz,81,110,0,0,0,0.00010864363
adl-30-cam0-rgb,data/keypoints_normalized/adl/adl-30-cam0-rgb.npz,82,111,0,0,0,0.00011016571
adl-30-cam0-rgb,data/keypoints_normalized/adl/adl-30-cam0-rgb.npz,83,112,0,0,0,0.00011142728
adl-30-cam0-rgb,data/keypoints_normalized/adl/adl-30-cam0-rgb.npz,84,113,0,0,0,0.000112367634
adl-30-cam0-rgb,data/keypoints_normalized/adl/adl-30-cam0-rgb.npz,85,114,0,0,0,0.000115530805
adl-30-cam0-rgb,data/keypoints_normalized/adl/adl-30-cam0-rgb.npz,86,115,0,0,0,0.00011579374
adl-30-cam0-rgb,data/keypoints_normalized/adl/adl-30-cam0-rgb.npz,87,116,0,0,0,0.00011595041
adl-30-cam0-rgb,data/keypoints_normalized/adl/adl-30-cam0-rgb.npz,88,117,0,0,0,0.00011608604
adl-30-cam0-rgb,data/keypoints_normalized/adl/adl-30-cam0-rgb.npz,89,118,0,0,0,0.00011592099
adl-30-cam0-rgb,data/keypoints_normalized/adl/adl-30-cam0-rgb.npz,90,119,0,0,0,0.00011576315
adl-30-cam0-rgb,data/keypoints_normalized/adl/adl-30-cam0-rgb.npz,91,120,0,0,0,0.000115790426
adl-30-cam0-rgb,data/keypoints_normalized/adl/adl-30-cam0-rgb.npz,92,121,0,0,0,0.00011613764
adl-30-cam0-rgb,data/keypoints_normalized/adl/adl-30-cam0-rgb.npz,93,122,0,0,0,0.000116620264
adl-30-cam0-rgb,data/keypoints_normalized/adl/adl-30-cam0-rgb.npz,94,123,0,0,0,0.00011735037
adl-30-cam0-rgb,data/keypoints_normalized/adl/adl-30-cam0-rgb.npz,95,124,0,0,0,0.000117484844
adl-30-cam0-rgb,data/keypoints_normalized/adl/adl-30-cam0-rgb.npz,96,125,0,0,0,0.00011751825
adl-30-cam0-rgb,data/keypoints_normalized/adl/adl-30-cam0-rgb.npz,97,126,0,0,0,0.00011734669
adl-30-cam0-rgb,data/keypoints_normalized/adl/adl-30-cam0-rgb.npz,98,127,0,0,0,0.000117475094
adl-30-cam0-rgb,data/keypoints_normalized/adl/adl-30-cam0-rgb.npz,99,128,0,0,0,0.00011709363
adl-30-cam0-rgb,data/keypoints_normalized/adl/adl-30-cam0-rgb.npz,100,129,0,0,0,0.0001173957
adl-30-cam0-rgb,data/keypoints_normalized/adl/adl-30-cam0-rgb.npz,101,130,0,0,0,0.000116582465
adl-30-cam0-rgb,data/keypoints_normalized/adl/adl-30-cam0-rgb.npz,102,131,0,0,0,0.000116410054
adl-30-cam0-rgb,data/keypoints_normalized/adl/adl-30-cam0-rgb.npz,103,132,0,0,0,0.000115710835
adl-30-cam0-rgb,data/keypoints_normalized/adl/adl-30-cam0-rgb.npz,104,133,0,0,0,0.00011555075
adl-30-cam0-rgb,data/keypoints_normalized/adl/adl-30-cam0-rgb.npz,105,134,0,0,0,0.000115328265
adl-30-cam0-rgb,data/keypoints_normalized/adl/adl-30-cam0-rgb.npz,106,135,0,0,0,0.00011528089
adl-30-cam0-rgb,data/keypoints_normalized/adl/adl-30-cam0-rgb.npz,107,136,0,0,0,0.00011527264
adl-30-cam0-rgb,data/keypoints_normalized/adl/adl-30-cam0-rgb.npz,108,137,0,0,0,0.000115350376
adl-30-cam0-rgb,data/keypoints_normalized/adl/adl-30-cam0-rgb.npz,109,138,0,0,0,0.00011595406
adl-30-cam0-rgb,data/keypoints_normalized/adl/adl-30-cam0-rgb.npz,110,139,0,0,0,0.000115933486
adl-30-cam0-rgb,data/keypoints_normalized/adl/adl-30-cam0-rgb.npz,111,140,0,0,0,0.00011591736
adl-30-cam0-rgb,data/keypoints_normalized/adl/adl-30-cam0-rgb.npz,112,141,0,0,0,0.00011599298
adl-30-cam0-rgb,data/keypoints_normalized/adl/adl-30-cam0-rgb.npz,113,142,0,0,0,0.00011606689
adl-30-cam0-rgb,data/keypoints_normalized/adl/adl-30-cam0-rgb.npz,114,143,0,0,0,0.0001164226
adl-30-cam0-rgb,data/keypoints_normalized/adl/adl-30-cam0-rgb.npz,115,144,0,0,0,0.00011637742
adl-30-cam0-rgb,data/keypoints_normalized/adl/adl-30-cam0-rgb.npz,116,145,0,0,0,0.00011677048
adl-30-cam0-rgb,data/keypoints_normalized/adl/adl-30-cam0-rgb.npz,117,146,0,0,0,0.00011702888
adl-30-cam0-rgb,data/keypoints_normalized/adl/adl-30-cam0-rgb.npz,118,147,0,0,0,0.00011672675
adl-30-cam0-rgb,data/keypoints_normalized/adl/adl-30-cam0-rgb.npz,119,148,0,0,0,0.00011644558
adl-30-cam0-rgb,data/keypoints_normalized/adl/adl-30-cam0-rgb.npz,120,149,0,0,0,0.000115476825
adl-30-cam0-rgb,data/keypoints_normalized/adl/adl-30-cam0-rgb.npz,121,150,0,0,0,0.000114558614
adl-30-cam0-rgb,data/keypoints_normalized/adl/adl-30-cam0-rgb.npz,122,151,0,0,0,0.0001139884
adl-30-cam0-rgb,data/keypoints_normalized/adl/adl-30-cam0-rgb.npz,123,152,0,0,0,0.00011341916
adl-30-cam0-rgb,data/keypoints_normalized/adl/adl-30-cam0-rgb.npz,124,153,0,0,0,0.00011218948
adl-30-cam0-rgb,data/keypoints_normalized/adl/adl-30-cam0-rgb.npz,125,154,0,0,0,0.000111053145
adl-30-cam0-rgb,data/keypoints_normalized/adl/adl-30-cam0-rgb.npz,126,155,0,0,0,0.00011038905
adl-30-cam0-rgb,data/keypoints_normalized/adl/adl-30-cam0-rgb.npz,127,156,0,0,0,0.00010938982
adl-30-cam0-rgb,data/keypoints_normalized/adl/adl-30-cam0-rgb.npz,128,157,0,0,0,0.000109010776
adl-30-cam0-rgb,data/keypoints_normalized/adl/adl-30-cam0-rgb.npz,129,158,0,0,0,0.000108630484
adl-30-cam0-rgb,data/keypoints_normalized/adl/adl-30-cam0-rgb.npz,130,159,0,0,0,0.00010932078
adl-30-cam0-rgb,data/keypoints_normalized/adl/adl-30-cam0-rgb.npz,131,160,0,0,0,0.00011024515
adl-30-cam0-rgb,data/keypoints_normalized/adl/adl-30-cam0-rgb.npz,132,161,0,0,0,0.000112924376
adl-30-cam0-rgb,data/keypoints_normalized/adl/adl-30-cam0-rgb.npz,133,162,0,0,0,0.00011704506
adl-30-cam0-rgb,data/keypoints_normalized/adl/adl-30-cam0-rgb.npz,134,163,0,0,0,0.00012245815
adl-30-cam0-rgb,data/keypoints_normalized/adl/adl-30-cam0-rgb.npz,135,164,0,0,0,0.00013126127
adl-30-cam0-rgb,data/keypoints_normalized/adl/adl-30-cam0-rgb.npz,136,165,0,0,0,0.0001451421
adl-30-cam0-rgb,data/keypoints_normalized/adl/adl-30-cam0-rgb.npz,137,166,0,0,0,0.00016675085
adl-30-cam0-rgb,data/keypoints_normalized/adl/adl-30-cam0-rgb.npz,138,167,0,0,0,0.00020310526
adl-30-cam0-rgb,data/keypoints_normalized/adl/adl-30-cam0-rgb.npz,139,168,0,0,0,0.00026531657
adl-30-cam0-rgb,data/keypoints_normalized/adl/adl-30-cam0-rgb.npz,140,169,0,0,0,0.00036945296
adl-30-cam0-rgb,data/keypoints_normalized/adl/adl-30-cam0-rgb.npz,141,170,0,0,0,0.000549529
adl-30-cam0-rgb,data/keypoints_normalized/adl/adl-30-cam0-rgb.npz,142,171,0,0,0,0.0008486212
adl-30-cam0-rgb,data/keypoints_normalized/adl/adl-30-cam0-rgb.npz,143,172,0,0,0,0.0013362278
adl-30-cam0-rgb,data/keypoints_normalized/adl/adl-30-cam0-rgb.npz,144,173,0,0,0,0.0020422915
adl-30-cam0-rgb,data/keypoints_normalized/adl/adl-30-cam0-rgb.npz,145,174,0,0,0,0.0027955768
adl-30-cam0-rgb,data/keypoints_normalized/adl/adl-30-cam0-rgb.npz,146,175,0,0,0,0.0030668965
adl-30-cam0-rgb,data/keypoints_normalized/adl/adl-30-cam0-rgb.npz,147,176,0,0,0,0.0025314628
adl-30-cam0-rgb,data/keypoints_normalized/adl/adl-30-cam0-rgb.npz,148,177,0,0,0,0.0015485592
adl-30-cam0-rgb,data/keypoints_normalized/adl/adl-30-cam0-rgb.npz,149,178,0,0,0,0.0007500938
adl-30-cam0-rgb,data/keypoints_normalized/adl/adl-30-cam0-rgb.npz,150,179,0,0,0,0.00032871874
adl-30-cam0-rgb,data/keypoints_normalized/adl/adl-30-cam0-rgb.npz,151,180,0,0,0,0.00017794064
adl-30-cam0-rgb,data/keypoints_normalized/adl/adl-30-cam0-rgb.npz,152,181,0,0,0,0.00012744113
adl-30-cam0-rgb,data/keypoints_normalized/adl/adl-30-cam0-rgb.npz,153,182,0,0,0,0.00010505374
adl-30-cam0-rgb,data/keypoints_normalized/adl/adl-30-cam0-rgb.npz,154,183,0,0,0,9.695302e-05
adl-30-cam0-rgb,data/keypoints_normalized/adl/adl-30-cam0-rgb.npz,155,184,0,0,0,9.6294774e-05
adl-30-cam0-rgb,data/keypoints_normalized/adl/adl-30-cam0-rgb.npz,156,185,0,0,0,0.00010067722
adl-30-cam0-rgb,data/keypoints_normalized/adl/adl-30-cam0-rgb.npz,157,186,0,0,0,0.00010764478
adl-30-cam0-rgb,data/keypoints_normalized/adl/adl-30-cam0-rgb.npz,158,187,0,0,0,0.00011705377
adl-30-cam0-rgb,data/keypoints_normalized/adl/adl-30-cam0-rgb.npz,159,188,0,0,0,0.00012887151
adl-30-cam0-rgb,data/keypoints_normalized/adl/adl-30-cam0-rgb.npz,160,189,0,0,0,0.00014163714
adl-30-cam0-rgb,data/keypoints_normalized/adl/adl-30-cam0-rgb.npz,161,190,0,0,0,0.00016012295
adl-30-cam0-rgb,data/keypoints_normalized/adl/adl-30-cam0-rgb.npz,162,191,0,0,0,0.00018059934
adl-30-cam0-rgb,data/keypoints_normalized/adl/adl-30-cam0-rgb.npz,163,192,0,0,0,0.00020787217
adl-30-cam0-rgb,data/keypoints_normalized/adl/adl-30-cam0-rgb.npz,164,193,0,0,0,0.0002027477
adl-30-cam0-rgb,data/keypoints_normalized/adl/adl-30-cam0-rgb.npz,165,194,0,0,0,0.00023158571
adl-30-cam0-rgb,data/keypoints_normalized/adl/adl-30-cam0-rgb.npz,166,195,0,0,0,0.0002582119
adl-30-cam0-rgb,data/keypoints_normalized/adl/adl-30-cam0-rgb.npz,167,196,0,0,0,0.0001870927
adl-30-cam0-rgb,data/keypoints_normalized/adl/adl-30-cam0-rgb.npz,168,197,0,0,0,0.00021283863
adl-30-cam0-rgb,data/keypoints_normalized/adl/adl-30-cam0-rgb.npz,169,198,0,0,0,0.00023896148
adl-30-cam0-rgb,data/keypoints_normalized/adl/adl-30-cam0-rgb.npz,170,199,0,0,0,0.0002665701
adl-30-cam0-rgb,data/keypoints_normalized/adl/adl-30-cam0-rgb.npz,171,200,0,0,0,0.00030845363
adl-30-cam0-rgb,data/keypoints_normalized/adl/adl-30-cam0-rgb.npz,172,201,0,0,0,0.00033825892
adl-30-cam0-rgb,data/keypoints_normalized/adl/adl-30-cam0-rgb.npz,173,202,0,0,0,0.00035984072
adl-30-cam0-rgb,data/keypoints_normalized/adl/adl-30-cam0-rgb.npz,174,203,0,0,0,0.00037640976
adl-30-cam0-rgb,data/keypoints_normalized/adl/adl-30-cam0-rgb.npz,175,204,0,0,0,0.00023568414
adl-30-cam0-rgb,data/keypoints_normalized/adl/adl-30-cam0-rgb.npz,176,205,0,0,0,0.00021514788
adl-30-cam0-rgb,data/keypoints_normalized/adl/adl-30-cam0-rgb.npz,177,206,0,0,0,0.00023718324
adl-30-cam0-rgb,data/keypoints_normalized/adl/adl-30-cam0-rgb.npz,178,207,0,0,0,0.00026843703
adl-30-cam0-rgb,data/keypoints_normalized/adl/adl-30-cam0-rgb.npz,179,208,0,0,0,0.0002782821
adl-30-cam0-rgb,data/keypoints_normalized/adl/adl-30-cam0-rgb.npz,180,209,0,0,0,0.0002632413
adl-30-cam0-rgb,data/keypoints_normalized/adl/adl-30-cam0-rgb.npz,181,210,0,0,0,0.00026311862
adl-30-cam0-rgb,data/keypoints_normalized/adl/adl-30-cam0-rgb.npz,182,211,0,0,0,0.0002490292
adl-30-cam0-rgb,data/keypoints_normalized/adl/adl-30-cam0-rgb.npz,183,212,0,0,0,0.0002352511
adl-30-cam0-rgb,data/keypoints_normalized/adl/adl-30-cam0-rgb.npz,184,213,0,0,0,0.00022238349
adl-30-cam0-rgb,data/keypoints_normalized/adl/adl-30-cam0-rgb.npz,185,214,0,0,0,0.00020667199
adl-30-cam0-rgb,data/keypoints_normalized/adl/adl-30-cam0-rgb.npz,186,215,0,0,0,0.00019134572
adl-30-cam0-rgb,data/keypoints_normalized/adl/adl-30-cam0-rgb.npz,187,216,0,0,0,0.00017978117
adl-30-cam0-rgb,data/keypoints_normalized/adl/adl-30-cam0-rgb.npz,188,217,0,0,0,0.00016375394
adl-30-cam0-rgb,data/keypoints_normalized/adl/adl-30-cam0-rgb.npz,189,218,0,0,0,0.00014875732
adl-30-cam0-rgb,data/keypoints_normalized/adl/adl-30-cam0-rgb.npz,190,219,0,0,0,0.00013500256
adl-30-cam0-rgb,data/keypoints_normalized/adl/adl-30-cam0-rgb.npz,191,220,0,0,0,0.00012382514
adl-30-cam0-rgb,data/keypoints_normalized/adl/adl-30-cam0-rgb.npz,192,221,0,0,0,0.00011399927
adl-30-cam0-rgb,data/keypoints_normalized/adl/adl-30-cam0-rgb.npz,193,222,0,0,0,0.00010377363
adl-30-cam0-rgb,data/keypoints_normalized/adl/adl-30-cam0-rgb.npz,194,223,0,0,0,9.577454e-05
adl-30-cam0-rgb,data/keypoints_normalized/adl/adl-30-cam0-rgb.npz,195,224,0,0,0,8.899678e-05
adl-30-cam0-rgb,data/keypoints_normalized/adl/adl-30-cam0-rgb.npz,196,225,0,0,0,8.4190186e-05
adl-30-cam0-rgb,data/keypoints_normalized/adl/adl-30-cam0-rgb.npz,197,226,0,0,0,6.0276678e-05
adl-30-cam0-rgb,data/keypoints_normalized/adl/adl-30-cam0-rgb.npz,198,227,0,0,0,5.7903835e-05
adl-30-cam0-rgb,data/keypoints_normalized/adl/adl-30-cam0-rgb.npz,199,228,0,0,0,5.572782e-05
adl-30-cam0-rgb,data/keypoints_normalized/adl/adl-30-cam0-rgb.npz,200,229,0,0,0,5.424098e-05
adl-30-cam0-rgb,data/keypoints_normalized/adl/adl-30-cam0-rgb.npz,201,230,0,0,0,5.295668e-05
adl-30-cam0-rgb,data/keypoints_normalized/adl/adl-30-cam0-rgb.npz,202,231,0,0,0,5.229015e-05
adl-30-cam0-rgb,data/keypoints_normalized/adl/adl-30-cam0-rgb.npz,203,232,0,0,0,5.0563933e-05
adl-30-cam0-rgb,data/keypoints_normalized/adl/adl-30-cam0-rgb.npz,204,233,0,0,0,5.038954e-05
adl-30-cam0-rgb,data/keypoints_normalized/adl/adl-30-cam0-rgb.npz,205,234,0,0,0,4.9786126e-05
adl-30-cam0-rgb,data/keypoints_normalized/adl/adl-30-cam0-rgb.npz,206,235,0,0,0,4.872518e-05
adl-30-cam0-rgb,data/keypoints_normalized/adl/adl-30-cam0-rgb.npz,207,236,0,0,0,4.860757e-05
adl-30-cam0-rgb,data/keypoints_normalized/adl/adl-30-cam0-rgb.npz,208,237,0,0,0,4.8772083e-05
adl-30-cam0-rgb,data/keypoints_normalized/adl/adl-30-cam0-rgb.npz,209,238,0,0,0,4.9168935e-05
adl-30-cam0-rgb,data/keypoints_normalized/adl/adl-30-cam0-rgb.npz,210,239,0,0,0,5.002866e-05
adl-30-cam0-rgb,data/keypoints_normalized/adl/adl-30-cam0-rgb.npz,211,240,0,0,0,5.0889783e-05
adl-30-cam0-rgb,data/keypoints_normalized/adl/adl-30-cam0-rgb.npz,212,241,0,0,0,5.184195e-05
adl-30-cam0-rgb,data/keypoints_normalized/adl/adl-30-cam0-rgb.npz,213,242,0,0,0,5.2736195e-05
adl-30-cam0-rgb,data/keypoints_normalized/adl/adl-30-cam0-rgb.npz,214,243,0,0,0,5.3890082e-05
adl-30-cam0-rgb,data/keypoints_normalized/adl/adl-30-cam0-rgb.npz,215,244,0,0,0,5.7663852e-05
adl-30-cam0-rgb,data/keypoints_normalized/adl/adl-30-cam0-rgb.npz,216,245,0,0,0,6.324656e-05
adl-30-cam0-rgb,data/keypoints_normalized/adl/adl-30-cam0-rgb.npz,217,246,0,0,0,7.1504604e-05
adl-30-cam0-rgb,data/keypoints_normalized/adl/adl-30-cam0-rgb.npz,218,247,0,0,0,8.0799335e-05
adl-30-cam0-rgb,data/keypoints_normalized/adl/adl-30-cam0-rgb.npz,219,248,0,0,0,0.000103087965
adl-30-cam0-rgb,data/keypoints_normalized/adl/adl-30-cam0-rgb.npz,220,249,0,0,0,0.0001668617
adl-30-cam0-rgb,data/keypoints_normalized/adl/adl-30-cam0-rgb.npz,221,250,0,0,0,0.00033350283
adl-30-cam0-rgb,data/keypoints_normalized/adl/adl-30-cam0-rgb.npz,222,251,0,0,0,0.0012325388
adl-30-cam0-rgb,data/keypoints_normalized/adl/adl-30-cam0-rgb.npz,223,252,0,0,0,0.008143783
adl-30-cam0-rgb,data/keypoints_normalized/adl/adl-30-cam0-rgb.npz,224,253,0,0,0,0.07839766
adl-30-cam0-rgb,data/keypoints_normalized/adl/adl-30-cam0-rgb.npz,225,254,0,0,0,0.47436243
adl-30-cam0-rgb,data/keypoints_normalized/adl/adl-30-cam0-rgb.npz,226,255,0,0,1,0.91724205
adl-30-cam0-rgb,data/keypoints_normalized/adl/adl-30-cam0-rgb.npz,227,256,0,0,1,0.98952836
adl-30-cam0-rgb,data/keypoints_normalized/adl/adl-30-cam0-rgb.npz,228,257,0,0,1,0.9983966
adl-30-cam0-rgb,data/keypoints_normalized/adl/adl-30-cam0-rgb.npz,229,258,0,0,1,0.9996195
adl-30-cam0-rgb,data/keypoints_normalized/adl/adl-30-cam0-rgb.npz,230,259,0,0,1,0.9998776
adl-30-cam0-rgb,data/keypoints_normalized/adl/adl-30-cam0-rgb.npz,231,260,0,0,1,0.9999471
adl-30-cam0-rgb,data/keypoints_normalized/adl/adl-30-cam0-rgb.npz,232,261,0,0,1,0.9999765
adl-30-cam0-rgb,data/keypoints_normalized/adl/adl-30-cam0-rgb.npz,233,262,0,0,1,0.99997973
adl-30-cam0-rgb,data/keypoints_normalized/adl/adl-30-cam0-rgb.npz,234,263,0,0,1,0.99998057
adl-30-cam0-rgb,data/keypoints_normalized/adl/adl-30-cam0-rgb.npz,235,264,0,0,1,0.9999807
adl-30-cam0-rgb,data/keypoints_normalized/adl/adl-30-cam0-rgb.npz,236,265,0,0,1,0.99997807
adl-30-cam0-rgb,data/keypoints_normalized/adl/adl-30-cam0-rgb.npz,237,266,0,0,1,0.99997866
adl-30-cam0-rgb,data/keypoints_normalized/adl/adl-30-cam0-rgb.npz,238,267,0,0,1,0.99997723
adl-30-cam0-rgb,data/keypoints_normalized/adl/adl-30-cam0-rgb.npz,239,268,0,0,1,0.99997544
adl-30-cam0-rgb,data/keypoints_normalized/adl/adl-30-cam0-rgb.npz,240,269,0,0,1,0.99997234
adl-30-cam0-rgb,data/keypoints_normalized/adl/adl-30-cam0-rgb.npz,241,270,0,0,1,0.9999659
adl-30-cam0-rgb,data/keypoints_normalized/adl/adl-30-cam0-rgb.npz,242,271,0,0,1,0.9999535
adl-30-cam0-rgb,data/keypoints_normalized/adl/adl-30-cam0-rgb.npz,243,272,0,0,1,0.99982184
adl-30-cam0-rgb,data/keypoints_normalized/adl/adl-30-cam0-rgb.npz,244,273,0,0,1,0.9996352
adl-30-cam0-rgb,data/keypoints_normalized/adl/adl-30-cam0-rgb.npz,245,274,0,0,1,0.9991308
adl-30-cam0-rgb,data/keypoints_normalized/adl/adl-30-cam0-rgb.npz,246,275,0,0,1,0.99722594
adl-30-cam0-rgb,data/keypoints_normalized/adl/adl-30-cam0-rgb.npz,247,276,0,0,1,0.97720057
adl-30-cam0-rgb,data/keypoints_normalized/adl/adl-30-cam0-rgb.npz,248,277,0,0,1,0.92305523
adl-30-cam0-rgb,data/keypoints_normalized/adl/adl-30-cam0-rgb.npz,249,278,0,0,1,0.76848173
adl-30-cam0-rgb,data/keypoints_normalized/adl/adl-30-cam0-rgb.npz,250,279,0,0,0,0.094680704
adl-30-cam0-rgb,data/keypoints_normalized/adl/adl-30-cam0-rgb.npz,251,280,0,0,0,0.033128027
adl-30-cam0-rgb,data/keypoints_normalized/adl/adl-30-cam0-rgb.npz,252,281,0,0,0,0.012361858
adl-30-cam0-rgb,data/keypoints_normalized/adl/adl-30-cam0-rgb.npz,253,282,0,0,0,0.004070716
adl-30-cam0-rgb,data/keypoints_normalized/adl/adl-30-cam0-rgb.npz,254,283,0,0,0,0.0012673723
adl-30-cam0-rgb,data/keypoints_normalized/adl/adl-30-cam0-rgb.npz,255,284,0,0,0,0.00044164283
adl-30-cam0-rgb,data/keypoints_normalized/adl/adl-30-cam0-rgb.npz,256,285,0,0,0,0.00022529796
adl-30-cam0-rgb,data/keypoints_normalized/adl/adl-30-cam0-rgb.npz,257,286,0,0,0,5.369238e-05
adl-30-cam0-rgb,data/keypoints_normalized/adl/adl-30-cam0-rgb.npz,258,287,0,0,0,6.611567e-05
adl-30-cam0-rgb,data/keypoints_normalized/adl/adl-30-cam0-rgb.npz,259,288,0,0,0,6.7628614e-05
adl-30-cam0-rgb,data/keypoints_normalized/adl/adl-30-cam0-rgb.npz,260,289,0,0,0,6.855186e-05
adl-30-cam0-rgb,data/keypoints_normalized/adl/adl-30-cam0-rgb.npz,261,290,0,0,0,6.941605e-05
adl-30-cam0-rgb,data/keypoints_normalized/adl/adl-30-cam0-rgb.npz,262,291,0,0,0,6.9847585e-05
adl-30-cam0-rgb,data/keypoints_normalized/adl/adl-30-cam0-rgb.npz,263,292,0,0,0,7.01037e-05
adl-30-cam0-rgb,data/keypoints_normalized/adl/adl-30-cam0-rgb.npz,264,293,0,0,0,7.060008e-05
adl-30-cam0-rgb,data/keypoints_normalized/adl/adl-30-cam0-rgb.npz,265,294,0,0,0,7.121716e-05
adl-30-cam0-rgb,data/keypoints_normalized/adl/adl-30-cam0-rgb.npz,266,295,0,0,0,7.6809105e-05
adl-30-cam0-rgb,data/keypoints_normalized/adl/adl-30-cam0-rgb.npz,267,296,0,0,0,7.439253e-05
adl-30-cam0-rgb,data/keypoints_normalized/adl/adl-30-cam0-rgb.npz,268,297,0,0,0,6.93233e-05
adl-30-cam0-rgb,data/keypoints_normalized/adl/adl-30-cam0-rgb.npz,269,298,0,0,0,7.192642e-05
adl-30-cam0-rgb,data/keypoints_normalized/adl/adl-30-cam0-rgb.npz,270,299,0,0,0,6.296073e-05
adl-30-cam0-rgb,data/keypoints_normalized/adl/adl-30-cam0-rgb.npz,271,300,0,0,0,5.560653e-05
adl-30-cam0-rgb,data/keypoints_normalized/adl/adl-30-cam0-rgb.npz,272,301,0,0,0,8.409382e-05
adl-30-cam0-rgb,data/keypoints_normalized/adl/adl-30-cam0-rgb.npz,273,302,0,0,0,4.3713688e-05
adl-30-cam0-rgb,data/keypoints_normalized/adl/adl-30-cam0-rgb.npz,274,303,0,0,0,4.3713688e-05
adl-30-cam0-rgb,data/keypoints_normalized/adl/adl-30-cam0-rgb.npz,275,304,0,0,0,4.3713688e-05
adl-30-cam0-rgb,data/keypoints_normalized/adl/adl-30-cam0-rgb.npz,276,305,0,0,0,4.3713688e-05
adl-30-cam0-rgb,data/keypoints_normalized/adl/adl-30-cam0-rgb.npz,277,306,0,0,0,4.3713688e-05
adl-30-cam0-rgb,data/keypoints_normalized/adl/adl-30-cam0-rgb.npz,278,307,0,0,0,4.3713688e-05
adl-30-cam0-rgb,data/keypoints_normalized/adl/adl-30-cam0-rgb.npz,279,308,0,0,0,4.3713688e-05
adl-30-cam0-rgb,data/keypoints_normalized/adl/adl-30-cam0-rgb.npz,280,309,0,0,0,4.3713688e-05
adl-30-cam0-rgb,data/keypoints_normalized/adl/adl-30-cam0-rgb.npz,281,310,0,0,0,4.3713688e-05
adl-30-cam0-rgb,data/keypoints_normalized/adl/adl-30-cam0-rgb.npz,282,311,0,0,0,4.3713688e-05
adl-30-cam0-rgb,data/keypoints_normalized/adl/adl-30-cam0-rgb.npz,283,312,0,0,0,4.3713688e-05
adl-30-cam0-rgb,data/keypoints_normalized/adl/adl-30-cam0-rgb.npz,284,313,0,0,0,4.0762858e-05
adl-30-cam0-rgb,data/keypoints_normalized/adl/adl-30-cam0-rgb.npz,285,314,0,0,0,4.065083e-05
adl-30-cam0-rgb,data/keypoints_normalized/adl/adl-30-cam0-rgb.npz,286,315,0,0,0,4.0431038e-05
adl-30-cam0-rgb,data/keypoints_normalized/adl/adl-30-cam0-rgb.npz,287,316,0,0,0,4.023215e-05
adl-30-cam0-rgb,data/keypoints_normalized/adl/adl-30-cam0-rgb.npz,288,317,0,0,0,3.703654e-05
adl-30-cam0-rgb,data/keypoints_normalized/adl/adl-30-cam0-rgb.npz,289,318,0,0,0,3.703654e-05
adl-30-cam0-rgb,data/keypoints_normalized/adl/adl-30-cam0-rgb.npz,290,319,0,0,0,3.703654e-05
adl-30-cam0-rgb,data/keypoints_normalized/adl/adl-30-cam0-rgb.npz,291,320,0,0,0,3.703654e-05
adl-30-cam0-rgb,data/keypoints_normalized/adl/adl-30-cam0-rgb.npz,292,321,0,0,0,3.703654e-05
adl-30-cam0-rgb,data/keypoints_normalized/adl/adl-30-cam0-rgb.npz,293,322,0,0,0,3.703654e-05
adl-30-cam0-rgb,data/keypoints_normalized/adl/adl-30-cam0-rgb.npz,294,323,0,0,0,3.703654e-05
adl-30-cam0-rgb,data/keypoints_normalized/adl/adl-30-cam0-rgb.npz,295,324,0,0,0,3.703654e-05
adl-30-cam0-rgb,data/keypoints_normalized/adl/adl-30-cam0-rgb.npz,296,325,0,0,0,3.703654e-05
adl-30-cam0-rgb,data/keypoints_normalized/adl/adl-30-cam0-rgb.npz,297,326,0,0,0,3.7191316e-05
adl-30-cam0-rgb,data/keypoints_normalized/adl/adl-30-cam0-rgb.npz,298,327,0,0,0,3.720079e-05
adl-30-cam0-rgb,data/keypoints_normalized/adl/adl-30-cam0-rgb.npz,299,328,0,0,0,3.7384827e-05
adl-30-cam0-rgb,data/keypoints_normalized/adl/adl-30-cam0-rgb.npz,300,329,0,0,0,3.7345104e-05
adl-30-cam0-rgb,data/keypoints_normalized/adl/adl-30-cam0-rgb.npz,301,330,0,0,0,3.740334e-05
adl-30-cam0-rgb,data/keypoints_normalized/adl/adl-30-cam0-rgb.npz,302,331,0,0,0,3.737613e-05
adl-30-cam0-rgb,data/keypoints_normalized/adl/adl-30-cam0-rgb.npz,303,332,0,0,0,3.740423e-05
adl-30-cam0-rgb,data/keypoints_normalized/adl/adl-30-cam0-rgb.npz,304,333,0,0,0,3.74043e-05
adl-30-cam0-rgb,data/keypoints_normalized/adl/adl-30-cam0-rgb.npz,305,334,0,0,0,3.742842e-05
adl-30-cam0-rgb,data/keypoints_normalized/adl/adl-30-cam0-rgb.npz,306,335,0,0,0,3.744756e-05
adl-30-cam0-rgb,data/keypoints_normalized/adl/adl-30-cam0-rgb.npz,307,336,0,0,0,3.7454847e-05
adl-30-cam0-rgb,data/keypoints_normalized/adl/adl-30-cam0-rgb.npz,308,337,0,0,0,3.747135e-05
adl-30-cam0-rgb,data/keypoints_normalized/adl/adl-30-cam0-rgb.npz,309,338,0,0,0,3.751068e-05
adl-30-cam0-rgb,data/keypoints_normalized/adl/adl-30-cam0-rgb.npz,310,339,0,0,0,3.754657e-05
adl-30-cam0-rgb,data/keypoints_normalized/adl/adl-30-cam0-rgb.npz,311,340,0,0,0,3.755764e-05
adl-30-cam0-rgb,data/keypoints_normalized/adl/adl-30-cam0-rgb.npz,312,341,0,0,0,3.7556565e-05
adl-30-cam0-rgb,data/keypoints_normalized/adl/adl-30-cam0-rgb.npz,313,342,0,0,0,3.755162e-05
adl-30-cam0-rgb,data/keypoints_normalized/adl/adl-30-cam0-rgb.npz,314,343,0,0,0,3.749737e-05
adl-30-cam0-rgb,data/keypoints_normalized/adl/adl-30-cam0-rgb.npz,315,344,0,0,0,3.7634254e-05
adl-30-cam0-rgb,data/keypoints_normalized/adl/adl-30-cam0-rgb.npz,316,345,0,0,0,3.766043e-05
adl-30-cam0-rgb,data/keypoints_normalized/adl/adl-30-cam0-rgb.npz,317,346,0,0,0,3.7676524e-05
adl-30-cam0-rgb,data/keypoints_normalized/adl/adl-30-cam0-rgb.npz,318,347,0,0,0,3.7687307e-05
adl-30-cam0-rgb,data/keypoints_normalized/adl/adl-30-cam0-rgb.npz,319,348,0,0,0,3.7762602e-05
adl-30-cam0-rgb,data/keypoints_normalized/adl/adl-30-cam0-rgb.npz,320,349,0,0,0,3.7795817e-05
adl-30-cam0-rgb,data/keypoints_normalized/adl/adl-30-cam0-rgb.npz,321,350,0,0,0,3.780155e-05
adl-30-cam0-rgb,data/keypoints_normalized/adl/adl-30-cam0-rgb.npz,322,351,0,0,0,3.787155e-05
adl-30-cam0-rgb,data/keypoints_normalized/adl/adl-30-cam0-rgb.npz,323,352,0,0,0,3.7896694e-05
adl-30-cam0-rgb,data/keypoints_normalized/adl/adl-30-cam0-rgb.npz,324,353,0,0,0,3.791723e-05
adl-30-cam0-rgb,data/keypoints_normalized/adl/adl-30-cam0-rgb.npz,325,354,0,0,0,3.7950802e-05
adl-30-cam0-rgb,data/keypoints_normalized/adl/adl-30-cam0-rgb.npz,326,355,0,0,0,3.7993817e-05
adl-30-cam0-rgb,data/keypoints_normalized/adl/adl-30-cam0-rgb.npz,327,356,0,0,0,3.8643193e-05
adl-30-cam0-rgb,data/keypoints_normalized/adl/adl-30-cam0-rgb.npz,328,357,0,0,0,3.8643193e-05
adl-30-cam0-rgb,data/keypoints_normalized/adl/adl-30-cam0-rgb.npz,329,358,0,0,0,3.8643193e-05
adl-30-cam0-rgb,data/keypoints_normalized/adl/adl-30-cam0-rgb.npz,330,359,0,0,0,3.8643193e-05
adl-30-cam0-rgb,data/keypoints_normalized/adl/adl-30-cam0-rgb.npz,331,360,0,0,0,3.8643193e-05
adl-30-cam0-rgb,data/keypoints_normalized/adl/adl-30-cam0-rgb.npz,332,361,0,0,0,3.8643193e-05
adl-30-cam0-rgb,data/keypoints_normalized/adl/adl-30-cam0-rgb.npz,333,362,0,0,0,3.8643193e-05
adl-30-cam0-rgb,data/keypoints_normalized/adl/adl-30-cam0-rgb.npz,334,363,0,0,0,3.8643193e-05
adl-30-cam0-rgb,data/keypoints_normalized/adl/adl-30-cam0-rgb.npz,335,364,0,0,0,3.8643193e-05
adl-30-cam0-rgb,data/keypoints_normalized/adl/adl-30-cam0-rgb.npz,336,365,0,0,0,3.8643193e-05
adl-30-cam0-rgb,data/keypoints_normalized/adl/adl-30-cam0-rgb.npz,337,366,0,0,0,3.8643193e-05
adl-30-cam0-rgb,data/keypoints_normalized/adl/adl-30-cam0-rgb.npz,338,367,0,0,0,3.8643193e-05
adl-30-cam0-rgb,data/keypoints_normalized/adl/adl-30-cam0-rgb.npz,339,368,0,0,0,3.8643193e-05
adl-30-cam0-rgb,data/keypoints_normalized/adl/adl-30-cam0-rgb.npz,340,369,0,0,0,3.8643193e-05
adl-30-cam0-rgb,data/keypoints_normalized/adl/adl-30-cam0-rgb.npz,341,370,0,0,0,3.8643193e-05
adl-30-cam0-rgb,data/keypoints_normalized/adl/adl-30-cam0-rgb.npz,342,371,0,0,0,3.8643193e-05
adl-30-cam0-rgb,data/keypoints_normalized/adl/adl-30-cam0-rgb.npz,343,372,0,0,0,3.8643193e-05
adl-30-cam0-rgb,data/keypoints_normalized/adl/adl-30-cam0-rgb.npz,344,373,0,0,0,3.8643193e-05
adl-30-cam0-rgb,data/keypoints_normalized/adl/adl-30-cam0-rgb.npz,346,375,0,0,0,3.9202776e-05
adl-30-cam0-rgb,data/keypoints_normalized/adl/adl-30-cam0-rgb.npz,347,376,0,0,0,3.9202776e-05
adl-30-cam0-rgb,data/keypoints_normalized/adl/adl-30-cam0-rgb.npz,348,377,0,0,0,3.9202776e-05
adl-30-cam0-rgb,data/keypoints_normalized/adl/adl-30-cam0-rgb.npz,349,378,0,0,0,3.9202776e-05
adl-30-cam0-rgb,data/keypoints_normalized/adl/adl-30-cam0-rgb.npz,350,379,0,0,0,3.9202776e-05
adl-30-cam0-rgb,data/keypoints_normalized/adl/adl-30-cam0-rgb.npz,351,380,0,0,0,3.9202776e-05
adl-30-cam0-rgb,data/keypoints_normalized/adl/adl-30-cam0-rgb.npz,352,381,0,0,0,3.9202776e-05
adl-30-cam0-rgb,data/keypoints_normalized/adl/adl-30-cam0-rgb.npz,353,382,0,0,0,3.9202776e-05
adl-30-cam0-rgb,data/keypoints_normalized/adl/adl-30-cam0-rgb.npz,354,383,0,0,0,3.9202776e-05
adl-30-cam0-rgb,data/keypoints_normalized/adl/adl-30-cam0-rgb.npz,355,384,0,0,0,3.9202776e-05
adl-30-cam0-rgb,data/keypoints_normalized/adl/adl-30-cam0-rgb.npz,356,385,0,0,0,3.9202776e-05
adl-30-cam0-rgb,data/keypoints_normalized/adl/adl-30-cam0-rgb.npz,357,386,0,0,0,3.9202776e-05
adl-30-cam0-rgb,data/keypoints_normalized/adl/adl-30-cam0-rgb.npz,358,387,0,0,0,3.9202776e-05
adl-30-cam0-rgb,data/keypoints_normalized/adl/adl-30-cam0-rgb.npz,359,388,0,0,0,3.9202776e-05
adl-30-cam0-rgb,data/keypoints_normalized/adl/adl-30-cam0-rgb.npz,360,389,0,0,0,3.9202776e-05
adl-30-cam0-rgb,data/keypoints_normalized/adl/adl-30-cam0-rgb.npz,361,390,0,0,0,3.9202776e-05
adl-30-cam0-rgb,data/keypoints_normalized/adl/adl-30-cam0-rgb.npz,362,391,0,0,0,3.9202776e-05
adl-30-cam0-rgb,data/keypoints_normalized/adl/adl-30-cam0-rgb.npz,363,392,0,0,0,3.9202776e-05
adl-30-cam0-rgb,data/keypoints_normalized/adl/adl-30-cam0-rgb.npz,364,393,0,0,0,3.9202776e-05
adl-30-cam0-rgb,data/keypoints_normalized/adl/adl-30-cam0-rgb.npz,365,394,0,0,0,3.9202776e-05
adl-30-cam0-rgb,data/keypoints_normalized/adl/adl-30-cam0-rgb.npz,366,395,0,0,0,3.9202776e-05
adl-30-cam0-rgb,data/keypoints_normalized/adl/adl-30-cam0-rgb.npz,367,396,0,0,0,3.9202776e-05
adl-30-cam0-rgb,data/keypoints_normalized/adl/adl-30-cam0-rgb.npz,368,397,0,0,0,3.9202776e-05
adl-30-cam0-rgb,data/keypoints_normalized/adl/adl-30-cam0-rgb.npz,369,398,0,0,0,3.9202776e-05
adl-30-cam0-rgb,data/keypoints_normalized/adl/adl-30-cam0-rgb.npz,370,399,0,0,0,3.9202776e-05
adl-30-cam0-rgb,data/keypoints_normalized/adl/adl-30-cam0-rgb.npz,371,400,0,0,0,3.9202776e-05
adl-38-cam0-rgb,data/keypoints_normalized/adl/adl-38-cam0-rgb.npz,2,31,0,0,0,8.4937456e-05
adl-38-cam0-rgb,data/keypoints_normalized/adl/adl-38-cam0-rgb.npz,3,32,0,0,0,8.4937135e-05
adl-38-cam0-rgb,data/keypoints_normalized/adl/adl-38-cam0-rgb.npz,4,33,0,0,0,8.488572e-05
adl-38-cam0-rgb,data/keypoints_normalized/adl/adl-38-cam0-rgb.npz,5,34,0,0,0,8.481921e-05
adl-38-cam0-rgb,data/keypoints_normalized/adl/adl-38-cam0-rgb.npz,6,35,0,0,0,8.470338e-05
adl-38-cam0-rgb,data/keypoints_normalized/adl/adl-38-cam0-rgb.npz,7,36,0,0,0,8.469982e-05
adl-38-cam0-rgb,data/keypoints_normalized/adl/adl-38-cam0-rgb.npz,8,37,0,0,0,8.465098e-05
adl-38-cam0-rgb,data/keypoints_normalized/adl/adl-38-cam0-rgb.npz,9,38,0,0,0,8.462709e-05
adl-38-cam0-rgb,data/keypoints_normalized/adl/adl-38-cam0-rgb.npz,10,39,0,0,0,8.4702886e-05
adl-38-cam0-rgb,data/keypoints_normalized/adl/adl-38-cam0-rgb.npz,11,40,0,0,0,8.4834974e-05
adl-38-cam0-rgb,data/keypoints_normalized/adl/adl-38-cam0-rgb.npz,12,41,0,0,0,8.508841e-05
adl-38-cam0-rgb,data/keypoints_normalized/adl/adl-38-cam0-rgb.npz,13,42,0,0,0,8.529507e-05
adl-38-cam0-rgb,data/keypoints_normalized/adl/adl-38-cam0-rgb.npz,14,43,0,0,0,8.556677e-05
adl-38-cam0-rgb,data/keypoints_normalized/adl/adl-38-cam0-rgb.npz,15,44,0,0,0,8.616729e-05
adl-38-cam0-rgb,data/keypoints_normalized/adl/adl-38-cam0-rgb.npz,16,45,0,0,0,8.6690896e-05
adl-38-cam0-rgb,data/keypoints_normalized/adl/adl-38-cam0-rgb.npz,17,46,0,0,0,8.734627e-05
adl-38-cam0-rgb,data/keypoints_normalized/adl/adl-38-cam0-rgb.npz,18,47,0,0,0,8.798108e-05
adl-38-cam0-rgb,data/keypoints_normalized/adl/adl-38-cam0-rgb.npz,19,48,0,0,0,8.895139e-05
adl-38-cam0-rgb,data/keypoints_normalized/adl/adl-38-cam0-rgb.npz,20,49,0,0,0,8.96271e-05
adl-38-cam0-rgb,data/keypoints_normalized/adl/adl-38-cam0-rgb.npz,21,50,0,0,0,9.2737624e-05
adl-38-cam0-rgb,data/keypoints_normalized/adl/adl-38-cam0-rgb.npz,22,51,0,0,0,9.358834e-05
adl-38-cam0-rgb,data/keypoints_normalized/adl/adl-38-cam0-rgb.npz,23,52,0,0,0,9.414822e-05
adl-38-cam0-rgb,data/keypoints_normalized/adl/adl-38-cam0-rgb.npz,24,53,0,0,0,9.4613526e-05
adl-38-cam0-rgb,data/keypoints_normalized/adl/adl-38-cam0-rgb.npz,25,54,0,0,0,0.000108985325
adl-38-cam0-rgb,data/keypoints_normalized/adl/adl-38-cam0-rgb.npz,26,55,0,0,0,0.0001035066
adl-38-cam0-rgb,data/keypoints_normalized/adl/adl-38-cam0-rgb.npz,27,56,0,0,0,0.00010297615
adl-38-cam0-rgb,data/keypoints_normalized/adl/adl-38-cam0-rgb.npz,28,57,0,0,0,0.00010219846
adl-38-cam0-rgb,data/keypoints_normalized/adl/adl-38-cam0-rgb.npz,29,58,0,0,0,0.000101675105
adl-38-cam0-rgb,data/keypoints_normalized/adl/adl-38-cam0-rgb.npz,30,59,0,0,0,0.00010074013
adl-38-cam0-rgb,data/keypoints_normalized/adl/adl-38-cam0-rgb.npz,31,60,0,0,0,9.948914e-05
adl-38-cam0-rgb,data/keypoints_normalized/adl/adl-38-cam0-rgb.npz,32,61,0,0,0,9.200792e-05
adl-38-cam0-rgb,data/keypoints_normalized/adl/adl-38-cam0-rgb.npz,33,62,0,0,0,9.406827e-05
adl-38-cam0-rgb,data/keypoints_normalized/adl/adl-38-cam0-rgb.npz,34,63,0,0,0,9.580841e-05
adl-38-cam0-rgb,data/keypoints_normalized/adl/adl-38-cam0-rgb.npz,35,64,0,0,0,9.7225755e-05
adl-38-cam0-rgb,data/keypoints_normalized/adl/adl-38-cam0-rgb.npz,36,65,0,0,0,9.828667e-05
adl-38-cam0-rgb,data/keypoints_normalized/adl/adl-38-cam0-rgb.npz,37,66,0,0,0,9.959174e-05
adl-38-cam0-rgb,data/keypoints_normalized/adl/adl-38-cam0-rgb.npz,38,67,0,0,0,0.00010093647
adl-38-cam0-rgb,data/keypoints_normalized/adl/adl-38-cam0-rgb.npz,39,68,0,0,0,0.00010209141
adl-38-cam0-rgb,data/keypoints_normalized/adl/adl-38-cam0-rgb.npz,40,69,0,0,0,0.00010336151
adl-38-cam0-rgb,data/keypoints_normalized/adl/adl-38-cam0-rgb.npz,41,70,0,0,0,0.00010432987
adl-38-cam0-rgb,data/keypoints_normalized/adl/adl-38-cam0-rgb.npz,42,71,0,0,0,0.000105560954
adl-38-cam0-rgb,data/keypoints_normalized/adl/adl-38-cam0-rgb.npz,43,72,0,0,0,0.00010657562
adl-38-cam0-rgb,data/keypoints_normalized/adl/adl-38-cam0-rgb.npz,44,73,0,0,0,0.00010751409
adl-38-cam0-rgb,data/keypoints_normalized/adl/adl-38-cam0-rgb.npz,45,74,0,0,0,0.00010844613
adl-38-cam0-rgb,data/keypoints_normalized/adl/adl-38-cam0-rgb.npz,46,75,0,0,0,0.000109591645
adl-38-cam0-rgb,data/keypoints_normalized/adl/adl-38-cam0-rgb.npz,47,76,0,0,0,0.000110504276
adl-38-cam0-rgb,data/keypoints_normalized/adl/adl-38-cam0-rgb.npz,48,77,0,0,0,0.00011123344
adl-38-cam0-rgb,data/keypoints_normalized/adl/adl-38-cam0-rgb.npz,49,78,0,0,0,0.00011194573
adl-38-cam0-rgb,data/keypoints_normalized/adl/adl-38-cam0-rgb.npz,50,79,0,0,0,0.00011328709
adl-38-cam0-rgb,data/keypoints_normalized/adl/adl-38-cam0-rgb.npz,51,80,0,0,0,0.000114894036
adl-38-cam0-rgb,data/keypoints_normalized/adl/adl-38-cam0-rgb.npz,52,81,0,0,0,0.0001153528
adl-38-cam0-rgb,data/keypoints_normalized/adl/adl-38-cam0-rgb.npz,53,82,0,0,0,0.00011605073
adl-38-cam0-rgb,data/keypoints_normalized/adl/adl-38-cam0-rgb.npz,54,83,0,0,0,0.000115925635
adl-38-cam0-rgb,data/keypoints_normalized/adl/adl-38-cam0-rgb.npz,55,84,0,0,0,0.000116522104
adl-38-cam0-rgb,data/keypoints_normalized/adl/adl-38-cam0-rgb.npz,56,85,0,0,0,0.00011680947
adl-38-cam0-rgb,data/keypoints_normalized/adl/adl-38-cam0-rgb.npz,57,86,0,0,0,0.0001168381
adl-38-cam0-rgb,data/keypoints_normalized/adl/adl-38-cam0-rgb.npz,58,87,0,0,0,0.000117516895
adl-38-cam0-rgb,data/keypoints_normalized/adl/adl-38-cam0-rgb.npz,59,88,0,0,0,0.00011857339
adl-38-cam0-rgb,data/keypoints_normalized/adl/adl-38-cam0-rgb.npz,60,89,0,0,0,0.00011968003
adl-38-cam0-rgb,data/keypoints_normalized/adl/adl-38-cam0-rgb.npz,61,90,0,0,0,0.00012131841
adl-38-cam0-rgb,data/keypoints_normalized/adl/adl-38-cam0-rgb.npz,62,91,0,0,0,0.00012233057
adl-38-cam0-rgb,data/keypoints_normalized/adl/adl-38-cam0-rgb.npz,63,92,0,0,0,0.0001228878
adl-38-cam0-rgb,data/keypoints_normalized/adl/adl-38-cam0-rgb.npz,64,93,0,0,0,0.00012354797
adl-38-cam0-rgb,data/keypoints_normalized/adl/adl-38-cam0-rgb.npz,65,94,0,0,0,0.00012406151
adl-38-cam0-rgb,data/keypoints_normalized/adl/adl-38-cam0-rgb.npz,66,95,0,0,0,0.00012538747
adl-38-cam0-rgb,data/keypoints_normalized/adl/adl-38-cam0-rgb.npz,67,96,0,0,0,0.00012703723
adl-38-cam0-rgb,data/keypoints_normalized/adl/adl-38-cam0-rgb.npz,68,97,0,0,0,0.00012709793
adl-38-cam0-rgb,data/keypoints_normalized/adl/adl-38-cam0-rgb.npz,69,98,0,0,0,0.00012705647
adl-38-cam0-rgb,data/keypoints_normalized/adl/adl-38-cam0-rgb.npz,70,99,0,0,0,0.00012707477
adl-38-cam0-rgb,data/keypoints_normalized/adl/adl-38-cam0-rgb.npz,71,100,0,0,0,0.00012843857
adl-38-cam0-rgb,data/keypoints_normalized/adl/adl-38-cam0-rgb.npz,72,101,0,0,0,0.00012973064
adl-38-cam0-rgb,data/keypoints_normalized/adl/adl-38-cam0-rgb.npz,73,102,0,0,0,0.0001297592
adl-38-cam0-rgb,data/keypoints_normalized/adl/adl-38-cam0-rgb.npz,74,103,0,0,0,0.00012920164
adl-38-cam0-rgb,data/keypoints_normalized/adl/adl-38-cam0-rgb.npz,75,104,0,0,0,0.00012864744
adl-38-cam0-rgb,data/keypoints_normalized/adl/adl-38-cam0-rgb.npz,76,105,0,0,0,0.00012780548
adl-38-cam0-rgb,data/keypoints_normalized/adl/adl-38-cam0-rgb.npz,77,106,0,0,0,0.00012787692
adl-38-cam0-rgb,data/keypoints_normalized/adl/adl-38-cam0-rgb.npz,78,107,0,0,0,0.00012672422
adl-38-cam0-rgb,data/keypoints_normalized/adl/adl-38-cam0-rgb.npz,79,108,0,0,0,0.00012686303
adl-38-cam0-rgb,data/keypoints_normalized/adl/adl-38-cam0-rgb.npz,80,109,0,0,0,0.00012598133
adl-38-cam0-rgb,data/keypoints_normalized/adl/adl-38-cam0-rgb.npz,81,110,0,0,0,0.0001250844
adl-38-cam0-rgb,data/keypoints_normalized/adl/adl-38-cam0-rgb.npz,82,111,0,0,0,0.00012387357
adl-38-cam0-rgb,data/keypoints_normalized/adl/adl-38-cam0-rgb.npz,83,112,0,0,0,0.00012262943
adl-38-cam0-rgb,data/keypoints_normalized/adl/adl-38-cam0-rgb.npz,84,113,0,0,0,0.00012146427
adl-38-cam0-rgb,data/keypoints_normalized/adl/adl-38-cam0-rgb.npz,85,114,0,0,0,0.000119586264
adl-38-cam0-rgb,data/keypoints_normalized/adl/adl-38-cam0-rgb.npz,86,115,0,0,0,0.00011891207
adl-38-cam0-rgb,data/keypoints_normalized/adl/adl-38-cam0-rgb.npz,87,116,0,0,0,0.00011866479
adl-38-cam0-rgb,data/keypoints_normalized/adl/adl-38-cam0-rgb.npz,88,117,0,0,0,0.00011710602
adl-38-cam0-rgb,data/keypoints_normalized/adl/adl-38-cam0-rgb.npz,89,118,0,0,0,0.00011599785
adl-38-cam0-rgb,data/keypoints_normalized/adl/adl-38-cam0-rgb.npz,90,119,0,0,0,0.000115151895
adl-38-cam0-rgb,data/keypoints_normalized/adl/adl-38-cam0-rgb.npz,91,120,0,0,0,0.00011514092
adl-38-cam0-rgb,data/keypoints_normalized/adl/adl-38-cam0-rgb.npz,92,121,0,0,0,0.00011496243
adl-38-cam0-rgb,data/keypoints_normalized/adl/adl-38-cam0-rgb.npz,93,122,0,0,0,0.000114509574
adl-38-cam0-rgb,data/keypoints_normalized/adl/adl-38-cam0-rgb.npz,94,123,0,0,0,0.00011407995
adl-38-cam0-rgb,data/keypoints_normalized/adl/adl-38-cam0-rgb.npz,95,124,0,0,0,0.0001138385
adl-38-cam0-rgb,data/keypoints_normalized/adl/adl-38-cam0-rgb.npz,96,125,0,0,0,0.00011400383
adl-38-cam0-rgb,data/keypoints_normalized/adl/adl-38-cam0-rgb.npz,97,126,0,0,0,0.000114116076
adl-38-cam0-rgb,data/keypoints_normalized/adl/adl-38-cam0-rgb.npz,98,127,0,0,0,0.00011428312
adl-38-cam0-rgb,data/keypoints_normalized/adl/adl-38-cam0-rgb.npz,99,128,0,0,0,0.00011480456
adl-38-cam0-rgb,data/keypoints_normalized/adl/adl-38-cam0-rgb.npz,100,129,0,0,0,0.00011517299
adl-38-cam0-rgb,data/keypoints_normalized/adl/adl-38-cam0-rgb.npz,101,130,0,0,0,0.00011565425
adl-38-cam0-rgb,data/keypoints_normalized/adl/adl-38-cam0-rgb.npz,102,131,0,0,0,0.00011673855
adl-38-cam0-rgb,data/keypoints_normalized/adl/adl-38-cam0-rgb.npz,103,132,0,0,0,0.00011797295
adl-38-cam0-rgb,data/keypoints_normalized/adl/adl-38-cam0-rgb.npz,104,133,0,0,0,0.00012086613
adl-38-cam0-rgb,data/keypoints_normalized/adl/adl-38-cam0-rgb.npz,105,134,0,0,0,0.00012537434
adl-38-cam0-rgb,data/keypoints_normalized/adl/adl-38-cam0-rgb.npz,106,135,0,0,0,0.00013331826
adl-38-cam0-rgb,data/keypoints_normalized/adl/adl-38-cam0-rgb.npz,107,136,0,0,0,0.00014676874
adl-38-cam0-rgb,data/keypoints_normalized/adl/adl-38-cam0-rgb.npz,108,137,0,0,0,0.00017157008
adl-38-cam0-rgb,data/keypoints_normalized/adl/adl-38-cam0-rgb.npz,109,138,0,0,0,0.00021160656
adl-38-cam0-rgb,data/keypoints_normalized/adl/adl-38-cam0-rgb.npz,110,139,0,0,0,0.00028448922
adl-38-cam0-rgb,data/keypoints_normalized/adl/adl-38-cam0-rgb.npz,111,140,0,0,0,0.00040877782
adl-38-cam0-rgb,data/keypoints_normalized/adl/adl-38-cam0-rgb.npz,112,141,0,0,0,0.00061770616
adl-38-cam0-rgb,data/keypoints_normalized/adl/adl-38-cam0-rgb.npz,113,142,0,0,0,0.00095569727
adl-38-cam0-rgb,data/keypoints_normalized/adl/adl-38-cam0-rgb.npz,114,143,0,0,0,0.0014483125
adl-38-cam0-rgb,data/keypoints_normalized/adl/adl-38-cam0-rgb.npz,115,144,0,0,0,0.0020912497
adl-38-cam0-rgb,data/keypoints_normalized/adl/adl-38-cam0-rgb.npz,116,145,0,0,0,0.0027895921
adl-38-cam0-rgb,data/keypoints_normalized/adl/adl-38-cam0-rgb.npz,117,146,0,0,0,0.0033353912
adl-38-cam0-rgb,data/keypoints_normalized/adl/adl-38-cam0-rgb.npz,118,147,0,0,0,0.0035233197
adl-38-cam0-rgb,data/keypoints_normalized/adl/adl-38-cam0-rgb.npz,119,148,0,0,0,0.0032090945
adl-38-cam0-rgb,data/keypoints_normalized/adl/adl-38-cam0-rgb.npz,120,149,0,0,0,0.0024417068
adl-38-cam0-rgb,data/keypoints_normalized/adl/adl-38-cam0-rgb.npz,121,150,0,0,0,0.0016243228
adl-38-cam0-rgb,data/keypoints_normalized/adl/adl-38-cam0-rgb.npz,122,151,0,0,0,0.0008907681
adl-38-cam0-rgb,data/keypoints_normalized/adl/adl-38-cam0-rgb.npz,123,152,0,0,0,0.00045947035
adl-38-cam0-rgb,data/keypoints_normalized/adl/adl-38-cam0-rgb.npz,124,153,0,0,0,0.00023916956
adl-38-cam0-rgb,data/keypoints_normalized/adl/adl-38-cam0-rgb.npz,125,154,0,0,0,0.00015155063
adl-38-cam0-rgb,data/keypoints_normalized/adl/adl-38-cam0-rgb.npz,126,155,0,0,0,0.00011395471
adl-38-cam0-rgb,data/keypoints_normalized/adl/adl-38-cam0-rgb.npz,127,156,0,0,0,9.9547884e-05
adl-38-cam0-rgb,data/keypoints_normalized/adl/adl-38-cam0-rgb.npz,128,157,0,0,0,9.529363e-05
adl-38-cam0-rgb,data/keypoints_normalized/adl/adl-38-cam0-rgb.npz,129,158,0,0,0,9.51281e-05
adl-38-cam0-rgb,data/keypoints_normalized/adl/adl-38-cam0-rgb.npz,130,159,0,0,0,9.617823e-05
adl-38-cam0-rgb,data/keypoints_normalized/adl/adl-38-cam0-rgb.npz,131,160,0,0,0,9.8249766e-05
adl-38-cam0-rgb,data/keypoints_normalized/adl/adl-38-cam0-rgb.npz,132,161,0,0,0,9.718619e-05
adl-38-cam0-rgb,data/keypoints_normalized/adl/adl-38-cam0-rgb.npz,133,162,0,0,0,9.610618e-05
adl-38-cam0-rgb,data/keypoints_normalized/adl/adl-38-cam0-rgb.npz,134,163,0,0,0,9.5854026e-05
adl-38-cam0-rgb,data/keypoints_normalized/adl/adl-38-cam0-rgb.npz,135,164,0,0,0,9.372892e-05
adl-38-cam0-rgb,data/keypoints_normalized/adl/adl-38-cam0-rgb.npz,136,165,0,0,0,9.421029e-05
adl-38-cam0-rgb,data/keypoints_normalized/adl/adl-38-cam0-rgb.npz,137,166,0,0,0,9.7698816e-05
adl-38-cam0-rgb,data/keypoints_normalized/adl/adl-38-cam0-rgb.npz,138,167,0,0,0,0.000102701575
adl-38-cam0-rgb,data/keypoints_normalized/adl/adl-38-cam0-rgb.npz,139,168,0,0,0,0.000111073176
adl-38-cam0-rgb,data/keypoints_normalized/adl/adl-38-cam0-rgb.npz,140,169,0,0,0,0.00011767478
adl-38-cam0-rgb,data/keypoints_normalized/adl/adl-38-cam0-rgb.npz,141,170,0,0,0,0.0001262041
adl-38-cam0-rgb,data/keypoints_normalized/adl/adl-38-cam0-rgb.npz,142,171,0,0,0,0.00011351482
adl-38-cam0-rgb,data/keypoints_normalized/adl/adl-38-cam0-rgb.npz,143,172,0,0,0,0.000112479014
adl-38-cam0-rgb,data/keypoints_normalized/adl/adl-38-cam0-rgb.npz,144,173,0,0,0,0.00011614086
adl-38-cam0-rgb,data/keypoints_normalized/adl/adl-38-cam0-rgb.npz,145,174,0,0,0,9.9770834e-05
adl-38-cam0-rgb,data/keypoints_normalized/adl/adl-38-cam0-rgb.npz,146,175,0,0,0,0.00010531201
adl-38-cam0-rgb,data/keypoints_normalized/adl/adl-38-cam0-rgb.npz,147,176,0,0,0,0.00011121328
adl-38-cam0-rgb,data/keypoints_normalized/adl/adl-38-cam0-rgb.npz,148,177,0,0,0,0.00012878873
adl-38-cam0-rgb,data/keypoints_normalized/adl/adl-38-cam0-rgb.npz,149,178,0,0,0,0.00014126836
adl-38-cam0-rgb,data/keypoints_normalized/adl/adl-38-cam0-rgb.npz,150,179,0,0,0,0.00015468487
adl-38-cam0-rgb,data/keypoints_normalized/adl/adl-38-cam0-rgb.npz,151,180,0,0,0,0.00016807546
adl-38-cam0-rgb,data/keypoints_normalized/adl/adl-38-cam0-rgb.npz,152,181,0,0,0,0.00018160536
adl-38-cam0-rgb,data/keypoints_normalized/adl/adl-38-cam0-rgb.npz,153,182,0,0,0,0.00020918704
adl-38-cam0-rgb,data/keypoints_normalized/adl/adl-38-cam0-rgb.npz,154,183,0,0,0,0.00022454606
adl-38-cam0-rgb,data/keypoints_normalized/adl/adl-38-cam0-rgb.npz,155,184,0,0,0,0.00024157183
adl-38-cam0-rgb,data/keypoints_normalized/adl/adl-38-cam0-rgb.npz,156,185,0,0,0,0.00025045025
adl-38-cam0-rgb,data/keypoints_normalized/adl/adl-38-cam0-rgb.npz,157,186,0,0,0,0.000267953
adl-38-cam0-rgb,data/keypoints_normalized/adl/adl-38-cam0-rgb.npz,158,187,0,0,0,0.00028663318
adl-38-cam0-rgb,data/keypoints_normalized/adl/adl-38-cam0-rgb.npz,159,188,0,0,0,0.0003248543
adl-38-cam0-rgb,data/keypoints_normalized/adl/adl-38-cam0-rgb.npz,160,189,0,0,0,0.00034722747
adl-38-cam0-rgb,data/keypoints_normalized/adl/adl-38-cam0-rgb.npz,161,190,0,0,0,0.0003650307
adl-38-cam0-rgb,data/keypoints_normalized/adl/adl-38-cam0-rgb.npz,162,191,0,0,0,0.0003832498
adl-38-cam0-rgb,data/keypoints_normalized/adl/adl-38-cam0-rgb.npz,163,192,0,0,0,0.0037673158
adl-38-cam0-rgb,data/keypoints_normalized/adl/adl-38-cam0-rgb.npz,164,193,0,0,0,0.003728986
adl-38-cam0-rgb,data/keypoints_normalized/adl/adl-38-cam0-rgb.npz,165,194,0,0,0,0.0036368056
adl-38-cam0-rgb,data/keypoints_normalized/adl/adl-38-cam0-rgb.npz,166,195,0,0,0,0.0033038352
adl-38-cam0-rgb,data/keypoints_normalized/adl/adl-38-cam0-rgb.npz,167,196,0,0,0,0.0029413803
adl-38-cam0-rgb,data/keypoints_normalized/adl/adl-38-cam0-rgb.npz,168,197,0,0,0,0.0025251675
adl-38-cam0-rgb,data/keypoints_normalized/adl/adl-38-cam0-rgb.npz,169,198,0,0,0,0.002130121
adl-38-cam0-rgb,data/keypoints_normalized/adl/adl-38-cam0-rgb.npz,170,199,0,0,0,0.0017635587
adl-38-cam0-rgb,data/keypoints_normalized/adl/adl-38-cam0-rgb.npz,171,200,0,0,0,0.0014726229
adl-38-cam0-rgb,data/keypoints_normalized/adl/adl-38-cam0-rgb.npz,172,201,0,0,0,0.001218783
adl-38-cam0-rgb,data/keypoints_normalized/adl/adl-38-cam0-rgb.npz,173,202,0,0,0,0.0010283117
adl-38-cam0-rgb,data/keypoints_normalized/adl/adl-38-cam0-rgb.npz,174,203,0,0,0,0.0008737414
adl-38-cam0-rgb,data/keypoints_normalized/adl/adl-38-cam0-rgb.npz,175,204,0,0,0,0.00075575226
adl-38-cam0-rgb,data/keypoints_normalized/adl/adl-38-cam0-rgb.npz,176,205,0,0,0,0.00037514057
adl-38-cam0-rgb,data/keypoints_normalized/adl/adl-38-cam0-rgb.npz,177,206,0,0,0,0.00028152793
adl-38-cam0-rgb,data/keypoints_normalized/adl/adl-38-cam0-rgb.npz,178,207,0,0,0,0.00025037955
adl-38-cam0-rgb,data/keypoints_normalized/adl/adl-38-cam0-rgb.npz,179,208,0,0,0,0.00022576177
adl-38-cam0-rgb,data/keypoints_normalized/adl/adl-38-cam0-rgb.npz,180,209,0,0,0,0.0002056161
adl-38-cam0-rgb,data/keypoints_normalized/adl/adl-38-cam0-rgb.npz,181,210,0,0,0,0.00018421159
adl-38-cam0-rgb,data/keypoints_normalized/adl/adl-38-cam0-rgb.npz,182,211,0,0,0,0.00016827238
adl-38-cam0-rgb,data/keypoints_normalized/adl/adl-38-cam0-rgb.npz,183,212,0,0,0,0.00015076826
adl-38-cam0-rgb,data/keypoints_normalized/adl/adl-38-cam0-rgb.npz,184,213,0,0,0,0.00013643826
adl-38-cam0-rgb,data/keypoints_normalized/adl/adl-38-cam0-rgb.npz,185,214,0,0,0,0.00012450771
adl-38-cam0-rgb,data/keypoints_normalized/adl/adl-38-cam0-rgb.npz,186,215,0,0,0,0.000113476504
adl-38-cam0-rgb,data/keypoints_normalized/adl/adl-38-cam0-rgb.npz,187,216,0,0,0,0.00010485048
adl-38-cam0-rgb,data/keypoints_normalized/adl/adl-38-cam0-rgb.npz,188,217,0,0,0,9.47261e-05
adl-38-cam0-rgb,data/keypoints_normalized/adl/adl-38-cam0-rgb.npz,189,218,0,0,0,8.504672e-05
adl-38-cam0-rgb,data/keypoints_normalized/adl/adl-38-cam0-rgb.npz,190,219,0,0,0,7.918425e-05
adl-38-cam0-rgb,data/keypoints_normalized/adl/adl-38-cam0-rgb.npz,191,220,0,0,0,7.3747506e-05
adl-38-cam0-rgb,data/keypoints_normalized/adl/adl-38-cam0-rgb.npz,192,221,0,0,0,7.013466e-05
adl-38-cam0-rgb,data/keypoints_normalized/adl/adl-38-cam0-rgb.npz,193,222,0,0,0,6.570988e-05
adl-38-cam0-rgb,data/keypoints_normalized/adl/adl-38-cam0-rgb.npz,194,223,0,0,0,6.259859e-05
adl-38-cam0-rgb,data/keypoints_normalized/adl/adl-38-cam0-rgb.npz,195,224,0,0,0,5.9874397e-05
adl-38-cam0-rgb,data/keypoints_normalized/adl/adl-38-cam0-rgb.npz,196,225,0,0,0,6.018822e-05
adl-38-cam0-rgb,data/keypoints_normalized/adl/adl-38-cam0-rgb.npz,197,226,0,0,0,5.515177e-05
adl-38-cam0-rgb,data/keypoints_normalized/adl/adl-38-cam0-rgb.npz,198,227,0,0,0,5.315861e-05
adl-38-cam0-rgb,data/keypoints_normalized/adl/adl-38-cam0-rgb.npz,199,228,0,0,0,5.130318e-05
adl-38-cam0-rgb,data/keypoints_normalized/adl/adl-38-cam0-rgb.npz,200,229,0,0,0,4.9380862e-05
adl-38-cam0-rgb,data/keypoints_normalized/adl/adl-38-cam0-rgb.npz,201,230,0,0,0,4.9726154e-05
adl-38-cam0-rgb,data/keypoints_normalized/adl/adl-38-cam0-rgb.npz,202,231,0,0,0,4.493151e-05
adl-38-cam0-rgb,data/keypoints_normalized/adl/adl-38-cam0-rgb.npz,203,232,0,0,0,4.4782042e-05
adl-38-cam0-rgb,data/keypoints_normalized/adl/adl-38-cam0-rgb.npz,204,233,0,0,0,4.469211e-05
adl-38-cam0-rgb,data/keypoints_normalized/adl/adl-38-cam0-rgb.npz,205,234,0,0,0,4.4736415e-05
adl-38-cam0-rgb,data/keypoints_normalized/adl/adl-38-cam0-rgb.npz,206,235,0,0,0,4.658182e-05
adl-38-cam0-rgb,data/keypoints_normalized/adl/adl-38-cam0-rgb.npz,207,236,0,0,1,0.9441417
adl-38-cam0-rgb,data/keypoints_normalized/adl/adl-38-cam0-rgb.npz,208,237,0,0,1,0.9441417
adl-38-cam0-rgb,data/keypoints_normalized/adl/adl-38-cam0-rgb.npz,209,238,0,0,1,0.9441417
adl-38-cam0-rgb,data/keypoints_normalized/adl/adl-38-cam0-rgb.npz,210,239,0,0,1,0.9441417
fall-03-cam0-rgb,data/keypoints_normalized/fall/fall-03-cam0-rgb.npz,1,30,0,0,0,0.00011191733
fall-03-cam0-rgb,data/keypoints_normalized/fall/fall-03-cam0-rgb.npz,2,31,0,0,0,0.00011190271
fall-03-cam0-rgb,data/keypoints_normalized/fall/fall-03-cam0-rgb.npz,3,32,0,0,0,0.00011174235
fall-03-cam0-rgb,data/keypoints_normalized/fall/fall-03-cam0-rgb.npz,4,33,0,0,0,0.00011164201
fall-03-cam0-rgb,data/keypoints_normalized/fall/fall-03-cam0-rgb.npz,5,34,0,0,0,0.000111314395
fall-03-cam0-rgb,data/keypoints_normalized/fall/fall-03-cam0-rgb.npz,6,35,0,0,0,0.00011113865
fall-03-cam0-rgb,data/keypoints_normalized/fall/fall-03-cam0-rgb.npz,7,36,0,0,0,0.00011040812
fall-03-cam0-rgb,data/keypoints_normalized/fall/fall-03-cam0-rgb.npz,8,37,0,0,0,0.00011000446
fall-03-cam0-rgb,data/keypoints_normalized/fall/fall-03-cam0-rgb.npz,9,38,0,0,0,0.000109841465
fall-03-cam0-rgb,data/keypoints_normalized/fall/fall-03-cam0-rgb.npz,10,39,0,0,0,0.0001095746
fall-03-cam0-rgb,data/keypoints_normalized/fall/fall-03-cam0-rgb.npz,11,40,0,0,0,0.00010968406
fall-03-cam0-rgb,data/keypoints_normalized/fall/fall-03-cam0-rgb.npz,12,41,0,0,0,0.00011016381
fall-03-cam0-rgb,data/keypoints_normalized/fall/fall-03-cam0-rgb.npz,13,42,0,0,0,0.00011072167
fall-03-cam0-rgb,data/keypoints_normalized/fall/fall-03-cam0-rgb.npz,14,43,0,0,0,0.00011146193
fall-03-cam0-rgb,data/keypoints_normalized/fall/fall-03-cam0-rgb.npz,15,44,0,0,0,0.00011219922
fall-03-cam0-rgb,data/keypoints_normalized/fall/fall-03-cam0-rgb.npz,16,45,0,0,0,0.00011335938
fall-03-cam0-rgb,data/keypoints_normalized/fall/fall-03-cam0-rgb.npz,17,46,0,0,0,0.000113969916
fall-03-cam0-rgb,data/keypoints_normalized/fall/fall-03-cam0-rgb.npz,18,47,0,0,0,0.00011493547
fall-03-cam0-rgb,data/keypoints_normalized/fall/fall-03-cam0-rgb.npz,19,48,0,0,0,0.00011613842
fall-03-cam0-rgb,data/keypoints_normalized/fall/fall-03-cam0-rgb.npz,20,49,0,0,0,0.00011725418
fall-03-cam0-rgb,data/keypoints_normalized/fall/fall-03-cam0-rgb.npz,21,50,0,0,0,0.00011814002
fall-03-cam0-rgb,data/keypoints_normalized/fall/fall-03-cam0-rgb.npz,22,51,0,0,0,0.00011919668
fall-03-cam0-rgb,data/keypoints_normalized/fall/fall-03-cam0-rgb.npz,23,52,0,0,0,0.00011992713
fall-03-cam0-rgb,data/keypoints_normalized/fall/fall-03-cam0-rgb.npz,24,53,0,0,0,0.00012058258
fall-03-cam0-rgb,data/keypoints_normalized/fall/fall-03-cam0-rgb.npz,25,54,0,0,0,0.00012100255
fall-03-cam0-rgb,data/keypoints_normalized/fall/fall-03-cam0-rgb.npz,26,55,0,0,0,0.000121186604
fall-03-cam0-rgb,data/keypoints_normalized/fall/fall-03-cam0-rgb.npz,27,56,0,0,0,0.00012131344
fall-03-cam0-rgb,data/keypoints_normalized/fall/fall-03-cam0-rgb.npz,28,57,0,0,0,0.000120991004
fall-03-cam0-rgb,data/keypoints_normalized/fall/fall-03-cam0-rgb.npz,29,58,0,0,0,0.000120650686
fall-03-cam0-rgb,data/keypoints_normalized/fall/fall-03-cam0-rgb.npz,30,59,0,0,0,0.00012030557
fall-03-cam0-rgb,data/keypoints_normalized/fall/fall-03-cam0-rgb.npz,31,60,0,0,0,0.00012008002
fall-03-cam0-rgb,data/keypoints_normalized/fall/fall-03-cam0-rgb.npz,32,61,0,0,0,0.00011950054
fall-03-cam0-rgb,data/keypoints_normalized/fall/fall-03-cam0-rgb.npz,33,62,0,0,0,0.00011919679
fall-03-cam0-rgb,data/keypoints_normalized/fall/fall-03-cam0-rgb.npz,34,63,0,0,0,0.000118590026
fall-03-cam0-rgb,data/keypoints_normalized/fall/fall-03-cam0-rgb.npz,35,64,0,0,0,0.00011809655
fall-03-cam0-rgb,data/keypoints_normalized/fall/fall-03-cam0-rgb.npz,36,65,0,0,0,0.000117884796
fall-03-cam0-rgb,data/keypoints_normalized/fall/fall-03-cam0-rgb.npz,37,66,0,0,0,0.00011729545
fall-03-cam0-rgb,data/keypoints_normalized/fall/fall-03-cam0-rgb.npz,38,67,0,0,0,0.00011651179
fall-03-cam0-rgb,data/keypoints_normalized/fall/fall-03-cam0-rgb.npz,39,68,0,0,0,0.00011562503
fall-03-cam0-rgb,data/keypoints_normalized/fall/fall-03-cam0-rgb.npz,40,69,0,0,0,0.000115098206
fall-03-cam0-rgb,data/keypoints_normalized/fall/fall-03-cam0-rgb.npz,41,70,0,0,0,0.000114383314
fall-03-cam0-rgb,data/keypoints_normalized/fall/fall-03-cam0-rgb.npz,42,71,0,0,0,0.0001136658
fall-03-cam0-rgb,data/keypoints_normalized/fall/fall-03-cam0-rgb.npz,43,72,0,0,0,0.00011303221
fall-03-cam0-rgb,data/keypoints_normalized/fall/fall-03-cam0-rgb.npz,44,73,0,0,0,0.00011229009
fall-03-cam0-rgb,data/keypoints_normalized/fall/fall-03-cam0-rgb.npz,45,74,0,0,0,0.000111925976
fall-03-cam0-rgb,data/keypoints_normalized/fall/fall-03-cam0-rgb.npz,46,75,0,0,0,0.00011160859
fall-03-cam0-rgb,data/keypoints_normalized/fall/fall-03-cam0-rgb.npz,47,76,0,0,0,0.00011141091
fall-03-cam0-rgb,data/keypoints_normalized/fall/fall-03-cam0-rgb.npz,48,77,0,0,0,0.00011134135
fall-03-cam0-rgb,data/keypoints_normalized/fall/fall-03-cam0-rgb.npz,49,78,0,0,0,0.0001114056
fall-03-cam0-rgb,data/keypoints_normalized/fall/fall-03-cam0-rgb.npz,50,79,0,0,0,0.000111491376
fall-03-cam0-rgb,data/keypoints_normalized/fall/fall-03-cam0-rgb.npz,51,80,0,0,0,0.000111991096
fall-03-cam0-rgb,data/keypoints_normalized/fall/fall-03-cam0-rgb.npz,52,81,0,0,0,0.00011255262
fall-03-cam0-rgb,data/keypoints_normalized/fall/fall-03-cam0-rgb.npz,53,82,0,0,0,0.00011323761
fall-03-cam0-rgb,data/keypoints_normalized/fall/fall-03-cam0-rgb.npz,54,83,0,0,0,0.00011411064
fall-03-cam0-rgb,data/keypoints_normalized/fall/fall-03-cam0-rgb.npz,55,84,0,0,0,0.00011525681
fall-03-cam0-rgb,data/keypoints_normalized/fall/fall-03-cam0-rgb.npz,56,85,0,0,0,0.00011639419
fall-03-cam0-rgb,data/keypoints_normalized/fall/fall-03-cam0-rgb.npz,57,86,0,0,0,0.00011814983
fall-03-cam0-rgb,data/keypoints_normalized/fall/fall-03-cam0-rgb.npz,58,87,0,0,0,0.00011952743
fall-03-cam0-rgb,data/keypoints_normalized/fall/fall-03-cam0-rgb.npz,59,88,0,0,0,0.00012132546
fall-03-cam0-rgb,data/keypoints_normalized/fall/fall-03-cam0-rgb.npz,60,89,0,0,0,0.00012323982
fall-03-cam0-rgb,data/keypoints_normalized/fall/fall-03-cam0-rgb.npz,61,90,0,0,0,0.00012513557
fall-03-cam0-rgb,data/keypoints_normalized/fall/fall-03-cam0-rgb.npz,62,91,0,0,0,0.00012685855
fall-03-cam0-rgb,data/keypoints_normalized/fall/fall-03-cam0-rgb.npz,63,92,0,0,0,0.00012892226
fall-03-cam0-rgb,data/keypoints_normalized/fall/fall-03-cam0-rgb.npz,64,93,0,0,0,0.00013134778
fall-03-cam0-rgb,data/keypoints_normalized/fall/fall-03-cam0-rgb.npz,65,94,0,0,0,0.00013366489
fall-03-cam0-rgb,data/keypoints_normalized/fall/fall-03-cam0-rgb.npz,66,95,0,0,0,0.00013611991
fall-03-cam0-rgb,data/keypoints_normalized/fall/fall-03-cam0-rgb.npz,67,96,0,0,0,0.00013849701
fall-03-cam0-rgb,data/keypoints_normalized/fall/fall-03-cam0-rgb.npz,68,97,0,0,0,0.00014073109
fall-03-cam0-rgb,data/keypoints_normalized/fall/fall-03-cam0-rgb.npz,69,98,0,0,0,0.00014307204
fall-03-cam0-rgb,data/keypoints_normalized/fall/fall-03-cam0-rgb.npz,70,99,0,0,0,0.00014555456
fall-03-cam0-rgb,data/keypoints_normalized/fall/fall-03-cam0-rgb.npz,71,100,0,0,0,0.00014746131
fall-03-cam0-rgb,data/keypoints_normalized/fall/fall-03-cam0-rgb.npz,72,101,0,0,0,0.00014998135
fall-03-cam0-rgb,data/keypoints_normalized/fall/fall-03-cam0-rgb.npz,73,102,0,0,0,0.00015131409
fall-03-cam0-rgb,data/keypoints_normalized/fall/fall-03-cam0-rgb.npz,74,103,0,0,0,0.00015267936
fall-03-cam0-rgb,data/keypoints_normalized/fall/fall-03-cam0-rgb.npz,75,104,0,0,0,0.00015410528
fall-03-cam0-rgb,data/keypoints_normalized/fall/fall-03-cam0-rgb.npz,76,105,0,0,0,0.00015444479
fall-03-cam0-rgb,data/keypoints_normalized/fall/fall-03-cam0-rgb.npz,77,106,0,0,0,0.00015490124
fall-03-cam0-rgb,data/keypoints_normalized/fall/fall-03-cam0-rgb.npz,78,107,0,0,0,0.00015400643
fall-03-cam0-rgb,data/keypoints_normalized/fall/fall-03-cam0-rgb.npz,79,108,0,0,0,0.00015356066
fall-03-cam0-rgb,data/keypoints_normalized/fall/fall-03-cam0-rgb.npz,80,109,0,0,0,0.00015266947
fall-03-cam0-rgb,data/keypoints_normalized/fall/fall-03-cam0-rgb.npz,81,110,0,0,0,0.00015124487
fall-03-cam0-rgb,data/keypoints_normalized/fall/fall-03-cam0-rgb.npz,82,111,0,0,0,0.00014956889
fall-03-cam0-rgb,data/keypoints_normalized/fall/fall-03-cam0-rgb.npz,83,112,0,0,0,0.0001473473
fall-03-cam0-rgb,data/keypoints_normalized/fall/fall-03-cam0-rgb.npz,84,113,0,0,0,0.00014483338
fall-03-cam0-rgb,data/keypoints_normalized/fall/fall-03-cam0-rgb.npz,85,114,0,0,0,0.00014197137
fall-03-cam0-rgb,data/keypoints_normalized/fall/fall-03-cam0-rgb.npz,86,115,0,0,0,0.00013832281
fall-03-cam0-rgb,data/keypoints_normalized/fall/fall-03-cam0-rgb.npz,87,116,0,0,0,0.00013431623
fall-03-cam0-rgb,data/keypoints_normalized/fall/fall-03-cam0-rgb.npz,88,117,0,0,0,0.00013045208
fall-03-cam0-rgb,data/keypoints_normalized/fall/fall-03-cam0-rgb.npz,89,118,0,0,0,0.00012705369
fall-03-cam0-rgb,data/keypoints_normalized/fall/fall-03-cam0-rgb.npz,90,119,0,0,0,0.0001237194
fall-03-cam0-rgb,data/keypoints_normalized/fall/fall-03-cam0-rgb.npz,91,120,0,0,0,0.00012027196
fall-03-cam0-rgb,data/keypoints_normalized/fall/fall-03-cam0-rgb.npz,92,121,0,0,0,0.00011635356
fall-03-cam0-rgb,data/keypoints_normalized/fall/fall-03-cam0-rgb.npz,93,122,0,0,0,0.00011213086
fall-03-cam0-rgb,data/keypoints_normalized/fall/fall-03-cam0-rgb.npz,94,123,0,0,0,0.00010814749
fall-03-cam0-rgb,data/keypoints_normalized/fall/fall-03-cam0-rgb.npz,95,124,0,0,0,0.00010444016
fall-03-cam0-rgb,data/keypoints_normalized/fall/fall-03-cam0-rgb.npz,96,125,0,0,0,0.00010077732
fall-03-cam0-rgb,data/keypoints_normalized/fall/fall-03-cam0-rgb.npz,97,126,0,0,0,9.773824e-05
fall-03-cam0-rgb,data/keypoints_normalized/fall/fall-03-cam0-rgb.npz,98,127,0,0,0,9.4642404e-05
fall-03-cam0-rgb,data/keypoints_normalized/fall/fall-03-cam0-rgb.npz,99,128,0,0,0,9.134345e-05
fall-03-cam0-rgb,data/keypoints_normalized/fall/fall-03-cam0-rgb.npz,100,129,0,0,0,8.829374e-05
fall-03-cam0-rgb,data/keypoints_normalized/fall/fall-03-cam0-rgb.npz,101,130,0,0,0,8.5259875e-05
fall-03-cam0-rgb,data/keypoints_normalized/fall/fall-03-cam0-rgb.npz,102,131,0,0,0,8.2460036e-05
fall-03-cam0-rgb,data/keypoints_normalized/fall/fall-03-cam0-rgb.npz,103,132,0,0,0,8.0050515e-05
fall-03-cam0-rgb,data/keypoints_normalized/fall/fall-03-cam0-rgb.npz,104,133,0,0,0,7.786161e-05
fall-03-cam0-rgb,data/keypoints_normalized/fall/fall-03-cam0-rgb.npz,105,134,0,0,0,7.594219e-05
fall-03-cam0-rgb,data/keypoints_normalized/fall/fall-03-cam0-rgb.npz,106,135,0,0,0,7.448467e-05
fall-03-cam0-rgb,data/keypoints_normalized/fall/fall-03-cam0-rgb.npz,107,136,0,0,0,7.338054e-05
fall-03-cam0-rgb,data/keypoints_normalized/fall/fall-03-cam0-rgb.npz,108,137,0,0,0,7.251956e-05
fall-03-cam0-rgb,data/keypoints_normalized/fall/fall-03-cam0-rgb.npz,109,138,0,0,0,7.1516944e-05
fall-03-cam0-rgb,data/keypoints_normalized/fall/fall-03-cam0-rgb.npz,110,139,0,0,0,7.072042e-05
fall-03-cam0-rgb,data/keypoints_normalized/fall/fall-03-cam0-rgb.npz,111,140,0,0,0,7.030909e-05
fall-03-cam0-rgb,data/keypoints_normalized/fall/fall-03-cam0-rgb.npz,112,141,0,0,0,7.0026e-05
fall-03-cam0-rgb,data/keypoints_normalized/fall/fall-03-cam0-rgb.npz,113,142,0,0,0,6.961246e-05
fall-03-cam0-rgb,data/keypoints_normalized/fall/fall-03-cam0-rgb.npz,114,143,0,0,0,6.9187256e-05
fall-03-cam0-rgb,data/keypoints_normalized/fall/fall-03-cam0-rgb.npz,115,144,0,0,0,6.883878e-05
fall-03-cam0-rgb,data/keypoints_normalized/fall/fall-03-cam0-rgb.npz,116,145,0,0,0,6.840995e-05
fall-03-cam0-rgb,data/keypoints_normalized/fall/fall-03-cam0-rgb.npz,117,146,0,0,0,6.792651e-05
fall-03-cam0-rgb,data/keypoints_normalized/fall/fall-03-cam0-rgb.npz,118,147,0,0,0,6.769403e-05
fall-03-cam0-rgb,data/keypoints_normalized/fall/fall-03-cam0-rgb.npz,119,148,0,0,0,6.721513e-05
fall-03-cam0-rgb,data/keypoints_normalized/fall/fall-03-cam0-rgb.npz,120,149,0,0,0,6.6944995e-05
fall-03-cam0-rgb,data/keypoints_normalized/fall/fall-03-cam0-rgb.npz,121,150,0,0,0,6.443453e-05
fall-03-cam0-rgb,data/keypoints_normalized/fall/fall-03-cam0-rgb.npz,122,151,0,0,0,6.4144e-05
fall-03-cam0-rgb,data/keypoints_normalized/fall/fall-03-cam0-rgb.npz,123,152,0,0,0,6.4117325e-05
fall-03-cam0-rgb,data/keypoints_normalized/fall/fall-03-cam0-rgb.npz,124,153,0,0,0,6.8371664e-05
fall-03-cam0-rgb,data/keypoints_normalized/fall/fall-03-cam0-rgb.npz,125,154,0,0,0,6.8040594e-05
fall-03-cam0-rgb,data/keypoints_normalized/fall/fall-03-cam0-rgb.npz,126,155,0,0,0,8.267522e-05
fall-03-cam0-rgb,data/keypoints_normalized/fall/fall-03-cam0-rgb.npz,127,156,0,0,0,8.274116e-05
fall-03-cam0-rgb,data/keypoints_normalized/fall/fall-03-cam0-rgb.npz,128,157,0,0,0,8.272356e-05
fall-03-cam0-rgb,data/keypoints_normalized/fall/fall-03-cam0-rgb.npz,129,158,0,0,0,8.267466e-05
fall-03-cam0-rgb,data/keypoints_normalized/fall/fall-03-cam0-rgb.npz,130,159,0,0,0,8.2955965e-05
fall-03-cam0-rgb,data/keypoints_normalized/fall/fall-03-cam0-rgb.npz,131,160,0,0,0,8.298857e-05
fall-03-cam0-rgb,data/keypoints_normalized/fall/fall-03-cam0-rgb.npz,132,161,0,0,0,8.302767e-05
fall-03-cam0-rgb,data/keypoints_normalized/fall/fall-03-cam0-rgb.npz,133,162,0,0,0,8.315238e-05
fall-03-cam0-rgb,data/keypoints_normalized/fall/fall-03-cam0-rgb.npz,134,163,0,0,0,8.341232e-05
fall-03-cam0-rgb,data/keypoints_normalized/fall/fall-03-cam0-rgb.npz,135,164,0,0,0,8.356359e-05
fall-03-cam0-rgb,data/keypoints_normalized/fall/fall-03-cam0-rgb.npz,136,165,0,0,0,8.380682e-05
fall-03-cam0-rgb,data/keypoints_normalized/fall/fall-03-cam0-rgb.npz,137,166,0,0,0,8.418472e-05
fall-03-cam0-rgb,data/keypoints_normalized/fall/fall-03-cam0-rgb.npz,138,167,0,0,0,8.455603e-05
fall-03-cam0-rgb,data/keypoints_normalized/fall/fall-03-cam0-rgb.npz,139,168,0,0,0,8.506837e-05
fall-03-cam0-rgb,data/keypoints_normalized/fall/fall-03-cam0-rgb.npz,140,169,0,0,0,8.5523294e-05
fall-03-cam0-rgb,data/keypoints_normalized/fall/fall-03-cam0-rgb.npz,141,170,0,0,0,8.659423e-05
fall-03-cam0-rgb,data/keypoints_normalized/fall/fall-03-cam0-rgb.npz,142,171,0,0,0,8.762867e-05
fall-03-cam0-rgb,data/keypoints_normalized/fall/fall-03-cam0-rgb.npz,143,172,0,0,0,8.907099e-05
fall-03-cam0-rgb,data/keypoints_normalized/fall/fall-03-cam0-rgb.npz,144,173,0,0,0,9.078274e-05
fall-03-cam0-rgb,data/keypoints_normalized/fall/fall-03-cam0-rgb.npz,145,174,0,0,0,9.253771e-05
fall-03-cam0-rgb,data/keypoints_normalized/fall/fall-03-cam0-rgb.npz,146,175,0,0,0,9.451217e-05
fall-03-cam0-rgb,data/keypoints_normalized/fall/fall-03-cam0-rgb.npz,147,176,0,0,0,9.654984e-05
fall-03-cam0-rgb,data/keypoints_normalized/fall/fall-03-cam0-rgb.npz,149,178,1,1,0,0.000101779675
fall-03-cam0-rgb,data/keypoints_normalized/fall/fall-03-cam0-rgb.npz,150,179,1,1,0,0.0001041567
fall-03-cam0-rgb,data/keypoints_normalized/fall/fall-03-cam0-rgb.npz,151,180,1,1,0,0.000108090884
fall-03-cam0-rgb,data/keypoints_normalized/fall/fall-03-cam0-rgb.npz,152,181,1,1,0,0.000113807444
fall-03-cam0-rgb,data/keypoints_normalized/fall/fall-03-cam0-rgb.npz,153,182,1,1,0,0.00012268219
fall-03-cam0-rgb,data/keypoints_normalized/fall/fall-03-cam0-rgb.npz,154,183,1,1,0,0.00013721065
fall-03-cam0-rgb,data/keypoints_normalized/fall/fall-03-cam0-rgb.npz,155,184,1,1,0,0.00016154458
fall-03-cam0-rgb,data/keypoints_normalized/fall/fall-03-cam0-rgb.npz,156,185,1,1,0,0.00020558435
fall-03-cam0-rgb,data/keypoints_normalized/fall/fall-03-cam0-rgb.npz,157,186,1,1,0,0.0003163072
fall-03-cam0-rgb,data/keypoints_normalized/fall/fall-03-cam0-rgb.npz,158,187,1,1,0,0.0007961759
fall-03-cam0-rgb,data/keypoints_normalized/fall/fall-03-cam0-rgb.npz,159,188,1,1,0,0.004639066
fall-03-cam0-rgb,data/keypoints_normalized/fall/fall-03-cam0-rgb.npz,160,189,1,1,0,0.055069577
fall-03-cam0-rgb,data/keypoints_normalized/fall/fall-03-cam0-rgb.npz,161,190,1,1,1,0.51797503
fall-03-cam0-rgb,data/keypoints_normalized/fall/fall-03-cam0-rgb.npz,162,191,1,1,1,0.9443712
fall-03-cam0-rgb,data/keypoints_normalized/fall/fall-03-cam0-rgb.npz,163,192,1,1,1,0.9955075
fall-03-cam0-rgb,data/keypoints_normalized/fall/fall-03-cam0-rgb.npz,164,193,1,1,1,0.99917763
fall-03-cam0-rgb,data/keypoints_normalized/fall/fall-03-cam0-rgb.npz,165,194,1,1,1,0.9997713
fall-03-cam0-rgb,data/keypoints_normalized/fall/fall-03-cam0-rgb.npz,166,195,1,1,1,0.9999124
fall-03-cam0-rgb,data/keypoints_normalized/fall/fall-03-cam0-rgb.npz,167,196,1,1,1,0.9999596
fall-03-cam0-rgb,data/keypoints_normalized/fall/fall-03-cam0-rgb.npz,168,197,1,1,1,0.9999789
fall-03-cam0-rgb,data/keypoints_normalized/fall/fall-03-cam0-rgb.npz,169,198,1,1,1,0.99998045
fall-03-cam0-rgb,data/keypoints_normalized/fall/fall-03-cam0-rgb.npz,170,199,1,1,1,0.9999807
fall-03-cam0-rgb,data/keypoints_normalized/fall/fall-03-cam0-rgb.npz,171,200,1,1,1,0.9999807
fall-03-cam0-rgb,data/keypoints_normalized/fall/fall-03-cam0-rgb.npz,172,201,1,1,1,0.9999802
fall-03-cam0-rgb,data/keypoints_normalized/fall/fall-03-cam0-rgb.npz,173,202,1,1,1,0.9999795
fall-03-cam0-rgb,data/keypoints_normalized/fall/fall-03-cam0-rgb.npz,174,203,1,1,1,0.9999796
fall-03-cam0-rgb,data/keypoints_normalized/fall/fall-03-cam0-rgb.npz,175,204,1,1,1,0.9999801
fall-03-cam0-rgb,data/keypoints_normalized/fall/fall-03-cam0-rgb.npz,176,205,1,1,1,0.99998033
fall-03-cam0-rgb,data/keypoints_normalized/fall/fall-03-cam0-rgb.npz,177,206,1,1,1,0.99998045
fall-03-cam0-rgb,data/keypoints_normalized/fall/fall-03-cam0-rgb.npz,178,207,1,1,1,0.99998057
fall-03-cam0-rgb,data/keypoints_normalized/fall/fall-03-cam0-rgb.npz,179,208,1,1,1,0.9999807
fall-03-cam0-rgb,data/keypoints_normalized/fall/fall-03-cam0-rgb.npz,180,209,1,1,1,0.9999807
fall-03-cam0-rgb,data/keypoints_normalized/fall/fall-03-cam0-rgb.npz,181,210,1,1,1,0.99998033
fall-03-cam0-rgb,data/keypoints_normalized/fall/fall-03-cam0-rgb.npz,182,211,1,1,1,0.99998033
fall-03-cam0-rgb,data/keypoints_normalized/fall/fall-03-cam0-rgb.npz,183,212,1,1,1,0.99997926
fall-03-cam0-rgb,data/keypoints_normalized/fall/fall-03-cam0-rgb.npz,184,213,1,1,1,0.9999801
fall-03-cam0-rgb,data/keypoints_normalized/fall/fall-03-cam0-rgb.npz,185,214,1,1,1,0.9999801
fall-03-cam0-rgb,data/keypoints_normalized/fall/fall-03-cam0-rgb.npz,186,215,1,1,1,0.99998033
fall-12-cam0-rgb,data/keypoints_normalized/fall/fall-12-cam0-rgb.npz,1,30,0,0,0,8.84661e-05
fall-12-cam0-rgb,data/keypoints_normalized/fall/fall-12-cam0-rgb.npz,2,31,0,0,0,8.651878e-05
fall-12-cam0-rgb,data/keypoints_normalized/fall/fall-12-cam0-rgb.npz,3,32,0,0,0,8.486346e-05
fall-12-cam0-rgb,data/keypoints_normalized/fall/fall-12-cam0-rgb.npz,4,33,0,0,0,8.33546e-05
fall-12-cam0-rgb,data/keypoints_normalized/fall/fall-12-cam0-rgb.npz,5,34,0,0,0,8.236055e-05
fall-12-cam0-rgb,data/keypoints_normalized/fall/fall-12-cam0-rgb.npz,6,35,0,0,0,8.150751e-05
fall-12-cam0-rgb,data/keypoints_normalized/fall/fall-12-cam0-rgb.npz,7,36,0,0,0,8.088868e-05
fall-12-cam0-rgb,data/keypoints_normalized/fall/fall-12-cam0-rgb.npz,8,37,0,0,0,7.953076e-05
fall-12-cam0-rgb,data/keypoints_normalized/fall/fall-12-cam0-rgb.npz,9,38,0,0,0,7.801991e-05
fall-12-cam0-rgb,data/keypoints_normalized/fall/fall-12-cam0-rgb.npz,10,39,0,0,0,7.6765755e-05
fall-12-cam0-rgb,data/keypoints_normalized/fall/fall-12-cam0-rgb.npz,11,40,0,0,0,7.607121e-05
fall-12-cam0-rgb,data/keypoints_normalized/fall/fall-12-cam0-rgb.npz,12,41,0,0,0,7.512009e-05
fall-12-cam0-rgb,data/keypoints_normalized/fall/fall-12-cam0-rgb.npz,13,42,0,0,0,7.433601e-05
fall-12-cam0-rgb,data/keypoints_normalized/fall/fall-12-cam0-rgb.npz,14,43,0,0,0,7.438841e-05
fall-12-cam0-rgb,data/keypoints_normalized/fall/fall-12-cam0-rgb.npz,15,44,0,0,0,7.564478e-05
fall-12-cam0-rgb,data/keypoints_normalized/fall/fall-12-cam0-rgb.npz,16,45,0,0,0,7.818176e-05
fall-12-cam0-rgb,data/keypoints_normalized/fall/fall-12-cam0-rgb.npz,17,46,0,0,0,8.2558705e-05
fall-12-cam0-rgb,data/keypoints_normalized/fall/fall-12-cam0-rgb.npz,18,47,0,0,0,8.8333916e-05
fall-12-cam0-rgb,data/keypoints_normalized/fall/fall-12-cam0-rgb.npz,19,48,0,0,0,9.709503e-05
fall-12-cam0-rgb,data/keypoints_normalized/fall/fall-12-cam0-rgb.npz,20,49,0,0,0,0.00011344945
fall-12-cam0-rgb,data/keypoints_normalized/fall/fall-12-cam0-rgb.npz,21,50,0,0,0,0.00015960452
fall-12-cam0-rgb,data/keypoints_normalized/fall/fall-12-cam0-rgb.npz,22,51,0,0,0,0.00040446938
fall-12-cam0-rgb,data/keypoints_normalized/fall/fall-12-cam0-rgb.npz,23,52,0,0,0,0.0025964824
fall-12-cam0-rgb,data/keypoints_normalized/fall/fall-12-cam0-rgb.npz,24,53,0,0,0,0.033521242
fall-12-cam0-rgb,data/keypoints_normalized/fall/fall-12-cam0-rgb.npz,26,55,1,1,1,0.8916389
fall-12-cam0-rgb,data/keypoints_normalized/fall/fall-12-cam0-rgb.npz,27,56,1,1,1,0.9866143
fall-12-cam0-rgb,data/keypoints_normalized/fall/fall-12-cam0-rgb.npz,28,57,1,1,1,0.99767834
fall-12-cam0-rgb,data/keypoints_normalized/fall/fall-12-cam0-rgb.npz,29,58,1,1,1,0.999395
fall-12-cam0-rgb,data/keypoints_normalized/fall/fall-12-cam0-rgb.npz,30,59,1,1,1,0.9997732
fall-12-cam0-rgb,data/keypoints_normalized/fall/fall-12-cam0-rgb.npz,31,60,1,1,1,0.999894
fall-12-cam0-rgb,data/keypoints_normalized/fall/fall-12-cam0-rgb.npz,32,61,1,1,1,0.99993455
fall-12-cam0-rgb,data/keypoints_normalized/fall/fall-12-cam0-rgb.npz,33,62,1,1,1,0.9999566
fall-12-cam0-rgb,data/keypoints_normalized/fall/fall-12-cam0-rgb.npz,34,63,1,1,1,0.9999672
fall-12-cam0-rgb,data/keypoints_normalized/fall/fall-12-cam0-rgb.npz,35,64,1,1,1,0.9999734
fall-12-cam0-rgb,data/keypoints_normalized/fall/fall-12-cam0-rgb.npz,36,65,1,1,1,0.9999757
fall-12-cam0-rgb,data/keypoints_normalized/fall/fall-12-cam0-rgb.npz,37,66,1,1,1,0.9999771
fall-12-cam0-rgb,data/keypoints_normalized/fall/fall-12-cam0-rgb.npz,38,67,1,1,1,0.99997807
fall-12-cam0-rgb,data/keypoints_normalized/fall/fall-12-cam0-rgb.npz,39,68,1,1,1,0.9999788
fall-12-cam0-rgb,data/keypoints_normalized/fall/fall-12-cam0-rgb.npz,40,69,1,1,1,0.9999794
fall-12-cam0-rgb,data/keypoints_normalized/fall/fall-12-cam0-rgb.npz,41,70,1,1,1,0.99997973
fall-12-cam0-rgb,data/keypoints_normalized/fall/fall-12-cam0-rgb.npz,42,71,1,1,1,0.9999801
fall-12-cam0-rgb,data/keypoints_normalized/fall/fall-12-cam0-rgb.npz,43,72,1,1,1,0.9999802
fall-12-cam0-rgb,data/keypoints_normalized/fall/fall-12-cam0-rgb.npz,44,73,1,1,1,0.99998045
fall-12-cam0-rgb,data/keypoints_normalized/fall/fall-12-cam0-rgb.npz,45,74,1,1,1,0.99998057
fall-12-cam0-rgb,data/keypoints_normalized/fall/fall-12-cam0-rgb.npz,46,75,1,1,1,0.9999807
fall-12-cam0-rgb,data/keypoints_normalized/fall/fall-12-cam0-rgb.npz,47,76,1,1,1,0.9999808
fall-12-cam0-rgb,data/keypoints_normalized/fall/fall-12-cam0-rgb.npz,48,77,1,1,1,0.9999809
fall-12-cam0-rgb,data/keypoints_normalized/fall/fall-12-cam0-rgb.npz,49,78,1,1,1,0.9999809
fall-12-cam0-rgb,data/keypoints_normalized/fall/fall-12-cam0-rgb.npz,50,79,1,1,1,0.99998105
fall-12-cam0-rgb,data/keypoints_normalized/fall/fall-12-cam0-rgb.npz,51,80,1,1,1,0.99998105
fall-12-cam0-rgb,data/keypoints_normalized/fall/fall-12-cam0-rgb.npz,52,81,1,1,1,0.99998105
fall-12-cam0-rgb,data/keypoints_normalized/fall/fall-12-cam0-rgb.npz,53,82,1,1,1,0.99998105
fall-12-cam0-rgb,data/keypoints_normalized/fall/fall-12-cam0-rgb.npz,54,83,1,1,1,0.99998105
fall-12-cam0-rgb,data/keypoints_normalized/fall/fall-12-cam0-rgb.npz,55,84,1,1,1,0.99998105
fall-12-cam0-rgb,data/keypoints_normalized/fall/fall-12-cam0-rgb.npz,56,85,1,1,1,0.99998105
fall-12-cam0-rgb,data/keypoints_normalized/fall/fall-12-cam0-rgb.npz,57,86,1,1,1,0.99998105
fall-12-cam0-rgb,data/keypoints_normalized/fall/fall-12-cam0-rgb.npz,58,87,1,1,1,0.99998105
fall-12-cam0-rgb,data/keypoints_normalized/fall/fall-12-cam0-rgb.npz,59,88,1,1,1,0.99998105
fall-12-cam0-rgb,data/keypoints_normalized/fall/fall-12-cam0-rgb.npz,60,89,1,1,1,0.99998105
fall-12-cam0-rgb,data/keypoints_normalized/fall/fall-12-cam0-rgb.npz,61,90,1,1,1,0.99998105
fall-12-cam0-rgb,data/keypoints_normalized/fall/fall-12-cam0-rgb.npz,62,91,1,1,1,0.99998105
fall-12-cam0-rgb,data/keypoints_normalized/fall/fall-12-cam0-rgb.npz,63,92,1,1,1,0.99998105
fall-12-cam0-rgb,data/keypoints_normalized/fall/fall-12-cam0-rgb.npz,64,93,1,1,1,0.99998105
fall-12-cam0-rgb,data/keypoints_normalized/fall/fall-12-cam0-rgb.npz,65,94,1,1,1,0.99998105
fall-12-cam0-rgb,data/keypoints_normalized/fall/fall-12-cam0-rgb.npz,66,95,1,1,1,0.99998105
fall-12-cam0-rgb,data/keypoints_normalized/fall/fall-12-cam0-rgb.npz,67,96,1,1,1,0.9999809
fall-12-cam0-rgb,data/keypoints_normalized/fall/fall-12-cam0-rgb.npz,68,97,1,1,1,0.9999809
fall-12-cam0-rgb,data/keypoints_normalized/fall/fall-12-cam0-rgb.npz,69,98,1,1,1,0.9999809
fall-12-cam0-rgb,data/keypoints_normalized/fall/fall-12-cam0-rgb.npz,70,99,1,1,1,0.9999809
fall-12-cam0-rgb,data/keypoints_normalized/fall/fall-12-cam0-rgb.npz,71,100,1,1,1,0.9999809
fall-12-cam0-rgb,data/keypoints_normalized/fall/fall-12-cam0-rgb.npz,72,101,1,1,1,0.9999809
fall-12-cam0-rgb,data/keypoints_normalized/fall/fall-12-cam0-rgb.npz,73,102,1,1,1,0.9999809
fall-12-cam0-rgb,data/keypoints_normalized/fall/fall-12-cam0-rgb.npz,74,103,1,1,1,0.9999809
fall-12-cam0-rgb,data/keypoints_normalized/fall/fall-12-cam0-rgb.npz,75,104,1,1,1,0.9999809
fall-12-cam0-rgb,data/keypoints_normalized/fall/fall-12-cam0-rgb.npz,76,105,1,1,1,0.9999809
fall-12-cam0-rgb,data/keypoints_normalized/fall/fall-12-cam0-rgb.npz,77,106,1,1,1,0.9999809
fall-12-cam0-rgb,data/keypoints_normalized/fall/fall-12-cam0-rgb.npz,78,107,1,1,1,0.9999809
fall-12-cam0-rgb,data/keypoints_normalized/fall/fall-12-cam0-rgb.npz,79,108,1,1,1,0.9999809
fall-12-cam0-rgb,data/keypoints_normalized/fall/fall-12-cam0-rgb.npz,80,109,1,1,1,0.9999809
fall-12-cam0-rgb,data/keypoints_normalized/fall/fall-12-cam0-rgb.npz,81,110,1,1,1,0.9999809
fall-14-cam0-rgb,data/keypoints_normalized/fall/fall-14-cam0-rgb.npz,1,30,0,0,0,0.00010677071
fall-14-cam0-rgb,data/keypoints_normalized/fall/fall-14-cam0-rgb.npz,2,31,0,0,0,0.00010768205
fall-14-cam0-rgb,data/keypoints_normalized/fall/fall-14-cam0-rgb.npz,3,32,0,0,0,0.00011062257
fall-14-cam0-rgb,data/keypoints_normalized/fall/fall-14-cam0-rgb.npz,4,33,0,0,0,0.0001180541
fall-14-cam0-rgb,data/keypoints_normalized/fall/fall-14-cam0-rgb.npz,5,34,0,0,0,0.0001235149
fall-14-cam0-rgb,data/keypoints_normalized/fall/fall-14-cam0-rgb.npz,6,35,0,0,0,0.00013890276
fall-14-cam0-rgb,data/keypoints_normalized/fall/fall-14-cam0-rgb.npz,7,36,0,0,0,0.00015362728
fall-14-cam0-rgb,data/keypoints_normalized/fall/fall-14-cam0-rgb.npz,8,37,0,0,0,0.00018566778
fall-14-cam0-rgb,data/keypoints_normalized/fall/fall-14-cam0-rgb.npz,9,38,0,0,0,0.00023407444
fall-14-cam0-rgb,data/keypoints_normalized/fall/fall-14-cam0-rgb.npz,10,39,0,0,0,0.00040060782
fall-14-cam0-rgb,data/keypoints_normalized/fall/fall-14-cam0-rgb.npz,11,40,0,0,0,0.0015221693
fall-14-cam0-rgb,data/keypoints_normalized/fall/fall-14-cam0-rgb.npz,12,41,0,0,0,0.019832999
fall-14-cam0-rgb,data/keypoints_normalized/fall/fall-14-cam0-rgb.npz,13,42,0,0,0,0.34614015
fall-14-cam0-rgb,data/keypoints_normalized/fall/fall-14-cam0-rgb.npz,14,43,0,0,1,0.92134714
fall-14-cam0-rgb,data/keypoints_normalized/fall/fall-14-cam0-rgb.npz,15,44,0,0,1,0.9993405
fall-14-cam0-rgb,data/keypoints_normalized/fall/fall-14-cam0-rgb.npz,17,46,1,1,1,0.999887
fall-14-cam0-rgb,data/keypoints_normalized/fall/fall-14-cam0-rgb.npz,18,47,1,1,1,0.99993193
fall-14-cam0-rgb,data/keypoints_normalized/fall/fall-14-cam0-rgb.npz,19,48,1,1,1,0.99994564
fall-14-cam0-rgb,data/keypoints_normalized/fall/fall-14-cam0-rgb.npz,20,49,1,1,1,0.9999708
fall-14-cam0-rgb,data/keypoints_normalized/fall/fall-14-cam0-rgb.npz,21,50,1,1,1,0.99997294
fall-14-cam0-rgb,data/keypoints_normalized/fall/fall-14-cam0-rgb.npz,22,51,1,1,1,0.9999746
fall-14-cam0-rgb,data/keypoints_normalized/fall/fall-14-cam0-rgb.npz,23,52,1,1,1,0.99997616
fall-14-cam0-rgb,data/keypoints_normalized/fall/fall-14-cam0-rgb.npz,24,53,1,1,1,0.99997735
fall-14-cam0-rgb,data/keypoints_normalized/fall/fall-14-cam0-rgb.npz,25,54,1,1,1,0.9999784
fall-14-cam0-rgb,data/keypoints_normalized/fall/fall-14-cam0-rgb.npz,26,55,1,1,1,0.99997914
fall-14-cam0-rgb,data/keypoints_normalized/fall/fall-14-cam0-rgb.npz,27,56,1,1,1,0.9999796
fall-14-cam0-rgb,data/keypoints_normalized/fall/fall-14-cam0-rgb.npz,28,57,1,1,1,0.99998
fall-14-cam0-rgb,data/keypoints_normalized/fall/fall-14-cam0-rgb.npz,29,58,1,1,1,0.99998033
fall-14-cam0-rgb,data/keypoints_normalized/fall/fall-14-cam0-rgb.npz,30,59,1,1,1,0.99998045
fall-14-cam0-rgb,data/keypoints_normalized/fall/fall-14-cam0-rgb.npz,31,60,1,1,1,0.99998057
fall-14-cam0-rgb,data/keypoints_normalized/fall/fall-14-cam0-rgb.npz,32,61,1,1,1,0.9999808
fall-21-cam0-rgb,data/keypoints_normalized/fall/fall-21-cam0-rgb.npz,1,30,0,0,0,9.731583e-05
fall-21-cam0-rgb,data/keypoints_normalized/fall/fall-21-cam0-rgb.npz,2,31,0,0,0,9.73164e-05
fall-21-cam0-rgb,data/keypoints_normalized/fall/fall-21-cam0-rgb.npz,3,32,0,0,0,9.73099e-05
fall-21-cam0-rgb,data/keypoints_normalized/fall/fall-21-cam0-rgb.npz,4,33,0,0,0,9.720574e-05
fall-21-cam0-rgb,data/keypoints_normalized/fall/fall-21-cam0-rgb.npz,5,34,0,0,0,9.762907e-05
fall-21-cam0-rgb,data/keypoints_normalized/fall/fall-21-cam0-rgb.npz,6,35,0,0,0,9.764341e-05
fall-21-cam0-rgb,data/keypoints_normalized/fall/fall-21-cam0-rgb.npz,7,36,0,0,0,9.807004e-05
fall-21-cam0-rgb,data/keypoints_normalized/fall/fall-21-cam0-rgb.npz,8,37,0,0,0,9.8657954e-05
fall-21-cam0-rgb,data/keypoints_normalized/fall/fall-21-cam0-rgb.npz,9,38,0,0,0,0.00010121001
fall-21-cam0-rgb,data/keypoints_normalized/fall/fall-21-cam0-rgb.npz,10,39,0,0,0,0.00010558864
fall-21-cam0-rgb,data/keypoints_normalized/fall/fall-21-cam0-rgb.npz,11,40,0,0,0,0.00011441669
fall-21-cam0-rgb,data/keypoints_normalized/fall/fall-21-cam0-rgb.npz,12,41,0,0,0,0.00013297395
fall-21-cam0-rgb,data/keypoints_normalized/fall/fall-21-cam0-rgb.npz,13,42,0,0,0,0.00017988386
fall-21-cam0-rgb,data/keypoints_normalized/fall/fall-21-cam0-rgb.npz,14,43,0,0,0,0.00033043834
fall-21-cam0-rgb,data/keypoints_normalized/fall/fall-21-cam0-rgb.npz,15,44,0,0,0,0.0009877005
fall-21-cam0-rgb,data/keypoints_normalized/fall/fall-21-cam0-rgb.npz,16,45,0,0,0,0.0048687714
fall-21-cam0-rgb,data/keypoints_normalized/fall/fall-21-cam0-rgb.npz,17,46,0,0,0,0.032933712
fall-21-cam0-rgb,data/keypoints_normalized/fall/fall-21-cam0-rgb.npz,18,47,0,0,0,0.21288799
fall-21-cam0-rgb,data/keypoints_normalized/fall/fall-21-cam0-rgb.npz,19,48,0,0,1,0.67050236
fall-21-cam0-rgb,data/keypoints_normalized/fall/fall-21-cam0-rgb.npz,20,49,0,0,1,0.9275337
fall-21-cam0-rgb,data/keypoints_normalized/fall/fall-21-cam0-rgb.npz,22,51,1,1,1,0.99590355
fall-21-cam0-rgb,data/keypoints_normalized/fall/fall-21-cam0-rgb.npz,23,52,1,1,1,0.99863917
fall-21-cam0-rgb,data/keypoints_normalized/fall/fall-21-cam0-rgb.npz,24,53,1,1,1,0.99944097
fall-21-cam0-rgb,data/keypoints_normalized/fall/fall-21-cam0-rgb.npz,25,54,1,1,1,0.999726
fall-21-cam0-rgb,data/keypoints_normalized/fall/fall-21-cam0-rgb.npz,26,55,1,1,1,0.99984217
fall-23-cam0-rgb,data/keypoints_normalized/fall/fall-23-cam0-rgb.npz,1,30,0,0,0,9.5331874e-05
fall-23-cam0-rgb,data/keypoints_normalized/fall/fall-23-cam0-rgb.npz,2,31,0,0,0,9.514434e-05
fall-23-cam0-rgb,data/keypoints_normalized/fall/fall-23-cam0-rgb.npz,3,32,0,0,0,9.497964e-05
fall-23-cam0-rgb,data/keypoints_normalized/fall/fall-23-cam0-rgb.npz,4,33,0,0,0,9.4927396e-05
fall-23-cam0-rgb,data/keypoints_normalized/fall/fall-23-cam0-rgb.npz,5,34,0,0,0,9.510489e-05
fall-23-cam0-rgb,data/keypoints_normalized/fall/fall-23-cam0-rgb.npz,6,35,0,0,0,9.5329066e-05
fall-23-cam0-rgb,data/keypoints_normalized/fall/fall-23-cam0-rgb.npz,7,36,0,0,0,9.557035e-05
fall-23-cam0-rgb,data/keypoints_normalized/fall/fall-23-cam0-rgb.npz,8,37,0,0,0,9.586134e-05
fall-23-cam0-rgb,data/keypoints_normalized/fall/fall-23-cam0-rgb.npz,9,38,0,0,0,9.572057e-05
fall-23-cam0-rgb,data/keypoints_normalized/fall/fall-23-cam0-rgb.npz,10,39,0,0,0,9.5532996e-05
fall-23-cam0-rgb,data/keypoints_normalized/fall/fall-23-cam0-rgb.npz,11,40,0,0,0,9.5397365e-05
fall-23-cam0-rgb,data/keypoints_normalized/fall/fall-23-cam0-rgb.npz,12,41,0,0,0,9.5505035e-05
fall-23-cam0-rgb,data/keypoints_normalized/fall/fall-23-cam0-rgb.npz,13,42,0,0,0,9.6166135e-05
fall-23-cam0-rgb,data/keypoints_normalized/fall/fall-23-cam0-rgb.npz,14,43,0,0,0,9.764257e-05
fall-23-cam0-rgb,data/keypoints_normalized/fall/fall-23-cam0-rgb.npz,15,44,0,0,0,0.00010107721
fall-23-cam0-rgb,data/keypoints_normalized/fall/fall-23-cam0-rgb.npz,16,45,0,0,0,0.000111085465
fall-23-cam0-rgb,data/keypoints_normalized/fall/fall-23-cam0-rgb.npz,17,46,0,0,0,0.0001300389
fall-23-cam0-rgb,data/keypoints_normalized/fall/fall-23-cam0-rgb.npz,18,47,0,0,0,0.0001903153
fall-23-cam0-rgb,data/keypoints_normalized/fall/fall-23-cam0-rgb.npz,19,48,0,0,0,0.00039676068
fall-23-cam0-rgb,data/keypoints_normalized/fall/fall-23-cam0-rgb.npz,20,49,0,0,0,0.0013894532
fall-23-cam0-rgb,data/keypoints_normalized/fall/fall-23-cam0-rgb.npz,21,50,0,0,0,0.007685021
fall-23-cam0-rgb,data/keypoints_normalized/fall/fall-23-cam0-rgb.npz,22,51,0,0,0,0.0537883
fall-23-cam0-rgb,data/keypoints_normalized/fall/fall-23-cam0-rgb.npz,23,52,0,0,0,0.3087351
fall-23-cam0-rgb,data/keypoints_normalized/fall/fall-23-cam0-rgb.npz,24,53,0,0,1,0.7619226
fall-23-cam0-rgb,data/keypoints_normalized/fall/fall-23-cam0-rgb.npz,25,54,0,0,1,0.9496335
fall-23-cam0-rgb,data/keypoints_normalized/fall/fall-23-cam0-rgb.npz,26,55,0,0,1,0.98869264
fall-23-cam0-rgb,data/keypoints_normalized/fall/fall-23-cam0-rgb.npz,28,57,1,1,1,0.9988971
fall-23-cam0-rgb,data/keypoints_normalized/fall/fall-23-cam0-rgb.npz,29,58,1,1,1,0.9995221
fall-23-cam0-rgb,data/keypoints_normalized/fall/fall-23-cam0-rgb.npz,30,59,1,1,1,0.9997484
fall-23-cam0-rgb,data/keypoints_normalized/fall/fall-23-cam0-rgb.npz,31,60,1,1,1,0.999838
fall-23-cam0-rgb,data/keypoints_normalized/fall/fall-23-cam0-rgb.npz,32,61,1,1,1,0.99986446
fall-23-cam0-rgb,data/keypoints_normalized/fall/fall-23-cam0-rgb.npz,33,62,1,1,1,0.99982184
fall-23-cam0-rgb,data/keypoints_normalized/fall/fall-23-cam0-rgb.npz,34,63,1,1,1,0.99954504
fall-23-cam0-rgb,data/keypoints_normalized/fall/fall-23-cam0-rgb.npz,35,64,1,1,1,0.9966144
fall-23-cam0-rgb,data/keypoints_normalized/fall/fall-23-cam0-rgb.npz,36,65,1,1,1,0.8798031
fall-23-cam0-rgb,data/keypoints_normalized/fall/fall-23-cam0-rgb.npz,37,66,1,1,0,0.1445093
fall-23-cam0-rgb,data/keypoints_normalized/fall/fall-23-cam0-rgb.npz,38,67,1,1,0,0.055960573
fall-23-cam0-rgb,data/keypoints_normalized/fall/fall-23-cam0-rgb.npz,39,68,1,1,0,0.02254449
fall-23-cam0-rgb,data/keypoints_normalized/fall/fall-23-cam0-rgb.npz,40,69,1,1,0,0.01678059
fall-23-cam0-rgb,data/keypoints_normalized/fall/fall-23-cam0-rgb.npz,41,70,1,1,0,0.016805772
fall-23-cam0-rgb,data/keypoints_normalized/fall/fall-23-cam0-rgb.npz,42,71,1,1,0,0.019424172
fall-23-cam0-rgb,data/keypoints_normalized/fall/fall-23-cam0-rgb.npz,43,72,1,1,0,0.050361186
fall-23-cam0-rgb,data/keypoints_normalized/fall/fall-23-cam0-rgb.npz,44,73,1,1,0,0.033453874
fall-23-cam0-rgb,data/keypoints_normalized/fall/fall-23-cam0-rgb.npz,45,74,1,1,0,0.012870986
fall-23-cam0-rgb,data/keypoints_normalized/fall/fall-23-cam0-rgb.npz,46,75,1,1,0,0.0069815908
fall-27-cam0-rgb,data/keypoints_normalized/fall/fall-27-cam0-rgb.npz,1,30,0,0,0,0.00010137865
fall-27-cam0-rgb,data/keypoints_normalized/fall/fall-27-cam0-rgb.npz,2,31,0,0,0,0.00010127663
fall-27-cam0-rgb,data/keypoints_normalized/fall/fall-27-cam0-rgb.npz,3,32,0,0,0,0.000101123194
fall-27-cam0-rgb,data/keypoints_normalized/fall/fall-27-cam0-rgb.npz,4,33,0,0,0,0.000100841615
fall-27-cam0-rgb,data/keypoints_normalized/fall/fall-27-cam0-rgb.npz,5,34,0,0,0,0.00010055192
fall-27-cam0-rgb,data/keypoints_normalized/fall/fall-27-cam0-rgb.npz,6,35,0,0,0,0.00010056909
fall-27-cam0-rgb,data/keypoints_normalized/fall/fall-27-cam0-rgb.npz,7,36,0,0,0,0.00010062799
fall-27-cam0-rgb,data/keypoints_normalized/fall/fall-27-cam0-rgb.npz,8,37,0,0,0,0.0001006254
fall-27-cam0-rgb,data/keypoints_normalized/fall/fall-27-cam0-rgb.npz,9,38,0,0,0,0.000100609184
fall-27-cam0-rgb,data/keypoints_normalized/fall/fall-27-cam0-rgb.npz,10,39,0,0,0,0.00010109137
fall-27-cam0-rgb,data/keypoints_normalized/fall/fall-27-cam0-rgb.npz,11,40,0,0,0,0.00010145312
fall-27-cam0-rgb,data/keypoints_normalized/fall/fall-27-cam0-rgb.npz,12,41,0,0,0,0.0001015717
fall-27-cam0-rgb,data/keypoints_normalized/fall/fall-27-cam0-rgb.npz,13,42,0,0,0,0.000102123144
fall-27-cam0-rgb,data/keypoints_normalized/fall/fall-27-cam0-rgb.npz,14,43,0,0,0,0.000102490834
fall-27-cam0-rgb,data/keypoints_normalized/fall/fall-27-cam0-rgb.npz,15,44,0,0,0,0.000103048056
fall-27-cam0-rgb,data/keypoints_normalized/fall/fall-27-cam0-rgb.npz,16,45,0,0,0,0.000103579165
fall-27-cam0-rgb,data/keypoints_normalized/fall/fall-27-cam0-rgb.npz,17,46,0,0,0,0.000103943275
fall-27-cam0-rgb,data/keypoints_normalized/fall/fall-27-cam0-rgb.npz,18,47,0,0,0,0.00010431027
fall-27-cam0-rgb,data/keypoints_normalized/fall/fall-27-cam0-rgb.npz,19,48,0,0,0,0.0001046561
fall-27-cam0-rgb,data/keypoints_normalized/fall/fall-27-cam0-rgb.npz,20,49,0,0,0,0.000104980325
fall-27-cam0-rgb,data/keypoints_normalized/fall/fall-27-cam0-rgb.npz,21,50,0,0,0,0.00010506946
fall-27-cam0-rgb,data/keypoints_normalized/fall/fall-27-cam0-rgb.npz,22,51,0,0,0,0.00010505635
fall-27-cam0-rgb,data/keypoints_normalized/fall/fall-27-cam0-rgb.npz,23,52,0,0,0,0.00010539178
fall-27-cam0-rgb,data/keypoints_normalized/fall/fall-27-cam0-rgb.npz,24,53,0,0,0,0.00010570781
fall-27-cam0-rgb,data/keypoints_normalized/fall/fall-27-cam0-rgb.npz,25,54,0,0,0,0.00010600914
fall-27-cam0-rgb,data/keypoints_normalized/fall/fall-27-cam0-rgb.npz,26,55,0,0,0,0.00010605048
fall-27-cam0-rgb,data/keypoints_normalized/fall/fall-27-cam0-rgb.npz,27,56,0,0,0,0.00010642978
fall-27-cam0-rgb,data/keypoints_normalized/fall/fall-27-cam0-rgb.npz,28,57,0,0,0,0.0001068518
fall-27-cam0-rgb,data/keypoints_normalized/fall/fall-27-cam0-rgb.npz,29,58,0,0,0,0.00010696955
fall-27-cam0-rgb,data/keypoints_normalized/fall/fall-27-cam0-rgb.npz,30,59,0,0,0,0.000107313754
fall-27-cam0-rgb,data/keypoints_normalized/fall/fall-27-cam0-rgb.npz,31,60,0,0,0,0.0001075229
fall-27-cam0-rgb,data/keypoints_normalized/fall/fall-27-cam0-rgb.npz,32,61,0,0,0,0.00010773227
fall-27-cam0-rgb,data/keypoints_normalized/fall/fall-27-cam0-rgb.npz,33,62,0,0,0,0.00010816761
fall-27-cam0-rgb,data/keypoints_normalized/fall/fall-27-cam0-rgb.npz,34,63,0,0,0,0.00010865181
fall-27-cam0-rgb,data/keypoints_normalized/fall/fall-27-cam0-rgb.npz,35,64,0,0,0,0.000109549524
fall-27-cam0-rgb,data/keypoints_normalized/fall/fall-27-cam0-rgb.npz,36,65,0,0,0,0.00011094181
fall-27-cam0-rgb,data/keypoints_normalized/fall/fall-27-cam0-rgb.npz,37,66,0,0,0,0.00011257872
fall-27-cam0-rgb,data/keypoints_normalized/fall/fall-27-cam0-rgb.npz,38,67,0,0,0,0.000115691415
fall-27-cam0-rgb,data/keypoints_normalized/fall/fall-27-cam0-rgb.npz,39,68,0,0,0,0.00012069337
fall-27-cam0-rgb,data/keypoints_normalized/fall/fall-27-cam0-rgb.npz,40,69,0,0,0,0.00012772568
fall-27-cam0-rgb,data/keypoints_normalized/fall/fall-27-cam0-rgb.npz,41,70,0,0,0,0.0001395361
fall-27-cam0-rgb,data/keypoints_normalized/fall/fall-27-cam0-rgb.npz,42,71,0,0,0,0.00015800836
fall-27-cam0-rgb,data/keypoints_normalized/fall/fall-27-cam0-rgb.npz,43,72,0,0,0,0.00019679322
fall-27-cam0-rgb,data/keypoints_normalized/fall/fall-27-cam0-rgb.npz,44,73,0,0,0,0.00028532528
fall-27-cam0-rgb,data/keypoints_normalized/fall/fall-27-cam0-rgb.npz,45,74,0,0,0,0.0005617802
fall-27-cam0-rgb,data/keypoints_normalized/fall/fall-27-cam0-rgb.npz,46,75,0,0,0,0.0017070862
fall-27-cam0-rgb,data/keypoints_normalized/fall/fall-27-cam0-rgb.npz,47,76,0,0,0,0.008064784
fall-27-cam0-rgb,data/keypoints_normalized/fall/fall-27-cam0-rgb.npz,48,77,0,0,0,0.04916669
fall-27-cam0-rgb,data/keypoints_normalized/fall/fall-27-cam0-rgb.npz,49,78,0,0,0,0.2667008
fall-27-cam0-rgb,data/keypoints_normalized/fall/fall-27-cam0-rgb.npz,50,79,0,0,1,0.70871675
fall-27-cam0-rgb,data/keypoints_normalized/fall/fall-27-cam0-rgb.npz,52,81,1,1,1,0.9849717
fall-27-cam0-rgb,data/keypoints_normalized/fall/fall-27-cam0-rgb.npz,53,82,1,1,1,0.9959869
fall-27-cam0-rgb,data/keypoints_normalized/fall/fall-27-cam0-rgb.npz,54,83,1,1,1,0.99868935
fall-27-cam0-rgb,data/keypoints_normalized/fall/fall-27-cam0-rgb.npz,55,84,1,1,1,0.9994814
fall-27-cam0-rgb,data/keypoints_normalized/fall/fall-27-cam0-rgb.npz,56,85,1,1,1,0.9997551
fall-27-cam0-rgb,data/keypoints_normalized/fall/fall-27-cam0-rgb.npz,57,86,1,1,1,0.99986434
fall-27-cam0-rgb,data/keypoints_normalized/fall/fall-27-cam0-rgb.npz,58,87,1,1,1,0.99991393
fall-27-cam0-rgb,data/keypoints_normalized/fall/fall-27-cam0-rgb.npz,59,88,1,1,1,0.99993944
fall-27-cam0-rgb,data/keypoints_normalized/fall/fall-27-cam0-rgb.npz,60,89,1,1,1,0.9999536
fall-27-cam0-rgb,data/keypoints_normalized/fall/fall-27-cam0-rgb.npz,61,90,1,1,1,0.9999621
fall-27-cam0-rgb,data/keypoints_normalized/fall/fall-27-cam0-rgb.npz,62,91,1,1,1,0.99996746
fall-27-cam0-rgb,data/keypoints_normalized/fall/fall-27-cam0-rgb.npz,63,92,1,1,1,0.9999709
adl-03-cam0-rgb,data/keypoints_normalized/adl/adl-03-cam0-rgb.npz,1,30,0,0,0,0.00015737204
adl-03-cam0-rgb,data/keypoints_normalized/adl/adl-03-cam0-rgb.npz,2,31,0,0,0,0.000158921
adl-03-cam0-rgb,data/keypoints_normalized/adl/adl-03-cam0-rgb.npz,3,32,0,0,0,0.00016140724
adl-03-cam0-rgb,data/keypoints_normalized/adl/adl-03-cam0-rgb.npz,4,33,0,0,0,0.0001653613
adl-03-cam0-rgb,data/keypoints_normalized/adl/adl-03-cam0-rgb.npz,5,34,0,0,0,0.00017213607
adl-03-cam0-rgb,data/keypoints_normalized/adl/adl-03-cam0-rgb.npz,6,35,0,0,0,0.00018082229
adl-03-cam0-rgb,data/keypoints_normalized/adl/adl-03-cam0-rgb.npz,7,36,0,0,0,0.0001886731
adl-03-cam0-rgb,data/keypoints_normalized/adl/adl-03-cam0-rgb.npz,8,37,0,0,0,0.00019369276
adl-03-cam0-rgb,data/keypoints_normalized/adl/adl-03-cam0-rgb.npz,9,38,0,0,0,0.00019787475
adl-03-cam0-rgb,data/keypoints_normalized/adl/adl-03-cam0-rgb.npz,10,39,0,0,0,0.00019922585
adl-03-cam0-rgb,data/keypoints_normalized/adl/adl-03-cam0-rgb.npz,11,40,0,0,0,0.00020024493
adl-03-cam0-rgb,data/keypoints_normalized/adl/adl-03-cam0-rgb.npz,12,41,0,0,0,0.00020257842
adl-03-cam0-rgb,data/keypoints_normalized/adl/adl-03-cam0-rgb.npz,13,42,0,0,0,0.00020239115
adl-03-cam0-rgb,data/keypoints_normalized/adl/adl-03-cam0-rgb.npz,14,43,0,0,0,0.00020284012
adl-03-cam0-rgb,data/keypoints_normalized/adl/adl-03-cam0-rgb.npz,15,44,0,0,0,0.0002042933
adl-03-cam0-rgb,data/keypoints_normalized/adl/adl-03-cam0-rgb.npz,16,45,0,0,0,0.0002049217
adl-03-cam0-rgb,data/keypoints_normalized/adl/adl-03-cam0-rgb.npz,17,46,0,0,0,0.0002046382
adl-03-cam0-rgb,data/keypoints_normalized/adl/adl-03-cam0-rgb.npz,18,47,0,0,0,0.00020369558
adl-03-cam0-rgb,data/keypoints_normalized/adl/adl-03-cam0-rgb.npz,19,48,0,0,0,0.00020120302
adl-03-cam0-rgb,data/keypoints_normalized/adl/adl-03-cam0-rgb.npz,20,49,0,0,0,0.00019883455
adl-03-cam0-rgb,data/keypoints_normalized/adl/adl-03-cam0-rgb.npz,21,50,0,0,0,0.00019640556
adl-03-cam0-rgb,data/keypoints_normalized/adl/adl-03-cam0-rgb.npz,22,51,0,0,0,0.0001950875
adl-03-cam0-rgb,data/keypoints_normalized/adl/adl-03-cam0-rgb.npz,23,52,0,0,0,0.0001918152
adl-03-cam0-rgb,data/keypoints_normalized/adl/adl-03-cam0-rgb.npz,24,53,0,0,0,0.0001891968
adl-03-cam0-rgb,data/keypoints_normalized/adl/adl-03-cam0-rgb.npz,25,54,0,0,0,0.00018615101
adl-03-cam0-rgb,data/keypoints_normalized/adl/adl-03-cam0-rgb.npz,26,55,0,0,0,0.00018260341
adl-03-cam0-rgb,data/keypoints_normalized/adl/adl-03-cam0-rgb.npz,27,56,0,0,0,0.00017984734
adl-03-cam0-rgb,data/keypoints_normalized/adl/adl-03-cam0-rgb.npz,28,57,0,0,0,0.00017771717
adl-03-cam0-rgb,data/keypoints_normalized/adl/adl-03-cam0-rgb.npz,29,58,0,0,0,0.00017572548
adl-03-cam0-rgb,data/keypoints_normalized/adl/adl-03-cam0-rgb.npz,30,59,0,0,0,0.00017470068
adl-03-cam0-rgb,data/keypoints_normalized/adl/adl-03-cam0-rgb.npz,31,60,0,0,0,0.0001727958
adl-03-cam0-rgb,data/keypoints_normalized/adl/adl-03-cam0-rgb.npz,32,61,0,0,0,0.00017121999
adl-03-cam0-rgb,data/keypoints_normalized/adl/adl-03-cam0-rgb.npz,33,62,0,0,0,0.00016907557
adl-03-cam0-rgb,data/keypoints_normalized/adl/adl-03-cam0-rgb.npz,34,63,0,0,0,0.00016773462
adl-03-cam0-rgb,data/keypoints_normalized/adl/adl-03-cam0-rgb.npz,35,64,0,0,0,0.00016633478
adl-03-cam0-rgb,data/keypoints_normalized/adl/adl-03-cam0-rgb.npz,36,65,0,0,0,0.00016439789
adl-03-cam0-rgb,data/keypoints_normalized/adl/adl-03-cam0-rgb.npz,37,66,0,0,0,0.00016295208
adl-03-cam0-rgb,data/keypoints_normalized/adl/adl-03-cam0-rgb.npz,38,67,0,0,0,0.00016088664
adl-03-cam0-rgb,data/keypoints_normalized/adl/adl-03-cam0-rgb.npz,39,68,0,0,0,0.000159804
adl-03-cam0-rgb,data/keypoints_normalized/adl/adl-03-cam0-rgb.npz,40,69,0,0,0,0.00015848063
adl-03-cam0-rgb,data/keypoints_normalized/adl/adl-03-cam0-rgb.npz,41,70,0,0,0,0.00015578735
adl-03-cam0-rgb,data/keypoints_normalized/adl/adl-03-cam0-rgb.npz,42,71,0,0,0,0.00015115966
adl-03-cam0-rgb,data/keypoints_normalized/adl/adl-03-cam0-rgb.npz,43,72,0,0,0,0.00014654986
adl-03-cam0-rgb,data/keypoints_normalized/adl/adl-03-cam0-rgb.npz,44,73,0,0,0,0.00014509699
adl-03-cam0-rgb,data/keypoints_normalized/adl/adl-03-cam0-rgb.npz,45,74,0,0,0,0.00014525064
adl-03-cam0-rgb,data/keypoints_normalized/adl/adl-03-cam0-rgb.npz,46,75,0,0,0,0.0001449623
adl-03-cam0-rgb,data/keypoints_normalized/adl/adl-03-cam0-rgb.npz,47,76,0,0,0,0.00014471439
adl-03-cam0-rgb,data/keypoints_normalized/adl/adl-03-cam0-rgb.npz,48,77,0,0,0,0.00014464938
adl-03-cam0-rgb,data/keypoints_normalized/adl/adl-03-cam0-rgb.npz,49,78,0,0,0,0.00014313111
adl-03-cam0-rgb,data/keypoints_normalized/adl/adl-03-cam0-rgb.npz,50,79,0,0,0,0.00014188666
adl-03-cam0-rgb,data/keypoints_normalized/adl/adl-03-cam0-rgb.npz,51,80,0,0,0,0.0001401939
adl-03-cam0-rgb,data/keypoints_normalized/adl/adl-03-cam0-rgb.npz,52,81,0,0,0,0.0001376423
adl-03-cam0-rgb,data/keypoints_normalized/adl/adl-03-cam0-rgb.npz,53,82,0,0,0,0.00013466748
adl-03-cam0-rgb,data/keypoints_normalized/adl/adl-03-cam0-rgb.npz,54,83,0,0,0,0.0001318437
adl-03-cam0-rgb,data/keypoints_normalized/adl/adl-03-cam0-rgb.npz,55,84,0,0,0,0.00012924279
adl-03-cam0-rgb,data/keypoints_normalized/adl/adl-03-cam0-rgb.npz,56,85,0,0,0,0.00012630138
adl-03-cam0-rgb,data/keypoints_normalized/adl/adl-03-cam0-rgb.npz,57,86,0,0,0,0.00012374122
adl-03-cam0-rgb,data/keypoints_normalized/adl/adl-03-cam0-rgb.npz,58,87,0,0,0,0.000120923076
adl-03-cam0-rgb,data/keypoints_normalized/adl/adl-03-cam0-rgb.npz,59,88,0,0,0,0.000118715725
adl-03-cam0-rgb,data/keypoints_normalized/adl/adl-03-cam0-rgb.npz,60,89,0,0,0,0.00011673254
adl-03-cam0-rgb,data/keypoints_normalized/adl/adl-03-cam0-rgb.npz,61,90,0,0,0,0.00011693607
adl-03-cam0-rgb,data/keypoints_normalized/adl/adl-03-cam0-rgb.npz,62,91,0,0,0,0.00011907705
adl-03-cam0-rgb,data/keypoints_normalized/adl/adl-03-cam0-rgb.npz,63,92,0,0,0,0.00012171865
adl-03-cam0-rgb,data/keypoints_normalized/adl/adl-03-cam0-rgb.npz,64,93,0,0,0,0.00012255661
adl-03-cam0-rgb,data/keypoints_normalized/adl/adl-03-cam0-rgb.npz,65,94,0,0,0,0.00012266418
adl-03-cam0-rgb,data/keypoints_normalized/adl/adl-03-cam0-rgb.npz,66,95,0,0,0,0.0001225973
adl-03-cam0-rgb,data/keypoints_normalized/adl/adl-03-cam0-rgb.npz,67,96,0,0,0,0.00012207794
adl-03-cam0-rgb,data/keypoints_normalized/adl/adl-03-cam0-rgb.npz,68,97,0,0,0,0.00012099712
adl-03-cam0-rgb,data/keypoints_normalized/adl/adl-03-cam0-rgb.npz,69,98,0,0,0,0.00011926432
adl-03-cam0-rgb,data/keypoints_normalized/adl/adl-03-cam0-rgb.npz,70,99,0,0,0,0.00011135718
adl-03-cam0-rgb,data/keypoints_normalized/adl/adl-03-cam0-rgb.npz,71,100,0,0,0,0.00010953783
adl-03-cam0-rgb,data/keypoints_normalized/adl/adl-03-cam0-rgb.npz,72,101,0,0,0,0.000108015665
adl-03-cam0-rgb,data/keypoints_normalized/adl/adl-03-cam0-rgb.npz,73,102,0,0,0,0.000106718304
adl-03-cam0-rgb,data/keypoints_normalized/adl/adl-03-cam0-rgb.npz,74,103,0,0,0,0.00010600216
adl-03-cam0-rgb,data/keypoints_normalized/adl/adl-03-cam0-rgb.npz,75,104,0,0,0,0.00010510794
adl-03-cam0-rgb,data/keypoints_normalized/adl/adl-03-cam0-rgb.npz,76,105,0,0,0,0.00010465968
adl-03-cam0-rgb,data/keypoints_normalized/adl/adl-03-cam0-rgb.npz,77,106,0,0,0,0.00010404671
adl-03-cam0-rgb,data/keypoints_normalized/adl/adl-03-cam0-rgb.npz,78,107,0,0,0,0.000103310165
adl-03-cam0-rgb,data/keypoints_normalized/adl/adl-03-cam0-rgb.npz,79,108,0,0,0,0.00010293786
adl-03-cam0-rgb,data/keypoints_normalized/adl/adl-03-cam0-rgb.npz,80,109,0,0,0,0.0001027825
adl-03-cam0-rgb,data/keypoints_normalized/adl/adl-03-cam0-rgb.npz,81,110,0,0,0,0.00010270235
adl-03-cam0-rgb,data/keypoints_normalized/adl/adl-03-cam0-rgb.npz,82,111,0,0,0,0.000102824844
adl-03-cam0-rgb,data/keypoints_normalized/adl/adl-03-cam0-rgb.npz,83,112,0,0,0,0.00010293904
adl-03-cam0-rgb,data/keypoints_normalized/adl/adl-03-cam0-rgb.npz,84,113,0,0,0,0.00010360406
adl-03-cam0-rgb,data/keypoints_normalized/adl/adl-03-cam0-rgb.npz,85,114,0,0,0,0.00010421949
adl-03-cam0-rgb,data/keypoints_normalized/adl/adl-03-cam0-rgb.npz,86,115,0,0,0,0.00010490668
adl-03-cam0-rgb,data/keypoints_normalized/adl/adl-03-cam0-rgb.npz,87,116,0,0,0,0.00010567697
adl-03-cam0-rgb,data/keypoints_normalized/adl/adl-03-cam0-rgb.npz,88,117,0,0,0,0.00010637236
adl-03-cam0-rgb,data/keypoints_normalized/adl/adl-03-cam0-rgb.npz,89,118,0,0,0,0.00010699841
adl-03-cam0-rgb,data/keypoints_normalized/adl/adl-03-cam0-rgb.npz,90,119,0,0,0,0.000108199056
adl-03-cam0-rgb,data/keypoints_normalized/adl/adl-03-cam0-rgb.npz,91,120,0,0,0,0.00010931328
adl-03-cam0-rgb,data/keypoints_normalized/adl/adl-03-cam0-rgb.npz,92,121,0,0,0,0.00011040369
adl-03-cam0-rgb,data/keypoints_normalized/adl/adl-03-cam0-rgb.npz,93,122,0,0,0,0.00011190591
adl-03-cam0-rgb,data/keypoints_normalized/adl/adl-03-cam0-rgb.npz,94,123,0,0,0,0.000113116745
adl-03-cam0-rgb,data/keypoints_normalized/adl/adl-03-cam0-rgb.npz,95,124,0,0,0,0.00011417627
adl-03-cam0-rgb,data/keypoints_normalized/adl/adl-03-cam0-rgb.npz,96,125,0,0,0,0.00011523911
adl-03-cam0-rgb,data/keypoints_normalized/adl/adl-03-cam0-rgb.npz,97,126,0,0,0,0.00011640361
adl-03-cam0-rgb,data/keypoints_normalized/adl/adl-03-cam0-rgb.npz,98,127,0,0,0,0.00011794192
adl-03-cam0-rgb,data/keypoints_normalized/adl/adl-03-cam0-rgb.npz,99,128,0,0,0,0.000118632546
adl-03-cam0-rgb,data/keypoints_normalized/adl/adl-03-cam0-rgb.npz,100,129,0,0,0,0.00011959585
adl-03-cam0-rgb,data/keypoints_normalized/adl/adl-03-cam0-rgb.npz,101,130,0,0,0,0.00012036788
adl-03-cam0-rgb,data/keypoints_normalized/adl/adl-03-cam0-rgb.npz,102,131,0,0,0,0.00012096389
adl-03-cam0-rgb,data/keypoints_normalized/adl/adl-03-cam0-rgb.npz,103,132,0,0,0,0.00012183396
adl-03-cam0-rgb,data/keypoints_normalized/adl/adl-03-cam0-rgb.npz,104,133,0,0,0,0.00012242264
adl-03-cam0-rgb,data/keypoints_normalized/adl/adl-03-cam0-rgb.npz,105,134,0,0,0,0.0001230198
adl-03-cam0-rgb,data/keypoints_normalized/adl/adl-03-cam0-rgb.npz,106,135,0,0,0,0.00012364381
adl-03-cam0-rgb,data/keypoints_normalized/adl/adl-03-cam0-rgb.npz,107,136,0,0,0,0.00012401007
adl-03-cam0-rgb,data/keypoints_normalized/adl/adl-03-cam0-rgb.npz,108,137,0,0,0,0.00013921967
adl-03-cam0-rgb,data/keypoints_normalized/adl/adl-03-cam0-rgb.npz,109,138,0,0,0,0.00013992211
adl-03-cam0-rgb,data/keypoints_normalized/adl/adl-03-cam0-rgb.npz,110,139,0,0,0,0.00014068147
adl-03-cam0-rgb,data/keypoints_normalized/adl/adl-03-cam0-rgb.npz,111,140,0,0,0,0.0001423751
adl-03-cam0-rgb,data/keypoints_normalized/adl/adl-03-cam0-rgb.npz,112,141,0,0,0,0.0001455758
adl-03-cam0-rgb,data/keypoints_normalized/adl/adl-03-cam0-rgb.npz,113,142,0,0,0,0.00014961713
adl-03-cam0-rgb,data/keypoints_normalized/adl/adl-03-cam0-rgb.npz,114,143,0,0,0,0.0001540499
adl-03-cam0-rgb,data/keypoints_normalized/adl/adl-03-cam0-rgb.npz,115,144,0,0,0,0.00015808432
adl-03-cam0-rgb,data/keypoints_normalized/adl/adl-03-cam0-rgb.npz,116,145,0,0,0,0.00016053833
adl-03-cam0-rgb,data/keypoints_normalized/adl/adl-03-cam0-rgb.npz,117,146,0,0,0,0.00016630054
adl-03-cam0-rgb,data/keypoints_normalized/adl/adl-03-cam0-rgb.npz,118,147,0,0,0,0.00017189822
adl-03-cam0-rgb,data/keypoints_normalized/adl/adl-03-cam0-rgb.npz,119,148,0,0,0,0.00013408832
adl-03-cam0-rgb,data/keypoints_normalized/adl/adl-03-cam0-rgb.npz,120,149,0,0,0,0.0001310513
adl-03-cam0-rgb,data/keypoints_normalized/adl/adl-03-cam0-rgb.npz,121,150,0,0,0,0.00012990207
adl-03-cam0-rgb,data/keypoints_normalized/adl/adl-03-cam0-rgb.npz,122,151,0,0,0,0.00012872388
adl-03-cam0-rgb,data/keypoints_normalized/adl/adl-03-cam0-rgb.npz,123,152,0,0,0,0.00012782511
adl-03-cam0-rgb,data/keypoints_normalized/adl/adl-03-cam0-rgb.npz,124,153,0,0,0,0.00012611966
adl-03-cam0-rgb,data/keypoints_normalized/adl/adl-03-cam0-rgb.npz,125,154,0,0,0,0.00012525998
adl-03-cam0-rgb,data/keypoints_normalized/adl/adl-03-cam0-rgb.npz,126,155,0,0,0,0.00012369687
adl-03-cam0-rgb,data/keypoints_normalized/adl/adl-03-cam0-rgb.npz,127,156,0,0,0,0.0001225433
adl-03-cam0-rgb,data/keypoints_normalized/adl/adl-03-cam0-rgb.npz,128,157,0,0,0,0.00012133195
adl-03-cam0-rgb,data/keypoints_normalized/adl/adl-03-cam0-rgb.npz,129,158,0,0,0,0.000120209115
adl-03-cam0-rgb,data/keypoints_normalized/adl/adl-03-cam0-rgb.npz,130,159,0,0,0,0.00011894597
adl-03-cam0-rgb,data/keypoints_normalized/adl/adl-03-cam0-rgb.npz,131,160,0,0,0,0.00011820459
adl-03-cam0-rgb,data/keypoints_normalized/adl/adl-03-cam0-rgb.npz,132,161,0,0,0,0.00011770127
adl-03-cam0-rgb,data/keypoints_normalized/adl/adl-03-cam0-rgb.npz,133,162,0,0,0,0.000117297466
adl-03-cam0-rgb,data/keypoints_normalized/adl/adl-03-cam0-rgb.npz,134,163,0,0,0,0.00012397626
adl-03-cam0-rgb,data/keypoints_normalized/adl/adl-03-cam0-rgb.npz,135,164,0,0,0,0.00012421553
adl-03-cam0-rgb,data/keypoints_normalized/adl/adl-03-cam0-rgb.npz,136,165,0,0,0,0.00012237325
adl-03-cam0-rgb,data/keypoints_normalized/adl/adl-03-cam0-rgb.npz,137,166,0,0,0,0.0001237824
adl-03-cam0-rgb,data/keypoints_normalized/adl/adl-03-cam0-rgb.npz,138,167,0,0,0,0.00012624949
adl-03-cam0-rgb,data/keypoints_normalized/adl/adl-03-cam0-rgb.npz,139,168,0,0,0,0.00012972037
adl-03-cam0-rgb,data/keypoints_normalized/adl/adl-03-cam0-rgb.npz,140,169,0,0,0,0.0001253889
adl-03-cam0-rgb,data/keypoints_normalized/adl/adl-03-cam0-rgb.npz,141,170,0,0,0,0.00012291428
adl-03-cam0-rgb,data/keypoints_normalized/adl/adl-03-cam0-rgb.npz,142,171,0,0,0,0.00012172945
adl-03-cam0-rgb,data/keypoints_normalized/adl/adl-03-cam0-rgb.npz,143,172,0,0,0,0.00012136551
adl-03-cam0-rgb,data/keypoints_normalized/adl/adl-03-cam0-rgb.npz,144,173,0,0,0,0.0001208456
adl-03-cam0-rgb,data/keypoints_normalized/adl/adl-03-cam0-rgb.npz,145,174,0,0,0,0.00012016581
adl-03-cam0-rgb,data/keypoints_normalized/adl/adl-03-cam0-rgb.npz,146,175,0,0,0,0.00011956893
adl-03-cam0-rgb,data/keypoints_normalized/adl/adl-03-cam0-rgb.npz,147,176,0,0,0,0.00011412348
adl-03-cam0-rgb,data/keypoints_normalized/adl/adl-03-cam0-rgb.npz,148,177,0,0,0,0.00011268139
adl-03-cam0-rgb,data/keypoints_normalized/adl/adl-03-cam0-rgb.npz,149,178,0,0,0,0.00014789373
adl-03-cam0-rgb,data/keypoints_normalized/adl/adl-03-cam0-rgb.npz,150,179,0,0,0,0.00016474971
adl-03-cam0-rgb,data/keypoints_normalized/adl/adl-03-cam0-rgb.npz,151,180,0,0,0,0.00016239894
adl-06-cam0-rgb,data/keypoints_normalized/adl/adl-06-cam0-rgb.npz,1,30,0,0,0,0.00015314974
adl-06-cam0-rgb,data/keypoints_normalized/adl/adl-06-cam0-rgb.npz,2,31,0,0,0,0.00015288623
adl-06-cam0-rgb,data/keypoints_normalized/adl/adl-06-cam0-rgb.npz,3,32,0,0,0,0.00015146192
adl-06-cam0-rgb,data/keypoints_normalized/adl/adl-06-cam0-rgb.npz,4,33,0,0,0,0.00015063374
adl-06-cam0-rgb,data/keypoints_normalized/adl/adl-06-cam0-rgb.npz,5,34,0,0,0,0.00014927569
adl-06-cam0-rgb,data/keypoints_normalized/adl/adl-06-cam0-rgb.npz,6,35,0,0,0,0.00014821703
adl-06-cam0-rgb,data/keypoints_normalized/adl/adl-06-cam0-rgb.npz,7,36,0,0,0,0.00014634531
adl-06-cam0-rgb,data/keypoints_normalized/adl/adl-06-cam0-rgb.npz,8,37,0,0,0,0.00014492372
adl-06-cam0-rgb,data/keypoints_normalized/adl/adl-06-cam0-rgb.npz,9,38,0,0,0,0.00014357535
adl-06-cam0-rgb,data/keypoints_normalized/adl/adl-06-cam0-rgb.npz,10,39,0,0,0,0.0001422889
adl-06-cam0-rgb,data/keypoints_normalized/adl/adl-06-cam0-rgb.npz,11,40,0,0,0,0.00014175197
adl-06-cam0-rgb,data/keypoints_normalized/adl/adl-06-cam0-rgb.npz,12,41,0,0,0,0.00014110196
adl-06-cam0-rgb,data/keypoints_normalized/adl/adl-06-cam0-rgb.npz,13,42,0,0,0,0.00014088821
adl-06-cam0-rgb,data/keypoints_normalized/adl/adl-06-cam0-rgb.npz,14,43,0,0,0,0.00014017572
adl-06-cam0-rgb,data/keypoints_normalized/adl/adl-06-cam0-rgb.npz,15,44,0,0,0,0.00013994172
adl-06-cam0-rgb,data/keypoints_normalized/adl/adl-06-cam0-rgb.npz,16,45,0,0,0,0.0001399532
adl-06-cam0-rgb,data/keypoints_normalized/adl/adl-06-cam0-rgb.npz,17,46,0,0,0,0.00013971813
adl-06-cam0-rgb,data/keypoints_normalized/adl/adl-06-cam0-rgb.npz,18,47,0,0,0,0.00013967656
adl-06-cam0-rgb,data/keypoints_normalized/adl/adl-06-cam0-rgb.npz,19,48,0,0,0,0.0001396707
adl-06-cam0-rgb,data/keypoints_normalized/adl/adl-06-cam0-rgb.npz,20,49,0,0,0,0.0001397016
adl-06-cam0-rgb,data/keypoints_normalized/adl/adl-06-cam0-rgb.npz,21,50,0,0,0,0.00013951975
adl-06-cam0-rgb,data/keypoints_normalized/adl/adl-06-cam0-rgb.npz,22,51,0,0,0,0.00013958242
adl-06-cam0-rgb,data/keypoints_normalized/adl/adl-06-cam0-rgb.npz,23,52,0,0,0,0.00013978581
adl-06-cam0-rgb,data/keypoints_normalized/adl/adl-06-cam0-rgb.npz,24,53,0,0,0,0.0001403133
adl-06-cam0-rgb,data/keypoints_normalized/adl/adl-06-cam0-rgb.npz,25,54,0,0,0,0.00014110991
adl-06-cam0-rgb,data/keypoints_normalized/adl/adl-06-cam0-rgb.npz,26,55,0,0,0,0.00014194119
adl-06-cam0-rgb,data/keypoints_normalized/adl/adl-06-cam0-rgb.npz,27,56,0,0,0,0.00014281808
adl-06-cam0-rgb,data/keypoints_normalized/adl/adl-06-cam0-rgb.npz,28,57,0,0,0,0.00014459576
adl-06-cam0-rgb,data/keypoints_normalized/adl/adl-06-cam0-rgb.npz,29,58,0,0,0,0.00014581655
adl-06-cam0-rgb,data/keypoints_normalized/adl/adl-06-cam0-rgb.npz,30,59,0,0,0,0.00014742909
adl-06-cam0-rgb,data/keypoints_normalized/adl/adl-06-cam0-rgb.npz,31,60,0,0,0,0.00014892523
adl-06-cam0-rgb,data/keypoints_normalized/adl/adl-06-cam0-rgb.npz,32,61,0,0,0,0.00014994375
adl-06-cam0-rgb,data/keypoints_normalized/adl/adl-06-cam0-rgb.npz,33,62,0,0,0,0.00015137644
adl-06-cam0-rgb,data/keypoints_normalized/adl/adl-06-cam0-rgb.npz,34,63,0,0,0,0.00015234604
adl-06-cam0-rgb,data/keypoints_normalized/adl/adl-06-cam0-rgb.npz,35,64,0,0,0,0.00015333094
adl-06-cam0-rgb,data/keypoints_normalized/adl/adl-06-cam0-rgb.npz,36,65,0,0,0,0.00015452715
adl-06-cam0-rgb,data/keypoints_normalized/adl/adl-06-cam0-rgb.npz,37,66,0,0,0,0.00015522033
adl-06-cam0-rgb,data/keypoints_normalized/adl/adl-06-cam0-rgb.npz,38,67,0,0,0,0.00015594132
adl-06-cam0-rgb,data/keypoints_normalized/adl/adl-06-cam0-rgb.npz,39,68,0,0,0,0.00015629949
adl-06-cam0-rgb,data/keypoints_normalized/adl/adl-06-cam0-rgb.npz,40,69,0,0,0,0.00015688002
adl-06-cam0-rgb,data/keypoints_normalized/adl/adl-06-cam0-rgb.npz,41,70,0,0,0,0.00015748612
adl-06-cam0-rgb,data/keypoints_normalized/adl/adl-06-cam0-rgb.npz,42,71,0,0,0,0.00015929362
adl-06-cam0-rgb,data/keypoints_normalized/adl/adl-06-cam0-rgb.npz,43,72,0,0,0,0.00016120634
adl-06-cam0-rgb,data/keypoints_normalized/adl/adl-06-cam0-rgb.npz,44,73,0,0,0,0.00016379173
adl-06-cam0-rgb,data/keypoints_normalized/adl/adl-06-cam0-rgb.npz,45,74,0,0,0,0.0001664319
adl-06-cam0-rgb,data/keypoints_normalized/adl/adl-06-cam0-rgb.npz,46,75,0,0,0,0.00016978884
adl-06-cam0-rgb,data/keypoints_normalized/adl/adl-06-cam0-rgb.npz,47,76,0,0,0,0.0001725064
adl-06-cam0-rgb,data/keypoints_normalized/adl/adl-06-cam0-rgb.npz,48,77,0,0,0,0.00017602045
adl-06-cam0-rgb,data/keypoints_normalized/adl/adl-06-cam0-rgb.npz,49,78,0,0,0,0.00017921173
adl-06-cam0-rgb,data/keypoints_normalized/adl/adl-06-cam0-rgb.npz,50,79,0,0,0,0.00018171845
adl-06-cam0-rgb,data/keypoints_normalized/adl/adl-06-cam0-rgb.npz,51,80,0,0,0,0.00018440456
adl-06-cam0-rgb,data/keypoints_normalized/adl/adl-06-cam0-rgb.npz,52,81,0,0,0,0.00018787409
adl-06-cam0-rgb,data/keypoints_normalized/adl/adl-06-cam0-rgb.npz,53,82,0,0,0,0.00019105457
adl-06-cam0-rgb,data/keypoints_normalized/adl/adl-06-cam0-rgb.npz,54,83,0,0,0,0.00019425315
adl-06-cam0-rgb,data/keypoints_normalized/adl/adl-06-cam0-rgb.npz,55,84,0,0,0,0.00019650071
adl-06-cam0-rgb,data/keypoints_normalized/adl/adl-06-cam0-rgb.npz,56,85,0,0,0,0.00019840617
adl-06-cam0-rgb,data/keypoints_normalized/adl/adl-06-cam0-rgb.npz,57,86,0,0,0,0.00020125518
adl-06-cam0-rgb,data/keypoints_normalized/adl/adl-06-cam0-rgb.npz,58,87,0,0,0,0.0002041136
adl-06-cam0-rgb,data/keypoints_normalized/adl/adl-06-cam0-rgb.npz,59,88,0,0,0,0.00020625543
adl-06-cam0-rgb,data/keypoints_normalized/adl/adl-06-cam0-rgb.npz,60,89,0,0,0,0.00020956635
adl-06-cam0-rgb,data/keypoints_normalized/adl/adl-06-cam0-rgb.npz,61,90,0,0,0,0.00021218801
adl-06-cam0-rgb,data/keypoints_normalized/adl/adl-06-cam0-rgb.npz,62,91,0,0,0,0.00021489756
adl-06-cam0-rgb,data/keypoints_normalized/adl/adl-06-cam0-rgb.npz,63,92,0,0,0,0.00021781234
adl-06-cam0-rgb,data/keypoints_normalized/adl/adl-06-cam0-rgb.npz,64,93,0,0,0,0.00022039634
adl-06-cam0-rgb,data/keypoints_normalized/adl/adl-06-cam0-rgb.npz,65,94,0,0,0,0.0002238125
adl-06-cam0-rgb,data/keypoints_normalized/adl/adl-06-cam0-rgb.npz,66,95,0,0,0,0.0002256417
adl-06-cam0-rgb,data/keypoints_normalized/adl/adl-06-cam0-rgb.npz,67,96,0,0,0,0.00022811962
adl-06-cam0-rgb,data/keypoints_normalized/adl/adl-06-cam0-rgb.npz,68,97,0,0,0,0.00023005399
adl-06-cam0-rgb,data/keypoints_normalized/adl/adl-06-cam0-rgb.npz,69,98,0,0,0,0.00023191117
adl-06-cam0-rgb,data/keypoints_normalized/adl/adl-06-cam0-rgb.npz,70,99,0,0,0,0.00023419969
adl-06-cam0-rgb,data/keypoints_normalized/adl/adl-06-cam0-rgb.npz,71,100,0,0,0,0.00023515287
adl-06-cam0-rgb,data/keypoints_normalized/adl/adl-06-cam0-rgb.npz,72,101,0,0,0,0.0002359956
adl-06-cam0-rgb,data/keypoints_normalized/adl/adl-06-cam0-rgb.npz,73,102,0,0,0,0.0002363942
adl-06-cam0-rgb,data/keypoints_normalized/adl/adl-06-cam0-rgb.npz,74,103,0,0,0,0.00023569718
adl-06-cam0-rgb,data/keypoints_normalized/adl/adl-06-cam0-rgb.npz,75,104,0,0,0,0.00023543915
adl-06-cam0-rgb,data/keypoints_normalized/adl/adl-06-cam0-rgb.npz,76,105,0,0,0,0.00023346729
adl-06-cam0-rgb,data/keypoints_normalized/adl/adl-06-cam0-rgb.npz,77,106,0,0,0,0.00023042697
adl-06-cam0-rgb,data/keypoints_normalized/adl/adl-06-cam0-rgb.npz,78,107,0,0,0,0.00022652246
adl-06-cam0-rgb,data/keypoints_normalized/adl/adl-06-cam0-rgb.npz,79,108,0,0,0,0.0002213518
adl-06-cam0-rgb,data/keypoints_normalized/adl/adl-06-cam0-rgb.npz,80,109,0,0,0,0.00021433525
adl-06-cam0-rgb,data/keypoints_normalized/adl/adl-06-cam0-rgb.npz,81,110,0,0,0,0.00020785614
adl-06-cam0-rgb,data/keypoints_normalized/adl/adl-06-cam0-rgb.npz,82,111,0,0,0,0.00020068628
adl-06-cam0-rgb,data/keypoints_normalized/adl/adl-06-cam0-rgb.npz,83,112,0,0,0,0.00019432486
adl-06-cam0-rgb,data/keypoints_normalized/adl/adl-06-cam0-rgb.npz,84,113,0,0,0,0.0001870777
adl-06-cam0-rgb,data/keypoints_normalized/adl/adl-06-cam0-rgb.npz,85,114,0,0,0,0.00018054491
adl-06-cam0-rgb,data/keypoints_normalized/adl/adl-06-cam0-rgb.npz,86,115,0,0,0,0.00017483467
adl-06-cam0-rgb,data/keypoints_normalized/adl/adl-06-cam0-rgb.npz,87,116,0,0,0,0.00016963817
adl-06-cam0-rgb,data/keypoints_normalized/adl/adl-06-cam0-rgb.npz,88,117,0,0,0,0.00016505663
adl-06-cam0-rgb,data/keypoints_normalized/adl/adl-06-cam0-rgb.npz,89,118,0,0,0,0.00016057689
adl-06-cam0-rgb,data/keypoints_normalized/adl/adl-06-cam0-rgb.npz,90,119,0,0,0,0.00015621111
adl-06-cam0-rgb,data/keypoints_normalized/adl/adl-06-cam0-rgb.npz,91,120,0,0,0,0.0001521373
adl-06-cam0-rgb,data/keypoints_normalized/adl/adl-06-cam0-rgb.npz,92,121,0,0,0,0.00014810654
adl-06-cam0-rgb,data/keypoints_normalized/adl/adl-06-cam0-rgb.npz,93,122,0,0,0,0.00014444513
adl-06-cam0-rgb,data/keypoints_normalized/adl/adl-06-cam0-rgb.npz,94,123,0,0,0,0.0001402031
adl-06-cam0-rgb,data/keypoints_normalized/adl/adl-06-cam0-rgb.npz,95,124,0,0,0,0.0001364068
adl-06-cam0-rgb,data/keypoints_normalized/adl/adl-06-cam0-rgb.npz,96,125,0,0,0,0.00013289053
adl-06-cam0-rgb,data/keypoints_normalized/adl/adl-06-cam0-rgb.npz,97,126,0,0,0,0.00012925129
adl-06-cam0-rgb,data/keypoints_normalized/adl/adl-06-cam0-rgb.npz,98,127,0,0,0,0.00012538915
adl-06-cam0-rgb,data/keypoints_normalized/adl/adl-06-cam0-rgb.npz,99,128,0,0,0,0.00012238306
adl-06-cam0-rgb,data/keypoints_normalized/adl/adl-06-cam0-rgb.npz,100,129,0,0,0,0.000119119184
adl-06-cam0-rgb,data/keypoints_normalized/adl/adl-06-cam0-rgb.npz,101,130,0,0,0,0.00011635789
adl-06-cam0-rgb,data/keypoints_normalized/adl/adl-06-cam0-rgb.npz,102,131,0,0,0,0.00011361141
adl-06-cam0-rgb,data/keypoints_normalized/adl/adl-06-cam0-rgb.npz,103,132,0,0,0,0.00011132978
adl-06-cam0-rgb,data/keypoints_normalized/adl/adl-06-cam0-rgb.npz,104,133,0,0,0,0.00010937562
adl-06-cam0-rgb,data/keypoints_normalized/adl/adl-06-cam0-rgb.npz,105,134,0,0,0,0.00010758176
adl-06-cam0-rgb,data/keypoints_normalized/adl/adl-06-cam0-rgb.npz,106,135,0,0,0,0.00010610471
adl-06-cam0-rgb,data/keypoints_normalized/adl/adl-06-cam0-rgb.npz,107,136,0,0,0,0.00010438867
adl-06-cam0-rgb,data/keypoints_normalized/adl/adl-06-cam0-rgb.npz,108,137,0,0,0,0.00010328181
adl-06-cam0-rgb,data/keypoints_normalized/adl/adl-06-cam0-rgb.npz,109,138,0,0,0,0.000102369624
adl-06-cam0-rgb,data/keypoints_normalized/adl/adl-06-cam0-rgb.npz,110,139,0,0,0,0.00010162789
adl-06-cam0-rgb,data/keypoints_normalized/adl/adl-06-cam0-rgb.npz,111,140,0,0,0,0.00010080778
adl-06-cam0-rgb,data/keypoints_normalized/adl/adl-06-cam0-rgb.npz,112,141,0,0,0,0.000100639314
adl-06-cam0-rgb,data/keypoints_normalized/adl/adl-06-cam0-rgb.npz,113,142,0,0,0,0.00010021125
adl-06-cam0-rgb,data/keypoints_normalized/adl/adl-06-cam0-rgb.npz,114,143,0,0,0,0.00010005772
adl-06-cam0-rgb,data/keypoints_normalized/adl/adl-06-cam0-rgb.npz,115,144,0,0,0,0.000100238016
adl-06-cam0-rgb,data/keypoints_normalized/adl/adl-06-cam0-rgb.npz,116,145,0,0,0,0.00010034541
adl-06-cam0-rgb,data/keypoints_normalized/adl/adl-06-cam0-rgb.npz,117,146,0,0,0,0.00010147635
adl-06-cam0-rgb,data/keypoints_normalized/adl/adl-06-cam0-rgb.npz,118,147,0,0,0,0.00010329746
adl-06-cam0-rgb,data/keypoints_normalized/adl/adl-06-cam0-rgb.npz,119,148,0,0,0,0.000106190535
adl-06-cam0-rgb,data/keypoints_normalized/adl/adl-06-cam0-rgb.npz,120,149,0,0,0,0.0001088887
adl-06-cam0-rgb,data/keypoints_normalized/adl/adl-06-cam0-rgb.npz,121,150,0,0,0,0.0001117758
adl-06-cam0-rgb,data/keypoints_normalized/adl/adl-06-cam0-rgb.npz,122,151,0,0,0,0.00011418334
adl-06-cam0-rgb,data/keypoints_normalized/adl/adl-06-cam0-rgb.npz,123,152,0,0,0,0.00011325576
adl-06-cam0-rgb,data/keypoints_normalized/adl/adl-06-cam0-rgb.npz,124,153,0,0,0,0.00011322703
adl-06-cam0-rgb,data/keypoints_normalized/adl/adl-06-cam0-rgb.npz,125,154,0,0,0,0.00011312354
adl-06-cam0-rgb,data/keypoints_normalized/adl/adl-06-cam0-rgb.npz,126,155,0,0,0,0.00011232414
adl-06-cam0-rgb,data/keypoints_normalized/adl/adl-06-cam0-rgb.npz,127,156,0,0,0,0.00011249629
adl-06-cam0-rgb,data/keypoints_normalized/adl/adl-06-cam0-rgb.npz,128,157,0,0,0,0.00011272931
adl-06-cam0-rgb,data/keypoints_normalized/adl/adl-06-cam0-rgb.npz,129,158,0,0,0,0.00011287431
adl-06-cam0-rgb,data/keypoints_normalized/adl/adl-06-cam0-rgb.npz,130,159,0,0,0,0.00011277125
adl-06-cam0-rgb,data/keypoints_normalized/adl/adl-06-cam0-rgb.npz,131,160,0,0,0,0.00011269364
adl-06-cam0-rgb,data/keypoints_normalized/adl/adl-06-cam0-rgb.npz,132,161,0,0,0,0.00011250229
adl-06-cam0-rgb,data/keypoints_normalized/adl/adl-06-cam0-rgb.npz,133,162,0,0,0,0.00011242884
adl-06-cam0-rgb,data/keypoints_normalized/adl/adl-06-cam0-rgb.npz,134,163,0,0,0,0.00011234204
adl-06-cam0-rgb,data/keypoints_normalized/adl/adl-06-cam0-rgb.npz,135,164,0,0,0,0.00011246754
adl-06-cam0-rgb,data/keypoints_normalized/adl/adl-06-cam0-rgb.npz,136,165,0,0,0,0.000112765
adl-06-cam0-rgb,data/keypoints_normalized/adl/adl-06-cam0-rgb.npz,137,166,0,0,0,0.00011309281
adl-06-cam0-rgb,data/keypoints_normalized/adl/adl-06-cam0-rgb.npz,138,167,0,0,0,0.00011346048
adl-06-cam0-rgb,data/keypoints_normalized/adl/adl-06-cam0-rgb.npz,139,168,0,0,0,0.00011390993
adl-06-cam0-rgb,data/keypoints_normalized/adl/adl-06-cam0-rgb.npz,140,169,0,0,0,0.00011435528
adl-06-cam0-rgb,data/keypoints_normalized/adl/adl-06-cam0-rgb.npz,141,170,0,0,0,0.000114935356
adl-06-cam0-rgb,data/keypoints_normalized/adl/adl-06-cam0-rgb.npz,142,171,0,0,0,0.00011549345
adl-06-cam0-rgb,data/keypoints_normalized/adl/adl-06-cam0-rgb.npz,143,172,0,0,0,0.00011643048
adl-06-cam0-rgb,data/keypoints_normalized/adl/adl-06-cam0-rgb.npz,144,173,0,0,0,0.00011737399
adl-06-cam0-rgb,data/keypoints_normalized/adl/adl-06-cam0-rgb.npz,145,174,0,0,0,0.00011846344
adl-06-cam0-rgb,data/keypoints_normalized/adl/adl-06-cam0-rgb.npz,146,175,0,0,0,0.00011978599
adl-06-cam0-rgb,data/keypoints_normalized/adl/adl-06-cam0-rgb.npz,147,176,0,0,0,0.00012156576
adl-06-cam0-rgb,data/keypoints_normalized/adl/adl-06-cam0-rgb.npz,148,177,0,0,0,0.00012453028
adl-06-cam0-rgb,data/keypoints_normalized/adl/adl-06-cam0-rgb.npz,149,178,0,0,0,0.00014320579
adl-06-cam0-rgb,data/keypoints_normalized/adl/adl-06-cam0-rgb.npz,150,179,0,0,0,0.00016053939
adl-06-cam0-rgb,data/keypoints_normalized/adl/adl-06-cam0-rgb.npz,151,180,0,0,0,0.00019900374
adl-06-cam0-rgb,data/keypoints_normalized/adl/adl-06-cam0-rgb.npz,152,181,0,0,0,0.0003285846
adl-06-cam0-rgb,data/keypoints_normalized/adl/adl-06-cam0-rgb.npz,153,182,0,0,0,0.00017047815
adl-06-cam0-rgb,data/keypoints_normalized/adl/adl-06-cam0-rgb.npz,154,183,0,0,0,0.00022179185
adl-06-cam0-rgb,data/keypoints_normalized/adl/adl-06-cam0-rgb.npz,155,184,0,0,0,0.00042284388
adl-06-cam0-rgb,data/keypoints_normalized/adl/adl-06-cam0-rgb.npz,156,185,0,0,0,0.0021275189
adl-06-cam0-rgb,data/keypoints_normalized/adl/adl-06-cam0-rgb.npz,157,186,0,0,0,0.027795171
adl-06-cam0-rgb,data/keypoints_normalized/adl/adl-06-cam0-rgb.npz,158,187,0,0,0,0.33236548
adl-06-cam0-rgb,data/keypoints_normalized/adl/adl-06-cam0-rgb.npz,159,188,0,0,1,0.8706544
adl-06-cam0-rgb,data/keypoints_normalized/adl/adl-06-cam0-rgb.npz,160,189,0,0,1,0.9830755
adl-06-cam0-rgb,data/keypoints_normalized/adl/adl-06-cam0-rgb.npz,161,190,0,0,1,0.9962398
adl-06-cam0-rgb,data/keypoints_normalized/adl/adl-06-cam0-rgb.npz,162,191,0,0,1,0.99847704
adl-06-cam0-rgb,data/keypoints_normalized/adl/adl-06-cam0-rgb.npz,163,192,0,0,1,0.9991074
adl-06-cam0-rgb,data/keypoints_normalized/adl/adl-06-cam0-rgb.npz,164,193,0,0,1,0.9994092
adl-06-cam0-rgb,data/keypoints_normalized/adl/adl-06-cam0-rgb.npz,165,194,0,0,1,0.99960166
adl-06-cam0-rgb,data/keypoints_normalized/adl/adl-06-cam0-rgb.npz,166,195,0,0,1,0.99968934
adl-06-cam0-rgb,data/keypoints_normalized/adl/adl-06-cam0-rgb.npz,167,196,0,0,1,0.9997844
adl-06-cam0-rgb,data/keypoints_normalized/adl/adl-06-cam0-rgb.npz,168,197,0,0,1,0.99982566
adl-06-cam0-rgb,data/keypoints_normalized/adl/adl-06-cam0-rgb.npz,169,198,0,0,1,0.99983776
adl-06-cam0-rgb,data/keypoints_normalized/adl/adl-06-cam0-rgb.npz,170,199,0,0,1,0.9995394
adl-06-cam0-rgb,data/keypoints_normalized/adl/adl-06-cam0-rgb.npz,171,200,0,0,1,0.99946743
adl-06-cam0-rgb,data/keypoints_normalized/adl/adl-06-cam0-rgb.npz,172,201,0,0,1,0.9993563
adl-06-cam0-rgb,data/keypoints_normalized/adl/adl-06-cam0-rgb.npz,173,202,0,0,1,0.9991678
adl-06-cam0-rgb,data/keypoints_normalized/adl/adl-06-cam0-rgb.npz,174,203,0,0,1,0.99883777
adl-06-cam0-rgb,data/keypoints_normalized/adl/adl-06-cam0-rgb.npz,175,204,0,0,0,0.015843881
adl-06-cam0-rgb,data/keypoints_normalized/adl/adl-06-cam0-rgb.npz,176,205,0,0,0,0.010960456
adl-06-cam0-rgb,data/keypoints_normalized/adl/adl-06-cam0-rgb.npz,177,206,0,0,0,0.007052777
adl-06-cam0-rgb,data/keypoints_normalized/adl/adl-06-cam0-rgb.npz,178,207,0,0,0,0.0048808227
adl-06-cam0-rgb,data/keypoints_normalized/adl/adl-06-cam0-rgb.npz,179,208,0,0,0,0.003411824
adl-06-cam0-rgb,data/keypoints_normalized/adl/adl-06-cam0-rgb.npz,180,209,0,0,0,0.0021358938
adl-06-cam0-rgb,data/keypoints_normalized/adl/adl-06-cam0-rgb.npz,181,210,0,0,0,0.0013780968
adl-06-cam0-rgb,data/keypoints_normalized/adl/adl-06-cam0-rgb.npz,182,211,0,0,0,0.00093137956
adl-06-cam0-rgb,data/keypoints_normalized/adl/adl-06-cam0-rgb.npz,183,212,0,0,0,0.0006452881
adl-06-cam0-rgb,data/keypoints_normalized/adl/adl-06-cam0-rgb.npz,184,213,0,0,0,0.00046923946
adl-06-cam0-rgb,data/keypoints_normalized/adl/adl-06-cam0-rgb.npz,185,214,0,0,0,0.00035623464
adl-06-cam0-rgb,data/keypoints_normalized/adl/adl-06-cam0-rgb.npz,186,215,0,0,0,0.0002831854
adl-06-cam0-rgb,data/keypoints_normalized/adl/adl-06-cam0-rgb.npz,187,216,0,0,0,0.00023525266
adl-06-cam0-rgb,data/keypoints_normalized/adl/adl-06-cam0-rgb.npz,188,217,0,0,0,0.00020040902
adl-06-cam0-rgb,data/keypoints_normalized/adl/adl-06-cam0-rgb.npz,189,218,0,0,0,0.00017402502
adl-06-cam0-rgb,data/keypoints_normalized/adl/adl-06-cam0-rgb.npz,190,219,0,0,0,0.00013432789
adl-06-cam0-rgb,data/keypoints_normalized/adl/adl-06-cam0-rgb.npz,191,220,0,0,0,0.00012702329
adl-06-cam0-rgb,data/keypoints_normalized/adl/adl-06-cam0-rgb.npz,192,221,0,0,0,0.00012187184
adl-06-cam0-rgb,data/keypoints_normalized/adl/adl-06-cam0-rgb.npz,193,222,0,0,0,0.00011850151
adl-06-cam0-rgb,data/keypoints_normalized/adl/adl-06-cam0-rgb.npz,194,223,0,0,0,0.00013490848
adl-06-cam0-rgb,data/keypoints_normalized/adl/adl-06-cam0-rgb.npz,195,224,0,0,0,0.00013147811
adl-06-cam0-rgb,data/keypoints_normalized/adl/adl-06-cam0-rgb.npz,196,225,0,0,0,0.00012967843
adl-06-cam0-rgb,data/keypoints_normalized/adl/adl-06-cam0-rgb.npz,197,226,0,0,0,0.00012907639
adl-06-cam0-rgb,data/keypoints_normalized/adl/adl-06-cam0-rgb.npz,198,227,0,0,0,0.0001298238
adl-06-cam0-rgb,data/keypoints_normalized/adl/adl-06-cam0-rgb.npz,199,228,0,0,0,0.00013159902
adl-06-cam0-rgb,data/keypoints_normalized/adl/adl-06-cam0-rgb.npz,200,229,0,0,0,0.00013386221
adl-06-cam0-rgb,data/keypoints_normalized/adl/adl-06-cam0-rgb.npz,201,230,0,0,0,0.00013707622
adl-08-cam0-rgb,data/keypoints_normalized/adl/adl-08-cam0-rgb.npz,1,30,0,0,0,0.00014068147
adl-08-cam0-rgb,data/keypoints_normalized/adl/adl-08-cam0-rgb.npz,2,31,0,0,0,0.00014074451
adl-08-cam0-rgb,data/keypoints_normalized/adl/adl-08-cam0-rgb.npz,3,32,0,0,0,0.00014077338
adl-08-cam0-rgb,data/keypoints_normalized/adl/adl-08-cam0-rgb.npz,4,33,0,0,0,0.00014040004
adl-08-cam0-rgb,data/keypoints_normalized/adl/adl-08-cam0-rgb.npz,5,34,0,0,0,0.00014034705
adl-08-cam0-rgb,data/keypoints_normalized/adl/adl-08-cam0-rgb.npz,6,35,0,0,0,0.00013981674
adl-08-cam0-rgb,data/keypoints_normalized/adl/adl-08-cam0-rgb.npz,7,36,0,0,0,0.00013915492
adl-08-cam0-rgb,data/keypoints_normalized/adl/adl-08-cam0-rgb.npz,8,37,0,0,0,0.00013831911
adl-08-cam0-rgb,data/keypoints_normalized/adl/adl-08-cam0-rgb.npz,9,38,0,0,0,0.00013735295
adl-08-cam0-rgb,data/keypoints_normalized/adl/adl-08-cam0-rgb.npz,10,39,0,0,0,0.0001364859
adl-08-cam0-rgb,data/keypoints_normalized/adl/adl-08-cam0-rgb.npz,11,40,0,0,0,0.00013576524
adl-08-cam0-rgb,data/keypoints_normalized/adl/adl-08-cam0-rgb.npz,12,41,0,0,0,0.00013459213
adl-08-cam0-rgb,data/keypoints_normalized/adl/adl-08-cam0-rgb.npz,13,42,0,0,0,0.0001340873
adl-08-cam0-rgb,data/keypoints_normalized/adl/adl-08-cam0-rgb.npz,14,43,0,0,0,0.00013349496
adl-08-cam0-rgb,data/keypoints_normalized/adl/adl-08-cam0-rgb.npz,15,44,0,0,0,0.00013331091
adl-08-cam0-rgb,data/keypoints_normalized/adl/adl-08-cam0-rgb.npz,16,45,0,0,0,0.00013316024
adl-08-cam0-rgb,data/keypoints_normalized/adl/adl-08-cam0-rgb.npz,17,46,0,0,0,0.00013324634
adl-08-cam0-rgb,data/keypoints_normalized/adl/adl-08-cam0-rgb.npz,18,47,0,0,0,0.00013366503
adl-08-cam0-rgb,data/keypoints_normalized/adl/adl-08-cam0-rgb.npz,19,48,0,0,0,0.00013422726
adl-08-cam0-rgb,data/keypoints_normalized/adl/adl-08-cam0-rgb.npz,20,49,0,0,0,0.00013503087
adl-08-cam0-rgb,data/keypoints_normalized/adl/adl-08-cam0-rgb.npz,21,50,0,0,0,0.00013562318
adl-08-cam0-rgb,data/keypoints_normalized/adl/adl-08-cam0-rgb.npz,22,51,0,0,0,0.00013651454
adl-08-cam0-rgb,data/keypoints_normalized/adl/adl-08-cam0-rgb.npz,23,52,0,0,0,0.00013755453
adl-08-cam0-rgb,data/keypoints_normalized/adl/adl-08-cam0-rgb.npz,24,53,0,0,0,0.00013812496
adl-08-cam0-rgb,data/keypoints_normalized/adl/adl-08-cam0-rgb.npz,25,54,0,0,0,0.00013864036
adl-08-cam0-rgb,data/keypoints_normalized/adl/adl-08-cam0-rgb.npz,26,55,0,0,0,0.00013996629
adl-08-cam0-rgb,data/keypoints_normalized/adl/adl-08-cam0-rgb.npz,27,56,0,0,0,0.00014071903
adl-08-cam0-rgb,data/keypoints_normalized/adl/adl-08-cam0-rgb.npz,28,57,0,0,0,0.00014120371
adl-08-cam0-rgb,data/keypoints_normalized/adl/adl-08-cam0-rgb.npz,29,58,0,0,0,0.00014211008
adl-08-cam0-rgb,data/keypoints_normalized/adl/adl-08-cam0-rgb.npz,30,59,0,0,0,0.0001428949
adl-08-cam0-rgb,data/keypoints_normalized/adl/adl-08-cam0-rgb.npz,31,60,0,0,0,0.00014376112
adl-08-cam0-rgb,data/keypoints_normalized/adl/adl-08-cam0-rgb.npz,32,61,0,0,0,0.00014475276
adl-08-cam0-rgb,data/keypoints_normalized/adl/adl-08-cam0-rgb.npz,33,62,0,0,0,0.00014596649
adl-08-cam0-rgb,data/keypoints_normalized/adl/adl-08-cam0-rgb.npz,34,63,0,0,0,0.0001467791
adl-08-cam0-rgb,data/keypoints_normalized/adl/adl-08-cam0-rgb.npz,35,64,0,0,0,0.00014813367
adl-08-cam0-rgb,data/keypoints_normalized/adl/adl-08-cam0-rgb.npz,36,65,0,0,0,0.00014932507
adl-08-cam0-rgb,data/keypoints_normalized/adl/adl-08-cam0-rgb.npz,37,66,0,0,0,0.00015040497
adl-08-cam0-rgb,data/keypoints_normalized/adl/adl-08-cam0-rgb.npz,38,67,0,0,0,0.00015146482
adl-08-cam0-rgb,data/keypoints_normalized/adl/adl-08-cam0-rgb.npz,39,68,0,0,0,0.00015222045
adl-08-cam0-rgb,data/keypoints_normalized/adl/adl-08-cam0-rgb.npz,40,69,0,0,0,0.00015220433
adl-08-cam0-rgb,data/keypoints_normalized/adl/adl-08-cam0-rgb.npz,41,70,0,0,0,0.00015273382
adl-08-cam0-rgb,data/keypoints_normalized/adl/adl-08-cam0-rgb.npz,42,71,0,0,0,0.00015339996
adl-08-cam0-rgb,data/keypoints_normalized/adl/adl-08-cam0-rgb.npz,43,72,0,0,0,0.00015289905
adl-08-cam0-rgb,data/keypoints_normalized/adl/adl-08-cam0-rgb.npz,44,73,0,0,0,0.00015168331
adl-08-cam0-rgb,data/keypoints_normalized/adl/adl-08-cam0-rgb.npz,45,74,0,0,0,0.00015050927
adl-08-cam0-rgb,data/keypoints_normalized/adl/adl-08-cam0-rgb.npz,46,75,0,0,0,0.00014938733
adl-08-cam0-rgb,data/keypoints_normalized/adl/adl-08-cam0-rgb.npz,47,76,0,0,0,0.00014692724
adl-08-cam0-rgb,data/keypoints_normalized/adl/adl-08-cam0-rgb.npz,48,77,0,0,0,0.00014568062
adl-08-cam0-rgb,data/keypoints_normalized/adl/adl-08-cam0-rgb.npz,49,78,0,0,0,0.00014397815
adl-08-cam0-rgb,data/keypoints_normalized/adl/adl-08-cam0-rgb.npz,50,79,0,0,0,0.00014235583
adl-08-cam0-rgb,data/keypoints_normalized/adl/adl-08-cam0-rgb.npz,51,80,0,0,0,0.0001416339
adl-08-cam0-rgb,data/keypoints_normalized/adl/adl-08-cam0-rgb.npz,52,81,0,0,0,0.00013956845
adl-08-cam0-rgb,data/keypoints_normalized/adl/adl-08-cam0-rgb.npz,53,82,0,0,0,0.00013792359
adl-08-cam0-rgb,data/keypoints_normalized/adl/adl-08-cam0-rgb.npz,54,83,0,0,0,0.00013644295
adl-08-cam0-rgb,data/keypoints_normalized/adl/adl-08-cam0-rgb.npz,55,84,0,0,0,0.000136034
adl-08-cam0-rgb,data/keypoints_normalized/adl/adl-08-cam0-rgb.npz,56,85,0,0,0,0.00013558206
adl-08-cam0-rgb,data/keypoints_normalized/adl/adl-08-cam0-rgb.npz,57,86,0,0,0,0.0001351303
adl-08-cam0-rgb,data/keypoints_normalized/adl/adl-08-cam0-rgb.npz,58,87,0,0,0,0.00013484406
adl-08-cam0-rgb,data/keypoints_normalized/adl/adl-08-cam0-rgb.npz,59,88,0,0,0,0.0001335748
adl-08-cam0-rgb,data/keypoints_normalized/adl/adl-08-cam0-rgb.npz,60,89,0,0,0,0.00013284189
adl-08-cam0-rgb,data/keypoints_normalized/adl/adl-08-cam0-rgb.npz,61,90,0,0,0,0.00013174956
adl-08-cam0-rgb,data/keypoints_normalized/adl/adl-08-cam0-rgb.npz,62,91,0,0,0,0.00013122935
adl-08-cam0-rgb,data/keypoints_normalized/adl/adl-08-cam0-rgb.npz,63,92,0,0,0,0.000131331
adl-08-cam0-rgb,data/keypoints_normalized/adl/adl-08-cam0-rgb.npz,64,93,0,0,0,0.00013188155
adl-08-cam0-rgb,data/keypoints_normalized/adl/adl-08-cam0-rgb.npz,65,94,0,0,0,0.00013311858
adl-08-cam0-rgb,data/keypoints_normalized/adl/adl-08-cam0-rgb.npz,66,95,0,0,0,0.0001347253
adl-08-cam0-rgb,data/keypoints_normalized/adl/adl-08-cam0-rgb.npz,67,96,0,0,0,0.00013707098
adl-08-cam0-rgb,data/keypoints_normalized/adl/adl-08-cam0-rgb.npz,68,97,0,0,0,0.00013965392
adl-08-cam0-rgb,data/keypoints_normalized/adl/adl-08-cam0-rgb.npz,69,98,0,0,0,0.00014303315
adl-08-cam0-rgb,data/keypoints_normalized/adl/adl-08-cam0-rgb.npz,70,99,0,0,0,0.00014646632
adl-08-cam0-rgb,data/keypoints_normalized/adl/adl-08-cam0-rgb.npz,71,100,0,0,0,0.00014972601
adl-08-cam0-rgb,data/keypoints_normalized/adl/adl-08-cam0-rgb.npz,72,101,0,0,0,0.00015242115
adl-08-cam0-rgb,data/keypoints_normalized/adl/adl-08-cam0-rgb.npz,73,102,0,0,0,0.00015500173
adl-08-cam0-rgb,data/keypoints_normalized/adl/adl-08-cam0-rgb.npz,74,103,0,0,0,0.00015696575
adl-08-cam0-rgb,data/keypoints_normalized/adl/adl-08-cam0-rgb.npz,75,104,0,0,0,0.0001585263
adl-08-cam0-rgb,data/keypoints_normalized/adl/adl-08-cam0-rgb.npz,76,105,0,0,0,0.0001618088
adl-08-cam0-rgb,data/keypoints_normalized/adl/adl-08-cam0-rgb.npz,77,106,0,0,0,0.00016577332
adl-08-cam0-rgb,data/keypoints_normalized/adl/adl-08-cam0-rgb.npz,78,107,0,0,0,0.00017112566
adl-08-cam0-rgb,data/keypoints_normalized/adl/adl-08-cam0-rgb.npz,79,108,0,0,0,0.00017702967
adl-08-cam0-rgb,data/keypoints_normalized/adl/adl-08-cam0-rgb.npz,80,109,0,0,0,0.00018240731
adl-08-cam0-rgb,data/keypoints_normalized/adl/adl-08-cam0-rgb.npz,81,110,0,0,0,0.00018622079
adl-08-cam0-rgb,data/keypoints_normalized/adl/adl-08-cam0-rgb.npz,82,111,0,0,0,0.00018935362
adl-08-cam0-rgb,data/keypoints_normalized/adl/adl-08-cam0-rgb.npz,83,112,0,0,0,0.00019130213
adl-08-cam0-rgb,data/keypoints_normalized/adl/adl-08-cam0-rgb.npz,84,113,0,0,0,0.00019267395
adl-08-cam0-rgb,data/keypoints_normalized/adl/adl-08-cam0-rgb.npz,85,114,0,0,0,0.0001933031
adl-08-cam0-rgb,data/keypoints_normalized/adl/adl-08-cam0-rgb.npz,86,115,0,0,0,0.00019305242
adl-08-cam0-rgb,data/keypoints_normalized/adl/adl-08-cam0-rgb.npz,87,116,0,0,0,0.00019302442
adl-08-cam0-rgb,data/keypoints_normalized/adl/adl-08-cam0-rgb.npz,88,117,0,0,0,0.00019178171
adl-08-cam0-rgb,data/keypoints_normalized/adl/adl-08-cam0-rgb.npz,89,118,0,0,0,0.0001893605
adl-08-cam0-rgb,data/keypoints_normalized/adl/adl-08-cam0-rgb.npz,90,119,0,0,0,0.00018630977
adl-08-cam0-rgb,data/keypoints_normalized/adl/adl-08-cam0-rgb.npz,91,120,0,0,0,0.00018284524
adl-08-cam0-rgb,data/keypoints_normalized/adl/adl-08-cam0-rgb.npz,92,121,0,0,0,0.00017936509
adl-08-cam0-rgb,data/keypoints_normalized/adl/adl-08-cam0-rgb.npz,93,122,0,0,0,0.00017559918
adl-08-cam0-rgb,data/keypoints_normalized/adl/adl-08-cam0-rgb.npz,94,123,0,0,0,0.00017172571
adl-08-cam0-rgb,data/keypoints_normalized/adl/adl-08-cam0-rgb.npz,95,124,0,0,0,0.00016798847
adl-08-cam0-rgb,data/keypoints_normalized/adl/adl-08-cam0-rgb.npz,96,125,0,0,0,0.00016442218
adl-08-cam0-rgb,data/keypoints_normalized/adl/adl-08-cam0-rgb.npz,97,126,0,0,0,0.00016069469
adl-08-cam0-rgb,data/keypoints_normalized/adl/adl-08-cam0-rgb.npz,98,127,0,0,0,0.0001576843
adl-08-cam0-rgb,data/keypoints_normalized/adl/adl-08-cam0-rgb.npz,99,128,0,0,0,0.00015494558
adl-08-cam0-rgb,data/keypoints_normalized/adl/adl-08-cam0-rgb.npz,100,129,0,0,0,0.00015259058
adl-08-cam0-rgb,data/keypoints_normalized/adl/adl-08-cam0-rgb.npz,101,130,0,0,0,0.00015000423
adl-08-cam0-rgb,data/keypoints_normalized/adl/adl-08-cam0-rgb.npz,102,131,0,0,0,0.0001480351
adl-08-cam0-rgb,data/keypoints_normalized/adl/adl-08-cam0-rgb.npz,103,132,0,0,0,0.00014596594
adl-08-cam0-rgb,data/keypoints_normalized/adl/adl-08-cam0-rgb.npz,104,133,0,0,0,0.00014423922
adl-08-cam0-rgb,data/keypoints_normalized/adl/adl-08-cam0-rgb.npz,105,134,0,0,0,0.00014284642
adl-08-cam0-rgb,data/keypoints_normalized/adl/adl-08-cam0-rgb.npz,106,135,0,0,0,0.00014134301
adl-08-cam0-rgb,data/keypoints_normalized/adl/adl-08-cam0-rgb.npz,107,136,0,0,0,0.00013919285
adl-08-cam0-rgb,data/keypoints_normalized/adl/adl-08-cam0-rgb.npz,108,137,0,0,0,0.0001371769
adl-08-cam0-rgb,data/keypoints_normalized/adl/adl-08-cam0-rgb.npz,109,138,0,0,0,0.00013422596
adl-08-cam0-rgb,data/keypoints_normalized/adl/adl-08-cam0-rgb.npz,110,139,0,0,0,0.00013162651
adl-08-cam0-rgb,data/keypoints_normalized/adl/adl-08-cam0-rgb.npz,111,140,0,0,0,0.000130192
adl-08-cam0-rgb,data/keypoints_normalized/adl/adl-08-cam0-rgb.npz,112,141,0,0,0,0.00012951753
adl-08-cam0-rgb,data/keypoints_normalized/adl/adl-08-cam0-rgb.npz,113,142,0,0,0,0.0001299976
adl-08-cam0-rgb,data/keypoints_normalized/adl/adl-08-cam0-rgb.npz,114,143,0,0,0,0.0001308168
adl-08-cam0-rgb,data/keypoints_normalized/adl/adl-08-cam0-rgb.npz,115,144,0,0,0,0.00013162513
adl-08-cam0-rgb,data/keypoints_normalized/adl/adl-08-cam0-rgb.npz,116,145,0,0,0,0.00013310323
adl-08-cam0-rgb,data/keypoints_normalized/adl/adl-08-cam0-rgb.npz,117,146,0,0,0,0.00013417631
adl-08-cam0-rgb,data/keypoints_normalized/adl/adl-08-cam0-rgb.npz,118,147,0,0,0,0.00013535688
adl-08-cam0-rgb,data/keypoints_normalized/adl/adl-08-cam0-rgb.npz,119,148,0,0,0,0.0001363298
adl-08-cam0-rgb,data/keypoints_normalized/adl/adl-08-cam0-rgb.npz,120,149,0,0,0,0.00013724022
adl-08-cam0-rgb,data/keypoints_normalized/adl/adl-08-cam0-rgb.npz,121,150,0,0,0,0.00013833503
adl-08-cam0-rgb,data/keypoints_normalized/adl/adl-08-cam0-rgb.npz,122,151,0,0,0,0.00013920998
adl-08-cam0-rgb,data/keypoints_normalized/adl/adl-08-cam0-rgb.npz,123,152,0,0,0,0.0001397032
adl-08-cam0-rgb,data/keypoints_normalized/adl/adl-08-cam0-rgb.npz,124,153,0,0,0,0.00014073431
adl-08-cam0-rgb,data/keypoints_normalized/adl/adl-08-cam0-rgb.npz,125,154,0,0,0,0.00014071284
adl-08-cam0-rgb,data/keypoints_normalized/adl/adl-08-cam0-rgb.npz,126,155,0,0,0,0.00014119697
adl-08-cam0-rgb,data/keypoints_normalized/adl/adl-08-cam0-rgb.npz,127,156,0,0,0,0.00014114138
adl-08-cam0-rgb,data/keypoints_normalized/adl/adl-08-cam0-rgb.npz,128,157,0,0,0,0.00014099182
adl-08-cam0-rgb,data/keypoints_normalized/adl/adl-08-cam0-rgb.npz,129,158,0,0,0,0.00014093428
adl-08-cam0-rgb,data/keypoints_normalized/adl/adl-08-cam0-rgb.npz,130,159,0,0,0,0.00014080065
adl-08-cam0-rgb,data/keypoints_normalized/adl/adl-08-cam0-rgb.npz,131,160,0,0,0,0.00014038142
adl-08-cam0-rgb,data/keypoints_normalized/adl/adl-08-cam0-rgb.npz,132,161,0,0,0,0.00014027343
adl-08-cam0-rgb,data/keypoints_normalized/adl/adl-08-cam0-rgb.npz,133,162,0,0,0,0.0001402122
adl-08-cam0-rgb,data/keypoints_normalized/adl/adl-08-cam0-rgb.npz,134,163,0,0,0,0.00013991837
adl-08-cam0-rgb,data/keypoints_normalized/adl/adl-08-cam0-rgb.npz,135,164,0,0,0,0.00013953731
adl-08-cam0-rgb,data/keypoints_normalized/adl/adl-08-cam0-rgb.npz,136,165,0,0,0,0.00013951749
adl-08-cam0-rgb,data/keypoints_normalized/adl/adl-08-cam0-rgb.npz,137,166,0,0,0,0.00013936499
adl-08-cam0-rgb,data/keypoints_normalized/adl/adl-08-cam0-rgb.npz,138,167,0,0,0,0.00013929137
adl-08-cam0-rgb,data/keypoints_normalized/adl/adl-08-cam0-rgb.npz,139,168,0,0,0,0.00013898595
adl-08-cam0-rgb,data/keypoints_normalized/adl/adl-08-cam0-rgb.npz,140,169,0,0,0,0.00013880477
adl-08-cam0-rgb,data/keypoints_normalized/adl/adl-08-cam0-rgb.npz,141,170,0,0,0,0.00013870475
adl-08-cam0-rgb,data/keypoints_normalized/adl/adl-08-cam0-rgb.npz,142,171,0,0,0,0.00013869707
adl-08-cam0-rgb,data/keypoints_normalized/adl/adl-08-cam0-rgb.npz,143,172,0,0,0,0.00013860982
adl-08-cam0-rgb,data/keypoints_normalized/adl/adl-08-cam0-rgb.npz,144,173,0,0,0,0.00013847428
adl-08-cam0-rgb,data/keypoints_normalized/adl/adl-08-cam0-rgb.npz,145,174,0,0,0,0.00013842808
adl-08-cam0-rgb,data/keypoints_normalized/adl/adl-08-cam0-rgb.npz,146,175,0,0,0,0.00013834625
adl-08-cam0-rgb,data/keypoints_normalized/adl/adl-08-cam0-rgb.npz,147,176,0,0,0,0.00013826476
adl-08-cam0-rgb,data/keypoints_normalized/adl/adl-08-cam0-rgb.npz,148,177,0,0,0,0.0001381899
adl-08-cam0-rgb,data/keypoints_normalized/adl/adl-08-cam0-rgb.npz,149,178,0,0,0,0.0001381044
adl-08-cam0-rgb,data/keypoints_normalized/adl/adl-08-cam0-rgb.npz,150,179,0,0,0,0.00013807834
adl-08-cam0-rgb,data/keypoints_normalized/adl/adl-08-cam0-rgb.npz,151,180,0,0,0,0.00013795686
adl-25-cam0-rgb,data/keypoints_normalized/adl/adl-25-cam0-rgb.npz,1,30,0,0,0,0.00016158477
adl-25-cam0-rgb,data/keypoints_normalized/adl/adl-25-cam0-rgb.npz,2,31,0,0,0,0.00016154027
adl-25-cam0-rgb,data/keypoints_normalized/adl/adl-25-cam0-rgb.npz,3,32,0,0,0,0.00016146633
adl-25-cam0-rgb,data/keypoints_normalized/adl/adl-25-cam0-rgb.npz,4,33,0,0,0,0.00016141094
adl-25-cam0-rgb,data/keypoints_normalized/adl/adl-25-cam0-rgb.npz,5,34,0,0,0,0.00016132844
adl-25-cam0-rgb,data/keypoints_normalized/adl/adl-25-cam0-rgb.npz,6,35,0,0,0,0.0001607143
adl-25-cam0-rgb,data/keypoints_normalized/adl/adl-25-cam0-rgb.npz,7,36,0,0,0,0.00015948509
adl-25-cam0-rgb,data/keypoints_normalized/adl/adl-25-cam0-rgb.npz,8,37,0,0,0,0.00015762945
adl-25-cam0-rgb,data/keypoints_normalized/adl/adl-25-cam0-rgb.npz,9,38,0,0,0,0.00015449386
adl-25-cam0-rgb,data/keypoints_normalized/adl/adl-25-cam0-rgb.npz,10,39,0,0,0,0.0001502092
adl-25-cam0-rgb,data/keypoints_normalized/adl/adl-25-cam0-rgb.npz,11,40,0,0,0,0.00015045777
adl-25-cam0-rgb,data/keypoints_normalized/adl/adl-25-cam0-rgb.npz,12,41,0,0,0,0.00014237374
adl-25-cam0-rgb,data/keypoints_normalized/adl/adl-25-cam0-rgb.npz,13,42,0,0,0,0.00013870595
adl-25-cam0-rgb,data/keypoints_normalized/adl/adl-25-cam0-rgb.npz,14,43,0,0,0,0.00013626223
adl-25-cam0-rgb,data/keypoints_normalized/adl/adl-25-cam0-rgb.npz,15,44,0,0,0,0.0001336831
adl-25-cam0-rgb,data/keypoints_normalized/adl/adl-25-cam0-rgb.npz,16,45,0,0,0,0.00013026377
adl-25-cam0-rgb,data/keypoints_normalized/adl/adl-25-cam0-rgb.npz,17,46,0,0,0,0.00012826831
adl-25-cam0-rgb,data/keypoints_normalized/adl/adl-25-cam0-rgb.npz,18,47,0,0,0,0.00012622506
adl-25-cam0-rgb,data/keypoints_normalized/adl/adl-25-cam0-rgb.npz,19,48,0,0,0,0.00012434494
adl-25-cam0-rgb,data/keypoints_normalized/adl/adl-25-cam0-rgb.npz,20,49,0,0,0,0.000121941346
adl-25-cam0-rgb,data/keypoints_normalized/adl/adl-25-cam0-rgb.npz,21,50,0,0,0,0.000119109754
adl-25-cam0-rgb,data/keypoints_normalized/adl/adl-25-cam0-rgb.npz,22,51,0,0,0,0.00011705813
adl-25-cam0-rgb,data/keypoints_normalized/adl/adl-25-cam0-rgb.npz,23,52,0,0,0,0.00011512951
adl-25-cam0-rgb,data/keypoints_normalized/adl/adl-25-cam0-rgb.npz,24,53,0,0,0,0.00011371048
adl-25-cam0-rgb,data/keypoints_normalized/adl/adl-25-cam0-rgb.npz,25,54,0,0,0,0.00011259116
adl-25-cam0-rgb,data/keypoints_normalized/adl/adl-25-cam0-rgb.npz,26,55,0,0,0,0.00011127162
adl-25-cam0-rgb,data/keypoints_normalized/adl/adl-25-cam0-rgb.npz,27,56,0,0,0,0.00011070572
adl-25-cam0-rgb,data/keypoints_normalized/adl/adl-25-cam0-rgb.npz,28,57,0,0,0,0.00011002146
adl-25-cam0-rgb,data/keypoints_normalized/adl/adl-25-cam0-rgb.npz,29,58,0,0,0,0.000109868386
adl-25-cam0-rgb,data/keypoints_normalized/adl/adl-25-cam0-rgb.npz,30,59,0,0,0,0.00010997982
adl-25-cam0-rgb,data/keypoints_normalized/adl/adl-25-cam0-rgb.npz,31,60,0,0,0,0.0001104057
adl-25-cam0-rgb,data/keypoints_normalized/adl/adl-25-cam0-rgb.npz,32,61,0,0,0,0.00011087688
adl-25-cam0-rgb,data/keypoints_normalized/adl/adl-25-cam0-rgb.npz,33,62,0,0,0,0.00011170314
adl-25-cam0-rgb,data/keypoints_normalized/adl/adl-25-cam0-rgb.npz,34,63,0,0,0,0.000112313865
adl-25-cam0-rgb,data/keypoints_normalized/adl/adl-25-cam0-rgb.npz,35,64,0,0,0,0.00011234395
adl-25-cam0-rgb,data/keypoints_normalized/adl/adl-25-cam0-rgb.npz,36,65,0,0,0,0.00011339495
adl-25-cam0-rgb,data/keypoints_normalized/adl/adl-25-cam0-rgb.npz,37,66,0,0,0,0.00011415373
adl-25-cam0-rgb,data/keypoints_normalized/adl/adl-25-cam0-rgb.npz,38,67,0,0,0,0.00011431768
adl-25-cam0-rgb,data/keypoints_normalized/adl/adl-25-cam0-rgb.npz,39,68,0,0,0,0.000114347655
adl-25-cam0-rgb,data/keypoints_normalized/adl/adl-25-cam0-rgb.npz,40,69,0,0,0,0.000115101175
adl-25-cam0-rgb,data/keypoints_normalized/adl/adl-25-cam0-rgb.npz,41,70,0,0,0,0.00011555625
adl-25-cam0-rgb,data/keypoints_normalized/adl/adl-25-cam0-rgb.npz,42,71,0,0,0,0.00011664974
adl-25-cam0-rgb,data/keypoints_normalized/adl/adl-25-cam0-rgb.npz,43,72,0,0,0,0.00011745193
adl-25-cam0-rgb,data/keypoints_normalized/adl/adl-25-cam0-rgb.npz,44,73,0,0,0,0.000118531134
adl-25-cam0-rgb,data/keypoints_normalized/adl/adl-25-cam0-rgb.npz,45,74,0,0,0,0.000119697375
adl-25-cam0-rgb,data/keypoints_normalized/adl/adl-25-cam0-rgb.npz,46,75,0,0,0,0.00012061145
adl-25-cam0-rgb,data/keypoints_normalized/adl/adl-25-cam0-rgb.npz,47,76,0,0,0,0.00012186463
adl-25-cam0-rgb,data/keypoints_normalized/adl/adl-25-cam0-rgb.npz,48,77,0,0,0,0.00012266956
adl-25-cam0-rgb,data/keypoints_normalized/adl/adl-25-cam0-rgb.npz,49,78,0,0,0,0.00012374288
adl-25-cam0-rgb,data/keypoints_normalized/adl/adl-25-cam0-rgb.npz,50,79,0,0,0,0.00012443757
adl-25-cam0-rgb,data/keypoints_normalized/adl/adl-25-cam0-rgb.npz,51,80,0,0,0,0.00012514046
adl-25-cam0-rgb,data/keypoints_normalized/adl/adl-25-cam0-rgb.npz,52,81,0,0,0,0.00012572414
adl-25-cam0-rgb,data/keypoints_normalized/adl/adl-25-cam0-rgb.npz,53,82,0,0,0,0.00012616896
adl-25-cam0-rgb,data/keypoints_normalized/adl/adl-25-cam0-rgb.npz,54,83,0,0,0,0.0001264677
adl-25-cam0-rgb,data/keypoints_normalized/adl/adl-25-cam0-rgb.npz,55,84,0,0,0,0.00012697921
adl-25-cam0-rgb,data/keypoints_normalized/adl/adl-25-cam0-rgb.npz,56,85,0,0,0,0.00012723837
adl-25-cam0-rgb,data/keypoints_normalized/adl/adl-25-cam0-rgb.npz,57,86,0,0,0,0.0001274607
adl-25-cam0-rgb,data/keypoints_normalized/adl/adl-25-cam0-rgb.npz,58,87,0,0,0,0.00012764204
adl-25-cam0-rgb,data/keypoints_normalized/adl/adl-25-cam0-rgb.npz,59,88,0,0,0,0.00012822846
adl-25-cam0-rgb,data/keypoints_normalized/adl/adl-25-cam0-rgb.npz,60,89,0,0,0,0.0001287504
adl-25-cam0-rgb,data/keypoints_normalized/adl/adl-25-cam0-rgb.npz,61,90,0,0,0,0.00012911481
adl-25-cam0-rgb,data/keypoints_normalized/adl/adl-25-cam0-rgb.npz,62,91,0,0,0,0.00012929518
adl-25-cam0-rgb,data/keypoints_normalized/adl/adl-25-cam0-rgb.npz,63,92,0,0,0,0.0001296819
adl-25-cam0-rgb,data/keypoints_normalized/adl/adl-25-cam0-rgb.npz,64,93,0,0,0,0.00012993491
adl-25-cam0-rgb,data/keypoints_normalized/adl/adl-25-cam0-rgb.npz,65,94,0,0,0,0.00013000405
adl-25-cam0-rgb,data/keypoints_normalized/adl/adl-25-cam0-rgb.npz,66,95,0,0,0,0.00013007088
adl-25-cam0-rgb,data/keypoints_normalized/adl/adl-25-cam0-rgb.npz,67,96,0,0,0,0.00013030788
adl-25-cam0-rgb,data/keypoints_normalized/adl/adl-25-cam0-rgb.npz,68,97,0,0,0,0.0001305519
adl-25-cam0-rgb,data/keypoints_normalized/adl/adl-25-cam0-rgb.npz,69,98,0,0,0,0.00013073576
adl-25-cam0-rgb,data/keypoints_normalized/adl/adl-25-cam0-rgb.npz,70,99,0,0,0,0.00013080734
adl-25-cam0-rgb,data/keypoints_normalized/adl/adl-25-cam0-rgb.npz,71,100,0,0,0,0.00013091402
adl-25-cam0-rgb,data/keypoints_normalized/adl/adl-25-cam0-rgb.npz,72,101,0,0,0,0.00013092688
adl-25-cam0-rgb,data/keypoints_normalized/adl/adl-25-cam0-rgb.npz,73,102,0,0,0,0.00013120384
adl-25-cam0-rgb,data/keypoints_normalized/adl/adl-25-cam0-rgb.npz,74,103,0,0,0,0.00013106578
adl-25-cam0-rgb,data/keypoints_normalized/adl/adl-25-cam0-rgb.npz,75,104,0,0,0,0.00013097347
adl-25-cam0-rgb,data/keypoints_normalized/adl/adl-25-cam0-rgb.npz,76,105,0,0,0,0.00013084426
adl-25-cam0-rgb,data/keypoints_normalized/adl/adl-25-cam0-rgb.npz,77,106,0,0,0,0.00013074747
adl-25-cam0-rgb,data/keypoints_normalized/adl/adl-25-cam0-rgb.npz,78,107,0,0,0,0.0001308051
adl-25-cam0-rgb,data/keypoints_normalized/adl/adl-25-cam0-rgb.npz,79,108,0,0,0,0.00013073738
adl-25-cam0-rgb,data/keypoints_normalized/adl/adl-25-cam0-rgb.npz,80,109,0,0,0,0.00013072242
adl-25-cam0-rgb,data/keypoints_normalized/adl/adl-25-cam0-rgb.npz,81,110,0,0,0,0.00013064305
adl-29-cam0-rgb,data/keypoints_normalized/adl/adl-29-cam0-rgb.npz,1,30,0,0,0,0.00014751937
adl-29-cam0-rgb,data/keypoints_normalized/adl/adl-29-cam0-rgb.npz,2,31,0,0,0,0.00014562992
adl-29-cam0-rgb,data/keypoints_normalized/adl/adl-29-cam0-rgb.npz,3,32,0,0,0,0.00014339585
adl-29-cam0-rgb,data/keypoints_normalized/adl/adl-29-cam0-rgb.npz,4,33,0,0,0,0.00014122028
adl-29-cam0-rgb,data/keypoints_normalized/adl/adl-29-cam0-rgb.npz,5,34,0,0,0,0.00013885324
adl-29-cam0-rgb,data/keypoints_normalized/adl/adl-29-cam0-rgb.npz,6,35,0,0,0,0.0001368992
adl-29-cam0-rgb,data/keypoints_normalized/adl/adl-29-cam0-rgb.npz,7,36,0,0,0,0.0001351025
adl-29-cam0-rgb,data/keypoints_normalized/adl/adl-29-cam0-rgb.npz,8,37,0,0,0,0.00013376141
adl-29-cam0-rgb,data/keypoints_normalized/adl/adl-29-cam0-rgb.npz,9,38,0,0,0,0.00013253547
adl-29-cam0-rgb,data/keypoints_normalized/adl/adl-29-cam0-rgb.npz,10,39,0,0,0,0.00013131186
adl-29-cam0-rgb,data/keypoints_normalized/adl/adl-29-cam0-rgb.npz,11,40,0,0,0,0.0001305519
adl-29-cam0-rgb,data/keypoints_normalized/adl/adl-29-cam0-rgb.npz,12,41,0,0,0,0.00012959474
adl-29-cam0-rgb,data/keypoints_normalized/adl/adl-29-cam0-rgb.npz,13,42,0,0,0,0.00012884005
adl-29-cam0-rgb,data/keypoints_normalized/adl/adl-29-cam0-rgb.npz,14,43,0,0,0,0.00012839804
adl-29-cam0-rgb,data/keypoints_normalized/adl/adl-29-cam0-rgb.npz,15,44,0,0,0,0.00012803492
adl-29-cam0-rgb,data/keypoints_normalized/adl/adl-29-cam0-rgb.npz,16,45,0,0,0,0.00012760698
adl-29-cam0-rgb,data/keypoints_normalized/adl/adl-29-cam0-rgb.npz,17,46,0,0,0,0.00012713914
adl-29-cam0-rgb,data/keypoints_normalized/adl/adl-29-cam0-rgb.npz,18,47,0,0,0,0.00012704208
adl-29-cam0-rgb,data/keypoints_normalized/adl/adl-29-cam0-rgb.npz,19,48,0,0,0,0.00012696299
adl-29-cam0-rgb,data/keypoints_normalized/adl/adl-29-cam0-rgb.npz,20,49,0,0,0,0.00012657134
adl-29-cam0-rgb,data/keypoints_normalized/adl/adl-29-cam0-rgb.npz,21,50,0,0,0,0.00012625156
adl-29-cam0-rgb,data/keypoints_normalized/adl/adl-29-cam0-rgb.npz,22,51,0,0,0,0.00012564145
adl-29-cam0-rgb,data/keypoints_normalized/adl/adl-29-cam0-rgb.npz,23,52,0,0,0,0.00012499378
adl-29-cam0-rgb,data/keypoints_normalized/adl/adl-29-cam0-rgb.npz,24,53,0,0,0,0.0001242564
adl-29-cam0-rgb,data/keypoints_normalized/adl/adl-29-cam0-rgb.npz,25,54,0,0,0,0.00012332705
adl-29-cam0-rgb,data/keypoints_normalized/adl/adl-29-cam0-rgb.npz,26,55,0,0,0,0.00012249047
adl-29-cam0-rgb,data/keypoints_normalized/adl/adl-29-cam0-rgb.npz,27,56,0,0,0,0.00012157562
adl-29-cam0-rgb,data/keypoints_normalized/adl/adl-29-cam0-rgb.npz,28,57,0,0,0,0.00012118289
adl-29-cam0-rgb,data/keypoints_normalized/adl/adl-29-cam0-rgb.npz,29,58,0,0,0,0.000120573495
adl-29-cam0-rgb,data/keypoints_normalized/adl/adl-29-cam0-rgb.npz,30,59,0,0,0,0.00012016466
adl-29-cam0-rgb,data/keypoints_normalized/adl/adl-29-cam0-rgb.npz,31,60,0,0,0,0.000119827346
adl-29-cam0-rgb,data/keypoints_normalized/adl/adl-29-cam0-rgb.npz,32,61,0,0,0,0.000119563345
adl-29-cam0-rgb,data/keypoints_normalized/adl/adl-29-cam0-rgb.npz,33,62,0,0,0,0.00011941442
adl-29-cam0-rgb,data/keypoints_normalized/adl/adl-29-cam0-rgb.npz,34,63,0,0,0,0.00011936912
adl-29-cam0-rgb,data/keypoints_normalized/adl/adl-29-cam0-rgb.npz,35,64,0,0,0,0.00011932086
adl-29-cam0-rgb,data/keypoints_normalized/adl/adl-29-cam0-rgb.npz,36,65,0,0,0,0.00011954271
adl-29-cam0-rgb,data/keypoints_normalized/adl/adl-29-cam0-rgb.npz,37,66,0,0,0,0.000119771816
adl-29-cam0-rgb,data/keypoints_normalized/adl/adl-29-cam0-rgb.npz,38,67,0,0,0,0.00012013534
adl-29-cam0-rgb,data/keypoints_normalized/adl/adl-29-cam0-rgb.npz,39,68,0,0,0,0.00012047718
adl-29-cam0-rgb,data/keypoints_normalized/adl/adl-29-cam0-rgb.npz,40,69,0,0,0,0.000120631004
adl-29-cam0-rgb,data/keypoints_normalized/adl/adl-29-cam0-rgb.npz,41,70,0,0,0,0.00012103913
adl-29-cam0-rgb,data/keypoints_normalized/adl/adl-29-cam0-rgb.npz,42,71,0,0,0,0.000121098696
adl-29-cam0-rgb,data/keypoints_normalized/adl/adl-29-cam0-rgb.npz,43,72,0,0,0,0.00012121676
adl-29-cam0-rgb,data/keypoints_normalized/adl/adl-29-cam0-rgb.npz,44,73,0,0,0,0.00012134861
adl-29-cam0-rgb,data/keypoints_normalized/adl/adl-29-cam0-rgb.npz,45,74,0,0,0,0.00012140323
adl-29-cam0-rgb,data/keypoints_normalized/adl/adl-29-cam0-rgb.npz,46,75,0,0,0,0.00012139317
adl-29-cam0-rgb,data/keypoints_normalized/adl/adl-29-cam0-rgb.npz,47,76,0,0,0,0.0001218774
adl-29-cam0-rgb,data/keypoints_normalized/adl/adl-29-cam0-rgb.npz,48,77,0,0,0,0.00012217285
adl-29-cam0-rgb,data/keypoints_normalized/adl/adl-29-cam0-rgb.npz,49,78,0,0,0,0.00012257718
adl-29-cam0-rgb,data/keypoints_normalized/adl/adl-29-cam0-rgb.npz,50,79,0,0,0,0.00012324077
adl-29-cam0-rgb,data/keypoints_normalized/adl/adl-29-cam0-rgb.npz,51,80,0,0,0,0.00012416176
adl-29-cam0-rgb,data/keypoints_normalized/adl/adl-29-cam0-rgb.npz,52,81,0,0,0,0.00012498353
adl-29-cam0-rgb,data/keypoints_normalized/adl/adl-29-cam0-rgb.npz,53,82,0,0,0,0.000125775
adl-29-cam0-rgb,data/keypoints_normalized/adl/adl-29-cam0-rgb.npz,54,83,0,0,0,0.00012706254
adl-29-cam0-rgb,data/keypoints_normalized/adl/adl-29-cam0-rgb.npz,55,84,0,0,0,0.00012791497
adl-29-cam0-rgb,data/keypoints_normalized/adl/adl-29-cam0-rgb.npz,56,85,0,0,0,0.00012925894
adl-29-cam0-rgb,data/keypoints_normalized/adl/adl-29-cam0-rgb.npz,57,86,0,0,0,0.00012993441
adl-29-cam0-rgb,data/keypoints_normalized/adl/adl-29-cam0-rgb.npz,58,87,0,0,0,0.0001309696
adl-29-cam0-rgb,data/keypoints_normalized/adl/adl-29-cam0-rgb.npz,59,88,0,0,0,0.00013162689
adl-29-cam0-rgb,data/keypoints_normalized/adl/adl-29-cam0-rgb.npz,60,89,0,0,0,0.00013236167
adl-29-cam0-rgb,data/keypoints_normalized/adl/adl-29-cam0-rgb.npz,61,90,0,0,0,0.00013364003
adl-29-cam0-rgb,data/keypoints_normalized/adl/adl-29-cam0-rgb.npz,62,91,0,0,0,0.00013420114
adl-29-cam0-rgb,data/keypoints_normalized/adl/adl-29-cam0-rgb.npz,63,92,0,0,0,0.00013457533
adl-29-cam0-rgb,data/keypoints_normalized/adl/adl-29-cam0-rgb.npz,64,93,0,0,0,0.0001346354
adl-29-cam0-rgb,data/keypoints_normalized/adl/adl-29-cam0-rgb.npz,65,94,0,0,0,0.00013508355
adl-29-cam0-rgb,data/keypoints_normalized/adl/adl-29-cam0-rgb.npz,66,95,0,0,0,0.00013529173
adl-29-cam0-rgb,data/keypoints_normalized/adl/adl-29-cam0-rgb.npz,67,96,0,0,0,0.00013572226
adl-29-cam0-rgb,data/keypoints_normalized/adl/adl-29-cam0-rgb.npz,68,97,0,0,0,0.00013603932
adl-29-cam0-rgb,data/keypoints_normalized/adl/adl-29-cam0-rgb.npz,69,98,0,0,0,0.00013593028
adl-29-cam0-rgb,data/keypoints_normalized/adl/adl-29-cam0-rgb.npz,70,99,0,0,0,0.00013594219
adl-29-cam0-rgb,data/keypoints_normalized/adl/adl-29-cam0-rgb.npz,71,100,0,0,0,0.0001359999
adl-29-cam0-rgb,data/keypoints_normalized/adl/adl-29-cam0-rgb.npz,72,101,0,0,0,0.00013649631
adl-29-cam0-rgb,data/keypoints_normalized/adl/adl-29-cam0-rgb.npz,73,102,0,0,0,0.00013656713
adl-29-cam0-rgb,data/keypoints_normalized/adl/adl-29-cam0-rgb.npz,74,103,0,0,0,0.00013662627
adl-29-cam0-rgb,data/keypoints_normalized/adl/adl-29-cam0-rgb.npz,75,104,0,0,0,0.0001366776
adl-29-cam0-rgb,data/keypoints_normalized/adl/adl-29-cam0-rgb.npz,76,105,0,0,0,0.00013699832
adl-29-cam0-rgb,data/keypoints_normalized/adl/adl-29-cam0-rgb.npz,77,106,0,0,0,0.00013730382
adl-29-cam0-rgb,data/keypoints_normalized/adl/adl-29-cam0-rgb.npz,78,107,0,0,0,0.0001373578
adl-29-cam0-rgb,data/keypoints_normalized/adl/adl-29-cam0-rgb.npz,79,108,0,0,0,0.00013779516
adl-29-cam0-rgb,data/keypoints_normalized/adl/adl-29-cam0-rgb.npz,80,109,0,0,0,0.00013816156
adl-29-cam0-rgb,data/keypoints_normalized/adl/adl-29-cam0-rgb.npz,81,110,0,0,0,0.00013820808
adl-29-cam0-rgb,data/keypoints_normalized/adl/adl-29-cam0-rgb.npz,82,111,0,0,0,0.00013709569
adl-29-cam0-rgb,data/keypoints_normalized/adl/adl-29-cam0-rgb.npz,83,112,0,0,0,0.00013719469
adl-29-cam0-rgb,data/keypoints_normalized/adl/adl-29-cam0-rgb.npz,84,113,0,0,0,0.00013720659
adl-29-cam0-rgb,data/keypoints_normalized/adl/adl-29-cam0-rgb.npz,85,114,0,0,0,0.00013714995
adl-29-cam0-rgb,data/keypoints_normalized/adl/adl-29-cam0-rgb.npz,86,115,0,0,0,0.0001370953
adl-29-cam0-rgb,data/keypoints_normalized/adl/adl-29-cam0-rgb.npz,87,116,0,0,0,0.00013709163
adl-29-cam0-rgb,data/keypoints_normalized/adl/adl-29-cam0-rgb.npz,88,117,0,0,0,0.00013727111
adl-29-cam0-rgb,data/keypoints_normalized/adl/adl-29-cam0-rgb.npz,89,118,0,0,0,0.00013727137
adl-29-cam0-rgb,data/keypoints_normalized/adl/adl-29-cam0-rgb.npz,90,119,0,0,0,0.00013727033
adl-29-cam0-rgb,data/keypoints_normalized/adl/adl-29-cam0-rgb.npz,91,120,0,0,0,0.00013668386
adl-29-cam0-rgb,data/keypoints_normalized/adl/adl-29-cam0-rgb.npz,92,121,0,0,0,0.00013645102
adl-29-cam0-rgb,data/keypoints_normalized/adl/adl-29-cam0-rgb.npz,93,122,0,0,0,0.00013649267
adl-29-cam0-rgb,data/keypoints_normalized/adl/adl-29-cam0-rgb.npz,94,123,0,0,0,0.00013649788
adl-29-cam0-rgb,data/keypoints_normalized/adl/adl-29-cam0-rgb.npz,95,124,0,0,0,0.00013610173
adl-29-cam0-rgb,data/keypoints_normalized/adl/adl-29-cam0-rgb.npz,96,125,0,0,0,0.00013597187
adl-33-cam0-rgb,data/keypoints_normalized/adl/adl-33-cam0-rgb.npz,1,30,0,0,0,0.00013529793
adl-33-cam0-rgb,data/keypoints_normalized/adl/adl-33-cam0-rgb.npz,2,31,0,0,0,0.00013520147
adl-33-cam0-rgb,data/keypoints_normalized/adl/adl-33-cam0-rgb.npz,3,32,0,0,0,0.00013530103
adl-33-cam0-rgb,data/keypoints_normalized/adl/adl-33-cam0-rgb.npz,4,33,0,0,0,0.00013567206
adl-33-cam0-rgb,data/keypoints_normalized/adl/adl-33-cam0-rgb.npz,5,34,0,0,0,0.00013575733
adl-33-cam0-rgb,data/keypoints_normalized/adl/adl-33-cam0-rgb.npz,6,35,0,0,0,0.00013571579
adl-33-cam0-rgb,data/keypoints_normalized/adl/adl-33-cam0-rgb.npz,7,36,0,0,0,0.00013571618
adl-33-cam0-rgb,data/keypoints_normalized/adl/adl-33-cam0-rgb.npz,8,37,0,0,0,0.00013586108
adl-33-cam0-rgb,data/keypoints_normalized/adl/adl-33-cam0-rgb.npz,9,38,0,0,0,0.00013570428
adl-33-cam0-rgb,data/keypoints_normalized/adl/adl-33-cam0-rgb.npz,10,39,0,0,0,0.00013573418
adl-33-cam0-rgb,data/keypoints_normalized/adl/adl-33-cam0-rgb.npz,11,40,0,0,0,0.00013578596
adl-33-cam0-rgb,data/keypoints_normalized/adl/adl-33-cam0-rgb.npz,12,41,0,0,0,0.00013556668
adl-33-cam0-rgb,data/keypoints_normalized/adl/adl-33-cam0-rgb.npz,13,42,0,0,0,0.00013556692
adl-33-cam0-rgb,data/keypoints_normalized/adl/adl-33-cam0-rgb.npz,14,43,0,0,0,0.00013560482
adl-33-cam0-rgb,data/keypoints_normalized/adl/adl-33-cam0-rgb.npz,15,44,0,0,0,0.00013519167
adl-33-cam0-rgb,data/keypoints_normalized/adl/adl-33-cam0-rgb.npz,16,45,0,0,0,0.0001348586
adl-33-cam0-rgb,data/keypoints_normalized/adl/adl-33-cam0-rgb.npz,17,46,0,0,0,0.00013408883
adl-33-cam0-rgb,data/keypoints_normalized/adl/adl-33-cam0-rgb.npz,18,47,0,0,0,0.00013352284
adl-33-cam0-rgb,data/keypoints_normalized/adl/adl-33-cam0-rgb.npz,19,48,0,0,0,0.00013277502
adl-33-cam0-rgb,data/keypoints_normalized/adl/adl-33-cam0-rgb.npz,20,49,0,0,0,0.00013157292
adl-33-cam0-rgb,data/keypoints_normalized/adl/adl-33-cam0-rgb.npz,21,50,0,0,0,0.00013038021
adl-33-cam0-rgb,data/keypoints_normalized/adl/adl-33-cam0-rgb.npz,22,51,0,0,0,0.00012941408
adl-33-cam0-rgb,data/keypoints_normalized/adl/adl-33-cam0-rgb.npz,23,52,0,0,0,0.00012823397
adl-33-cam0-rgb,data/keypoints_normalized/adl/adl-33-cam0-rgb.npz,24,53,0,0,0,0.00012704765
adl-33-cam0-rgb,data/keypoints_normalized/adl/adl-33-cam0-rgb.npz,25,54,0,0,0,0.00012604731
adl-33-cam0-rgb,data/keypoints_normalized/adl/adl-33-cam0-rgb.npz,26,55,0,0,0,0.00012471566
adl-33-cam0-rgb,data/keypoints_normalized/adl/adl-33-cam0-rgb.npz,27,56,0,0,0,0.00012395333
adl-33-cam0-rgb,data/keypoints_normalized/adl/adl-33-cam0-rgb.npz,28,57,0,0,0,0.00012308985
adl-33-cam0-rgb,data/keypoints_normalized/adl/adl-33-cam0-rgb.npz,29,58,0,0,0,0.0001223945
adl-33-cam0-rgb,data/keypoints_normalized/adl/adl-33-cam0-rgb.npz,30,59,0,0,0,0.00012175196
adl-33-cam0-rgb,data/keypoints_normalized/adl/adl-33-cam0-rgb.npz,31,60,0,0,0,0.00012111117
adl-33-cam0-rgb,data/keypoints_normalized/adl/adl-33-cam0-rgb.npz,32,61,0,0,0,0.00012072974
adl-33-cam0-rgb,data/keypoints_normalized/adl/adl-33-cam0-rgb.npz,33,62,0,0,0,0.000120465476
adl-33-cam0-rgb,data/keypoints_normalized/adl/adl-33-cam0-rgb.npz,34,63,0,0,0,0.000120312114
adl-33-cam0-rgb,data/keypoints_normalized/adl/adl-33-cam0-rgb.npz,35,64,0,0,0,0.000120313714
adl-33-cam0-rgb,data/keypoints_normalized/adl/adl-33-cam0-rgb.npz,36,65,0,0,0,0.000120362136
adl-33-cam0-rgb,data/keypoints_normalized/adl/adl-33-cam0-rgb.npz,37,66,0,0,0,0.000121027355
adl-33-cam0-rgb,data/keypoints_normalized/adl/adl-33-cam0-rgb.npz,38,67,0,0,0,0.0001216981
adl-33-cam0-rgb,data/keypoints_normalized/adl/adl-33-cam0-rgb.npz,39,68,0,0,0,0.00012242123
adl-33-cam0-rgb,data/keypoints_normalized/adl/adl-33-cam0-rgb.npz,40,69,0,0,0,0.00012351018
adl-33-cam0-rgb,data/keypoints_normalized/adl/adl-33-cam0-rgb.npz,41,70,0,0,0,0.00012594408
adl-33-cam0-rgb,data/keypoints_normalized/adl/adl-33-cam0-rgb.npz,42,71,0,0,0,0.00012645034
adl-33-cam0-rgb,data/keypoints_normalized/adl/adl-33-cam0-rgb.npz,43,72,0,0,0,0.00012844826
adl-33-cam0-rgb,data/keypoints_normalized/adl/adl-33-cam0-rgb.npz,44,73,0,0,0,0.00012974857
adl-33-cam0-rgb,data/keypoints_normalized/adl/adl-33-cam0-rgb.npz,45,74,0,0,0,0.00013127342
adl-33-cam0-rgb,data/keypoints_normalized/adl/adl-33-cam0-rgb.npz,46,75,0,0,0,0.00013109704
adl-33-cam0-rgb,data/keypoints_normalized/adl/adl-33-cam0-rgb.npz,47,76,0,0,0,0.00013041253
adl-33-cam0-rgb,data/keypoints_normalized/adl/adl-33-cam0-rgb.npz,48,77,0,0,0,0.00013031185
adl-33-cam0-rgb,data/keypoints_normalized/adl/adl-33-cam0-rgb.npz,49,78,0,0,0,0.00013052077
adl-33-cam0-rgb,data/keypoints_normalized/adl/adl-33-cam0-rgb.npz,50,79,0,0,0,0.0001303275
adl-33-cam0-rgb,data/keypoints_normalized/adl/adl-33-cam0-rgb.npz,51,80,0,0,0,0.00013026985
adl-33-cam0-rgb,data/keypoints_normalized/adl/adl-33-cam0-rgb.npz,52,81,0,0,0,0.00012997072
adl-33-cam0-rgb,data/keypoints_normalized/adl/adl-33-cam0-rgb.npz,53,82,0,0,0,0.00013053346
adl-33-cam0-rgb,data/keypoints_normalized/adl/adl-33-cam0-rgb.npz,54,83,0,0,0,0.0001326815
adl-33-cam0-rgb,data/keypoints_normalized/adl/adl-33-cam0-rgb.npz,55,84,0,0,0,0.00013506113
adl-33-cam0-rgb,data/keypoints_normalized/adl/adl-33-cam0-rgb.npz,56,85,0,0,0,0.00013750233
adl-33-cam0-rgb,data/keypoints_normalized/adl/adl-33-cam0-rgb.npz,57,86,0,0,0,0.0001385871
adl-33-cam0-rgb,data/keypoints_normalized/adl/adl-33-cam0-rgb.npz,58,87,0,0,0,0.00014190153
adl-33-cam0-rgb,data/keypoints_normalized/adl/adl-33-cam0-rgb.npz,59,88,0,0,0,0.0001440177
adl-33-cam0-rgb,data/keypoints_normalized/adl/adl-33-cam0-rgb.npz,60,89,0,0,0,0.0001462934
adl-33-cam0-rgb,data/keypoints_normalized/adl/adl-33-cam0-rgb.npz,61,90,0,0,0,0.00014897139
adl-33-cam0-rgb,data/keypoints_normalized/adl/adl-33-cam0-rgb.npz,62,91,0,0,0,0.00015212482
adl-33-cam0-rgb,data/keypoints_normalized/adl/adl-33-cam0-rgb.npz,63,92,0,0,0,0.00015582153
adl-33-cam0-rgb,data/keypoints_normalized/adl/adl-33-cam0-rgb.npz,64,93,0,0,0,0.0001605547
adl-33-cam0-rgb,data/keypoints_normalized/adl/adl-33-cam0-rgb.npz,65,94,0,0,0,0.00016688366
adl-33-cam0-rgb,data/keypoints_normalized/adl/adl-33-cam0-rgb.npz,66,95,0,0,0,0.00017494705
adl-33-cam0-rgb,data/keypoints_normalized/adl/adl-33-cam0-rgb.npz,67,96,0,0,0,0.00018505097
adl-33-cam0-rgb,data/keypoints_normalized/adl/adl-33-cam0-rgb.npz,68,97,0,0,0,0.0001998061
adl-33-cam0-rgb,data/keypoints_normalized/adl/adl-33-cam0-rgb.npz,69,98,0,0,0,0.00023033403
adl-33-cam0-rgb,data/keypoints_normalized/adl/adl-33-cam0-rgb.npz,70,99,0,0,0,0.0002886191
adl-33-cam0-rgb,data/keypoints_normalized/adl/adl-33-cam0-rgb.npz,71,100,0,0,0,0.0004234155
adl-33-cam0-rgb,data/keypoints_normalized/adl/adl-33-cam0-rgb.npz,72,101,0,0,0,0.0008081479
adl-33-cam0-rgb,data/keypoints_normalized/adl/adl-33-cam0-rgb.npz,73,102,0,0,0,0.002355595
adl-33-cam0-rgb,data/keypoints_normalized/adl/adl-33-cam0-rgb.npz,74,103,0,0,0,0.010776421
adl-33-cam0-rgb,data/keypoints_normalized/adl/adl-33-cam0-rgb.npz,75,104,0,0,0,0.061004676
adl-33-cam0-rgb,data/keypoints_normalized/adl/adl-33-cam0-rgb.npz,76,105,0,0,0,0.28641504
adl-33-cam0-rgb,data/keypoints_normalized/adl/adl-33-cam0-rgb.npz,77,106,0,0,1,0.69446224
adl-33-cam0-rgb,data/keypoints_normalized/adl/adl-33-cam0-rgb.npz,78,107,0,0,1,0.91504246
adl-33-cam0-rgb,data/keypoints_normalized/adl/adl-33-cam0-rgb.npz,79,108,0,0,1,0.97607285
adl-33-cam0-rgb,data/keypoints_normalized/adl/adl-33-cam0-rgb.npz,80,109,0,0,1,0.98768103
adl-33-cam0-rgb,data/keypoints_normalized/adl/adl-33-cam0-rgb.npz,81,110,0,0,1,0.9912059
adl-33-cam0-rgb,data/keypoints_normalized/adl/adl-33-cam0-rgb.npz,82,111,0,0,1,0.99104214
adl-33-cam0-rgb,data/keypoints_normalized/adl/adl-33-cam0-rgb.npz,83,112,0,0,1,0.9873935
adl-33-cam0-rgb,data/keypoints_normalized/adl/adl-33-cam0-rgb.npz,84,113,0,0,1,0.9500059
adl-33-cam0-rgb,data/keypoints_normalized/adl/adl-33-cam0-rgb.npz,85,114,0,0,1,0.80069
adl-33-cam0-rgb,data/keypoints_normalized/adl/adl-33-cam0-rgb.npz,86,115,0,0,1,0.50960577
adl-33-cam0-rgb,data/keypoints_normalized/adl/adl-33-cam0-rgb.npz,87,116,0,0,0,0.18185644
adl-33-cam0-rgb,data/keypoints_normalized/adl/adl-33-cam0-rgb.npz,88,117,0,0,0,0.03010557
adl-33-cam0-rgb,data/keypoints_normalized/adl/adl-33-cam0-rgb.npz,89,118,0,0,0,0.0047942116
adl-33-cam0-rgb,data/keypoints_normalized/adl/adl-33-cam0-rgb.npz,90,119,0,0,0,0.0017514286
adl-33-cam0-rgb,data/keypoints_normalized/adl/adl-33-cam0-rgb.npz,91,120,0,0,0,0.0007615359
adl-33-cam0-rgb,data/keypoints_normalized/adl/adl-33-cam0-rgb.npz,92,121,0,0,0,0.00041082109
adl-33-cam0-rgb,data/keypoints_normalized/adl/adl-33-cam0-rgb.npz,93,122,0,0,0,0.0002724038
adl-33-cam0-rgb,data/keypoints_normalized/adl/adl-33-cam0-rgb.npz,94,123,0,0,0,0.00021949122
adl-33-cam0-rgb,data/keypoints_normalized/adl/adl-33-cam0-rgb.npz,95,124,0,0,0,0.00019103051
adl-33-cam0-rgb,data/keypoints_normalized/adl/adl-33-cam0-rgb.npz,96,125,0,0,0,0.00020468542
adl-33-cam0-rgb,data/keypoints_normalized/adl/adl-33-cam0-rgb.npz,97,126,0,0,0,0.00020585052
adl-33-cam0-rgb,data/keypoints_normalized/adl/adl-33-cam0-rgb.npz,98,127,0,0,0,0.00022216541
adl-33-cam0-rgb,data/keypoints_normalized/adl/adl-33-cam0-rgb.npz,99,128,0,0,0,0.00021368105
adl-33-cam0-rgb,data/keypoints_normalized/adl/adl-33-cam0-rgb.npz,100,129,0,0,0,0.00022690617
adl-33-cam0-rgb,data/keypoints_normalized/adl/adl-33-cam0-rgb.npz,101,130,0,0,0,0.00021629457
adl-33-cam0-rgb,data/keypoints_normalized/adl/adl-33-cam0-rgb.npz,102,131,0,0,0,0.00020552771
adl-33-cam0-rgb,data/keypoints_normalized/adl/adl-33-cam0-rgb.npz,103,132,0,0,0,0.00019755217
adl-33-cam0-rgb,data/keypoints_normalized/adl/adl-33-cam0-rgb.npz,104,133,0,0,0,0.00018003675
adl-33-cam0-rgb,data/keypoints_normalized/adl/adl-33-cam0-rgb.npz,105,134,0,0,0,0.00017969288
adl-33-cam0-rgb,data/keypoints_normalized/adl/adl-33-cam0-rgb.npz,106,135,0,0,0,0.00017984459
adl-33-cam0-rgb,data/keypoints_normalized/adl/adl-33-cam0-rgb.npz,107,136,0,0,0,0.00017925633
adl-33-cam0-rgb,data/keypoints_normalized/adl/adl-33-cam0-rgb.npz,108,137,0,0,0,0.00017779818
adl-33-cam0-rgb,data/keypoints_normalized/adl/adl-33-cam0-rgb.npz,109,138,0,0,0,0.00017817291
adl-33-cam0-rgb,data/keypoints_normalized/adl/adl-33-cam0-rgb.npz,110,139,0,0,0,0.0002251674
adl-33-cam0-rgb,data/keypoints_normalized/adl/adl-33-cam0-rgb.npz,111,140,0,0,0,0.0002163608
adl-33-cam0-rgb,data/keypoints_normalized/adl/adl-33-cam0-rgb.npz,112,141,0,0,0,0.00020629438
adl-33-cam0-rgb,data/keypoints_normalized/adl/adl-33-cam0-rgb.npz,113,142,0,0,0,0.000196745
adl-33-cam0-rgb,data/keypoints_normalized/adl/adl-33-cam0-rgb.npz,114,143,0,0,0,0.00018931356
adl-33-cam0-rgb,data/keypoints_normalized/adl/adl-33-cam0-rgb.npz,115,144,0,0,0,0.00018144648
adl-33-cam0-rgb,data/keypoints_normalized/adl/adl-33-cam0-rgb.npz,116,145,0,0,0,0.00017433292
adl-33-cam0-rgb,data/keypoints_normalized/adl/adl-33-cam0-rgb.npz,117,146,0,0,0,0.0001659424
adl-33-cam0-rgb,data/keypoints_normalized/adl/adl-33-cam0-rgb.npz,118,147,0,0,0,0.00015689648
adl-33-cam0-rgb,data/keypoints_normalized/adl/adl-33-cam0-rgb.npz,119,148,0,0,0,0.00014584379
adl-33-cam0-rgb,data/keypoints_normalized/adl/adl-33-cam0-rgb.npz,120,149,0,0,0,0.00013832461
adl-33-cam0-rgb,data/keypoints_normalized/adl/adl-33-cam0-rgb.npz,121,150,0,0,0,0.0001395268
adl-33-cam0-rgb,data/keypoints_normalized/adl/adl-33-cam0-rgb.npz,122,151,0,0,0,0.00013977662
adl-33-cam0-rgb,data/keypoints_normalized/adl/adl-33-cam0-rgb.npz,123,152,0,0,0,0.00014569923
adl-33-cam0-rgb,data/keypoints_normalized/adl/adl-33-cam0-rgb.npz,124,153,0,0,0,0.00014414711
adl-33-cam0-rgb,data/keypoints_normalized/adl/adl-33-cam0-rgb.npz,125,154,0,0,0,0.0001433245
adl-33-cam0-rgb,data/keypoints_normalized/adl/adl-33-cam0-rgb.npz,126,155,0,0,0,0.00014323377
adl-33-cam0-rgb,data/keypoints_normalized/adl/adl-33-cam0-rgb.npz,127,156,0,0,0,0.0001369662
adl-33-cam0-rgb,data/keypoints_normalized/adl/adl-33-cam0-rgb.npz,128,157,0,0,0,0.00013795764
adl-33-cam0-rgb,data/keypoints_normalized/adl/adl-33-cam0-rgb.npz,129,158,0,0,0,0.00013968722
adl-33-cam0-rgb,data/keypoints_normalized/adl/adl-33-cam0-rgb.npz,130,159,0,0,0,0.00014242316
adl-33-cam0-rgb,data/keypoints_normalized/adl/adl-33-cam0-rgb.npz,131,160,0,0,0,0.0001357281
adl-33-cam0-rgb,data/keypoints_normalized/adl/adl-33-cam0-rgb.npz,132,161,0,0,0,0.00013561749
adl-33-cam0-rgb,data/keypoints_normalized/adl/adl-33-cam0-rgb.npz,133,162,0,0,0,0.00013430817
adl-33-cam0-rgb,data/keypoints_normalized/adl/adl-33-cam0-rgb.npz,134,163,0,0,0,0.00013289308
adl-33-cam0-rgb,data/keypoints_normalized/adl/adl-33-cam0-rgb.npz,135,164,0,0,0,0.00013131023
adl-33-cam0-rgb,data/keypoints_normalized/adl/adl-33-cam0-rgb.npz,136,165,0,0,0,0.00013007721
adl-33-cam0-rgb,data/keypoints_normalized/adl/adl-33-cam0-rgb.npz,137,166,0,0,0,0.00012877902
adl-33-cam0-rgb,data/keypoints_normalized/adl/adl-33-cam0-rgb.npz,138,167,0,0,0,0.00012430083
adl-33-cam0-rgb,data/keypoints_normalized/adl/adl-33-cam0-rgb.npz,139,168,0,0,0,0.00012476442
adl-33-cam0-rgb,data/keypoints_normalized/adl/adl-33-cam0-rgb.npz,140,169,0,0,0,0.00012664618
adl-33-cam0-rgb,data/keypoints_normalized/adl/adl-33-cam0-rgb.npz,141,170,0,0,0,0.0001290145
adl-33-cam0-rgb,data/keypoints_normalized/adl/adl-33-cam0-rgb.npz,142,171,0,0,0,0.00013277415
adl-33-cam0-rgb,data/keypoints_normalized/adl/adl-33-cam0-rgb.npz,143,172,0,0,0,0.0001376331
adl-33-cam0-rgb,data/keypoints_normalized/adl/adl-33-cam0-rgb.npz,144,173,0,0,0,0.0001429703
adl-33-cam0-rgb,data/keypoints_normalized/adl/adl-33-cam0-rgb.npz,145,174,0,0,0,0.00014626383
adl-33-cam0-rgb,data/keypoints_normalized/adl/adl-33-cam0-rgb.npz,146,175,0,0,0,0.00015102782
adl-33-cam0-rgb,data/keypoints_normalized/adl/adl-33-cam0-rgb.npz,147,176,0,0,0,0.00015577783
adl-33-cam0-rgb,data/keypoints_normalized/adl/adl-33-cam0-rgb.npz,148,177,0,0,0,0.00016052807
adl-33-cam0-rgb,data/keypoints_normalized/adl/adl-33-cam0-rgb.npz,149,178,0,0,0,0.0001886125
adl-33-cam0-rgb,data/keypoints_normalized/adl/adl-33-cam0-rgb.npz,150,179,0,0,0,0.0001955324
adl-33-cam0-rgb,data/keypoints_normalized/adl/adl-33-cam0-rgb.npz,151,180,0,0,0,0.00022578848
adl-33-cam0-rgb,data/keypoints_normalized/adl/adl-33-cam0-rgb.npz,152,181,0,0,0,0.00021835133
adl-33-cam0-rgb,data/keypoints_normalized/adl/adl-33-cam0-rgb.npz,153,182,0,0,0,0.00020893945
adl-33-cam0-rgb,data/keypoints_normalized/adl/adl-33-cam0-rgb.npz,154,183,0,0,0,0.00021274186
adl-33-cam0-rgb,data/keypoints_normalized/adl/adl-33-cam0-rgb.npz,155,184,0,0,0,0.00021746913
adl-33-cam0-rgb,data/keypoints_normalized/adl/adl-33-cam0-rgb.npz,156,185,0,0,0,0.00022014324
adl-33-cam0-rgb,data/keypoints_normalized/adl/adl-33-cam0-rgb.npz,157,186,0,0,0,0.00021918485
adl-33-cam0-rgb,data/keypoints_normalized/adl/adl-33-cam0-rgb.npz,158,187,0,0,0,0.00018791795
adl-33-cam0-rgb,data/keypoints_normalized/adl/adl-33-cam0-rgb.npz,159,188,0,0,0,0.00019853788
adl-33-cam0-rgb,data/keypoints_normalized/adl/adl-33-cam0-rgb.npz,160,189,0,0,0,0.0002109118
adl-33-cam0-rgb,data/keypoints_normalized/adl/adl-33-cam0-rgb.npz,161,190,0,0,0,0.00022432824
adl-33-cam0-rgb,data/keypoints_normalized/adl/adl-33-cam0-rgb.npz,162,191,0,0,0,0.0002963476
adl-33-cam0-rgb,data/keypoints_normalized/adl/adl-33-cam0-rgb.npz,163,192,0,0,0,0.00029933368
adl-33-cam0-rgb,data/keypoints_normalized/adl/adl-33-cam0-rgb.npz,164,193,0,0,0,0.00029989413
adl-33-cam0-rgb,data/keypoints_normalized/adl/adl-33-cam0-rgb.npz,165,194,0,0,0,0.00030508297
adl-33-cam0-rgb,data/keypoints_normalized/adl/adl-33-cam0-rgb.npz,166,195,0,0,0,0.0003058148
adl-33-cam0-rgb,data/keypoints_normalized/adl/adl-33-cam0-rgb.npz,167,196,0,0,0,0.00031131195
adl-33-cam0-rgb,data/keypoints_normalized/adl/adl-33-cam0-rgb.npz,168,197,0,0,0,0.00029891988
adl-33-cam0-rgb,data/keypoints_normalized/adl/adl-33-cam0-rgb.npz,169,198,0,0,0,0.00028509577
adl-33-cam0-rgb,data/keypoints_normalized/adl/adl-33-cam0-rgb.npz,170,199,0,0,0,0.0002894977
adl-33-cam0-rgb,data/keypoints_normalized/adl/adl-33-cam0-rgb.npz,171,200,0,0,0,0.0002538413
adl-37-cam0-rgb,data/keypoints_normalized/adl/adl-37-cam0-rgb.npz,4,33,0,0,0,0.00026350401
adl-37-cam0-rgb,data/keypoints_normalized/adl/adl-37-cam0-rgb.npz,5,34,0,0,0,0.0002442144
adl-37-cam0-rgb,data/keypoints_normalized/adl/adl-37-cam0-rgb.npz,6,35,0,0,0,0.00024449817
adl-37-cam0-rgb,data/keypoints_normalized/adl/adl-37-cam0-rgb.npz,7,36,0,0,0,0.0002450146
adl-37-cam0-rgb,data/keypoints_normalized/adl/adl-37-cam0-rgb.npz,8,37,0,0,0,0.00024502396
adl-37-cam0-rgb,data/keypoints_normalized/adl/adl-37-cam0-rgb.npz,9,38,0,0,0,0.00024348973
adl-37-cam0-rgb,data/keypoints_normalized/adl/adl-37-cam0-rgb.npz,10,39,0,0,0,0.00024217395
adl-37-cam0-rgb,data/keypoints_normalized/adl/adl-37-cam0-rgb.npz,11,40,0,0,0,0.00023941095
adl-37-cam0-rgb,data/keypoints_normalized/adl/adl-37-cam0-rgb.npz,12,41,0,0,0,0.00023493123
adl-37-cam0-rgb,data/keypoints_normalized/adl/adl-37-cam0-rgb.npz,13,42,0,0,0,0.00023050893
adl-37-cam0-rgb,data/keypoints_normalized/adl/adl-37-cam0-rgb.npz,14,43,0,0,0,0.00022336142
adl-37-cam0-rgb,data/keypoints_normalized/adl/adl-37-cam0-rgb.npz,15,44,0,0,0,0.00020237551
adl-37-cam0-rgb,data/keypoints_normalized/adl/adl-37-cam0-rgb.npz,16,45,0,0,0,0.00019477675
adl-37-cam0-rgb,data/keypoints_normalized/adl/adl-37-cam0-rgb.npz,17,46,0,0,0,0.00018661575
adl-37-cam0-rgb,data/keypoints_normalized/adl/adl-37-cam0-rgb.npz,18,47,0,0,0,0.00017903274
adl-37-cam0-rgb,data/keypoints_normalized/adl/adl-37-cam0-rgb.npz,19,48,0,0,0,0.00017156027
adl-37-cam0-rgb,data/keypoints_normalized/adl/adl-37-cam0-rgb.npz,20,49,0,0,0,0.00016496003
adl-37-cam0-rgb,data/keypoints_normalized/adl/adl-37-cam0-rgb.npz,21,50,0,0,0,0.00015253545
adl-37-cam0-rgb,data/keypoints_normalized/adl/adl-37-cam0-rgb.npz,22,51,0,0,0,0.00014796753
adl-37-cam0-rgb,data/keypoints_normalized/adl/adl-37-cam0-rgb.npz,23,52,0,0,0,0.00014383462
adl-37-cam0-rgb,data/keypoints_normalized/adl/adl-37-cam0-rgb.npz,24,53,0,0,0,0.00014013801
adl-37-cam0-rgb,data/keypoints_normalized/adl/adl-37-cam0-rgb.npz,25,54,0,0,0,0.00013684935
adl-37-cam0-rgb,data/keypoints_normalized/adl/adl-37-cam0-rgb.npz,26,55,0,0,0,0.00013402161
adl-37-cam0-rgb,data/keypoints_normalized/adl/adl-37-cam0-rgb.npz,27,56,0,0,0,0.0001314435
adl-37-cam0-rgb,data/keypoints_normalized/adl/adl-37-cam0-rgb.npz,28,57,0,0,0,0.00012968449
adl-37-cam0-rgb,data/keypoints_normalized/adl/adl-37-cam0-rgb.npz,29,58,0,0,0,0.00012793046
adl-37-cam0-rgb,data/keypoints_normalized/adl/adl-37-cam0-rgb.npz,30,59,0,0,0,0.00012658595
adl-37-cam0-rgb,data/keypoints_normalized/adl/adl-37-cam0-rgb.npz,31,60,0,0,0,0.00012525007
adl-37-cam0-rgb,data/keypoints_normalized/adl/adl-37-cam0-rgb.npz,32,61,0,0,0,0.00012411276
adl-37-cam0-rgb,data/keypoints_normalized/adl/adl-37-cam0-rgb.npz,33,62,0,0,0,0.00012367539
adl-37-cam0-rgb,data/keypoints_normalized/adl/adl-37-cam0-rgb.npz,34,63,0,0,0,0.00012415466
adl-37-cam0-rgb,data/keypoints_normalized/adl/adl-37-cam0-rgb.npz,35,64,0,0,0,0.00012428116
adl-37-cam0-rgb,data/keypoints_normalized/adl/adl-37-cam0-rgb.npz,36,65,0,0,0,0.00012407394
adl-37-cam0-rgb,data/keypoints_normalized/adl/adl-37-cam0-rgb.npz,37,66,0,0,0,0.00012542025
adl-37-cam0-rgb,data/keypoints_normalized/adl/adl-37-cam0-rgb.npz,38,67,0,0,0,0.00012690767
adl-37-cam0-rgb,data/keypoints_normalized/adl/adl-37-cam0-rgb.npz,39,68,0,0,0,0.0001278189
adl-37-cam0-rgb,data/keypoints_normalized/adl/adl-37-cam0-rgb.npz,40,69,0,0,0,0.00013020453
adl-37-cam0-rgb,data/keypoints_normalized/adl/adl-37-cam0-rgb.npz,41,70,0,0,0,0.0001332367
adl-37-cam0-rgb,data/keypoints_normalized/adl/adl-37-cam0-rgb.npz,42,71,0,0,0,0.00013653978
adl-37-cam0-rgb,data/keypoints_normalized/adl/adl-37-cam0-rgb.npz,43,72,0,0,0,0.00013945803
adl-37-cam0-rgb,data/keypoints_normalized/adl/adl-37-cam0-rgb.npz,44,73,0,0,0,0.0001433387
adl-37-cam0-rgb,data/keypoints_normalized/adl/adl-37-cam0-rgb.npz,45,74,0,0,0,0.00014689221
adl-37-cam0-rgb,data/keypoints_normalized/adl/adl-37-cam0-rgb.npz,46,75,0,0,0,0.00015122583
adl-37-cam0-rgb,data/keypoints_normalized/adl/adl-37-cam0-rgb.npz,47,76,0,0,0,0.00015519428
adl-37-cam0-rgb,data/keypoints_normalized/adl/adl-37-cam0-rgb.npz,48,77,0,0,0,0.00015992565
adl-37-cam0-rgb,data/keypoints_normalized/adl/adl-37-cam0-rgb.npz,49,78,0,0,0,0.00016478551
adl-37-cam0-rgb,data/keypoints_normalized/adl/adl-37-cam0-rgb.npz,50,79,0,0,0,0.00016949268
adl-37-cam0-rgb,data/keypoints_normalized/adl/adl-37-cam0-rgb.npz,51,80,0,0,0,0.00017559735
adl-37-cam0-rgb,data/keypoints_normalized/adl/adl-37-cam0-rgb.npz,52,81,0,0,0,0.00018018908
adl-37-cam0-rgb,data/keypoints_normalized/adl/adl-37-cam0-rgb.npz,53,82,0,0,0,0.00018358578
adl-37-cam0-rgb,data/keypoints_normalized/adl/adl-37-cam0-rgb.npz,54,83,0,0,0,0.00018681998
adl-37-cam0-rgb,data/keypoints_normalized/adl/adl-37-cam0-rgb.npz,55,84,0,0,0,0.00019060187
adl-37-cam0-rgb,data/keypoints_normalized/adl/adl-37-cam0-rgb.npz,56,85,0,0,0,0.0001937465
adl-37-cam0-rgb,data/keypoints_normalized/adl/adl-37-cam0-rgb.npz,57,86,0,0,0,0.00019636774
adl-37-cam0-rgb,data/keypoints_normalized/adl/adl-37-cam0-rgb.npz,58,87,0,0,0,0.00019974608
adl-37-cam0-rgb,data/keypoints_normalized/adl/adl-37-cam0-rgb.npz,59,88,0,0,0,0.000199193
adl-37-cam0-rgb,data/keypoints_normalized/adl/adl-37-cam0-rgb.npz,60,89,0,0,0,0.00019791981
adl-37-cam0-rgb,data/keypoints_normalized/adl/adl-37-cam0-rgb.npz,61,90,0,0,0,0.00019493762
adl-37-cam0-rgb,data/keypoints_normalized/adl/adl-37-cam0-rgb.npz,62,91,0,0,0,0.00019344322
adl-37-cam0-rgb,data/keypoints_normalized/adl/adl-37-cam0-rgb.npz,63,92,0,0,0,0.00019143021
adl-37-cam0-rgb,data/keypoints_normalized/adl/adl-37-cam0-rgb.npz,64,93,0,0,0,0.00018932403
adl-37-cam0-rgb,data/keypoints_normalized/adl/adl-37-cam0-rgb.npz,65,94,0,0,0,0.00018676421
adl-37-cam0-rgb,data/keypoints_normalized/adl/adl-37-cam0-rgb.npz,66,95,0,0,0,0.00018443797
adl-37-cam0-rgb,data/keypoints_normalized/adl/adl-37-cam0-rgb.npz,67,96,0,0,0,0.00018215165
adl-37-cam0-rgb,data/keypoints_normalized/adl/adl-37-cam0-rgb.npz,68,97,0,0,0,0.00018097562
adl-37-cam0-rgb,data/keypoints_normalized/adl/adl-37-cam0-rgb.npz,69,98,0,0,0,0.00018025265
adl-37-cam0-rgb,data/keypoints_normalized/adl/adl-37-cam0-rgb.npz,70,99,0,0,0,0.00017974961
adl-37-cam0-rgb,data/keypoints_normalized/adl/adl-37-cam0-rgb.npz,71,100,0,0,0,0.00017965572
adl-37-cam0-rgb,data/keypoints_normalized/adl/adl-37-cam0-rgb.npz,72,101,0,0,0,0.00018005082
adl-37-cam0-rgb,data/keypoints_normalized/adl/adl-37-cam0-rgb.npz,73,102,0,0,0,0.00017970712
adl-37-cam0-rgb,data/keypoints_normalized/adl/adl-37-cam0-rgb.npz,74,103,0,0,0,0.0001800881
adl-37-cam0-rgb,data/keypoints_normalized/adl/adl-37-cam0-rgb.npz,75,104,0,0,0,0.00018108007
adl-37-cam0-rgb,data/keypoints_normalized/adl/adl-37-cam0-rgb.npz,76,105,0,0,0,0.00018179108
adl-37-cam0-rgb,data/keypoints_normalized/adl/adl-37-cam0-rgb.npz,77,106,0,0,0,0.00018212976
adl-37-cam0-rgb,data/keypoints_normalized/adl/adl-37-cam0-rgb.npz,78,107,0,0,0,0.00018358247
adl-37-cam0-rgb,data/keypoints_normalized/adl/adl-37-cam0-rgb.npz,79,108,0,0,0,0.00018472695
adl-37-cam0-rgb,data/keypoints_normalized/adl/adl-37-cam0-rgb.npz,80,109,0,0,0,0.00018617837
adl-37-cam0-rgb,data/keypoints_normalized/adl/adl-37-cam0-rgb.npz,81,110,0,0,0,0.00018746912
adl-37-cam0-rgb,data/keypoints_normalized/adl/adl-37-cam0-rgb.npz,82,111,0,0,0,0.00018865026
adl-37-cam0-rgb,data/keypoints_normalized/adl/adl-37-cam0-rgb.npz,83,112,0,0,0,0.00019005
adl-37-cam0-rgb,data/keypoints_normalized/adl/adl-37-cam0-rgb.npz,84,113,0,0,0,0.00019122097
adl-37-cam0-rgb,data/keypoints_normalized/adl/adl-37-cam0-rgb.npz,85,114,0,0,0,0.00019298984
adl-37-cam0-rgb,data/keypoints_normalized/adl/adl-37-cam0-rgb.npz,86,115,0,0,0,0.00019429113
adl-37-cam0-rgb,data/keypoints_normalized/adl/adl-37-cam0-rgb.npz,87,116,0,0,0,0.00019632748
adl-37-cam0-rgb,data/keypoints_normalized/adl/adl-37-cam0-rgb.npz,88,117,0,0,0,0.00019641792
adl-37-cam0-rgb,data/keypoints_normalized/adl/adl-37-cam0-rgb.npz,89,118,0,0,0,0.00019620996
adl-37-cam0-rgb,data/keypoints_normalized/adl/adl-37-cam0-rgb.npz,90,119,0,0,0,0.0001965305
adl-37-cam0-rgb,data/keypoints_normalized/adl/adl-37-cam0-rgb.npz,91,120,0,0,0,0.00019622363
adl-37-cam0-rgb,data/keypoints_normalized/adl/adl-37-cam0-rgb.npz,92,121,0,0,0,0.00019570401
adl-37-cam0-rgb,data/keypoints_normalized/adl/adl-37-cam0-rgb.npz,93,122,0,0,0,0.00019493929
adl-37-cam0-rgb,data/keypoints_normalized/adl/adl-37-cam0-rgb.npz,94,123,0,0,0,0.00019344932
adl-37-cam0-rgb,data/keypoints_normalized/adl/adl-37-cam0-rgb.npz,95,124,0,0,0,0.00019211152
adl-37-cam0-rgb,data/keypoints_normalized/adl/adl-37-cam0-rgb.npz,96,125,0,0,0,0.00019086977
adl-37-cam0-rgb,data/keypoints_normalized/adl/adl-37-cam0-rgb.npz,97,126,0,0,0,0.00019019123
adl-37-cam0-rgb,data/keypoints_normalized/adl/adl-37-cam0-rgb.npz,98,127,0,0,0,0.00018917282
adl-37-cam0-rgb,data/keypoints_normalized/adl/adl-37-cam0-rgb.npz,99,128,0,0,0,0.00019030913
adl-37-cam0-rgb,data/keypoints_normalized/adl/adl-37-cam0-rgb.npz,100,129,0,0,0,0.0001909209
adl-37-cam0-rgb,data/keypoints_normalized/adl/adl-37-cam0-rgb.npz,101,130,0,0,0,0.00019266698
adl-37-cam0-rgb,data/keypoints_normalized/adl/adl-37-cam0-rgb.npz,102,131,0,0,0,0.00019423351
adl-37-cam0-rgb,data/keypoints_normalized/adl/adl-37-cam0-rgb.npz,103,132,0,0,0,0.00019546752
adl-37-cam0-rgb,data/keypoints_normalized/adl/adl-37-cam0-rgb.npz,104,133,0,0,0,0.00019773933
adl-37-cam0-rgb,data/keypoints_normalized/adl/adl-37-cam0-rgb.npz,105,134,0,0,0,0.00019940926
adl-37-cam0-rgb,data/keypoints_normalized/adl/adl-37-cam0-rgb.npz,106,135,0,0,0,0.00020273821
adl-37-cam0-rgb,data/keypoints_normalized/adl/adl-37-cam0-rgb.npz,107,136,0,0,0,0.00020526096
adl-37-cam0-rgb,data/keypoints_normalized/adl/adl-37-cam0-rgb.npz,108,137,0,0,0,0.0002076018
adl-37-cam0-rgb,data/keypoints_normalized/adl/adl-37-cam0-rgb.npz,109,138,0,0,0,0.0002102436
adl-37-cam0-rgb,data/keypoints_normalized/adl/adl-37-cam0-rgb.npz,110,139,0,0,0,0.00021177446
adl-37-cam0-rgb,data/keypoints_normalized/adl/adl-37-cam0-rgb.npz,111,140,0,0,0,0.0002130364
adl-37-cam0-rgb,data/keypoints_normalized/adl/adl-37-cam0-rgb.npz,112,141,0,0,0,0.00021366536
adl-37-cam0-rgb,data/keypoints_normalized/adl/adl-37-cam0-rgb.npz,113,142,0,0,0,0.00021351407
adl-37-cam0-rgb,data/keypoints_normalized/adl/adl-37-cam0-rgb.npz,114,143,0,0,0,0.00021345014
adl-37-cam0-rgb,data/keypoints_normalized/adl/adl-37-cam0-rgb.npz,115,144,0,0,0,0.00021320382
adl-37-cam0-rgb,data/keypoints_normalized/adl/adl-37-cam0-rgb.npz,116,145,0,0,0,0.00021271083
adl-37-cam0-rgb,data/keypoints_normalized/adl/adl-37-cam0-rgb.npz,117,146,0,0,0,0.000211702
adl-37-cam0-rgb,data/keypoints_normalized/adl/adl-37-cam0-rgb.npz,118,147,0,0,0,0.00021100073
adl-37-cam0-rgb,data/keypoints_normalized/adl/adl-37-cam0-rgb.npz,119,148,0,0,0,0.0002100076
adl-37-cam0-rgb,data/keypoints_normalized/adl/adl-37-cam0-rgb.npz,120,149,0,0,0,0.00020890638
adl-37-cam0-rgb,data/keypoints_normalized/adl/adl-37-cam0-rgb.npz,121,150,0,0,0,0.00020792868
adl-37-cam0-rgb,data/keypoints_normalized/adl/adl-37-cam0-rgb.npz,122,151,0,0,0,0.0002058898
adl-37-cam0-rgb,data/keypoints_normalized/adl/adl-37-cam0-rgb.npz,123,152,0,0,0,0.00020251295
adl-37-cam0-rgb,data/keypoints_normalized/adl/adl-37-cam0-rgb.npz,124,153,0,0,0,0.0002003689
adl-37-cam0-rgb,data/keypoints_normalized/adl/adl-37-cam0-rgb.npz,125,154,0,0,0,0.00019588303
adl-37-cam0-rgb,data/keypoints_normalized/adl/adl-37-cam0-rgb.npz,126,155,0,0,0,0.00019232779
adl-37-cam0-rgb,data/keypoints_normalized/adl/adl-37-cam0-rgb.npz,127,156,0,0,0,0.00018899413
adl-37-cam0-rgb,data/keypoints_normalized/adl/adl-37-cam0-rgb.npz,128,157,0,0,0,0.0001866816
adl-37-cam0-rgb,data/keypoints_normalized/adl/adl-37-cam0-rgb.npz,129,158,0,0,0,0.00018530946
adl-37-cam0-rgb,data/keypoints_normalized/adl/adl-37-cam0-rgb.npz,130,159,0,0,0,0.00018372989
adl-37-cam0-rgb,data/keypoints_normalized/adl/adl-37-cam0-rgb.npz,131,160,0,0,0,0.00018184396
adl-37-cam0-rgb,data/keypoints_normalized/adl/adl-37-cam0-rgb.npz,132,161,0,0,0,0.00018084575
adl-37-cam0-rgb,data/keypoints_normalized/adl/adl-37-cam0-rgb.npz,133,162,0,0,0,0.00018004756
adl-37-cam0-rgb,data/keypoints_normalized/adl/adl-37-cam0-rgb.npz,134,163,0,0,0,0.00018052546
adl-37-cam0-rgb,data/keypoints_normalized/adl/adl-37-cam0-rgb.npz,135,164,0,0,0,0.00018220617
adl-37-cam0-rgb,data/keypoints_normalized/adl/adl-37-cam0-rgb.npz,136,165,0,0,0,0.0001844953
adl-37-cam0-rgb,data/keypoints_normalized/adl/adl-37-cam0-rgb.npz,137,166,0,0,0,0.00018706167
adl-37-cam0-rgb,data/keypoints_normalized/adl/adl-37-cam0-rgb.npz,138,167,0,0,0,0.0001912567
adl-37-cam0-rgb,data/keypoints_normalized/adl/adl-37-cam0-rgb.npz,139,168,0,0,0,0.00019622587
adl-37-cam0-rgb,data/keypoints_normalized/adl/adl-37-cam0-rgb.npz,140,169,0,0,0,0.00020240023
adl-37-cam0-rgb,data/keypoints_normalized/adl/adl-37-cam0-rgb.npz,141,170,0,0,0,0.00021017106
adl-37-cam0-rgb,data/keypoints_normalized/adl/adl-37-cam0-rgb.npz,142,171,0,0,0,0.00021852336
adl-37-cam0-rgb,data/keypoints_normalized/adl/adl-37-cam0-rgb.npz,143,172,0,0,0,0.00022718067
adl-37-cam0-rgb,data/keypoints_normalized/adl/adl-37-cam0-rgb.npz,144,173,0,0,0,0.00023481411
adl-37-cam0-rgb,data/keypoints_normalized/adl/adl-37-cam0-rgb.npz,145,174,0,0,0,0.00024253465
adl-37-cam0-rgb,data/keypoints_normalized/adl/adl-37-cam0-rgb.npz,146,175,0,0,0,0.00024899858
adl-37-cam0-rgb,data/keypoints_normalized/adl/adl-37-cam0-rgb.npz,147,176,0,0,0,0.00025538477
adl-37-cam0-rgb,data/keypoints_normalized/adl/adl-37-cam0-rgb.npz,148,177,0,0,0,0.00026023082
adl-37-cam0-rgb,data/keypoints_normalized/adl/adl-37-cam0-rgb.npz,149,178,0,0,0,0.00026325235
adl-37-cam0-rgb,data/keypoints_normalized/adl/adl-37-cam0-rgb.npz,150,179,0,0,0,0.0002643089
adl-37-cam0-rgb,data/keypoints_normalized/adl/adl-37-cam0-rgb.npz,151,180,0,0,0,0.0002646907
adl-37-cam0-rgb,data/keypoints_normalized/adl/adl-37-cam0-rgb.npz,152,181,0,0,0,0.00026328376
adl-37-cam0-rgb,data/keypoints_normalized/adl/adl-37-cam0-rgb.npz,153,182,0,0,0,0.00026054514
adl-37-cam0-rgb,data/keypoints_normalized/adl/adl-37-cam0-rgb.npz,154,183,0,0,0,0.00025632637
adl-37-cam0-rgb,data/keypoints_normalized/adl/adl-37-cam0-rgb.npz,155,184,0,0,0,0.00025078718
adl-37-cam0-rgb,data/keypoints_normalized/adl/adl-37-cam0-rgb.npz,156,185,0,0,0,0.0002450646
adl-37-cam0-rgb,data/keypoints_normalized/adl/adl-37-cam0-rgb.npz,157,186,0,0,0,0.00023717716
adl-37-cam0-rgb,data/keypoints_normalized/adl/adl-37-cam0-rgb.npz,158,187,0,0,0,0.00022941636
adl-37-cam0-rgb,data/keypoints_normalized/adl/adl-37-cam0-rgb.npz,159,188,0,0,0,0.00022132984
adl-37-cam0-rgb,data/keypoints_normalized/adl/adl-37-cam0-rgb.npz,160,189,0,0,0,0.0002135898
adl-37-cam0-rgb,data/keypoints_normalized/adl/adl-37-cam0-rgb.npz,161,190,0,0,0,0.000205046
adl-37-cam0-rgb,data/keypoints_normalized/adl/adl-37-cam0-rgb.npz,162,191,0,0,0,0.00019701889
adl-37-cam0-rgb,data/keypoints_normalized/adl/adl-37-cam0-rgb.npz,163,192,0,0,0,0.00018918562
adl-37-cam0-rgb,data/keypoints_normalized/adl/adl-37-cam0-rgb.npz,164,193,0,0,0,0.00018107731
adl-37-cam0-rgb,data/keypoints_normalized/adl/adl-37-cam0-rgb.npz,165,194,0,0,0,0.00017358155
adl-37-cam0-rgb,data/keypoints_normalized/adl/adl-37-cam0-rgb.npz,166,195,0,0,0,0.00016639206
adl-37-cam0-rgb,data/keypoints_normalized/adl/adl-37-cam0-rgb.npz,167,196,0,0,0,0.00015970408
adl-37-cam0-rgb,data/keypoints_normalized/adl/adl-37-cam0-rgb.npz,168,197,0,0,0,0.0001533292
adl-37-cam0-rgb,data/keypoints_normalized/adl/adl-37-cam0-rgb.npz,169,198,0,0,0,0.00014736487
adl-37-cam0-rgb,data/keypoints_normalized/adl/adl-37-cam0-rgb.npz,170,199,0,0,0,0.00014203474
adl-37-cam0-rgb,data/keypoints_normalized/adl/adl-37-cam0-rgb.npz,171,200,0,0,0,0.00013710327
adl-37-cam0-rgb,data/keypoints_normalized/adl/adl-37-cam0-rgb.npz,172,201,0,0,0,0.00013383388
adl-37-cam0-rgb,data/keypoints_normalized/adl/adl-37-cam0-rgb.npz,173,202,0,0,0,0.00013238867
adl-37-cam0-rgb,data/keypoints_normalized/adl/adl-37-cam0-rgb.npz,174,203,0,0,0,0.00013266112
adl-37-cam0-rgb,data/keypoints_normalized/adl/adl-37-cam0-rgb.npz,175,204,0,0,0,0.00013339521
adl-37-cam0-rgb,data/keypoints_normalized/adl/adl-37-cam0-rgb.npz,176,205,0,0,0,0.00013478337
adl-37-cam0-rgb,data/keypoints_normalized/adl/adl-37-cam0-rgb.npz,177,206,0,0,0,0.00013622819
adl-37-cam0-rgb,data/keypoints_normalized/adl/adl-37-cam0-rgb.npz,178,207,0,0,0,0.00013702262
adl-37-cam0-rgb,data/keypoints_normalized/adl/adl-37-cam0-rgb.npz,179,208,0,0,0,0.00013720868
adl-37-cam0-rgb,data/keypoints_normalized/adl/adl-37-cam0-rgb.npz,180,209,0,0,0,0.00013638963
adl-37-cam0-rgb,data/keypoints_normalized/adl/adl-37-cam0-rgb.npz,181,210,0,0,0,0.00013475996
adl-37-cam0-rgb,data/keypoints_normalized/adl/adl-37-cam0-rgb.npz,182,211,0,0,0,0.00013292654
adl-37-cam0-rgb,data/keypoints_normalized/adl/adl-37-cam0-rgb.npz,183,212,0,0,0,0.00013124938
adl-37-cam0-rgb,data/keypoints_normalized/adl/adl-37-cam0-rgb.npz,184,213,0,0,0,0.00012995437
adl-37-cam0-rgb,data/keypoints_normalized/adl/adl-37-cam0-rgb.npz,185,214,0,0,0,0.00012892779
adl-37-cam0-rgb,data/keypoints_normalized/adl/adl-37-cam0-rgb.npz,186,215,0,0,0,0.00012780025
adl-37-cam0-rgb,data/keypoints_normalized/adl/adl-37-cam0-rgb.npz,187,216,0,0,0,0.00011158231
adl-37-cam0-rgb,data/keypoints_normalized/adl/adl-37-cam0-rgb.npz,188,217,0,0,0,0.00014262837
adl-37-cam0-rgb,data/keypoints_normalized/adl/adl-37-cam0-rgb.npz,189,218,0,0,0,0.00020386348
adl-37-cam0-rgb,data/keypoints_normalized/adl/adl-37-cam0-rgb.npz,190,219,0,0,0,0.0001997259
adl-37-cam0-rgb,data/keypoints_normalized/adl/adl-37-cam0-rgb.npz,191,220,0,0,0,0.00019588564
adl-37-cam0-rgb,data/keypoints_normalized/adl/adl-37-cam0-rgb.npz,192,221,0,0,0,0.00018963152
adl-37-cam0-rgb,data/keypoints_normalized/adl/adl-37-cam0-rgb.npz,193,222,0,0,0,0.00018499311
adl-37-cam0-rgb,data/keypoints_normalized/adl/adl-37-cam0-rgb.npz,194,223,0,0,0,0.00018291149
adl-37-cam0-rgb,data/keypoints_normalized/adl/adl-37-cam0-rgb.npz,195,224,0,0,0,0.0001822079
adl-37-cam0-rgb,data/keypoints_normalized/adl/adl-37-cam0-rgb.npz,196,225,0,0,0,0.00018353765
adl-37-cam0-rgb,data/keypoints_normalized/adl/adl-37-cam0-rgb.npz,197,226,0,0,0,0.0001872435
adl-37-cam0-rgb,data/keypoints_normalized/adl/adl-37-cam0-rgb.npz,198,227,0,0,0,0.00019130266
adl-37-cam0-rgb,data/keypoints_normalized/adl/adl-37-cam0-rgb.npz,199,228,0,0,0,0.00019561258
adl-37-cam0-rgb,data/keypoints_normalized/adl/adl-37-cam0-rgb.npz,200,229,0,0,0,0.00019827398
adl-37-cam0-rgb,data/keypoints_normalized/adl/adl-37-cam0-rgb.npz,201,230,0,0,0,0.00020107873
adl-37-cam0-rgb,data/keypoints_normalized/adl/adl-37-cam0-rgb.npz,202,231,0,0,0,0.00020262439
adl-37-cam0-rgb,data/keypoints_normalized/adl/adl-37-cam0-rgb.npz,203,232,0,0,0,0.00020377483
adl-37-cam0-rgb,data/keypoints_normalized/adl/adl-37-cam0-rgb.npz,204,233,0,0,0,0.00020347004
adl-37-cam0-rgb,data/keypoints_normalized/adl/adl-37-cam0-rgb.npz,205,234,0,0,0,0.00020364122
adl-37-cam0-rgb,data/keypoints_normalized/adl/adl-37-cam0-rgb.npz,206,235,0,0,0,0.00020260604
adl-37-cam0-rgb,data/keypoints_normalized/adl/adl-37-cam0-rgb.npz,207,236,0,0,0,0.00020255314
adl-37-cam0-rgb,data/keypoints_normalized/adl/adl-37-cam0-rgb.npz,208,237,0,0,0,0.00020123487
adl-37-cam0-rgb,data/keypoints_normalized/adl/adl-37-cam0-rgb.npz,209,238,0,0,0,0.00020095913
adl-37-cam0-rgb,data/keypoints_normalized/adl/adl-37-cam0-rgb.npz,210,239,0,0,0,0.00020075327
adl-37-cam0-rgb,data/keypoints_normalized/adl/adl-37-cam0-rgb.npz,211,240,0,0,0,0.00020061205
adl-37-cam0-rgb,data/keypoints_normalized/adl/adl-37-cam0-rgb.npz,212,241,0,0,0,0.0002007485
adl-37-cam0-rgb,data/keypoints_normalized/adl/adl-37-cam0-rgb.npz,213,242,0,0,0,0.00020035036
adl-37-cam0-rgb,data/keypoints_normalized/adl/adl-37-cam0-rgb.npz,214,243,0,0,0,0.00020052941
adl-37-cam0-rgb,data/keypoints_normalized/adl/adl-37-cam0-rgb.npz,215,244,0,0,0,0.00020015465
adl-37-cam0-rgb,data/keypoints_normalized/adl/adl-37-cam0-rgb.npz,216,245,0,0,0,0.00019999058
adl-37-cam0-rgb,data/keypoints_normalized/adl/adl-37-cam0-rgb.npz,217,246,0,0,0,0.0001996604
adl-37-cam0-rgb,data/keypoints_normalized/adl/adl-37-cam0-rgb.npz,218,247,0,0,0,0.00012719867
adl-37-cam0-rgb,data/keypoints_normalized/adl/adl-37-cam0-rgb.npz,219,248,0,0,0,0.00012714812
adl-37-cam0-rgb,data/keypoints_normalized/adl/adl-37-cam0-rgb.npz,220,249,0,0,0,0.00012691614
adl-37-cam0-rgb,data/keypoints_normalized/adl/adl-37-cam0-rgb.npz,221,250,0,0,0,0.00012708956
adl-37-cam0-rgb,data/keypoints_normalized/adl/adl-37-cam0-rgb.npz,222,251,0,0,0,0.00012711648
adl-37-cam0-rgb,data/keypoints_normalized/adl/adl-37-cam0-rgb.npz,223,252,0,0,0,0.00012701153
adl-37-cam0-rgb,data/keypoints_normalized/adl/adl-37-cam0-rgb.npz,224,253,0,0,0,0.000111551126
adl-37-cam0-rgb,data/keypoints_normalized/adl/adl-37-cam0-rgb.npz,225,254,0,0,0,0.00011193687
adl-37-cam0-rgb,data/keypoints_normalized/adl/adl-37-cam0-rgb.npz,226,255,0,0,0,0.00011188788
adl-37-cam0-rgb,data/keypoints_normalized/adl/adl-37-cam0-rgb.npz,227,256,0,0,0,0.00011266505
adl-37-cam0-rgb,data/keypoints_normalized/adl/adl-37-cam0-rgb.npz,228,257,0,0,0,0.00011341505
adl-37-cam0-rgb,data/keypoints_normalized/adl/adl-37-cam0-rgb.npz,229,258,0,0,0,0.0001144419
adl-37-cam0-rgb,data/keypoints_normalized/adl/adl-37-cam0-rgb.npz,230,259,0,0,0,0.00011651622
adl-37-cam0-rgb,data/keypoints_normalized/adl/adl-37-cam0-rgb.npz,231,260,0,0,0,0.00011844525
adl-37-cam0-rgb,data/keypoints_normalized/adl/adl-37-cam0-rgb.npz,232,261,0,0,0,0.0001208622
adl-37-cam0-rgb,data/keypoints_normalized/adl/adl-37-cam0-rgb.npz,233,262,0,0,0,0.00012420108
adl-37-cam0-rgb,data/keypoints_normalized/adl/adl-37-cam0-rgb.npz,234,263,0,0,0,0.0001285051
adl-37-cam0-rgb,data/keypoints_normalized/adl/adl-37-cam0-rgb.npz,235,264,0,0,0,0.00013427078
adl-37-cam0-rgb,data/keypoints_normalized/adl/adl-37-cam0-rgb.npz,236,265,0,0,0,0.00014191696
adl-37-cam0-rgb,data/keypoints_normalized/adl/adl-37-cam0-rgb.npz,237,266,0,0,0,0.0001527615
adl-37-cam0-rgb,data/keypoints_normalized/adl/adl-37-cam0-rgb.npz,238,267,0,0,0,0.00015629978
adl-37-cam0-rgb,data/keypoints_normalized/adl/adl-37-cam0-rgb.npz,239,268,0,0,0,0.00016574234
adl-37-cam0-rgb,data/keypoints_normalized/adl/adl-37-cam0-rgb.npz,240,269,0,0,0,0.00017456747
adl-37-cam0-rgb,data/keypoints_normalized/adl/adl-37-cam0-rgb.npz,241,270,0,0,0,0.0001840708
adl-37-cam0-rgb,data/keypoints_normalized/adl/adl-37-cam0-rgb.npz,242,271,0,0,0,0.00019460039
adl-37-cam0-rgb,data/keypoints_normalized/adl/adl-37-cam0-rgb.npz,243,272,0,0,0,0.00020571846
adl-37-cam0-rgb,data/keypoints_normalized/adl/adl-37-cam0-rgb.npz,244,273,0,0,0,0.00021630694
adl-37-cam0-rgb,data/keypoints_normalized/adl/adl-37-cam0-rgb.npz,245,274,0,0,0,0.00022657044
adl-37-cam0-rgb,data/keypoints_normalized/adl/adl-37-cam0-rgb.npz,246,275,0,0,0,0.00024019818
adl-37-cam0-rgb,data/keypoints_normalized/adl/adl-37-cam0-rgb.npz,247,276,0,0,0,0.00024382632
adl-37-cam0-rgb,data/keypoints_normalized/adl/adl-37-cam0-rgb.npz,248,277,0,0,0,0.0002526688
adl-37-cam0-rgb,data/keypoints_normalized/adl/adl-37-cam0-rgb.npz,249,278,0,0,0,0.00026189178
adl-37-cam0-rgb,data/keypoints_normalized/adl/adl-37-cam0-rgb.npz,250,279,0,0,0,0.0002719002
adl-37-cam0-rgb,data/keypoints_normalized/adl/adl-37-cam0-rgb.npz,251,280,0,0,0,0.0002844092
adl-37-cam0-rgb,data/keypoints_normalized/adl/adl-37-cam0-rgb.npz,252,281,0,0,0,0.0003016324
adl-37-cam0-rgb,data/keypoints_normalized/adl/adl-37-cam0-rgb.npz,253,282,0,0,0,0.00032546034
adl-37-cam0-rgb,data/keypoints_normalized/adl/adl-37-cam0-rgb.npz,254,283,0,0,0,0.00035999718
adl-37-cam0-rgb,data/keypoints_normalized/adl/adl-37-cam0-rgb.npz,255,284,0,0,0,0.0004115441
adl-37-cam0-rgb,data/keypoints_normalized/adl/adl-37-cam0-rgb.npz,256,285,0,0,0,0.00048015095
adl-37-cam0-rgb,data/keypoints_normalized/adl/adl-37-cam0-rgb.npz,257,286,0,0,0,0.0005801449
adl-37-cam0-rgb,data/keypoints_normalized/adl/adl-37-cam0-rgb.npz,258,287,0,0,0,0.00069435243
adl-37-cam0-rgb,data/keypoints_normalized/adl/adl-37-cam0-rgb.npz,259,288,0,0,0,0.00082483614
adl-37-cam0-rgb,data/keypoints_normalized/adl/adl-37-cam0-rgb.npz,260,289,0,0,0,0.0009499128
adl-37-cam0-rgb,data/keypoints_normalized/adl/adl-37-cam0-rgb.npz,261,290,0,0,0,0.0012063645
adl-37-cam0-rgb,data/keypoints_normalized/adl/adl-37-cam0-rgb.npz,262,291,0,0,0,0.0013975252
adl-37-cam0-rgb,data/keypoints_normalized/adl/adl-37-cam0-rgb.npz,263,292,0,0,0,0.0014538537
adl-37-cam0-rgb,data/keypoints_normalized/adl/adl-37-cam0-rgb.npz,264,293,0,0,0,0.0013388557
adl-37-cam0-rgb,data/keypoints_normalized/adl/adl-37-cam0-rgb.npz,265,294,0,0,0,0.001505385
adl-37-cam0-rgb,data/keypoints_normalized/adl/adl-37-cam0-rgb.npz,266,295,0,0,0,0.001626429
adl-37-cam0-rgb,data/keypoints_normalized/adl/adl-37-cam0-rgb.npz,267,296,0,0,0,0.0016837647
adl-37-cam0-rgb,data/keypoints_normalized/adl/adl-37-cam0-rgb.npz,268,297,0,0,0,0.0012450651
adl-37-cam0-rgb,data/keypoints_normalized/adl/adl-37-cam0-rgb.npz,269,298,0,0,0,0.0012258675
adl-37-cam0-rgb,data/keypoints_normalized/adl/adl-37-cam0-rgb.npz,270,299,0,0,0,0.001248327
adl-37-cam0-rgb,data/keypoints_normalized/adl/adl-37-cam0-rgb.npz,271,300,0,0,0,0.0012125457
adl-37-cam0-rgb,data/keypoints_normalized/adl/adl-37-cam0-rgb.npz,272,301,0,0,0,0.001114925
adl-37-cam0-rgb,data/keypoints_normalized/adl/adl-37-cam0-rgb.npz,273,302,0,0,0,0.0011821251
adl-37-cam0-rgb,data/keypoints_normalized/adl/adl-37-cam0-rgb.npz,274,303,0,0,0,0.0013105597
adl-37-cam0-rgb,data/keypoints_normalized/adl/adl-37-cam0-rgb.npz,275,304,0,0,0,0.0014230601
adl-37-cam0-rgb,data/keypoints_normalized/adl/adl-37-cam0-rgb.npz,276,305,0,0,0,0.0015159929
adl-37-cam0-rgb,data/keypoints_normalized/adl/adl-37-cam0-rgb.npz,277,306,0,0,0,0.0014503227
adl-37-cam0-rgb,data/keypoints_normalized/adl/adl-37-cam0-rgb.npz,278,307,0,0,0,0.001385761
adl-37-cam0-rgb,data/keypoints_normalized/adl/adl-37-cam0-rgb.npz,279,308,0,0,0,0.0013467002
adl-37-cam0-rgb,data/keypoints_normalized/adl/adl-37-cam0-rgb.npz,280,309,0,0,0,0.0011008767
adl-37-cam0-rgb,data/keypoints_normalized/adl/adl-37-cam0-rgb.npz,281,310,0,0,0,0.0010092182
adl-37-cam0-rgb,data/keypoints_normalized/adl/adl-37-cam0-rgb.npz,282,311,0,0,0,0.0008695153
adl-37-cam0-rgb,data/keypoints_normalized/adl/adl-37-cam0-rgb.npz,283,312,0,0,0,0.0007747611
adl-37-cam0-rgb,data/keypoints_normalized/adl/adl-37-cam0-rgb.npz,284,313,0,0,0,0.0007155914
adl-37-cam0-rgb,data/keypoints_normalized/adl/adl-37-cam0-rgb.npz,285,314,0,0,0,0.0005983131
adl-37-cam0-rgb,data/keypoints_normalized/adl/adl-37-cam0-rgb.npz,286,315,0,0,0,0.0006370376
adl-37-cam0-rgb,data/keypoints_normalized/adl/adl-37-cam0-rgb.npz,287,316,0,0,0,0.00062913535
adl-37-cam0-rgb,data/keypoints_normalized/adl/adl-37-cam0-rgb.npz,288,317,0,0,0,0.0006403414
adl-37-cam0-rgb,data/keypoints_normalized/adl/adl-37-cam0-rgb.npz,289,318,0,0,0,0.0005909953
adl-37-cam0-rgb,data/keypoints_normalized/adl/adl-37-cam0-rgb.npz,290,319,0,0,0,0.00058081147
adl-37-cam0-rgb,data/keypoints_normalized/adl/adl-37-cam0-rgb.npz,291,320,0,0,0,0.00054707733
adl-37-cam0-rgb,data/keypoints_normalized/adl/adl-37-cam0-rgb.npz,292,321,0,0,0,0.0005022113
adl-37-cam0-rgb,data/keypoints_normalized/adl/adl-37-cam0-rgb.npz,293,322,0,0,0,0.00048246124
adl-37-cam0-rgb,data/keypoints_normalized/adl/adl-37-cam0-rgb.npz,294,323,0,0,0,0.00047416476
adl-37-cam0-rgb,data/keypoints_normalized/adl/adl-37-cam0-rgb.npz,295,324,0,0,0,0.0004461497
adl-37-cam0-rgb,data/keypoints_normalized/adl/adl-37-cam0-rgb.npz,296,325,0,0,0,0.000443327
adl-37-cam0-rgb,data/keypoints_normalized/adl/adl-37-cam0-rgb.npz,297,326,0,0,0,0.00039508753
adl-37-cam0-rgb,data/keypoints_normalized/adl/adl-37-cam0-rgb.npz,298,327,0,0,0,0.00038981656
adl-37-cam0-rgb,data/keypoints_normalized/adl/adl-37-cam0-rgb.npz,299,328,0,0,0,0.00039214944
adl-37-cam0-rgb,data/keypoints_normalized/adl/adl-37-cam0-rgb.npz,300,329,0,0,0,0.0003809411
adl-37-cam0-rgb,data/keypoints_normalized/adl/adl-37-cam0-rgb.npz,301,330,0,0,0,0.00037518813
adl-37-cam0-rgb,data/keypoints_normalized/adl/adl-37-cam0-rgb.npz,302,331,0,0,0,0.00036932548
adl-37-cam0-rgb,data/keypoints_normalized/adl/adl-37-cam0-rgb.npz,303,332,0,0,0,0.00036397364
adl-37-cam0-rgb,data/keypoints_normalized/adl/adl-37-cam0-rgb.npz,304,333,0,0,0,0.00036288297
adl-37-cam0-rgb,data/keypoints_normalized/adl/adl-37-cam0-rgb.npz,305,334,0,0,0,0.00036617633
adl-37-cam0-rgb,data/keypoints_normalized/adl/adl-37-cam0-rgb.npz,306,335,0,0,0,0.00036692555
adl-37-cam0-rgb,data/keypoints_normalized/adl/adl-37-cam0-rgb.npz,307,336,0,0,0,0.00036701755
adl-37-cam0-rgb,data/keypoints_normalized/adl/adl-37-cam0-rgb.npz,308,337,0,0,0,0.00037609844
adl-37-cam0-rgb,data/keypoints_normalized/adl/adl-37-cam0-rgb.npz,309,338,0,0,0,0.0003634913
adl-37-cam0-rgb,data/keypoints_normalized/adl/adl-37-cam0-rgb.npz,310,339,0,0,0,0.00038253417
adl-37-cam0-rgb,data/keypoints_normalized/adl/adl-37-cam0-rgb.npz,311,340,0,0,0,0.00036472944
adl-37-cam0-rgb,data/keypoints_normalized/adl/adl-37-cam0-rgb.npz,312,341,0,0,0,0.00035265458
adl-37-cam0-rgb,data/keypoints_normalized/adl/adl-37-cam0-rgb.npz,313,342,0,0,0,0.0003388615
adl-37-cam0-rgb,data/keypoints_normalized/adl/adl-37-cam0-rgb.npz,314,343,0,0,0,0.0003205876
adl-37-cam0-rgb,data/keypoints_normalized/adl/adl-37-cam0-rgb.npz,315,344,0,0,0,0.00031354022
adl-37-cam0-rgb,data/keypoints_normalized/adl/adl-37-cam0-rgb.npz,316,345,0,0,0,0.0003163413
adl-37-cam0-rgb,data/keypoints_normalized/adl/adl-37-cam0-rgb.npz,317,346,0,0,0,0.00031343978
adl-37-cam0-rgb,data/keypoints_normalized/adl/adl-37-cam0-rgb.npz,318,347,0,0,0,0.0003046319
adl-37-cam0-rgb,data/keypoints_normalized/adl/adl-37-cam0-rgb.npz,319,348,0,0,0,0.0002992418
adl-37-cam0-rgb,data/keypoints_normalized/adl/adl-37-cam0-rgb.npz,320,349,0,0,0,0.00030445043
adl-37-cam0-rgb,data/keypoints_normalized/adl/adl-37-cam0-rgb.npz,321,350,0,0,0,0.00029720692
adl-39-cam0-rgb,data/keypoints_normalized/adl/adl-39-cam0-rgb.npz,9,38,0,0,0,0.0001221951
adl-39-cam0-rgb,data/keypoints_normalized/adl/adl-39-cam0-rgb.npz,10,39,0,0,0,0.0001224335
adl-39-cam0-rgb,data/keypoints_normalized/adl/adl-39-cam0-rgb.npz,11,40,0,0,0,0.0001203658
adl-39-cam0-rgb,data/keypoints_normalized/adl/adl-39-cam0-rgb.npz,12,41,0,0,0,0.000105482875
adl-39-cam0-rgb,data/keypoints_normalized/adl/adl-39-cam0-rgb.npz,13,42,0,0,0,0.00011031036
adl-39-cam0-rgb,data/keypoints_normalized/adl/adl-39-cam0-rgb.npz,14,43,0,0,0,0.000110315195
adl-39-cam0-rgb,data/keypoints_normalized/adl/adl-39-cam0-rgb.npz,15,44,0,0,0,0.00011031372
adl-39-cam0-rgb,data/keypoints_normalized/adl/adl-39-cam0-rgb.npz,16,45,0,0,0,0.00011039538
adl-39-cam0-rgb,data/keypoints_normalized/adl/adl-39-cam0-rgb.npz,17,46,0,0,0,0.00011036106
adl-39-cam0-rgb,data/keypoints_normalized/adl/adl-39-cam0-rgb.npz,18,47,0,0,0,0.00011044054
adl-39-cam0-rgb,data/keypoints_normalized/adl/adl-39-cam0-rgb.npz,19,48,0,0,0,0.0001111573
adl-39-cam0-rgb,data/keypoints_normalized/adl/adl-39-cam0-rgb.npz,20,49,0,0,0,0.00011161242
adl-39-cam0-rgb,data/keypoints_normalized/adl/adl-39-cam0-rgb.npz,21,50,0,0,0,0.00011206631
adl-39-cam0-rgb,data/keypoints_normalized/adl/adl-39-cam0-rgb.npz,22,51,0,0,0,0.00011292966
adl-39-cam0-rgb,data/keypoints_normalized/adl/adl-39-cam0-rgb.npz,23,52,0,0,0,0.000113698225
adl-39-cam0-rgb,data/keypoints_normalized/adl/adl-39-cam0-rgb.npz,24,53,0,0,0,0.000114884504
adl-39-cam0-rgb,data/keypoints_normalized/adl/adl-39-cam0-rgb.npz,25,54,0,0,0,0.00011605173
adl-39-cam0-rgb,data/keypoints_normalized/adl/adl-39-cam0-rgb.npz,26,55,0,0,0,0.00011871324
adl-39-cam0-rgb,data/keypoints_normalized/adl/adl-39-cam0-rgb.npz,27,56,0,0,0,0.000120749086
adl-39-cam0-rgb,data/keypoints_normalized/adl/adl-39-cam0-rgb.npz,28,57,0,0,0,0.00012304679
adl-39-cam0-rgb,data/keypoints_normalized/adl/adl-39-cam0-rgb.npz,29,58,0,0,0,0.00012550878
adl-39-cam0-rgb,data/keypoints_normalized/adl/adl-39-cam0-rgb.npz,30,59,0,0,0,0.00012341423
adl-39-cam0-rgb,data/keypoints_normalized/adl/adl-39-cam0-rgb.npz,31,60,0,0,0,0.00012518224
adl-39-cam0-rgb,data/keypoints_normalized/adl/adl-39-cam0-rgb.npz,32,61,0,0,0,0.000127494
adl-39-cam0-rgb,data/keypoints_normalized/adl/adl-39-cam0-rgb.npz,33,62,0,0,0,0.00013003344
adl-39-cam0-rgb,data/keypoints_normalized/adl/adl-39-cam0-rgb.npz,34,63,0,0,0,0.0001323319
adl-39-cam0-rgb,data/keypoints_normalized/adl/adl-39-cam0-rgb.npz,35,64,0,0,0,0.00013413692
adl-39-cam0-rgb,data/keypoints_normalized/adl/adl-39-cam0-rgb.npz,36,65,0,0,0,0.00013644711
adl-39-cam0-rgb,data/keypoints_normalized/adl/adl-39-cam0-rgb.npz,37,66,0,0,0,0.00013907107
adl-39-cam0-rgb,data/keypoints_normalized/adl/adl-39-cam0-rgb.npz,38,67,0,0,0,0.00014216307
adl-39-cam0-rgb,data/keypoints_normalized/adl/adl-39-cam0-rgb.npz,39,68,0,0,0,0.0001439651
adl-39-cam0-rgb,data/keypoints_normalized/adl/adl-39-cam0-rgb.npz,40,69,0,0,0,0.00014381239
adl-39-cam0-rgb,data/keypoints_normalized/adl/adl-39-cam0-rgb.npz,41,70,0,0,0,0.00014352909
adl-39-cam0-rgb,data/keypoints_normalized/adl/adl-39-cam0-rgb.npz,42,71,0,0,0,0.00014374331
adl-39-cam0-rgb,data/keypoints_normalized/adl/adl-39-cam0-rgb.npz,43,72,0,0,0,0.0001411624
adl-39-cam0-rgb,data/keypoints_normalized/adl/adl-39-cam0-rgb.npz,44,73,0,0,0,0.00014130016
adl-39-cam0-rgb,data/keypoints_normalized/adl/adl-39-cam0-rgb.npz,45,74,0,0,0,0.0001410678
adl-39-cam0-rgb,data/keypoints_normalized/adl/adl-39-cam0-rgb.npz,46,75,0,0,0,0.00014094784
adl-39-cam0-rgb,data/keypoints_normalized/adl/adl-39-cam0-rgb.npz,47,76,0,0,0,0.00014090244
adl-39-cam0-rgb,data/keypoints_normalized/adl/adl-39-cam0-rgb.npz,48,77,0,0,0,0.00014111676
adl-39-cam0-rgb,data/keypoints_normalized/adl/adl-39-cam0-rgb.npz,49,78,0,0,0,0.00016196656
adl-39-cam0-rgb,data/keypoints_normalized/adl/adl-39-cam0-rgb.npz,50,79,0,0,0,0.00016262861
adl-39-cam0-rgb,data/keypoints_normalized/adl/adl-39-cam0-rgb.npz,51,80,0,0,0,0.00016386076
adl-39-cam0-rgb,data/keypoints_normalized/adl/adl-39-cam0-rgb.npz,52,81,0,0,0,0.00016594889
adl-39-cam0-rgb,data/keypoints_normalized/adl/adl-39-cam0-rgb.npz,53,82,0,0,0,0.00016588306
adl-39-cam0-rgb,data/keypoints_normalized/adl/adl-39-cam0-rgb.npz,54,83,0,0,0,0.00015072398
adl-39-cam0-rgb,data/keypoints_normalized/adl/adl-39-cam0-rgb.npz,55,84,0,0,0,0.00015167783
adl-39-cam0-rgb,data/keypoints_normalized/adl/adl-39-cam0-rgb.npz,56,85,0,0,0,0.00015309456
adl-39-cam0-rgb,data/keypoints_normalized/adl/adl-39-cam0-rgb.npz,57,86,0,0,0,0.00015357032
adl-39-cam0-rgb,data/keypoints_normalized/adl/adl-39-cam0-rgb.npz,58,87,0,0,0,0.00015365702
adl-39-cam0-rgb,data/keypoints_normalized/adl/adl-39-cam0-rgb.npz,59,88,0,0,0,0.00015460188
adl-39-cam0-rgb,data/keypoints_normalized/adl/adl-39-cam0-rgb.npz,60,89,0,0,0,0.0001552674
adl-39-cam0-rgb,data/keypoints_normalized/adl/adl-39-cam0-rgb.npz,61,90,0,0,0,0.00015545718
adl-39-cam0-rgb,data/keypoints_normalized/adl/adl-39-cam0-rgb.npz,62,91,0,0,0,0.00015618835
adl-39-cam0-rgb,data/keypoints_normalized/adl/adl-39-cam0-rgb.npz,63,92,0,0,0,0.00015698266
adl-39-cam0-rgb,data/keypoints_normalized/adl/adl-39-cam0-rgb.npz,64,93,0,0,0,0.00015853929
adl-39-cam0-rgb,data/keypoints_normalized/adl/adl-39-cam0-rgb.npz,65,94,0,0,0,0.00015909155
adl-39-cam0-rgb,data/keypoints_normalized/adl/adl-39-cam0-rgb.npz,66,95,0,0,0,0.00015951568
adl-39-cam0-rgb,data/keypoints_normalized/adl/adl-39-cam0-rgb.npz,67,96,0,0,0,0.0001602896
adl-39-cam0-rgb,data/keypoints_normalized/adl/adl-39-cam0-rgb.npz,68,97,0,0,0,0.00016082621
adl-39-cam0-rgb,data/keypoints_normalized/adl/adl-39-cam0-rgb.npz,69,98,0,0,0,0.00016088787
adl-39-cam0-rgb,data/keypoints_normalized/adl/adl-39-cam0-rgb.npz,70,99,0,0,0,0.00016111939
adl-39-cam0-rgb,data/keypoints_normalized/adl/adl-39-cam0-rgb.npz,71,100,0,0,0,0.00016065715
adl-39-cam0-rgb,data/keypoints_normalized/adl/adl-39-cam0-rgb.npz,72,101,0,0,0,0.00016053404
adl-39-cam0-rgb,data/keypoints_normalized/adl/adl-39-cam0-rgb.npz,73,102,0,0,0,0.00016038623
adl-39-cam0-rgb,data/keypoints_normalized/adl/adl-39-cam0-rgb.npz,74,103,0,0,0,0.00015943278
adl-39-cam0-rgb,data/keypoints_normalized/adl/adl-39-cam0-rgb.npz,75,104,0,0,0,0.00015858297
adl-39-cam0-rgb,data/keypoints_normalized/adl/adl-39-cam0-rgb.npz,76,105,0,0,0,0.00015755401
adl-39-cam0-rgb,data/keypoints_normalized/adl/adl-39-cam0-rgb.npz,77,106,0,0,0,0.00015659693
adl-39-cam0-rgb,data/keypoints_normalized/adl/adl-39-cam0-rgb.npz,78,107,0,0,0,0.0001552375
adl-39-cam0-rgb,data/keypoints_normalized/adl/adl-39-cam0-rgb.npz,79,108,0,0,0,0.00015413629
adl-39-cam0-rgb,data/keypoints_normalized/adl/adl-39-cam0-rgb.npz,80,109,0,0,0,0.00015232498
adl-39-cam0-rgb,data/keypoints_normalized/adl/adl-39-cam0-rgb.npz,81,110,0,0,0,0.0001510333
adl-39-cam0-rgb,data/keypoints_normalized/adl/adl-39-cam0-rgb.npz,82,111,0,0,0,0.0001495361
adl-39-cam0-rgb,data/keypoints_normalized/adl/adl-39-cam0-rgb.npz,83,112,0,0,0,0.00014832533
adl-39-cam0-rgb,data/keypoints_normalized/adl/adl-39-cam0-rgb.npz,84,113,0,0,0,0.00014678414
adl-39-cam0-rgb,data/keypoints_normalized/adl/adl-39-cam0-rgb.npz,85,114,0,0,0,0.0001454516
adl-39-cam0-rgb,data/keypoints_normalized/adl/adl-39-cam0-rgb.npz,86,115,0,0,0,0.00014384944
adl-39-cam0-rgb,data/keypoints_normalized/adl/adl-39-cam0-rgb.npz,87,116,0,0,0,0.00014237265
adl-39-cam0-rgb,data/keypoints_normalized/adl/adl-39-cam0-rgb.npz,88,117,0,0,0,0.00014118917
adl-39-cam0-rgb,data/keypoints_normalized/adl/adl-39-cam0-rgb.npz,89,118,0,0,0,0.00014007912
adl-39-cam0-rgb,data/keypoints_normalized/adl/adl-39-cam0-rgb.npz,90,119,0,0,0,0.00013890436
adl-39-cam0-rgb,data/keypoints_normalized/adl/adl-39-cam0-rgb.npz,91,120,0,0,0,0.00013824657
adl-39-cam0-rgb,data/keypoints_normalized/adl/adl-39-cam0-rgb.npz,92,121,0,0,0,0.00013741438
adl-39-cam0-rgb,data/keypoints_normalized/adl/adl-39-cam0-rgb.npz,93,122,0,0,0,0.00013700369
adl-39-cam0-rgb,data/keypoints_normalized/adl/adl-39-cam0-rgb.npz,94,123,0,0,0,0.00013629367
adl-39-cam0-rgb,data/keypoints_normalized/adl/adl-39-cam0-rgb.npz,95,124,0,0,0,0.0001362039
adl-39-cam0-rgb,data/keypoints_normalized/adl/adl-39-cam0-rgb.npz,96,125,0,0,0,0.0001357383
adl-39-cam0-rgb,data/keypoints_normalized/adl/adl-39-cam0-rgb.npz,97,126,0,0,0,0.00013543773
adl-39-cam0-rgb,data/keypoints_normalized/adl/adl-39-cam0-rgb.npz,98,127,0,0,0,0.00013458662
adl-39-cam0-rgb,data/keypoints_normalized/adl/adl-39-cam0-rgb.npz,99,128,0,0,0,0.00013387878
adl-39-cam0-rgb,data/keypoints_normalized/adl/adl-39-cam0-rgb.npz,100,129,0,0,0,0.00013322601
adl-39-cam0-rgb,data/keypoints_normalized/adl/adl-39-cam0-rgb.npz,101,130,0,0,0,0.00013277034
adl-39-cam0-rgb,data/keypoints_normalized/adl/adl-39-cam0-rgb.npz,102,131,0,0,0,0.00013167736
adl-39-cam0-rgb,data/keypoints_normalized/adl/adl-39-cam0-rgb.npz,103,132,0,0,0,0.00013111193
adl-39-cam0-rgb,data/keypoints_normalized/adl/adl-39-cam0-rgb.npz,104,133,0,0,0,0.00013050508
adl-39-cam0-rgb,data/keypoints_normalized/adl/adl-39-cam0-rgb.npz,105,134,0,0,0,0.00012987816
adl-39-cam0-rgb,data/keypoints_normalized/adl/adl-39-cam0-rgb.npz,106,135,0,0,0,0.00012914425
adl-39-cam0-rgb,data/keypoints_normalized/adl/adl-39-cam0-rgb.npz,107,136,0,0,0,0.00012892496
adl-39-cam0-rgb,data/keypoints_normalized/adl/adl-39-cam0-rgb.npz,108,137,0,0,0,0.0001287681
adl-39-cam0-rgb,data/keypoints_normalized/adl/adl-39-cam0-rgb.npz,109,138,0,0,0,0.00012894944
adl-39-cam0-rgb,data/keypoints_normalized/adl/adl-39-cam0-rgb.npz,110,139,0,0,0,0.0001293714
adl-39-cam0-rgb,data/keypoints_normalized/adl/adl-39-cam0-rgb.npz,111,140,0,0,0,0.00012963812
adl-39-cam0-rgb,data/keypoints_normalized/adl/adl-39-cam0-rgb.npz,112,141,0,0,0,0.00013011889
adl-39-cam0-rgb,data/keypoints_normalized/adl/adl-39-cam0-rgb.npz,113,142,0,0,0,0.00013097908
adl-39-cam0-rgb,data/keypoints_normalized/adl/adl-39-cam0-rgb.npz,114,143,0,0,0,0.00013211252
adl-39-cam0-rgb,data/keypoints_normalized/adl/adl-39-cam0-rgb.npz,115,144,0,0,0,0.00013334065
adl-39-cam0-rgb,data/keypoints_normalized/adl/adl-39-cam0-rgb.npz,116,145,0,0,0,0.00013457198
adl-39-cam0-rgb,data/keypoints_normalized/adl/adl-39-cam0-rgb.npz,117,146,0,0,0,0.00013641862
adl-39-cam0-rgb,data/keypoints_normalized/adl/adl-39-cam0-rgb.npz,118,147,0,0,0,0.00013784195
adl-39-cam0-rgb,data/keypoints_normalized/adl/adl-39-cam0-rgb.npz,119,148,0,0,0,0.00013972557
adl-39-cam0-rgb,data/keypoints_normalized/adl/adl-39-cam0-rgb.npz,120,149,0,0,0,0.0001413573
adl-39-cam0-rgb,data/keypoints_normalized/adl/adl-39-cam0-rgb.npz,121,150,0,0,0,0.00014326492
adl-39-cam0-rgb,data/keypoints_normalized/adl/adl-39-cam0-rgb.npz,122,151,0,0,0,0.00014527999
adl-39-cam0-rgb,data/keypoints_normalized/adl/adl-39-cam0-rgb.npz,123,152,0,0,0,0.00014676916
adl-39-cam0-rgb,data/keypoints_normalized/adl/adl-39-cam0-rgb.npz,124,153,0,0,0,0.00014852318
adl-39-cam0-rgb,data/keypoints_normalized/adl/adl-39-cam0-rgb.npz,125,154,0,0,0,0.00014992444
adl-39-cam0-rgb,data/keypoints_normalized/adl/adl-39-cam0-rgb.npz,126,155,0,0,0,0.00015132737
adl-39-cam0-rgb,data/keypoints_normalized/adl/adl-39-cam0-rgb.npz,127,156,0,0,0,0.00015234212
adl-39-cam0-rgb,data/keypoints_normalized/adl/adl-39-cam0-rgb.npz,128,157,0,0,0,0.0001539336
adl-39-cam0-rgb,data/keypoints_normalized/adl/adl-39-cam0-rgb.npz,129,158,0,0,0,0.0001547439
adl-39-cam0-rgb,data/keypoints_normalized/adl/adl-39-cam0-rgb.npz,130,159,0,0,0,0.00015539344
adl-39-cam0-rgb,data/keypoints_normalized/adl/adl-39-cam0-rgb.npz,131,160,0,0,0,0.00015693477
adl-39-cam0-rgb,data/keypoints_normalized/adl/adl-39-cam0-rgb.npz,132,161,0,0,0,0.00015787507
adl-39-cam0-rgb,data/keypoints_normalized/adl/adl-39-cam0-rgb.npz,133,162,0,0,0,0.00015860036
adl-39-cam0-rgb,data/keypoints_normalized/adl/adl-39-cam0-rgb.npz,134,163,0,0,0,0.0001592801
adl-39-cam0-rgb,data/keypoints_normalized/adl/adl-39-cam0-rgb.npz,135,164,0,0,0,0.0001597641
adl-39-cam0-rgb,data/keypoints_normalized/adl/adl-39-cam0-rgb.npz,136,165,0,0,0,0.00015965293
adl-39-cam0-rgb,data/keypoints_normalized/adl/adl-39-cam0-rgb.npz,137,166,0,0,0,0.00014504234
adl-39-cam0-rgb,data/keypoints_normalized/adl/adl-39-cam0-rgb.npz,138,167,0,0,0,0.00014309671
adl-39-cam0-rgb,data/keypoints_normalized/adl/adl-39-cam0-rgb.npz,139,168,0,0,0,0.00014139301
adl-39-cam0-rgb,data/keypoints_normalized/adl/adl-39-cam0-rgb.npz,140,169,0,0,0,0.00013928194
adl-39-cam0-rgb,data/keypoints_normalized/adl/adl-39-cam0-rgb.npz,141,170,0,0,0,0.0001380961
adl-39-cam0-rgb,data/keypoints_normalized/adl/adl-39-cam0-rgb.npz,142,171,0,0,0,0.00013716721
adl-39-cam0-rgb,data/keypoints_normalized/adl/adl-39-cam0-rgb.npz,143,172,0,0,0,0.0001357637
adl-39-cam0-rgb,data/keypoints_normalized/adl/adl-39-cam0-rgb.npz,144,173,0,0,0,0.00013434544
adl-39-cam0-rgb,data/keypoints_normalized/adl/adl-39-cam0-rgb.npz,145,174,0,0,0,0.00013263698
adl-39-cam0-rgb,data/keypoints_normalized/adl/adl-39-cam0-rgb.npz,146,175,0,0,0,0.00013093225
adl-39-cam0-rgb,data/keypoints_normalized/adl/adl-39-cam0-rgb.npz,147,176,0,0,0,0.0001296631
adl-39-cam0-rgb,data/keypoints_normalized/adl/adl-39-cam0-rgb.npz,148,177,0,0,0,0.00013013379
adl-39-cam0-rgb,data/keypoints_normalized/adl/adl-39-cam0-rgb.npz,149,178,0,0,0,0.00013156602
adl-39-cam0-rgb,data/keypoints_normalized/adl/adl-39-cam0-rgb.npz,150,179,0,0,0,0.00012960451
adl-39-cam0-rgb,data/keypoints_normalized/adl/adl-39-cam0-rgb.npz,151,180,0,0,0,0.00013094748
adl-39-cam0-rgb,data/keypoints_normalized/adl/adl-39-cam0-rgb.npz,152,181,0,0,0,0.00012896492
adl-39-cam0-rgb,data/keypoints_normalized/adl/adl-39-cam0-rgb.npz,153,182,0,0,0,0.00013075197
adl-39-cam0-rgb,data/keypoints_normalized/adl/adl-39-cam0-rgb.npz,154,183,0,0,0,0.0001325122
adl-39-cam0-rgb,data/keypoints_normalized/adl/adl-39-cam0-rgb.npz,155,184,0,0,0,0.00013369355
adl-39-cam0-rgb,data/keypoints_normalized/adl/adl-39-cam0-rgb.npz,156,185,0,0,0,0.00013666145
adl-39-cam0-rgb,data/keypoints_normalized/adl/adl-39-cam0-rgb.npz,157,186,0,0,0,0.0001404982
adl-39-cam0-rgb,data/keypoints_normalized/adl/adl-39-cam0-rgb.npz,158,187,0,0,0,0.00014261124
adl-39-cam0-rgb,data/keypoints_normalized/adl/adl-39-cam0-rgb.npz,159,188,0,0,0,0.00014291072
adl-39-cam0-rgb,data/keypoints_normalized/adl/adl-39-cam0-rgb.npz,160,189,0,0,0,0.00014348202
adl-39-cam0-rgb,data/keypoints_normalized/adl/adl-39-cam0-rgb.npz,161,190,0,0,0,0.00013244148
adl-39-cam0-rgb,data/keypoints_normalized/adl/adl-39-cam0-rgb.npz,162,191,0,0,0,0.00013302671
adl-39-cam0-rgb,data/keypoints_normalized/adl/adl-39-cam0-rgb.npz,163,192,0,0,0,0.0001339005
adl-39-cam0-rgb,data/keypoints_normalized/adl/adl-39-cam0-rgb.npz,164,193,0,0,0,0.00013453684
adl-39-cam0-rgb,data/keypoints_normalized/adl/adl-39-cam0-rgb.npz,165,194,0,0,0,0.00013563377
adl-39-cam0-rgb,data/keypoints_normalized/adl/adl-39-cam0-rgb.npz,166,195,0,0,0,0.00013598498
adl-39-cam0-rgb,data/keypoints_normalized/adl/adl-39-cam0-rgb.npz,167,196,0,0,0,0.00013807083
adl-39-cam0-rgb,data/keypoints_normalized/adl/adl-39-cam0-rgb.npz,168,197,0,0,0,0.00013849595
adl-39-cam0-rgb,data/keypoints_normalized/adl/adl-39-cam0-rgb.npz,169,198,0,0,0,0.00014043138
adl-39-cam0-rgb,data/keypoints_normalized/adl/adl-39-cam0-rgb.npz,170,199,0,0,0,0.00014211332
adl-39-cam0-rgb,data/keypoints_normalized/adl/adl-39-cam0-rgb.npz,171,200,0,0,0,0.00014382269
adl-39-cam0-rgb,data/keypoints_normalized/adl/adl-39-cam0-rgb.npz,172,201,0,0,0,0.00014621278
adl-39-cam0-rgb,data/keypoints_normalized/adl/adl-39-cam0-rgb.npz,173,202,0,0,0,0.00014833325
adl-39-cam0-rgb,data/keypoints_normalized/adl/adl-39-cam0-rgb.npz,174,203,0,0,0,0.00015056755
adl-39-cam0-rgb,data/keypoints_normalized/adl/adl-39-cam0-rgb.npz,175,204,0,0,0,0.00015316639
adl-39-cam0-rgb,data/keypoints_normalized/adl/adl-39-cam0-rgb.npz,176,205,0,0,0,0.00015555698
adl-39-cam0-rgb,data/keypoints_normalized/adl/adl-39-cam0-rgb.npz,177,206,0,0,0,0.00015875939
adl-39-cam0-rgb,data/keypoints_normalized/adl/adl-39-cam0-rgb.npz,178,207,0,0,0,0.00016185925
adl-39-cam0-rgb,data/keypoints_normalized/adl/adl-39-cam0-rgb.npz,179,208,0,0,0,0.00016532536
adl-39-cam0-rgb,data/keypoints_normalized/adl/adl-39-cam0-rgb.npz,180,209,0,0,0,0.00016781298
adl-39-cam0-rgb,data/keypoints_normalized/adl/adl-39-cam0-rgb.npz,181,210,0,0,0,0.00016977798
adl-39-cam0-rgb,data/keypoints_normalized/adl/adl-39-cam0-rgb.npz,182,211,0,0,0,0.0001696094
adl-39-cam0-rgb,data/keypoints_normalized/adl/adl-39-cam0-rgb.npz,183,212,0,0,0,0.00017008456
adl-39-cam0-rgb,data/keypoints_normalized/adl/adl-39-cam0-rgb.npz,184,213,0,0,0,0.00017202122
adl-39-cam0-rgb,data/keypoints_normalized/adl/adl-39-cam0-rgb.npz,185,214,0,0,0,0.00017072995
adl-39-cam0-rgb,data/keypoints_normalized/adl/adl-39-cam0-rgb.npz,186,215,0,0,0,0.00016844126
adl-39-cam0-rgb,data/keypoints_normalized/adl/adl-39-cam0-rgb.npz,187,216,0,0,0,0.00016434804
adl-39-cam0-rgb,data/keypoints_normalized/adl/adl-39-cam0-rgb.npz,188,217,0,0,0,0.00011809384
adl-39-cam0-rgb,data/keypoints_normalized/adl/adl-39-cam0-rgb.npz,189,218,0,0,0,0.0001183318
adl-39-cam0-rgb,data/keypoints_normalized/adl/adl-39-cam0-rgb.npz,190,219,0,0,0,0.00011863742
adl-39-cam0-rgb,data/keypoints_normalized/adl/adl-39-cam0-rgb.npz,191,220,0,0,0,0.00011869625
adl-39-cam0-rgb,data/keypoints_normalized/adl/adl-39-cam0-rgb.npz,192,221,0,0,0,0.00011879634
adl-39-cam0-rgb,data/keypoints_normalized/adl/adl-39-cam0-rgb.npz,193,222,0,0,0,0.00011897638
adl-39-cam0-rgb,data/keypoints_normalized/adl/adl-39-cam0-rgb.npz,194,223,0,0,0,0.0001189698
adl-39-cam0-rgb,data/keypoints_normalized/adl/adl-39-cam0-rgb.npz,195,224,0,0,0,0.00011922226
adl-39-cam0-rgb,data/keypoints_normalized/adl/adl-39-cam0-rgb.npz,196,225,0,0,0,0.00011955479
adl-39-cam0-rgb,data/keypoints_normalized/adl/adl-39-cam0-rgb.npz,197,226,0,0,0,0.00012129481
adl-39-cam0-rgb,data/keypoints_normalized/adl/adl-39-cam0-rgb.npz,198,227,0,0,0,0.00012130025
adl-39-cam0-rgb,data/keypoints_normalized/adl/adl-39-cam0-rgb.npz,199,228,0,0,0,0.00012113935
adl-39-cam0-rgb,data/keypoints_normalized/adl/adl-39-cam0-rgb.npz,200,229,0,0,0,0.000121788646
adl-39-cam0-rgb,data/keypoints_normalized/adl/adl-39-cam0-rgb.npz,201,230,0,0,0,0.00012198589
adl-39-cam0-rgb,data/keypoints_normalized/adl/adl-39-cam0-rgb.npz,202,231,0,0,0,0.00014433126
adl-39-cam0-rgb,data/keypoints_normalized/adl/adl-39-cam0-rgb.npz,203,232,0,0,0,0.00014433126
adl-39-cam0-rgb,data/keypoints_normalized/adl/adl-39-cam0-rgb.npz,204,233,0,0,0,0.00014433126
adl-39-cam0-rgb,data/keypoints_normalized/adl/adl-39-cam0-rgb.npz,205,234,0,0,0,0.00014433126
adl-39-cam0-rgb,data/keypoints_normalized/adl/adl-39-cam0-rgb.npz,206,235,0,0,0,0.00014433126
adl-39-cam0-rgb,data/keypoints_normalized/adl/adl-39-cam0-rgb.npz,207,236,0,0,0,0.00014433126
adl-39-cam0-rgb,data/keypoints_normalized/adl/adl-39-cam0-rgb.npz,208,237,0,0,0,0.00014433126
adl-39-cam0-rgb,data/keypoints_normalized/adl/adl-39-cam0-rgb.npz,209,238,0,0,0,0.00014433126
adl-39-cam0-rgb,data/keypoints_normalized/adl/adl-39-cam0-rgb.npz,210,239,0,0,0,0.00014433126
adl-39-cam0-rgb,data/keypoints_normalized/adl/adl-39-cam0-rgb.npz,211,240,0,0,0,0.00014433126
adl-39-cam0-rgb,data/keypoints_normalized/adl/adl-39-cam0-rgb.npz,212,241,0,0,0,0.00014433126
adl-39-cam0-rgb,data/keypoints_normalized/adl/adl-39-cam0-rgb.npz,213,242,0,0,0,0.00014433126
adl-39-cam0-rgb,data/keypoints_normalized/adl/adl-39-cam0-rgb.npz,214,243,0,0,0,0.00014433126
adl-39-cam0-rgb,data/keypoints_normalized/adl/adl-39-cam0-rgb.npz,215,244,0,0,0,0.00014433126
adl-39-cam0-rgb,data/keypoints_normalized/adl/adl-39-cam0-rgb.npz,216,245,0,0,0,0.00014433126
adl-39-cam0-rgb,data/keypoints_normalized/adl/adl-39-cam0-rgb.npz,217,246,0,0,0,0.00014433126
fall-09-cam0-rgb,data/keypoints_normalized/fall/fall-09-cam0-rgb.npz,1,30,0,0,0,0.00013840287
fall-09-cam0-rgb,data/keypoints_normalized/fall/fall-09-cam0-rgb.npz,2,31,0,0,0,0.00013998419
fall-09-cam0-rgb,data/keypoints_normalized/fall/fall-09-cam0-rgb.npz,3,32,0,0,0,0.00014110922
fall-09-cam0-rgb,data/keypoints_normalized/fall/fall-09-cam0-rgb.npz,4,33,0,0,0,0.00014227412
fall-09-cam0-rgb,data/keypoints_normalized/fall/fall-09-cam0-rgb.npz,5,34,0,0,0,0.00014366151
fall-09-cam0-rgb,data/keypoints_normalized/fall/fall-09-cam0-rgb.npz,6,35,0,0,0,0.00014522986
fall-09-cam0-rgb,data/keypoints_normalized/fall/fall-09-cam0-rgb.npz,7,36,0,0,0,0.00014662466
fall-09-cam0-rgb,data/keypoints_normalized/fall/fall-09-cam0-rgb.npz,8,37,0,0,0,0.00014830186
fall-09-cam0-rgb,data/keypoints_normalized/fall/fall-09-cam0-rgb.npz,9,38,0,0,0,0.00015045145
fall-09-cam0-rgb,data/keypoints_normalized/fall/fall-09-cam0-rgb.npz,10,39,0,0,0,0.00015242276
fall-09-cam0-rgb,data/keypoints_normalized/fall/fall-09-cam0-rgb.npz,11,40,0,0,0,0.00015444611
fall-09-cam0-rgb,data/keypoints_normalized/fall/fall-09-cam0-rgb.npz,12,41,0,0,0,0.0001567867
fall-09-cam0-rgb,data/keypoints_normalized/fall/fall-09-cam0-rgb.npz,13,42,0,0,0,0.00015890373
fall-09-cam0-rgb,data/keypoints_normalized/fall/fall-09-cam0-rgb.npz,14,43,0,0,0,0.00016147744
fall-09-cam0-rgb,data/keypoints_normalized/fall/fall-09-cam0-rgb.npz,15,44,0,0,0,0.00016350912
fall-09-cam0-rgb,data/keypoints_normalized/fall/fall-09-cam0-rgb.npz,16,45,0,0,0,0.0001651133
fall-09-cam0-rgb,data/keypoints_normalized/fall/fall-09-cam0-rgb.npz,17,46,0,0,0,0.00016637253
fall-09-cam0-rgb,data/keypoints_normalized/fall/fall-09-cam0-rgb.npz,18,47,0,0,0,0.00016692965
fall-09-cam0-rgb,data/keypoints_normalized/fall/fall-09-cam0-rgb.npz,19,48,0,0,0,0.00016598876
fall-09-cam0-rgb,data/keypoints_normalized/fall/fall-09-cam0-rgb.npz,20,49,0,0,0,0.0001647197
fall-09-cam0-rgb,data/keypoints_normalized/fall/fall-09-cam0-rgb.npz,21,50,0,0,0,0.00016290098
fall-09-cam0-rgb,data/keypoints_normalized/fall/fall-09-cam0-rgb.npz,22,51,0,0,0,0.00016018952
fall-09-cam0-rgb,data/keypoints_normalized/fall/fall-09-cam0-rgb.npz,23,52,0,0,0,0.00015747681
fall-09-cam0-rgb,data/keypoints_normalized/fall/fall-09-cam0-rgb.npz,24,53,0,0,0,0.00015477945
fall-09-cam0-rgb,data/keypoints_normalized/fall/fall-09-cam0-rgb.npz,25,54,0,0,0,0.00015224976
fall-09-cam0-rgb,data/keypoints_normalized/fall/fall-09-cam0-rgb.npz,26,55,0,0,0,0.00015048875
fall-09-cam0-rgb,data/keypoints_normalized/fall/fall-09-cam0-rgb.npz,27,56,0,0,0,0.0001484872
fall-09-cam0-rgb,data/keypoints_normalized/fall/fall-09-cam0-rgb.npz,28,57,0,0,0,0.00014621236
fall-09-cam0-rgb,data/keypoints_normalized/fall/fall-09-cam0-rgb.npz,29,58,0,0,0,0.00014384148
fall-09-cam0-rgb,data/keypoints_normalized/fall/fall-09-cam0-rgb.npz,30,59,0,0,0,0.00014050168
fall-09-cam0-rgb,data/keypoints_normalized/fall/fall-09-cam0-rgb.npz,31,60,0,0,0,0.00013790715
fall-09-cam0-rgb,data/keypoints_normalized/fall/fall-09-cam0-rgb.npz,32,61,0,0,0,0.00013575876
fall-09-cam0-rgb,data/keypoints_normalized/fall/fall-09-cam0-rgb.npz,33,62,0,0,0,0.0001342183
fall-09-cam0-rgb,data/keypoints_normalized/fall/fall-09-cam0-rgb.npz,34,63,0,0,0,0.00013305475
fall-09-cam0-rgb,data/keypoints_normalized/fall/fall-09-cam0-rgb.npz,35,64,0,0,0,0.00013249148
fall-09-cam0-rgb,data/keypoints_normalized/fall/fall-09-cam0-rgb.npz,36,65,0,0,0,0.00013242936
fall-09-cam0-rgb,data/keypoints_normalized/fall/fall-09-cam0-rgb.npz,37,66,0,0,0,0.00013236319
fall-09-cam0-rgb,data/keypoints_normalized/fall/fall-09-cam0-rgb.npz,38,67,0,0,0,0.0001330569
fall-09-cam0-rgb,data/keypoints_normalized/fall/fall-09-cam0-rgb.npz,39,68,0,0,0,0.00013341595
fall-09-cam0-rgb,data/keypoints_normalized/fall/fall-09-cam0-rgb.npz,40,69,0,0,0,0.00013435466
fall-09-cam0-rgb,data/keypoints_normalized/fall/fall-09-cam0-rgb.npz,41,70,0,0,0,0.00013529921
fall-09-cam0-rgb,data/keypoints_normalized/fall/fall-09-cam0-rgb.npz,42,71,0,0,0,0.00013638599
fall-09-cam0-rgb,data/keypoints_normalized/fall/fall-09-cam0-rgb.npz,43,72,0,0,0,0.00013863335
fall-09-cam0-rgb,data/keypoints_normalized/fall/fall-09-cam0-rgb.npz,44,73,0,0,0,0.00014074935
fall-09-cam0-rgb,data/keypoints_normalized/fall/fall-09-cam0-rgb.npz,45,74,0,0,0,0.00014456335
fall-09-cam0-rgb,data/keypoints_normalized/fall/fall-09-cam0-rgb.npz,46,75,0,0,0,0.00015204563
fall-09-cam0-rgb,data/keypoints_normalized/fall/fall-09-cam0-rgb.npz,47,76,0,0,0,0.00016498141
fall-09-cam0-rgb,data/keypoints_normalized/fall/fall-09-cam0-rgb.npz,48,77,0,0,0,0.00016573083
fall-09-cam0-rgb,data/keypoints_normalized/fall/fall-09-cam0-rgb.npz,49,78,0,0,0,0.00016189678
fall-09-cam0-rgb,data/keypoints_normalized/fall/fall-09-cam0-rgb.npz,50,79,0,0,0,0.00015694209
fall-09-cam0-rgb,data/keypoints_normalized/fall/fall-09-cam0-rgb.npz,51,80,0,0,0,0.00015232454
fall-09-cam0-rgb,data/keypoints_normalized/fall/fall-09-cam0-rgb.npz,52,81,0,0,0,0.00014877378
fall-09-cam0-rgb,data/keypoints_normalized/fall/fall-09-cam0-rgb.npz,53,82,0,0,0,0.00014740055
fall-09-cam0-rgb,data/keypoints_normalized/fall/fall-09-cam0-rgb.npz,54,83,0,0,0,0.00014654221
fall-09-cam0-rgb,data/keypoints_normalized/fall/fall-09-cam0-rgb.npz,55,84,0,0,0,0.00014707595
fall-09-cam0-rgb,data/keypoints_normalized/fall/fall-09-cam0-rgb.npz,56,85,0,0,0,0.00014736853
fall-09-cam0-rgb,data/keypoints_normalized/fall/fall-09-cam0-rgb.npz,57,86,0,0,0,0.00014828234
fall-09-cam0-rgb,data/keypoints_normalized/fall/fall-09-cam0-rgb.npz,58,87,0,0,0,0.00014926771
fall-09-cam0-rgb,data/keypoints_normalized/fall/fall-09-cam0-rgb.npz,59,88,0,0,0,0.00014955606
fall-09-cam0-rgb,data/keypoints_normalized/fall/fall-09-cam0-rgb.npz,60,89,0,0,0,0.00014983554
fall-09-cam0-rgb,data/keypoints_normalized/fall/fall-09-cam0-rgb.npz,61,90,0,0,0,0.00015014746
fall-09-cam0-rgb,data/keypoints_normalized/fall/fall-09-cam0-rgb.npz,62,91,0,0,0,0.00015029946
fall-09-cam0-rgb,data/keypoints_normalized/fall/fall-09-cam0-rgb.npz,63,92,0,0,0,0.00015000124
fall-09-cam0-rgb,data/keypoints_normalized/fall/fall-09-cam0-rgb.npz,64,93,0,0,0,0.0001497227
fall-09-cam0-rgb,data/keypoints_normalized/fall/fall-09-cam0-rgb.npz,65,94,0,0,0,0.00014848863
fall-09-cam0-rgb,data/keypoints_normalized/fall/fall-09-cam0-rgb.npz,66,95,0,0,0,0.00014771489
fall-09-cam0-rgb,data/keypoints_normalized/fall/fall-09-cam0-rgb.npz,67,96,0,0,0,0.00014706403
fall-09-cam0-rgb,data/keypoints_normalized/fall/fall-09-cam0-rgb.npz,68,97,0,0,0,0.00014628867
fall-09-cam0-rgb,data/keypoints_normalized/fall/fall-09-cam0-rgb.npz,69,98,0,0,0,0.0001455808
fall-09-cam0-rgb,data/keypoints_normalized/fall/fall-09-cam0-rgb.npz,70,99,0,0,0,0.00014491114
fall-09-cam0-rgb,data/keypoints_normalized/fall/fall-09-cam0-rgb.npz,71,100,0,0,0,0.00014448674
fall-09-cam0-rgb,data/keypoints_normalized/fall/fall-09-cam0-rgb.npz,72,101,0,0,0,0.00014426344
fall-09-cam0-rgb,data/keypoints_normalized/fall/fall-09-cam0-rgb.npz,73,102,0,0,0,0.00014376223
fall-09-cam0-rgb,data/keypoints_normalized/fall/fall-09-cam0-rgb.npz,74,103,0,0,0,0.00014337397
fall-09-cam0-rgb,data/keypoints_normalized/fall/fall-09-cam0-rgb.npz,75,104,0,0,0,0.00014309425
fall-09-cam0-rgb,data/keypoints_normalized/fall/fall-09-cam0-rgb.npz,76,105,0,0,0,0.0001422375
fall-09-cam0-rgb,data/keypoints_normalized/fall/fall-09-cam0-rgb.npz,77,106,0,0,0,0.00014169305
fall-09-cam0-rgb,data/keypoints_normalized/fall/fall-09-cam0-rgb.npz,78,107,0,0,0,0.0001415213
fall-09-cam0-rgb,data/keypoints_normalized/fall/fall-09-cam0-rgb.npz,79,108,0,0,0,0.00014274401
fall-09-cam0-rgb,data/keypoints_normalized/fall/fall-09-cam0-rgb.npz,80,109,0,0,0,0.0001448371
fall-09-cam0-rgb,data/keypoints_normalized/fall/fall-09-cam0-rgb.npz,81,110,0,0,0,0.00014655363
fall-09-cam0-rgb,data/keypoints_normalized/fall/fall-09-cam0-rgb.npz,82,111,0,0,0,0.00014679616
fall-09-cam0-rgb,data/keypoints_normalized/fall/fall-09-cam0-rgb.npz,83,112,0,0,0,0.00014552345
fall-09-cam0-rgb,data/keypoints_normalized/fall/fall-09-cam0-rgb.npz,84,113,0,0,0,0.00014159581
fall-09-cam0-rgb,data/keypoints_normalized/fall/fall-09-cam0-rgb.npz,85,114,0,0,0,0.00013796186
fall-09-cam0-rgb,data/keypoints_normalized/fall/fall-09-cam0-rgb.npz,86,115,0,0,0,0.00013466197
fall-09-cam0-rgb,data/keypoints_normalized/fall/fall-09-cam0-rgb.npz,87,116,0,0,0,0.00013134202
fall-09-cam0-rgb,data/keypoints_normalized/fall/fall-09-cam0-rgb.npz,88,117,0,0,0,0.00012780464
fall-09-cam0-rgb,data/keypoints_normalized/fall/fall-09-cam0-rgb.npz,89,118,0,0,0,0.00012454216
fall-09-cam0-rgb,data/keypoints_normalized/fall/fall-09-cam0-rgb.npz,90,119,0,0,0,0.00012184825
fall-09-cam0-rgb,data/keypoints_normalized/fall/fall-09-cam0-rgb.npz,91,120,0,0,0,0.00011914326
fall-09-cam0-rgb,data/keypoints_normalized/fall/fall-09-cam0-rgb.npz,92,121,0,0,0,0.00011711327
fall-09-cam0-rgb,data/keypoints_normalized/fall/fall-09-cam0-rgb.npz,93,122,0,0,0,0.00011519298
fall-09-cam0-rgb,data/keypoints_normalized/fall/fall-09-cam0-rgb.npz,94,123,0,0,0,0.00011374756
fall-09-cam0-rgb,data/keypoints_normalized/fall/fall-09-cam0-rgb.npz,95,124,0,0,0,0.00011263777
fall-09-cam0-rgb,data/keypoints_normalized/fall/fall-09-cam0-rgb.npz,96,125,0,0,0,0.00011057933
fall-09-cam0-rgb,data/keypoints_normalized/fall/fall-09-cam0-rgb.npz,97,126,0,0,0,0.000109791305
fall-09-cam0-rgb,data/keypoints_normalized/fall/fall-09-cam0-rgb.npz,98,127,0,0,0,0.00010913475
fall-09-cam0-rgb,data/keypoints_normalized/fall/fall-09-cam0-rgb.npz,99,128,0,0,0,0.00010877486
fall-09-cam0-rgb,data/keypoints_normalized/fall/fall-09-cam0-rgb.npz,100,129,0,0,0,0.000108696055
fall-09-cam0-rgb,data/keypoints_normalized/fall/fall-09-cam0-rgb.npz,101,130,0,0,0,0.000108966095
fall-09-cam0-rgb,data/keypoints_normalized/fall/fall-09-cam0-rgb.npz,102,131,0,0,0,0.00011248685
fall-09-cam0-rgb,data/keypoints_normalized/fall/fall-09-cam0-rgb.npz,103,132,0,0,0,0.000117862764
fall-09-cam0-rgb,data/keypoints_normalized/fall/fall-09-cam0-rgb.npz,104,133,0,0,0,0.00012035318
fall-09-cam0-rgb,data/keypoints_normalized/fall/fall-09-cam0-rgb.npz,105,134,0,0,0,0.00012234015
fall-09-cam0-rgb,data/keypoints_normalized/fall/fall-09-cam0-rgb.npz,106,135,0,0,0,0.00012397165
fall-09-cam0-rgb,data/keypoints_normalized/fall/fall-09-cam0-rgb.npz,107,136,0,0,0,0.00012667626
fall-09-cam0-rgb,data/keypoints_normalized/fall/fall-09-cam0-rgb.npz,108,137,0,0,0,0.00012984077
fall-09-cam0-rgb,data/keypoints_normalized/fall/fall-09-cam0-rgb.npz,109,138,0,0,0,0.00013322131
fall-09-cam0-rgb,data/keypoints_normalized/fall/fall-09-cam0-rgb.npz,110,139,0,0,0,0.00020162722
fall-09-cam0-rgb,data/keypoints_normalized/fall/fall-09-cam0-rgb.npz,111,140,0,0,0,0.00023384848
fall-09-cam0-rgb,data/keypoints_normalized/fall/fall-09-cam0-rgb.npz,112,141,0,0,0,0.00028309986
fall-09-cam0-rgb,data/keypoints_normalized/fall/fall-09-cam0-rgb.npz,113,142,0,0,0,0.00036875848
fall-09-cam0-rgb,data/keypoints_normalized/fall/fall-09-cam0-rgb.npz,114,143,0,0,0,0.00066259503
fall-09-cam0-rgb,data/keypoints_normalized/fall/fall-09-cam0-rgb.npz,115,144,0,0,0,0.0012140395
fall-09-cam0-rgb,data/keypoints_normalized/fall/fall-09-cam0-rgb.npz,116,145,0,0,0,0.0030424036
fall-09-cam0-rgb,data/keypoints_normalized/fall/fall-09-cam0-rgb.npz,117,146,0,0,0,0.01215823
fall-09-cam0-rgb,data/keypoints_normalized/fall/fall-09-cam0-rgb.npz,118,147,0,0,0,0.06751598
fall-09-cam0-rgb,data/keypoints_normalized/fall/fall-09-cam0-rgb.npz,119,148,0,0,0,0.26886922
fall-09-cam0-rgb,data/keypoints_normalized/fall/fall-09-cam0-rgb.npz,120,149,0,0,1,0.68265325
fall-09-cam0-rgb,data/keypoints_normalized/fall/fall-09-cam0-rgb.npz,122,151,1,1,1,0.979742
fall-09-cam0-rgb,data/keypoints_normalized/fall/fall-09-cam0-rgb.npz,123,152,1,1,1,0.9943393
fall-09-cam0-rgb,data/keypoints_normalized/fall/fall-09-cam0-rgb.npz,124,153,1,1,1,0.99811894
fall-09-cam0-rgb,data/keypoints_normalized/fall/fall-09-cam0-rgb.npz,125,154,1,1,1,0.99925274
fall-09-cam0-rgb,data/keypoints_normalized/fall/fall-09-cam0-rgb.npz,126,155,1,1,1,0.9996487
fall-09-cam0-rgb,data/keypoints_normalized/fall/fall-09-cam0-rgb.npz,127,156,1,1,1,0.99986315
fall-09-cam0-rgb,data/keypoints_normalized/fall/fall-09-cam0-rgb.npz,128,157,1,1,1,0.9999331
fall-09-cam0-rgb,data/keypoints_normalized/fall/fall-09-cam0-rgb.npz,129,158,1,1,1,0.9999465
fall-09-cam0-rgb,data/keypoints_normalized/fall/fall-09-cam0-rgb.npz,130,159,1,1,1,0.9999535
fall-09-cam0-rgb,data/keypoints_normalized/fall/fall-09-cam0-rgb.npz,131,160,1,1,1,0.9999583
fall-09-cam0-rgb,data/keypoints_normalized/fall/fall-09-cam0-rgb.npz,132,161,1,1,1,0.9999627
fall-09-cam0-rgb,data/keypoints_normalized/fall/fall-09-cam0-rgb.npz,133,162,1,1,1,0.99996483
fall-09-cam0-rgb,data/keypoints_normalized/fall/fall-09-cam0-rgb.npz,134,163,1,1,1,0.99996305
fall-09-cam0-rgb,data/keypoints_normalized/fall/fall-09-cam0-rgb.npz,135,164,1,1,1,0.9999465
fall-09-cam0-rgb,data/keypoints_normalized/fall/fall-09-cam0-rgb.npz,136,165,1,1,1,0.9999008
fall-09-cam0-rgb,data/keypoints_normalized/fall/fall-09-cam0-rgb.npz,137,166,1,1,1,0.99985707
fall-09-cam0-rgb,data/keypoints_normalized/fall/fall-09-cam0-rgb.npz,138,167,1,1,1,0.99975926
fall-09-cam0-rgb,data/keypoints_normalized/fall/fall-09-cam0-rgb.npz,139,168,1,1,1,0.9994418
fall-09-cam0-rgb,data/keypoints_normalized/fall/fall-09-cam0-rgb.npz,140,169,1,1,1,0.99869376
fall-09-cam0-rgb,data/keypoints_normalized/fall/fall-09-cam0-rgb.npz,141,170,1,1,1,0.9974814
fall-09-cam0-rgb,data/keypoints_normalized/fall/fall-09-cam0-rgb.npz,142,171,1,1,1,0.99809855
fall-09-cam0-rgb,data/keypoints_normalized/fall/fall-09-cam0-rgb.npz,143,172,1,1,1,0.99576265
fall-09-cam0-rgb,data/keypoints_normalized/fall/fall-09-cam0-rgb.npz,144,173,1,1,1,0.98856187
fall-09-cam0-rgb,data/keypoints_normalized/fall/fall-09-cam0-rgb.npz,145,174,1,1,1,0.9948644
fall-09-cam0-rgb,data/keypoints_normalized/fall/fall-09-cam0-rgb.npz,146,175,1,1,1,0.98605937
fall-09-cam0-rgb,data/keypoints_normalized/fall/fall-09-cam0-rgb.npz,147,176,1,1,1,0.9482284
fall-09-cam0-rgb,data/keypoints_normalized/fall/fall-09-cam0-rgb.npz,148,177,1,1,1,0.85778
fall-09-cam0-rgb,data/keypoints_normalized/fall/fall-09-cam0-rgb.npz,149,178,1,1,1,0.9323652
fall-09-cam0-rgb,data/keypoints_normalized/fall/fall-09-cam0-rgb.npz,150,179,1,1,1,0.6638098
fall-09-cam0-rgb,data/keypoints_normalized/fall/fall-09-cam0-rgb.npz,151,180,1,1,0,0.2140174
fall-09-cam0-rgb,data/keypoints_normalized/fall/fall-09-cam0-rgb.npz,152,181,1,1,0,0.014250525
fall-09-cam0-rgb,data/keypoints_normalized/fall/fall-09-cam0-rgb.npz,153,182,1,1,0,0.006073387
fall-09-cam0-rgb,data/keypoints_normalized/fall/fall-09-cam0-rgb.npz,154,183,1,1,0,0.0034161848
fall-09-cam0-rgb,data/keypoints_normalized/fall/fall-09-cam0-rgb.npz,155,184,1,1,0,0.002324897
fall-09-cam0-rgb,data/keypoints_normalized/fall/fall-09-cam0-rgb.npz,156,185,1,1,0,0.0018484138
fall-16-cam0-rgb,data/keypoints_normalized/fall/fall-16-cam0-rgb.npz,1,30,0,0,0,0.0001387627
fall-16-cam0-rgb,data/keypoints_normalized/fall/fall-16-cam0-rgb.npz,2,31,0,0,0,0.00010468744
fall-16-cam0-rgb,data/keypoints_normalized/fall/fall-16-cam0-rgb.npz,3,32,0,0,0,0.000105662475
fall-16-cam0-rgb,data/keypoints_normalized/fall/fall-16-cam0-rgb.npz,4,33,0,0,0,0.000107475134
fall-16-cam0-rgb,data/keypoints_normalized/fall/fall-16-cam0-rgb.npz,5,34,0,0,0,0.00010740342
fall-16-cam0-rgb,data/keypoints_normalized/fall/fall-16-cam0-rgb.npz,6,35,0,0,0,0.0001113025
fall-16-cam0-rgb,data/keypoints_normalized/fall/fall-16-cam0-rgb.npz,7,36,0,0,0,0.00011546724
fall-16-cam0-rgb,data/keypoints_normalized/fall/fall-16-cam0-rgb.npz,8,37,0,0,0,0.00015892707
fall-16-cam0-rgb,data/keypoints_normalized/fall/fall-16-cam0-rgb.npz,9,38,0,0,0,0.00016951465
fall-16-cam0-rgb,data/keypoints_normalized/fall/fall-16-cam0-rgb.npz,10,39,0,0,0,0.00018150442
fall-16-cam0-rgb,data/keypoints_normalized/fall/fall-16-cam0-rgb.npz,11,40,0,0,0,0.00019983579
fall-16-cam0-rgb,data/keypoints_normalized/fall/fall-16-cam0-rgb.npz,12,41,0,0,0,0.00022895244
fall-16-cam0-rgb,data/keypoints_normalized/fall/fall-16-cam0-rgb.npz,13,42,0,0,0,0.0002908513
fall-16-cam0-rgb,data/keypoints_normalized/fall/fall-16-cam0-rgb.npz,14,43,0,0,0,0.000392942
fall-16-cam0-rgb,data/keypoints_normalized/fall/fall-16-cam0-rgb.npz,15,44,0,0,0,0.0005733018
fall-16-cam0-rgb,data/keypoints_normalized/fall/fall-16-cam0-rgb.npz,16,45,0,0,0,0.0009438386
fall-16-cam0-rgb,data/keypoints_normalized/fall/fall-16-cam0-rgb.npz,18,47,1,1,0,0.008405454
fall-16-cam0-rgb,data/keypoints_normalized/fall/fall-16-cam0-rgb.npz,19,48,1,1,0,0.069349706
fall-16-cam0-rgb,data/keypoints_normalized/fall/fall-16-cam0-rgb.npz,20,49,1,1,0,0.44859207
fall-16-cam0-rgb,data/keypoints_normalized/fall/fall-16-cam0-rgb.npz,21,50,1,1,1,0.87401205
fall-16-cam0-rgb,data/keypoints_normalized/fall/fall-16-cam0-rgb.npz,22,51,1,1,1,0.9771632
fall-16-cam0-rgb,data/keypoints_normalized/fall/fall-16-cam0-rgb.npz,23,52,1,1,1,0.99461335
fall-16-cam0-rgb,data/keypoints_normalized/fall/fall-16-cam0-rgb.npz,24,53,1,1,1,0.9983197
fall-16-cam0-rgb,data/keypoints_normalized/fall/fall-16-cam0-rgb.npz,25,54,1,1,1,0.99933785
fall-16-cam0-rgb,data/keypoints_normalized/fall/fall-16-cam0-rgb.npz,26,55,1,1,1,0.999684
fall-17-cam0-rgb,data/keypoints_normalized/fall/fall-17-cam0-rgb.npz,1,30,0,0,0,0.00012511804
fall-17-cam0-rgb,data/keypoints_normalized/fall/fall-17-cam0-rgb.npz,2,31,0,0,0,0.00012618871
fall-17-cam0-rgb,data/keypoints_normalized/fall/fall-17-cam0-rgb.npz,3,32,0,0,0,0.00012659028
fall-17-cam0-rgb,data/keypoints_normalized/fall/fall-17-cam0-rgb.npz,4,33,0,0,0,0.00012742363
fall-17-cam0-rgb,data/keypoints_normalized/fall/fall-17-cam0-rgb.npz,5,34,0,0,0,0.00012834821
fall-17-cam0-rgb,data/keypoints_normalized/fall/fall-17-cam0-rgb.npz,6,35,0,0,0,0.00012935055
fall-17-cam0-rgb,data/keypoints_normalized/fall/fall-17-cam0-rgb.npz,7,36,0,0,0,0.00013006259
fall-17-cam0-rgb,data/keypoints_normalized/fall/fall-17-cam0-rgb.npz,8,37,0,0,0,0.00013099445
fall-17-cam0-rgb,data/keypoints_normalized/fall/fall-17-cam0-rgb.npz,9,38,0,0,0,0.0001319272
fall-17-cam0-rgb,data/keypoints_normalized/fall/fall-17-cam0-rgb.npz,10,39,0,0,0,0.00013256427
fall-17-cam0-rgb,data/keypoints_normalized/fall/fall-17-cam0-rgb.npz,11,40,0,0,0,0.00013318322
fall-17-cam0-rgb,data/keypoints_normalized/fall/fall-17-cam0-rgb.npz,12,41,0,0,0,0.00013345067
fall-17-cam0-rgb,data/keypoints_normalized/fall/fall-17-cam0-rgb.npz,13,42,0,0,0,0.00013375733
fall-17-cam0-rgb,data/keypoints_normalized/fall/fall-17-cam0-rgb.npz,14,43,0,0,0,0.00013372135
fall-17-cam0-rgb,data/keypoints_normalized/fall/fall-17-cam0-rgb.npz,15,44,0,0,0,0.00013333264
fall-17-cam0-rgb,data/keypoints_normalized/fall/fall-17-cam0-rgb.npz,16,45,0,0,0,0.00013319222
fall-17-cam0-rgb,data/keypoints_normalized/fall/fall-17-cam0-rgb.npz,17,46,0,0,0,0.0001327668
fall-17-cam0-rgb,data/keypoints_normalized/fall/fall-17-cam0-rgb.npz,18,47,0,0,0,0.00013204663
fall-17-cam0-rgb,data/keypoints_normalized/fall/fall-17-cam0-rgb.npz,19,48,0,0,0,0.00013122697
fall-17-cam0-rgb,data/keypoints_normalized/fall/fall-17-cam0-rgb.npz,20,49,0,0,0,0.00013002563
fall-17-cam0-rgb,data/keypoints_normalized/fall/fall-17-cam0-rgb.npz,21,50,0,0,0,0.00012912933
fall-17-cam0-rgb,data/keypoints_normalized/fall/fall-17-cam0-rgb.npz,22,51,0,0,0,0.00012827823
fall-17-cam0-rgb,data/keypoints_normalized/fall/fall-17-cam0-rgb.npz,23,52,0,0,0,0.0001271235
fall-17-cam0-rgb,data/keypoints_normalized/fall/fall-17-cam0-rgb.npz,24,53,0,0,0,0.00012650774
fall-17-cam0-rgb,data/keypoints_normalized/fall/fall-17-cam0-rgb.npz,25,54,0,0,0,0.00012562276
fall-17-cam0-rgb,data/keypoints_normalized/fall/fall-17-cam0-rgb.npz,26,55,0,0,0,0.00012514812
fall-17-cam0-rgb,data/keypoints_normalized/fall/fall-17-cam0-rgb.npz,27,56,0,0,0,0.00012481287
fall-17-cam0-rgb,data/keypoints_normalized/fall/fall-17-cam0-rgb.npz,28,57,0,0,0,0.00012454027
fall-17-cam0-rgb,data/keypoints_normalized/fall/fall-17-cam0-rgb.npz,29,58,0,0,0,0.00012449622
fall-17-cam0-rgb,data/keypoints_normalized/fall/fall-17-cam0-rgb.npz,30,59,0,0,0,0.00012478062
fall-17-cam0-rgb,data/keypoints_normalized/fall/fall-17-cam0-rgb.npz,31,60,0,0,0,0.00012488489
fall-17-cam0-rgb,data/keypoints_normalized/fall/fall-17-cam0-rgb.npz,32,61,0,0,0,0.00012532102
fall-17-cam0-rgb,data/keypoints_normalized/fall/fall-17-cam0-rgb.npz,33,62,0,0,0,0.00012620435
fall-17-cam0-rgb,data/keypoints_normalized/fall/fall-17-cam0-rgb.npz,34,63,0,0,0,0.00012679941
fall-17-cam0-rgb,data/keypoints_normalized/fall/fall-17-cam0-rgb.npz,35,64,0,0,0,0.0001281721
fall-17-cam0-rgb,data/keypoints_normalized/fall/fall-17-cam0-rgb.npz,36,65,0,0,0,0.00013027209
fall-17-cam0-rgb,data/keypoints_normalized/fall/fall-17-cam0-rgb.npz,37,66,0,0,0,0.00013523936
fall-17-cam0-rgb,data/keypoints_normalized/fall/fall-17-cam0-rgb.npz,38,67,0,0,0,0.000146583
fall-17-cam0-rgb,data/keypoints_normalized/fall/fall-17-cam0-rgb.npz,39,68,0,0,0,0.0001633301
fall-17-cam0-rgb,data/keypoints_normalized/fall/fall-17-cam0-rgb.npz,40,69,0,0,0,0.00017764603
fall-17-cam0-rgb,data/keypoints_normalized/fall/fall-17-cam0-rgb.npz,41,70,0,0,0,0.00019108865
fall-17-cam0-rgb,data/keypoints_normalized/fall/fall-17-cam0-rgb.npz,42,71,0,0,0,0.00020530619
fall-17-cam0-rgb,data/keypoints_normalized/fall/fall-17-cam0-rgb.npz,43,72,0,0,0,0.00022473262
fall-17-cam0-rgb,data/keypoints_normalized/fall/fall-17-cam0-rgb.npz,44,73,0,0,0,0.0002493944
fall-17-cam0-rgb,data/keypoints_normalized/fall/fall-17-cam0-rgb.npz,45,74,0,0,0,0.00028299162
fall-17-cam0-rgb,data/keypoints_normalized/fall/fall-17-cam0-rgb.npz,46,75,0,0,0,0.00032979035
fall-17-cam0-rgb,data/keypoints_normalized/fall/fall-17-cam0-rgb.npz,47,76,0,0,0,0.0003972341
fall-17-cam0-rgb,data/keypoints_normalized/fall/fall-17-cam0-rgb.npz,48,77,0,0,0,0.0004932055
fall-17-cam0-rgb,data/keypoints_normalized/fall/fall-17-cam0-rgb.npz,49,78,0,0,0,0.000630299
fall-17-cam0-rgb,data/keypoints_normalized/fall/fall-17-cam0-rgb.npz,50,79,0,0,0,0.00083915045
fall-17-cam0-rgb,data/keypoints_normalized/fall/fall-17-cam0-rgb.npz,51,80,0,0,0,0.0011627454
fall-17-cam0-rgb,data/keypoints_normalized/fall/fall-17-cam0-rgb.npz,52,81,0,0,0,0.0016835828
fall-17-cam0-rgb,data/keypoints_normalized/fall/fall-17-cam0-rgb.npz,53,82,0,0,0,0.0025744925
fall-17-cam0-rgb,data/keypoints_normalized/fall/fall-17-cam0-rgb.npz,54,83,0,0,0,0.0041751247
fall-17-cam0-rgb,data/keypoints_normalized/fall/fall-17-cam0-rgb.npz,55,84,0,0,0,0.007406588
fall-17-cam0-rgb,data/keypoints_normalized/fall/fall-17-cam0-rgb.npz,56,85,0,0,0,0.014843856
fall-17-cam0-rgb,data/keypoints_normalized/fall/fall-17-cam0-rgb.npz,57,86,0,0,0,0.03206797
fall-17-cam0-rgb,data/keypoints_normalized/fall/fall-17-cam0-rgb.npz,58,87,0,0,0,0.07004495
fall-17-cam0-rgb,data/keypoints_normalized/fall/fall-17-cam0-rgb.npz,60,89,1,1,0,0.23081775
fall-17-cam0-rgb,data/keypoints_normalized/fall/fall-17-cam0-rgb.npz,61,90,1,1,0,0.30416483
fall-17-cam0-rgb,data/keypoints_normalized/fall/fall-17-cam0-rgb.npz,62,91,1,1,0,0.31993884
fall-17-cam0-rgb,data/keypoints_normalized/fall/fall-17-cam0-rgb.npz,63,92,1,1,1,0.87233084
fall-17-cam0-rgb,data/keypoints_normalized/fall/fall-17-cam0-rgb.npz,64,93,1,1,1,0.7742683
fall-17-cam0-rgb,data/keypoints_normalized/fall/fall-17-cam0-rgb.npz,65,94,1,1,1,0.5158608
fall-17-cam0-rgb,data/keypoints_normalized/fall/fall-17-cam0-rgb.npz,66,95,1,1,0,0.0014743612
fall-18-cam0-rgb,data/keypoints_normalized/fall/fall-18-cam0-rgb.npz,1,30,0,0,0,9.956118e-05
fall-18-cam0-rgb,data/keypoints_normalized/fall/fall-18-cam0-rgb.npz,2,31,0,0,0,0.0001002252
fall-18-cam0-rgb,data/keypoints_normalized/fall/fall-18-cam0-rgb.npz,3,32,0,0,0,0.000100990794
fall-18-cam0-rgb,data/keypoints_normalized/fall/fall-18-cam0-rgb.npz,4,33,0,0,0,0.00010168014
fall-18-cam0-rgb,data/keypoints_normalized/fall/fall-18-cam0-rgb.npz,5,34,0,0,0,0.00010266653
fall-18-cam0-rgb,data/keypoints_normalized/fall/fall-18-cam0-rgb.npz,6,35,0,0,0,0.00010355261
fall-18-cam0-rgb,data/keypoints_normalized/fall/fall-18-cam0-rgb.npz,7,36,0,0,0,0.00010440928
fall-18-cam0-rgb,data/keypoints_normalized/fall/fall-18-cam0-rgb.npz,8,37,0,0,0,0.0001053552
fall-18-cam0-rgb,data/keypoints_normalized/fall/fall-18-cam0-rgb.npz,9,38,0,0,0,0.00010613303
fall-18-cam0-rgb,data/keypoints_normalized/fall/fall-18-cam0-rgb.npz,10,39,0,0,0,0.00010693946
fall-18-cam0-rgb,data/keypoints_normalized/fall/fall-18-cam0-rgb.npz,11,40,0,0,0,0.00010809284
fall-18-cam0-rgb,data/keypoints_normalized/fall/fall-18-cam0-rgb.npz,12,41,0,0,0,0.00011032192
fall-18-cam0-rgb,data/keypoints_normalized/fall/fall-18-cam0-rgb.npz,13,42,0,0,0,0.00013038989
fall-18-cam0-rgb,data/keypoints_normalized/fall/fall-18-cam0-rgb.npz,14,43,0,0,0,0.00015198738
fall-18-cam0-rgb,data/keypoints_normalized/fall/fall-18-cam0-rgb.npz,15,44,0,0,0,0.0001982997
fall-18-cam0-rgb,data/keypoints_normalized/fall/fall-18-cam0-rgb.npz,17,46,1,1,0,0.0020147602
fall-18-cam0-rgb,data/keypoints_normalized/fall/fall-18-cam0-rgb.npz,18,47,1,1,0,0.04356488
fall-18-cam0-rgb,data/keypoints_normalized/fall/fall-18-cam0-rgb.npz,19,48,1,1,0,0.45874602
fall-18-cam0-rgb,data/keypoints_normalized/fall/fall-18-cam0-rgb.npz,20,49,1,1,1,0.8968653
fall-18-cam0-rgb,data/keypoints_normalized/fall/fall-18-cam0-rgb.npz,21,50,1,1,1,0.9774489
fall-18-cam0-rgb,data/keypoints_normalized/fall/fall-18-cam0-rgb.npz,22,51,1,1,1,0.99808645
fall-18-cam0-rgb,data/keypoints_normalized/fall/fall-18-cam0-rgb.npz,23,52,1,1,1,0.9990509
fall-18-cam0-rgb,data/keypoints_normalized/fall/fall-18-cam0-rgb.npz,24,53,1,1,1,0.9994518
fall-18-cam0-rgb,data/keypoints_normalized/fall/fall-18-cam0-rgb.npz,25,54,1,1,1,0.9995888
fall-18-cam0-rgb,data/keypoints_normalized/fall/fall-18-cam0-rgb.npz,26,55,1,1,1,0.99967957
fall-18-cam0-rgb,data/keypoints_normalized/fall/fall-18-cam0-rgb.npz,27,56,1,1,1,0.99968326
fall-18-cam0-rgb,data/keypoints_normalized/fall/fall-18-cam0-rgb.npz,28,57,1,1,1,0.99967635
fall-18-cam0-rgb,data/keypoints_normalized/fall/fall-18-cam0-rgb.npz,29,58,1,1,1,0.9996661
fall-18-cam0-rgb,data/keypoints_normalized/fall/fall-18-cam0-rgb.npz,30,59,1,1,1,0.9996731
fall-18-cam0-rgb,data/keypoints_normalized/fall/fall-18-cam0-rgb.npz,31,60,1,1,1,0.999671
fall-18-cam0-rgb,data/keypoints_normalized/fall/fall-18-cam0-rgb.npz,32,61,1,1,1,0.9996716
fall-18-cam0-rgb,data/keypoints_normalized/fall/fall-18-cam0-rgb.npz,33,62,1,1,1,0.9996731
fall-18-cam0-rgb,data/keypoints_normalized/fall/fall-18-cam0-rgb.npz,34,63,1,1,1,0.9997327
fall-18-cam0-rgb,data/keypoints_normalized/fall/fall-18-cam0-rgb.npz,35,64,1,1,1,0.99973303
fall-18-cam0-rgb,data/keypoints_normalized/fall/fall-18-cam0-rgb.npz,36,65,1,1,1,0.99997354
fall-19-cam0-rgb,data/keypoints_normalized/fall/fall-19-cam0-rgb.npz,1,30,0,0,0,0.00014138129
fall-19-cam0-rgb,data/keypoints_normalized/fall/fall-19-cam0-rgb.npz,2,31,0,0,0,0.00014134125
fall-19-cam0-rgb,data/keypoints_normalized/fall/fall-19-cam0-rgb.npz,3,32,0,0,0,0.0001410113
fall-19-cam0-rgb,data/keypoints_normalized/fall/fall-19-cam0-rgb.npz,4,33,0,0,0,0.00014094543
fall-19-cam0-rgb,data/keypoints_normalized/fall/fall-19-cam0-rgb.npz,5,34,0,0,0,0.00014085273
fall-19-cam0-rgb,data/keypoints_normalized/fall/fall-19-cam0-rgb.npz,6,35,0,0,0,0.00014087827
fall-19-cam0-rgb,data/keypoints_normalized/fall/fall-19-cam0-rgb.npz,7,36,0,0,0,0.00014079097
fall-19-cam0-rgb,data/keypoints_normalized/fall/fall-19-cam0-rgb.npz,8,37,0,0,0,0.00014051174
fall-19-cam0-rgb,data/keypoints_normalized/fall/fall-19-cam0-rgb.npz,9,38,0,0,0,0.00014045817
fall-19-cam0-rgb,data/keypoints_normalized/fall/fall-19-cam0-rgb.npz,10,39,0,0,0,0.0001402023
fall-19-cam0-rgb,data/keypoints_normalized/fall/fall-19-cam0-rgb.npz,11,40,0,0,0,0.00013980555
fall-19-cam0-rgb,data/keypoints_normalized/fall/fall-19-cam0-rgb.npz,12,41,0,0,0,0.00013921782
fall-19-cam0-rgb,data/keypoints_normalized/fall/fall-19-cam0-rgb.npz,13,42,0,0,0,0.00013837015
fall-19-cam0-rgb,data/keypoints_normalized/fall/fall-19-cam0-rgb.npz,14,43,0,0,0,0.00013750809
fall-19-cam0-rgb,data/keypoints_normalized/fall/fall-19-cam0-rgb.npz,15,44,0,0,0,0.00013715858
fall-19-cam0-rgb,data/keypoints_normalized/fall/fall-19-cam0-rgb.npz,16,45,0,0,0,0.00013962704
fall-19-cam0-rgb,data/keypoints_normalized/fall/fall-19-cam0-rgb.npz,17,46,0,0,0,0.0001410487
fall-19-cam0-rgb,data/keypoints_normalized/fall/fall-19-cam0-rgb.npz,18,47,0,0,0,0.00014368206
fall-19-cam0-rgb,data/keypoints_normalized/fall/fall-19-cam0-rgb.npz,19,48,0,0,0,0.0001535318
fall-19-cam0-rgb,data/keypoints_normalized/fall/fall-19-cam0-rgb.npz,20,49,0,0,0,0.000169356
fall-19-cam0-rgb,data/keypoints_normalized/fall/fall-19-cam0-rgb.npz,21,50,0,0,0,0.00019515486
fall-19-cam0-rgb,data/keypoints_normalized/fall/fall-19-cam0-rgb.npz,22,51,0,0,0,0.0002472708
fall-19-cam0-rgb,data/keypoints_normalized/fall/fall-19-cam0-rgb.npz,23,52,0,0,0,0.0003484084
fall-19-cam0-rgb,data/keypoints_normalized/fall/fall-19-cam0-rgb.npz,24,53,0,0,0,0.00056410395
fall-19-cam0-rgb,data/keypoints_normalized/fall/fall-19-cam0-rgb.npz,26,55,1,1,0,0.0025550616
fall-19-cam0-rgb,data/keypoints_normalized/fall/fall-19-cam0-rgb.npz,27,56,1,1,0,0.007443713
fall-19-cam0-rgb,data/keypoints_normalized/fall/fall-19-cam0-rgb.npz,28,57,1,1,0,0.025681468
fall-19-cam0-rgb,data/keypoints_normalized/fall/fall-19-cam0-rgb.npz,29,58,1,1,0,0.092753276
fall-19-cam0-rgb,data/keypoints_normalized/fall/fall-19-cam0-rgb.npz,30,59,1,1,0,0.28077605
fall-19-cam0-rgb,data/keypoints_normalized/fall/fall-19-cam0-rgb.npz,31,60,1,1,1,0.5739407
fall-19-cam0-rgb,data/keypoints_normalized/fall/fall-19-cam0-rgb.npz,32,61,1,1,1,0.79820675
fall-19-cam0-rgb,data/keypoints_normalized/fall/fall-19-cam0-rgb.npz,33,62,1,1,1,0.89981025
fall-19-cam0-rgb,data/keypoints_normalized/fall/fall-19-cam0-rgb.npz,34,63,1,1,1,0.9409317
fall-19-cam0-rgb,data/keypoints_normalized/fall/fall-19-cam0-rgb.npz,35,64,1,1,1,0.95258844
fall-19-cam0-rgb,data/keypoints_normalized/fall/fall-19-cam0-rgb.npz,36,65,1,1,1,0.9496169
fall-19-cam0-rgb,data/keypoints_normalized/fall/fall-19-cam0-rgb.npz,37,66,1,1,1,0.928843
fall-19-cam0-rgb,data/keypoints_normalized/fall/fall-19-cam0-rgb.npz,38,67,1,1,1,0.8815795
fall-19-cam0-rgb,data/keypoints_normalized/fall/fall-19-cam0-rgb.npz,39,68,1,1,1,0.80024743
fall-19-cam0-rgb,data/keypoints_normalized/fall/fall-19-cam0-rgb.npz,40,69,1,1,1,0.7478916
fall-19-cam0-rgb,data/keypoints_normalized/fall/fall-19-cam0-rgb.npz,41,70,1,1,1,0.69370687
fall-19-cam0-rgb,data/keypoints_normalized/fall/fall-19-cam0-rgb.npz,42,71,1,1,1,0.6500508
fall-19-cam0-rgb,data/keypoints_normalized/fall/fall-19-cam0-rgb.npz,43,72,1,1,1,0.9681789
fall-19-cam0-rgb,data/keypoints_normalized/fall/fall-19-cam0-rgb.npz,44,73,1,1,1,0.9301365
fall-19-cam0-rgb,data/keypoints_normalized/fall/fall-19-cam0-rgb.npz,45,74,1,1,0,0.30994073
fall-19-cam0-rgb,data/keypoints_normalized/fall/fall-19-cam0-rgb.npz,46,75,1,1,0,0.13670234
fall-19-cam0-rgb,data/keypoints_normalized/fall/fall-19-cam0-rgb.npz,47,76,1,1,0,0.010771858
fall-19-cam0-rgb,data/keypoints_normalized/fall/fall-19-cam0-rgb.npz,48,77,1,1,0,0.002705821
fall-19-cam0-rgb,data/keypoints_normalized/fall/fall-19-cam0-rgb.npz,49,78,1,1,0,0.00017088892
fall-19-cam0-rgb,data/keypoints_normalized/fall/fall-19-cam0-rgb.npz,50,79,1,1,0,0.000113954484
fall-19-cam0-rgb,data/keypoints_normalized/fall/fall-19-cam0-rgb.npz,51,80,1,1,0,0.00011336684
fall-20-cam0-rgb,data/keypoints_normalized/fall/fall-20-cam0-rgb.npz,1,30,0,0,0,0.0001659038
fall-20-cam0-rgb,data/keypoints_normalized/fall/fall-20-cam0-rgb.npz,2,31,0,0,0,0.00016922556
fall-20-cam0-rgb,data/keypoints_normalized/fall/fall-20-cam0-rgb.npz,3,32,0,0,0,0.00017301146
fall-20-cam0-rgb,data/keypoints_normalized/fall/fall-20-cam0-rgb.npz,4,33,0,0,0,0.00018015661
fall-20-cam0-rgb,data/keypoints_normalized/fall/fall-20-cam0-rgb.npz,5,34,0,0,0,0.0001849275
fall-20-cam0-rgb,data/keypoints_normalized/fall/fall-20-cam0-rgb.npz,6,35,0,0,0,0.00019216428
fall-20-cam0-rgb,data/keypoints_normalized/fall/fall-20-cam0-rgb.npz,7,36,0,0,0,0.00019996084
fall-20-cam0-rgb,data/keypoints_normalized/fall/fall-20-cam0-rgb.npz,8,37,0,0,0,0.00020672384
fall-20-cam0-rgb,data/keypoints_normalized/fall/fall-20-cam0-rgb.npz,9,38,0,0,0,0.00021341839
fall-20-cam0-rgb,data/keypoints_normalized/fall/fall-20-cam0-rgb.npz,10,39,0,0,0,0.00022035092
fall-20-cam0-rgb,data/keypoints_normalized/fall/fall-20-cam0-rgb.npz,11,40,0,0,0,0.00022905834
fall-20-cam0-rgb,data/keypoints_normalized/fall/fall-20-cam0-rgb.npz,12,41,0,0,0,0.0002393521
fall-20-cam0-rgb,data/keypoints_normalized/fall/fall-20-cam0-rgb.npz,13,42,0,0,0,0.00025177732
fall-20-cam0-rgb,data/keypoints_normalized/fall/fall-20-cam0-rgb.npz,14,43,0,0,0,0.00026770707
fall-20-cam0-rgb,data/keypoints_normalized/fall/fall-20-cam0-rgb.npz,15,44,0,0,0,0.0002864223
fall-20-cam0-rgb,data/keypoints_normalized/fall/fall-20-cam0-rgb.npz,16,45,0,0,0,0.0003088044
fall-20-cam0-rgb,data/keypoints_normalized/fall/fall-20-cam0-rgb.npz,17,46,0,0,0,0.0003339817
fall-20-cam0-rgb,data/keypoints_normalized/fall/fall-20-cam0-rgb.npz,19,48,1,1,0,0.00038892607
fall-20-cam0-rgb,data/keypoints_normalized/fall/fall-20-cam0-rgb.npz,20,49,1,1,0,0.0004196087
fall-20-cam0-rgb,data/keypoints_normalized/fall/fall-20-cam0-rgb.npz,21,50,1,1,0,0.00044951102
fall-20-cam0-rgb,data/keypoints_normalized/fall/fall-20-cam0-rgb.npz,22,51,1,1,0,0.00048516138
fall-20-cam0-rgb,data/keypoints_normalized/fall/fall-20-cam0-rgb.npz,23,52,1,1,0,0.00052922894
fall-20-cam0-rgb,data/keypoints_normalized/fall/fall-20-cam0-rgb.npz,24,53,1,1,0,0.0005920446
fall-20-cam0-rgb,data/keypoints_normalized/fall/fall-20-cam0-rgb.npz,25,54,1,1,0,0.00067960063
fall-20-cam0-rgb,data/keypoints_normalized/fall/fall-20-cam0-rgb.npz,26,55,1,1,0,0.00082148216
fall-20-cam0-rgb,data/keypoints_normalized/fall/fall-20-cam0-rgb.npz,27,56,1,1,0,0.0010852618
fall-20-cam0-rgb,data/keypoints_normalized/fall/fall-20-cam0-rgb.npz,28,57,1,1,0,0.0016821265
fall-20-cam0-rgb,data/keypoints_normalized/fall/fall-20-cam0-rgb.npz,29,58,1,1,0,0.0029873904
fall-20-cam0-rgb,data/keypoints_normalized/fall/fall-20-cam0-rgb.npz,30,59,1,1,0,0.0062282537
fall-20-cam0-rgb,data/keypoints_normalized/fall/fall-20-cam0-rgb.npz,31,60,1,1,0,0.01266052
fall-20-cam0-rgb,data/keypoints_normalized/fall/fall-20-cam0-rgb.npz,32,61,1,1,0,0.023478746
fall-20-cam0-rgb,data/keypoints_normalized/fall/fall-20-cam0-rgb.npz,33,62,1,1,0,0.03741049
fall-20-cam0-rgb,data/keypoints_normalized/fall/fall-20-cam0-rgb.npz,34,63,1,1,0,0.04816582
fall-20-cam0-rgb,data/keypoints_normalized/fall/fall-20-cam0-rgb.npz,35,64,1,1,0,0.051240005
fall-20-cam0-rgb,data/keypoints_normalized/fall/fall-20-cam0-rgb.npz,36,65,1,1,0,0.042643443
fall-20-cam0-rgb,data/keypoints_normalized/fall/fall-20-cam0-rgb.npz,37,66,1,1,0,0.02444819
fall-20-cam0-rgb,data/keypoints_normalized/fall/fall-20-cam0-rgb.npz,38,67,1,1,0,0.01283381
fall-20-cam0-rgb,data/keypoints_normalized/fall/fall-20-cam0-rgb.npz,39,68,1,1,0,0.006020105
fall-20-cam0-rgb,data/keypoints_normalized/fall/fall-20-cam0-rgb.npz,40,69,1,1,0,0.0023832766
fall-20-cam0-rgb,data/keypoints_normalized/fall/fall-20-cam0-rgb.npz,41,70,1,1,0,0.001066611
fall-20-cam0-rgb,data/keypoints_normalized/fall/fall-20-cam0-rgb.npz,42,71,1,1,0,0.00067563105
fall-20-cam0-rgb,data/keypoints_normalized/fall/fall-20-cam0-rgb.npz,43,72,1,1,0,0.00041835575
fall-20-cam0-rgb,data/keypoints_normalized/fall/fall-20-cam0-rgb.npz,44,73,1,1,0,0.00019344951
fall-20-cam0-rgb,data/keypoints_normalized/fall/fall-20-cam0-rgb.npz,45,74,1,1,0,0.00015731562
fall-20-cam0-rgb,data/keypoints_normalized/fall/fall-20-cam0-rgb.npz,46,75,1,1,0,0.00015164053
fall-20-cam0-rgb,data/keypoints_normalized/fall/fall-20-cam0-rgb.npz,47,76,1,1,0,0.00015387461
fall-20-cam0-rgb,data/keypoints_normalized/fall/fall-20-cam0-rgb.npz,48,77,1,1,0,0.00016384016
fall-20-cam0-rgb,data/keypoints_normalized/fall/fall-20-cam0-rgb.npz,49,78,1,1,0,0.00017527632
fall-20-cam0-rgb,data/keypoints_normalized/fall/fall-20-cam0-rgb.npz,50,79,1,1,0,0.0001708174
fall-20-cam0-rgb,data/keypoints_normalized/fall/fall-20-cam0-rgb.npz,51,80,1,1,0,0.00015657603
fall-20-cam0-rgb,data/keypoints_normalized/fall/fall-20-cam0-rgb.npz,52,81,1,1,0,0.00014834017
fall-20-cam0-rgb,data/keypoints_normalized/fall/fall-20-cam0-rgb.npz,53,82,1,1,0,0.00014953139
fall-20-cam0-rgb,data/keypoints_normalized/fall/fall-20-cam0-rgb.npz,54,83,1,1,0,0.00014593033
fall-20-cam0-rgb,data/keypoints_normalized/fall/fall-20-cam0-rgb.npz,55,84,1,1,0,0.00015052377
fall-20-cam0-rgb,data/keypoints_normalized/fall/fall-20-cam0-rgb.npz,56,85,1,1,0,0.0001461066
fall-20-cam0-rgb,data/keypoints_normalized/fall/fall-20-cam0-rgb.npz,57,86,1,1,0,0.00013594827
fall-20-cam0-rgb,data/keypoints_normalized/fall/fall-20-cam0-rgb.npz,58,87,1,1,0,0.00013808071
fall-20-cam0-rgb,data/keypoints_normalized/fall/fall-20-cam0-rgb.npz,59,88,1,1,0,0.00014028548
fall-20-cam0-rgb,data/keypoints_normalized/fall/fall-20-cam0-rgb.npz,60,89,1,1,0,0.00014370876
fall-20-cam0-rgb,data/keypoints_normalized/fall/fall-20-cam0-rgb.npz,61,90,1,1,0,0.00014645321
fall-20-cam0-rgb,data/keypoints_normalized/fall/fall-20-cam0-rgb.npz,62,91,1,1,0,0.00015230362
fall-20-cam0-rgb,data/keypoints_normalized/fall/fall-20-cam0-rgb.npz,63,92,1,1,0,0.0001610068
fall-20-cam0-rgb,data/keypoints_normalized/fall/fall-20-cam0-rgb.npz,64,93,1,1,0,0.00016937296
fall-20-cam0-rgb,data/keypoints_normalized/fall/fall-20-cam0-rgb.npz,65,94,1,1,0,0.00017885205
fall-20-cam0-rgb,data/keypoints_normalized/fall/fall-20-cam0-rgb.npz,66,95,1,1,0,0.00019055062
fall-20-cam0-rgb,data/keypoints_normalized/fall/fall-20-cam0-rgb.npz,67,96,1,1,0,0.00020165935
fall-20-cam0-rgb,data/keypoints_normalized/fall/fall-20-cam0-rgb.npz,68,97,1,1,0,0.00021633273
fall-20-cam0-rgb,data/keypoints_normalized/fall/fall-20-cam0-rgb.npz,69,98,1,1,0,0.00023025741
fall-20-cam0-rgb,data/keypoints_normalized/fall/fall-20-cam0-rgb.npz,70,99,1,1,0,0.00023848691
fall-20-cam0-rgb,data/keypoints_normalized/fall/fall-20-cam0-rgb.npz,71,100,1,1,0,0.00025001197
fall-20-cam0-rgb,data/keypoints_normalized/fall/fall-20-cam0-rgb.npz,72,101,1,1,0,0.00026870356
fall-20-cam0-rgb,data/keypoints_normalized/fall/fall-20-cam0-rgb.npz,73,102,1,1,0,0.00029484776
fall-20-cam0-rgb,data/keypoints_normalized/fall/fall-20-cam0-rgb.npz,74,103,1,1,0,0.00034465795
fall-20-cam0-rgb,data/keypoints_normalized/fall/fall-20-cam0-rgb.npz,75,104,1,1,0,0.00035428925
fall-20-cam0-rgb,data/keypoints_normalized/fall/fall-20-cam0-rgb.npz,76,105,1,1,0,0.00033095476
fall-20-cam0-rgb,data/keypoints_normalized/fall/fall-20-cam0-rgb.npz,77,106,1,1,0,0.00031609408
fall-20-cam0-rgb,data/keypoints_normalized/fall/fall-20-cam0-rgb.npz,78,107,1,1,0,0.00027654524
fall-20-cam0-rgb,data/keypoints_normalized/fall/fall-20-cam0-rgb.npz,79,108,1,1,0,0.00024474284
fall-20-cam0-rgb,data/keypoints_normalized/fall/fall-20-cam0-rgb.npz,80,109,1,1,0,0.00023251827
fall-20-cam0-rgb,data/keypoints_normalized/fall/fall-20-cam0-rgb.npz,81,110,1,1,0,0.00022711676
adl-04-cam0-rgb,data/keypoints_normalized/adl/adl-04-cam0-rgb.npz,1,30,0,0,0,0.0013113769
adl-04-cam0-rgb,data/keypoints_normalized/adl/adl-04-cam0-rgb.npz,2,31,0,0,0,0.0013202538
adl-04-cam0-rgb,data/keypoints_normalized/adl/adl-04-cam0-rgb.npz,3,32,0,0,0,0.0013261877
adl-04-cam0-rgb,data/keypoints_normalized/adl/adl-04-cam0-rgb.npz,4,33,0,0,0,0.0013378654
adl-04-cam0-rgb,data/keypoints_normalized/adl/adl-04-cam0-rgb.npz,5,34,0,0,0,0.0013386422
adl-04-cam0-rgb,data/keypoints_normalized/adl/adl-04-cam0-rgb.npz,6,35,0,0,0,0.0013349272
adl-04-cam0-rgb,data/keypoints_normalized/adl/adl-04-cam0-rgb.npz,7,36,0,0,0,0.0013208067
adl-04-cam0-rgb,data/keypoints_normalized/adl/adl-04-cam0-rgb.npz,8,37,0,0,0,0.0012957889
adl-04-cam0-rgb,data/keypoints_normalized/adl/adl-04-cam0-rgb.npz,9,38,0,0,0,0.001267755
adl-04-cam0-rgb,data/keypoints_normalized/adl/adl-04-cam0-rgb.npz,10,39,0,0,0,0.0012279593
adl-04-cam0-rgb,data/keypoints_normalized/adl/adl-04-cam0-rgb.npz,11,40,0,0,0,0.0011866863
adl-04-cam0-rgb,data/keypoints_normalized/adl/adl-04-cam0-rgb.npz,12,41,0,0,0,0.0011441954
adl-04-cam0-rgb,data/keypoints_normalized/adl/adl-04-cam0-rgb.npz,13,42,0,0,0,0.0011014484
adl-04-cam0-rgb,data/keypoints_normalized/adl/adl-04-cam0-rgb.npz,14,43,0,0,0,0.0010579107
adl-04-cam0-rgb,data/keypoints_normalized/adl/adl-04-cam0-rgb.npz,15,44,0,0,0,0.0010214488
adl-04-cam0-rgb,data/keypoints_normalized/adl/adl-04-cam0-rgb.npz,16,45,0,0,0,0.0009891867
adl-04-cam0-rgb,data/keypoints_normalized/adl/adl-04-cam0-rgb.npz,17,46,0,0,0,0.0009669145
adl-04-cam0-rgb,data/keypoints_normalized/adl/adl-04-cam0-rgb.npz,18,47,0,0,0,0.0009484419
adl-04-cam0-rgb,data/keypoints_normalized/adl/adl-04-cam0-rgb.npz,19,48,0,0,0,0.0009216273
adl-04-cam0-rgb,data/keypoints_normalized/adl/adl-04-cam0-rgb.npz,20,49,0,0,0,0.0009055316
adl-04-cam0-rgb,data/keypoints_normalized/adl/adl-04-cam0-rgb.npz,21,50,0,0,0,0.00090394623
adl-04-cam0-rgb,data/keypoints_normalized/adl/adl-04-cam0-rgb.npz,22,51,0,0,0,0.0009090997
adl-04-cam0-rgb,data/keypoints_normalized/adl/adl-04-cam0-rgb.npz,23,52,0,0,0,0.0009271296
adl-04-cam0-rgb,data/keypoints_normalized/adl/adl-04-cam0-rgb.npz,24,53,0,0,0,0.00094743894
adl-04-cam0-rgb,data/keypoints_normalized/adl/adl-04-cam0-rgb.npz,25,54,0,0,0,0.0009762001
adl-04-cam0-rgb,data/keypoints_normalized/adl/adl-04-cam0-rgb.npz,26,55,0,0,0,0.0010056946
adl-04-cam0-rgb,data/keypoints_normalized/adl/adl-04-cam0-rgb.npz,27,56,0,0,0,0.0010439542
adl-04-cam0-rgb,data/keypoints_normalized/adl/adl-04-cam0-rgb.npz,28,57,0,0,0,0.0010784637
adl-04-cam0-rgb,data/keypoints_normalized/adl/adl-04-cam0-rgb.npz,29,58,0,0,0,0.0011109072
adl-04-cam0-rgb,data/keypoints_normalized/adl/adl-04-cam0-rgb.npz,30,59,0,0,0,0.0011374587
adl-04-cam0-rgb,data/keypoints_normalized/adl/adl-04-cam0-rgb.npz,31,60,0,0,0,0.0011635887
adl-04-cam0-rgb,data/keypoints_normalized/adl/adl-04-cam0-rgb.npz,32,61,0,0,0,0.0011814845
adl-04-cam0-rgb,data/keypoints_normalized/adl/adl-04-cam0-rgb.npz,33,62,0,0,0,0.0011897248
adl-04-cam0-rgb,data/keypoints_normalized/adl/adl-04-cam0-rgb.npz,34,63,0,0,0,0.0011928901
adl-04-cam0-rgb,data/keypoints_normalized/adl/adl-04-cam0-rgb.npz,35,64,0,0,0,0.0011997342
adl-04-cam0-rgb,data/keypoints_normalized/adl/adl-04-cam0-rgb.npz,36,65,0,0,0,0.0012026369
adl-04-cam0-rgb,data/keypoints_normalized/adl/adl-04-cam0-rgb.npz,37,66,0,0,0,0.0012133468
adl-04-cam0-rgb,data/keypoints_normalized/adl/adl-04-cam0-rgb.npz,38,67,0,0,0,0.0012230778
adl-04-cam0-rgb,data/keypoints_normalized/adl/adl-04-cam0-rgb.npz,39,68,0,0,0,0.001241911
adl-04-cam0-rgb,data/keypoints_normalized/adl/adl-04-cam0-rgb.npz,40,69,0,0,0,0.001271998
adl-04-cam0-rgb,data/keypoints_normalized/adl/adl-04-cam0-rgb.npz,41,70,0,0,0,0.0012975823
adl-04-cam0-rgb,data/keypoints_normalized/adl/adl-04-cam0-rgb.npz,42,71,0,0,0,0.001326251
adl-04-cam0-rgb,data/keypoints_normalized/adl/adl-04-cam0-rgb.npz,43,72,0,0,0,0.0013529841
adl-04-cam0-rgb,data/keypoints_normalized/adl/adl-04-cam0-rgb.npz,44,73,0,0,0,0.0013810877
adl-04-cam0-rgb,data/keypoints_normalized/adl/adl-04-cam0-rgb.npz,45,74,0,0,0,0.001406039
adl-04-cam0-rgb,data/keypoints_normalized/adl/adl-04-cam0-rgb.npz,46,75,0,0,0,0.0014454343
adl-04-cam0-rgb,data/keypoints_normalized/adl/adl-04-cam0-rgb.npz,47,76,0,0,0,0.0014764573
adl-04-cam0-rgb,data/keypoints_normalized/adl/adl-04-cam0-rgb.npz,48,77,0,0,0,0.0015237326
adl-04-cam0-rgb,data/keypoints_normalized/adl/adl-04-cam0-rgb.npz,49,78,0,0,0,0.0015069225
adl-04-cam0-rgb,data/keypoints_normalized/adl/adl-04-cam0-rgb.npz,50,79,0,0,0,0.0015507017
adl-04-cam0-rgb,data/keypoints_normalized/adl/adl-04-cam0-rgb.npz,51,80,0,0,0,0.0015991377
adl-04-cam0-rgb,data/keypoints_normalized/adl/adl-04-cam0-rgb.npz,52,81,0,0,0,0.0016620236
adl-04-cam0-rgb,data/keypoints_normalized/adl/adl-04-cam0-rgb.npz,53,82,0,0,0,0.0017350956
adl-04-cam0-rgb,data/keypoints_normalized/adl/adl-04-cam0-rgb.npz,54,83,0,0,0,0.0017895459
adl-04-cam0-rgb,data/keypoints_normalized/adl/adl-04-cam0-rgb.npz,55,84,0,0,0,0.0018638985
adl-04-cam0-rgb,data/keypoints_normalized/adl/adl-04-cam0-rgb.npz,56,85,0,0,0,0.0019142987
adl-04-cam0-rgb,data/keypoints_normalized/adl/adl-04-cam0-rgb.npz,57,86,0,0,0,0.0019477644
adl-04-cam0-rgb,data/keypoints_normalized/adl/adl-04-cam0-rgb.npz,58,87,0,0,0,0.0019565981
adl-04-cam0-rgb,data/keypoints_normalized/adl/adl-04-cam0-rgb.npz,59,88,0,0,0,0.0019921116
adl-04-cam0-rgb,data/keypoints_normalized/adl/adl-04-cam0-rgb.npz,60,89,0,0,0,0.0021690133
adl-04-cam0-rgb,data/keypoints_normalized/adl/adl-04-cam0-rgb.npz,61,90,0,0,0,0.002547761
adl-04-cam0-rgb,data/keypoints_normalized/adl/adl-04-cam0-rgb.npz,62,91,0,0,0,0.0033211207
adl-04-cam0-rgb,data/keypoints_normalized/adl/adl-04-cam0-rgb.npz,63,92,0,0,0,0.002492065
adl-04-cam0-rgb,data/keypoints_normalized/adl/adl-04-cam0-rgb.npz,64,93,0,0,0,0.0024678647
adl-04-cam0-rgb,data/keypoints_normalized/adl/adl-04-cam0-rgb.npz,65,94,0,0,0,0.0017051324
adl-04-cam0-rgb,data/keypoints_normalized/adl/adl-04-cam0-rgb.npz,66,95,0,0,0,0.0020542843
adl-04-cam0-rgb,data/keypoints_normalized/adl/adl-04-cam0-rgb.npz,67,96,0,0,0,0.00243414
adl-04-cam0-rgb,data/keypoints_normalized/adl/adl-04-cam0-rgb.npz,68,97,0,0,0,0.00284945
adl-04-cam0-rgb,data/keypoints_normalized/adl/adl-04-cam0-rgb.npz,69,98,0,0,0,0.003318284
adl-04-cam0-rgb,data/keypoints_normalized/adl/adl-04-cam0-rgb.npz,70,99,0,0,0,0.003919268
adl-04-cam0-rgb,data/keypoints_normalized/adl/adl-04-cam0-rgb.npz,71,100,0,0,0,0.0045820647
adl-04-cam0-rgb,data/keypoints_normalized/adl/adl-04-cam0-rgb.npz,72,101,0,0,0,0.005536879
adl-04-cam0-rgb,data/keypoints_normalized/adl/adl-04-cam0-rgb.npz,73,102,0,0,0,0.00681927
adl-04-cam0-rgb,data/keypoints_normalized/adl/adl-04-cam0-rgb.npz,74,103,0,0,0,0.008418246
adl-04-cam0-rgb,data/keypoints_normalized/adl/adl-04-cam0-rgb.npz,75,104,0,0,0,0.010026446
adl-04-cam0-rgb,data/keypoints_normalized/adl/adl-04-cam0-rgb.npz,76,105,0,0,0,0.011448171
adl-04-cam0-rgb,data/keypoints_normalized/adl/adl-04-cam0-rgb.npz,77,106,0,0,0,0.012870645
adl-04-cam0-rgb,data/keypoints_normalized/adl/adl-04-cam0-rgb.npz,78,107,0,0,0,0.013850024
adl-04-cam0-rgb,data/keypoints_normalized/adl/adl-04-cam0-rgb.npz,79,108,0,0,0,0.014663918
adl-04-cam0-rgb,data/keypoints_normalized/adl/adl-04-cam0-rgb.npz,80,109,0,0,0,0.015082699
adl-04-cam0-rgb,data/keypoints_normalized/adl/adl-04-cam0-rgb.npz,81,110,0,0,0,0.015339796
adl-04-cam0-rgb,data/keypoints_normalized/adl/adl-04-cam0-rgb.npz,82,111,0,0,0,0.015590393
adl-04-cam0-rgb,data/keypoints_normalized/adl/adl-04-cam0-rgb.npz,83,112,0,0,0,0.01567126
adl-04-cam0-rgb,data/keypoints_normalized/adl/adl-04-cam0-rgb.npz,84,113,0,0,0,0.0038009067
adl-04-cam0-rgb,data/keypoints_normalized/adl/adl-04-cam0-rgb.npz,85,114,0,0,0,0.0037901897
adl-04-cam0-rgb,data/keypoints_normalized/adl/adl-04-cam0-rgb.npz,86,115,0,0,0,0.003766387
adl-04-cam0-rgb,data/keypoints_normalized/adl/adl-04-cam0-rgb.npz,87,116,0,0,0,0.0037672652
adl-04-cam0-rgb,data/keypoints_normalized/adl/adl-04-cam0-rgb.npz,88,117,0,0,0,0.00371022
adl-04-cam0-rgb,data/keypoints_normalized/adl/adl-04-cam0-rgb.npz,89,118,0,0,0,0.0036392426
adl-04-cam0-rgb,data/keypoints_normalized/adl/adl-04-cam0-rgb.npz,90,119,0,0,0,0.0035653575
adl-04-cam0-rgb,data/keypoints_normalized/adl/adl-04-cam0-rgb.npz,91,120,0,0,0,0.0036329392
adl-04-cam0-rgb,data/keypoints_normalized/adl/adl-04-cam0-rgb.npz,92,121,0,0,0,0.0034399126
adl-04-cam0-rgb,data/keypoints_normalized/adl/adl-04-cam0-rgb.npz,93,122,0,0,0,0.0032213172
adl-04-cam0-rgb,data/keypoints_normalized/adl/adl-04-cam0-rgb.npz,94,123,0,0,0,0.0030034278
adl-04-cam0-rgb,data/keypoints_normalized/adl/adl-04-cam0-rgb.npz,95,124,0,0,0,0.002804304
adl-04-cam0-rgb,data/keypoints_normalized/adl/adl-04-cam0-rgb.npz,96,125,0,0,0,0.002583058
adl-04-cam0-rgb,data/keypoints_normalized/adl/adl-04-cam0-rgb.npz,97,126,0,0,0,0.0023736162
adl-04-cam0-rgb,data/keypoints_normalized/adl/adl-04-cam0-rgb.npz,98,127,0,0,0,0.0022061642
adl-04-cam0-rgb,data/keypoints_normalized/adl/adl-04-cam0-rgb.npz,99,128,0,0,0,0.0020473327
adl-04-cam0-rgb,data/keypoints_normalized/adl/adl-04-cam0-rgb.npz,100,129,0,0,0,0.0019092852
adl-04-cam0-rgb,data/keypoints_normalized/adl/adl-04-cam0-rgb.npz,101,130,0,0,0,0.0018146364
adl-04-cam0-rgb,data/keypoints_normalized/adl/adl-04-cam0-rgb.npz,102,131,0,0,0,0.004218376
adl-04-cam0-rgb,data/keypoints_normalized/adl/adl-04-cam0-rgb.npz,103,132,0,0,0,0.003685772
adl-04-cam0-rgb,data/keypoints_normalized/adl/adl-04-cam0-rgb.npz,104,133,0,0,0,0.0032596614
adl-04-cam0-rgb,data/keypoints_normalized/adl/adl-04-cam0-rgb.npz,105,134,0,0,0,0.0029835708
adl-04-cam0-rgb,data/keypoints_normalized/adl/adl-04-cam0-rgb.npz,106,135,0,0,0,0.0027224713
adl-04-cam0-rgb,data/keypoints_normalized/adl/adl-04-cam0-rgb.npz,107,136,0,0,0,0.0025280623
adl-04-cam0-rgb,data/keypoints_normalized/adl/adl-04-cam0-rgb.npz,108,137,0,0,0,0.0023967419
adl-04-cam0-rgb,data/keypoints_normalized/adl/adl-04-cam0-rgb.npz,109,138,0,0,0,0.0022969653
adl-04-cam0-rgb,data/keypoints_normalized/adl/adl-04-cam0-rgb.npz,110,139,0,0,0,0.0021673148
adl-04-cam0-rgb,data/keypoints_normalized/adl/adl-04-cam0-rgb.npz,111,140,0,0,0,0.002080603
adl-04-cam0-rgb,data/keypoints_normalized/adl/adl-04-cam0-rgb.npz,112,141,0,0,0,0.0018741784
adl-04-cam0-rgb,data/keypoints_normalized/adl/adl-04-cam0-rgb.npz,113,142,0,0,0,0.0016606207
adl-04-cam0-rgb,data/keypoints_normalized/adl/adl-04-cam0-rgb.npz,114,143,0,0,0,0.0015093546
adl-04-cam0-rgb,data/keypoints_normalized/adl/adl-04-cam0-rgb.npz,115,144,0,0,0,0.0013342492
adl-04-cam0-rgb,data/keypoints_normalized/adl/adl-04-cam0-rgb.npz,116,145,0,0,0,0.0008678057
adl-04-cam0-rgb,data/keypoints_normalized/adl/adl-04-cam0-rgb.npz,117,146,0,0,0,0.00081741036
adl-04-cam0-rgb,data/keypoints_normalized/adl/adl-04-cam0-rgb.npz,118,147,0,0,0,0.00078908476
adl-04-cam0-rgb,data/keypoints_normalized/adl/adl-04-cam0-rgb.npz,119,148,0,0,0,0.00076857605
adl-04-cam0-rgb,data/keypoints_normalized/adl/adl-04-cam0-rgb.npz,120,149,0,0,0,0.0007517765
adl-04-cam0-rgb,data/keypoints_normalized/adl/adl-04-cam0-rgb.npz,121,150,0,0,0,0.0007419258
adl-16-cam0-rgb,data/keypoints_normalized/adl/adl-16-cam0-rgb.npz,49,78,0,0,0,0.014488702
adl-16-cam0-rgb,data/keypoints_normalized/adl/adl-16-cam0-rgb.npz,50,79,0,0,0,0.002057069
adl-16-cam0-rgb,data/keypoints_normalized/adl/adl-16-cam0-rgb.npz,51,80,0,0,0,0.002056206
adl-16-cam0-rgb,data/keypoints_normalized/adl/adl-16-cam0-rgb.npz,52,81,0,0,0,0.0020477714
adl-16-cam0-rgb,data/keypoints_normalized/adl/adl-16-cam0-rgb.npz,53,82,0,0,0,0.0020360702
adl-16-cam0-rgb,data/keypoints_normalized/adl/adl-16-cam0-rgb.npz,54,83,0,0,0,0.002012877
adl-16-cam0-rgb,data/keypoints_normalized/adl/adl-16-cam0-rgb.npz,55,84,0,0,0,0.0019757235
adl-16-cam0-rgb,data/keypoints_normalized/adl/adl-16-cam0-rgb.npz,56,85,0,0,0,0.0019223859
adl-16-cam0-rgb,data/keypoints_normalized/adl/adl-16-cam0-rgb.npz,57,86,0,0,0,0.0018624159
adl-16-cam0-rgb,data/keypoints_normalized/adl/adl-16-cam0-rgb.npz,58,87,0,0,0,0.0017897146
adl-16-cam0-rgb,data/keypoints_normalized/adl/adl-16-cam0-rgb.npz,59,88,0,0,0,0.0017109832
adl-16-cam0-rgb,data/keypoints_normalized/adl/adl-16-cam0-rgb.npz,60,89,0,0,0,0.001648957
adl-16-cam0-rgb,data/keypoints_normalized/adl/adl-16-cam0-rgb.npz,61,90,0,0,0,0.0015746182
adl-16-cam0-rgb,data/keypoints_normalized/adl/adl-16-cam0-rgb.npz,62,91,0,0,0,0.0008351571
adl-16-cam0-rgb,data/keypoints_normalized/adl/adl-16-cam0-rgb.npz,63,92,0,0,0,0.0008169938
adl-16-cam0-rgb,data/keypoints_normalized/adl/adl-16-cam0-rgb.npz,64,93,0,0,0,0.0007998794
adl-16-cam0-rgb,data/keypoints_normalized/adl/adl-16-cam0-rgb.npz,65,94,0,0,0,0.0007842153
adl-16-cam0-rgb,data/keypoints_normalized/adl/adl-16-cam0-rgb.npz,66,95,0,0,0,0.0007694943
adl-16-cam0-rgb,data/keypoints_normalized/adl/adl-16-cam0-rgb.npz,67,96,0,0,0,0.0007704856
adl-16-cam0-rgb,data/keypoints_normalized/adl/adl-16-cam0-rgb.npz,68,97,0,0,0,0.00076222746
adl-16-cam0-rgb,data/keypoints_normalized/adl/adl-16-cam0-rgb.npz,69,98,0,0,0,0.0006740347
adl-16-cam0-rgb,data/keypoints_normalized/adl/adl-16-cam0-rgb.npz,70,99,0,0,0,0.00067151873
adl-16-cam0-rgb,data/keypoints_normalized/adl/adl-16-cam0-rgb.npz,71,100,0,0,0,0.0006719041
adl-16-cam0-rgb,data/keypoints_normalized/adl/adl-16-cam0-rgb.npz,72,101,0,0,0,0.00067599834
adl-16-cam0-rgb,data/keypoints_normalized/adl/adl-16-cam0-rgb.npz,73,102,0,0,0,0.000679295
adl-16-cam0-rgb,data/keypoints_normalized/adl/adl-16-cam0-rgb.npz,74,103,0,0,0,0.0006878876
adl-16-cam0-rgb,data/keypoints_normalized/adl/adl-16-cam0-rgb.npz,75,104,0,0,0,0.0006964122
adl-16-cam0-rgb,data/keypoints_normalized/adl/adl-16-cam0-rgb.npz,76,105,0,0,0,0.0007073605
adl-16-cam0-rgb,data/keypoints_normalized/adl/adl-16-cam0-rgb.npz,77,106,0,0,0,0.00071943394
adl-16-cam0-rgb,data/keypoints_normalized/adl/adl-16-cam0-rgb.npz,78,107,0,0,0,0.00073046755
adl-16-cam0-rgb,data/keypoints_normalized/adl/adl-16-cam0-rgb.npz,79,108,0,0,0,0.0007404252
adl-16-cam0-rgb,data/keypoints_normalized/adl/adl-16-cam0-rgb.npz,80,109,0,0,0,0.0007497908
adl-16-cam0-rgb,data/keypoints_normalized/adl/adl-16-cam0-rgb.npz,81,110,0,0,0,0.0007681056
adl-16-cam0-rgb,data/keypoints_normalized/adl/adl-16-cam0-rgb.npz,82,111,0,0,0,0.00081321865
adl-16-cam0-rgb,data/keypoints_normalized/adl/adl-16-cam0-rgb.npz,83,112,0,0,0,0.00083050586
adl-16-cam0-rgb,data/keypoints_normalized/adl/adl-16-cam0-rgb.npz,84,113,0,0,0,0.0008478307
adl-16-cam0-rgb,data/keypoints_normalized/adl/adl-16-cam0-rgb.npz,85,114,0,0,0,0.0008591862
adl-16-cam0-rgb,data/keypoints_normalized/adl/adl-16-cam0-rgb.npz,86,115,0,0,0,0.00087368564
adl-16-cam0-rgb,data/keypoints_normalized/adl/adl-16-cam0-rgb.npz,87,116,0,0,0,0.00088674226
adl-16-cam0-rgb,data/keypoints_normalized/adl/adl-16-cam0-rgb.npz,88,117,0,0,0,0.00090171606
adl-16-cam0-rgb,data/keypoints_normalized/adl/adl-16-cam0-rgb.npz,89,118,0,0,0,0.0009173934
adl-16-cam0-rgb,data/keypoints_normalized/adl/adl-16-cam0-rgb.npz,90,119,0,0,0,0.00093328056
adl-16-cam0-rgb,data/keypoints_normalized/adl/adl-16-cam0-rgb.npz,91,120,0,0,0,0.00094326196
adl-16-cam0-rgb,data/keypoints_normalized/adl/adl-16-cam0-rgb.npz,92,121,0,0,0,0.0009728086
adl-16-cam0-rgb,data/keypoints_normalized/adl/adl-16-cam0-rgb.npz,93,122,0,0,0,0.0009715256
adl-16-cam0-rgb,data/keypoints_normalized/adl/adl-16-cam0-rgb.npz,94,123,0,0,0,0.0009695483
adl-16-cam0-rgb,data/keypoints_normalized/adl/adl-16-cam0-rgb.npz,95,124,0,0,0,0.00096197886
adl-16-cam0-rgb,data/keypoints_normalized/adl/adl-16-cam0-rgb.npz,96,125,0,0,0,0.0009556217
adl-16-cam0-rgb,data/keypoints_normalized/adl/adl-16-cam0-rgb.npz,97,126,0,0,0,0.0009461999
adl-16-cam0-rgb,data/keypoints_normalized/adl/adl-16-cam0-rgb.npz,98,127,0,0,0,0.0009312951
adl-16-cam0-rgb,data/keypoints_normalized/adl/adl-16-cam0-rgb.npz,99,128,0,0,0,0.0009053444
adl-16-cam0-rgb,data/keypoints_normalized/adl/adl-16-cam0-rgb.npz,100,129,0,0,0,0.0008869645
adl-16-cam0-rgb,data/keypoints_normalized/adl/adl-16-cam0-rgb.npz,101,130,0,0,0,0.00086448673
adl-16-cam0-rgb,data/keypoints_normalized/adl/adl-16-cam0-rgb.npz,102,131,0,0,0,0.0008448332
adl-16-cam0-rgb,data/keypoints_normalized/adl/adl-16-cam0-rgb.npz,103,132,0,0,0,0.00082124496
adl-16-cam0-rgb,data/keypoints_normalized/adl/adl-16-cam0-rgb.npz,104,133,0,0,0,0.00080234086
adl-16-cam0-rgb,data/keypoints_normalized/adl/adl-16-cam0-rgb.npz,105,134,0,0,0,0.00078994315
adl-16-cam0-rgb,data/keypoints_normalized/adl/adl-16-cam0-rgb.npz,106,135,0,0,0,0.0007772435
adl-16-cam0-rgb,data/keypoints_normalized/adl/adl-16-cam0-rgb.npz,107,136,0,0,0,0.00076989835
adl-16-cam0-rgb,data/keypoints_normalized/adl/adl-16-cam0-rgb.npz,108,137,0,0,0,0.00077022234
adl-16-cam0-rgb,data/keypoints_normalized/adl/adl-16-cam0-rgb.npz,109,138,0,0,0,0.00077424804
adl-16-cam0-rgb,data/keypoints_normalized/adl/adl-16-cam0-rgb.npz,110,139,0,0,0,0.00077916635
adl-16-cam0-rgb,data/keypoints_normalized/adl/adl-16-cam0-rgb.npz,111,140,0,0,0,0.00078835274
adl-16-cam0-rgb,data/keypoints_normalized/adl/adl-16-cam0-rgb.npz,112,141,0,0,0,0.0007980882
adl-16-cam0-rgb,data/keypoints_normalized/adl/adl-16-cam0-rgb.npz,113,142,0,0,0,0.0008106746
adl-16-cam0-rgb,data/keypoints_normalized/adl/adl-16-cam0-rgb.npz,114,143,0,0,0,0.00082254346
adl-16-cam0-rgb,data/keypoints_normalized/adl/adl-16-cam0-rgb.npz,115,144,0,0,0,0.00083448895
adl-16-cam0-rgb,data/keypoints_normalized/adl/adl-16-cam0-rgb.npz,116,145,0,0,0,0.0008426223
adl-16-cam0-rgb,data/keypoints_normalized/adl/adl-16-cam0-rgb.npz,117,146,0,0,0,0.0008506735
adl-16-cam0-rgb,data/keypoints_normalized/adl/adl-16-cam0-rgb.npz,118,147,0,0,0,0.000855365
adl-16-cam0-rgb,data/keypoints_normalized/adl/adl-16-cam0-rgb.npz,119,148,0,0,0,0.0008581766
adl-16-cam0-rgb,data/keypoints_normalized/adl/adl-16-cam0-rgb.npz,120,149,0,0,0,0.0008591683
adl-16-cam0-rgb,data/keypoints_normalized/adl/adl-16-cam0-rgb.npz,121,150,0,0,0,0.00086018926
adl-16-cam0-rgb,data/keypoints_normalized/adl/adl-16-cam0-rgb.npz,122,151,0,0,0,0.0008568182
adl-16-cam0-rgb,data/keypoints_normalized/adl/adl-16-cam0-rgb.npz,123,152,0,0,0,0.0008549258
adl-16-cam0-rgb,data/keypoints_normalized/adl/adl-16-cam0-rgb.npz,124,153,0,0,0,0.00085082796
adl-16-cam0-rgb,data/keypoints_normalized/adl/adl-16-cam0-rgb.npz,125,154,0,0,0,0.00084705825
adl-16-cam0-rgb,data/keypoints_normalized/adl/adl-16-cam0-rgb.npz,126,155,0,0,0,0.00084475835
adl-16-cam0-rgb,data/keypoints_normalized/adl/adl-16-cam0-rgb.npz,127,156,0,0,0,0.0008420732
adl-16-cam0-rgb,data/keypoints_normalized/adl/adl-16-cam0-rgb.npz,128,157,0,0,0,0.00083291274
adl-16-cam0-rgb,data/keypoints_normalized/adl/adl-16-cam0-rgb.npz,129,158,0,0,0,0.00082646543
adl-16-cam0-rgb,data/keypoints_normalized/adl/adl-16-cam0-rgb.npz,130,159,0,0,0,0.00081584015
adl-16-cam0-rgb,data/keypoints_normalized/adl/adl-16-cam0-rgb.npz,131,160,0,0,0,0.0008169642
adl-16-cam0-rgb,data/keypoints_normalized/adl/adl-16-cam0-rgb.npz,132,161,0,0,0,0.000800312
adl-16-cam0-rgb,data/keypoints_normalized/adl/adl-16-cam0-rgb.npz,133,162,0,0,0,0.0008009281
adl-16-cam0-rgb,data/keypoints_normalized/adl/adl-16-cam0-rgb.npz,134,163,0,0,0,0.00079778704
adl-16-cam0-rgb,data/keypoints_normalized/adl/adl-16-cam0-rgb.npz,135,164,0,0,0,0.0008009659
adl-16-cam0-rgb,data/keypoints_normalized/adl/adl-16-cam0-rgb.npz,136,165,0,0,0,0.00081086153
adl-16-cam0-rgb,data/keypoints_normalized/adl/adl-16-cam0-rgb.npz,137,166,0,0,0,0.0008371331
adl-16-cam0-rgb,data/keypoints_normalized/adl/adl-16-cam0-rgb.npz,138,167,0,0,0,0.00085876876
adl-16-cam0-rgb,data/keypoints_normalized/adl/adl-16-cam0-rgb.npz,139,168,0,0,0,0.0008845431
adl-16-cam0-rgb,data/keypoints_normalized/adl/adl-16-cam0-rgb.npz,140,169,0,0,0,0.00092529145
adl-16-cam0-rgb,data/keypoints_normalized/adl/adl-16-cam0-rgb.npz,141,170,0,0,0,0.0009927176
adl-16-cam0-rgb,data/keypoints_normalized/adl/adl-16-cam0-rgb.npz,142,171,0,0,0,0.0010757298
adl-16-cam0-rgb,data/keypoints_normalized/adl/adl-16-cam0-rgb.npz,143,172,0,0,0,0.0012078311
adl-16-cam0-rgb,data/keypoints_normalized/adl/adl-16-cam0-rgb.npz,144,173,0,0,0,0.0014036442
adl-16-cam0-rgb,data/keypoints_normalized/adl/adl-16-cam0-rgb.npz,145,174,0,0,0,0.0016978168
adl-16-cam0-rgb,data/keypoints_normalized/adl/adl-16-cam0-rgb.npz,146,175,0,0,0,0.002164078
adl-16-cam0-rgb,data/keypoints_normalized/adl/adl-16-cam0-rgb.npz,147,176,0,0,0,0.0027865137
adl-16-cam0-rgb,data/keypoints_normalized/adl/adl-16-cam0-rgb.npz,148,177,0,0,0,0.0037172877
adl-16-cam0-rgb,data/keypoints_normalized/adl/adl-16-cam0-rgb.npz,149,178,0,0,0,0.004945467
adl-16-cam0-rgb,data/keypoints_normalized/adl/adl-16-cam0-rgb.npz,150,179,0,0,0,0.006520482
adl-16-cam0-rgb,data/keypoints_normalized/adl/adl-16-cam0-rgb.npz,151,180,0,0,0,0.008732942
adl-16-cam0-rgb,data/keypoints_normalized/adl/adl-16-cam0-rgb.npz,152,181,0,0,0,0.01084385
adl-16-cam0-rgb,data/keypoints_normalized/adl/adl-16-cam0-rgb.npz,153,182,0,0,0,0.012756245
adl-16-cam0-rgb,data/keypoints_normalized/adl/adl-16-cam0-rgb.npz,154,183,0,0,0,0.014443651
adl-16-cam0-rgb,data/keypoints_normalized/adl/adl-16-cam0-rgb.npz,155,184,0,0,0,0.016258407
adl-16-cam0-rgb,data/keypoints_normalized/adl/adl-16-cam0-rgb.npz,156,185,0,0,0,0.016971305
adl-16-cam0-rgb,data/keypoints_normalized/adl/adl-16-cam0-rgb.npz,157,186,0,0,0,0.017440908
adl-16-cam0-rgb,data/keypoints_normalized/adl/adl-16-cam0-rgb.npz,158,187,0,0,0,0.016431877
adl-16-cam0-rgb,data/keypoints_normalized/adl/adl-16-cam0-rgb.npz,159,188,0,0,0,0.01745774
adl-16-cam0-rgb,data/keypoints_normalized/adl/adl-16-cam0-rgb.npz,160,189,0,0,0,0.0160662
adl-16-cam0-rgb,data/keypoints_normalized/adl/adl-16-cam0-rgb.npz,161,190,0,0,0,0.014182723
adl-16-cam0-rgb,data/keypoints_normalized/adl/adl-16-cam0-rgb.npz,162,191,0,0,0,0.012450562
adl-16-cam0-rgb,data/keypoints_normalized/adl/adl-16-cam0-rgb.npz,163,192,0,0,0,0.012175767
adl-16-cam0-rgb,data/keypoints_normalized/adl/adl-16-cam0-rgb.npz,164,193,0,0,0,0.011684957
adl-16-cam0-rgb,data/keypoints_normalized/adl/adl-16-cam0-rgb.npz,165,194,0,0,0,0.013453832
adl-16-cam0-rgb,data/keypoints_normalized/adl/adl-16-cam0-rgb.npz,166,195,0,0,0,0.012969611
adl-16-cam0-rgb,data/keypoints_normalized/adl/adl-16-cam0-rgb.npz,167,196,0,0,0,0.014272833
adl-16-cam0-rgb,data/keypoints_normalized/adl/adl-16-cam0-rgb.npz,168,197,0,0,0,0.012906894
adl-16-cam0-rgb,data/keypoints_normalized/adl/adl-16-cam0-rgb.npz,169,198,0,0,0,0.011884959
adl-16-cam0-rgb,data/keypoints_normalized/adl/adl-16-cam0-rgb.npz,170,199,0,0,0,0.011749451
adl-16-cam0-rgb,data/keypoints_normalized/adl/adl-16-cam0-rgb.npz,171,200,0,0,0,0.011550231
adl-16-cam0-rgb,data/keypoints_normalized/adl/adl-16-cam0-rgb.npz,172,201,0,0,0,0.008884782
adl-16-cam0-rgb,data/keypoints_normalized/adl/adl-16-cam0-rgb.npz,173,202,0,0,0,0.007885013
adl-16-cam0-rgb,data/keypoints_normalized/adl/adl-16-cam0-rgb.npz,174,203,0,0,0,0.0074612433
adl-16-cam0-rgb,data/keypoints_normalized/adl/adl-16-cam0-rgb.npz,175,204,0,0,0,0.00693471
adl-16-cam0-rgb,data/keypoints_normalized/adl/adl-16-cam0-rgb.npz,176,205,0,0,0,0.0066876477
adl-16-cam0-rgb,data/keypoints_normalized/adl/adl-16-cam0-rgb.npz,177,206,0,0,0,0.0068935375
adl-16-cam0-rgb,data/keypoints_normalized/adl/adl-16-cam0-rgb.npz,178,207,0,0,0,0.007202976
adl-16-cam0-rgb,data/keypoints_normalized/adl/adl-16-cam0-rgb.npz,179,208,0,0,0,0.007376125
adl-16-cam0-rgb,data/keypoints_normalized/adl/adl-16-cam0-rgb.npz,180,209,0,0,0,0.0075673084
adl-16-cam0-rgb,data/keypoints_normalized/adl/adl-16-cam0-rgb.npz,181,210,0,0,0,0.0077543147
adl-16-cam0-rgb,data/keypoints_normalized/adl/adl-16-cam0-rgb.npz,182,211,0,0,0,0.007827272
adl-16-cam0-rgb,data/keypoints_normalized/adl/adl-16-cam0-rgb.npz,183,212,0,0,0,0.008315024
adl-16-cam0-rgb,data/keypoints_normalized/adl/adl-16-cam0-rgb.npz,184,213,0,0,0,0.020272363
adl-16-cam0-rgb,data/keypoints_normalized/adl/adl-16-cam0-rgb.npz,185,214,0,0,0,0.011651331
adl-16-cam0-rgb,data/keypoints_normalized/adl/adl-16-cam0-rgb.npz,186,215,0,0,0,0.008940337
adl-16-cam0-rgb,data/keypoints_normalized/adl/adl-16-cam0-rgb.npz,187,216,0,0,0,0.007908852
adl-16-cam0-rgb,data/keypoints_normalized/adl/adl-16-cam0-rgb.npz,188,217,0,0,0,0.0075442987
adl-16-cam0-rgb,data/keypoints_normalized/adl/adl-16-cam0-rgb.npz,189,218,0,0,0,0.0069021317
adl-16-cam0-rgb,data/keypoints_normalized/adl/adl-16-cam0-rgb.npz,190,219,0,0,0,0.0035350649
adl-16-cam0-rgb,data/keypoints_normalized/adl/adl-16-cam0-rgb.npz,191,220,0,0,0,0.00313518
adl-16-cam0-rgb,data/keypoints_normalized/adl/adl-16-cam0-rgb.npz,192,221,0,0,0,0.00297929
adl-16-cam0-rgb,data/keypoints_normalized/adl/adl-16-cam0-rgb.npz,193,222,0,0,0,0.0027948855
adl-16-cam0-rgb,data/keypoints_normalized/adl/adl-16-cam0-rgb.npz,194,223,0,0,0,0.0022284056
adl-16-cam0-rgb,data/keypoints_normalized/adl/adl-16-cam0-rgb.npz,195,224,0,0,0,0.0022900116
adl-16-cam0-rgb,data/keypoints_normalized/adl/adl-16-cam0-rgb.npz,196,225,0,0,0,0.0021158927
adl-16-cam0-rgb,data/keypoints_normalized/adl/adl-16-cam0-rgb.npz,197,226,0,0,0,0.002244764
adl-16-cam0-rgb,data/keypoints_normalized/adl/adl-16-cam0-rgb.npz,198,227,0,0,0,0.0025861438
adl-16-cam0-rgb,data/keypoints_normalized/adl/adl-16-cam0-rgb.npz,199,228,0,0,0,0.0016498805
adl-16-cam0-rgb,data/keypoints_normalized/adl/adl-16-cam0-rgb.npz,200,229,0,0,0,0.0014026687
adl-16-cam0-rgb,data/keypoints_normalized/adl/adl-16-cam0-rgb.npz,201,230,0,0,0,0.0012059554
adl-16-cam0-rgb,data/keypoints_normalized/adl/adl-16-cam0-rgb.npz,202,231,0,0,0,0.0011399059
adl-16-cam0-rgb,data/keypoints_normalized/adl/adl-16-cam0-rgb.npz,203,232,0,0,0,0.001132081
adl-16-cam0-rgb,data/keypoints_normalized/adl/adl-16-cam0-rgb.npz,204,233,0,0,0,0.0010672823
adl-16-cam0-rgb,data/keypoints_normalized/adl/adl-16-cam0-rgb.npz,205,234,0,0,0,0.0010919184
adl-16-cam0-rgb,data/keypoints_normalized/adl/adl-16-cam0-rgb.npz,206,235,0,0,0,0.001183527
adl-16-cam0-rgb,data/keypoints_normalized/adl/adl-16-cam0-rgb.npz,207,236,0,0,0,0.0012125624
adl-16-cam0-rgb,data/keypoints_normalized/adl/adl-16-cam0-rgb.npz,208,237,0,0,0,0.0009745972
adl-16-cam0-rgb,data/keypoints_normalized/adl/adl-16-cam0-rgb.npz,209,238,0,0,0,0.0010369414
adl-16-cam0-rgb,data/keypoints_normalized/adl/adl-16-cam0-rgb.npz,210,239,0,0,0,0.0010213663
adl-16-cam0-rgb,data/keypoints_normalized/adl/adl-16-cam0-rgb.npz,211,240,0,0,0,0.0010635153
adl-20-cam0-rgb,data/keypoints_normalized/adl/adl-20-cam0-rgb.npz,48,77,0,0,0,0.0037220414
adl-20-cam0-rgb,data/keypoints_normalized/adl/adl-20-cam0-rgb.npz,49,78,0,0,0,0.0037220414
adl-20-cam0-rgb,data/keypoints_normalized/adl/adl-20-cam0-rgb.npz,50,79,0,0,0,0.0037220414
adl-20-cam0-rgb,data/keypoints_normalized/adl/adl-20-cam0-rgb.npz,51,80,0,0,0,0.0037220414
adl-20-cam0-rgb,data/keypoints_normalized/adl/adl-20-cam0-rgb.npz,52,81,0,0,0,0.0037220414
adl-20-cam0-rgb,data/keypoints_normalized/adl/adl-20-cam0-rgb.npz,53,82,0,0,0,0.0037220414
adl-20-cam0-rgb,data/keypoints_normalized/adl/adl-20-cam0-rgb.npz,54,83,0,0,0,0.0037220414
adl-20-cam0-rgb,data/keypoints_normalized/adl/adl-20-cam0-rgb.npz,55,84,0,0,0,0.0033504458
adl-20-cam0-rgb,data/keypoints_normalized/adl/adl-20-cam0-rgb.npz,56,85,0,0,0,0.0023427655
adl-20-cam0-rgb,data/keypoints_normalized/adl/adl-20-cam0-rgb.npz,57,86,0,0,0,0.0023338245
adl-20-cam0-rgb,data/keypoints_normalized/adl/adl-20-cam0-rgb.npz,58,87,0,0,0,0.0023192104
adl-20-cam0-rgb,data/keypoints_normalized/adl/adl-20-cam0-rgb.npz,59,88,0,0,0,0.0023050618
adl-20-cam0-rgb,data/keypoints_normalized/adl/adl-20-cam0-rgb.npz,60,89,0,0,0,0.0022827727
adl-20-cam0-rgb,data/keypoints_normalized/adl/adl-20-cam0-rgb.npz,61,90,0,0,0,0.0022531375
adl-20-cam0-rgb,data/keypoints_normalized/adl/adl-20-cam0-rgb.npz,62,91,0,0,0,0.0022175068
adl-20-cam0-rgb,data/keypoints_normalized/adl/adl-20-cam0-rgb.npz,63,92,0,0,0,0.0021704992
adl-20-cam0-rgb,data/keypoints_normalized/adl/adl-20-cam0-rgb.npz,64,93,0,0,0,0.0021134978
adl-20-cam0-rgb,data/keypoints_normalized/adl/adl-20-cam0-rgb.npz,65,94,0,0,0,0.0020558557
adl-20-cam0-rgb,data/keypoints_normalized/adl/adl-20-cam0-rgb.npz,66,95,0,0,0,0.0019868398
adl-20-cam0-rgb,data/keypoints_normalized/adl/adl-20-cam0-rgb.npz,67,96,0,0,0,0.0015356973
adl-20-cam0-rgb,data/keypoints_normalized/adl/adl-20-cam0-rgb.npz,68,97,0,0,0,0.0014339541
adl-20-cam0-rgb,data/keypoints_normalized/adl/adl-20-cam0-rgb.npz,69,98,0,0,0,0.0013387091
adl-20-cam0-rgb,data/keypoints_normalized/adl/adl-20-cam0-rgb.npz,70,99,0,0,0,0.0012504619
adl-20-cam0-rgb,data/keypoints_normalized/adl/adl-20-cam0-rgb.npz,71,100,0,0,0,0.0011710208
adl-20-cam0-rgb,data/keypoints_normalized/adl/adl-20-cam0-rgb.npz,72,101,0,0,0,0.0011008558
adl-20-cam0-rgb,data/keypoints_normalized/adl/adl-20-cam0-rgb.npz,73,102,0,0,0,0.001037824
adl-20-cam0-rgb,data/keypoints_normalized/adl/adl-20-cam0-rgb.npz,74,103,0,0,0,0.0009865711
adl-20-cam0-rgb,data/keypoints_normalized/adl/adl-20-cam0-rgb.npz,75,104,0,0,0,0.00094116846
adl-20-cam0-rgb,data/keypoints_normalized/adl/adl-20-cam0-rgb.npz,76,105,0,0,0,0.00090203015
adl-20-cam0-rgb,data/keypoints_normalized/adl/adl-20-cam0-rgb.npz,77,106,0,0,0,0.0008687911
adl-20-cam0-rgb,data/keypoints_normalized/adl/adl-20-cam0-rgb.npz,78,107,0,0,0,0.0007443378
adl-20-cam0-rgb,data/keypoints_normalized/adl/adl-20-cam0-rgb.npz,79,108,0,0,0,0.00074418855
adl-20-cam0-rgb,data/keypoints_normalized/adl/adl-20-cam0-rgb.npz,80,109,0,0,0,0.00074418535
adl-20-cam0-rgb,data/keypoints_normalized/adl/adl-20-cam0-rgb.npz,81,110,0,0,0,0.0007447575
adl-20-cam0-rgb,data/keypoints_normalized/adl/adl-20-cam0-rgb.npz,82,111,0,0,0,0.00074641156
adl-20-cam0-rgb,data/keypoints_normalized/adl/adl-20-cam0-rgb.npz,83,112,0,0,0,0.0007747145
adl-20-cam0-rgb,data/keypoints_normalized/adl/adl-20-cam0-rgb.npz,84,113,0,0,0,0.0007866679
adl-20-cam0-rgb,data/keypoints_normalized/adl/adl-20-cam0-rgb.npz,85,114,0,0,0,0.0008005278
adl-20-cam0-rgb,data/keypoints_normalized/adl/adl-20-cam0-rgb.npz,86,115,0,0,0,0.0008141743
adl-20-cam0-rgb,data/keypoints_normalized/adl/adl-20-cam0-rgb.npz,87,116,0,0,0,0.00083348836
adl-20-cam0-rgb,data/keypoints_normalized/adl/adl-20-cam0-rgb.npz,88,117,0,0,0,0.00085678353
adl-20-cam0-rgb,data/keypoints_normalized/adl/adl-20-cam0-rgb.npz,89,118,0,0,0,0.0008731376
adl-20-cam0-rgb,data/keypoints_normalized/adl/adl-20-cam0-rgb.npz,90,119,0,0,0,0.0008961594
adl-20-cam0-rgb,data/keypoints_normalized/adl/adl-20-cam0-rgb.npz,91,120,0,0,0,0.0009281301
adl-20-cam0-rgb,data/keypoints_normalized/adl/adl-20-cam0-rgb.npz,92,121,0,0,0,0.00095702126
adl-20-cam0-rgb,data/keypoints_normalized/adl/adl-20-cam0-rgb.npz,93,122,0,0,0,0.0009830152
adl-20-cam0-rgb,data/keypoints_normalized/adl/adl-20-cam0-rgb.npz,94,123,0,0,0,0.0010090228
adl-20-cam0-rgb,data/keypoints_normalized/adl/adl-20-cam0-rgb.npz,95,124,0,0,0,0.0010271486
adl-20-cam0-rgb,data/keypoints_normalized/adl/adl-20-cam0-rgb.npz,96,125,0,0,0,0.001050643
adl-20-cam0-rgb,data/keypoints_normalized/adl/adl-20-cam0-rgb.npz,97,126,0,0,0,0.0011972841
adl-20-cam0-rgb,data/keypoints_normalized/adl/adl-20-cam0-rgb.npz,98,127,0,0,0,0.0012111034
adl-20-cam0-rgb,data/keypoints_normalized/adl/adl-20-cam0-rgb.npz,99,128,0,0,0,0.0012082619
adl-20-cam0-rgb,data/keypoints_normalized/adl/adl-20-cam0-rgb.npz,100,129,0,0,0,0.0012063156
adl-20-cam0-rgb,data/keypoints_normalized/adl/adl-20-cam0-rgb.npz,101,130,0,0,0,0.001206338
adl-20-cam0-rgb,data/keypoints_normalized/adl/adl-20-cam0-rgb.npz,102,131,0,0,0,0.0012159465
adl-20-cam0-rgb,data/keypoints_normalized/adl/adl-20-cam0-rgb.npz,103,132,0,0,0,0.0012153757
adl-20-cam0-rgb,data/keypoints_normalized/adl/adl-20-cam0-rgb.npz,104,133,0,0,0,0.0012181445
adl-20-cam0-rgb,data/keypoints_normalized/adl/adl-20-cam0-rgb.npz,105,134,0,0,0,0.0012257309
adl-20-cam0-rgb,data/keypoints_normalized/adl/adl-20-cam0-rgb.npz,106,135,0,0,0,0.0012301726
adl-20-cam0-rgb,data/keypoints_normalized/adl/adl-20-cam0-rgb.npz,107,136,0,0,0,0.0012417507
adl-20-cam0-rgb,data/keypoints_normalized/adl/adl-20-cam0-rgb.npz,108,137,0,0,0,0.001243779
adl-20-cam0-rgb,data/keypoints_normalized/adl/adl-20-cam0-rgb.npz,109,138,0,0,0,0.0012436416
adl-20-cam0-rgb,data/keypoints_normalized/adl/adl-20-cam0-rgb.npz,110,139,0,0,0,0.0012404025
adl-20-cam0-rgb,data/keypoints_normalized/adl/adl-20-cam0-rgb.npz,111,140,0,0,0,0.0012318182
adl-20-cam0-rgb,data/keypoints_normalized/adl/adl-20-cam0-rgb.npz,112,141,0,0,0,0.0012160456
adl-20-cam0-rgb,data/keypoints_normalized/adl/adl-20-cam0-rgb.npz,113,142,0,0,0,0.0011914191
adl-20-cam0-rgb,data/keypoints_normalized/adl/adl-20-cam0-rgb.npz,114,143,0,0,0,0.0011619859
adl-20-cam0-rgb,data/keypoints_normalized/adl/adl-20-cam0-rgb.npz,115,144,0,0,0,0.0011355532
adl-20-cam0-rgb,data/keypoints_normalized/adl/adl-20-cam0-rgb.npz,116,145,0,0,0,0.0011052375
adl-20-cam0-rgb,data/keypoints_normalized/adl/adl-20-cam0-rgb.npz,117,146,0,0,0,0.0010737916
adl-20-cam0-rgb,data/keypoints_normalized/adl/adl-20-cam0-rgb.npz,118,147,0,0,0,0.0010421542
adl-20-cam0-rgb,data/keypoints_normalized/adl/adl-20-cam0-rgb.npz,119,148,0,0,0,0.0010088854
adl-20-cam0-rgb,data/keypoints_normalized/adl/adl-20-cam0-rgb.npz,120,149,0,0,0,0.0009881933
adl-20-cam0-rgb,data/keypoints_normalized/adl/adl-20-cam0-rgb.npz,121,150,0,0,0,0.000959341
adl-20-cam0-rgb,data/keypoints_normalized/adl/adl-20-cam0-rgb.npz,122,151,0,0,0,0.000943542
adl-20-cam0-rgb,data/keypoints_normalized/adl/adl-20-cam0-rgb.npz,123,152,0,0,0,0.00092331955
adl-20-cam0-rgb,data/keypoints_normalized/adl/adl-20-cam0-rgb.npz,124,153,0,0,0,0.0009079669
adl-20-cam0-rgb,data/keypoints_normalized/adl/adl-20-cam0-rgb.npz,125,154,0,0,0,0.0008971342
adl-20-cam0-rgb,data/keypoints_normalized/adl/adl-20-cam0-rgb.npz,126,155,0,0,0,0.0008884447
adl-20-cam0-rgb,data/keypoints_normalized/adl/adl-20-cam0-rgb.npz,127,156,0,0,0,0.00088204554
adl-20-cam0-rgb,data/keypoints_normalized/adl/adl-20-cam0-rgb.npz,128,157,0,0,0,0.0008727771
adl-20-cam0-rgb,data/keypoints_normalized/adl/adl-20-cam0-rgb.npz,129,158,0,0,0,0.0008670535
adl-20-cam0-rgb,data/keypoints_normalized/adl/adl-20-cam0-rgb.npz,130,159,0,0,0,0.00085959653
adl-20-cam0-rgb,data/keypoints_normalized/adl/adl-20-cam0-rgb.npz,131,160,0,0,0,0.0008517088
adl-20-cam0-rgb,data/keypoints_normalized/adl/adl-20-cam0-rgb.npz,132,161,0,0,0,0.0008447491
adl-20-cam0-rgb,data/keypoints_normalized/adl/adl-20-cam0-rgb.npz,133,162,0,0,0,0.0008407888
adl-20-cam0-rgb,data/keypoints_normalized/adl/adl-20-cam0-rgb.npz,134,163,0,0,0,0.00083349505
adl-20-cam0-rgb,data/keypoints_normalized/adl/adl-20-cam0-rgb.npz,135,164,0,0,0,0.00082600093
adl-20-cam0-rgb,data/keypoints_normalized/adl/adl-20-cam0-rgb.npz,136,165,0,0,0,0.00082716823
adl-20-cam0-rgb,data/keypoints_normalized/adl/adl-20-cam0-rgb.npz,137,166,0,0,0,0.000826367
adl-20-cam0-rgb,data/keypoints_normalized/adl/adl-20-cam0-rgb.npz,138,167,0,0,0,0.0008199446
adl-20-cam0-rgb,data/keypoints_normalized/adl/adl-20-cam0-rgb.npz,139,168,0,0,0,0.0008205676
adl-20-cam0-rgb,data/keypoints_normalized/adl/adl-20-cam0-rgb.npz,140,169,0,0,0,0.0008169105
adl-20-cam0-rgb,data/keypoints_normalized/adl/adl-20-cam0-rgb.npz,141,170,0,0,0,0.0008154013
adl-20-cam0-rgb,data/keypoints_normalized/adl/adl-20-cam0-rgb.npz,142,171,0,0,0,0.0008141103
adl-20-cam0-rgb,data/keypoints_normalized/adl/adl-20-cam0-rgb.npz,143,172,0,0,0,0.0008109072
adl-20-cam0-rgb,data/keypoints_normalized/adl/adl-20-cam0-rgb.npz,144,173,0,0,0,0.0008079751
adl-20-cam0-rgb,data/keypoints_normalized/adl/adl-20-cam0-rgb.npz,145,174,0,0,0,0.0008056153
adl-20-cam0-rgb,data/keypoints_normalized/adl/adl-20-cam0-rgb.npz,146,175,0,0,0,0.00080367306
adl-20-cam0-rgb,data/keypoints_normalized/adl/adl-20-cam0-rgb.npz,147,176,0,0,0,0.0007983035
adl-20-cam0-rgb,data/keypoints_normalized/adl/adl-20-cam0-rgb.npz,148,177,0,0,0,0.00079679413
adl-20-cam0-rgb,data/keypoints_normalized/adl/adl-20-cam0-rgb.npz,149,178,0,0,0,0.000789913
adl-20-cam0-rgb,data/keypoints_normalized/adl/adl-20-cam0-rgb.npz,150,179,0,0,0,0.00079013593
adl-20-cam0-rgb,data/keypoints_normalized/adl/adl-20-cam0-rgb.npz,151,180,0,0,0,0.00078734366
adl-20-cam0-rgb,data/keypoints_normalized/adl/adl-20-cam0-rgb.npz,152,181,0,0,0,0.0007855069
adl-20-cam0-rgb,data/keypoints_normalized/adl/adl-20-cam0-rgb.npz,153,182,0,0,0,0.000780217
adl-20-cam0-rgb,data/keypoints_normalized/adl/adl-20-cam0-rgb.npz,154,183,0,0,0,0.00080095214
adl-20-cam0-rgb,data/keypoints_normalized/adl/adl-20-cam0-rgb.npz,155,184,0,0,0,0.00079659215
adl-20-cam0-rgb,data/keypoints_normalized/adl/adl-20-cam0-rgb.npz,156,185,0,0,0,0.0007918458
adl-20-cam0-rgb,data/keypoints_normalized/adl/adl-20-cam0-rgb.npz,157,186,0,0,0,0.00078640936
adl-20-cam0-rgb,data/keypoints_normalized/adl/adl-20-cam0-rgb.npz,158,187,0,0,0,0.0007788939
adl-20-cam0-rgb,data/keypoints_normalized/adl/adl-20-cam0-rgb.npz,159,188,0,0,0,0.0007711606
adl-20-cam0-rgb,data/keypoints_normalized/adl/adl-20-cam0-rgb.npz,160,189,0,0,0,0.0007629149
adl-20-cam0-rgb,data/keypoints_normalized/adl/adl-20-cam0-rgb.npz,161,190,0,0,0,0.0007517321
adl-20-cam0-rgb,data/keypoints_normalized/adl/adl-20-cam0-rgb.npz,162,191,0,0,0,0.0007397679
adl-20-cam0-rgb,data/keypoints_normalized/adl/adl-20-cam0-rgb.npz,163,192,0,0,0,0.0007302476
adl-20-cam0-rgb,data/keypoints_normalized/adl/adl-20-cam0-rgb.npz,164,193,0,0,0,0.0007172262
adl-20-cam0-rgb,data/keypoints_normalized/adl/adl-20-cam0-rgb.npz,165,194,0,0,0,0.0007047061
adl-20-cam0-rgb,data/keypoints_normalized/adl/adl-20-cam0-rgb.npz,166,195,0,0,0,0.0006939549
adl-20-cam0-rgb,data/keypoints_normalized/adl/adl-20-cam0-rgb.npz,167,196,0,0,0,0.00068670826
adl-20-cam0-rgb,data/keypoints_normalized/adl/adl-20-cam0-rgb.npz,168,197,0,0,0,0.00067698065
adl-20-cam0-rgb,data/keypoints_normalized/adl/adl-20-cam0-rgb.npz,169,198,0,0,0,0.00067209493
adl-20-cam0-rgb,data/keypoints_normalized/adl/adl-20-cam0-rgb.npz,170,199,0,0,0,0.00066606153
adl-20-cam0-rgb,data/keypoints_normalized/adl/adl-20-cam0-rgb.npz,171,200,0,0,0,0.0006628395
adl-20-cam0-rgb,data/keypoints_normalized/adl/adl-20-cam0-rgb.npz,172,201,0,0,0,0.00066101697
adl-20-cam0-rgb,data/keypoints_normalized/adl/adl-20-cam0-rgb.npz,173,202,0,0,0,0.0006578916
adl-20-cam0-rgb,data/keypoints_normalized/adl/adl-20-cam0-rgb.npz,174,203,0,0,0,0.0006596866
adl-20-cam0-rgb,data/keypoints_normalized/adl/adl-20-cam0-rgb.npz,175,204,0,0,0,0.0006814204
adl-20-cam0-rgb,data/keypoints_normalized/adl/adl-20-cam0-rgb.npz,176,205,0,0,0,0.0006892291
adl-20-cam0-rgb,data/keypoints_normalized/adl/adl-20-cam0-rgb.npz,177,206,0,0,0,0.0007006297
adl-20-cam0-rgb,data/keypoints_normalized/adl/adl-20-cam0-rgb.npz,178,207,0,0,0,0.00071175245
adl-20-cam0-rgb,data/keypoints_normalized/adl/adl-20-cam0-rgb.npz,179,208,0,0,0,0.000727904
adl-20-cam0-rgb,data/keypoints_normalized/adl/adl-20-cam0-rgb.npz,180,209,0,0,0,0.0007448114
adl-20-cam0-rgb,data/keypoints_normalized/adl/adl-20-cam0-rgb.npz,181,210,0,0,0,0.0007616873
adl-20-cam0-rgb,data/keypoints_normalized/adl/adl-20-cam0-rgb.npz,182,211,0,0,0,0.0007704062
adl-20-cam0-rgb,data/keypoints_normalized/adl/adl-20-cam0-rgb.npz,183,212,0,0,0,0.0007846828
adl-20-cam0-rgb,data/keypoints_normalized/adl/adl-20-cam0-rgb.npz,184,213,0,0,0,0.0008030243
adl-20-cam0-rgb,data/keypoints_normalized/adl/adl-20-cam0-rgb.npz,185,214,0,0,0,0.0008221943
adl-20-cam0-rgb,data/keypoints_normalized/adl/adl-20-cam0-rgb.npz,186,215,0,0,0,0.0008452535
adl-20-cam0-rgb,data/keypoints_normalized/adl/adl-20-cam0-rgb.npz,187,216,0,0,0,0.00086855766
adl-20-cam0-rgb,data/keypoints_normalized/adl/adl-20-cam0-rgb.npz,188,217,0,0,0,0.0009096681
adl-20-cam0-rgb,data/keypoints_normalized/adl/adl-20-cam0-rgb.npz,189,218,0,0,0,0.0009305155
adl-20-cam0-rgb,data/keypoints_normalized/adl/adl-20-cam0-rgb.npz,190,219,0,0,0,0.00095834426
adl-20-cam0-rgb,data/keypoints_normalized/adl/adl-20-cam0-rgb.npz,191,220,0,0,0,0.000998734
adl-20-cam0-rgb,data/keypoints_normalized/adl/adl-20-cam0-rgb.npz,192,221,0,0,0,0.0010351638
adl-20-cam0-rgb,data/keypoints_normalized/adl/adl-20-cam0-rgb.npz,193,222,0,0,0,0.0010937597
adl-20-cam0-rgb,data/keypoints_normalized/adl/adl-20-cam0-rgb.npz,194,223,0,0,0,0.001137319
adl-20-cam0-rgb,data/keypoints_normalized/adl/adl-20-cam0-rgb.npz,195,224,0,0,0,0.0011875142
adl-20-cam0-rgb,data/keypoints_normalized/adl/adl-20-cam0-rgb.npz,196,225,0,0,0,0.0012495845
adl-20-cam0-rgb,data/keypoints_normalized/adl/adl-20-cam0-rgb.npz,197,226,0,0,0,0.0013245058
adl-20-cam0-rgb,data/keypoints_normalized/adl/adl-20-cam0-rgb.npz,198,227,0,0,0,0.0013596137
adl-20-cam0-rgb,data/keypoints_normalized/adl/adl-20-cam0-rgb.npz,199,228,0,0,0,0.0014277508
adl-20-cam0-rgb,data/keypoints_normalized/adl/adl-20-cam0-rgb.npz,200,229,0,0,0,0.0014896472
adl-20-cam0-rgb,data/keypoints_normalized/adl/adl-20-cam0-rgb.npz,201,230,0,0,0,0.0015524235
adl-20-cam0-rgb,data/keypoints_normalized/adl/adl-20-cam0-rgb.npz,202,231,0,0,0,0.0015864411
adl-20-cam0-rgb,data/keypoints_normalized/adl/adl-20-cam0-rgb.npz,203,232,0,0,0,0.0016115846
adl-20-cam0-rgb,data/keypoints_normalized/adl/adl-20-cam0-rgb.npz,204,233,0,0,0,0.0016195339
adl-20-cam0-rgb,data/keypoints_normalized/adl/adl-20-cam0-rgb.npz,205,234,0,0,0,0.0025706699
adl-20-cam0-rgb,data/keypoints_normalized/adl/adl-20-cam0-rgb.npz,206,235,0,0,0,0.002663874
adl-20-cam0-rgb,data/keypoints_normalized/adl/adl-20-cam0-rgb.npz,207,236,0,0,0,0.0027634755
adl-20-cam0-rgb,data/keypoints_normalized/adl/adl-20-cam0-rgb.npz,208,237,0,0,0,0.0028694156
adl-20-cam0-rgb,data/keypoints_normalized/adl/adl-20-cam0-rgb.npz,209,238,0,0,0,0.0029560262
adl-20-cam0-rgb,data/keypoints_normalized/adl/adl-20-cam0-rgb.npz,210,239,0,0,0,0.0029940598
adl-20-cam0-rgb,data/keypoints_normalized/adl/adl-20-cam0-rgb.npz,211,240,0,0,0,0.0030320324
adl-20-cam0-rgb,data/keypoints_normalized/adl/adl-20-cam0-rgb.npz,212,241,0,0,0,0.0030347724
adl-20-cam0-rgb,data/keypoints_normalized/adl/adl-20-cam0-rgb.npz,213,242,0,0,0,0.003026297
adl-20-cam0-rgb,data/keypoints_normalized/adl/adl-20-cam0-rgb.npz,214,243,0,0,0,0.0029959467
adl-20-cam0-rgb,data/keypoints_normalized/adl/adl-20-cam0-rgb.npz,215,244,0,0,0,0.0029732282
adl-20-cam0-rgb,data/keypoints_normalized/adl/adl-20-cam0-rgb.npz,216,245,0,0,0,0.002934561
adl-20-cam0-rgb,data/keypoints_normalized/adl/adl-20-cam0-rgb.npz,217,246,0,0,0,0.0030441321
adl-20-cam0-rgb,data/keypoints_normalized/adl/adl-20-cam0-rgb.npz,218,247,0,0,0,0.003010475
adl-20-cam0-rgb,data/keypoints_normalized/adl/adl-20-cam0-rgb.npz,219,248,0,0,0,0.0031612243
adl-20-cam0-rgb,data/keypoints_normalized/adl/adl-20-cam0-rgb.npz,220,249,0,0,0,0.0031344276
adl-20-cam0-rgb,data/keypoints_normalized/adl/adl-20-cam0-rgb.npz,221,250,0,0,0,0.00303763
adl-20-cam0-rgb,data/keypoints_normalized/adl/adl-20-cam0-rgb.npz,222,251,0,0,0,0.0029131228
adl-20-cam0-rgb,data/keypoints_normalized/adl/adl-20-cam0-rgb.npz,223,252,0,0,0,0.0028861512
adl-20-cam0-rgb,data/keypoints_normalized/adl/adl-20-cam0-rgb.npz,224,253,0,0,0,0.002865819
adl-20-cam0-rgb,data/keypoints_normalized/adl/adl-20-cam0-rgb.npz,225,254,0,0,0,0.0028505954
adl-20-cam0-rgb,data/keypoints_normalized/adl/adl-20-cam0-rgb.npz,226,255,0,0,0,0.0028415218
adl-20-cam0-rgb,data/keypoints_normalized/adl/adl-20-cam0-rgb.npz,227,256,0,0,0,0.0028446987
adl-20-cam0-rgb,data/keypoints_normalized/adl/adl-20-cam0-rgb.npz,228,257,0,0,0,0.0056464877
adl-20-cam0-rgb,data/keypoints_normalized/adl/adl-20-cam0-rgb.npz,229,258,0,0,0,0.0056464877
adl-20-cam0-rgb,data/keypoints_normalized/adl/adl-20-cam0-rgb.npz,230,259,0,0,0,0.0056464877
adl-20-cam0-rgb,data/keypoints_normalized/adl/adl-20-cam0-rgb.npz,231,260,0,0,0,0.0056464877
adl-20-cam0-rgb,data/keypoints_normalized/adl/adl-20-cam0-rgb.npz,232,261,0,0,0,0.0056464877
adl-20-cam0-rgb,data/keypoints_normalized/adl/adl-20-cam0-rgb.npz,233,262,0,0,0,0.0056464877
adl-21-cam0-rgb,data/keypoints_normalized/adl/adl-21-cam0-rgb.npz,49,78,0,0,0,0.0016873907
adl-21-cam0-rgb,data/keypoints_normalized/adl/adl-21-cam0-rgb.npz,50,79,0,0,0,0.0013851554
adl-21-cam0-rgb,data/keypoints_normalized/adl/adl-21-cam0-rgb.npz,51,80,0,0,0,0.0013852516
adl-21-cam0-rgb,data/keypoints_normalized/adl/adl-21-cam0-rgb.npz,52,81,0,0,0,0.0013855037
adl-21-cam0-rgb,data/keypoints_normalized/adl/adl-21-cam0-rgb.npz,53,82,0,0,0,0.0013873839
adl-21-cam0-rgb,data/keypoints_normalized/adl/adl-21-cam0-rgb.npz,54,83,0,0,0,0.001391172
adl-21-cam0-rgb,data/keypoints_normalized/adl/adl-21-cam0-rgb.npz,55,84,0,0,0,0.0013939968
adl-21-cam0-rgb,data/keypoints_normalized/adl/adl-21-cam0-rgb.npz,56,85,0,0,0,0.0013959437
adl-21-cam0-rgb,data/keypoints_normalized/adl/adl-21-cam0-rgb.npz,57,86,0,0,0,0.0013987883
adl-21-cam0-rgb,data/keypoints_normalized/adl/adl-21-cam0-rgb.npz,58,87,0,0,0,0.0014002243
adl-21-cam0-rgb,data/keypoints_normalized/adl/adl-21-cam0-rgb.npz,59,88,0,0,0,0.0014029572
adl-21-cam0-rgb,data/keypoints_normalized/adl/adl-21-cam0-rgb.npz,60,89,0,0,0,0.0014037738
adl-21-cam0-rgb,data/keypoints_normalized/adl/adl-21-cam0-rgb.npz,61,90,0,0,0,0.0014032578
adl-21-cam0-rgb,data/keypoints_normalized/adl/adl-21-cam0-rgb.npz,62,91,0,0,0,0.0014047902
adl-21-cam0-rgb,data/keypoints_normalized/adl/adl-21-cam0-rgb.npz,63,92,0,0,0,0.001406862
adl-21-cam0-rgb,data/keypoints_normalized/adl/adl-21-cam0-rgb.npz,64,93,0,0,0,0.0014076325
adl-21-cam0-rgb,data/keypoints_normalized/adl/adl-21-cam0-rgb.npz,65,94,0,0,0,0.0014095596
adl-21-cam0-rgb,data/keypoints_normalized/adl/adl-21-cam0-rgb.npz,66,95,0,0,0,0.0014106628
adl-21-cam0-rgb,data/keypoints_normalized/adl/adl-21-cam0-rgb.npz,67,96,0,0,0,0.0014124379
adl-21-cam0-rgb,data/keypoints_normalized/adl/adl-21-cam0-rgb.npz,68,97,0,0,0,0.0014170645
adl-21-cam0-rgb,data/keypoints_normalized/adl/adl-21-cam0-rgb.npz,69,98,0,0,0,0.001422441
adl-21-cam0-rgb,data/keypoints_normalized/adl/adl-21-cam0-rgb.npz,70,99,0,0,0,0.0014286437
adl-21-cam0-rgb,data/keypoints_normalized/adl/adl-21-cam0-rgb.npz,71,100,0,0,0,0.0014389032
adl-21-cam0-rgb,data/keypoints_normalized/adl/adl-21-cam0-rgb.npz,72,101,0,0,0,0.0010970065
adl-21-cam0-rgb,data/keypoints_normalized/adl/adl-21-cam0-rgb.npz,73,102,0,0,0,0.0011033186
adl-21-cam0-rgb,data/keypoints_normalized/adl/adl-21-cam0-rgb.npz,74,103,0,0,0,0.0011135802
adl-21-cam0-rgb,data/keypoints_normalized/adl/adl-21-cam0-rgb.npz,75,104,0,0,0,0.0009983
adl-21-cam0-rgb,data/keypoints_normalized/adl/adl-21-cam0-rgb.npz,76,105,0,0,0,0.0010075704
adl-21-cam0-rgb,data/keypoints_normalized/adl/adl-21-cam0-rgb.npz,77,106,0,0,0,0.0010174802
adl-21-cam0-rgb,data/keypoints_normalized/adl/adl-21-cam0-rgb.npz,78,107,0,0,0,0.0010280424
adl-21-cam0-rgb,data/keypoints_normalized/adl/adl-21-cam0-rgb.npz,79,108,0,0,0,0.0010379599
adl-21-cam0-rgb,data/keypoints_normalized/adl/adl-21-cam0-rgb.npz,80,109,0,0,0,0.0010488628
adl-21-cam0-rgb,data/keypoints_normalized/adl/adl-21-cam0-rgb.npz,81,110,0,0,0,0.0010524658
adl-21-cam0-rgb,data/keypoints_normalized/adl/adl-21-cam0-rgb.npz,82,111,0,0,0,0.0010567165
adl-21-cam0-rgb,data/keypoints_normalized/adl/adl-21-cam0-rgb.npz,83,112,0,0,0,0.0010681947
adl-21-cam0-rgb,data/keypoints_normalized/adl/adl-21-cam0-rgb.npz,84,113,0,0,0,0.001075359
adl-21-cam0-rgb,data/keypoints_normalized/adl/adl-21-cam0-rgb.npz,85,114,0,0,0,0.0010729629
adl-21-cam0-rgb,data/keypoints_normalized/adl/adl-21-cam0-rgb.npz,86,115,0,0,0,0.001076872
adl-21-cam0-rgb,data/keypoints_normalized/adl/adl-21-cam0-rgb.npz,87,116,0,0,0,0.0010794392
adl-21-cam0-rgb,data/keypoints_normalized/adl/adl-21-cam0-rgb.npz,88,117,0,0,0,0.001077006
adl-21-cam0-rgb,data/keypoints_normalized/adl/adl-21-cam0-rgb.npz,89,118,0,0,0,0.0010746906
adl-21-cam0-rgb,data/keypoints_normalized/adl/adl-21-cam0-rgb.npz,90,119,0,0,0,0.0010699772
adl-21-cam0-rgb,data/keypoints_normalized/adl/adl-21-cam0-rgb.npz,91,120,0,0,0,0.0010575604
adl-21-cam0-rgb,data/keypoints_normalized/adl/adl-21-cam0-rgb.npz,92,121,0,0,0,0.001038692
adl-21-cam0-rgb,data/keypoints_normalized/adl/adl-21-cam0-rgb.npz,93,122,0,0,0,0.0010257253
adl-21-cam0-rgb,data/keypoints_normalized/adl/adl-21-cam0-rgb.npz,94,123,0,0,0,0.0010134315
adl-21-cam0-rgb,data/keypoints_normalized/adl/adl-21-cam0-rgb.npz,95,124,0,0,0,0.0009983216
adl-21-cam0-rgb,data/keypoints_normalized/adl/adl-21-cam0-rgb.npz,96,125,0,0,0,0.0009769403
adl-21-cam0-rgb,data/keypoints_normalized/adl/adl-21-cam0-rgb.npz,97,126,0,0,0,0.0009523759
adl-21-cam0-rgb,data/keypoints_normalized/adl/adl-21-cam0-rgb.npz,98,127,0,0,0,0.0009277597
adl-21-cam0-rgb,data/keypoints_normalized/adl/adl-21-cam0-rgb.npz,99,128,0,0,0,0.0009102837
adl-21-cam0-rgb,data/keypoints_normalized/adl/adl-21-cam0-rgb.npz,100,129,0,0,0,0.00089047523
adl-21-cam0-rgb,data/keypoints_normalized/adl/adl-21-cam0-rgb.npz,101,130,0,0,0,0.0008744318
adl-21-cam0-rgb,data/keypoints_normalized/adl/adl-21-cam0-rgb.npz,102,131,0,0,0,0.0008663557
adl-21-cam0-rgb,data/keypoints_normalized/adl/adl-21-cam0-rgb.npz,103,132,0,0,0,0.00086369505
adl-21-cam0-rgb,data/keypoints_normalized/adl/adl-21-cam0-rgb.npz,104,133,0,0,0,0.0008668491
adl-21-cam0-rgb,data/keypoints_normalized/adl/adl-21-cam0-rgb.npz,105,134,0,0,0,0.00087108964
adl-21-cam0-rgb,data/keypoints_normalized/adl/adl-21-cam0-rgb.npz,106,135,0,0,0,0.0008807083
adl-21-cam0-rgb,data/keypoints_normalized/adl/adl-21-cam0-rgb.npz,107,136,0,0,0,0.0008945845
adl-21-cam0-rgb,data/keypoints_normalized/adl/adl-21-cam0-rgb.npz,108,137,0,0,0,0.00090567133
adl-21-cam0-rgb,data/keypoints_normalized/adl/adl-21-cam0-rgb.npz,109,138,0,0,0,0.0009171191
adl-21-cam0-rgb,data/keypoints_normalized/adl/adl-21-cam0-rgb.npz,110,139,0,0,0,0.000933429
adl-21-cam0-rgb,data/keypoints_normalized/adl/adl-21-cam0-rgb.npz,111,140,0,0,0,0.0009500717
adl-21-cam0-rgb,data/keypoints_normalized/adl/adl-21-cam0-rgb.npz,112,141,0,0,0,0.00095974415
adl-21-cam0-rgb,data/keypoints_normalized/adl/adl-21-cam0-rgb.npz,113,142,0,0,0,0.00097001804
adl-21-cam0-rgb,data/keypoints_normalized/adl/adl-21-cam0-rgb.npz,114,143,0,0,0,0.0009710815
adl-21-cam0-rgb,data/keypoints_normalized/adl/adl-21-cam0-rgb.npz,115,144,0,0,0,0.0009722609
adl-21-cam0-rgb,data/keypoints_normalized/adl/adl-21-cam0-rgb.npz,116,145,0,0,0,0.0009634161
adl-21-cam0-rgb,data/keypoints_normalized/adl/adl-21-cam0-rgb.npz,117,146,0,0,0,0.0009539197
adl-21-cam0-rgb,data/keypoints_normalized/adl/adl-21-cam0-rgb.npz,118,147,0,0,0,0.0009391302
adl-21-cam0-rgb,data/keypoints_normalized/adl/adl-21-cam0-rgb.npz,119,148,0,0,0,0.00092113786
adl-21-cam0-rgb,data/keypoints_normalized/adl/adl-21-cam0-rgb.npz,120,149,0,0,0,0.0009022914
adl-21-cam0-rgb,data/keypoints_normalized/adl/adl-21-cam0-rgb.npz,121,150,0,0,0,0.00088458526
adl-21-cam0-rgb,data/keypoints_normalized/adl/adl-21-cam0-rgb.npz,122,151,0,0,0,0.00086752995
adl-21-cam0-rgb,data/keypoints_normalized/adl/adl-21-cam0-rgb.npz,123,152,0,0,0,0.0008515023
adl-21-cam0-rgb,data/keypoints_normalized/adl/adl-21-cam0-rgb.npz,124,153,0,0,0,0.00083764805
adl-21-cam0-rgb,data/keypoints_normalized/adl/adl-21-cam0-rgb.npz,125,154,0,0,0,0.0008245434
adl-21-cam0-rgb,data/keypoints_normalized/adl/adl-21-cam0-rgb.npz,126,155,0,0,0,0.000819927
adl-21-cam0-rgb,data/keypoints_normalized/adl/adl-21-cam0-rgb.npz,127,156,0,0,0,0.000818802
adl-21-cam0-rgb,data/keypoints_normalized/adl/adl-21-cam0-rgb.npz,128,157,0,0,0,0.0008106114
adl-21-cam0-rgb,data/keypoints_normalized/adl/adl-21-cam0-rgb.npz,129,158,0,0,0,0.00080527674
adl-21-cam0-rgb,data/keypoints_normalized/adl/adl-21-cam0-rgb.npz,130,159,0,0,0,0.0008003867
adl-21-cam0-rgb,data/keypoints_normalized/adl/adl-21-cam0-rgb.npz,131,160,0,0,0,0.00078672904
adl-21-cam0-rgb,data/keypoints_normalized/adl/adl-21-cam0-rgb.npz,132,161,0,0,0,0.00078336534
adl-21-cam0-rgb,data/keypoints_normalized/adl/adl-21-cam0-rgb.npz,133,162,0,0,0,0.0007791928
adl-21-cam0-rgb,data/keypoints_normalized/adl/adl-21-cam0-rgb.npz,134,163,0,0,0,0.00078166666
adl-21-cam0-rgb,data/keypoints_normalized/adl/adl-21-cam0-rgb.npz,135,164,0,0,0,0.000783835
adl-21-cam0-rgb,data/keypoints_normalized/adl/adl-21-cam0-rgb.npz,136,165,0,0,0,0.00077436503
adl-21-cam0-rgb,data/keypoints_normalized/adl/adl-21-cam0-rgb.npz,137,166,0,0,0,0.0007628076
adl-21-cam0-rgb,data/keypoints_normalized/adl/adl-21-cam0-rgb.npz,138,167,0,0,0,0.0007508966
adl-21-cam0-rgb,data/keypoints_normalized/adl/adl-21-cam0-rgb.npz,139,168,0,0,0,0.00073747634
adl-21-cam0-rgb,data/keypoints_normalized/adl/adl-21-cam0-rgb.npz,140,169,0,0,0,0.00072188745
adl-21-cam0-rgb,data/keypoints_normalized/adl/adl-21-cam0-rgb.npz,141,170,0,0,0,0.00070507015
adl-21-cam0-rgb,data/keypoints_normalized/adl/adl-21-cam0-rgb.npz,142,171,0,0,0,0.00069336523
adl-21-cam0-rgb,data/keypoints_normalized/adl/adl-21-cam0-rgb.npz,143,172,0,0,0,0.0006751418
adl-21-cam0-rgb,data/keypoints_normalized/adl/adl-21-cam0-rgb.npz,144,173,0,0,0,0.0006547084
adl-21-cam0-rgb,data/keypoints_normalized/adl/adl-21-cam0-rgb.npz,145,174,0,0,0,0.0006352944
adl-21-cam0-rgb,data/keypoints_normalized/adl/adl-21-cam0-rgb.npz,146,175,0,0,0,0.0006179299
adl-21-cam0-rgb,data/keypoints_normalized/adl/adl-21-cam0-rgb.npz,147,176,0,0,0,0.00059953047
adl-21-cam0-rgb,data/keypoints_normalized/adl/adl-21-cam0-rgb.npz,148,177,0,0,0,0.0005827495
adl-21-cam0-rgb,data/keypoints_normalized/adl/adl-21-cam0-rgb.npz,149,178,0,0,0,0.00056836114
adl-21-cam0-rgb,data/keypoints_normalized/adl/adl-21-cam0-rgb.npz,150,179,0,0,0,0.0005515208
adl-21-cam0-rgb,data/keypoints_normalized/adl/adl-21-cam0-rgb.npz,151,180,0,0,0,0.0005406881
adl-21-cam0-rgb,data/keypoints_normalized/adl/adl-21-cam0-rgb.npz,152,181,0,0,0,0.00052999076
adl-21-cam0-rgb,data/keypoints_normalized/adl/adl-21-cam0-rgb.npz,153,182,0,0,0,0.0005232944
adl-21-cam0-rgb,data/keypoints_normalized/adl/adl-21-cam0-rgb.npz,154,183,0,0,0,0.0005167639
adl-21-cam0-rgb,data/keypoints_normalized/adl/adl-21-cam0-rgb.npz,155,184,0,0,0,0.0005105795
adl-21-cam0-rgb,data/keypoints_normalized/adl/adl-21-cam0-rgb.npz,156,185,0,0,0,0.0005074535
adl-21-cam0-rgb,data/keypoints_normalized/adl/adl-21-cam0-rgb.npz,157,186,0,0,0,0.0005059075
adl-21-cam0-rgb,data/keypoints_normalized/adl/adl-21-cam0-rgb.npz,158,187,0,0,0,0.0005052155
adl-21-cam0-rgb,data/keypoints_normalized/adl/adl-21-cam0-rgb.npz,159,188,0,0,0,0.00050520536
adl-21-cam0-rgb,data/keypoints_normalized/adl/adl-21-cam0-rgb.npz,160,189,0,0,0,0.0005082803
adl-21-cam0-rgb,data/keypoints_normalized/adl/adl-21-cam0-rgb.npz,161,190,0,0,0,0.00051306904
adl-21-cam0-rgb,data/keypoints_normalized/adl/adl-21-cam0-rgb.npz,162,191,0,0,0,0.00051900104
adl-21-cam0-rgb,data/keypoints_normalized/adl/adl-21-cam0-rgb.npz,163,192,0,0,0,0.00052332535
adl-21-cam0-rgb,data/keypoints_normalized/adl/adl-21-cam0-rgb.npz,164,193,0,0,0,0.000528687
adl-21-cam0-rgb,data/keypoints_normalized/adl/adl-21-cam0-rgb.npz,165,194,0,0,0,0.0005352277
adl-21-cam0-rgb,data/keypoints_normalized/adl/adl-21-cam0-rgb.npz,166,195,0,0,0,0.0005427502
adl-21-cam0-rgb,data/keypoints_normalized/adl/adl-21-cam0-rgb.npz,167,196,0,0,0,0.000555087
adl-21-cam0-rgb,data/keypoints_normalized/adl/adl-21-cam0-rgb.npz,168,197,0,0,0,0.0005608311
adl-21-cam0-rgb,data/keypoints_normalized/adl/adl-21-cam0-rgb.npz,169,198,0,0,0,0.0005711038
adl-21-cam0-rgb,data/keypoints_normalized/adl/adl-21-cam0-rgb.npz,170,199,0,0,0,0.00058541127
adl-21-cam0-rgb,data/keypoints_normalized/adl/adl-21-cam0-rgb.npz,171,200,0,0,0,0.0006029935
adl-21-cam0-rgb,data/keypoints_normalized/adl/adl-21-cam0-rgb.npz,172,201,0,0,0,0.0006320893
adl-21-cam0-rgb,data/keypoints_normalized/adl/adl-21-cam0-rgb.npz,173,202,0,0,0,0.0006615332
adl-21-cam0-rgb,data/keypoints_normalized/adl/adl-21-cam0-rgb.npz,174,203,0,0,0,0.0006978791
adl-21-cam0-rgb,data/keypoints_normalized/adl/adl-21-cam0-rgb.npz,175,204,0,0,0,0.000747136
adl-21-cam0-rgb,data/keypoints_normalized/adl/adl-21-cam0-rgb.npz,176,205,0,0,0,0.0008148491
adl-21-cam0-rgb,data/keypoints_normalized/adl/adl-21-cam0-rgb.npz,177,206,0,0,0,0.00091347366
adl-21-cam0-rgb,data/keypoints_normalized/adl/adl-21-cam0-rgb.npz,178,207,0,0,0,0.0010348053
adl-21-cam0-rgb,data/keypoints_normalized/adl/adl-21-cam0-rgb.npz,179,208,0,0,0,0.0011845372
adl-21-cam0-rgb,data/keypoints_normalized/adl/adl-21-cam0-rgb.npz,180,209,0,0,0,0.0013954226
adl-21-cam0-rgb,data/keypoints_normalized/adl/adl-21-cam0-rgb.npz,181,210,0,0,0,0.0016622847
adl-21-cam0-rgb,data/keypoints_normalized/adl/adl-21-cam0-rgb.npz,182,211,0,0,0,0.0020524636
adl-21-cam0-rgb,data/keypoints_normalized/adl/adl-21-cam0-rgb.npz,183,212,0,0,0,0.0026264875
adl-21-cam0-rgb,data/keypoints_normalized/adl/adl-21-cam0-rgb.npz,184,213,0,0,0,0.0033790523
adl-21-cam0-rgb,data/keypoints_normalized/adl/adl-21-cam0-rgb.npz,185,214,0,0,0,0.0046662875
adl-21-cam0-rgb,data/keypoints_normalized/adl/adl-21-cam0-rgb.npz,186,215,0,0,0,0.006185886
adl-21-cam0-rgb,data/keypoints_normalized/adl/adl-21-cam0-rgb.npz,187,216,0,0,0,0.008167261
adl-21-cam0-rgb,data/keypoints_normalized/adl/adl-21-cam0-rgb.npz,188,217,0,0,0,0.010594764
adl-21-cam0-rgb,data/keypoints_normalized/adl/adl-21-cam0-rgb.npz,189,218,0,0,0,0.013603331
adl-21-cam0-rgb,data/keypoints_normalized/adl/adl-21-cam0-rgb.npz,190,219,0,0,0,0.017357828
adl-21-cam0-rgb,data/keypoints_normalized/adl/adl-21-cam0-rgb.npz,191,220,0,0,0,0.021137409
adl-21-cam0-rgb,data/keypoints_normalized/adl/adl-21-cam0-rgb.npz,192,221,0,0,0,0.022885201
adl-21-cam0-rgb,data/keypoints_normalized/adl/adl-21-cam0-rgb.npz,193,222,0,0,0,0.024881208
adl-21-cam0-rgb,data/keypoints_normalized/adl/adl-21-cam0-rgb.npz,194,223,0,0,0,0.02436062
adl-21-cam0-rgb,data/keypoints_normalized/adl/adl-21-cam0-rgb.npz,195,224,0,0,0,0.023557613
adl-21-cam0-rgb,data/keypoints_normalized/adl/adl-21-cam0-rgb.npz,196,225,0,0,0,0.02018137
adl-21-cam0-rgb,data/keypoints_normalized/adl/adl-21-cam0-rgb.npz,197,226,0,0,0,0.01770888
adl-21-cam0-rgb,data/keypoints_normalized/adl/adl-21-cam0-rgb.npz,198,227,0,0,0,0.014580414
adl-21-cam0-rgb,data/keypoints_normalized/adl/adl-21-cam0-rgb.npz,199,228,0,0,0,0.011622631
adl-21-cam0-rgb,data/keypoints_normalized/adl/adl-21-cam0-rgb.npz,200,229,0,0,0,0.009771148
adl-21-cam0-rgb,data/keypoints_normalized/adl/adl-21-cam0-rgb.npz,201,230,0,0,0,0.008007773
adl-21-cam0-rgb,data/keypoints_normalized/adl/adl-21-cam0-rgb.npz,202,231,0,0,0,0.005618699
adl-21-cam0-rgb,data/keypoints_normalized/adl/adl-21-cam0-rgb.npz,203,232,0,0,0,0.004514162
adl-21-cam0-rgb,data/keypoints_normalized/adl/adl-21-cam0-rgb.npz,204,233,0,0,0,0.0036150871
adl-21-cam0-rgb,data/keypoints_normalized/adl/adl-21-cam0-rgb.npz,205,234,0,0,0,0.0028205388
adl-21-cam0-rgb,data/keypoints_normalized/adl/adl-21-cam0-rgb.npz,206,235,0,0,0,0.0025730897
adl-21-cam0-rgb,data/keypoints_normalized/adl/adl-21-cam0-rgb.npz,207,236,0,0,0,0.002323136
adl-21-cam0-rgb,data/keypoints_normalized/adl/adl-21-cam0-rgb.npz,208,237,0,0,0,0.0019909514
adl-21-cam0-rgb,data/keypoints_normalized/adl/adl-21-cam0-rgb.npz,209,238,0,0,0,0.0017580889
adl-21-cam0-rgb,data/keypoints_normalized/adl/adl-21-cam0-rgb.npz,210,239,0,0,0,0.0015535504
adl-21-cam0-rgb,data/keypoints_normalized/adl/adl-21-cam0-rgb.npz,211,240,0,0,0,0.0014500555
adl-21-cam0-rgb,data/keypoints_normalized/adl/adl-21-cam0-rgb.npz,212,241,0,0,0,0.0013766671
adl-21-cam0-rgb,data/keypoints_normalized/adl/adl-21-cam0-rgb.npz,213,242,0,0,0,0.0013148836
adl-21-cam0-rgb,data/keypoints_normalized/adl/adl-21-cam0-rgb.npz,214,243,0,0,0,0.0012697356
adl-21-cam0-rgb,data/keypoints_normalized/adl/adl-21-cam0-rgb.npz,215,244,0,0,0,0.0012374795
adl-21-cam0-rgb,data/keypoints_normalized/adl/adl-21-cam0-rgb.npz,216,245,0,0,0,0.0012238555
adl-21-cam0-rgb,data/keypoints_normalized/adl/adl-21-cam0-rgb.npz,217,246,0,0,0,0.0012110913
adl-21-cam0-rgb,data/keypoints_normalized/adl/adl-21-cam0-rgb.npz,218,247,0,0,0,0.0011846811
adl-21-cam0-rgb,data/keypoints_normalized/adl/adl-21-cam0-rgb.npz,219,248,0,0,0,0.0011897786
adl-21-cam0-rgb,data/keypoints_normalized/adl/adl-21-cam0-rgb.npz,220,249,0,0,0,0.0011911626
adl-21-cam0-rgb,data/keypoints_normalized/adl/adl-21-cam0-rgb.npz,221,250,0,0,0,0.0012053263
adl-21-cam0-rgb,data/keypoints_normalized/adl/adl-21-cam0-rgb.npz,222,251,0,0,0,0.0015288717
adl-21-cam0-rgb,data/keypoints_normalized/adl/adl-21-cam0-rgb.npz,223,252,0,0,0,0.0015288717
adl-22-cam0-rgb,data/keypoints_normalized/adl/adl-22-cam0-rgb.npz,26,55,0,0,0,0.0015436133
adl-22-cam0-rgb,data/keypoints_normalized/adl/adl-22-cam0-rgb.npz,27,56,0,0,0,0.0012714831
adl-22-cam0-rgb,data/keypoints_normalized/adl/adl-22-cam0-rgb.npz,28,57,0,0,0,0.0012701215
adl-22-cam0-rgb,data/keypoints_normalized/adl/adl-22-cam0-rgb.npz,29,58,0,0,0,0.0012683154
adl-22-cam0-rgb,data/keypoints_normalized/adl/adl-22-cam0-rgb.npz,30,59,0,0,0,0.001266588
adl-22-cam0-rgb,data/keypoints_normalized/adl/adl-22-cam0-rgb.npz,31,60,0,0,0,0.0012593691
adl-22-cam0-rgb,data/keypoints_normalized/adl/adl-22-cam0-rgb.npz,32,61,0,0,0,0.0012536807
adl-22-cam0-rgb,data/keypoints_normalized/adl/adl-22-cam0-rgb.npz,33,62,0,0,0,0.0012444463
adl-22-cam0-rgb,data/keypoints_normalized/adl/adl-22-cam0-rgb.npz,34,63,0,0,0,0.0012334079
adl-22-cam0-rgb,data/keypoints_normalized/adl/adl-22-cam0-rgb.npz,35,64,0,0,0,0.0012196882
adl-22-cam0-rgb,data/keypoints_normalized/adl/adl-22-cam0-rgb.npz,36,65,0,0,0,0.0012051924
adl-22-cam0-rgb,data/keypoints_normalized/adl/adl-22-cam0-rgb.npz,37,66,0,0,0,0.0011908074
adl-22-cam0-rgb,data/keypoints_normalized/adl/adl-22-cam0-rgb.npz,38,67,0,0,0,0.0011802535
adl-22-cam0-rgb,data/keypoints_normalized/adl/adl-22-cam0-rgb.npz,39,68,0,0,0,0.0011662863
adl-22-cam0-rgb,data/keypoints_normalized/adl/adl-22-cam0-rgb.npz,40,69,0,0,0,0.0011539041
adl-22-cam0-rgb,data/keypoints_normalized/adl/adl-22-cam0-rgb.npz,41,70,0,0,0,0.0011410313
adl-22-cam0-rgb,data/keypoints_normalized/adl/adl-22-cam0-rgb.npz,42,71,0,0,0,0.0011254568
adl-22-cam0-rgb,data/keypoints_normalized/adl/adl-22-cam0-rgb.npz,43,72,0,0,0,0.0011142677
adl-22-cam0-rgb,data/keypoints_normalized/adl/adl-22-cam0-rgb.npz,44,73,0,0,0,0.0011011836
adl-22-cam0-rgb,data/keypoints_normalized/adl/adl-22-cam0-rgb.npz,45,74,0,0,0,0.0010866321
adl-22-cam0-rgb,data/keypoints_normalized/adl/adl-22-cam0-rgb.npz,46,75,0,0,0,0.001072387
adl-22-cam0-rgb,data/keypoints_normalized/adl/adl-22-cam0-rgb.npz,47,76,0,0,0,0.0010586497
adl-22-cam0-rgb,data/keypoints_normalized/adl/adl-22-cam0-rgb.npz,48,77,0,0,0,0.0010431384
adl-22-cam0-rgb,data/keypoints_normalized/adl/adl-22-cam0-rgb.npz,49,78,0,0,0,0.0010271892
adl-22-cam0-rgb,data/keypoints_normalized/adl/adl-22-cam0-rgb.npz,50,79,0,0,0,0.0010109358
adl-22-cam0-rgb,data/keypoints_normalized/adl/adl-22-cam0-rgb.npz,51,80,0,0,0,0.0009944618
adl-22-cam0-rgb,data/keypoints_normalized/adl/adl-22-cam0-rgb.npz,52,81,0,0,0,0.0009775489
adl-22-cam0-rgb,data/keypoints_normalized/adl/adl-22-cam0-rgb.npz,53,82,0,0,0,0.00096325
adl-22-cam0-rgb,data/keypoints_normalized/adl/adl-22-cam0-rgb.npz,54,83,0,0,0,0.00095044525
adl-22-cam0-rgb,data/keypoints_normalized/adl/adl-22-cam0-rgb.npz,55,84,0,0,0,0.00093920087
adl-22-cam0-rgb,data/keypoints_normalized/adl/adl-22-cam0-rgb.npz,56,85,0,0,0,0.0009280082
adl-22-cam0-rgb,data/keypoints_normalized/adl/adl-22-cam0-rgb.npz,57,86,0,0,0,0.00092164264
adl-22-cam0-rgb,data/keypoints_normalized/adl/adl-22-cam0-rgb.npz,58,87,0,0,0,0.0009182566
adl-22-cam0-rgb,data/keypoints_normalized/adl/adl-22-cam0-rgb.npz,59,88,0,0,0,0.0009176688
adl-22-cam0-rgb,data/keypoints_normalized/adl/adl-22-cam0-rgb.npz,60,89,0,0,0,0.0009176702
adl-22-cam0-rgb,data/keypoints_normalized/adl/adl-22-cam0-rgb.npz,61,90,0,0,0,0.00091472967
adl-22-cam0-rgb,data/keypoints_normalized/adl/adl-22-cam0-rgb.npz,62,91,0,0,0,0.00091271417
adl-22-cam0-rgb,data/keypoints_normalized/adl/adl-22-cam0-rgb.npz,63,92,0,0,0,0.00091617496
adl-22-cam0-rgb,data/keypoints_normalized/adl/adl-22-cam0-rgb.npz,64,93,0,0,0,0.00090982724
adl-22-cam0-rgb,data/keypoints_normalized/adl/adl-22-cam0-rgb.npz,65,94,0,0,0,0.0009047881
adl-22-cam0-rgb,data/keypoints_normalized/adl/adl-22-cam0-rgb.npz,66,95,0,0,0,0.00089711463
adl-22-cam0-rgb,data/keypoints_normalized/adl/adl-22-cam0-rgb.npz,67,96,0,0,0,0.00089390547
adl-22-cam0-rgb,data/keypoints_normalized/adl/adl-22-cam0-rgb.npz,68,97,0,0,0,0.0008787337
adl-22-cam0-rgb,data/keypoints_normalized/adl/adl-22-cam0-rgb.npz,69,98,0,0,0,0.00087070715
adl-22-cam0-rgb,data/keypoints_normalized/adl/adl-22-cam0-rgb.npz,70,99,0,0,0,0.0008588269
adl-22-cam0-rgb,data/keypoints_normalized/adl/adl-22-cam0-rgb.npz,71,100,0,0,0,0.00084910815
adl-22-cam0-rgb,data/keypoints_normalized/adl/adl-22-cam0-rgb.npz,72,101,0,0,0,0.00083131663
adl-22-cam0-rgb,data/keypoints_normalized/adl/adl-22-cam0-rgb.npz,73,102,0,0,0,0.00081668916
adl-22-cam0-rgb,data/keypoints_normalized/adl/adl-22-cam0-rgb.npz,74,103,0,0,0,0.00080298644
adl-22-cam0-rgb,data/keypoints_normalized/adl/adl-22-cam0-rgb.npz,75,104,0,0,0,0.00079250144
adl-22-cam0-rgb,data/keypoints_normalized/adl/adl-22-cam0-rgb.npz,76,105,0,0,0,0.00076953834
adl-22-cam0-rgb,data/keypoints_normalized/adl/adl-22-cam0-rgb.npz,77,106,0,0,0,0.00076222816
adl-22-cam0-rgb,data/keypoints_normalized/adl/adl-22-cam0-rgb.npz,78,107,0,0,0,0.0007582343
adl-22-cam0-rgb,data/keypoints_normalized/adl/adl-22-cam0-rgb.npz,79,108,0,0,0,0.0007530851
adl-22-cam0-rgb,data/keypoints_normalized/adl/adl-22-cam0-rgb.npz,80,109,0,0,0,0.0007462508
adl-22-cam0-rgb,data/keypoints_normalized/adl/adl-22-cam0-rgb.npz,81,110,0,0,0,0.0007443744
adl-22-cam0-rgb,data/keypoints_normalized/adl/adl-22-cam0-rgb.npz,82,111,0,0,0,0.0007477999
adl-22-cam0-rgb,data/keypoints_normalized/adl/adl-22-cam0-rgb.npz,83,112,0,0,0,0.00075215165
adl-22-cam0-rgb,data/keypoints_normalized/adl/adl-22-cam0-rgb.npz,84,113,0,0,0,0.000757533
adl-22-cam0-rgb,data/keypoints_normalized/adl/adl-22-cam0-rgb.npz,85,114,0,0,0,0.000765463
adl-22-cam0-rgb,data/keypoints_normalized/adl/adl-22-cam0-rgb.npz,86,115,0,0,0,0.00077463995
adl-22-cam0-rgb,data/keypoints_normalized/adl/adl-22-cam0-rgb.npz,87,116,0,0,0,0.0007837226
adl-22-cam0-rgb,data/keypoints_normalized/adl/adl-22-cam0-rgb.npz,88,117,0,0,0,0.0007921303
adl-22-cam0-rgb,data/keypoints_normalized/adl/adl-22-cam0-rgb.npz,89,118,0,0,0,0.0007996679
adl-22-cam0-rgb,data/keypoints_normalized/adl/adl-22-cam0-rgb.npz,90,119,0,0,0,0.0008113316
adl-22-cam0-rgb,data/keypoints_normalized/adl/adl-22-cam0-rgb.npz,91,120,0,0,0,0.00081909145
adl-22-cam0-rgb,data/keypoints_normalized/adl/adl-22-cam0-rgb.npz,92,121,0,0,0,0.0008245552
adl-22-cam0-rgb,data/keypoints_normalized/adl/adl-22-cam0-rgb.npz,93,122,0,0,0,0.0008308502
adl-22-cam0-rgb,data/keypoints_normalized/adl/adl-22-cam0-rgb.npz,94,123,0,0,0,0.0008359055
adl-22-cam0-rgb,data/keypoints_normalized/adl/adl-22-cam0-rgb.npz,95,124,0,0,0,0.00083773397
adl-22-cam0-rgb,data/keypoints_normalized/adl/adl-22-cam0-rgb.npz,96,125,0,0,0,0.0008417439
adl-22-cam0-rgb,data/keypoints_normalized/adl/adl-22-cam0-rgb.npz,97,126,0,0,0,0.0008478807
adl-22-cam0-rgb,data/keypoints_normalized/adl/adl-22-cam0-rgb.npz,98,127,0,0,0,0.00084905553
adl-22-cam0-rgb,data/keypoints_normalized/adl/adl-22-cam0-rgb.npz,99,128,0,0,0,0.0008507246
adl-22-cam0-rgb,data/keypoints_normalized/adl/adl-22-cam0-rgb.npz,100,129,0,0,0,0.00085972185
adl-22-cam0-rgb,data/keypoints_normalized/adl/adl-22-cam0-rgb.npz,101,130,0,0,0,0.00086497824
adl-22-cam0-rgb,data/keypoints_normalized/adl/adl-22-cam0-rgb.npz,102,131,0,0,0,0.000864422
adl-22-cam0-rgb,data/keypoints_normalized/adl/adl-22-cam0-rgb.npz,103,132,0,0,0,0.00086052745
adl-22-cam0-rgb,data/keypoints_normalized/adl/adl-22-cam0-rgb.npz,104,133,0,0,0,0.0008584734
adl-22-cam0-rgb,data/keypoints_normalized/adl/adl-22-cam0-rgb.npz,105,134,0,0,0,0.0008591274
adl-22-cam0-rgb,data/keypoints_normalized/adl/adl-22-cam0-rgb.npz,106,135,0,0,0,0.0008451749
adl-22-cam0-rgb,data/keypoints_normalized/adl/adl-22-cam0-rgb.npz,107,136,0,0,0,0.0008495091
adl-22-cam0-rgb,data/keypoints_normalized/adl/adl-22-cam0-rgb.npz,108,137,0,0,0,0.0008565277
adl-22-cam0-rgb,data/keypoints_normalized/adl/adl-22-cam0-rgb.npz,109,138,0,0,0,0.00086738163
adl-22-cam0-rgb,data/keypoints_normalized/adl/adl-22-cam0-rgb.npz,110,139,0,0,0,0.0008930669
adl-22-cam0-rgb,data/keypoints_normalized/adl/adl-22-cam0-rgb.npz,111,140,0,0,0,0.0009266241
adl-22-cam0-rgb,data/keypoints_normalized/adl/adl-22-cam0-rgb.npz,112,141,0,0,0,0.00096840906
adl-22-cam0-rgb,data/keypoints_normalized/adl/adl-22-cam0-rgb.npz,113,142,0,0,0,0.0010171852
adl-22-cam0-rgb,data/keypoints_normalized/adl/adl-22-cam0-rgb.npz,114,143,0,0,0,0.0010793143
adl-22-cam0-rgb,data/keypoints_normalized/adl/adl-22-cam0-rgb.npz,115,144,0,0,0,0.001152306
adl-22-cam0-rgb,data/keypoints_normalized/adl/adl-22-cam0-rgb.npz,116,145,0,0,0,0.0012502595
adl-22-cam0-rgb,data/keypoints_normalized/adl/adl-22-cam0-rgb.npz,117,146,0,0,0,0.0013628866
adl-22-cam0-rgb,data/keypoints_normalized/adl/adl-22-cam0-rgb.npz,118,147,0,0,0,0.0014993229
adl-22-cam0-rgb,data/keypoints_normalized/adl/adl-22-cam0-rgb.npz,119,148,0,0,0,0.0016573486
adl-22-cam0-rgb,data/keypoints_normalized/adl/adl-22-cam0-rgb.npz,120,149,0,0,0,0.00185812
adl-22-cam0-rgb,data/keypoints_normalized/adl/adl-22-cam0-rgb.npz,121,150,0,0,0,0.0020356325
adl-22-cam0-rgb,data/keypoints_normalized/adl/adl-22-cam0-rgb.npz,122,151,0,0,0,0.0022094334
adl-22-cam0-rgb,data/keypoints_normalized/adl/adl-22-cam0-rgb.npz,123,152,0,0,0,0.0025072168
adl-22-cam0-rgb,data/keypoints_normalized/adl/adl-22-cam0-rgb.npz,124,153,0,0,0,0.0027260024
adl-22-cam0-rgb,data/keypoints_normalized/adl/adl-22-cam0-rgb.npz,125,154,0,0,0,0.0031411827
adl-22-cam0-rgb,data/keypoints_normalized/adl/adl-22-cam0-rgb.npz,126,155,0,0,0,0.0035899712
adl-22-cam0-rgb,data/keypoints_normalized/adl/adl-22-cam0-rgb.npz,127,156,0,0,0,0.0040411204
adl-22-cam0-rgb,data/keypoints_normalized/adl/adl-22-cam0-rgb.npz,128,157,0,0,0,0.004770095
adl-22-cam0-rgb,data/keypoints_normalized/adl/adl-22-cam0-rgb.npz,129,158,0,0,0,0.0054842005
adl-22-cam0-rgb,data/keypoints_normalized/adl/adl-22-cam0-rgb.npz,130,159,0,0,0,0.006344991
adl-22-cam0-rgb,data/keypoints_normalized/adl/adl-22-cam0-rgb.npz,131,160,0,0,0,0.0072315857
adl-22-cam0-rgb,data/keypoints_normalized/adl/adl-22-cam0-rgb.npz,132,161,0,0,0,0.008071867
adl-22-cam0-rgb,data/keypoints_normalized/adl/adl-22-cam0-rgb.npz,133,162,0,0,0,0.008944957
adl-22-cam0-rgb,data/keypoints_normalized/adl/adl-22-cam0-rgb.npz,134,163,0,0,0,0.0086508
adl-22-cam0-rgb,data/keypoints_normalized/adl/adl-22-cam0-rgb.npz,135,164,0,0,0,0.008682127
adl-22-cam0-rgb,data/keypoints_normalized/adl/adl-22-cam0-rgb.npz,136,165,0,0,0,0.008449893
adl-22-cam0-rgb,data/keypoints_normalized/adl/adl-22-cam0-rgb.npz,137,166,0,0,0,0.00772476
adl-22-cam0-rgb,data/keypoints_normalized/adl/adl-22-cam0-rgb.npz,138,167,0,0,0,0.007146181
adl-22-cam0-rgb,data/keypoints_normalized/adl/adl-22-cam0-rgb.npz,139,168,0,0,0,0.0070728506
adl-22-cam0-rgb,data/keypoints_normalized/adl/adl-22-cam0-rgb.npz,140,169,0,0,0,0.0059471074
adl-22-cam0-rgb,data/keypoints_normalized/adl/adl-22-cam0-rgb.npz,141,170,0,0,0,0.004009162
adl-22-cam0-rgb,data/keypoints_normalized/adl/adl-22-cam0-rgb.npz,142,171,0,0,0,0.0036410014
adl-22-cam0-rgb,data/keypoints_normalized/adl/adl-22-cam0-rgb.npz,143,172,0,0,0,0.0033200113
adl-22-cam0-rgb,data/keypoints_normalized/adl/adl-22-cam0-rgb.npz,144,173,0,0,0,0.0029755773
adl-22-cam0-rgb,data/keypoints_normalized/adl/adl-22-cam0-rgb.npz,145,174,0,0,0,0.002864744
adl-22-cam0-rgb,data/keypoints_normalized/adl/adl-22-cam0-rgb.npz,146,175,0,0,0,0.002883046
adl-22-cam0-rgb,data/keypoints_normalized/adl/adl-22-cam0-rgb.npz,147,176,0,0,0,0.0027955594
adl-22-cam0-rgb,data/keypoints_normalized/adl/adl-22-cam0-rgb.npz,148,177,0,0,0,0.0026049425
adl-22-cam0-rgb,data/keypoints_normalized/adl/adl-22-cam0-rgb.npz,149,178,0,0,0,0.0024367638
adl-22-cam0-rgb,data/keypoints_normalized/adl/adl-22-cam0-rgb.npz,150,179,0,0,0,0.002341518
adl-22-cam0-rgb,data/keypoints_normalized/adl/adl-22-cam0-rgb.npz,151,180,0,0,0,0.0022412853
adl-22-cam0-rgb,data/keypoints_normalized/adl/adl-22-cam0-rgb.npz,152,181,0,0,0,0.0020905968
adl-22-cam0-rgb,data/keypoints_normalized/adl/adl-22-cam0-rgb.npz,153,182,0,0,0,0.002078466
adl-22-cam0-rgb,data/keypoints_normalized/adl/adl-22-cam0-rgb.npz,154,183,0,0,0,0.0019922678
adl-22-cam0-rgb,data/keypoints_normalized/adl/adl-22-cam0-rgb.npz,155,184,0,0,0,0.0019097016
adl-22-cam0-rgb,data/keypoints_normalized/adl/adl-22-cam0-rgb.npz,156,185,0,0,0,0.0019521837
adl-22-cam0-rgb,data/keypoints_normalized/adl/adl-22-cam0-rgb.npz,157,186,0,0,0,0.001958588
adl-22-cam0-rgb,data/keypoints_normalized/adl/adl-22-cam0-rgb.npz,158,187,0,0,0,0.001956857
adl-22-cam0-rgb,data/keypoints_normalized/adl/adl-22-cam0-rgb.npz,159,188,0,0,0,0.0019347417
adl-22-cam0-rgb,data/keypoints_normalized/adl/adl-22-cam0-rgb.npz,160,189,0,0,0,0.0016099189
adl-22-cam0-rgb,data/keypoints_normalized/adl/adl-22-cam0-rgb.npz,161,190,0,0,0,0.0016062901
adl-22-cam0-rgb,data/keypoints_normalized/adl/adl-22-cam0-rgb.npz,162,191,0,0,0,0.0016155483
adl-22-cam0-rgb,data/keypoints_normalized/adl/adl-22-cam0-rgb.npz,163,192,0,0,0,0.0016247791
adl-22-cam0-rgb,data/keypoints_normalized/adl/adl-22-cam0-rgb.npz,164,193,0,0,0,0.0016333348
adl-22-cam0-rgb,data/keypoints_normalized/adl/adl-22-cam0-rgb.npz,165,194,0,0,0,0.001645286
adl-22-cam0-rgb,data/keypoints_normalized/adl/adl-22-cam0-rgb.npz,166,195,0,0,0,0.0016611257
adl-26-cam0-rgb,data/keypoints_normalized/adl/adl-26-cam0-rgb.npz,1,30,0,0,0,0.0018642871
adl-26-cam0-rgb,data/keypoints_normalized/adl/adl-26-cam0-rgb.npz,2,31,0,0,0,0.0018519193
adl-26-cam0-rgb,data/keypoints_normalized/adl/adl-26-cam0-rgb.npz,3,32,0,0,0,0.0018379427
adl-26-cam0-rgb,data/keypoints_normalized/adl/adl-26-cam0-rgb.npz,4,33,0,0,0,0.0018262453
adl-26-cam0-rgb,data/keypoints_normalized/adl/adl-26-cam0-rgb.npz,5,34,0,0,0,0.0018122611
adl-26-cam0-rgb,data/keypoints_normalized/adl/adl-26-cam0-rgb.npz,6,35,0,0,0,0.0017999492
adl-26-cam0-rgb,data/keypoints_normalized/adl/adl-26-cam0-rgb.npz,7,36,0,0,0,0.0017809141
adl-26-cam0-rgb,data/keypoints_normalized/adl/adl-26-cam0-rgb.npz,8,37,0,0,0,0.0017597567
adl-26-cam0-rgb,data/keypoints_normalized/adl/adl-26-cam0-rgb.npz,9,38,0,0,0,0.0017364888
adl-26-cam0-rgb,data/keypoints_normalized/adl/adl-26-cam0-rgb.npz,10,39,0,0,0,0.001703813
adl-26-cam0-rgb,data/keypoints_normalized/adl/adl-26-cam0-rgb.npz,11,40,0,0,0,0.0016735155
adl-26-cam0-rgb,data/keypoints_normalized/adl/adl-26-cam0-rgb.npz,12,41,0,0,0,0.0016370402
adl-26-cam0-rgb,data/keypoints_normalized/adl/adl-26-cam0-rgb.npz,13,42,0,0,0,0.0015993493
adl-26-cam0-rgb,data/keypoints_normalized/adl/adl-26-cam0-rgb.npz,14,43,0,0,0,0.0015645348
adl-26-cam0-rgb,data/keypoints_normalized/adl/adl-26-cam0-rgb.npz,15,44,0,0,0,0.0015396543
adl-26-cam0-rgb,data/keypoints_normalized/adl/adl-26-cam0-rgb.npz,16,45,0,0,0,0.0015226114
adl-26-cam0-rgb,data/keypoints_normalized/adl/adl-26-cam0-rgb.npz,17,46,0,0,0,0.001510149
adl-26-cam0-rgb,data/keypoints_normalized/adl/adl-26-cam0-rgb.npz,18,47,0,0,0,0.0015176206
adl-26-cam0-rgb,data/keypoints_normalized/adl/adl-26-cam0-rgb.npz,19,48,0,0,0,0.0015358874
adl-26-cam0-rgb,data/keypoints_normalized/adl/adl-26-cam0-rgb.npz,20,49,0,0,0,0.0015603232
adl-26-cam0-rgb,data/keypoints_normalized/adl/adl-26-cam0-rgb.npz,21,50,0,0,0,0.0015900704
adl-26-cam0-rgb,data/keypoints_normalized/adl/adl-26-cam0-rgb.npz,22,51,0,0,0,0.0016157558
adl-26-cam0-rgb,data/keypoints_normalized/adl/adl-26-cam0-rgb.npz,23,52,0,0,0,0.0016325684
adl-26-cam0-rgb,data/keypoints_normalized/adl/adl-26-cam0-rgb.npz,24,53,0,0,0,0.0016397451
adl-26-cam0-rgb,data/keypoints_normalized/adl/adl-26-cam0-rgb.npz,25,54,0,0,0,0.0016296549
adl-26-cam0-rgb,data/keypoints_normalized/adl/adl-26-cam0-rgb.npz,26,55,0,0,0,0.0016067751
adl-26-cam0-rgb,data/keypoints_normalized/adl/adl-26-cam0-rgb.npz,27,56,0,0,0,0.0015687557
adl-26-cam0-rgb,data/keypoints_normalized/adl/adl-26-cam0-rgb.npz,28,57,0,0,0,0.0015178163
adl-26-cam0-rgb,data/keypoints_normalized/adl/adl-26-cam0-rgb.npz,29,58,0,0,0,0.0014490134
adl-26-cam0-rgb,data/keypoints_normalized/adl/adl-26-cam0-rgb.npz,30,59,0,0,0,0.0013662993
adl-26-cam0-rgb,data/keypoints_normalized/adl/adl-26-cam0-rgb.npz,31,60,0,0,0,0.0012609451
adl-26-cam0-rgb,data/keypoints_normalized/adl/adl-26-cam0-rgb.npz,32,61,0,0,0,0.001140484
adl-26-cam0-rgb,data/keypoints_normalized/adl/adl-26-cam0-rgb.npz,33,62,0,0,0,0.0009407992
adl-26-cam0-rgb,data/keypoints_normalized/adl/adl-26-cam0-rgb.npz,34,63,0,0,0,0.00085059693
adl-26-cam0-rgb,data/keypoints_normalized/adl/adl-26-cam0-rgb.npz,35,64,0,0,0,0.00080410123
adl-26-cam0-rgb,data/keypoints_normalized/adl/adl-26-cam0-rgb.npz,36,65,0,0,0,0.000771207
adl-26-cam0-rgb,data/keypoints_normalized/adl/adl-26-cam0-rgb.npz,37,66,0,0,0,0.00075179664
adl-26-cam0-rgb,data/keypoints_normalized/adl/adl-26-cam0-rgb.npz,38,67,0,0,0,0.0007439099
adl-26-cam0-rgb,data/keypoints_normalized/adl/adl-26-cam0-rgb.npz,39,68,0,0,0,0.0007373924
adl-26-cam0-rgb,data/keypoints_normalized/adl/adl-26-cam0-rgb.npz,40,69,0,0,0,0.0007358354
adl-26-cam0-rgb,data/keypoints_normalized/adl/adl-26-cam0-rgb.npz,41,70,0,0,0,0.0007371444
adl-26-cam0-rgb,data/keypoints_normalized/adl/adl-26-cam0-rgb.npz,42,71,0,0,0,0.0007382069
adl-26-cam0-rgb,data/keypoints_normalized/adl/adl-26-cam0-rgb.npz,43,72,0,0,0,0.0007409878
adl-26-cam0-rgb,data/keypoints_normalized/adl/adl-26-cam0-rgb.npz,44,73,0,0,0,0.0007467242
adl-26-cam0-rgb,data/keypoints_normalized/adl/adl-26-cam0-rgb.npz,45,74,0,0,0,0.0007540406
adl-26-cam0-rgb,data/keypoints_normalized/adl/adl-26-cam0-rgb.npz,46,75,0,0,0,0.00075763115
adl-26-cam0-rgb,data/keypoints_normalized/adl/adl-26-cam0-rgb.npz,47,76,0,0,0,0.0007893781
adl-26-cam0-rgb,data/keypoints_normalized/adl/adl-26-cam0-rgb.npz,48,77,0,0,0,0.0008039568
adl-26-cam0-rgb,data/keypoints_normalized/adl/adl-26-cam0-rgb.npz,49,78,0,0,0,0.0008175549
adl-26-cam0-rgb,data/keypoints_normalized/adl/adl-26-cam0-rgb.npz,50,79,0,0,0,0.0008384167
adl-26-cam0-rgb,data/keypoints_normalized/adl/adl-26-cam0-rgb.npz,51,80,0,0,0,0.00086815056
adl-26-cam0-rgb,data/keypoints_normalized/adl/adl-26-cam0-rgb.npz,52,81,0,0,0,0.0009075224
adl-26-cam0-rgb,data/keypoints_normalized/adl/adl-26-cam0-rgb.npz,53,82,0,0,0,0.00094096
adl-26-cam0-rgb,data/keypoints_normalized/adl/adl-26-cam0-rgb.npz,54,83,0,0,0,0.0010228559
adl-26-cam0-rgb,data/keypoints_normalized/adl/adl-26-cam0-rgb.npz,55,84,0,0,0,0.0010659031
adl-26-cam0-rgb,data/keypoints_normalized/adl/adl-26-cam0-rgb.npz,56,85,0,0,0,0.0011185389
adl-26-cam0-rgb,data/keypoints_normalized/adl/adl-26-cam0-rgb.npz,57,86,0,0,0,0.0011751557
adl-26-cam0-rgb,data/keypoints_normalized/adl/adl-26-cam0-rgb.npz,58,87,0,0,0,0.0012294468
adl-26-cam0-rgb,data/keypoints_normalized/adl/adl-26-cam0-rgb.npz,59,88,0,0,0,0.0012910964
adl-26-cam0-rgb,data/keypoints_normalized/adl/adl-26-cam0-rgb.npz,60,89,0,0,0,0.0013405936
adl-26-cam0-rgb,data/keypoints_normalized/adl/adl-26-cam0-rgb.npz,61,90,0,0,0,0.001392853
adl-26-cam0-rgb,data/keypoints_normalized/adl/adl-26-cam0-rgb.npz,62,91,0,0,0,0.0014355616
adl-26-cam0-rgb,data/keypoints_normalized/adl/adl-26-cam0-rgb.npz,63,92,0,0,0,0.0014809875
adl-26-cam0-rgb,data/keypoints_normalized/adl/adl-26-cam0-rgb.npz,64,93,0,0,0,0.0015231617
adl-26-cam0-rgb,data/keypoints_normalized/adl/adl-26-cam0-rgb.npz,65,94,0,0,0,0.0015397693
adl-26-cam0-rgb,data/keypoints_normalized/adl/adl-26-cam0-rgb.npz,66,95,0,0,0,0.0015801529
adl-31-cam0-rgb,data/keypoints_normalized/adl/adl-31-cam0-rgb.npz,1,30,0,0,0,0.0017384794
adl-31-cam0-rgb,data/keypoints_normalized/adl/adl-31-cam0-rgb.npz,2,31,0,0,0,0.001746269
adl-31-cam0-rgb,data/keypoints_normalized/adl/adl-31-cam0-rgb.npz,3,32,0,0,0,0.0017489018
adl-31-cam0-rgb,data/keypoints_normalized/adl/adl-31-cam0-rgb.npz,4,33,0,0,0,0.001752989
adl-31-cam0-rgb,data/keypoints_normalized/adl/adl-31-cam0-rgb.npz,5,34,0,0,0,0.0017506266
adl-31-cam0-rgb,data/keypoints_normalized/adl/adl-31-cam0-rgb.npz,6,35,0,0,0,0.0017514217
adl-31-cam0-rgb,data/keypoints_normalized/adl/adl-31-cam0-rgb.npz,7,36,0,0,0,0.0017486861
adl-31-cam0-rgb,data/keypoints_normalized/adl/adl-31-cam0-rgb.npz,8,37,0,0,0,0.0017476844
adl-31-cam0-rgb,data/keypoints_normalized/adl/adl-31-cam0-rgb.npz,9,38,0,0,0,0.0017434012
adl-31-cam0-rgb,data/keypoints_normalized/adl/adl-31-cam0-rgb.npz,10,39,0,0,0,0.0017381279
adl-31-cam0-rgb,data/keypoints_normalized/adl/adl-31-cam0-rgb.npz,11,40,0,0,0,0.0017356465
adl-31-cam0-rgb,data/keypoints_normalized/adl/adl-31-cam0-rgb.npz,12,41,0,0,0,0.0017268453
adl-31-cam0-rgb,data/keypoints_normalized/adl/adl-31-cam0-rgb.npz,13,42,0,0,0,0.0017209108
adl-31-cam0-rgb,data/keypoints_normalized/adl/adl-31-cam0-rgb.npz,14,43,0,0,0,0.0017172651
adl-31-cam0-rgb,data/keypoints_normalized/adl/adl-31-cam0-rgb.npz,15,44,0,0,0,0.0017119405
adl-31-cam0-rgb,data/keypoints_normalized/adl/adl-31-cam0-rgb.npz,16,45,0,0,0,0.0017108709
adl-31-cam0-rgb,data/keypoints_normalized/adl/adl-31-cam0-rgb.npz,17,46,0,0,0,0.0017051161
adl-31-cam0-rgb,data/keypoints_normalized/adl/adl-31-cam0-rgb.npz,18,47,0,0,0,0.0017017542
adl-31-cam0-rgb,data/keypoints_normalized/adl/adl-31-cam0-rgb.npz,19,48,0,0,0,0.0016936595
adl-31-cam0-rgb,data/keypoints_normalized/adl/adl-31-cam0-rgb.npz,20,49,0,0,0,0.00168261
adl-31-cam0-rgb,data/keypoints_normalized/adl/adl-31-cam0-rgb.npz,21,50,0,0,0,0.0016789895
adl-31-cam0-rgb,data/keypoints_normalized/adl/adl-31-cam0-rgb.npz,22,51,0,0,0,0.0016681921
adl-31-cam0-rgb,data/keypoints_normalized/adl/adl-31-cam0-rgb.npz,23,52,0,0,0,0.0016524729
adl-31-cam0-rgb,data/keypoints_normalized/adl/adl-31-cam0-rgb.npz,24,53,0,0,0,0.0016380389
adl-31-cam0-rgb,data/keypoints_normalized/adl/adl-31-cam0-rgb.npz,25,54,0,0,0,0.0016195355
adl-31-cam0-rgb,data/keypoints_normalized/adl/adl-31-cam0-rgb.npz,26,55,0,0,0,0.0015970409
adl-31-cam0-rgb,data/keypoints_normalized/adl/adl-31-cam0-rgb.npz,27,56,0,0,0,0.0015729864
adl-31-cam0-rgb,data/keypoints_normalized/adl/adl-31-cam0-rgb.npz,28,57,0,0,0,0.0015399393
adl-31-cam0-rgb,data/keypoints_normalized/adl/adl-31-cam0-rgb.npz,29,58,0,0,0,0.0015084803
adl-31-cam0-rgb,data/keypoints_normalized/adl/adl-31-cam0-rgb.npz,30,59,0,0,0,0.0014705446
adl-31-cam0-rgb,data/keypoints_normalized/adl/adl-31-cam0-rgb.npz,31,60,0,0,0,0.0014300267
adl-31-cam0-rgb,data/keypoints_normalized/adl/adl-31-cam0-rgb.npz,32,61,0,0,0,0.0013926565
adl-31-cam0-rgb,data/keypoints_normalized/adl/adl-31-cam0-rgb.npz,33,62,0,0,0,0.001356088
adl-31-cam0-rgb,data/keypoints_normalized/adl/adl-31-cam0-rgb.npz,34,63,0,0,0,0.0013196084
adl-31-cam0-rgb,data/keypoints_normalized/adl/adl-31-cam0-rgb.npz,35,64,0,0,0,0.0012855221
adl-31-cam0-rgb,data/keypoints_normalized/adl/adl-31-cam0-rgb.npz,36,65,0,0,0,0.0012561359
adl-31-cam0-rgb,data/keypoints_normalized/adl/adl-31-cam0-rgb.npz,37,66,0,0,0,0.0012276676
adl-31-cam0-rgb,data/keypoints_normalized/adl/adl-31-cam0-rgb.npz,38,67,0,0,0,0.0012048337
adl-31-cam0-rgb,data/keypoints_normalized/adl/adl-31-cam0-rgb.npz,39,68,0,0,0,0.0011848046
adl-31-cam0-rgb,data/keypoints_normalized/adl/adl-31-cam0-rgb.npz,40,69,0,0,0,0.00116743
adl-31-cam0-rgb,data/keypoints_normalized/adl/adl-31-cam0-rgb.npz,41,70,0,0,0,0.0011531174
adl-31-cam0-rgb,data/keypoints_normalized/adl/adl-31-cam0-rgb.npz,42,71,0,0,0,0.0011374875
adl-31-cam0-rgb,data/keypoints_normalized/adl/adl-31-cam0-rgb.npz,43,72,0,0,0,0.0011284848
adl-31-cam0-rgb,data/keypoints_normalized/adl/adl-31-cam0-rgb.npz,44,73,0,0,0,0.001119863
adl-31-cam0-rgb,data/keypoints_normalized/adl/adl-31-cam0-rgb.npz,45,74,0,0,0,0.0011130612
adl-31-cam0-rgb,data/keypoints_normalized/adl/adl-31-cam0-rgb.npz,46,75,0,0,0,0.0011076723
adl-31-cam0-rgb,data/keypoints_normalized/adl/adl-31-cam0-rgb.npz,47,76,0,0,0,0.0010996661
adl-31-cam0-rgb,data/keypoints_normalized/adl/adl-31-cam0-rgb.npz,48,77,0,0,0,0.0010935602
adl-31-cam0-rgb,data/keypoints_normalized/adl/adl-31-cam0-rgb.npz,49,78,0,0,0,0.0009943557
adl-31-cam0-rgb,data/keypoints_normalized/adl/adl-31-cam0-rgb.npz,50,79,0,0,0,0.0009814107
adl-31-cam0-rgb,data/keypoints_normalized/adl/adl-31-cam0-rgb.npz,51,80,0,0,0,0.0009690472
adl-31-cam0-rgb,data/keypoints_normalized/adl/adl-31-cam0-rgb.npz,52,81,0,0,0,0.0009038541
adl-31-cam0-rgb,data/keypoints_normalized/adl/adl-31-cam0-rgb.npz,53,82,0,0,0,0.0008977593
adl-31-cam0-rgb,data/keypoints_normalized/adl/adl-31-cam0-rgb.npz,54,83,0,0,0,0.0009033572
adl-31-cam0-rgb,data/keypoints_normalized/adl/adl-31-cam0-rgb.npz,55,84,0,0,0,0.00090717187
adl-31-cam0-rgb,data/keypoints_normalized/adl/adl-31-cam0-rgb.npz,56,85,0,0,0,0.00091816916
adl-31-cam0-rgb,data/keypoints_normalized/adl/adl-31-cam0-rgb.npz,57,86,0,0,0,0.0009376281
adl-31-cam0-rgb,data/keypoints_normalized/adl/adl-31-cam0-rgb.npz,58,87,0,0,0,0.00095624843
adl-31-cam0-rgb,data/keypoints_normalized/adl/adl-31-cam0-rgb.npz,59,88,0,0,0,0.0009844941
adl-31-cam0-rgb,data/keypoints_normalized/adl/adl-31-cam0-rgb.npz,60,89,0,0,0,0.0010208582
adl-31-cam0-rgb,data/keypoints_normalized/adl/adl-31-cam0-rgb.npz,61,90,0,0,0,0.0010566023
adl-31-cam0-rgb,data/keypoints_normalized/adl/adl-31-cam0-rgb.npz,62,91,0,0,0,0.0010842062
adl-31-cam0-rgb,data/keypoints_normalized/adl/adl-31-cam0-rgb.npz,63,92,0,0,0,0.0011350254
adl-31-cam0-rgb,data/keypoints_normalized/adl/adl-31-cam0-rgb.npz,64,93,0,0,0,0.0011914332
adl-31-cam0-rgb,data/keypoints_normalized/adl/adl-31-cam0-rgb.npz,65,94,0,0,0,0.0012643894
adl-31-cam0-rgb,data/keypoints_normalized/adl/adl-31-cam0-rgb.npz,66,95,0,0,0,0.0013554712
adl-31-cam0-rgb,data/keypoints_normalized/adl/adl-31-cam0-rgb.npz,67,96,0,0,0,0.0014697759
adl-31-cam0-rgb,data/keypoints_normalized/adl/adl-31-cam0-rgb.npz,68,97,0,0,0,0.0016108673
adl-31-cam0-rgb,data/keypoints_normalized/adl/adl-31-cam0-rgb.npz,69,98,0,0,0,0.0017394247
adl-31-cam0-rgb,data/keypoints_normalized/adl/adl-31-cam0-rgb.npz,70,99,0,0,0,0.0018981266
adl-31-cam0-rgb,data/keypoints_normalized/adl/adl-31-cam0-rgb.npz,71,100,0,0,0,0.0020353913
adl-31-cam0-rgb,data/keypoints_normalized/adl/adl-31-cam0-rgb.npz,72,101,0,0,0,0.0021788753
adl-31-cam0-rgb,data/keypoints_normalized/adl/adl-31-cam0-rgb.npz,73,102,0,0,0,0.0023592769
adl-31-cam0-rgb,data/keypoints_normalized/adl/adl-31-cam0-rgb.npz,74,103,0,0,0,0.0025342337
adl-31-cam0-rgb,data/keypoints_normalized/adl/adl-31-cam0-rgb.npz,75,104,0,0,0,0.0026495303
adl-31-cam0-rgb,data/keypoints_normalized/adl/adl-31-cam0-rgb.npz,76,105,0,0,0,0.0027801567
adl-31-cam0-rgb,data/keypoints_normalized/adl/adl-31-cam0-rgb.npz,77,106,0,0,0,0.0028981532
adl-31-cam0-rgb,data/keypoints_normalized/adl/adl-31-cam0-rgb.npz,78,107,0,0,0,0.0029863776
adl-31-cam0-rgb,data/keypoints_normalized/adl/adl-31-cam0-rgb.npz,79,108,0,0,0,0.0013330944
adl-31-cam0-rgb,data/keypoints_normalized/adl/adl-31-cam0-rgb.npz,80,109,0,0,0,0.0013581577
adl-31-cam0-rgb,data/keypoints_normalized/adl/adl-31-cam0-rgb.npz,81,110,0,0,0,0.0013719458
adl-31-cam0-rgb,data/keypoints_normalized/adl/adl-31-cam0-rgb.npz,82,111,0,0,0,0.001378098
adl-31-cam0-rgb,data/keypoints_normalized/adl/adl-31-cam0-rgb.npz,83,112,0,0,0,0.0013733224
adl-31-cam0-rgb,data/keypoints_normalized/adl/adl-31-cam0-rgb.npz,84,113,0,0,0,0.0013656021
adl-31-cam0-rgb,data/keypoints_normalized/adl/adl-31-cam0-rgb.npz,85,114,0,0,0,0.0013493616
adl-31-cam0-rgb,data/keypoints_normalized/adl/adl-31-cam0-rgb.npz,86,115,0,0,0,0.0013453126
adl-31-cam0-rgb,data/keypoints_normalized/adl/adl-31-cam0-rgb.npz,87,116,0,0,0,0.001332812
adl-31-cam0-rgb,data/keypoints_normalized/adl/adl-31-cam0-rgb.npz,88,117,0,0,0,0.0013343894
adl-31-cam0-rgb,data/keypoints_normalized/adl/adl-31-cam0-rgb.npz,89,118,0,0,0,0.0013515907
adl-31-cam0-rgb,data/keypoints_normalized/adl/adl-31-cam0-rgb.npz,90,119,0,0,0,0.001319766
adl-31-cam0-rgb,data/keypoints_normalized/adl/adl-31-cam0-rgb.npz,91,120,0,0,0,0.0012937634
adl-31-cam0-rgb,data/keypoints_normalized/adl/adl-31-cam0-rgb.npz,92,121,0,0,0,0.0010480343
adl-31-cam0-rgb,data/keypoints_normalized/adl/adl-31-cam0-rgb.npz,93,122,0,0,0,0.0010386667
adl-31-cam0-rgb,data/keypoints_normalized/adl/adl-31-cam0-rgb.npz,94,123,0,0,0,0.0010239634
adl-31-cam0-rgb,data/keypoints_normalized/adl/adl-31-cam0-rgb.npz,95,124,0,0,0,0.0009418956
adl-31-cam0-rgb,data/keypoints_normalized/adl/adl-31-cam0-rgb.npz,96,125,0,0,0,0.0009512052
adl-31-cam0-rgb,data/keypoints_normalized/adl/adl-31-cam0-rgb.npz,97,126,0,0,0,0.0009605429
adl-31-cam0-rgb,data/keypoints_normalized/adl/adl-31-cam0-rgb.npz,98,127,0,0,0,0.0009739069
adl-31-cam0-rgb,data/keypoints_normalized/adl/adl-31-cam0-rgb.npz,99,128,0,0,0,0.0009890312
adl-31-cam0-rgb,data/keypoints_normalized/adl/adl-31-cam0-rgb.npz,100,129,0,0,0,0.0009958028
adl-31-cam0-rgb,data/keypoints_normalized/adl/adl-31-cam0-rgb.npz,101,130,0,0,0,0.0010006903
adl-31-cam0-rgb,data/keypoints_normalized/adl/adl-31-cam0-rgb.npz,102,131,0,0,0,0.0009972036
adl-31-cam0-rgb,data/keypoints_normalized/adl/adl-31-cam0-rgb.npz,103,132,0,0,0,0.0010077616
adl-31-cam0-rgb,data/keypoints_normalized/adl/adl-31-cam0-rgb.npz,104,133,0,0,0,0.001024342
adl-31-cam0-rgb,data/keypoints_normalized/adl/adl-31-cam0-rgb.npz,105,134,0,0,0,0.0010368287
adl-31-cam0-rgb,data/keypoints_normalized/adl/adl-31-cam0-rgb.npz,106,135,0,0,0,0.0010498241
adl-31-cam0-rgb,data/keypoints_normalized/adl/adl-31-cam0-rgb.npz,107,136,0,0,0,0.0010738759
adl-31-cam0-rgb,data/keypoints_normalized/adl/adl-31-cam0-rgb.npz,108,137,0,0,0,0.0010986379
adl-31-cam0-rgb,data/keypoints_normalized/adl/adl-31-cam0-rgb.npz,109,138,0,0,0,0.0012252057
adl-31-cam0-rgb,data/keypoints_normalized/adl/adl-31-cam0-rgb.npz,110,139,0,0,0,0.0012667375
adl-31-cam0-rgb,data/keypoints_normalized/adl/adl-31-cam0-rgb.npz,111,140,0,0,0,0.0013168738
adl-31-cam0-rgb,data/keypoints_normalized/adl/adl-31-cam0-rgb.npz,112,141,0,0,0,0.0014924721
adl-31-cam0-rgb,data/keypoints_normalized/adl/adl-31-cam0-rgb.npz,113,142,0,0,0,0.0015317629
adl-31-cam0-rgb,data/keypoints_normalized/adl/adl-31-cam0-rgb.npz,114,143,0,0,0,0.0015708684
adl-31-cam0-rgb,data/keypoints_normalized/adl/adl-31-cam0-rgb.npz,115,144,0,0,0,0.0016014727
adl-31-cam0-rgb,data/keypoints_normalized/adl/adl-31-cam0-rgb.npz,116,145,0,0,0,0.0016235281
adl-31-cam0-rgb,data/keypoints_normalized/adl/adl-31-cam0-rgb.npz,117,146,0,0,0,0.0016376434
adl-31-cam0-rgb,data/keypoints_normalized/adl/adl-31-cam0-rgb.npz,118,147,0,0,0,0.0016389404
adl-31-cam0-rgb,data/keypoints_normalized/adl/adl-31-cam0-rgb.npz,119,148,0,0,0,0.0016274947
adl-31-cam0-rgb,data/keypoints_normalized/adl/adl-31-cam0-rgb.npz,120,149,0,0,0,0.0016003441
adl-31-cam0-rgb,data/keypoints_normalized/adl/adl-31-cam0-rgb.npz,121,150,0,0,0,0.0015676881
adl-31-cam0-rgb,data/keypoints_normalized/adl/adl-31-cam0-rgb.npz,122,151,0,0,0,0.0015478412
adl-31-cam0-rgb,data/keypoints_normalized/adl/adl-31-cam0-rgb.npz,123,152,0,0,0,0.0015463122
adl-31-cam0-rgb,data/keypoints_normalized/adl/adl-31-cam0-rgb.npz,124,153,0,0,0,0.001496575
adl-31-cam0-rgb,data/keypoints_normalized/adl/adl-31-cam0-rgb.npz,125,154,0,0,0,0.0015021238
adl-31-cam0-rgb,data/keypoints_normalized/adl/adl-31-cam0-rgb.npz,126,155,0,0,0,0.0011204244
adl-31-cam0-rgb,data/keypoints_normalized/adl/adl-31-cam0-rgb.npz,127,156,0,0,0,0.0010899251
adl-31-cam0-rgb,data/keypoints_normalized/adl/adl-31-cam0-rgb.npz,128,157,0,0,0,0.001047904
adl-31-cam0-rgb,data/keypoints_normalized/adl/adl-31-cam0-rgb.npz,129,158,0,0,0,0.0010010287
adl-31-cam0-rgb,data/keypoints_normalized/adl/adl-31-cam0-rgb.npz,130,159,0,0,0,0.0009609308
adl-31-cam0-rgb,data/keypoints_normalized/adl/adl-31-cam0-rgb.npz,131,160,0,0,0,0.0009174748
adl-31-cam0-rgb,data/keypoints_normalized/adl/adl-31-cam0-rgb.npz,132,161,0,0,0,0.0008808572
adl-31-cam0-rgb,data/keypoints_normalized/adl/adl-31-cam0-rgb.npz,133,162,0,0,0,0.00085774984
adl-31-cam0-rgb,data/keypoints_normalized/adl/adl-31-cam0-rgb.npz,134,163,0,0,0,0.000821836
adl-31-cam0-rgb,data/keypoints_normalized/adl/adl-31-cam0-rgb.npz,135,164,0,0,0,0.0007846642
adl-31-cam0-rgb,data/keypoints_normalized/adl/adl-31-cam0-rgb.npz,136,165,0,0,0,0.0007510322
adl-31-cam0-rgb,data/keypoints_normalized/adl/adl-31-cam0-rgb.npz,137,166,0,0,0,0.0007247802
adl-31-cam0-rgb,data/keypoints_normalized/adl/adl-31-cam0-rgb.npz,138,167,0,0,0,0.00069687725
adl-31-cam0-rgb,data/keypoints_normalized/adl/adl-31-cam0-rgb.npz,139,168,0,0,0,0.00067966146
adl-31-cam0-rgb,data/keypoints_normalized/adl/adl-31-cam0-rgb.npz,140,169,0,0,0,0.0006631573
adl-31-cam0-rgb,data/keypoints_normalized/adl/adl-31-cam0-rgb.npz,141,170,0,0,0,0.0006414818
adl-31-cam0-rgb,data/keypoints_normalized/adl/adl-31-cam0-rgb.npz,142,171,0,0,0,0.0006334535
adl-31-cam0-rgb,data/keypoints_normalized/adl/adl-31-cam0-rgb.npz,143,172,0,0,0,0.0006249871
adl-31-cam0-rgb,data/keypoints_normalized/adl/adl-31-cam0-rgb.npz,144,173,0,0,0,0.0006190452
adl-31-cam0-rgb,data/keypoints_normalized/adl/adl-31-cam0-rgb.npz,145,174,0,0,0,0.00061233924
adl-31-cam0-rgb,data/keypoints_normalized/adl/adl-31-cam0-rgb.npz,146,175,0,0,0,0.0006103494
adl-31-cam0-rgb,data/keypoints_normalized/adl/adl-31-cam0-rgb.npz,147,176,0,0,0,0.0006131784
adl-31-cam0-rgb,data/keypoints_normalized/adl/adl-31-cam0-rgb.npz,148,177,0,0,0,0.0006236305
adl-31-cam0-rgb,data/keypoints_normalized/adl/adl-31-cam0-rgb.npz,149,178,0,0,0,0.0006271376
adl-31-cam0-rgb,data/keypoints_normalized/adl/adl-31-cam0-rgb.npz,150,179,0,0,0,0.00069146615
adl-31-cam0-rgb,data/keypoints_normalized/adl/adl-31-cam0-rgb.npz,151,180,0,0,0,0.00070345745
adl-31-cam0-rgb,data/keypoints_normalized/adl/adl-31-cam0-rgb.npz,152,181,0,0,0,0.0007127693
adl-31-cam0-rgb,data/keypoints_normalized/adl/adl-31-cam0-rgb.npz,153,182,0,0,0,0.00072668836
adl-31-cam0-rgb,data/keypoints_normalized/adl/adl-31-cam0-rgb.npz,154,183,0,0,0,0.00073552266
adl-31-cam0-rgb,data/keypoints_normalized/adl/adl-31-cam0-rgb.npz,155,184,0,0,0,0.0007420926
adl-31-cam0-rgb,data/keypoints_normalized/adl/adl-31-cam0-rgb.npz,156,185,0,0,0,0.0007606927
adl-31-cam0-rgb,data/keypoints_normalized/adl/adl-31-cam0-rgb.npz,157,186,0,0,0,0.0007505621
adl-31-cam0-rgb,data/keypoints_normalized/adl/adl-31-cam0-rgb.npz,158,187,0,0,0,0.00081695215
adl-31-cam0-rgb,data/keypoints_normalized/adl/adl-31-cam0-rgb.npz,159,188,0,0,0,0.0008125637
adl-31-cam0-rgb,data/keypoints_normalized/adl/adl-31-cam0-rgb.npz,160,189,0,0,0,0.00079857744
adl-31-cam0-rgb,data/keypoints_normalized/adl/adl-31-cam0-rgb.npz,161,190,0,0,0,0.00078165997
adl-31-cam0-rgb,data/keypoints_normalized/adl/adl-31-cam0-rgb.npz,162,191,0,0,0,0.0007678736
adl-31-cam0-rgb,data/keypoints_normalized/adl/adl-31-cam0-rgb.npz,163,192,0,0,0,0.0008463721
adl-31-cam0-rgb,data/keypoints_normalized/adl/adl-31-cam0-rgb.npz,164,193,0,0,0,0.00085213303
adl-31-cam0-rgb,data/keypoints_normalized/adl/adl-31-cam0-rgb.npz,165,194,0,0,0,0.0008261281
adl-31-cam0-rgb,data/keypoints_normalized/adl/adl-31-cam0-rgb.npz,166,195,0,0,0,0.00080099714
adl-31-cam0-rgb,data/keypoints_normalized/adl/adl-31-cam0-rgb.npz,167,196,0,0,0,0.00078732864
adl-31-cam0-rgb,data/keypoints_normalized/adl/adl-31-cam0-rgb.npz,168,197,0,0,0,0.00076563045
adl-31-cam0-rgb,data/keypoints_normalized/adl/adl-31-cam0-rgb.npz,169,198,0,0,0,0.0007636688
adl-31-cam0-rgb,data/keypoints_normalized/adl/adl-31-cam0-rgb.npz,170,199,0,0,0,0.00075347675
adl-31-cam0-rgb,data/keypoints_normalized/adl/adl-31-cam0-rgb.npz,171,200,0,0,0,0.00072561123
adl-31-cam0-rgb,data/keypoints_normalized/adl/adl-31-cam0-rgb.npz,172,201,0,0,0,0.00070069544
adl-31-cam0-rgb,data/keypoints_normalized/adl/adl-31-cam0-rgb.npz,173,202,0,0,0,0.0006935628
adl-31-cam0-rgb,data/keypoints_normalized/adl/adl-31-cam0-rgb.npz,174,203,0,0,0,0.0006873649
adl-31-cam0-rgb,data/keypoints_normalized/adl/adl-31-cam0-rgb.npz,175,204,0,0,0,0.00071410864
adl-31-cam0-rgb,data/keypoints_normalized/adl/adl-31-cam0-rgb.npz,176,205,0,0,0,0.0007022705
adl-31-cam0-rgb,data/keypoints_normalized/adl/adl-31-cam0-rgb.npz,177,206,0,0,0,0.0006772807
adl-31-cam0-rgb,data/keypoints_normalized/adl/adl-31-cam0-rgb.npz,178,207,0,0,0,0.00067150465
adl-31-cam0-rgb,data/keypoints_normalized/adl/adl-31-cam0-rgb.npz,179,208,0,0,0,0.0006644643
adl-31-cam0-rgb,data/keypoints_normalized/adl/adl-31-cam0-rgb.npz,180,209,0,0,0,0.0005803627
adl-31-cam0-rgb,data/keypoints_normalized/adl/adl-31-cam0-rgb.npz,181,210,0,0,0,0.00057350344
adl-31-cam0-rgb,data/keypoints_normalized/adl/adl-31-cam0-rgb.npz,182,211,0,0,0,0.00056271075
adl-31-cam0-rgb,data/keypoints_normalized/adl/adl-31-cam0-rgb.npz,183,212,0,0,0,0.0005495863
adl-31-cam0-rgb,data/keypoints_normalized/adl/adl-31-cam0-rgb.npz,184,213,0,0,0,0.00055523566
adl-31-cam0-rgb,data/keypoints_normalized/adl/adl-31-cam0-rgb.npz,185,214,0,0,0,0.00056171295
adl-31-cam0-rgb,data/keypoints_normalized/adl/adl-31-cam0-rgb.npz,186,215,0,0,0,0.0005575372
adl-31-cam0-rgb,data/keypoints_normalized/adl/adl-31-cam0-rgb.npz,187,216,0,0,0,0.0005751013
adl-31-cam0-rgb,data/keypoints_normalized/adl/adl-31-cam0-rgb.npz,188,217,0,0,0,0.0005853544
adl-31-cam0-rgb,data/keypoints_normalized/adl/adl-31-cam0-rgb.npz,189,218,0,0,0,0.00059775653
adl-31-cam0-rgb,data/keypoints_normalized/adl/adl-31-cam0-rgb.npz,190,219,0,0,0,0.0006145311
adl-31-cam0-rgb,data/keypoints_normalized/adl/adl-31-cam0-rgb.npz,191,220,0,0,0,0.00061853096
adl-31-cam0-rgb,data/keypoints_normalized/adl/adl-31-cam0-rgb.npz,192,221,0,0,0,0.00064078276
adl-31-cam0-rgb,data/keypoints_normalized/adl/adl-31-cam0-rgb.npz,193,222,0,0,0,0.00068001624
adl-31-cam0-rgb,data/keypoints_normalized/adl/adl-31-cam0-rgb.npz,194,223,0,0,0,0.0007011815
adl-31-cam0-rgb,data/keypoints_normalized/adl/adl-31-cam0-rgb.npz,195,224,0,0,0,0.00071024825
adl-31-cam0-rgb,data/keypoints_normalized/adl/adl-31-cam0-rgb.npz,196,225,0,0,0,0.00074614916
adl-31-cam0-rgb,data/keypoints_normalized/adl/adl-31-cam0-rgb.npz,197,226,0,0,0,0.00078148145
adl-31-cam0-rgb,data/keypoints_normalized/adl/adl-31-cam0-rgb.npz,198,227,0,0,0,0.0008155879
adl-31-cam0-rgb,data/keypoints_normalized/adl/adl-31-cam0-rgb.npz,199,228,0,0,0,0.00085103186
adl-31-cam0-rgb,data/keypoints_normalized/adl/adl-31-cam0-rgb.npz,200,229,0,0,0,0.00089500734
adl-31-cam0-rgb,data/keypoints_normalized/adl/adl-31-cam0-rgb.npz,201,230,0,0,0,0.0009421428
adl-31-cam0-rgb,data/keypoints_normalized/adl/adl-31-cam0-rgb.npz,202,231,0,0,0,0.0009897028
adl-31-cam0-rgb,data/keypoints_normalized/adl/adl-31-cam0-rgb.npz,203,232,0,0,0,0.0010360142
adl-31-cam0-rgb,data/keypoints_normalized/adl/adl-31-cam0-rgb.npz,204,233,0,0,0,0.0010695826
adl-31-cam0-rgb,data/keypoints_normalized/adl/adl-31-cam0-rgb.npz,205,234,0,0,0,0.0010142564
adl-31-cam0-rgb,data/keypoints_normalized/adl/adl-31-cam0-rgb.npz,206,235,0,0,0,0.0010704565
adl-31-cam0-rgb,data/keypoints_normalized/adl/adl-31-cam0-rgb.npz,207,236,0,0,0,0.0011414003
adl-31-cam0-rgb,data/keypoints_normalized/adl/adl-31-cam0-rgb.npz,208,237,0,0,0,0.0011700417
adl-31-cam0-rgb,data/keypoints_normalized/adl/adl-31-cam0-rgb.npz,209,238,0,0,0,0.0011957518
adl-31-cam0-rgb,data/keypoints_normalized/adl/adl-31-cam0-rgb.npz,210,239,0,0,0,0.0012154452
adl-31-cam0-rgb,data/keypoints_normalized/adl/adl-31-cam0-rgb.npz,211,240,0,0,0,0.001228225
adl-31-cam0-rgb,data/keypoints_normalized/adl/adl-31-cam0-rgb.npz,212,241,0,0,0,0.0012272566
adl-31-cam0-rgb,data/keypoints_normalized/adl/adl-31-cam0-rgb.npz,213,242,0,0,0,0.001233097
adl-31-cam0-rgb,data/keypoints_normalized/adl/adl-31-cam0-rgb.npz,214,243,0,0,0,0.0012365158
adl-31-cam0-rgb,data/keypoints_normalized/adl/adl-31-cam0-rgb.npz,215,244,0,0,0,0.0014401514
adl-31-cam0-rgb,data/keypoints_normalized/adl/adl-31-cam0-rgb.npz,216,245,0,0,0,0.0014271806
adl-31-cam0-rgb,data/keypoints_normalized/adl/adl-31-cam0-rgb.npz,217,246,0,0,0,0.0017654257
adl-31-cam0-rgb,data/keypoints_normalized/adl/adl-31-cam0-rgb.npz,218,247,0,0,0,0.0017469849
adl-31-cam0-rgb,data/keypoints_normalized/adl/adl-31-cam0-rgb.npz,219,248,0,0,0,0.0017284367
adl-31-cam0-rgb,data/keypoints_normalized/adl/adl-31-cam0-rgb.npz,220,249,0,0,0,0.00171405
adl-31-cam0-rgb,data/keypoints_normalized/adl/adl-31-cam0-rgb.npz,221,250,0,0,0,0.0017428882
adl-36-cam0-rgb,data/keypoints_normalized/adl/adl-36-cam0-rgb.npz,3,32,0,0,0,0.0019166698
adl-36-cam0-rgb,data/keypoints_normalized/adl/adl-36-cam0-rgb.npz,4,33,0,0,0,0.0019166698
adl-36-cam0-rgb,data/keypoints_normalized/adl/adl-36-cam0-rgb.npz,5,34,0,0,0,0.0019166698
adl-36-cam0-rgb,data/keypoints_normalized/adl/adl-36-cam0-rgb.npz,6,35,0,0,0,0.0019166698
adl-36-cam0-rgb,data/keypoints_normalized/adl/adl-36-cam0-rgb.npz,7,36,0,0,0,0.0019166698
adl-36-cam0-rgb,data/keypoints_normalized/adl/adl-36-cam0-rgb.npz,8,37,0,0,0,0.0019166698
adl-36-cam0-rgb,data/keypoints_normalized/adl/adl-36-cam0-rgb.npz,9,38,0,0,0,0.0019166698
adl-36-cam0-rgb,data/keypoints_normalized/adl/adl-36-cam0-rgb.npz,10,39,0,0,0,0.0019166698
adl-36-cam0-rgb,data/keypoints_normalized/adl/adl-36-cam0-rgb.npz,11,40,0,0,0,0.0019166698
adl-36-cam0-rgb,data/keypoints_normalized/adl/adl-36-cam0-rgb.npz,12,41,0,0,0,0.0019166698
adl-36-cam0-rgb,data/keypoints_normalized/adl/adl-36-cam0-rgb.npz,13,42,0,0,0,0.0019166698
adl-36-cam0-rgb,data/keypoints_normalized/adl/adl-36-cam0-rgb.npz,14,43,0,0,0,0.0019166698
adl-36-cam0-rgb,data/keypoints_normalized/adl/adl-36-cam0-rgb.npz,15,44,0,0,0,0.0019166698
adl-36-cam0-rgb,data/keypoints_normalized/adl/adl-36-cam0-rgb.npz,16,45,0,0,0,0.0019166698
adl-36-cam0-rgb,data/keypoints_normalized/adl/adl-36-cam0-rgb.npz,17,46,0,0,0,0.0019166698
adl-36-cam0-rgb,data/keypoints_normalized/adl/adl-36-cam0-rgb.npz,18,47,0,0,0,0.0020494268
adl-36-cam0-rgb,data/keypoints_normalized/adl/adl-36-cam0-rgb.npz,19,48,0,0,0,0.002078469
adl-36-cam0-rgb,data/keypoints_normalized/adl/adl-36-cam0-rgb.npz,20,49,0,0,0,0.0021163558
adl-36-cam0-rgb,data/keypoints_normalized/adl/adl-36-cam0-rgb.npz,21,50,0,0,0,0.0021611473
adl-36-cam0-rgb,data/keypoints_normalized/adl/adl-36-cam0-rgb.npz,22,51,0,0,0,0.0022102525
adl-36-cam0-rgb,data/keypoints_normalized/adl/adl-36-cam0-rgb.npz,23,52,0,0,0,0.0023321654
adl-36-cam0-rgb,data/keypoints_normalized/adl/adl-36-cam0-rgb.npz,24,53,0,0,0,0.0023988057
adl-36-cam0-rgb,data/keypoints_normalized/adl/adl-36-cam0-rgb.npz,25,54,0,0,0,0.0024741713
adl-36-cam0-rgb,data/keypoints_normalized/adl/adl-36-cam0-rgb.npz,26,55,0,0,0,0.0025624665
adl-36-cam0-rgb,data/keypoints_normalized/adl/adl-36-cam0-rgb.npz,27,56,0,0,0,0.0038138037
adl-36-cam0-rgb,data/keypoints_normalized/adl/adl-36-cam0-rgb.npz,28,57,0,0,0,0.003944277
adl-36-cam0-rgb,data/keypoints_normalized/adl/adl-36-cam0-rgb.npz,29,58,0,0,0,0.0033624968
adl-36-cam0-rgb,data/keypoints_normalized/adl/adl-36-cam0-rgb.npz,30,59,0,0,0,0.0030349107
adl-36-cam0-rgb,data/keypoints_normalized/adl/adl-36-cam0-rgb.npz,31,60,0,0,0,0.0029098531
adl-36-cam0-rgb,data/keypoints_normalized/adl/adl-36-cam0-rgb.npz,32,61,0,0,0,0.0030463645
adl-36-cam0-rgb,data/keypoints_normalized/adl/adl-36-cam0-rgb.npz,33,62,0,0,0,0.0058907894
adl-36-cam0-rgb,data/keypoints_normalized/adl/adl-36-cam0-rgb.npz,34,63,0,0,0,0.0061031017
adl-36-cam0-rgb,data/keypoints_normalized/adl/adl-36-cam0-rgb.npz,35,64,0,0,0,0.0039681722
adl-36-cam0-rgb,data/keypoints_normalized/adl/adl-36-cam0-rgb.npz,36,65,0,0,0,0.0040941024
adl-36-cam0-rgb,data/keypoints_normalized/adl/adl-36-cam0-rgb.npz,37,66,0,0,0,0.004230649
adl-36-cam0-rgb,data/keypoints_normalized/adl/adl-36-cam0-rgb.npz,38,67,0,0,0,0.0031493937
adl-36-cam0-rgb,data/keypoints_normalized/adl/adl-36-cam0-rgb.npz,39,68,0,0,0,0.003257332
adl-36-cam0-rgb,data/keypoints_normalized/adl/adl-36-cam0-rgb.npz,40,69,0,0,0,0.0033557634
adl-36-cam0-rgb,data/keypoints_normalized/adl/adl-36-cam0-rgb.npz,41,70,0,0,0,0.003461163
adl-36-cam0-rgb,data/keypoints_normalized/adl/adl-36-cam0-rgb.npz,42,71,0,0,0,0.0035545896
adl-36-cam0-rgb,data/keypoints_normalized/adl/adl-36-cam0-rgb.npz,43,72,0,0,0,0.003508101
adl-36-cam0-rgb,data/keypoints_normalized/adl/adl-36-cam0-rgb.npz,44,73,0,0,0,0.0035787106
adl-36-cam0-rgb,data/keypoints_normalized/adl/adl-36-cam0-rgb.npz,45,74,0,0,0,0.003638062
adl-36-cam0-rgb,data/keypoints_normalized/adl/adl-36-cam0-rgb.npz,46,75,0,0,0,0.0036743626
adl-36-cam0-rgb,data/keypoints_normalized/adl/adl-36-cam0-rgb.npz,47,76,0,0,0,0.0037063092
adl-36-cam0-rgb,data/keypoints_normalized/adl/adl-36-cam0-rgb.npz,48,77,0,0,0,0.0037654797
adl-36-cam0-rgb,data/keypoints_normalized/adl/adl-36-cam0-rgb.npz,49,78,0,0,0,0.0037486588
adl-36-cam0-rgb,data/keypoints_normalized/adl/adl-36-cam0-rgb.npz,50,79,0,0,0,0.0037772756
adl-36-cam0-rgb,data/keypoints_normalized/adl/adl-36-cam0-rgb.npz,51,80,0,0,0,0.00368093
adl-36-cam0-rgb,data/keypoints_normalized/adl/adl-36-cam0-rgb.npz,52,81,0,0,0,0.0035705448
adl-36-cam0-rgb,data/keypoints_normalized/adl/adl-36-cam0-rgb.npz,53,82,0,0,0,0.003485315
adl-36-cam0-rgb,data/keypoints_normalized/adl/adl-36-cam0-rgb.npz,54,83,0,0,0,0.003331695
adl-36-cam0-rgb,data/keypoints_normalized/adl/adl-36-cam0-rgb.npz,55,84,0,0,0,0.0031740705
adl-36-cam0-rgb,data/keypoints_normalized/adl/adl-36-cam0-rgb.npz,56,85,0,0,0,0.0030014305
adl-36-cam0-rgb,data/keypoints_normalized/adl/adl-36-cam0-rgb.npz,57,86,0,0,0,0.0028048267
adl-36-cam0-rgb,data/keypoints_normalized/adl/adl-36-cam0-rgb.npz,58,87,0,0,0,0.0026516253
adl-36-cam0-rgb,data/keypoints_normalized/adl/adl-36-cam0-rgb.npz,59,88,0,0,0,0.002537711
adl-36-cam0-rgb,data/keypoints_normalized/adl/adl-36-cam0-rgb.npz,60,89,0,0,0,0.0024195083
adl-36-cam0-rgb,data/keypoints_normalized/adl/adl-36-cam0-rgb.npz,61,90,0,0,0,0.002307515
adl-36-cam0-rgb,data/keypoints_normalized/adl/adl-36-cam0-rgb.npz,62,91,0,0,0,0.0022029558
adl-36-cam0-rgb,data/keypoints_normalized/adl/adl-36-cam0-rgb.npz,63,92,0,0,0,0.002009615
adl-36-cam0-rgb,data/keypoints_normalized/adl/adl-36-cam0-rgb.npz,64,93,0,0,0,0.0019288916
adl-36-cam0-rgb,data/keypoints_normalized/adl/adl-36-cam0-rgb.npz,65,94,0,0,0,0.0018764748
adl-36-cam0-rgb,data/keypoints_normalized/adl/adl-36-cam0-rgb.npz,66,95,0,0,0,0.001847848
adl-36-cam0-rgb,data/keypoints_normalized/adl/adl-36-cam0-rgb.npz,67,96,0,0,0,0.0018341193
adl-36-cam0-rgb,data/keypoints_normalized/adl/adl-36-cam0-rgb.npz,68,97,0,0,0,0.0018377363
adl-36-cam0-rgb,data/keypoints_normalized/adl/adl-36-cam0-rgb.npz,69,98,0,0,0,0.0018663532
adl-36-cam0-rgb,data/keypoints_normalized/adl/adl-36-cam0-rgb.npz,70,99,0,0,0,0.0019021356
adl-36-cam0-rgb,data/keypoints_normalized/adl/adl-36-cam0-rgb.npz,71,100,0,0,0,0.0019592422
adl-36-cam0-rgb,data/keypoints_normalized/adl/adl-36-cam0-rgb.npz,72,101,0,0,0,0.002015551
adl-36-cam0-rgb,data/keypoints_normalized/adl/adl-36-cam0-rgb.npz,73,102,0,0,0,0.0020500077
adl-36-cam0-rgb,data/keypoints_normalized/adl/adl-36-cam0-rgb.npz,74,103,0,0,0,0.0021111965
adl-36-cam0-rgb,data/keypoints_normalized/adl/adl-36-cam0-rgb.npz,75,104,0,0,0,0.0021684133
adl-36-cam0-rgb,data/keypoints_normalized/adl/adl-36-cam0-rgb.npz,76,105,0,0,0,0.0022108634
adl-36-cam0-rgb,data/keypoints_normalized/adl/adl-36-cam0-rgb.npz,77,106,0,0,0,0.002236199
adl-36-cam0-rgb,data/keypoints_normalized/adl/adl-36-cam0-rgb.npz,78,107,0,0,0,0.0022479508
adl-36-cam0-rgb,data/keypoints_normalized/adl/adl-36-cam0-rgb.npz,79,108,0,0,0,0.0022492777
adl-36-cam0-rgb,data/keypoints_normalized/adl/adl-36-cam0-rgb.npz,80,109,0,0,0,0.0022438038
adl-36-cam0-rgb,data/keypoints_normalized/adl/adl-36-cam0-rgb.npz,81,110,0,0,0,0.0022027155
adl-36-cam0-rgb,data/keypoints_normalized/adl/adl-36-cam0-rgb.npz,82,111,0,0,0,0.0021578078
adl-36-cam0-rgb,data/keypoints_normalized/adl/adl-36-cam0-rgb.npz,83,112,0,0,0,0.0020973105
adl-36-cam0-rgb,data/keypoints_normalized/adl/adl-36-cam0-rgb.npz,84,113,0,0,0,0.0020299929
adl-36-cam0-rgb,data/keypoints_normalized/adl/adl-36-cam0-rgb.npz,85,114,0,0,0,0.0019608233
adl-36-cam0-rgb,data/keypoints_normalized/adl/adl-36-cam0-rgb.npz,86,115,0,0,0,0.00187681
adl-36-cam0-rgb,data/keypoints_normalized/adl/adl-36-cam0-rgb.npz,87,116,0,0,0,0.0017852868
adl-36-cam0-rgb,data/keypoints_normalized/adl/adl-36-cam0-rgb.npz,88,117,0,0,0,0.0016789681
adl-36-cam0-rgb,data/keypoints_normalized/adl/adl-36-cam0-rgb.npz,89,118,0,0,0,0.0015801109
adl-36-cam0-rgb,data/keypoints_normalized/adl/adl-36-cam0-rgb.npz,90,119,0,0,0,0.0014819892
adl-36-cam0-rgb,data/keypoints_normalized/adl/adl-36-cam0-rgb.npz,91,120,0,0,0,0.0013988415
adl-36-cam0-rgb,data/keypoints_normalized/adl/adl-36-cam0-rgb.npz,92,121,0,0,0,0.0013186674
adl-36-cam0-rgb,data/keypoints_normalized/adl/adl-36-cam0-rgb.npz,93,122,0,0,0,0.0012517137
adl-36-cam0-rgb,data/keypoints_normalized/adl/adl-36-cam0-rgb.npz,94,123,0,0,0,0.0011931674
adl-36-cam0-rgb,data/keypoints_normalized/adl/adl-36-cam0-rgb.npz,95,124,0,0,0,0.0011432845
adl-36-cam0-rgb,data/keypoints_normalized/adl/adl-36-cam0-rgb.npz,96,125,0,0,0,0.0011096987
adl-36-cam0-rgb,data/keypoints_normalized/adl/adl-36-cam0-rgb.npz,97,126,0,0,0,0.0010780406
adl-36-cam0-rgb,data/keypoints_normalized/adl/adl-36-cam0-rgb.npz,98,127,0,0,0,0.0010562278
adl-36-cam0-rgb,data/keypoints_normalized/adl/adl-36-cam0-rgb.npz,99,128,0,0,0,0.0010409213
adl-36-cam0-rgb,data/keypoints_normalized/adl/adl-36-cam0-rgb.npz,100,129,0,0,0,0.0010294244
adl-36-cam0-rgb,data/keypoints_normalized/adl/adl-36-cam0-rgb.npz,101,130,0,0,0,0.0010169259
adl-36-cam0-rgb,data/keypoints_normalized/adl/adl-36-cam0-rgb.npz,102,131,0,0,0,0.0010052684
adl-36-cam0-rgb,data/keypoints_normalized/adl/adl-36-cam0-rgb.npz,103,132,0,0,0,0.0009971058
adl-36-cam0-rgb,data/keypoints_normalized/adl/adl-36-cam0-rgb.npz,104,133,0,0,0,0.0009877599
adl-36-cam0-rgb,data/keypoints_normalized/adl/adl-36-cam0-rgb.npz,105,134,0,0,0,0.000978366
adl-36-cam0-rgb,data/keypoints_normalized/adl/adl-36-cam0-rgb.npz,106,135,0,0,0,0.0009705695
adl-36-cam0-rgb,data/keypoints_normalized/adl/adl-36-cam0-rgb.npz,107,136,0,0,0,0.0009608783
adl-36-cam0-rgb,data/keypoints_normalized/adl/adl-36-cam0-rgb.npz,108,137,0,0,0,0.0009533682
adl-36-cam0-rgb,data/keypoints_normalized/adl/adl-36-cam0-rgb.npz,109,138,0,0,0,0.00094786467
adl-36-cam0-rgb,data/keypoints_normalized/adl/adl-36-cam0-rgb.npz,110,139,0,0,0,0.0009499223
adl-36-cam0-rgb,data/keypoints_normalized/adl/adl-36-cam0-rgb.npz,111,140,0,0,0,0.00095634855
adl-36-cam0-rgb,data/keypoints_normalized/adl/adl-36-cam0-rgb.npz,112,141,0,0,0,0.000969922
adl-36-cam0-rgb,data/keypoints_normalized/adl/adl-36-cam0-rgb.npz,113,142,0,0,0,0.0009915711
adl-36-cam0-rgb,data/keypoints_normalized/adl/adl-36-cam0-rgb.npz,114,143,0,0,0,0.0010256123
adl-36-cam0-rgb,data/keypoints_normalized/adl/adl-36-cam0-rgb.npz,115,144,0,0,0,0.0010689857
adl-36-cam0-rgb,data/keypoints_normalized/adl/adl-36-cam0-rgb.npz,116,145,0,0,0,0.0011153712
adl-36-cam0-rgb,data/keypoints_normalized/adl/adl-36-cam0-rgb.npz,117,146,0,0,0,0.0011662113
adl-36-cam0-rgb,data/keypoints_normalized/adl/adl-36-cam0-rgb.npz,118,147,0,0,0,0.0012125729
adl-36-cam0-rgb,data/keypoints_normalized/adl/adl-36-cam0-rgb.npz,119,148,0,0,0,0.001249131
adl-36-cam0-rgb,data/keypoints_normalized/adl/adl-36-cam0-rgb.npz,120,149,0,0,0,0.001276761
adl-36-cam0-rgb,data/keypoints_normalized/adl/adl-36-cam0-rgb.npz,121,150,0,0,0,0.0012952837
adl-36-cam0-rgb,data/keypoints_normalized/adl/adl-36-cam0-rgb.npz,122,151,0,0,0,0.0012978524
adl-36-cam0-rgb,data/keypoints_normalized/adl/adl-36-cam0-rgb.npz,123,152,0,0,0,0.0012908704
adl-36-cam0-rgb,data/keypoints_normalized/adl/adl-36-cam0-rgb.npz,124,153,0,0,0,0.001270718
adl-36-cam0-rgb,data/keypoints_normalized/adl/adl-36-cam0-rgb.npz,125,154,0,0,0,0.0012384556
adl-36-cam0-rgb,data/keypoints_normalized/adl/adl-36-cam0-rgb.npz,126,155,0,0,0,0.0012166394
adl-36-cam0-rgb,data/keypoints_normalized/adl/adl-36-cam0-rgb.npz,127,156,0,0,0,0.0011941225
adl-36-cam0-rgb,data/keypoints_normalized/adl/adl-36-cam0-rgb.npz,128,157,0,0,0,0.0011649261
adl-36-cam0-rgb,data/keypoints_normalized/adl/adl-36-cam0-rgb.npz,129,158,0,0,0,0.0011353154
adl-36-cam0-rgb,data/keypoints_normalized/adl/adl-36-cam0-rgb.npz,130,159,0,0,0,0.0011115294
adl-36-cam0-rgb,data/keypoints_normalized/adl/adl-36-cam0-rgb.npz,131,160,0,0,0,0.0011004554
adl-36-cam0-rgb,data/keypoints_normalized/adl/adl-36-cam0-rgb.npz,132,161,0,0,0,0.0010944611
adl-36-cam0-rgb,data/keypoints_normalized/adl/adl-36-cam0-rgb.npz,133,162,0,0,0,0.0010961279
adl-36-cam0-rgb,data/keypoints_normalized/adl/adl-36-cam0-rgb.npz,134,163,0,0,0,0.0010959134
adl-36-cam0-rgb,data/keypoints_normalized/adl/adl-36-cam0-rgb.npz,135,164,0,0,0,0.0010947098
adl-36-cam0-rgb,data/keypoints_normalized/adl/adl-36-cam0-rgb.npz,136,165,0,0,0,0.0010906747
adl-36-cam0-rgb,data/keypoints_normalized/adl/adl-36-cam0-rgb.npz,137,166,0,0,0,0.0010851563
adl-36-cam0-rgb,data/keypoints_normalized/adl/adl-36-cam0-rgb.npz,138,167,0,0,0,0.0010701092
adl-36-cam0-rgb,data/keypoints_normalized/adl/adl-36-cam0-rgb.npz,139,168,0,0,0,0.0010616098
adl-36-cam0-rgb,data/keypoints_normalized/adl/adl-36-cam0-rgb.npz,140,169,0,0,0,0.0010642203
adl-36-cam0-rgb,data/keypoints_normalized/adl/adl-36-cam0-rgb.npz,141,170,0,0,0,0.0010744066
adl-36-cam0-rgb,data/keypoints_normalized/adl/adl-36-cam0-rgb.npz,142,171,0,0,0,0.0010877096
adl-36-cam0-rgb,data/keypoints_normalized/adl/adl-36-cam0-rgb.npz,143,172,0,0,0,0.0011088242
adl-36-cam0-rgb,data/keypoints_normalized/adl/adl-36-cam0-rgb.npz,144,173,0,0,0,0.0011311651
adl-36-cam0-rgb,data/keypoints_normalized/adl/adl-36-cam0-rgb.npz,145,174,0,0,0,0.0011533272
adl-36-cam0-rgb,data/keypoints_normalized/adl/adl-36-cam0-rgb.npz,146,175,0,0,0,0.0011750483
adl-36-cam0-rgb,data/keypoints_normalized/adl/adl-36-cam0-rgb.npz,147,176,0,0,0,0.0011946753
adl-36-cam0-rgb,data/keypoints_normalized/adl/adl-36-cam0-rgb.npz,148,177,0,0,0,0.0012123811
adl-36-cam0-rgb,data/keypoints_normalized/adl/adl-36-cam0-rgb.npz,149,178,0,0,0,0.0012323955
adl-36-cam0-rgb,data/keypoints_normalized/adl/adl-36-cam0-rgb.npz,150,179,0,0,0,0.0012574489
adl-36-cam0-rgb,data/keypoints_normalized/adl/adl-36-cam0-rgb.npz,151,180,0,0,0,0.0012785121
adl-36-cam0-rgb,data/keypoints_normalized/adl/adl-36-cam0-rgb.npz,152,181,0,0,0,0.0012880185
adl-36-cam0-rgb,data/keypoints_normalized/adl/adl-36-cam0-rgb.npz,153,182,0,0,0,0.0012703453
adl-36-cam0-rgb,data/keypoints_normalized/adl/adl-36-cam0-rgb.npz,154,183,0,0,0,0.0012320171
adl-36-cam0-rgb,data/keypoints_normalized/adl/adl-36-cam0-rgb.npz,155,184,0,0,0,0.0011818863
adl-36-cam0-rgb,data/keypoints_normalized/adl/adl-36-cam0-rgb.npz,156,185,0,0,0,0.001129314
adl-36-cam0-rgb,data/keypoints_normalized/adl/adl-36-cam0-rgb.npz,157,186,0,0,0,0.0010681485
adl-36-cam0-rgb,data/keypoints_normalized/adl/adl-36-cam0-rgb.npz,158,187,0,0,0,0.0010121708
adl-36-cam0-rgb,data/keypoints_normalized/adl/adl-36-cam0-rgb.npz,159,188,0,0,0,0.0009570942
adl-36-cam0-rgb,data/keypoints_normalized/adl/adl-36-cam0-rgb.npz,160,189,0,0,0,0.0009104255
adl-36-cam0-rgb,data/keypoints_normalized/adl/adl-36-cam0-rgb.npz,161,190,0,0,0,0.00087092
adl-36-cam0-rgb,data/keypoints_normalized/adl/adl-36-cam0-rgb.npz,162,191,0,0,0,0.00084182766
adl-36-cam0-rgb,data/keypoints_normalized/adl/adl-36-cam0-rgb.npz,163,192,0,0,0,0.000817048
adl-36-cam0-rgb,data/keypoints_normalized/adl/adl-36-cam0-rgb.npz,164,193,0,0,0,0.0007927401
adl-36-cam0-rgb,data/keypoints_normalized/adl/adl-36-cam0-rgb.npz,165,194,0,0,0,0.000769916
adl-36-cam0-rgb,data/keypoints_normalized/adl/adl-36-cam0-rgb.npz,166,195,0,0,0,0.00075412565
adl-36-cam0-rgb,data/keypoints_normalized/adl/adl-36-cam0-rgb.npz,167,196,0,0,0,0.0007422691
adl-36-cam0-rgb,data/keypoints_normalized/adl/adl-36-cam0-rgb.npz,168,197,0,0,0,0.00072997063
adl-36-cam0-rgb,data/keypoints_normalized/adl/adl-36-cam0-rgb.npz,169,198,0,0,0,0.00071804004
adl-36-cam0-rgb,data/keypoints_normalized/adl/adl-36-cam0-rgb.npz,170,199,0,0,0,0.0007104154
adl-36-cam0-rgb,data/keypoints_normalized/adl/adl-36-cam0-rgb.npz,171,200,0,0,0,0.0007054193
adl-36-cam0-rgb,data/keypoints_normalized/adl/adl-36-cam0-rgb.npz,172,201,0,0,0,0.00071405934
adl-36-cam0-rgb,data/keypoints_normalized/adl/adl-36-cam0-rgb.npz,173,202,0,0,0,0.00074353104
adl-36-cam0-rgb,data/keypoints_normalized/adl/adl-36-cam0-rgb.npz,174,203,0,0,0,0.0007719594
adl-36-cam0-rgb,data/keypoints_normalized/adl/adl-36-cam0-rgb.npz,175,204,0,0,0,0.0007896963
adl-36-cam0-rgb,data/keypoints_normalized/adl/adl-36-cam0-rgb.npz,176,205,0,0,0,0.00079089863
adl-36-cam0-rgb,data/keypoints_normalized/adl/adl-36-cam0-rgb.npz,177,206,0,0,0,0.00079775025
adl-36-cam0-rgb,data/keypoints_normalized/adl/adl-36-cam0-rgb.npz,178,207,0,0,0,0.00079993455
adl-36-cam0-rgb,data/keypoints_normalized/adl/adl-36-cam0-rgb.npz,179,208,0,0,0,0.00080003816
adl-36-cam0-rgb,data/keypoints_normalized/adl/adl-36-cam0-rgb.npz,180,209,0,0,0,0.00079821225
adl-36-cam0-rgb,data/keypoints_normalized/adl/adl-36-cam0-rgb.npz,181,210,0,0,0,0.0007946978
adl-36-cam0-rgb,data/keypoints_normalized/adl/adl-36-cam0-rgb.npz,182,211,0,0,0,0.00079336803
adl-36-cam0-rgb,data/keypoints_normalized/adl/adl-36-cam0-rgb.npz,183,212,0,0,0,0.0007109861
adl-36-cam0-rgb,data/keypoints_normalized/adl/adl-36-cam0-rgb.npz,184,213,0,0,0,0.00074580574
adl-36-cam0-rgb,data/keypoints_normalized/adl/adl-36-cam0-rgb.npz,185,214,0,0,0,0.0007490094
adl-36-cam0-rgb,data/keypoints_normalized/adl/adl-36-cam0-rgb.npz,186,215,0,0,0,0.0007521939
adl-36-cam0-rgb,data/keypoints_normalized/adl/adl-36-cam0-rgb.npz,187,216,0,0,0,0.00075585506
adl-36-cam0-rgb,data/keypoints_normalized/adl/adl-36-cam0-rgb.npz,188,217,0,0,0,0.00076867966
adl-36-cam0-rgb,data/keypoints_normalized/adl/adl-36-cam0-rgb.npz,189,218,0,0,0,0.0007718918
adl-36-cam0-rgb,data/keypoints_normalized/adl/adl-36-cam0-rgb.npz,190,219,0,0,0,0.0007727046
adl-36-cam0-rgb,data/keypoints_normalized/adl/adl-36-cam0-rgb.npz,191,220,0,0,0,0.00077378197
adl-36-cam0-rgb,data/keypoints_normalized/adl/adl-36-cam0-rgb.npz,192,221,0,0,0,0.0007788019
adl-36-cam0-rgb,data/keypoints_normalized/adl/adl-36-cam0-rgb.npz,193,222,0,0,0,0.0007790643
adl-36-cam0-rgb,data/keypoints_normalized/adl/adl-36-cam0-rgb.npz,194,223,0,0,0,0.0007753615
adl-36-cam0-rgb,data/keypoints_normalized/adl/adl-36-cam0-rgb.npz,195,224,0,0,0,0.00077113707
adl-36-cam0-rgb,data/keypoints_normalized/adl/adl-36-cam0-rgb.npz,196,225,0,0,0,0.00076478417
adl-36-cam0-rgb,data/keypoints_normalized/adl/adl-36-cam0-rgb.npz,197,226,0,0,0,0.0007561021
adl-36-cam0-rgb,data/keypoints_normalized/adl/adl-36-cam0-rgb.npz,198,227,0,0,0,0.00074643793
adl-36-cam0-rgb,data/keypoints_normalized/adl/adl-36-cam0-rgb.npz,199,228,0,0,0,0.0007364688
adl-36-cam0-rgb,data/keypoints_normalized/adl/adl-36-cam0-rgb.npz,200,229,0,0,0,0.0007245509
adl-36-cam0-rgb,data/keypoints_normalized/adl/adl-36-cam0-rgb.npz,201,230,0,0,0,0.0007120517
adl-36-cam0-rgb,data/keypoints_normalized/adl/adl-36-cam0-rgb.npz,202,231,0,0,0,0.0006999279
adl-36-cam0-rgb,data/keypoints_normalized/adl/adl-36-cam0-rgb.npz,203,232,0,0,0,0.0006852082
adl-36-cam0-rgb,data/keypoints_normalized/adl/adl-36-cam0-rgb.npz,204,233,0,0,0,0.000671187
adl-36-cam0-rgb,data/keypoints_normalized/adl/adl-36-cam0-rgb.npz,205,234,0,0,0,0.0006695862
adl-36-cam0-rgb,data/keypoints_normalized/adl/adl-36-cam0-rgb.npz,206,235,0,0,0,0.0006516538
adl-36-cam0-rgb,data/keypoints_normalized/adl/adl-36-cam0-rgb.npz,207,236,0,0,0,0.00063697936
adl-36-cam0-rgb,data/keypoints_normalized/adl/adl-36-cam0-rgb.npz,208,237,0,0,0,0.0006265852
adl-36-cam0-rgb,data/keypoints_normalized/adl/adl-36-cam0-rgb.npz,209,238,0,0,0,0.00061809784
adl-36-cam0-rgb,data/keypoints_normalized/adl/adl-36-cam0-rgb.npz,210,239,0,0,0,0.00061608054
adl-36-cam0-rgb,data/keypoints_normalized/adl/adl-36-cam0-rgb.npz,211,240,0,0,0,0.0006177077
adl-36-cam0-rgb,data/keypoints_normalized/adl/adl-36-cam0-rgb.npz,212,241,0,0,0,0.00062530494
adl-36-cam0-rgb,data/keypoints_normalized/adl/adl-36-cam0-rgb.npz,213,242,0,0,0,0.0006367554
adl-36-cam0-rgb,data/keypoints_normalized/adl/adl-36-cam0-rgb.npz,214,243,0,0,0,0.0006520806
adl-36-cam0-rgb,data/keypoints_normalized/adl/adl-36-cam0-rgb.npz,215,244,0,0,0,0.0006705332
adl-36-cam0-rgb,data/keypoints_normalized/adl/adl-36-cam0-rgb.npz,216,245,0,0,0,0.000699132
adl-36-cam0-rgb,data/keypoints_normalized/adl/adl-36-cam0-rgb.npz,217,246,0,0,0,0.00072918396
adl-36-cam0-rgb,data/keypoints_normalized/adl/adl-36-cam0-rgb.npz,218,247,0,0,0,0.0007653704
adl-36-cam0-rgb,data/keypoints_normalized/adl/adl-36-cam0-rgb.npz,219,248,0,0,0,0.0008069917
adl-36-cam0-rgb,data/keypoints_normalized/adl/adl-36-cam0-rgb.npz,220,249,0,0,0,0.0008585586
adl-36-cam0-rgb,data/keypoints_normalized/adl/adl-36-cam0-rgb.npz,221,250,0,0,0,0.00089540234
adl-36-cam0-rgb,data/keypoints_normalized/adl/adl-36-cam0-rgb.npz,222,251,0,0,0,0.0009509153
adl-36-cam0-rgb,data/keypoints_normalized/adl/adl-36-cam0-rgb.npz,223,252,0,0,0,0.0010144631
adl-36-cam0-rgb,data/keypoints_normalized/adl/adl-36-cam0-rgb.npz,224,253,0,0,0,0.0010791236
adl-36-cam0-rgb,data/keypoints_normalized/adl/adl-36-cam0-rgb.npz,225,254,0,0,0,0.0011349677
adl-36-cam0-rgb,data/keypoints_normalized/adl/adl-36-cam0-rgb.npz,226,255,0,0,0,0.0011749683
adl-36-cam0-rgb,data/keypoints_normalized/adl/adl-36-cam0-rgb.npz,227,256,0,0,0,0.001209319
adl-36-cam0-rgb,data/keypoints_normalized/adl/adl-36-cam0-rgb.npz,228,257,0,0,0,0.0012313502
adl-36-cam0-rgb,data/keypoints_normalized/adl/adl-36-cam0-rgb.npz,229,258,0,0,0,0.0012415478
adl-36-cam0-rgb,data/keypoints_normalized/adl/adl-36-cam0-rgb.npz,230,259,0,0,0,0.0013387767
adl-36-cam0-rgb,data/keypoints_normalized/adl/adl-36-cam0-rgb.npz,231,260,0,0,0,0.0013403964
adl-36-cam0-rgb,data/keypoints_normalized/adl/adl-36-cam0-rgb.npz,232,261,0,0,0,0.0013570329
adl-36-cam0-rgb,data/keypoints_normalized/adl/adl-36-cam0-rgb.npz,233,262,0,0,0,0.0013873072
adl-36-cam0-rgb,data/keypoints_normalized/adl/adl-36-cam0-rgb.npz,234,263,0,0,0,0.0014603692
adl-36-cam0-rgb,data/keypoints_normalized/adl/adl-36-cam0-rgb.npz,235,264,0,0,0,0.0015481522
adl-36-cam0-rgb,data/keypoints_normalized/adl/adl-36-cam0-rgb.npz,236,265,0,0,0,0.0016481769
adl-36-cam0-rgb,data/keypoints_normalized/adl/adl-36-cam0-rgb.npz,237,266,0,0,0,0.0018478218
adl-36-cam0-rgb,data/keypoints_normalized/adl/adl-36-cam0-rgb.npz,238,267,0,0,0,0.0020792077
adl-36-cam0-rgb,data/keypoints_normalized/adl/adl-36-cam0-rgb.npz,239,268,0,0,0,0.0019838978
adl-36-cam0-rgb,data/keypoints_normalized/adl/adl-36-cam0-rgb.npz,240,269,0,0,0,0.0022615918
adl-36-cam0-rgb,data/keypoints_normalized/adl/adl-36-cam0-rgb.npz,241,270,0,0,0,0.0025583801
adl-36-cam0-rgb,data/keypoints_normalized/adl/adl-36-cam0-rgb.npz,242,271,0,0,0,0.0028037722
adl-36-cam0-rgb,data/keypoints_normalized/adl/adl-36-cam0-rgb.npz,243,272,0,0,0,0.0030470944
adl-36-cam0-rgb,data/keypoints_normalized/adl/adl-36-cam0-rgb.npz,244,273,0,0,0,0.0032953748
adl-36-cam0-rgb,data/keypoints_normalized/adl/adl-36-cam0-rgb.npz,245,274,0,0,0,0.0036024337
adl-36-cam0-rgb,data/keypoints_normalized/adl/adl-36-cam0-rgb.npz,246,275,0,0,0,0.004375819
adl-36-cam0-rgb,data/keypoints_normalized/adl/adl-36-cam0-rgb.npz,247,276,0,0,0,0.004237881
adl-36-cam0-rgb,data/keypoints_normalized/adl/adl-36-cam0-rgb.npz,248,277,0,0,0,0.003959791
adl-36-cam0-rgb,data/keypoints_normalized/adl/adl-36-cam0-rgb.npz,249,278,0,0,0,0.004003967
adl-36-cam0-rgb,data/keypoints_normalized/adl/adl-36-cam0-rgb.npz,250,279,0,0,0,0.0040428727
adl-36-cam0-rgb,data/keypoints_normalized/adl/adl-36-cam0-rgb.npz,251,280,0,0,0,0.006997444
adl-36-cam0-rgb,data/keypoints_normalized/adl/adl-36-cam0-rgb.npz,252,281,0,0,0,0.006765402
adl-36-cam0-rgb,data/keypoints_normalized/adl/adl-36-cam0-rgb.npz,253,282,0,0,0,0.0038762048
adl-36-cam0-rgb,data/keypoints_normalized/adl/adl-36-cam0-rgb.npz,254,283,0,0,0,0.0034796558
adl-36-cam0-rgb,data/keypoints_normalized/adl/adl-36-cam0-rgb.npz,255,284,0,0,0,0.0033137891
adl-36-cam0-rgb,data/keypoints_normalized/adl/adl-36-cam0-rgb.npz,256,285,0,0,0,0.0032000719
adl-36-cam0-rgb,data/keypoints_normalized/adl/adl-36-cam0-rgb.npz,257,286,0,0,0,0.0030975372
adl-36-cam0-rgb,data/keypoints_normalized/adl/adl-36-cam0-rgb.npz,258,287,0,0,0,0.0031710304
adl-36-cam0-rgb,data/keypoints_normalized/adl/adl-36-cam0-rgb.npz,259,288,0,0,0,0.0031207532
adl-36-cam0-rgb,data/keypoints_normalized/adl/adl-36-cam0-rgb.npz,260,289,0,0,0,0.0031168642
adl-36-cam0-rgb,data/keypoints_normalized/adl/adl-36-cam0-rgb.npz,261,290,0,0,0,0.0030547376
adl-36-cam0-rgb,data/keypoints_normalized/adl/adl-36-cam0-rgb.npz,262,291,0,0,0,0.003558327
adl-36-cam0-rgb,data/keypoints_normalized/adl/adl-36-cam0-rgb.npz,263,292,0,0,0,0.0034626059
adl-36-cam0-rgb,data/keypoints_normalized/adl/adl-36-cam0-rgb.npz,264,293,0,0,0,0.0031007386
adl-36-cam0-rgb,data/keypoints_normalized/adl/adl-36-cam0-rgb.npz,265,294,0,0,0,0.0032088174
adl-36-cam0-rgb,data/keypoints_normalized/adl/adl-36-cam0-rgb.npz,266,295,0,0,0,0.0032718764
adl-36-cam0-rgb,data/keypoints_normalized/adl/adl-36-cam0-rgb.npz,267,296,0,0,0,0.003284186
adl-36-cam0-rgb,data/keypoints_normalized/adl/adl-36-cam0-rgb.npz,268,297,0,0,0,0.0032804876
adl-36-cam0-rgb,data/keypoints_normalized/adl/adl-36-cam0-rgb.npz,269,298,0,0,0,0.0039440184
adl-36-cam0-rgb,data/keypoints_normalized/adl/adl-36-cam0-rgb.npz,270,299,0,0,0,0.003973453
adl-36-cam0-rgb,data/keypoints_normalized/adl/adl-36-cam0-rgb.npz,271,300,0,0,0,0.0038809322
adl-36-cam0-rgb,data/keypoints_normalized/adl/adl-36-cam0-rgb.npz,272,301,0,0,0,0.0039209495
adl-36-cam0-rgb,data/keypoints_normalized/adl/adl-36-cam0-rgb.npz,273,302,0,0,0,0.003967941
adl-36-cam0-rgb,data/keypoints_normalized/adl/adl-36-cam0-rgb.npz,274,303,0,0,0,0.0041865716
adl-36-cam0-rgb,data/keypoints_normalized/adl/adl-36-cam0-rgb.npz,275,304,0,0,0,0.004363817
adl-36-cam0-rgb,data/keypoints_normalized/adl/adl-36-cam0-rgb.npz,276,305,0,0,0,0.004613876
adl-36-cam0-rgb,data/keypoints_normalized/adl/adl-36-cam0-rgb.npz,277,306,0,0,0,0.0049657878
adl-36-cam0-rgb,data/keypoints_normalized/adl/adl-36-cam0-rgb.npz,278,307,0,0,0,0.005387718
adl-36-cam0-rgb,data/keypoints_normalized/adl/adl-36-cam0-rgb.npz,279,308,0,0,0,0.00577245
adl-36-cam0-rgb,data/keypoints_normalized/adl/adl-36-cam0-rgb.npz,280,309,0,0,0,0.0061858045
adl-36-cam0-rgb,data/keypoints_normalized/adl/adl-36-cam0-rgb.npz,281,310,0,0,0,0.0064852457
adl-36-cam0-rgb,data/keypoints_normalized/adl/adl-36-cam0-rgb.npz,282,311,0,0,0,0.006430445
adl-36-cam0-rgb,data/keypoints_normalized/adl/adl-36-cam0-rgb.npz,283,312,0,0,0,0.0066083055
adl-36-cam0-rgb,data/keypoints_normalized/adl/adl-36-cam0-rgb.npz,284,313,0,0,0,0.0068196896
adl-36-cam0-rgb,data/keypoints_normalized/adl/adl-36-cam0-rgb.npz,285,314,0,0,0,0.0070529142
adl-36-cam0-rgb,data/keypoints_normalized/adl/adl-36-cam0-rgb.npz,286,315,0,0,0,0.0068352167
adl-36-cam0-rgb,data/keypoints_normalized/adl/adl-36-cam0-rgb.npz,287,316,0,0,0,0.006833993
adl-36-cam0-rgb,data/keypoints_normalized/adl/adl-36-cam0-rgb.npz,288,317,0,0,0,0.006818062
adl-36-cam0-rgb,data/keypoints_normalized/adl/adl-36-cam0-rgb.npz,289,318,0,0,0,0.0067850067
adl-36-cam0-rgb,data/keypoints_normalized/adl/adl-36-cam0-rgb.npz,290,319,0,0,0,0.0065871193
adl-36-cam0-rgb,data/keypoints_normalized/adl/adl-36-cam0-rgb.npz,291,320,0,0,0,0.0064428565
adl-36-cam0-rgb,data/keypoints_normalized/adl/adl-36-cam0-rgb.npz,292,321,0,0,0,0.006276314
adl-36-cam0-rgb,data/keypoints_normalized/adl/adl-36-cam0-rgb.npz,293,322,0,0,0,0.0063041886
adl-36-cam0-rgb,data/keypoints_normalized/adl/adl-36-cam0-rgb.npz,294,323,0,0,0,0.0063375067
adl-36-cam0-rgb,data/keypoints_normalized/adl/adl-36-cam0-rgb.npz,295,324,0,0,0,0.0065763434
adl-36-cam0-rgb,data/keypoints_normalized/adl/adl-36-cam0-rgb.npz,296,325,0,0,0,0.0063837124
adl-36-cam0-rgb,data/keypoints_normalized/adl/adl-36-cam0-rgb.npz,297,326,0,0,0,0.0062074373
adl-36-cam0-rgb,data/keypoints_normalized/adl/adl-36-cam0-rgb.npz,298,327,0,0,0,0.0060608536
adl-36-cam0-rgb,data/keypoints_normalized/adl/adl-36-cam0-rgb.npz,299,328,0,0,0,0.0060334564
adl-36-cam0-rgb,data/keypoints_normalized/adl/adl-36-cam0-rgb.npz,300,329,0,0,0,0.005377784
adl-36-cam0-rgb,data/keypoints_normalized/adl/adl-36-cam0-rgb.npz,301,330,0,0,0,0.0047201207
adl-36-cam0-rgb,data/keypoints_normalized/adl/adl-36-cam0-rgb.npz,302,331,0,0,0,0.004263157
adl-36-cam0-rgb,data/keypoints_normalized/adl/adl-36-cam0-rgb.npz,303,332,0,0,0,0.0041288203
adl-36-cam0-rgb,data/keypoints_normalized/adl/adl-36-cam0-rgb.npz,304,333,0,0,0,0.0039932015
adl-36-cam0-rgb,data/keypoints_normalized/adl/adl-36-cam0-rgb.npz,305,334,0,0,0,0.0038492682
adl-36-cam0-rgb,data/keypoints_normalized/adl/adl-36-cam0-rgb.npz,306,335,0,0,0,0.0037049393
adl-36-cam0-rgb,data/keypoints_normalized/adl/adl-36-cam0-rgb.npz,307,336,0,0,0,0.0035613885
adl-36-cam0-rgb,data/keypoints_normalized/adl/adl-36-cam0-rgb.npz,308,337,0,0,0,0.0034473615
adl-36-cam0-rgb,data/keypoints_normalized/adl/adl-36-cam0-rgb.npz,309,338,0,0,0,0.0032914006
adl-36-cam0-rgb,data/keypoints_normalized/adl/adl-36-cam0-rgb.npz,310,339,0,0,0,0.0033858516
adl-36-cam0-rgb,data/keypoints_normalized/adl/adl-36-cam0-rgb.npz,311,340,0,0,0,0.0033488695
fall-04-cam0-rgb,data/keypoints_normalized/fall/fall-04-cam0-rgb.npz,1,30,0,0,0,0.0008396655
fall-04-cam0-rgb,data/keypoints_normalized/fall/fall-04-cam0-rgb.npz,2,31,0,0,0,0.00086441374
fall-04-cam0-rgb,data/keypoints_normalized/fall/fall-04-cam0-rgb.npz,3,32,0,0,0,0.0008927691
fall-04-cam0-rgb,data/keypoints_normalized/fall/fall-04-cam0-rgb.npz,4,33,0,0,0,0.00093534164
fall-04-cam0-rgb,data/keypoints_normalized/fall/fall-04-cam0-rgb.npz,5,34,0,0,0,0.000938843
fall-04-cam0-rgb,data/keypoints_normalized/fall/fall-04-cam0-rgb.npz,6,35,0,0,0,0.0010105083
fall-04-cam0-rgb,data/keypoints_normalized/fall/fall-04-cam0-rgb.npz,7,36,0,0,0,0.0011156879
fall-04-cam0-rgb,data/keypoints_normalized/fall/fall-04-cam0-rgb.npz,8,37,0,0,0,0.0012896917
fall-04-cam0-rgb,data/keypoints_normalized/fall/fall-04-cam0-rgb.npz,9,38,0,0,0,0.0015128657
fall-04-cam0-rgb,data/keypoints_normalized/fall/fall-04-cam0-rgb.npz,10,39,0,0,0,0.0020741818
fall-04-cam0-rgb,data/keypoints_normalized/fall/fall-04-cam0-rgb.npz,11,40,0,0,0,0.0034947693
fall-04-cam0-rgb,data/keypoints_normalized/fall/fall-04-cam0-rgb.npz,12,41,0,0,0,0.008014848
fall-04-cam0-rgb,data/keypoints_normalized/fall/fall-04-cam0-rgb.npz,13,42,0,0,0,0.028040139
fall-04-cam0-rgb,data/keypoints_normalized/fall/fall-04-cam0-rgb.npz,15,44,1,1,1,0.53225243
fall-04-cam0-rgb,data/keypoints_normalized/fall/fall-04-cam0-rgb.npz,16,45,1,1,1,0.8695197
fall-04-cam0-rgb,data/keypoints_normalized/fall/fall-04-cam0-rgb.npz,17,46,1,1,1,0.8557394
fall-04-cam0-rgb,data/keypoints_normalized/fall/fall-04-cam0-rgb.npz,18,47,1,1,1,0.95953035
fall-04-cam0-rgb,data/keypoints_normalized/fall/fall-04-cam0-rgb.npz,19,48,1,1,1,0.9912565
fall-04-cam0-rgb,data/keypoints_normalized/fall/fall-04-cam0-rgb.npz,20,49,1,1,1,0.9954882
fall-04-cam0-rgb,data/keypoints_normalized/fall/fall-04-cam0-rgb.npz,21,50,1,1,1,0.9971411
fall-04-cam0-rgb,data/keypoints_normalized/fall/fall-04-cam0-rgb.npz,22,51,1,1,1,0.9979069
fall-04-cam0-rgb,data/keypoints_normalized/fall/fall-04-cam0-rgb.npz,23,52,1,1,1,0.9983468
fall-04-cam0-rgb,data/keypoints_normalized/fall/fall-04-cam0-rgb.npz,24,53,1,1,1,0.99856204
fall-04-cam0-rgb,data/keypoints_normalized/fall/fall-04-cam0-rgb.npz,25,54,1,1,1,0.9986827
fall-04-cam0-rgb,data/keypoints_normalized/fall/fall-04-cam0-rgb.npz,26,55,1,1,1,0.9987515
fall-04-cam0-rgb,data/keypoints_normalized/fall/fall-04-cam0-rgb.npz,27,56,1,1,1,0.99878067
fall-04-cam0-rgb,data/keypoints_normalized/fall/fall-04-cam0-rgb.npz,28,57,1,1,1,0.99880934
fall-04-cam0-rgb,data/keypoints_normalized/fall/fall-04-cam0-rgb.npz,29,58,1,1,1,0.9988274
fall-04-cam0-rgb,data/keypoints_normalized/fall/fall-04-cam0-rgb.npz,30,59,1,1,1,0.998828
fall-04-cam0-rgb,data/keypoints_normalized/fall/fall-04-cam0-rgb.npz,31,60,1,1,1,0.998836
fall-04-cam0-rgb,data/keypoints_normalized/fall/fall-04-cam0-rgb.npz,32,61,1,1,1,0.99883884
fall-04-cam0-rgb,data/keypoints_normalized/fall/fall-04-cam0-rgb.npz,33,62,1,1,1,0.99884075
fall-04-cam0-rgb,data/keypoints_normalized/fall/fall-04-cam0-rgb.npz,34,63,1,1,1,0.9988417
fall-04-cam0-rgb,data/keypoints_normalized/fall/fall-04-cam0-rgb.npz,35,64,1,1,1,0.9988423
fall-04-cam0-rgb,data/keypoints_normalized/fall/fall-04-cam0-rgb.npz,36,65,1,1,1,0.99884284
fall-04-cam0-rgb,data/keypoints_normalized/fall/fall-04-cam0-rgb.npz,37,66,1,1,1,0.9988432
fall-04-cam0-rgb,data/keypoints_normalized/fall/fall-04-cam0-rgb.npz,38,67,1,1,1,0.99884367
fall-04-cam0-rgb,data/keypoints_normalized/fall/fall-04-cam0-rgb.npz,39,68,1,1,1,0.99884415
fall-04-cam0-rgb,data/keypoints_normalized/fall/fall-04-cam0-rgb.npz,40,69,1,1,1,0.9988445
fall-04-cam0-rgb,data/keypoints_normalized/fall/fall-04-cam0-rgb.npz,41,70,1,1,1,0.9988451
fall-04-cam0-rgb,data/keypoints_normalized/fall/fall-04-cam0-rgb.npz,42,71,1,1,1,0.99884474
fall-04-cam0-rgb,data/keypoints_normalized/fall/fall-04-cam0-rgb.npz,43,72,1,1,1,0.9988446
fall-04-cam0-rgb,data/keypoints_normalized/fall/fall-04-cam0-rgb.npz,44,73,1,1,1,0.9988446
fall-04-cam0-rgb,data/keypoints_normalized/fall/fall-04-cam0-rgb.npz,45,74,1,1,1,0.9988445
fall-04-cam0-rgb,data/keypoints_normalized/fall/fall-04-cam0-rgb.npz,46,75,1,1,1,0.99884474
fall-04-cam0-rgb,data/keypoints_normalized/fall/fall-04-cam0-rgb.npz,47,76,1,1,1,0.9988433
fall-04-cam0-rgb,data/keypoints_normalized/fall/fall-04-cam0-rgb.npz,48,77,1,1,1,0.9988426
fall-04-cam0-rgb,data/keypoints_normalized/fall/fall-04-cam0-rgb.npz,49,78,1,1,1,0.99884206
fall-04-cam0-rgb,data/keypoints_normalized/fall/fall-04-cam0-rgb.npz,50,79,1,1,1,0.9988427
fall-04-cam0-rgb,data/keypoints_normalized/fall/fall-04-cam0-rgb.npz,51,80,1,1,1,0.9988343
fall-04-cam0-rgb,data/keypoints_normalized/fall/fall-04-cam0-rgb.npz,52,81,1,1,1,0.99880576
fall-04-cam0-rgb,data/keypoints_normalized/fall/fall-04-cam0-rgb.npz,53,82,1,1,1,0.9987367
fall-04-cam0-rgb,data/keypoints_normalized/fall/fall-04-cam0-rgb.npz,54,83,1,1,1,0.9986181
fall-04-cam0-rgb,data/keypoints_normalized/fall/fall-04-cam0-rgb.npz,55,84,1,1,1,0.9983631
fall-04-cam0-rgb,data/keypoints_normalized/fall/fall-04-cam0-rgb.npz,56,85,1,1,1,0.99721694
fall-04-cam0-rgb,data/keypoints_normalized/fall/fall-04-cam0-rgb.npz,57,86,1,1,1,0.9954059
fall-04-cam0-rgb,data/keypoints_normalized/fall/fall-04-cam0-rgb.npz,58,87,1,1,1,0.9920736
fall-04-cam0-rgb,data/keypoints_normalized/fall/fall-04-cam0-rgb.npz,59,88,1,1,1,0.9855483
fall-04-cam0-rgb,data/keypoints_normalized/fall/fall-04-cam0-rgb.npz,60,89,1,1,1,0.97273916
fall-04-cam0-rgb,data/keypoints_normalized/fall/fall-04-cam0-rgb.npz,61,90,1,1,1,0.9467784
fall-04-cam0-rgb,data/keypoints_normalized/fall/fall-04-cam0-rgb.npz,62,91,1,1,0,0.011865018
fall-04-cam0-rgb,data/keypoints_normalized/fall/fall-04-cam0-rgb.npz,63,92,1,1,0,0.00677886
fall-04-cam0-rgb,data/keypoints_normalized/fall/fall-04-cam0-rgb.npz,64,93,1,1,0,0.006716821
fall-04-cam0-rgb,data/keypoints_normalized/fall/fall-04-cam0-rgb.npz,65,94,1,1,0,0.0066385656
fall-04-cam0-rgb,data/keypoints_normalized/fall/fall-04-cam0-rgb.npz,66,95,1,1,0,0.0065416936
fall-04-cam0-rgb,data/keypoints_normalized/fall/fall-04-cam0-rgb.npz,67,96,1,1,0,0.006404443
fall-07-cam0-rgb,data/keypoints_normalized/fall/fall-07-cam0-rgb.npz,1,30,0,0,0,0.0012375007
fall-07-cam0-rgb,data/keypoints_normalized/fall/fall-07-cam0-rgb.npz,2,31,0,0,0,0.0012307368
fall-07-cam0-rgb,data/keypoints_normalized/fall/fall-07-cam0-rgb.npz,3,32,0,0,0,0.0012167947
fall-07-cam0-rgb,data/keypoints_normalized/fall/fall-07-cam0-rgb.npz,4,33,0,0,0,0.0012002799
fall-07-cam0-rgb,data/keypoints_normalized/fall/fall-07-cam0-rgb.npz,5,34,0,0,0,0.00117751
fall-07-cam0-rgb,data/keypoints_normalized/fall/fall-07-cam0-rgb.npz,6,35,0,0,0,0.0011545022
fall-07-cam0-rgb,data/keypoints_normalized/fall/fall-07-cam0-rgb.npz,7,36,0,0,0,0.0011252547
fall-07-cam0-rgb,data/keypoints_normalized/fall/fall-07-cam0-rgb.npz,8,37,0,0,0,0.0011040936
fall-07-cam0-rgb,data/keypoints_normalized/fall/fall-07-cam0-rgb.npz,9,38,0,0,0,0.0010855058
fall-07-cam0-rgb,data/keypoints_normalized/fall/fall-07-cam0-rgb.npz,10,39,0,0,0,0.0010730344
fall-07-cam0-rgb,data/keypoints_normalized/fall/fall-07-cam0-rgb.npz,11,40,0,0,0,0.0010667793
fall-07-cam0-rgb,data/keypoints_normalized/fall/fall-07-cam0-rgb.npz,12,41,0,0,0,0.0010673851
fall-07-cam0-rgb,data/keypoints_normalized/fall/fall-07-cam0-rgb.npz,13,42,0,0,0,0.001074687
fall-07-cam0-rgb,data/keypoints_normalized/fall/fall-07-cam0-rgb.npz,14,43,0,0,0,0.0010910613
fall-07-cam0-rgb,data/keypoints_normalized/fall/fall-07-cam0-rgb.npz,15,44,0,0,0,0.0011129968
fall-07-cam0-rgb,data/keypoints_normalized/fall/fall-07-cam0-rgb.npz,16,45,0,0,0,0.0011387294
fall-07-cam0-rgb,data/keypoints_normalized/fall/fall-07-cam0-rgb.npz,17,46,0,0,0,0.0011676786
fall-07-cam0-rgb,data/keypoints_normalized/fall/fall-07-cam0-rgb.npz,18,47,0,0,0,0.0012031725
fall-07-cam0-rgb,data/keypoints_normalized/fall/fall-07-cam0-rgb.npz,19,48,0,0,0,0.0012391341
fall-07-cam0-rgb,data/keypoints_normalized/fall/fall-07-cam0-rgb.npz,20,49,0,0,0,0.0012711993
fall-07-cam0-rgb,data/keypoints_normalized/fall/fall-07-cam0-rgb.npz,21,50,0,0,0,0.0013023664
fall-07-cam0-rgb,data/keypoints_normalized/fall/fall-07-cam0-rgb.npz,22,51,0,0,0,0.0013272453
fall-07-cam0-rgb,data/keypoints_normalized/fall/fall-07-cam0-rgb.npz,23,52,0,0,0,0.0013417893
fall-07-cam0-rgb,data/keypoints_normalized/fall/fall-07-cam0-rgb.npz,24,53,0,0,0,0.0013616151
fall-07-cam0-rgb,data/keypoints_normalized/fall/fall-07-cam0-rgb.npz,25,54,0,0,0,0.001377583
fall-07-cam0-rgb,data/keypoints_normalized/fall/fall-07-cam0-rgb.npz,26,55,0,0,0,0.0013952678
fall-07-cam0-rgb,data/keypoints_normalized/fall/fall-07-cam0-rgb.npz,27,56,0,0,0,0.0014082225
fall-07-cam0-rgb,data/keypoints_normalized/fall/fall-07-cam0-rgb.npz,28,57,0,0,0,0.0014174263
fall-07-cam0-rgb,data/keypoints_normalized/fall/fall-07-cam0-rgb.npz,29,58,0,0,0,0.0014210241
fall-07-cam0-rgb,data/keypoints_normalized/fall/fall-07-cam0-rgb.npz,30,59,0,0,0,0.0014174969
fall-07-cam0-rgb,data/keypoints_normalized/fall/fall-07-cam0-rgb.npz,31,60,0,0,0,0.0014051348
fall-07-cam0-rgb,data/keypoints_normalized/fall/fall-07-cam0-rgb.npz,32,61,0,0,0,0.0013984571
fall-07-cam0-rgb,data/keypoints_normalized/fall/fall-07-cam0-rgb.npz,33,62,0,0,0,0.0013814929
fall-07-cam0-rgb,data/keypoints_normalized/fall/fall-07-cam0-rgb.npz,34,63,0,0,0,0.001365524
fall-07-cam0-rgb,data/keypoints_normalized/fall/fall-07-cam0-rgb.npz,35,64,0,0,0,0.0013519942
fall-07-cam0-rgb,data/keypoints_normalized/fall/fall-07-cam0-rgb.npz,36,65,0,0,0,0.0013392989
fall-07-cam0-rgb,data/keypoints_normalized/fall/fall-07-cam0-rgb.npz,37,66,0,0,0,0.0013225904
fall-07-cam0-rgb,data/keypoints_normalized/fall/fall-07-cam0-rgb.npz,38,67,0,0,0,0.001304001
fall-07-cam0-rgb,data/keypoints_normalized/fall/fall-07-cam0-rgb.npz,39,68,0,0,0,0.0012860316
fall-07-cam0-rgb,data/keypoints_normalized/fall/fall-07-cam0-rgb.npz,40,69,0,0,0,0.0012670561
fall-07-cam0-rgb,data/keypoints_normalized/fall/fall-07-cam0-rgb.npz,41,70,0,0,0,0.0012515689
fall-07-cam0-rgb,data/keypoints_normalized/fall/fall-07-cam0-rgb.npz,42,71,0,0,0,0.0012358504
fall-07-cam0-rgb,data/keypoints_normalized/fall/fall-07-cam0-rgb.npz,43,72,0,0,0,0.0012243441
fall-07-cam0-rgb,data/keypoints_normalized/fall/fall-07-cam0-rgb.npz,44,73,0,0,0,0.0012188817
fall-07-cam0-rgb,data/keypoints_normalized/fall/fall-07-cam0-rgb.npz,45,74,0,0,0,0.0012141534
fall-07-cam0-rgb,data/keypoints_normalized/fall/fall-07-cam0-rgb.npz,46,75,0,0,0,0.0012191846
fall-07-cam0-rgb,data/keypoints_normalized/fall/fall-07-cam0-rgb.npz,47,76,0,0,0,0.0012275127
fall-07-cam0-rgb,data/keypoints_normalized/fall/fall-07-cam0-rgb.npz,48,77,0,0,0,0.00124408
fall-07-cam0-rgb,data/keypoints_normalized/fall/fall-07-cam0-rgb.npz,49,78,0,0,0,0.0012698036
fall-07-cam0-rgb,data/keypoints_normalized/fall/fall-07-cam0-rgb.npz,50,79,0,0,0,0.0013020588
fall-07-cam0-rgb,data/keypoints_normalized/fall/fall-07-cam0-rgb.npz,51,80,0,0,0,0.0013404825
fall-07-cam0-rgb,data/keypoints_normalized/fall/fall-07-cam0-rgb.npz,52,81,0,0,0,0.0013828487
fall-07-cam0-rgb,data/keypoints_normalized/fall/fall-07-cam0-rgb.npz,53,82,0,0,0,0.0014355056
fall-07-cam0-rgb,data/keypoints_normalized/fall/fall-07-cam0-rgb.npz,54,83,0,0,0,0.0014876123
fall-07-cam0-rgb,data/keypoints_normalized/fall/fall-07-cam0-rgb.npz,55,84,0,0,0,0.0015472453
fall-07-cam0-rgb,data/keypoints_normalized/fall/fall-07-cam0-rgb.npz,56,85,0,0,0,0.0016091052
fall-07-cam0-rgb,data/keypoints_normalized/fall/fall-07-cam0-rgb.npz,57,86,0,0,0,0.0016699217
fall-07-cam0-rgb,data/keypoints_normalized/fall/fall-07-cam0-rgb.npz,58,87,0,0,0,0.0017265313
fall-07-cam0-rgb,data/keypoints_normalized/fall/fall-07-cam0-rgb.npz,59,88,0,0,0,0.0017905402
fall-07-cam0-rgb,data/keypoints_normalized/fall/fall-07-cam0-rgb.npz,60,89,0,0,0,0.0018459125
fall-07-cam0-rgb,data/keypoints_normalized/fall/fall-07-cam0-rgb.npz,61,90,0,0,0,0.0019040124
fall-07-cam0-rgb,data/keypoints_normalized/fall/fall-07-cam0-rgb.npz,62,91,0,0,0,0.0019591
fall-07-cam0-rgb,data/keypoints_normalized/fall/fall-07-cam0-rgb.npz,63,92,0,0,0,0.0020113825
fall-07-cam0-rgb,data/keypoints_normalized/fall/fall-07-cam0-rgb.npz,64,93,0,0,0,0.0018290641
fall-07-cam0-rgb,data/keypoints_normalized/fall/fall-07-cam0-rgb.npz,65,94,0,0,0,0.0018375884
fall-07-cam0-rgb,data/keypoints_normalized/fall/fall-07-cam0-rgb.npz,66,95,0,0,0,0.0018435989
fall-07-cam0-rgb,data/keypoints_normalized/fall/fall-07-cam0-rgb.npz,67,96,0,0,0,0.0016470889
fall-07-cam0-rgb,data/keypoints_normalized/fall/fall-07-cam0-rgb.npz,68,97,0,0,0,0.0016283178
fall-07-cam0-rgb,data/keypoints_normalized/fall/fall-07-cam0-rgb.npz,69,98,0,0,0,0.0016533487
fall-07-cam0-rgb,data/keypoints_normalized/fall/fall-07-cam0-rgb.npz,70,99,0,0,0,0.0016904089
fall-07-cam0-rgb,data/keypoints_normalized/fall/fall-07-cam0-rgb.npz,71,100,0,0,0,0.0017445633
fall-07-cam0-rgb,data/keypoints_normalized/fall/fall-07-cam0-rgb.npz,72,101,0,0,0,0.0018386287
fall-07-cam0-rgb,data/keypoints_normalized/fall/fall-07-cam0-rgb.npz,73,102,0,0,0,0.0019979787
fall-07-cam0-rgb,data/keypoints_normalized/fall/fall-07-cam0-rgb.npz,74,103,0,0,0,0.0022673972
fall-07-cam0-rgb,data/keypoints_normalized/fall/fall-07-cam0-rgb.npz,75,104,0,0,0,0.0027308865
fall-07-cam0-rgb,data/keypoints_normalized/fall/fall-07-cam0-rgb.npz,76,105,0,0,0,0.0035303058
fall-07-cam0-rgb,data/keypoints_normalized/fall/fall-07-cam0-rgb.npz,77,106,0,0,0,0.004961412
fall-07-cam0-rgb,data/keypoints_normalized/fall/fall-07-cam0-rgb.npz,78,107,0,0,0,0.00762231
fall-07-cam0-rgb,data/keypoints_normalized/fall/fall-07-cam0-rgb.npz,79,108,0,0,0,0.013196133
fall-07-cam0-rgb,data/keypoints_normalized/fall/fall-07-cam0-rgb.npz,80,109,0,0,0,0.024710173
fall-07-cam0-rgb,data/keypoints_normalized/fall/fall-07-cam0-rgb.npz,81,110,0,0,0,0.05126507
fall-07-cam0-rgb,data/keypoints_normalized/fall/fall-07-cam0-rgb.npz,82,111,0,0,0,0.11371579
fall-07-cam0-rgb,data/keypoints_normalized/fall/fall-07-cam0-rgb.npz,83,112,0,0,0,0.24849132
fall-07-cam0-rgb,data/keypoints_normalized/fall/fall-07-cam0-rgb.npz,84,113,0,0,1,0.602069
fall-07-cam0-rgb,data/keypoints_normalized/fall/fall-07-cam0-rgb.npz,86,115,1,1,1,0.91897863
fall-07-cam0-rgb,data/keypoints_normalized/fall/fall-07-cam0-rgb.npz,87,116,1,1,1,0.96425337
fall-07-cam0-rgb,data/keypoints_normalized/fall/fall-07-cam0-rgb.npz,88,117,1,1,1,0.981881
fall-07-cam0-rgb,data/keypoints_normalized/fall/fall-07-cam0-rgb.npz,89,118,1,1,1,0.9895363
fall-07-cam0-rgb,data/keypoints_normalized/fall/fall-07-cam0-rgb.npz,90,119,1,1,1,0.99327093
fall-07-cam0-rgb,data/keypoints_normalized/fall/fall-07-cam0-rgb.npz,91,120,1,1,1,0.9952135
fall-07-cam0-rgb,data/keypoints_normalized/fall/fall-07-cam0-rgb.npz,92,121,1,1,1,0.9966438
fall-07-cam0-rgb,data/keypoints_normalized/fall/fall-07-cam0-rgb.npz,93,122,1,1,1,0.9972658
fall-07-cam0-rgb,data/keypoints_normalized/fall/fall-07-cam0-rgb.npz,94,123,1,1,1,0.997652
fall-07-cam0-rgb,data/keypoints_normalized/fall/fall-07-cam0-rgb.npz,95,124,1,1,1,0.99791056
fall-07-cam0-rgb,data/keypoints_normalized/fall/fall-07-cam0-rgb.npz,96,125,1,1,1,0.9980868
fall-07-cam0-rgb,data/keypoints_normalized/fall/fall-07-cam0-rgb.npz,97,126,1,1,1,0.998211
fall-07-cam0-rgb,data/keypoints_normalized/fall/fall-07-cam0-rgb.npz,98,127,1,1,1,0.99823725
fall-07-cam0-rgb,data/keypoints_normalized/fall/fall-07-cam0-rgb.npz,99,128,1,1,1,0.9983076
fall-07-cam0-rgb,data/keypoints_normalized/fall/fall-07-cam0-rgb.npz,100,129,1,1,1,0.9984359
fall-07-cam0-rgb,data/keypoints_normalized/fall/fall-07-cam0-rgb.npz,101,130,1,1,1,0.99846053
fall-07-cam0-rgb,data/keypoints_normalized/fall/fall-07-cam0-rgb.npz,102,131,1,1,1,0.9984504
fall-07-cam0-rgb,data/keypoints_normalized/fall/fall-07-cam0-rgb.npz,103,132,1,1,1,0.9983878
fall-07-cam0-rgb,data/keypoints_normalized/fall/fall-07-cam0-rgb.npz,104,133,1,1,1,0.99825543
fall-07-cam0-rgb,data/keypoints_normalized/fall/fall-07-cam0-rgb.npz,105,134,1,1,1,0.9980478
fall-07-cam0-rgb,data/keypoints_normalized/fall/fall-07-cam0-rgb.npz,106,135,1,1,1,0.9974426
fall-07-cam0-rgb,data/keypoints_normalized/fall/fall-07-cam0-rgb.npz,107,136,1,1,1,0.9969516
fall-07-cam0-rgb,data/keypoints_normalized/fall/fall-07-cam0-rgb.npz,108,137,1,1,1,0.99634165
fall-07-cam0-rgb,data/keypoints_normalized/fall/fall-07-cam0-rgb.npz,109,138,1,1,1,0.995622
fall-07-cam0-rgb,data/keypoints_normalized/fall/fall-07-cam0-rgb.npz,110,139,1,1,1,0.9949144
fall-07-cam0-rgb,data/keypoints_normalized/fall/fall-07-cam0-rgb.npz,111,140,1,1,1,0.9943117
fall-07-cam0-rgb,data/keypoints_normalized/fall/fall-07-cam0-rgb.npz,112,141,1,1,1,0.9939505
fall-07-cam0-rgb,data/keypoints_normalized/fall/fall-07-cam0-rgb.npz,113,142,1,1,1,0.9938127
fall-07-cam0-rgb,data/keypoints_normalized/fall/fall-07-cam0-rgb.npz,114,143,1,1,1,0.993651
fall-07-cam0-rgb,data/keypoints_normalized/fall/fall-07-cam0-rgb.npz,115,144,1,1,1,0.99395543
fall-07-cam0-rgb,data/keypoints_normalized/fall/fall-07-cam0-rgb.npz,116,145,1,1,1,0.9942702
fall-07-cam0-rgb,data/keypoints_normalized/fall/fall-07-cam0-rgb.npz,117,146,1,1,1,0.99454945
fall-07-cam0-rgb,data/keypoints_normalized/fall/fall-07-cam0-rgb.npz,118,147,1,1,1,0.9947127
fall-07-cam0-rgb,data/keypoints_normalized/fall/fall-07-cam0-rgb.npz,119,148,1,1,1,0.9948714
fall-07-cam0-rgb,data/keypoints_normalized/fall/fall-07-cam0-rgb.npz,120,149,1,1,1,0.99490064
fall-07-cam0-rgb,data/keypoints_normalized/fall/fall-07-cam0-rgb.npz,121,150,1,1,1,0.99471706
fall-07-cam0-rgb,data/keypoints_normalized/fall/fall-07-cam0-rgb.npz,122,151,1,1,1,0.99638903
fall-07-cam0-rgb,data/keypoints_normalized/fall/fall-07-cam0-rgb.npz,123,152,1,1,1,0.996405
fall-07-cam0-rgb,data/keypoints_normalized/fall/fall-07-cam0-rgb.npz,124,153,1,1,1,0.9962411
fall-07-cam0-rgb,data/keypoints_normalized/fall/fall-07-cam0-rgb.npz,125,154,1,1,1,0.9958431
fall-07-cam0-rgb,data/keypoints_normalized/fall/fall-07-cam0-rgb.npz,126,155,1,1,1,0.995099
fall-07-cam0-rgb,data/keypoints_normalized/fall/fall-07-cam0-rgb.npz,127,156,1,1,1,0.99388784
fall-11-cam0-rgb,data/keypoints_normalized/fall/fall-11-cam0-rgb.npz,1,30,0,0,0,0.0015827641
fall-11-cam0-rgb,data/keypoints_normalized/fall/fall-11-cam0-rgb.npz,2,31,0,0,0,0.0015061065
fall-11-cam0-rgb,data/keypoints_normalized/fall/fall-11-cam0-rgb.npz,3,32,0,0,0,0.0014394829
fall-11-cam0-rgb,data/keypoints_normalized/fall/fall-11-cam0-rgb.npz,4,33,0,0,0,0.0013768945
fall-11-cam0-rgb,data/keypoints_normalized/fall/fall-11-cam0-rgb.npz,5,34,0,0,0,0.0013267469
fall-11-cam0-rgb,data/keypoints_normalized/fall/fall-11-cam0-rgb.npz,6,35,0,0,0,0.0012820788
fall-11-cam0-rgb,data/keypoints_normalized/fall/fall-11-cam0-rgb.npz,7,36,0,0,0,0.0012514252
fall-11-cam0-rgb,data/keypoints_normalized/fall/fall-11-cam0-rgb.npz,8,37,0,0,0,0.0012260317
fall-11-cam0-rgb,data/keypoints_normalized/fall/fall-11-cam0-rgb.npz,9,38,0,0,0,0.0012105256
fall-11-cam0-rgb,data/keypoints_normalized/fall/fall-11-cam0-rgb.npz,10,39,0,0,0,0.0012068
fall-11-cam0-rgb,data/keypoints_normalized/fall/fall-11-cam0-rgb.npz,11,40,0,0,0,0.0012151615
fall-11-cam0-rgb,data/keypoints_normalized/fall/fall-11-cam0-rgb.npz,12,41,0,0,0,0.0012368738
fall-11-cam0-rgb,data/keypoints_normalized/fall/fall-11-cam0-rgb.npz,13,42,0,0,0,0.0012765166
fall-11-cam0-rgb,data/keypoints_normalized/fall/fall-11-cam0-rgb.npz,14,43,0,0,0,0.0013379934
fall-11-cam0-rgb,data/keypoints_normalized/fall/fall-11-cam0-rgb.npz,15,44,0,0,0,0.0014288926
fall-11-cam0-rgb,data/keypoints_normalized/fall/fall-11-cam0-rgb.npz,16,45,0,0,0,0.0015437978
fall-11-cam0-rgb,data/keypoints_normalized/fall/fall-11-cam0-rgb.npz,17,46,0,0,0,0.0016941353
fall-11-cam0-rgb,data/keypoints_normalized/fall/fall-11-cam0-rgb.npz,18,47,0,0,0,0.001884878
fall-11-cam0-rgb,data/keypoints_normalized/fall/fall-11-cam0-rgb.npz,19,48,0,0,0,0.0021039394
fall-11-cam0-rgb,data/keypoints_normalized/fall/fall-11-cam0-rgb.npz,20,49,0,0,0,0.0023590052
fall-11-cam0-rgb,data/keypoints_normalized/fall/fall-11-cam0-rgb.npz,21,50,0,0,0,0.0026414946
fall-11-cam0-rgb,data/keypoints_normalized/fall/fall-11-cam0-rgb.npz,22,51,0,0,0,0.0029416124
fall-11-cam0-rgb,data/keypoints_normalized/fall/fall-11-cam0-rgb.npz,23,52,0,0,0,0.0032515798
fall-11-cam0-rgb,data/keypoints_normalized/fall/fall-11-cam0-rgb.npz,24,53,0,0,0,0.003542362
fall-11-cam0-rgb,data/keypoints_normalized/fall/fall-11-cam0-rgb.npz,25,54,0,0,0,0.00381763
fall-11-cam0-rgb,data/keypoints_normalized/fall/fall-11-cam0-rgb.npz,26,55,0,0,0,0.0040411535
fall-11-cam0-rgb,data/keypoints_normalized/fall/fall-11-cam0-rgb.npz,27,56,0,0,0,0.004179453
fall-11-cam0-rgb,data/keypoints_normalized/fall/fall-11-cam0-rgb.npz,28,57,0,0,0,0.0042386716
fall-11-cam0-rgb,data/keypoints_normalized/fall/fall-11-cam0-rgb.npz,29,58,0,0,0,0.004251576
fall-11-cam0-rgb,data/keypoints_normalized/fall/fall-11-cam0-rgb.npz,30,59,0,0,0,0.0042904485
fall-11-cam0-rgb,data/keypoints_normalized/fall/fall-11-cam0-rgb.npz,31,60,0,0,0,0.004264922
fall-11-cam0-rgb,data/keypoints_normalized/fall/fall-11-cam0-rgb.npz,32,61,0,0,0,0.004285912
fall-11-cam0-rgb,data/keypoints_normalized/fall/fall-11-cam0-rgb.npz,33,62,0,0,0,0.0043571247
fall-11-cam0-rgb,data/keypoints_normalized/fall/fall-11-cam0-rgb.npz,34,63,0,0,0,0.0045122444
fall-11-cam0-rgb,data/keypoints_normalized/fall/fall-11-cam0-rgb.npz,35,64,0,0,0,0.0048142266
fall-11-cam0-rgb,data/keypoints_normalized/fall/fall-11-cam0-rgb.npz,36,65,0,0,0,0.005264893
fall-11-cam0-rgb,data/keypoints_normalized/fall/fall-11-cam0-rgb.npz,37,66,0,0,0,0.0058779744
fall-11-cam0-rgb,data/keypoints_normalized/fall/fall-11-cam0-rgb.npz,38,67,0,0,0,0.0067231236
fall-11-cam0-rgb,data/keypoints_normalized/fall/fall-11-cam0-rgb.npz,39,68,0,0,0,0.007943658
fall-11-cam0-rgb,data/keypoints_normalized/fall/fall-11-cam0-rgb.npz,40,69,0,0,0,0.009793832
fall-11-cam0-rgb,data/keypoints_normalized/fall/fall-11-cam0-rgb.npz,41,70,0,0,0,0.018914295
fall-11-cam0-rgb,data/keypoints_normalized/fall/fall-11-cam0-rgb.npz,42,71,0,0,0,0.02885774
fall-11-cam0-rgb,data/keypoints_normalized/fall/fall-11-cam0-rgb.npz,43,72,0,0,0,0.052981284
fall-11-cam0-rgb,data/keypoints_normalized/fall/fall-11-cam0-rgb.npz,44,73,0,0,0,0.11740206
fall-11-cam0-rgb,data/keypoints_normalized/fall/fall-11-cam0-rgb.npz,45,74,0,0,0,0.27945802
fall-11-cam0-rgb,data/keypoints_normalized/fall/fall-11-cam0-rgb.npz,46,75,0,0,1,0.558698
fall-11-cam0-rgb,data/keypoints_normalized/fall/fall-11-cam0-rgb.npz,47,76,0,0,1,0.80385286
fall-11-cam0-rgb,data/keypoints_normalized/fall/fall-11-cam0-rgb.npz,48,77,0,0,1,0.93554235
fall-11-cam0-rgb,data/keypoints_normalized/fall/fall-11-cam0-rgb.npz,50,79,1,1,1,0.99188894
fall-11-cam0-rgb,data/keypoints_normalized/fall/fall-11-cam0-rgb.npz,51,80,1,1,1,0.9961474
fall-11-cam0-rgb,data/keypoints_normalized/fall/fall-11-cam0-rgb.npz,52,81,1,1,1,0.9973349
fall-11-cam0-rgb,data/keypoints_normalized/fall/fall-11-cam0-rgb.npz,53,82,1,1,1,0.99796873
fall-11-cam0-rgb,data/keypoints_normalized/fall/fall-11-cam0-rgb.npz,54,83,1,1,1,0.9983016
fall-11-cam0-rgb,data/keypoints_normalized/fall/fall-11-cam0-rgb.npz,55,84,1,1,1,0.99850214
fall-11-cam0-rgb,data/keypoints_normalized/fall/fall-11-cam0-rgb.npz,56,85,1,1,1,0.99863726
fall-11-cam0-rgb,data/keypoints_normalized/fall/fall-11-cam0-rgb.npz,57,86,1,1,1,0.9987086
fall-11-cam0-rgb,data/keypoints_normalized/fall/fall-11-cam0-rgb.npz,58,87,1,1,1,0.99875534
fall-11-cam0-rgb,data/keypoints_normalized/fall/fall-11-cam0-rgb.npz,59,88,1,1,1,0.9987857
fall-11-cam0-rgb,data/keypoints_normalized/fall/fall-11-cam0-rgb.npz,60,89,1,1,1,0.99880624
fall-11-cam0-rgb,data/keypoints_normalized/fall/fall-11-cam0-rgb.npz,61,90,1,1,1,0.9988181
fall-11-cam0-rgb,data/keypoints_normalized/fall/fall-11-cam0-rgb.npz,62,91,1,1,1,0.9988256
fall-11-cam0-rgb,data/keypoints_normalized/fall/fall-11-cam0-rgb.npz,63,92,1,1,1,0.9988305
fall-11-cam0-rgb,data/keypoints_normalized/fall/fall-11-cam0-rgb.npz,64,93,1,1,1,0.998833
fall-11-cam0-rgb,data/keypoints_normalized/fall/fall-11-cam0-rgb.npz,65,94,1,1,1,0.998835
fall-11-cam0-rgb,data/keypoints_normalized/fall/fall-11-cam0-rgb.npz,66,95,1,1,1,0.99883634
fall-11-cam0-rgb,data/keypoints_normalized/fall/fall-11-cam0-rgb.npz,67,96,1,1,1,0.99883693
fall-11-cam0-rgb,data/keypoints_normalized/fall/fall-11-cam0-rgb.npz,68,97,1,1,1,0.99883693
fall-11-cam0-rgb,data/keypoints_normalized/fall/fall-11-cam0-rgb.npz,69,98,1,1,1,0.9988355
fall-11-cam0-rgb,data/keypoints_normalized/fall/fall-11-cam0-rgb.npz,70,99,1,1,1,0.99883074
fall-11-cam0-rgb,data/keypoints_normalized/fall/fall-11-cam0-rgb.npz,71,100,1,1,1,0.9988188
fall-11-cam0-rgb,data/keypoints_normalized/fall/fall-11-cam0-rgb.npz,72,101,1,1,1,0.9987954
fall-11-cam0-rgb,data/keypoints_normalized/fall/fall-11-cam0-rgb.npz,73,102,1,1,1,0.9987563
fall-11-cam0-rgb,data/keypoints_normalized/fall/fall-11-cam0-rgb.npz,74,103,1,1,1,0.99868983
fall-11-cam0-rgb,data/keypoints_normalized/fall/fall-11-cam0-rgb.npz,75,104,1,1,1,0.9985875
fall-11-cam0-rgb,data/keypoints_normalized/fall/fall-11-cam0-rgb.npz,76,105,1,1,1,0.99844766
fall-11-cam0-rgb,data/keypoints_normalized/fall/fall-11-cam0-rgb.npz,77,106,1,1,1,0.9982747
fall-11-cam0-rgb,data/keypoints_normalized/fall/fall-11-cam0-rgb.npz,78,107,1,1,1,0.9980812
fall-11-cam0-rgb,data/keypoints_normalized/fall/fall-11-cam0-rgb.npz,79,108,1,1,1,0.9978891
fall-11-cam0-rgb,data/keypoints_normalized/fall/fall-11-cam0-rgb.npz,80,109,1,1,1,0.9977278
fall-11-cam0-rgb,data/keypoints_normalized/fall/fall-11-cam0-rgb.npz,81,110,1,1,1,0.9976331
fall-11-cam0-rgb,data/keypoints_normalized/fall/fall-11-cam0-rgb.npz,82,111,1,1,1,0.99762243
fall-11-cam0-rgb,data/keypoints_normalized/fall/fall-11-cam0-rgb.npz,83,112,1,1,1,0.99769646
fall-11-cam0-rgb,data/keypoints_normalized/fall/fall-11-cam0-rgb.npz,84,113,1,1,1,0.9978275
fall-11-cam0-rgb,data/keypoints_normalized/fall/fall-11-cam0-rgb.npz,85,114,1,1,1,0.99797493
fall-11-cam0-rgb,data/keypoints_normalized/fall/fall-11-cam0-rgb.npz,86,115,1,1,1,0.9980767
fall-11-cam0-rgb,data/keypoints_normalized/fall/fall-11-cam0-rgb.npz,87,116,1,1,1,0.9980957
fall-11-cam0-rgb,data/keypoints_normalized/fall/fall-11-cam0-rgb.npz,88,117,1,1,1,0.99810755
fall-11-cam0-rgb,data/keypoints_normalized/fall/fall-11-cam0-rgb.npz,89,118,1,1,1,0.9981856
fall-11-cam0-rgb,data/keypoints_normalized/fall/fall-11-cam0-rgb.npz,90,119,1,1,1,0.9982692
fall-11-cam0-rgb,data/keypoints_normalized/fall/fall-11-cam0-rgb.npz,91,120,1,1,1,0.9983651
fall-11-cam0-rgb,data/keypoints_normalized/fall/fall-11-cam0-rgb.npz,92,121,1,1,1,0.9984433
fall-11-cam0-rgb,data/keypoints_normalized/fall/fall-11-cam0-rgb.npz,93,122,1,1,1,0.9984855
fall-11-cam0-rgb,data/keypoints_normalized/fall/fall-11-cam0-rgb.npz,94,123,1,1,1,0.9985233
fall-11-cam0-rgb,data/keypoints_normalized/fall/fall-11-cam0-rgb.npz,95,124,1,1,1,0.9985555
fall-11-cam0-rgb,data/keypoints_normalized/fall/fall-11-cam0-rgb.npz,96,125,1,1,1,0.99857247
fall-11-cam0-rgb,data/keypoints_normalized/fall/fall-11-cam0-rgb.npz,97,126,1,1,1,0.9985784
fall-11-cam0-rgb,data/keypoints_normalized/fall/fall-11-cam0-rgb.npz,98,127,1,1,1,0.9985759
fall-11-cam0-rgb,data/keypoints_normalized/fall/fall-11-cam0-rgb.npz,99,128,1,1,1,0.9985676
fall-11-cam0-rgb,data/keypoints_normalized/fall/fall-11-cam0-rgb.npz,100,129,1,1,1,0.99855155
fall-11-cam0-rgb,data/keypoints_normalized/fall/fall-11-cam0-rgb.npz,101,130,1,1,1,0.9985435
fall-13-cam0-rgb,data/keypoints_normalized/fall/fall-13-cam0-rgb.npz,1,30,0,0,0,0.0009402354
fall-13-cam0-rgb,data/keypoints_normalized/fall/fall-13-cam0-rgb.npz,2,31,0,0,0,0.00094702153
fall-13-cam0-rgb,data/keypoints_normalized/fall/fall-13-cam0-rgb.npz,3,32,0,0,0,0.00095862104
fall-13-cam0-rgb,data/keypoints_normalized/fall/fall-13-cam0-rgb.npz,4,33,0,0,0,0.0009828041
fall-13-cam0-rgb,data/keypoints_normalized/fall/fall-13-cam0-rgb.npz,5,34,0,0,0,0.0010078816
fall-13-cam0-rgb,data/keypoints_normalized/fall/fall-13-cam0-rgb.npz,6,35,0,0,0,0.0010566261
fall-13-cam0-rgb,data/keypoints_normalized/fall/fall-13-cam0-rgb.npz,7,36,0,0,0,0.0010975352
fall-13-cam0-rgb,data/keypoints_normalized/fall/fall-13-cam0-rgb.npz,8,37,0,0,0,0.0011294731
fall-13-cam0-rgb,data/keypoints_normalized/fall/fall-13-cam0-rgb.npz,9,38,0,0,0,0.0011790325
fall-13-cam0-rgb,data/keypoints_normalized/fall/fall-13-cam0-rgb.npz,10,39,0,0,0,0.0012464878
fall-13-cam0-rgb,data/keypoints_normalized/fall/fall-13-cam0-rgb.npz,11,40,0,0,0,0.0013133067
fall-13-cam0-rgb,data/keypoints_normalized/fall/fall-13-cam0-rgb.npz,12,41,0,0,0,0.0013818219
fall-13-cam0-rgb,data/keypoints_normalized/fall/fall-13-cam0-rgb.npz,13,42,0,0,0,0.0014477742
fall-13-cam0-rgb,data/keypoints_normalized/fall/fall-13-cam0-rgb.npz,14,43,0,0,0,0.0015203356
fall-13-cam0-rgb,data/keypoints_normalized/fall/fall-13-cam0-rgb.npz,15,44,0,0,0,0.001566352
fall-13-cam0-rgb,data/keypoints_normalized/fall/fall-13-cam0-rgb.npz,16,45,0,0,0,0.0016031173
fall-13-cam0-rgb,data/keypoints_normalized/fall/fall-13-cam0-rgb.npz,17,46,0,0,0,0.0016404282
fall-13-cam0-rgb,data/keypoints_normalized/fall/fall-13-cam0-rgb.npz,18,47,0,0,0,0.0016622761
fall-13-cam0-rgb,data/keypoints_normalized/fall/fall-13-cam0-rgb.npz,19,48,0,0,0,0.0016784669
fall-13-cam0-rgb,data/keypoints_normalized/fall/fall-13-cam0-rgb.npz,20,49,0,0,0,0.0016939144
fall-13-cam0-rgb,data/keypoints_normalized/fall/fall-13-cam0-rgb.npz,21,50,0,0,0,0.0016948017
fall-13-cam0-rgb,data/keypoints_normalized/fall/fall-13-cam0-rgb.npz,22,51,0,0,0,0.0016904452
fall-13-cam0-rgb,data/keypoints_normalized/fall/fall-13-cam0-rgb.npz,23,52,0,0,0,0.0016849298
fall-13-cam0-rgb,data/keypoints_normalized/fall/fall-13-cam0-rgb.npz,24,53,0,0,0,0.0016728807
fall-13-cam0-rgb,data/keypoints_normalized/fall/fall-13-cam0-rgb.npz,25,54,0,0,0,0.0016535367
fall-13-cam0-rgb,data/keypoints_normalized/fall/fall-13-cam0-rgb.npz,26,55,0,0,0,0.0016334002
fall-13-cam0-rgb,data/keypoints_normalized/fall/fall-13-cam0-rgb.npz,27,56,0,0,0,0.001607886
fall-13-cam0-rgb,data/keypoints_normalized/fall/fall-13-cam0-rgb.npz,28,57,0,0,0,0.0015907338
fall-13-cam0-rgb,data/keypoints_normalized/fall/fall-13-cam0-rgb.npz,29,58,0,0,0,0.0015831769
fall-13-cam0-rgb,data/keypoints_normalized/fall/fall-13-cam0-rgb.npz,30,59,0,0,0,0.0015910236
fall-13-cam0-rgb,data/keypoints_normalized/fall/fall-13-cam0-rgb.npz,31,60,0,0,0,0.0016240607
fall-13-cam0-rgb,data/keypoints_normalized/fall/fall-13-cam0-rgb.npz,32,61,0,0,0,0.0016877603
fall-13-cam0-rgb,data/keypoints_normalized/fall/fall-13-cam0-rgb.npz,33,62,0,0,0,0.0018020906
fall-13-cam0-rgb,data/keypoints_normalized/fall/fall-13-cam0-rgb.npz,34,63,0,0,0,0.0019323113
fall-13-cam0-rgb,data/keypoints_normalized/fall/fall-13-cam0-rgb.npz,35,64,0,0,0,0.0021389662
fall-13-cam0-rgb,data/keypoints_normalized/fall/fall-13-cam0-rgb.npz,36,65,0,0,0,0.002401017
fall-13-cam0-rgb,data/keypoints_normalized/fall/fall-13-cam0-rgb.npz,37,66,0,0,0,0.002752123
fall-13-cam0-rgb,data/keypoints_normalized/fall/fall-13-cam0-rgb.npz,38,67,0,0,0,0.0032112433
fall-13-cam0-rgb,data/keypoints_normalized/fall/fall-13-cam0-rgb.npz,39,68,0,0,0,0.0038149722
fall-13-cam0-rgb,data/keypoints_normalized/fall/fall-13-cam0-rgb.npz,40,69,0,0,0,0.0046422337
fall-13-cam0-rgb,data/keypoints_normalized/fall/fall-13-cam0-rgb.npz,41,70,0,0,0,0.0057546045
fall-13-cam0-rgb,data/keypoints_normalized/fall/fall-13-cam0-rgb.npz,42,71,0,0,0,0.00725688
fall-13-cam0-rgb,data/keypoints_normalized/fall/fall-13-cam0-rgb.npz,43,72,0,0,0,0.009145774
fall-13-cam0-rgb,data/keypoints_normalized/fall/fall-13-cam0-rgb.npz,45,74,1,1,0,0.015636556
fall-13-cam0-rgb,data/keypoints_normalized/fall/fall-13-cam0-rgb.npz,46,75,1,1,0,0.020084744
fall-13-cam0-rgb,data/keypoints_normalized/fall/fall-13-cam0-rgb.npz,47,76,1,1,0,0.028221464
fall-13-cam0-rgb,data/keypoints_normalized/fall/fall-13-cam0-rgb.npz,48,77,1,1,0,0.041222733
fall-13-cam0-rgb,data/keypoints_normalized/fall/fall-13-cam0-rgb.npz,49,78,1,1,0,0.05781532
fall-13-cam0-rgb,data/keypoints_normalized/fall/fall-13-cam0-rgb.npz,50,79,1,1,0,0.067404546
fall-13-cam0-rgb,data/keypoints_normalized/fall/fall-13-cam0-rgb.npz,51,80,1,1,0,0.065146
fall-13-cam0-rgb,data/keypoints_normalized/fall/fall-13-cam0-rgb.npz,52,81,1,1,0,0.060272004
fall-13-cam0-rgb,data/keypoints_normalized/fall/fall-13-cam0-rgb.npz,53,82,1,1,0,0.05713348
fall-13-cam0-rgb,data/keypoints_normalized/fall/fall-13-cam0-rgb.npz,54,83,1,1,0,0.055168312
fall-13-cam0-rgb,data/keypoints_normalized/fall/fall-13-cam0-rgb.npz,55,84,1,1,0,0.054447778
fall-13-cam0-rgb,data/keypoints_normalized/fall/fall-13-cam0-rgb.npz,56,85,1,1,0,0.056997646
fall-24-cam0-rgb,data/keypoints_normalized/fall/fall-24-cam0-rgb.npz,1,30,0,0,0,0.0008296856
fall-24-cam0-rgb,data/keypoints_normalized/fall/fall-24-cam0-rgb.npz,2,31,0,0,0,0.00088894763
fall-24-cam0-rgb,data/keypoints_normalized/fall/fall-24-cam0-rgb.npz,3,32,0,0,0,0.00097221
fall-24-cam0-rgb,data/keypoints_normalized/fall/fall-24-cam0-rgb.npz,4,33,0,0,0,0.0011046944
fall-24-cam0-rgb,data/keypoints_normalized/fall/fall-24-cam0-rgb.npz,5,34,0,0,0,0.0013128308
fall-24-cam0-rgb,data/keypoints_normalized/fall/fall-24-cam0-rgb.npz,6,35,0,0,0,0.0017086602
fall-24-cam0-rgb,data/keypoints_normalized/fall/fall-24-cam0-rgb.npz,7,36,0,0,0,0.0028265575
fall-24-cam0-rgb,data/keypoints_normalized/fall/fall-24-cam0-rgb.npz,8,37,0,0,0,0.008072061
fall-24-cam0-rgb,data/keypoints_normalized/fall/fall-24-cam0-rgb.npz,9,38,0,0,0,0.043803427
fall-24-cam0-rgb,data/keypoints_normalized/fall/fall-24-cam0-rgb.npz,10,39,0,0,0,0.27380252
fall-24-cam0-rgb,data/keypoints_normalized/fall/fall-24-cam0-rgb.npz,11,40,0,0,1,0.7381605
fall-24-cam0-rgb,data/keypoints_normalized/fall/fall-24-cam0-rgb.npz,13,42,1,1,1,0.9834728
fall-24-cam0-rgb,data/keypoints_normalized/fall/fall-24-cam0-rgb.npz,14,43,1,1,1,0.9936712
fall-24-cam0-rgb,data/keypoints_normalized/fall/fall-24-cam0-rgb.npz,15,44,1,1,1,0.9967828
fall-24-cam0-rgb,data/keypoints_normalized/fall/fall-24-cam0-rgb.npz,16,45,1,1,1,0.9979329
fall-24-cam0-rgb,data/keypoints_normalized/fall/fall-24-cam0-rgb.npz,17,46,1,1,1,0.9984364
fall-24-cam0-rgb,data/keypoints_normalized/fall/fall-24-cam0-rgb.npz,18,47,1,1,1,0.9986512
fall-24-cam0-rgb,data/keypoints_normalized/fall/fall-24-cam0-rgb.npz,19,48,1,1,1,0.99874496
fall-24-cam0-rgb,data/keypoints_normalized/fall/fall-24-cam0-rgb.npz,20,49,1,1,1,0.99878603
fall-24-cam0-rgb,data/keypoints_normalized/fall/fall-24-cam0-rgb.npz,21,50,1,1,1,0.9988061
fall-24-cam0-rgb,data/keypoints_normalized/fall/fall-24-cam0-rgb.npz,22,51,1,1,1,0.998816
fall-24-cam0-rgb,data/keypoints_normalized/fall/fall-24-cam0-rgb.npz,23,52,1,1,1,0.99882215
fall-24-cam0-rgb,data/keypoints_normalized/fall/fall-24-cam0-rgb.npz,24,53,1,1,1,0.9988273
fall-24-cam0-rgb,data/keypoints_normalized/fall/fall-24-cam0-rgb.npz,25,54,1,1,1,0.99883085
fall-24-cam0-rgb,data/keypoints_normalized/fall/fall-24-cam0-rgb.npz,26,55,1,1,1,0.9988343
fall-24-cam0-rgb,data/keypoints_normalized/fall/fall-24-cam0-rgb.npz,27,56,1,1,1,0.99883705
fall-24-cam0-rgb,data/keypoints_normalized/fall/fall-24-cam0-rgb.npz,28,57,1,1,1,0.9988393
fall-24-cam0-rgb,data/keypoints_normalized/fall/fall-24-cam0-rgb.npz,29,58,1,1,1,0.9988405
fall-24-cam0-rgb,data/keypoints_normalized/fall/fall-24-cam0-rgb.npz,30,59,1,1,1,0.9988411
fall-24-cam0-rgb,data/keypoints_normalized/fall/fall-24-cam0-rgb.npz,31,60,1,1,1,0.99884146
fall-28-cam0-rgb,data/keypoints_normalized/fall/fall-28-cam0-rgb.npz,1,30,0,0,0,0.00088452466
fall-28-cam0-rgb,data/keypoints_normalized/fall/fall-28-cam0-rgb.npz,2,31,0,0,0,0.00085152464
fall-28-cam0-rgb,data/keypoints_normalized/fall/fall-28-cam0-rgb.npz,3,32,0,0,0,0.00082208274
fall-28-cam0-rgb,data/keypoints_normalized/fall/fall-28-cam0-rgb.npz,4,33,0,0,0,0.0007955101
fall-28-cam0-rgb,data/keypoints_normalized/fall/fall-28-cam0-rgb.npz,5,34,0,0,0,0.00077317125
fall-28-cam0-rgb,data/keypoints_normalized/fall/fall-28-cam0-rgb.npz,6,35,0,0,0,0.00075548125
fall-28-cam0-rgb,data/keypoints_normalized/fall/fall-28-cam0-rgb.npz,7,36,0,0,0,0.0007433196
fall-28-cam0-rgb,data/keypoints_normalized/fall/fall-28-cam0-rgb.npz,8,37,0,0,0,0.00073526485
fall-28-cam0-rgb,data/keypoints_normalized/fall/fall-28-cam0-rgb.npz,9,38,0,0,0,0.00073315523
fall-28-cam0-rgb,data/keypoints_normalized/fall/fall-28-cam0-rgb.npz,10,39,0,0,0,0.0007385619
fall-28-cam0-rgb,data/keypoints_normalized/fall/fall-28-cam0-rgb.npz,11,40,0,0,0,0.0007518131
fall-28-cam0-rgb,data/keypoints_normalized/fall/fall-28-cam0-rgb.npz,12,41,0,0,0,0.0007717384
fall-28-cam0-rgb,data/keypoints_normalized/fall/fall-28-cam0-rgb.npz,13,42,0,0,0,0.0008017241
fall-28-cam0-rgb,data/keypoints_normalized/fall/fall-28-cam0-rgb.npz,14,43,0,0,0,0.0008410003
fall-28-cam0-rgb,data/keypoints_normalized/fall/fall-28-cam0-rgb.npz,15,44,0,0,0,0.0008908004
fall-28-cam0-rgb,data/keypoints_normalized/fall/fall-28-cam0-rgb.npz,16,45,0,0,0,0.00095307035
fall-28-cam0-rgb,data/keypoints_normalized/fall/fall-28-cam0-rgb.npz,17,46,0,0,0,0.0010293291
fall-28-cam0-rgb,data/keypoints_normalized/fall/fall-28-cam0-rgb.npz,18,47,0,0,0,0.0011291642
fall-28-cam0-rgb,data/keypoints_normalized/fall/fall-28-cam0-rgb.npz,19,48,0,0,0,0.0012779776
fall-28-cam0-rgb,data/keypoints_normalized/fall/fall-28-cam0-rgb.npz,20,49,0,0,0,0.0015278633
fall-28-cam0-rgb,data/keypoints_normalized/fall/fall-28-cam0-rgb.npz,21,50,0,0,0,0.0019866205
fall-28-cam0-rgb,data/keypoints_normalized/fall/fall-28-cam0-rgb.npz,22,51,0,0,0,0.003032041
fall-28-cam0-rgb,data/keypoints_normalized/fall/fall-28-cam0-rgb.npz,23,52,0,0,0,0.006204182
fall-28-cam0-rgb,data/keypoints_normalized/fall/fall-28-cam0-rgb.npz,24,53,0,0,0,0.019602316
fall-28-cam0-rgb,data/keypoints_normalized/fall/fall-28-cam0-rgb.npz,25,54,0,0,0,0.09909987
fall-28-cam0-rgb,data/keypoints_normalized/fall/fall-28-cam0-rgb.npz,26,55,0,0,1,0.67041856
fall-28-cam0-rgb,data/keypoints_normalized/fall/fall-28-cam0-rgb.npz,28,57,1,1,1,0.97774065
fall-28-cam0-rgb,data/keypoints_normalized/fall/fall-28-cam0-rgb.npz,29,58,1,1,1,0.9917175
fall-28-cam0-rgb,data/keypoints_normalized/fall/fall-28-cam0-rgb.npz,30,59,1,1,1,0.99585056
fall-28-cam0-rgb,data/keypoints_normalized/fall/fall-28-cam0-rgb.npz,31,60,1,1,1,0.99735045
fall-28-cam0-rgb,data/keypoints_normalized/fall/fall-28-cam0-rgb.npz,32,61,1,1,1,0.9979892
fall-28-cam0-rgb,data/keypoints_normalized/fall/fall-28-cam0-rgb.npz,33,62,1,1,1,0.99830425
fall-28-cam0-rgb,data/keypoints_normalized/fall/fall-28-cam0-rgb.npz,34,63,1,1,1,0.9984908
fall-28-cam0-rgb,data/keypoints_normalized/fall/fall-28-cam0-rgb.npz,35,64,1,1,1,0.99860424
fall-28-cam0-rgb,data/keypoints_normalized/fall/fall-28-cam0-rgb.npz,36,65,1,1,1,0.99867696
fall-28-cam0-rgb,data/keypoints_normalized/fall/fall-28-cam0-rgb.npz,37,66,1,1,1,0.99872404
adl-02-cam0-rgb,data/keypoints_normalized/adl/adl-02-cam0-rgb.npz,13,42,0,0,0,4.0472656e-05
adl-02-cam0-rgb,data/keypoints_normalized/adl/adl-02-cam0-rgb.npz,14,43,0,0,0,5.2326264e-05
adl-02-cam0-rgb,data/keypoints_normalized/adl/adl-02-cam0-rgb.npz,15,44,0,0,0,5.2231047e-05
adl-02-cam0-rgb,data/keypoints_normalized/adl/adl-02-cam0-rgb.npz,16,45,0,0,0,5.2093208e-05
adl-02-cam0-rgb,data/keypoints_normalized/adl/adl-02-cam0-rgb.npz,17,46,0,0,0,5.1811552e-05
adl-02-cam0-rgb,data/keypoints_normalized/adl/adl-02-cam0-rgb.npz,18,47,0,0,0,5.1309053e-05
adl-02-cam0-rgb,data/keypoints_normalized/adl/adl-02-cam0-rgb.npz,19,48,0,0,0,5.0772232e-05
adl-02-cam0-rgb,data/keypoints_normalized/adl/adl-02-cam0-rgb.npz,20,49,0,0,0,4.9907438e-05
adl-02-cam0-rgb,data/keypoints_normalized/adl/adl-02-cam0-rgb.npz,21,50,0,0,0,5.037296e-05
adl-02-cam0-rgb,data/keypoints_normalized/adl/adl-02-cam0-rgb.npz,22,51,0,0,0,4.9205097e-05
adl-02-cam0-rgb,data/keypoints_normalized/adl/adl-02-cam0-rgb.npz,23,52,0,0,0,5.373474e-05
adl-02-cam0-rgb,data/keypoints_normalized/adl/adl-02-cam0-rgb.npz,24,53,0,0,0,5.2048865e-05
adl-02-cam0-rgb,data/keypoints_normalized/adl/adl-02-cam0-rgb.npz,25,54,0,0,0,5.0287625e-05
adl-02-cam0-rgb,data/keypoints_normalized/adl/adl-02-cam0-rgb.npz,26,55,0,0,0,4.857162e-05
adl-02-cam0-rgb,data/keypoints_normalized/adl/adl-02-cam0-rgb.npz,27,56,0,0,0,4.6793073e-05
adl-02-cam0-rgb,data/keypoints_normalized/adl/adl-02-cam0-rgb.npz,28,57,0,0,0,4.4989905e-05
adl-02-cam0-rgb,data/keypoints_normalized/adl/adl-02-cam0-rgb.npz,29,58,0,0,0,4.335458e-05
adl-02-cam0-rgb,data/keypoints_normalized/adl/adl-02-cam0-rgb.npz,30,59,0,0,0,4.163885e-05
adl-02-cam0-rgb,data/keypoints_normalized/adl/adl-02-cam0-rgb.npz,31,60,0,0,0,4.0094576e-05
adl-02-cam0-rgb,data/keypoints_normalized/adl/adl-02-cam0-rgb.npz,32,61,0,0,0,3.8523132e-05
adl-02-cam0-rgb,data/keypoints_normalized/adl/adl-02-cam0-rgb.npz,33,62,0,0,0,3.7069156e-05
adl-02-cam0-rgb,data/keypoints_normalized/adl/adl-02-cam0-rgb.npz,34,63,0,0,0,3.567353e-05
adl-02-cam0-rgb,data/keypoints_normalized/adl/adl-02-cam0-rgb.npz,35,64,0,0,0,3.441593e-05
adl-02-cam0-rgb,data/keypoints_normalized/adl/adl-02-cam0-rgb.npz,36,65,0,0,0,3.309241e-05
adl-02-cam0-rgb,data/keypoints_normalized/adl/adl-02-cam0-rgb.npz,37,66,0,0,0,3.1883206e-05
adl-02-cam0-rgb,data/keypoints_normalized/adl/adl-02-cam0-rgb.npz,38,67,0,0,0,3.0678082e-05
adl-02-cam0-rgb,data/keypoints_normalized/adl/adl-02-cam0-rgb.npz,39,68,0,0,0,2.9469873e-05
adl-02-cam0-rgb,data/keypoints_normalized/adl/adl-02-cam0-rgb.npz,40,69,0,0,0,2.8312968e-05
adl-02-cam0-rgb,data/keypoints_normalized/adl/adl-02-cam0-rgb.npz,41,70,0,0,0,2.714261e-05
adl-02-cam0-rgb,data/keypoints_normalized/adl/adl-02-cam0-rgb.npz,42,71,0,0,0,2.5837748e-05
adl-02-cam0-rgb,data/keypoints_normalized/adl/adl-02-cam0-rgb.npz,43,72,0,0,0,2.4585224e-05
adl-02-cam0-rgb,data/keypoints_normalized/adl/adl-02-cam0-rgb.npz,44,73,0,0,0,2.3826107e-05
adl-02-cam0-rgb,data/keypoints_normalized/adl/adl-02-cam0-rgb.npz,45,74,0,0,0,2.3242692e-05
adl-02-cam0-rgb,data/keypoints_normalized/adl/adl-02-cam0-rgb.npz,46,75,0,0,0,2.274898e-05
adl-02-cam0-rgb,data/keypoints_normalized/adl/adl-02-cam0-rgb.npz,47,76,0,0,0,2.2453954e-05
adl-02-cam0-rgb,data/keypoints_normalized/adl/adl-02-cam0-rgb.npz,48,77,0,0,0,2.2165268e-05
adl-02-cam0-rgb,data/keypoints_normalized/adl/adl-02-cam0-rgb.npz,49,78,0,0,0,2.2015925e-05
adl-02-cam0-rgb,data/keypoints_normalized/adl/adl-02-cam0-rgb.npz,50,79,0,0,0,2.1930224e-05
adl-02-cam0-rgb,data/keypoints_normalized/adl/adl-02-cam0-rgb.npz,51,80,0,0,0,2.1955919e-05
adl-02-cam0-rgb,data/keypoints_normalized/adl/adl-02-cam0-rgb.npz,52,81,0,0,0,2.2155398e-05
adl-02-cam0-rgb,data/keypoints_normalized/adl/adl-02-cam0-rgb.npz,53,82,0,0,0,2.2512444e-05
adl-02-cam0-rgb,data/keypoints_normalized/adl/adl-02-cam0-rgb.npz,54,83,0,0,0,2.2866061e-05
adl-02-cam0-rgb,data/keypoints_normalized/adl/adl-02-cam0-rgb.npz,55,84,0,0,0,2.327539e-05
adl-02-cam0-rgb,data/keypoints_normalized/adl/adl-02-cam0-rgb.npz,56,85,0,0,0,2.3841585e-05
adl-02-cam0-rgb,data/keypoints_normalized/adl/adl-02-cam0-rgb.npz,57,86,0,0,0,2.4489615e-05
adl-02-cam0-rgb,data/keypoints_normalized/adl/adl-02-cam0-rgb.npz,58,87,0,0,0,2.5235211e-05
adl-02-cam0-rgb,data/keypoints_normalized/adl/adl-02-cam0-rgb.npz,59,88,0,0,0,2.6073663e-05
adl-02-cam0-rgb,data/keypoints_normalized/adl/adl-02-cam0-rgb.npz,60,89,0,0,0,2.686698e-05
adl-02-cam0-rgb,data/keypoints_normalized/adl/adl-02-cam0-rgb.npz,61,90,0,0,0,2.7687125e-05
adl-02-cam0-rgb,data/keypoints_normalized/adl/adl-02-cam0-rgb.npz,62,91,0,0,0,2.8503477e-05
adl-02-cam0-rgb,data/keypoints_normalized/adl/adl-02-cam0-rgb.npz,63,92,0,0,0,2.9244502e-05
adl-02-cam0-rgb,data/keypoints_normalized/adl/adl-02-cam0-rgb.npz,64,93,0,0,0,2.9868725e-05
adl-02-cam0-rgb,data/keypoints_normalized/adl/adl-02-cam0-rgb.npz,65,94,0,0,0,3.0391602e-05
adl-02-cam0-rgb,data/keypoints_normalized/adl/adl-02-cam0-rgb.npz,66,95,0,0,0,3.07906e-05
adl-02-cam0-rgb,data/keypoints_normalized/adl/adl-02-cam0-rgb.npz,67,96,0,0,0,3.1026168e-05
adl-02-cam0-rgb,data/keypoints_normalized/adl/adl-02-cam0-rgb.npz,68,97,0,0,0,3.1120784e-05
adl-02-cam0-rgb,data/keypoints_normalized/adl/adl-02-cam0-rgb.npz,69,98,0,0,0,3.1007974e-05
adl-02-cam0-rgb,data/keypoints_normalized/adl/adl-02-cam0-rgb.npz,70,99,0,0,0,3.0714757e-05
adl-02-cam0-rgb,data/keypoints_normalized/adl/adl-02-cam0-rgb.npz,71,100,0,0,0,3.0461095e-05
adl-02-cam0-rgb,data/keypoints_normalized/adl/adl-02-cam0-rgb.npz,72,101,0,0,0,3.0121504e-05
adl-02-cam0-rgb,data/keypoints_normalized/adl/adl-02-cam0-rgb.npz,73,102,0,0,0,2.9673225e-05
adl-02-cam0-rgb,data/keypoints_normalized/adl/adl-02-cam0-rgb.npz,74,103,0,0,0,2.9134131e-05
adl-02-cam0-rgb,data/keypoints_normalized/adl/adl-02-cam0-rgb.npz,75,104,0,0,0,2.8596756e-05
adl-02-cam0-rgb,data/keypoints_normalized/adl/adl-02-cam0-rgb.npz,76,105,0,0,0,2.7932256e-05
adl-02-cam0-rgb,data/keypoints_normalized/adl/adl-02-cam0-rgb.npz,77,106,0,0,0,2.714476e-05
adl-02-cam0-rgb,data/keypoints_normalized/adl/adl-02-cam0-rgb.npz,78,107,0,0,0,2.6255237e-05
adl-02-cam0-rgb,data/keypoints_normalized/adl/adl-02-cam0-rgb.npz,79,108,0,0,0,2.5528654e-05
adl-02-cam0-rgb,data/keypoints_normalized/adl/adl-02-cam0-rgb.npz,80,109,0,0,0,2.47405e-05
adl-02-cam0-rgb,data/keypoints_normalized/adl/adl-02-cam0-rgb.npz,81,110,0,0,0,2.4079383e-05
adl-02-cam0-rgb,data/keypoints_normalized/adl/adl-02-cam0-rgb.npz,82,111,0,0,0,2.3352093e-05
adl-02-cam0-rgb,data/keypoints_normalized/adl/adl-02-cam0-rgb.npz,83,112,0,0,0,2.2702818e-05
adl-02-cam0-rgb,data/keypoints_normalized/adl/adl-02-cam0-rgb.npz,84,113,0,0,0,2.2079508e-05
adl-02-cam0-rgb,data/keypoints_normalized/adl/adl-02-cam0-rgb.npz,85,114,0,0,0,2.1666921e-05
adl-02-cam0-rgb,data/keypoints_normalized/adl/adl-02-cam0-rgb.npz,86,115,0,0,0,2.127914e-05
adl-02-cam0-rgb,data/keypoints_normalized/adl/adl-02-cam0-rgb.npz,87,116,0,0,0,2.0962336e-05
adl-02-cam0-rgb,data/keypoints_normalized/adl/adl-02-cam0-rgb.npz,88,117,0,0,0,2.0730336e-05
adl-02-cam0-rgb,data/keypoints_normalized/adl/adl-02-cam0-rgb.npz,89,118,0,0,0,2.0609581e-05
adl-02-cam0-rgb,data/keypoints_normalized/adl/adl-02-cam0-rgb.npz,90,119,0,0,0,2.051268e-05
adl-02-cam0-rgb,data/keypoints_normalized/adl/adl-02-cam0-rgb.npz,91,120,0,0,0,2.0545058e-05
adl-02-cam0-rgb,data/keypoints_normalized/adl/adl-02-cam0-rgb.npz,92,121,0,0,0,2.0543766e-05
adl-02-cam0-rgb,data/keypoints_normalized/adl/adl-02-cam0-rgb.npz,93,122,0,0,0,2.0521053e-05
adl-02-cam0-rgb,data/keypoints_normalized/adl/adl-02-cam0-rgb.npz,94,123,0,0,0,2.0647038e-05
adl-02-cam0-rgb,data/keypoints_normalized/adl/adl-02-cam0-rgb.npz,95,124,0,0,0,2.0735419e-05
adl-02-cam0-rgb,data/keypoints_normalized/adl/adl-02-cam0-rgb.npz,96,125,0,0,0,2.0861109e-05
adl-02-cam0-rgb,data/keypoints_normalized/adl/adl-02-cam0-rgb.npz,97,126,0,0,0,2.1094691e-05
adl-02-cam0-rgb,data/keypoints_normalized/adl/adl-02-cam0-rgb.npz,98,127,0,0,0,2.1294507e-05
adl-02-cam0-rgb,data/keypoints_normalized/adl/adl-02-cam0-rgb.npz,99,128,0,0,0,2.1390842e-05
adl-02-cam0-rgb,data/keypoints_normalized/adl/adl-02-cam0-rgb.npz,100,129,0,0,0,2.1683705e-05
adl-02-cam0-rgb,data/keypoints_normalized/adl/adl-02-cam0-rgb.npz,101,130,0,0,0,2.1805845e-05
adl-02-cam0-rgb,data/keypoints_normalized/adl/adl-02-cam0-rgb.npz,102,131,0,0,0,2.187164e-05
adl-02-cam0-rgb,data/keypoints_normalized/adl/adl-02-cam0-rgb.npz,103,132,0,0,0,2.1905056e-05
adl-02-cam0-rgb,data/keypoints_normalized/adl/adl-02-cam0-rgb.npz,104,133,0,0,0,2.1767635e-05
adl-02-cam0-rgb,data/keypoints_normalized/adl/adl-02-cam0-rgb.npz,105,134,0,0,0,2.1536396e-05
adl-02-cam0-rgb,data/keypoints_normalized/adl/adl-02-cam0-rgb.npz,106,135,0,0,0,2.1088536e-05
adl-02-cam0-rgb,data/keypoints_normalized/adl/adl-02-cam0-rgb.npz,107,136,0,0,0,2.0528158e-05
adl-02-cam0-rgb,data/keypoints_normalized/adl/adl-02-cam0-rgb.npz,108,137,0,0,0,1.9866457e-05
adl-02-cam0-rgb,data/keypoints_normalized/adl/adl-02-cam0-rgb.npz,109,138,0,0,0,1.9151916e-05
adl-02-cam0-rgb,data/keypoints_normalized/adl/adl-02-cam0-rgb.npz,110,139,0,0,0,1.8373077e-05
adl-02-cam0-rgb,data/keypoints_normalized/adl/adl-02-cam0-rgb.npz,111,140,0,0,0,1.7591516e-05
adl-02-cam0-rgb,data/keypoints_normalized/adl/adl-02-cam0-rgb.npz,112,141,0,0,0,1.6788292e-05
adl-02-cam0-rgb,data/keypoints_normalized/adl/adl-02-cam0-rgb.npz,113,142,0,0,0,1.6021957e-05
adl-02-cam0-rgb,data/keypoints_normalized/adl/adl-02-cam0-rgb.npz,114,143,0,0,0,1.5275678e-05
adl-02-cam0-rgb,data/keypoints_normalized/adl/adl-02-cam0-rgb.npz,115,144,0,0,0,1.46716675e-05
adl-02-cam0-rgb,data/keypoints_normalized/adl/adl-02-cam0-rgb.npz,116,145,0,0,0,1.4083317e-05
adl-02-cam0-rgb,data/keypoints_normalized/adl/adl-02-cam0-rgb.npz,117,146,0,0,0,1.3529937e-05
adl-02-cam0-rgb,data/keypoints_normalized/adl/adl-02-cam0-rgb.npz,118,147,0,0,0,1.30355165e-05
adl-02-cam0-rgb,data/keypoints_normalized/adl/adl-02-cam0-rgb.npz,119,148,0,0,0,1.2613573e-05
adl-02-cam0-rgb,data/keypoints_normalized/adl/adl-02-cam0-rgb.npz,120,149,0,0,0,1.2208454e-05
adl-02-cam0-rgb,data/keypoints_normalized/adl/adl-02-cam0-rgb.npz,121,150,0,0,0,1.183237e-05
adl-02-cam0-rgb,data/keypoints_normalized/adl/adl-02-cam0-rgb.npz,122,151,0,0,0,1.1414656e-05
adl-02-cam0-rgb,data/keypoints_normalized/adl/adl-02-cam0-rgb.npz,123,152,0,0,0,1.0992889e-05
adl-02-cam0-rgb,data/keypoints_normalized/adl/adl-02-cam0-rgb.npz,124,153,0,0,0,1.0571863e-05
adl-02-cam0-rgb,data/keypoints_normalized/adl/adl-02-cam0-rgb.npz,125,154,0,0,0,1.02137055e-05
adl-02-cam0-rgb,data/keypoints_normalized/adl/adl-02-cam0-rgb.npz,126,155,0,0,0,9.909422e-06
adl-02-cam0-rgb,data/keypoints_normalized/adl/adl-02-cam0-rgb.npz,127,156,0,0,0,9.675332e-06
adl-02-cam0-rgb,data/keypoints_normalized/adl/adl-02-cam0-rgb.npz,128,157,0,0,0,9.545155e-06
adl-02-cam0-rgb,data/keypoints_normalized/adl/adl-02-cam0-rgb.npz,129,158,0,0,0,9.432189e-06
adl-02-cam0-rgb,data/keypoints_normalized/adl/adl-02-cam0-rgb.npz,130,159,0,0,0,9.379355e-06
adl-02-cam0-rgb,data/keypoints_normalized/adl/adl-02-cam0-rgb.npz,131,160,0,0,0,9.342736e-06
adl-02-cam0-rgb,data/keypoints_normalized/adl/adl-02-cam0-rgb.npz,132,161,0,0,0,9.342522e-06
adl-02-cam0-rgb,data/keypoints_normalized/adl/adl-02-cam0-rgb.npz,133,162,0,0,0,9.3211365e-06
adl-02-cam0-rgb,data/keypoints_normalized/adl/adl-02-cam0-rgb.npz,134,163,0,0,0,9.3117105e-06
adl-02-cam0-rgb,data/keypoints_normalized/adl/adl-02-cam0-rgb.npz,135,164,0,0,0,9.261733e-06
adl-02-cam0-rgb,data/keypoints_normalized/adl/adl-02-cam0-rgb.npz,136,165,0,0,0,9.265752e-06
adl-02-cam0-rgb,data/keypoints_normalized/adl/adl-02-cam0-rgb.npz,137,166,0,0,0,9.290598e-06
adl-02-cam0-rgb,data/keypoints_normalized/adl/adl-02-cam0-rgb.npz,138,167,0,0,0,9.287277e-06
adl-02-cam0-rgb,data/keypoints_normalized/adl/adl-02-cam0-rgb.npz,139,168,0,0,0,9.301645e-06
adl-02-cam0-rgb,data/keypoints_normalized/adl/adl-02-cam0-rgb.npz,140,169,0,0,0,9.3140725e-06
adl-02-cam0-rgb,data/keypoints_normalized/adl/adl-02-cam0-rgb.npz,141,170,0,0,0,9.26432e-06
adl-02-cam0-rgb,data/keypoints_normalized/adl/adl-02-cam0-rgb.npz,142,171,0,0,0,9.263367e-06
adl-02-cam0-rgb,data/keypoints_normalized/adl/adl-02-cam0-rgb.npz,143,172,0,0,0,9.259993e-06
adl-02-cam0-rgb,data/keypoints_normalized/adl/adl-02-cam0-rgb.npz,144,173,0,0,0,9.25046e-06
adl-02-cam0-rgb,data/keypoints_normalized/adl/adl-02-cam0-rgb.npz,145,174,0,0,0,9.2361815e-06
adl-02-cam0-rgb,data/keypoints_normalized/adl/adl-02-cam0-rgb.npz,146,175,0,0,0,9.220129e-06
adl-02-cam0-rgb,data/keypoints_normalized/adl/adl-02-cam0-rgb.npz,147,176,0,0,0,9.218546e-06
adl-02-cam0-rgb,data/keypoints_normalized/adl/adl-02-cam0-rgb.npz,148,177,0,0,0,9.208977e-06
adl-02-cam0-rgb,data/keypoints_normalized/adl/adl-02-cam0-rgb.npz,149,178,0,0,0,9.1986985e-06
adl-02-cam0-rgb,data/keypoints_normalized/adl/adl-02-cam0-rgb.npz,150,179,0,0,0,9.1921565e-06
adl-02-cam0-rgb,data/keypoints_normalized/adl/adl-02-cam0-rgb.npz,151,180,0,0,0,9.121736e-06
adl-11-cam0-rgb,data/keypoints_normalized/adl/adl-11-cam0-rgb.npz,1,30,0,0,0,2.0779067e-05
adl-11-cam0-rgb,data/keypoints_normalized/adl/adl-11-cam0-rgb.npz,2,31,0,0,0,2.0930614e-05
adl-11-cam0-rgb,data/keypoints_normalized/adl/adl-11-cam0-rgb.npz,3,32,0,0,0,2.1078924e-05
adl-11-cam0-rgb,data/keypoints_normalized/adl/adl-11-cam0-rgb.npz,4,33,0,0,0,2.1255715e-05
adl-11-cam0-rgb,data/keypoints_normalized/adl/adl-11-cam0-rgb.npz,5,34,0,0,0,2.1504298e-05
adl-11-cam0-rgb,data/keypoints_normalized/adl/adl-11-cam0-rgb.npz,6,35,0,0,0,2.1745087e-05
adl-11-cam0-rgb,data/keypoints_normalized/adl/adl-11-cam0-rgb.npz,7,36,0,0,0,2.1941643e-05
adl-11-cam0-rgb,data/keypoints_normalized/adl/adl-11-cam0-rgb.npz,8,37,0,0,0,2.2218113e-05
adl-11-cam0-rgb,data/keypoints_normalized/adl/adl-11-cam0-rgb.npz,9,38,0,0,0,2.246145e-05
adl-11-cam0-rgb,data/keypoints_normalized/adl/adl-11-cam0-rgb.npz,10,39,0,0,0,2.2655819e-05
adl-11-cam0-rgb,data/keypoints_normalized/adl/adl-11-cam0-rgb.npz,11,40,0,0,0,2.290135e-05
adl-11-cam0-rgb,data/keypoints_normalized/adl/adl-11-cam0-rgb.npz,12,41,0,0,0,2.313663e-05
adl-11-cam0-rgb,data/keypoints_normalized/adl/adl-11-cam0-rgb.npz,13,42,0,0,0,2.3435483e-05
adl-11-cam0-rgb,data/keypoints_normalized/adl/adl-11-cam0-rgb.npz,14,43,0,0,0,2.3744495e-05
adl-11-cam0-rgb,data/keypoints_normalized/adl/adl-11-cam0-rgb.npz,15,44,0,0,0,2.4071278e-05
adl-11-cam0-rgb,data/keypoints_normalized/adl/adl-11-cam0-rgb.npz,16,45,0,0,0,2.4411964e-05
adl-11-cam0-rgb,data/keypoints_normalized/adl/adl-11-cam0-rgb.npz,17,46,0,0,0,2.482355e-05
adl-11-cam0-rgb,data/keypoints_normalized/adl/adl-11-cam0-rgb.npz,18,47,0,0,0,2.520681e-05
adl-11-cam0-rgb,data/keypoints_normalized/adl/adl-11-cam0-rgb.npz,19,48,0,0,0,2.5558227e-05
adl-11-cam0-rgb,data/keypoints_normalized/adl/adl-11-cam0-rgb.npz,20,49,0,0,0,2.5836885e-05
adl-11-cam0-rgb,data/keypoints_normalized/adl/adl-11-cam0-rgb.npz,21,50,0,0,0,2.6156174e-05
adl-11-cam0-rgb,data/keypoints_normalized/adl/adl-11-cam0-rgb.npz,22,51,0,0,0,2.6445816e-05
adl-11-cam0-rgb,data/keypoints_normalized/adl/adl-11-cam0-rgb.npz,23,52,0,0,0,2.6624675e-05
adl-11-cam0-rgb,data/keypoints_normalized/adl/adl-11-cam0-rgb.npz,24,53,0,0,0,2.6580557e-05
adl-11-cam0-rgb,data/keypoints_normalized/adl/adl-11-cam0-rgb.npz,25,54,0,0,0,2.6666192e-05
adl-11-cam0-rgb,data/keypoints_normalized/adl/adl-11-cam0-rgb.npz,26,55,0,0,0,2.6507574e-05
adl-11-cam0-rgb,data/keypoints_normalized/adl/adl-11-cam0-rgb.npz,27,56,0,0,0,2.6349877e-05
adl-11-cam0-rgb,data/keypoints_normalized/adl/adl-11-cam0-rgb.npz,28,57,0,0,0,2.6072046e-05
adl-11-cam0-rgb,data/keypoints_normalized/adl/adl-11-cam0-rgb.npz,29,58,0,0,0,2.5768011e-05
adl-11-cam0-rgb,data/keypoints_normalized/adl/adl-11-cam0-rgb.npz,30,59,0,0,0,2.5404646e-05
adl-11-cam0-rgb,data/keypoints_normalized/adl/adl-11-cam0-rgb.npz,31,60,0,0,0,2.5012083e-05
adl-11-cam0-rgb,data/keypoints_normalized/adl/adl-11-cam0-rgb.npz,32,61,0,0,0,2.4584942e-05
adl-11-cam0-rgb,data/keypoints_normalized/adl/adl-11-cam0-rgb.npz,33,62,0,0,0,2.413663e-05
adl-11-cam0-rgb,data/keypoints_normalized/adl/adl-11-cam0-rgb.npz,34,63,0,0,0,2.3772547e-05
adl-11-cam0-rgb,data/keypoints_normalized/adl/adl-11-cam0-rgb.npz,35,64,0,0,0,2.344541e-05
adl-11-cam0-rgb,data/keypoints_normalized/adl/adl-11-cam0-rgb.npz,36,65,0,0,0,2.3089635e-05
adl-11-cam0-rgb,data/keypoints_normalized/adl/adl-11-cam0-rgb.npz,37,66,0,0,0,2.2859214e-05
adl-11-cam0-rgb,data/keypoints_normalized/adl/adl-11-cam0-rgb.npz,38,67,0,0,0,2.2634978e-05
adl-11-cam0-rgb,data/keypoints_normalized/adl/adl-11-cam0-rgb.npz,39,68,0,0,0,2.2471797e-05
adl-11-cam0-rgb,data/keypoints_normalized/adl/adl-11-cam0-rgb.npz,40,69,0,0,0,2.2232165e-05
adl-11-cam0-rgb,data/keypoints_normalized/adl/adl-11-cam0-rgb.npz,41,70,0,0,0,2.2240327e-05
adl-11-cam0-rgb,data/keypoints_normalized/adl/adl-11-cam0-rgb.npz,42,71,0,0,0,2.225416e-05
adl-11-cam0-rgb,data/keypoints_normalized/adl/adl-11-cam0-rgb.npz,43,72,0,0,0,2.2240603e-05
adl-11-cam0-rgb,data/keypoints_normalized/adl/adl-11-cam0-rgb.npz,44,73,0,0,0,2.2321114e-05
adl-11-cam0-rgb,data/keypoints_normalized/adl/adl-11-cam0-rgb.npz,45,74,0,0,0,2.2527222e-05
adl-11-cam0-rgb,data/keypoints_normalized/adl/adl-11-cam0-rgb.npz,46,75,0,0,0,2.2870576e-05
adl-11-cam0-rgb,data/keypoints_normalized/adl/adl-11-cam0-rgb.npz,47,76,0,0,0,2.3207032e-05
adl-11-cam0-rgb,data/keypoints_normalized/adl/adl-11-cam0-rgb.npz,48,77,0,0,0,2.3634699e-05
adl-11-cam0-rgb,data/keypoints_normalized/adl/adl-11-cam0-rgb.npz,49,78,0,0,0,2.4080302e-05
adl-11-cam0-rgb,data/keypoints_normalized/adl/adl-11-cam0-rgb.npz,50,79,0,0,0,2.4597843e-05
adl-11-cam0-rgb,data/keypoints_normalized/adl/adl-11-cam0-rgb.npz,51,80,0,0,0,2.5049178e-05
adl-11-cam0-rgb,data/keypoints_normalized/adl/adl-11-cam0-rgb.npz,52,81,0,0,0,2.568489e-05
adl-11-cam0-rgb,data/keypoints_normalized/adl/adl-11-cam0-rgb.npz,53,82,0,0,0,2.626077e-05
adl-11-cam0-rgb,data/keypoints_normalized/adl/adl-11-cam0-rgb.npz,54,83,0,0,0,2.6889331e-05
adl-11-cam0-rgb,data/keypoints_normalized/adl/adl-11-cam0-rgb.npz,55,84,0,0,0,2.7291206e-05
adl-11-cam0-rgb,data/keypoints_normalized/adl/adl-11-cam0-rgb.npz,56,85,0,0,0,2.7688868e-05
adl-11-cam0-rgb,data/keypoints_normalized/adl/adl-11-cam0-rgb.npz,57,86,0,0,0,2.7970154e-05
adl-11-cam0-rgb,data/keypoints_normalized/adl/adl-11-cam0-rgb.npz,58,87,0,0,0,2.827312e-05
adl-11-cam0-rgb,data/keypoints_normalized/adl/adl-11-cam0-rgb.npz,59,88,0,0,0,2.834958e-05
adl-11-cam0-rgb,data/keypoints_normalized/adl/adl-11-cam0-rgb.npz,60,89,0,0,0,2.8401562e-05
adl-11-cam0-rgb,data/keypoints_normalized/adl/adl-11-cam0-rgb.npz,61,90,0,0,0,2.8255652e-05
adl-11-cam0-rgb,data/keypoints_normalized/adl/adl-11-cam0-rgb.npz,62,91,0,0,0,2.8037775e-05
adl-11-cam0-rgb,data/keypoints_normalized/adl/adl-11-cam0-rgb.npz,63,92,0,0,0,2.7682927e-05
adl-11-cam0-rgb,data/keypoints_normalized/adl/adl-11-cam0-rgb.npz,64,93,0,0,0,2.7225544e-05
adl-11-cam0-rgb,data/keypoints_normalized/adl/adl-11-cam0-rgb.npz,65,94,0,0,0,2.6675934e-05
adl-11-cam0-rgb,data/keypoints_normalized/adl/adl-11-cam0-rgb.npz,66,95,0,0,0,2.607769e-05
adl-11-cam0-rgb,data/keypoints_normalized/adl/adl-11-cam0-rgb.npz,67,96,0,0,0,2.5426825e-05
adl-11-cam0-rgb,data/keypoints_normalized/adl/adl-11-cam0-rgb.npz,68,97,0,0,0,2.4772798e-05
adl-11-cam0-rgb,data/keypoints_normalized/adl/adl-11-cam0-rgb.npz,69,98,0,0,0,2.4149569e-05
adl-11-cam0-rgb,data/keypoints_normalized/adl/adl-11-cam0-rgb.npz,70,99,0,0,0,2.3616001e-05
adl-11-cam0-rgb,data/keypoints_normalized/adl/adl-11-cam0-rgb.npz,71,100,0,0,0,2.3069168e-05
adl-11-cam0-rgb,data/keypoints_normalized/adl/adl-11-cam0-rgb.npz,72,101,0,0,0,2.2626431e-05
adl-11-cam0-rgb,data/keypoints_normalized/adl/adl-11-cam0-rgb.npz,73,102,0,0,0,2.2268916e-05
adl-11-cam0-rgb,data/keypoints_normalized/adl/adl-11-cam0-rgb.npz,74,103,0,0,0,2.1926082e-05
adl-11-cam0-rgb,data/keypoints_normalized/adl/adl-11-cam0-rgb.npz,75,104,0,0,0,2.1703441e-05
adl-11-cam0-rgb,data/keypoints_normalized/adl/adl-11-cam0-rgb.npz,76,105,0,0,0,2.1570515e-05
adl-11-cam0-rgb,data/keypoints_normalized/adl/adl-11-cam0-rgb.npz,77,106,0,0,0,2.1513037e-05
adl-11-cam0-rgb,data/keypoints_normalized/adl/adl-11-cam0-rgb.npz,78,107,0,0,0,2.160292e-05
adl-11-cam0-rgb,data/keypoints_normalized/adl/adl-11-cam0-rgb.npz,79,108,0,0,0,2.1847893e-05
adl-11-cam0-rgb,data/keypoints_normalized/adl/adl-11-cam0-rgb.npz,80,109,0,0,0,2.2148299e-05
adl-11-cam0-rgb,data/keypoints_normalized/adl/adl-11-cam0-rgb.npz,81,110,0,0,0,2.2471819e-05
adl-11-cam0-rgb,data/keypoints_normalized/adl/adl-11-cam0-rgb.npz,82,111,0,0,0,2.3004446e-05
adl-11-cam0-rgb,data/keypoints_normalized/adl/adl-11-cam0-rgb.npz,83,112,0,0,0,2.3640696e-05
adl-11-cam0-rgb,data/keypoints_normalized/adl/adl-11-cam0-rgb.npz,84,113,0,0,0,2.430344e-05
adl-11-cam0-rgb,data/keypoints_normalized/adl/adl-11-cam0-rgb.npz,85,114,0,0,0,2.5201858e-05
adl-11-cam0-rgb,data/keypoints_normalized/adl/adl-11-cam0-rgb.npz,86,115,0,0,0,2.6196687e-05
adl-11-cam0-rgb,data/keypoints_normalized/adl/adl-11-cam0-rgb.npz,87,116,0,0,0,2.7477456e-05
adl-11-cam0-rgb,data/keypoints_normalized/adl/adl-11-cam0-rgb.npz,88,117,0,0,0,2.8777176e-05
adl-11-cam0-rgb,data/keypoints_normalized/adl/adl-11-cam0-rgb.npz,89,118,0,0,0,3.0334622e-05
adl-11-cam0-rgb,data/keypoints_normalized/adl/adl-11-cam0-rgb.npz,90,119,0,0,0,3.19934e-05
adl-11-cam0-rgb,data/keypoints_normalized/adl/adl-11-cam0-rgb.npz,91,120,0,0,0,3.3742886e-05
adl-11-cam0-rgb,data/keypoints_normalized/adl/adl-11-cam0-rgb.npz,92,121,0,0,0,3.5425102e-05
adl-11-cam0-rgb,data/keypoints_normalized/adl/adl-11-cam0-rgb.npz,93,122,0,0,0,3.737556e-05
adl-11-cam0-rgb,data/keypoints_normalized/adl/adl-11-cam0-rgb.npz,94,123,0,0,0,3.9185546e-05
adl-11-cam0-rgb,data/keypoints_normalized/adl/adl-11-cam0-rgb.npz,95,124,0,0,0,4.095819e-05
adl-11-cam0-rgb,data/keypoints_normalized/adl/adl-11-cam0-rgb.npz,96,125,0,0,0,4.2665037e-05
adl-11-cam0-rgb,data/keypoints_normalized/adl/adl-11-cam0-rgb.npz,97,126,0,0,0,4.3960415e-05
adl-11-cam0-rgb,data/keypoints_normalized/adl/adl-11-cam0-rgb.npz,98,127,0,0,0,4.4942735e-05
adl-11-cam0-rgb,data/keypoints_normalized/adl/adl-11-cam0-rgb.npz,99,128,0,0,0,4.5708253e-05
adl-11-cam0-rgb,data/keypoints_normalized/adl/adl-11-cam0-rgb.npz,100,129,0,0,0,4.5909157e-05
adl-11-cam0-rgb,data/keypoints_normalized/adl/adl-11-cam0-rgb.npz,101,130,0,0,0,4.5583627e-05
adl-11-cam0-rgb,data/keypoints_normalized/adl/adl-11-cam0-rgb.npz,102,131,0,0,0,4.4891716e-05
adl-11-cam0-rgb,data/keypoints_normalized/adl/adl-11-cam0-rgb.npz,103,132,0,0,0,4.3838925e-05
adl-11-cam0-rgb,data/keypoints_normalized/adl/adl-11-cam0-rgb.npz,104,133,0,0,0,4.2475054e-05
adl-11-cam0-rgb,data/keypoints_normalized/adl/adl-11-cam0-rgb.npz,105,134,0,0,0,4.111826e-05
adl-11-cam0-rgb,data/keypoints_normalized/adl/adl-11-cam0-rgb.npz,106,135,0,0,0,3.947337e-05
adl-11-cam0-rgb,data/keypoints_normalized/adl/adl-11-cam0-rgb.npz,107,136,0,0,0,3.790291e-05
adl-11-cam0-rgb,data/keypoints_normalized/adl/adl-11-cam0-rgb.npz,108,137,0,0,0,3.6452453e-05
adl-11-cam0-rgb,data/keypoints_normalized/adl/adl-11-cam0-rgb.npz,109,138,0,0,0,3.5114652e-05
adl-11-cam0-rgb,data/keypoints_normalized/adl/adl-11-cam0-rgb.npz,110,139,0,0,0,3.3833043e-05
adl-11-cam0-rgb,data/keypoints_normalized/adl/adl-11-cam0-rgb.npz,111,140,0,0,0,3.2819426e-05
adl-11-cam0-rgb,data/keypoints_normalized/adl/adl-11-cam0-rgb.npz,112,141,0,0,0,3.1850752e-05
adl-11-cam0-rgb,data/keypoints_normalized/adl/adl-11-cam0-rgb.npz,113,142,0,0,0,3.0901352e-05
adl-11-cam0-rgb,data/keypoints_normalized/adl/adl-11-cam0-rgb.npz,114,143,0,0,0,3.0066572e-05
adl-11-cam0-rgb,data/keypoints_normalized/adl/adl-11-cam0-rgb.npz,115,144,0,0,0,2.9420451e-05
adl-11-cam0-rgb,data/keypoints_normalized/adl/adl-11-cam0-rgb.npz,116,145,0,0,0,2.8840446e-05
adl-11-cam0-rgb,data/keypoints_normalized/adl/adl-11-cam0-rgb.npz,117,146,0,0,0,2.820544e-05
adl-11-cam0-rgb,data/keypoints_normalized/adl/adl-11-cam0-rgb.npz,118,147,0,0,0,2.7727576e-05
adl-11-cam0-rgb,data/keypoints_normalized/adl/adl-11-cam0-rgb.npz,119,148,0,0,0,2.7242475e-05
adl-11-cam0-rgb,data/keypoints_normalized/adl/adl-11-cam0-rgb.npz,120,149,0,0,0,2.6843547e-05
adl-11-cam0-rgb,data/keypoints_normalized/adl/adl-11-cam0-rgb.npz,121,150,0,0,0,2.6636739e-05
adl-11-cam0-rgb,data/keypoints_normalized/adl/adl-11-cam0-rgb.npz,122,151,0,0,0,2.6520876e-05
adl-11-cam0-rgb,data/keypoints_normalized/adl/adl-11-cam0-rgb.npz,123,152,0,0,0,2.6391095e-05
adl-11-cam0-rgb,data/keypoints_normalized/adl/adl-11-cam0-rgb.npz,124,153,0,0,0,2.6509499e-05
adl-11-cam0-rgb,data/keypoints_normalized/adl/adl-11-cam0-rgb.npz,125,154,0,0,0,2.6490115e-05
adl-11-cam0-rgb,data/keypoints_normalized/adl/adl-11-cam0-rgb.npz,126,155,0,0,0,2.6468118e-05
adl-11-cam0-rgb,data/keypoints_normalized/adl/adl-11-cam0-rgb.npz,127,156,0,0,0,2.5325598e-05
adl-11-cam0-rgb,data/keypoints_normalized/adl/adl-11-cam0-rgb.npz,128,157,0,0,0,1.6528806e-05
adl-11-cam0-rgb,data/keypoints_normalized/adl/adl-11-cam0-rgb.npz,129,158,0,0,0,1.637669e-05
adl-11-cam0-rgb,data/keypoints_normalized/adl/adl-11-cam0-rgb.npz,130,159,0,0,0,1.630583e-05
adl-11-cam0-rgb,data/keypoints_normalized/adl/adl-11-cam0-rgb.npz,131,160,0,0,0,1.4255073e-05
adl-11-cam0-rgb,data/keypoints_normalized/adl/adl-11-cam0-rgb.npz,132,161,0,0,0,1.8032672e-05
adl-11-cam0-rgb,data/keypoints_normalized/adl/adl-11-cam0-rgb.npz,133,162,0,0,0,1.8140921e-05
adl-11-cam0-rgb,data/keypoints_normalized/adl/adl-11-cam0-rgb.npz,134,163,0,0,0,1.832761e-05
adl-11-cam0-rgb,data/keypoints_normalized/adl/adl-11-cam0-rgb.npz,135,164,0,0,0,1.8488643e-05
adl-11-cam0-rgb,data/keypoints_normalized/adl/adl-11-cam0-rgb.npz,136,165,0,0,0,1.8598052e-05
adl-11-cam0-rgb,data/keypoints_normalized/adl/adl-11-cam0-rgb.npz,137,166,0,0,0,1.8652407e-05
adl-11-cam0-rgb,data/keypoints_normalized/adl/adl-11-cam0-rgb.npz,138,167,0,0,0,1.8696464e-05
adl-11-cam0-rgb,data/keypoints_normalized/adl/adl-11-cam0-rgb.npz,139,168,0,0,0,1.8726014e-05
adl-11-cam0-rgb,data/keypoints_normalized/adl/adl-11-cam0-rgb.npz,140,169,0,0,0,1.8747385e-05
adl-11-cam0-rgb,data/keypoints_normalized/adl/adl-11-cam0-rgb.npz,141,170,0,0,0,1.8752267e-05
adl-11-cam0-rgb,data/keypoints_normalized/adl/adl-11-cam0-rgb.npz,142,171,0,0,0,1.8716408e-05
adl-11-cam0-rgb,data/keypoints_normalized/adl/adl-11-cam0-rgb.npz,143,172,0,0,0,1.8699318e-05
adl-11-cam0-rgb,data/keypoints_normalized/adl/adl-11-cam0-rgb.npz,144,173,0,0,0,1.8698604e-05
adl-11-cam0-rgb,data/keypoints_normalized/adl/adl-11-cam0-rgb.npz,145,174,0,0,0,1.8670433e-05
adl-11-cam0-rgb,data/keypoints_normalized/adl/adl-11-cam0-rgb.npz,146,175,0,0,0,1.8671411e-05
adl-11-cam0-rgb,data/keypoints_normalized/adl/adl-11-cam0-rgb.npz,147,176,0,0,0,1.8672481e-05
adl-11-cam0-rgb,data/keypoints_normalized/adl/adl-11-cam0-rgb.npz,148,177,0,0,0,1.8624998e-05
adl-11-cam0-rgb,data/keypoints_normalized/adl/adl-11-cam0-rgb.npz,149,178,0,0,0,1.860107e-05
adl-11-cam0-rgb,data/keypoints_normalized/adl/adl-11-cam0-rgb.npz,150,179,0,0,0,1.8637826e-05
adl-11-cam0-rgb,data/keypoints_normalized/adl/adl-11-cam0-rgb.npz,151,180,0,0,0,1.8687337e-05
adl-11-cam0-rgb,data/keypoints_normalized/adl/adl-11-cam0-rgb.npz,152,181,0,0,0,1.871705e-05
adl-11-cam0-rgb,data/keypoints_normalized/adl/adl-11-cam0-rgb.npz,153,182,0,0,0,1.8719104e-05
adl-11-cam0-rgb,data/keypoints_normalized/adl/adl-11-cam0-rgb.npz,154,183,0,0,0,1.865977e-05
adl-11-cam0-rgb,data/keypoints_normalized/adl/adl-11-cam0-rgb.npz,155,184,0,0,0,1.6955271e-05
adl-11-cam0-rgb,data/keypoints_normalized/adl/adl-11-cam0-rgb.npz,156,185,0,0,0,1.7080334e-05
adl-11-cam0-rgb,data/keypoints_normalized/adl/adl-11-cam0-rgb.npz,157,186,0,0,0,1.7056762e-05
adl-11-cam0-rgb,data/keypoints_normalized/adl/adl-11-cam0-rgb.npz,158,187,0,0,0,1.7147151e-05
adl-11-cam0-rgb,data/keypoints_normalized/adl/adl-11-cam0-rgb.npz,159,188,0,0,0,1.7301589e-05
adl-11-cam0-rgb,data/keypoints_normalized/adl/adl-11-cam0-rgb.npz,160,189,0,0,0,1.75228e-05
adl-11-cam0-rgb,data/keypoints_normalized/adl/adl-11-cam0-rgb.npz,161,190,0,0,0,1.7814362e-05
adl-11-cam0-rgb,data/keypoints_normalized/adl/adl-11-cam0-rgb.npz,162,191,0,0,0,1.8146806e-05
adl-11-cam0-rgb,data/keypoints_normalized/adl/adl-11-cam0-rgb.npz,163,192,0,0,0,1.8413491e-05
adl-11-cam0-rgb,data/keypoints_normalized/adl/adl-11-cam0-rgb.npz,164,193,0,0,0,1.8835824e-05
adl-11-cam0-rgb,data/keypoints_normalized/adl/adl-11-cam0-rgb.npz,165,194,0,0,0,1.929767e-05
adl-11-cam0-rgb,data/keypoints_normalized/adl/adl-11-cam0-rgb.npz,166,195,0,0,0,1.9722222e-05
adl-11-cam0-rgb,data/keypoints_normalized/adl/adl-11-cam0-rgb.npz,167,196,0,0,0,2.021214e-05
adl-11-cam0-rgb,data/keypoints_normalized/adl/adl-11-cam0-rgb.npz,168,197,0,0,0,2.0651529e-05
adl-11-cam0-rgb,data/keypoints_normalized/adl/adl-11-cam0-rgb.npz,169,198,0,0,0,2.118733e-05
adl-11-cam0-rgb,data/keypoints_normalized/adl/adl-11-cam0-rgb.npz,170,199,0,0,0,2.1816744e-05
adl-11-cam0-rgb,data/keypoints_normalized/adl/adl-11-cam0-rgb.npz,171,200,0,0,0,2.2634978e-05
adl-11-cam0-rgb,data/keypoints_normalized/adl/adl-11-cam0-rgb.npz,172,201,0,0,0,2.3846087e-05
adl-11-cam0-rgb,data/keypoints_normalized/adl/adl-11-cam0-rgb.npz,173,202,0,0,0,2.5455525e-05
adl-11-cam0-rgb,data/keypoints_normalized/adl/adl-11-cam0-rgb.npz,174,203,0,0,0,2.7363236e-05
adl-11-cam0-rgb,data/keypoints_normalized/adl/adl-11-cam0-rgb.npz,175,204,0,0,0,2.9654413e-05
adl-11-cam0-rgb,data/keypoints_normalized/adl/adl-11-cam0-rgb.npz,176,205,0,0,0,3.2402575e-05
adl-11-cam0-rgb,data/keypoints_normalized/adl/adl-11-cam0-rgb.npz,177,206,0,0,0,3.5465157e-05
adl-11-cam0-rgb,data/keypoints_normalized/adl/adl-11-cam0-rgb.npz,178,207,0,0,0,3.9193503e-05
adl-11-cam0-rgb,data/keypoints_normalized/adl/adl-11-cam0-rgb.npz,179,208,0,0,0,4.3205175e-05
adl-11-cam0-rgb,data/keypoints_normalized/adl/adl-11-cam0-rgb.npz,180,209,0,0,0,4.7613492e-05
adl-11-cam0-rgb,data/keypoints_normalized/adl/adl-11-cam0-rgb.npz,181,210,0,0,0,5.234663e-05
adl-11-cam0-rgb,data/keypoints_normalized/adl/adl-11-cam0-rgb.npz,182,211,0,0,0,5.7506368e-05
adl-11-cam0-rgb,data/keypoints_normalized/adl/adl-11-cam0-rgb.npz,183,212,0,0,0,6.275698e-05
adl-11-cam0-rgb,data/keypoints_normalized/adl/adl-11-cam0-rgb.npz,184,213,0,0,0,6.8478425e-05
adl-11-cam0-rgb,data/keypoints_normalized/adl/adl-11-cam0-rgb.npz,185,214,0,0,0,7.623053e-05
adl-11-cam0-rgb,data/keypoints_normalized/adl/adl-11-cam0-rgb.npz,186,215,0,0,0,8.637403e-05
adl-11-cam0-rgb,data/keypoints_normalized/adl/adl-11-cam0-rgb.npz,187,216,0,0,0,9.822615e-05
adl-11-cam0-rgb,data/keypoints_normalized/adl/adl-11-cam0-rgb.npz,188,217,0,0,0,0.00011151986
adl-11-cam0-rgb,data/keypoints_normalized/adl/adl-11-cam0-rgb.npz,189,218,0,0,0,0.00012403088
adl-11-cam0-rgb,data/keypoints_normalized/adl/adl-11-cam0-rgb.npz,190,219,0,0,0,0.00010225811
adl-11-cam0-rgb,data/keypoints_normalized/adl/adl-11-cam0-rgb.npz,191,220,0,0,0,0.00014987614
adl-11-cam0-rgb,data/keypoints_normalized/adl/adl-11-cam0-rgb.npz,192,221,0,0,0,0.00016512434
adl-11-cam0-rgb,data/keypoints_normalized/adl/adl-11-cam0-rgb.npz,193,222,0,0,0,0.00018643844
adl-11-cam0-rgb,data/keypoints_normalized/adl/adl-11-cam0-rgb.npz,194,223,0,0,0,0.00021144438
adl-11-cam0-rgb,data/keypoints_normalized/adl/adl-11-cam0-rgb.npz,195,224,0,0,0,0.00010646713
adl-11-cam0-rgb,data/keypoints_normalized/adl/adl-11-cam0-rgb.npz,196,225,0,0,0,0.00010973656
adl-11-cam0-rgb,data/keypoints_normalized/adl/adl-11-cam0-rgb.npz,197,226,0,0,0,0.00012019057
adl-11-cam0-rgb,data/keypoints_normalized/adl/adl-11-cam0-rgb.npz,198,227,0,0,0,0.00012756576
adl-11-cam0-rgb,data/keypoints_normalized/adl/adl-11-cam0-rgb.npz,199,228,0,0,0,0.0002075832
adl-11-cam0-rgb,data/keypoints_normalized/adl/adl-11-cam0-rgb.npz,200,229,0,0,0,0.0002895493
adl-11-cam0-rgb,data/keypoints_normalized/adl/adl-11-cam0-rgb.npz,201,230,0,0,0,0.00027459368
adl-11-cam0-rgb,data/keypoints_normalized/adl/adl-11-cam0-rgb.npz,202,231,0,0,0,0.00031485315
adl-11-cam0-rgb,data/keypoints_normalized/adl/adl-11-cam0-rgb.npz,203,232,0,0,0,0.0003841022
adl-11-cam0-rgb,data/keypoints_normalized/adl/adl-11-cam0-rgb.npz,204,233,0,0,0,0.0005931889
adl-11-cam0-rgb,data/keypoints_normalized/adl/adl-11-cam0-rgb.npz,205,234,0,0,0,0.00093197566
adl-11-cam0-rgb,data/keypoints_normalized/adl/adl-11-cam0-rgb.npz,206,235,0,0,1,0.9779294
adl-11-cam0-rgb,data/keypoints_normalized/adl/adl-11-cam0-rgb.npz,207,236,0,0,1,0.9896606
adl-11-cam0-rgb,data/keypoints_normalized/adl/adl-11-cam0-rgb.npz,208,237,0,0,1,0.9938386
adl-11-cam0-rgb,data/keypoints_normalized/adl/adl-11-cam0-rgb.npz,209,238,0,0,1,0.99688303
adl-11-cam0-rgb,data/keypoints_normalized/adl/adl-11-cam0-rgb.npz,210,239,0,0,1,0.9980995
adl-11-cam0-rgb,data/keypoints_normalized/adl/adl-11-cam0-rgb.npz,211,240,0,0,1,0.9984725
adl-11-cam0-rgb,data/keypoints_normalized/adl/adl-11-cam0-rgb.npz,212,241,0,0,1,0.99874264
adl-11-cam0-rgb,data/keypoints_normalized/adl/adl-11-cam0-rgb.npz,213,242,0,0,1,0.9988512
adl-11-cam0-rgb,data/keypoints_normalized/adl/adl-11-cam0-rgb.npz,214,243,0,0,1,0.9988696
adl-11-cam0-rgb,data/keypoints_normalized/adl/adl-11-cam0-rgb.npz,215,244,0,0,1,0.998818
adl-11-cam0-rgb,data/keypoints_normalized/adl/adl-11-cam0-rgb.npz,216,245,0,0,1,0.9987924
adl-11-cam0-rgb,data/keypoints_normalized/adl/adl-11-cam0-rgb.npz,217,246,0,0,1,0.99869734
adl-11-cam0-rgb,data/keypoints_normalized/adl/adl-11-cam0-rgb.npz,218,247,0,0,1,0.9986206
adl-11-cam0-rgb,data/keypoints_normalized/adl/adl-11-cam0-rgb.npz,219,248,0,0,1,0.9985526
adl-11-cam0-rgb,data/keypoints_normalized/adl/adl-11-cam0-rgb.npz,220,249,0,0,1,0.99846125
adl-11-cam0-rgb,data/keypoints_normalized/adl/adl-11-cam0-rgb.npz,221,250,0,0,1,0.9984646
adl-11-cam0-rgb,data/keypoints_normalized/adl/adl-11-cam0-rgb.npz,222,251,0,0,1,0.99825746
adl-11-cam0-rgb,data/keypoints_normalized/adl/adl-11-cam0-rgb.npz,223,252,0,0,1,0.99885154
adl-11-cam0-rgb,data/keypoints_normalized/adl/adl-11-cam0-rgb.npz,224,253,0,0,1,0.9988741
adl-11-cam0-rgb,data/keypoints_normalized/adl/adl-11-cam0-rgb.npz,225,254,0,0,1,0.9987513
adl-11-cam0-rgb,data/keypoints_normalized/adl/adl-11-cam0-rgb.npz,226,255,0,0,1,0.99890256
adl-11-cam0-rgb,data/keypoints_normalized/adl/adl-11-cam0-rgb.npz,227,256,0,0,1,0.99902475
adl-11-cam0-rgb,data/keypoints_normalized/adl/adl-11-cam0-rgb.npz,228,257,0,0,1,0.9991804
adl-11-cam0-rgb,data/keypoints_normalized/adl/adl-11-cam0-rgb.npz,229,258,0,0,1,0.9992107
adl-11-cam0-rgb,data/keypoints_normalized/adl/adl-11-cam0-rgb.npz,230,259,0,0,1,0.9992047
adl-11-cam0-rgb,data/keypoints_normalized/adl/adl-11-cam0-rgb.npz,231,260,0,0,1,0.999233
adl-11-cam0-rgb,data/keypoints_normalized/adl/adl-11-cam0-rgb.npz,232,261,0,0,1,0.9992561
adl-11-cam0-rgb,data/keypoints_normalized/adl/adl-11-cam0-rgb.npz,233,262,0,0,1,0.9992731
adl-11-cam0-rgb,data/keypoints_normalized/adl/adl-11-cam0-rgb.npz,234,263,0,0,1,0.9992865
adl-11-cam0-rgb,data/keypoints_normalized/adl/adl-11-cam0-rgb.npz,235,264,0,0,1,0.99929357
adl-11-cam0-rgb,data/keypoints_normalized/adl/adl-11-cam0-rgb.npz,236,265,0,0,1,0.99929905
adl-11-cam0-rgb,data/keypoints_normalized/adl/adl-11-cam0-rgb.npz,237,266,0,0,1,0.9993081
adl-11-cam0-rgb,data/keypoints_normalized/adl/adl-11-cam0-rgb.npz,238,267,0,0,1,0.9993093
adl-11-cam0-rgb,data/keypoints_normalized/adl/adl-11-cam0-rgb.npz,239,268,0,0,1,0.9993087
adl-11-cam0-rgb,data/keypoints_normalized/adl/adl-11-cam0-rgb.npz,240,269,0,0,1,0.99930966
adl-11-cam0-rgb,data/keypoints_normalized/adl/adl-11-cam0-rgb.npz,241,270,0,0,1,0.9993224
adl-11-cam0-rgb,data/keypoints_normalized/adl/adl-11-cam0-rgb.npz,242,271,0,0,1,0.9993223
adl-11-cam0-rgb,data/keypoints_normalized/adl/adl-11-cam0-rgb.npz,243,272,0,0,1,0.9993222
adl-11-cam0-rgb,data/keypoints_normalized/adl/adl-11-cam0-rgb.npz,244,273,0,0,1,0.9993222
adl-11-cam0-rgb,data/keypoints_normalized/adl/adl-11-cam0-rgb.npz,245,274,0,0,1,0.9993222
adl-11-cam0-rgb,data/keypoints_normalized/adl/adl-11-cam0-rgb.npz,246,275,0,0,1,0.99932194
adl-11-cam0-rgb,data/keypoints_normalized/adl/adl-11-cam0-rgb.npz,247,276,0,0,1,0.99932194
adl-11-cam0-rgb,data/keypoints_normalized/adl/adl-11-cam0-rgb.npz,248,277,0,0,1,0.99932194
adl-11-cam0-rgb,data/keypoints_normalized/adl/adl-11-cam0-rgb.npz,249,278,0,0,1,0.9993218
adl-11-cam0-rgb,data/keypoints_normalized/adl/adl-11-cam0-rgb.npz,250,279,0,0,1,0.9993218
adl-11-cam0-rgb,data/keypoints_normalized/adl/adl-11-cam0-rgb.npz,251,280,0,0,1,0.99932194
adl-11-cam0-rgb,data/keypoints_normalized/adl/adl-11-cam0-rgb.npz,252,281,0,0,1,0.99932206
adl-11-cam0-rgb,data/keypoints_normalized/adl/adl-11-cam0-rgb.npz,253,282,0,0,1,0.999323
adl-11-cam0-rgb,data/keypoints_normalized/adl/adl-11-cam0-rgb.npz,254,283,0,0,1,0.99932325
adl-11-cam0-rgb,data/keypoints_normalized/adl/adl-11-cam0-rgb.npz,255,284,0,0,1,0.99932337
adl-11-cam0-rgb,data/keypoints_normalized/adl/adl-11-cam0-rgb.npz,256,285,0,0,1,0.9993235
adl-11-cam0-rgb,data/keypoints_normalized/adl/adl-11-cam0-rgb.npz,257,286,0,0,1,0.9993237
adl-11-cam0-rgb,data/keypoints_normalized/adl/adl-11-cam0-rgb.npz,258,287,0,0,1,0.9993237
adl-11-cam0-rgb,data/keypoints_normalized/adl/adl-11-cam0-rgb.npz,259,288,0,0,1,0.99932396
adl-11-cam0-rgb,data/keypoints_normalized/adl/adl-11-cam0-rgb.npz,260,289,0,0,1,0.9993242
adl-11-cam0-rgb,data/keypoints_normalized/adl/adl-11-cam0-rgb.npz,261,290,0,0,1,0.9993242
adl-11-cam0-rgb,data/keypoints_normalized/adl/adl-11-cam0-rgb.npz,262,291,0,0,1,0.9993241
adl-11-cam0-rgb,data/keypoints_normalized/adl/adl-11-cam0-rgb.npz,263,292,0,0,1,0.9993241
adl-11-cam0-rgb,data/keypoints_normalized/adl/adl-11-cam0-rgb.npz,264,293,0,0,1,0.99932396
adl-11-cam0-rgb,data/keypoints_normalized/adl/adl-11-cam0-rgb.npz,265,294,0,0,1,0.99932384
adl-11-cam0-rgb,data/keypoints_normalized/adl/adl-11-cam0-rgb.npz,266,295,0,0,1,0.9993236
adl-11-cam0-rgb,data/keypoints_normalized/adl/adl-11-cam0-rgb.npz,267,296,0,0,1,0.99932325
adl-11-cam0-rgb,data/keypoints_normalized/adl/adl-11-cam0-rgb.npz,268,297,0,0,1,0.9993228
adl-11-cam0-rgb,data/keypoints_normalized/adl/adl-11-cam0-rgb.npz,269,298,0,0,1,0.9993231
adl-11-cam0-rgb,data/keypoints_normalized/adl/adl-11-cam0-rgb.npz,270,299,0,0,1,0.999323
adl-11-cam0-rgb,data/keypoints_normalized/adl/adl-11-cam0-rgb.npz,271,300,0,0,1,0.9993229
adl-12-cam0-rgb,data/keypoints_normalized/adl/adl-12-cam0-rgb.npz,36,65,0,0,0,5.2069117e-05
adl-12-cam0-rgb,data/keypoints_normalized/adl/adl-12-cam0-rgb.npz,37,66,0,0,0,5.2069117e-05
adl-12-cam0-rgb,data/keypoints_normalized/adl/adl-12-cam0-rgb.npz,38,67,0,0,0,2.8803175e-05
adl-12-cam0-rgb,data/keypoints_normalized/adl/adl-12-cam0-rgb.npz,39,68,0,0,0,2.8803175e-05
adl-12-cam0-rgb,data/keypoints_normalized/adl/adl-12-cam0-rgb.npz,40,69,0,0,0,2.8823564e-05
adl-12-cam0-rgb,data/keypoints_normalized/adl/adl-12-cam0-rgb.npz,41,70,0,0,0,2.8853157e-05
adl-12-cam0-rgb,data/keypoints_normalized/adl/adl-12-cam0-rgb.npz,42,71,0,0,0,2.8900027e-05
adl-12-cam0-rgb,data/keypoints_normalized/adl/adl-12-cam0-rgb.npz,43,72,0,0,0,2.8925751e-05
adl-12-cam0-rgb,data/keypoints_normalized/adl/adl-12-cam0-rgb.npz,44,73,0,0,0,2.921426e-05
adl-12-cam0-rgb,data/keypoints_normalized/adl/adl-12-cam0-rgb.npz,45,74,0,0,0,2.9273491e-05
adl-12-cam0-rgb,data/keypoints_normalized/adl/adl-12-cam0-rgb.npz,46,75,0,0,0,2.9381226e-05
adl-12-cam0-rgb,data/keypoints_normalized/adl/adl-12-cam0-rgb.npz,47,76,0,0,0,2.9641602e-05
adl-12-cam0-rgb,data/keypoints_normalized/adl/adl-12-cam0-rgb.npz,48,77,0,0,0,2.9743456e-05
adl-12-cam0-rgb,data/keypoints_normalized/adl/adl-12-cam0-rgb.npz,49,78,0,0,0,2.9957015e-05
adl-12-cam0-rgb,data/keypoints_normalized/adl/adl-12-cam0-rgb.npz,50,79,0,0,0,3.0135954e-05
adl-12-cam0-rgb,data/keypoints_normalized/adl/adl-12-cam0-rgb.npz,51,80,0,0,0,3.0228464e-05
adl-12-cam0-rgb,data/keypoints_normalized/adl/adl-12-cam0-rgb.npz,52,81,0,0,0,3.0412306e-05
adl-12-cam0-rgb,data/keypoints_normalized/adl/adl-12-cam0-rgb.npz,53,82,0,0,0,3.0520474e-05
adl-12-cam0-rgb,data/keypoints_normalized/adl/adl-12-cam0-rgb.npz,54,83,0,0,0,2.9115521e-05
adl-12-cam0-rgb,data/keypoints_normalized/adl/adl-12-cam0-rgb.npz,55,84,0,0,0,2.9483732e-05
adl-12-cam0-rgb,data/keypoints_normalized/adl/adl-12-cam0-rgb.npz,56,85,0,0,0,2.9781464e-05
adl-12-cam0-rgb,data/keypoints_normalized/adl/adl-12-cam0-rgb.npz,57,86,0,0,0,3.0091358e-05
adl-12-cam0-rgb,data/keypoints_normalized/adl/adl-12-cam0-rgb.npz,58,87,0,0,0,3.0434065e-05
adl-12-cam0-rgb,data/keypoints_normalized/adl/adl-12-cam0-rgb.npz,59,88,0,0,0,3.0704592e-05
adl-12-cam0-rgb,data/keypoints_normalized/adl/adl-12-cam0-rgb.npz,60,89,0,0,0,3.095978e-05
adl-12-cam0-rgb,data/keypoints_normalized/adl/adl-12-cam0-rgb.npz,61,90,0,0,0,3.1079555e-05
adl-12-cam0-rgb,data/keypoints_normalized/adl/adl-12-cam0-rgb.npz,62,91,0,0,0,3.1188552e-05
adl-12-cam0-rgb,data/keypoints_normalized/adl/adl-12-cam0-rgb.npz,63,92,0,0,0,3.1176805e-05
adl-12-cam0-rgb,data/keypoints_normalized/adl/adl-12-cam0-rgb.npz,64,93,0,0,0,3.1184656e-05
adl-12-cam0-rgb,data/keypoints_normalized/adl/adl-12-cam0-rgb.npz,65,94,0,0,0,3.1057392e-05
adl-12-cam0-rgb,data/keypoints_normalized/adl/adl-12-cam0-rgb.npz,66,95,0,0,0,3.07326e-05
adl-12-cam0-rgb,data/keypoints_normalized/adl/adl-12-cam0-rgb.npz,67,96,0,0,0,3.0697538e-05
adl-12-cam0-rgb,data/keypoints_normalized/adl/adl-12-cam0-rgb.npz,68,97,0,0,0,3.070635e-05
adl-12-cam0-rgb,data/keypoints_normalized/adl/adl-12-cam0-rgb.npz,69,98,0,0,0,3.0681007e-05
adl-12-cam0-rgb,data/keypoints_normalized/adl/adl-12-cam0-rgb.npz,70,99,0,0,0,3.0541818e-05
adl-12-cam0-rgb,data/keypoints_normalized/adl/adl-12-cam0-rgb.npz,71,100,0,0,0,3.034301e-05
adl-12-cam0-rgb,data/keypoints_normalized/adl/adl-12-cam0-rgb.npz,72,101,0,0,0,3.0685573e-05
adl-12-cam0-rgb,data/keypoints_normalized/adl/adl-12-cam0-rgb.npz,73,102,0,0,0,3.0739637e-05
adl-12-cam0-rgb,data/keypoints_normalized/adl/adl-12-cam0-rgb.npz,74,103,0,0,0,3.1241572e-05
adl-12-cam0-rgb,data/keypoints_normalized/adl/adl-12-cam0-rgb.npz,75,104,0,0,0,3.1298285e-05
adl-12-cam0-rgb,data/keypoints_normalized/adl/adl-12-cam0-rgb.npz,76,105,0,0,0,3.1287098e-05
adl-12-cam0-rgb,data/keypoints_normalized/adl/adl-12-cam0-rgb.npz,77,106,0,0,0,3.1417065e-05
adl-12-cam0-rgb,data/keypoints_normalized/adl/adl-12-cam0-rgb.npz,78,107,0,0,0,3.169767e-05
adl-12-cam0-rgb,data/keypoints_normalized/adl/adl-12-cam0-rgb.npz,79,108,0,0,0,3.1747462e-05
adl-12-cam0-rgb,data/keypoints_normalized/adl/adl-12-cam0-rgb.npz,80,109,0,0,0,3.172189e-05
adl-12-cam0-rgb,data/keypoints_normalized/adl/adl-12-cam0-rgb.npz,81,110,0,0,0,3.194462e-05
adl-12-cam0-rgb,data/keypoints_normalized/adl/adl-12-cam0-rgb.npz,82,111,0,0,0,3.186731e-05
adl-12-cam0-rgb,data/keypoints_normalized/adl/adl-12-cam0-rgb.npz,83,112,0,0,0,3.1663043e-05
adl-12-cam0-rgb,data/keypoints_normalized/adl/adl-12-cam0-rgb.npz,84,113,0,0,0,3.1390056e-05
adl-12-cam0-rgb,data/keypoints_normalized/adl/adl-12-cam0-rgb.npz,85,114,0,0,0,3.1213935e-05
adl-12-cam0-rgb,data/keypoints_normalized/adl/adl-12-cam0-rgb.npz,86,115,0,0,0,3.0872543e-05
adl-12-cam0-rgb,data/keypoints_normalized/adl/adl-12-cam0-rgb.npz,87,116,0,0,0,3.0358611e-05
adl-12-cam0-rgb,data/keypoints_normalized/adl/adl-12-cam0-rgb.npz,88,117,0,0,0,2.980067e-05
adl-12-cam0-rgb,data/keypoints_normalized/adl/adl-12-cam0-rgb.npz,89,118,0,0,0,2.911541e-05
adl-12-cam0-rgb,data/keypoints_normalized/adl/adl-12-cam0-rgb.npz,90,119,0,0,0,2.839019e-05
adl-12-cam0-rgb,data/keypoints_normalized/adl/adl-12-cam0-rgb.npz,91,120,0,0,0,2.775668e-05
adl-12-cam0-rgb,data/keypoints_normalized/adl/adl-12-cam0-rgb.npz,92,121,0,0,0,2.714564e-05
adl-12-cam0-rgb,data/keypoints_normalized/adl/adl-12-cam0-rgb.npz,93,122,0,0,0,2.6467162e-05
adl-12-cam0-rgb,data/keypoints_normalized/adl/adl-12-cam0-rgb.npz,94,123,0,0,0,2.5858208e-05
adl-12-cam0-rgb,data/keypoints_normalized/adl/adl-12-cam0-rgb.npz,95,124,0,0,0,2.5321058e-05
adl-12-cam0-rgb,data/keypoints_normalized/adl/adl-12-cam0-rgb.npz,96,125,0,0,0,2.4880665e-05
adl-12-cam0-rgb,data/keypoints_normalized/adl/adl-12-cam0-rgb.npz,97,126,0,0,0,2.451052e-05
adl-12-cam0-rgb,data/keypoints_normalized/adl/adl-12-cam0-rgb.npz,98,127,0,0,0,2.4335539e-05
adl-12-cam0-rgb,data/keypoints_normalized/adl/adl-12-cam0-rgb.npz,99,128,0,0,0,2.425209e-05
adl-12-cam0-rgb,data/keypoints_normalized/adl/adl-12-cam0-rgb.npz,100,129,0,0,0,2.4307566e-05
adl-12-cam0-rgb,data/keypoints_normalized/adl/adl-12-cam0-rgb.npz,101,130,0,0,0,2.4508769e-05
adl-12-cam0-rgb,data/keypoints_normalized/adl/adl-12-cam0-rgb.npz,102,131,0,0,0,2.4852921e-05
adl-12-cam0-rgb,data/keypoints_normalized/adl/adl-12-cam0-rgb.npz,103,132,0,0,0,2.5209982e-05
adl-12-cam0-rgb,data/keypoints_normalized/adl/adl-12-cam0-rgb.npz,104,133,0,0,0,2.5629495e-05
adl-12-cam0-rgb,data/keypoints_normalized/adl/adl-12-cam0-rgb.npz,105,134,0,0,0,2.6152533e-05
adl-12-cam0-rgb,data/keypoints_normalized/adl/adl-12-cam0-rgb.npz,106,135,0,0,0,2.6499865e-05
adl-12-cam0-rgb,data/keypoints_normalized/adl/adl-12-cam0-rgb.npz,107,136,0,0,0,2.6861138e-05
adl-12-cam0-rgb,data/keypoints_normalized/adl/adl-12-cam0-rgb.npz,108,137,0,0,0,2.716807e-05
adl-12-cam0-rgb,data/keypoints_normalized/adl/adl-12-cam0-rgb.npz,109,138,0,0,0,2.753829e-05
adl-12-cam0-rgb,data/keypoints_normalized/adl/adl-12-cam0-rgb.npz,110,139,0,0,0,2.7731307e-05
adl-12-cam0-rgb,data/keypoints_normalized/adl/adl-12-cam0-rgb.npz,111,140,0,0,0,2.7747361e-05
adl-12-cam0-rgb,data/keypoints_normalized/adl/adl-12-cam0-rgb.npz,112,141,0,0,0,2.7768858e-05
adl-12-cam0-rgb,data/keypoints_normalized/adl/adl-12-cam0-rgb.npz,113,142,0,0,0,2.7765389e-05
adl-12-cam0-rgb,data/keypoints_normalized/adl/adl-12-cam0-rgb.npz,114,143,0,0,0,2.778099e-05
adl-12-cam0-rgb,data/keypoints_normalized/adl/adl-12-cam0-rgb.npz,115,144,0,0,0,2.7668726e-05
adl-12-cam0-rgb,data/keypoints_normalized/adl/adl-12-cam0-rgb.npz,116,145,0,0,0,2.7505956e-05
adl-12-cam0-rgb,data/keypoints_normalized/adl/adl-12-cam0-rgb.npz,117,146,0,0,0,2.7455457e-05
adl-12-cam0-rgb,data/keypoints_normalized/adl/adl-12-cam0-rgb.npz,118,147,0,0,0,2.740617e-05
adl-12-cam0-rgb,data/keypoints_normalized/adl/adl-12-cam0-rgb.npz,119,148,0,0,0,2.7491218e-05
adl-12-cam0-rgb,data/keypoints_normalized/adl/adl-12-cam0-rgb.npz,120,149,0,0,0,2.7589787e-05
adl-12-cam0-rgb,data/keypoints_normalized/adl/adl-12-cam0-rgb.npz,121,150,0,0,0,3.0042413e-05
adl-12-cam0-rgb,data/keypoints_normalized/adl/adl-12-cam0-rgb.npz,122,151,0,0,0,3.065597e-05
adl-12-cam0-rgb,data/keypoints_normalized/adl/adl-12-cam0-rgb.npz,123,152,0,0,0,3.1366057e-05
adl-12-cam0-rgb,data/keypoints_normalized/adl/adl-12-cam0-rgb.npz,124,153,0,0,0,3.1877673e-05
adl-12-cam0-rgb,data/keypoints_normalized/adl/adl-12-cam0-rgb.npz,125,154,0,0,0,3.258568e-05
adl-12-cam0-rgb,data/keypoints_normalized/adl/adl-12-cam0-rgb.npz,126,155,0,0,0,3.3035874e-05
adl-12-cam0-rgb,data/keypoints_normalized/adl/adl-12-cam0-rgb.npz,127,156,0,0,0,3.3434106e-05
adl-12-cam0-rgb,data/keypoints_normalized/adl/adl-12-cam0-rgb.npz,128,157,0,0,0,3.3699664e-05
adl-12-cam0-rgb,data/keypoints_normalized/adl/adl-12-cam0-rgb.npz,129,158,0,0,0,3.3435e-05
adl-12-cam0-rgb,data/keypoints_normalized/adl/adl-12-cam0-rgb.npz,130,159,0,0,0,3.36515e-05
adl-12-cam0-rgb,data/keypoints_normalized/adl/adl-12-cam0-rgb.npz,131,160,0,0,0,3.3542976e-05
adl-12-cam0-rgb,data/keypoints_normalized/adl/adl-12-cam0-rgb.npz,132,161,0,0,0,3.345755e-05
adl-12-cam0-rgb,data/keypoints_normalized/adl/adl-12-cam0-rgb.npz,133,162,0,0,0,3.3324923e-05
adl-12-cam0-rgb,data/keypoints_normalized/adl/adl-12-cam0-rgb.npz,134,163,0,0,0,3.3069195e-05
adl-12-cam0-rgb,data/keypoints_normalized/adl/adl-12-cam0-rgb.npz,135,164,0,0,0,4.31256e-05
adl-12-cam0-rgb,data/keypoints_normalized/adl/adl-12-cam0-rgb.npz,136,165,0,0,0,4.063974e-05
adl-12-cam0-rgb,data/keypoints_normalized/adl/adl-12-cam0-rgb.npz,137,166,0,0,0,3.8229256e-05
adl-12-cam0-rgb,data/keypoints_normalized/adl/adl-12-cam0-rgb.npz,138,167,0,0,0,3.6389592e-05
adl-12-cam0-rgb,data/keypoints_normalized/adl/adl-12-cam0-rgb.npz,139,168,0,0,0,3.4526976e-05
adl-12-cam0-rgb,data/keypoints_normalized/adl/adl-12-cam0-rgb.npz,140,169,0,0,0,3.278608e-05
adl-12-cam0-rgb,data/keypoints_normalized/adl/adl-12-cam0-rgb.npz,141,170,0,0,0,3.154562e-05
adl-12-cam0-rgb,data/keypoints_normalized/adl/adl-12-cam0-rgb.npz,142,171,0,0,0,3.0465078e-05
adl-12-cam0-rgb,data/keypoints_normalized/adl/adl-12-cam0-rgb.npz,143,172,0,0,0,2.9528357e-05
adl-12-cam0-rgb,data/keypoints_normalized/adl/adl-12-cam0-rgb.npz,144,173,0,0,0,2.8983708e-05
adl-12-cam0-rgb,data/keypoints_normalized/adl/adl-12-cam0-rgb.npz,145,174,0,0,0,2.8906807e-05
adl-12-cam0-rgb,data/keypoints_normalized/adl/adl-12-cam0-rgb.npz,146,175,0,0,0,2.9048819e-05
adl-12-cam0-rgb,data/keypoints_normalized/adl/adl-12-cam0-rgb.npz,147,176,0,0,0,2.9727125e-05
adl-12-cam0-rgb,data/keypoints_normalized/adl/adl-12-cam0-rgb.npz,148,177,0,0,0,3.0347637e-05
adl-12-cam0-rgb,data/keypoints_normalized/adl/adl-12-cam0-rgb.npz,149,178,0,0,0,3.1128176e-05
adl-12-cam0-rgb,data/keypoints_normalized/adl/adl-12-cam0-rgb.npz,150,179,0,0,0,3.171206e-05
adl-12-cam0-rgb,data/keypoints_normalized/adl/adl-12-cam0-rgb.npz,151,180,0,0,0,3.1657124e-05
adl-12-cam0-rgb,data/keypoints_normalized/adl/adl-12-cam0-rgb.npz,152,181,0,0,0,3.1938896e-05
adl-12-cam0-rgb,data/keypoints_normalized/adl/adl-12-cam0-rgb.npz,153,182,0,0,0,3.1829073e-05
adl-12-cam0-rgb,data/keypoints_normalized/adl/adl-12-cam0-rgb.npz,154,183,0,0,0,3.1202686e-05
adl-12-cam0-rgb,data/keypoints_normalized/adl/adl-12-cam0-rgb.npz,155,184,0,0,0,3.0028204e-05
adl-12-cam0-rgb,data/keypoints_normalized/adl/adl-12-cam0-rgb.npz,156,185,0,0,0,2.853176e-05
adl-12-cam0-rgb,data/keypoints_normalized/adl/adl-12-cam0-rgb.npz,157,186,0,0,0,2.687331e-05
adl-12-cam0-rgb,data/keypoints_normalized/adl/adl-12-cam0-rgb.npz,158,187,0,0,0,2.5150619e-05
adl-12-cam0-rgb,data/keypoints_normalized/adl/adl-12-cam0-rgb.npz,159,188,0,0,0,2.3432623e-05
adl-12-cam0-rgb,data/keypoints_normalized/adl/adl-12-cam0-rgb.npz,160,189,0,0,0,2.1539885e-05
adl-12-cam0-rgb,data/keypoints_normalized/adl/adl-12-cam0-rgb.npz,161,190,0,0,0,1.9609672e-05
adl-12-cam0-rgb,data/keypoints_normalized/adl/adl-12-cam0-rgb.npz,162,191,0,0,0,1.771191e-05
adl-12-cam0-rgb,data/keypoints_normalized/adl/adl-12-cam0-rgb.npz,163,192,0,0,0,1.604688e-05
adl-12-cam0-rgb,data/keypoints_normalized/adl/adl-12-cam0-rgb.npz,164,193,0,0,0,1.4554661e-05
adl-12-cam0-rgb,data/keypoints_normalized/adl/adl-12-cam0-rgb.npz,165,194,0,0,0,1.3559853e-05
adl-12-cam0-rgb,data/keypoints_normalized/adl/adl-12-cam0-rgb.npz,166,195,0,0,0,1.2810507e-05
adl-12-cam0-rgb,data/keypoints_normalized/adl/adl-12-cam0-rgb.npz,167,196,0,0,0,1.2227748e-05
adl-12-cam0-rgb,data/keypoints_normalized/adl/adl-12-cam0-rgb.npz,168,197,0,0,0,1.1952997e-05
adl-12-cam0-rgb,data/keypoints_normalized/adl/adl-12-cam0-rgb.npz,169,198,0,0,0,1.18278795e-05
adl-12-cam0-rgb,data/keypoints_normalized/adl/adl-12-cam0-rgb.npz,170,199,0,0,0,1.1827789e-05
adl-12-cam0-rgb,data/keypoints_normalized/adl/adl-12-cam0-rgb.npz,171,200,0,0,0,1.18791995e-05
adl-12-cam0-rgb,data/keypoints_normalized/adl/adl-12-cam0-rgb.npz,172,201,0,0,0,1.1987322e-05
adl-12-cam0-rgb,data/keypoints_normalized/adl/adl-12-cam0-rgb.npz,173,202,0,0,0,1.1837538e-05
adl-12-cam0-rgb,data/keypoints_normalized/adl/adl-12-cam0-rgb.npz,174,203,0,0,0,1.1802302e-05
adl-12-cam0-rgb,data/keypoints_normalized/adl/adl-12-cam0-rgb.npz,175,204,0,0,0,1.1814532e-05
adl-12-cam0-rgb,data/keypoints_normalized/adl/adl-12-cam0-rgb.npz,176,205,0,0,0,1.196915e-05
adl-12-cam0-rgb,data/keypoints_normalized/adl/adl-12-cam0-rgb.npz,177,206,0,0,0,1.2020545e-05
adl-12-cam0-rgb,data/keypoints_normalized/adl/adl-12-cam0-rgb.npz,178,207,0,0,0,1.2016247e-05
adl-12-cam0-rgb,data/keypoints_normalized/adl/adl-12-cam0-rgb.npz,179,208,0,0,0,1.1908964e-05
adl-12-cam0-rgb,data/keypoints_normalized/adl/adl-12-cam0-rgb.npz,180,209,0,0,0,1.1864492e-05
adl-12-cam0-rgb,data/keypoints_normalized/adl/adl-12-cam0-rgb.npz,181,210,0,0,0,1.1728026e-05
adl-12-cam0-rgb,data/keypoints_normalized/adl/adl-12-cam0-rgb.npz,182,211,0,0,0,1.1673371e-05
adl-12-cam0-rgb,data/keypoints_normalized/adl/adl-12-cam0-rgb.npz,183,212,0,0,0,1.160108e-05
adl-12-cam0-rgb,data/keypoints_normalized/adl/adl-12-cam0-rgb.npz,184,213,0,0,0,1.1422333e-05
adl-12-cam0-rgb,data/keypoints_normalized/adl/adl-12-cam0-rgb.npz,185,214,0,0,0,1.1439558e-05
adl-12-cam0-rgb,data/keypoints_normalized/adl/adl-12-cam0-rgb.npz,186,215,0,0,0,1.1287236e-05
adl-12-cam0-rgb,data/keypoints_normalized/adl/adl-12-cam0-rgb.npz,187,216,0,0,0,1.133431e-05
adl-12-cam0-rgb,data/keypoints_normalized/adl/adl-12-cam0-rgb.npz,188,217,0,0,0,1.1316209e-05
adl-12-cam0-rgb,data/keypoints_normalized/adl/adl-12-cam0-rgb.npz,189,218,0,0,0,1.1310274e-05
adl-12-cam0-rgb,data/keypoints_normalized/adl/adl-12-cam0-rgb.npz,190,219,0,0,0,1.1257696e-05
adl-12-cam0-rgb,data/keypoints_normalized/adl/adl-12-cam0-rgb.npz,191,220,0,0,0,1.115361e-05
adl-12-cam0-rgb,data/keypoints_normalized/adl/adl-12-cam0-rgb.npz,192,221,0,0,0,1.1343404e-05
adl-12-cam0-rgb,data/keypoints_normalized/adl/adl-12-cam0-rgb.npz,193,222,0,0,0,1.14656405e-05
adl-12-cam0-rgb,data/keypoints_normalized/adl/adl-12-cam0-rgb.npz,194,223,0,0,0,1.1502701e-05
adl-12-cam0-rgb,data/keypoints_normalized/adl/adl-12-cam0-rgb.npz,195,224,0,0,0,1.1471175e-05
adl-12-cam0-rgb,data/keypoints_normalized/adl/adl-12-cam0-rgb.npz,196,225,0,0,0,1.1507528e-05
adl-12-cam0-rgb,data/keypoints_normalized/adl/adl-12-cam0-rgb.npz,197,226,0,0,0,1.1641386e-05
adl-12-cam0-rgb,data/keypoints_normalized/adl/adl-12-cam0-rgb.npz,198,227,0,0,0,1.1877127e-05
adl-12-cam0-rgb,data/keypoints_normalized/adl/adl-12-cam0-rgb.npz,199,228,0,0,0,1.2076492e-05
adl-12-cam0-rgb,data/keypoints_normalized/adl/adl-12-cam0-rgb.npz,200,229,0,0,0,1.2261098e-05
adl-12-cam0-rgb,data/keypoints_normalized/adl/adl-12-cam0-rgb.npz,201,230,0,0,0,1.2497035e-05
adl-12-cam0-rgb,data/keypoints_normalized/adl/adl-12-cam0-rgb.npz,202,231,0,0,0,1.2819354e-05
adl-12-cam0-rgb,data/keypoints_normalized/adl/adl-12-cam0-rgb.npz,203,232,0,0,0,1.3136701e-05
adl-12-cam0-rgb,data/keypoints_normalized/adl/adl-12-cam0-rgb.npz,204,233,0,0,0,1.3393394e-05
adl-12-cam0-rgb,data/keypoints_normalized/adl/adl-12-cam0-rgb.npz,205,234,0,0,0,1.3817788e-05
adl-12-cam0-rgb,data/keypoints_normalized/adl/adl-12-cam0-rgb.npz,206,235,0,0,0,1.4187439e-05
adl-12-cam0-rgb,data/keypoints_normalized/adl/adl-12-cam0-rgb.npz,207,236,0,0,0,1.44101405e-05
adl-12-cam0-rgb,data/keypoints_normalized/adl/adl-12-cam0-rgb.npz,208,237,0,0,0,1.4863393e-05
adl-12-cam0-rgb,data/keypoints_normalized/adl/adl-12-cam0-rgb.npz,209,238,0,0,0,1.5252183e-05
adl-12-cam0-rgb,data/keypoints_normalized/adl/adl-12-cam0-rgb.npz,210,239,0,0,0,1.5641237e-05
adl-12-cam0-rgb,data/keypoints_normalized/adl/adl-12-cam0-rgb.npz,211,240,0,0,0,1.6140197e-05
adl-12-cam0-rgb,data/keypoints_normalized/adl/adl-12-cam0-rgb.npz,212,241,0,0,0,1.6665083e-05
adl-12-cam0-rgb,data/keypoints_normalized/adl/adl-12-cam0-rgb.npz,213,242,0,0,0,1.7114213e-05
adl-12-cam0-rgb,data/keypoints_normalized/adl/adl-12-cam0-rgb.npz,214,243,0,0,0,1.754812e-05
adl-12-cam0-rgb,data/keypoints_normalized/adl/adl-12-cam0-rgb.npz,215,244,0,0,0,1.7966891e-05
adl-12-cam0-rgb,data/keypoints_normalized/adl/adl-12-cam0-rgb.npz,216,245,0,0,0,1.8289898e-05
adl-12-cam0-rgb,data/keypoints_normalized/adl/adl-12-cam0-rgb.npz,217,246,0,0,0,1.8443612e-05
adl-12-cam0-rgb,data/keypoints_normalized/adl/adl-12-cam0-rgb.npz,218,247,0,0,0,1.8750354e-05
adl-12-cam0-rgb,data/keypoints_normalized/adl/adl-12-cam0-rgb.npz,219,248,0,0,0,1.8949404e-05
adl-12-cam0-rgb,data/keypoints_normalized/adl/adl-12-cam0-rgb.npz,220,249,0,0,0,1.9122625e-05
adl-12-cam0-rgb,data/keypoints_normalized/adl/adl-12-cam0-rgb.npz,221,250,0,0,0,1.9416404e-05
adl-23-cam0-rgb,data/keypoints_normalized/adl/adl-23-cam0-rgb.npz,8,37,0,0,0,3.7445454e-05
adl-23-cam0-rgb,data/keypoints_normalized/adl/adl-23-cam0-rgb.npz,9,38,0,0,0,3.5315545e-05
adl-23-cam0-rgb,data/keypoints_normalized/adl/adl-23-cam0-rgb.npz,10,39,0,0,0,3.529982e-05
adl-23-cam0-rgb,data/keypoints_normalized/adl/adl-23-cam0-rgb.npz,11,40,0,0,0,2.8814935e-05
adl-23-cam0-rgb,data/keypoints_normalized/adl/adl-23-cam0-rgb.npz,12,41,0,0,0,2.8833985e-05
adl-23-cam0-rgb,data/keypoints_normalized/adl/adl-23-cam0-rgb.npz,13,42,0,0,0,2.898465e-05
adl-23-cam0-rgb,data/keypoints_normalized/adl/adl-23-cam0-rgb.npz,14,43,0,0,0,2.9114022e-05
adl-23-cam0-rgb,data/keypoints_normalized/adl/adl-23-cam0-rgb.npz,15,44,0,0,0,2.9272232e-05
adl-23-cam0-rgb,data/keypoints_normalized/adl/adl-23-cam0-rgb.npz,16,45,0,0,0,2.9531198e-05
adl-23-cam0-rgb,data/keypoints_normalized/adl/adl-23-cam0-rgb.npz,17,46,0,0,0,2.9534553e-05
adl-23-cam0-rgb,data/keypoints_normalized/adl/adl-23-cam0-rgb.npz,18,47,0,0,0,2.9737363e-05
adl-23-cam0-rgb,data/keypoints_normalized/adl/adl-23-cam0-rgb.npz,19,48,0,0,0,2.9862202e-05
adl-23-cam0-rgb,data/keypoints_normalized/adl/adl-23-cam0-rgb.npz,20,49,0,0,0,2.9999295e-05
adl-23-cam0-rgb,data/keypoints_normalized/adl/adl-23-cam0-rgb.npz,21,50,0,0,0,3.0028663e-05
adl-23-cam0-rgb,data/keypoints_normalized/adl/adl-23-cam0-rgb.npz,22,51,0,0,0,3.0109184e-05
adl-23-cam0-rgb,data/keypoints_normalized/adl/adl-23-cam0-rgb.npz,23,52,0,0,0,3.013877e-05
adl-23-cam0-rgb,data/keypoints_normalized/adl/adl-23-cam0-rgb.npz,24,53,0,0,0,3.006993e-05
adl-23-cam0-rgb,data/keypoints_normalized/adl/adl-23-cam0-rgb.npz,25,54,0,0,0,2.9952758e-05
adl-23-cam0-rgb,data/keypoints_normalized/adl/adl-23-cam0-rgb.npz,26,55,0,0,0,2.9832061e-05
adl-23-cam0-rgb,data/keypoints_normalized/adl/adl-23-cam0-rgb.npz,27,56,0,0,0,2.9348743e-05
adl-23-cam0-rgb,data/keypoints_normalized/adl/adl-23-cam0-rgb.npz,28,57,0,0,0,2.9060762e-05
adl-23-cam0-rgb,data/keypoints_normalized/adl/adl-23-cam0-rgb.npz,29,58,0,0,0,2.8820103e-05
adl-23-cam0-rgb,data/keypoints_normalized/adl/adl-23-cam0-rgb.npz,30,59,0,0,0,2.433157e-05
adl-23-cam0-rgb,data/keypoints_normalized/adl/adl-23-cam0-rgb.npz,31,60,0,0,0,2.3851342e-05
adl-23-cam0-rgb,data/keypoints_normalized/adl/adl-23-cam0-rgb.npz,32,61,0,0,0,2.3610775e-05
adl-23-cam0-rgb,data/keypoints_normalized/adl/adl-23-cam0-rgb.npz,33,62,0,0,0,2.3408282e-05
adl-23-cam0-rgb,data/keypoints_normalized/adl/adl-23-cam0-rgb.npz,34,63,0,0,0,2.3246595e-05
adl-23-cam0-rgb,data/keypoints_normalized/adl/adl-23-cam0-rgb.npz,35,64,0,0,0,2.3129041e-05
adl-23-cam0-rgb,data/keypoints_normalized/adl/adl-23-cam0-rgb.npz,36,65,0,0,0,2.2959255e-05
adl-23-cam0-rgb,data/keypoints_normalized/adl/adl-23-cam0-rgb.npz,37,66,0,0,0,2.2940521e-05
adl-23-cam0-rgb,data/keypoints_normalized/adl/adl-23-cam0-rgb.npz,38,67,0,0,0,2.3094171e-05
adl-23-cam0-rgb,data/keypoints_normalized/adl/adl-23-cam0-rgb.npz,39,68,0,0,0,2.3122424e-05
adl-23-cam0-rgb,data/keypoints_normalized/adl/adl-23-cam0-rgb.npz,40,69,0,0,0,2.3248436e-05
adl-23-cam0-rgb,data/keypoints_normalized/adl/adl-23-cam0-rgb.npz,41,70,0,0,0,2.3258792e-05
adl-23-cam0-rgb,data/keypoints_normalized/adl/adl-23-cam0-rgb.npz,42,71,0,0,0,2.357653e-05
adl-23-cam0-rgb,data/keypoints_normalized/adl/adl-23-cam0-rgb.npz,43,72,0,0,0,2.3854684e-05
adl-23-cam0-rgb,data/keypoints_normalized/adl/adl-23-cam0-rgb.npz,44,73,0,0,0,2.4056386e-05
adl-23-cam0-rgb,data/keypoints_normalized/adl/adl-23-cam0-rgb.npz,45,74,0,0,0,2.4430456e-05
adl-23-cam0-rgb,data/keypoints_normalized/adl/adl-23-cam0-rgb.npz,46,75,0,0,0,2.4749965e-05
adl-23-cam0-rgb,data/keypoints_normalized/adl/adl-23-cam0-rgb.npz,47,76,0,0,0,2.5255797e-05
adl-23-cam0-rgb,data/keypoints_normalized/adl/adl-23-cam0-rgb.npz,48,77,0,0,0,2.5837699e-05
adl-23-cam0-rgb,data/keypoints_normalized/adl/adl-23-cam0-rgb.npz,49,78,0,0,0,2.6307769e-05
adl-23-cam0-rgb,data/keypoints_normalized/adl/adl-23-cam0-rgb.npz,50,79,0,0,0,2.703971e-05
adl-23-cam0-rgb,data/keypoints_normalized/adl/adl-23-cam0-rgb.npz,51,80,0,0,0,2.8024115e-05
adl-23-cam0-rgb,data/keypoints_normalized/adl/adl-23-cam0-rgb.npz,52,81,0,0,0,2.897799e-05
adl-23-cam0-rgb,data/keypoints_normalized/adl/adl-23-cam0-rgb.npz,53,82,0,0,0,3.0165142e-05
adl-23-cam0-rgb,data/keypoints_normalized/adl/adl-23-cam0-rgb.npz,54,83,0,0,0,3.1544598e-05
adl-23-cam0-rgb,data/keypoints_normalized/adl/adl-23-cam0-rgb.npz,55,84,0,0,0,3.2847696e-05
adl-23-cam0-rgb,data/keypoints_normalized/adl/adl-23-cam0-rgb.npz,56,85,0,0,0,3.43312e-05
adl-23-cam0-rgb,data/keypoints_normalized/adl/adl-23-cam0-rgb.npz,57,86,0,0,0,3.586489e-05
adl-23-cam0-rgb,data/keypoints_normalized/adl/adl-23-cam0-rgb.npz,58,87,0,0,0,3.706364e-05
adl-23-cam0-rgb,data/keypoints_normalized/adl/adl-23-cam0-rgb.npz,59,88,0,0,0,3.8025064e-05
adl-23-cam0-rgb,data/keypoints_normalized/adl/adl-23-cam0-rgb.npz,60,89,0,0,0,3.884563e-05
adl-23-cam0-rgb,data/keypoints_normalized/adl/adl-23-cam0-rgb.npz,61,90,0,0,0,3.9355044e-05
adl-23-cam0-rgb,data/keypoints_normalized/adl/adl-23-cam0-rgb.npz,62,91,0,0,0,3.958359e-05
adl-23-cam0-rgb,data/keypoints_normalized/adl/adl-23-cam0-rgb.npz,63,92,0,0,0,3.9508843e-05
adl-23-cam0-rgb,data/keypoints_normalized/adl/adl-23-cam0-rgb.npz,64,93,0,0,0,3.9694423e-05
adl-23-cam0-rgb,data/keypoints_normalized/adl/adl-23-cam0-rgb.npz,65,94,0,0,0,3.9744613e-05
adl-23-cam0-rgb,data/keypoints_normalized/adl/adl-23-cam0-rgb.npz,66,95,0,0,0,3.9391205e-05
adl-23-cam0-rgb,data/keypoints_normalized/adl/adl-23-cam0-rgb.npz,67,96,0,0,0,3.9308085e-05
adl-23-cam0-rgb,data/keypoints_normalized/adl/adl-23-cam0-rgb.npz,68,97,0,0,0,3.9246133e-05
adl-23-cam0-rgb,data/keypoints_normalized/adl/adl-23-cam0-rgb.npz,69,98,0,0,0,3.900257e-05
adl-23-cam0-rgb,data/keypoints_normalized/adl/adl-23-cam0-rgb.npz,70,99,0,0,0,3.894667e-05
adl-23-cam0-rgb,data/keypoints_normalized/adl/adl-23-cam0-rgb.npz,71,100,0,0,0,3.8680613e-05
adl-23-cam0-rgb,data/keypoints_normalized/adl/adl-23-cam0-rgb.npz,72,101,0,0,0,3.8621933e-05
adl-23-cam0-rgb,data/keypoints_normalized/adl/adl-23-cam0-rgb.npz,73,102,0,0,0,3.855301e-05
adl-23-cam0-rgb,data/keypoints_normalized/adl/adl-23-cam0-rgb.npz,74,103,0,0,0,3.8668295e-05
adl-23-cam0-rgb,data/keypoints_normalized/adl/adl-23-cam0-rgb.npz,75,104,0,0,0,3.8712533e-05
adl-23-cam0-rgb,data/keypoints_normalized/adl/adl-23-cam0-rgb.npz,76,105,0,0,0,3.8630846e-05
adl-23-cam0-rgb,data/keypoints_normalized/adl/adl-23-cam0-rgb.npz,77,106,0,0,0,3.8865786e-05
adl-23-cam0-rgb,data/keypoints_normalized/adl/adl-23-cam0-rgb.npz,78,107,0,0,0,3.920558e-05
adl-23-cam0-rgb,data/keypoints_normalized/adl/adl-23-cam0-rgb.npz,79,108,0,0,0,3.9440554e-05
adl-23-cam0-rgb,data/keypoints_normalized/adl/adl-23-cam0-rgb.npz,80,109,0,0,0,4.022368e-05
adl-23-cam0-rgb,data/keypoints_normalized/adl/adl-23-cam0-rgb.npz,81,110,0,0,0,3.897974e-05
adl-23-cam0-rgb,data/keypoints_normalized/adl/adl-23-cam0-rgb.npz,82,111,0,0,0,3.8771905e-05
adl-23-cam0-rgb,data/keypoints_normalized/adl/adl-23-cam0-rgb.npz,83,112,0,0,0,3.9238723e-05
adl-23-cam0-rgb,data/keypoints_normalized/adl/adl-23-cam0-rgb.npz,84,113,0,0,0,3.9753748e-05
adl-23-cam0-rgb,data/keypoints_normalized/adl/adl-23-cam0-rgb.npz,85,114,0,0,0,4.0331262e-05
adl-23-cam0-rgb,data/keypoints_normalized/adl/adl-23-cam0-rgb.npz,86,115,0,0,0,4.016185e-05
adl-23-cam0-rgb,data/keypoints_normalized/adl/adl-23-cam0-rgb.npz,87,116,0,0,0,3.9794784e-05
adl-23-cam0-rgb,data/keypoints_normalized/adl/adl-23-cam0-rgb.npz,88,117,0,0,0,3.9735703e-05
adl-23-cam0-rgb,data/keypoints_normalized/adl/adl-23-cam0-rgb.npz,89,118,0,0,0,3.8958373e-05
adl-23-cam0-rgb,data/keypoints_normalized/adl/adl-23-cam0-rgb.npz,90,119,0,0,0,3.830604e-05
adl-23-cam0-rgb,data/keypoints_normalized/adl/adl-23-cam0-rgb.npz,91,120,0,0,0,3.453554e-05
adl-23-cam0-rgb,data/keypoints_normalized/adl/adl-23-cam0-rgb.npz,92,121,0,0,0,3.384053e-05
adl-23-cam0-rgb,data/keypoints_normalized/adl/adl-23-cam0-rgb.npz,93,122,0,0,0,3.320539e-05
adl-23-cam0-rgb,data/keypoints_normalized/adl/adl-23-cam0-rgb.npz,94,123,0,0,0,3.2621716e-05
adl-23-cam0-rgb,data/keypoints_normalized/adl/adl-23-cam0-rgb.npz,95,124,0,0,0,3.2048218e-05
adl-23-cam0-rgb,data/keypoints_normalized/adl/adl-23-cam0-rgb.npz,96,125,0,0,0,3.052918e-05
adl-23-cam0-rgb,data/keypoints_normalized/adl/adl-23-cam0-rgb.npz,97,126,0,0,0,3.0023966e-05
adl-23-cam0-rgb,data/keypoints_normalized/adl/adl-23-cam0-rgb.npz,98,127,0,0,0,2.7138909e-05
adl-23-cam0-rgb,data/keypoints_normalized/adl/adl-23-cam0-rgb.npz,99,128,0,0,0,2.693491e-05
adl-23-cam0-rgb,data/keypoints_normalized/adl/adl-23-cam0-rgb.npz,100,129,0,0,0,2.6361942e-05
adl-23-cam0-rgb,data/keypoints_normalized/adl/adl-23-cam0-rgb.npz,101,130,0,0,0,2.5730713e-05
adl-23-cam0-rgb,data/keypoints_normalized/adl/adl-23-cam0-rgb.npz,102,131,0,0,0,2.4723522e-05
adl-23-cam0-rgb,data/keypoints_normalized/adl/adl-23-cam0-rgb.npz,103,132,0,0,0,2.3807435e-05
adl-23-cam0-rgb,data/keypoints_normalized/adl/adl-23-cam0-rgb.npz,104,133,0,0,0,2.2870925e-05
adl-23-cam0-rgb,data/keypoints_normalized/adl/adl-23-cam0-rgb.npz,105,134,0,0,0,2.2074035e-05
adl-23-cam0-rgb,data/keypoints_normalized/adl/adl-23-cam0-rgb.npz,106,135,0,0,0,2.1299096e-05
adl-23-cam0-rgb,data/keypoints_normalized/adl/adl-23-cam0-rgb.npz,107,136,0,0,0,2.009603e-05
adl-23-cam0-rgb,data/keypoints_normalized/adl/adl-23-cam0-rgb.npz,108,137,0,0,0,1.8934952e-05
adl-23-cam0-rgb,data/keypoints_normalized/adl/adl-23-cam0-rgb.npz,109,138,0,0,0,1.8058485e-05
adl-23-cam0-rgb,data/keypoints_normalized/adl/adl-23-cam0-rgb.npz,110,139,0,0,0,1.7216562e-05
adl-23-cam0-rgb,data/keypoints_normalized/adl/adl-23-cam0-rgb.npz,111,140,0,0,0,1.6816142e-05
adl-23-cam0-rgb,data/keypoints_normalized/adl/adl-23-cam0-rgb.npz,112,141,0,0,0,1.599094e-05
adl-23-cam0-rgb,data/keypoints_normalized/adl/adl-23-cam0-rgb.npz,113,142,0,0,0,1.5846901e-05
adl-23-cam0-rgb,data/keypoints_normalized/adl/adl-23-cam0-rgb.npz,114,143,0,0,0,1.543038e-05
adl-23-cam0-rgb,data/keypoints_normalized/adl/adl-23-cam0-rgb.npz,115,144,0,0,0,1.4802934e-05
adl-23-cam0-rgb,data/keypoints_normalized/adl/adl-23-cam0-rgb.npz,116,145,0,0,0,1.5289786e-05
adl-23-cam0-rgb,data/keypoints_normalized/adl/adl-23-cam0-rgb.npz,117,146,0,0,0,1.45567155e-05
adl-23-cam0-rgb,data/keypoints_normalized/adl/adl-23-cam0-rgb.npz,118,147,0,0,0,1.4384864e-05
adl-23-cam0-rgb,data/keypoints_normalized/adl/adl-23-cam0-rgb.npz,119,148,0,0,0,1.4323647e-05
adl-23-cam0-rgb,data/keypoints_normalized/adl/adl-23-cam0-rgb.npz,120,149,0,0,0,1.4337765e-05
adl-23-cam0-rgb,data/keypoints_normalized/adl/adl-23-cam0-rgb.npz,121,150,0,0,0,1.4629974e-05
adl-23-cam0-rgb,data/keypoints_normalized/adl/adl-23-cam0-rgb.npz,122,151,0,0,0,1.4952079e-05
adl-23-cam0-rgb,data/keypoints_normalized/adl/adl-23-cam0-rgb.npz,123,152,0,0,0,1.5099599e-05
adl-23-cam0-rgb,data/keypoints_normalized/adl/adl-23-cam0-rgb.npz,124,153,0,0,0,1.5109452e-05
adl-23-cam0-rgb,data/keypoints_normalized/adl/adl-23-cam0-rgb.npz,125,154,0,0,0,1.5295067e-05
adl-23-cam0-rgb,data/keypoints_normalized/adl/adl-23-cam0-rgb.npz,126,155,0,0,0,1.5542017e-05
adl-23-cam0-rgb,data/keypoints_normalized/adl/adl-23-cam0-rgb.npz,127,156,0,0,0,1.589482e-05
adl-23-cam0-rgb,data/keypoints_normalized/adl/adl-23-cam0-rgb.npz,128,157,0,0,0,1.6048489e-05
adl-23-cam0-rgb,data/keypoints_normalized/adl/adl-23-cam0-rgb.npz,129,158,0,0,0,1.623074e-05
adl-23-cam0-rgb,data/keypoints_normalized/adl/adl-23-cam0-rgb.npz,130,159,0,0,0,1.6576922e-05
adl-23-cam0-rgb,data/keypoints_normalized/adl/adl-23-cam0-rgb.npz,131,160,0,0,0,1.6827806e-05
adl-23-cam0-rgb,data/keypoints_normalized/adl/adl-23-cam0-rgb.npz,132,161,0,0,0,1.7403077e-05
adl-23-cam0-rgb,data/keypoints_normalized/adl/adl-23-cam0-rgb.npz,133,162,0,0,0,1.7731514e-05
adl-23-cam0-rgb,data/keypoints_normalized/adl/adl-23-cam0-rgb.npz,134,163,0,0,0,1.795634e-05
adl-23-cam0-rgb,data/keypoints_normalized/adl/adl-23-cam0-rgb.npz,135,164,0,0,0,1.8851028e-05
adl-23-cam0-rgb,data/keypoints_normalized/adl/adl-23-cam0-rgb.npz,136,165,0,0,0,1.8401834e-05
adl-23-cam0-rgb,data/keypoints_normalized/adl/adl-23-cam0-rgb.npz,137,166,0,0,0,1.2727531e-05
adl-24-cam0-rgb,data/keypoints_normalized/adl/adl-24-cam0-rgb.npz,1,30,0,0,0,1.5597576e-05
adl-24-cam0-rgb,data/keypoints_normalized/adl/adl-24-cam0-rgb.npz,2,31,0,0,0,1.5030108e-05
adl-24-cam0-rgb,data/keypoints_normalized/adl/adl-24-cam0-rgb.npz,3,32,0,0,0,1.4482055e-05
adl-24-cam0-rgb,data/keypoints_normalized/adl/adl-24-cam0-rgb.npz,4,33,0,0,0,1.3808871e-05
adl-24-cam0-rgb,data/keypoints_normalized/adl/adl-24-cam0-rgb.npz,5,34,0,0,0,1.2999786e-05
adl-24-cam0-rgb,data/keypoints_normalized/adl/adl-24-cam0-rgb.npz,6,35,0,0,0,1.1997628e-05
adl-24-cam0-rgb,data/keypoints_normalized/adl/adl-24-cam0-rgb.npz,7,36,0,0,0,1.1228747e-05
adl-24-cam0-rgb,data/keypoints_normalized/adl/adl-24-cam0-rgb.npz,8,37,0,0,0,1.0883112e-05
adl-24-cam0-rgb,data/keypoints_normalized/adl/adl-24-cam0-rgb.npz,9,38,0,0,0,1.0902808e-05
adl-24-cam0-rgb,data/keypoints_normalized/adl/adl-24-cam0-rgb.npz,10,39,0,0,0,1.1000376e-05
adl-24-cam0-rgb,data/keypoints_normalized/adl/adl-24-cam0-rgb.npz,11,40,0,0,0,1.1208654e-05
adl-24-cam0-rgb,data/keypoints_normalized/adl/adl-24-cam0-rgb.npz,12,41,0,0,0,1.1262765e-05
adl-24-cam0-rgb,data/keypoints_normalized/adl/adl-24-cam0-rgb.npz,13,42,0,0,0,1.1483587e-05
adl-24-cam0-rgb,data/keypoints_normalized/adl/adl-24-cam0-rgb.npz,14,43,0,0,0,1.1651138e-05
adl-24-cam0-rgb,data/keypoints_normalized/adl/adl-24-cam0-rgb.npz,15,44,0,0,0,1.1791546e-05
adl-24-cam0-rgb,data/keypoints_normalized/adl/adl-24-cam0-rgb.npz,16,45,0,0,0,1.198475e-05
adl-24-cam0-rgb,data/keypoints_normalized/adl/adl-24-cam0-rgb.npz,17,46,0,0,0,1.2224053e-05
adl-24-cam0-rgb,data/keypoints_normalized/adl/adl-24-cam0-rgb.npz,18,47,0,0,0,1.2338091e-05
adl-24-cam0-rgb,data/keypoints_normalized/adl/adl-24-cam0-rgb.npz,19,48,0,0,0,1.248105e-05
adl-24-cam0-rgb,data/keypoints_normalized/adl/adl-24-cam0-rgb.npz,20,49,0,0,0,1.2446628e-05
adl-24-cam0-rgb,data/keypoints_normalized/adl/adl-24-cam0-rgb.npz,21,50,0,0,0,1.2428315e-05
adl-24-cam0-rgb,data/keypoints_normalized/adl/adl-24-cam0-rgb.npz,22,51,0,0,0,1.2326214e-05
adl-24-cam0-rgb,data/keypoints_normalized/adl/adl-24-cam0-rgb.npz,23,52,0,0,0,1.219684e-05
adl-24-cam0-rgb,data/keypoints_normalized/adl/adl-24-cam0-rgb.npz,24,53,0,0,0,1.2481646e-05
adl-24-cam0-rgb,data/keypoints_normalized/adl/adl-24-cam0-rgb.npz,25,54,0,0,0,1.325828e-05
adl-24-cam0-rgb,data/keypoints_normalized/adl/adl-24-cam0-rgb.npz,26,55,0,0,0,1.2992027e-05
adl-24-cam0-rgb,data/keypoints_normalized/adl/adl-24-cam0-rgb.npz,27,56,0,0,0,1.2290061e-05
adl-24-cam0-rgb,data/keypoints_normalized/adl/adl-24-cam0-rgb.npz,28,57,0,0,0,1.2044643e-05
adl-24-cam0-rgb,data/keypoints_normalized/adl/adl-24-cam0-rgb.npz,29,58,0,0,0,1.1697197e-05
adl-24-cam0-rgb,data/keypoints_normalized/adl/adl-24-cam0-rgb.npz,30,59,0,0,0,1.1741074e-05
adl-24-cam0-rgb,data/keypoints_normalized/adl/adl-24-cam0-rgb.npz,31,60,0,0,0,1.1908396e-05
adl-24-cam0-rgb,data/keypoints_normalized/adl/adl-24-cam0-rgb.npz,32,61,0,0,0,1.2129515e-05
adl-24-cam0-rgb,data/keypoints_normalized/adl/adl-24-cam0-rgb.npz,33,62,0,0,0,1.2470176e-05
adl-24-cam0-rgb,data/keypoints_normalized/adl/adl-24-cam0-rgb.npz,34,63,0,0,0,1.28861075e-05
adl-24-cam0-rgb,data/keypoints_normalized/adl/adl-24-cam0-rgb.npz,35,64,0,0,0,1.3383219e-05
adl-24-cam0-rgb,data/keypoints_normalized/adl/adl-24-cam0-rgb.npz,36,65,0,0,0,1.3976522e-05
adl-24-cam0-rgb,data/keypoints_normalized/adl/adl-24-cam0-rgb.npz,37,66,0,0,0,1.4642985e-05
adl-24-cam0-rgb,data/keypoints_normalized/adl/adl-24-cam0-rgb.npz,38,67,0,0,0,1.539459e-05
adl-24-cam0-rgb,data/keypoints_normalized/adl/adl-24-cam0-rgb.npz,39,68,0,0,0,1.6249667e-05
adl-24-cam0-rgb,data/keypoints_normalized/adl/adl-24-cam0-rgb.npz,40,69,0,0,0,1.7158307e-05
adl-24-cam0-rgb,data/keypoints_normalized/adl/adl-24-cam0-rgb.npz,41,70,0,0,0,1.8076593e-05
adl-32-cam0-rgb,data/keypoints_normalized/adl/adl-32-cam0-rgb.npz,1,30,0,0,0,3.69921e-05
adl-32-cam0-rgb,data/keypoints_normalized/adl/adl-32-cam0-rgb.npz,2,31,0,0,0,3.6484274e-05
adl-32-cam0-rgb,data/keypoints_normalized/adl/adl-32-cam0-rgb.npz,3,32,0,0,0,3.615134e-05
adl-32-cam0-rgb,data/keypoints_normalized/adl/adl-32-cam0-rgb.npz,4,33,0,0,0,3.5741836e-05
adl-32-cam0-rgb,data/keypoints_normalized/adl/adl-32-cam0-rgb.npz,5,34,0,0,0,3.5176057e-05
adl-32-cam0-rgb,data/keypoints_normalized/adl/adl-32-cam0-rgb.npz,6,35,0,0,0,3.463118e-05
adl-32-cam0-rgb,data/keypoints_normalized/adl/adl-32-cam0-rgb.npz,7,36,0,0,0,3.416075e-05
adl-32-cam0-rgb,data/keypoints_normalized/adl/adl-32-cam0-rgb.npz,8,37,0,0,0,3.3630226e-05
adl-32-cam0-rgb,data/keypoints_normalized/adl/adl-32-cam0-rgb.npz,9,38,0,0,0,3.3071465e-05
adl-32-cam0-rgb,data/keypoints_normalized/adl/adl-32-cam0-rgb.npz,10,39,0,0,0,3.264008e-05
adl-32-cam0-rgb,data/keypoints_normalized/adl/adl-32-cam0-rgb.npz,11,40,0,0,0,3.2160176e-05
adl-32-cam0-rgb,data/keypoints_normalized/adl/adl-32-cam0-rgb.npz,12,41,0,0,0,3.196696e-05
adl-32-cam0-rgb,data/keypoints_normalized/adl/adl-32-cam0-rgb.npz,13,42,0,0,0,3.1751853e-05
adl-32-cam0-rgb,data/keypoints_normalized/adl/adl-32-cam0-rgb.npz,14,43,0,0,0,3.152403e-05
adl-32-cam0-rgb,data/keypoints_normalized/adl/adl-32-cam0-rgb.npz,15,44,0,0,0,3.1575146e-05
adl-32-cam0-rgb,data/keypoints_normalized/adl/adl-32-cam0-rgb.npz,16,45,0,0,0,3.155612e-05
adl-32-cam0-rgb,data/keypoints_normalized/adl/adl-32-cam0-rgb.npz,17,46,0,0,0,3.164886e-05
adl-32-cam0-rgb,data/keypoints_normalized/adl/adl-32-cam0-rgb.npz,18,47,0,0,0,3.1724856e-05
adl-32-cam0-rgb,data/keypoints_normalized/adl/adl-32-cam0-rgb.npz,19,48,0,0,0,3.184358e-05
adl-32-cam0-rgb,data/keypoints_normalized/adl/adl-32-cam0-rgb.npz,20,49,0,0,0,3.195035e-05
adl-32-cam0-rgb,data/keypoints_normalized/adl/adl-32-cam0-rgb.npz,21,50,0,0,0,3.210857e-05
adl-32-cam0-rgb,data/keypoints_normalized/adl/adl-32-cam0-rgb.npz,22,51,0,0,0,3.226345e-05
adl-32-cam0-rgb,data/keypoints_normalized/adl/adl-32-cam0-rgb.npz,23,52,0,0,0,3.241809e-05
adl-32-cam0-rgb,data/keypoints_normalized/adl/adl-32-cam0-rgb.npz,24,53,0,0,0,3.252635e-05
adl-32-cam0-rgb,data/keypoints_normalized/adl/adl-32-cam0-rgb.npz,25,54,0,0,0,3.2735526e-05
adl-32-cam0-rgb,data/keypoints_normalized/adl/adl-32-cam0-rgb.npz,26,55,0,0,0,3.2863052e-05
adl-32-cam0-rgb,data/keypoints_normalized/adl/adl-32-cam0-rgb.npz,27,56,0,0,0,3.3056833e-05
adl-32-cam0-rgb,data/keypoints_normalized/adl/adl-32-cam0-rgb.npz,28,57,0,0,0,3.3170705e-05
adl-32-cam0-rgb,data/keypoints_normalized/adl/adl-32-cam0-rgb.npz,29,58,0,0,0,3.3102697e-05
adl-32-cam0-rgb,data/keypoints_normalized/adl/adl-32-cam0-rgb.npz,30,59,0,0,0,3.3012093e-05
adl-32-cam0-rgb,data/keypoints_normalized/adl/adl-32-cam0-rgb.npz,31,60,0,0,0,3.2956235e-05
adl-32-cam0-rgb,data/keypoints_normalized/adl/adl-32-cam0-rgb.npz,32,61,0,0,0,3.2759453e-05
adl-32-cam0-rgb,data/keypoints_normalized/adl/adl-32-cam0-rgb.npz,33,62,0,0,0,3.247088e-05
adl-32-cam0-rgb,data/keypoints_normalized/adl/adl-32-cam0-rgb.npz,34,63,0,0,0,3.192574e-05
adl-32-cam0-rgb,data/keypoints_normalized/adl/adl-32-cam0-rgb.npz,35,64,0,0,0,3.129948e-05
adl-32-cam0-rgb,data/keypoints_normalized/adl/adl-32-cam0-rgb.npz,36,65,0,0,0,3.051957e-05
adl-32-cam0-rgb,data/keypoints_normalized/adl/adl-32-cam0-rgb.npz,37,66,0,0,0,2.9463325e-05
adl-32-cam0-rgb,data/keypoints_normalized/adl/adl-32-cam0-rgb.npz,38,67,0,0,0,2.8310838e-05
adl-32-cam0-rgb,data/keypoints_normalized/adl/adl-32-cam0-rgb.npz,39,68,0,0,0,2.7013444e-05
adl-32-cam0-rgb,data/keypoints_normalized/adl/adl-32-cam0-rgb.npz,40,69,0,0,0,2.5626661e-05
adl-32-cam0-rgb,data/keypoints_normalized/adl/adl-32-cam0-rgb.npz,41,70,0,0,0,2.4217445e-05
adl-32-cam0-rgb,data/keypoints_normalized/adl/adl-32-cam0-rgb.npz,42,71,0,0,0,2.2795628e-05
adl-32-cam0-rgb,data/keypoints_normalized/adl/adl-32-cam0-rgb.npz,43,72,0,0,0,2.1410411e-05
adl-32-cam0-rgb,data/keypoints_normalized/adl/adl-32-cam0-rgb.npz,44,73,0,0,0,2.0161202e-05
adl-32-cam0-rgb,data/keypoints_normalized/adl/adl-32-cam0-rgb.npz,45,74,0,0,0,1.899074e-05
adl-32-cam0-rgb,data/keypoints_normalized/adl/adl-32-cam0-rgb.npz,46,75,0,0,0,1.7924585e-05
adl-32-cam0-rgb,data/keypoints_normalized/adl/adl-32-cam0-rgb.npz,47,76,0,0,0,1.7005146e-05
adl-32-cam0-rgb,data/keypoints_normalized/adl/adl-32-cam0-rgb.npz,48,77,0,0,0,1.6140073e-05
adl-32-cam0-rgb,data/keypoints_normalized/adl/adl-32-cam0-rgb.npz,49,78,0,0,0,1.5404798e-05
adl-32-cam0-rgb,data/keypoints_normalized/adl/adl-32-cam0-rgb.npz,50,79,0,0,0,1.4742186e-05
adl-32-cam0-rgb,data/keypoints_normalized/adl/adl-32-cam0-rgb.npz,51,80,0,0,0,1.418054e-05
adl-32-cam0-rgb,data/keypoints_normalized/adl/adl-32-cam0-rgb.npz,52,81,0,0,0,1.3705658e-05
adl-32-cam0-rgb,data/keypoints_normalized/adl/adl-32-cam0-rgb.npz,53,82,0,0,0,1.32749055e-05
adl-32-cam0-rgb,data/keypoints_normalized/adl/adl-32-cam0-rgb.npz,54,83,0,0,0,1.292044e-05
adl-32-cam0-rgb,data/keypoints_normalized/adl/adl-32-cam0-rgb.npz,55,84,0,0,0,1.2584507e-05
adl-32-cam0-rgb,data/keypoints_normalized/adl/adl-32-cam0-rgb.npz,56,85,0,0,0,1.2307678e-05
adl-32-cam0-rgb,data/keypoints_normalized/adl/adl-32-cam0-rgb.npz,57,86,0,0,0,1.2147272e-05
adl-32-cam0-rgb,data/keypoints_normalized/adl/adl-32-cam0-rgb.npz,58,87,0,0,0,1.2002229e-05
adl-32-cam0-rgb,data/keypoints_normalized/adl/adl-32-cam0-rgb.npz,59,88,0,0,0,1.1977623e-05
adl-32-cam0-rgb,data/keypoints_normalized/adl/adl-32-cam0-rgb.npz,60,89,0,0,0,1.2101023e-05
adl-32-cam0-rgb,data/keypoints_normalized/adl/adl-32-cam0-rgb.npz,61,90,0,0,0,1.1337877e-05
adl-32-cam0-rgb,data/keypoints_normalized/adl/adl-32-cam0-rgb.npz,62,91,0,0,0,1.1487968e-05
adl-32-cam0-rgb,data/keypoints_normalized/adl/adl-32-cam0-rgb.npz,63,92,0,0,0,1.1802582e-05
adl-32-cam0-rgb,data/keypoints_normalized/adl/adl-32-cam0-rgb.npz,64,93,0,0,0,1.2122692e-05
adl-32-cam0-rgb,data/keypoints_normalized/adl/adl-32-cam0-rgb.npz,65,94,0,0,0,1.2517193e-05
adl-32-cam0-rgb,data/keypoints_normalized/adl/adl-32-cam0-rgb.npz,66,95,0,0,0,1.28640795e-05
adl-32-cam0-rgb,data/keypoints_normalized/adl/adl-32-cam0-rgb.npz,67,96,0,0,0,1.3019589e-05
adl-32-cam0-rgb,data/keypoints_normalized/adl/adl-32-cam0-rgb.npz,68,97,0,0,0,1.3070171e-05
adl-32-cam0-rgb,data/keypoints_normalized/adl/adl-32-cam0-rgb.npz,69,98,0,0,0,1.2877347e-05
adl-32-cam0-rgb,data/keypoints_normalized/adl/adl-32-cam0-rgb.npz,70,99,0,0,0,1.2497225e-05
adl-32-cam0-rgb,data/keypoints_normalized/adl/adl-32-cam0-rgb.npz,71,100,0,0,0,1.2133403e-05
adl-32-cam0-rgb,data/keypoints_normalized/adl/adl-32-cam0-rgb.npz,72,101,0,0,0,1.1632519e-05
adl-32-cam0-rgb,data/keypoints_normalized/adl/adl-32-cam0-rgb.npz,73,102,0,0,0,1.10536075e-05
adl-32-cam0-rgb,data/keypoints_normalized/adl/adl-32-cam0-rgb.npz,74,103,0,0,0,1.0478394e-05
adl-32-cam0-rgb,data/keypoints_normalized/adl/adl-32-cam0-rgb.npz,75,104,0,0,0,1.0511904e-05
adl-32-cam0-rgb,data/keypoints_normalized/adl/adl-32-cam0-rgb.npz,76,105,0,0,0,1.0885655e-05
adl-32-cam0-rgb,data/keypoints_normalized/adl/adl-32-cam0-rgb.npz,77,106,0,0,0,1.14109225e-05
adl-32-cam0-rgb,data/keypoints_normalized/adl/adl-32-cam0-rgb.npz,78,107,0,0,0,1.20396935e-05
adl-32-cam0-rgb,data/keypoints_normalized/adl/adl-32-cam0-rgb.npz,79,108,0,0,0,1.2720201e-05
adl-32-cam0-rgb,data/keypoints_normalized/adl/adl-32-cam0-rgb.npz,80,109,0,0,0,1.3482228e-05
adl-32-cam0-rgb,data/keypoints_normalized/adl/adl-32-cam0-rgb.npz,81,110,0,0,0,1.4277672e-05
adl-32-cam0-rgb,data/keypoints_normalized/adl/adl-32-cam0-rgb.npz,82,111,0,0,0,1.5082704e-05
adl-32-cam0-rgb,data/keypoints_normalized/adl/adl-32-cam0-rgb.npz,83,112,0,0,0,1.5935586e-05
adl-32-cam0-rgb,data/keypoints_normalized/adl/adl-32-cam0-rgb.npz,84,113,0,0,0,1.7278602e-05
adl-32-cam0-rgb,data/keypoints_normalized/adl/adl-32-cam0-rgb.npz,85,114,0,0,0,1.8993493e-05
adl-32-cam0-rgb,data/keypoints_normalized/adl/adl-32-cam0-rgb.npz,86,115,0,0,0,2.0821992e-05
adl-32-cam0-rgb,data/keypoints_normalized/adl/adl-32-cam0-rgb.npz,87,116,0,0,0,2.3299906e-05
adl-32-cam0-rgb,data/keypoints_normalized/adl/adl-32-cam0-rgb.npz,88,117,0,0,0,2.6030062e-05
adl-32-cam0-rgb,data/keypoints_normalized/adl/adl-32-cam0-rgb.npz,89,118,0,0,0,2.9393386e-05
adl-32-cam0-rgb,data/keypoints_normalized/adl/adl-32-cam0-rgb.npz,90,119,0,0,0,3.307364e-05
adl-32-cam0-rgb,data/keypoints_normalized/adl/adl-32-cam0-rgb.npz,91,120,0,0,0,3.628664e-05
adl-32-cam0-rgb,data/keypoints_normalized/adl/adl-32-cam0-rgb.npz,92,121,0,0,0,3.9718736e-05
adl-32-cam0-rgb,data/keypoints_normalized/adl/adl-32-cam0-rgb.npz,93,122,0,0,0,3.741001e-05
adl-32-cam0-rgb,data/keypoints_normalized/adl/adl-32-cam0-rgb.npz,94,123,0,0,0,5.7451114e-05
adl-32-cam0-rgb,data/keypoints_normalized/adl/adl-32-cam0-rgb.npz,95,124,0,0,0,3.612915e-05
adl-32-cam0-rgb,data/keypoints_normalized/adl/adl-32-cam0-rgb.npz,96,125,0,0,0,3.3587374e-05
adl-32-cam0-rgb,data/keypoints_normalized/adl/adl-32-cam0-rgb.npz,97,126,0,0,0,3.0734827e-05
adl-32-cam0-rgb,data/keypoints_normalized/adl/adl-32-cam0-rgb.npz,98,127,0,0,0,2.7959168e-05
adl-32-cam0-rgb,data/keypoints_normalized/adl/adl-32-cam0-rgb.npz,99,128,0,0,0,2.6730306e-05
adl-32-cam0-rgb,data/keypoints_normalized/adl/adl-32-cam0-rgb.npz,100,129,0,0,0,2.4782463e-05
adl-32-cam0-rgb,data/keypoints_normalized/adl/adl-32-cam0-rgb.npz,101,130,0,0,0,2.3015331e-05
adl-32-cam0-rgb,data/keypoints_normalized/adl/adl-32-cam0-rgb.npz,102,131,0,0,0,2.19196e-05
adl-32-cam0-rgb,data/keypoints_normalized/adl/adl-32-cam0-rgb.npz,103,132,0,0,0,2.0825128e-05
adl-32-cam0-rgb,data/keypoints_normalized/adl/adl-32-cam0-rgb.npz,104,133,0,0,0,2.0087005e-05
adl-32-cam0-rgb,data/keypoints_normalized/adl/adl-32-cam0-rgb.npz,105,134,0,0,0,1.9033763e-05
adl-32-cam0-rgb,data/keypoints_normalized/adl/adl-32-cam0-rgb.npz,106,135,0,0,0,1.8505012e-05
adl-32-cam0-rgb,data/keypoints_normalized/adl/adl-32-cam0-rgb.npz,107,136,0,0,0,1.7890668e-05
adl-32-cam0-rgb,data/keypoints_normalized/adl/adl-32-cam0-rgb.npz,108,137,0,0,0,1.7232098e-05
adl-32-cam0-rgb,data/keypoints_normalized/adl/adl-32-cam0-rgb.npz,109,138,0,0,0,1.7362314e-05
adl-32-cam0-rgb,data/keypoints_normalized/adl/adl-32-cam0-rgb.npz,110,139,0,0,0,1.5039773e-05
adl-32-cam0-rgb,data/keypoints_normalized/adl/adl-32-cam0-rgb.npz,111,140,0,0,0,1.4763826e-05
adl-32-cam0-rgb,data/keypoints_normalized/adl/adl-32-cam0-rgb.npz,112,141,0,0,0,1.4850612e-05
adl-32-cam0-rgb,data/keypoints_normalized/adl/adl-32-cam0-rgb.npz,113,142,0,0,0,1.3736265e-05
adl-32-cam0-rgb,data/keypoints_normalized/adl/adl-32-cam0-rgb.npz,114,143,0,0,0,1.0785669e-05
adl-32-cam0-rgb,data/keypoints_normalized/adl/adl-32-cam0-rgb.npz,115,144,0,0,0,1.1104302e-05
adl-32-cam0-rgb,data/keypoints_normalized/adl/adl-32-cam0-rgb.npz,116,145,0,0,0,1.1639599e-05
adl-32-cam0-rgb,data/keypoints_normalized/adl/adl-32-cam0-rgb.npz,117,146,0,0,0,1.25336055e-05
adl-32-cam0-rgb,data/keypoints_normalized/adl/adl-32-cam0-rgb.npz,118,147,0,0,0,1.3565207e-05
adl-32-cam0-rgb,data/keypoints_normalized/adl/adl-32-cam0-rgb.npz,119,148,0,0,0,1.5205143e-05
adl-32-cam0-rgb,data/keypoints_normalized/adl/adl-32-cam0-rgb.npz,120,149,0,0,0,1.7755508e-05
adl-32-cam0-rgb,data/keypoints_normalized/adl/adl-32-cam0-rgb.npz,121,150,0,0,0,1.8025965e-05
adl-32-cam0-rgb,data/keypoints_normalized/adl/adl-32-cam0-rgb.npz,122,151,0,0,0,1.9999825e-05
adl-32-cam0-rgb,data/keypoints_normalized/adl/adl-32-cam0-rgb.npz,123,152,0,0,0,2.186924e-05
adl-32-cam0-rgb,data/keypoints_normalized/adl/adl-32-cam0-rgb.npz,124,153,0,0,0,2.312141e-05
adl-32-cam0-rgb,data/keypoints_normalized/adl/adl-32-cam0-rgb.npz,125,154,0,0,0,2.4744892e-05
adl-32-cam0-rgb,data/keypoints_normalized/adl/adl-32-cam0-rgb.npz,126,155,0,0,0,2.677025e-05
adl-32-cam0-rgb,data/keypoints_normalized/adl/adl-32-cam0-rgb.npz,127,156,0,0,0,2.8210176e-05
adl-32-cam0-rgb,data/keypoints_normalized/adl/adl-32-cam0-rgb.npz,128,157,0,0,0,2.8311537e-05
adl-32-cam0-rgb,data/keypoints_normalized/adl/adl-32-cam0-rgb.npz,129,158,0,0,0,2.9924435e-05
adl-32-cam0-rgb,data/keypoints_normalized/adl/adl-32-cam0-rgb.npz,130,159,0,0,0,3.147735e-05
adl-32-cam0-rgb,data/keypoints_normalized/adl/adl-32-cam0-rgb.npz,131,160,0,0,0,3.3364355e-05
adl-32-cam0-rgb,data/keypoints_normalized/adl/adl-32-cam0-rgb.npz,132,161,0,0,0,3.5952893e-05
adl-32-cam0-rgb,data/keypoints_normalized/adl/adl-32-cam0-rgb.npz,133,162,0,0,0,3.9013845e-05
adl-32-cam0-rgb,data/keypoints_normalized/adl/adl-32-cam0-rgb.npz,134,163,0,0,0,4.4150358e-05
adl-32-cam0-rgb,data/keypoints_normalized/adl/adl-32-cam0-rgb.npz,135,164,0,0,0,4.8019505e-05
adl-32-cam0-rgb,data/keypoints_normalized/adl/adl-32-cam0-rgb.npz,136,165,0,0,0,5.2349227e-05
adl-32-cam0-rgb,data/keypoints_normalized/adl/adl-32-cam0-rgb.npz,137,166,0,0,0,5.682993e-05
adl-32-cam0-rgb,data/keypoints_normalized/adl/adl-32-cam0-rgb.npz,138,167,0,0,0,6.410938e-05
adl-32-cam0-rgb,data/keypoints_normalized/adl/adl-32-cam0-rgb.npz,139,168,0,0,0,7.364827e-05
adl-32-cam0-rgb,data/keypoints_normalized/adl/adl-32-cam0-rgb.npz,140,169,0,0,0,9.245657e-05
adl-32-cam0-rgb,data/keypoints_normalized/adl/adl-32-cam0-rgb.npz,141,170,0,0,0,9.959868e-05
adl-32-cam0-rgb,data/keypoints_normalized/adl/adl-32-cam0-rgb.npz,142,171,0,0,0,9.6551965e-05
adl-32-cam0-rgb,data/keypoints_normalized/adl/adl-32-cam0-rgb.npz,143,172,0,0,0,8.609806e-05
adl-32-cam0-rgb,data/keypoints_normalized/adl/adl-32-cam0-rgb.npz,144,173,0,0,0,8.876362e-05
adl-32-cam0-rgb,data/keypoints_normalized/adl/adl-32-cam0-rgb.npz,145,174,0,0,0,5.622468e-05
adl-32-cam0-rgb,data/keypoints_normalized/adl/adl-32-cam0-rgb.npz,146,175,0,0,0,5.3480107e-05
adl-32-cam0-rgb,data/keypoints_normalized/adl/adl-32-cam0-rgb.npz,147,176,0,0,0,4.814289e-05
adl-32-cam0-rgb,data/keypoints_normalized/adl/adl-32-cam0-rgb.npz,148,177,0,0,0,4.2258813e-05
adl-32-cam0-rgb,data/keypoints_normalized/adl/adl-32-cam0-rgb.npz,149,178,0,0,0,3.9043574e-05
adl-32-cam0-rgb,data/keypoints_normalized/adl/adl-32-cam0-rgb.npz,150,179,0,0,0,3.6169553e-05
adl-32-cam0-rgb,data/keypoints_normalized/adl/adl-32-cam0-rgb.npz,151,180,0,0,0,3.4389064e-05
adl-32-cam0-rgb,data/keypoints_normalized/adl/adl-32-cam0-rgb.npz,152,181,0,0,0,3.0726973e-05
adl-32-cam0-rgb,data/keypoints_normalized/adl/adl-32-cam0-rgb.npz,153,182,0,0,0,2.7554e-05
adl-32-cam0-rgb,data/keypoints_normalized/adl/adl-32-cam0-rgb.npz,154,183,0,0,0,2.5202049e-05
adl-32-cam0-rgb,data/keypoints_normalized/adl/adl-32-cam0-rgb.npz,155,184,0,0,0,2.2917648e-05
adl-32-cam0-rgb,data/keypoints_normalized/adl/adl-32-cam0-rgb.npz,156,185,0,0,0,2.2723978e-05
adl-32-cam0-rgb,data/keypoints_normalized/adl/adl-32-cam0-rgb.npz,157,186,0,0,0,2.2004842e-05
adl-32-cam0-rgb,data/keypoints_normalized/adl/adl-32-cam0-rgb.npz,158,187,0,0,0,3.1849475e-05
adl-32-cam0-rgb,data/keypoints_normalized/adl/adl-32-cam0-rgb.npz,159,188,0,0,0,2.691162e-05
adl-32-cam0-rgb,data/keypoints_normalized/adl/adl-32-cam0-rgb.npz,160,189,0,0,0,2.2652212e-05
adl-32-cam0-rgb,data/keypoints_normalized/adl/adl-32-cam0-rgb.npz,161,190,0,0,0,1.913253e-05
adl-32-cam0-rgb,data/keypoints_normalized/adl/adl-32-cam0-rgb.npz,162,191,0,0,0,1.5792182e-05
adl-32-cam0-rgb,data/keypoints_normalized/adl/adl-32-cam0-rgb.npz,163,192,0,0,0,1.3098908e-05
adl-32-cam0-rgb,data/keypoints_normalized/adl/adl-32-cam0-rgb.npz,164,193,0,0,0,1.166449e-05
adl-32-cam0-rgb,data/keypoints_normalized/adl/adl-32-cam0-rgb.npz,165,194,0,0,0,1.0848543e-05
adl-32-cam0-rgb,data/keypoints_normalized/adl/adl-32-cam0-rgb.npz,166,195,0,0,0,1.0673846e-05
adl-32-cam0-rgb,data/keypoints_normalized/adl/adl-32-cam0-rgb.npz,167,196,0,0,0,1.0628837e-05
adl-32-cam0-rgb,data/keypoints_normalized/adl/adl-32-cam0-rgb.npz,168,197,0,0,0,9.97589e-06
adl-32-cam0-rgb,data/keypoints_normalized/adl/adl-32-cam0-rgb.npz,169,198,0,0,0,9.983295e-06
adl-32-cam0-rgb,data/keypoints_normalized/adl/adl-32-cam0-rgb.npz,170,199,0,0,0,1.0102938e-05
adl-32-cam0-rgb,data/keypoints_normalized/adl/adl-32-cam0-rgb.npz,171,200,0,0,0,1.0268399e-05
adl-34-cam0-rgb,data/keypoints_normalized/adl/adl-34-cam0-rgb.npz,1,30,0,0,0,1.9441713e-05
adl-34-cam0-rgb,data/keypoints_normalized/adl/adl-34-cam0-rgb.npz,2,31,0,0,0,1.8789624e-05
adl-34-cam0-rgb,data/keypoints_normalized/adl/adl-34-cam0-rgb.npz,3,32,0,0,0,1.8261e-05
adl-34-cam0-rgb,data/keypoints_normalized/adl/adl-34-cam0-rgb.npz,4,33,0,0,0,1.767307e-05
adl-34-cam0-rgb,data/keypoints_normalized/adl/adl-34-cam0-rgb.npz,5,34,0,0,0,1.7151795e-05
adl-34-cam0-rgb,data/keypoints_normalized/adl/adl-34-cam0-rgb.npz,6,35,0,0,0,1.6723736e-05
adl-34-cam0-rgb,data/keypoints_normalized/adl/adl-34-cam0-rgb.npz,7,36,0,0,0,1.6316904e-05
adl-34-cam0-rgb,data/keypoints_normalized/adl/adl-34-cam0-rgb.npz,8,37,0,0,0,1.5863929e-05
adl-34-cam0-rgb,data/keypoints_normalized/adl/adl-34-cam0-rgb.npz,9,38,0,0,0,1.5531214e-05
adl-34-cam0-rgb,data/keypoints_normalized/adl/adl-34-cam0-rgb.npz,10,39,0,0,0,1.5061244e-05
adl-34-cam0-rgb,data/keypoints_normalized/adl/adl-34-cam0-rgb.npz,11,40,0,0,0,1.4702707e-05
adl-34-cam0-rgb,data/keypoints_normalized/adl/adl-34-cam0-rgb.npz,12,41,0,0,0,1.4314183e-05
adl-34-cam0-rgb,data/keypoints_normalized/adl/adl-34-cam0-rgb.npz,13,42,0,0,0,1.3883662e-05
adl-34-cam0-rgb,data/keypoints_normalized/adl/adl-34-cam0-rgb.npz,14,43,0,0,0,1.3454189e-05
adl-34-cam0-rgb,data/keypoints_normalized/adl/adl-34-cam0-rgb.npz,15,44,0,0,0,1.3084563e-05
adl-34-cam0-rgb,data/keypoints_normalized/adl/adl-34-cam0-rgb.npz,16,45,0,0,0,1.2825785e-05
adl-34-cam0-rgb,data/keypoints_normalized/adl/adl-34-cam0-rgb.npz,17,46,0,0,0,1.2746091e-05
adl-34-cam0-rgb,data/keypoints_normalized/adl/adl-34-cam0-rgb.npz,18,47,0,0,0,1.2827719e-05
adl-34-cam0-rgb,data/keypoints_normalized/adl/adl-34-cam0-rgb.npz,19,48,0,0,0,1.3045788e-05
adl-34-cam0-rgb,data/keypoints_normalized/adl/adl-34-cam0-rgb.npz,20,49,0,0,0,1.3295087e-05
adl-34-cam0-rgb,data/keypoints_normalized/adl/adl-34-cam0-rgb.npz,21,50,0,0,0,1.3518974e-05
adl-34-cam0-rgb,data/keypoints_normalized/adl/adl-34-cam0-rgb.npz,22,51,0,0,0,1.3759892e-05
adl-34-cam0-rgb,data/keypoints_normalized/adl/adl-34-cam0-rgb.npz,23,52,0,0,0,1.4146961e-05
adl-34-cam0-rgb,data/keypoints_normalized/adl/adl-34-cam0-rgb.npz,24,53,0,0,0,1.4529143e-05
adl-34-cam0-rgb,data/keypoints_normalized/adl/adl-34-cam0-rgb.npz,25,54,0,0,0,1.5209682e-05
adl-34-cam0-rgb,data/keypoints_normalized/adl/adl-34-cam0-rgb.npz,26,55,0,0,0,1.5714017e-05
adl-34-cam0-rgb,data/keypoints_normalized/adl/adl-34-cam0-rgb.npz,27,56,0,0,0,1.6373411e-05
adl-34-cam0-rgb,data/keypoints_normalized/adl/adl-34-cam0-rgb.npz,28,57,0,0,0,1.7046306e-05
adl-34-cam0-rgb,data/keypoints_normalized/adl/adl-34-cam0-rgb.npz,29,58,0,0,0,2.1886282e-05
adl-34-cam0-rgb,data/keypoints_normalized/adl/adl-34-cam0-rgb.npz,30,59,0,0,0,2.048144e-05
adl-34-cam0-rgb,data/keypoints_normalized/adl/adl-34-cam0-rgb.npz,31,60,0,0,0,2.111792e-05
adl-34-cam0-rgb,data/keypoints_normalized/adl/adl-34-cam0-rgb.npz,32,61,0,0,0,2.1125536e-05
adl-34-cam0-rgb,data/keypoints_normalized/adl/adl-34-cam0-rgb.npz,33,62,0,0,0,2.192901e-05
adl-34-cam0-rgb,data/keypoints_normalized/adl/adl-34-cam0-rgb.npz,34,63,0,0,0,2.2870181e-05
adl-34-cam0-rgb,data/keypoints_normalized/adl/adl-34-cam0-rgb.npz,35,64,0,0,0,2.3938985e-05
adl-34-cam0-rgb,data/keypoints_normalized/adl/adl-34-cam0-rgb.npz,36,65,0,0,0,2.4758063e-05
adl-34-cam0-rgb,data/keypoints_normalized/adl/adl-34-cam0-rgb.npz,37,66,0,0,0,2.6387874e-05
adl-34-cam0-rgb,data/keypoints_normalized/adl/adl-34-cam0-rgb.npz,38,67,0,0,0,2.801613e-05
adl-34-cam0-rgb,data/keypoints_normalized/adl/adl-34-cam0-rgb.npz,39,68,0,0,0,2.922967e-05
adl-34-cam0-rgb,data/keypoints_normalized/adl/adl-34-cam0-rgb.npz,40,69,0,0,0,3.2505202e-05
adl-34-cam0-rgb,data/keypoints_normalized/adl/adl-34-cam0-rgb.npz,41,70,0,0,0,3.3834654e-05
adl-34-cam0-rgb,data/keypoints_normalized/adl/adl-34-cam0-rgb.npz,42,71,0,0,0,3.5333534e-05
adl-34-cam0-rgb,data/keypoints_normalized/adl/adl-34-cam0-rgb.npz,43,72,0,0,0,3.7095077e-05
adl-34-cam0-rgb,data/keypoints_normalized/adl/adl-34-cam0-rgb.npz,44,73,0,0,0,3.9545106e-05
adl-34-cam0-rgb,data/keypoints_normalized/adl/adl-34-cam0-rgb.npz,45,74,0,0,0,4.157164e-05
adl-34-cam0-rgb,data/keypoints_normalized/adl/adl-34-cam0-rgb.npz,46,75,0,0,0,4.3739044e-05
adl-34-cam0-rgb,data/keypoints_normalized/adl/adl-34-cam0-rgb.npz,47,76,0,0,0,4.414173e-05
adl-34-cam0-rgb,data/keypoints_normalized/adl/adl-34-cam0-rgb.npz,48,77,0,0,0,4.4650104e-05
adl-34-cam0-rgb,data/keypoints_normalized/adl/adl-34-cam0-rgb.npz,49,78,0,0,0,4.720101e-05
adl-34-cam0-rgb,data/keypoints_normalized/adl/adl-34-cam0-rgb.npz,50,79,0,0,0,5.0549665e-05
adl-34-cam0-rgb,data/keypoints_normalized/adl/adl-34-cam0-rgb.npz,51,80,0,0,0,5.2754447e-05
adl-34-cam0-rgb,data/keypoints_normalized/adl/adl-34-cam0-rgb.npz,52,81,0,0,0,5.6531135e-05
adl-34-cam0-rgb,data/keypoints_normalized/adl/adl-34-cam0-rgb.npz,53,82,0,0,0,5.747331e-05
adl-34-cam0-rgb,data/keypoints_normalized/adl/adl-34-cam0-rgb.npz,54,83,0,0,0,5.7986337e-05
adl-34-cam0-rgb,data/keypoints_normalized/adl/adl-34-cam0-rgb.npz,55,84,0,0,0,5.998017e-05
adl-34-cam0-rgb,data/keypoints_normalized/adl/adl-34-cam0-rgb.npz,56,85,0,0,0,6.107656e-05
adl-34-cam0-rgb,data/keypoints_normalized/adl/adl-34-cam0-rgb.npz,57,86,0,0,0,6.16512e-05
adl-34-cam0-rgb,data/keypoints_normalized/adl/adl-34-cam0-rgb.npz,58,87,0,0,0,6.218081e-05
adl-34-cam0-rgb,data/keypoints_normalized/adl/adl-34-cam0-rgb.npz,59,88,0,0,0,6.408737e-05
adl-34-cam0-rgb,data/keypoints_normalized/adl/adl-34-cam0-rgb.npz,60,89,0,0,0,6.41831e-05
adl-34-cam0-rgb,data/keypoints_normalized/adl/adl-34-cam0-rgb.npz,61,90,0,0,0,6.444221e-05
adl-34-cam0-rgb,data/keypoints_normalized/adl/adl-34-cam0-rgb.npz,62,91,0,0,0,6.65962e-05
adl-34-cam0-rgb,data/keypoints_normalized/adl/adl-34-cam0-rgb.npz,63,92,0,0,0,2.3572753e-05
adl-34-cam0-rgb,data/keypoints_normalized/adl/adl-34-cam0-rgb.npz,64,93,0,0,0,2.1799651e-05
adl-34-cam0-rgb,data/keypoints_normalized/adl/adl-34-cam0-rgb.npz,65,94,0,0,0,2.1849393e-05
adl-34-cam0-rgb,data/keypoints_normalized/adl/adl-34-cam0-rgb.npz,66,95,0,0,0,2.40962e-05
adl-34-cam0-rgb,data/keypoints_normalized/adl/adl-34-cam0-rgb.npz,67,96,0,0,0,2.4826653e-05
adl-34-cam0-rgb,data/keypoints_normalized/adl/adl-34-cam0-rgb.npz,68,97,0,0,0,2.5715723e-05
adl-34-cam0-rgb,data/keypoints_normalized/adl/adl-34-cam0-rgb.npz,69,98,0,0,0,2.710896e-05
adl-34-cam0-rgb,data/keypoints_normalized/adl/adl-34-cam0-rgb.npz,70,99,0,0,0,2.9852723e-05
adl-34-cam0-rgb,data/keypoints_normalized/adl/adl-34-cam0-rgb.npz,71,100,0,0,0,3.3339544e-05
adl-34-cam0-rgb,data/keypoints_normalized/adl/adl-34-cam0-rgb.npz,72,101,0,0,0,3.6353103e-05
adl-34-cam0-rgb,data/keypoints_normalized/adl/adl-34-cam0-rgb.npz,73,102,0,0,0,4.2391202e-05
adl-34-cam0-rgb,data/keypoints_normalized/adl/adl-34-cam0-rgb.npz,74,103,0,0,0,4.664454e-05
adl-34-cam0-rgb,data/keypoints_normalized/adl/adl-34-cam0-rgb.npz,75,104,0,0,0,4.9879796e-05
adl-34-cam0-rgb,data/keypoints_normalized/adl/adl-34-cam0-rgb.npz,76,105,0,0,0,5.234843e-05
adl-34-cam0-rgb,data/keypoints_normalized/adl/adl-34-cam0-rgb.npz,77,106,0,0,0,5.402881e-05
adl-34-cam0-rgb,data/keypoints_normalized/adl/adl-34-cam0-rgb.npz,78,107,0,0,0,5.526897e-05
adl-34-cam0-rgb,data/keypoints_normalized/adl/adl-34-cam0-rgb.npz,79,108,0,0,0,5.5832195e-05
adl-34-cam0-rgb,data/keypoints_normalized/adl/adl-34-cam0-rgb.npz,80,109,0,0,0,5.6322464e-05
adl-34-cam0-rgb,data/keypoints_normalized/adl/adl-34-cam0-rgb.npz,81,110,0,0,0,5.7985784e-05
adl-34-cam0-rgb,data/keypoints_normalized/adl/adl-34-cam0-rgb.npz,82,111,0,0,0,5.7414964e-05
adl-34-cam0-rgb,data/keypoints_normalized/adl/adl-34-cam0-rgb.npz,83,112,0,0,0,6.342383e-05
adl-34-cam0-rgb,data/keypoints_normalized/adl/adl-34-cam0-rgb.npz,84,113,0,0,0,6.551104e-05
adl-34-cam0-rgb,data/keypoints_normalized/adl/adl-34-cam0-rgb.npz,85,114,0,0,0,6.874635e-05
adl-34-cam0-rgb,data/keypoints_normalized/adl/adl-34-cam0-rgb.npz,86,115,0,0,0,7.207308e-05
adl-34-cam0-rgb,data/keypoints_normalized/adl/adl-34-cam0-rgb.npz,87,116,0,0,0,7.513614e-05
adl-34-cam0-rgb,data/keypoints_normalized/adl/adl-34-cam0-rgb.npz,88,117,0,0,0,7.75739e-05
adl-34-cam0-rgb,data/keypoints_normalized/adl/adl-34-cam0-rgb.npz,89,118,0,0,0,0.00012783581
adl-34-cam0-rgb,data/keypoints_normalized/adl/adl-34-cam0-rgb.npz,90,119,0,0,0,0.0001254169
adl-34-cam0-rgb,data/keypoints_normalized/adl/adl-34-cam0-rgb.npz,91,120,0,0,0,0.00012427807
adl-34-cam0-rgb,data/keypoints_normalized/adl/adl-34-cam0-rgb.npz,92,121,0,0,0,0.00012088272
adl-34-cam0-rgb,data/keypoints_normalized/adl/adl-34-cam0-rgb.npz,93,122,0,0,0,0.00015928876
adl-34-cam0-rgb,data/keypoints_normalized/adl/adl-34-cam0-rgb.npz,94,123,0,0,0,0.00023725627
adl-34-cam0-rgb,data/keypoints_normalized/adl/adl-34-cam0-rgb.npz,95,124,0,0,0,0.00025085028
adl-34-cam0-rgb,data/keypoints_normalized/adl/adl-34-cam0-rgb.npz,96,125,0,0,0,0.0004521792
adl-34-cam0-rgb,data/keypoints_normalized/adl/adl-34-cam0-rgb.npz,97,126,0,0,0,0.0003715377
adl-34-cam0-rgb,data/keypoints_normalized/adl/adl-34-cam0-rgb.npz,98,127,0,0,0,0.00025641246
adl-34-cam0-rgb,data/keypoints_normalized/adl/adl-34-cam0-rgb.npz,99,128,0,0,0,0.00022591464
adl-34-cam0-rgb,data/keypoints_normalized/adl/adl-34-cam0-rgb.npz,100,129,0,0,0,0.00019653895
adl-34-cam0-rgb,data/keypoints_normalized/adl/adl-34-cam0-rgb.npz,101,130,0,0,0,0.00017645987
adl-34-cam0-rgb,data/keypoints_normalized/adl/adl-34-cam0-rgb.npz,102,131,0,0,0,0.00016179477
adl-34-cam0-rgb,data/keypoints_normalized/adl/adl-34-cam0-rgb.npz,103,132,0,0,0,0.00014012412
adl-34-cam0-rgb,data/keypoints_normalized/adl/adl-34-cam0-rgb.npz,104,133,0,0,0,0.00012150238
adl-34-cam0-rgb,data/keypoints_normalized/adl/adl-34-cam0-rgb.npz,105,134,0,0,0,7.1321825e-05
adl-34-cam0-rgb,data/keypoints_normalized/adl/adl-34-cam0-rgb.npz,106,135,0,0,0,5.592032e-05
adl-34-cam0-rgb,data/keypoints_normalized/adl/adl-34-cam0-rgb.npz,107,136,0,0,0,5.6804784e-05
adl-34-cam0-rgb,data/keypoints_normalized/adl/adl-34-cam0-rgb.npz,108,137,0,0,0,5.766435e-05
adl-34-cam0-rgb,data/keypoints_normalized/adl/adl-34-cam0-rgb.npz,109,138,0,0,0,5.837994e-05
adl-34-cam0-rgb,data/keypoints_normalized/adl/adl-34-cam0-rgb.npz,110,139,0,0,0,5.8755933e-05
adl-34-cam0-rgb,data/keypoints_normalized/adl/adl-34-cam0-rgb.npz,111,140,0,0,0,5.91898e-05
adl-34-cam0-rgb,data/keypoints_normalized/adl/adl-34-cam0-rgb.npz,112,141,0,0,0,5.9010865e-05
adl-34-cam0-rgb,data/keypoints_normalized/adl/adl-34-cam0-rgb.npz,113,142,0,0,0,5.710634e-05
adl-34-cam0-rgb,data/keypoints_normalized/adl/adl-34-cam0-rgb.npz,114,143,0,0,0,5.7315843e-05
adl-34-cam0-rgb,data/keypoints_normalized/adl/adl-34-cam0-rgb.npz,115,144,0,0,0,5.7194407e-05
adl-34-cam0-rgb,data/keypoints_normalized/adl/adl-34-cam0-rgb.npz,116,145,0,0,0,5.6918227e-05
adl-34-cam0-rgb,data/keypoints_normalized/adl/adl-34-cam0-rgb.npz,117,146,0,0,0,5.574334e-05
adl-34-cam0-rgb,data/keypoints_normalized/adl/adl-34-cam0-rgb.npz,118,147,0,0,0,5.6331693e-05
adl-34-cam0-rgb,data/keypoints_normalized/adl/adl-34-cam0-rgb.npz,119,148,0,0,0,5.8593327e-05
adl-34-cam0-rgb,data/keypoints_normalized/adl/adl-34-cam0-rgb.npz,120,149,0,0,0,6.4268286e-05
adl-34-cam0-rgb,data/keypoints_normalized/adl/adl-34-cam0-rgb.npz,121,150,0,0,0,6.61833e-05
adl-34-cam0-rgb,data/keypoints_normalized/adl/adl-34-cam0-rgb.npz,122,151,0,0,0,7.0343165e-05
adl-34-cam0-rgb,data/keypoints_normalized/adl/adl-34-cam0-rgb.npz,123,152,0,0,0,7.650639e-05
adl-34-cam0-rgb,data/keypoints_normalized/adl/adl-34-cam0-rgb.npz,124,153,0,0,0,8.019163e-05
adl-34-cam0-rgb,data/keypoints_normalized/adl/adl-34-cam0-rgb.npz,125,154,0,0,0,0.00010283838
adl-34-cam0-rgb,data/keypoints_normalized/adl/adl-34-cam0-rgb.npz,126,155,0,0,0,0.00010849786
adl-34-cam0-rgb,data/keypoints_normalized/adl/adl-34-cam0-rgb.npz,127,156,0,0,0,0.000104031235
adl-34-cam0-rgb,data/keypoints_normalized/adl/adl-34-cam0-rgb.npz,128,157,0,0,0,0.000106066764
adl-34-cam0-rgb,data/keypoints_normalized/adl/adl-34-cam0-rgb.npz,129,158,0,0,0,0.00010676237
adl-34-cam0-rgb,data/keypoints_normalized/adl/adl-34-cam0-rgb.npz,130,159,0,0,0,0.000105971434
adl-34-cam0-rgb,data/keypoints_normalized/adl/adl-34-cam0-rgb.npz,131,160,0,0,0,0.00010451128
adl-34-cam0-rgb,data/keypoints_normalized/adl/adl-34-cam0-rgb.npz,132,161,0,0,0,0.00010102969
adl-34-cam0-rgb,data/keypoints_normalized/adl/adl-34-cam0-rgb.npz,133,162,0,0,0,9.921857e-05
adl-34-cam0-rgb,data/keypoints_normalized/adl/adl-34-cam0-rgb.npz,134,163,0,0,0,9.781581e-05
adl-34-cam0-rgb,data/keypoints_normalized/adl/adl-34-cam0-rgb.npz,135,164,0,0,0,9.722882e-05
adl-34-cam0-rgb,data/keypoints_normalized/adl/adl-34-cam0-rgb.npz,136,165,0,0,0,9.3983195e-05
adl-34-cam0-rgb,data/keypoints_normalized/adl/adl-34-cam0-rgb.npz,137,166,0,0,0,9.345163e-05
adl-34-cam0-rgb,data/keypoints_normalized/adl/adl-34-cam0-rgb.npz,138,167,0,0,0,9.20785e-05
adl-34-cam0-rgb,data/keypoints_normalized/adl/adl-34-cam0-rgb.npz,139,168,0,0,0,9.021017e-05
adl-34-cam0-rgb,data/keypoints_normalized/adl/adl-34-cam0-rgb.npz,140,169,0,0,0,8.7876535e-05
adl-34-cam0-rgb,data/keypoints_normalized/adl/adl-34-cam0-rgb.npz,141,170,0,0,0,9.088686e-05
adl-34-cam0-rgb,data/keypoints_normalized/adl/adl-34-cam0-rgb.npz,142,171,0,0,0,9.453742e-05
adl-34-cam0-rgb,data/keypoints_normalized/adl/adl-34-cam0-rgb.npz,143,172,0,0,0,0.000100861056
adl-34-cam0-rgb,data/keypoints_normalized/adl/adl-34-cam0-rgb.npz,144,173,0,0,0,0.0002080542
adl-34-cam0-rgb,data/keypoints_normalized/adl/adl-34-cam0-rgb.npz,145,174,0,0,0,0.00023701142
adl-34-cam0-rgb,data/keypoints_normalized/adl/adl-34-cam0-rgb.npz,146,175,0,0,0,0.00015160958
adl-34-cam0-rgb,data/keypoints_normalized/adl/adl-34-cam0-rgb.npz,147,176,0,0,0,0.00014404515
adl-34-cam0-rgb,data/keypoints_normalized/adl/adl-34-cam0-rgb.npz,148,177,0,0,0,0.0001735989
adl-34-cam0-rgb,data/keypoints_normalized/adl/adl-34-cam0-rgb.npz,149,178,0,0,0,0.00022046904
adl-34-cam0-rgb,data/keypoints_normalized/adl/adl-34-cam0-rgb.npz,150,179,0,0,0,7.433551e-05
adl-34-cam0-rgb,data/keypoints_normalized/adl/adl-34-cam0-rgb.npz,151,180,0,0,0,8.193941e-05
adl-34-cam0-rgb,data/keypoints_normalized/adl/adl-34-cam0-rgb.npz,152,181,0,0,0,8.949575e-05
adl-34-cam0-rgb,data/keypoints_normalized/adl/adl-34-cam0-rgb.npz,153,182,0,0,0,9.564311e-05
adl-34-cam0-rgb,data/keypoints_normalized/adl/adl-34-cam0-rgb.npz,154,183,0,0,0,9.7705706e-05
adl-34-cam0-rgb,data/keypoints_normalized/adl/adl-34-cam0-rgb.npz,155,184,0,0,0,2.5580415e-05
adl-34-cam0-rgb,data/keypoints_normalized/adl/adl-34-cam0-rgb.npz,156,185,0,0,0,2.7690108e-05
adl-34-cam0-rgb,data/keypoints_normalized/adl/adl-34-cam0-rgb.npz,157,186,0,0,0,2.854477e-05
adl-34-cam0-rgb,data/keypoints_normalized/adl/adl-34-cam0-rgb.npz,158,187,0,0,0,3.2406962e-05
adl-34-cam0-rgb,data/keypoints_normalized/adl/adl-34-cam0-rgb.npz,159,188,0,0,0,3.2954442e-05
adl-34-cam0-rgb,data/keypoints_normalized/adl/adl-34-cam0-rgb.npz,160,189,0,0,0,3.3666132e-05
adl-34-cam0-rgb,data/keypoints_normalized/adl/adl-34-cam0-rgb.npz,161,190,0,0,0,3.4282806e-05
adl-34-cam0-rgb,data/keypoints_normalized/adl/adl-34-cam0-rgb.npz,162,191,0,0,0,3.4925364e-05
adl-40-cam0-rgb,data/keypoints_normalized/adl/adl-40-cam0-rgb.npz,37,66,0,0,0,2.1950393e-05
adl-40-cam0-rgb,data/keypoints_normalized/adl/adl-40-cam0-rgb.npz,38,67,0,0,0,2.1950393e-05
adl-40-cam0-rgb,data/keypoints_normalized/adl/adl-40-cam0-rgb.npz,39,68,0,0,0,2.1950393e-05
adl-40-cam0-rgb,data/keypoints_normalized/adl/adl-40-cam0-rgb.npz,40,69,0,0,0,2.1950393e-05
adl-40-cam0-rgb,data/keypoints_normalized/adl/adl-40-cam0-rgb.npz,41,70,0,0,0,2.1950393e-05
adl-40-cam0-rgb,data/keypoints_normalized/adl/adl-40-cam0-rgb.npz,42,71,0,0,0,2.1950393e-05
adl-40-cam0-rgb,data/keypoints_normalized/adl/adl-40-cam0-rgb.npz,43,72,0,0,0,2.1950393e-05
adl-40-cam0-rgb,data/keypoints_normalized/adl/adl-40-cam0-rgb.npz,44,73,0,0,0,2.1950393e-05
adl-40-cam0-rgb,data/keypoints_normalized/adl/adl-40-cam0-rgb.npz,45,74,0,0,0,2.1950393e-05
adl-40-cam0-rgb,data/keypoints_normalized/adl/adl-40-cam0-rgb.npz,46,75,0,0,0,2.1950393e-05
adl-40-cam0-rgb,data/keypoints_normalized/adl/adl-40-cam0-rgb.npz,47,76,0,0,0,2.1950393e-05
adl-40-cam0-rgb,data/keypoints_normalized/adl/adl-40-cam0-rgb.npz,48,77,0,0,0,2.1950393e-05
adl-40-cam0-rgb,data/keypoints_normalized/adl/adl-40-cam0-rgb.npz,49,78,0,0,0,2.173617e-05
adl-40-cam0-rgb,data/keypoints_normalized/adl/adl-40-cam0-rgb.npz,50,79,0,0,0,3.3879216e-05
adl-40-cam0-rgb,data/keypoints_normalized/adl/adl-40-cam0-rgb.npz,51,80,0,0,0,3.3799115e-05
adl-40-cam0-rgb,data/keypoints_normalized/adl/adl-40-cam0-rgb.npz,52,81,0,0,0,3.372661e-05
adl-40-cam0-rgb,data/keypoints_normalized/adl/adl-40-cam0-rgb.npz,53,82,0,0,0,3.354864e-05
adl-40-cam0-rgb,data/keypoints_normalized/adl/adl-40-cam0-rgb.npz,54,83,0,0,0,3.348101e-05
adl-40-cam0-rgb,data/keypoints_normalized/adl/adl-40-cam0-rgb.npz,55,84,0,0,0,3.345369e-05
adl-40-cam0-rgb,data/keypoints_normalized/adl/adl-40-cam0-rgb.npz,56,85,0,0,0,3.3377913e-05
adl-40-cam0-rgb,data/keypoints_normalized/adl/adl-40-cam0-rgb.npz,57,86,0,0,0,3.3291322e-05
adl-40-cam0-rgb,data/keypoints_normalized/adl/adl-40-cam0-rgb.npz,58,87,0,0,0,3.326561e-05
adl-40-cam0-rgb,data/keypoints_normalized/adl/adl-40-cam0-rgb.npz,59,88,0,0,0,3.3315264e-05
adl-40-cam0-rgb,data/keypoints_normalized/adl/adl-40-cam0-rgb.npz,60,89,0,0,0,3.3336557e-05
adl-40-cam0-rgb,data/keypoints_normalized/adl/adl-40-cam0-rgb.npz,61,90,0,0,0,3.3379565e-05
adl-40-cam0-rgb,data/keypoints_normalized/adl/adl-40-cam0-rgb.npz,62,91,0,0,0,3.1678144e-05
adl-40-cam0-rgb,data/keypoints_normalized/adl/adl-40-cam0-rgb.npz,63,92,0,0,0,3.1568492e-05
adl-40-cam0-rgb,data/keypoints_normalized/adl/adl-40-cam0-rgb.npz,64,93,0,0,0,3.1513267e-05
adl-40-cam0-rgb,data/keypoints_normalized/adl/adl-40-cam0-rgb.npz,65,94,0,0,0,3.138503e-05
adl-40-cam0-rgb,data/keypoints_normalized/adl/adl-40-cam0-rgb.npz,66,95,0,0,0,2.9503979e-05
adl-40-cam0-rgb,data/keypoints_normalized/adl/adl-40-cam0-rgb.npz,67,96,0,0,0,2.2701432e-05
adl-40-cam0-rgb,data/keypoints_normalized/adl/adl-40-cam0-rgb.npz,68,97,0,0,0,2.2615643e-05
adl-40-cam0-rgb,data/keypoints_normalized/adl/adl-40-cam0-rgb.npz,69,98,0,0,0,2.2464792e-05
adl-40-cam0-rgb,data/keypoints_normalized/adl/adl-40-cam0-rgb.npz,70,99,0,0,0,2.2395912e-05
adl-40-cam0-rgb,data/keypoints_normalized/adl/adl-40-cam0-rgb.npz,71,100,0,0,0,2.2276627e-05
adl-40-cam0-rgb,data/keypoints_normalized/adl/adl-40-cam0-rgb.npz,72,101,0,0,0,2.164288e-05
adl-40-cam0-rgb,data/keypoints_normalized/adl/adl-40-cam0-rgb.npz,73,102,0,0,0,2.1529495e-05
adl-40-cam0-rgb,data/keypoints_normalized/adl/adl-40-cam0-rgb.npz,74,103,0,0,0,2.1398411e-05
adl-40-cam0-rgb,data/keypoints_normalized/adl/adl-40-cam0-rgb.npz,75,104,0,0,0,2.1329366e-05
adl-40-cam0-rgb,data/keypoints_normalized/adl/adl-40-cam0-rgb.npz,76,105,0,0,0,2.123509e-05
adl-40-cam0-rgb,data/keypoints_normalized/adl/adl-40-cam0-rgb.npz,77,106,0,0,0,2.122537e-05
adl-40-cam0-rgb,data/keypoints_normalized/adl/adl-40-cam0-rgb.npz,78,107,0,0,0,2.116332e-05
adl-40-cam0-rgb,data/keypoints_normalized/adl/adl-40-cam0-rgb.npz,79,108,0,0,0,2.1164005e-05
adl-40-cam0-rgb,data/keypoints_normalized/adl/adl-40-cam0-rgb.npz,80,109,0,0,0,1.32328905e-05
adl-40-cam0-rgb,data/keypoints_normalized/adl/adl-40-cam0-rgb.npz,81,110,0,0,0,1.2565512e-05
adl-40-cam0-rgb,data/keypoints_normalized/adl/adl-40-cam0-rgb.npz,82,111,0,0,0,1.2752728e-05
adl-40-cam0-rgb,data/keypoints_normalized/adl/adl-40-cam0-rgb.npz,83,112,0,0,0,1.3972763e-05
adl-40-cam0-rgb,data/keypoints_normalized/adl/adl-40-cam0-rgb.npz,84,113,0,0,0,1.422703e-05
adl-40-cam0-rgb,data/keypoints_normalized/adl/adl-40-cam0-rgb.npz,85,114,0,0,0,1.4211327e-05
adl-40-cam0-rgb,data/keypoints_normalized/adl/adl-40-cam0-rgb.npz,86,115,0,0,0,1.4579681e-05
adl-40-cam0-rgb,data/keypoints_normalized/adl/adl-40-cam0-rgb.npz,87,116,0,0,0,2.3549292e-05
adl-40-cam0-rgb,data/keypoints_normalized/adl/adl-40-cam0-rgb.npz,88,117,0,0,0,2.419069e-05
adl-40-cam0-rgb,data/keypoints_normalized/adl/adl-40-cam0-rgb.npz,89,118,0,0,0,2.4831674e-05
adl-40-cam0-rgb,data/keypoints_normalized/adl/adl-40-cam0-rgb.npz,90,119,0,0,0,2.6311882e-05
adl-40-cam0-rgb,data/keypoints_normalized/adl/adl-40-cam0-rgb.npz,91,120,0,0,0,2.6887943e-05
adl-40-cam0-rgb,data/keypoints_normalized/adl/adl-40-cam0-rgb.npz,92,121,0,0,0,2.742858e-05
adl-40-cam0-rgb,data/keypoints_normalized/adl/adl-40-cam0-rgb.npz,93,122,0,0,0,2.8169046e-05
adl-40-cam0-rgb,data/keypoints_normalized/adl/adl-40-cam0-rgb.npz,94,123,0,0,0,2.8798724e-05
adl-40-cam0-rgb,data/keypoints_normalized/adl/adl-40-cam0-rgb.npz,95,124,0,0,0,2.9478333e-05
adl-40-cam0-rgb,data/keypoints_normalized/adl/adl-40-cam0-rgb.npz,96,125,0,0,0,3.0211608e-05
adl-40-cam0-rgb,data/keypoints_normalized/adl/adl-40-cam0-rgb.npz,97,126,0,0,0,3.090306e-05
adl-40-cam0-rgb,data/keypoints_normalized/adl/adl-40-cam0-rgb.npz,98,127,0,0,0,3.134091e-05
adl-40-cam0-rgb,data/keypoints_normalized/adl/adl-40-cam0-rgb.npz,99,128,0,0,0,3.1803098e-05
adl-40-cam0-rgb,data/keypoints_normalized/adl/adl-40-cam0-rgb.npz,100,129,0,0,0,3.2202868e-05
adl-40-cam0-rgb,data/keypoints_normalized/adl/adl-40-cam0-rgb.npz,101,130,0,0,0,3.2622025e-05
adl-40-cam0-rgb,data/keypoints_normalized/adl/adl-40-cam0-rgb.npz,102,131,0,0,0,3.0384766e-05
adl-40-cam0-rgb,data/keypoints_normalized/adl/adl-40-cam0-rgb.npz,103,132,0,0,0,3.1394546e-05
adl-40-cam0-rgb,data/keypoints_normalized/adl/adl-40-cam0-rgb.npz,104,133,0,0,0,3.1390533e-05
adl-40-cam0-rgb,data/keypoints_normalized/adl/adl-40-cam0-rgb.npz,105,134,0,0,0,3.1374224e-05
adl-40-cam0-rgb,data/keypoints_normalized/adl/adl-40-cam0-rgb.npz,106,135,0,0,0,3.1367705e-05
adl-40-cam0-rgb,data/keypoints_normalized/adl/adl-40-cam0-rgb.npz,107,136,0,0,0,3.126667e-05
adl-40-cam0-rgb,data/keypoints_normalized/adl/adl-40-cam0-rgb.npz,108,137,0,0,0,3.1064385e-05
adl-40-cam0-rgb,data/keypoints_normalized/adl/adl-40-cam0-rgb.npz,109,138,0,0,0,3.088933e-05
adl-40-cam0-rgb,data/keypoints_normalized/adl/adl-40-cam0-rgb.npz,110,139,0,0,0,3.067264e-05
adl-40-cam0-rgb,data/keypoints_normalized/adl/adl-40-cam0-rgb.npz,111,140,0,0,0,3.1126187e-05
adl-40-cam0-rgb,data/keypoints_normalized/adl/adl-40-cam0-rgb.npz,112,141,0,0,0,3.1203635e-05
adl-40-cam0-rgb,data/keypoints_normalized/adl/adl-40-cam0-rgb.npz,113,142,0,0,0,3.1223193e-05
adl-40-cam0-rgb,data/keypoints_normalized/adl/adl-40-cam0-rgb.npz,114,143,0,0,0,3.151982e-05
adl-40-cam0-rgb,data/keypoints_normalized/adl/adl-40-cam0-rgb.npz,115,144,0,0,0,3.17666e-05
adl-40-cam0-rgb,data/keypoints_normalized/adl/adl-40-cam0-rgb.npz,116,145,0,0,0,3.2236083e-05
adl-40-cam0-rgb,data/keypoints_normalized/adl/adl-40-cam0-rgb.npz,117,146,0,0,0,3.266172e-05
adl-40-cam0-rgb,data/keypoints_normalized/adl/adl-40-cam0-rgb.npz,118,147,0,0,0,3.3247023e-05
adl-40-cam0-rgb,data/keypoints_normalized/adl/adl-40-cam0-rgb.npz,119,148,0,0,0,3.3960016e-05
adl-40-cam0-rgb,data/keypoints_normalized/adl/adl-40-cam0-rgb.npz,120,149,0,0,0,3.4781144e-05
adl-40-cam0-rgb,data/keypoints_normalized/adl/adl-40-cam0-rgb.npz,121,150,0,0,0,3.548474e-05
adl-40-cam0-rgb,data/keypoints_normalized/adl/adl-40-cam0-rgb.npz,122,151,0,0,0,3.6441263e-05
adl-40-cam0-rgb,data/keypoints_normalized/adl/adl-40-cam0-rgb.npz,123,152,0,0,0,3.767559e-05
adl-40-cam0-rgb,data/keypoints_normalized/adl/adl-40-cam0-rgb.npz,124,153,0,0,0,3.8504473e-05
adl-40-cam0-rgb,data/keypoints_normalized/adl/adl-40-cam0-rgb.npz,125,154,0,0,0,3.9793875e-05
adl-40-cam0-rgb,data/keypoints_normalized/adl/adl-40-cam0-rgb.npz,126,155,0,0,0,4.069974e-05
adl-40-cam0-rgb,data/keypoints_normalized/adl/adl-40-cam0-rgb.npz,127,156,0,0,0,4.1694555e-05
adl-40-cam0-rgb,data/keypoints_normalized/adl/adl-40-cam0-rgb.npz,128,157,0,0,0,4.258878e-05
adl-40-cam0-rgb,data/keypoints_normalized/adl/adl-40-cam0-rgb.npz,129,158,0,0,0,4.3582655e-05
adl-40-cam0-rgb,data/keypoints_normalized/adl/adl-40-cam0-rgb.npz,130,159,0,0,0,4.4279175e-05
adl-40-cam0-rgb,data/keypoints_normalized/adl/adl-40-cam0-rgb.npz,131,160,0,0,0,4.4969143e-05
adl-40-cam0-rgb,data/keypoints_normalized/adl/adl-40-cam0-rgb.npz,132,161,0,0,0,4.5513607e-05
adl-40-cam0-rgb,data/keypoints_normalized/adl/adl-40-cam0-rgb.npz,133,162,0,0,0,4.606177e-05
adl-40-cam0-rgb,data/keypoints_normalized/adl/adl-40-cam0-rgb.npz,134,163,0,0,0,4.6429217e-05
adl-40-cam0-rgb,data/keypoints_normalized/adl/adl-40-cam0-rgb.npz,135,164,0,0,0,4.675646e-05
adl-40-cam0-rgb,data/keypoints_normalized/adl/adl-40-cam0-rgb.npz,136,165,0,0,0,4.694415e-05
adl-40-cam0-rgb,data/keypoints_normalized/adl/adl-40-cam0-rgb.npz,137,166,0,0,0,4.689578e-05
adl-40-cam0-rgb,data/keypoints_normalized/adl/adl-40-cam0-rgb.npz,138,167,0,0,0,4.6672656e-05
adl-40-cam0-rgb,data/keypoints_normalized/adl/adl-40-cam0-rgb.npz,139,168,0,0,0,4.6274774e-05
adl-40-cam0-rgb,data/keypoints_normalized/adl/adl-40-cam0-rgb.npz,140,169,0,0,0,4.5660636e-05
adl-40-cam0-rgb,data/keypoints_normalized/adl/adl-40-cam0-rgb.npz,141,170,0,0,0,4.4930563e-05
adl-40-cam0-rgb,data/keypoints_normalized/adl/adl-40-cam0-rgb.npz,142,171,0,0,0,4.3989017e-05
adl-40-cam0-rgb,data/keypoints_normalized/adl/adl-40-cam0-rgb.npz,143,172,0,0,0,4.283476e-05
adl-40-cam0-rgb,data/keypoints_normalized/adl/adl-40-cam0-rgb.npz,144,173,0,0,0,4.1483167e-05
adl-40-cam0-rgb,data/keypoints_normalized/adl/adl-40-cam0-rgb.npz,145,174,0,0,0,3.9956325e-05
adl-40-cam0-rgb,data/keypoints_normalized/adl/adl-40-cam0-rgb.npz,146,175,0,0,0,3.822966e-05
adl-40-cam0-rgb,data/keypoints_normalized/adl/adl-40-cam0-rgb.npz,147,176,0,0,0,3.63772e-05
adl-40-cam0-rgb,data/keypoints_normalized/adl/adl-40-cam0-rgb.npz,148,177,0,0,0,3.452721e-05
adl-40-cam0-rgb,data/keypoints_normalized/adl/adl-40-cam0-rgb.npz,149,178,0,0,0,3.2623895e-05
adl-40-cam0-rgb,data/keypoints_normalized/adl/adl-40-cam0-rgb.npz,150,179,0,0,0,3.0799383e-05
adl-40-cam0-rgb,data/keypoints_normalized/adl/adl-40-cam0-rgb.npz,151,180,0,0,0,2.9006053e-05
adl-40-cam0-rgb,data/keypoints_normalized/adl/adl-40-cam0-rgb.npz,152,181,0,0,0,2.7162785e-05
adl-40-cam0-rgb,data/keypoints_normalized/adl/adl-40-cam0-rgb.npz,153,182,0,0,0,2.542908e-05
adl-40-cam0-rgb,data/keypoints_normalized/adl/adl-40-cam0-rgb.npz,154,183,0,0,0,2.3780301e-05
adl-40-cam0-rgb,data/keypoints_normalized/adl/adl-40-cam0-rgb.npz,155,184,0,0,0,2.2158652e-05
adl-40-cam0-rgb,data/keypoints_normalized/adl/adl-40-cam0-rgb.npz,156,185,0,0,0,2.0735615e-05
adl-40-cam0-rgb,data/keypoints_normalized/adl/adl-40-cam0-rgb.npz,157,186,0,0,0,1.9510659e-05
adl-40-cam0-rgb,data/keypoints_normalized/adl/adl-40-cam0-rgb.npz,158,187,0,0,0,1.8335337e-05
adl-40-cam0-rgb,data/keypoints_normalized/adl/adl-40-cam0-rgb.npz,159,188,0,0,0,1.7321696e-05
adl-40-cam0-rgb,data/keypoints_normalized/adl/adl-40-cam0-rgb.npz,160,189,0,0,0,1.651217e-05
adl-40-cam0-rgb,data/keypoints_normalized/adl/adl-40-cam0-rgb.npz,161,190,0,0,0,1.5819478e-05
adl-40-cam0-rgb,data/keypoints_normalized/adl/adl-40-cam0-rgb.npz,162,191,0,0,0,1.5247412e-05
adl-40-cam0-rgb,data/keypoints_normalized/adl/adl-40-cam0-rgb.npz,163,192,0,0,0,1.48719e-05
adl-40-cam0-rgb,data/keypoints_normalized/adl/adl-40-cam0-rgb.npz,164,193,0,0,0,1.4625064e-05
adl-40-cam0-rgb,data/keypoints_normalized/adl/adl-40-cam0-rgb.npz,165,194,0,0,0,1.451211e-05
adl-40-cam0-rgb,data/keypoints_normalized/adl/adl-40-cam0-rgb.npz,166,195,0,0,0,1.46235025e-05
adl-40-cam0-rgb,data/keypoints_normalized/adl/adl-40-cam0-rgb.npz,167,196,0,0,0,1.4907358e-05
adl-40-cam0-rgb,data/keypoints_normalized/adl/adl-40-cam0-rgb.npz,168,197,0,0,0,1.5525142e-05
adl-40-cam0-rgb,data/keypoints_normalized/adl/adl-40-cam0-rgb.npz,169,198,0,0,0,1.6183321e-05
adl-40-cam0-rgb,data/keypoints_normalized/adl/adl-40-cam0-rgb.npz,170,199,0,0,0,1.6970851e-05
adl-40-cam0-rgb,data/keypoints_normalized/adl/adl-40-cam0-rgb.npz,171,200,0,0,0,1.7879956e-05
adl-40-cam0-rgb,data/keypoints_normalized/adl/adl-40-cam0-rgb.npz,172,201,0,0,0,1.8686571e-05
adl-40-cam0-rgb,data/keypoints_normalized/adl/adl-40-cam0-rgb.npz,173,202,0,0,0,1.9260899e-05
adl-40-cam0-rgb,data/keypoints_normalized/adl/adl-40-cam0-rgb.npz,174,203,0,0,0,1.9418774e-05
adl-40-cam0-rgb,data/keypoints_normalized/adl/adl-40-cam0-rgb.npz,175,204,0,0,0,1.902373e-05
adl-40-cam0-rgb,data/keypoints_normalized/adl/adl-40-cam0-rgb.npz,176,205,0,0,0,1.7979266e-05
adl-40-cam0-rgb,data/keypoints_normalized/adl/adl-40-cam0-rgb.npz,177,206,0,0,0,1.6477688e-05
adl-40-cam0-rgb,data/keypoints_normalized/adl/adl-40-cam0-rgb.npz,178,207,0,0,0,1.4600595e-05
adl-40-cam0-rgb,data/keypoints_normalized/adl/adl-40-cam0-rgb.npz,179,208,0,0,0,1.2831022e-05
adl-40-cam0-rgb,data/keypoints_normalized/adl/adl-40-cam0-rgb.npz,180,209,0,0,0,1.1496166e-05
adl-40-cam0-rgb,data/keypoints_normalized/adl/adl-40-cam0-rgb.npz,181,210,0,0,0,1.0831919e-05
adl-40-cam0-rgb,data/keypoints_normalized/adl/adl-40-cam0-rgb.npz,182,211,0,0,0,1.0595975e-05
adl-40-cam0-rgb,data/keypoints_normalized/adl/adl-40-cam0-rgb.npz,183,212,0,0,0,1.0598562e-05
adl-40-cam0-rgb,data/keypoints_normalized/adl/adl-40-cam0-rgb.npz,184,213,0,0,0,1.0852631e-05
adl-40-cam0-rgb,data/keypoints_normalized/adl/adl-40-cam0-rgb.npz,185,214,0,0,0,1.1254432e-05
adl-40-cam0-rgb,data/keypoints_normalized/adl/adl-40-cam0-rgb.npz,186,215,0,0,0,1.1802752e-05
adl-40-cam0-rgb,data/keypoints_normalized/adl/adl-40-cam0-rgb.npz,187,216,0,0,0,1.2602906e-05
adl-40-cam0-rgb,data/keypoints_normalized/adl/adl-40-cam0-rgb.npz,188,217,0,0,0,1.3631632e-05
adl-40-cam0-rgb,data/keypoints_normalized/adl/adl-40-cam0-rgb.npz,189,218,0,0,0,1.4719178e-05
adl-40-cam0-rgb,data/keypoints_normalized/adl/adl-40-cam0-rgb.npz,190,219,0,0,0,1.6277987e-05
adl-40-cam0-rgb,data/keypoints_normalized/adl/adl-40-cam0-rgb.npz,191,220,0,0,0,1.8067303e-05
adl-40-cam0-rgb,data/keypoints_normalized/adl/adl-40-cam0-rgb.npz,192,221,0,0,0,2.0320082e-05
adl-40-cam0-rgb,data/keypoints_normalized/adl/adl-40-cam0-rgb.npz,193,222,0,0,0,2.2791106e-05
adl-40-cam0-rgb,data/keypoints_normalized/adl/adl-40-cam0-rgb.npz,194,223,0,0,0,2.529393e-05
adl-40-cam0-rgb,data/keypoints_normalized/adl/adl-40-cam0-rgb.npz,195,224,0,0,0,2.843137e-05
adl-40-cam0-rgb,data/keypoints_normalized/adl/adl-40-cam0-rgb.npz,196,225,0,0,0,3.188494e-05
adl-40-cam0-rgb,data/keypoints_normalized/adl/adl-40-cam0-rgb.npz,197,226,0,0,0,3.582503e-05
adl-40-cam0-rgb,data/keypoints_normalized/adl/adl-40-cam0-rgb.npz,198,227,0,0,0,4.062788e-05
adl-40-cam0-rgb,data/keypoints_normalized/adl/adl-40-cam0-rgb.npz,199,228,0,0,0,4.5811023e-05
adl-40-cam0-rgb,data/keypoints_normalized/adl/adl-40-cam0-rgb.npz,200,229,0,0,0,5.1662853e-05
adl-40-cam0-rgb,data/keypoints_normalized/adl/adl-40-cam0-rgb.npz,201,230,0,0,0,5.803673e-05
adl-40-cam0-rgb,data/keypoints_normalized/adl/adl-40-cam0-rgb.npz,202,231,0,0,0,6.611214e-05
adl-40-cam0-rgb,data/keypoints_normalized/adl/adl-40-cam0-rgb.npz,203,232,0,0,0,6.321599e-05
adl-40-cam0-rgb,data/keypoints_normalized/adl/adl-40-cam0-rgb.npz,204,233,0,0,0,7.4846444e-05
adl-40-cam0-rgb,data/keypoints_normalized/adl/adl-40-cam0-rgb.npz,205,234,0,0,0,9.000327e-05
adl-40-cam0-rgb,data/keypoints_normalized/adl/adl-40-cam0-rgb.npz,206,235,0,0,0,0.00013200699
adl-40-cam0-rgb,data/keypoints_normalized/adl/adl-40-cam0-rgb.npz,207,236,0,0,0,0.00019616209
adl-40-cam0-rgb,data/keypoints_normalized/adl/adl-40-cam0-rgb.npz,208,237,0,0,0,0.00018019493
adl-40-cam0-rgb,data/keypoints_normalized/adl/adl-40-cam0-rgb.npz,209,238,0,0,0,0.00031991862
adl-40-cam0-rgb,data/keypoints_normalized/adl/adl-40-cam0-rgb.npz,210,239,0,0,0,0.00041788223
adl-40-cam0-rgb,data/keypoints_normalized/adl/adl-40-cam0-rgb.npz,211,240,0,0,0,8.276633e-05
adl-40-cam0-rgb,data/keypoints_normalized/adl/adl-40-cam0-rgb.npz,212,241,0,0,0,7.6406366e-05
adl-40-cam0-rgb,data/keypoints_normalized/adl/adl-40-cam0-rgb.npz,213,242,0,0,0,6.275423e-05
adl-40-cam0-rgb,data/keypoints_normalized/adl/adl-40-cam0-rgb.npz,214,243,0,0,0,4.217701e-05
adl-40-cam0-rgb,data/keypoints_normalized/adl/adl-40-cam0-rgb.npz,215,244,0,0,0,4.074358e-05
adl-40-cam0-rgb,data/keypoints_normalized/adl/adl-40-cam0-rgb.npz,216,245,0,0,0,4.0383522e-05
adl-40-cam0-rgb,data/keypoints_normalized/adl/adl-40-cam0-rgb.npz,217,246,0,0,0,3.960156e-05
adl-40-cam0-rgb,data/keypoints_normalized/adl/adl-40-cam0-rgb.npz,218,247,0,0,0,4.477154e-05
adl-40-cam0-rgb,data/keypoints_normalized/adl/adl-40-cam0-rgb.npz,219,248,0,0,0,4.7723453e-05
adl-40-cam0-rgb,data/keypoints_normalized/adl/adl-40-cam0-rgb.npz,220,249,0,0,0,5.25522e-05
adl-40-cam0-rgb,data/keypoints_normalized/adl/adl-40-cam0-rgb.npz,221,250,0,0,0,5.6992038e-05
adl-40-cam0-rgb,data/keypoints_normalized/adl/adl-40-cam0-rgb.npz,222,251,0,0,0,6.4790234e-05
adl-40-cam0-rgb,data/keypoints_normalized/adl/adl-40-cam0-rgb.npz,223,252,0,0,0,7.383878e-05
adl-40-cam0-rgb,data/keypoints_normalized/adl/adl-40-cam0-rgb.npz,224,253,0,0,0,8.9515386e-05
adl-40-cam0-rgb,data/keypoints_normalized/adl/adl-40-cam0-rgb.npz,225,254,0,0,0,0.000105292536
adl-40-cam0-rgb,data/keypoints_normalized/adl/adl-40-cam0-rgb.npz,226,255,0,0,0,0.00012142477
adl-40-cam0-rgb,data/keypoints_normalized/adl/adl-40-cam0-rgb.npz,227,256,0,0,0,0.00014151375
adl-40-cam0-rgb,data/keypoints_normalized/adl/adl-40-cam0-rgb.npz,228,257,0,0,0,0.00015890766
adl-40-cam0-rgb,data/keypoints_normalized/adl/adl-40-cam0-rgb.npz,229,258,0,0,0,0.00016968348
adl-40-cam0-rgb,data/keypoints_normalized/adl/adl-40-cam0-rgb.npz,230,259,0,0,0,0.00017109077
adl-40-cam0-rgb,data/keypoints_normalized/adl/adl-40-cam0-rgb.npz,231,260,0,0,0,0.00016636317
adl-40-cam0-rgb,data/keypoints_normalized/adl/adl-40-cam0-rgb.npz,232,261,0,0,0,0.00014917407
adl-40-cam0-rgb,data/keypoints_normalized/adl/adl-40-cam0-rgb.npz,233,262,0,0,0,0.0001260629
adl-40-cam0-rgb,data/keypoints_normalized/adl/adl-40-cam0-rgb.npz,234,263,0,0,0,0.000113143826
adl-40-cam0-rgb,data/keypoints_normalized/adl/adl-40-cam0-rgb.npz,235,264,0,0,0,0.0001730773
adl-40-cam0-rgb,data/keypoints_normalized/adl/adl-40-cam0-rgb.npz,236,265,0,0,0,0.0001462835
adl-40-cam0-rgb,data/keypoints_normalized/adl/adl-40-cam0-rgb.npz,237,266,0,0,0,0.00013742434
adl-40-cam0-rgb,data/keypoints_normalized/adl/adl-40-cam0-rgb.npz,238,267,0,0,0,0.00010999167
adl-40-cam0-rgb,data/keypoints_normalized/adl/adl-40-cam0-rgb.npz,239,268,0,0,0,9.558275e-05
adl-40-cam0-rgb,data/keypoints_normalized/adl/adl-40-cam0-rgb.npz,240,269,0,0,0,7.8553916e-05
adl-40-cam0-rgb,data/keypoints_normalized/adl/adl-40-cam0-rgb.npz,241,270,0,0,0,7.931363e-05
adl-40-cam0-rgb,data/keypoints_normalized/adl/adl-40-cam0-rgb.npz,242,271,0,0,0,8.484501e-05
adl-40-cam0-rgb,data/keypoints_normalized/adl/adl-40-cam0-rgb.npz,243,272,0,0,0,0.000115484865
adl-40-cam0-rgb,data/keypoints_normalized/adl/adl-40-cam0-rgb.npz,244,273,0,0,0,9.809379e-05
adl-40-cam0-rgb,data/keypoints_normalized/adl/adl-40-cam0-rgb.npz,245,274,0,0,0,9.3292954e-05
adl-40-cam0-rgb,data/keypoints_normalized/adl/adl-40-cam0-rgb.npz,246,275,0,0,0,7.7448174e-05
adl-40-cam0-rgb,data/keypoints_normalized/adl/adl-40-cam0-rgb.npz,247,276,0,0,0,6.404449e-05
adl-40-cam0-rgb,data/keypoints_normalized/adl/adl-40-cam0-rgb.npz,248,277,0,0,0,3.6884772e-05
adl-40-cam0-rgb,data/keypoints_normalized/adl/adl-40-cam0-rgb.npz,249,278,0,0,0,3.207558e-05
adl-40-cam0-rgb,data/keypoints_normalized/adl/adl-40-cam0-rgb.npz,250,279,0,0,0,2.4627134e-05
adl-40-cam0-rgb,data/keypoints_normalized/adl/adl-40-cam0-rgb.npz,251,280,0,0,0,2.4349976e-05
adl-40-cam0-rgb,data/keypoints_normalized/adl/adl-40-cam0-rgb.npz,252,281,0,0,0,2.3947387e-05
adl-40-cam0-rgb,data/keypoints_normalized/adl/adl-40-cam0-rgb.npz,253,282,0,0,0,2.3454624e-05
adl-40-cam0-rgb,data/keypoints_normalized/adl/adl-40-cam0-rgb.npz,254,283,0,0,0,2.6785114e-05
adl-40-cam0-rgb,data/keypoints_normalized/adl/adl-40-cam0-rgb.npz,255,284,0,0,0,2.7954635e-05
adl-40-cam0-rgb,data/keypoints_normalized/adl/adl-40-cam0-rgb.npz,256,285,0,0,0,2.9053916e-05
adl-40-cam0-rgb,data/keypoints_normalized/adl/adl-40-cam0-rgb.npz,257,286,0,0,0,3.116917e-05
adl-40-cam0-rgb,data/keypoints_normalized/adl/adl-40-cam0-rgb.npz,258,287,0,0,0,3.5109297e-05
adl-40-cam0-rgb,data/keypoints_normalized/adl/adl-40-cam0-rgb.npz,259,288,0,0,0,4.0358653e-05
adl-40-cam0-rgb,data/keypoints_normalized/adl/adl-40-cam0-rgb.npz,260,289,0,0,0,4.342215e-05
adl-40-cam0-rgb,data/keypoints_normalized/adl/adl-40-cam0-rgb.npz,261,290,0,0,0,5.200729e-05
adl-40-cam0-rgb,data/keypoints_normalized/adl/adl-40-cam0-rgb.npz,262,291,0,0,0,5.940553e-05
adl-40-cam0-rgb,data/keypoints_normalized/adl/adl-40-cam0-rgb.npz,263,292,0,0,0,7.0101225e-05
adl-40-cam0-rgb,data/keypoints_normalized/adl/adl-40-cam0-rgb.npz,264,293,0,0,0,6.6375054e-05
adl-40-cam0-rgb,data/keypoints_normalized/adl/adl-40-cam0-rgb.npz,265,294,0,0,0,9.317257e-05
adl-40-cam0-rgb,data/keypoints_normalized/adl/adl-40-cam0-rgb.npz,266,295,0,0,0,0.00012686
adl-40-cam0-rgb,data/keypoints_normalized/adl/adl-40-cam0-rgb.npz,267,296,0,0,0,0.0001316565
adl-40-cam0-rgb,data/keypoints_normalized/adl/adl-40-cam0-rgb.npz,268,297,0,0,0,0.00028100287
adl-40-cam0-rgb,data/keypoints_normalized/adl/adl-40-cam0-rgb.npz,269,298,0,0,0,0.00027510623
adl-40-cam0-rgb,data/keypoints_normalized/adl/adl-40-cam0-rgb.npz,270,299,0,0,0,0.00026684834
adl-40-cam0-rgb,data/keypoints_normalized/adl/adl-40-cam0-rgb.npz,271,300,0,0,0,0.00024703634
adl-40-cam0-rgb,data/keypoints_normalized/adl/adl-40-cam0-rgb.npz,272,301,0,0,0,0.00023212597
adl-40-cam0-rgb,data/keypoints_normalized/adl/adl-40-cam0-rgb.npz,273,302,0,0,0,0.00022417236
adl-40-cam0-rgb,data/keypoints_normalized/adl/adl-40-cam0-rgb.npz,274,303,0,0,0,0.0002111102
adl-40-cam0-rgb,data/keypoints_normalized/adl/adl-40-cam0-rgb.npz,275,304,0,0,0,0.00019584138
adl-40-cam0-rgb,data/keypoints_normalized/adl/adl-40-cam0-rgb.npz,276,305,0,0,0,0.00018582048
adl-40-cam0-rgb,data/keypoints_normalized/adl/adl-40-cam0-rgb.npz,277,306,0,0,0,0.00019027213
adl-40-cam0-rgb,data/keypoints_normalized/adl/adl-40-cam0-rgb.npz,278,307,0,0,0,0.00019549047
adl-40-cam0-rgb,data/keypoints_normalized/adl/adl-40-cam0-rgb.npz,279,308,0,0,0,0.00015453981
adl-40-cam0-rgb,data/keypoints_normalized/adl/adl-40-cam0-rgb.npz,280,309,0,0,0,0.00011256186
adl-40-cam0-rgb,data/keypoints_normalized/adl/adl-40-cam0-rgb.npz,281,310,0,0,0,4.3236083e-05
adl-40-cam0-rgb,data/keypoints_normalized/adl/adl-40-cam0-rgb.npz,282,311,0,0,0,6.663235e-05
adl-40-cam0-rgb,data/keypoints_normalized/adl/adl-40-cam0-rgb.npz,283,312,0,0,0,0.00017483166
adl-40-cam0-rgb,data/keypoints_normalized/adl/adl-40-cam0-rgb.npz,284,313,0,0,0,0.0001476856
adl-40-cam0-rgb,data/keypoints_normalized/adl/adl-40-cam0-rgb.npz,285,314,0,0,0,0.0001463862
adl-40-cam0-rgb,data/keypoints_normalized/adl/adl-40-cam0-rgb.npz,286,315,0,0,0,0.00014540945
adl-40-cam0-rgb,data/keypoints_normalized/adl/adl-40-cam0-rgb.npz,287,316,0,0,0,0.00015226995
adl-40-cam0-rgb,data/keypoints_normalized/adl/adl-40-cam0-rgb.npz,288,317,0,0,0,0.00013603426
adl-40-cam0-rgb,data/keypoints_normalized/adl/adl-40-cam0-rgb.npz,289,318,0,0,0,0.00013106028
adl-40-cam0-rgb,data/keypoints_normalized/adl/adl-40-cam0-rgb.npz,290,319,0,0,0,0.00013913687
adl-40-cam0-rgb,data/keypoints_normalized/adl/adl-40-cam0-rgb.npz,291,320,0,0,0,0.00015131684
adl-40-cam0-rgb,data/keypoints_normalized/adl/adl-40-cam0-rgb.npz,292,321,0,0,0,0.00021590925
adl-40-cam0-rgb,data/keypoints_normalized/adl/adl-40-cam0-rgb.npz,293,322,0,0,0,0.00020897851
adl-40-cam0-rgb,data/keypoints_normalized/adl/adl-40-cam0-rgb.npz,294,323,0,0,0,0.00017812639
adl-40-cam0-rgb,data/keypoints_normalized/adl/adl-40-cam0-rgb.npz,295,324,0,0,0,0.0001749147
adl-40-cam0-rgb,data/keypoints_normalized/adl/adl-40-cam0-rgb.npz,296,325,0,0,0,0.00016960374
adl-40-cam0-rgb,data/keypoints_normalized/adl/adl-40-cam0-rgb.npz,297,326,0,0,0,0.00015246928
adl-40-cam0-rgb,data/keypoints_normalized/adl/adl-40-cam0-rgb.npz,298,327,0,0,0,0.00014502172
adl-40-cam0-rgb,data/keypoints_normalized/adl/adl-40-cam0-rgb.npz,299,328,0,0,0,0.00013388466
adl-40-cam0-rgb,data/keypoints_normalized/adl/adl-40-cam0-rgb.npz,300,329,0,0,0,0.00011293203
adl-40-cam0-rgb,data/keypoints_normalized/adl/adl-40-cam0-rgb.npz,301,330,0,0,0,0.00012406826
fall-05-cam0-rgb,data/keypoints_normalized/fall/fall-05-cam0-rgb.npz,1,30,0,0,0,5.05798e-05
fall-05-cam0-rgb,data/keypoints_normalized/fall/fall-05-cam0-rgb.npz,2,31,0,0,0,5.001764e-05
fall-05-cam0-rgb,data/keypoints_normalized/fall/fall-05-cam0-rgb.npz,3,32,0,0,0,4.9489056e-05
fall-05-cam0-rgb,data/keypoints_normalized/fall/fall-05-cam0-rgb.npz,4,33,0,0,0,4.8699254e-05
fall-05-cam0-rgb,data/keypoints_normalized/fall/fall-05-cam0-rgb.npz,5,34,0,0,0,4.829901e-05
fall-05-cam0-rgb,data/keypoints_normalized/fall/fall-05-cam0-rgb.npz,6,35,0,0,0,4.7616126e-05
fall-05-cam0-rgb,data/keypoints_normalized/fall/fall-05-cam0-rgb.npz,7,36,0,0,0,4.709912e-05
fall-05-cam0-rgb,data/keypoints_normalized/fall/fall-05-cam0-rgb.npz,8,37,0,0,0,4.67879e-05
fall-05-cam0-rgb,data/keypoints_normalized/fall/fall-05-cam0-rgb.npz,9,38,0,0,0,4.6136236e-05
fall-05-cam0-rgb,data/keypoints_normalized/fall/fall-05-cam0-rgb.npz,10,39,0,0,0,4.593903e-05
fall-05-cam0-rgb,data/keypoints_normalized/fall/fall-05-cam0-rgb.npz,11,40,0,0,0,4.578962e-05
fall-05-cam0-rgb,data/keypoints_normalized/fall/fall-05-cam0-rgb.npz,12,41,0,0,0,4.6017336e-05
fall-05-cam0-rgb,data/keypoints_normalized/fall/fall-05-cam0-rgb.npz,13,42,0,0,0,4.606269e-05
fall-05-cam0-rgb,data/keypoints_normalized/fall/fall-05-cam0-rgb.npz,14,43,0,0,0,4.630828e-05
fall-05-cam0-rgb,data/keypoints_normalized/fall/fall-05-cam0-rgb.npz,15,44,0,0,0,4.7069843e-05
fall-05-cam0-rgb,data/keypoints_normalized/fall/fall-05-cam0-rgb.npz,16,45,0,0,0,4.786579e-05
fall-05-cam0-rgb,data/keypoints_normalized/fall/fall-05-cam0-rgb.npz,17,46,0,0,0,4.9173203e-05
fall-05-cam0-rgb,data/keypoints_normalized/fall/fall-05-cam0-rgb.npz,18,47,0,0,0,5.055179e-05
fall-05-cam0-rgb,data/keypoints_normalized/fall/fall-05-cam0-rgb.npz,19,48,0,0,0,5.2199677e-05
fall-05-cam0-rgb,data/keypoints_normalized/fall/fall-05-cam0-rgb.npz,20,49,0,0,0,5.389522e-05
fall-05-cam0-rgb,data/keypoints_normalized/fall/fall-05-cam0-rgb.npz,21,50,0,0,0,5.5574557e-05
fall-05-cam0-rgb,data/keypoints_normalized/fall/fall-05-cam0-rgb.npz,22,51,0,0,0,5.678356e-05
fall-05-cam0-rgb,data/keypoints_normalized/fall/fall-05-cam0-rgb.npz,23,52,0,0,0,5.7873138e-05
fall-05-cam0-rgb,data/keypoints_normalized/fall/fall-05-cam0-rgb.npz,24,53,0,0,0,5.8509024e-05
fall-05-cam0-rgb,data/keypoints_normalized/fall/fall-05-cam0-rgb.npz,25,54,0,0,0,5.9286736e-05
fall-05-cam0-rgb,data/keypoints_normalized/fall/fall-05-cam0-rgb.npz,26,55,0,0,0,5.9097983e-05
fall-05-cam0-rgb,data/keypoints_normalized/fall/fall-05-cam0-rgb.npz,27,56,0,0,0,5.83889e-05
fall-05-cam0-rgb,data/keypoints_normalized/fall/fall-05-cam0-rgb.npz,28,57,0,0,0,5.7568257e-05
fall-05-cam0-rgb,data/keypoints_normalized/fall/fall-05-cam0-rgb.npz,29,58,0,0,0,5.6351197e-05
fall-05-cam0-rgb,data/keypoints_normalized/fall/fall-05-cam0-rgb.npz,30,59,0,0,0,5.4978904e-05
fall-05-cam0-rgb,data/keypoints_normalized/fall/fall-05-cam0-rgb.npz,31,60,0,0,0,5.350572e-05
fall-05-cam0-rgb,data/keypoints_normalized/fall/fall-05-cam0-rgb.npz,32,61,0,0,0,5.1871033e-05
fall-05-cam0-rgb,data/keypoints_normalized/fall/fall-05-cam0-rgb.npz,33,62,0,0,0,5.006479e-05
fall-05-cam0-rgb,data/keypoints_normalized/fall/fall-05-cam0-rgb.npz,34,63,0,0,0,4.8368518e-05
fall-05-cam0-rgb,data/keypoints_normalized/fall/fall-05-cam0-rgb.npz,35,64,0,0,0,4.6762434e-05
fall-05-cam0-rgb,data/keypoints_normalized/fall/fall-05-cam0-rgb.npz,36,65,0,0,0,4.5265886e-05
fall-05-cam0-rgb,data/keypoints_normalized/fall/fall-05-cam0-rgb.npz,37,66,0,0,0,4.382121e-05
fall-05-cam0-rgb,data/keypoints_normalized/fall/fall-05-cam0-rgb.npz,38,67,0,0,0,4.2445736e-05
fall-05-cam0-rgb,data/keypoints_normalized/fall/fall-05-cam0-rgb.npz,39,68,0,0,0,4.121515e-05
fall-05-cam0-rgb,data/keypoints_normalized/fall/fall-05-cam0-rgb.npz,40,69,0,0,0,4.0056624e-05
fall-05-cam0-rgb,data/keypoints_normalized/fall/fall-05-cam0-rgb.npz,41,70,0,0,0,3.9133713e-05
fall-05-cam0-rgb,data/keypoints_normalized/fall/fall-05-cam0-rgb.npz,42,71,0,0,0,3.8177892e-05
fall-05-cam0-rgb,data/keypoints_normalized/fall/fall-05-cam0-rgb.npz,43,72,0,0,0,3.7643407e-05
fall-05-cam0-rgb,data/keypoints_normalized/fall/fall-05-cam0-rgb.npz,44,73,0,0,0,3.710707e-05
fall-05-cam0-rgb,data/keypoints_normalized/fall/fall-05-cam0-rgb.npz,45,74,0,0,0,3.6812868e-05
fall-05-cam0-rgb,data/keypoints_normalized/fall/fall-05-cam0-rgb.npz,46,75,0,0,0,3.657077e-05
fall-05-cam0-rgb,data/keypoints_normalized/fall/fall-05-cam0-rgb.npz,47,76,0,0,0,3.669675e-05
fall-05-cam0-rgb,data/keypoints_normalized/fall/fall-05-cam0-rgb.npz,48,77,0,0,0,3.686075e-05
fall-05-cam0-rgb,data/keypoints_normalized/fall/fall-05-cam0-rgb.npz,49,78,0,0,0,3.719997e-05
fall-05-cam0-rgb,data/keypoints_normalized/fall/fall-05-cam0-rgb.npz,50,79,0,0,0,3.778281e-05
fall-05-cam0-rgb,data/keypoints_normalized/fall/fall-05-cam0-rgb.npz,51,80,0,0,0,3.8458158e-05
fall-05-cam0-rgb,data/keypoints_normalized/fall/fall-05-cam0-rgb.npz,52,81,0,0,0,3.9246734e-05
fall-05-cam0-rgb,data/keypoints_normalized/fall/fall-05-cam0-rgb.npz,53,82,0,0,0,4.0122457e-05
fall-05-cam0-rgb,data/keypoints_normalized/fall/fall-05-cam0-rgb.npz,54,83,0,0,0,4.1086158e-05
fall-05-cam0-rgb,data/keypoints_normalized/fall/fall-05-cam0-rgb.npz,55,84,0,0,0,4.204545e-05
fall-05-cam0-rgb,data/keypoints_normalized/fall/fall-05-cam0-rgb.npz,56,85,0,0,0,4.2681968e-05
fall-05-cam0-rgb,data/keypoints_normalized/fall/fall-05-cam0-rgb.npz,57,86,0,0,0,4.3381962e-05
fall-05-cam0-rgb,data/keypoints_normalized/fall/fall-05-cam0-rgb.npz,58,87,0,0,0,4.3896496e-05
fall-05-cam0-rgb,data/keypoints_normalized/fall/fall-05-cam0-rgb.npz,59,88,0,0,0,4.431381e-05
fall-05-cam0-rgb,data/keypoints_normalized/fall/fall-05-cam0-rgb.npz,60,89,0,0,0,4.4493434e-05
fall-05-cam0-rgb,data/keypoints_normalized/fall/fall-05-cam0-rgb.npz,61,90,0,0,0,4.423443e-05
fall-05-cam0-rgb,data/keypoints_normalized/fall/fall-05-cam0-rgb.npz,62,91,0,0,0,4.3656157e-05
fall-05-cam0-rgb,data/keypoints_normalized/fall/fall-05-cam0-rgb.npz,63,92,0,0,0,4.2966207e-05
fall-05-cam0-rgb,data/keypoints_normalized/fall/fall-05-cam0-rgb.npz,64,93,0,0,0,4.2157222e-05
fall-05-cam0-rgb,data/keypoints_normalized/fall/fall-05-cam0-rgb.npz,65,94,0,0,0,4.1156356e-05
fall-05-cam0-rgb,data/keypoints_normalized/fall/fall-05-cam0-rgb.npz,66,95,0,0,0,4.031434e-05
fall-05-cam0-rgb,data/keypoints_normalized/fall/fall-05-cam0-rgb.npz,67,96,0,0,0,3.953462e-05
fall-05-cam0-rgb,data/keypoints_normalized/fall/fall-05-cam0-rgb.npz,68,97,0,0,0,3.891563e-05
fall-05-cam0-rgb,data/keypoints_normalized/fall/fall-05-cam0-rgb.npz,69,98,0,0,0,3.8429054e-05
fall-05-cam0-rgb,data/keypoints_normalized/fall/fall-05-cam0-rgb.npz,70,99,0,0,0,3.8305236e-05
fall-05-cam0-rgb,data/keypoints_normalized/fall/fall-05-cam0-rgb.npz,71,100,0,0,0,3.8329355e-05
fall-05-cam0-rgb,data/keypoints_normalized/fall/fall-05-cam0-rgb.npz,72,101,0,0,0,3.8597485e-05
fall-05-cam0-rgb,data/keypoints_normalized/fall/fall-05-cam0-rgb.npz,73,102,0,0,0,3.9293314e-05
fall-05-cam0-rgb,data/keypoints_normalized/fall/fall-05-cam0-rgb.npz,74,103,0,0,0,4.0067207e-05
fall-05-cam0-rgb,data/keypoints_normalized/fall/fall-05-cam0-rgb.npz,75,104,0,0,0,4.138691e-05
fall-05-cam0-rgb,data/keypoints_normalized/fall/fall-05-cam0-rgb.npz,76,105,0,0,0,4.2846932e-05
fall-05-cam0-rgb,data/keypoints_normalized/fall/fall-05-cam0-rgb.npz,77,106,0,0,0,4.4651595e-05
fall-05-cam0-rgb,data/keypoints_normalized/fall/fall-05-cam0-rgb.npz,78,107,0,0,0,4.6513953e-05
fall-05-cam0-rgb,data/keypoints_normalized/fall/fall-05-cam0-rgb.npz,80,109,1,1,0,5.0168263e-05
fall-05-cam0-rgb,data/keypoints_normalized/fall/fall-05-cam0-rgb.npz,81,110,1,1,0,5.182302e-05
fall-05-cam0-rgb,data/keypoints_normalized/fall/fall-05-cam0-rgb.npz,82,111,1,1,0,5.2928503e-05
fall-05-cam0-rgb,data/keypoints_normalized/fall/fall-05-cam0-rgb.npz,83,112,1,1,0,5.3769854e-05
fall-05-cam0-rgb,data/keypoints_normalized/fall/fall-05-cam0-rgb.npz,84,113,1,1,0,5.5405966e-05
fall-05-cam0-rgb,data/keypoints_normalized/fall/fall-05-cam0-rgb.npz,85,114,1,1,0,5.6050056e-05
fall-05-cam0-rgb,data/keypoints_normalized/fall/fall-05-cam0-rgb.npz,86,115,1,1,0,8.003899e-05
fall-05-cam0-rgb,data/keypoints_normalized/fall/fall-05-cam0-rgb.npz,87,116,1,1,0,7.783799e-05
fall-05-cam0-rgb,data/keypoints_normalized/fall/fall-05-cam0-rgb.npz,88,117,1,1,0,7.6736986e-05
fall-05-cam0-rgb,data/keypoints_normalized/fall/fall-05-cam0-rgb.npz,89,118,1,1,0,7.4887634e-05
fall-05-cam0-rgb,data/keypoints_normalized/fall/fall-05-cam0-rgb.npz,90,119,1,1,0,7.502731e-05
fall-05-cam0-rgb,data/keypoints_normalized/fall/fall-05-cam0-rgb.npz,91,120,1,1,0,7.540947e-05
fall-05-cam0-rgb,data/keypoints_normalized/fall/fall-05-cam0-rgb.npz,92,121,1,1,0,7.6668526e-05
fall-05-cam0-rgb,data/keypoints_normalized/fall/fall-05-cam0-rgb.npz,93,122,1,1,0,7.791604e-05
fall-05-cam0-rgb,data/keypoints_normalized/fall/fall-05-cam0-rgb.npz,94,123,1,1,0,7.954904e-05
fall-05-cam0-rgb,data/keypoints_normalized/fall/fall-05-cam0-rgb.npz,95,124,1,1,0,8.162091e-05
fall-05-cam0-rgb,data/keypoints_normalized/fall/fall-05-cam0-rgb.npz,96,125,1,1,0,8.314572e-05
fall-05-cam0-rgb,data/keypoints_normalized/fall/fall-05-cam0-rgb.npz,97,126,1,1,0,8.2756385e-05
fall-05-cam0-rgb,data/keypoints_normalized/fall/fall-05-cam0-rgb.npz,98,127,1,1,0,8.3157145e-05
fall-05-cam0-rgb,data/keypoints_normalized/fall/fall-05-cam0-rgb.npz,99,128,1,1,0,9.828592e-05
fall-05-cam0-rgb,data/keypoints_normalized/fall/fall-05-cam0-rgb.npz,100,129,1,1,0,9.9209676e-05
fall-05-cam0-rgb,data/keypoints_normalized/fall/fall-05-cam0-rgb.npz,101,130,1,1,0,7.439054e-05
fall-05-cam0-rgb,data/keypoints_normalized/fall/fall-05-cam0-rgb.npz,102,131,1,1,0,7.395301e-05
fall-05-cam0-rgb,data/keypoints_normalized/fall/fall-05-cam0-rgb.npz,103,132,1,1,0,5.637135e-05
fall-05-cam0-rgb,data/keypoints_normalized/fall/fall-05-cam0-rgb.npz,104,133,1,1,0,5.1712588e-05
fall-05-cam0-rgb,data/keypoints_normalized/fall/fall-05-cam0-rgb.npz,105,134,1,1,0,4.4502092e-05
fall-05-cam0-rgb,data/keypoints_normalized/fall/fall-05-cam0-rgb.npz,106,135,1,1,0,4.067704e-05
fall-05-cam0-rgb,data/keypoints_normalized/fall/fall-05-cam0-rgb.npz,107,136,1,1,0,3.8160415e-05
fall-05-cam0-rgb,data/keypoints_normalized/fall/fall-05-cam0-rgb.npz,108,137,1,1,0,3.9270246e-05
fall-05-cam0-rgb,data/keypoints_normalized/fall/fall-05-cam0-rgb.npz,109,138,1,1,0,3.4239092e-05
fall-05-cam0-rgb,data/keypoints_normalized/fall/fall-05-cam0-rgb.npz,110,139,1,1,0,3.2644934e-05
fall-05-cam0-rgb,data/keypoints_normalized/fall/fall-05-cam0-rgb.npz,111,140,1,1,0,3.123454e-05
fall-05-cam0-rgb,data/keypoints_normalized/fall/fall-05-cam0-rgb.npz,112,141,1,1,0,3.0062187e-05
fall-05-cam0-rgb,data/keypoints_normalized/fall/fall-05-cam0-rgb.npz,113,142,1,1,0,2.9199327e-05
fall-05-cam0-rgb,data/keypoints_normalized/fall/fall-05-cam0-rgb.npz,114,143,1,1,0,2.865698e-05
fall-05-cam0-rgb,data/keypoints_normalized/fall/fall-05-cam0-rgb.npz,115,144,1,1,0,2.882986e-05
fall-05-cam0-rgb,data/keypoints_normalized/fall/fall-05-cam0-rgb.npz,116,145,1,1,0,3.6835063e-05
fall-05-cam0-rgb,data/keypoints_normalized/fall/fall-05-cam0-rgb.npz,117,146,1,1,0,4.1554114e-05
fall-05-cam0-rgb,data/keypoints_normalized/fall/fall-05-cam0-rgb.npz,118,147,1,1,0,3.722893e-05
fall-05-cam0-rgb,data/keypoints_normalized/fall/fall-05-cam0-rgb.npz,119,148,1,1,0,4.4040393e-05
fall-05-cam0-rgb,data/keypoints_normalized/fall/fall-05-cam0-rgb.npz,120,149,1,1,0,4.259463e-05
fall-05-cam0-rgb,data/keypoints_normalized/fall/fall-05-cam0-rgb.npz,121,150,1,1,0,4.9195714e-05
fall-05-cam0-rgb,data/keypoints_normalized/fall/fall-05-cam0-rgb.npz,122,151,1,1,0,0.00022083068
fall-10-cam0-rgb,data/keypoints_normalized/fall/fall-10-cam0-rgb.npz,1,30,0,0,0,1.9983696e-05
fall-10-cam0-rgb,data/keypoints_normalized/fall/fall-10-cam0-rgb.npz,2,31,0,0,0,1.9856589e-05
fall-10-cam0-rgb,data/keypoints_normalized/fall/fall-10-cam0-rgb.npz,3,32,0,0,0,1.9612926e-05
fall-10-cam0-rgb,data/keypoints_normalized/fall/fall-10-cam0-rgb.npz,4,33,0,0,0,1.939538e-05
fall-10-cam0-rgb,data/keypoints_normalized/fall/fall-10-cam0-rgb.npz,5,34,0,0,0,1.9118197e-05
fall-10-cam0-rgb,data/keypoints_normalized/fall/fall-10-cam0-rgb.npz,6,35,0,0,0,1.8843064e-05
fall-10-cam0-rgb,data/keypoints_normalized/fall/fall-10-cam0-rgb.npz,7,36,0,0,0,1.8587732e-05
fall-10-cam0-rgb,data/keypoints_normalized/fall/fall-10-cam0-rgb.npz,8,37,0,0,0,1.824154e-05
fall-10-cam0-rgb,data/keypoints_normalized/fall/fall-10-cam0-rgb.npz,9,38,0,0,0,1.7956168e-05
fall-10-cam0-rgb,data/keypoints_normalized/fall/fall-10-cam0-rgb.npz,10,39,0,0,0,1.7639108e-05
fall-10-cam0-rgb,data/keypoints_normalized/fall/fall-10-cam0-rgb.npz,11,40,0,0,0,1.732867e-05
fall-10-cam0-rgb,data/keypoints_normalized/fall/fall-10-cam0-rgb.npz,12,41,0,0,0,1.7003169e-05
fall-10-cam0-rgb,data/keypoints_normalized/fall/fall-10-cam0-rgb.npz,13,42,0,0,0,1.6777152e-05
fall-10-cam0-rgb,data/keypoints_normalized/fall/fall-10-cam0-rgb.npz,14,43,0,0,0,1.6451952e-05
fall-10-cam0-rgb,data/keypoints_normalized/fall/fall-10-cam0-rgb.npz,15,44,0,0,0,1.6152579e-05
fall-10-cam0-rgb,data/keypoints_normalized/fall/fall-10-cam0-rgb.npz,16,45,0,0,0,1.5884152e-05
fall-10-cam0-rgb,data/keypoints_normalized/fall/fall-10-cam0-rgb.npz,17,46,0,0,0,1.5636017e-05
fall-10-cam0-rgb,data/keypoints_normalized/fall/fall-10-cam0-rgb.npz,18,47,0,0,0,1.5399493e-05
fall-10-cam0-rgb,data/keypoints_normalized/fall/fall-10-cam0-rgb.npz,19,48,0,0,0,1.5253493e-05
fall-10-cam0-rgb,data/keypoints_normalized/fall/fall-10-cam0-rgb.npz,20,49,0,0,0,1.5062422e-05
fall-10-cam0-rgb,data/keypoints_normalized/fall/fall-10-cam0-rgb.npz,21,50,0,0,0,1.4871417e-05
fall-10-cam0-rgb,data/keypoints_normalized/fall/fall-10-cam0-rgb.npz,22,51,0,0,0,1.4740781e-05
fall-10-cam0-rgb,data/keypoints_normalized/fall/fall-10-cam0-rgb.npz,23,52,0,0,0,1.46241855e-05
fall-10-cam0-rgb,data/keypoints_normalized/fall/fall-10-cam0-rgb.npz,24,53,0,0,0,1.4574955e-05
fall-10-cam0-rgb,data/keypoints_normalized/fall/fall-10-cam0-rgb.npz,25,54,0,0,0,1.4612907e-05
fall-10-cam0-rgb,data/keypoints_normalized/fall/fall-10-cam0-rgb.npz,26,55,0,0,0,1.4659248e-05
fall-10-cam0-rgb,data/keypoints_normalized/fall/fall-10-cam0-rgb.npz,27,56,0,0,0,1.4928327e-05
fall-10-cam0-rgb,data/keypoints_normalized/fall/fall-10-cam0-rgb.npz,28,57,0,0,0,1.5290138e-05
fall-10-cam0-rgb,data/keypoints_normalized/fall/fall-10-cam0-rgb.npz,29,58,0,0,0,1.5969665e-05
fall-10-cam0-rgb,data/keypoints_normalized/fall/fall-10-cam0-rgb.npz,30,59,0,0,0,1.6941178e-05
fall-10-cam0-rgb,data/keypoints_normalized/fall/fall-10-cam0-rgb.npz,31,60,0,0,0,2.1570433e-05
fall-10-cam0-rgb,data/keypoints_normalized/fall/fall-10-cam0-rgb.npz,32,61,0,0,0,2.5528265e-05
fall-10-cam0-rgb,data/keypoints_normalized/fall/fall-10-cam0-rgb.npz,33,62,0,0,0,3.466191e-05
fall-10-cam0-rgb,data/keypoints_normalized/fall/fall-10-cam0-rgb.npz,34,63,0,0,0,6.1833e-05
fall-10-cam0-rgb,data/keypoints_normalized/fall/fall-10-cam0-rgb.npz,35,64,0,0,0,0.0021071597
fall-10-cam0-rgb,data/keypoints_normalized/fall/fall-10-cam0-rgb.npz,36,65,0,0,0,0.050300214
fall-10-cam0-rgb,data/keypoints_normalized/fall/fall-10-cam0-rgb.npz,37,66,0,0,1,0.5206546
fall-10-cam0-rgb,data/keypoints_normalized/fall/fall-10-cam0-rgb.npz,38,67,0,0,1,0.9148901
fall-10-cam0-rgb,data/keypoints_normalized/fall/fall-10-cam0-rgb.npz,39,68,0,0,1,0.981277
fall-10-cam0-rgb,data/keypoints_normalized/fall/fall-10-cam0-rgb.npz,41,70,1,1,1,0.99702305
fall-10-cam0-rgb,data/keypoints_normalized/fall/fall-10-cam0-rgb.npz,42,71,1,1,1,0.9982145
fall-10-cam0-rgb,data/keypoints_normalized/fall/fall-10-cam0-rgb.npz,43,72,1,1,1,0.99874276
fall-10-cam0-rgb,data/keypoints_normalized/fall/fall-10-cam0-rgb.npz,44,73,1,1,1,0.99908113
fall-10-cam0-rgb,data/keypoints_normalized/fall/fall-10-cam0-rgb.npz,45,74,1,1,1,0.99919325
fall-10-cam0-rgb,data/keypoints_normalized/fall/fall-10-cam0-rgb.npz,46,75,1,1,1,0.99923825
fall-10-cam0-rgb,data/keypoints_normalized/fall/fall-10-cam0-rgb.npz,47,76,1,1,1,0.99926776
fall-10-cam0-rgb,data/keypoints_normalized/fall/fall-10-cam0-rgb.npz,48,77,1,1,1,0.99928695
fall-10-cam0-rgb,data/keypoints_normalized/fall/fall-10-cam0-rgb.npz,49,78,1,1,1,0.9993
fall-10-cam0-rgb,data/keypoints_normalized/fall/fall-10-cam0-rgb.npz,50,79,1,1,1,0.9993075
fall-10-cam0-rgb,data/keypoints_normalized/fall/fall-10-cam0-rgb.npz,51,80,1,1,1,0.9993129
fall-10-cam0-rgb,data/keypoints_normalized/fall/fall-10-cam0-rgb.npz,52,81,1,1,1,0.9993166
fall-10-cam0-rgb,data/keypoints_normalized/fall/fall-10-cam0-rgb.npz,53,82,1,1,1,0.9993191
fall-10-cam0-rgb,data/keypoints_normalized/fall/fall-10-cam0-rgb.npz,54,83,1,1,1,0.99932086
fall-10-cam0-rgb,data/keypoints_normalized/fall/fall-10-cam0-rgb.npz,55,84,1,1,1,0.99932206
fall-10-cam0-rgb,data/keypoints_normalized/fall/fall-10-cam0-rgb.npz,56,85,1,1,1,0.999323
fall-10-cam0-rgb,data/keypoints_normalized/fall/fall-10-cam0-rgb.npz,57,86,1,1,1,0.9993237
fall-10-cam0-rgb,data/keypoints_normalized/fall/fall-10-cam0-rgb.npz,58,87,1,1,1,0.9993242
fall-10-cam0-rgb,data/keypoints_normalized/fall/fall-10-cam0-rgb.npz,59,88,1,1,1,0.99932456
fall-10-cam0-rgb,data/keypoints_normalized/fall/fall-10-cam0-rgb.npz,60,89,1,1,1,0.9993249
fall-10-cam0-rgb,data/keypoints_normalized/fall/fall-10-cam0-rgb.npz,61,90,1,1,1,0.9993253
fall-10-cam0-rgb,data/keypoints_normalized/fall/fall-10-cam0-rgb.npz,62,91,1,1,1,0.999326
fall-10-cam0-rgb,data/keypoints_normalized/fall/fall-10-cam0-rgb.npz,63,92,1,1,1,0.99932694
fall-10-cam0-rgb,data/keypoints_normalized/fall/fall-10-cam0-rgb.npz,64,93,1,1,1,0.99932694
fall-10-cam0-rgb,data/keypoints_normalized/fall/fall-10-cam0-rgb.npz,65,94,1,1,1,0.9993162
fall-10-cam0-rgb,data/keypoints_normalized/fall/fall-10-cam0-rgb.npz,66,95,1,1,1,0.99920183
fall-10-cam0-rgb,data/keypoints_normalized/fall/fall-10-cam0-rgb.npz,67,96,1,1,1,0.99909496
fall-10-cam0-rgb,data/keypoints_normalized/fall/fall-10-cam0-rgb.npz,68,97,1,1,1,0.998823
fall-10-cam0-rgb,data/keypoints_normalized/fall/fall-10-cam0-rgb.npz,69,98,1,1,1,0.9984175
fall-10-cam0-rgb,data/keypoints_normalized/fall/fall-10-cam0-rgb.npz,70,99,1,1,1,0.997738
fall-10-cam0-rgb,data/keypoints_normalized/fall/fall-10-cam0-rgb.npz,71,100,1,1,1,0.99652964
fall-10-cam0-rgb,data/keypoints_normalized/fall/fall-10-cam0-rgb.npz,72,101,1,1,1,0.994739
fall-10-cam0-rgb,data/keypoints_normalized/fall/fall-10-cam0-rgb.npz,73,102,1,1,1,0.99200034
fall-10-cam0-rgb,data/keypoints_normalized/fall/fall-10-cam0-rgb.npz,74,103,1,1,1,0.9084975
fall-10-cam0-rgb,data/keypoints_normalized/fall/fall-10-cam0-rgb.npz,75,104,1,1,1,0.7842222
fall-10-cam0-rgb,data/keypoints_normalized/fall/fall-10-cam0-rgb.npz,76,105,1,1,1,0.64457816
fall-10-cam0-rgb,data/keypoints_normalized/fall/fall-10-cam0-rgb.npz,77,106,1,1,1,0.99923813
fall-10-cam0-rgb,data/keypoints_normalized/fall/fall-10-cam0-rgb.npz,78,107,1,1,1,0.99925655
fall-10-cam0-rgb,data/keypoints_normalized/fall/fall-10-cam0-rgb.npz,79,108,1,1,1,0.9992766
fall-10-cam0-rgb,data/keypoints_normalized/fall/fall-10-cam0-rgb.npz,80,109,1,1,1,0.99928707
fall-10-cam0-rgb,data/keypoints_normalized/fall/fall-10-cam0-rgb.npz,81,110,1,1,1,0.99929523
fall-10-cam0-rgb,data/keypoints_normalized/fall/fall-10-cam0-rgb.npz,82,111,1,1,1,0.99930406
fall-10-cam0-rgb,data/keypoints_normalized/fall/fall-10-cam0-rgb.npz,83,112,1,1,1,0.99930835
fall-10-cam0-rgb,data/keypoints_normalized/fall/fall-10-cam0-rgb.npz,84,113,1,1,1,0.9993118
fall-10-cam0-rgb,data/keypoints_normalized/fall/fall-10-cam0-rgb.npz,85,114,1,1,1,0.99931705
fall-10-cam0-rgb,data/keypoints_normalized/fall/fall-10-cam0-rgb.npz,86,115,1,1,1,0.9993191
fall-10-cam0-rgb,data/keypoints_normalized/fall/fall-10-cam0-rgb.npz,87,116,1,1,1,0.9993206
fall-10-cam0-rgb,data/keypoints_normalized/fall/fall-10-cam0-rgb.npz,88,117,1,1,1,0.9993216
fall-10-cam0-rgb,data/keypoints_normalized/fall/fall-10-cam0-rgb.npz,89,118,1,1,1,0.99932265
fall-10-cam0-rgb,data/keypoints_normalized/fall/fall-10-cam0-rgb.npz,90,119,1,1,1,0.99932337
fall-10-cam0-rgb,data/keypoints_normalized/fall/fall-10-cam0-rgb.npz,91,120,1,1,1,0.99932396
fall-10-cam0-rgb,data/keypoints_normalized/fall/fall-10-cam0-rgb.npz,92,121,1,1,1,0.99932563
fall-10-cam0-rgb,data/keypoints_normalized/fall/fall-10-cam0-rgb.npz,93,122,1,1,1,0.99932563
fall-10-cam0-rgb,data/keypoints_normalized/fall/fall-10-cam0-rgb.npz,94,123,1,1,1,0.99932563
fall-10-cam0-rgb,data/keypoints_normalized/fall/fall-10-cam0-rgb.npz,95,124,1,1,1,0.99932563
fall-10-cam0-rgb,data/keypoints_normalized/fall/fall-10-cam0-rgb.npz,96,125,1,1,1,0.99932563
fall-10-cam0-rgb,data/keypoints_normalized/fall/fall-10-cam0-rgb.npz,97,126,1,1,1,0.99932575
fall-10-cam0-rgb,data/keypoints_normalized/fall/fall-10-cam0-rgb.npz,98,127,1,1,1,0.99932575
fall-10-cam0-rgb,data/keypoints_normalized/fall/fall-10-cam0-rgb.npz,99,128,1,1,1,0.99932575
fall-10-cam0-rgb,data/keypoints_normalized/fall/fall-10-cam0-rgb.npz,100,129,1,1,1,0.99932575
fall-10-cam0-rgb,data/keypoints_normalized/fall/fall-10-cam0-rgb.npz,101,130,1,1,1,0.99932563
fall-22-cam0-rgb,data/keypoints_normalized/fall/fall-22-cam0-rgb.npz,1,30,0,0,0,0.00024306573
fall-22-cam0-rgb,data/keypoints_normalized/fall/fall-22-cam0-rgb.npz,2,31,0,0,0,0.0030965246
fall-22-cam0-rgb,data/keypoints_normalized/fall/fall-22-cam0-rgb.npz,3,32,0,0,0,0.010738085
fall-22-cam0-rgb,data/keypoints_normalized/fall/fall-22-cam0-rgb.npz,5,34,1,1,0,0.4584195
fall-22-cam0-rgb,data/keypoints_normalized/fall/fall-22-cam0-rgb.npz,6,35,1,1,1,0.8404324
fall-22-cam0-rgb,data/keypoints_normalized/fall/fall-22-cam0-rgb.npz,7,36,1,1,1,0.9604742
fall-22-cam0-rgb,data/keypoints_normalized/fall/fall-22-cam0-rgb.npz,8,37,1,1,1,0.98836213
fall-22-cam0-rgb,data/keypoints_normalized/fall/fall-22-cam0-rgb.npz,9,38,1,1,1,0.99507
fall-22-cam0-rgb,data/keypoints_normalized/fall/fall-22-cam0-rgb.npz,10,39,1,1,1,0.99734604
fall-22-cam0-rgb,data/keypoints_normalized/fall/fall-22-cam0-rgb.npz,11,40,1,1,1,0.99827313
fall-22-cam0-rgb,data/keypoints_normalized/fall/fall-22-cam0-rgb.npz,12,41,1,1,1,0.99872005
fall-22-cam0-rgb,data/keypoints_normalized/fall/fall-22-cam0-rgb.npz,13,42,1,1,1,0.9989556
fall-22-cam0-rgb,data/keypoints_normalized/fall/fall-22-cam0-rgb.npz,14,43,1,1,1,0.999086
fall-22-cam0-rgb,data/keypoints_normalized/fall/fall-22-cam0-rgb.npz,15,44,1,1,1,0.9991849
fall-22-cam0-rgb,data/keypoints_normalized/fall/fall-22-cam0-rgb.npz,16,45,1,1,1,0.99919325
fall-22-cam0-rgb,data/keypoints_normalized/fall/fall-22-cam0-rgb.npz,17,46,1,1,1,0.9992461
fall-22-cam0-rgb,data/keypoints_normalized/fall/fall-22-cam0-rgb.npz,18,47,1,1,1,0.9992186
fall-22-cam0-rgb,data/keypoints_normalized/fall/fall-22-cam0-rgb.npz,19,48,1,1,1,0.99914265
fall-22-cam0-rgb,data/keypoints_normalized/fall/fall-22-cam0-rgb.npz,20,49,1,1,1,0.99899787
fall-22-cam0-rgb,data/keypoints_normalized/fall/fall-22-cam0-rgb.npz,21,50,1,1,1,0.99875546
fall-22-cam0-rgb,data/keypoints_normalized/fall/fall-22-cam0-rgb.npz,22,51,1,1,1,0.9983563
fall-22-cam0-rgb,data/keypoints_normalized/fall/fall-22-cam0-rgb.npz,23,52,1,1,1,0.9979261
fall-22-cam0-rgb,data/keypoints_normalized/fall/fall-22-cam0-rgb.npz,24,53,1,1,1,0.99714017
fall-22-cam0-rgb,data/keypoints_normalized/fall/fall-22-cam0-rgb.npz,25,54,1,1,1,0.99904305
fall-22-cam0-rgb,data/keypoints_normalized/fall/fall-22-cam0-rgb.npz,26,55,1,1,1,0.9993135
fall-22-cam0-rgb,data/keypoints_normalized/fall/fall-22-cam0-rgb.npz,27,56,1,1,1,0.9992981
fall-25-cam0-rgb,data/keypoints_normalized/fall/fall-25-cam0-rgb.npz,1,30,0,0,0,2.5386073e-05
fall-25-cam0-rgb,data/keypoints_normalized/fall/fall-25-cam0-rgb.npz,2,31,0,0,0,2.499315e-05
fall-25-cam0-rgb,data/keypoints_normalized/fall/fall-25-cam0-rgb.npz,3,32,0,0,0,2.4778043e-05
fall-25-cam0-rgb,data/keypoints_normalized/fall/fall-25-cam0-rgb.npz,4,33,0,0,0,2.4495755e-05
fall-25-cam0-rgb,data/keypoints_normalized/fall/fall-25-cam0-rgb.npz,5,34,0,0,0,2.429329e-05
fall-25-cam0-rgb,data/keypoints_normalized/fall/fall-25-cam0-rgb.npz,6,35,0,0,0,2.4082783e-05
fall-25-cam0-rgb,data/keypoints_normalized/fall/fall-25-cam0-rgb.npz,7,36,0,0,0,2.3944485e-05
fall-25-cam0-rgb,data/keypoints_normalized/fall/fall-25-cam0-rgb.npz,8,37,0,0,0,2.385225e-05
fall-25-cam0-rgb,data/keypoints_normalized/fall/fall-25-cam0-rgb.npz,9,38,0,0,0,2.3798628e-05
fall-25-cam0-rgb,data/keypoints_normalized/fall/fall-25-cam0-rgb.npz,10,39,0,0,0,2.3678103e-05
fall-25-cam0-rgb,data/keypoints_normalized/fall/fall-25-cam0-rgb.npz,11,40,0,0,0,2.3541394e-05
fall-25-cam0-rgb,data/keypoints_normalized/fall/fall-25-cam0-rgb.npz,12,41,0,0,0,2.3388644e-05
fall-25-cam0-rgb,data/keypoints_normalized/fall/fall-25-cam0-rgb.npz,13,42,0,0,0,2.322098e-05
fall-25-cam0-rgb,data/keypoints_normalized/fall/fall-25-cam0-rgb.npz,14,43,0,0,0,2.2958422e-05
fall-25-cam0-rgb,data/keypoints_normalized/fall/fall-25-cam0-rgb.npz,15,44,0,0,0,2.2609693e-05
fall-25-cam0-rgb,data/keypoints_normalized/fall/fall-25-cam0-rgb.npz,16,45,0,0,0,2.2226717e-05
fall-25-cam0-rgb,data/keypoints_normalized/fall/fall-25-cam0-rgb.npz,17,46,0,0,0,2.1908818e-05
fall-25-cam0-rgb,data/keypoints_normalized/fall/fall-25-cam0-rgb.npz,18,47,0,0,0,2.1563726e-05
fall-25-cam0-rgb,data/keypoints_normalized/fall/fall-25-cam0-rgb.npz,19,48,0,0,0,2.1208054e-05
fall-25-cam0-rgb,data/keypoints_normalized/fall/fall-25-cam0-rgb.npz,20,49,0,0,0,2.083991e-05
fall-25-cam0-rgb,data/keypoints_normalized/fall/fall-25-cam0-rgb.npz,21,50,0,0,0,2.051264e-05
fall-25-cam0-rgb,data/keypoints_normalized/fall/fall-25-cam0-rgb.npz,22,51,0,0,0,2.0115589e-05
fall-25-cam0-rgb,data/keypoints_normalized/fall/fall-25-cam0-rgb.npz,23,52,0,0,0,1.9794179e-05
fall-25-cam0-rgb,data/keypoints_normalized/fall/fall-25-cam0-rgb.npz,24,53,0,0,0,1.9368174e-05
fall-25-cam0-rgb,data/keypoints_normalized/fall/fall-25-cam0-rgb.npz,25,54,0,0,0,1.8901881e-05
fall-25-cam0-rgb,data/keypoints_normalized/fall/fall-25-cam0-rgb.npz,26,55,0,0,0,1.8395516e-05
fall-25-cam0-rgb,data/keypoints_normalized/fall/fall-25-cam0-rgb.npz,27,56,0,0,0,1.788388e-05
fall-25-cam0-rgb,data/keypoints_normalized/fall/fall-25-cam0-rgb.npz,28,57,0,0,0,1.7345565e-05
fall-25-cam0-rgb,data/keypoints_normalized/fall/fall-25-cam0-rgb.npz,29,58,0,0,0,1.6900964e-05
fall-25-cam0-rgb,data/keypoints_normalized/fall/fall-25-cam0-rgb.npz,30,59,0,0,0,1.6410162e-05
fall-25-cam0-rgb,data/keypoints_normalized/fall/fall-25-cam0-rgb.npz,31,60,0,0,0,1.5974356e-05
fall-25-cam0-rgb,data/keypoints_normalized/fall/fall-25-cam0-rgb.npz,32,61,0,0,0,1.561843e-05
fall-25-cam0-rgb,data/keypoints_normalized/fall/fall-25-cam0-rgb.npz,33,62,0,0,0,1.5331427e-05
fall-25-cam0-rgb,data/keypoints_normalized/fall/fall-25-cam0-rgb.npz,34,63,0,0,0,1.516869e-05
fall-25-cam0-rgb,data/keypoints_normalized/fall/fall-25-cam0-rgb.npz,35,64,0,0,0,1.5172711e-05
fall-25-cam0-rgb,data/keypoints_normalized/fall/fall-25-cam0-rgb.npz,36,65,0,0,0,1.5588015e-05
fall-25-cam0-rgb,data/keypoints_normalized/fall/fall-25-cam0-rgb.npz,37,66,0,0,0,1.6890071e-05
fall-25-cam0-rgb,data/keypoints_normalized/fall/fall-25-cam0-rgb.npz,38,67,0,0,0,1.967366e-05
fall-25-cam0-rgb,data/keypoints_normalized/fall/fall-25-cam0-rgb.npz,39,68,0,0,0,2.5371986e-05
fall-25-cam0-rgb,data/keypoints_normalized/fall/fall-25-cam0-rgb.npz,40,69,0,0,0,3.7472066e-05
fall-25-cam0-rgb,data/keypoints_normalized/fall/fall-25-cam0-rgb.npz,41,70,0,0,0,6.487902e-05
fall-25-cam0-rgb,data/keypoints_normalized/fall/fall-25-cam0-rgb.npz,42,71,0,0,0,0.00013363239
fall-25-cam0-rgb,data/keypoints_normalized/fall/fall-25-cam0-rgb.npz,43,72,0,0,0,0.0003261577
fall-25-cam0-rgb,data/keypoints_normalized/fall/fall-25-cam0-rgb.npz,44,73,0,0,0,0.0009136251
fall-25-cam0-rgb,data/keypoints_normalized/fall/fall-25-cam0-rgb.npz,46,75,1,1,0,0.00918076
fall-25-cam0-rgb,data/keypoints_normalized/fall/fall-25-cam0-rgb.npz,47,76,1,1,0,0.02938028
fall-25-cam0-rgb,data/keypoints_normalized/fall/fall-25-cam0-rgb.npz,48,77,1,1,0,0.086734794
fall-25-cam0-rgb,data/keypoints_normalized/fall/fall-25-cam0-rgb.npz,49,78,1,1,0,0.2167835
fall-25-cam0-rgb,data/keypoints_normalized/fall/fall-25-cam0-rgb.npz,50,79,1,1,0,0.42122364
fall-25-cam0-rgb,data/keypoints_normalized/fall/fall-25-cam0-rgb.npz,51,80,1,1,1,0.63092023
fall-25-cam0-rgb,data/keypoints_normalized/fall/fall-25-cam0-rgb.npz,52,81,1,1,1,0.7804237
fall-25-cam0-rgb,data/keypoints_normalized/fall/fall-25-cam0-rgb.npz,53,82,1,1,1,0.86532724
fall-25-cam0-rgb,data/keypoints_normalized/fall/fall-25-cam0-rgb.npz,54,83,1,1,1,0.90383416
fall-25-cam0-rgb,data/keypoints_normalized/fall/fall-25-cam0-rgb.npz,55,84,1,1,1,0.89661777
fall-25-cam0-rgb,data/keypoints_normalized/fall/fall-25-cam0-rgb.npz,56,85,1,1,1,0.6962349
fall-29-cam0-rgb,data/keypoints_normalized/fall/fall-29-cam0-rgb.npz,1,30,0,0,0,2.6594069e-05
fall-29-cam0-rgb,data/keypoints_normalized/fall/fall-29-cam0-rgb.npz,2,31,0,0,0,2.6250156e-05
fall-29-cam0-rgb,data/keypoints_normalized/fall/fall-29-cam0-rgb.npz,3,32,0,0,0,2.5808244e-05
fall-29-cam0-rgb,data/keypoints_normalized/fall/fall-29-cam0-rgb.npz,4,33,0,0,0,2.5429325e-05
fall-29-cam0-rgb,data/keypoints_normalized/fall/fall-29-cam0-rgb.npz,5,34,0,0,0,2.496247e-05
fall-29-cam0-rgb,data/keypoints_normalized/fall/fall-29-cam0-rgb.npz,6,35,0,0,0,2.4543948e-05
fall-29-cam0-rgb,data/keypoints_normalized/fall/fall-29-cam0-rgb.npz,7,36,0,0,0,2.406405e-05
fall-29-cam0-rgb,data/keypoints_normalized/fall/fall-29-cam0-rgb.npz,8,37,0,0,0,2.3724171e-05
fall-29-cam0-rgb,data/keypoints_normalized/fall/fall-29-cam0-rgb.npz,9,38,0,0,0,2.3341026e-05
fall-29-cam0-rgb,data/keypoints_normalized/fall/fall-29-cam0-rgb.npz,10,39,0,0,0,2.3060744e-05
fall-29-cam0-rgb,data/keypoints_normalized/fall/fall-29-cam0-rgb.npz,11,40,0,0,0,2.281877e-05
fall-29-cam0-rgb,data/keypoints_normalized/fall/fall-29-cam0-rgb.npz,12,41,0,0,0,2.2746788e-05
fall-29-cam0-rgb,data/keypoints_normalized/fall/fall-29-cam0-rgb.npz,13,42,0,0,0,2.2661417e-05
fall-29-cam0-rgb,data/keypoints_normalized/fall/fall-29-cam0-rgb.npz,14,43,0,0,0,2.2587668e-05
fall-29-cam0-rgb,data/keypoints_normalized/fall/fall-29-cam0-rgb.npz,15,44,0,0,0,2.2687796e-05
fall-29-cam0-rgb,data/keypoints_normalized/fall/fall-29-cam0-rgb.npz,16,45,0,0,0,2.2741602e-05
fall-29-cam0-rgb,data/keypoints_normalized/fall/fall-29-cam0-rgb.npz,17,46,0,0,0,2.2986815e-05
fall-29-cam0-rgb,data/keypoints_normalized/fall/fall-29-cam0-rgb.npz,18,47,0,0,0,2.322594e-05
fall-29-cam0-rgb,data/keypoints_normalized/fall/fall-29-cam0-rgb.npz,19,48,0,0,0,2.3493621e-05
fall-29-cam0-rgb,data/keypoints_normalized/fall/fall-29-cam0-rgb.npz,20,49,0,0,0,2.3745173e-05
fall-29-cam0-rgb,data/keypoints_normalized/fall/fall-29-cam0-rgb.npz,21,50,0,0,0,2.4055653e-05
fall-29-cam0-rgb,data/keypoints_normalized/fall/fall-29-cam0-rgb.npz,22,51,0,0,0,2.4336445e-05
fall-29-cam0-rgb,data/keypoints_normalized/fall/fall-29-cam0-rgb.npz,23,52,0,0,0,2.4598123e-05
fall-29-cam0-rgb,data/keypoints_normalized/fall/fall-29-cam0-rgb.npz,24,53,0,0,0,2.4902434e-05
fall-29-cam0-rgb,data/keypoints_normalized/fall/fall-29-cam0-rgb.npz,25,54,0,0,0,2.504894e-05
fall-29-cam0-rgb,data/keypoints_normalized/fall/fall-29-cam0-rgb.npz,26,55,0,0,0,2.506887e-05
fall-29-cam0-rgb,data/keypoints_normalized/fall/fall-29-cam0-rgb.npz,27,56,0,0,0,2.4941412e-05
fall-29-cam0-rgb,data/keypoints_normalized/fall/fall-29-cam0-rgb.npz,28,57,0,0,0,2.4699531e-05
fall-29-cam0-rgb,data/keypoints_normalized/fall/fall-29-cam0-rgb.npz,29,58,0,0,0,2.4285275e-05
fall-29-cam0-rgb,data/keypoints_normalized/fall/fall-29-cam0-rgb.npz,30,59,0,0,0,2.3719374e-05
fall-29-cam0-rgb,data/keypoints_normalized/fall/fall-29-cam0-rgb.npz,31,60,0,0,0,2.3122997e-05
fall-29-cam0-rgb,data/keypoints_normalized/fall/fall-29-cam0-rgb.npz,32,61,0,0,0,2.2474691e-05
fall-29-cam0-rgb,data/keypoints_normalized/fall/fall-29-cam0-rgb.npz,33,62,0,0,0,2.1856606e-05
fall-29-cam0-rgb,data/keypoints_normalized/fall/fall-29-cam0-rgb.npz,34,63,0,0,0,2.1351854e-05
fall-29-cam0-rgb,data/keypoints_normalized/fall/fall-29-cam0-rgb.npz,35,64,0,0,0,2.095474e-05
fall-29-cam0-rgb,data/keypoints_normalized/fall/fall-29-cam0-rgb.npz,36,65,0,0,0,2.0834625e-05
fall-29-cam0-rgb,data/keypoints_normalized/fall/fall-29-cam0-rgb.npz,37,66,0,0,0,2.112747e-05
fall-29-cam0-rgb,data/keypoints_normalized/fall/fall-29-cam0-rgb.npz,38,67,0,0,0,2.1749856e-05
fall-29-cam0-rgb,data/keypoints_normalized/fall/fall-29-cam0-rgb.npz,39,68,0,0,0,2.3252494e-05
fall-29-cam0-rgb,data/keypoints_normalized/fall/fall-29-cam0-rgb.npz,40,69,0,0,0,2.5632477e-05
fall-29-cam0-rgb,data/keypoints_normalized/fall/fall-29-cam0-rgb.npz,41,70,0,0,0,3.0024312e-05
fall-29-cam0-rgb,data/keypoints_normalized/fall/fall-29-cam0-rgb.npz,42,71,0,0,0,3.7717433e-05
fall-29-cam0-rgb,data/keypoints_normalized/fall/fall-29-cam0-rgb.npz,43,72,0,0,0,5.27194e-05
fall-29-cam0-rgb,data/keypoints_normalized/fall/fall-29-cam0-rgb.npz,44,73,0,0,0,8.3650244e-05
fall-29-cam0-rgb,data/keypoints_normalized/fall/fall-29-cam0-rgb.npz,45,74,0,0,0,0.00015406663
fall-29-cam0-rgb,data/keypoints_normalized/fall/fall-29-cam0-rgb.npz,46,75,0,0,0,0.0003505111
fall-29-cam0-rgb,data/keypoints_normalized/fall/fall-29-cam0-rgb.npz,47,76,0,0,0,0.0009696652
fall-29-cam0-rgb,data/keypoints_normalized/fall/fall-29-cam0-rgb.npz,48,77,0,0,0,0.0033209343
fall-29-cam0-rgb,data/keypoints_normalized/fall/fall-29-cam0-rgb.npz,50,79,1,1,0,0.05454997
fall-29-cam0-rgb,data/keypoints_normalized/fall/fall-29-cam0-rgb.npz,51,80,1,1,0,0.19185203
fall-29-cam0-rgb,data/keypoints_normalized/fall/fall-29-cam0-rgb.npz,52,81,1,1,0,0.4606351
fall-29-cam0-rgb,data/keypoints_normalized/fall/fall-29-cam0-rgb.npz,53,82,1,1,1,0.71864706
fall-29-cam0-rgb,data/keypoints_normalized/fall/fall-29-cam0-rgb.npz,54,83,1,1,1,0.85956573
fall-29-cam0-rgb,data/keypoints_normalized/fall/fall-29-cam0-rgb.npz,55,84,1,1,1,0.91852903
fall-29-cam0-rgb,data/keypoints_normalized/fall/fall-29-cam0-rgb.npz,56,85,1,1,1,0.9376502
fall-29-cam0-rgb,data/keypoints_normalized/fall/fall-29-cam0-rgb.npz,57,86,1,1,1,0.92843944
fall-29-cam0-rgb,data/keypoints_normalized/fall/fall-29-cam0-rgb.npz,58,87,1,1,1,0.86541164
fall-29-cam0-rgb,data/keypoints_normalized/fall/fall-29-cam0-rgb.npz,59,88,1,1,1,0.6324668
fall-29-cam0-rgb,data/keypoints_normalized/fall/fall-29-cam0-rgb.npz,60,89,1,1,0,0.26671803
fall-29-cam0-rgb,data/keypoints_normalized/fall/fall-29-cam0-rgb.npz,61,90,1,1,0,0.0028667143
fall-29-cam0-rgb,data/keypoints_normalized/fall/fall-29-cam0-rgb.npz,62,91,1,1,0,0.00044038036
fall-29-cam0-rgb,data/keypoints_normalized/fall/fall-29-cam0-rgb.npz,63,92,1,1,0,0.00014694812
fall-29-cam0-rgb,data/keypoints_normalized/fall/fall-29-cam0-rgb.npz,64,93,1,1,0,1.8140645e-05
fall-29-cam0-rgb,data/keypoints_normalized/fall/fall-29-cam0-rgb.npz,65,94,1,1,0,1.7932349e-05
fall-29-cam0-rgb,data/keypoints_normalized/fall/fall-29-cam0-rgb.npz,66,95,1,1,0,1.3499661e-05
fall-29-cam0-rgb,data/keypoints_normalized/fall/fall-29-cam0-rgb.npz,67,96,1,1,0,1.4061175e-05
fall-29-cam0-rgb,data/keypoints_normalized/fall/fall-29-cam0-rgb.npz,68,97,1,1,0,1.44176465e-05
fall-29-cam0-rgb,data/keypoints_normalized/fall/fall-29-cam0-rgb.npz,69,98,1,1,0,1.47076435e-05
fall-29-cam0-rgb,data/keypoints_normalized/fall/fall-29-cam0-rgb.npz,70,99,1,1,0,1.4051871e-05
fall-30-cam0-rgb,data/keypoints_normalized/fall/fall-30-cam0-rgb.npz,1,30,0,0,0,1.6008029e-05
fall-30-cam0-rgb,data/keypoints_normalized/fall/fall-30-cam0-rgb.npz,2,31,0,0,0,1.5869799e-05
fall-30-cam0-rgb,data/keypoints_normalized/fall/fall-30-cam0-rgb.npz,3,32,0,0,0,1.571141e-05
fall-30-cam0-rgb,data/keypoints_normalized/fall/fall-30-cam0-rgb.npz,4,33,0,0,0,1.5554366e-05
fall-30-cam0-rgb,data/keypoints_normalized/fall/fall-30-cam0-rgb.npz,5,34,0,0,0,1.5412437e-05
fall-30-cam0-rgb,data/keypoints_normalized/fall/fall-30-cam0-rgb.npz,6,35,0,0,0,1.5300202e-05
fall-30-cam0-rgb,data/keypoints_normalized/fall/fall-30-cam0-rgb.npz,7,36,0,0,0,1.5228857e-05
fall-30-cam0-rgb,data/keypoints_normalized/fall/fall-30-cam0-rgb.npz,8,37,0,0,0,1.5191288e-05
fall-30-cam0-rgb,data/keypoints_normalized/fall/fall-30-cam0-rgb.npz,9,38,0,0,0,1.5205099e-05
fall-30-cam0-rgb,data/keypoints_normalized/fall/fall-30-cam0-rgb.npz,10,39,0,0,0,1.5367248e-05
fall-30-cam0-rgb,data/keypoints_normalized/fall/fall-30-cam0-rgb.npz,11,40,0,0,0,1.5789126e-05
fall-30-cam0-rgb,data/keypoints_normalized/fall/fall-30-cam0-rgb.npz,12,41,0,0,0,1.6377628e-05
fall-30-cam0-rgb,data/keypoints_normalized/fall/fall-30-cam0-rgb.npz,13,42,0,0,0,1.7265456e-05
fall-30-cam0-rgb,data/keypoints_normalized/fall/fall-30-cam0-rgb.npz,14,43,0,0,0,1.8631927e-05
fall-30-cam0-rgb,data/keypoints_normalized/fall/fall-30-cam0-rgb.npz,15,44,0,0,0,2.0532818e-05
fall-30-cam0-rgb,data/keypoints_normalized/fall/fall-30-cam0-rgb.npz,16,45,0,0,0,2.3342205e-05
fall-30-cam0-rgb,data/keypoints_normalized/fall/fall-30-cam0-rgb.npz,17,46,0,0,0,2.7576425e-05
fall-30-cam0-rgb,data/keypoints_normalized/fall/fall-30-cam0-rgb.npz,18,47,0,0,0,3.5361074e-05
fall-30-cam0-rgb,data/keypoints_normalized/fall/fall-30-cam0-rgb.npz,19,48,0,0,0,5.4272597e-05
fall-30-cam0-rgb,data/keypoints_normalized/fall/fall-30-cam0-rgb.npz,20,49,0,0,0,0.000107734726
fall-30-cam0-rgb,data/keypoints_normalized/fall/fall-30-cam0-rgb.npz,21,50,0,0,0,0.00028341118
fall-30-cam0-rgb,data/keypoints_normalized/fall/fall-30-cam0-rgb.npz,22,51,0,0,0,0.0009144939
fall-30-cam0-rgb,data/keypoints_normalized/fall/fall-30-cam0-rgb.npz,23,52,0,0,0,0.0032382603
fall-30-cam0-rgb,data/keypoints_normalized/fall/fall-30-cam0-rgb.npz,24,53,0,0,0,0.011308715
fall-30-cam0-rgb,data/keypoints_normalized/fall/fall-30-cam0-rgb.npz,26,55,1,1,0,0.16948502
fall-30-cam0-rgb,data/keypoints_normalized/fall/fall-30-cam0-rgb.npz,27,56,1,1,0,0.43313572
fall-30-cam0-rgb,data/keypoints_normalized/fall/fall-30-cam0-rgb.npz,28,57,1,1,1,0.69289225
fall-30-cam0-rgb,data/keypoints_normalized/fall/fall-30-cam0-rgb.npz,29,58,1,1,1,0.8376378
fall-30-cam0-rgb,data/keypoints_normalized/fall/fall-30-cam0-rgb.npz,30,59,1,1,1,0.91175824
fall-30-cam0-rgb,data/keypoints_normalized/fall/fall-30-cam0-rgb.npz,31,60,1,1,1,0.9480842
fall-30-cam0-rgb,data/keypoints_normalized/fall/fall-30-cam0-rgb.npz,32,61,1,1,1,0.96654767
fall-30-cam0-rgb,data/keypoints_normalized/fall/fall-30-cam0-rgb.npz,33,62,1,1,1,0.9763684
fall-30-cam0-rgb,data/keypoints_normalized/fall/fall-30-cam0-rgb.npz,34,63,1,1,1,0.9819901
fall-30-cam0-rgb,data/keypoints_normalized/fall/fall-30-cam0-rgb.npz,35,64,1,1,1,0.9855854
fall-30-cam0-rgb,data/keypoints_normalized/fall/fall-30-cam0-rgb.npz,36,65,1,1,1,0.98818874
fall-30-cam0-rgb,data/keypoints_normalized/fall/fall-30-cam0-rgb.npz,37,66,1,1,1,0.9902068
fall-30-cam0-rgb,data/keypoints_normalized/fall/fall-30-cam0-rgb.npz,38,67,1,1,1,0.99639386
fall-30-cam0-rgb,data/keypoints_normalized/fall/fall-30-cam0-rgb.npz,39,68,1,1,1,0.99645644
fall-30-cam0-rgb,data/keypoints_normalized/fall/fall-30-cam0-rgb.npz,40,69,1,1,1,0.99648654
fall-30-cam0-rgb,data/keypoints_normalized/fall/fall-30-cam0-rgb.npz,41,70,1,1,1,0.9963889
adl-01-cam0-rgb,data/keypoints_normalized/adl/adl-01-cam0-rgb.npz,1,30,0,0,0,0.0006166215
adl-01-cam0-rgb,data/keypoints_normalized/adl/adl-01-cam0-rgb.npz,2,31,0,0,0,0.0006132831
adl-01-cam0-rgb,data/keypoints_normalized/adl/adl-01-cam0-rgb.npz,3,32,0,0,0,0.00060806493
adl-01-cam0-rgb,data/keypoints_normalized/adl/adl-01-cam0-rgb.npz,4,33,0,0,0,0.0006024414
adl-01-cam0-rgb,data/keypoints_normalized/adl/adl-01-cam0-rgb.npz,5,34,0,0,0,0.0005972392
adl-01-cam0-rgb,data/keypoints_normalized/adl/adl-01-cam0-rgb.npz,6,35,0,0,0,0.0005916215
adl-01-cam0-rgb,data/keypoints_normalized/adl/adl-01-cam0-rgb.npz,7,36,0,0,0,0.0005855335
adl-01-cam0-rgb,data/keypoints_normalized/adl/adl-01-cam0-rgb.npz,8,37,0,0,0,0.0005803986
adl-01-cam0-rgb,data/keypoints_normalized/adl/adl-01-cam0-rgb.npz,9,38,0,0,0,0.0005749333
adl-01-cam0-rgb,data/keypoints_normalized/adl/adl-01-cam0-rgb.npz,10,39,0,0,0,0.0005706621
adl-01-cam0-rgb,data/keypoints_normalized/adl/adl-01-cam0-rgb.npz,11,40,0,0,0,0.0005668387
adl-01-cam0-rgb,data/keypoints_normalized/adl/adl-01-cam0-rgb.npz,12,41,0,0,0,0.000563131
adl-01-cam0-rgb,data/keypoints_normalized/adl/adl-01-cam0-rgb.npz,13,42,0,0,0,0.00055922644
adl-01-cam0-rgb,data/keypoints_normalized/adl/adl-01-cam0-rgb.npz,14,43,0,0,0,0.0005562317
adl-01-cam0-rgb,data/keypoints_normalized/adl/adl-01-cam0-rgb.npz,15,44,0,0,0,0.000552767
adl-01-cam0-rgb,data/keypoints_normalized/adl/adl-01-cam0-rgb.npz,16,45,0,0,0,0.0005506436
adl-01-cam0-rgb,data/keypoints_normalized/adl/adl-01-cam0-rgb.npz,17,46,0,0,0,0.0005477781
adl-01-cam0-rgb,data/keypoints_normalized/adl/adl-01-cam0-rgb.npz,18,47,0,0,0,0.00054496777
adl-01-cam0-rgb,data/keypoints_normalized/adl/adl-01-cam0-rgb.npz,19,48,0,0,0,0.00054256833
adl-01-cam0-rgb,data/keypoints_normalized/adl/adl-01-cam0-rgb.npz,20,49,0,0,0,0.0005390861
adl-01-cam0-rgb,data/keypoints_normalized/adl/adl-01-cam0-rgb.npz,21,50,0,0,0,0.0005364408
adl-01-cam0-rgb,data/keypoints_normalized/adl/adl-01-cam0-rgb.npz,22,51,0,0,0,0.0005334014
adl-01-cam0-rgb,data/keypoints_normalized/adl/adl-01-cam0-rgb.npz,23,52,0,0,0,0.00053089426
adl-01-cam0-rgb,data/keypoints_normalized/adl/adl-01-cam0-rgb.npz,24,53,0,0,0,0.000527253
adl-01-cam0-rgb,data/keypoints_normalized/adl/adl-01-cam0-rgb.npz,25,54,0,0,0,0.0005248855
adl-01-cam0-rgb,data/keypoints_normalized/adl/adl-01-cam0-rgb.npz,26,55,0,0,0,0.0005234426
adl-01-cam0-rgb,data/keypoints_normalized/adl/adl-01-cam0-rgb.npz,27,56,0,0,0,0.0005209992
adl-01-cam0-rgb,data/keypoints_normalized/adl/adl-01-cam0-rgb.npz,28,57,0,0,0,0.0005205547
adl-01-cam0-rgb,data/keypoints_normalized/adl/adl-01-cam0-rgb.npz,29,58,0,0,0,0.0005186935
adl-01-cam0-rgb,data/keypoints_normalized/adl/adl-01-cam0-rgb.npz,30,59,0,0,0,0.00051812513
adl-01-cam0-rgb,data/keypoints_normalized/adl/adl-01-cam0-rgb.npz,31,60,0,0,0,0.0005181162
adl-01-cam0-rgb,data/keypoints_normalized/adl/adl-01-cam0-rgb.npz,32,61,0,0,0,0.00051794574
adl-01-cam0-rgb,data/keypoints_normalized/adl/adl-01-cam0-rgb.npz,33,62,0,0,0,0.00051949004
adl-01-cam0-rgb,data/keypoints_normalized/adl/adl-01-cam0-rgb.npz,34,63,0,0,0,0.000520209
adl-01-cam0-rgb,data/keypoints_normalized/adl/adl-01-cam0-rgb.npz,35,64,0,0,0,0.00052153016
adl-01-cam0-rgb,data/keypoints_normalized/adl/adl-01-cam0-rgb.npz,36,65,0,0,0,0.00052431785
adl-01-cam0-rgb,data/keypoints_normalized/adl/adl-01-cam0-rgb.npz,37,66,0,0,0,0.0005252944
adl-01-cam0-rgb,data/keypoints_normalized/adl/adl-01-cam0-rgb.npz,38,67,0,0,0,0.00052844564
adl-01-cam0-rgb,data/keypoints_normalized/adl/adl-01-cam0-rgb.npz,39,68,0,0,0,0.0005298079
adl-01-cam0-rgb,data/keypoints_normalized/adl/adl-01-cam0-rgb.npz,40,69,0,0,0,0.00053198123
adl-01-cam0-rgb,data/keypoints_normalized/adl/adl-01-cam0-rgb.npz,41,70,0,0,0,0.00053424604
adl-01-cam0-rgb,data/keypoints_normalized/adl/adl-01-cam0-rgb.npz,42,71,0,0,0,0.000534742
adl-01-cam0-rgb,data/keypoints_normalized/adl/adl-01-cam0-rgb.npz,43,72,0,0,0,0.0005362401
adl-01-cam0-rgb,data/keypoints_normalized/adl/adl-01-cam0-rgb.npz,44,73,0,0,0,0.00053691264
adl-01-cam0-rgb,data/keypoints_normalized/adl/adl-01-cam0-rgb.npz,45,74,0,0,0,0.0005374172
adl-01-cam0-rgb,data/keypoints_normalized/adl/adl-01-cam0-rgb.npz,46,75,0,0,0,0.0005361299
adl-01-cam0-rgb,data/keypoints_normalized/adl/adl-01-cam0-rgb.npz,47,76,0,0,0,0.0005352402
adl-01-cam0-rgb,data/keypoints_normalized/adl/adl-01-cam0-rgb.npz,48,77,0,0,0,0.0005323201
adl-01-cam0-rgb,data/keypoints_normalized/adl/adl-01-cam0-rgb.npz,49,78,0,0,0,0.0005307455
adl-01-cam0-rgb,data/keypoints_normalized/adl/adl-01-cam0-rgb.npz,50,79,0,0,0,0.0005287989
adl-01-cam0-rgb,data/keypoints_normalized/adl/adl-01-cam0-rgb.npz,51,80,0,0,0,0.0005270929
adl-01-cam0-rgb,data/keypoints_normalized/adl/adl-01-cam0-rgb.npz,52,81,0,0,0,0.000524961
adl-01-cam0-rgb,data/keypoints_normalized/adl/adl-01-cam0-rgb.npz,53,82,0,0,0,0.00052364316
adl-01-cam0-rgb,data/keypoints_normalized/adl/adl-01-cam0-rgb.npz,54,83,0,0,0,0.0005231129
adl-01-cam0-rgb,data/keypoints_normalized/adl/adl-01-cam0-rgb.npz,55,84,0,0,0,0.0005220626
adl-01-cam0-rgb,data/keypoints_normalized/adl/adl-01-cam0-rgb.npz,56,85,0,0,0,0.00052168523
adl-01-cam0-rgb,data/keypoints_normalized/adl/adl-01-cam0-rgb.npz,57,86,0,0,0,0.0005213698
adl-01-cam0-rgb,data/keypoints_normalized/adl/adl-01-cam0-rgb.npz,58,87,0,0,0,0.0005216669
adl-01-cam0-rgb,data/keypoints_normalized/adl/adl-01-cam0-rgb.npz,59,88,0,0,0,0.0005226468
adl-01-cam0-rgb,data/keypoints_normalized/adl/adl-01-cam0-rgb.npz,60,89,0,0,0,0.00052333355
adl-01-cam0-rgb,data/keypoints_normalized/adl/adl-01-cam0-rgb.npz,61,90,0,0,0,0.0005242047
adl-01-cam0-rgb,data/keypoints_normalized/adl/adl-01-cam0-rgb.npz,62,91,0,0,0,0.0005252168
adl-01-cam0-rgb,data/keypoints_normalized/adl/adl-01-cam0-rgb.npz,63,92,0,0,0,0.00052772235
adl-01-cam0-rgb,data/keypoints_normalized/adl/adl-01-cam0-rgb.npz,64,93,0,0,0,0.0005304517
adl-01-cam0-rgb,data/keypoints_normalized/adl/adl-01-cam0-rgb.npz,65,94,0,0,0,0.00053320214
adl-01-cam0-rgb,data/keypoints_normalized/adl/adl-01-cam0-rgb.npz,66,95,0,0,0,0.00053479115
adl-01-cam0-rgb,data/keypoints_normalized/adl/adl-01-cam0-rgb.npz,67,96,0,0,0,0.0005363743
adl-01-cam0-rgb,data/keypoints_normalized/adl/adl-01-cam0-rgb.npz,68,97,0,0,0,0.0005359863
adl-01-cam0-rgb,data/keypoints_normalized/adl/adl-01-cam0-rgb.npz,69,98,0,0,0,0.0005344459
adl-01-cam0-rgb,data/keypoints_normalized/adl/adl-01-cam0-rgb.npz,70,99,0,0,0,0.0005333747
adl-01-cam0-rgb,data/keypoints_normalized/adl/adl-01-cam0-rgb.npz,71,100,0,0,0,0.0005316632
adl-01-cam0-rgb,data/keypoints_normalized/adl/adl-01-cam0-rgb.npz,72,101,0,0,0,0.00052807305
adl-01-cam0-rgb,data/keypoints_normalized/adl/adl-01-cam0-rgb.npz,73,102,0,0,0,0.0005230136
adl-01-cam0-rgb,data/keypoints_normalized/adl/adl-01-cam0-rgb.npz,74,103,0,0,0,0.00051850855
adl-01-cam0-rgb,data/keypoints_normalized/adl/adl-01-cam0-rgb.npz,75,104,0,0,0,0.00050968194
adl-01-cam0-rgb,data/keypoints_normalized/adl/adl-01-cam0-rgb.npz,76,105,0,0,0,0.00050075527
adl-01-cam0-rgb,data/keypoints_normalized/adl/adl-01-cam0-rgb.npz,77,106,0,0,0,0.0004895798
adl-01-cam0-rgb,data/keypoints_normalized/adl/adl-01-cam0-rgb.npz,78,107,0,0,0,0.00047866785
adl-01-cam0-rgb,data/keypoints_normalized/adl/adl-01-cam0-rgb.npz,79,108,0,0,0,0.0004674439
adl-01-cam0-rgb,data/keypoints_normalized/adl/adl-01-cam0-rgb.npz,80,109,0,0,0,0.0004565491
adl-01-cam0-rgb,data/keypoints_normalized/adl/adl-01-cam0-rgb.npz,81,110,0,0,0,0.00042241142
adl-01-cam0-rgb,data/keypoints_normalized/adl/adl-01-cam0-rgb.npz,82,111,0,0,0,0.0004194563
adl-01-cam0-rgb,data/keypoints_normalized/adl/adl-01-cam0-rgb.npz,83,112,0,0,0,0.00042238442
adl-01-cam0-rgb,data/keypoints_normalized/adl/adl-01-cam0-rgb.npz,84,113,0,0,0,0.00040136892
adl-01-cam0-rgb,data/keypoints_normalized/adl/adl-01-cam0-rgb.npz,85,114,0,0,0,0.00039706434
adl-01-cam0-rgb,data/keypoints_normalized/adl/adl-01-cam0-rgb.npz,86,115,0,0,0,0.00039424887
adl-01-cam0-rgb,data/keypoints_normalized/adl/adl-01-cam0-rgb.npz,87,116,0,0,0,0.0003893712
adl-01-cam0-rgb,data/keypoints_normalized/adl/adl-01-cam0-rgb.npz,88,117,0,0,0,0.00038909554
adl-01-cam0-rgb,data/keypoints_normalized/adl/adl-01-cam0-rgb.npz,89,118,0,0,0,0.00038821987
adl-01-cam0-rgb,data/keypoints_normalized/adl/adl-01-cam0-rgb.npz,90,119,0,0,0,0.00038831198
adl-01-cam0-rgb,data/keypoints_normalized/adl/adl-01-cam0-rgb.npz,91,120,0,0,0,0.00039029514
adl-01-cam0-rgb,data/keypoints_normalized/adl/adl-01-cam0-rgb.npz,92,121,0,0,0,0.00039145473
adl-01-cam0-rgb,data/keypoints_normalized/adl/adl-01-cam0-rgb.npz,93,122,0,0,0,0.0003930449
adl-01-cam0-rgb,data/keypoints_normalized/adl/adl-01-cam0-rgb.npz,94,123,0,0,0,0.00039488118
adl-01-cam0-rgb,data/keypoints_normalized/adl/adl-01-cam0-rgb.npz,95,124,0,0,0,0.0003951585
adl-01-cam0-rgb,data/keypoints_normalized/adl/adl-01-cam0-rgb.npz,96,125,0,0,0,0.00039557897
adl-01-cam0-rgb,data/keypoints_normalized/adl/adl-01-cam0-rgb.npz,97,126,0,0,0,0.00038994034
adl-01-cam0-rgb,data/keypoints_normalized/adl/adl-01-cam0-rgb.npz,98,127,0,0,0,0.00038840328
adl-01-cam0-rgb,data/keypoints_normalized/adl/adl-01-cam0-rgb.npz,99,128,0,0,0,0.0003867456
adl-01-cam0-rgb,data/keypoints_normalized/adl/adl-01-cam0-rgb.npz,100,129,0,0,0,0.000386174
adl-01-cam0-rgb,data/keypoints_normalized/adl/adl-01-cam0-rgb.npz,101,130,0,0,0,0.00038365915
adl-01-cam0-rgb,data/keypoints_normalized/adl/adl-01-cam0-rgb.npz,102,131,0,0,0,0.0003814877
adl-01-cam0-rgb,data/keypoints_normalized/adl/adl-01-cam0-rgb.npz,103,132,0,0,0,0.0003786471
adl-01-cam0-rgb,data/keypoints_normalized/adl/adl-01-cam0-rgb.npz,104,133,0,0,0,0.00037654614
adl-01-cam0-rgb,data/keypoints_normalized/adl/adl-01-cam0-rgb.npz,105,134,0,0,0,0.00037320933
adl-01-cam0-rgb,data/keypoints_normalized/adl/adl-01-cam0-rgb.npz,106,135,0,0,0,0.00036996027
adl-01-cam0-rgb,data/keypoints_normalized/adl/adl-01-cam0-rgb.npz,107,136,0,0,0,0.0003674648
adl-01-cam0-rgb,data/keypoints_normalized/adl/adl-01-cam0-rgb.npz,108,137,0,0,0,0.00036449343
adl-01-cam0-rgb,data/keypoints_normalized/adl/adl-01-cam0-rgb.npz,109,138,0,0,0,0.0003615147
adl-01-cam0-rgb,data/keypoints_normalized/adl/adl-01-cam0-rgb.npz,110,139,0,0,0,0.000359522
adl-01-cam0-rgb,data/keypoints_normalized/adl/adl-01-cam0-rgb.npz,111,140,0,0,0,0.00035756084
adl-01-cam0-rgb,data/keypoints_normalized/adl/adl-01-cam0-rgb.npz,112,141,0,0,0,0.00035437127
adl-01-cam0-rgb,data/keypoints_normalized/adl/adl-01-cam0-rgb.npz,113,142,0,0,0,0.00035243138
adl-01-cam0-rgb,data/keypoints_normalized/adl/adl-01-cam0-rgb.npz,114,143,0,0,0,0.0003509319
adl-01-cam0-rgb,data/keypoints_normalized/adl/adl-01-cam0-rgb.npz,115,144,0,0,0,0.00034902393
adl-01-cam0-rgb,data/keypoints_normalized/adl/adl-01-cam0-rgb.npz,116,145,0,0,0,0.00034783175
adl-01-cam0-rgb,data/keypoints_normalized/adl/adl-01-cam0-rgb.npz,117,146,0,0,0,0.0003482749
adl-01-cam0-rgb,data/keypoints_normalized/adl/adl-01-cam0-rgb.npz,118,147,0,0,0,0.00035294378
adl-01-cam0-rgb,data/keypoints_normalized/adl/adl-01-cam0-rgb.npz,119,148,0,0,0,0.0003527709
adl-01-cam0-rgb,data/keypoints_normalized/adl/adl-01-cam0-rgb.npz,120,149,0,0,0,0.0003524895
adl-01-cam0-rgb,data/keypoints_normalized/adl/adl-01-cam0-rgb.npz,121,150,0,0,0,0.00035389359
adl-10-cam0-rgb,data/keypoints_normalized/adl/adl-10-cam0-rgb.npz,1,30,0,0,0,0.0004830198
adl-10-cam0-rgb,data/keypoints_normalized/adl/adl-10-cam0-rgb.npz,2,31,0,0,0,0.00048037348
adl-10-cam0-rgb,data/keypoints_normalized/adl/adl-10-cam0-rgb.npz,3,32,0,0,0,0.00047636102
adl-10-cam0-rgb,data/keypoints_normalized/adl/adl-10-cam0-rgb.npz,4,33,0,0,0,0.00047353964
adl-10-cam0-rgb,data/keypoints_normalized/adl/adl-10-cam0-rgb.npz,5,34,0,0,0,0.0004700856
adl-10-cam0-rgb,data/keypoints_normalized/adl/adl-10-cam0-rgb.npz,6,35,0,0,0,0.00046845642
adl-10-cam0-rgb,data/keypoints_normalized/adl/adl-10-cam0-rgb.npz,7,36,0,0,0,0.0004645021
adl-10-cam0-rgb,data/keypoints_normalized/adl/adl-10-cam0-rgb.npz,8,37,0,0,0,0.0004612186
adl-10-cam0-rgb,data/keypoints_normalized/adl/adl-10-cam0-rgb.npz,9,38,0,0,0,0.00045786618
adl-10-cam0-rgb,data/keypoints_normalized/adl/adl-10-cam0-rgb.npz,10,39,0,0,0,0.000456297
adl-10-cam0-rgb,data/keypoints_normalized/adl/adl-10-cam0-rgb.npz,11,40,0,0,0,0.00045465992
adl-10-cam0-rgb,data/keypoints_normalized/adl/adl-10-cam0-rgb.npz,12,41,0,0,0,0.00045470695
adl-10-cam0-rgb,data/keypoints_normalized/adl/adl-10-cam0-rgb.npz,13,42,0,0,0,0.00045536275
adl-10-cam0-rgb,data/keypoints_normalized/adl/adl-10-cam0-rgb.npz,14,43,0,0,0,0.00045507378
adl-10-cam0-rgb,data/keypoints_normalized/adl/adl-10-cam0-rgb.npz,15,44,0,0,0,0.0004561711
adl-10-cam0-rgb,data/keypoints_normalized/adl/adl-10-cam0-rgb.npz,16,45,0,0,0,0.00045799365
adl-10-cam0-rgb,data/keypoints_normalized/adl/adl-10-cam0-rgb.npz,17,46,0,0,0,0.00045953976
adl-10-cam0-rgb,data/keypoints_normalized/adl/adl-10-cam0-rgb.npz,18,47,0,0,0,0.00046324517
adl-10-cam0-rgb,data/keypoints_normalized/adl/adl-10-cam0-rgb.npz,19,48,0,0,0,0.00046571664
adl-10-cam0-rgb,data/keypoints_normalized/adl/adl-10-cam0-rgb.npz,20,49,0,0,0,0.00046922243
adl-10-cam0-rgb,data/keypoints_normalized/adl/adl-10-cam0-rgb.npz,21,50,0,0,0,0.00047251763
adl-10-cam0-rgb,data/keypoints_normalized/adl/adl-10-cam0-rgb.npz,22,51,0,0,0,0.00047691527
adl-10-cam0-rgb,data/keypoints_normalized/adl/adl-10-cam0-rgb.npz,23,52,0,0,0,0.00048239314
adl-10-cam0-rgb,data/keypoints_normalized/adl/adl-10-cam0-rgb.npz,24,53,0,0,0,0.0004891269
adl-10-cam0-rgb,data/keypoints_normalized/adl/adl-10-cam0-rgb.npz,25,54,0,0,0,0.00049366377
adl-10-cam0-rgb,data/keypoints_normalized/adl/adl-10-cam0-rgb.npz,26,55,0,0,0,0.00049948576
adl-10-cam0-rgb,data/keypoints_normalized/adl/adl-10-cam0-rgb.npz,27,56,0,0,0,0.00050539966
adl-10-cam0-rgb,data/keypoints_normalized/adl/adl-10-cam0-rgb.npz,28,57,0,0,0,0.00051125884
adl-10-cam0-rgb,data/keypoints_normalized/adl/adl-10-cam0-rgb.npz,29,58,0,0,0,0.00051803875
adl-10-cam0-rgb,data/keypoints_normalized/adl/adl-10-cam0-rgb.npz,30,59,0,0,0,0.00052406563
adl-10-cam0-rgb,data/keypoints_normalized/adl/adl-10-cam0-rgb.npz,31,60,0,0,0,0.00052905676
adl-10-cam0-rgb,data/keypoints_normalized/adl/adl-10-cam0-rgb.npz,32,61,0,0,0,0.0005335141
adl-10-cam0-rgb,data/keypoints_normalized/adl/adl-10-cam0-rgb.npz,33,62,0,0,0,0.00053873763
adl-10-cam0-rgb,data/keypoints_normalized/adl/adl-10-cam0-rgb.npz,34,63,0,0,0,0.0005422338
adl-10-cam0-rgb,data/keypoints_normalized/adl/adl-10-cam0-rgb.npz,35,64,0,0,0,0.00054554094
adl-10-cam0-rgb,data/keypoints_normalized/adl/adl-10-cam0-rgb.npz,36,65,0,0,0,0.00054735667
adl-10-cam0-rgb,data/keypoints_normalized/adl/adl-10-cam0-rgb.npz,37,66,0,0,0,0.00054912583
adl-10-cam0-rgb,data/keypoints_normalized/adl/adl-10-cam0-rgb.npz,38,67,0,0,0,0.00054927944
adl-10-cam0-rgb,data/keypoints_normalized/adl/adl-10-cam0-rgb.npz,39,68,0,0,0,0.0005497395
adl-10-cam0-rgb,data/keypoints_normalized/adl/adl-10-cam0-rgb.npz,40,69,0,0,0,0.0005496618
adl-10-cam0-rgb,data/keypoints_normalized/adl/adl-10-cam0-rgb.npz,41,70,0,0,0,0.000548313
adl-10-cam0-rgb,data/keypoints_normalized/adl/adl-10-cam0-rgb.npz,42,71,0,0,0,0.00054635614
adl-10-cam0-rgb,data/keypoints_normalized/adl/adl-10-cam0-rgb.npz,43,72,0,0,0,0.00054529845
adl-10-cam0-rgb,data/keypoints_normalized/adl/adl-10-cam0-rgb.npz,44,73,0,0,0,0.0005427834
adl-10-cam0-rgb,data/keypoints_normalized/adl/adl-10-cam0-rgb.npz,45,74,0,0,0,0.0005399936
adl-10-cam0-rgb,data/keypoints_normalized/adl/adl-10-cam0-rgb.npz,46,75,0,0,0,0.000537678
adl-10-cam0-rgb,data/keypoints_normalized/adl/adl-10-cam0-rgb.npz,47,76,0,0,0,0.00053539197
adl-10-cam0-rgb,data/keypoints_normalized/adl/adl-10-cam0-rgb.npz,48,77,0,0,0,0.0005326919
adl-10-cam0-rgb,data/keypoints_normalized/adl/adl-10-cam0-rgb.npz,49,78,0,0,0,0.00053065066
adl-10-cam0-rgb,data/keypoints_normalized/adl/adl-10-cam0-rgb.npz,50,79,0,0,0,0.0005275639
adl-10-cam0-rgb,data/keypoints_normalized/adl/adl-10-cam0-rgb.npz,51,80,0,0,0,0.0005243639
adl-10-cam0-rgb,data/keypoints_normalized/adl/adl-10-cam0-rgb.npz,52,81,0,0,0,0.00052192516
adl-10-cam0-rgb,data/keypoints_normalized/adl/adl-10-cam0-rgb.npz,53,82,0,0,0,0.00051942887
adl-10-cam0-rgb,data/keypoints_normalized/adl/adl-10-cam0-rgb.npz,54,83,0,0,0,0.0005174266
adl-10-cam0-rgb,data/keypoints_normalized/adl/adl-10-cam0-rgb.npz,55,84,0,0,0,0.0005164766
adl-10-cam0-rgb,data/keypoints_normalized/adl/adl-10-cam0-rgb.npz,56,85,0,0,0,0.0005143623
adl-10-cam0-rgb,data/keypoints_normalized/adl/adl-10-cam0-rgb.npz,57,86,0,0,0,0.0005140682
adl-10-cam0-rgb,data/keypoints_normalized/adl/adl-10-cam0-rgb.npz,58,87,0,0,0,0.0005136969
adl-10-cam0-rgb,data/keypoints_normalized/adl/adl-10-cam0-rgb.npz,59,88,0,0,0,0.0005136759
adl-10-cam0-rgb,data/keypoints_normalized/adl/adl-10-cam0-rgb.npz,60,89,0,0,0,0.00051459053
adl-10-cam0-rgb,data/keypoints_normalized/adl/adl-10-cam0-rgb.npz,61,90,0,0,0,0.0005152858
adl-10-cam0-rgb,data/keypoints_normalized/adl/adl-10-cam0-rgb.npz,62,91,0,0,0,0.00051612983
adl-10-cam0-rgb,data/keypoints_normalized/adl/adl-10-cam0-rgb.npz,63,92,0,0,0,0.0005188905
adl-10-cam0-rgb,data/keypoints_normalized/adl/adl-10-cam0-rgb.npz,64,93,0,0,0,0.00052099425
adl-10-cam0-rgb,data/keypoints_normalized/adl/adl-10-cam0-rgb.npz,65,94,0,0,0,0.0005245786
adl-10-cam0-rgb,data/keypoints_normalized/adl/adl-10-cam0-rgb.npz,66,95,0,0,0,0.0005290182
adl-10-cam0-rgb,data/keypoints_normalized/adl/adl-10-cam0-rgb.npz,67,96,0,0,0,0.0005323922
adl-10-cam0-rgb,data/keypoints_normalized/adl/adl-10-cam0-rgb.npz,68,97,0,0,0,0.000537697
adl-10-cam0-rgb,data/keypoints_normalized/adl/adl-10-cam0-rgb.npz,69,98,0,0,0,0.00054365495
adl-10-cam0-rgb,data/keypoints_normalized/adl/adl-10-cam0-rgb.npz,70,99,0,0,0,0.0005493713
adl-10-cam0-rgb,data/keypoints_normalized/adl/adl-10-cam0-rgb.npz,71,100,0,0,0,0.00055584934
adl-10-cam0-rgb,data/keypoints_normalized/adl/adl-10-cam0-rgb.npz,72,101,0,0,0,0.0005640072
adl-10-cam0-rgb,data/keypoints_normalized/adl/adl-10-cam0-rgb.npz,73,102,0,0,0,0.0005708674
adl-10-cam0-rgb,data/keypoints_normalized/adl/adl-10-cam0-rgb.npz,74,103,0,0,0,0.0005791167
adl-10-cam0-rgb,data/keypoints_normalized/adl/adl-10-cam0-rgb.npz,75,104,0,0,0,0.0005861871
adl-10-cam0-rgb,data/keypoints_normalized/adl/adl-10-cam0-rgb.npz,76,105,0,0,0,0.0005937466
adl-10-cam0-rgb,data/keypoints_normalized/adl/adl-10-cam0-rgb.npz,77,106,0,0,0,0.0005997548
adl-10-cam0-rgb,data/keypoints_normalized/adl/adl-10-cam0-rgb.npz,78,107,0,0,0,0.00060659664
adl-10-cam0-rgb,data/keypoints_normalized/adl/adl-10-cam0-rgb.npz,79,108,0,0,0,0.0006121811
adl-10-cam0-rgb,data/keypoints_normalized/adl/adl-10-cam0-rgb.npz,80,109,0,0,0,0.000615023
adl-10-cam0-rgb,data/keypoints_normalized/adl/adl-10-cam0-rgb.npz,81,110,0,0,0,0.0006173554
adl-10-cam0-rgb,data/keypoints_normalized/adl/adl-10-cam0-rgb.npz,82,111,0,0,0,0.00061798975
adl-10-cam0-rgb,data/keypoints_normalized/adl/adl-10-cam0-rgb.npz,83,112,0,0,0,0.0006181791
adl-10-cam0-rgb,data/keypoints_normalized/adl/adl-10-cam0-rgb.npz,84,113,0,0,0,0.00061731477
adl-10-cam0-rgb,data/keypoints_normalized/adl/adl-10-cam0-rgb.npz,85,114,0,0,0,0.00061428803
adl-10-cam0-rgb,data/keypoints_normalized/adl/adl-10-cam0-rgb.npz,86,115,0,0,0,0.0006102424
adl-10-cam0-rgb,data/keypoints_normalized/adl/adl-10-cam0-rgb.npz,87,116,0,0,0,0.0006056487
adl-10-cam0-rgb,data/keypoints_normalized/adl/adl-10-cam0-rgb.npz,88,117,0,0,0,0.000601226
adl-10-cam0-rgb,data/keypoints_normalized/adl/adl-10-cam0-rgb.npz,89,118,0,0,0,0.0005949782
adl-10-cam0-rgb,data/keypoints_normalized/adl/adl-10-cam0-rgb.npz,90,119,0,0,0,0.00058896706
adl-10-cam0-rgb,data/keypoints_normalized/adl/adl-10-cam0-rgb.npz,91,120,0,0,0,0.00058229594
adl-10-cam0-rgb,data/keypoints_normalized/adl/adl-10-cam0-rgb.npz,92,121,0,0,0,0.0005750593
adl-10-cam0-rgb,data/keypoints_normalized/adl/adl-10-cam0-rgb.npz,93,122,0,0,0,0.00056833564
adl-10-cam0-rgb,data/keypoints_normalized/adl/adl-10-cam0-rgb.npz,94,123,0,0,0,0.0005625471
adl-10-cam0-rgb,data/keypoints_normalized/adl/adl-10-cam0-rgb.npz,95,124,0,0,0,0.00055532134
adl-10-cam0-rgb,data/keypoints_normalized/adl/adl-10-cam0-rgb.npz,96,125,0,0,0,0.0005507271
adl-10-cam0-rgb,data/keypoints_normalized/adl/adl-10-cam0-rgb.npz,97,126,0,0,0,0.0005452647
adl-10-cam0-rgb,data/keypoints_normalized/adl/adl-10-cam0-rgb.npz,98,127,0,0,0,0.0005405703
adl-10-cam0-rgb,data/keypoints_normalized/adl/adl-10-cam0-rgb.npz,99,128,0,0,0,0.00053739524
adl-10-cam0-rgb,data/keypoints_normalized/adl/adl-10-cam0-rgb.npz,100,129,0,0,0,0.00053301157
adl-10-cam0-rgb,data/keypoints_normalized/adl/adl-10-cam0-rgb.npz,101,130,0,0,0,0.00053041347
adl-10-cam0-rgb,data/keypoints_normalized/adl/adl-10-cam0-rgb.npz,102,131,0,0,0,0.0005275377
adl-10-cam0-rgb,data/keypoints_normalized/adl/adl-10-cam0-rgb.npz,103,132,0,0,0,0.00052486523
adl-10-cam0-rgb,data/keypoints_normalized/adl/adl-10-cam0-rgb.npz,104,133,0,0,0,0.000522081
adl-10-cam0-rgb,data/keypoints_normalized/adl/adl-10-cam0-rgb.npz,105,134,0,0,0,0.00051899464
adl-10-cam0-rgb,data/keypoints_normalized/adl/adl-10-cam0-rgb.npz,106,135,0,0,0,0.0005163013
adl-10-cam0-rgb,data/keypoints_normalized/adl/adl-10-cam0-rgb.npz,107,136,0,0,0,0.0005120001
adl-10-cam0-rgb,data/keypoints_normalized/adl/adl-10-cam0-rgb.npz,108,137,0,0,0,0.00050708064
adl-10-cam0-rgb,data/keypoints_normalized/adl/adl-10-cam0-rgb.npz,109,138,0,0,0,0.0005029709
adl-10-cam0-rgb,data/keypoints_normalized/adl/adl-10-cam0-rgb.npz,110,139,0,0,0,0.00049797504
adl-10-cam0-rgb,data/keypoints_normalized/adl/adl-10-cam0-rgb.npz,111,140,0,0,0,0.0004947114
adl-10-cam0-rgb,data/keypoints_normalized/adl/adl-10-cam0-rgb.npz,112,141,0,0,0,0.00049076404
adl-10-cam0-rgb,data/keypoints_normalized/adl/adl-10-cam0-rgb.npz,113,142,0,0,0,0.00048875686
adl-10-cam0-rgb,data/keypoints_normalized/adl/adl-10-cam0-rgb.npz,114,143,0,0,0,0.0004876344
adl-10-cam0-rgb,data/keypoints_normalized/adl/adl-10-cam0-rgb.npz,115,144,0,0,0,0.00048668528
adl-10-cam0-rgb,data/keypoints_normalized/adl/adl-10-cam0-rgb.npz,116,145,0,0,0,0.00048534782
adl-10-cam0-rgb,data/keypoints_normalized/adl/adl-10-cam0-rgb.npz,117,146,0,0,0,0.00048496856
adl-10-cam0-rgb,data/keypoints_normalized/adl/adl-10-cam0-rgb.npz,118,147,0,0,0,0.00048468178
adl-10-cam0-rgb,data/keypoints_normalized/adl/adl-10-cam0-rgb.npz,119,148,0,0,0,0.0004837485
adl-10-cam0-rgb,data/keypoints_normalized/adl/adl-10-cam0-rgb.npz,120,149,0,0,0,0.00048278438
adl-10-cam0-rgb,data/keypoints_normalized/adl/adl-10-cam0-rgb.npz,121,150,0,0,0,0.00048015415
adl-10-cam0-rgb,data/keypoints_normalized/adl/adl-10-cam0-rgb.npz,122,151,0,0,0,0.0004706079
adl-10-cam0-rgb,data/keypoints_normalized/adl/adl-10-cam0-rgb.npz,123,152,0,0,0,0.00046465662
adl-10-cam0-rgb,data/keypoints_normalized/adl/adl-10-cam0-rgb.npz,124,153,0,0,0,0.00044950846
adl-10-cam0-rgb,data/keypoints_normalized/adl/adl-10-cam0-rgb.npz,125,154,0,0,0,0.00044248454
adl-10-cam0-rgb,data/keypoints_normalized/adl/adl-10-cam0-rgb.npz,126,155,0,0,0,0.0004360722
adl-10-cam0-rgb,data/keypoints_normalized/adl/adl-10-cam0-rgb.npz,127,156,0,0,0,0.00042902667
adl-10-cam0-rgb,data/keypoints_normalized/adl/adl-10-cam0-rgb.npz,128,157,0,0,0,0.0004227526
adl-10-cam0-rgb,data/keypoints_normalized/adl/adl-10-cam0-rgb.npz,129,158,0,0,0,0.00041769145
adl-10-cam0-rgb,data/keypoints_normalized/adl/adl-10-cam0-rgb.npz,130,159,0,0,0,0.0004129335
adl-10-cam0-rgb,data/keypoints_normalized/adl/adl-10-cam0-rgb.npz,131,160,0,0,0,0.00041076393
adl-10-cam0-rgb,data/keypoints_normalized/adl/adl-10-cam0-rgb.npz,132,161,0,0,0,0.00040921156
adl-10-cam0-rgb,data/keypoints_normalized/adl/adl-10-cam0-rgb.npz,133,162,0,0,0,0.00040954596
adl-10-cam0-rgb,data/keypoints_normalized/adl/adl-10-cam0-rgb.npz,134,163,0,0,0,0.00041378738
adl-10-cam0-rgb,data/keypoints_normalized/adl/adl-10-cam0-rgb.npz,135,164,0,0,0,0.00043201676
adl-10-cam0-rgb,data/keypoints_normalized/adl/adl-10-cam0-rgb.npz,136,165,0,0,0,0.00044099998
adl-10-cam0-rgb,data/keypoints_normalized/adl/adl-10-cam0-rgb.npz,137,166,0,0,0,0.0004682069
adl-10-cam0-rgb,data/keypoints_normalized/adl/adl-10-cam0-rgb.npz,138,167,0,0,0,0.0004753201
adl-10-cam0-rgb,data/keypoints_normalized/adl/adl-10-cam0-rgb.npz,139,168,0,0,0,0.00048802223
adl-10-cam0-rgb,data/keypoints_normalized/adl/adl-10-cam0-rgb.npz,140,169,0,0,0,0.0005042124
adl-10-cam0-rgb,data/keypoints_normalized/adl/adl-10-cam0-rgb.npz,141,170,0,0,0,0.00052752264
adl-10-cam0-rgb,data/keypoints_normalized/adl/adl-10-cam0-rgb.npz,142,171,0,0,0,0.00055675075
adl-10-cam0-rgb,data/keypoints_normalized/adl/adl-10-cam0-rgb.npz,143,172,0,0,0,0.0006332823
adl-10-cam0-rgb,data/keypoints_normalized/adl/adl-10-cam0-rgb.npz,144,173,0,0,0,0.00067264604
adl-10-cam0-rgb,data/keypoints_normalized/adl/adl-10-cam0-rgb.npz,145,174,0,0,0,0.0007258989
adl-10-cam0-rgb,data/keypoints_normalized/adl/adl-10-cam0-rgb.npz,146,175,0,0,0,0.00078416517
adl-10-cam0-rgb,data/keypoints_normalized/adl/adl-10-cam0-rgb.npz,147,176,0,0,0,0.00084169616
adl-10-cam0-rgb,data/keypoints_normalized/adl/adl-10-cam0-rgb.npz,148,177,0,0,0,0.0008304062
adl-10-cam0-rgb,data/keypoints_normalized/adl/adl-10-cam0-rgb.npz,149,178,0,0,0,0.0008517376
adl-10-cam0-rgb,data/keypoints_normalized/adl/adl-10-cam0-rgb.npz,150,179,0,0,0,0.0008619464
adl-10-cam0-rgb,data/keypoints_normalized/adl/adl-10-cam0-rgb.npz,151,180,0,0,0,0.0008606038
adl-10-cam0-rgb,data/keypoints_normalized/adl/adl-10-cam0-rgb.npz,152,181,0,0,0,0.00084808195
adl-10-cam0-rgb,data/keypoints_normalized/adl/adl-10-cam0-rgb.npz,153,182,0,0,0,0.00083121675
adl-10-cam0-rgb,data/keypoints_normalized/adl/adl-10-cam0-rgb.npz,154,183,0,0,0,0.0008071839
adl-10-cam0-rgb,data/keypoints_normalized/adl/adl-10-cam0-rgb.npz,155,184,0,0,0,0.00078063936
adl-10-cam0-rgb,data/keypoints_normalized/adl/adl-10-cam0-rgb.npz,156,185,0,0,0,0.000749929
adl-10-cam0-rgb,data/keypoints_normalized/adl/adl-10-cam0-rgb.npz,157,186,0,0,0,0.00072342553
adl-10-cam0-rgb,data/keypoints_normalized/adl/adl-10-cam0-rgb.npz,158,187,0,0,0,0.00069488207
adl-10-cam0-rgb,data/keypoints_normalized/adl/adl-10-cam0-rgb.npz,159,188,0,0,0,0.0006751855
adl-10-cam0-rgb,data/keypoints_normalized/adl/adl-10-cam0-rgb.npz,160,189,0,0,0,0.0006449512
adl-10-cam0-rgb,data/keypoints_normalized/adl/adl-10-cam0-rgb.npz,161,190,0,0,0,0.0006411851
adl-10-cam0-rgb,data/keypoints_normalized/adl/adl-10-cam0-rgb.npz,162,191,0,0,0,0.00062207633
adl-10-cam0-rgb,data/keypoints_normalized/adl/adl-10-cam0-rgb.npz,163,192,0,0,0,0.0005970203
adl-10-cam0-rgb,data/keypoints_normalized/adl/adl-10-cam0-rgb.npz,164,193,0,0,0,0.0005732012
adl-10-cam0-rgb,data/keypoints_normalized/adl/adl-10-cam0-rgb.npz,165,194,0,0,0,0.0005516967
adl-10-cam0-rgb,data/keypoints_normalized/adl/adl-10-cam0-rgb.npz,166,195,0,0,0,0.0005283744
adl-10-cam0-rgb,data/keypoints_normalized/adl/adl-10-cam0-rgb.npz,167,196,0,0,0,0.00047466534
adl-10-cam0-rgb,data/keypoints_normalized/adl/adl-10-cam0-rgb.npz,168,197,0,0,0,0.00047144215
adl-10-cam0-rgb,data/keypoints_normalized/adl/adl-10-cam0-rgb.npz,169,198,0,0,0,0.0004685456
adl-10-cam0-rgb,data/keypoints_normalized/adl/adl-10-cam0-rgb.npz,170,199,0,0,0,0.00046957683
adl-10-cam0-rgb,data/keypoints_normalized/adl/adl-10-cam0-rgb.npz,171,200,0,0,0,0.00047261498
adl-10-cam0-rgb,data/keypoints_normalized/adl/adl-10-cam0-rgb.npz,172,201,0,0,0,0.00047772386
adl-10-cam0-rgb,data/keypoints_normalized/adl/adl-10-cam0-rgb.npz,173,202,0,0,0,0.00048558848
adl-10-cam0-rgb,data/keypoints_normalized/adl/adl-10-cam0-rgb.npz,174,203,0,0,0,0.00049460697
adl-10-cam0-rgb,data/keypoints_normalized/adl/adl-10-cam0-rgb.npz,175,204,0,0,0,0.0005039866
adl-10-cam0-rgb,data/keypoints_normalized/adl/adl-10-cam0-rgb.npz,176,205,0,0,0,0.00052845874
adl-10-cam0-rgb,data/keypoints_normalized/adl/adl-10-cam0-rgb.npz,177,206,0,0,0,0.00056172715
adl-10-cam0-rgb,data/keypoints_normalized/adl/adl-10-cam0-rgb.npz,178,207,0,0,0,0.0005983749
adl-10-cam0-rgb,data/keypoints_normalized/adl/adl-10-cam0-rgb.npz,179,208,0,0,0,0.0006468475
adl-10-cam0-rgb,data/keypoints_normalized/adl/adl-10-cam0-rgb.npz,180,209,0,0,0,0.0007635779
adl-10-cam0-rgb,data/keypoints_normalized/adl/adl-10-cam0-rgb.npz,181,210,0,0,0,0.0008941312
adl-10-cam0-rgb,data/keypoints_normalized/adl/adl-10-cam0-rgb.npz,182,211,0,0,0,0.0010950133
adl-10-cam0-rgb,data/keypoints_normalized/adl/adl-10-cam0-rgb.npz,183,212,0,0,0,0.0013983832
adl-10-cam0-rgb,data/keypoints_normalized/adl/adl-10-cam0-rgb.npz,184,213,0,0,0,0.0018686134
adl-10-cam0-rgb,data/keypoints_normalized/adl/adl-10-cam0-rgb.npz,185,214,0,0,0,0.0026363237
adl-10-cam0-rgb,data/keypoints_normalized/adl/adl-10-cam0-rgb.npz,186,215,0,0,0,0.0038738763
adl-10-cam0-rgb,data/keypoints_normalized/adl/adl-10-cam0-rgb.npz,187,216,0,0,0,0.00576235
adl-10-cam0-rgb,data/keypoints_normalized/adl/adl-10-cam0-rgb.npz,188,217,0,0,0,0.008427429
adl-10-cam0-rgb,data/keypoints_normalized/adl/adl-10-cam0-rgb.npz,189,218,0,0,0,0.012264493
adl-10-cam0-rgb,data/keypoints_normalized/adl/adl-10-cam0-rgb.npz,190,219,0,0,0,0.01648366
adl-10-cam0-rgb,data/keypoints_normalized/adl/adl-10-cam0-rgb.npz,191,220,0,0,0,0.021035334
adl-10-cam0-rgb,data/keypoints_normalized/adl/adl-10-cam0-rgb.npz,192,221,0,0,0,0.024057597
adl-10-cam0-rgb,data/keypoints_normalized/adl/adl-10-cam0-rgb.npz,193,222,0,0,0,0.026108086
adl-10-cam0-rgb,data/keypoints_normalized/adl/adl-10-cam0-rgb.npz,194,223,0,0,0,0.026749238
adl-10-cam0-rgb,data/keypoints_normalized/adl/adl-10-cam0-rgb.npz,195,224,0,0,0,0.0256347
adl-10-cam0-rgb,data/keypoints_normalized/adl/adl-10-cam0-rgb.npz,196,225,0,0,0,0.026202846
adl-10-cam0-rgb,data/keypoints_normalized/adl/adl-10-cam0-rgb.npz,197,226,0,0,0,0.023656243
adl-10-cam0-rgb,data/keypoints_normalized/adl/adl-10-cam0-rgb.npz,198,227,0,0,0,0.022199588
adl-10-cam0-rgb,data/keypoints_normalized/adl/adl-10-cam0-rgb.npz,199,228,0,0,0,0.0212192
adl-10-cam0-rgb,data/keypoints_normalized/adl/adl-10-cam0-rgb.npz,200,229,0,0,0,0.020663518
adl-10-cam0-rgb,data/keypoints_normalized/adl/adl-10-cam0-rgb.npz,201,230,0,0,0,0.020175299
adl-10-cam0-rgb,data/keypoints_normalized/adl/adl-10-cam0-rgb.npz,202,231,0,0,0,0.020680465
adl-10-cam0-rgb,data/keypoints_normalized/adl/adl-10-cam0-rgb.npz,203,232,0,0,0,0.021152485
adl-10-cam0-rgb,data/keypoints_normalized/adl/adl-10-cam0-rgb.npz,204,233,0,0,0,0.02155479
adl-10-cam0-rgb,data/keypoints_normalized/adl/adl-10-cam0-rgb.npz,205,234,0,0,0,0.024094557
adl-10-cam0-rgb,data/keypoints_normalized/adl/adl-10-cam0-rgb.npz,206,235,0,0,0,0.02552762
adl-10-cam0-rgb,data/keypoints_normalized/adl/adl-10-cam0-rgb.npz,207,236,0,0,0,0.027216094
adl-10-cam0-rgb,data/keypoints_normalized/adl/adl-10-cam0-rgb.npz,208,237,0,0,0,0.030186601
adl-10-cam0-rgb,data/keypoints_normalized/adl/adl-10-cam0-rgb.npz,209,238,0,0,0,0.026199305
adl-10-cam0-rgb,data/keypoints_normalized/adl/adl-10-cam0-rgb.npz,210,239,0,0,0,0.024456477
adl-10-cam0-rgb,data/keypoints_normalized/adl/adl-10-cam0-rgb.npz,211,240,0,0,0,0.027394293
adl-10-cam0-rgb,data/keypoints_normalized/adl/adl-10-cam0-rgb.npz,212,241,0,0,0,0.022630636
adl-10-cam0-rgb,data/keypoints_normalized/adl/adl-10-cam0-rgb.npz,213,242,0,0,0,0.019966193
adl-10-cam0-rgb,data/keypoints_normalized/adl/adl-10-cam0-rgb.npz,214,243,0,0,0,0.018124608
adl-10-cam0-rgb,data/keypoints_normalized/adl/adl-10-cam0-rgb.npz,215,244,0,0,0,0.014643193
adl-10-cam0-rgb,data/keypoints_normalized/adl/adl-10-cam0-rgb.npz,216,245,0,0,0,0.0122631
adl-10-cam0-rgb,data/keypoints_normalized/adl/adl-10-cam0-rgb.npz,217,246,0,0,0,0.010917671
adl-10-cam0-rgb,data/keypoints_normalized/adl/adl-10-cam0-rgb.npz,218,247,0,0,0,0.009087936
adl-10-cam0-rgb,data/keypoints_normalized/adl/adl-10-cam0-rgb.npz,219,248,0,0,0,0.0079511255
adl-10-cam0-rgb,data/keypoints_normalized/adl/adl-10-cam0-rgb.npz,220,249,0,0,0,0.009105592
adl-10-cam0-rgb,data/keypoints_normalized/adl/adl-10-cam0-rgb.npz,221,250,0,0,0,0.0077272374
adl-10-cam0-rgb,data/keypoints_normalized/adl/adl-10-cam0-rgb.npz,222,251,0,0,0,0.002268032
adl-10-cam0-rgb,data/keypoints_normalized/adl/adl-10-cam0-rgb.npz,223,252,0,0,0,0.002252994
adl-10-cam0-rgb,data/keypoints_normalized/adl/adl-10-cam0-rgb.npz,224,253,0,0,0,0.0022544535
adl-10-cam0-rgb,data/keypoints_normalized/adl/adl-10-cam0-rgb.npz,225,254,0,0,0,0.0022384375
adl-10-cam0-rgb,data/keypoints_normalized/adl/adl-10-cam0-rgb.npz,226,255,0,0,0,0.0022294777
adl-10-cam0-rgb,data/keypoints_normalized/adl/adl-10-cam0-rgb.npz,227,256,0,0,0,0.0022235434
adl-10-cam0-rgb,data/keypoints_normalized/adl/adl-10-cam0-rgb.npz,228,257,0,0,0,0.00068948074
adl-10-cam0-rgb,data/keypoints_normalized/adl/adl-10-cam0-rgb.npz,229,258,0,0,0,0.00052003993
adl-10-cam0-rgb,data/keypoints_normalized/adl/adl-10-cam0-rgb.npz,230,259,0,0,0,0.00051618397
adl-10-cam0-rgb,data/keypoints_normalized/adl/adl-10-cam0-rgb.npz,231,260,0,0,0,0.00050459226
adl-10-cam0-rgb,data/keypoints_normalized/adl/adl-10-cam0-rgb.npz,232,261,0,0,0,0.001114304
adl-10-cam0-rgb,data/keypoints_normalized/adl/adl-10-cam0-rgb.npz,233,262,0,0,0,0.0010702432
adl-10-cam0-rgb,data/keypoints_normalized/adl/adl-10-cam0-rgb.npz,234,263,0,0,0,0.0010102974
adl-10-cam0-rgb,data/keypoints_normalized/adl/adl-10-cam0-rgb.npz,235,264,0,0,0,0.0009610407
adl-10-cam0-rgb,data/keypoints_normalized/adl/adl-10-cam0-rgb.npz,236,265,0,0,0,0.0008832104
adl-10-cam0-rgb,data/keypoints_normalized/adl/adl-10-cam0-rgb.npz,237,266,0,0,0,0.00083003746
adl-10-cam0-rgb,data/keypoints_normalized/adl/adl-10-cam0-rgb.npz,238,267,0,0,0,0.00085103104
adl-10-cam0-rgb,data/keypoints_normalized/adl/adl-10-cam0-rgb.npz,239,268,0,0,0,0.00082632416
adl-10-cam0-rgb,data/keypoints_normalized/adl/adl-10-cam0-rgb.npz,240,269,0,0,0,0.00079151685
adl-10-cam0-rgb,data/keypoints_normalized/adl/adl-10-cam0-rgb.npz,241,270,0,0,0,0.0007743728
adl-10-cam0-rgb,data/keypoints_normalized/adl/adl-10-cam0-rgb.npz,242,271,0,0,0,0.00075447536
adl-10-cam0-rgb,data/keypoints_normalized/adl/adl-10-cam0-rgb.npz,243,272,0,0,0,0.00075104577
adl-10-cam0-rgb,data/keypoints_normalized/adl/adl-10-cam0-rgb.npz,244,273,0,0,0,0.0007444226
adl-10-cam0-rgb,data/keypoints_normalized/adl/adl-10-cam0-rgb.npz,245,274,0,0,0,0.0007330179
adl-10-cam0-rgb,data/keypoints_normalized/adl/adl-10-cam0-rgb.npz,246,275,0,0,0,0.0007295009
adl-10-cam0-rgb,data/keypoints_normalized/adl/adl-10-cam0-rgb.npz,247,276,0,0,0,0.00072206464
adl-10-cam0-rgb,data/keypoints_normalized/adl/adl-10-cam0-rgb.npz,248,277,0,0,0,0.00071558496
adl-10-cam0-rgb,data/keypoints_normalized/adl/adl-10-cam0-rgb.npz,249,278,0,0,0,0.0007041375
adl-10-cam0-rgb,data/keypoints_normalized/adl/adl-10-cam0-rgb.npz,250,279,0,0,0,0.0006985399
adl-10-cam0-rgb,data/keypoints_normalized/adl/adl-10-cam0-rgb.npz,251,280,0,0,0,0.000692885
adl-10-cam0-rgb,data/keypoints_normalized/adl/adl-10-cam0-rgb.npz,252,281,0,0,0,0.0006950469
adl-10-cam0-rgb,data/keypoints_normalized/adl/adl-10-cam0-rgb.npz,253,282,0,0,0,0.00068255124
adl-10-cam0-rgb,data/keypoints_normalized/adl/adl-10-cam0-rgb.npz,254,283,0,0,0,0.00067074096
adl-10-cam0-rgb,data/keypoints_normalized/adl/adl-10-cam0-rgb.npz,255,284,0,0,0,0.00066113105
adl-10-cam0-rgb,data/keypoints_normalized/adl/adl-10-cam0-rgb.npz,256,285,0,0,0,0.0006605724
adl-10-cam0-rgb,data/keypoints_normalized/adl/adl-10-cam0-rgb.npz,257,286,0,0,0,0.0006605425
adl-10-cam0-rgb,data/keypoints_normalized/adl/adl-10-cam0-rgb.npz,258,287,0,0,0,0.00065969914
adl-10-cam0-rgb,data/keypoints_normalized/adl/adl-10-cam0-rgb.npz,259,288,0,0,0,0.0006591644
adl-10-cam0-rgb,data/keypoints_normalized/adl/adl-10-cam0-rgb.npz,260,289,0,0,0,0.00065898086
adl-10-cam0-rgb,data/keypoints_normalized/adl/adl-10-cam0-rgb.npz,261,290,0,0,0,0.0006536442
adl-10-cam0-rgb,data/keypoints_normalized/adl/adl-10-cam0-rgb.npz,262,291,0,0,0,0.0006486826
adl-10-cam0-rgb,data/keypoints_normalized/adl/adl-10-cam0-rgb.npz,263,292,0,0,0,0.00064528134
adl-10-cam0-rgb,data/keypoints_normalized/adl/adl-10-cam0-rgb.npz,264,293,0,0,0,0.0006451172
adl-10-cam0-rgb,data/keypoints_normalized/adl/adl-10-cam0-rgb.npz,265,294,0,0,0,0.0006441646
adl-10-cam0-rgb,data/keypoints_normalized/adl/adl-10-cam0-rgb.npz,266,295,0,0,0,0.00064763497
adl-10-cam0-rgb,data/keypoints_normalized/adl/adl-10-cam0-rgb.npz,267,296,0,0,0,0.00063971337
adl-10-cam0-rgb,data/keypoints_normalized/adl/adl-10-cam0-rgb.npz,268,297,0,0,0,0.00063644256
adl-10-cam0-rgb,data/keypoints_normalized/adl/adl-10-cam0-rgb.npz,269,298,0,0,0,0.0006355125
adl-10-cam0-rgb,data/keypoints_normalized/adl/adl-10-cam0-rgb.npz,270,299,0,0,0,0.00063868024
adl-10-cam0-rgb,data/keypoints_normalized/adl/adl-10-cam0-rgb.npz,271,300,0,0,0,0.0006349458
adl-13-cam0-rgb,data/keypoints_normalized/adl/adl-13-cam0-rgb.npz,44,73,0,0,0,0.0005932952
adl-13-cam0-rgb,data/keypoints_normalized/adl/adl-13-cam0-rgb.npz,45,74,0,0,0,0.0005945247
adl-13-cam0-rgb,data/keypoints_normalized/adl/adl-13-cam0-rgb.npz,46,75,0,0,0,0.0005965255
adl-13-cam0-rgb,data/keypoints_normalized/adl/adl-13-cam0-rgb.npz,47,76,0,0,0,0.0005965175
adl-13-cam0-rgb,data/keypoints_normalized/adl/adl-13-cam0-rgb.npz,48,77,0,0,0,0.0005966165
adl-13-cam0-rgb,data/keypoints_normalized/adl/adl-13-cam0-rgb.npz,49,78,0,0,0,0.0005969586
adl-13-cam0-rgb,data/keypoints_normalized/adl/adl-13-cam0-rgb.npz,50,79,0,0,0,0.0005969873
adl-13-cam0-rgb,data/keypoints_normalized/adl/adl-13-cam0-rgb.npz,51,80,0,0,0,0.0005969999
adl-13-cam0-rgb,data/keypoints_normalized/adl/adl-13-cam0-rgb.npz,52,81,0,0,0,0.00059717573
adl-13-cam0-rgb,data/keypoints_normalized/adl/adl-13-cam0-rgb.npz,53,82,0,0,0,0.0005970087
adl-13-cam0-rgb,data/keypoints_normalized/adl/adl-13-cam0-rgb.npz,54,83,0,0,0,0.0005965181
adl-13-cam0-rgb,data/keypoints_normalized/adl/adl-13-cam0-rgb.npz,55,84,0,0,0,0.00059580983
adl-13-cam0-rgb,data/keypoints_normalized/adl/adl-13-cam0-rgb.npz,56,85,0,0,0,0.0005954286
adl-13-cam0-rgb,data/keypoints_normalized/adl/adl-13-cam0-rgb.npz,57,86,0,0,0,0.00059311884
adl-13-cam0-rgb,data/keypoints_normalized/adl/adl-13-cam0-rgb.npz,58,87,0,0,0,0.00059212587
adl-13-cam0-rgb,data/keypoints_normalized/adl/adl-13-cam0-rgb.npz,59,88,0,0,0,0.0005904013
adl-13-cam0-rgb,data/keypoints_normalized/adl/adl-13-cam0-rgb.npz,60,89,0,0,0,0.00058881496
adl-13-cam0-rgb,data/keypoints_normalized/adl/adl-13-cam0-rgb.npz,61,90,0,0,0,0.0005890682
adl-13-cam0-rgb,data/keypoints_normalized/adl/adl-13-cam0-rgb.npz,62,91,0,0,0,0.0005877328
adl-13-cam0-rgb,data/keypoints_normalized/adl/adl-13-cam0-rgb.npz,63,92,0,0,0,0.0005375072
adl-13-cam0-rgb,data/keypoints_normalized/adl/adl-13-cam0-rgb.npz,64,93,0,0,0,0.0005369901
adl-13-cam0-rgb,data/keypoints_normalized/adl/adl-13-cam0-rgb.npz,65,94,0,0,0,0.0005363779
adl-13-cam0-rgb,data/keypoints_normalized/adl/adl-13-cam0-rgb.npz,66,95,0,0,0,0.0005369546
adl-13-cam0-rgb,data/keypoints_normalized/adl/adl-13-cam0-rgb.npz,67,96,0,0,0,0.000536292
adl-13-cam0-rgb,data/keypoints_normalized/adl/adl-13-cam0-rgb.npz,68,97,0,0,0,0.0005355871
adl-13-cam0-rgb,data/keypoints_normalized/adl/adl-13-cam0-rgb.npz,69,98,0,0,0,0.00053533947
adl-13-cam0-rgb,data/keypoints_normalized/adl/adl-13-cam0-rgb.npz,70,99,0,0,0,0.0005334403
adl-13-cam0-rgb,data/keypoints_normalized/adl/adl-13-cam0-rgb.npz,71,100,0,0,0,0.000533007
adl-13-cam0-rgb,data/keypoints_normalized/adl/adl-13-cam0-rgb.npz,72,101,0,0,0,0.0005319863
adl-13-cam0-rgb,data/keypoints_normalized/adl/adl-13-cam0-rgb.npz,73,102,0,0,0,0.0005134959
adl-13-cam0-rgb,data/keypoints_normalized/adl/adl-13-cam0-rgb.npz,74,103,0,0,0,0.00051416573
adl-13-cam0-rgb,data/keypoints_normalized/adl/adl-13-cam0-rgb.npz,75,104,0,0,0,0.00051534426
adl-13-cam0-rgb,data/keypoints_normalized/adl/adl-13-cam0-rgb.npz,76,105,0,0,0,0.00051946676
adl-13-cam0-rgb,data/keypoints_normalized/adl/adl-13-cam0-rgb.npz,77,106,0,0,0,0.00052388024
adl-13-cam0-rgb,data/keypoints_normalized/adl/adl-13-cam0-rgb.npz,78,107,0,0,0,0.0005284119
adl-13-cam0-rgb,data/keypoints_normalized/adl/adl-13-cam0-rgb.npz,79,108,0,0,0,0.00053503516
adl-13-cam0-rgb,data/keypoints_normalized/adl/adl-13-cam0-rgb.npz,80,109,0,0,0,0.0005416584
adl-13-cam0-rgb,data/keypoints_normalized/adl/adl-13-cam0-rgb.npz,81,110,0,0,0,0.0005492158
adl-13-cam0-rgb,data/keypoints_normalized/adl/adl-13-cam0-rgb.npz,82,111,0,0,0,0.0005583918
adl-13-cam0-rgb,data/keypoints_normalized/adl/adl-13-cam0-rgb.npz,83,112,0,0,0,0.00056936056
adl-13-cam0-rgb,data/keypoints_normalized/adl/adl-13-cam0-rgb.npz,84,113,0,0,0,0.00058073766
adl-13-cam0-rgb,data/keypoints_normalized/adl/adl-13-cam0-rgb.npz,85,114,0,0,0,0.00059299765
adl-13-cam0-rgb,data/keypoints_normalized/adl/adl-13-cam0-rgb.npz,86,115,0,0,0,0.00060441607
adl-13-cam0-rgb,data/keypoints_normalized/adl/adl-13-cam0-rgb.npz,87,116,0,0,0,0.0006185235
adl-13-cam0-rgb,data/keypoints_normalized/adl/adl-13-cam0-rgb.npz,88,117,0,0,0,0.0006343346
adl-13-cam0-rgb,data/keypoints_normalized/adl/adl-13-cam0-rgb.npz,89,118,0,0,0,0.00064802385
adl-13-cam0-rgb,data/keypoints_normalized/adl/adl-13-cam0-rgb.npz,90,119,0,0,0,0.0006617996
adl-13-cam0-rgb,data/keypoints_normalized/adl/adl-13-cam0-rgb.npz,91,120,0,0,0,0.00067453366
adl-13-cam0-rgb,data/keypoints_normalized/adl/adl-13-cam0-rgb.npz,92,121,0,0,0,0.000685557
adl-13-cam0-rgb,data/keypoints_normalized/adl/adl-13-cam0-rgb.npz,93,122,0,0,0,0.00069604325
adl-13-cam0-rgb,data/keypoints_normalized/adl/adl-13-cam0-rgb.npz,94,123,0,0,0,0.0007074484
adl-13-cam0-rgb,data/keypoints_normalized/adl/adl-13-cam0-rgb.npz,95,124,0,0,0,0.0007165481
adl-13-cam0-rgb,data/keypoints_normalized/adl/adl-13-cam0-rgb.npz,96,125,0,0,0,0.0007202849
adl-13-cam0-rgb,data/keypoints_normalized/adl/adl-13-cam0-rgb.npz,97,126,0,0,0,0.00072366244
adl-13-cam0-rgb,data/keypoints_normalized/adl/adl-13-cam0-rgb.npz,98,127,0,0,0,0.0007245012
adl-13-cam0-rgb,data/keypoints_normalized/adl/adl-13-cam0-rgb.npz,99,128,0,0,0,0.0007225602
adl-13-cam0-rgb,data/keypoints_normalized/adl/adl-13-cam0-rgb.npz,100,129,0,0,0,0.00072019396
adl-13-cam0-rgb,data/keypoints_normalized/adl/adl-13-cam0-rgb.npz,101,130,0,0,0,0.0007155161
adl-13-cam0-rgb,data/keypoints_normalized/adl/adl-13-cam0-rgb.npz,102,131,0,0,0,0.00070849725
adl-13-cam0-rgb,data/keypoints_normalized/adl/adl-13-cam0-rgb.npz,103,132,0,0,0,0.00069974456
adl-13-cam0-rgb,data/keypoints_normalized/adl/adl-13-cam0-rgb.npz,104,133,0,0,0,0.00069067144
adl-13-cam0-rgb,data/keypoints_normalized/adl/adl-13-cam0-rgb.npz,105,134,0,0,0,0.0006820084
adl-13-cam0-rgb,data/keypoints_normalized/adl/adl-13-cam0-rgb.npz,106,135,0,0,0,0.0006709817
adl-13-cam0-rgb,data/keypoints_normalized/adl/adl-13-cam0-rgb.npz,107,136,0,0,0,0.0006602458
adl-13-cam0-rgb,data/keypoints_normalized/adl/adl-13-cam0-rgb.npz,108,137,0,0,0,0.000649251
adl-13-cam0-rgb,data/keypoints_normalized/adl/adl-13-cam0-rgb.npz,109,138,0,0,0,0.00063872954
adl-13-cam0-rgb,data/keypoints_normalized/adl/adl-13-cam0-rgb.npz,110,139,0,0,0,0.0006291215
adl-13-cam0-rgb,data/keypoints_normalized/adl/adl-13-cam0-rgb.npz,111,140,0,0,0,0.00061804766
adl-13-cam0-rgb,data/keypoints_normalized/adl/adl-13-cam0-rgb.npz,112,141,0,0,0,0.0006091435
adl-13-cam0-rgb,data/keypoints_normalized/adl/adl-13-cam0-rgb.npz,113,142,0,0,0,0.0006006523
adl-13-cam0-rgb,data/keypoints_normalized/adl/adl-13-cam0-rgb.npz,114,143,0,0,0,0.0005931815
adl-13-cam0-rgb,data/keypoints_normalized/adl/adl-13-cam0-rgb.npz,115,144,0,0,0,0.00058742316
adl-13-cam0-rgb,data/keypoints_normalized/adl/adl-13-cam0-rgb.npz,116,145,0,0,0,0.00058144325
adl-13-cam0-rgb,data/keypoints_normalized/adl/adl-13-cam0-rgb.npz,117,146,0,0,0,0.00057672715
adl-13-cam0-rgb,data/keypoints_normalized/adl/adl-13-cam0-rgb.npz,118,147,0,0,0,0.0005744817
adl-13-cam0-rgb,data/keypoints_normalized/adl/adl-13-cam0-rgb.npz,119,148,0,0,0,0.0005706566
adl-13-cam0-rgb,data/keypoints_normalized/adl/adl-13-cam0-rgb.npz,120,149,0,0,0,0.00056890637
adl-13-cam0-rgb,data/keypoints_normalized/adl/adl-13-cam0-rgb.npz,121,150,0,0,0,0.00056840654
adl-13-cam0-rgb,data/keypoints_normalized/adl/adl-13-cam0-rgb.npz,122,151,0,0,0,0.0005689901
adl-13-cam0-rgb,data/keypoints_normalized/adl/adl-13-cam0-rgb.npz,123,152,0,0,0,0.00057074154
adl-13-cam0-rgb,data/keypoints_normalized/adl/adl-13-cam0-rgb.npz,124,153,0,0,0,0.0005726137
adl-13-cam0-rgb,data/keypoints_normalized/adl/adl-13-cam0-rgb.npz,125,154,0,0,0,0.0005765389
adl-13-cam0-rgb,data/keypoints_normalized/adl/adl-13-cam0-rgb.npz,126,155,0,0,0,0.0005798275
adl-13-cam0-rgb,data/keypoints_normalized/adl/adl-13-cam0-rgb.npz,127,156,0,0,0,0.0005842315
adl-13-cam0-rgb,data/keypoints_normalized/adl/adl-13-cam0-rgb.npz,128,157,0,0,0,0.00058841525
adl-13-cam0-rgb,data/keypoints_normalized/adl/adl-13-cam0-rgb.npz,129,158,0,0,0,0.00059230084
adl-13-cam0-rgb,data/keypoints_normalized/adl/adl-13-cam0-rgb.npz,130,159,0,0,0,0.0005975088
adl-13-cam0-rgb,data/keypoints_normalized/adl/adl-13-cam0-rgb.npz,131,160,0,0,0,0.0006010844
adl-13-cam0-rgb,data/keypoints_normalized/adl/adl-13-cam0-rgb.npz,132,161,0,0,0,0.0006053169
adl-13-cam0-rgb,data/keypoints_normalized/adl/adl-13-cam0-rgb.npz,133,162,0,0,0,0.00060726336
adl-13-cam0-rgb,data/keypoints_normalized/adl/adl-13-cam0-rgb.npz,134,163,0,0,0,0.0006086705
adl-13-cam0-rgb,data/keypoints_normalized/adl/adl-13-cam0-rgb.npz,135,164,0,0,0,0.0006095745
adl-13-cam0-rgb,data/keypoints_normalized/adl/adl-13-cam0-rgb.npz,136,165,0,0,0,0.0006092774
adl-13-cam0-rgb,data/keypoints_normalized/adl/adl-13-cam0-rgb.npz,137,166,0,0,0,0.00060706004
adl-13-cam0-rgb,data/keypoints_normalized/adl/adl-13-cam0-rgb.npz,138,167,0,0,0,0.00060298655
adl-13-cam0-rgb,data/keypoints_normalized/adl/adl-13-cam0-rgb.npz,139,168,0,0,0,0.00060065655
adl-13-cam0-rgb,data/keypoints_normalized/adl/adl-13-cam0-rgb.npz,140,169,0,0,0,0.00059493165
adl-13-cam0-rgb,data/keypoints_normalized/adl/adl-13-cam0-rgb.npz,141,170,0,0,0,0.0005885824
adl-13-cam0-rgb,data/keypoints_normalized/adl/adl-13-cam0-rgb.npz,142,171,0,0,0,0.0005827819
adl-13-cam0-rgb,data/keypoints_normalized/adl/adl-13-cam0-rgb.npz,143,172,0,0,0,0.0005757792
adl-13-cam0-rgb,data/keypoints_normalized/adl/adl-13-cam0-rgb.npz,144,173,0,0,0,0.0005691929
adl-13-cam0-rgb,data/keypoints_normalized/adl/adl-13-cam0-rgb.npz,145,174,0,0,0,0.00056148996
adl-13-cam0-rgb,data/keypoints_normalized/adl/adl-13-cam0-rgb.npz,146,175,0,0,0,0.0005537912
adl-13-cam0-rgb,data/keypoints_normalized/adl/adl-13-cam0-rgb.npz,147,176,0,0,0,0.0005472035
adl-13-cam0-rgb,data/keypoints_normalized/adl/adl-13-cam0-rgb.npz,148,177,0,0,0,0.0005397278
adl-13-cam0-rgb,data/keypoints_normalized/adl/adl-13-cam0-rgb.npz,149,178,0,0,0,0.0005324132
adl-13-cam0-rgb,data/keypoints_normalized/adl/adl-13-cam0-rgb.npz,150,179,0,0,0,0.0005259296
adl-13-cam0-rgb,data/keypoints_normalized/adl/adl-13-cam0-rgb.npz,151,180,0,0,0,0.0005168755
adl-13-cam0-rgb,data/keypoints_normalized/adl/adl-13-cam0-rgb.npz,152,181,0,0,0,0.0005098394
adl-13-cam0-rgb,data/keypoints_normalized/adl/adl-13-cam0-rgb.npz,153,182,0,0,0,0.000503928
adl-13-cam0-rgb,data/keypoints_normalized/adl/adl-13-cam0-rgb.npz,154,183,0,0,0,0.0004981122
adl-13-cam0-rgb,data/keypoints_normalized/adl/adl-13-cam0-rgb.npz,155,184,0,0,0,0.0004920806
adl-13-cam0-rgb,data/keypoints_normalized/adl/adl-13-cam0-rgb.npz,156,185,0,0,0,0.0004875375
adl-13-cam0-rgb,data/keypoints_normalized/adl/adl-13-cam0-rgb.npz,157,186,0,0,0,0.0004826408
adl-13-cam0-rgb,data/keypoints_normalized/adl/adl-13-cam0-rgb.npz,158,187,0,0,0,0.0004792239
adl-13-cam0-rgb,data/keypoints_normalized/adl/adl-13-cam0-rgb.npz,159,188,0,0,0,0.00047682668
adl-13-cam0-rgb,data/keypoints_normalized/adl/adl-13-cam0-rgb.npz,160,189,0,0,0,0.00047562187
adl-13-cam0-rgb,data/keypoints_normalized/adl/adl-13-cam0-rgb.npz,161,190,0,0,0,0.00047441744
adl-13-cam0-rgb,data/keypoints_normalized/adl/adl-13-cam0-rgb.npz,162,191,0,0,0,0.0004727449
adl-13-cam0-rgb,data/keypoints_normalized/adl/adl-13-cam0-rgb.npz,163,192,0,0,0,0.00047166104
adl-13-cam0-rgb,data/keypoints_normalized/adl/adl-13-cam0-rgb.npz,164,193,0,0,0,0.00047054916
adl-13-cam0-rgb,data/keypoints_normalized/adl/adl-13-cam0-rgb.npz,165,194,0,0,0,0.0004352692
adl-13-cam0-rgb,data/keypoints_normalized/adl/adl-13-cam0-rgb.npz,166,195,0,0,0,0.0004265192
adl-13-cam0-rgb,data/keypoints_normalized/adl/adl-13-cam0-rgb.npz,167,196,0,0,0,0.000419924
adl-13-cam0-rgb,data/keypoints_normalized/adl/adl-13-cam0-rgb.npz,168,197,0,0,0,0.00041395667
adl-13-cam0-rgb,data/keypoints_normalized/adl/adl-13-cam0-rgb.npz,169,198,0,0,0,0.00041012125
adl-13-cam0-rgb,data/keypoints_normalized/adl/adl-13-cam0-rgb.npz,170,199,0,0,0,0.00040758305
adl-13-cam0-rgb,data/keypoints_normalized/adl/adl-13-cam0-rgb.npz,171,200,0,0,0,0.00040619905
adl-13-cam0-rgb,data/keypoints_normalized/adl/adl-13-cam0-rgb.npz,172,201,0,0,0,0.00043465677
adl-13-cam0-rgb,data/keypoints_normalized/adl/adl-13-cam0-rgb.npz,173,202,0,0,0,0.00041194665
adl-13-cam0-rgb,data/keypoints_normalized/adl/adl-13-cam0-rgb.npz,174,203,0,0,0,0.00041056177
adl-13-cam0-rgb,data/keypoints_normalized/adl/adl-13-cam0-rgb.npz,175,204,0,0,0,0.0004063906
adl-13-cam0-rgb,data/keypoints_normalized/adl/adl-13-cam0-rgb.npz,176,205,0,0,0,0.00040418623
adl-13-cam0-rgb,data/keypoints_normalized/adl/adl-13-cam0-rgb.npz,177,206,0,0,0,0.00040406873
adl-13-cam0-rgb,data/keypoints_normalized/adl/adl-13-cam0-rgb.npz,178,207,0,0,0,0.0004040435
adl-13-cam0-rgb,data/keypoints_normalized/adl/adl-13-cam0-rgb.npz,179,208,0,0,0,0.00040567937
adl-13-cam0-rgb,data/keypoints_normalized/adl/adl-13-cam0-rgb.npz,180,209,0,0,0,0.00041058287
adl-13-cam0-rgb,data/keypoints_normalized/adl/adl-13-cam0-rgb.npz,181,210,0,0,0,0.00041467824
adl-13-cam0-rgb,data/keypoints_normalized/adl/adl-13-cam0-rgb.npz,182,211,0,0,0,0.00042137923
adl-13-cam0-rgb,data/keypoints_normalized/adl/adl-13-cam0-rgb.npz,210,239,0,0,0,0.00076590804
adl-13-cam0-rgb,data/keypoints_normalized/adl/adl-13-cam0-rgb.npz,211,240,0,0,0,0.00076600147
adl-13-cam0-rgb,data/keypoints_normalized/adl/adl-13-cam0-rgb.npz,212,241,0,0,0,0.0007646527
adl-13-cam0-rgb,data/keypoints_normalized/adl/adl-13-cam0-rgb.npz,213,242,0,0,0,0.0007641959
adl-13-cam0-rgb,data/keypoints_normalized/adl/adl-13-cam0-rgb.npz,214,243,0,0,0,0.00076282985
adl-13-cam0-rgb,data/keypoints_normalized/adl/adl-13-cam0-rgb.npz,215,244,0,0,0,0.0007590103
adl-13-cam0-rgb,data/keypoints_normalized/adl/adl-13-cam0-rgb.npz,216,245,0,0,0,0.00075743406
adl-13-cam0-rgb,data/keypoints_normalized/adl/adl-13-cam0-rgb.npz,217,246,0,0,0,0.0007523158
adl-13-cam0-rgb,data/keypoints_normalized/adl/adl-13-cam0-rgb.npz,218,247,0,0,0,0.00074659294
adl-13-cam0-rgb,data/keypoints_normalized/adl/adl-13-cam0-rgb.npz,219,248,0,0,0,0.00053795875
adl-13-cam0-rgb,data/keypoints_normalized/adl/adl-13-cam0-rgb.npz,220,249,0,0,0,0.0004659327
adl-13-cam0-rgb,data/keypoints_normalized/adl/adl-13-cam0-rgb.npz,221,250,0,0,0,0.00046555224
adl-13-cam0-rgb,data/keypoints_normalized/adl/adl-13-cam0-rgb.npz,222,251,0,0,0,0.00046520578
adl-13-cam0-rgb,data/keypoints_normalized/adl/adl-13-cam0-rgb.npz,223,252,0,0,0,0.0004652162
adl-13-cam0-rgb,data/keypoints_normalized/adl/adl-13-cam0-rgb.npz,224,253,0,0,0,0.0004669024
adl-13-cam0-rgb,data/keypoints_normalized/adl/adl-13-cam0-rgb.npz,225,254,0,0,0,0.0004714889
adl-13-cam0-rgb,data/keypoints_normalized/adl/adl-13-cam0-rgb.npz,226,255,0,0,0,0.0004711681
adl-13-cam0-rgb,data/keypoints_normalized/adl/adl-13-cam0-rgb.npz,227,256,0,0,0,0.00047412296
adl-13-cam0-rgb,data/keypoints_normalized/adl/adl-13-cam0-rgb.npz,228,257,0,0,0,0.00054343784
adl-13-cam0-rgb,data/keypoints_normalized/adl/adl-13-cam0-rgb.npz,229,258,0,0,0,0.0005439648
adl-13-cam0-rgb,data/keypoints_normalized/adl/adl-13-cam0-rgb.npz,230,259,0,0,0,0.0005458164
adl-13-cam0-rgb,data/keypoints_normalized/adl/adl-13-cam0-rgb.npz,231,260,0,0,0,0.0005488192
adl-13-cam0-rgb,data/keypoints_normalized/adl/adl-13-cam0-rgb.npz,232,261,0,0,0,0.0005530864
adl-13-cam0-rgb,data/keypoints_normalized/adl/adl-13-cam0-rgb.npz,233,262,0,0,0,0.0005588027
adl-13-cam0-rgb,data/keypoints_normalized/adl/adl-13-cam0-rgb.npz,234,263,0,0,0,0.0005656794
adl-13-cam0-rgb,data/keypoints_normalized/adl/adl-13-cam0-rgb.npz,235,264,0,0,0,0.0005706142
adl-13-cam0-rgb,data/keypoints_normalized/adl/adl-13-cam0-rgb.npz,236,265,0,0,0,0.0005773302
adl-15-cam0-rgb,data/keypoints_normalized/adl/adl-15-cam0-rgb.npz,39,68,0,0,0,0.0006252198
adl-15-cam0-rgb,data/keypoints_normalized/adl/adl-15-cam0-rgb.npz,40,69,0,0,0,0.0006252198
adl-15-cam0-rgb,data/keypoints_normalized/adl/adl-15-cam0-rgb.npz,41,70,0,0,0,0.0006252198
adl-15-cam0-rgb,data/keypoints_normalized/adl/adl-15-cam0-rgb.npz,42,71,0,0,0,0.0006252198
adl-15-cam0-rgb,data/keypoints_normalized/adl/adl-15-cam0-rgb.npz,43,72,0,0,0,0.0004775458
adl-15-cam0-rgb,data/keypoints_normalized/adl/adl-15-cam0-rgb.npz,44,73,0,0,0,0.00047816665
adl-15-cam0-rgb,data/keypoints_normalized/adl/adl-15-cam0-rgb.npz,45,74,0,0,0,0.00044181966
adl-15-cam0-rgb,data/keypoints_normalized/adl/adl-15-cam0-rgb.npz,46,75,0,0,0,0.00044250034
adl-15-cam0-rgb,data/keypoints_normalized/adl/adl-15-cam0-rgb.npz,47,76,0,0,0,0.0004437579
adl-15-cam0-rgb,data/keypoints_normalized/adl/adl-15-cam0-rgb.npz,48,77,0,0,0,0.0004450561
adl-15-cam0-rgb,data/keypoints_normalized/adl/adl-15-cam0-rgb.npz,49,78,0,0,0,0.000446662
adl-15-cam0-rgb,data/keypoints_normalized/adl/adl-15-cam0-rgb.npz,50,79,0,0,0,0.00044764922
adl-15-cam0-rgb,data/keypoints_normalized/adl/adl-15-cam0-rgb.npz,51,80,0,0,0,0.0004502385
adl-15-cam0-rgb,data/keypoints_normalized/adl/adl-15-cam0-rgb.npz,52,81,0,0,0,0.0004520484
adl-15-cam0-rgb,data/keypoints_normalized/adl/adl-15-cam0-rgb.npz,53,82,0,0,0,0.00045413407
adl-15-cam0-rgb,data/keypoints_normalized/adl/adl-15-cam0-rgb.npz,54,83,0,0,0,0.00045595912
adl-15-cam0-rgb,data/keypoints_normalized/adl/adl-15-cam0-rgb.npz,55,84,0,0,0,0.00045795174
adl-15-cam0-rgb,data/keypoints_normalized/adl/adl-15-cam0-rgb.npz,56,85,0,0,0,0.00045985202
adl-15-cam0-rgb,data/keypoints_normalized/adl/adl-15-cam0-rgb.npz,57,86,0,0,0,0.00046236665
adl-15-cam0-rgb,data/keypoints_normalized/adl/adl-15-cam0-rgb.npz,58,87,0,0,0,0.0004635679
adl-15-cam0-rgb,data/keypoints_normalized/adl/adl-15-cam0-rgb.npz,59,88,0,0,0,0.00046498454
adl-15-cam0-rgb,data/keypoints_normalized/adl/adl-15-cam0-rgb.npz,60,89,0,0,0,0.00046926498
adl-15-cam0-rgb,data/keypoints_normalized/adl/adl-15-cam0-rgb.npz,61,90,0,0,0,0.0004710159
adl-15-cam0-rgb,data/keypoints_normalized/adl/adl-15-cam0-rgb.npz,62,91,0,0,0,0.0004728024
adl-15-cam0-rgb,data/keypoints_normalized/adl/adl-15-cam0-rgb.npz,63,92,0,0,0,0.00047509448
adl-15-cam0-rgb,data/keypoints_normalized/adl/adl-15-cam0-rgb.npz,64,93,0,0,0,0.00047629385
adl-15-cam0-rgb,data/keypoints_normalized/adl/adl-15-cam0-rgb.npz,65,94,0,0,0,0.00047818857
adl-15-cam0-rgb,data/keypoints_normalized/adl/adl-15-cam0-rgb.npz,66,95,0,0,0,0.00048049368
adl-15-cam0-rgb,data/keypoints_normalized/adl/adl-15-cam0-rgb.npz,67,96,0,0,0,0.00051751855
adl-15-cam0-rgb,data/keypoints_normalized/adl/adl-15-cam0-rgb.npz,68,97,0,0,0,0.000519072
adl-15-cam0-rgb,data/keypoints_normalized/adl/adl-15-cam0-rgb.npz,69,98,0,0,0,0.00052174245
adl-15-cam0-rgb,data/keypoints_normalized/adl/adl-15-cam0-rgb.npz,70,99,0,0,0,0.0005231789
adl-15-cam0-rgb,data/keypoints_normalized/adl/adl-15-cam0-rgb.npz,71,100,0,0,0,0.0005253049
adl-15-cam0-rgb,data/keypoints_normalized/adl/adl-15-cam0-rgb.npz,72,101,0,0,0,0.00052615005
adl-15-cam0-rgb,data/keypoints_normalized/adl/adl-15-cam0-rgb.npz,73,102,0,0,0,0.00053060387
adl-15-cam0-rgb,data/keypoints_normalized/adl/adl-15-cam0-rgb.npz,74,103,0,0,0,0.000533551
adl-15-cam0-rgb,data/keypoints_normalized/adl/adl-15-cam0-rgb.npz,75,104,0,0,0,0.00053900725
adl-15-cam0-rgb,data/keypoints_normalized/adl/adl-15-cam0-rgb.npz,76,105,0,0,0,0.00054178695
adl-15-cam0-rgb,data/keypoints_normalized/adl/adl-15-cam0-rgb.npz,77,106,0,0,0,0.0005467781
adl-15-cam0-rgb,data/keypoints_normalized/adl/adl-15-cam0-rgb.npz,78,107,0,0,0,0.0005514105
adl-15-cam0-rgb,data/keypoints_normalized/adl/adl-15-cam0-rgb.npz,79,108,0,0,0,0.00055595324
adl-15-cam0-rgb,data/keypoints_normalized/adl/adl-15-cam0-rgb.npz,80,109,0,0,0,0.0005601152
adl-15-cam0-rgb,data/keypoints_normalized/adl/adl-15-cam0-rgb.npz,81,110,0,0,0,0.00056328194
adl-15-cam0-rgb,data/keypoints_normalized/adl/adl-15-cam0-rgb.npz,82,111,0,0,0,0.0005706381
adl-15-cam0-rgb,data/keypoints_normalized/adl/adl-15-cam0-rgb.npz,83,112,0,0,0,0.00057668076
adl-15-cam0-rgb,data/keypoints_normalized/adl/adl-15-cam0-rgb.npz,84,113,0,0,0,0.00058280054
adl-15-cam0-rgb,data/keypoints_normalized/adl/adl-15-cam0-rgb.npz,85,114,0,0,0,0.0005911914
adl-15-cam0-rgb,data/keypoints_normalized/adl/adl-15-cam0-rgb.npz,86,115,0,0,0,0.0005983864
adl-15-cam0-rgb,data/keypoints_normalized/adl/adl-15-cam0-rgb.npz,87,116,0,0,0,0.0006073586
adl-15-cam0-rgb,data/keypoints_normalized/adl/adl-15-cam0-rgb.npz,88,117,0,0,0,0.0006181929
adl-15-cam0-rgb,data/keypoints_normalized/adl/adl-15-cam0-rgb.npz,89,118,0,0,0,0.00062797376
adl-15-cam0-rgb,data/keypoints_normalized/adl/adl-15-cam0-rgb.npz,90,119,0,0,0,0.00063065893
adl-15-cam0-rgb,data/keypoints_normalized/adl/adl-15-cam0-rgb.npz,91,120,0,0,0,0.0006406628
adl-15-cam0-rgb,data/keypoints_normalized/adl/adl-15-cam0-rgb.npz,92,121,0,0,0,0.00064857845
adl-15-cam0-rgb,data/keypoints_normalized/adl/adl-15-cam0-rgb.npz,93,122,0,0,0,0.0006559451
adl-15-cam0-rgb,data/keypoints_normalized/adl/adl-15-cam0-rgb.npz,94,123,0,0,0,0.0006607279
adl-15-cam0-rgb,data/keypoints_normalized/adl/adl-15-cam0-rgb.npz,95,124,0,0,0,0.00066517876
adl-15-cam0-rgb,data/keypoints_normalized/adl/adl-15-cam0-rgb.npz,96,125,0,0,0,0.00066867267
adl-15-cam0-rgb,data/keypoints_normalized/adl/adl-15-cam0-rgb.npz,97,126,0,0,0,0.00067148317
adl-15-cam0-rgb,data/keypoints_normalized/adl/adl-15-cam0-rgb.npz,98,127,0,0,0,0.0006707058
adl-15-cam0-rgb,data/keypoints_normalized/adl/adl-15-cam0-rgb.npz,99,128,0,0,0,0.0006716481
adl-15-cam0-rgb,data/keypoints_normalized/adl/adl-15-cam0-rgb.npz,100,129,0,0,0,0.0006711752
adl-15-cam0-rgb,data/keypoints_normalized/adl/adl-15-cam0-rgb.npz,101,130,0,0,0,0.00067025115
adl-15-cam0-rgb,data/keypoints_normalized/adl/adl-15-cam0-rgb.npz,102,131,0,0,0,0.00066940056
adl-15-cam0-rgb,data/keypoints_normalized/adl/adl-15-cam0-rgb.npz,103,132,0,0,0,0.0006661942
adl-15-cam0-rgb,data/keypoints_normalized/adl/adl-15-cam0-rgb.npz,104,133,0,0,0,0.00066395896
adl-15-cam0-rgb,data/keypoints_normalized/adl/adl-15-cam0-rgb.npz,105,134,0,0,0,0.0006598079
adl-15-cam0-rgb,data/keypoints_normalized/adl/adl-15-cam0-rgb.npz,106,135,0,0,0,0.00065610016
adl-15-cam0-rgb,data/keypoints_normalized/adl/adl-15-cam0-rgb.npz,107,136,0,0,0,0.0006528825
adl-15-cam0-rgb,data/keypoints_normalized/adl/adl-15-cam0-rgb.npz,108,137,0,0,0,0.0006469865
adl-15-cam0-rgb,data/keypoints_normalized/adl/adl-15-cam0-rgb.npz,109,138,0,0,0,0.000641046
adl-15-cam0-rgb,data/keypoints_normalized/adl/adl-15-cam0-rgb.npz,110,139,0,0,0,0.00063536415
adl-15-cam0-rgb,data/keypoints_normalized/adl/adl-15-cam0-rgb.npz,111,140,0,0,0,0.00062743045
adl-15-cam0-rgb,data/keypoints_normalized/adl/adl-15-cam0-rgb.npz,112,141,0,0,0,0.0006198165
adl-15-cam0-rgb,data/keypoints_normalized/adl/adl-15-cam0-rgb.npz,113,142,0,0,0,0.00061176985
adl-15-cam0-rgb,data/keypoints_normalized/adl/adl-15-cam0-rgb.npz,114,143,0,0,0,0.0006020586
adl-15-cam0-rgb,data/keypoints_normalized/adl/adl-15-cam0-rgb.npz,115,144,0,0,0,0.0005945949
adl-15-cam0-rgb,data/keypoints_normalized/adl/adl-15-cam0-rgb.npz,116,145,0,0,0,0.00058649783
adl-15-cam0-rgb,data/keypoints_normalized/adl/adl-15-cam0-rgb.npz,117,146,0,0,0,0.0005793814
adl-15-cam0-rgb,data/keypoints_normalized/adl/adl-15-cam0-rgb.npz,118,147,0,0,0,0.00057135266
adl-15-cam0-rgb,data/keypoints_normalized/adl/adl-15-cam0-rgb.npz,119,148,0,0,0,0.0005653379
adl-15-cam0-rgb,data/keypoints_normalized/adl/adl-15-cam0-rgb.npz,120,149,0,0,0,0.0005599222
adl-15-cam0-rgb,data/keypoints_normalized/adl/adl-15-cam0-rgb.npz,121,150,0,0,0,0.0005550388
adl-15-cam0-rgb,data/keypoints_normalized/adl/adl-15-cam0-rgb.npz,122,151,0,0,0,0.00055193674
adl-15-cam0-rgb,data/keypoints_normalized/adl/adl-15-cam0-rgb.npz,123,152,0,0,0,0.0005500362
adl-15-cam0-rgb,data/keypoints_normalized/adl/adl-15-cam0-rgb.npz,124,153,0,0,0,0.00054825057
adl-15-cam0-rgb,data/keypoints_normalized/adl/adl-15-cam0-rgb.npz,125,154,0,0,0,0.0005488307
adl-15-cam0-rgb,data/keypoints_normalized/adl/adl-15-cam0-rgb.npz,126,155,0,0,0,0.0005495156
adl-15-cam0-rgb,data/keypoints_normalized/adl/adl-15-cam0-rgb.npz,127,156,0,0,0,0.0005525395
adl-15-cam0-rgb,data/keypoints_normalized/adl/adl-15-cam0-rgb.npz,128,157,0,0,0,0.00055640965
adl-15-cam0-rgb,data/keypoints_normalized/adl/adl-15-cam0-rgb.npz,129,158,0,0,0,0.0005621465
adl-15-cam0-rgb,data/keypoints_normalized/adl/adl-15-cam0-rgb.npz,130,159,0,0,0,0.00056937686
adl-15-cam0-rgb,data/keypoints_normalized/adl/adl-15-cam0-rgb.npz,131,160,0,0,0,0.0005769438
adl-15-cam0-rgb,data/keypoints_normalized/adl/adl-15-cam0-rgb.npz,132,161,0,0,0,0.0005819802
adl-15-cam0-rgb,data/keypoints_normalized/adl/adl-15-cam0-rgb.npz,133,162,0,0,0,0.00058794045
adl-15-cam0-rgb,data/keypoints_normalized/adl/adl-15-cam0-rgb.npz,134,163,0,0,0,0.0005926312
adl-15-cam0-rgb,data/keypoints_normalized/adl/adl-15-cam0-rgb.npz,135,164,0,0,0,0.00059599493
adl-15-cam0-rgb,data/keypoints_normalized/adl/adl-15-cam0-rgb.npz,136,165,0,0,0,0.00059703004
adl-15-cam0-rgb,data/keypoints_normalized/adl/adl-15-cam0-rgb.npz,137,166,0,0,0,0.0005958487
adl-15-cam0-rgb,data/keypoints_normalized/adl/adl-15-cam0-rgb.npz,138,167,0,0,0,0.0005944366
adl-15-cam0-rgb,data/keypoints_normalized/adl/adl-15-cam0-rgb.npz,139,168,0,0,0,0.0005907477
adl-15-cam0-rgb,data/keypoints_normalized/adl/adl-15-cam0-rgb.npz,140,169,0,0,0,0.00058267557
adl-15-cam0-rgb,data/keypoints_normalized/adl/adl-15-cam0-rgb.npz,141,170,0,0,0,0.0005735822
adl-15-cam0-rgb,data/keypoints_normalized/adl/adl-15-cam0-rgb.npz,142,171,0,0,0,0.00056499237
adl-15-cam0-rgb,data/keypoints_normalized/adl/adl-15-cam0-rgb.npz,143,172,0,0,0,0.000554473
adl-15-cam0-rgb,data/keypoints_normalized/adl/adl-15-cam0-rgb.npz,144,173,0,0,0,0.00054224
adl-15-cam0-rgb,data/keypoints_normalized/adl/adl-15-cam0-rgb.npz,145,174,0,0,0,0.000530207
adl-15-cam0-rgb,data/keypoints_normalized/adl/adl-15-cam0-rgb.npz,146,175,0,0,0,0.000518865
adl-15-cam0-rgb,data/keypoints_normalized/adl/adl-15-cam0-rgb.npz,147,176,0,0,0,0.00051058485
adl-15-cam0-rgb,data/keypoints_normalized/adl/adl-15-cam0-rgb.npz,148,177,0,0,0,0.0005010704
adl-15-cam0-rgb,data/keypoints_normalized/adl/adl-15-cam0-rgb.npz,149,178,0,0,0,0.0004913517
adl-15-cam0-rgb,data/keypoints_normalized/adl/adl-15-cam0-rgb.npz,150,179,0,0,0,0.00048550373
adl-15-cam0-rgb,data/keypoints_normalized/adl/adl-15-cam0-rgb.npz,151,180,0,0,0,0.0004798243
adl-15-cam0-rgb,data/keypoints_normalized/adl/adl-15-cam0-rgb.npz,152,181,0,0,0,0.00047537303
adl-15-cam0-rgb,data/keypoints_normalized/adl/adl-15-cam0-rgb.npz,153,182,0,0,0,0.00047249132
adl-15-cam0-rgb,data/keypoints_normalized/adl/adl-15-cam0-rgb.npz,154,183,0,0,0,0.00047090588
adl-15-cam0-rgb,data/keypoints_normalized/adl/adl-15-cam0-rgb.npz,155,184,0,0,0,0.00047013623
adl-15-cam0-rgb,data/keypoints_normalized/adl/adl-15-cam0-rgb.npz,156,185,0,0,0,0.00047016537
adl-15-cam0-rgb,data/keypoints_normalized/adl/adl-15-cam0-rgb.npz,157,186,0,0,0,0.00046951062
adl-15-cam0-rgb,data/keypoints_normalized/adl/adl-15-cam0-rgb.npz,158,187,0,0,0,0.0004702662
adl-15-cam0-rgb,data/keypoints_normalized/adl/adl-15-cam0-rgb.npz,159,188,0,0,0,0.00046965515
adl-15-cam0-rgb,data/keypoints_normalized/adl/adl-15-cam0-rgb.npz,160,189,0,0,0,0.00047074948
adl-15-cam0-rgb,data/keypoints_normalized/adl/adl-15-cam0-rgb.npz,161,190,0,0,0,0.0004713905
adl-15-cam0-rgb,data/keypoints_normalized/adl/adl-15-cam0-rgb.npz,162,191,0,0,0,0.00047110365
adl-15-cam0-rgb,data/keypoints_normalized/adl/adl-15-cam0-rgb.npz,163,192,0,0,0,0.00047137658
adl-15-cam0-rgb,data/keypoints_normalized/adl/adl-15-cam0-rgb.npz,164,193,0,0,0,0.00046924705
adl-15-cam0-rgb,data/keypoints_normalized/adl/adl-15-cam0-rgb.npz,165,194,0,0,0,0.00046447176
adl-15-cam0-rgb,data/keypoints_normalized/adl/adl-15-cam0-rgb.npz,166,195,0,0,0,0.0004569122
adl-15-cam0-rgb,data/keypoints_normalized/adl/adl-15-cam0-rgb.npz,167,196,0,0,0,0.00047088388
adl-15-cam0-rgb,data/keypoints_normalized/adl/adl-15-cam0-rgb.npz,168,197,0,0,0,0.00045199328
adl-15-cam0-rgb,data/keypoints_normalized/adl/adl-15-cam0-rgb.npz,169,198,0,0,0,0.00043369058
adl-15-cam0-rgb,data/keypoints_normalized/adl/adl-15-cam0-rgb.npz,170,199,0,0,0,0.000414323
adl-15-cam0-rgb,data/keypoints_normalized/adl/adl-15-cam0-rgb.npz,171,200,0,0,0,0.00039580656
adl-15-cam0-rgb,data/keypoints_normalized/adl/adl-15-cam0-rgb.npz,172,201,0,0,0,0.00035881237
adl-15-cam0-rgb,data/keypoints_normalized/adl/adl-15-cam0-rgb.npz,173,202,0,0,0,0.00034446546
adl-15-cam0-rgb,data/keypoints_normalized/adl/adl-15-cam0-rgb.npz,174,203,0,0,0,0.00033120127
adl-15-cam0-rgb,data/keypoints_normalized/adl/adl-15-cam0-rgb.npz,175,204,0,0,0,0.0003202955
adl-15-cam0-rgb,data/keypoints_normalized/adl/adl-15-cam0-rgb.npz,176,205,0,0,0,0.00031085816
adl-15-cam0-rgb,data/keypoints_normalized/adl/adl-15-cam0-rgb.npz,177,206,0,0,0,0.00030035252
adl-15-cam0-rgb,data/keypoints_normalized/adl/adl-15-cam0-rgb.npz,178,207,0,0,0,0.0002931998
adl-15-cam0-rgb,data/keypoints_normalized/adl/adl-15-cam0-rgb.npz,179,208,0,0,0,0.00031615497
adl-15-cam0-rgb,data/keypoints_normalized/adl/adl-15-cam0-rgb.npz,180,209,0,0,0,0.00030865986
adl-15-cam0-rgb,data/keypoints_normalized/adl/adl-15-cam0-rgb.npz,181,210,0,0,0,0.00030046937
adl-15-cam0-rgb,data/keypoints_normalized/adl/adl-15-cam0-rgb.npz,182,211,0,0,0,0.00029132894
adl-15-cam0-rgb,data/keypoints_normalized/adl/adl-15-cam0-rgb.npz,183,212,0,0,0,0.00028420266
adl-15-cam0-rgb,data/keypoints_normalized/adl/adl-15-cam0-rgb.npz,184,213,0,0,0,0.0002779366
adl-15-cam0-rgb,data/keypoints_normalized/adl/adl-15-cam0-rgb.npz,185,214,0,0,0,0.00027291177
adl-15-cam0-rgb,data/keypoints_normalized/adl/adl-15-cam0-rgb.npz,186,215,0,0,0,0.00029134226
adl-15-cam0-rgb,data/keypoints_normalized/adl/adl-15-cam0-rgb.npz,187,216,0,0,0,0.00028586903
adl-15-cam0-rgb,data/keypoints_normalized/adl/adl-15-cam0-rgb.npz,188,217,0,0,0,0.00028296167
adl-15-cam0-rgb,data/keypoints_normalized/adl/adl-15-cam0-rgb.npz,189,218,0,0,0,0.00027896292
adl-15-cam0-rgb,data/keypoints_normalized/adl/adl-15-cam0-rgb.npz,190,219,0,0,0,0.00027547756
adl-15-cam0-rgb,data/keypoints_normalized/adl/adl-15-cam0-rgb.npz,191,220,0,0,0,0.00027183176
adl-15-cam0-rgb,data/keypoints_normalized/adl/adl-15-cam0-rgb.npz,192,221,0,0,0,0.00026982214
adl-15-cam0-rgb,data/keypoints_normalized/adl/adl-15-cam0-rgb.npz,193,222,0,0,0,0.00026747698
adl-15-cam0-rgb,data/keypoints_normalized/adl/adl-15-cam0-rgb.npz,194,223,0,0,0,0.000280798
adl-15-cam0-rgb,data/keypoints_normalized/adl/adl-15-cam0-rgb.npz,195,224,0,0,0,0.00029372182
adl-15-cam0-rgb,data/keypoints_normalized/adl/adl-15-cam0-rgb.npz,196,225,0,0,0,0.00030451603
adl-15-cam0-rgb,data/keypoints_normalized/adl/adl-15-cam0-rgb.npz,197,226,0,0,0,0.00030360083
adl-15-cam0-rgb,data/keypoints_normalized/adl/adl-15-cam0-rgb.npz,198,227,0,0,0,0.00030795793
adl-15-cam0-rgb,data/keypoints_normalized/adl/adl-15-cam0-rgb.npz,199,228,0,0,0,0.00030678225
adl-15-cam0-rgb,data/keypoints_normalized/adl/adl-15-cam0-rgb.npz,200,229,0,0,0,0.00030692384
adl-15-cam0-rgb,data/keypoints_normalized/adl/adl-15-cam0-rgb.npz,201,230,0,0,0,0.0003053955
adl-15-cam0-rgb,data/keypoints_normalized/adl/adl-15-cam0-rgb.npz,202,231,0,0,0,0.00031769287
adl-15-cam0-rgb,data/keypoints_normalized/adl/adl-15-cam0-rgb.npz,203,232,0,0,0,0.00031594466
adl-15-cam0-rgb,data/keypoints_normalized/adl/adl-15-cam0-rgb.npz,204,233,0,0,0,0.0003176844
adl-15-cam0-rgb,data/keypoints_normalized/adl/adl-15-cam0-rgb.npz,205,234,0,0,0,0.0003199778
adl-15-cam0-rgb,data/keypoints_normalized/adl/adl-15-cam0-rgb.npz,206,235,0,0,0,0.00032206567
adl-15-cam0-rgb,data/keypoints_normalized/adl/adl-15-cam0-rgb.npz,207,236,0,0,0,0.00032407572
adl-15-cam0-rgb,data/keypoints_normalized/adl/adl-15-cam0-rgb.npz,208,237,0,0,0,0.00032807002
adl-15-cam0-rgb,data/keypoints_normalized/adl/adl-15-cam0-rgb.npz,209,238,0,0,0,0.00033451035
adl-15-cam0-rgb,data/keypoints_normalized/adl/adl-15-cam0-rgb.npz,210,239,0,0,0,0.00033755708
adl-15-cam0-rgb,data/keypoints_normalized/adl/adl-15-cam0-rgb.npz,211,240,0,0,0,0.00034289752
adl-15-cam0-rgb,data/keypoints_normalized/adl/adl-15-cam0-rgb.npz,212,241,0,0,0,0.0003532774
adl-15-cam0-rgb,data/keypoints_normalized/adl/adl-15-cam0-rgb.npz,213,242,0,0,0,0.00035979357
adl-15-cam0-rgb,data/keypoints_normalized/adl/adl-15-cam0-rgb.npz,214,243,0,0,0,0.00036674194
adl-15-cam0-rgb,data/keypoints_normalized/adl/adl-15-cam0-rgb.npz,215,244,0,0,0,0.00037423044
adl-15-cam0-rgb,data/keypoints_normalized/adl/adl-15-cam0-rgb.npz,216,245,0,0,0,0.00038939706
adl-15-cam0-rgb,data/keypoints_normalized/adl/adl-15-cam0-rgb.npz,217,246,0,0,0,0.00039605744
adl-15-cam0-rgb,data/keypoints_normalized/adl/adl-15-cam0-rgb.npz,218,247,0,0,0,0.00040706326
adl-15-cam0-rgb,data/keypoints_normalized/adl/adl-15-cam0-rgb.npz,219,248,0,0,0,0.00041831404
adl-15-cam0-rgb,data/keypoints_normalized/adl/adl-15-cam0-rgb.npz,220,249,0,0,0,0.00045365555
adl-15-cam0-rgb,data/keypoints_normalized/adl/adl-15-cam0-rgb.npz,221,250,0,0,0,0.00048265667
adl-15-cam0-rgb,data/keypoints_normalized/adl/adl-15-cam0-rgb.npz,222,251,0,0,0,0.0005015805
adl-15-cam0-rgb,data/keypoints_normalized/adl/adl-15-cam0-rgb.npz,223,252,0,0,0,0.0005398497
adl-15-cam0-rgb,data/keypoints_normalized/adl/adl-15-cam0-rgb.npz,224,253,0,0,0,0.0008602556
adl-15-cam0-rgb,data/keypoints_normalized/adl/adl-15-cam0-rgb.npz,225,254,0,0,0,0.00087945745
adl-15-cam0-rgb,data/keypoints_normalized/adl/adl-15-cam0-rgb.npz,226,255,0,0,0,0.00088864955
adl-15-cam0-rgb,data/keypoints_normalized/adl/adl-15-cam0-rgb.npz,227,256,0,0,0,0.0009000865
adl-15-cam0-rgb,data/keypoints_normalized/adl/adl-15-cam0-rgb.npz,228,257,0,0,0,0.00089668384
adl-15-cam0-rgb,data/keypoints_normalized/adl/adl-15-cam0-rgb.npz,229,258,0,0,0,0.0008871512
adl-15-cam0-rgb,data/keypoints_normalized/adl/adl-15-cam0-rgb.npz,230,259,0,0,0,0.00087699847
adl-15-cam0-rgb,data/keypoints_normalized/adl/adl-15-cam0-rgb.npz,231,260,0,0,0,0.0008700014
adl-15-cam0-rgb,data/keypoints_normalized/adl/adl-15-cam0-rgb.npz,232,261,0,0,0,0.00084353966
adl-15-cam0-rgb,data/keypoints_normalized/adl/adl-15-cam0-rgb.npz,233,262,0,0,0,0.0008188405
adl-15-cam0-rgb,data/keypoints_normalized/adl/adl-15-cam0-rgb.npz,234,263,0,0,0,0.0011254096
adl-15-cam0-rgb,data/keypoints_normalized/adl/adl-15-cam0-rgb.npz,235,264,0,0,0,0.0010142495
adl-15-cam0-rgb,data/keypoints_normalized/adl/adl-15-cam0-rgb.npz,236,265,0,0,0,0.0009129221
adl-15-cam0-rgb,data/keypoints_normalized/adl/adl-15-cam0-rgb.npz,237,266,0,0,0,0.0007715164
adl-15-cam0-rgb,data/keypoints_normalized/adl/adl-15-cam0-rgb.npz,238,267,0,0,0,0.0007378584
adl-15-cam0-rgb,data/keypoints_normalized/adl/adl-15-cam0-rgb.npz,239,268,0,0,0,0.0006992622
adl-15-cam0-rgb,data/keypoints_normalized/adl/adl-15-cam0-rgb.npz,240,269,0,0,0,0.0006721872
adl-15-cam0-rgb,data/keypoints_normalized/adl/adl-15-cam0-rgb.npz,241,270,0,0,0,0.0006566547
adl-15-cam0-rgb,data/keypoints_normalized/adl/adl-15-cam0-rgb.npz,242,271,0,0,0,0.00064579136
adl-15-cam0-rgb,data/keypoints_normalized/adl/adl-15-cam0-rgb.npz,243,272,0,0,0,0.00063009246
adl-15-cam0-rgb,data/keypoints_normalized/adl/adl-15-cam0-rgb.npz,244,273,0,0,0,0.0006209781
adl-15-cam0-rgb,data/keypoints_normalized/adl/adl-15-cam0-rgb.npz,245,274,0,0,0,0.0006186111
adl-15-cam0-rgb,data/keypoints_normalized/adl/adl-15-cam0-rgb.npz,246,275,0,0,0,0.00061497465
adl-17-cam0-rgb,data/keypoints_normalized/adl/adl-17-cam0-rgb.npz,40,69,0,0,0,0.00061769027
adl-17-cam0-rgb,data/keypoints_normalized/adl/adl-17-cam0-rgb.npz,41,70,0,0,0,0.00061769027
adl-17-cam0-rgb,data/keypoints_normalized/adl/adl-17-cam0-rgb.npz,42,71,0,0,0,0.0006176844
adl-17-cam0-rgb,data/keypoints_normalized/adl/adl-17-cam0-rgb.npz,43,72,0,0,0,0.00061778625
adl-17-cam0-rgb,data/keypoints_normalized/adl/adl-17-cam0-rgb.npz,44,73,0,0,0,0.0006176637
adl-17-cam0-rgb,data/keypoints_normalized/adl/adl-17-cam0-rgb.npz,45,74,0,0,0,0.000617662
adl-17-cam0-rgb,data/keypoints_normalized/adl/adl-17-cam0-rgb.npz,46,75,0,0,0,0.00061722123
adl-17-cam0-rgb,data/keypoints_normalized/adl/adl-17-cam0-rgb.npz,47,76,0,0,0,0.0006170877
adl-17-cam0-rgb,data/keypoints_normalized/adl/adl-17-cam0-rgb.npz,48,77,0,0,0,0.00061569945
adl-17-cam0-rgb,data/keypoints_normalized/adl/adl-17-cam0-rgb.npz,49,78,0,0,0,0.00061556575
adl-17-cam0-rgb,data/keypoints_normalized/adl/adl-17-cam0-rgb.npz,50,79,0,0,0,0.00061342155
adl-17-cam0-rgb,data/keypoints_normalized/adl/adl-17-cam0-rgb.npz,51,80,0,0,0,0.0006123652
adl-17-cam0-rgb,data/keypoints_normalized/adl/adl-17-cam0-rgb.npz,52,81,0,0,0,0.00061115535
adl-17-cam0-rgb,data/keypoints_normalized/adl/adl-17-cam0-rgb.npz,53,82,0,0,0,0.00060832174
adl-17-cam0-rgb,data/keypoints_normalized/adl/adl-17-cam0-rgb.npz,54,83,0,0,0,0.0006063265
adl-17-cam0-rgb,data/keypoints_normalized/adl/adl-17-cam0-rgb.npz,55,84,0,0,0,0.0006036628
adl-17-cam0-rgb,data/keypoints_normalized/adl/adl-17-cam0-rgb.npz,56,85,0,0,0,0.00060236617
adl-17-cam0-rgb,data/keypoints_normalized/adl/adl-17-cam0-rgb.npz,57,86,0,0,0,0.0006007625
adl-17-cam0-rgb,data/keypoints_normalized/adl/adl-17-cam0-rgb.npz,58,87,0,0,0,0.00059743674
adl-17-cam0-rgb,data/keypoints_normalized/adl/adl-17-cam0-rgb.npz,59,88,0,0,0,0.0005950782
adl-17-cam0-rgb,data/keypoints_normalized/adl/adl-17-cam0-rgb.npz,60,89,0,0,0,0.0005932505
adl-17-cam0-rgb,data/keypoints_normalized/adl/adl-17-cam0-rgb.npz,61,90,0,0,0,0.00059158535
adl-17-cam0-rgb,data/keypoints_normalized/adl/adl-17-cam0-rgb.npz,62,91,0,0,0,0.0005895933
adl-17-cam0-rgb,data/keypoints_normalized/adl/adl-17-cam0-rgb.npz,63,92,0,0,0,0.0005890979
adl-17-cam0-rgb,data/keypoints_normalized/adl/adl-17-cam0-rgb.npz,64,93,0,0,0,0.0005886483
adl-17-cam0-rgb,data/keypoints_normalized/adl/adl-17-cam0-rgb.npz,65,94,0,0,0,0.0005877149
adl-17-cam0-rgb,data/keypoints_normalized/adl/adl-17-cam0-rgb.npz,66,95,0,0,0,0.0005877326
adl-17-cam0-rgb,data/keypoints_normalized/adl/adl-17-cam0-rgb.npz,67,96,0,0,0,0.0005603526
adl-17-cam0-rgb,data/keypoints_normalized/adl/adl-17-cam0-rgb.npz,68,97,0,0,0,0.0005588295
adl-17-cam0-rgb,data/keypoints_normalized/adl/adl-17-cam0-rgb.npz,69,98,0,0,0,0.0005573555
adl-17-cam0-rgb,data/keypoints_normalized/adl/adl-17-cam0-rgb.npz,70,99,0,0,0,0.00055389357
adl-17-cam0-rgb,data/keypoints_normalized/adl/adl-17-cam0-rgb.npz,71,100,0,0,0,0.0005534572
adl-17-cam0-rgb,data/keypoints_normalized/adl/adl-17-cam0-rgb.npz,72,101,0,0,0,0.0005496803
adl-17-cam0-rgb,data/keypoints_normalized/adl/adl-17-cam0-rgb.npz,73,102,0,0,0,0.0005506321
adl-17-cam0-rgb,data/keypoints_normalized/adl/adl-17-cam0-rgb.npz,74,103,0,0,0,0.0005521341
adl-17-cam0-rgb,data/keypoints_normalized/adl/adl-17-cam0-rgb.npz,75,104,0,0,0,0.0005557421
adl-17-cam0-rgb,data/keypoints_normalized/adl/adl-17-cam0-rgb.npz,76,105,0,0,0,0.00055936084
adl-17-cam0-rgb,data/keypoints_normalized/adl/adl-17-cam0-rgb.npz,77,106,0,0,0,0.00056396256
adl-17-cam0-rgb,data/keypoints_normalized/adl/adl-17-cam0-rgb.npz,78,107,0,0,0,0.00057298964
adl-17-cam0-rgb,data/keypoints_normalized/adl/adl-17-cam0-rgb.npz,79,108,0,0,0,0.00057931547
adl-17-cam0-rgb,data/keypoints_normalized/adl/adl-17-cam0-rgb.npz,80,109,0,0,0,0.0005873406
adl-17-cam0-rgb,data/keypoints_normalized/adl/adl-17-cam0-rgb.npz,81,110,0,0,0,0.00059579394
adl-17-cam0-rgb,data/keypoints_normalized/adl/adl-17-cam0-rgb.npz,82,111,0,0,0,0.00060538726
adl-17-cam0-rgb,data/keypoints_normalized/adl/adl-17-cam0-rgb.npz,83,112,0,0,0,0.00061550626
adl-17-cam0-rgb,data/keypoints_normalized/adl/adl-17-cam0-rgb.npz,84,113,0,0,0,0.00062831736
adl-17-cam0-rgb,data/keypoints_normalized/adl/adl-17-cam0-rgb.npz,85,114,0,0,0,0.0006409422
adl-17-cam0-rgb,data/keypoints_normalized/adl/adl-17-cam0-rgb.npz,86,115,0,0,0,0.00065421354
adl-17-cam0-rgb,data/keypoints_normalized/adl/adl-17-cam0-rgb.npz,87,116,0,0,0,0.00066672516
adl-17-cam0-rgb,data/keypoints_normalized/adl/adl-17-cam0-rgb.npz,88,117,0,0,0,0.00067888136
adl-17-cam0-rgb,data/keypoints_normalized/adl/adl-17-cam0-rgb.npz,89,118,0,0,0,0.0006891227
adl-17-cam0-rgb,data/keypoints_normalized/adl/adl-17-cam0-rgb.npz,90,119,0,0,0,0.000699026
adl-17-cam0-rgb,data/keypoints_normalized/adl/adl-17-cam0-rgb.npz,91,120,0,0,0,0.00070682087
adl-17-cam0-rgb,data/keypoints_normalized/adl/adl-17-cam0-rgb.npz,92,121,0,0,0,0.0007149061
adl-17-cam0-rgb,data/keypoints_normalized/adl/adl-17-cam0-rgb.npz,93,122,0,0,0,0.000718368
adl-17-cam0-rgb,data/keypoints_normalized/adl/adl-17-cam0-rgb.npz,94,123,0,0,0,0.0007189157
adl-17-cam0-rgb,data/keypoints_normalized/adl/adl-17-cam0-rgb.npz,95,124,0,0,0,0.00072012196
adl-17-cam0-rgb,data/keypoints_normalized/adl/adl-17-cam0-rgb.npz,96,125,0,0,0,0.00071622117
adl-17-cam0-rgb,data/keypoints_normalized/adl/adl-17-cam0-rgb.npz,97,126,0,0,0,0.0007114859
adl-17-cam0-rgb,data/keypoints_normalized/adl/adl-17-cam0-rgb.npz,98,127,0,0,0,0.0007050931
adl-17-cam0-rgb,data/keypoints_normalized/adl/adl-17-cam0-rgb.npz,99,128,0,0,0,0.00069554
adl-17-cam0-rgb,data/keypoints_normalized/adl/adl-17-cam0-rgb.npz,100,129,0,0,0,0.000684593
adl-17-cam0-rgb,data/keypoints_normalized/adl/adl-17-cam0-rgb.npz,101,130,0,0,0,0.00067266496
adl-17-cam0-rgb,data/keypoints_normalized/adl/adl-17-cam0-rgb.npz,102,131,0,0,0,0.0006605183
adl-17-cam0-rgb,data/keypoints_normalized/adl/adl-17-cam0-rgb.npz,103,132,0,0,0,0.00064724736
adl-17-cam0-rgb,data/keypoints_normalized/adl/adl-17-cam0-rgb.npz,104,133,0,0,0,0.00063614576
adl-17-cam0-rgb,data/keypoints_normalized/adl/adl-17-cam0-rgb.npz,105,134,0,0,0,0.00062400027
adl-17-cam0-rgb,data/keypoints_normalized/adl/adl-17-cam0-rgb.npz,106,135,0,0,0,0.00061298034
adl-17-cam0-rgb,data/keypoints_normalized/adl/adl-17-cam0-rgb.npz,107,136,0,0,0,0.0006021188
adl-17-cam0-rgb,data/keypoints_normalized/adl/adl-17-cam0-rgb.npz,108,137,0,0,0,0.0005929246
adl-17-cam0-rgb,data/keypoints_normalized/adl/adl-17-cam0-rgb.npz,109,138,0,0,0,0.0005844371
adl-17-cam0-rgb,data/keypoints_normalized/adl/adl-17-cam0-rgb.npz,110,139,0,0,0,0.00057682826
adl-17-cam0-rgb,data/keypoints_normalized/adl/adl-17-cam0-rgb.npz,111,140,0,0,0,0.00057065394
adl-17-cam0-rgb,data/keypoints_normalized/adl/adl-17-cam0-rgb.npz,112,141,0,0,0,0.0005665476
adl-17-cam0-rgb,data/keypoints_normalized/adl/adl-17-cam0-rgb.npz,113,142,0,0,0,0.0005626308
adl-17-cam0-rgb,data/keypoints_normalized/adl/adl-17-cam0-rgb.npz,114,143,0,0,0,0.0005612771
adl-17-cam0-rgb,data/keypoints_normalized/adl/adl-17-cam0-rgb.npz,115,144,0,0,0,0.0005605104
adl-17-cam0-rgb,data/keypoints_normalized/adl/adl-17-cam0-rgb.npz,116,145,0,0,0,0.00056240667
adl-17-cam0-rgb,data/keypoints_normalized/adl/adl-17-cam0-rgb.npz,117,146,0,0,0,0.0005643073
adl-17-cam0-rgb,data/keypoints_normalized/adl/adl-17-cam0-rgb.npz,118,147,0,0,0,0.000565395
adl-17-cam0-rgb,data/keypoints_normalized/adl/adl-17-cam0-rgb.npz,119,148,0,0,0,0.00056709646
adl-17-cam0-rgb,data/keypoints_normalized/adl/adl-17-cam0-rgb.npz,120,149,0,0,0,0.0005680372
adl-17-cam0-rgb,data/keypoints_normalized/adl/adl-17-cam0-rgb.npz,121,150,0,0,0,0.00056930934
adl-17-cam0-rgb,data/keypoints_normalized/adl/adl-17-cam0-rgb.npz,122,151,0,0,0,0.0005700684
adl-17-cam0-rgb,data/keypoints_normalized/adl/adl-17-cam0-rgb.npz,123,152,0,0,0,0.0005707567
adl-17-cam0-rgb,data/keypoints_normalized/adl/adl-17-cam0-rgb.npz,124,153,0,0,0,0.0005685193
adl-17-cam0-rgb,data/keypoints_normalized/adl/adl-17-cam0-rgb.npz,125,154,0,0,0,0.0005653263
adl-17-cam0-rgb,data/keypoints_normalized/adl/adl-17-cam0-rgb.npz,126,155,0,0,0,0.0005620343
adl-17-cam0-rgb,data/keypoints_normalized/adl/adl-17-cam0-rgb.npz,127,156,0,0,0,0.00056225935
adl-17-cam0-rgb,data/keypoints_normalized/adl/adl-17-cam0-rgb.npz,128,157,0,0,0,0.0005622277
adl-17-cam0-rgb,data/keypoints_normalized/adl/adl-17-cam0-rgb.npz,129,158,0,0,0,0.000565938
adl-17-cam0-rgb,data/keypoints_normalized/adl/adl-17-cam0-rgb.npz,130,159,0,0,0,0.00057373254
adl-17-cam0-rgb,data/keypoints_normalized/adl/adl-17-cam0-rgb.npz,131,160,0,0,0,0.0005887675
adl-17-cam0-rgb,data/keypoints_normalized/adl/adl-17-cam0-rgb.npz,132,161,0,0,0,0.0006101354
adl-17-cam0-rgb,data/keypoints_normalized/adl/adl-17-cam0-rgb.npz,133,162,0,0,0,0.00062495854
adl-17-cam0-rgb,data/keypoints_normalized/adl/adl-17-cam0-rgb.npz,134,163,0,0,0,0.00065079477
adl-17-cam0-rgb,data/keypoints_normalized/adl/adl-17-cam0-rgb.npz,135,164,0,0,0,0.0006874655
adl-17-cam0-rgb,data/keypoints_normalized/adl/adl-17-cam0-rgb.npz,136,165,0,0,0,0.00072219735
adl-17-cam0-rgb,data/keypoints_normalized/adl/adl-17-cam0-rgb.npz,137,166,0,0,0,0.00076012756
adl-17-cam0-rgb,data/keypoints_normalized/adl/adl-17-cam0-rgb.npz,138,167,0,0,0,0.00080084184
adl-17-cam0-rgb,data/keypoints_normalized/adl/adl-17-cam0-rgb.npz,139,168,0,0,0,0.00086025853
adl-17-cam0-rgb,data/keypoints_normalized/adl/adl-17-cam0-rgb.npz,140,169,0,0,0,0.00091210566
adl-17-cam0-rgb,data/keypoints_normalized/adl/adl-17-cam0-rgb.npz,141,170,0,0,0,0.0009707979
adl-17-cam0-rgb,data/keypoints_normalized/adl/adl-17-cam0-rgb.npz,142,171,0,0,0,0.0010325005
adl-17-cam0-rgb,data/keypoints_normalized/adl/adl-17-cam0-rgb.npz,143,172,0,0,0,0.00109828
adl-17-cam0-rgb,data/keypoints_normalized/adl/adl-17-cam0-rgb.npz,144,173,0,0,0,0.001169312
adl-17-cam0-rgb,data/keypoints_normalized/adl/adl-17-cam0-rgb.npz,145,174,0,0,0,0.0012345727
adl-17-cam0-rgb,data/keypoints_normalized/adl/adl-17-cam0-rgb.npz,146,175,0,0,0,0.0012964938
adl-17-cam0-rgb,data/keypoints_normalized/adl/adl-17-cam0-rgb.npz,147,176,0,0,0,0.0013688222
adl-17-cam0-rgb,data/keypoints_normalized/adl/adl-17-cam0-rgb.npz,148,177,0,0,0,0.0014270316
adl-17-cam0-rgb,data/keypoints_normalized/adl/adl-17-cam0-rgb.npz,149,178,0,0,0,0.0014743528
adl-17-cam0-rgb,data/keypoints_normalized/adl/adl-17-cam0-rgb.npz,150,179,0,0,0,0.0015507163
adl-17-cam0-rgb,data/keypoints_normalized/adl/adl-17-cam0-rgb.npz,151,180,0,0,0,0.0016345069
adl-17-cam0-rgb,data/keypoints_normalized/adl/adl-17-cam0-rgb.npz,152,181,0,0,0,0.0017785329
adl-17-cam0-rgb,data/keypoints_normalized/adl/adl-17-cam0-rgb.npz,153,182,0,0,0,0.0019445292
adl-17-cam0-rgb,data/keypoints_normalized/adl/adl-17-cam0-rgb.npz,154,183,0,0,0,0.0022594258
adl-17-cam0-rgb,data/keypoints_normalized/adl/adl-17-cam0-rgb.npz,155,184,0,0,0,0.0027747552
adl-17-cam0-rgb,data/keypoints_normalized/adl/adl-17-cam0-rgb.npz,156,185,0,0,0,0.00417318
adl-17-cam0-rgb,data/keypoints_normalized/adl/adl-17-cam0-rgb.npz,157,186,0,0,0,0.008327284
adl-17-cam0-rgb,data/keypoints_normalized/adl/adl-17-cam0-rgb.npz,158,187,0,0,0,0.02183376
adl-17-cam0-rgb,data/keypoints_normalized/adl/adl-17-cam0-rgb.npz,159,188,0,0,0,0.08648759
adl-17-cam0-rgb,data/keypoints_normalized/adl/adl-17-cam0-rgb.npz,160,189,0,0,0,0.3483121
adl-17-cam0-rgb,data/keypoints_normalized/adl/adl-17-cam0-rgb.npz,161,190,0,0,1,0.7718663
adl-17-cam0-rgb,data/keypoints_normalized/adl/adl-17-cam0-rgb.npz,162,191,0,0,1,0.9532784
adl-17-cam0-rgb,data/keypoints_normalized/adl/adl-17-cam0-rgb.npz,163,192,0,0,1,0.99033874
adl-17-cam0-rgb,data/keypoints_normalized/adl/adl-17-cam0-rgb.npz,164,193,0,0,1,0.997652
adl-17-cam0-rgb,data/keypoints_normalized/adl/adl-17-cam0-rgb.npz,165,194,0,0,1,0.99924743
adl-17-cam0-rgb,data/keypoints_normalized/adl/adl-17-cam0-rgb.npz,166,195,0,0,1,0.9997346
adl-17-cam0-rgb,data/keypoints_normalized/adl/adl-17-cam0-rgb.npz,167,196,0,0,1,0.99986315
adl-17-cam0-rgb,data/keypoints_normalized/adl/adl-17-cam0-rgb.npz,168,197,0,0,1,0.99991965
adl-17-cam0-rgb,data/keypoints_normalized/adl/adl-17-cam0-rgb.npz,169,198,0,0,1,0.9999294
adl-17-cam0-rgb,data/keypoints_normalized/adl/adl-17-cam0-rgb.npz,170,199,0,0,1,0.9999646
adl-17-cam0-rgb,data/keypoints_normalized/adl/adl-17-cam0-rgb.npz,171,200,0,0,1,0.9999664
adl-17-cam0-rgb,data/keypoints_normalized/adl/adl-17-cam0-rgb.npz,172,201,0,0,1,0.9999691
adl-17-cam0-rgb,data/keypoints_normalized/adl/adl-17-cam0-rgb.npz,173,202,0,0,1,0.9999708
adl-17-cam0-rgb,data/keypoints_normalized/adl/adl-17-cam0-rgb.npz,174,203,0,0,1,0.99997187
adl-17-cam0-rgb,data/keypoints_normalized/adl/adl-17-cam0-rgb.npz,175,204,0,0,1,0.99997234
adl-17-cam0-rgb,data/keypoints_normalized/adl/adl-17-cam0-rgb.npz,176,205,0,0,1,0.9999726
adl-17-cam0-rgb,data/keypoints_normalized/adl/adl-17-cam0-rgb.npz,177,206,0,0,1,0.99997294
adl-17-cam0-rgb,data/keypoints_normalized/adl/adl-17-cam0-rgb.npz,178,207,0,0,1,0.9999727
adl-17-cam0-rgb,data/keypoints_normalized/adl/adl-17-cam0-rgb.npz,179,208,0,0,1,0.9999417
adl-17-cam0-rgb,data/keypoints_normalized/adl/adl-17-cam0-rgb.npz,180,209,0,0,1,0.9998975
adl-17-cam0-rgb,data/keypoints_normalized/adl/adl-17-cam0-rgb.npz,181,210,0,0,1,0.9996369
adl-17-cam0-rgb,data/keypoints_normalized/adl/adl-17-cam0-rgb.npz,182,211,0,0,1,0.9980414
adl-17-cam0-rgb,data/keypoints_normalized/adl/adl-17-cam0-rgb.npz,183,212,0,0,1,0.97593176
adl-17-cam0-rgb,data/keypoints_normalized/adl/adl-17-cam0-rgb.npz,184,213,0,0,1,0.6642091
adl-17-cam0-rgb,data/keypoints_normalized/adl/adl-17-cam0-rgb.npz,185,214,0,0,0,0.05296338
adl-17-cam0-rgb,data/keypoints_normalized/adl/adl-17-cam0-rgb.npz,186,215,0,0,0,0.006397028
adl-17-cam0-rgb,data/keypoints_normalized/adl/adl-17-cam0-rgb.npz,187,216,0,0,0,0.0037809738
adl-17-cam0-rgb,data/keypoints_normalized/adl/adl-17-cam0-rgb.npz,188,217,0,0,0,0.0030432814
adl-17-cam0-rgb,data/keypoints_normalized/adl/adl-17-cam0-rgb.npz,189,218,0,0,0,0.002409392
adl-17-cam0-rgb,data/keypoints_normalized/adl/adl-17-cam0-rgb.npz,190,219,0,0,0,0.0010705001
adl-17-cam0-rgb,data/keypoints_normalized/adl/adl-17-cam0-rgb.npz,191,220,0,0,0,0.0010424673
adl-17-cam0-rgb,data/keypoints_normalized/adl/adl-17-cam0-rgb.npz,192,221,0,0,0,0.0009979161
adl-17-cam0-rgb,data/keypoints_normalized/adl/adl-17-cam0-rgb.npz,193,222,0,0,0,0.00095252297
adl-17-cam0-rgb,data/keypoints_normalized/adl/adl-17-cam0-rgb.npz,194,223,0,0,0,0.000905825
adl-17-cam0-rgb,data/keypoints_normalized/adl/adl-17-cam0-rgb.npz,195,224,0,0,0,0.00085934554
adl-17-cam0-rgb,data/keypoints_normalized/adl/adl-17-cam0-rgb.npz,196,225,0,0,0,0.0008267987
adl-17-cam0-rgb,data/keypoints_normalized/adl/adl-17-cam0-rgb.npz,197,226,0,0,0,0.000790398
adl-17-cam0-rgb,data/keypoints_normalized/adl/adl-17-cam0-rgb.npz,198,227,0,0,0,0.0007620132
adl-17-cam0-rgb,data/keypoints_normalized/adl/adl-17-cam0-rgb.npz,199,228,0,0,0,0.00073799386
adl-17-cam0-rgb,data/keypoints_normalized/adl/adl-17-cam0-rgb.npz,200,229,0,0,0,0.0006596017
adl-17-cam0-rgb,data/keypoints_normalized/adl/adl-17-cam0-rgb.npz,201,230,0,0,0,0.00064319995
adl-19-cam0-rgb,data/keypoints_normalized/adl/adl-19-cam0-rgb.npz,52,81,0,0,0,0.00060398824
adl-19-cam0-rgb,data/keypoints_normalized/adl/adl-19-cam0-rgb.npz,53,82,0,0,0,0.0006038774
adl-19-cam0-rgb,data/keypoints_normalized/adl/adl-19-cam0-rgb.npz,54,83,0,0,0,0.0006038774
adl-19-cam0-rgb,data/keypoints_normalized/adl/adl-19-cam0-rgb.npz,55,84,0,0,0,0.0006038774
adl-19-cam0-rgb,data/keypoints_normalized/adl/adl-19-cam0-rgb.npz,56,85,0,0,0,0.0006038725
adl-19-cam0-rgb,data/keypoints_normalized/adl/adl-19-cam0-rgb.npz,57,86,0,0,0,0.00060387683
adl-19-cam0-rgb,data/keypoints_normalized/adl/adl-19-cam0-rgb.npz,58,87,0,0,0,0.00060404727
adl-19-cam0-rgb,data/keypoints_normalized/adl/adl-19-cam0-rgb.npz,59,88,0,0,0,0.0006038691
adl-19-cam0-rgb,data/keypoints_normalized/adl/adl-19-cam0-rgb.npz,60,89,0,0,0,0.0006038855
adl-19-cam0-rgb,data/keypoints_normalized/adl/adl-19-cam0-rgb.npz,61,90,0,0,0,0.0006033165
adl-19-cam0-rgb,data/keypoints_normalized/adl/adl-19-cam0-rgb.npz,62,91,0,0,0,0.00060319976
adl-19-cam0-rgb,data/keypoints_normalized/adl/adl-19-cam0-rgb.npz,63,92,0,0,0,0.0006019773
adl-19-cam0-rgb,data/keypoints_normalized/adl/adl-19-cam0-rgb.npz,64,93,0,0,0,0.00060043164
adl-19-cam0-rgb,data/keypoints_normalized/adl/adl-19-cam0-rgb.npz,65,94,0,0,0,0.000599211
adl-19-cam0-rgb,data/keypoints_normalized/adl/adl-19-cam0-rgb.npz,66,95,0,0,0,0.0005983251
adl-19-cam0-rgb,data/keypoints_normalized/adl/adl-19-cam0-rgb.npz,67,96,0,0,0,0.0005974974
adl-19-cam0-rgb,data/keypoints_normalized/adl/adl-19-cam0-rgb.npz,68,97,0,0,0,0.00059547863
adl-19-cam0-rgb,data/keypoints_normalized/adl/adl-19-cam0-rgb.npz,69,98,0,0,0,0.0005936111
adl-19-cam0-rgb,data/keypoints_normalized/adl/adl-19-cam0-rgb.npz,70,99,0,0,0,0.00059221615
adl-19-cam0-rgb,data/keypoints_normalized/adl/adl-19-cam0-rgb.npz,71,100,0,0,0,0.0005904405
adl-19-cam0-rgb,data/keypoints_normalized/adl/adl-19-cam0-rgb.npz,72,101,0,0,0,0.0005904013
adl-19-cam0-rgb,data/keypoints_normalized/adl/adl-19-cam0-rgb.npz,73,102,0,0,0,0.0005892284
adl-19-cam0-rgb,data/keypoints_normalized/adl/adl-19-cam0-rgb.npz,74,103,0,0,0,0.00059332576
adl-19-cam0-rgb,data/keypoints_normalized/adl/adl-19-cam0-rgb.npz,75,104,0,0,0,0.00059432746
adl-19-cam0-rgb,data/keypoints_normalized/adl/adl-19-cam0-rgb.npz,76,105,0,0,0,0.0005946953
adl-19-cam0-rgb,data/keypoints_normalized/adl/adl-19-cam0-rgb.npz,77,106,0,0,0,0.00056507287
adl-19-cam0-rgb,data/keypoints_normalized/adl/adl-19-cam0-rgb.npz,78,107,0,0,0,0.00053929223
adl-19-cam0-rgb,data/keypoints_normalized/adl/adl-19-cam0-rgb.npz,79,108,0,0,0,0.00054169504
adl-19-cam0-rgb,data/keypoints_normalized/adl/adl-19-cam0-rgb.npz,80,109,0,0,0,0.0005469236
adl-19-cam0-rgb,data/keypoints_normalized/adl/adl-19-cam0-rgb.npz,81,110,0,0,0,0.0005508706
adl-19-cam0-rgb,data/keypoints_normalized/adl/adl-19-cam0-rgb.npz,82,111,0,0,0,0.0005552444
adl-19-cam0-rgb,data/keypoints_normalized/adl/adl-19-cam0-rgb.npz,83,112,0,0,0,0.00056462846
adl-19-cam0-rgb,data/keypoints_normalized/adl/adl-19-cam0-rgb.npz,84,113,0,0,0,0.0005711698
adl-19-cam0-rgb,data/keypoints_normalized/adl/adl-19-cam0-rgb.npz,85,114,0,0,0,0.00057707715
adl-19-cam0-rgb,data/keypoints_normalized/adl/adl-19-cam0-rgb.npz,86,115,0,0,0,0.00058299117
adl-19-cam0-rgb,data/keypoints_normalized/adl/adl-19-cam0-rgb.npz,87,116,0,0,0,0.0005896366
adl-19-cam0-rgb,data/keypoints_normalized/adl/adl-19-cam0-rgb.npz,88,117,0,0,0,0.000595059
adl-19-cam0-rgb,data/keypoints_normalized/adl/adl-19-cam0-rgb.npz,89,118,0,0,0,0.00060006836
adl-19-cam0-rgb,data/keypoints_normalized/adl/adl-19-cam0-rgb.npz,90,119,0,0,0,0.0006033292
adl-19-cam0-rgb,data/keypoints_normalized/adl/adl-19-cam0-rgb.npz,91,120,0,0,0,0.00060646026
adl-19-cam0-rgb,data/keypoints_normalized/adl/adl-19-cam0-rgb.npz,92,121,0,0,0,0.00060926896
adl-19-cam0-rgb,data/keypoints_normalized/adl/adl-19-cam0-rgb.npz,93,122,0,0,0,0.0006094107
adl-19-cam0-rgb,data/keypoints_normalized/adl/adl-19-cam0-rgb.npz,94,123,0,0,0,0.00060822896
adl-19-cam0-rgb,data/keypoints_normalized/adl/adl-19-cam0-rgb.npz,95,124,0,0,0,0.0006076012
adl-19-cam0-rgb,data/keypoints_normalized/adl/adl-19-cam0-rgb.npz,96,125,0,0,0,0.00060691737
adl-19-cam0-rgb,data/keypoints_normalized/adl/adl-19-cam0-rgb.npz,97,126,0,0,0,0.0006063709
adl-19-cam0-rgb,data/keypoints_normalized/adl/adl-19-cam0-rgb.npz,98,127,0,0,0,0.00060392893
adl-19-cam0-rgb,data/keypoints_normalized/adl/adl-19-cam0-rgb.npz,99,128,0,0,0,0.00060257345
adl-19-cam0-rgb,data/keypoints_normalized/adl/adl-19-cam0-rgb.npz,100,129,0,0,0,0.0006006629
adl-19-cam0-rgb,data/keypoints_normalized/adl/adl-19-cam0-rgb.npz,101,130,0,0,0,0.0005999031
adl-19-cam0-rgb,data/keypoints_normalized/adl/adl-19-cam0-rgb.npz,102,131,0,0,0,0.0005998751
adl-19-cam0-rgb,data/keypoints_normalized/adl/adl-19-cam0-rgb.npz,103,132,0,0,0,0.0005991043
adl-19-cam0-rgb,data/keypoints_normalized/adl/adl-19-cam0-rgb.npz,104,133,0,0,0,0.0005984748
adl-19-cam0-rgb,data/keypoints_normalized/adl/adl-19-cam0-rgb.npz,105,134,0,0,0,0.00059787766
adl-19-cam0-rgb,data/keypoints_normalized/adl/adl-19-cam0-rgb.npz,106,135,0,0,0,0.0005989205
adl-19-cam0-rgb,data/keypoints_normalized/adl/adl-19-cam0-rgb.npz,107,136,0,0,0,0.00059979793
adl-19-cam0-rgb,data/keypoints_normalized/adl/adl-19-cam0-rgb.npz,108,137,0,0,0,0.0006001347
adl-19-cam0-rgb,data/keypoints_normalized/adl/adl-19-cam0-rgb.npz,109,138,0,0,0,0.0006014947
adl-19-cam0-rgb,data/keypoints_normalized/adl/adl-19-cam0-rgb.npz,110,139,0,0,0,0.00060410594
adl-19-cam0-rgb,data/keypoints_normalized/adl/adl-19-cam0-rgb.npz,111,140,0,0,0,0.000607856
adl-19-cam0-rgb,data/keypoints_normalized/adl/adl-19-cam0-rgb.npz,112,141,0,0,0,0.0006123012
adl-19-cam0-rgb,data/keypoints_normalized/adl/adl-19-cam0-rgb.npz,113,142,0,0,0,0.00061714125
adl-19-cam0-rgb,data/keypoints_normalized/adl/adl-19-cam0-rgb.npz,114,143,0,0,0,0.0006242823
adl-19-cam0-rgb,data/keypoints_normalized/adl/adl-19-cam0-rgb.npz,115,144,0,0,0,0.00063001347
adl-19-cam0-rgb,data/keypoints_normalized/adl/adl-19-cam0-rgb.npz,116,145,0,0,0,0.0006377809
adl-19-cam0-rgb,data/keypoints_normalized/adl/adl-19-cam0-rgb.npz,117,146,0,0,0,0.00064502563
adl-19-cam0-rgb,data/keypoints_normalized/adl/adl-19-cam0-rgb.npz,118,147,0,0,0,0.0006503996
adl-19-cam0-rgb,data/keypoints_normalized/adl/adl-19-cam0-rgb.npz,119,148,0,0,0,0.0006550586
adl-19-cam0-rgb,data/keypoints_normalized/adl/adl-19-cam0-rgb.npz,120,149,0,0,0,0.0006586164
adl-19-cam0-rgb,data/keypoints_normalized/adl/adl-19-cam0-rgb.npz,121,150,0,0,0,0.0006590249
adl-19-cam0-rgb,data/keypoints_normalized/adl/adl-19-cam0-rgb.npz,122,151,0,0,0,0.00066020363
adl-19-cam0-rgb,data/keypoints_normalized/adl/adl-19-cam0-rgb.npz,123,152,0,0,0,0.0006594637
adl-19-cam0-rgb,data/keypoints_normalized/adl/adl-19-cam0-rgb.npz,124,153,0,0,0,0.00065579475
adl-19-cam0-rgb,data/keypoints_normalized/adl/adl-19-cam0-rgb.npz,125,154,0,0,0,0.00065207377
adl-19-cam0-rgb,data/keypoints_normalized/adl/adl-19-cam0-rgb.npz,126,155,0,0,0,0.0006489695
adl-19-cam0-rgb,data/keypoints_normalized/adl/adl-19-cam0-rgb.npz,127,156,0,0,0,0.0006453706
adl-19-cam0-rgb,data/keypoints_normalized/adl/adl-19-cam0-rgb.npz,128,157,0,0,0,0.00064974185
adl-19-cam0-rgb,data/keypoints_normalized/adl/adl-19-cam0-rgb.npz,129,158,0,0,0,0.00065153575
adl-19-cam0-rgb,data/keypoints_normalized/adl/adl-19-cam0-rgb.npz,130,159,0,0,0,0.00065330014
adl-19-cam0-rgb,data/keypoints_normalized/adl/adl-19-cam0-rgb.npz,131,160,0,0,0,0.0006579424
adl-19-cam0-rgb,data/keypoints_normalized/adl/adl-19-cam0-rgb.npz,132,161,0,0,0,0.0006611843
adl-19-cam0-rgb,data/keypoints_normalized/adl/adl-19-cam0-rgb.npz,133,162,0,0,0,0.0006663872
adl-19-cam0-rgb,data/keypoints_normalized/adl/adl-19-cam0-rgb.npz,134,163,0,0,0,0.0006733137
adl-19-cam0-rgb,data/keypoints_normalized/adl/adl-19-cam0-rgb.npz,135,164,0,0,0,0.00067965663
adl-19-cam0-rgb,data/keypoints_normalized/adl/adl-19-cam0-rgb.npz,136,165,0,0,0,0.0006865995
adl-19-cam0-rgb,data/keypoints_normalized/adl/adl-19-cam0-rgb.npz,137,166,0,0,0,0.0006948688
adl-19-cam0-rgb,data/keypoints_normalized/adl/adl-19-cam0-rgb.npz,138,167,0,0,0,0.0007037679
adl-19-cam0-rgb,data/keypoints_normalized/adl/adl-19-cam0-rgb.npz,139,168,0,0,0,0.00071310083
adl-19-cam0-rgb,data/keypoints_normalized/adl/adl-19-cam0-rgb.npz,140,169,0,0,0,0.0007132068
adl-19-cam0-rgb,data/keypoints_normalized/adl/adl-19-cam0-rgb.npz,141,170,0,0,0,0.0007198152
adl-19-cam0-rgb,data/keypoints_normalized/adl/adl-19-cam0-rgb.npz,142,171,0,0,0,0.00072438316
adl-19-cam0-rgb,data/keypoints_normalized/adl/adl-19-cam0-rgb.npz,143,172,0,0,0,0.0007291245
adl-19-cam0-rgb,data/keypoints_normalized/adl/adl-19-cam0-rgb.npz,144,173,0,0,0,0.00074181485
adl-19-cam0-rgb,data/keypoints_normalized/adl/adl-19-cam0-rgb.npz,145,174,0,0,0,0.0007414604
adl-19-cam0-rgb,data/keypoints_normalized/adl/adl-19-cam0-rgb.npz,146,175,0,0,0,0.000739536
adl-19-cam0-rgb,data/keypoints_normalized/adl/adl-19-cam0-rgb.npz,147,176,0,0,0,0.0007350785
adl-19-cam0-rgb,data/keypoints_normalized/adl/adl-19-cam0-rgb.npz,148,177,0,0,0,0.0007230121
adl-19-cam0-rgb,data/keypoints_normalized/adl/adl-19-cam0-rgb.npz,149,178,0,0,0,0.0007079938
adl-19-cam0-rgb,data/keypoints_normalized/adl/adl-19-cam0-rgb.npz,150,179,0,0,0,0.0006971785
adl-19-cam0-rgb,data/keypoints_normalized/adl/adl-19-cam0-rgb.npz,151,180,0,0,0,0.00068496825
adl-19-cam0-rgb,data/keypoints_normalized/adl/adl-19-cam0-rgb.npz,152,181,0,0,0,0.00066101697
adl-19-cam0-rgb,data/keypoints_normalized/adl/adl-19-cam0-rgb.npz,153,182,0,0,0,0.00062629447
adl-19-cam0-rgb,data/keypoints_normalized/adl/adl-19-cam0-rgb.npz,154,183,0,0,0,0.00058240583
adl-19-cam0-rgb,data/keypoints_normalized/adl/adl-19-cam0-rgb.npz,155,184,0,0,0,0.00052514713
adl-19-cam0-rgb,data/keypoints_normalized/adl/adl-19-cam0-rgb.npz,156,185,0,0,0,0.00046395068
adl-19-cam0-rgb,data/keypoints_normalized/adl/adl-19-cam0-rgb.npz,157,186,0,0,0,0.00039954664
adl-19-cam0-rgb,data/keypoints_normalized/adl/adl-19-cam0-rgb.npz,158,187,0,0,0,0.0003474753
adl-19-cam0-rgb,data/keypoints_normalized/adl/adl-19-cam0-rgb.npz,159,188,0,0,0,0.00031391738
adl-19-cam0-rgb,data/keypoints_normalized/adl/adl-19-cam0-rgb.npz,160,189,0,0,0,0.0002911929
adl-19-cam0-rgb,data/keypoints_normalized/adl/adl-19-cam0-rgb.npz,161,190,0,0,0,0.0002833218
adl-19-cam0-rgb,data/keypoints_normalized/adl/adl-19-cam0-rgb.npz,162,191,0,0,0,0.0002783503
adl-19-cam0-rgb,data/keypoints_normalized/adl/adl-19-cam0-rgb.npz,163,192,0,0,0,0.00027497488
adl-19-cam0-rgb,data/keypoints_normalized/adl/adl-19-cam0-rgb.npz,164,193,0,0,0,0.00027192273
adl-19-cam0-rgb,data/keypoints_normalized/adl/adl-19-cam0-rgb.npz,165,194,0,0,0,0.00027069484
adl-19-cam0-rgb,data/keypoints_normalized/adl/adl-19-cam0-rgb.npz,166,195,0,0,0,0.00027032834
adl-19-cam0-rgb,data/keypoints_normalized/adl/adl-19-cam0-rgb.npz,167,196,0,0,0,0.0002692429
adl-19-cam0-rgb,data/keypoints_normalized/adl/adl-19-cam0-rgb.npz,168,197,0,0,0,0.00026858726
adl-19-cam0-rgb,data/keypoints_normalized/adl/adl-19-cam0-rgb.npz,169,198,0,0,0,0.00026749758
adl-19-cam0-rgb,data/keypoints_normalized/adl/adl-19-cam0-rgb.npz,170,199,0,0,0,0.00027073792
adl-19-cam0-rgb,data/keypoints_normalized/adl/adl-19-cam0-rgb.npz,171,200,0,0,0,0.00026988846
adl-19-cam0-rgb,data/keypoints_normalized/adl/adl-19-cam0-rgb.npz,172,201,0,0,0,0.00027125364
adl-19-cam0-rgb,data/keypoints_normalized/adl/adl-19-cam0-rgb.npz,173,202,0,0,0,0.00027013614
adl-19-cam0-rgb,data/keypoints_normalized/adl/adl-19-cam0-rgb.npz,174,203,0,0,0,0.00026588835
adl-19-cam0-rgb,data/keypoints_normalized/adl/adl-19-cam0-rgb.npz,175,204,0,0,0,0.00026358993
adl-19-cam0-rgb,data/keypoints_normalized/adl/adl-19-cam0-rgb.npz,176,205,0,0,0,0.0002625971
adl-19-cam0-rgb,data/keypoints_normalized/adl/adl-19-cam0-rgb.npz,177,206,0,0,0,0.00025852895
adl-19-cam0-rgb,data/keypoints_normalized/adl/adl-19-cam0-rgb.npz,178,207,0,0,0,0.00025917654
adl-19-cam0-rgb,data/keypoints_normalized/adl/adl-19-cam0-rgb.npz,179,208,0,0,0,0.0002579063
adl-19-cam0-rgb,data/keypoints_normalized/adl/adl-19-cam0-rgb.npz,180,209,0,0,0,0.00025842545
adl-19-cam0-rgb,data/keypoints_normalized/adl/adl-19-cam0-rgb.npz,181,210,0,0,0,0.00025945515
adl-19-cam0-rgb,data/keypoints_normalized/adl/adl-19-cam0-rgb.npz,182,211,0,0,0,0.00025619983
adl-19-cam0-rgb,data/keypoints_normalized/adl/adl-19-cam0-rgb.npz,183,212,0,0,0,0.0002562885
adl-19-cam0-rgb,data/keypoints_normalized/adl/adl-19-cam0-rgb.npz,184,213,0,0,0,0.00025990725
adl-19-cam0-rgb,data/keypoints_normalized/adl/adl-19-cam0-rgb.npz,185,214,0,0,0,0.00026804523
adl-19-cam0-rgb,data/keypoints_normalized/adl/adl-19-cam0-rgb.npz,186,215,0,0,0,0.0002733086
adl-19-cam0-rgb,data/keypoints_normalized/adl/adl-19-cam0-rgb.npz,187,216,0,0,0,0.0002893724
adl-27-cam0-rgb,data/keypoints_normalized/adl/adl-27-cam0-rgb.npz,1,30,0,0,0,0.0004908974
adl-27-cam0-rgb,data/keypoints_normalized/adl/adl-27-cam0-rgb.npz,2,31,0,0,0,0.00049293175
adl-27-cam0-rgb,data/keypoints_normalized/adl/adl-27-cam0-rgb.npz,3,32,0,0,0,0.00049446203
adl-27-cam0-rgb,data/keypoints_normalized/adl/adl-27-cam0-rgb.npz,4,33,0,0,0,0.0004967585
adl-27-cam0-rgb,data/keypoints_normalized/adl/adl-27-cam0-rgb.npz,5,34,0,0,0,0.000500509
adl-27-cam0-rgb,data/keypoints_normalized/adl/adl-27-cam0-rgb.npz,6,35,0,0,0,0.00050389196
adl-27-cam0-rgb,data/keypoints_normalized/adl/adl-27-cam0-rgb.npz,7,36,0,0,0,0.0005076404
adl-27-cam0-rgb,data/keypoints_normalized/adl/adl-27-cam0-rgb.npz,8,37,0,0,0,0.0005118528
adl-27-cam0-rgb,data/keypoints_normalized/adl/adl-27-cam0-rgb.npz,9,38,0,0,0,0.0005164886
adl-27-cam0-rgb,data/keypoints_normalized/adl/adl-27-cam0-rgb.npz,10,39,0,0,0,0.0005204843
adl-27-cam0-rgb,data/keypoints_normalized/adl/adl-27-cam0-rgb.npz,11,40,0,0,0,0.0005252423
adl-27-cam0-rgb,data/keypoints_normalized/adl/adl-27-cam0-rgb.npz,12,41,0,0,0,0.00052978593
adl-27-cam0-rgb,data/keypoints_normalized/adl/adl-27-cam0-rgb.npz,13,42,0,0,0,0.00053422316
adl-27-cam0-rgb,data/keypoints_normalized/adl/adl-27-cam0-rgb.npz,14,43,0,0,0,0.00053815334
adl-27-cam0-rgb,data/keypoints_normalized/adl/adl-27-cam0-rgb.npz,15,44,0,0,0,0.0005421566
adl-27-cam0-rgb,data/keypoints_normalized/adl/adl-27-cam0-rgb.npz,16,45,0,0,0,0.0005440125
adl-27-cam0-rgb,data/keypoints_normalized/adl/adl-27-cam0-rgb.npz,17,46,0,0,0,0.00054615416
adl-27-cam0-rgb,data/keypoints_normalized/adl/adl-27-cam0-rgb.npz,18,47,0,0,0,0.00054761634
adl-27-cam0-rgb,data/keypoints_normalized/adl/adl-27-cam0-rgb.npz,19,48,0,0,0,0.0005485501
adl-27-cam0-rgb,data/keypoints_normalized/adl/adl-27-cam0-rgb.npz,20,49,0,0,0,0.0005490939
adl-27-cam0-rgb,data/keypoints_normalized/adl/adl-27-cam0-rgb.npz,21,50,0,0,0,0.0005485812
adl-27-cam0-rgb,data/keypoints_normalized/adl/adl-27-cam0-rgb.npz,22,51,0,0,0,0.0005474328
adl-27-cam0-rgb,data/keypoints_normalized/adl/adl-27-cam0-rgb.npz,23,52,0,0,0,0.0005464829
adl-27-cam0-rgb,data/keypoints_normalized/adl/adl-27-cam0-rgb.npz,24,53,0,0,0,0.0005452304
adl-27-cam0-rgb,data/keypoints_normalized/adl/adl-27-cam0-rgb.npz,25,54,0,0,0,0.00054374535
adl-27-cam0-rgb,data/keypoints_normalized/adl/adl-27-cam0-rgb.npz,26,55,0,0,0,0.0005413079
adl-27-cam0-rgb,data/keypoints_normalized/adl/adl-27-cam0-rgb.npz,27,56,0,0,0,0.0005383631
adl-27-cam0-rgb,data/keypoints_normalized/adl/adl-27-cam0-rgb.npz,28,57,0,0,0,0.00053643924
adl-27-cam0-rgb,data/keypoints_normalized/adl/adl-27-cam0-rgb.npz,29,58,0,0,0,0.00053403917
adl-27-cam0-rgb,data/keypoints_normalized/adl/adl-27-cam0-rgb.npz,30,59,0,0,0,0.0005316938
adl-27-cam0-rgb,data/keypoints_normalized/adl/adl-27-cam0-rgb.npz,31,60,0,0,0,0.00053043856
adl-27-cam0-rgb,data/keypoints_normalized/adl/adl-27-cam0-rgb.npz,32,61,0,0,0,0.00052930065
adl-27-cam0-rgb,data/keypoints_normalized/adl/adl-27-cam0-rgb.npz,33,62,0,0,0,0.0005291924
adl-27-cam0-rgb,data/keypoints_normalized/adl/adl-27-cam0-rgb.npz,34,63,0,0,0,0.0005292885
adl-27-cam0-rgb,data/keypoints_normalized/adl/adl-27-cam0-rgb.npz,35,64,0,0,0,0.0005293826
adl-27-cam0-rgb,data/keypoints_normalized/adl/adl-27-cam0-rgb.npz,36,65,0,0,0,0.0005301211
adl-27-cam0-rgb,data/keypoints_normalized/adl/adl-27-cam0-rgb.npz,37,66,0,0,0,0.0005301607
adl-27-cam0-rgb,data/keypoints_normalized/adl/adl-27-cam0-rgb.npz,38,67,0,0,0,0.00052990357
adl-27-cam0-rgb,data/keypoints_normalized/adl/adl-27-cam0-rgb.npz,39,68,0,0,0,0.0005297114
adl-27-cam0-rgb,data/keypoints_normalized/adl/adl-27-cam0-rgb.npz,40,69,0,0,0,0.0005281576
adl-27-cam0-rgb,data/keypoints_normalized/adl/adl-27-cam0-rgb.npz,41,70,0,0,0,0.00052570435
adl-27-cam0-rgb,data/keypoints_normalized/adl/adl-27-cam0-rgb.npz,42,71,0,0,0,0.00052471785
adl-27-cam0-rgb,data/keypoints_normalized/adl/adl-27-cam0-rgb.npz,43,72,0,0,0,0.00052209967
adl-27-cam0-rgb,data/keypoints_normalized/adl/adl-27-cam0-rgb.npz,44,73,0,0,0,0.0005203201
adl-27-cam0-rgb,data/keypoints_normalized/adl/adl-27-cam0-rgb.npz,45,74,0,0,0,0.0005193383
adl-27-cam0-rgb,data/keypoints_normalized/adl/adl-27-cam0-rgb.npz,46,75,0,0,0,0.0005190432
adl-27-cam0-rgb,data/keypoints_normalized/adl/adl-27-cam0-rgb.npz,47,76,0,0,0,0.00051853823
adl-27-cam0-rgb,data/keypoints_normalized/adl/adl-27-cam0-rgb.npz,48,77,0,0,0,0.0005198608
adl-27-cam0-rgb,data/keypoints_normalized/adl/adl-27-cam0-rgb.npz,49,78,0,0,0,0.00052150426
adl-27-cam0-rgb,data/keypoints_normalized/adl/adl-27-cam0-rgb.npz,50,79,0,0,0,0.0005248915
adl-27-cam0-rgb,data/keypoints_normalized/adl/adl-27-cam0-rgb.npz,51,80,0,0,0,0.0005284542
adl-27-cam0-rgb,data/keypoints_normalized/adl/adl-27-cam0-rgb.npz,52,81,0,0,0,0.0005352688
adl-27-cam0-rgb,data/keypoints_normalized/adl/adl-27-cam0-rgb.npz,53,82,0,0,0,0.00054387614
adl-27-cam0-rgb,data/keypoints_normalized/adl/adl-27-cam0-rgb.npz,54,83,0,0,0,0.00055356324
adl-27-cam0-rgb,data/keypoints_normalized/adl/adl-27-cam0-rgb.npz,55,84,0,0,0,0.0005673735
adl-27-cam0-rgb,data/keypoints_normalized/adl/adl-27-cam0-rgb.npz,56,85,0,0,0,0.000583294
adl-27-cam0-rgb,data/keypoints_normalized/adl/adl-27-cam0-rgb.npz,57,86,0,0,0,0.00059966475
adl-27-cam0-rgb,data/keypoints_normalized/adl/adl-27-cam0-rgb.npz,58,87,0,0,0,0.0006139717
adl-27-cam0-rgb,data/keypoints_normalized/adl/adl-27-cam0-rgb.npz,59,88,0,0,0,0.0006303393
adl-27-cam0-rgb,data/keypoints_normalized/adl/adl-27-cam0-rgb.npz,60,89,0,0,0,0.00064662716
adl-27-cam0-rgb,data/keypoints_normalized/adl/adl-27-cam0-rgb.npz,61,90,0,0,0,0.00066594407
adl-27-cam0-rgb,data/keypoints_normalized/adl/adl-27-cam0-rgb.npz,62,91,0,0,0,0.0006804074
adl-27-cam0-rgb,data/keypoints_normalized/adl/adl-27-cam0-rgb.npz,63,92,0,0,0,0.00069109385
adl-27-cam0-rgb,data/keypoints_normalized/adl/adl-27-cam0-rgb.npz,64,93,0,0,0,0.00070148386
adl-27-cam0-rgb,data/keypoints_normalized/adl/adl-27-cam0-rgb.npz,65,94,0,0,0,0.0007097377
adl-27-cam0-rgb,data/keypoints_normalized/adl/adl-27-cam0-rgb.npz,66,95,0,0,0,0.00071795797
adl-27-cam0-rgb,data/keypoints_normalized/adl/adl-27-cam0-rgb.npz,67,96,0,0,0,0.00072169036
adl-27-cam0-rgb,data/keypoints_normalized/adl/adl-27-cam0-rgb.npz,68,97,0,0,0,0.0007259675
adl-27-cam0-rgb,data/keypoints_normalized/adl/adl-27-cam0-rgb.npz,69,98,0,0,0,0.0007295339
adl-27-cam0-rgb,data/keypoints_normalized/adl/adl-27-cam0-rgb.npz,70,99,0,0,0,0.000730722
adl-27-cam0-rgb,data/keypoints_normalized/adl/adl-27-cam0-rgb.npz,71,100,0,0,0,0.00073187676
adl-35-cam0-rgb,data/keypoints_normalized/adl/adl-35-cam0-rgb.npz,1,30,0,0,0,0.0004979256
adl-35-cam0-rgb,data/keypoints_normalized/adl/adl-35-cam0-rgb.npz,2,31,0,0,0,0.0005056114
adl-35-cam0-rgb,data/keypoints_normalized/adl/adl-35-cam0-rgb.npz,3,32,0,0,0,0.0005183578
adl-35-cam0-rgb,data/keypoints_normalized/adl/adl-35-cam0-rgb.npz,4,33,0,0,0,0.00053591636
adl-35-cam0-rgb,data/keypoints_normalized/adl/adl-35-cam0-rgb.npz,5,34,0,0,0,0.00056063593
adl-35-cam0-rgb,data/keypoints_normalized/adl/adl-35-cam0-rgb.npz,6,35,0,0,0,0.0005959609
adl-35-cam0-rgb,data/keypoints_normalized/adl/adl-35-cam0-rgb.npz,7,36,0,0,0,0.0006452759
adl-35-cam0-rgb,data/keypoints_normalized/adl/adl-35-cam0-rgb.npz,8,37,0,0,0,0.00071733765
adl-35-cam0-rgb,data/keypoints_normalized/adl/adl-35-cam0-rgb.npz,9,38,0,0,0,0.00082087255
adl-35-cam0-rgb,data/keypoints_normalized/adl/adl-35-cam0-rgb.npz,10,39,0,0,0,0.0009674817
adl-35-cam0-rgb,data/keypoints_normalized/adl/adl-35-cam0-rgb.npz,11,40,0,0,0,0.0011782886
adl-35-cam0-rgb,data/keypoints_normalized/adl/adl-35-cam0-rgb.npz,12,41,0,0,0,0.0014747533
adl-35-cam0-rgb,data/keypoints_normalized/adl/adl-35-cam0-rgb.npz,13,42,0,0,0,0.0018825094
adl-35-cam0-rgb,data/keypoints_normalized/adl/adl-35-cam0-rgb.npz,14,43,0,0,0,0.0024034576
adl-35-cam0-rgb,data/keypoints_normalized/adl/adl-35-cam0-rgb.npz,15,44,0,0,0,0.0030309241
adl-35-cam0-rgb,data/keypoints_normalized/adl/adl-35-cam0-rgb.npz,16,45,0,0,0,0.0036904346
adl-35-cam0-rgb,data/keypoints_normalized/adl/adl-35-cam0-rgb.npz,17,46,0,0,0,0.0042501795
adl-35-cam0-rgb,data/keypoints_normalized/adl/adl-35-cam0-rgb.npz,18,47,0,0,0,0.0045905397
adl-35-cam0-rgb,data/keypoints_normalized/adl/adl-35-cam0-rgb.npz,19,48,0,0,0,0.0046181916
adl-35-cam0-rgb,data/keypoints_normalized/adl/adl-35-cam0-rgb.npz,20,49,0,0,0,0.004393369
adl-35-cam0-rgb,data/keypoints_normalized/adl/adl-35-cam0-rgb.npz,21,50,0,0,0,0.0040049604
adl-35-cam0-rgb,data/keypoints_normalized/adl/adl-35-cam0-rgb.npz,22,51,0,0,0,0.0036335296
adl-35-cam0-rgb,data/keypoints_normalized/adl/adl-35-cam0-rgb.npz,23,52,0,0,0,0.0033579632
adl-35-cam0-rgb,data/keypoints_normalized/adl/adl-35-cam0-rgb.npz,24,53,0,0,0,0.0031428465
adl-35-cam0-rgb,data/keypoints_normalized/adl/adl-35-cam0-rgb.npz,25,54,0,0,0,0.0029639562
adl-35-cam0-rgb,data/keypoints_normalized/adl/adl-35-cam0-rgb.npz,26,55,0,0,0,0.0028361198
adl-35-cam0-rgb,data/keypoints_normalized/adl/adl-35-cam0-rgb.npz,27,56,0,0,0,0.0014772733
adl-35-cam0-rgb,data/keypoints_normalized/adl/adl-35-cam0-rgb.npz,28,57,0,0,0,0.0013234308
adl-35-cam0-rgb,data/keypoints_normalized/adl/adl-35-cam0-rgb.npz,29,58,0,0,0,0.0012412794
adl-35-cam0-rgb,data/keypoints_normalized/adl/adl-35-cam0-rgb.npz,30,59,0,0,0,0.001237644
adl-35-cam0-rgb,data/keypoints_normalized/adl/adl-35-cam0-rgb.npz,31,60,0,0,0,0.0008059884
adl-35-cam0-rgb,data/keypoints_normalized/adl/adl-35-cam0-rgb.npz,32,61,0,0,0,0.00080861244
adl-35-cam0-rgb,data/keypoints_normalized/adl/adl-35-cam0-rgb.npz,33,62,0,0,0,0.0008128685
adl-35-cam0-rgb,data/keypoints_normalized/adl/adl-35-cam0-rgb.npz,34,63,0,0,0,0.0008236926
adl-35-cam0-rgb,data/keypoints_normalized/adl/adl-35-cam0-rgb.npz,35,64,0,0,0,0.00083795394
adl-35-cam0-rgb,data/keypoints_normalized/adl/adl-35-cam0-rgb.npz,36,65,0,0,0,0.0008517376
adl-35-cam0-rgb,data/keypoints_normalized/adl/adl-35-cam0-rgb.npz,37,66,0,0,0,0.0012756723
adl-35-cam0-rgb,data/keypoints_normalized/adl/adl-35-cam0-rgb.npz,38,67,0,0,0,0.0012743305
adl-35-cam0-rgb,data/keypoints_normalized/adl/adl-35-cam0-rgb.npz,39,68,0,0,0,0.0012639795
adl-35-cam0-rgb,data/keypoints_normalized/adl/adl-35-cam0-rgb.npz,40,69,0,0,0,0.0012407417
adl-35-cam0-rgb,data/keypoints_normalized/adl/adl-35-cam0-rgb.npz,41,70,0,0,0,0.0012208946
adl-35-cam0-rgb,data/keypoints_normalized/adl/adl-35-cam0-rgb.npz,42,71,0,0,0,0.0011806149
adl-35-cam0-rgb,data/keypoints_normalized/adl/adl-35-cam0-rgb.npz,43,72,0,0,0,0.001143478
adl-35-cam0-rgb,data/keypoints_normalized/adl/adl-35-cam0-rgb.npz,44,73,0,0,0,0.0010937012
adl-35-cam0-rgb,data/keypoints_normalized/adl/adl-35-cam0-rgb.npz,45,74,0,0,0,0.0010514681
adl-35-cam0-rgb,data/keypoints_normalized/adl/adl-35-cam0-rgb.npz,46,75,0,0,0,0.000996865
adl-35-cam0-rgb,data/keypoints_normalized/adl/adl-35-cam0-rgb.npz,47,76,0,0,0,0.00095007673
adl-35-cam0-rgb,data/keypoints_normalized/adl/adl-35-cam0-rgb.npz,48,77,0,0,0,0.0008972607
adl-35-cam0-rgb,data/keypoints_normalized/adl/adl-35-cam0-rgb.npz,49,78,0,0,0,0.0008492757
adl-35-cam0-rgb,data/keypoints_normalized/adl/adl-35-cam0-rgb.npz,50,79,0,0,0,0.0008113099
adl-35-cam0-rgb,data/keypoints_normalized/adl/adl-35-cam0-rgb.npz,51,80,0,0,0,0.0007705523
adl-35-cam0-rgb,data/keypoints_normalized/adl/adl-35-cam0-rgb.npz,52,81,0,0,0,0.00074626115
adl-35-cam0-rgb,data/keypoints_normalized/adl/adl-35-cam0-rgb.npz,53,82,0,0,0,0.0007119563
adl-35-cam0-rgb,data/keypoints_normalized/adl/adl-35-cam0-rgb.npz,54,83,0,0,0,0.0007020784
adl-35-cam0-rgb,data/keypoints_normalized/adl/adl-35-cam0-rgb.npz,55,84,0,0,0,0.000661543
adl-35-cam0-rgb,data/keypoints_normalized/adl/adl-35-cam0-rgb.npz,56,85,0,0,0,0.00068155973
adl-35-cam0-rgb,data/keypoints_normalized/adl/adl-35-cam0-rgb.npz,57,86,0,0,0,0.0006841374
adl-35-cam0-rgb,data/keypoints_normalized/adl/adl-35-cam0-rgb.npz,58,87,0,0,0,0.0006910738
adl-35-cam0-rgb,data/keypoints_normalized/adl/adl-35-cam0-rgb.npz,59,88,0,0,0,0.0006698933
adl-35-cam0-rgb,data/keypoints_normalized/adl/adl-35-cam0-rgb.npz,60,89,0,0,0,0.0006333113
adl-35-cam0-rgb,data/keypoints_normalized/adl/adl-35-cam0-rgb.npz,61,90,0,0,0,0.00057653396
adl-35-cam0-rgb,data/keypoints_normalized/adl/adl-35-cam0-rgb.npz,62,91,0,0,0,0.0005782929
adl-35-cam0-rgb,data/keypoints_normalized/adl/adl-35-cam0-rgb.npz,63,92,0,0,0,0.0005835431
adl-35-cam0-rgb,data/keypoints_normalized/adl/adl-35-cam0-rgb.npz,64,93,0,0,0,0.0005933976
adl-35-cam0-rgb,data/keypoints_normalized/adl/adl-35-cam0-rgb.npz,65,94,0,0,0,0.0006127689
adl-35-cam0-rgb,data/keypoints_normalized/adl/adl-35-cam0-rgb.npz,66,95,0,0,0,0.0006458293
adl-35-cam0-rgb,data/keypoints_normalized/adl/adl-35-cam0-rgb.npz,67,96,0,0,0,0.0007088059
adl-35-cam0-rgb,data/keypoints_normalized/adl/adl-35-cam0-rgb.npz,68,97,0,0,0,0.000769719
adl-35-cam0-rgb,data/keypoints_normalized/adl/adl-35-cam0-rgb.npz,69,98,0,0,0,0.000849652
adl-35-cam0-rgb,data/keypoints_normalized/adl/adl-35-cam0-rgb.npz,70,99,0,0,0,0.00097049744
adl-35-cam0-rgb,data/keypoints_normalized/adl/adl-35-cam0-rgb.npz,71,100,0,0,0,0.0011854684
adl-35-cam0-rgb,data/keypoints_normalized/adl/adl-35-cam0-rgb.npz,72,101,0,0,0,0.001458468
adl-35-cam0-rgb,data/keypoints_normalized/adl/adl-35-cam0-rgb.npz,73,102,0,0,0,0.0018548304
adl-35-cam0-rgb,data/keypoints_normalized/adl/adl-35-cam0-rgb.npz,74,103,0,0,0,0.002434484
adl-35-cam0-rgb,data/keypoints_normalized/adl/adl-35-cam0-rgb.npz,75,104,0,0,0,0.007609912
adl-35-cam0-rgb,data/keypoints_normalized/adl/adl-35-cam0-rgb.npz,76,105,0,0,0,0.010987015
adl-35-cam0-rgb,data/keypoints_normalized/adl/adl-35-cam0-rgb.npz,77,106,0,0,0,0.013228368
adl-35-cam0-rgb,data/keypoints_normalized/adl/adl-35-cam0-rgb.npz,78,107,0,0,0,0.040069666
adl-35-cam0-rgb,data/keypoints_normalized/adl/adl-35-cam0-rgb.npz,79,108,0,0,0,0.04888309
adl-35-cam0-rgb,data/keypoints_normalized/adl/adl-35-cam0-rgb.npz,80,109,0,0,0,0.057756945
adl-35-cam0-rgb,data/keypoints_normalized/adl/adl-35-cam0-rgb.npz,81,110,0,0,0,0.0668255
adl-35-cam0-rgb,data/keypoints_normalized/adl/adl-35-cam0-rgb.npz,82,111,0,0,1,0.9888666
adl-35-cam0-rgb,data/keypoints_normalized/adl/adl-35-cam0-rgb.npz,83,112,0,0,1,0.9748272
adl-35-cam0-rgb,data/keypoints_normalized/adl/adl-35-cam0-rgb.npz,84,113,0,0,1,0.94673884
adl-35-cam0-rgb,data/keypoints_normalized/adl/adl-35-cam0-rgb.npz,85,114,0,0,1,0.9070145
adl-35-cam0-rgb,data/keypoints_normalized/adl/adl-35-cam0-rgb.npz,86,115,0,0,1,0.88009393
adl-35-cam0-rgb,data/keypoints_normalized/adl/adl-35-cam0-rgb.npz,87,116,0,0,1,0.88774943
adl-35-cam0-rgb,data/keypoints_normalized/adl/adl-35-cam0-rgb.npz,88,117,0,0,1,0.95437944
adl-35-cam0-rgb,data/keypoints_normalized/adl/adl-35-cam0-rgb.npz,89,118,0,0,1,0.90564096
adl-35-cam0-rgb,data/keypoints_normalized/adl/adl-35-cam0-rgb.npz,90,119,0,0,1,0.79658437
adl-35-cam0-rgb,data/keypoints_normalized/adl/adl-35-cam0-rgb.npz,91,120,0,0,0,0.30445856
adl-35-cam0-rgb,data/keypoints_normalized/adl/adl-35-cam0-rgb.npz,92,121,0,0,0,0.27475652
adl-35-cam0-rgb,data/keypoints_normalized/adl/adl-35-cam0-rgb.npz,93,122,0,0,0,0.23800029
adl-35-cam0-rgb,data/keypoints_normalized/adl/adl-35-cam0-rgb.npz,94,123,0,0,0,0.20269912
adl-35-cam0-rgb,data/keypoints_normalized/adl/adl-35-cam0-rgb.npz,95,124,0,0,0,0.16861942
adl-35-cam0-rgb,data/keypoints_normalized/adl/adl-35-cam0-rgb.npz,96,125,0,0,0,0.13603806
adl-35-cam0-rgb,data/keypoints_normalized/adl/adl-35-cam0-rgb.npz,97,126,0,0,0,0.10611706
adl-35-cam0-rgb,data/keypoints_normalized/adl/adl-35-cam0-rgb.npz,98,127,0,0,0,0.07952404
adl-35-cam0-rgb,data/keypoints_normalized/adl/adl-35-cam0-rgb.npz,99,128,0,0,0,0.059459012
adl-35-cam0-rgb,data/keypoints_normalized/adl/adl-35-cam0-rgb.npz,100,129,0,0,0,0.044882294
adl-35-cam0-rgb,data/keypoints_normalized/adl/adl-35-cam0-rgb.npz,101,130,0,0,0,0.03466427
adl-35-cam0-rgb,data/keypoints_normalized/adl/adl-35-cam0-rgb.npz,102,131,0,0,0,0.027427245
adl-35-cam0-rgb,data/keypoints_normalized/adl/adl-35-cam0-rgb.npz,103,132,0,0,0,0.022370346
adl-35-cam0-rgb,data/keypoints_normalized/adl/adl-35-cam0-rgb.npz,104,133,0,0,0,0.018861884
adl-35-cam0-rgb,data/keypoints_normalized/adl/adl-35-cam0-rgb.npz,105,134,0,0,0,0.016768523
adl-35-cam0-rgb,data/keypoints_normalized/adl/adl-35-cam0-rgb.npz,106,135,0,0,0,0.021145025
adl-35-cam0-rgb,data/keypoints_normalized/adl/adl-35-cam0-rgb.npz,107,136,0,0,0,0.022337632
adl-35-cam0-rgb,data/keypoints_normalized/adl/adl-35-cam0-rgb.npz,108,137,0,0,0,0.021935966
adl-35-cam0-rgb,data/keypoints_normalized/adl/adl-35-cam0-rgb.npz,109,138,0,0,0,0.017202115
adl-35-cam0-rgb,data/keypoints_normalized/adl/adl-35-cam0-rgb.npz,110,139,0,0,0,0.012139409
adl-35-cam0-rgb,data/keypoints_normalized/adl/adl-35-cam0-rgb.npz,111,140,0,0,0,0.011651204
adl-35-cam0-rgb,data/keypoints_normalized/adl/adl-35-cam0-rgb.npz,112,141,0,0,0,0.010421879
adl-35-cam0-rgb,data/keypoints_normalized/adl/adl-35-cam0-rgb.npz,113,142,0,0,0,0.00957971
adl-35-cam0-rgb,data/keypoints_normalized/adl/adl-35-cam0-rgb.npz,114,143,0,0,0,0.010417011
adl-35-cam0-rgb,data/keypoints_normalized/adl/adl-35-cam0-rgb.npz,115,144,0,0,0,0.011660917
adl-35-cam0-rgb,data/keypoints_normalized/adl/adl-35-cam0-rgb.npz,116,145,0,0,0,0.013676768
adl-35-cam0-rgb,data/keypoints_normalized/adl/adl-35-cam0-rgb.npz,117,146,0,0,0,0.012680767
adl-35-cam0-rgb,data/keypoints_normalized/adl/adl-35-cam0-rgb.npz,118,147,0,0,0,0.013174113
adl-35-cam0-rgb,data/keypoints_normalized/adl/adl-35-cam0-rgb.npz,119,148,0,0,0,0.016015602
adl-35-cam0-rgb,data/keypoints_normalized/adl/adl-35-cam0-rgb.npz,120,149,0,0,0,0.021507623
adl-35-cam0-rgb,data/keypoints_normalized/adl/adl-35-cam0-rgb.npz,121,150,0,0,0,0.0342963
adl-35-cam0-rgb,data/keypoints_normalized/adl/adl-35-cam0-rgb.npz,122,151,0,0,0,0.19395182
adl-35-cam0-rgb,data/keypoints_normalized/adl/adl-35-cam0-rgb.npz,123,152,0,0,0,0.37452477
adl-35-cam0-rgb,data/keypoints_normalized/adl/adl-35-cam0-rgb.npz,124,153,0,0,1,0.68603545
adl-35-cam0-rgb,data/keypoints_normalized/adl/adl-35-cam0-rgb.npz,125,154,0,0,1,0.9048569
adl-35-cam0-rgb,data/keypoints_normalized/adl/adl-35-cam0-rgb.npz,126,155,0,0,1,0.6610569
adl-35-cam0-rgb,data/keypoints_normalized/adl/adl-35-cam0-rgb.npz,127,156,0,0,1,0.8755047
adl-35-cam0-rgb,data/keypoints_normalized/adl/adl-35-cam0-rgb.npz,128,157,0,0,0,0.026801974
adl-35-cam0-rgb,data/keypoints_normalized/adl/adl-35-cam0-rgb.npz,129,158,0,0,0,0.04362846
adl-35-cam0-rgb,data/keypoints_normalized/adl/adl-35-cam0-rgb.npz,130,159,0,0,0,0.07115636
adl-35-cam0-rgb,data/keypoints_normalized/adl/adl-35-cam0-rgb.npz,131,160,0,0,0,0.11138162
adl-35-cam0-rgb,data/keypoints_normalized/adl/adl-35-cam0-rgb.npz,132,161,0,0,0,0.16194293
adl-35-cam0-rgb,data/keypoints_normalized/adl/adl-35-cam0-rgb.npz,133,162,0,0,0,0.21544431
adl-35-cam0-rgb,data/keypoints_normalized/adl/adl-35-cam0-rgb.npz,134,163,0,0,0,0.26158553
adl-35-cam0-rgb,data/keypoints_normalized/adl/adl-35-cam0-rgb.npz,135,164,0,0,0,0.2936389
adl-35-cam0-rgb,data/keypoints_normalized/adl/adl-35-cam0-rgb.npz,136,165,0,0,0,0.3094726
adl-35-cam0-rgb,data/keypoints_normalized/adl/adl-35-cam0-rgb.npz,137,166,0,0,0,0.30925927
adl-35-cam0-rgb,data/keypoints_normalized/adl/adl-35-cam0-rgb.npz,138,167,0,0,0,0.29502878
adl-35-cam0-rgb,data/keypoints_normalized/adl/adl-35-cam0-rgb.npz,139,168,0,0,0,0.26658866
adl-35-cam0-rgb,data/keypoints_normalized/adl/adl-35-cam0-rgb.npz,140,169,0,0,0,0.23181218
adl-35-cam0-rgb,data/keypoints_normalized/adl/adl-35-cam0-rgb.npz,141,170,0,0,0,0.007499733
adl-35-cam0-rgb,data/keypoints_normalized/adl/adl-35-cam0-rgb.npz,142,171,0,0,0,0.005840382
adl-35-cam0-rgb,data/keypoints_normalized/adl/adl-35-cam0-rgb.npz,143,172,0,0,0,0.004656188
adl-35-cam0-rgb,data/keypoints_normalized/adl/adl-35-cam0-rgb.npz,144,173,0,0,0,0.00362001
adl-35-cam0-rgb,data/keypoints_normalized/adl/adl-35-cam0-rgb.npz,145,174,0,0,0,0.003111127
adl-35-cam0-rgb,data/keypoints_normalized/adl/adl-35-cam0-rgb.npz,146,175,0,0,0,0.0027393184
adl-35-cam0-rgb,data/keypoints_normalized/adl/adl-35-cam0-rgb.npz,147,176,0,0,0,0.0013051983
adl-35-cam0-rgb,data/keypoints_normalized/adl/adl-35-cam0-rgb.npz,148,177,0,0,0,0.0013166218
adl-35-cam0-rgb,data/keypoints_normalized/adl/adl-35-cam0-rgb.npz,149,178,0,0,0,0.001505084
adl-35-cam0-rgb,data/keypoints_normalized/adl/adl-35-cam0-rgb.npz,150,179,0,0,0,0.0014665744
adl-35-cam0-rgb,data/keypoints_normalized/adl/adl-35-cam0-rgb.npz,151,180,0,0,0,0.0014190389
adl-35-cam0-rgb,data/keypoints_normalized/adl/adl-35-cam0-rgb.npz,152,181,0,0,0,0.0013465541
adl-35-cam0-rgb,data/keypoints_normalized/adl/adl-35-cam0-rgb.npz,153,182,0,0,0,0.0012186669
adl-35-cam0-rgb,data/keypoints_normalized/adl/adl-35-cam0-rgb.npz,154,183,0,0,0,0.001083712
adl-35-cam0-rgb,data/keypoints_normalized/adl/adl-35-cam0-rgb.npz,155,184,0,0,0,0.0010760655
adl-35-cam0-rgb,data/keypoints_normalized/adl/adl-35-cam0-rgb.npz,156,185,0,0,0,0.001188768
adl-35-cam0-rgb,data/keypoints_normalized/adl/adl-35-cam0-rgb.npz,157,186,0,0,0,0.001184563
adl-35-cam0-rgb,data/keypoints_normalized/adl/adl-35-cam0-rgb.npz,158,187,0,0,0,0.001198726
adl-35-cam0-rgb,data/keypoints_normalized/adl/adl-35-cam0-rgb.npz,159,188,0,0,0,0.0012223108
adl-35-cam0-rgb,data/keypoints_normalized/adl/adl-35-cam0-rgb.npz,160,189,0,0,0,0.001253159
adl-35-cam0-rgb,data/keypoints_normalized/adl/adl-35-cam0-rgb.npz,161,190,0,0,0,0.001290461
adl-35-cam0-rgb,data/keypoints_normalized/adl/adl-35-cam0-rgb.npz,162,191,0,0,0,0.0012595785
adl-35-cam0-rgb,data/keypoints_normalized/adl/adl-35-cam0-rgb.npz,163,192,0,0,0,0.0012287644
adl-35-cam0-rgb,data/keypoints_normalized/adl/adl-35-cam0-rgb.npz,164,193,0,0,0,0.0012185194
adl-35-cam0-rgb,data/keypoints_normalized/adl/adl-35-cam0-rgb.npz,165,194,0,0,0,0.0011588257
adl-35-cam0-rgb,data/keypoints_normalized/adl/adl-35-cam0-rgb.npz,166,195,0,0,0,0.0011729985
adl-35-cam0-rgb,data/keypoints_normalized/adl/adl-35-cam0-rgb.npz,167,196,0,0,0,0.0011916914
adl-35-cam0-rgb,data/keypoints_normalized/adl/adl-35-cam0-rgb.npz,168,197,0,0,0,0.0011798695
adl-35-cam0-rgb,data/keypoints_normalized/adl/adl-35-cam0-rgb.npz,169,198,0,0,0,0.0012287116
adl-35-cam0-rgb,data/keypoints_normalized/adl/adl-35-cam0-rgb.npz,170,199,0,0,0,0.0012347174
adl-35-cam0-rgb,data/keypoints_normalized/adl/adl-35-cam0-rgb.npz,171,200,0,0,0,0.0011958765
adl-35-cam0-rgb,data/keypoints_normalized/adl/adl-35-cam0-rgb.npz,172,201,0,0,0,0.0011755386
adl-35-cam0-rgb,data/keypoints_normalized/adl/adl-35-cam0-rgb.npz,173,202,0,0,0,0.0012252394
adl-35-cam0-rgb,data/keypoints_normalized/adl/adl-35-cam0-rgb.npz,174,203,0,0,0,0.0013204028
adl-35-cam0-rgb,data/keypoints_normalized/adl/adl-35-cam0-rgb.npz,175,204,0,0,0,0.0012591712
adl-35-cam0-rgb,data/keypoints_normalized/adl/adl-35-cam0-rgb.npz,176,205,0,0,0,0.0012271284
adl-35-cam0-rgb,data/keypoints_normalized/adl/adl-35-cam0-rgb.npz,177,206,0,0,0,0.0012093282
adl-35-cam0-rgb,data/keypoints_normalized/adl/adl-35-cam0-rgb.npz,178,207,0,0,0,0.001209948
adl-35-cam0-rgb,data/keypoints_normalized/adl/adl-35-cam0-rgb.npz,179,208,0,0,0,0.0012398976
adl-35-cam0-rgb,data/keypoints_normalized/adl/adl-35-cam0-rgb.npz,180,209,0,0,0,0.0012873785
adl-35-cam0-rgb,data/keypoints_normalized/adl/adl-35-cam0-rgb.npz,181,210,0,0,0,0.0013096693
adl-35-cam0-rgb,data/keypoints_normalized/adl/adl-35-cam0-rgb.npz,182,211,0,0,0,0.0013435833
adl-35-cam0-rgb,data/keypoints_normalized/adl/adl-35-cam0-rgb.npz,183,212,0,0,0,0.0010605323
adl-35-cam0-rgb,data/keypoints_normalized/adl/adl-35-cam0-rgb.npz,184,213,0,0,0,0.0010342144
adl-35-cam0-rgb,data/keypoints_normalized/adl/adl-35-cam0-rgb.npz,185,214,0,0,0,0.0010685704
adl-35-cam0-rgb,data/keypoints_normalized/adl/adl-35-cam0-rgb.npz,186,215,0,0,0,0.0013570356
adl-35-cam0-rgb,data/keypoints_normalized/adl/adl-35-cam0-rgb.npz,187,216,0,0,0,0.0014104466
adl-35-cam0-rgb,data/keypoints_normalized/adl/adl-35-cam0-rgb.npz,188,217,0,0,0,0.0014554224
adl-35-cam0-rgb,data/keypoints_normalized/adl/adl-35-cam0-rgb.npz,189,218,0,0,0,0.0014966875
adl-35-cam0-rgb,data/keypoints_normalized/adl/adl-35-cam0-rgb.npz,190,219,0,0,0,0.001533006
adl-35-cam0-rgb,data/keypoints_normalized/adl/adl-35-cam0-rgb.npz,191,220,0,0,0,0.0015550117
adl-35-cam0-rgb,data/keypoints_normalized/adl/adl-35-cam0-rgb.npz,192,221,0,0,0,0.0015250607
adl-35-cam0-rgb,data/keypoints_normalized/adl/adl-35-cam0-rgb.npz,193,222,0,0,0,0.0015706761
adl-35-cam0-rgb,data/keypoints_normalized/adl/adl-35-cam0-rgb.npz,194,223,0,0,0,0.0016211679
adl-35-cam0-rgb,data/keypoints_normalized/adl/adl-35-cam0-rgb.npz,195,224,0,0,0,0.0016531267
adl-35-cam0-rgb,data/keypoints_normalized/adl/adl-35-cam0-rgb.npz,196,225,0,0,0,0.0016853069
adl-35-cam0-rgb,data/keypoints_normalized/adl/adl-35-cam0-rgb.npz,197,226,0,0,0,0.0016359658
adl-35-cam0-rgb,data/keypoints_normalized/adl/adl-35-cam0-rgb.npz,198,227,0,0,0,0.0018288515
adl-35-cam0-rgb,data/keypoints_normalized/adl/adl-35-cam0-rgb.npz,199,228,0,0,0,0.0018842727
adl-35-cam0-rgb,data/keypoints_normalized/adl/adl-35-cam0-rgb.npz,200,229,0,0,0,0.0019439491
adl-35-cam0-rgb,data/keypoints_normalized/adl/adl-35-cam0-rgb.npz,201,230,0,0,0,0.0019908405
adl-35-cam0-rgb,data/keypoints_normalized/adl/adl-35-cam0-rgb.npz,202,231,0,0,0,0.0020322313
adl-35-cam0-rgb,data/keypoints_normalized/adl/adl-35-cam0-rgb.npz,203,232,0,0,0,0.0022915353
adl-35-cam0-rgb,data/keypoints_normalized/adl/adl-35-cam0-rgb.npz,204,233,0,0,0,0.002316295
adl-35-cam0-rgb,data/keypoints_normalized/adl/adl-35-cam0-rgb.npz,205,234,0,0,0,0.0022857254
adl-35-cam0-rgb,data/keypoints_normalized/adl/adl-35-cam0-rgb.npz,206,235,0,0,0,0.0022372666
adl-35-cam0-rgb,data/keypoints_normalized/adl/adl-35-cam0-rgb.npz,207,236,0,0,0,0.002182995
adl-35-cam0-rgb,data/keypoints_normalized/adl/adl-35-cam0-rgb.npz,208,237,0,0,0,0.0021397104
adl-35-cam0-rgb,data/keypoints_normalized/adl/adl-35-cam0-rgb.npz,209,238,0,0,0,0.0020896131
adl-35-cam0-rgb,data/keypoints_normalized/adl/adl-35-cam0-rgb.npz,210,239,0,0,0,0.0021010702
adl-35-cam0-rgb,data/keypoints_normalized/adl/adl-35-cam0-rgb.npz,211,240,0,0,0,0.0021269298
adl-35-cam0-rgb,data/keypoints_normalized/adl/adl-35-cam0-rgb.npz,212,241,0,0,0,0.0021331424
adl-35-cam0-rgb,data/keypoints_normalized/adl/adl-35-cam0-rgb.npz,213,242,0,0,0,0.0023951076
adl-35-cam0-rgb,data/keypoints_normalized/adl/adl-35-cam0-rgb.npz,214,243,0,0,0,0.0020780745
adl-35-cam0-rgb,data/keypoints_normalized/adl/adl-35-cam0-rgb.npz,215,244,0,0,0,0.0019405605
adl-35-cam0-rgb,data/keypoints_normalized/adl/adl-35-cam0-rgb.npz,216,245,0,0,0,0.0018003448
adl-35-cam0-rgb,data/keypoints_normalized/adl/adl-35-cam0-rgb.npz,217,246,0,0,0,0.0016202128
adl-35-cam0-rgb,data/keypoints_normalized/adl/adl-35-cam0-rgb.npz,218,247,0,0,0,0.0014300307
adl-35-cam0-rgb,data/keypoints_normalized/adl/adl-35-cam0-rgb.npz,219,248,0,0,0,0.001275583
adl-35-cam0-rgb,data/keypoints_normalized/adl/adl-35-cam0-rgb.npz,220,249,0,0,0,0.0011535849
adl-35-cam0-rgb,data/keypoints_normalized/adl/adl-35-cam0-rgb.npz,221,250,0,0,0,0.0010587566
adl-35-cam0-rgb,data/keypoints_normalized/adl/adl-35-cam0-rgb.npz,222,251,0,0,0,0.0009694287
adl-35-cam0-rgb,data/keypoints_normalized/adl/adl-35-cam0-rgb.npz,223,252,0,0,0,0.00091125787
adl-35-cam0-rgb,data/keypoints_normalized/adl/adl-35-cam0-rgb.npz,224,253,0,0,0,0.0008614496
adl-35-cam0-rgb,data/keypoints_normalized/adl/adl-35-cam0-rgb.npz,225,254,0,0,0,0.00082908216
adl-35-cam0-rgb,data/keypoints_normalized/adl/adl-35-cam0-rgb.npz,226,255,0,0,0,0.00081403233
adl-35-cam0-rgb,data/keypoints_normalized/adl/adl-35-cam0-rgb.npz,227,256,0,0,0,0.0008005309
adl-35-cam0-rgb,data/keypoints_normalized/adl/adl-35-cam0-rgb.npz,228,257,0,0,0,0.0008283467
adl-35-cam0-rgb,data/keypoints_normalized/adl/adl-35-cam0-rgb.npz,229,258,0,0,0,0.0007881807
adl-35-cam0-rgb,data/keypoints_normalized/adl/adl-35-cam0-rgb.npz,230,259,0,0,0,0.0007762834
adl-35-cam0-rgb,data/keypoints_normalized/adl/adl-35-cam0-rgb.npz,231,260,0,0,0,0.0007451043
adl-35-cam0-rgb,data/keypoints_normalized/adl/adl-35-cam0-rgb.npz,232,261,0,0,0,0.00071082276
adl-35-cam0-rgb,data/keypoints_normalized/adl/adl-35-cam0-rgb.npz,233,262,0,0,0,0.00068943086
adl-35-cam0-rgb,data/keypoints_normalized/adl/adl-35-cam0-rgb.npz,234,263,0,0,0,0.00065180415
adl-35-cam0-rgb,data/keypoints_normalized/adl/adl-35-cam0-rgb.npz,235,264,0,0,0,0.00063597265
adl-35-cam0-rgb,data/keypoints_normalized/adl/adl-35-cam0-rgb.npz,236,265,0,0,0,0.0006417196
adl-35-cam0-rgb,data/keypoints_normalized/adl/adl-35-cam0-rgb.npz,237,266,0,0,0,0.0006482008
adl-35-cam0-rgb,data/keypoints_normalized/adl/adl-35-cam0-rgb.npz,238,267,0,0,0,0.0006567858
adl-35-cam0-rgb,data/keypoints_normalized/adl/adl-35-cam0-rgb.npz,239,268,0,0,0,0.0006480184
adl-35-cam0-rgb,data/keypoints_normalized/adl/adl-35-cam0-rgb.npz,240,269,0,0,0,0.0006641051
adl-35-cam0-rgb,data/keypoints_normalized/adl/adl-35-cam0-rgb.npz,241,270,0,0,0,0.00066437764
adl-35-cam0-rgb,data/keypoints_normalized/adl/adl-35-cam0-rgb.npz,242,271,0,0,0,0.0006619469
adl-35-cam0-rgb,data/keypoints_normalized/adl/adl-35-cam0-rgb.npz,243,272,0,0,0,0.00066158175
adl-35-cam0-rgb,data/keypoints_normalized/adl/adl-35-cam0-rgb.npz,244,273,0,0,0,0.00066198787
adl-35-cam0-rgb,data/keypoints_normalized/adl/adl-35-cam0-rgb.npz,245,274,0,0,0,0.0006621854
adl-35-cam0-rgb,data/keypoints_normalized/adl/adl-35-cam0-rgb.npz,246,275,0,0,0,0.00066048745
adl-35-cam0-rgb,data/keypoints_normalized/adl/adl-35-cam0-rgb.npz,247,276,0,0,0,0.0006595634
adl-35-cam0-rgb,data/keypoints_normalized/adl/adl-35-cam0-rgb.npz,248,277,0,0,0,0.0006551373
adl-35-cam0-rgb,data/keypoints_normalized/adl/adl-35-cam0-rgb.npz,249,278,0,0,0,0.00065105286
adl-35-cam0-rgb,data/keypoints_normalized/adl/adl-35-cam0-rgb.npz,250,279,0,0,0,0.00064583356
adl-35-cam0-rgb,data/keypoints_normalized/adl/adl-35-cam0-rgb.npz,251,280,0,0,0,0.0006395722
fall-01-cam0-rgb,data/keypoints_normalized/fall/fall-01-cam0-rgb.npz,1,30,0,0,0,0.00067554147
fall-01-cam0-rgb,data/keypoints_normalized/fall/fall-01-cam0-rgb.npz,2,31,0,0,0,0.0006685998
fall-01-cam0-rgb,data/keypoints_normalized/fall/fall-01-cam0-rgb.npz,3,32,0,0,0,0.0006630771
fall-01-cam0-rgb,data/keypoints_normalized/fall/fall-01-cam0-rgb.npz,4,33,0,0,0,0.0006604056
fall-01-cam0-rgb,data/keypoints_normalized/fall/fall-01-cam0-rgb.npz,5,34,0,0,0,0.0006545095
fall-01-cam0-rgb,data/keypoints_normalized/fall/fall-01-cam0-rgb.npz,6,35,0,0,0,0.0006559401
fall-01-cam0-rgb,data/keypoints_normalized/fall/fall-01-cam0-rgb.npz,7,36,0,0,0,0.00065185287
fall-01-cam0-rgb,data/keypoints_normalized/fall/fall-01-cam0-rgb.npz,8,37,0,0,0,0.00064565445
fall-01-cam0-rgb,data/keypoints_normalized/fall/fall-01-cam0-rgb.npz,9,38,0,0,0,0.0006368124
fall-01-cam0-rgb,data/keypoints_normalized/fall/fall-01-cam0-rgb.npz,10,39,0,0,0,0.00062665954
fall-01-cam0-rgb,data/keypoints_normalized/fall/fall-01-cam0-rgb.npz,11,40,0,0,0,0.0006192788
fall-01-cam0-rgb,data/keypoints_normalized/fall/fall-01-cam0-rgb.npz,12,41,0,0,0,0.00061410136
fall-01-cam0-rgb,data/keypoints_normalized/fall/fall-01-cam0-rgb.npz,13,42,0,0,0,0.00061316526
fall-01-cam0-rgb,data/keypoints_normalized/fall/fall-01-cam0-rgb.npz,14,43,0,0,0,0.00061013305
fall-01-cam0-rgb,data/keypoints_normalized/fall/fall-01-cam0-rgb.npz,15,44,0,0,0,0.00060858065
fall-01-cam0-rgb,data/keypoints_normalized/fall/fall-01-cam0-rgb.npz,16,45,0,0,0,0.0006061956
fall-01-cam0-rgb,data/keypoints_normalized/fall/fall-01-cam0-rgb.npz,17,46,0,0,0,0.00060462527
fall-01-cam0-rgb,data/keypoints_normalized/fall/fall-01-cam0-rgb.npz,18,47,0,0,0,0.00060539535
fall-01-cam0-rgb,data/keypoints_normalized/fall/fall-01-cam0-rgb.npz,19,48,0,0,0,0.0006076964
fall-01-cam0-rgb,data/keypoints_normalized/fall/fall-01-cam0-rgb.npz,20,49,0,0,0,0.00060767296
fall-01-cam0-rgb,data/keypoints_normalized/fall/fall-01-cam0-rgb.npz,21,50,0,0,0,0.00061000866
fall-01-cam0-rgb,data/keypoints_normalized/fall/fall-01-cam0-rgb.npz,22,51,0,0,0,0.00061336724
fall-01-cam0-rgb,data/keypoints_normalized/fall/fall-01-cam0-rgb.npz,23,52,0,0,0,0.00061848445
fall-01-cam0-rgb,data/keypoints_normalized/fall/fall-01-cam0-rgb.npz,24,53,0,0,0,0.00062313734
fall-01-cam0-rgb,data/keypoints_normalized/fall/fall-01-cam0-rgb.npz,25,54,0,0,0,0.000629428
fall-01-cam0-rgb,data/keypoints_normalized/fall/fall-01-cam0-rgb.npz,26,55,0,0,0,0.00063700177
fall-01-cam0-rgb,data/keypoints_normalized/fall/fall-01-cam0-rgb.npz,27,56,0,0,0,0.0006438163
fall-01-cam0-rgb,data/keypoints_normalized/fall/fall-01-cam0-rgb.npz,28,57,0,0,0,0.00065041776
fall-01-cam0-rgb,data/keypoints_normalized/fall/fall-01-cam0-rgb.npz,29,58,0,0,0,0.0006582744
fall-01-cam0-rgb,data/keypoints_normalized/fall/fall-01-cam0-rgb.npz,30,59,0,0,0,0.0006662977
fall-01-cam0-rgb,data/keypoints_normalized/fall/fall-01-cam0-rgb.npz,31,60,0,0,0,0.0006729436
fall-01-cam0-rgb,data/keypoints_normalized/fall/fall-01-cam0-rgb.npz,32,61,0,0,0,0.0006790192
fall-01-cam0-rgb,data/keypoints_normalized/fall/fall-01-cam0-rgb.npz,33,62,0,0,0,0.00068326195
fall-01-cam0-rgb,data/keypoints_normalized/fall/fall-01-cam0-rgb.npz,34,63,0,0,0,0.0006877135
fall-01-cam0-rgb,data/keypoints_normalized/fall/fall-01-cam0-rgb.npz,35,64,0,0,0,0.0006891017
fall-01-cam0-rgb,data/keypoints_normalized/fall/fall-01-cam0-rgb.npz,36,65,0,0,0,0.000690104
fall-01-cam0-rgb,data/keypoints_normalized/fall/fall-01-cam0-rgb.npz,37,66,0,0,0,0.0006887402
fall-01-cam0-rgb,data/keypoints_normalized/fall/fall-01-cam0-rgb.npz,38,67,0,0,0,0.00068622414
fall-01-cam0-rgb,data/keypoints_normalized/fall/fall-01-cam0-rgb.npz,39,68,0,0,0,0.00068270357
fall-01-cam0-rgb,data/keypoints_normalized/fall/fall-01-cam0-rgb.npz,40,69,0,0,0,0.00067713484
fall-01-cam0-rgb,data/keypoints_normalized/fall/fall-01-cam0-rgb.npz,41,70,0,0,0,0.0006713274
fall-01-cam0-rgb,data/keypoints_normalized/fall/fall-01-cam0-rgb.npz,42,71,0,0,0,0.00066633767
fall-01-cam0-rgb,data/keypoints_normalized/fall/fall-01-cam0-rgb.npz,43,72,0,0,0,0.0006595169
fall-01-cam0-rgb,data/keypoints_normalized/fall/fall-01-cam0-rgb.npz,44,73,0,0,0,0.0006529008
fall-01-cam0-rgb,data/keypoints_normalized/fall/fall-01-cam0-rgb.npz,45,74,0,0,0,0.0006480838
fall-01-cam0-rgb,data/keypoints_normalized/fall/fall-01-cam0-rgb.npz,46,75,0,0,0,0.0006421486
fall-01-cam0-rgb,data/keypoints_normalized/fall/fall-01-cam0-rgb.npz,47,76,0,0,0,0.0006382074
fall-01-cam0-rgb,data/keypoints_normalized/fall/fall-01-cam0-rgb.npz,48,77,0,0,0,0.00063417596
fall-01-cam0-rgb,data/keypoints_normalized/fall/fall-01-cam0-rgb.npz,49,78,0,0,0,0.0006304198
fall-01-cam0-rgb,data/keypoints_normalized/fall/fall-01-cam0-rgb.npz,50,79,0,0,0,0.0006275537
fall-01-cam0-rgb,data/keypoints_normalized/fall/fall-01-cam0-rgb.npz,51,80,0,0,0,0.00062504364
fall-01-cam0-rgb,data/keypoints_normalized/fall/fall-01-cam0-rgb.npz,52,81,0,0,0,0.0006223058
fall-01-cam0-rgb,data/keypoints_normalized/fall/fall-01-cam0-rgb.npz,53,82,0,0,0,0.0006215344
fall-01-cam0-rgb,data/keypoints_normalized/fall/fall-01-cam0-rgb.npz,54,83,0,0,0,0.00062286545
fall-01-cam0-rgb,data/keypoints_normalized/fall/fall-01-cam0-rgb.npz,55,84,0,0,0,0.0006230272
fall-01-cam0-rgb,data/keypoints_normalized/fall/fall-01-cam0-rgb.npz,56,85,0,0,0,0.0006252517
fall-01-cam0-rgb,data/keypoints_normalized/fall/fall-01-cam0-rgb.npz,57,86,0,0,0,0.0006287726
fall-01-cam0-rgb,data/keypoints_normalized/fall/fall-01-cam0-rgb.npz,58,87,0,0,0,0.00063202844
fall-01-cam0-rgb,data/keypoints_normalized/fall/fall-01-cam0-rgb.npz,59,88,0,0,0,0.000636341
fall-01-cam0-rgb,data/keypoints_normalized/fall/fall-01-cam0-rgb.npz,60,89,0,0,0,0.0006426824
fall-01-cam0-rgb,data/keypoints_normalized/fall/fall-01-cam0-rgb.npz,61,90,0,0,0,0.00064828206
fall-01-cam0-rgb,data/keypoints_normalized/fall/fall-01-cam0-rgb.npz,62,91,0,0,0,0.00065481075
fall-01-cam0-rgb,data/keypoints_normalized/fall/fall-01-cam0-rgb.npz,63,92,0,0,0,0.0006602621
fall-01-cam0-rgb,data/keypoints_normalized/fall/fall-01-cam0-rgb.npz,64,93,0,0,0,0.00066546636
fall-01-cam0-rgb,data/keypoints_normalized/fall/fall-01-cam0-rgb.npz,65,94,0,0,0,0.00066951255
fall-01-cam0-rgb,data/keypoints_normalized/fall/fall-01-cam0-rgb.npz,66,95,0,0,0,0.0006712506
fall-01-cam0-rgb,data/keypoints_normalized/fall/fall-01-cam0-rgb.npz,67,96,0,0,0,0.0006703627
fall-01-cam0-rgb,data/keypoints_normalized/fall/fall-01-cam0-rgb.npz,68,97,0,0,0,0.0006675123
fall-01-cam0-rgb,data/keypoints_normalized/fall/fall-01-cam0-rgb.npz,69,98,0,0,0,0.00066270435
fall-01-cam0-rgb,data/keypoints_normalized/fall/fall-01-cam0-rgb.npz,70,99,0,0,0,0.00065498654
fall-01-cam0-rgb,data/keypoints_normalized/fall/fall-01-cam0-rgb.npz,71,100,0,0,0,0.0006480634
fall-01-cam0-rgb,data/keypoints_normalized/fall/fall-01-cam0-rgb.npz,72,101,0,0,0,0.00064347766
fall-01-cam0-rgb,data/keypoints_normalized/fall/fall-01-cam0-rgb.npz,73,102,0,0,0,0.00064252905
fall-01-cam0-rgb,data/keypoints_normalized/fall/fall-01-cam0-rgb.npz,74,103,0,0,0,0.00065009744
fall-01-cam0-rgb,data/keypoints_normalized/fall/fall-01-cam0-rgb.npz,75,104,0,0,0,0.0006724351
fall-01-cam0-rgb,data/keypoints_normalized/fall/fall-01-cam0-rgb.npz,76,105,0,0,0,0.0007194503
fall-01-cam0-rgb,data/keypoints_normalized/fall/fall-01-cam0-rgb.npz,77,106,0,0,0,0.00080269616
fall-01-cam0-rgb,data/keypoints_normalized/fall/fall-01-cam0-rgb.npz,78,107,0,0,0,0.0009538389
fall-01-cam0-rgb,data/keypoints_normalized/fall/fall-01-cam0-rgb.npz,79,108,0,0,0,0.0012266933
fall-01-cam0-rgb,data/keypoints_normalized/fall/fall-01-cam0-rgb.npz,80,109,0,0,0,0.0017428477
fall-01-cam0-rgb,data/keypoints_normalized/fall/fall-01-cam0-rgb.npz,81,110,0,0,0,0.002780535
fall-01-cam0-rgb,data/keypoints_normalized/fall/fall-01-cam0-rgb.npz,82,111,0,0,0,0.0050195474
fall-01-cam0-rgb,data/keypoints_normalized/fall/fall-01-cam0-rgb.npz,84,113,1,1,0,0.02390775
fall-01-cam0-rgb,data/keypoints_normalized/fall/fall-01-cam0-rgb.npz,85,114,1,1,0,0.061179474
fall-01-cam0-rgb,data/keypoints_normalized/fall/fall-01-cam0-rgb.npz,86,115,1,1,0,0.1639198
fall-01-cam0-rgb,data/keypoints_normalized/fall/fall-01-cam0-rgb.npz,87,116,1,1,0,0.39604735
fall-01-cam0-rgb,data/keypoints_normalized/fall/fall-01-cam0-rgb.npz,88,117,1,1,1,0.70676535
fall-01-cam0-rgb,data/keypoints_normalized/fall/fall-01-cam0-rgb.npz,89,118,1,1,1,0.9029467
fall-01-cam0-rgb,data/keypoints_normalized/fall/fall-01-cam0-rgb.npz,90,119,1,1,1,0.98153436
fall-01-cam0-rgb,data/keypoints_normalized/fall/fall-01-cam0-rgb.npz,91,120,1,1,1,0.99510455
fall-01-cam0-rgb,data/keypoints_normalized/fall/fall-01-cam0-rgb.npz,92,121,1,1,1,0.9981382
fall-01-cam0-rgb,data/keypoints_normalized/fall/fall-01-cam0-rgb.npz,93,122,1,1,1,0.9992636
fall-01-cam0-rgb,data/keypoints_normalized/fall/fall-01-cam0-rgb.npz,94,123,1,1,1,0.99963474
fall-01-cam0-rgb,data/keypoints_normalized/fall/fall-01-cam0-rgb.npz,95,124,1,1,1,0.9997626
fall-01-cam0-rgb,data/keypoints_normalized/fall/fall-01-cam0-rgb.npz,96,125,1,1,1,0.9998041
fall-01-cam0-rgb,data/keypoints_normalized/fall/fall-01-cam0-rgb.npz,97,126,1,1,1,0.9997907
fall-01-cam0-rgb,data/keypoints_normalized/fall/fall-01-cam0-rgb.npz,98,127,1,1,1,0.9997087
fall-01-cam0-rgb,data/keypoints_normalized/fall/fall-01-cam0-rgb.npz,99,128,1,1,1,0.99947053
fall-01-cam0-rgb,data/keypoints_normalized/fall/fall-01-cam0-rgb.npz,100,129,1,1,1,0.9973494
fall-01-cam0-rgb,data/keypoints_normalized/fall/fall-01-cam0-rgb.npz,101,130,1,1,0,0.012887644
fall-01-cam0-rgb,data/keypoints_normalized/fall/fall-01-cam0-rgb.npz,102,131,1,1,0,0.012466449
fall-01-cam0-rgb,data/keypoints_normalized/fall/fall-01-cam0-rgb.npz,103,132,1,1,0,0.007220571
fall-01-cam0-rgb,data/keypoints_normalized/fall/fall-01-cam0-rgb.npz,104,133,1,1,0,0.0066039306
fall-01-cam0-rgb,data/keypoints_normalized/fall/fall-01-cam0-rgb.npz,105,134,1,1,0,0.0042648814
fall-01-cam0-rgb,data/keypoints_normalized/fall/fall-01-cam0-rgb.npz,106,135,1,1,0,0.0035111627
fall-01-cam0-rgb,data/keypoints_normalized/fall/fall-01-cam0-rgb.npz,107,136,1,1,0,0.0032171465
fall-01-cam0-rgb,data/keypoints_normalized/fall/fall-01-cam0-rgb.npz,108,137,1,1,0,0.0026543243
fall-01-cam0-rgb,data/keypoints_normalized/fall/fall-01-cam0-rgb.npz,109,138,1,1,0,0.0022085086
fall-01-cam0-rgb,data/keypoints_normalized/fall/fall-01-cam0-rgb.npz,110,139,1,1,0,0.0019358948
fall-01-cam0-rgb,data/keypoints_normalized/fall/fall-01-cam0-rgb.npz,111,140,1,1,0,0.0020713906
fall-01-cam0-rgb,data/keypoints_normalized/fall/fall-01-cam0-rgb.npz,112,141,1,1,0,0.0018709094
fall-01-cam0-rgb,data/keypoints_normalized/fall/fall-01-cam0-rgb.npz,113,142,1,1,0,0.0017587243
fall-01-cam0-rgb,data/keypoints_normalized/fall/fall-01-cam0-rgb.npz,114,143,1,1,0,0.0042563207
fall-01-cam0-rgb,data/keypoints_normalized/fall/fall-01-cam0-rgb.npz,115,144,1,1,0,0.0022734932
fall-01-cam0-rgb,data/keypoints_normalized/fall/fall-01-cam0-rgb.npz,116,145,1,1,0,0.0009942945
fall-01-cam0-rgb,data/keypoints_normalized/fall/fall-01-cam0-rgb.npz,117,146,1,1,0,0.00097065885
fall-01-cam0-rgb,data/keypoints_normalized/fall/fall-01-cam0-rgb.npz,118,147,1,1,0,0.00043876545
fall-01-cam0-rgb,data/keypoints_normalized/fall/fall-01-cam0-rgb.npz,119,148,1,1,0,0.00042745846
fall-01-cam0-rgb,data/keypoints_normalized/fall/fall-01-cam0-rgb.npz,120,149,1,1,0,0.0003996489
fall-01-cam0-rgb,data/keypoints_normalized/fall/fall-01-cam0-rgb.npz,121,150,1,1,0,0.0003775175
fall-01-cam0-rgb,data/keypoints_normalized/fall/fall-01-cam0-rgb.npz,122,151,1,1,0,0.00030902732
fall-01-cam0-rgb,data/keypoints_normalized/fall/fall-01-cam0-rgb.npz,123,152,1,1,0,0.00028418854
fall-01-cam0-rgb,data/keypoints_normalized/fall/fall-01-cam0-rgb.npz,124,153,1,1,0,0.0003238867
fall-01-cam0-rgb,data/keypoints_normalized/fall/fall-01-cam0-rgb.npz,125,154,1,1,0,0.00032253214
fall-01-cam0-rgb,data/keypoints_normalized/fall/fall-01-cam0-rgb.npz,126,155,1,1,0,0.0003216174
fall-01-cam0-rgb,data/keypoints_normalized/fall/fall-01-cam0-rgb.npz,127,156,1,1,0,0.00032044764
fall-01-cam0-rgb,data/keypoints_normalized/fall/fall-01-cam0-rgb.npz,128,157,1,1,0,0.00031874867
fall-01-cam0-rgb,data/keypoints_normalized/fall/fall-01-cam0-rgb.npz,129,158,1,1,0,0.00031720256
fall-01-cam0-rgb,data/keypoints_normalized/fall/fall-01-cam0-rgb.npz,130,159,1,1,0,0.00031089078
fall-01-cam0-rgb,data/keypoints_normalized/fall/fall-01-cam0-rgb.npz,131,160,1,1,0,0.0003080689
fall-02-cam0-rgb,data/keypoints_normalized/fall/fall-02-cam0-rgb.npz,1,30,0,0,0,0.00051191426
fall-02-cam0-rgb,data/keypoints_normalized/fall/fall-02-cam0-rgb.npz,2,31,0,0,0,0.00051192567
fall-02-cam0-rgb,data/keypoints_normalized/fall/fall-02-cam0-rgb.npz,3,32,0,0,0,0.0005123062
fall-02-cam0-rgb,data/keypoints_normalized/fall/fall-02-cam0-rgb.npz,4,33,0,0,0,0.0005110755
fall-02-cam0-rgb,data/keypoints_normalized/fall/fall-02-cam0-rgb.npz,5,34,0,0,0,0.0005103749
fall-02-cam0-rgb,data/keypoints_normalized/fall/fall-02-cam0-rgb.npz,6,35,0,0,0,0.0005093866
fall-02-cam0-rgb,data/keypoints_normalized/fall/fall-02-cam0-rgb.npz,7,36,0,0,0,0.0005082028
fall-02-cam0-rgb,data/keypoints_normalized/fall/fall-02-cam0-rgb.npz,8,37,0,0,0,0.000507365
fall-02-cam0-rgb,data/keypoints_normalized/fall/fall-02-cam0-rgb.npz,9,38,0,0,0,0.00050712615
fall-02-cam0-rgb,data/keypoints_normalized/fall/fall-02-cam0-rgb.npz,10,39,0,0,0,0.0005050797
fall-02-cam0-rgb,data/keypoints_normalized/fall/fall-02-cam0-rgb.npz,11,40,0,0,0,0.0005017641
fall-02-cam0-rgb,data/keypoints_normalized/fall/fall-02-cam0-rgb.npz,12,41,0,0,0,0.0004999213
fall-02-cam0-rgb,data/keypoints_normalized/fall/fall-02-cam0-rgb.npz,13,42,0,0,0,0.0004973246
fall-02-cam0-rgb,data/keypoints_normalized/fall/fall-02-cam0-rgb.npz,14,43,0,0,0,0.000493469
fall-02-cam0-rgb,data/keypoints_normalized/fall/fall-02-cam0-rgb.npz,15,44,0,0,0,0.0004908761
fall-02-cam0-rgb,data/keypoints_normalized/fall/fall-02-cam0-rgb.npz,16,45,0,0,0,0.00048717076
fall-02-cam0-rgb,data/keypoints_normalized/fall/fall-02-cam0-rgb.npz,17,46,0,0,0,0.00048447697
fall-02-cam0-rgb,data/keypoints_normalized/fall/fall-02-cam0-rgb.npz,18,47,0,0,0,0.0004814333
fall-02-cam0-rgb,data/keypoints_normalized/fall/fall-02-cam0-rgb.npz,19,48,0,0,0,0.000478163
fall-02-cam0-rgb,data/keypoints_normalized/fall/fall-02-cam0-rgb.npz,20,49,0,0,0,0.0004761252
fall-02-cam0-rgb,data/keypoints_normalized/fall/fall-02-cam0-rgb.npz,21,50,0,0,0,0.0004735924
fall-02-cam0-rgb,data/keypoints_normalized/fall/fall-02-cam0-rgb.npz,22,51,0,0,0,0.00047201055
fall-02-cam0-rgb,data/keypoints_normalized/fall/fall-02-cam0-rgb.npz,23,52,0,0,0,0.00047097343
fall-02-cam0-rgb,data/keypoints_normalized/fall/fall-02-cam0-rgb.npz,24,53,0,0,0,0.00047063548
fall-02-cam0-rgb,data/keypoints_normalized/fall/fall-02-cam0-rgb.npz,25,54,0,0,0,0.00047244126
fall-02-cam0-rgb,data/keypoints_normalized/fall/fall-02-cam0-rgb.npz,26,55,0,0,0,0.00047474817
fall-02-cam0-rgb,data/keypoints_normalized/fall/fall-02-cam0-rgb.npz,27,56,0,0,0,0.00048260982
fall-02-cam0-rgb,data/keypoints_normalized/fall/fall-02-cam0-rgb.npz,28,57,0,0,0,0.00049739715
fall-02-cam0-rgb,data/keypoints_normalized/fall/fall-02-cam0-rgb.npz,29,58,0,0,0,0.00046599866
fall-02-cam0-rgb,data/keypoints_normalized/fall/fall-02-cam0-rgb.npz,30,59,0,0,0,0.00047847576
fall-02-cam0-rgb,data/keypoints_normalized/fall/fall-02-cam0-rgb.npz,31,60,0,0,0,0.0005029495
fall-02-cam0-rgb,data/keypoints_normalized/fall/fall-02-cam0-rgb.npz,32,61,0,0,0,0.0005422183
fall-02-cam0-rgb,data/keypoints_normalized/fall/fall-02-cam0-rgb.npz,33,62,0,0,0,0.0007290704
fall-02-cam0-rgb,data/keypoints_normalized/fall/fall-02-cam0-rgb.npz,34,63,0,0,0,0.00085000915
fall-02-cam0-rgb,data/keypoints_normalized/fall/fall-02-cam0-rgb.npz,35,64,0,0,0,0.0010123054
fall-02-cam0-rgb,data/keypoints_normalized/fall/fall-02-cam0-rgb.npz,36,65,0,0,0,0.0012200489
fall-02-cam0-rgb,data/keypoints_normalized/fall/fall-02-cam0-rgb.npz,37,66,0,0,0,0.0015151147
fall-02-cam0-rgb,data/keypoints_normalized/fall/fall-02-cam0-rgb.npz,38,67,0,0,0,0.0019679458
fall-02-cam0-rgb,data/keypoints_normalized/fall/fall-02-cam0-rgb.npz,39,68,0,0,0,0.0029214907
fall-02-cam0-rgb,data/keypoints_normalized/fall/fall-02-cam0-rgb.npz,41,70,1,1,0,0.016270071
fall-02-cam0-rgb,data/keypoints_normalized/fall/fall-02-cam0-rgb.npz,42,71,1,1,0,0.06520723
fall-02-cam0-rgb,data/keypoints_normalized/fall/fall-02-cam0-rgb.npz,43,72,1,1,0,0.32044652
fall-02-cam0-rgb,data/keypoints_normalized/fall/fall-02-cam0-rgb.npz,44,73,1,1,1,0.8453861
fall-02-cam0-rgb,data/keypoints_normalized/fall/fall-02-cam0-rgb.npz,45,74,1,1,1,0.9784999
fall-02-cam0-rgb,data/keypoints_normalized/fall/fall-02-cam0-rgb.npz,46,75,1,1,1,0.9966813
fall-02-cam0-rgb,data/keypoints_normalized/fall/fall-02-cam0-rgb.npz,47,76,1,1,1,0.9991303
fall-02-cam0-rgb,data/keypoints_normalized/fall/fall-02-cam0-rgb.npz,48,77,1,1,1,0.99968386
fall-02-cam0-rgb,data/keypoints_normalized/fall/fall-02-cam0-rgb.npz,49,78,1,1,1,0.999851
fall-02-cam0-rgb,data/keypoints_normalized/fall/fall-02-cam0-rgb.npz,50,79,1,1,1,0.99991393
fall-02-cam0-rgb,data/keypoints_normalized/fall/fall-02-cam0-rgb.npz,51,80,1,1,1,0.9999423
fall-02-cam0-rgb,data/keypoints_normalized/fall/fall-02-cam0-rgb.npz,52,81,1,1,1,0.9999559
fall-02-cam0-rgb,data/keypoints_normalized/fall/fall-02-cam0-rgb.npz,53,82,1,1,1,0.99996865
fall-02-cam0-rgb,data/keypoints_normalized/fall/fall-02-cam0-rgb.npz,54,83,1,1,1,0.9999708
fall-02-cam0-rgb,data/keypoints_normalized/fall/fall-02-cam0-rgb.npz,55,84,1,1,1,0.999972
fall-02-cam0-rgb,data/keypoints_normalized/fall/fall-02-cam0-rgb.npz,56,85,1,1,1,0.9999728
fall-02-cam0-rgb,data/keypoints_normalized/fall/fall-02-cam0-rgb.npz,57,86,1,1,1,0.9999732
fall-02-cam0-rgb,data/keypoints_normalized/fall/fall-02-cam0-rgb.npz,58,87,1,1,1,0.9999734
fall-02-cam0-rgb,data/keypoints_normalized/fall/fall-02-cam0-rgb.npz,59,88,1,1,1,0.99997365
fall-02-cam0-rgb,data/keypoints_normalized/fall/fall-02-cam0-rgb.npz,60,89,1,1,1,0.9999739
fall-02-cam0-rgb,data/keypoints_normalized/fall/fall-02-cam0-rgb.npz,61,90,1,1,1,0.99997413
fall-02-cam0-rgb,data/keypoints_normalized/fall/fall-02-cam0-rgb.npz,62,91,1,1,1,0.99997425
fall-02-cam0-rgb,data/keypoints_normalized/fall/fall-02-cam0-rgb.npz,63,92,1,1,1,0.99997437
fall-02-cam0-rgb,data/keypoints_normalized/fall/fall-02-cam0-rgb.npz,64,93,1,1,1,0.9999745
fall-02-cam0-rgb,data/keypoints_normalized/fall/fall-02-cam0-rgb.npz,65,94,1,1,1,0.9999745
fall-02-cam0-rgb,data/keypoints_normalized/fall/fall-02-cam0-rgb.npz,66,95,1,1,1,0.9999745
fall-02-cam0-rgb,data/keypoints_normalized/fall/fall-02-cam0-rgb.npz,67,96,1,1,1,0.9999745
fall-02-cam0-rgb,data/keypoints_normalized/fall/fall-02-cam0-rgb.npz,68,97,1,1,1,0.9999745
fall-02-cam0-rgb,data/keypoints_normalized/fall/fall-02-cam0-rgb.npz,69,98,1,1,1,0.9999745
fall-02-cam0-rgb,data/keypoints_normalized/fall/fall-02-cam0-rgb.npz,70,99,1,1,1,0.9999745
fall-02-cam0-rgb,data/keypoints_normalized/fall/fall-02-cam0-rgb.npz,71,100,1,1,1,0.9999745
fall-02-cam0-rgb,data/keypoints_normalized/fall/fall-02-cam0-rgb.npz,72,101,1,1,1,0.9999745
fall-02-cam0-rgb,data/keypoints_normalized/fall/fall-02-cam0-rgb.npz,73,102,1,1,1,0.9999745
fall-02-cam0-rgb,data/keypoints_normalized/fall/fall-02-cam0-rgb.npz,74,103,1,1,1,0.9999745
fall-02-cam0-rgb,data/keypoints_normalized/fall/fall-02-cam0-rgb.npz,75,104,1,1,1,0.9999745
fall-02-cam0-rgb,data/keypoints_normalized/fall/fall-02-cam0-rgb.npz,76,105,1,1,1,0.9999745
fall-02-cam0-rgb,data/keypoints_normalized/fall/fall-02-cam0-rgb.npz,77,106,1,1,1,0.9999745
fall-02-cam0-rgb,data/keypoints_normalized/fall/fall-02-cam0-rgb.npz,78,107,1,1,1,0.9999745
fall-02-cam0-rgb,data/keypoints_normalized/fall/fall-02-cam0-rgb.npz,79,108,1,1,1,0.9999745
fall-02-cam0-rgb,data/keypoints_normalized/fall/fall-02-cam0-rgb.npz,80,109,1,1,1,0.9999745
fall-02-cam0-rgb,data/keypoints_normalized/fall/fall-02-cam0-rgb.npz,81,110,1,1,1,0.9999745
fall-06-cam0-rgb,data/keypoints_normalized/fall/fall-06-cam0-rgb.npz,1,30,0,0,0,0.00051870977
fall-06-cam0-rgb,data/keypoints_normalized/fall/fall-06-cam0-rgb.npz,2,31,0,0,0,0.0005299028
fall-06-cam0-rgb,data/keypoints_normalized/fall/fall-06-cam0-rgb.npz,3,32,0,0,0,0.0005429149
fall-06-cam0-rgb,data/keypoints_normalized/fall/fall-06-cam0-rgb.npz,4,33,0,0,0,0.00055943127
fall-06-cam0-rgb,data/keypoints_normalized/fall/fall-06-cam0-rgb.npz,5,34,0,0,0,0.00058192527
fall-06-cam0-rgb,data/keypoints_normalized/fall/fall-06-cam0-rgb.npz,6,35,0,0,0,0.0006112468
fall-06-cam0-rgb,data/keypoints_normalized/fall/fall-06-cam0-rgb.npz,7,36,0,0,0,0.00065247784
fall-06-cam0-rgb,data/keypoints_normalized/fall/fall-06-cam0-rgb.npz,8,37,0,0,0,0.00070867623
fall-06-cam0-rgb,data/keypoints_normalized/fall/fall-06-cam0-rgb.npz,9,38,0,0,0,0.0007918186
fall-06-cam0-rgb,data/keypoints_normalized/fall/fall-06-cam0-rgb.npz,10,39,0,0,0,0.00091687444
fall-06-cam0-rgb,data/keypoints_normalized/fall/fall-06-cam0-rgb.npz,12,41,1,1,0,0.0015301009
fall-06-cam0-rgb,data/keypoints_normalized/fall/fall-06-cam0-rgb.npz,13,42,1,1,0,0.0024440053
fall-06-cam0-rgb,data/keypoints_normalized/fall/fall-06-cam0-rgb.npz,14,43,1,1,0,0.0050891116
fall-06-cam0-rgb,data/keypoints_normalized/fall/fall-06-cam0-rgb.npz,15,44,1,1,0,0.0151043255
fall-06-cam0-rgb,data/keypoints_normalized/fall/fall-06-cam0-rgb.npz,16,45,1,1,0,0.06279825
fall-06-cam0-rgb,data/keypoints_normalized/fall/fall-06-cam0-rgb.npz,17,46,1,1,0,0.28040636
fall-06-cam0-rgb,data/keypoints_normalized/fall/fall-06-cam0-rgb.npz,18,47,1,1,1,0.7168334
fall-06-cam0-rgb,data/keypoints_normalized/fall/fall-06-cam0-rgb.npz,19,48,1,1,1,0.9415909
fall-06-cam0-rgb,data/keypoints_normalized/fall/fall-06-cam0-rgb.npz,20,49,1,1,1,0.98858124
fall-06-cam0-rgb,data/keypoints_normalized/fall/fall-06-cam0-rgb.npz,21,50,1,1,1,0.9973139
fall-06-cam0-rgb,data/keypoints_normalized/fall/fall-06-cam0-rgb.npz,22,51,1,1,1,0.99917823
fall-06-cam0-rgb,data/keypoints_normalized/fall/fall-06-cam0-rgb.npz,23,52,1,1,1,0.99967813
fall-06-cam0-rgb,data/keypoints_normalized/fall/fall-06-cam0-rgb.npz,24,53,1,1,1,0.9998424
fall-06-cam0-rgb,data/keypoints_normalized/fall/fall-06-cam0-rgb.npz,25,54,1,1,1,0.99990773
fall-06-cam0-rgb,data/keypoints_normalized/fall/fall-06-cam0-rgb.npz,26,55,1,1,1,0.9999373
fall-06-cam0-rgb,data/keypoints_normalized/fall/fall-06-cam0-rgb.npz,27,56,1,1,1,0.9999523
fall-06-cam0-rgb,data/keypoints_normalized/fall/fall-06-cam0-rgb.npz,28,57,1,1,1,0.99996066
fall-06-cam0-rgb,data/keypoints_normalized/fall/fall-06-cam0-rgb.npz,29,58,1,1,1,0.9999658
fall-06-cam0-rgb,data/keypoints_normalized/fall/fall-06-cam0-rgb.npz,30,59,1,1,1,0.99996877
fall-06-cam0-rgb,data/keypoints_normalized/fall/fall-06-cam0-rgb.npz,31,60,1,1,1,0.9999707
fall-06-cam0-rgb,data/keypoints_normalized/fall/fall-06-cam0-rgb.npz,32,61,1,1,1,0.99997187
fall-06-cam0-rgb,data/keypoints_normalized/fall/fall-06-cam0-rgb.npz,33,62,1,1,1,0.99997294
fall-06-cam0-rgb,data/keypoints_normalized/fall/fall-06-cam0-rgb.npz,34,63,1,1,1,0.9999727
fall-06-cam0-rgb,data/keypoints_normalized/fall/fall-06-cam0-rgb.npz,35,64,1,1,1,0.99997175
fall-06-cam0-rgb,data/keypoints_normalized/fall/fall-06-cam0-rgb.npz,36,65,1,1,1,0.999969
fall-06-cam0-rgb,data/keypoints_normalized/fall/fall-06-cam0-rgb.npz,37,66,1,1,1,0.99996233
fall-06-cam0-rgb,data/keypoints_normalized/fall/fall-06-cam0-rgb.npz,38,67,1,1,1,0.999946
fall-06-cam0-rgb,data/keypoints_normalized/fall/fall-06-cam0-rgb.npz,39,68,1,1,1,0.9998572
fall-06-cam0-rgb,data/keypoints_normalized/fall/fall-06-cam0-rgb.npz,40,69,1,1,1,0.9995369
fall-06-cam0-rgb,data/keypoints_normalized/fall/fall-06-cam0-rgb.npz,41,70,1,1,1,0.9974232
fall-06-cam0-rgb,data/keypoints_normalized/fall/fall-06-cam0-rgb.npz,42,71,1,1,1,0.9803538
fall-06-cam0-rgb,data/keypoints_normalized/fall/fall-06-cam0-rgb.npz,43,72,1,1,1,0.8491884
fall-06-cam0-rgb,data/keypoints_normalized/fall/fall-06-cam0-rgb.npz,44,73,1,1,0,0.44891512
fall-06-cam0-rgb,data/keypoints_normalized/fall/fall-06-cam0-rgb.npz,45,74,1,1,0,0.13158134
fall-06-cam0-rgb,data/keypoints_normalized/fall/fall-06-cam0-rgb.npz,46,75,1,1,0,0.03916763
fall-06-cam0-rgb,data/keypoints_normalized/fall/fall-06-cam0-rgb.npz,47,76,1,1,0,0.015128782
fall-06-cam0-rgb,data/keypoints_normalized/fall/fall-06-cam0-rgb.npz,48,77,1,1,0,0.0065416135
fall-06-cam0-rgb,data/keypoints_normalized/fall/fall-06-cam0-rgb.npz,49,78,1,1,0,0.0033060121
fall-06-cam0-rgb,data/keypoints_normalized/fall/fall-06-cam0-rgb.npz,50,79,1,1,0,0.0021424517
fall-06-cam0-rgb,data/keypoints_normalized/fall/fall-06-cam0-rgb.npz,51,80,1,1,0,0.0017915734
fall-06-cam0-rgb,data/keypoints_normalized/fall/fall-06-cam0-rgb.npz,52,81,1,1,0,0.0017074066
fall-06-cam0-rgb,data/keypoints_normalized/fall/fall-06-cam0-rgb.npz,53,82,1,1,0,0.0016870591
fall-06-cam0-rgb,data/keypoints_normalized/fall/fall-06-cam0-rgb.npz,54,83,1,1,0,0.001719134
fall-06-cam0-rgb,data/keypoints_normalized/fall/fall-06-cam0-rgb.npz,55,84,1,1,0,0.0017923386
fall-06-cam0-rgb,data/keypoints_normalized/fall/fall-06-cam0-rgb.npz,56,85,1,1,0,0.0018894407
fall-06-cam0-rgb,data/keypoints_normalized/fall/fall-06-cam0-rgb.npz,57,86,1,1,0,0.0020322604
fall-06-cam0-rgb,data/keypoints_normalized/fall/fall-06-cam0-rgb.npz,58,87,1,1,0,0.0022032652
fall-06-cam0-rgb,data/keypoints_normalized/fall/fall-06-cam0-rgb.npz,59,88,1,1,0,0.002456296
fall-06-cam0-rgb,data/keypoints_normalized/fall/fall-06-cam0-rgb.npz,60,89,1,1,0,0.0028994388
fall-06-cam0-rgb,data/keypoints_normalized/fall/fall-06-cam0-rgb.npz,61,90,1,1,0,0.0036811766
fall-06-cam0-rgb,data/keypoints_normalized/fall/fall-06-cam0-rgb.npz,62,91,1,1,0,0.004981953
fall-06-cam0-rgb,data/keypoints_normalized/fall/fall-06-cam0-rgb.npz,63,92,1,1,0,0.0073985443
fall-06-cam0-rgb,data/keypoints_normalized/fall/fall-06-cam0-rgb.npz,64,93,1,1,0,0.012304622
fall-06-cam0-rgb,data/keypoints_normalized/fall/fall-06-cam0-rgb.npz,65,94,1,1,0,0.023108382
fall-06-cam0-rgb,data/keypoints_normalized/fall/fall-06-cam0-rgb.npz,66,95,1,1,0,0.04305472
fall-06-cam0-rgb,data/keypoints_normalized/fall/fall-06-cam0-rgb.npz,67,96,1,1,0,0.14005029
fall-06-cam0-rgb,data/keypoints_normalized/fall/fall-06-cam0-rgb.npz,68,97,1,1,1,0.57525355
fall-06-cam0-rgb,data/keypoints_normalized/fall/fall-06-cam0-rgb.npz,69,98,1,1,1,0.9709944
fall-06-cam0-rgb,data/keypoints_normalized/fall/fall-06-cam0-rgb.npz,70,99,1,1,1,0.9946386
fall-06-cam0-rgb,data/keypoints_normalized/fall/fall-06-cam0-rgb.npz,71,100,1,1,1,0.9960748
fall-08-cam0-rgb,data/keypoints_normalized/fall/fall-08-cam0-rgb.npz,1,30,0,0,0,0.00038709256
fall-08-cam0-rgb,data/keypoints_normalized/fall/fall-08-cam0-rgb.npz,2,31,0,0,0,0.00038852182
fall-08-cam0-rgb,data/keypoints_normalized/fall/fall-08-cam0-rgb.npz,3,32,0,0,0,0.0003901463
fall-08-cam0-rgb,data/keypoints_normalized/fall/fall-08-cam0-rgb.npz,4,33,0,0,0,0.00039245278
fall-08-cam0-rgb,data/keypoints_normalized/fall/fall-08-cam0-rgb.npz,5,34,0,0,0,0.0003957902
fall-08-cam0-rgb,data/keypoints_normalized/fall/fall-08-cam0-rgb.npz,6,35,0,0,0,0.0003992755
fall-08-cam0-rgb,data/keypoints_normalized/fall/fall-08-cam0-rgb.npz,7,36,0,0,0,0.0004044595
fall-08-cam0-rgb,data/keypoints_normalized/fall/fall-08-cam0-rgb.npz,8,37,0,0,0,0.00041000516
fall-08-cam0-rgb,data/keypoints_normalized/fall/fall-08-cam0-rgb.npz,9,38,0,0,0,0.00041818508
fall-08-cam0-rgb,data/keypoints_normalized/fall/fall-08-cam0-rgb.npz,10,39,0,0,0,0.00042642548
fall-08-cam0-rgb,data/keypoints_normalized/fall/fall-08-cam0-rgb.npz,11,40,0,0,0,0.00043690045
fall-08-cam0-rgb,data/keypoints_normalized/fall/fall-08-cam0-rgb.npz,12,41,0,0,0,0.0004508177
fall-08-cam0-rgb,data/keypoints_normalized/fall/fall-08-cam0-rgb.npz,13,42,0,0,0,0.0004671172
fall-08-cam0-rgb,data/keypoints_normalized/fall/fall-08-cam0-rgb.npz,14,43,0,0,0,0.00048793133
fall-08-cam0-rgb,data/keypoints_normalized/fall/fall-08-cam0-rgb.npz,15,44,0,0,0,0.000516013
fall-08-cam0-rgb,data/keypoints_normalized/fall/fall-08-cam0-rgb.npz,16,45,0,0,0,0.00055360113
fall-08-cam0-rgb,data/keypoints_normalized/fall/fall-08-cam0-rgb.npz,17,46,0,0,0,0.0006053475
fall-08-cam0-rgb,data/keypoints_normalized/fall/fall-08-cam0-rgb.npz,18,47,0,0,0,0.0006807888
fall-08-cam0-rgb,data/keypoints_normalized/fall/fall-08-cam0-rgb.npz,19,48,0,0,0,0.0008061993
fall-08-cam0-rgb,data/keypoints_normalized/fall/fall-08-cam0-rgb.npz,20,49,0,0,0,0.0010454969
fall-08-cam0-rgb,data/keypoints_normalized/fall/fall-08-cam0-rgb.npz,21,50,0,0,0,0.0015778774
fall-08-cam0-rgb,data/keypoints_normalized/fall/fall-08-cam0-rgb.npz,22,51,0,0,0,0.0029885962
fall-08-cam0-rgb,data/keypoints_normalized/fall/fall-08-cam0-rgb.npz,23,52,0,0,0,0.007489342
fall-08-cam0-rgb,data/keypoints_normalized/fall/fall-08-cam0-rgb.npz,24,53,0,0,0,0.02584498
fall-08-cam0-rgb,data/keypoints_normalized/fall/fall-08-cam0-rgb.npz,25,54,0,0,0,0.111741774
fall-08-cam0-rgb,data/keypoints_normalized/fall/fall-08-cam0-rgb.npz,26,55,0,0,0,0.4044733
fall-08-cam0-rgb,data/keypoints_normalized/fall/fall-08-cam0-rgb.npz,27,56,0,0,1,0.7856947
fall-08-cam0-rgb,data/keypoints_normalized/fall/fall-08-cam0-rgb.npz,28,57,0,0,1,0.94835556
fall-08-cam0-rgb,data/keypoints_normalized/fall/fall-08-cam0-rgb.npz,29,58,0,0,1,0.9853253
fall-08-cam0-rgb,data/keypoints_normalized/fall/fall-08-cam0-rgb.npz,31,60,1,1,1,0.9982534
fall-08-cam0-rgb,data/keypoints_normalized/fall/fall-08-cam0-rgb.npz,32,61,1,1,1,0.9991585
fall-08-cam0-rgb,data/keypoints_normalized/fall/fall-08-cam0-rgb.npz,33,62,1,1,1,0.99956924
fall-08-cam0-rgb,data/keypoints_normalized/fall/fall-08-cam0-rgb.npz,34,63,1,1,1,0.999747
fall-08-cam0-rgb,data/keypoints_normalized/fall/fall-08-cam0-rgb.npz,35,64,1,1,1,0.9998386
fall-08-cam0-rgb,data/keypoints_normalized/fall/fall-08-cam0-rgb.npz,36,65,1,1,1,0.9998896
fall-08-cam0-rgb,data/keypoints_normalized/fall/fall-08-cam0-rgb.npz,37,66,1,1,1,0.9999194
fall-08-cam0-rgb,data/keypoints_normalized/fall/fall-08-cam0-rgb.npz,38,67,1,1,1,0.9999378
fall-08-cam0-rgb,data/keypoints_normalized/fall/fall-08-cam0-rgb.npz,39,68,1,1,1,0.99994886
fall-08-cam0-rgb,data/keypoints_normalized/fall/fall-08-cam0-rgb.npz,40,69,1,1,1,0.9999565
fall-08-cam0-rgb,data/keypoints_normalized/fall/fall-08-cam0-rgb.npz,41,70,1,1,1,0.99996173
fall-08-cam0-rgb,data/keypoints_normalized/fall/fall-08-cam0-rgb.npz,42,71,1,1,1,0.9999659
fall-08-cam0-rgb,data/keypoints_normalized/fall/fall-08-cam0-rgb.npz,43,72,1,1,1,0.9999684
fall-08-cam0-rgb,data/keypoints_normalized/fall/fall-08-cam0-rgb.npz,44,73,1,1,1,0.9999709
fall-08-cam0-rgb,data/keypoints_normalized/fall/fall-08-cam0-rgb.npz,45,74,1,1,1,0.99997187
fall-08-cam0-rgb,data/keypoints_normalized/fall/fall-08-cam0-rgb.npz,46,75,1,1,1,0.9999727
fall-08-cam0-rgb,data/keypoints_normalized/fall/fall-08-cam0-rgb.npz,47,76,1,1,1,0.9999732
fall-08-cam0-rgb,data/keypoints_normalized/fall/fall-08-cam0-rgb.npz,48,77,1,1,1,0.99997354
fall-08-cam0-rgb,data/keypoints_normalized/fall/fall-08-cam0-rgb.npz,49,78,1,1,1,0.9999738
fall-08-cam0-rgb,data/keypoints_normalized/fall/fall-08-cam0-rgb.npz,50,79,1,1,1,0.9999739
fall-08-cam0-rgb,data/keypoints_normalized/fall/fall-08-cam0-rgb.npz,51,80,1,1,1,0.99997413
fall-08-cam0-rgb,data/keypoints_normalized/fall/fall-08-cam0-rgb.npz,52,81,1,1,1,0.99997425
fall-08-cam0-rgb,data/keypoints_normalized/fall/fall-08-cam0-rgb.npz,53,82,1,1,1,0.99997425
fall-08-cam0-rgb,data/keypoints_normalized/fall/fall-08-cam0-rgb.npz,54,83,1,1,1,0.99997425
fall-08-cam0-rgb,data/keypoints_normalized/fall/fall-08-cam0-rgb.npz,55,84,1,1,1,0.99997437
fall-08-cam0-rgb,data/keypoints_normalized/fall/fall-08-cam0-rgb.npz,56,85,1,1,1,0.99997437
fall-08-cam0-rgb,data/keypoints_normalized/fall/fall-08-cam0-rgb.npz,57,86,1,1,1,0.99997437
fall-08-cam0-rgb,data/keypoints_normalized/fall/fall-08-cam0-rgb.npz,58,87,1,1,1,0.99997437
fall-08-cam0-rgb,data/keypoints_normalized/fall/fall-08-cam0-rgb.npz,59,88,1,1,1,0.99997437
fall-08-cam0-rgb,data/keypoints_normalized/fall/fall-08-cam0-rgb.npz,60,89,1,1,1,0.9999745
fall-08-cam0-rgb,data/keypoints_normalized/fall/fall-08-cam0-rgb.npz,61,90,1,1,1,0.9999745
fall-08-cam0-rgb,data/keypoints_normalized/fall/fall-08-cam0-rgb.npz,62,91,1,1,1,0.9999745
fall-15-cam0-rgb,data/keypoints_normalized/fall/fall-15-cam0-rgb.npz,1,30,0,0,0,0.00056484056
fall-15-cam0-rgb,data/keypoints_normalized/fall/fall-15-cam0-rgb.npz,2,31,0,0,0,0.0005602044
fall-15-cam0-rgb,data/keypoints_normalized/fall/fall-15-cam0-rgb.npz,3,32,0,0,0,0.00055346795
fall-15-cam0-rgb,data/keypoints_normalized/fall/fall-15-cam0-rgb.npz,4,33,0,0,0,0.00054763875
fall-15-cam0-rgb,data/keypoints_normalized/fall/fall-15-cam0-rgb.npz,5,34,0,0,0,0.0005396512
fall-15-cam0-rgb,data/keypoints_normalized/fall/fall-15-cam0-rgb.npz,6,35,0,0,0,0.0005323526
fall-15-cam0-rgb,data/keypoints_normalized/fall/fall-15-cam0-rgb.npz,7,36,0,0,0,0.0005243829
fall-15-cam0-rgb,data/keypoints_normalized/fall/fall-15-cam0-rgb.npz,8,37,0,0,0,0.0005167841
fall-15-cam0-rgb,data/keypoints_normalized/fall/fall-15-cam0-rgb.npz,9,38,0,0,0,0.00050878176
fall-15-cam0-rgb,data/keypoints_normalized/fall/fall-15-cam0-rgb.npz,10,39,0,0,0,0.00050222495
fall-15-cam0-rgb,data/keypoints_normalized/fall/fall-15-cam0-rgb.npz,11,40,0,0,0,0.00049714075
fall-15-cam0-rgb,data/keypoints_normalized/fall/fall-15-cam0-rgb.npz,12,41,0,0,0,0.0004945629
fall-15-cam0-rgb,data/keypoints_normalized/fall/fall-15-cam0-rgb.npz,13,42,0,0,0,0.00049638434
fall-15-cam0-rgb,data/keypoints_normalized/fall/fall-15-cam0-rgb.npz,14,43,0,0,0,0.0005080105
fall-15-cam0-rgb,data/keypoints_normalized/fall/fall-15-cam0-rgb.npz,15,44,0,0,0,0.0005327795
fall-15-cam0-rgb,data/keypoints_normalized/fall/fall-15-cam0-rgb.npz,16,45,0,0,0,0.0005803691
fall-15-cam0-rgb,data/keypoints_normalized/fall/fall-15-cam0-rgb.npz,17,46,0,0,0,0.0006654286
fall-15-cam0-rgb,data/keypoints_normalized/fall/fall-15-cam0-rgb.npz,18,47,0,0,0,0.0008173571
fall-15-cam0-rgb,data/keypoints_normalized/fall/fall-15-cam0-rgb.npz,19,48,0,0,0,0.0010845279
fall-15-cam0-rgb,data/keypoints_normalized/fall/fall-15-cam0-rgb.npz,20,49,0,0,0,0.0015711639
fall-15-cam0-rgb,data/keypoints_normalized/fall/fall-15-cam0-rgb.npz,21,50,0,0,0,0.0024894066
fall-15-cam0-rgb,data/keypoints_normalized/fall/fall-15-cam0-rgb.npz,22,51,0,0,0,0.0042926613
fall-15-cam0-rgb,data/keypoints_normalized/fall/fall-15-cam0-rgb.npz,23,52,0,0,0,0.008342593
fall-15-cam0-rgb,data/keypoints_normalized/fall/fall-15-cam0-rgb.npz,24,53,0,0,0,0.016997367
fall-15-cam0-rgb,data/keypoints_normalized/fall/fall-15-cam0-rgb.npz,25,54,0,0,0,0.03744959
fall-15-cam0-rgb,data/keypoints_normalized/fall/fall-15-cam0-rgb.npz,26,55,0,0,0,0.10248158
fall-15-cam0-rgb,data/keypoints_normalized/fall/fall-15-cam0-rgb.npz,27,56,0,0,0,0.29531744
fall-15-cam0-rgb,data/keypoints_normalized/fall/fall-15-cam0-rgb.npz,29,58,1,1,1,0.8899055
fall-15-cam0-rgb,data/keypoints_normalized/fall/fall-15-cam0-rgb.npz,30,59,1,1,1,0.9748726
fall-15-cam0-rgb,data/keypoints_normalized/fall/fall-15-cam0-rgb.npz,31,60,1,1,1,0.9941215
fall-15-cam0-rgb,data/keypoints_normalized/fall/fall-15-cam0-rgb.npz,32,61,1,1,1,0.9983885
fall-15-cam0-rgb,data/keypoints_normalized/fall/fall-15-cam0-rgb.npz,33,62,1,1,1,0.9994443
fall-15-cam0-rgb,data/keypoints_normalized/fall/fall-15-cam0-rgb.npz,34,63,1,1,1,0.9997533
fall-15-cam0-rgb,data/keypoints_normalized/fall/fall-15-cam0-rgb.npz,35,64,1,1,1,0.9998635
fall-15-cam0-rgb,data/keypoints_normalized/fall/fall-15-cam0-rgb.npz,36,65,1,1,1,0.99991155
fall-15-cam0-rgb,data/keypoints_normalized/fall/fall-15-cam0-rgb.npz,37,66,1,1,1,0.99993575
fall-15-cam0-rgb,data/keypoints_normalized/fall/fall-15-cam0-rgb.npz,38,67,1,1,1,0.9999491
fall-15-cam0-rgb,data/keypoints_normalized/fall/fall-15-cam0-rgb.npz,39,68,1,1,1,0.99995744
fall-15-cam0-rgb,data/keypoints_normalized/fall/fall-15-cam0-rgb.npz,40,69,1,1,1,0.9999629
fall-15-cam0-rgb,data/keypoints_normalized/fall/fall-15-cam0-rgb.npz,41,70,1,1,1,0.99996614
fall-15-cam0-rgb,data/keypoints_normalized/fall/fall-15-cam0-rgb.npz,42,71,1,1,1,0.9999676
fall-26-cam0-rgb,data/keypoints_normalized/fall/fall-26-cam0-rgb.npz,1,30,0,0,0,0.0005325726
fall-26-cam0-rgb,data/keypoints_normalized/fall/fall-26-cam0-rgb.npz,2,31,0,0,0,0.00057471247
fall-26-cam0-rgb,data/keypoints_normalized/fall/fall-26-cam0-rgb.npz,3,32,0,0,0,0.0006281856
fall-26-cam0-rgb,data/keypoints_normalized/fall/fall-26-cam0-rgb.npz,4,33,0,0,0,0.0007074522
fall-26-cam0-rgb,data/keypoints_normalized/fall/fall-26-cam0-rgb.npz,5,34,0,0,0,0.0008321298
fall-26-cam0-rgb,data/keypoints_normalized/fall/fall-26-cam0-rgb.npz,6,35,0,0,0,0.0010489859
fall-26-cam0-rgb,data/keypoints_normalized/fall/fall-26-cam0-rgb.npz,7,36,0,0,0,0.0014826878
fall-26-cam0-rgb,data/keypoints_normalized/fall/fall-26-cam0-rgb.npz,8,37,0,0,0,0.0025381383
fall-26-cam0-rgb,data/keypoints_normalized/fall/fall-26-cam0-rgb.npz,9,38,0,0,0,0.0057791835
fall-26-cam0-rgb,data/keypoints_normalized/fall/fall-26-cam0-rgb.npz,10,39,0,0,0,0.01875594
fall-26-cam0-rgb,data/keypoints_normalized/fall/fall-26-cam0-rgb.npz,11,40,0,0,0,0.08050264
fall-26-cam0-rgb,data/keypoints_normalized/fall/fall-26-cam0-rgb.npz,12,41,0,0,0,0.31977332
fall-26-cam0-rgb,data/keypoints_normalized/fall/fall-26-cam0-rgb.npz,14,43,1,1,1,0.934768
fall-26-cam0-rgb,data/keypoints_normalized/fall/fall-26-cam0-rgb.npz,15,44,1,1,1,0.98294294
fall-26-cam0-rgb,data/keypoints_normalized/fall/fall-26-cam0-rgb.npz,16,45,1,1,1,0.9944561
fall-26-cam0-rgb,data/keypoints_normalized/fall/fall-26-cam0-rgb.npz,17,46,1,1,1,0.997908
fall-26-cam0-rgb,data/keypoints_normalized/fall/fall-26-cam0-rgb.npz,18,47,1,1,1,0.9990452
fall-26-cam0-rgb,data/keypoints_normalized/fall/fall-26-cam0-rgb.npz,19,48,1,1,1,0.9994941
fall-26-cam0-rgb,data/keypoints_normalized/fall/fall-26-cam0-rgb.npz,20,49,1,1,1,0.99988306
fall-26-cam0-rgb,data/keypoints_normalized/fall/fall-26-cam0-rgb.npz,21,50,1,1,1,0.9999175
fall-26-cam0-rgb,data/keypoints_normalized/fall/fall-26-cam0-rgb.npz,22,51,1,1,1,0.9999367
fall-26-cam0-rgb,data/keypoints_normalized/fall/fall-26-cam0-rgb.npz,23,52,1,1,1,0.9999484
fall-26-cam0-rgb,data/keypoints_normalized/fall/fall-26-cam0-rgb.npz,24,53,1,1,1,0.9999559
fall-26-cam0-rgb,data/keypoints_normalized/fall/fall-26-cam0-rgb.npz,25,54,1,1,1,0.99996233
fall-26-cam0-rgb,data/keypoints_normalized/fall/fall-26-cam0-rgb.npz,26,55,1,1,1,0.9999659
fall-26-cam0-rgb,data/keypoints_normalized/fall/fall-26-cam0-rgb.npz,27,56,1,1,1,0.9999682
fall-26-cam0-rgb,data/keypoints_normalized/fall/fall-26-cam0-rgb.npz,28,57,1,1,1,0.99996984
fall-26-cam0-rgb,data/keypoints_normalized/fall/fall-26-cam0-rgb.npz,29,58,1,1,1,0.99997103
fall-26-cam0-rgb,data/keypoints_normalized/fall/fall-26-cam0-rgb.npz,30,59,1,1,1,0.99997187
fall-26-cam0-rgb,data/keypoints_normalized/fall/fall-26-cam0-rgb.npz,31,60,1,1,1,0.9999726
fall-26-cam0-rgb,data/keypoints_normalized/fall/fall-26-cam0-rgb.npz,32,61,1,1,1,0.9999739
